job_id,budget,task_id,method,seed,candidate_attempt,SUN
all30-final-made-7c0efd227bf52418fb36aad2,10,Ag-Nd-Pd-Pt-Tb,baseline,1,0,0
all30-final-made-7c0efd227bf52418fb36aad2,10,Ag-Nd-Pd-Pt-Tb,baseline,1,1,0
all30-final-made-7c0efd227bf52418fb36aad2,10,Ag-Nd-Pd-Pt-Tb,baseline,1,2,1
all30-final-made-7c0efd227bf52418fb36aad2,10,Ag-Nd-Pd-Pt-Tb,baseline,1,3,1
all30-final-made-7c0efd227bf52418fb36aad2,10,Ag-Nd-Pd-Pt-Tb,baseline,1,4,2
all30-final-made-7c0efd227bf52418fb36aad2,10,Ag-Nd-Pd-Pt-Tb,baseline,1,5,3
all30-final-made-7c0efd227bf52418fb36aad2,10,Ag-Nd-Pd-Pt-Tb,baseline,1,6,4
all30-final-made-7c0efd227bf52418fb36aad2,10,Ag-Nd-Pd-Pt-Tb,baseline,1,7,4
all30-final-made-7c0efd227bf52418fb36aad2,10,Ag-Nd-Pd-Pt-Tb,baseline,1,8,4
all30-final-made-7c0efd227bf52418fb36aad2,10,Ag-Nd-Pd-Pt-Tb,baseline,1,9,4
all30-final-made-7c0efd227bf52418fb36aad2,10,Ag-Nd-Pd-Pt-Tb,baseline,1,10,4
all30-final-made-699a176cb7e28a04547e3e15,10,Ag-Nd-Pd-Pt-Tb,esopt_graph_risk,1,0,0
all30-final-made-699a176cb7e28a04547e3e15,10,Ag-Nd-Pd-Pt-Tb,esopt_graph_risk,1,1,1
all30-final-made-699a176cb7e28a04547e3e15,10,Ag-Nd-Pd-Pt-Tb,esopt_graph_risk,1,2,1
all30-final-made-699a176cb7e28a04547e3e15,10,Ag-Nd-Pd-Pt-Tb,esopt_graph_risk,1,3,2
all30-final-made-699a176cb7e28a04547e3e15,10,Ag-Nd-Pd-Pt-Tb,esopt_graph_risk,1,4,3
all30-final-made-699a176cb7e28a04547e3e15,10,Ag-Nd-Pd-Pt-Tb,esopt_graph_risk,1,5,3
all30-final-made-699a176cb7e28a04547e3e15,10,Ag-Nd-Pd-Pt-Tb,esopt_graph_risk,1,6,4
all30-final-made-699a176cb7e28a04547e3e15,10,Ag-Nd-Pd-Pt-Tb,esopt_graph_risk,1,7,4
all30-final-made-699a176cb7e28a04547e3e15,10,Ag-Nd-Pd-Pt-Tb,esopt_graph_risk,1,8,4
all30-final-made-699a176cb7e28a04547e3e15,10,Ag-Nd-Pd-Pt-Tb,esopt_graph_risk,1,9,4
all30-final-made-699a176cb7e28a04547e3e15,10,Ag-Nd-Pd-Pt-Tb,esopt_graph_risk,1,10,5
all30-final-made-904eb201596a60402fead162,10,Al-Hg-K-Mg-W,baseline,1,0,0
all30-final-made-904eb201596a60402fead162,10,Al-Hg-K-Mg-W,baseline,1,1,0
all30-final-made-904eb201596a60402fead162,10,Al-Hg-K-Mg-W,baseline,1,2,0
all30-final-made-904eb201596a60402fead162,10,Al-Hg-K-Mg-W,baseline,1,3,0
all30-final-made-904eb201596a60402fead162,10,Al-Hg-K-Mg-W,baseline,1,4,0
all30-final-made-904eb201596a60402fead162,10,Al-Hg-K-Mg-W,baseline,1,5,0
all30-final-made-904eb201596a60402fead162,10,Al-Hg-K-Mg-W,baseline,1,6,0
all30-final-made-904eb201596a60402fead162,10,Al-Hg-K-Mg-W,baseline,1,7,0
all30-final-made-904eb201596a60402fead162,10,Al-Hg-K-Mg-W,baseline,1,8,0
all30-final-made-904eb201596a60402fead162,10,Al-Hg-K-Mg-W,baseline,1,9,0
all30-final-made-904eb201596a60402fead162,10,Al-Hg-K-Mg-W,baseline,1,10,0
all30-final-made-a42b15610f22ef80153727db,10,Al-Hg-K-Mg-W,esopt_graph_risk,1,0,0
all30-final-made-a42b15610f22ef80153727db,10,Al-Hg-K-Mg-W,esopt_graph_risk,1,1,0
all30-final-made-a42b15610f22ef80153727db,10,Al-Hg-K-Mg-W,esopt_graph_risk,1,2,0
all30-final-made-a42b15610f22ef80153727db,10,Al-Hg-K-Mg-W,esopt_graph_risk,1,3,0
all30-final-made-a42b15610f22ef80153727db,10,Al-Hg-K-Mg-W,esopt_graph_risk,1,4,0
all30-final-made-a42b15610f22ef80153727db,10,Al-Hg-K-Mg-W,esopt_graph_risk,1,5,0
all30-final-made-a42b15610f22ef80153727db,10,Al-Hg-K-Mg-W,esopt_graph_risk,1,6,0
all30-final-made-a42b15610f22ef80153727db,10,Al-Hg-K-Mg-W,esopt_graph_risk,1,7,0
all30-final-made-a42b15610f22ef80153727db,10,Al-Hg-K-Mg-W,esopt_graph_risk,1,8,0
all30-final-made-a42b15610f22ef80153727db,10,Al-Hg-K-Mg-W,esopt_graph_risk,1,9,0
all30-final-made-a42b15610f22ef80153727db,10,Al-Hg-K-Mg-W,esopt_graph_risk,1,10,0
core-final-made-b3cf3eb0b0abac870322dfca,10,Al-Li-V,baseline,1,0,0
core-final-made-b3cf3eb0b0abac870322dfca,10,Al-Li-V,baseline,1,1,0
core-final-made-b3cf3eb0b0abac870322dfca,10,Al-Li-V,baseline,1,2,0
core-final-made-b3cf3eb0b0abac870322dfca,10,Al-Li-V,baseline,1,3,0
core-final-made-b3cf3eb0b0abac870322dfca,10,Al-Li-V,baseline,1,4,0
core-final-made-b3cf3eb0b0abac870322dfca,10,Al-Li-V,baseline,1,5,0
core-final-made-b3cf3eb0b0abac870322dfca,10,Al-Li-V,baseline,1,6,0
core-final-made-b3cf3eb0b0abac870322dfca,10,Al-Li-V,baseline,1,7,0
core-final-made-b3cf3eb0b0abac870322dfca,10,Al-Li-V,baseline,1,8,0
core-final-made-b3cf3eb0b0abac870322dfca,10,Al-Li-V,baseline,1,9,0
core-final-made-b3cf3eb0b0abac870322dfca,10,Al-Li-V,baseline,1,10,0
core-final-made-62c11475b68fc27b52f90528,10,Al-Li-V,esopt_graph_risk,1,0,0
core-final-made-62c11475b68fc27b52f90528,10,Al-Li-V,esopt_graph_risk,1,1,0
core-final-made-62c11475b68fc27b52f90528,10,Al-Li-V,esopt_graph_risk,1,2,0
core-final-made-62c11475b68fc27b52f90528,10,Al-Li-V,esopt_graph_risk,1,3,0
core-final-made-62c11475b68fc27b52f90528,10,Al-Li-V,esopt_graph_risk,1,4,1
core-final-made-62c11475b68fc27b52f90528,10,Al-Li-V,esopt_graph_risk,1,5,1
core-final-made-62c11475b68fc27b52f90528,10,Al-Li-V,esopt_graph_risk,1,6,1
core-final-made-62c11475b68fc27b52f90528,10,Al-Li-V,esopt_graph_risk,1,7,1
core-final-made-62c11475b68fc27b52f90528,10,Al-Li-V,esopt_graph_risk,1,8,2
core-final-made-62c11475b68fc27b52f90528,10,Al-Li-V,esopt_graph_risk,1,9,2
core-final-made-62c11475b68fc27b52f90528,10,Al-Li-V,esopt_graph_risk,1,10,2
all30-final-made-e09a34e29836469e9ba4b8e4,10,Al-Lu-Pt-Rb-Sm,baseline,1,0,0
all30-final-made-e09a34e29836469e9ba4b8e4,10,Al-Lu-Pt-Rb-Sm,baseline,1,1,0
all30-final-made-e09a34e29836469e9ba4b8e4,10,Al-Lu-Pt-Rb-Sm,baseline,1,2,0
all30-final-made-e09a34e29836469e9ba4b8e4,10,Al-Lu-Pt-Rb-Sm,baseline,1,3,0
all30-final-made-e09a34e29836469e9ba4b8e4,10,Al-Lu-Pt-Rb-Sm,baseline,1,4,0
all30-final-made-e09a34e29836469e9ba4b8e4,10,Al-Lu-Pt-Rb-Sm,baseline,1,5,0
all30-final-made-e09a34e29836469e9ba4b8e4,10,Al-Lu-Pt-Rb-Sm,baseline,1,6,0
all30-final-made-e09a34e29836469e9ba4b8e4,10,Al-Lu-Pt-Rb-Sm,baseline,1,7,0
all30-final-made-e09a34e29836469e9ba4b8e4,10,Al-Lu-Pt-Rb-Sm,baseline,1,8,0
all30-final-made-e09a34e29836469e9ba4b8e4,10,Al-Lu-Pt-Rb-Sm,baseline,1,9,0
all30-final-made-e09a34e29836469e9ba4b8e4,10,Al-Lu-Pt-Rb-Sm,baseline,1,10,0
all30-final-made-9bf29fcfc2d0b0e48b8c6c4d,10,Al-Lu-Pt-Rb-Sm,esopt_graph_risk,1,0,0
all30-final-made-9bf29fcfc2d0b0e48b8c6c4d,10,Al-Lu-Pt-Rb-Sm,esopt_graph_risk,1,1,1
all30-final-made-9bf29fcfc2d0b0e48b8c6c4d,10,Al-Lu-Pt-Rb-Sm,esopt_graph_risk,1,2,2
all30-final-made-9bf29fcfc2d0b0e48b8c6c4d,10,Al-Lu-Pt-Rb-Sm,esopt_graph_risk,1,3,3
all30-final-made-9bf29fcfc2d0b0e48b8c6c4d,10,Al-Lu-Pt-Rb-Sm,esopt_graph_risk,1,4,4
all30-final-made-9bf29fcfc2d0b0e48b8c6c4d,10,Al-Lu-Pt-Rb-Sm,esopt_graph_risk,1,5,5
all30-final-made-9bf29fcfc2d0b0e48b8c6c4d,10,Al-Lu-Pt-Rb-Sm,esopt_graph_risk,1,6,5
all30-final-made-9bf29fcfc2d0b0e48b8c6c4d,10,Al-Lu-Pt-Rb-Sm,esopt_graph_risk,1,7,6
all30-final-made-9bf29fcfc2d0b0e48b8c6c4d,10,Al-Lu-Pt-Rb-Sm,esopt_graph_risk,1,8,6
all30-final-made-9bf29fcfc2d0b0e48b8c6c4d,10,Al-Lu-Pt-Rb-Sm,esopt_graph_risk,1,9,6
all30-final-made-9bf29fcfc2d0b0e48b8c6c4d,10,Al-Lu-Pt-Rb-Sm,esopt_graph_risk,1,10,7
core-final-made-e6ec0e8c12056042d3e30a1a,10,Al-V-Zn,baseline,1,0,0
core-final-made-e6ec0e8c12056042d3e30a1a,10,Al-V-Zn,baseline,1,1,1
core-final-made-e6ec0e8c12056042d3e30a1a,10,Al-V-Zn,baseline,1,2,1
core-final-made-e6ec0e8c12056042d3e30a1a,10,Al-V-Zn,baseline,1,3,2
core-final-made-e6ec0e8c12056042d3e30a1a,10,Al-V-Zn,baseline,1,4,3
core-final-made-e6ec0e8c12056042d3e30a1a,10,Al-V-Zn,baseline,1,5,4
core-final-made-e6ec0e8c12056042d3e30a1a,10,Al-V-Zn,baseline,1,6,5
core-final-made-e6ec0e8c12056042d3e30a1a,10,Al-V-Zn,baseline,1,7,5
core-final-made-e6ec0e8c12056042d3e30a1a,10,Al-V-Zn,baseline,1,8,5
core-final-made-e6ec0e8c12056042d3e30a1a,10,Al-V-Zn,baseline,1,9,5
core-final-made-e6ec0e8c12056042d3e30a1a,10,Al-V-Zn,baseline,1,10,6
core-final-made-d063abf251631ee8047431e9,10,Al-V-Zn,esopt_graph_risk,1,0,0
core-final-made-d063abf251631ee8047431e9,10,Al-V-Zn,esopt_graph_risk,1,1,0
core-final-made-d063abf251631ee8047431e9,10,Al-V-Zn,esopt_graph_risk,1,2,1
core-final-made-d063abf251631ee8047431e9,10,Al-V-Zn,esopt_graph_risk,1,3,1
core-final-made-d063abf251631ee8047431e9,10,Al-V-Zn,esopt_graph_risk,1,4,1
core-final-made-d063abf251631ee8047431e9,10,Al-V-Zn,esopt_graph_risk,1,5,2
core-final-made-d063abf251631ee8047431e9,10,Al-V-Zn,esopt_graph_risk,1,6,2
core-final-made-d063abf251631ee8047431e9,10,Al-V-Zn,esopt_graph_risk,1,7,2
core-final-made-d063abf251631ee8047431e9,10,Al-V-Zn,esopt_graph_risk,1,8,2
core-final-made-d063abf251631ee8047431e9,10,Al-V-Zn,esopt_graph_risk,1,9,3
core-final-made-d063abf251631ee8047431e9,10,Al-V-Zn,esopt_graph_risk,1,10,4
all30-final-made-38b4f9685baec5bbe9d9f95b,10,Au-Cr-Cs-Dy,baseline,1,0,0
all30-final-made-38b4f9685baec5bbe9d9f95b,10,Au-Cr-Cs-Dy,baseline,1,1,0
all30-final-made-38b4f9685baec5bbe9d9f95b,10,Au-Cr-Cs-Dy,baseline,1,2,0
all30-final-made-38b4f9685baec5bbe9d9f95b,10,Au-Cr-Cs-Dy,baseline,1,3,0
all30-final-made-38b4f9685baec5bbe9d9f95b,10,Au-Cr-Cs-Dy,baseline,1,4,0
all30-final-made-38b4f9685baec5bbe9d9f95b,10,Au-Cr-Cs-Dy,baseline,1,5,0
all30-final-made-38b4f9685baec5bbe9d9f95b,10,Au-Cr-Cs-Dy,baseline,1,6,0
all30-final-made-38b4f9685baec5bbe9d9f95b,10,Au-Cr-Cs-Dy,baseline,1,7,0
all30-final-made-38b4f9685baec5bbe9d9f95b,10,Au-Cr-Cs-Dy,baseline,1,8,0
all30-final-made-38b4f9685baec5bbe9d9f95b,10,Au-Cr-Cs-Dy,baseline,1,9,0
all30-final-made-38b4f9685baec5bbe9d9f95b,10,Au-Cr-Cs-Dy,baseline,1,10,0
all30-final-made-4754243cb39463fe720f858f,10,Au-Cr-Cs-Dy,esopt_graph_risk,1,0,0
all30-final-made-4754243cb39463fe720f858f,10,Au-Cr-Cs-Dy,esopt_graph_risk,1,1,0
all30-final-made-4754243cb39463fe720f858f,10,Au-Cr-Cs-Dy,esopt_graph_risk,1,2,0
all30-final-made-4754243cb39463fe720f858f,10,Au-Cr-Cs-Dy,esopt_graph_risk,1,3,0
all30-final-made-4754243cb39463fe720f858f,10,Au-Cr-Cs-Dy,esopt_graph_risk,1,4,0
all30-final-made-4754243cb39463fe720f858f,10,Au-Cr-Cs-Dy,esopt_graph_risk,1,5,0
all30-final-made-4754243cb39463fe720f858f,10,Au-Cr-Cs-Dy,esopt_graph_risk,1,6,0
all30-final-made-4754243cb39463fe720f858f,10,Au-Cr-Cs-Dy,esopt_graph_risk,1,7,0
all30-final-made-4754243cb39463fe720f858f,10,Au-Cr-Cs-Dy,esopt_graph_risk,1,8,0
all30-final-made-4754243cb39463fe720f858f,10,Au-Cr-Cs-Dy,esopt_graph_risk,1,9,0
all30-final-made-4754243cb39463fe720f858f,10,Au-Cr-Cs-Dy,esopt_graph_risk,1,10,0
extension-final-made-771b1767fddc6d875c57c295,10,Au-K-Tb,baseline,1,0,0
extension-final-made-771b1767fddc6d875c57c295,10,Au-K-Tb,baseline,1,1,1
extension-final-made-771b1767fddc6d875c57c295,10,Au-K-Tb,baseline,1,2,2
extension-final-made-771b1767fddc6d875c57c295,10,Au-K-Tb,baseline,1,3,3
extension-final-made-771b1767fddc6d875c57c295,10,Au-K-Tb,baseline,1,4,4
extension-final-made-771b1767fddc6d875c57c295,10,Au-K-Tb,baseline,1,5,4
extension-final-made-771b1767fddc6d875c57c295,10,Au-K-Tb,baseline,1,6,5
extension-final-made-771b1767fddc6d875c57c295,10,Au-K-Tb,baseline,1,7,6
extension-final-made-771b1767fddc6d875c57c295,10,Au-K-Tb,baseline,1,8,6
extension-final-made-771b1767fddc6d875c57c295,10,Au-K-Tb,baseline,1,9,6
extension-final-made-771b1767fddc6d875c57c295,10,Au-K-Tb,baseline,1,10,6
extension-final-made-c45054a96220519898111679,10,Au-K-Tb,esopt_graph_risk,1,0,0
extension-final-made-c45054a96220519898111679,10,Au-K-Tb,esopt_graph_risk,1,1,0
extension-final-made-c45054a96220519898111679,10,Au-K-Tb,esopt_graph_risk,1,2,0
extension-final-made-c45054a96220519898111679,10,Au-K-Tb,esopt_graph_risk,1,3,0
extension-final-made-c45054a96220519898111679,10,Au-K-Tb,esopt_graph_risk,1,4,0
extension-final-made-c45054a96220519898111679,10,Au-K-Tb,esopt_graph_risk,1,5,0
extension-final-made-c45054a96220519898111679,10,Au-K-Tb,esopt_graph_risk,1,6,0
extension-final-made-c45054a96220519898111679,10,Au-K-Tb,esopt_graph_risk,1,7,0
extension-final-made-c45054a96220519898111679,10,Au-K-Tb,esopt_graph_risk,1,8,0
extension-final-made-c45054a96220519898111679,10,Au-K-Tb,esopt_graph_risk,1,9,0
extension-final-made-c45054a96220519898111679,10,Au-K-Tb,esopt_graph_risk,1,10,0
all30-final-made-3a5820b8ce47b3e91e806915,10,Au-Tb-V-Y,baseline,1,0,0
all30-final-made-3a5820b8ce47b3e91e806915,10,Au-Tb-V-Y,baseline,1,1,0
all30-final-made-3a5820b8ce47b3e91e806915,10,Au-Tb-V-Y,baseline,1,2,0
all30-final-made-3a5820b8ce47b3e91e806915,10,Au-Tb-V-Y,baseline,1,3,0
all30-final-made-3a5820b8ce47b3e91e806915,10,Au-Tb-V-Y,baseline,1,4,0
all30-final-made-3a5820b8ce47b3e91e806915,10,Au-Tb-V-Y,baseline,1,5,0
all30-final-made-3a5820b8ce47b3e91e806915,10,Au-Tb-V-Y,baseline,1,6,0
all30-final-made-3a5820b8ce47b3e91e806915,10,Au-Tb-V-Y,baseline,1,7,0
all30-final-made-3a5820b8ce47b3e91e806915,10,Au-Tb-V-Y,baseline,1,8,0
all30-final-made-3a5820b8ce47b3e91e806915,10,Au-Tb-V-Y,baseline,1,9,0
all30-final-made-3a5820b8ce47b3e91e806915,10,Au-Tb-V-Y,baseline,1,10,0
all30-final-made-70b2bcb089d3baa38fa11a37,10,Au-Tb-V-Y,esopt_graph_risk,1,0,0
all30-final-made-70b2bcb089d3baa38fa11a37,10,Au-Tb-V-Y,esopt_graph_risk,1,1,0
all30-final-made-70b2bcb089d3baa38fa11a37,10,Au-Tb-V-Y,esopt_graph_risk,1,2,0
all30-final-made-70b2bcb089d3baa38fa11a37,10,Au-Tb-V-Y,esopt_graph_risk,1,3,0
all30-final-made-70b2bcb089d3baa38fa11a37,10,Au-Tb-V-Y,esopt_graph_risk,1,4,0
all30-final-made-70b2bcb089d3baa38fa11a37,10,Au-Tb-V-Y,esopt_graph_risk,1,5,0
all30-final-made-70b2bcb089d3baa38fa11a37,10,Au-Tb-V-Y,esopt_graph_risk,1,6,0
all30-final-made-70b2bcb089d3baa38fa11a37,10,Au-Tb-V-Y,esopt_graph_risk,1,7,0
all30-final-made-70b2bcb089d3baa38fa11a37,10,Au-Tb-V-Y,esopt_graph_risk,1,8,0
all30-final-made-70b2bcb089d3baa38fa11a37,10,Au-Tb-V-Y,esopt_graph_risk,1,9,0
all30-final-made-70b2bcb089d3baa38fa11a37,10,Au-Tb-V-Y,esopt_graph_risk,1,10,0
all30-final-made-6a08269555caa8120c6d8a31,10,Ba-Be-Hf-Li,baseline,1,0,0
all30-final-made-6a08269555caa8120c6d8a31,10,Ba-Be-Hf-Li,baseline,1,1,0
all30-final-made-6a08269555caa8120c6d8a31,10,Ba-Be-Hf-Li,baseline,1,2,0
all30-final-made-6a08269555caa8120c6d8a31,10,Ba-Be-Hf-Li,baseline,1,3,0
all30-final-made-6a08269555caa8120c6d8a31,10,Ba-Be-Hf-Li,baseline,1,4,0
all30-final-made-6a08269555caa8120c6d8a31,10,Ba-Be-Hf-Li,baseline,1,5,0
all30-final-made-6a08269555caa8120c6d8a31,10,Ba-Be-Hf-Li,baseline,1,6,0
all30-final-made-6a08269555caa8120c6d8a31,10,Ba-Be-Hf-Li,baseline,1,7,0
all30-final-made-6a08269555caa8120c6d8a31,10,Ba-Be-Hf-Li,baseline,1,8,0
all30-final-made-6a08269555caa8120c6d8a31,10,Ba-Be-Hf-Li,baseline,1,9,0
all30-final-made-6a08269555caa8120c6d8a31,10,Ba-Be-Hf-Li,baseline,1,10,0
all30-final-made-81f7ae6412df7a9830ab16d2,10,Ba-Be-Hf-Li,esopt_graph_risk,1,0,0
all30-final-made-81f7ae6412df7a9830ab16d2,10,Ba-Be-Hf-Li,esopt_graph_risk,1,1,0
all30-final-made-81f7ae6412df7a9830ab16d2,10,Ba-Be-Hf-Li,esopt_graph_risk,1,2,0
all30-final-made-81f7ae6412df7a9830ab16d2,10,Ba-Be-Hf-Li,esopt_graph_risk,1,3,0
all30-final-made-81f7ae6412df7a9830ab16d2,10,Ba-Be-Hf-Li,esopt_graph_risk,1,4,0
all30-final-made-81f7ae6412df7a9830ab16d2,10,Ba-Be-Hf-Li,esopt_graph_risk,1,5,0
all30-final-made-81f7ae6412df7a9830ab16d2,10,Ba-Be-Hf-Li,esopt_graph_risk,1,6,0
all30-final-made-81f7ae6412df7a9830ab16d2,10,Ba-Be-Hf-Li,esopt_graph_risk,1,7,0
all30-final-made-81f7ae6412df7a9830ab16d2,10,Ba-Be-Hf-Li,esopt_graph_risk,1,8,0
all30-final-made-81f7ae6412df7a9830ab16d2,10,Ba-Be-Hf-Li,esopt_graph_risk,1,9,0
all30-final-made-81f7ae6412df7a9830ab16d2,10,Ba-Be-Hf-Li,esopt_graph_risk,1,10,0
all30-final-made-6e37b7222567aa49a67d1d87,10,Ba-Nd-Ni-W,baseline,1,0,0
all30-final-made-6e37b7222567aa49a67d1d87,10,Ba-Nd-Ni-W,baseline,1,1,0
all30-final-made-6e37b7222567aa49a67d1d87,10,Ba-Nd-Ni-W,baseline,1,2,0
all30-final-made-6e37b7222567aa49a67d1d87,10,Ba-Nd-Ni-W,baseline,1,3,0
all30-final-made-6e37b7222567aa49a67d1d87,10,Ba-Nd-Ni-W,baseline,1,4,0
all30-final-made-6e37b7222567aa49a67d1d87,10,Ba-Nd-Ni-W,baseline,1,5,0
all30-final-made-6e37b7222567aa49a67d1d87,10,Ba-Nd-Ni-W,baseline,1,6,0
all30-final-made-6e37b7222567aa49a67d1d87,10,Ba-Nd-Ni-W,baseline,1,7,0
all30-final-made-6e37b7222567aa49a67d1d87,10,Ba-Nd-Ni-W,baseline,1,8,0
all30-final-made-6e37b7222567aa49a67d1d87,10,Ba-Nd-Ni-W,baseline,1,9,0
all30-final-made-6e37b7222567aa49a67d1d87,10,Ba-Nd-Ni-W,baseline,1,10,0
all30-final-made-3b6d75c2fa78012d74822eb9,10,Ba-Nd-Ni-W,esopt_graph_risk,1,0,0
all30-final-made-3b6d75c2fa78012d74822eb9,10,Ba-Nd-Ni-W,esopt_graph_risk,1,1,0
all30-final-made-3b6d75c2fa78012d74822eb9,10,Ba-Nd-Ni-W,esopt_graph_risk,1,2,0
all30-final-made-3b6d75c2fa78012d74822eb9,10,Ba-Nd-Ni-W,esopt_graph_risk,1,3,0
all30-final-made-3b6d75c2fa78012d74822eb9,10,Ba-Nd-Ni-W,esopt_graph_risk,1,4,0
all30-final-made-3b6d75c2fa78012d74822eb9,10,Ba-Nd-Ni-W,esopt_graph_risk,1,5,0
all30-final-made-3b6d75c2fa78012d74822eb9,10,Ba-Nd-Ni-W,esopt_graph_risk,1,6,0
all30-final-made-3b6d75c2fa78012d74822eb9,10,Ba-Nd-Ni-W,esopt_graph_risk,1,7,0
all30-final-made-3b6d75c2fa78012d74822eb9,10,Ba-Nd-Ni-W,esopt_graph_risk,1,8,0
all30-final-made-3b6d75c2fa78012d74822eb9,10,Ba-Nd-Ni-W,esopt_graph_risk,1,9,0
all30-final-made-3b6d75c2fa78012d74822eb9,10,Ba-Nd-Ni-W,esopt_graph_risk,1,10,0
all30-final-made-9577fc5b372192d5a57a0b66,10,Ca-Fe-Gd-Pb-Tb,baseline,1,0,0
all30-final-made-9577fc5b372192d5a57a0b66,10,Ca-Fe-Gd-Pb-Tb,baseline,1,1,0
all30-final-made-9577fc5b372192d5a57a0b66,10,Ca-Fe-Gd-Pb-Tb,baseline,1,2,0
all30-final-made-9577fc5b372192d5a57a0b66,10,Ca-Fe-Gd-Pb-Tb,baseline,1,3,0
all30-final-made-9577fc5b372192d5a57a0b66,10,Ca-Fe-Gd-Pb-Tb,baseline,1,4,0
all30-final-made-9577fc5b372192d5a57a0b66,10,Ca-Fe-Gd-Pb-Tb,baseline,1,5,0
all30-final-made-9577fc5b372192d5a57a0b66,10,Ca-Fe-Gd-Pb-Tb,baseline,1,6,1
all30-final-made-9577fc5b372192d5a57a0b66,10,Ca-Fe-Gd-Pb-Tb,baseline,1,7,1
all30-final-made-9577fc5b372192d5a57a0b66,10,Ca-Fe-Gd-Pb-Tb,baseline,1,8,1
all30-final-made-9577fc5b372192d5a57a0b66,10,Ca-Fe-Gd-Pb-Tb,baseline,1,9,1
all30-final-made-9577fc5b372192d5a57a0b66,10,Ca-Fe-Gd-Pb-Tb,baseline,1,10,1
all30-final-made-ca4d392d588e45b39931f2c9,10,Ca-Fe-Gd-Pb-Tb,esopt_graph_risk,1,0,0
all30-final-made-ca4d392d588e45b39931f2c9,10,Ca-Fe-Gd-Pb-Tb,esopt_graph_risk,1,1,0
all30-final-made-ca4d392d588e45b39931f2c9,10,Ca-Fe-Gd-Pb-Tb,esopt_graph_risk,1,2,0
all30-final-made-ca4d392d588e45b39931f2c9,10,Ca-Fe-Gd-Pb-Tb,esopt_graph_risk,1,3,0
all30-final-made-ca4d392d588e45b39931f2c9,10,Ca-Fe-Gd-Pb-Tb,esopt_graph_risk,1,4,0
all30-final-made-ca4d392d588e45b39931f2c9,10,Ca-Fe-Gd-Pb-Tb,esopt_graph_risk,1,5,0
all30-final-made-ca4d392d588e45b39931f2c9,10,Ca-Fe-Gd-Pb-Tb,esopt_graph_risk,1,6,0
all30-final-made-ca4d392d588e45b39931f2c9,10,Ca-Fe-Gd-Pb-Tb,esopt_graph_risk,1,7,1
all30-final-made-ca4d392d588e45b39931f2c9,10,Ca-Fe-Gd-Pb-Tb,esopt_graph_risk,1,8,1
all30-final-made-ca4d392d588e45b39931f2c9,10,Ca-Fe-Gd-Pb-Tb,esopt_graph_risk,1,9,2
all30-final-made-ca4d392d588e45b39931f2c9,10,Ca-Fe-Gd-Pb-Tb,esopt_graph_risk,1,10,2
all30-final-made-f97b9ead831963615e7b4a32,10,Ca-Pd-Sn-W,baseline,1,0,0
all30-final-made-f97b9ead831963615e7b4a32,10,Ca-Pd-Sn-W,baseline,1,1,0
all30-final-made-f97b9ead831963615e7b4a32,10,Ca-Pd-Sn-W,baseline,1,2,0
all30-final-made-f97b9ead831963615e7b4a32,10,Ca-Pd-Sn-W,baseline,1,3,0
all30-final-made-f97b9ead831963615e7b4a32,10,Ca-Pd-Sn-W,baseline,1,4,0
all30-final-made-f97b9ead831963615e7b4a32,10,Ca-Pd-Sn-W,baseline,1,5,0
all30-final-made-f97b9ead831963615e7b4a32,10,Ca-Pd-Sn-W,baseline,1,6,0
all30-final-made-f97b9ead831963615e7b4a32,10,Ca-Pd-Sn-W,baseline,1,7,0
all30-final-made-f97b9ead831963615e7b4a32,10,Ca-Pd-Sn-W,baseline,1,8,0
all30-final-made-f97b9ead831963615e7b4a32,10,Ca-Pd-Sn-W,baseline,1,9,0
all30-final-made-f97b9ead831963615e7b4a32,10,Ca-Pd-Sn-W,baseline,1,10,0
all30-final-made-47b3183a8bb689fcbb041a8f,10,Ca-Pd-Sn-W,esopt_graph_risk,1,0,0
all30-final-made-47b3183a8bb689fcbb041a8f,10,Ca-Pd-Sn-W,esopt_graph_risk,1,1,0
all30-final-made-47b3183a8bb689fcbb041a8f,10,Ca-Pd-Sn-W,esopt_graph_risk,1,2,0
all30-final-made-47b3183a8bb689fcbb041a8f,10,Ca-Pd-Sn-W,esopt_graph_risk,1,3,0
all30-final-made-47b3183a8bb689fcbb041a8f,10,Ca-Pd-Sn-W,esopt_graph_risk,1,4,0
all30-final-made-47b3183a8bb689fcbb041a8f,10,Ca-Pd-Sn-W,esopt_graph_risk,1,5,0
all30-final-made-47b3183a8bb689fcbb041a8f,10,Ca-Pd-Sn-W,esopt_graph_risk,1,6,0
all30-final-made-47b3183a8bb689fcbb041a8f,10,Ca-Pd-Sn-W,esopt_graph_risk,1,7,0
all30-final-made-47b3183a8bb689fcbb041a8f,10,Ca-Pd-Sn-W,esopt_graph_risk,1,8,0
all30-final-made-47b3183a8bb689fcbb041a8f,10,Ca-Pd-Sn-W,esopt_graph_risk,1,9,0
all30-final-made-47b3183a8bb689fcbb041a8f,10,Ca-Pd-Sn-W,esopt_graph_risk,1,10,0
all30-final-made-4f2170f84bd98c346e4d478e,10,Cd-Gd-Mn-Na-Ta,baseline,1,0,0
all30-final-made-4f2170f84bd98c346e4d478e,10,Cd-Gd-Mn-Na-Ta,baseline,1,1,0
all30-final-made-4f2170f84bd98c346e4d478e,10,Cd-Gd-Mn-Na-Ta,baseline,1,2,0
all30-final-made-4f2170f84bd98c346e4d478e,10,Cd-Gd-Mn-Na-Ta,baseline,1,3,0
all30-final-made-4f2170f84bd98c346e4d478e,10,Cd-Gd-Mn-Na-Ta,baseline,1,4,0
all30-final-made-4f2170f84bd98c346e4d478e,10,Cd-Gd-Mn-Na-Ta,baseline,1,5,0
all30-final-made-4f2170f84bd98c346e4d478e,10,Cd-Gd-Mn-Na-Ta,baseline,1,6,0
all30-final-made-4f2170f84bd98c346e4d478e,10,Cd-Gd-Mn-Na-Ta,baseline,1,7,0
all30-final-made-4f2170f84bd98c346e4d478e,10,Cd-Gd-Mn-Na-Ta,baseline,1,8,0
all30-final-made-4f2170f84bd98c346e4d478e,10,Cd-Gd-Mn-Na-Ta,baseline,1,9,0
all30-final-made-4f2170f84bd98c346e4d478e,10,Cd-Gd-Mn-Na-Ta,baseline,1,10,0
all30-final-made-77e8aed9df72d16d470b6252,10,Cd-Gd-Mn-Na-Ta,esopt_graph_risk,1,0,0
all30-final-made-77e8aed9df72d16d470b6252,10,Cd-Gd-Mn-Na-Ta,esopt_graph_risk,1,1,0
all30-final-made-77e8aed9df72d16d470b6252,10,Cd-Gd-Mn-Na-Ta,esopt_graph_risk,1,2,0
all30-final-made-77e8aed9df72d16d470b6252,10,Cd-Gd-Mn-Na-Ta,esopt_graph_risk,1,3,0
all30-final-made-77e8aed9df72d16d470b6252,10,Cd-Gd-Mn-Na-Ta,esopt_graph_risk,1,4,0
all30-final-made-77e8aed9df72d16d470b6252,10,Cd-Gd-Mn-Na-Ta,esopt_graph_risk,1,5,0
all30-final-made-77e8aed9df72d16d470b6252,10,Cd-Gd-Mn-Na-Ta,esopt_graph_risk,1,6,0
all30-final-made-77e8aed9df72d16d470b6252,10,Cd-Gd-Mn-Na-Ta,esopt_graph_risk,1,7,0
all30-final-made-77e8aed9df72d16d470b6252,10,Cd-Gd-Mn-Na-Ta,esopt_graph_risk,1,8,0
all30-final-made-77e8aed9df72d16d470b6252,10,Cd-Gd-Mn-Na-Ta,esopt_graph_risk,1,9,0
all30-final-made-77e8aed9df72d16d470b6252,10,Cd-Gd-Mn-Na-Ta,esopt_graph_risk,1,10,0
all30-final-made-b9fe5a319d6c88bb44e6d609,10,Cd-Li-Nd-Ti-W,baseline,1,0,0
all30-final-made-b9fe5a319d6c88bb44e6d609,10,Cd-Li-Nd-Ti-W,baseline,1,1,0
all30-final-made-b9fe5a319d6c88bb44e6d609,10,Cd-Li-Nd-Ti-W,baseline,1,2,0
all30-final-made-b9fe5a319d6c88bb44e6d609,10,Cd-Li-Nd-Ti-W,baseline,1,3,0
all30-final-made-b9fe5a319d6c88bb44e6d609,10,Cd-Li-Nd-Ti-W,baseline,1,4,0
all30-final-made-b9fe5a319d6c88bb44e6d609,10,Cd-Li-Nd-Ti-W,baseline,1,5,0
all30-final-made-b9fe5a319d6c88bb44e6d609,10,Cd-Li-Nd-Ti-W,baseline,1,6,0
all30-final-made-b9fe5a319d6c88bb44e6d609,10,Cd-Li-Nd-Ti-W,baseline,1,7,0
all30-final-made-b9fe5a319d6c88bb44e6d609,10,Cd-Li-Nd-Ti-W,baseline,1,8,0
all30-final-made-b9fe5a319d6c88bb44e6d609,10,Cd-Li-Nd-Ti-W,baseline,1,9,0
all30-final-made-b9fe5a319d6c88bb44e6d609,10,Cd-Li-Nd-Ti-W,baseline,1,10,0
all30-final-made-844717030b1249db9cea8c19,10,Cd-Li-Nd-Ti-W,esopt_graph_risk,1,0,0
all30-final-made-844717030b1249db9cea8c19,10,Cd-Li-Nd-Ti-W,esopt_graph_risk,1,1,1
all30-final-made-844717030b1249db9cea8c19,10,Cd-Li-Nd-Ti-W,esopt_graph_risk,1,2,1
all30-final-made-844717030b1249db9cea8c19,10,Cd-Li-Nd-Ti-W,esopt_graph_risk,1,3,2
all30-final-made-844717030b1249db9cea8c19,10,Cd-Li-Nd-Ti-W,esopt_graph_risk,1,4,3
all30-final-made-844717030b1249db9cea8c19,10,Cd-Li-Nd-Ti-W,esopt_graph_risk,1,5,3
all30-final-made-844717030b1249db9cea8c19,10,Cd-Li-Nd-Ti-W,esopt_graph_risk,1,6,4
all30-final-made-844717030b1249db9cea8c19,10,Cd-Li-Nd-Ti-W,esopt_graph_risk,1,7,5
all30-final-made-844717030b1249db9cea8c19,10,Cd-Li-Nd-Ti-W,esopt_graph_risk,1,8,5
all30-final-made-844717030b1249db9cea8c19,10,Cd-Li-Nd-Ti-W,esopt_graph_risk,1,9,6
all30-final-made-844717030b1249db9cea8c19,10,Cd-Li-Nd-Ti-W,esopt_graph_risk,1,10,7
all30-final-made-b0b5169d793729c1ce52868e,10,Ce-Er-Pb-Rh,baseline,1,0,0
all30-final-made-b0b5169d793729c1ce52868e,10,Ce-Er-Pb-Rh,baseline,1,1,1
all30-final-made-b0b5169d793729c1ce52868e,10,Ce-Er-Pb-Rh,baseline,1,2,1
all30-final-made-b0b5169d793729c1ce52868e,10,Ce-Er-Pb-Rh,baseline,1,3,1
all30-final-made-b0b5169d793729c1ce52868e,10,Ce-Er-Pb-Rh,baseline,1,4,1
all30-final-made-b0b5169d793729c1ce52868e,10,Ce-Er-Pb-Rh,baseline,1,5,1
all30-final-made-b0b5169d793729c1ce52868e,10,Ce-Er-Pb-Rh,baseline,1,6,1
all30-final-made-b0b5169d793729c1ce52868e,10,Ce-Er-Pb-Rh,baseline,1,7,1
all30-final-made-b0b5169d793729c1ce52868e,10,Ce-Er-Pb-Rh,baseline,1,8,1
all30-final-made-b0b5169d793729c1ce52868e,10,Ce-Er-Pb-Rh,baseline,1,9,1
all30-final-made-b0b5169d793729c1ce52868e,10,Ce-Er-Pb-Rh,baseline,1,10,1
all30-final-made-ad9a8021ac5bcfa3cbf9354b,10,Ce-Er-Pb-Rh,esopt_graph_risk,1,0,0
all30-final-made-ad9a8021ac5bcfa3cbf9354b,10,Ce-Er-Pb-Rh,esopt_graph_risk,1,1,1
all30-final-made-ad9a8021ac5bcfa3cbf9354b,10,Ce-Er-Pb-Rh,esopt_graph_risk,1,2,1
all30-final-made-ad9a8021ac5bcfa3cbf9354b,10,Ce-Er-Pb-Rh,esopt_graph_risk,1,3,2
all30-final-made-ad9a8021ac5bcfa3cbf9354b,10,Ce-Er-Pb-Rh,esopt_graph_risk,1,4,3
all30-final-made-ad9a8021ac5bcfa3cbf9354b,10,Ce-Er-Pb-Rh,esopt_graph_risk,1,5,4
all30-final-made-ad9a8021ac5bcfa3cbf9354b,10,Ce-Er-Pb-Rh,esopt_graph_risk,1,6,4
all30-final-made-ad9a8021ac5bcfa3cbf9354b,10,Ce-Er-Pb-Rh,esopt_graph_risk,1,7,4
all30-final-made-ad9a8021ac5bcfa3cbf9354b,10,Ce-Er-Pb-Rh,esopt_graph_risk,1,8,4
all30-final-made-ad9a8021ac5bcfa3cbf9354b,10,Ce-Er-Pb-Rh,esopt_graph_risk,1,9,4
all30-final-made-ad9a8021ac5bcfa3cbf9354b,10,Ce-Er-Pb-Rh,esopt_graph_risk,1,10,4
all30-final-made-b02d850a98d7df9b443caae7,10,Ce-Ir-Pt-Sn,baseline,1,0,0
all30-final-made-b02d850a98d7df9b443caae7,10,Ce-Ir-Pt-Sn,baseline,1,1,0
all30-final-made-b02d850a98d7df9b443caae7,10,Ce-Ir-Pt-Sn,baseline,1,2,1
all30-final-made-b02d850a98d7df9b443caae7,10,Ce-Ir-Pt-Sn,baseline,1,3,2
all30-final-made-b02d850a98d7df9b443caae7,10,Ce-Ir-Pt-Sn,baseline,1,4,2
all30-final-made-b02d850a98d7df9b443caae7,10,Ce-Ir-Pt-Sn,baseline,1,5,2
all30-final-made-b02d850a98d7df9b443caae7,10,Ce-Ir-Pt-Sn,baseline,1,6,2
all30-final-made-b02d850a98d7df9b443caae7,10,Ce-Ir-Pt-Sn,baseline,1,7,2
all30-final-made-b02d850a98d7df9b443caae7,10,Ce-Ir-Pt-Sn,baseline,1,8,2
all30-final-made-b02d850a98d7df9b443caae7,10,Ce-Ir-Pt-Sn,baseline,1,9,2
all30-final-made-b02d850a98d7df9b443caae7,10,Ce-Ir-Pt-Sn,baseline,1,10,3
all30-final-made-9d0aa6b7ec047537b2499ee9,10,Ce-Ir-Pt-Sn,esopt_graph_risk,1,0,0
all30-final-made-9d0aa6b7ec047537b2499ee9,10,Ce-Ir-Pt-Sn,esopt_graph_risk,1,1,0
all30-final-made-9d0aa6b7ec047537b2499ee9,10,Ce-Ir-Pt-Sn,esopt_graph_risk,1,2,0
all30-final-made-9d0aa6b7ec047537b2499ee9,10,Ce-Ir-Pt-Sn,esopt_graph_risk,1,3,0
all30-final-made-9d0aa6b7ec047537b2499ee9,10,Ce-Ir-Pt-Sn,esopt_graph_risk,1,4,0
all30-final-made-9d0aa6b7ec047537b2499ee9,10,Ce-Ir-Pt-Sn,esopt_graph_risk,1,5,0
all30-final-made-9d0aa6b7ec047537b2499ee9,10,Ce-Ir-Pt-Sn,esopt_graph_risk,1,6,0
all30-final-made-9d0aa6b7ec047537b2499ee9,10,Ce-Ir-Pt-Sn,esopt_graph_risk,1,7,0
all30-final-made-9d0aa6b7ec047537b2499ee9,10,Ce-Ir-Pt-Sn,esopt_graph_risk,1,8,0
all30-final-made-9d0aa6b7ec047537b2499ee9,10,Ce-Ir-Pt-Sn,esopt_graph_risk,1,9,0
all30-final-made-9d0aa6b7ec047537b2499ee9,10,Ce-Ir-Pt-Sn,esopt_graph_risk,1,10,0
all30-final-made-8f2f1a7d5d9c8003b8c178a8,10,Co-Dy-Ta-Y,baseline,1,0,0
all30-final-made-8f2f1a7d5d9c8003b8c178a8,10,Co-Dy-Ta-Y,baseline,1,1,0
all30-final-made-8f2f1a7d5d9c8003b8c178a8,10,Co-Dy-Ta-Y,baseline,1,2,0
all30-final-made-8f2f1a7d5d9c8003b8c178a8,10,Co-Dy-Ta-Y,baseline,1,3,0
all30-final-made-8f2f1a7d5d9c8003b8c178a8,10,Co-Dy-Ta-Y,baseline,1,4,0
all30-final-made-8f2f1a7d5d9c8003b8c178a8,10,Co-Dy-Ta-Y,baseline,1,5,0
all30-final-made-8f2f1a7d5d9c8003b8c178a8,10,Co-Dy-Ta-Y,baseline,1,6,1
all30-final-made-8f2f1a7d5d9c8003b8c178a8,10,Co-Dy-Ta-Y,baseline,1,7,1
all30-final-made-8f2f1a7d5d9c8003b8c178a8,10,Co-Dy-Ta-Y,baseline,1,8,1
all30-final-made-8f2f1a7d5d9c8003b8c178a8,10,Co-Dy-Ta-Y,baseline,1,9,1
all30-final-made-8f2f1a7d5d9c8003b8c178a8,10,Co-Dy-Ta-Y,baseline,1,10,1
all30-final-made-9bfd0c2924e1c0658de0c66d,10,Co-Dy-Ta-Y,esopt_graph_risk,1,0,0
all30-final-made-9bfd0c2924e1c0658de0c66d,10,Co-Dy-Ta-Y,esopt_graph_risk,1,1,0
all30-final-made-9bfd0c2924e1c0658de0c66d,10,Co-Dy-Ta-Y,esopt_graph_risk,1,2,0
all30-final-made-9bfd0c2924e1c0658de0c66d,10,Co-Dy-Ta-Y,esopt_graph_risk,1,3,0
all30-final-made-9bfd0c2924e1c0658de0c66d,10,Co-Dy-Ta-Y,esopt_graph_risk,1,4,0
all30-final-made-9bfd0c2924e1c0658de0c66d,10,Co-Dy-Ta-Y,esopt_graph_risk,1,5,0
all30-final-made-9bfd0c2924e1c0658de0c66d,10,Co-Dy-Ta-Y,esopt_graph_risk,1,6,0
all30-final-made-9bfd0c2924e1c0658de0c66d,10,Co-Dy-Ta-Y,esopt_graph_risk,1,7,0
all30-final-made-9bfd0c2924e1c0658de0c66d,10,Co-Dy-Ta-Y,esopt_graph_risk,1,8,0
all30-final-made-9bfd0c2924e1c0658de0c66d,10,Co-Dy-Ta-Y,esopt_graph_risk,1,9,0
all30-final-made-9bfd0c2924e1c0658de0c66d,10,Co-Dy-Ta-Y,esopt_graph_risk,1,10,0
extension-final-made-f909f98ebec6c4dab4535b82,10,Co-Dy-W,baseline,1,0,0
extension-final-made-f909f98ebec6c4dab4535b82,10,Co-Dy-W,baseline,1,1,0
extension-final-made-f909f98ebec6c4dab4535b82,10,Co-Dy-W,baseline,1,2,0
extension-final-made-f909f98ebec6c4dab4535b82,10,Co-Dy-W,baseline,1,3,0
extension-final-made-f909f98ebec6c4dab4535b82,10,Co-Dy-W,baseline,1,4,0
extension-final-made-f909f98ebec6c4dab4535b82,10,Co-Dy-W,baseline,1,5,0
extension-final-made-f909f98ebec6c4dab4535b82,10,Co-Dy-W,baseline,1,6,0
extension-final-made-f909f98ebec6c4dab4535b82,10,Co-Dy-W,baseline,1,7,0
extension-final-made-f909f98ebec6c4dab4535b82,10,Co-Dy-W,baseline,1,8,0
extension-final-made-f909f98ebec6c4dab4535b82,10,Co-Dy-W,baseline,1,9,0
extension-final-made-f909f98ebec6c4dab4535b82,10,Co-Dy-W,baseline,1,10,0
extension-final-made-ee71cc7e8c4f6d365c622b99,10,Co-Dy-W,esopt_graph_risk,1,0,0
extension-final-made-ee71cc7e8c4f6d365c622b99,10,Co-Dy-W,esopt_graph_risk,1,1,0
extension-final-made-ee71cc7e8c4f6d365c622b99,10,Co-Dy-W,esopt_graph_risk,1,2,0
extension-final-made-ee71cc7e8c4f6d365c622b99,10,Co-Dy-W,esopt_graph_risk,1,3,0
extension-final-made-ee71cc7e8c4f6d365c622b99,10,Co-Dy-W,esopt_graph_risk,1,4,0
extension-final-made-ee71cc7e8c4f6d365c622b99,10,Co-Dy-W,esopt_graph_risk,1,5,0
extension-final-made-ee71cc7e8c4f6d365c622b99,10,Co-Dy-W,esopt_graph_risk,1,6,0
extension-final-made-ee71cc7e8c4f6d365c622b99,10,Co-Dy-W,esopt_graph_risk,1,7,0
extension-final-made-ee71cc7e8c4f6d365c622b99,10,Co-Dy-W,esopt_graph_risk,1,8,0
extension-final-made-ee71cc7e8c4f6d365c622b99,10,Co-Dy-W,esopt_graph_risk,1,9,0
extension-final-made-ee71cc7e8c4f6d365c622b99,10,Co-Dy-W,esopt_graph_risk,1,10,0
all30-final-made-cb6bf8e9beffc5bb74ce0332,10,Co-Hf-In-Ru-Tm,baseline,1,0,0
all30-final-made-cb6bf8e9beffc5bb74ce0332,10,Co-Hf-In-Ru-Tm,baseline,1,1,0
all30-final-made-cb6bf8e9beffc5bb74ce0332,10,Co-Hf-In-Ru-Tm,baseline,1,2,0
all30-final-made-cb6bf8e9beffc5bb74ce0332,10,Co-Hf-In-Ru-Tm,baseline,1,3,0
all30-final-made-cb6bf8e9beffc5bb74ce0332,10,Co-Hf-In-Ru-Tm,baseline,1,4,0
all30-final-made-cb6bf8e9beffc5bb74ce0332,10,Co-Hf-In-Ru-Tm,baseline,1,5,0
all30-final-made-cb6bf8e9beffc5bb74ce0332,10,Co-Hf-In-Ru-Tm,baseline,1,6,0
all30-final-made-cb6bf8e9beffc5bb74ce0332,10,Co-Hf-In-Ru-Tm,baseline,1,7,0
all30-final-made-cb6bf8e9beffc5bb74ce0332,10,Co-Hf-In-Ru-Tm,baseline,1,8,0
all30-final-made-cb6bf8e9beffc5bb74ce0332,10,Co-Hf-In-Ru-Tm,baseline,1,9,0
all30-final-made-cb6bf8e9beffc5bb74ce0332,10,Co-Hf-In-Ru-Tm,baseline,1,10,0
all30-final-made-0cd1e203de524cca41df900f,10,Co-Hf-In-Ru-Tm,esopt_graph_risk,1,0,0
all30-final-made-0cd1e203de524cca41df900f,10,Co-Hf-In-Ru-Tm,esopt_graph_risk,1,1,0
all30-final-made-0cd1e203de524cca41df900f,10,Co-Hf-In-Ru-Tm,esopt_graph_risk,1,2,0
all30-final-made-0cd1e203de524cca41df900f,10,Co-Hf-In-Ru-Tm,esopt_graph_risk,1,3,0
all30-final-made-0cd1e203de524cca41df900f,10,Co-Hf-In-Ru-Tm,esopt_graph_risk,1,4,0
all30-final-made-0cd1e203de524cca41df900f,10,Co-Hf-In-Ru-Tm,esopt_graph_risk,1,5,0
all30-final-made-0cd1e203de524cca41df900f,10,Co-Hf-In-Ru-Tm,esopt_graph_risk,1,6,0
all30-final-made-0cd1e203de524cca41df900f,10,Co-Hf-In-Ru-Tm,esopt_graph_risk,1,7,0
all30-final-made-0cd1e203de524cca41df900f,10,Co-Hf-In-Ru-Tm,esopt_graph_risk,1,8,0
all30-final-made-0cd1e203de524cca41df900f,10,Co-Hf-In-Ru-Tm,esopt_graph_risk,1,9,0
all30-final-made-0cd1e203de524cca41df900f,10,Co-Hf-In-Ru-Tm,esopt_graph_risk,1,10,0
all30-final-made-d9145d771ec6fc6924d7a738,10,Co-Hg-Mg-Sr-W,baseline,1,0,0
all30-final-made-d9145d771ec6fc6924d7a738,10,Co-Hg-Mg-Sr-W,baseline,1,1,0
all30-final-made-d9145d771ec6fc6924d7a738,10,Co-Hg-Mg-Sr-W,baseline,1,2,0
all30-final-made-d9145d771ec6fc6924d7a738,10,Co-Hg-Mg-Sr-W,baseline,1,3,0
all30-final-made-d9145d771ec6fc6924d7a738,10,Co-Hg-Mg-Sr-W,baseline,1,4,0
all30-final-made-d9145d771ec6fc6924d7a738,10,Co-Hg-Mg-Sr-W,baseline,1,5,0
all30-final-made-d9145d771ec6fc6924d7a738,10,Co-Hg-Mg-Sr-W,baseline,1,6,0
all30-final-made-d9145d771ec6fc6924d7a738,10,Co-Hg-Mg-Sr-W,baseline,1,7,0
all30-final-made-d9145d771ec6fc6924d7a738,10,Co-Hg-Mg-Sr-W,baseline,1,8,0
all30-final-made-d9145d771ec6fc6924d7a738,10,Co-Hg-Mg-Sr-W,baseline,1,9,0
all30-final-made-d9145d771ec6fc6924d7a738,10,Co-Hg-Mg-Sr-W,baseline,1,10,0
all30-final-made-32f7c3901d238e4cf22c39b3,10,Co-Hg-Mg-Sr-W,esopt_graph_risk,1,0,0
all30-final-made-32f7c3901d238e4cf22c39b3,10,Co-Hg-Mg-Sr-W,esopt_graph_risk,1,1,0
all30-final-made-32f7c3901d238e4cf22c39b3,10,Co-Hg-Mg-Sr-W,esopt_graph_risk,1,2,0
all30-final-made-32f7c3901d238e4cf22c39b3,10,Co-Hg-Mg-Sr-W,esopt_graph_risk,1,3,0
all30-final-made-32f7c3901d238e4cf22c39b3,10,Co-Hg-Mg-Sr-W,esopt_graph_risk,1,4,0
all30-final-made-32f7c3901d238e4cf22c39b3,10,Co-Hg-Mg-Sr-W,esopt_graph_risk,1,5,0
all30-final-made-32f7c3901d238e4cf22c39b3,10,Co-Hg-Mg-Sr-W,esopt_graph_risk,1,6,0
all30-final-made-32f7c3901d238e4cf22c39b3,10,Co-Hg-Mg-Sr-W,esopt_graph_risk,1,7,0
all30-final-made-32f7c3901d238e4cf22c39b3,10,Co-Hg-Mg-Sr-W,esopt_graph_risk,1,8,0
all30-final-made-32f7c3901d238e4cf22c39b3,10,Co-Hg-Mg-Sr-W,esopt_graph_risk,1,9,0
all30-final-made-32f7c3901d238e4cf22c39b3,10,Co-Hg-Mg-Sr-W,esopt_graph_risk,1,10,0
extension-final-made-6984f2ad558abdeabef13188,10,Co-Mg-Na,baseline,1,0,0
extension-final-made-6984f2ad558abdeabef13188,10,Co-Mg-Na,baseline,1,1,0
extension-final-made-6984f2ad558abdeabef13188,10,Co-Mg-Na,baseline,1,2,0
extension-final-made-6984f2ad558abdeabef13188,10,Co-Mg-Na,baseline,1,3,0
extension-final-made-6984f2ad558abdeabef13188,10,Co-Mg-Na,baseline,1,4,0
extension-final-made-6984f2ad558abdeabef13188,10,Co-Mg-Na,baseline,1,5,0
extension-final-made-6984f2ad558abdeabef13188,10,Co-Mg-Na,baseline,1,6,0
extension-final-made-6984f2ad558abdeabef13188,10,Co-Mg-Na,baseline,1,7,0
extension-final-made-6984f2ad558abdeabef13188,10,Co-Mg-Na,baseline,1,8,0
extension-final-made-6984f2ad558abdeabef13188,10,Co-Mg-Na,baseline,1,9,0
extension-final-made-6984f2ad558abdeabef13188,10,Co-Mg-Na,baseline,1,10,0
extension-final-made-1c68af5110c5af1dffea6c7d,10,Co-Mg-Na,esopt_graph_risk,1,0,0
extension-final-made-1c68af5110c5af1dffea6c7d,10,Co-Mg-Na,esopt_graph_risk,1,1,0
extension-final-made-1c68af5110c5af1dffea6c7d,10,Co-Mg-Na,esopt_graph_risk,1,2,0
extension-final-made-1c68af5110c5af1dffea6c7d,10,Co-Mg-Na,esopt_graph_risk,1,3,0
extension-final-made-1c68af5110c5af1dffea6c7d,10,Co-Mg-Na,esopt_graph_risk,1,4,0
extension-final-made-1c68af5110c5af1dffea6c7d,10,Co-Mg-Na,esopt_graph_risk,1,5,0
extension-final-made-1c68af5110c5af1dffea6c7d,10,Co-Mg-Na,esopt_graph_risk,1,6,0
extension-final-made-1c68af5110c5af1dffea6c7d,10,Co-Mg-Na,esopt_graph_risk,1,7,0
extension-final-made-1c68af5110c5af1dffea6c7d,10,Co-Mg-Na,esopt_graph_risk,1,8,0
extension-final-made-1c68af5110c5af1dffea6c7d,10,Co-Mg-Na,esopt_graph_risk,1,9,0
extension-final-made-1c68af5110c5af1dffea6c7d,10,Co-Mg-Na,esopt_graph_risk,1,10,0
all30-final-made-7d6cba0dbc20d964713362bb,10,Co-Pd-Tl,baseline,1,0,0
all30-final-made-7d6cba0dbc20d964713362bb,10,Co-Pd-Tl,baseline,1,1,0
all30-final-made-7d6cba0dbc20d964713362bb,10,Co-Pd-Tl,baseline,1,2,0
all30-final-made-7d6cba0dbc20d964713362bb,10,Co-Pd-Tl,baseline,1,3,0
all30-final-made-7d6cba0dbc20d964713362bb,10,Co-Pd-Tl,baseline,1,4,0
all30-final-made-7d6cba0dbc20d964713362bb,10,Co-Pd-Tl,baseline,1,5,0
all30-final-made-7d6cba0dbc20d964713362bb,10,Co-Pd-Tl,baseline,1,6,0
all30-final-made-7d6cba0dbc20d964713362bb,10,Co-Pd-Tl,baseline,1,7,0
all30-final-made-7d6cba0dbc20d964713362bb,10,Co-Pd-Tl,baseline,1,8,0
all30-final-made-7d6cba0dbc20d964713362bb,10,Co-Pd-Tl,baseline,1,9,0
all30-final-made-7d6cba0dbc20d964713362bb,10,Co-Pd-Tl,baseline,1,10,0
all30-final-made-45444501a86d93fedab34138,10,Co-Pd-Tl,esopt_graph_risk,1,0,0
all30-final-made-45444501a86d93fedab34138,10,Co-Pd-Tl,esopt_graph_risk,1,1,0
all30-final-made-45444501a86d93fedab34138,10,Co-Pd-Tl,esopt_graph_risk,1,2,0
all30-final-made-45444501a86d93fedab34138,10,Co-Pd-Tl,esopt_graph_risk,1,3,0
all30-final-made-45444501a86d93fedab34138,10,Co-Pd-Tl,esopt_graph_risk,1,4,0
all30-final-made-45444501a86d93fedab34138,10,Co-Pd-Tl,esopt_graph_risk,1,5,0
all30-final-made-45444501a86d93fedab34138,10,Co-Pd-Tl,esopt_graph_risk,1,6,0
all30-final-made-45444501a86d93fedab34138,10,Co-Pd-Tl,esopt_graph_risk,1,7,0
all30-final-made-45444501a86d93fedab34138,10,Co-Pd-Tl,esopt_graph_risk,1,8,0
all30-final-made-45444501a86d93fedab34138,10,Co-Pd-Tl,esopt_graph_risk,1,9,0
all30-final-made-45444501a86d93fedab34138,10,Co-Pd-Tl,esopt_graph_risk,1,10,0
all30-final-made-fc32992f7efefd416e04c208,10,Cr-Fe-Lu-Pt-Sc,baseline,1,0,0
all30-final-made-fc32992f7efefd416e04c208,10,Cr-Fe-Lu-Pt-Sc,baseline,1,1,0
all30-final-made-fc32992f7efefd416e04c208,10,Cr-Fe-Lu-Pt-Sc,baseline,1,2,0
all30-final-made-fc32992f7efefd416e04c208,10,Cr-Fe-Lu-Pt-Sc,baseline,1,3,0
all30-final-made-fc32992f7efefd416e04c208,10,Cr-Fe-Lu-Pt-Sc,baseline,1,4,0
all30-final-made-fc32992f7efefd416e04c208,10,Cr-Fe-Lu-Pt-Sc,baseline,1,5,0
all30-final-made-fc32992f7efefd416e04c208,10,Cr-Fe-Lu-Pt-Sc,baseline,1,6,0
all30-final-made-fc32992f7efefd416e04c208,10,Cr-Fe-Lu-Pt-Sc,baseline,1,7,0
all30-final-made-fc32992f7efefd416e04c208,10,Cr-Fe-Lu-Pt-Sc,baseline,1,8,0
all30-final-made-fc32992f7efefd416e04c208,10,Cr-Fe-Lu-Pt-Sc,baseline,1,9,0
all30-final-made-fc32992f7efefd416e04c208,10,Cr-Fe-Lu-Pt-Sc,baseline,1,10,0
all30-final-made-2f9df183906d1a04875a9fe2,10,Cr-Fe-Lu-Pt-Sc,esopt_graph_risk,1,0,0
all30-final-made-2f9df183906d1a04875a9fe2,10,Cr-Fe-Lu-Pt-Sc,esopt_graph_risk,1,1,0
all30-final-made-2f9df183906d1a04875a9fe2,10,Cr-Fe-Lu-Pt-Sc,esopt_graph_risk,1,2,0
all30-final-made-2f9df183906d1a04875a9fe2,10,Cr-Fe-Lu-Pt-Sc,esopt_graph_risk,1,3,0
all30-final-made-2f9df183906d1a04875a9fe2,10,Cr-Fe-Lu-Pt-Sc,esopt_graph_risk,1,4,0
all30-final-made-2f9df183906d1a04875a9fe2,10,Cr-Fe-Lu-Pt-Sc,esopt_graph_risk,1,5,0
all30-final-made-2f9df183906d1a04875a9fe2,10,Cr-Fe-Lu-Pt-Sc,esopt_graph_risk,1,6,0
all30-final-made-2f9df183906d1a04875a9fe2,10,Cr-Fe-Lu-Pt-Sc,esopt_graph_risk,1,7,0
all30-final-made-2f9df183906d1a04875a9fe2,10,Cr-Fe-Lu-Pt-Sc,esopt_graph_risk,1,8,0
all30-final-made-2f9df183906d1a04875a9fe2,10,Cr-Fe-Lu-Pt-Sc,esopt_graph_risk,1,9,0
all30-final-made-2f9df183906d1a04875a9fe2,10,Cr-Fe-Lu-Pt-Sc,esopt_graph_risk,1,10,0
all30-final-made-1500a7c5b01112deaf43bfe9,10,Dy-K-Pd-Sm,baseline,1,0,0
all30-final-made-1500a7c5b01112deaf43bfe9,10,Dy-K-Pd-Sm,baseline,1,1,0
all30-final-made-1500a7c5b01112deaf43bfe9,10,Dy-K-Pd-Sm,baseline,1,2,0
all30-final-made-1500a7c5b01112deaf43bfe9,10,Dy-K-Pd-Sm,baseline,1,3,0
all30-final-made-1500a7c5b01112deaf43bfe9,10,Dy-K-Pd-Sm,baseline,1,4,0
all30-final-made-1500a7c5b01112deaf43bfe9,10,Dy-K-Pd-Sm,baseline,1,5,0
all30-final-made-1500a7c5b01112deaf43bfe9,10,Dy-K-Pd-Sm,baseline,1,6,0
all30-final-made-1500a7c5b01112deaf43bfe9,10,Dy-K-Pd-Sm,baseline,1,7,0
all30-final-made-1500a7c5b01112deaf43bfe9,10,Dy-K-Pd-Sm,baseline,1,8,0
all30-final-made-1500a7c5b01112deaf43bfe9,10,Dy-K-Pd-Sm,baseline,1,9,0
all30-final-made-1500a7c5b01112deaf43bfe9,10,Dy-K-Pd-Sm,baseline,1,10,0
all30-final-made-209ea82da301af23164f595b,10,Dy-K-Pd-Sm,esopt_graph_risk,1,0,0
all30-final-made-209ea82da301af23164f595b,10,Dy-K-Pd-Sm,esopt_graph_risk,1,1,1
all30-final-made-209ea82da301af23164f595b,10,Dy-K-Pd-Sm,esopt_graph_risk,1,2,2
all30-final-made-209ea82da301af23164f595b,10,Dy-K-Pd-Sm,esopt_graph_risk,1,3,2
all30-final-made-209ea82da301af23164f595b,10,Dy-K-Pd-Sm,esopt_graph_risk,1,4,3
all30-final-made-209ea82da301af23164f595b,10,Dy-K-Pd-Sm,esopt_graph_risk,1,5,3
all30-final-made-209ea82da301af23164f595b,10,Dy-K-Pd-Sm,esopt_graph_risk,1,6,3
all30-final-made-209ea82da301af23164f595b,10,Dy-K-Pd-Sm,esopt_graph_risk,1,7,4
all30-final-made-209ea82da301af23164f595b,10,Dy-K-Pd-Sm,esopt_graph_risk,1,8,4
all30-final-made-209ea82da301af23164f595b,10,Dy-K-Pd-Sm,esopt_graph_risk,1,9,5
all30-final-made-209ea82da301af23164f595b,10,Dy-K-Pd-Sm,esopt_graph_risk,1,10,6
all30-final-made-097dbe77e9aa0571f74bbc31,10,Eu-Nb-Sn-Tl,baseline,1,0,0
all30-final-made-097dbe77e9aa0571f74bbc31,10,Eu-Nb-Sn-Tl,baseline,1,1,0
all30-final-made-097dbe77e9aa0571f74bbc31,10,Eu-Nb-Sn-Tl,baseline,1,2,0
all30-final-made-097dbe77e9aa0571f74bbc31,10,Eu-Nb-Sn-Tl,baseline,1,3,0
all30-final-made-097dbe77e9aa0571f74bbc31,10,Eu-Nb-Sn-Tl,baseline,1,4,0
all30-final-made-097dbe77e9aa0571f74bbc31,10,Eu-Nb-Sn-Tl,baseline,1,5,0
all30-final-made-097dbe77e9aa0571f74bbc31,10,Eu-Nb-Sn-Tl,baseline,1,6,0
all30-final-made-097dbe77e9aa0571f74bbc31,10,Eu-Nb-Sn-Tl,baseline,1,7,0
all30-final-made-097dbe77e9aa0571f74bbc31,10,Eu-Nb-Sn-Tl,baseline,1,8,0
all30-final-made-097dbe77e9aa0571f74bbc31,10,Eu-Nb-Sn-Tl,baseline,1,9,0
all30-final-made-097dbe77e9aa0571f74bbc31,10,Eu-Nb-Sn-Tl,baseline,1,10,0
all30-final-made-f5c545c2fcf285a7aedc552f,10,Eu-Nb-Sn-Tl,esopt_graph_risk,1,0,0
all30-final-made-f5c545c2fcf285a7aedc552f,10,Eu-Nb-Sn-Tl,esopt_graph_risk,1,1,0
all30-final-made-f5c545c2fcf285a7aedc552f,10,Eu-Nb-Sn-Tl,esopt_graph_risk,1,2,0
all30-final-made-f5c545c2fcf285a7aedc552f,10,Eu-Nb-Sn-Tl,esopt_graph_risk,1,3,0
all30-final-made-f5c545c2fcf285a7aedc552f,10,Eu-Nb-Sn-Tl,esopt_graph_risk,1,4,0
all30-final-made-f5c545c2fcf285a7aedc552f,10,Eu-Nb-Sn-Tl,esopt_graph_risk,1,5,0
all30-final-made-f5c545c2fcf285a7aedc552f,10,Eu-Nb-Sn-Tl,esopt_graph_risk,1,6,0
all30-final-made-f5c545c2fcf285a7aedc552f,10,Eu-Nb-Sn-Tl,esopt_graph_risk,1,7,0
all30-final-made-f5c545c2fcf285a7aedc552f,10,Eu-Nb-Sn-Tl,esopt_graph_risk,1,8,0
all30-final-made-f5c545c2fcf285a7aedc552f,10,Eu-Nb-Sn-Tl,esopt_graph_risk,1,9,0
all30-final-made-f5c545c2fcf285a7aedc552f,10,Eu-Nb-Sn-Tl,esopt_graph_risk,1,10,0
all30-final-made-8edd5f6703feaba4b1671ead,10,Ga-Ho-Lu,baseline,1,0,0
all30-final-made-8edd5f6703feaba4b1671ead,10,Ga-Ho-Lu,baseline,1,1,0
all30-final-made-8edd5f6703feaba4b1671ead,10,Ga-Ho-Lu,baseline,1,2,1
all30-final-made-8edd5f6703feaba4b1671ead,10,Ga-Ho-Lu,baseline,1,3,1
all30-final-made-8edd5f6703feaba4b1671ead,10,Ga-Ho-Lu,baseline,1,4,2
all30-final-made-8edd5f6703feaba4b1671ead,10,Ga-Ho-Lu,baseline,1,5,3
all30-final-made-8edd5f6703feaba4b1671ead,10,Ga-Ho-Lu,baseline,1,6,3
all30-final-made-8edd5f6703feaba4b1671ead,10,Ga-Ho-Lu,baseline,1,7,4
all30-final-made-8edd5f6703feaba4b1671ead,10,Ga-Ho-Lu,baseline,1,8,4
all30-final-made-8edd5f6703feaba4b1671ead,10,Ga-Ho-Lu,baseline,1,9,4
all30-final-made-8edd5f6703feaba4b1671ead,10,Ga-Ho-Lu,baseline,1,10,5
all30-final-made-81c94354919004cb52bc537d,10,Ga-Ho-Lu,esopt_graph_risk,1,0,0
all30-final-made-81c94354919004cb52bc537d,10,Ga-Ho-Lu,esopt_graph_risk,1,1,0
all30-final-made-81c94354919004cb52bc537d,10,Ga-Ho-Lu,esopt_graph_risk,1,2,1
all30-final-made-81c94354919004cb52bc537d,10,Ga-Ho-Lu,esopt_graph_risk,1,3,2
all30-final-made-81c94354919004cb52bc537d,10,Ga-Ho-Lu,esopt_graph_risk,1,4,3
all30-final-made-81c94354919004cb52bc537d,10,Ga-Ho-Lu,esopt_graph_risk,1,5,3
all30-final-made-81c94354919004cb52bc537d,10,Ga-Ho-Lu,esopt_graph_risk,1,6,3
all30-final-made-81c94354919004cb52bc537d,10,Ga-Ho-Lu,esopt_graph_risk,1,7,3
all30-final-made-81c94354919004cb52bc537d,10,Ga-Ho-Lu,esopt_graph_risk,1,8,3
all30-final-made-81c94354919004cb52bc537d,10,Ga-Ho-Lu,esopt_graph_risk,1,9,4
all30-final-made-81c94354919004cb52bc537d,10,Ga-Ho-Lu,esopt_graph_risk,1,10,5
all30-final-made-22cfaf1606682d9c38bc278d,10,Ga-Pt-Tm,baseline,1,0,0
all30-final-made-22cfaf1606682d9c38bc278d,10,Ga-Pt-Tm,baseline,1,1,1
all30-final-made-22cfaf1606682d9c38bc278d,10,Ga-Pt-Tm,baseline,1,2,1
all30-final-made-22cfaf1606682d9c38bc278d,10,Ga-Pt-Tm,baseline,1,3,1
all30-final-made-22cfaf1606682d9c38bc278d,10,Ga-Pt-Tm,baseline,1,4,1
all30-final-made-22cfaf1606682d9c38bc278d,10,Ga-Pt-Tm,baseline,1,5,2
all30-final-made-22cfaf1606682d9c38bc278d,10,Ga-Pt-Tm,baseline,1,6,3
all30-final-made-22cfaf1606682d9c38bc278d,10,Ga-Pt-Tm,baseline,1,7,4
all30-final-made-22cfaf1606682d9c38bc278d,10,Ga-Pt-Tm,baseline,1,8,4
all30-final-made-22cfaf1606682d9c38bc278d,10,Ga-Pt-Tm,baseline,1,9,5
all30-final-made-22cfaf1606682d9c38bc278d,10,Ga-Pt-Tm,baseline,1,10,6
all30-final-made-2925f7a866c2a8d1c36841e7,10,Ga-Pt-Tm,esopt_graph_risk,1,0,0
all30-final-made-2925f7a866c2a8d1c36841e7,10,Ga-Pt-Tm,esopt_graph_risk,1,1,0
all30-final-made-2925f7a866c2a8d1c36841e7,10,Ga-Pt-Tm,esopt_graph_risk,1,2,1
all30-final-made-2925f7a866c2a8d1c36841e7,10,Ga-Pt-Tm,esopt_graph_risk,1,3,1
all30-final-made-2925f7a866c2a8d1c36841e7,10,Ga-Pt-Tm,esopt_graph_risk,1,4,2
all30-final-made-2925f7a866c2a8d1c36841e7,10,Ga-Pt-Tm,esopt_graph_risk,1,5,2
all30-final-made-2925f7a866c2a8d1c36841e7,10,Ga-Pt-Tm,esopt_graph_risk,1,6,2
all30-final-made-2925f7a866c2a8d1c36841e7,10,Ga-Pt-Tm,esopt_graph_risk,1,7,2
all30-final-made-2925f7a866c2a8d1c36841e7,10,Ga-Pt-Tm,esopt_graph_risk,1,8,2
all30-final-made-2925f7a866c2a8d1c36841e7,10,Ga-Pt-Tm,esopt_graph_risk,1,9,3
all30-final-made-2925f7a866c2a8d1c36841e7,10,Ga-Pt-Tm,esopt_graph_risk,1,10,3
all30-final-made-29a6382ae615c1a04e459653,10,Hf-Ni-Zr,baseline,1,0,0
all30-final-made-29a6382ae615c1a04e459653,10,Hf-Ni-Zr,baseline,1,1,1
all30-final-made-29a6382ae615c1a04e459653,10,Hf-Ni-Zr,baseline,1,2,1
all30-final-made-29a6382ae615c1a04e459653,10,Hf-Ni-Zr,baseline,1,3,1
all30-final-made-29a6382ae615c1a04e459653,10,Hf-Ni-Zr,baseline,1,4,1
all30-final-made-29a6382ae615c1a04e459653,10,Hf-Ni-Zr,baseline,1,5,2
all30-final-made-29a6382ae615c1a04e459653,10,Hf-Ni-Zr,baseline,1,6,2
all30-final-made-29a6382ae615c1a04e459653,10,Hf-Ni-Zr,baseline,1,7,2
all30-final-made-29a6382ae615c1a04e459653,10,Hf-Ni-Zr,baseline,1,8,2
all30-final-made-29a6382ae615c1a04e459653,10,Hf-Ni-Zr,baseline,1,9,2
all30-final-made-29a6382ae615c1a04e459653,10,Hf-Ni-Zr,baseline,1,10,2
all30-final-made-2436e44814e8d16489bec879,10,Hf-Ni-Zr,esopt_graph_risk,1,0,0
all30-final-made-2436e44814e8d16489bec879,10,Hf-Ni-Zr,esopt_graph_risk,1,1,0
all30-final-made-2436e44814e8d16489bec879,10,Hf-Ni-Zr,esopt_graph_risk,1,2,1
all30-final-made-2436e44814e8d16489bec879,10,Hf-Ni-Zr,esopt_graph_risk,1,3,1
all30-final-made-2436e44814e8d16489bec879,10,Hf-Ni-Zr,esopt_graph_risk,1,4,1
all30-final-made-2436e44814e8d16489bec879,10,Hf-Ni-Zr,esopt_graph_risk,1,5,1
all30-final-made-2436e44814e8d16489bec879,10,Hf-Ni-Zr,esopt_graph_risk,1,6,1
all30-final-made-2436e44814e8d16489bec879,10,Hf-Ni-Zr,esopt_graph_risk,1,7,1
all30-final-made-2436e44814e8d16489bec879,10,Hf-Ni-Zr,esopt_graph_risk,1,8,1
all30-final-made-2436e44814e8d16489bec879,10,Hf-Ni-Zr,esopt_graph_risk,1,9,2
all30-final-made-2436e44814e8d16489bec879,10,Hf-Ni-Zr,esopt_graph_risk,1,10,2
all30-final-made-c62306db0d2beb6139233c35,10,Ho-In-Mg-Pd-Zr,baseline,1,0,0
all30-final-made-c62306db0d2beb6139233c35,10,Ho-In-Mg-Pd-Zr,baseline,1,1,0
all30-final-made-c62306db0d2beb6139233c35,10,Ho-In-Mg-Pd-Zr,baseline,1,2,0
all30-final-made-c62306db0d2beb6139233c35,10,Ho-In-Mg-Pd-Zr,baseline,1,3,0
all30-final-made-c62306db0d2beb6139233c35,10,Ho-In-Mg-Pd-Zr,baseline,1,4,0
all30-final-made-c62306db0d2beb6139233c35,10,Ho-In-Mg-Pd-Zr,baseline,1,5,0
all30-final-made-c62306db0d2beb6139233c35,10,Ho-In-Mg-Pd-Zr,baseline,1,6,0
all30-final-made-c62306db0d2beb6139233c35,10,Ho-In-Mg-Pd-Zr,baseline,1,7,0
all30-final-made-c62306db0d2beb6139233c35,10,Ho-In-Mg-Pd-Zr,baseline,1,8,0
all30-final-made-c62306db0d2beb6139233c35,10,Ho-In-Mg-Pd-Zr,baseline,1,9,0
all30-final-made-c62306db0d2beb6139233c35,10,Ho-In-Mg-Pd-Zr,baseline,1,10,0
all30-final-made-8142bd6bae65cd46fdff2387,10,Ho-In-Mg-Pd-Zr,esopt_graph_risk,1,0,0
all30-final-made-8142bd6bae65cd46fdff2387,10,Ho-In-Mg-Pd-Zr,esopt_graph_risk,1,1,0
all30-final-made-8142bd6bae65cd46fdff2387,10,Ho-In-Mg-Pd-Zr,esopt_graph_risk,1,2,0
all30-final-made-8142bd6bae65cd46fdff2387,10,Ho-In-Mg-Pd-Zr,esopt_graph_risk,1,3,0
all30-final-made-8142bd6bae65cd46fdff2387,10,Ho-In-Mg-Pd-Zr,esopt_graph_risk,1,4,0
all30-final-made-8142bd6bae65cd46fdff2387,10,Ho-In-Mg-Pd-Zr,esopt_graph_risk,1,5,0
all30-final-made-8142bd6bae65cd46fdff2387,10,Ho-In-Mg-Pd-Zr,esopt_graph_risk,1,6,0
all30-final-made-8142bd6bae65cd46fdff2387,10,Ho-In-Mg-Pd-Zr,esopt_graph_risk,1,7,0
all30-final-made-8142bd6bae65cd46fdff2387,10,Ho-In-Mg-Pd-Zr,esopt_graph_risk,1,8,0
all30-final-made-8142bd6bae65cd46fdff2387,10,Ho-In-Mg-Pd-Zr,esopt_graph_risk,1,9,0
all30-final-made-8142bd6bae65cd46fdff2387,10,Ho-In-Mg-Pd-Zr,esopt_graph_risk,1,10,0
all30-final-made-a0c7b559824ee92973b466f7,10,Mg-Sn-Sr,baseline,1,0,0
all30-final-made-a0c7b559824ee92973b466f7,10,Mg-Sn-Sr,baseline,1,1,1
all30-final-made-a0c7b559824ee92973b466f7,10,Mg-Sn-Sr,baseline,1,2,2
all30-final-made-a0c7b559824ee92973b466f7,10,Mg-Sn-Sr,baseline,1,3,3
all30-final-made-a0c7b559824ee92973b466f7,10,Mg-Sn-Sr,baseline,1,4,3
all30-final-made-a0c7b559824ee92973b466f7,10,Mg-Sn-Sr,baseline,1,5,3
all30-final-made-a0c7b559824ee92973b466f7,10,Mg-Sn-Sr,baseline,1,6,3
all30-final-made-a0c7b559824ee92973b466f7,10,Mg-Sn-Sr,baseline,1,7,4
all30-final-made-a0c7b559824ee92973b466f7,10,Mg-Sn-Sr,baseline,1,8,5
all30-final-made-a0c7b559824ee92973b466f7,10,Mg-Sn-Sr,baseline,1,9,6
all30-final-made-a0c7b559824ee92973b466f7,10,Mg-Sn-Sr,baseline,1,10,7
all30-final-made-28020e03780ed5e0ab044caf,10,Mg-Sn-Sr,esopt_graph_risk,1,0,0
all30-final-made-28020e03780ed5e0ab044caf,10,Mg-Sn-Sr,esopt_graph_risk,1,1,1
all30-final-made-28020e03780ed5e0ab044caf,10,Mg-Sn-Sr,esopt_graph_risk,1,2,2
all30-final-made-28020e03780ed5e0ab044caf,10,Mg-Sn-Sr,esopt_graph_risk,1,3,3
all30-final-made-28020e03780ed5e0ab044caf,10,Mg-Sn-Sr,esopt_graph_risk,1,4,4
all30-final-made-28020e03780ed5e0ab044caf,10,Mg-Sn-Sr,esopt_graph_risk,1,5,4
all30-final-made-28020e03780ed5e0ab044caf,10,Mg-Sn-Sr,esopt_graph_risk,1,6,5
all30-final-made-28020e03780ed5e0ab044caf,10,Mg-Sn-Sr,esopt_graph_risk,1,7,5
all30-final-made-28020e03780ed5e0ab044caf,10,Mg-Sn-Sr,esopt_graph_risk,1,8,6
all30-final-made-28020e03780ed5e0ab044caf,10,Mg-Sn-Sr,esopt_graph_risk,1,9,6
all30-final-made-28020e03780ed5e0ab044caf,10,Mg-Sn-Sr,esopt_graph_risk,1,10,7
budget-final-made-3cbf899afb7e6857dc3f0d91,30,Ag-Nd-Pd-Pt-Tb,baseline,1,0,0
budget-final-made-3cbf899afb7e6857dc3f0d91,30,Ag-Nd-Pd-Pt-Tb,baseline,1,1,0
budget-final-made-3cbf899afb7e6857dc3f0d91,30,Ag-Nd-Pd-Pt-Tb,baseline,1,2,0
budget-final-made-3cbf899afb7e6857dc3f0d91,30,Ag-Nd-Pd-Pt-Tb,baseline,1,3,0
budget-final-made-3cbf899afb7e6857dc3f0d91,30,Ag-Nd-Pd-Pt-Tb,baseline,1,4,0
budget-final-made-3cbf899afb7e6857dc3f0d91,30,Ag-Nd-Pd-Pt-Tb,baseline,1,5,0
budget-final-made-3cbf899afb7e6857dc3f0d91,30,Ag-Nd-Pd-Pt-Tb,baseline,1,6,1
budget-final-made-3cbf899afb7e6857dc3f0d91,30,Ag-Nd-Pd-Pt-Tb,baseline,1,7,1
budget-final-made-3cbf899afb7e6857dc3f0d91,30,Ag-Nd-Pd-Pt-Tb,baseline,1,8,2
budget-final-made-3cbf899afb7e6857dc3f0d91,30,Ag-Nd-Pd-Pt-Tb,baseline,1,9,2
budget-final-made-3cbf899afb7e6857dc3f0d91,30,Ag-Nd-Pd-Pt-Tb,baseline,1,10,2
budget-final-made-3cbf899afb7e6857dc3f0d91,30,Ag-Nd-Pd-Pt-Tb,baseline,1,11,2
budget-final-made-3cbf899afb7e6857dc3f0d91,30,Ag-Nd-Pd-Pt-Tb,baseline,1,12,2
budget-final-made-3cbf899afb7e6857dc3f0d91,30,Ag-Nd-Pd-Pt-Tb,baseline,1,13,3
budget-final-made-3cbf899afb7e6857dc3f0d91,30,Ag-Nd-Pd-Pt-Tb,baseline,1,14,3
budget-final-made-3cbf899afb7e6857dc3f0d91,30,Ag-Nd-Pd-Pt-Tb,baseline,1,15,4
budget-final-made-3cbf899afb7e6857dc3f0d91,30,Ag-Nd-Pd-Pt-Tb,baseline,1,16,4
budget-final-made-3cbf899afb7e6857dc3f0d91,30,Ag-Nd-Pd-Pt-Tb,baseline,1,17,4
budget-final-made-3cbf899afb7e6857dc3f0d91,30,Ag-Nd-Pd-Pt-Tb,baseline,1,18,4
budget-final-made-3cbf899afb7e6857dc3f0d91,30,Ag-Nd-Pd-Pt-Tb,baseline,1,19,5
budget-final-made-3cbf899afb7e6857dc3f0d91,30,Ag-Nd-Pd-Pt-Tb,baseline,1,20,6
budget-final-made-3cbf899afb7e6857dc3f0d91,30,Ag-Nd-Pd-Pt-Tb,baseline,1,21,7
budget-final-made-3cbf899afb7e6857dc3f0d91,30,Ag-Nd-Pd-Pt-Tb,baseline,1,22,8
budget-final-made-3cbf899afb7e6857dc3f0d91,30,Ag-Nd-Pd-Pt-Tb,baseline,1,23,9
budget-final-made-3cbf899afb7e6857dc3f0d91,30,Ag-Nd-Pd-Pt-Tb,baseline,1,24,9
budget-final-made-3cbf899afb7e6857dc3f0d91,30,Ag-Nd-Pd-Pt-Tb,baseline,1,25,10
budget-final-made-3cbf899afb7e6857dc3f0d91,30,Ag-Nd-Pd-Pt-Tb,baseline,1,26,10
budget-final-made-3cbf899afb7e6857dc3f0d91,30,Ag-Nd-Pd-Pt-Tb,baseline,1,27,10
budget-final-made-3cbf899afb7e6857dc3f0d91,30,Ag-Nd-Pd-Pt-Tb,baseline,1,28,11
budget-final-made-3cbf899afb7e6857dc3f0d91,30,Ag-Nd-Pd-Pt-Tb,baseline,1,29,11
budget-final-made-3cbf899afb7e6857dc3f0d91,30,Ag-Nd-Pd-Pt-Tb,baseline,1,30,11
budget-final-made-254ea063e97b94a2948a97a4,30,Ag-Nd-Pd-Pt-Tb,esopt_graph_risk,1,0,0
budget-final-made-254ea063e97b94a2948a97a4,30,Ag-Nd-Pd-Pt-Tb,esopt_graph_risk,1,1,0
budget-final-made-254ea063e97b94a2948a97a4,30,Ag-Nd-Pd-Pt-Tb,esopt_graph_risk,1,2,1
budget-final-made-254ea063e97b94a2948a97a4,30,Ag-Nd-Pd-Pt-Tb,esopt_graph_risk,1,3,1
budget-final-made-254ea063e97b94a2948a97a4,30,Ag-Nd-Pd-Pt-Tb,esopt_graph_risk,1,4,1
budget-final-made-254ea063e97b94a2948a97a4,30,Ag-Nd-Pd-Pt-Tb,esopt_graph_risk,1,5,1
budget-final-made-254ea063e97b94a2948a97a4,30,Ag-Nd-Pd-Pt-Tb,esopt_graph_risk,1,6,2
budget-final-made-254ea063e97b94a2948a97a4,30,Ag-Nd-Pd-Pt-Tb,esopt_graph_risk,1,7,3
budget-final-made-254ea063e97b94a2948a97a4,30,Ag-Nd-Pd-Pt-Tb,esopt_graph_risk,1,8,4
budget-final-made-254ea063e97b94a2948a97a4,30,Ag-Nd-Pd-Pt-Tb,esopt_graph_risk,1,9,4
budget-final-made-254ea063e97b94a2948a97a4,30,Ag-Nd-Pd-Pt-Tb,esopt_graph_risk,1,10,4
budget-final-made-254ea063e97b94a2948a97a4,30,Ag-Nd-Pd-Pt-Tb,esopt_graph_risk,1,11,4
budget-final-made-254ea063e97b94a2948a97a4,30,Ag-Nd-Pd-Pt-Tb,esopt_graph_risk,1,12,4
budget-final-made-254ea063e97b94a2948a97a4,30,Ag-Nd-Pd-Pt-Tb,esopt_graph_risk,1,13,5
budget-final-made-254ea063e97b94a2948a97a4,30,Ag-Nd-Pd-Pt-Tb,esopt_graph_risk,1,14,5
budget-final-made-254ea063e97b94a2948a97a4,30,Ag-Nd-Pd-Pt-Tb,esopt_graph_risk,1,15,5
budget-final-made-254ea063e97b94a2948a97a4,30,Ag-Nd-Pd-Pt-Tb,esopt_graph_risk,1,16,5
budget-final-made-254ea063e97b94a2948a97a4,30,Ag-Nd-Pd-Pt-Tb,esopt_graph_risk,1,17,5
budget-final-made-254ea063e97b94a2948a97a4,30,Ag-Nd-Pd-Pt-Tb,esopt_graph_risk,1,18,6
budget-final-made-254ea063e97b94a2948a97a4,30,Ag-Nd-Pd-Pt-Tb,esopt_graph_risk,1,19,6
budget-final-made-254ea063e97b94a2948a97a4,30,Ag-Nd-Pd-Pt-Tb,esopt_graph_risk,1,20,6
budget-final-made-254ea063e97b94a2948a97a4,30,Ag-Nd-Pd-Pt-Tb,esopt_graph_risk,1,21,7
budget-final-made-254ea063e97b94a2948a97a4,30,Ag-Nd-Pd-Pt-Tb,esopt_graph_risk,1,22,8
budget-final-made-254ea063e97b94a2948a97a4,30,Ag-Nd-Pd-Pt-Tb,esopt_graph_risk,1,23,9
budget-final-made-254ea063e97b94a2948a97a4,30,Ag-Nd-Pd-Pt-Tb,esopt_graph_risk,1,24,9
budget-final-made-254ea063e97b94a2948a97a4,30,Ag-Nd-Pd-Pt-Tb,esopt_graph_risk,1,25,9
budget-final-made-254ea063e97b94a2948a97a4,30,Ag-Nd-Pd-Pt-Tb,esopt_graph_risk,1,26,9
budget-final-made-254ea063e97b94a2948a97a4,30,Ag-Nd-Pd-Pt-Tb,esopt_graph_risk,1,27,9
budget-final-made-254ea063e97b94a2948a97a4,30,Ag-Nd-Pd-Pt-Tb,esopt_graph_risk,1,28,9
budget-final-made-254ea063e97b94a2948a97a4,30,Ag-Nd-Pd-Pt-Tb,esopt_graph_risk,1,29,9
budget-final-made-254ea063e97b94a2948a97a4,30,Ag-Nd-Pd-Pt-Tb,esopt_graph_risk,1,30,9
budget-final-made-751d44c311ae19cdcad7928a,30,Al-Hg-K-Mg-W,baseline,1,0,0
budget-final-made-751d44c311ae19cdcad7928a,30,Al-Hg-K-Mg-W,baseline,1,1,0
budget-final-made-751d44c311ae19cdcad7928a,30,Al-Hg-K-Mg-W,baseline,1,2,0
budget-final-made-751d44c311ae19cdcad7928a,30,Al-Hg-K-Mg-W,baseline,1,3,0
budget-final-made-751d44c311ae19cdcad7928a,30,Al-Hg-K-Mg-W,baseline,1,4,0
budget-final-made-751d44c311ae19cdcad7928a,30,Al-Hg-K-Mg-W,baseline,1,5,0
budget-final-made-751d44c311ae19cdcad7928a,30,Al-Hg-K-Mg-W,baseline,1,6,0
budget-final-made-751d44c311ae19cdcad7928a,30,Al-Hg-K-Mg-W,baseline,1,7,0
budget-final-made-751d44c311ae19cdcad7928a,30,Al-Hg-K-Mg-W,baseline,1,8,0
budget-final-made-751d44c311ae19cdcad7928a,30,Al-Hg-K-Mg-W,baseline,1,9,0
budget-final-made-751d44c311ae19cdcad7928a,30,Al-Hg-K-Mg-W,baseline,1,10,0
budget-final-made-751d44c311ae19cdcad7928a,30,Al-Hg-K-Mg-W,baseline,1,11,0
budget-final-made-751d44c311ae19cdcad7928a,30,Al-Hg-K-Mg-W,baseline,1,12,0
budget-final-made-751d44c311ae19cdcad7928a,30,Al-Hg-K-Mg-W,baseline,1,13,0
budget-final-made-751d44c311ae19cdcad7928a,30,Al-Hg-K-Mg-W,baseline,1,14,0
budget-final-made-751d44c311ae19cdcad7928a,30,Al-Hg-K-Mg-W,baseline,1,15,0
budget-final-made-751d44c311ae19cdcad7928a,30,Al-Hg-K-Mg-W,baseline,1,16,0
budget-final-made-751d44c311ae19cdcad7928a,30,Al-Hg-K-Mg-W,baseline,1,17,0
budget-final-made-751d44c311ae19cdcad7928a,30,Al-Hg-K-Mg-W,baseline,1,18,0
budget-final-made-751d44c311ae19cdcad7928a,30,Al-Hg-K-Mg-W,baseline,1,19,0
budget-final-made-751d44c311ae19cdcad7928a,30,Al-Hg-K-Mg-W,baseline,1,20,0
budget-final-made-751d44c311ae19cdcad7928a,30,Al-Hg-K-Mg-W,baseline,1,21,0
budget-final-made-751d44c311ae19cdcad7928a,30,Al-Hg-K-Mg-W,baseline,1,22,0
budget-final-made-751d44c311ae19cdcad7928a,30,Al-Hg-K-Mg-W,baseline,1,23,0
budget-final-made-751d44c311ae19cdcad7928a,30,Al-Hg-K-Mg-W,baseline,1,24,0
budget-final-made-751d44c311ae19cdcad7928a,30,Al-Hg-K-Mg-W,baseline,1,25,0
budget-final-made-751d44c311ae19cdcad7928a,30,Al-Hg-K-Mg-W,baseline,1,26,0
budget-final-made-751d44c311ae19cdcad7928a,30,Al-Hg-K-Mg-W,baseline,1,27,0
budget-final-made-751d44c311ae19cdcad7928a,30,Al-Hg-K-Mg-W,baseline,1,28,0
budget-final-made-751d44c311ae19cdcad7928a,30,Al-Hg-K-Mg-W,baseline,1,29,0
budget-final-made-751d44c311ae19cdcad7928a,30,Al-Hg-K-Mg-W,baseline,1,30,0
budget-final-made-a84f6d9aaecd2f95c23db994,30,Al-Hg-K-Mg-W,esopt_graph_risk,1,0,0
budget-final-made-a84f6d9aaecd2f95c23db994,30,Al-Hg-K-Mg-W,esopt_graph_risk,1,1,0
budget-final-made-a84f6d9aaecd2f95c23db994,30,Al-Hg-K-Mg-W,esopt_graph_risk,1,2,0
budget-final-made-a84f6d9aaecd2f95c23db994,30,Al-Hg-K-Mg-W,esopt_graph_risk,1,3,0
budget-final-made-a84f6d9aaecd2f95c23db994,30,Al-Hg-K-Mg-W,esopt_graph_risk,1,4,0
budget-final-made-a84f6d9aaecd2f95c23db994,30,Al-Hg-K-Mg-W,esopt_graph_risk,1,5,0
budget-final-made-a84f6d9aaecd2f95c23db994,30,Al-Hg-K-Mg-W,esopt_graph_risk,1,6,0
budget-final-made-a84f6d9aaecd2f95c23db994,30,Al-Hg-K-Mg-W,esopt_graph_risk,1,7,0
budget-final-made-a84f6d9aaecd2f95c23db994,30,Al-Hg-K-Mg-W,esopt_graph_risk,1,8,0
budget-final-made-a84f6d9aaecd2f95c23db994,30,Al-Hg-K-Mg-W,esopt_graph_risk,1,9,0
budget-final-made-a84f6d9aaecd2f95c23db994,30,Al-Hg-K-Mg-W,esopt_graph_risk,1,10,0
budget-final-made-a84f6d9aaecd2f95c23db994,30,Al-Hg-K-Mg-W,esopt_graph_risk,1,11,0
budget-final-made-a84f6d9aaecd2f95c23db994,30,Al-Hg-K-Mg-W,esopt_graph_risk,1,12,0
budget-final-made-a84f6d9aaecd2f95c23db994,30,Al-Hg-K-Mg-W,esopt_graph_risk,1,13,0
budget-final-made-a84f6d9aaecd2f95c23db994,30,Al-Hg-K-Mg-W,esopt_graph_risk,1,14,0
budget-final-made-a84f6d9aaecd2f95c23db994,30,Al-Hg-K-Mg-W,esopt_graph_risk,1,15,0
budget-final-made-a84f6d9aaecd2f95c23db994,30,Al-Hg-K-Mg-W,esopt_graph_risk,1,16,0
budget-final-made-a84f6d9aaecd2f95c23db994,30,Al-Hg-K-Mg-W,esopt_graph_risk,1,17,0
budget-final-made-a84f6d9aaecd2f95c23db994,30,Al-Hg-K-Mg-W,esopt_graph_risk,1,18,0
budget-final-made-a84f6d9aaecd2f95c23db994,30,Al-Hg-K-Mg-W,esopt_graph_risk,1,19,0
budget-final-made-a84f6d9aaecd2f95c23db994,30,Al-Hg-K-Mg-W,esopt_graph_risk,1,20,0
budget-final-made-a84f6d9aaecd2f95c23db994,30,Al-Hg-K-Mg-W,esopt_graph_risk,1,21,0
budget-final-made-a84f6d9aaecd2f95c23db994,30,Al-Hg-K-Mg-W,esopt_graph_risk,1,22,0
budget-final-made-a84f6d9aaecd2f95c23db994,30,Al-Hg-K-Mg-W,esopt_graph_risk,1,23,0
budget-final-made-a84f6d9aaecd2f95c23db994,30,Al-Hg-K-Mg-W,esopt_graph_risk,1,24,0
budget-final-made-a84f6d9aaecd2f95c23db994,30,Al-Hg-K-Mg-W,esopt_graph_risk,1,25,0
budget-final-made-a84f6d9aaecd2f95c23db994,30,Al-Hg-K-Mg-W,esopt_graph_risk,1,26,0
budget-final-made-a84f6d9aaecd2f95c23db994,30,Al-Hg-K-Mg-W,esopt_graph_risk,1,27,0
budget-final-made-a84f6d9aaecd2f95c23db994,30,Al-Hg-K-Mg-W,esopt_graph_risk,1,28,0
budget-final-made-a84f6d9aaecd2f95c23db994,30,Al-Hg-K-Mg-W,esopt_graph_risk,1,29,0
budget-final-made-a84f6d9aaecd2f95c23db994,30,Al-Hg-K-Mg-W,esopt_graph_risk,1,30,0
budget-final-made-4f87ce88320a28f3fae38bb5,30,Al-Li-V,baseline,1,0,0
budget-final-made-4f87ce88320a28f3fae38bb5,30,Al-Li-V,baseline,1,1,0
budget-final-made-4f87ce88320a28f3fae38bb5,30,Al-Li-V,baseline,1,2,0
budget-final-made-4f87ce88320a28f3fae38bb5,30,Al-Li-V,baseline,1,3,1
budget-final-made-4f87ce88320a28f3fae38bb5,30,Al-Li-V,baseline,1,4,1
budget-final-made-4f87ce88320a28f3fae38bb5,30,Al-Li-V,baseline,1,5,1
budget-final-made-4f87ce88320a28f3fae38bb5,30,Al-Li-V,baseline,1,6,2
budget-final-made-4f87ce88320a28f3fae38bb5,30,Al-Li-V,baseline,1,7,3
budget-final-made-4f87ce88320a28f3fae38bb5,30,Al-Li-V,baseline,1,8,3
budget-final-made-4f87ce88320a28f3fae38bb5,30,Al-Li-V,baseline,1,9,4
budget-final-made-4f87ce88320a28f3fae38bb5,30,Al-Li-V,baseline,1,10,4
budget-final-made-4f87ce88320a28f3fae38bb5,30,Al-Li-V,baseline,1,11,4
budget-final-made-4f87ce88320a28f3fae38bb5,30,Al-Li-V,baseline,1,12,4
budget-final-made-4f87ce88320a28f3fae38bb5,30,Al-Li-V,baseline,1,13,4
budget-final-made-4f87ce88320a28f3fae38bb5,30,Al-Li-V,baseline,1,14,5
budget-final-made-4f87ce88320a28f3fae38bb5,30,Al-Li-V,baseline,1,15,5
budget-final-made-4f87ce88320a28f3fae38bb5,30,Al-Li-V,baseline,1,16,6
budget-final-made-4f87ce88320a28f3fae38bb5,30,Al-Li-V,baseline,1,17,6
budget-final-made-4f87ce88320a28f3fae38bb5,30,Al-Li-V,baseline,1,18,6
budget-final-made-4f87ce88320a28f3fae38bb5,30,Al-Li-V,baseline,1,19,6
budget-final-made-4f87ce88320a28f3fae38bb5,30,Al-Li-V,baseline,1,20,6
budget-final-made-4f87ce88320a28f3fae38bb5,30,Al-Li-V,baseline,1,21,7
budget-final-made-4f87ce88320a28f3fae38bb5,30,Al-Li-V,baseline,1,22,7
budget-final-made-4f87ce88320a28f3fae38bb5,30,Al-Li-V,baseline,1,23,7
budget-final-made-4f87ce88320a28f3fae38bb5,30,Al-Li-V,baseline,1,24,7
budget-final-made-4f87ce88320a28f3fae38bb5,30,Al-Li-V,baseline,1,25,7
budget-final-made-4f87ce88320a28f3fae38bb5,30,Al-Li-V,baseline,1,26,7
budget-final-made-4f87ce88320a28f3fae38bb5,30,Al-Li-V,baseline,1,27,7
budget-final-made-4f87ce88320a28f3fae38bb5,30,Al-Li-V,baseline,1,28,7
budget-final-made-4f87ce88320a28f3fae38bb5,30,Al-Li-V,baseline,1,29,7
budget-final-made-4f87ce88320a28f3fae38bb5,30,Al-Li-V,baseline,1,30,7
budget-final-made-1d442216631233be5637f631,30,Al-Li-V,esopt_graph_risk,1,0,0
budget-final-made-1d442216631233be5637f631,30,Al-Li-V,esopt_graph_risk,1,1,0
budget-final-made-1d442216631233be5637f631,30,Al-Li-V,esopt_graph_risk,1,2,0
budget-final-made-1d442216631233be5637f631,30,Al-Li-V,esopt_graph_risk,1,3,0
budget-final-made-1d442216631233be5637f631,30,Al-Li-V,esopt_graph_risk,1,4,0
budget-final-made-1d442216631233be5637f631,30,Al-Li-V,esopt_graph_risk,1,5,1
budget-final-made-1d442216631233be5637f631,30,Al-Li-V,esopt_graph_risk,1,6,1
budget-final-made-1d442216631233be5637f631,30,Al-Li-V,esopt_graph_risk,1,7,1
budget-final-made-1d442216631233be5637f631,30,Al-Li-V,esopt_graph_risk,1,8,2
budget-final-made-1d442216631233be5637f631,30,Al-Li-V,esopt_graph_risk,1,9,2
budget-final-made-1d442216631233be5637f631,30,Al-Li-V,esopt_graph_risk,1,10,2
budget-final-made-1d442216631233be5637f631,30,Al-Li-V,esopt_graph_risk,1,11,3
budget-final-made-1d442216631233be5637f631,30,Al-Li-V,esopt_graph_risk,1,12,3
budget-final-made-1d442216631233be5637f631,30,Al-Li-V,esopt_graph_risk,1,13,3
budget-final-made-1d442216631233be5637f631,30,Al-Li-V,esopt_graph_risk,1,14,3
budget-final-made-1d442216631233be5637f631,30,Al-Li-V,esopt_graph_risk,1,15,3
budget-final-made-1d442216631233be5637f631,30,Al-Li-V,esopt_graph_risk,1,16,3
budget-final-made-1d442216631233be5637f631,30,Al-Li-V,esopt_graph_risk,1,17,3
budget-final-made-1d442216631233be5637f631,30,Al-Li-V,esopt_graph_risk,1,18,3
budget-final-made-1d442216631233be5637f631,30,Al-Li-V,esopt_graph_risk,1,19,3
budget-final-made-1d442216631233be5637f631,30,Al-Li-V,esopt_graph_risk,1,20,3
budget-final-made-1d442216631233be5637f631,30,Al-Li-V,esopt_graph_risk,1,21,3
budget-final-made-1d442216631233be5637f631,30,Al-Li-V,esopt_graph_risk,1,22,3
budget-final-made-1d442216631233be5637f631,30,Al-Li-V,esopt_graph_risk,1,23,3
budget-final-made-1d442216631233be5637f631,30,Al-Li-V,esopt_graph_risk,1,24,3
budget-final-made-1d442216631233be5637f631,30,Al-Li-V,esopt_graph_risk,1,25,3
budget-final-made-1d442216631233be5637f631,30,Al-Li-V,esopt_graph_risk,1,26,3
budget-final-made-1d442216631233be5637f631,30,Al-Li-V,esopt_graph_risk,1,27,3
budget-final-made-1d442216631233be5637f631,30,Al-Li-V,esopt_graph_risk,1,28,3
budget-final-made-1d442216631233be5637f631,30,Al-Li-V,esopt_graph_risk,1,29,3
budget-final-made-1d442216631233be5637f631,30,Al-Li-V,esopt_graph_risk,1,30,3
budget-final-made-6f29791a00d583f708b055ad,30,Al-Lu-Pt-Rb-Sm,baseline,1,0,0
budget-final-made-6f29791a00d583f708b055ad,30,Al-Lu-Pt-Rb-Sm,baseline,1,1,0
budget-final-made-6f29791a00d583f708b055ad,30,Al-Lu-Pt-Rb-Sm,baseline,1,2,0
budget-final-made-6f29791a00d583f708b055ad,30,Al-Lu-Pt-Rb-Sm,baseline,1,3,0
budget-final-made-6f29791a00d583f708b055ad,30,Al-Lu-Pt-Rb-Sm,baseline,1,4,0
budget-final-made-6f29791a00d583f708b055ad,30,Al-Lu-Pt-Rb-Sm,baseline,1,5,0
budget-final-made-6f29791a00d583f708b055ad,30,Al-Lu-Pt-Rb-Sm,baseline,1,6,0
budget-final-made-6f29791a00d583f708b055ad,30,Al-Lu-Pt-Rb-Sm,baseline,1,7,0
budget-final-made-6f29791a00d583f708b055ad,30,Al-Lu-Pt-Rb-Sm,baseline,1,8,0
budget-final-made-6f29791a00d583f708b055ad,30,Al-Lu-Pt-Rb-Sm,baseline,1,9,0
budget-final-made-6f29791a00d583f708b055ad,30,Al-Lu-Pt-Rb-Sm,baseline,1,10,0
budget-final-made-6f29791a00d583f708b055ad,30,Al-Lu-Pt-Rb-Sm,baseline,1,11,0
budget-final-made-6f29791a00d583f708b055ad,30,Al-Lu-Pt-Rb-Sm,baseline,1,12,0
budget-final-made-6f29791a00d583f708b055ad,30,Al-Lu-Pt-Rb-Sm,baseline,1,13,0
budget-final-made-6f29791a00d583f708b055ad,30,Al-Lu-Pt-Rb-Sm,baseline,1,14,0
budget-final-made-6f29791a00d583f708b055ad,30,Al-Lu-Pt-Rb-Sm,baseline,1,15,0
budget-final-made-6f29791a00d583f708b055ad,30,Al-Lu-Pt-Rb-Sm,baseline,1,16,0
budget-final-made-6f29791a00d583f708b055ad,30,Al-Lu-Pt-Rb-Sm,baseline,1,17,0
budget-final-made-6f29791a00d583f708b055ad,30,Al-Lu-Pt-Rb-Sm,baseline,1,18,0
budget-final-made-6f29791a00d583f708b055ad,30,Al-Lu-Pt-Rb-Sm,baseline,1,19,0
budget-final-made-6f29791a00d583f708b055ad,30,Al-Lu-Pt-Rb-Sm,baseline,1,20,0
budget-final-made-6f29791a00d583f708b055ad,30,Al-Lu-Pt-Rb-Sm,baseline,1,21,0
budget-final-made-6f29791a00d583f708b055ad,30,Al-Lu-Pt-Rb-Sm,baseline,1,22,0
budget-final-made-6f29791a00d583f708b055ad,30,Al-Lu-Pt-Rb-Sm,baseline,1,23,0
budget-final-made-6f29791a00d583f708b055ad,30,Al-Lu-Pt-Rb-Sm,baseline,1,24,0
budget-final-made-6f29791a00d583f708b055ad,30,Al-Lu-Pt-Rb-Sm,baseline,1,25,0
budget-final-made-6f29791a00d583f708b055ad,30,Al-Lu-Pt-Rb-Sm,baseline,1,26,0
budget-final-made-6f29791a00d583f708b055ad,30,Al-Lu-Pt-Rb-Sm,baseline,1,27,0
budget-final-made-6f29791a00d583f708b055ad,30,Al-Lu-Pt-Rb-Sm,baseline,1,28,0
budget-final-made-6f29791a00d583f708b055ad,30,Al-Lu-Pt-Rb-Sm,baseline,1,29,0
budget-final-made-6f29791a00d583f708b055ad,30,Al-Lu-Pt-Rb-Sm,baseline,1,30,0
budget-final-made-e89ce15810f410ebf6c2ce79,30,Al-Lu-Pt-Rb-Sm,esopt_graph_risk,1,0,0
budget-final-made-e89ce15810f410ebf6c2ce79,30,Al-Lu-Pt-Rb-Sm,esopt_graph_risk,1,1,0
budget-final-made-e89ce15810f410ebf6c2ce79,30,Al-Lu-Pt-Rb-Sm,esopt_graph_risk,1,2,0
budget-final-made-e89ce15810f410ebf6c2ce79,30,Al-Lu-Pt-Rb-Sm,esopt_graph_risk,1,3,0
budget-final-made-e89ce15810f410ebf6c2ce79,30,Al-Lu-Pt-Rb-Sm,esopt_graph_risk,1,4,0
budget-final-made-e89ce15810f410ebf6c2ce79,30,Al-Lu-Pt-Rb-Sm,esopt_graph_risk,1,5,0
budget-final-made-e89ce15810f410ebf6c2ce79,30,Al-Lu-Pt-Rb-Sm,esopt_graph_risk,1,6,0
budget-final-made-e89ce15810f410ebf6c2ce79,30,Al-Lu-Pt-Rb-Sm,esopt_graph_risk,1,7,0
budget-final-made-e89ce15810f410ebf6c2ce79,30,Al-Lu-Pt-Rb-Sm,esopt_graph_risk,1,8,0
budget-final-made-e89ce15810f410ebf6c2ce79,30,Al-Lu-Pt-Rb-Sm,esopt_graph_risk,1,9,0
budget-final-made-e89ce15810f410ebf6c2ce79,30,Al-Lu-Pt-Rb-Sm,esopt_graph_risk,1,10,0
budget-final-made-e89ce15810f410ebf6c2ce79,30,Al-Lu-Pt-Rb-Sm,esopt_graph_risk,1,11,0
budget-final-made-e89ce15810f410ebf6c2ce79,30,Al-Lu-Pt-Rb-Sm,esopt_graph_risk,1,12,0
budget-final-made-e89ce15810f410ebf6c2ce79,30,Al-Lu-Pt-Rb-Sm,esopt_graph_risk,1,13,0
budget-final-made-e89ce15810f410ebf6c2ce79,30,Al-Lu-Pt-Rb-Sm,esopt_graph_risk,1,14,0
budget-final-made-e89ce15810f410ebf6c2ce79,30,Al-Lu-Pt-Rb-Sm,esopt_graph_risk,1,15,0
budget-final-made-e89ce15810f410ebf6c2ce79,30,Al-Lu-Pt-Rb-Sm,esopt_graph_risk,1,16,0
budget-final-made-e89ce15810f410ebf6c2ce79,30,Al-Lu-Pt-Rb-Sm,esopt_graph_risk,1,17,0
budget-final-made-e89ce15810f410ebf6c2ce79,30,Al-Lu-Pt-Rb-Sm,esopt_graph_risk,1,18,0
budget-final-made-e89ce15810f410ebf6c2ce79,30,Al-Lu-Pt-Rb-Sm,esopt_graph_risk,1,19,0
budget-final-made-e89ce15810f410ebf6c2ce79,30,Al-Lu-Pt-Rb-Sm,esopt_graph_risk,1,20,0
budget-final-made-e89ce15810f410ebf6c2ce79,30,Al-Lu-Pt-Rb-Sm,esopt_graph_risk,1,21,0
budget-final-made-e89ce15810f410ebf6c2ce79,30,Al-Lu-Pt-Rb-Sm,esopt_graph_risk,1,22,0
budget-final-made-e89ce15810f410ebf6c2ce79,30,Al-Lu-Pt-Rb-Sm,esopt_graph_risk,1,23,0
budget-final-made-e89ce15810f410ebf6c2ce79,30,Al-Lu-Pt-Rb-Sm,esopt_graph_risk,1,24,0
budget-final-made-e89ce15810f410ebf6c2ce79,30,Al-Lu-Pt-Rb-Sm,esopt_graph_risk,1,25,0
budget-final-made-e89ce15810f410ebf6c2ce79,30,Al-Lu-Pt-Rb-Sm,esopt_graph_risk,1,26,0
budget-final-made-e89ce15810f410ebf6c2ce79,30,Al-Lu-Pt-Rb-Sm,esopt_graph_risk,1,27,0
budget-final-made-e89ce15810f410ebf6c2ce79,30,Al-Lu-Pt-Rb-Sm,esopt_graph_risk,1,28,0
budget-final-made-e89ce15810f410ebf6c2ce79,30,Al-Lu-Pt-Rb-Sm,esopt_graph_risk,1,29,0
budget-final-made-e89ce15810f410ebf6c2ce79,30,Al-Lu-Pt-Rb-Sm,esopt_graph_risk,1,30,0
budget-final-made-a50bdf512ef495cd2a5fbb3c,30,Al-V-Zn,baseline,1,0,0
budget-final-made-a50bdf512ef495cd2a5fbb3c,30,Al-V-Zn,baseline,1,1,1
budget-final-made-a50bdf512ef495cd2a5fbb3c,30,Al-V-Zn,baseline,1,2,1
budget-final-made-a50bdf512ef495cd2a5fbb3c,30,Al-V-Zn,baseline,1,3,2
budget-final-made-a50bdf512ef495cd2a5fbb3c,30,Al-V-Zn,baseline,1,4,2
budget-final-made-a50bdf512ef495cd2a5fbb3c,30,Al-V-Zn,baseline,1,5,3
budget-final-made-a50bdf512ef495cd2a5fbb3c,30,Al-V-Zn,baseline,1,6,3
budget-final-made-a50bdf512ef495cd2a5fbb3c,30,Al-V-Zn,baseline,1,7,3
budget-final-made-a50bdf512ef495cd2a5fbb3c,30,Al-V-Zn,baseline,1,8,4
budget-final-made-a50bdf512ef495cd2a5fbb3c,30,Al-V-Zn,baseline,1,9,4
budget-final-made-a50bdf512ef495cd2a5fbb3c,30,Al-V-Zn,baseline,1,10,5
budget-final-made-a50bdf512ef495cd2a5fbb3c,30,Al-V-Zn,baseline,1,11,6
budget-final-made-a50bdf512ef495cd2a5fbb3c,30,Al-V-Zn,baseline,1,12,6
budget-final-made-a50bdf512ef495cd2a5fbb3c,30,Al-V-Zn,baseline,1,13,6
budget-final-made-a50bdf512ef495cd2a5fbb3c,30,Al-V-Zn,baseline,1,14,6
budget-final-made-a50bdf512ef495cd2a5fbb3c,30,Al-V-Zn,baseline,1,15,7
budget-final-made-a50bdf512ef495cd2a5fbb3c,30,Al-V-Zn,baseline,1,16,7
budget-final-made-a50bdf512ef495cd2a5fbb3c,30,Al-V-Zn,baseline,1,17,7
budget-final-made-a50bdf512ef495cd2a5fbb3c,30,Al-V-Zn,baseline,1,18,7
budget-final-made-a50bdf512ef495cd2a5fbb3c,30,Al-V-Zn,baseline,1,19,7
budget-final-made-a50bdf512ef495cd2a5fbb3c,30,Al-V-Zn,baseline,1,20,7
budget-final-made-a50bdf512ef495cd2a5fbb3c,30,Al-V-Zn,baseline,1,21,7
budget-final-made-a50bdf512ef495cd2a5fbb3c,30,Al-V-Zn,baseline,1,22,7
budget-final-made-a50bdf512ef495cd2a5fbb3c,30,Al-V-Zn,baseline,1,23,8
budget-final-made-a50bdf512ef495cd2a5fbb3c,30,Al-V-Zn,baseline,1,24,8
budget-final-made-a50bdf512ef495cd2a5fbb3c,30,Al-V-Zn,baseline,1,25,9
budget-final-made-a50bdf512ef495cd2a5fbb3c,30,Al-V-Zn,baseline,1,26,10
budget-final-made-a50bdf512ef495cd2a5fbb3c,30,Al-V-Zn,baseline,1,27,11
budget-final-made-a50bdf512ef495cd2a5fbb3c,30,Al-V-Zn,baseline,1,28,12
budget-final-made-a50bdf512ef495cd2a5fbb3c,30,Al-V-Zn,baseline,1,29,12
budget-final-made-a50bdf512ef495cd2a5fbb3c,30,Al-V-Zn,baseline,1,30,12
budget-final-made-2ebbedb51225fe4d4920de4b,30,Al-V-Zn,esopt_graph_risk,1,0,0
budget-final-made-2ebbedb51225fe4d4920de4b,30,Al-V-Zn,esopt_graph_risk,1,1,0
budget-final-made-2ebbedb51225fe4d4920de4b,30,Al-V-Zn,esopt_graph_risk,1,2,1
budget-final-made-2ebbedb51225fe4d4920de4b,30,Al-V-Zn,esopt_graph_risk,1,3,1
budget-final-made-2ebbedb51225fe4d4920de4b,30,Al-V-Zn,esopt_graph_risk,1,4,1
budget-final-made-2ebbedb51225fe4d4920de4b,30,Al-V-Zn,esopt_graph_risk,1,5,1
budget-final-made-2ebbedb51225fe4d4920de4b,30,Al-V-Zn,esopt_graph_risk,1,6,1
budget-final-made-2ebbedb51225fe4d4920de4b,30,Al-V-Zn,esopt_graph_risk,1,7,2
budget-final-made-2ebbedb51225fe4d4920de4b,30,Al-V-Zn,esopt_graph_risk,1,8,3
budget-final-made-2ebbedb51225fe4d4920de4b,30,Al-V-Zn,esopt_graph_risk,1,9,4
budget-final-made-2ebbedb51225fe4d4920de4b,30,Al-V-Zn,esopt_graph_risk,1,10,4
budget-final-made-2ebbedb51225fe4d4920de4b,30,Al-V-Zn,esopt_graph_risk,1,11,4
budget-final-made-2ebbedb51225fe4d4920de4b,30,Al-V-Zn,esopt_graph_risk,1,12,4
budget-final-made-2ebbedb51225fe4d4920de4b,30,Al-V-Zn,esopt_graph_risk,1,13,4
budget-final-made-2ebbedb51225fe4d4920de4b,30,Al-V-Zn,esopt_graph_risk,1,14,4
budget-final-made-2ebbedb51225fe4d4920de4b,30,Al-V-Zn,esopt_graph_risk,1,15,4
budget-final-made-2ebbedb51225fe4d4920de4b,30,Al-V-Zn,esopt_graph_risk,1,16,4
budget-final-made-2ebbedb51225fe4d4920de4b,30,Al-V-Zn,esopt_graph_risk,1,17,4
budget-final-made-2ebbedb51225fe4d4920de4b,30,Al-V-Zn,esopt_graph_risk,1,18,5
budget-final-made-2ebbedb51225fe4d4920de4b,30,Al-V-Zn,esopt_graph_risk,1,19,6
budget-final-made-2ebbedb51225fe4d4920de4b,30,Al-V-Zn,esopt_graph_risk,1,20,6
budget-final-made-2ebbedb51225fe4d4920de4b,30,Al-V-Zn,esopt_graph_risk,1,21,7
budget-final-made-2ebbedb51225fe4d4920de4b,30,Al-V-Zn,esopt_graph_risk,1,22,7
budget-final-made-2ebbedb51225fe4d4920de4b,30,Al-V-Zn,esopt_graph_risk,1,23,8
budget-final-made-2ebbedb51225fe4d4920de4b,30,Al-V-Zn,esopt_graph_risk,1,24,9
budget-final-made-2ebbedb51225fe4d4920de4b,30,Al-V-Zn,esopt_graph_risk,1,25,9
budget-final-made-2ebbedb51225fe4d4920de4b,30,Al-V-Zn,esopt_graph_risk,1,26,10
budget-final-made-2ebbedb51225fe4d4920de4b,30,Al-V-Zn,esopt_graph_risk,1,27,11
budget-final-made-2ebbedb51225fe4d4920de4b,30,Al-V-Zn,esopt_graph_risk,1,28,12
budget-final-made-2ebbedb51225fe4d4920de4b,30,Al-V-Zn,esopt_graph_risk,1,29,12
budget-final-made-2ebbedb51225fe4d4920de4b,30,Al-V-Zn,esopt_graph_risk,1,30,12
budget-final-made-0f82537991ac5e00ab89edf1,30,Au-Cr-Cs-Dy,baseline,1,0,0
budget-final-made-0f82537991ac5e00ab89edf1,30,Au-Cr-Cs-Dy,baseline,1,1,0
budget-final-made-0f82537991ac5e00ab89edf1,30,Au-Cr-Cs-Dy,baseline,1,2,0
budget-final-made-0f82537991ac5e00ab89edf1,30,Au-Cr-Cs-Dy,baseline,1,3,0
budget-final-made-0f82537991ac5e00ab89edf1,30,Au-Cr-Cs-Dy,baseline,1,4,0
budget-final-made-0f82537991ac5e00ab89edf1,30,Au-Cr-Cs-Dy,baseline,1,5,0
budget-final-made-0f82537991ac5e00ab89edf1,30,Au-Cr-Cs-Dy,baseline,1,6,0
budget-final-made-0f82537991ac5e00ab89edf1,30,Au-Cr-Cs-Dy,baseline,1,7,0
budget-final-made-0f82537991ac5e00ab89edf1,30,Au-Cr-Cs-Dy,baseline,1,8,0
budget-final-made-0f82537991ac5e00ab89edf1,30,Au-Cr-Cs-Dy,baseline,1,9,0
budget-final-made-0f82537991ac5e00ab89edf1,30,Au-Cr-Cs-Dy,baseline,1,10,0
budget-final-made-0f82537991ac5e00ab89edf1,30,Au-Cr-Cs-Dy,baseline,1,11,0
budget-final-made-0f82537991ac5e00ab89edf1,30,Au-Cr-Cs-Dy,baseline,1,12,0
budget-final-made-0f82537991ac5e00ab89edf1,30,Au-Cr-Cs-Dy,baseline,1,13,0
budget-final-made-0f82537991ac5e00ab89edf1,30,Au-Cr-Cs-Dy,baseline,1,14,0
budget-final-made-0f82537991ac5e00ab89edf1,30,Au-Cr-Cs-Dy,baseline,1,15,0
budget-final-made-0f82537991ac5e00ab89edf1,30,Au-Cr-Cs-Dy,baseline,1,16,0
budget-final-made-0f82537991ac5e00ab89edf1,30,Au-Cr-Cs-Dy,baseline,1,17,0
budget-final-made-0f82537991ac5e00ab89edf1,30,Au-Cr-Cs-Dy,baseline,1,18,0
budget-final-made-0f82537991ac5e00ab89edf1,30,Au-Cr-Cs-Dy,baseline,1,19,0
budget-final-made-0f82537991ac5e00ab89edf1,30,Au-Cr-Cs-Dy,baseline,1,20,0
budget-final-made-0f82537991ac5e00ab89edf1,30,Au-Cr-Cs-Dy,baseline,1,21,0
budget-final-made-0f82537991ac5e00ab89edf1,30,Au-Cr-Cs-Dy,baseline,1,22,0
budget-final-made-0f82537991ac5e00ab89edf1,30,Au-Cr-Cs-Dy,baseline,1,23,0
budget-final-made-0f82537991ac5e00ab89edf1,30,Au-Cr-Cs-Dy,baseline,1,24,0
budget-final-made-0f82537991ac5e00ab89edf1,30,Au-Cr-Cs-Dy,baseline,1,25,0
budget-final-made-0f82537991ac5e00ab89edf1,30,Au-Cr-Cs-Dy,baseline,1,26,0
budget-final-made-0f82537991ac5e00ab89edf1,30,Au-Cr-Cs-Dy,baseline,1,27,0
budget-final-made-0f82537991ac5e00ab89edf1,30,Au-Cr-Cs-Dy,baseline,1,28,0
budget-final-made-0f82537991ac5e00ab89edf1,30,Au-Cr-Cs-Dy,baseline,1,29,0
budget-final-made-0f82537991ac5e00ab89edf1,30,Au-Cr-Cs-Dy,baseline,1,30,0
budget-final-made-e8a4bb098fe498d06e5fefc0,30,Au-Cr-Cs-Dy,esopt_graph_risk,1,0,0
budget-final-made-e8a4bb098fe498d06e5fefc0,30,Au-Cr-Cs-Dy,esopt_graph_risk,1,1,0
budget-final-made-e8a4bb098fe498d06e5fefc0,30,Au-Cr-Cs-Dy,esopt_graph_risk,1,2,0
budget-final-made-e8a4bb098fe498d06e5fefc0,30,Au-Cr-Cs-Dy,esopt_graph_risk,1,3,0
budget-final-made-e8a4bb098fe498d06e5fefc0,30,Au-Cr-Cs-Dy,esopt_graph_risk,1,4,0
budget-final-made-e8a4bb098fe498d06e5fefc0,30,Au-Cr-Cs-Dy,esopt_graph_risk,1,5,0
budget-final-made-e8a4bb098fe498d06e5fefc0,30,Au-Cr-Cs-Dy,esopt_graph_risk,1,6,0
budget-final-made-e8a4bb098fe498d06e5fefc0,30,Au-Cr-Cs-Dy,esopt_graph_risk,1,7,0
budget-final-made-e8a4bb098fe498d06e5fefc0,30,Au-Cr-Cs-Dy,esopt_graph_risk,1,8,0
budget-final-made-e8a4bb098fe498d06e5fefc0,30,Au-Cr-Cs-Dy,esopt_graph_risk,1,9,0
budget-final-made-e8a4bb098fe498d06e5fefc0,30,Au-Cr-Cs-Dy,esopt_graph_risk,1,10,0
budget-final-made-e8a4bb098fe498d06e5fefc0,30,Au-Cr-Cs-Dy,esopt_graph_risk,1,11,0
budget-final-made-e8a4bb098fe498d06e5fefc0,30,Au-Cr-Cs-Dy,esopt_graph_risk,1,12,0
budget-final-made-e8a4bb098fe498d06e5fefc0,30,Au-Cr-Cs-Dy,esopt_graph_risk,1,13,0
budget-final-made-e8a4bb098fe498d06e5fefc0,30,Au-Cr-Cs-Dy,esopt_graph_risk,1,14,0
budget-final-made-e8a4bb098fe498d06e5fefc0,30,Au-Cr-Cs-Dy,esopt_graph_risk,1,15,0
budget-final-made-e8a4bb098fe498d06e5fefc0,30,Au-Cr-Cs-Dy,esopt_graph_risk,1,16,0
budget-final-made-e8a4bb098fe498d06e5fefc0,30,Au-Cr-Cs-Dy,esopt_graph_risk,1,17,0
budget-final-made-e8a4bb098fe498d06e5fefc0,30,Au-Cr-Cs-Dy,esopt_graph_risk,1,18,0
budget-final-made-e8a4bb098fe498d06e5fefc0,30,Au-Cr-Cs-Dy,esopt_graph_risk,1,19,0
budget-final-made-e8a4bb098fe498d06e5fefc0,30,Au-Cr-Cs-Dy,esopt_graph_risk,1,20,0
budget-final-made-e8a4bb098fe498d06e5fefc0,30,Au-Cr-Cs-Dy,esopt_graph_risk,1,21,0
budget-final-made-e8a4bb098fe498d06e5fefc0,30,Au-Cr-Cs-Dy,esopt_graph_risk,1,22,0
budget-final-made-e8a4bb098fe498d06e5fefc0,30,Au-Cr-Cs-Dy,esopt_graph_risk,1,23,0
budget-final-made-e8a4bb098fe498d06e5fefc0,30,Au-Cr-Cs-Dy,esopt_graph_risk,1,24,0
budget-final-made-e8a4bb098fe498d06e5fefc0,30,Au-Cr-Cs-Dy,esopt_graph_risk,1,25,0
budget-final-made-e8a4bb098fe498d06e5fefc0,30,Au-Cr-Cs-Dy,esopt_graph_risk,1,26,0
budget-final-made-e8a4bb098fe498d06e5fefc0,30,Au-Cr-Cs-Dy,esopt_graph_risk,1,27,0
budget-final-made-e8a4bb098fe498d06e5fefc0,30,Au-Cr-Cs-Dy,esopt_graph_risk,1,28,0
budget-final-made-e8a4bb098fe498d06e5fefc0,30,Au-Cr-Cs-Dy,esopt_graph_risk,1,29,0
budget-final-made-e8a4bb098fe498d06e5fefc0,30,Au-Cr-Cs-Dy,esopt_graph_risk,1,30,0
budget-final-made-9068c1f42a4e19b5aad40540,30,Au-K-Tb,baseline,1,0,0
budget-final-made-9068c1f42a4e19b5aad40540,30,Au-K-Tb,baseline,1,1,1
budget-final-made-9068c1f42a4e19b5aad40540,30,Au-K-Tb,baseline,1,2,1
budget-final-made-9068c1f42a4e19b5aad40540,30,Au-K-Tb,baseline,1,3,1
budget-final-made-9068c1f42a4e19b5aad40540,30,Au-K-Tb,baseline,1,4,1
budget-final-made-9068c1f42a4e19b5aad40540,30,Au-K-Tb,baseline,1,5,1
budget-final-made-9068c1f42a4e19b5aad40540,30,Au-K-Tb,baseline,1,6,2
budget-final-made-9068c1f42a4e19b5aad40540,30,Au-K-Tb,baseline,1,7,3
budget-final-made-9068c1f42a4e19b5aad40540,30,Au-K-Tb,baseline,1,8,4
budget-final-made-9068c1f42a4e19b5aad40540,30,Au-K-Tb,baseline,1,9,5
budget-final-made-9068c1f42a4e19b5aad40540,30,Au-K-Tb,baseline,1,10,6
budget-final-made-9068c1f42a4e19b5aad40540,30,Au-K-Tb,baseline,1,11,7
budget-final-made-9068c1f42a4e19b5aad40540,30,Au-K-Tb,baseline,1,12,8
budget-final-made-9068c1f42a4e19b5aad40540,30,Au-K-Tb,baseline,1,13,9
budget-final-made-9068c1f42a4e19b5aad40540,30,Au-K-Tb,baseline,1,14,10
budget-final-made-9068c1f42a4e19b5aad40540,30,Au-K-Tb,baseline,1,15,10
budget-final-made-9068c1f42a4e19b5aad40540,30,Au-K-Tb,baseline,1,16,11
budget-final-made-9068c1f42a4e19b5aad40540,30,Au-K-Tb,baseline,1,17,12
budget-final-made-9068c1f42a4e19b5aad40540,30,Au-K-Tb,baseline,1,18,12
budget-final-made-9068c1f42a4e19b5aad40540,30,Au-K-Tb,baseline,1,19,12
budget-final-made-9068c1f42a4e19b5aad40540,30,Au-K-Tb,baseline,1,20,12
budget-final-made-9068c1f42a4e19b5aad40540,30,Au-K-Tb,baseline,1,21,13
budget-final-made-9068c1f42a4e19b5aad40540,30,Au-K-Tb,baseline,1,22,14
budget-final-made-9068c1f42a4e19b5aad40540,30,Au-K-Tb,baseline,1,23,15
budget-final-made-9068c1f42a4e19b5aad40540,30,Au-K-Tb,baseline,1,24,16
budget-final-made-9068c1f42a4e19b5aad40540,30,Au-K-Tb,baseline,1,25,17
budget-final-made-9068c1f42a4e19b5aad40540,30,Au-K-Tb,baseline,1,26,18
budget-final-made-9068c1f42a4e19b5aad40540,30,Au-K-Tb,baseline,1,27,18
budget-final-made-9068c1f42a4e19b5aad40540,30,Au-K-Tb,baseline,1,28,18
budget-final-made-9068c1f42a4e19b5aad40540,30,Au-K-Tb,baseline,1,29,18
budget-final-made-9068c1f42a4e19b5aad40540,30,Au-K-Tb,baseline,1,30,18
budget-final-made-c59e1b9d87045dbf2d81c82b,30,Au-K-Tb,esopt_graph_risk,1,0,0
budget-final-made-c59e1b9d87045dbf2d81c82b,30,Au-K-Tb,esopt_graph_risk,1,1,0
budget-final-made-c59e1b9d87045dbf2d81c82b,30,Au-K-Tb,esopt_graph_risk,1,2,0
budget-final-made-c59e1b9d87045dbf2d81c82b,30,Au-K-Tb,esopt_graph_risk,1,3,0
budget-final-made-c59e1b9d87045dbf2d81c82b,30,Au-K-Tb,esopt_graph_risk,1,4,0
budget-final-made-c59e1b9d87045dbf2d81c82b,30,Au-K-Tb,esopt_graph_risk,1,5,0
budget-final-made-c59e1b9d87045dbf2d81c82b,30,Au-K-Tb,esopt_graph_risk,1,6,0
budget-final-made-c59e1b9d87045dbf2d81c82b,30,Au-K-Tb,esopt_graph_risk,1,7,0
budget-final-made-c59e1b9d87045dbf2d81c82b,30,Au-K-Tb,esopt_graph_risk,1,8,0
budget-final-made-c59e1b9d87045dbf2d81c82b,30,Au-K-Tb,esopt_graph_risk,1,9,0
budget-final-made-c59e1b9d87045dbf2d81c82b,30,Au-K-Tb,esopt_graph_risk,1,10,0
budget-final-made-c59e1b9d87045dbf2d81c82b,30,Au-K-Tb,esopt_graph_risk,1,11,0
budget-final-made-c59e1b9d87045dbf2d81c82b,30,Au-K-Tb,esopt_graph_risk,1,12,0
budget-final-made-c59e1b9d87045dbf2d81c82b,30,Au-K-Tb,esopt_graph_risk,1,13,0
budget-final-made-c59e1b9d87045dbf2d81c82b,30,Au-K-Tb,esopt_graph_risk,1,14,0
budget-final-made-c59e1b9d87045dbf2d81c82b,30,Au-K-Tb,esopt_graph_risk,1,15,0
budget-final-made-c59e1b9d87045dbf2d81c82b,30,Au-K-Tb,esopt_graph_risk,1,16,0
budget-final-made-c59e1b9d87045dbf2d81c82b,30,Au-K-Tb,esopt_graph_risk,1,17,0
budget-final-made-c59e1b9d87045dbf2d81c82b,30,Au-K-Tb,esopt_graph_risk,1,18,1
budget-final-made-c59e1b9d87045dbf2d81c82b,30,Au-K-Tb,esopt_graph_risk,1,19,2
budget-final-made-c59e1b9d87045dbf2d81c82b,30,Au-K-Tb,esopt_graph_risk,1,20,2
budget-final-made-c59e1b9d87045dbf2d81c82b,30,Au-K-Tb,esopt_graph_risk,1,21,2
budget-final-made-c59e1b9d87045dbf2d81c82b,30,Au-K-Tb,esopt_graph_risk,1,22,2
budget-final-made-c59e1b9d87045dbf2d81c82b,30,Au-K-Tb,esopt_graph_risk,1,23,2
budget-final-made-c59e1b9d87045dbf2d81c82b,30,Au-K-Tb,esopt_graph_risk,1,24,2
budget-final-made-c59e1b9d87045dbf2d81c82b,30,Au-K-Tb,esopt_graph_risk,1,25,3
budget-final-made-c59e1b9d87045dbf2d81c82b,30,Au-K-Tb,esopt_graph_risk,1,26,3
budget-final-made-c59e1b9d87045dbf2d81c82b,30,Au-K-Tb,esopt_graph_risk,1,27,3
budget-final-made-c59e1b9d87045dbf2d81c82b,30,Au-K-Tb,esopt_graph_risk,1,28,3
budget-final-made-c59e1b9d87045dbf2d81c82b,30,Au-K-Tb,esopt_graph_risk,1,29,3
budget-final-made-c59e1b9d87045dbf2d81c82b,30,Au-K-Tb,esopt_graph_risk,1,30,3
budget-final-made-ff8a825b8e2ac6d1d4f7532c,30,Au-Tb-V-Y,baseline,1,0,0
budget-final-made-ff8a825b8e2ac6d1d4f7532c,30,Au-Tb-V-Y,baseline,1,1,0
budget-final-made-ff8a825b8e2ac6d1d4f7532c,30,Au-Tb-V-Y,baseline,1,2,0
budget-final-made-ff8a825b8e2ac6d1d4f7532c,30,Au-Tb-V-Y,baseline,1,3,0
budget-final-made-ff8a825b8e2ac6d1d4f7532c,30,Au-Tb-V-Y,baseline,1,4,0
budget-final-made-ff8a825b8e2ac6d1d4f7532c,30,Au-Tb-V-Y,baseline,1,5,0
budget-final-made-ff8a825b8e2ac6d1d4f7532c,30,Au-Tb-V-Y,baseline,1,6,0
budget-final-made-ff8a825b8e2ac6d1d4f7532c,30,Au-Tb-V-Y,baseline,1,7,0
budget-final-made-ff8a825b8e2ac6d1d4f7532c,30,Au-Tb-V-Y,baseline,1,8,0
budget-final-made-ff8a825b8e2ac6d1d4f7532c,30,Au-Tb-V-Y,baseline,1,9,0
budget-final-made-ff8a825b8e2ac6d1d4f7532c,30,Au-Tb-V-Y,baseline,1,10,0
budget-final-made-ff8a825b8e2ac6d1d4f7532c,30,Au-Tb-V-Y,baseline,1,11,0
budget-final-made-ff8a825b8e2ac6d1d4f7532c,30,Au-Tb-V-Y,baseline,1,12,0
budget-final-made-ff8a825b8e2ac6d1d4f7532c,30,Au-Tb-V-Y,baseline,1,13,0
budget-final-made-ff8a825b8e2ac6d1d4f7532c,30,Au-Tb-V-Y,baseline,1,14,0
budget-final-made-ff8a825b8e2ac6d1d4f7532c,30,Au-Tb-V-Y,baseline,1,15,0
budget-final-made-ff8a825b8e2ac6d1d4f7532c,30,Au-Tb-V-Y,baseline,1,16,0
budget-final-made-ff8a825b8e2ac6d1d4f7532c,30,Au-Tb-V-Y,baseline,1,17,0
budget-final-made-ff8a825b8e2ac6d1d4f7532c,30,Au-Tb-V-Y,baseline,1,18,0
budget-final-made-ff8a825b8e2ac6d1d4f7532c,30,Au-Tb-V-Y,baseline,1,19,0
budget-final-made-ff8a825b8e2ac6d1d4f7532c,30,Au-Tb-V-Y,baseline,1,20,0
budget-final-made-ff8a825b8e2ac6d1d4f7532c,30,Au-Tb-V-Y,baseline,1,21,0
budget-final-made-ff8a825b8e2ac6d1d4f7532c,30,Au-Tb-V-Y,baseline,1,22,0
budget-final-made-ff8a825b8e2ac6d1d4f7532c,30,Au-Tb-V-Y,baseline,1,23,0
budget-final-made-ff8a825b8e2ac6d1d4f7532c,30,Au-Tb-V-Y,baseline,1,24,0
budget-final-made-ff8a825b8e2ac6d1d4f7532c,30,Au-Tb-V-Y,baseline,1,25,0
budget-final-made-ff8a825b8e2ac6d1d4f7532c,30,Au-Tb-V-Y,baseline,1,26,0
budget-final-made-ff8a825b8e2ac6d1d4f7532c,30,Au-Tb-V-Y,baseline,1,27,0
budget-final-made-ff8a825b8e2ac6d1d4f7532c,30,Au-Tb-V-Y,baseline,1,28,0
budget-final-made-ff8a825b8e2ac6d1d4f7532c,30,Au-Tb-V-Y,baseline,1,29,0
budget-final-made-ff8a825b8e2ac6d1d4f7532c,30,Au-Tb-V-Y,baseline,1,30,0
budget-final-made-8b0f5d5e10193a64efa50b47,30,Au-Tb-V-Y,esopt_graph_risk,1,0,0
budget-final-made-8b0f5d5e10193a64efa50b47,30,Au-Tb-V-Y,esopt_graph_risk,1,1,0
budget-final-made-8b0f5d5e10193a64efa50b47,30,Au-Tb-V-Y,esopt_graph_risk,1,2,0
budget-final-made-8b0f5d5e10193a64efa50b47,30,Au-Tb-V-Y,esopt_graph_risk,1,3,0
budget-final-made-8b0f5d5e10193a64efa50b47,30,Au-Tb-V-Y,esopt_graph_risk,1,4,0
budget-final-made-8b0f5d5e10193a64efa50b47,30,Au-Tb-V-Y,esopt_graph_risk,1,5,0
budget-final-made-8b0f5d5e10193a64efa50b47,30,Au-Tb-V-Y,esopt_graph_risk,1,6,0
budget-final-made-8b0f5d5e10193a64efa50b47,30,Au-Tb-V-Y,esopt_graph_risk,1,7,0
budget-final-made-8b0f5d5e10193a64efa50b47,30,Au-Tb-V-Y,esopt_graph_risk,1,8,0
budget-final-made-8b0f5d5e10193a64efa50b47,30,Au-Tb-V-Y,esopt_graph_risk,1,9,0
budget-final-made-8b0f5d5e10193a64efa50b47,30,Au-Tb-V-Y,esopt_graph_risk,1,10,0
budget-final-made-8b0f5d5e10193a64efa50b47,30,Au-Tb-V-Y,esopt_graph_risk,1,11,0
budget-final-made-8b0f5d5e10193a64efa50b47,30,Au-Tb-V-Y,esopt_graph_risk,1,12,0
budget-final-made-8b0f5d5e10193a64efa50b47,30,Au-Tb-V-Y,esopt_graph_risk,1,13,0
budget-final-made-8b0f5d5e10193a64efa50b47,30,Au-Tb-V-Y,esopt_graph_risk,1,14,0
budget-final-made-8b0f5d5e10193a64efa50b47,30,Au-Tb-V-Y,esopt_graph_risk,1,15,0
budget-final-made-8b0f5d5e10193a64efa50b47,30,Au-Tb-V-Y,esopt_graph_risk,1,16,0
budget-final-made-8b0f5d5e10193a64efa50b47,30,Au-Tb-V-Y,esopt_graph_risk,1,17,0
budget-final-made-8b0f5d5e10193a64efa50b47,30,Au-Tb-V-Y,esopt_graph_risk,1,18,0
budget-final-made-8b0f5d5e10193a64efa50b47,30,Au-Tb-V-Y,esopt_graph_risk,1,19,0
budget-final-made-8b0f5d5e10193a64efa50b47,30,Au-Tb-V-Y,esopt_graph_risk,1,20,0
budget-final-made-8b0f5d5e10193a64efa50b47,30,Au-Tb-V-Y,esopt_graph_risk,1,21,0
budget-final-made-8b0f5d5e10193a64efa50b47,30,Au-Tb-V-Y,esopt_graph_risk,1,22,0
budget-final-made-8b0f5d5e10193a64efa50b47,30,Au-Tb-V-Y,esopt_graph_risk,1,23,0
budget-final-made-8b0f5d5e10193a64efa50b47,30,Au-Tb-V-Y,esopt_graph_risk,1,24,0
budget-final-made-8b0f5d5e10193a64efa50b47,30,Au-Tb-V-Y,esopt_graph_risk,1,25,0
budget-final-made-8b0f5d5e10193a64efa50b47,30,Au-Tb-V-Y,esopt_graph_risk,1,26,0
budget-final-made-8b0f5d5e10193a64efa50b47,30,Au-Tb-V-Y,esopt_graph_risk,1,27,0
budget-final-made-8b0f5d5e10193a64efa50b47,30,Au-Tb-V-Y,esopt_graph_risk,1,28,0
budget-final-made-8b0f5d5e10193a64efa50b47,30,Au-Tb-V-Y,esopt_graph_risk,1,29,0
budget-final-made-8b0f5d5e10193a64efa50b47,30,Au-Tb-V-Y,esopt_graph_risk,1,30,0
budget-final-made-9b22f46f38016340b4c7029a,30,Ba-Be-Hf-Li,baseline,1,0,0
budget-final-made-9b22f46f38016340b4c7029a,30,Ba-Be-Hf-Li,baseline,1,1,0
budget-final-made-9b22f46f38016340b4c7029a,30,Ba-Be-Hf-Li,baseline,1,2,0
budget-final-made-9b22f46f38016340b4c7029a,30,Ba-Be-Hf-Li,baseline,1,3,0
budget-final-made-9b22f46f38016340b4c7029a,30,Ba-Be-Hf-Li,baseline,1,4,0
budget-final-made-9b22f46f38016340b4c7029a,30,Ba-Be-Hf-Li,baseline,1,5,0
budget-final-made-9b22f46f38016340b4c7029a,30,Ba-Be-Hf-Li,baseline,1,6,0
budget-final-made-9b22f46f38016340b4c7029a,30,Ba-Be-Hf-Li,baseline,1,7,0
budget-final-made-9b22f46f38016340b4c7029a,30,Ba-Be-Hf-Li,baseline,1,8,0
budget-final-made-9b22f46f38016340b4c7029a,30,Ba-Be-Hf-Li,baseline,1,9,0
budget-final-made-9b22f46f38016340b4c7029a,30,Ba-Be-Hf-Li,baseline,1,10,0
budget-final-made-9b22f46f38016340b4c7029a,30,Ba-Be-Hf-Li,baseline,1,11,0
budget-final-made-9b22f46f38016340b4c7029a,30,Ba-Be-Hf-Li,baseline,1,12,0
budget-final-made-9b22f46f38016340b4c7029a,30,Ba-Be-Hf-Li,baseline,1,13,0
budget-final-made-9b22f46f38016340b4c7029a,30,Ba-Be-Hf-Li,baseline,1,14,0
budget-final-made-9b22f46f38016340b4c7029a,30,Ba-Be-Hf-Li,baseline,1,15,0
budget-final-made-9b22f46f38016340b4c7029a,30,Ba-Be-Hf-Li,baseline,1,16,0
budget-final-made-9b22f46f38016340b4c7029a,30,Ba-Be-Hf-Li,baseline,1,17,0
budget-final-made-9b22f46f38016340b4c7029a,30,Ba-Be-Hf-Li,baseline,1,18,0
budget-final-made-9b22f46f38016340b4c7029a,30,Ba-Be-Hf-Li,baseline,1,19,0
budget-final-made-9b22f46f38016340b4c7029a,30,Ba-Be-Hf-Li,baseline,1,20,0
budget-final-made-9b22f46f38016340b4c7029a,30,Ba-Be-Hf-Li,baseline,1,21,0
budget-final-made-9b22f46f38016340b4c7029a,30,Ba-Be-Hf-Li,baseline,1,22,0
budget-final-made-9b22f46f38016340b4c7029a,30,Ba-Be-Hf-Li,baseline,1,23,0
budget-final-made-9b22f46f38016340b4c7029a,30,Ba-Be-Hf-Li,baseline,1,24,0
budget-final-made-9b22f46f38016340b4c7029a,30,Ba-Be-Hf-Li,baseline,1,25,0
budget-final-made-9b22f46f38016340b4c7029a,30,Ba-Be-Hf-Li,baseline,1,26,0
budget-final-made-9b22f46f38016340b4c7029a,30,Ba-Be-Hf-Li,baseline,1,27,0
budget-final-made-9b22f46f38016340b4c7029a,30,Ba-Be-Hf-Li,baseline,1,28,0
budget-final-made-9b22f46f38016340b4c7029a,30,Ba-Be-Hf-Li,baseline,1,29,0
budget-final-made-9b22f46f38016340b4c7029a,30,Ba-Be-Hf-Li,baseline,1,30,0
budget-final-made-bcf101858cf19e586a18f9b2,30,Ba-Be-Hf-Li,esopt_graph_risk,1,0,0
budget-final-made-bcf101858cf19e586a18f9b2,30,Ba-Be-Hf-Li,esopt_graph_risk,1,1,0
budget-final-made-bcf101858cf19e586a18f9b2,30,Ba-Be-Hf-Li,esopt_graph_risk,1,2,0
budget-final-made-bcf101858cf19e586a18f9b2,30,Ba-Be-Hf-Li,esopt_graph_risk,1,3,0
budget-final-made-bcf101858cf19e586a18f9b2,30,Ba-Be-Hf-Li,esopt_graph_risk,1,4,0
budget-final-made-bcf101858cf19e586a18f9b2,30,Ba-Be-Hf-Li,esopt_graph_risk,1,5,0
budget-final-made-bcf101858cf19e586a18f9b2,30,Ba-Be-Hf-Li,esopt_graph_risk,1,6,0
budget-final-made-bcf101858cf19e586a18f9b2,30,Ba-Be-Hf-Li,esopt_graph_risk,1,7,0
budget-final-made-bcf101858cf19e586a18f9b2,30,Ba-Be-Hf-Li,esopt_graph_risk,1,8,0
budget-final-made-bcf101858cf19e586a18f9b2,30,Ba-Be-Hf-Li,esopt_graph_risk,1,9,0
budget-final-made-bcf101858cf19e586a18f9b2,30,Ba-Be-Hf-Li,esopt_graph_risk,1,10,0
budget-final-made-bcf101858cf19e586a18f9b2,30,Ba-Be-Hf-Li,esopt_graph_risk,1,11,0
budget-final-made-bcf101858cf19e586a18f9b2,30,Ba-Be-Hf-Li,esopt_graph_risk,1,12,0
budget-final-made-bcf101858cf19e586a18f9b2,30,Ba-Be-Hf-Li,esopt_graph_risk,1,13,0
budget-final-made-bcf101858cf19e586a18f9b2,30,Ba-Be-Hf-Li,esopt_graph_risk,1,14,0
budget-final-made-bcf101858cf19e586a18f9b2,30,Ba-Be-Hf-Li,esopt_graph_risk,1,15,0
budget-final-made-bcf101858cf19e586a18f9b2,30,Ba-Be-Hf-Li,esopt_graph_risk,1,16,0
budget-final-made-bcf101858cf19e586a18f9b2,30,Ba-Be-Hf-Li,esopt_graph_risk,1,17,0
budget-final-made-bcf101858cf19e586a18f9b2,30,Ba-Be-Hf-Li,esopt_graph_risk,1,18,0
budget-final-made-bcf101858cf19e586a18f9b2,30,Ba-Be-Hf-Li,esopt_graph_risk,1,19,0
budget-final-made-bcf101858cf19e586a18f9b2,30,Ba-Be-Hf-Li,esopt_graph_risk,1,20,0
budget-final-made-bcf101858cf19e586a18f9b2,30,Ba-Be-Hf-Li,esopt_graph_risk,1,21,0
budget-final-made-bcf101858cf19e586a18f9b2,30,Ba-Be-Hf-Li,esopt_graph_risk,1,22,0
budget-final-made-bcf101858cf19e586a18f9b2,30,Ba-Be-Hf-Li,esopt_graph_risk,1,23,0
budget-final-made-bcf101858cf19e586a18f9b2,30,Ba-Be-Hf-Li,esopt_graph_risk,1,24,0
budget-final-made-bcf101858cf19e586a18f9b2,30,Ba-Be-Hf-Li,esopt_graph_risk,1,25,0
budget-final-made-bcf101858cf19e586a18f9b2,30,Ba-Be-Hf-Li,esopt_graph_risk,1,26,0
budget-final-made-bcf101858cf19e586a18f9b2,30,Ba-Be-Hf-Li,esopt_graph_risk,1,27,0
budget-final-made-bcf101858cf19e586a18f9b2,30,Ba-Be-Hf-Li,esopt_graph_risk,1,28,0
budget-final-made-bcf101858cf19e586a18f9b2,30,Ba-Be-Hf-Li,esopt_graph_risk,1,29,0
budget-final-made-bcf101858cf19e586a18f9b2,30,Ba-Be-Hf-Li,esopt_graph_risk,1,30,0
budget-final-made-aa6d5d1f650c00591d6456ac,30,Ba-Nd-Ni-W,baseline,1,0,0
budget-final-made-aa6d5d1f650c00591d6456ac,30,Ba-Nd-Ni-W,baseline,1,1,0
budget-final-made-aa6d5d1f650c00591d6456ac,30,Ba-Nd-Ni-W,baseline,1,2,0
budget-final-made-aa6d5d1f650c00591d6456ac,30,Ba-Nd-Ni-W,baseline,1,3,0
budget-final-made-aa6d5d1f650c00591d6456ac,30,Ba-Nd-Ni-W,baseline,1,4,0
budget-final-made-aa6d5d1f650c00591d6456ac,30,Ba-Nd-Ni-W,baseline,1,5,0
budget-final-made-aa6d5d1f650c00591d6456ac,30,Ba-Nd-Ni-W,baseline,1,6,0
budget-final-made-aa6d5d1f650c00591d6456ac,30,Ba-Nd-Ni-W,baseline,1,7,0
budget-final-made-aa6d5d1f650c00591d6456ac,30,Ba-Nd-Ni-W,baseline,1,8,0
budget-final-made-aa6d5d1f650c00591d6456ac,30,Ba-Nd-Ni-W,baseline,1,9,0
budget-final-made-aa6d5d1f650c00591d6456ac,30,Ba-Nd-Ni-W,baseline,1,10,0
budget-final-made-aa6d5d1f650c00591d6456ac,30,Ba-Nd-Ni-W,baseline,1,11,0
budget-final-made-aa6d5d1f650c00591d6456ac,30,Ba-Nd-Ni-W,baseline,1,12,0
budget-final-made-aa6d5d1f650c00591d6456ac,30,Ba-Nd-Ni-W,baseline,1,13,0
budget-final-made-aa6d5d1f650c00591d6456ac,30,Ba-Nd-Ni-W,baseline,1,14,0
budget-final-made-aa6d5d1f650c00591d6456ac,30,Ba-Nd-Ni-W,baseline,1,15,0
budget-final-made-aa6d5d1f650c00591d6456ac,30,Ba-Nd-Ni-W,baseline,1,16,0
budget-final-made-aa6d5d1f650c00591d6456ac,30,Ba-Nd-Ni-W,baseline,1,17,0
budget-final-made-aa6d5d1f650c00591d6456ac,30,Ba-Nd-Ni-W,baseline,1,18,0
budget-final-made-aa6d5d1f650c00591d6456ac,30,Ba-Nd-Ni-W,baseline,1,19,0
budget-final-made-aa6d5d1f650c00591d6456ac,30,Ba-Nd-Ni-W,baseline,1,20,0
budget-final-made-aa6d5d1f650c00591d6456ac,30,Ba-Nd-Ni-W,baseline,1,21,0
budget-final-made-aa6d5d1f650c00591d6456ac,30,Ba-Nd-Ni-W,baseline,1,22,0
budget-final-made-aa6d5d1f650c00591d6456ac,30,Ba-Nd-Ni-W,baseline,1,23,0
budget-final-made-aa6d5d1f650c00591d6456ac,30,Ba-Nd-Ni-W,baseline,1,24,0
budget-final-made-aa6d5d1f650c00591d6456ac,30,Ba-Nd-Ni-W,baseline,1,25,0
budget-final-made-aa6d5d1f650c00591d6456ac,30,Ba-Nd-Ni-W,baseline,1,26,0
budget-final-made-aa6d5d1f650c00591d6456ac,30,Ba-Nd-Ni-W,baseline,1,27,0
budget-final-made-aa6d5d1f650c00591d6456ac,30,Ba-Nd-Ni-W,baseline,1,28,0
budget-final-made-aa6d5d1f650c00591d6456ac,30,Ba-Nd-Ni-W,baseline,1,29,0
budget-final-made-aa6d5d1f650c00591d6456ac,30,Ba-Nd-Ni-W,baseline,1,30,0
budget-final-made-29687eadc1cd9b021ab3531e,30,Ba-Nd-Ni-W,esopt_graph_risk,1,0,0
budget-final-made-29687eadc1cd9b021ab3531e,30,Ba-Nd-Ni-W,esopt_graph_risk,1,1,0
budget-final-made-29687eadc1cd9b021ab3531e,30,Ba-Nd-Ni-W,esopt_graph_risk,1,2,0
budget-final-made-29687eadc1cd9b021ab3531e,30,Ba-Nd-Ni-W,esopt_graph_risk,1,3,0
budget-final-made-29687eadc1cd9b021ab3531e,30,Ba-Nd-Ni-W,esopt_graph_risk,1,4,0
budget-final-made-29687eadc1cd9b021ab3531e,30,Ba-Nd-Ni-W,esopt_graph_risk,1,5,0
budget-final-made-29687eadc1cd9b021ab3531e,30,Ba-Nd-Ni-W,esopt_graph_risk,1,6,0
budget-final-made-29687eadc1cd9b021ab3531e,30,Ba-Nd-Ni-W,esopt_graph_risk,1,7,0
budget-final-made-29687eadc1cd9b021ab3531e,30,Ba-Nd-Ni-W,esopt_graph_risk,1,8,0
budget-final-made-29687eadc1cd9b021ab3531e,30,Ba-Nd-Ni-W,esopt_graph_risk,1,9,0
budget-final-made-29687eadc1cd9b021ab3531e,30,Ba-Nd-Ni-W,esopt_graph_risk,1,10,0
budget-final-made-29687eadc1cd9b021ab3531e,30,Ba-Nd-Ni-W,esopt_graph_risk,1,11,0
budget-final-made-29687eadc1cd9b021ab3531e,30,Ba-Nd-Ni-W,esopt_graph_risk,1,12,0
budget-final-made-29687eadc1cd9b021ab3531e,30,Ba-Nd-Ni-W,esopt_graph_risk,1,13,0
budget-final-made-29687eadc1cd9b021ab3531e,30,Ba-Nd-Ni-W,esopt_graph_risk,1,14,0
budget-final-made-29687eadc1cd9b021ab3531e,30,Ba-Nd-Ni-W,esopt_graph_risk,1,15,0
budget-final-made-29687eadc1cd9b021ab3531e,30,Ba-Nd-Ni-W,esopt_graph_risk,1,16,0
budget-final-made-29687eadc1cd9b021ab3531e,30,Ba-Nd-Ni-W,esopt_graph_risk,1,17,0
budget-final-made-29687eadc1cd9b021ab3531e,30,Ba-Nd-Ni-W,esopt_graph_risk,1,18,0
budget-final-made-29687eadc1cd9b021ab3531e,30,Ba-Nd-Ni-W,esopt_graph_risk,1,19,0
budget-final-made-29687eadc1cd9b021ab3531e,30,Ba-Nd-Ni-W,esopt_graph_risk,1,20,0
budget-final-made-29687eadc1cd9b021ab3531e,30,Ba-Nd-Ni-W,esopt_graph_risk,1,21,0
budget-final-made-29687eadc1cd9b021ab3531e,30,Ba-Nd-Ni-W,esopt_graph_risk,1,22,0
budget-final-made-29687eadc1cd9b021ab3531e,30,Ba-Nd-Ni-W,esopt_graph_risk,1,23,0
budget-final-made-29687eadc1cd9b021ab3531e,30,Ba-Nd-Ni-W,esopt_graph_risk,1,24,0
budget-final-made-29687eadc1cd9b021ab3531e,30,Ba-Nd-Ni-W,esopt_graph_risk,1,25,0
budget-final-made-29687eadc1cd9b021ab3531e,30,Ba-Nd-Ni-W,esopt_graph_risk,1,26,0
budget-final-made-29687eadc1cd9b021ab3531e,30,Ba-Nd-Ni-W,esopt_graph_risk,1,27,0
budget-final-made-29687eadc1cd9b021ab3531e,30,Ba-Nd-Ni-W,esopt_graph_risk,1,28,0
budget-final-made-29687eadc1cd9b021ab3531e,30,Ba-Nd-Ni-W,esopt_graph_risk,1,29,0
budget-final-made-29687eadc1cd9b021ab3531e,30,Ba-Nd-Ni-W,esopt_graph_risk,1,30,0
budget-final-made-de4b07758928f3ec69fc5ba8,30,Ca-Fe-Gd-Pb-Tb,baseline,1,0,0
budget-final-made-de4b07758928f3ec69fc5ba8,30,Ca-Fe-Gd-Pb-Tb,baseline,1,1,0
budget-final-made-de4b07758928f3ec69fc5ba8,30,Ca-Fe-Gd-Pb-Tb,baseline,1,2,0
budget-final-made-de4b07758928f3ec69fc5ba8,30,Ca-Fe-Gd-Pb-Tb,baseline,1,3,0
budget-final-made-de4b07758928f3ec69fc5ba8,30,Ca-Fe-Gd-Pb-Tb,baseline,1,4,0
budget-final-made-de4b07758928f3ec69fc5ba8,30,Ca-Fe-Gd-Pb-Tb,baseline,1,5,0
budget-final-made-de4b07758928f3ec69fc5ba8,30,Ca-Fe-Gd-Pb-Tb,baseline,1,6,0
budget-final-made-de4b07758928f3ec69fc5ba8,30,Ca-Fe-Gd-Pb-Tb,baseline,1,7,0
budget-final-made-de4b07758928f3ec69fc5ba8,30,Ca-Fe-Gd-Pb-Tb,baseline,1,8,0
budget-final-made-de4b07758928f3ec69fc5ba8,30,Ca-Fe-Gd-Pb-Tb,baseline,1,9,0
budget-final-made-de4b07758928f3ec69fc5ba8,30,Ca-Fe-Gd-Pb-Tb,baseline,1,10,0
budget-final-made-de4b07758928f3ec69fc5ba8,30,Ca-Fe-Gd-Pb-Tb,baseline,1,11,0
budget-final-made-de4b07758928f3ec69fc5ba8,30,Ca-Fe-Gd-Pb-Tb,baseline,1,12,0
budget-final-made-de4b07758928f3ec69fc5ba8,30,Ca-Fe-Gd-Pb-Tb,baseline,1,13,0
budget-final-made-de4b07758928f3ec69fc5ba8,30,Ca-Fe-Gd-Pb-Tb,baseline,1,14,0
budget-final-made-de4b07758928f3ec69fc5ba8,30,Ca-Fe-Gd-Pb-Tb,baseline,1,15,0
budget-final-made-de4b07758928f3ec69fc5ba8,30,Ca-Fe-Gd-Pb-Tb,baseline,1,16,0
budget-final-made-de4b07758928f3ec69fc5ba8,30,Ca-Fe-Gd-Pb-Tb,baseline,1,17,0
budget-final-made-de4b07758928f3ec69fc5ba8,30,Ca-Fe-Gd-Pb-Tb,baseline,1,18,0
budget-final-made-de4b07758928f3ec69fc5ba8,30,Ca-Fe-Gd-Pb-Tb,baseline,1,19,0
budget-final-made-de4b07758928f3ec69fc5ba8,30,Ca-Fe-Gd-Pb-Tb,baseline,1,20,0
budget-final-made-de4b07758928f3ec69fc5ba8,30,Ca-Fe-Gd-Pb-Tb,baseline,1,21,0
budget-final-made-de4b07758928f3ec69fc5ba8,30,Ca-Fe-Gd-Pb-Tb,baseline,1,22,0
budget-final-made-de4b07758928f3ec69fc5ba8,30,Ca-Fe-Gd-Pb-Tb,baseline,1,23,0
budget-final-made-de4b07758928f3ec69fc5ba8,30,Ca-Fe-Gd-Pb-Tb,baseline,1,24,0
budget-final-made-de4b07758928f3ec69fc5ba8,30,Ca-Fe-Gd-Pb-Tb,baseline,1,25,0
budget-final-made-de4b07758928f3ec69fc5ba8,30,Ca-Fe-Gd-Pb-Tb,baseline,1,26,0
budget-final-made-de4b07758928f3ec69fc5ba8,30,Ca-Fe-Gd-Pb-Tb,baseline,1,27,0
budget-final-made-de4b07758928f3ec69fc5ba8,30,Ca-Fe-Gd-Pb-Tb,baseline,1,28,0
budget-final-made-de4b07758928f3ec69fc5ba8,30,Ca-Fe-Gd-Pb-Tb,baseline,1,29,0
budget-final-made-de4b07758928f3ec69fc5ba8,30,Ca-Fe-Gd-Pb-Tb,baseline,1,30,0
budget-final-made-5229dd593febbbedf3d3fc63,30,Ca-Fe-Gd-Pb-Tb,esopt_graph_risk,1,0,0
budget-final-made-5229dd593febbbedf3d3fc63,30,Ca-Fe-Gd-Pb-Tb,esopt_graph_risk,1,1,0
budget-final-made-5229dd593febbbedf3d3fc63,30,Ca-Fe-Gd-Pb-Tb,esopt_graph_risk,1,2,0
budget-final-made-5229dd593febbbedf3d3fc63,30,Ca-Fe-Gd-Pb-Tb,esopt_graph_risk,1,3,0
budget-final-made-5229dd593febbbedf3d3fc63,30,Ca-Fe-Gd-Pb-Tb,esopt_graph_risk,1,4,0
budget-final-made-5229dd593febbbedf3d3fc63,30,Ca-Fe-Gd-Pb-Tb,esopt_graph_risk,1,5,0
budget-final-made-5229dd593febbbedf3d3fc63,30,Ca-Fe-Gd-Pb-Tb,esopt_graph_risk,1,6,0
budget-final-made-5229dd593febbbedf3d3fc63,30,Ca-Fe-Gd-Pb-Tb,esopt_graph_risk,1,7,0
budget-final-made-5229dd593febbbedf3d3fc63,30,Ca-Fe-Gd-Pb-Tb,esopt_graph_risk,1,8,0
budget-final-made-5229dd593febbbedf3d3fc63,30,Ca-Fe-Gd-Pb-Tb,esopt_graph_risk,1,9,0
budget-final-made-5229dd593febbbedf3d3fc63,30,Ca-Fe-Gd-Pb-Tb,esopt_graph_risk,1,10,0
budget-final-made-5229dd593febbbedf3d3fc63,30,Ca-Fe-Gd-Pb-Tb,esopt_graph_risk,1,11,0
budget-final-made-5229dd593febbbedf3d3fc63,30,Ca-Fe-Gd-Pb-Tb,esopt_graph_risk,1,12,0
budget-final-made-5229dd593febbbedf3d3fc63,30,Ca-Fe-Gd-Pb-Tb,esopt_graph_risk,1,13,0
budget-final-made-5229dd593febbbedf3d3fc63,30,Ca-Fe-Gd-Pb-Tb,esopt_graph_risk,1,14,0
budget-final-made-5229dd593febbbedf3d3fc63,30,Ca-Fe-Gd-Pb-Tb,esopt_graph_risk,1,15,0
budget-final-made-5229dd593febbbedf3d3fc63,30,Ca-Fe-Gd-Pb-Tb,esopt_graph_risk,1,16,0
budget-final-made-5229dd593febbbedf3d3fc63,30,Ca-Fe-Gd-Pb-Tb,esopt_graph_risk,1,17,0
budget-final-made-5229dd593febbbedf3d3fc63,30,Ca-Fe-Gd-Pb-Tb,esopt_graph_risk,1,18,0
budget-final-made-5229dd593febbbedf3d3fc63,30,Ca-Fe-Gd-Pb-Tb,esopt_graph_risk,1,19,0
budget-final-made-5229dd593febbbedf3d3fc63,30,Ca-Fe-Gd-Pb-Tb,esopt_graph_risk,1,20,0
budget-final-made-5229dd593febbbedf3d3fc63,30,Ca-Fe-Gd-Pb-Tb,esopt_graph_risk,1,21,0
budget-final-made-5229dd593febbbedf3d3fc63,30,Ca-Fe-Gd-Pb-Tb,esopt_graph_risk,1,22,0
budget-final-made-5229dd593febbbedf3d3fc63,30,Ca-Fe-Gd-Pb-Tb,esopt_graph_risk,1,23,0
budget-final-made-5229dd593febbbedf3d3fc63,30,Ca-Fe-Gd-Pb-Tb,esopt_graph_risk,1,24,0
budget-final-made-5229dd593febbbedf3d3fc63,30,Ca-Fe-Gd-Pb-Tb,esopt_graph_risk,1,25,0
budget-final-made-5229dd593febbbedf3d3fc63,30,Ca-Fe-Gd-Pb-Tb,esopt_graph_risk,1,26,0
budget-final-made-5229dd593febbbedf3d3fc63,30,Ca-Fe-Gd-Pb-Tb,esopt_graph_risk,1,27,0
budget-final-made-5229dd593febbbedf3d3fc63,30,Ca-Fe-Gd-Pb-Tb,esopt_graph_risk,1,28,0
budget-final-made-5229dd593febbbedf3d3fc63,30,Ca-Fe-Gd-Pb-Tb,esopt_graph_risk,1,29,0
budget-final-made-5229dd593febbbedf3d3fc63,30,Ca-Fe-Gd-Pb-Tb,esopt_graph_risk,1,30,0
budget-final-made-a6e4dac0bf2f5ff023d4600e,30,Ca-Pd-Sn-W,baseline,1,0,0
budget-final-made-a6e4dac0bf2f5ff023d4600e,30,Ca-Pd-Sn-W,baseline,1,1,0
budget-final-made-a6e4dac0bf2f5ff023d4600e,30,Ca-Pd-Sn-W,baseline,1,2,0
budget-final-made-a6e4dac0bf2f5ff023d4600e,30,Ca-Pd-Sn-W,baseline,1,3,0
budget-final-made-a6e4dac0bf2f5ff023d4600e,30,Ca-Pd-Sn-W,baseline,1,4,0
budget-final-made-a6e4dac0bf2f5ff023d4600e,30,Ca-Pd-Sn-W,baseline,1,5,0
budget-final-made-a6e4dac0bf2f5ff023d4600e,30,Ca-Pd-Sn-W,baseline,1,6,0
budget-final-made-a6e4dac0bf2f5ff023d4600e,30,Ca-Pd-Sn-W,baseline,1,7,0
budget-final-made-a6e4dac0bf2f5ff023d4600e,30,Ca-Pd-Sn-W,baseline,1,8,0
budget-final-made-a6e4dac0bf2f5ff023d4600e,30,Ca-Pd-Sn-W,baseline,1,9,0
budget-final-made-a6e4dac0bf2f5ff023d4600e,30,Ca-Pd-Sn-W,baseline,1,10,0
budget-final-made-a6e4dac0bf2f5ff023d4600e,30,Ca-Pd-Sn-W,baseline,1,11,0
budget-final-made-a6e4dac0bf2f5ff023d4600e,30,Ca-Pd-Sn-W,baseline,1,12,0
budget-final-made-a6e4dac0bf2f5ff023d4600e,30,Ca-Pd-Sn-W,baseline,1,13,0
budget-final-made-a6e4dac0bf2f5ff023d4600e,30,Ca-Pd-Sn-W,baseline,1,14,0
budget-final-made-a6e4dac0bf2f5ff023d4600e,30,Ca-Pd-Sn-W,baseline,1,15,0
budget-final-made-a6e4dac0bf2f5ff023d4600e,30,Ca-Pd-Sn-W,baseline,1,16,0
budget-final-made-a6e4dac0bf2f5ff023d4600e,30,Ca-Pd-Sn-W,baseline,1,17,0
budget-final-made-a6e4dac0bf2f5ff023d4600e,30,Ca-Pd-Sn-W,baseline,1,18,0
budget-final-made-a6e4dac0bf2f5ff023d4600e,30,Ca-Pd-Sn-W,baseline,1,19,0
budget-final-made-a6e4dac0bf2f5ff023d4600e,30,Ca-Pd-Sn-W,baseline,1,20,0
budget-final-made-a6e4dac0bf2f5ff023d4600e,30,Ca-Pd-Sn-W,baseline,1,21,0
budget-final-made-a6e4dac0bf2f5ff023d4600e,30,Ca-Pd-Sn-W,baseline,1,22,0
budget-final-made-a6e4dac0bf2f5ff023d4600e,30,Ca-Pd-Sn-W,baseline,1,23,0
budget-final-made-a6e4dac0bf2f5ff023d4600e,30,Ca-Pd-Sn-W,baseline,1,24,0
budget-final-made-a6e4dac0bf2f5ff023d4600e,30,Ca-Pd-Sn-W,baseline,1,25,0
budget-final-made-a6e4dac0bf2f5ff023d4600e,30,Ca-Pd-Sn-W,baseline,1,26,0
budget-final-made-a6e4dac0bf2f5ff023d4600e,30,Ca-Pd-Sn-W,baseline,1,27,0
budget-final-made-a6e4dac0bf2f5ff023d4600e,30,Ca-Pd-Sn-W,baseline,1,28,0
budget-final-made-a6e4dac0bf2f5ff023d4600e,30,Ca-Pd-Sn-W,baseline,1,29,0
budget-final-made-a6e4dac0bf2f5ff023d4600e,30,Ca-Pd-Sn-W,baseline,1,30,0
budget-final-made-9e1ea458840dddf355f8c735,30,Ca-Pd-Sn-W,esopt_graph_risk,1,0,0
budget-final-made-9e1ea458840dddf355f8c735,30,Ca-Pd-Sn-W,esopt_graph_risk,1,1,0
budget-final-made-9e1ea458840dddf355f8c735,30,Ca-Pd-Sn-W,esopt_graph_risk,1,2,0
budget-final-made-9e1ea458840dddf355f8c735,30,Ca-Pd-Sn-W,esopt_graph_risk,1,3,0
budget-final-made-9e1ea458840dddf355f8c735,30,Ca-Pd-Sn-W,esopt_graph_risk,1,4,0
budget-final-made-9e1ea458840dddf355f8c735,30,Ca-Pd-Sn-W,esopt_graph_risk,1,5,0
budget-final-made-9e1ea458840dddf355f8c735,30,Ca-Pd-Sn-W,esopt_graph_risk,1,6,0
budget-final-made-9e1ea458840dddf355f8c735,30,Ca-Pd-Sn-W,esopt_graph_risk,1,7,0
budget-final-made-9e1ea458840dddf355f8c735,30,Ca-Pd-Sn-W,esopt_graph_risk,1,8,0
budget-final-made-9e1ea458840dddf355f8c735,30,Ca-Pd-Sn-W,esopt_graph_risk,1,9,0
budget-final-made-9e1ea458840dddf355f8c735,30,Ca-Pd-Sn-W,esopt_graph_risk,1,10,0
budget-final-made-9e1ea458840dddf355f8c735,30,Ca-Pd-Sn-W,esopt_graph_risk,1,11,0
budget-final-made-9e1ea458840dddf355f8c735,30,Ca-Pd-Sn-W,esopt_graph_risk,1,12,0
budget-final-made-9e1ea458840dddf355f8c735,30,Ca-Pd-Sn-W,esopt_graph_risk,1,13,0
budget-final-made-9e1ea458840dddf355f8c735,30,Ca-Pd-Sn-W,esopt_graph_risk,1,14,0
budget-final-made-9e1ea458840dddf355f8c735,30,Ca-Pd-Sn-W,esopt_graph_risk,1,15,0
budget-final-made-9e1ea458840dddf355f8c735,30,Ca-Pd-Sn-W,esopt_graph_risk,1,16,0
budget-final-made-9e1ea458840dddf355f8c735,30,Ca-Pd-Sn-W,esopt_graph_risk,1,17,0
budget-final-made-9e1ea458840dddf355f8c735,30,Ca-Pd-Sn-W,esopt_graph_risk,1,18,0
budget-final-made-9e1ea458840dddf355f8c735,30,Ca-Pd-Sn-W,esopt_graph_risk,1,19,0
budget-final-made-9e1ea458840dddf355f8c735,30,Ca-Pd-Sn-W,esopt_graph_risk,1,20,0
budget-final-made-9e1ea458840dddf355f8c735,30,Ca-Pd-Sn-W,esopt_graph_risk,1,21,0
budget-final-made-9e1ea458840dddf355f8c735,30,Ca-Pd-Sn-W,esopt_graph_risk,1,22,0
budget-final-made-9e1ea458840dddf355f8c735,30,Ca-Pd-Sn-W,esopt_graph_risk,1,23,0
budget-final-made-9e1ea458840dddf355f8c735,30,Ca-Pd-Sn-W,esopt_graph_risk,1,24,0
budget-final-made-9e1ea458840dddf355f8c735,30,Ca-Pd-Sn-W,esopt_graph_risk,1,25,0
budget-final-made-9e1ea458840dddf355f8c735,30,Ca-Pd-Sn-W,esopt_graph_risk,1,26,0
budget-final-made-9e1ea458840dddf355f8c735,30,Ca-Pd-Sn-W,esopt_graph_risk,1,27,0
budget-final-made-9e1ea458840dddf355f8c735,30,Ca-Pd-Sn-W,esopt_graph_risk,1,28,0
budget-final-made-9e1ea458840dddf355f8c735,30,Ca-Pd-Sn-W,esopt_graph_risk,1,29,0
budget-final-made-9e1ea458840dddf355f8c735,30,Ca-Pd-Sn-W,esopt_graph_risk,1,30,0
budget-final-made-b1ade687c701620d36bd740e,30,Cd-Gd-Mn-Na-Ta,baseline,1,0,0
budget-final-made-b1ade687c701620d36bd740e,30,Cd-Gd-Mn-Na-Ta,baseline,1,1,0
budget-final-made-b1ade687c701620d36bd740e,30,Cd-Gd-Mn-Na-Ta,baseline,1,2,0
budget-final-made-b1ade687c701620d36bd740e,30,Cd-Gd-Mn-Na-Ta,baseline,1,3,0
budget-final-made-b1ade687c701620d36bd740e,30,Cd-Gd-Mn-Na-Ta,baseline,1,4,0
budget-final-made-b1ade687c701620d36bd740e,30,Cd-Gd-Mn-Na-Ta,baseline,1,5,0
budget-final-made-b1ade687c701620d36bd740e,30,Cd-Gd-Mn-Na-Ta,baseline,1,6,0
budget-final-made-b1ade687c701620d36bd740e,30,Cd-Gd-Mn-Na-Ta,baseline,1,7,0
budget-final-made-b1ade687c701620d36bd740e,30,Cd-Gd-Mn-Na-Ta,baseline,1,8,0
budget-final-made-b1ade687c701620d36bd740e,30,Cd-Gd-Mn-Na-Ta,baseline,1,9,0
budget-final-made-b1ade687c701620d36bd740e,30,Cd-Gd-Mn-Na-Ta,baseline,1,10,0
budget-final-made-b1ade687c701620d36bd740e,30,Cd-Gd-Mn-Na-Ta,baseline,1,11,0
budget-final-made-b1ade687c701620d36bd740e,30,Cd-Gd-Mn-Na-Ta,baseline,1,12,0
budget-final-made-b1ade687c701620d36bd740e,30,Cd-Gd-Mn-Na-Ta,baseline,1,13,0
budget-final-made-b1ade687c701620d36bd740e,30,Cd-Gd-Mn-Na-Ta,baseline,1,14,0
budget-final-made-b1ade687c701620d36bd740e,30,Cd-Gd-Mn-Na-Ta,baseline,1,15,0
budget-final-made-b1ade687c701620d36bd740e,30,Cd-Gd-Mn-Na-Ta,baseline,1,16,0
budget-final-made-b1ade687c701620d36bd740e,30,Cd-Gd-Mn-Na-Ta,baseline,1,17,0
budget-final-made-b1ade687c701620d36bd740e,30,Cd-Gd-Mn-Na-Ta,baseline,1,18,0
budget-final-made-b1ade687c701620d36bd740e,30,Cd-Gd-Mn-Na-Ta,baseline,1,19,0
budget-final-made-b1ade687c701620d36bd740e,30,Cd-Gd-Mn-Na-Ta,baseline,1,20,0
budget-final-made-b1ade687c701620d36bd740e,30,Cd-Gd-Mn-Na-Ta,baseline,1,21,0
budget-final-made-b1ade687c701620d36bd740e,30,Cd-Gd-Mn-Na-Ta,baseline,1,22,0
budget-final-made-b1ade687c701620d36bd740e,30,Cd-Gd-Mn-Na-Ta,baseline,1,23,0
budget-final-made-b1ade687c701620d36bd740e,30,Cd-Gd-Mn-Na-Ta,baseline,1,24,0
budget-final-made-b1ade687c701620d36bd740e,30,Cd-Gd-Mn-Na-Ta,baseline,1,25,0
budget-final-made-b1ade687c701620d36bd740e,30,Cd-Gd-Mn-Na-Ta,baseline,1,26,0
budget-final-made-b1ade687c701620d36bd740e,30,Cd-Gd-Mn-Na-Ta,baseline,1,27,0
budget-final-made-b1ade687c701620d36bd740e,30,Cd-Gd-Mn-Na-Ta,baseline,1,28,0
budget-final-made-b1ade687c701620d36bd740e,30,Cd-Gd-Mn-Na-Ta,baseline,1,29,0
budget-final-made-b1ade687c701620d36bd740e,30,Cd-Gd-Mn-Na-Ta,baseline,1,30,0
budget-final-made-ae7150fca0797615db04e008,30,Cd-Gd-Mn-Na-Ta,esopt_graph_risk,1,0,0
budget-final-made-ae7150fca0797615db04e008,30,Cd-Gd-Mn-Na-Ta,esopt_graph_risk,1,1,0
budget-final-made-ae7150fca0797615db04e008,30,Cd-Gd-Mn-Na-Ta,esopt_graph_risk,1,2,0
budget-final-made-ae7150fca0797615db04e008,30,Cd-Gd-Mn-Na-Ta,esopt_graph_risk,1,3,0
budget-final-made-ae7150fca0797615db04e008,30,Cd-Gd-Mn-Na-Ta,esopt_graph_risk,1,4,0
budget-final-made-ae7150fca0797615db04e008,30,Cd-Gd-Mn-Na-Ta,esopt_graph_risk,1,5,0
budget-final-made-ae7150fca0797615db04e008,30,Cd-Gd-Mn-Na-Ta,esopt_graph_risk,1,6,0
budget-final-made-ae7150fca0797615db04e008,30,Cd-Gd-Mn-Na-Ta,esopt_graph_risk,1,7,0
budget-final-made-ae7150fca0797615db04e008,30,Cd-Gd-Mn-Na-Ta,esopt_graph_risk,1,8,0
budget-final-made-ae7150fca0797615db04e008,30,Cd-Gd-Mn-Na-Ta,esopt_graph_risk,1,9,0
budget-final-made-ae7150fca0797615db04e008,30,Cd-Gd-Mn-Na-Ta,esopt_graph_risk,1,10,0
budget-final-made-ae7150fca0797615db04e008,30,Cd-Gd-Mn-Na-Ta,esopt_graph_risk,1,11,0
budget-final-made-ae7150fca0797615db04e008,30,Cd-Gd-Mn-Na-Ta,esopt_graph_risk,1,12,0
budget-final-made-ae7150fca0797615db04e008,30,Cd-Gd-Mn-Na-Ta,esopt_graph_risk,1,13,0
budget-final-made-ae7150fca0797615db04e008,30,Cd-Gd-Mn-Na-Ta,esopt_graph_risk,1,14,0
budget-final-made-ae7150fca0797615db04e008,30,Cd-Gd-Mn-Na-Ta,esopt_graph_risk,1,15,0
budget-final-made-ae7150fca0797615db04e008,30,Cd-Gd-Mn-Na-Ta,esopt_graph_risk,1,16,0
budget-final-made-ae7150fca0797615db04e008,30,Cd-Gd-Mn-Na-Ta,esopt_graph_risk,1,17,0
budget-final-made-ae7150fca0797615db04e008,30,Cd-Gd-Mn-Na-Ta,esopt_graph_risk,1,18,0
budget-final-made-ae7150fca0797615db04e008,30,Cd-Gd-Mn-Na-Ta,esopt_graph_risk,1,19,0
budget-final-made-ae7150fca0797615db04e008,30,Cd-Gd-Mn-Na-Ta,esopt_graph_risk,1,20,0
budget-final-made-ae7150fca0797615db04e008,30,Cd-Gd-Mn-Na-Ta,esopt_graph_risk,1,21,0
budget-final-made-ae7150fca0797615db04e008,30,Cd-Gd-Mn-Na-Ta,esopt_graph_risk,1,22,0
budget-final-made-ae7150fca0797615db04e008,30,Cd-Gd-Mn-Na-Ta,esopt_graph_risk,1,23,0
budget-final-made-ae7150fca0797615db04e008,30,Cd-Gd-Mn-Na-Ta,esopt_graph_risk,1,24,0
budget-final-made-ae7150fca0797615db04e008,30,Cd-Gd-Mn-Na-Ta,esopt_graph_risk,1,25,0
budget-final-made-ae7150fca0797615db04e008,30,Cd-Gd-Mn-Na-Ta,esopt_graph_risk,1,26,0
budget-final-made-ae7150fca0797615db04e008,30,Cd-Gd-Mn-Na-Ta,esopt_graph_risk,1,27,0
budget-final-made-ae7150fca0797615db04e008,30,Cd-Gd-Mn-Na-Ta,esopt_graph_risk,1,28,0
budget-final-made-ae7150fca0797615db04e008,30,Cd-Gd-Mn-Na-Ta,esopt_graph_risk,1,29,0
budget-final-made-ae7150fca0797615db04e008,30,Cd-Gd-Mn-Na-Ta,esopt_graph_risk,1,30,0
budget-final-made-bddfff2e8be0e2e021389547,30,Cd-Li-Nd-Ti-W,baseline,1,0,0
budget-final-made-bddfff2e8be0e2e021389547,30,Cd-Li-Nd-Ti-W,baseline,1,1,1
budget-final-made-bddfff2e8be0e2e021389547,30,Cd-Li-Nd-Ti-W,baseline,1,2,1
budget-final-made-bddfff2e8be0e2e021389547,30,Cd-Li-Nd-Ti-W,baseline,1,3,2
budget-final-made-bddfff2e8be0e2e021389547,30,Cd-Li-Nd-Ti-W,baseline,1,4,2
budget-final-made-bddfff2e8be0e2e021389547,30,Cd-Li-Nd-Ti-W,baseline,1,5,2
budget-final-made-bddfff2e8be0e2e021389547,30,Cd-Li-Nd-Ti-W,baseline,1,6,2
budget-final-made-bddfff2e8be0e2e021389547,30,Cd-Li-Nd-Ti-W,baseline,1,7,2
budget-final-made-bddfff2e8be0e2e021389547,30,Cd-Li-Nd-Ti-W,baseline,1,8,2
budget-final-made-bddfff2e8be0e2e021389547,30,Cd-Li-Nd-Ti-W,baseline,1,9,2
budget-final-made-bddfff2e8be0e2e021389547,30,Cd-Li-Nd-Ti-W,baseline,1,10,2
budget-final-made-bddfff2e8be0e2e021389547,30,Cd-Li-Nd-Ti-W,baseline,1,11,2
budget-final-made-bddfff2e8be0e2e021389547,30,Cd-Li-Nd-Ti-W,baseline,1,12,2
budget-final-made-bddfff2e8be0e2e021389547,30,Cd-Li-Nd-Ti-W,baseline,1,13,2
budget-final-made-bddfff2e8be0e2e021389547,30,Cd-Li-Nd-Ti-W,baseline,1,14,2
budget-final-made-bddfff2e8be0e2e021389547,30,Cd-Li-Nd-Ti-W,baseline,1,15,2
budget-final-made-bddfff2e8be0e2e021389547,30,Cd-Li-Nd-Ti-W,baseline,1,16,2
budget-final-made-bddfff2e8be0e2e021389547,30,Cd-Li-Nd-Ti-W,baseline,1,17,2
budget-final-made-bddfff2e8be0e2e021389547,30,Cd-Li-Nd-Ti-W,baseline,1,18,2
budget-final-made-bddfff2e8be0e2e021389547,30,Cd-Li-Nd-Ti-W,baseline,1,19,2
budget-final-made-bddfff2e8be0e2e021389547,30,Cd-Li-Nd-Ti-W,baseline,1,20,2
budget-final-made-bddfff2e8be0e2e021389547,30,Cd-Li-Nd-Ti-W,baseline,1,21,2
budget-final-made-bddfff2e8be0e2e021389547,30,Cd-Li-Nd-Ti-W,baseline,1,22,2
budget-final-made-bddfff2e8be0e2e021389547,30,Cd-Li-Nd-Ti-W,baseline,1,23,2
budget-final-made-bddfff2e8be0e2e021389547,30,Cd-Li-Nd-Ti-W,baseline,1,24,2
budget-final-made-bddfff2e8be0e2e021389547,30,Cd-Li-Nd-Ti-W,baseline,1,25,2
budget-final-made-bddfff2e8be0e2e021389547,30,Cd-Li-Nd-Ti-W,baseline,1,26,2
budget-final-made-bddfff2e8be0e2e021389547,30,Cd-Li-Nd-Ti-W,baseline,1,27,2
budget-final-made-bddfff2e8be0e2e021389547,30,Cd-Li-Nd-Ti-W,baseline,1,28,2
budget-final-made-bddfff2e8be0e2e021389547,30,Cd-Li-Nd-Ti-W,baseline,1,29,2
budget-final-made-bddfff2e8be0e2e021389547,30,Cd-Li-Nd-Ti-W,baseline,1,30,2
budget-final-made-9d3cce6ae5efa343d55faaab,30,Cd-Li-Nd-Ti-W,esopt_graph_risk,1,0,0
budget-final-made-9d3cce6ae5efa343d55faaab,30,Cd-Li-Nd-Ti-W,esopt_graph_risk,1,1,1
budget-final-made-9d3cce6ae5efa343d55faaab,30,Cd-Li-Nd-Ti-W,esopt_graph_risk,1,2,2
budget-final-made-9d3cce6ae5efa343d55faaab,30,Cd-Li-Nd-Ti-W,esopt_graph_risk,1,3,3
budget-final-made-9d3cce6ae5efa343d55faaab,30,Cd-Li-Nd-Ti-W,esopt_graph_risk,1,4,4
budget-final-made-9d3cce6ae5efa343d55faaab,30,Cd-Li-Nd-Ti-W,esopt_graph_risk,1,5,4
budget-final-made-9d3cce6ae5efa343d55faaab,30,Cd-Li-Nd-Ti-W,esopt_graph_risk,1,6,4
budget-final-made-9d3cce6ae5efa343d55faaab,30,Cd-Li-Nd-Ti-W,esopt_graph_risk,1,7,5
budget-final-made-9d3cce6ae5efa343d55faaab,30,Cd-Li-Nd-Ti-W,esopt_graph_risk,1,8,5
budget-final-made-9d3cce6ae5efa343d55faaab,30,Cd-Li-Nd-Ti-W,esopt_graph_risk,1,9,6
budget-final-made-9d3cce6ae5efa343d55faaab,30,Cd-Li-Nd-Ti-W,esopt_graph_risk,1,10,6
budget-final-made-9d3cce6ae5efa343d55faaab,30,Cd-Li-Nd-Ti-W,esopt_graph_risk,1,11,6
budget-final-made-9d3cce6ae5efa343d55faaab,30,Cd-Li-Nd-Ti-W,esopt_graph_risk,1,12,6
budget-final-made-9d3cce6ae5efa343d55faaab,30,Cd-Li-Nd-Ti-W,esopt_graph_risk,1,13,7
budget-final-made-9d3cce6ae5efa343d55faaab,30,Cd-Li-Nd-Ti-W,esopt_graph_risk,1,14,7
budget-final-made-9d3cce6ae5efa343d55faaab,30,Cd-Li-Nd-Ti-W,esopt_graph_risk,1,15,7
budget-final-made-9d3cce6ae5efa343d55faaab,30,Cd-Li-Nd-Ti-W,esopt_graph_risk,1,16,8
budget-final-made-9d3cce6ae5efa343d55faaab,30,Cd-Li-Nd-Ti-W,esopt_graph_risk,1,17,8
budget-final-made-9d3cce6ae5efa343d55faaab,30,Cd-Li-Nd-Ti-W,esopt_graph_risk,1,18,8
budget-final-made-9d3cce6ae5efa343d55faaab,30,Cd-Li-Nd-Ti-W,esopt_graph_risk,1,19,9
budget-final-made-9d3cce6ae5efa343d55faaab,30,Cd-Li-Nd-Ti-W,esopt_graph_risk,1,20,9
budget-final-made-9d3cce6ae5efa343d55faaab,30,Cd-Li-Nd-Ti-W,esopt_graph_risk,1,21,9
budget-final-made-9d3cce6ae5efa343d55faaab,30,Cd-Li-Nd-Ti-W,esopt_graph_risk,1,22,9
budget-final-made-9d3cce6ae5efa343d55faaab,30,Cd-Li-Nd-Ti-W,esopt_graph_risk,1,23,9
budget-final-made-9d3cce6ae5efa343d55faaab,30,Cd-Li-Nd-Ti-W,esopt_graph_risk,1,24,9
budget-final-made-9d3cce6ae5efa343d55faaab,30,Cd-Li-Nd-Ti-W,esopt_graph_risk,1,25,10
budget-final-made-9d3cce6ae5efa343d55faaab,30,Cd-Li-Nd-Ti-W,esopt_graph_risk,1,26,10
budget-final-made-9d3cce6ae5efa343d55faaab,30,Cd-Li-Nd-Ti-W,esopt_graph_risk,1,27,11
budget-final-made-9d3cce6ae5efa343d55faaab,30,Cd-Li-Nd-Ti-W,esopt_graph_risk,1,28,11
budget-final-made-9d3cce6ae5efa343d55faaab,30,Cd-Li-Nd-Ti-W,esopt_graph_risk,1,29,11
budget-final-made-9d3cce6ae5efa343d55faaab,30,Cd-Li-Nd-Ti-W,esopt_graph_risk,1,30,11
budget-final-made-b4d790d068ffda2c4c0b6d0e,30,Ce-Er-Pb-Rh,baseline,1,0,0
budget-final-made-b4d790d068ffda2c4c0b6d0e,30,Ce-Er-Pb-Rh,baseline,1,1,1
budget-final-made-b4d790d068ffda2c4c0b6d0e,30,Ce-Er-Pb-Rh,baseline,1,2,1
budget-final-made-b4d790d068ffda2c4c0b6d0e,30,Ce-Er-Pb-Rh,baseline,1,3,1
budget-final-made-b4d790d068ffda2c4c0b6d0e,30,Ce-Er-Pb-Rh,baseline,1,4,1
budget-final-made-b4d790d068ffda2c4c0b6d0e,30,Ce-Er-Pb-Rh,baseline,1,5,1
budget-final-made-b4d790d068ffda2c4c0b6d0e,30,Ce-Er-Pb-Rh,baseline,1,6,1
budget-final-made-b4d790d068ffda2c4c0b6d0e,30,Ce-Er-Pb-Rh,baseline,1,7,1
budget-final-made-b4d790d068ffda2c4c0b6d0e,30,Ce-Er-Pb-Rh,baseline,1,8,1
budget-final-made-b4d790d068ffda2c4c0b6d0e,30,Ce-Er-Pb-Rh,baseline,1,9,1
budget-final-made-b4d790d068ffda2c4c0b6d0e,30,Ce-Er-Pb-Rh,baseline,1,10,1
budget-final-made-b4d790d068ffda2c4c0b6d0e,30,Ce-Er-Pb-Rh,baseline,1,11,2
budget-final-made-b4d790d068ffda2c4c0b6d0e,30,Ce-Er-Pb-Rh,baseline,1,12,2
budget-final-made-b4d790d068ffda2c4c0b6d0e,30,Ce-Er-Pb-Rh,baseline,1,13,2
budget-final-made-b4d790d068ffda2c4c0b6d0e,30,Ce-Er-Pb-Rh,baseline,1,14,2
budget-final-made-b4d790d068ffda2c4c0b6d0e,30,Ce-Er-Pb-Rh,baseline,1,15,2
budget-final-made-b4d790d068ffda2c4c0b6d0e,30,Ce-Er-Pb-Rh,baseline,1,16,2
budget-final-made-b4d790d068ffda2c4c0b6d0e,30,Ce-Er-Pb-Rh,baseline,1,17,2
budget-final-made-b4d790d068ffda2c4c0b6d0e,30,Ce-Er-Pb-Rh,baseline,1,18,2
budget-final-made-b4d790d068ffda2c4c0b6d0e,30,Ce-Er-Pb-Rh,baseline,1,19,2
budget-final-made-b4d790d068ffda2c4c0b6d0e,30,Ce-Er-Pb-Rh,baseline,1,20,2
budget-final-made-b4d790d068ffda2c4c0b6d0e,30,Ce-Er-Pb-Rh,baseline,1,21,2
budget-final-made-b4d790d068ffda2c4c0b6d0e,30,Ce-Er-Pb-Rh,baseline,1,22,2
budget-final-made-b4d790d068ffda2c4c0b6d0e,30,Ce-Er-Pb-Rh,baseline,1,23,2
budget-final-made-b4d790d068ffda2c4c0b6d0e,30,Ce-Er-Pb-Rh,baseline,1,24,2
budget-final-made-b4d790d068ffda2c4c0b6d0e,30,Ce-Er-Pb-Rh,baseline,1,25,3
budget-final-made-b4d790d068ffda2c4c0b6d0e,30,Ce-Er-Pb-Rh,baseline,1,26,3
budget-final-made-b4d790d068ffda2c4c0b6d0e,30,Ce-Er-Pb-Rh,baseline,1,27,3
budget-final-made-b4d790d068ffda2c4c0b6d0e,30,Ce-Er-Pb-Rh,baseline,1,28,3
budget-final-made-b4d790d068ffda2c4c0b6d0e,30,Ce-Er-Pb-Rh,baseline,1,29,3
budget-final-made-b4d790d068ffda2c4c0b6d0e,30,Ce-Er-Pb-Rh,baseline,1,30,3
budget-final-made-feba53f749cef504945566d0,30,Ce-Er-Pb-Rh,esopt_graph_risk,1,0,0
budget-final-made-feba53f749cef504945566d0,30,Ce-Er-Pb-Rh,esopt_graph_risk,1,1,1
budget-final-made-feba53f749cef504945566d0,30,Ce-Er-Pb-Rh,esopt_graph_risk,1,2,2
budget-final-made-feba53f749cef504945566d0,30,Ce-Er-Pb-Rh,esopt_graph_risk,1,3,2
budget-final-made-feba53f749cef504945566d0,30,Ce-Er-Pb-Rh,esopt_graph_risk,1,4,2
budget-final-made-feba53f749cef504945566d0,30,Ce-Er-Pb-Rh,esopt_graph_risk,1,5,2
budget-final-made-feba53f749cef504945566d0,30,Ce-Er-Pb-Rh,esopt_graph_risk,1,6,2
budget-final-made-feba53f749cef504945566d0,30,Ce-Er-Pb-Rh,esopt_graph_risk,1,7,2
budget-final-made-feba53f749cef504945566d0,30,Ce-Er-Pb-Rh,esopt_graph_risk,1,8,2
budget-final-made-feba53f749cef504945566d0,30,Ce-Er-Pb-Rh,esopt_graph_risk,1,9,3
budget-final-made-feba53f749cef504945566d0,30,Ce-Er-Pb-Rh,esopt_graph_risk,1,10,4
budget-final-made-feba53f749cef504945566d0,30,Ce-Er-Pb-Rh,esopt_graph_risk,1,11,4
budget-final-made-feba53f749cef504945566d0,30,Ce-Er-Pb-Rh,esopt_graph_risk,1,12,4
budget-final-made-feba53f749cef504945566d0,30,Ce-Er-Pb-Rh,esopt_graph_risk,1,13,4
budget-final-made-feba53f749cef504945566d0,30,Ce-Er-Pb-Rh,esopt_graph_risk,1,14,4
budget-final-made-feba53f749cef504945566d0,30,Ce-Er-Pb-Rh,esopt_graph_risk,1,15,4
budget-final-made-feba53f749cef504945566d0,30,Ce-Er-Pb-Rh,esopt_graph_risk,1,16,4
budget-final-made-feba53f749cef504945566d0,30,Ce-Er-Pb-Rh,esopt_graph_risk,1,17,4
budget-final-made-feba53f749cef504945566d0,30,Ce-Er-Pb-Rh,esopt_graph_risk,1,18,4
budget-final-made-feba53f749cef504945566d0,30,Ce-Er-Pb-Rh,esopt_graph_risk,1,19,4
budget-final-made-feba53f749cef504945566d0,30,Ce-Er-Pb-Rh,esopt_graph_risk,1,20,4
budget-final-made-feba53f749cef504945566d0,30,Ce-Er-Pb-Rh,esopt_graph_risk,1,21,4
budget-final-made-feba53f749cef504945566d0,30,Ce-Er-Pb-Rh,esopt_graph_risk,1,22,4
budget-final-made-feba53f749cef504945566d0,30,Ce-Er-Pb-Rh,esopt_graph_risk,1,23,4
budget-final-made-feba53f749cef504945566d0,30,Ce-Er-Pb-Rh,esopt_graph_risk,1,24,4
budget-final-made-feba53f749cef504945566d0,30,Ce-Er-Pb-Rh,esopt_graph_risk,1,25,4
budget-final-made-feba53f749cef504945566d0,30,Ce-Er-Pb-Rh,esopt_graph_risk,1,26,4
budget-final-made-feba53f749cef504945566d0,30,Ce-Er-Pb-Rh,esopt_graph_risk,1,27,4
budget-final-made-feba53f749cef504945566d0,30,Ce-Er-Pb-Rh,esopt_graph_risk,1,28,4
budget-final-made-feba53f749cef504945566d0,30,Ce-Er-Pb-Rh,esopt_graph_risk,1,29,4
budget-final-made-feba53f749cef504945566d0,30,Ce-Er-Pb-Rh,esopt_graph_risk,1,30,4
budget-final-made-16b918b793239e8a99966f5b,30,Ce-Ir-Pt-Sn,baseline,1,0,0
budget-final-made-16b918b793239e8a99966f5b,30,Ce-Ir-Pt-Sn,baseline,1,1,1
budget-final-made-16b918b793239e8a99966f5b,30,Ce-Ir-Pt-Sn,baseline,1,2,2
budget-final-made-16b918b793239e8a99966f5b,30,Ce-Ir-Pt-Sn,baseline,1,3,3
budget-final-made-16b918b793239e8a99966f5b,30,Ce-Ir-Pt-Sn,baseline,1,4,3
budget-final-made-16b918b793239e8a99966f5b,30,Ce-Ir-Pt-Sn,baseline,1,5,3
budget-final-made-16b918b793239e8a99966f5b,30,Ce-Ir-Pt-Sn,baseline,1,6,3
budget-final-made-16b918b793239e8a99966f5b,30,Ce-Ir-Pt-Sn,baseline,1,7,3
budget-final-made-16b918b793239e8a99966f5b,30,Ce-Ir-Pt-Sn,baseline,1,8,3
budget-final-made-16b918b793239e8a99966f5b,30,Ce-Ir-Pt-Sn,baseline,1,9,3
budget-final-made-16b918b793239e8a99966f5b,30,Ce-Ir-Pt-Sn,baseline,1,10,3
budget-final-made-16b918b793239e8a99966f5b,30,Ce-Ir-Pt-Sn,baseline,1,11,3
budget-final-made-16b918b793239e8a99966f5b,30,Ce-Ir-Pt-Sn,baseline,1,12,4
budget-final-made-16b918b793239e8a99966f5b,30,Ce-Ir-Pt-Sn,baseline,1,13,4
budget-final-made-16b918b793239e8a99966f5b,30,Ce-Ir-Pt-Sn,baseline,1,14,4
budget-final-made-16b918b793239e8a99966f5b,30,Ce-Ir-Pt-Sn,baseline,1,15,4
budget-final-made-16b918b793239e8a99966f5b,30,Ce-Ir-Pt-Sn,baseline,1,16,4
budget-final-made-16b918b793239e8a99966f5b,30,Ce-Ir-Pt-Sn,baseline,1,17,4
budget-final-made-16b918b793239e8a99966f5b,30,Ce-Ir-Pt-Sn,baseline,1,18,5
budget-final-made-16b918b793239e8a99966f5b,30,Ce-Ir-Pt-Sn,baseline,1,19,5
budget-final-made-16b918b793239e8a99966f5b,30,Ce-Ir-Pt-Sn,baseline,1,20,6
budget-final-made-16b918b793239e8a99966f5b,30,Ce-Ir-Pt-Sn,baseline,1,21,7
budget-final-made-16b918b793239e8a99966f5b,30,Ce-Ir-Pt-Sn,baseline,1,22,7
budget-final-made-16b918b793239e8a99966f5b,30,Ce-Ir-Pt-Sn,baseline,1,23,8
budget-final-made-16b918b793239e8a99966f5b,30,Ce-Ir-Pt-Sn,baseline,1,24,9
budget-final-made-16b918b793239e8a99966f5b,30,Ce-Ir-Pt-Sn,baseline,1,25,10
budget-final-made-16b918b793239e8a99966f5b,30,Ce-Ir-Pt-Sn,baseline,1,26,10
budget-final-made-16b918b793239e8a99966f5b,30,Ce-Ir-Pt-Sn,baseline,1,27,10
budget-final-made-16b918b793239e8a99966f5b,30,Ce-Ir-Pt-Sn,baseline,1,28,11
budget-final-made-16b918b793239e8a99966f5b,30,Ce-Ir-Pt-Sn,baseline,1,29,12
budget-final-made-16b918b793239e8a99966f5b,30,Ce-Ir-Pt-Sn,baseline,1,30,12
budget-final-made-b4647f4d12e520b6f6b754b6,30,Ce-Ir-Pt-Sn,esopt_graph_risk,1,0,0
budget-final-made-b4647f4d12e520b6f6b754b6,30,Ce-Ir-Pt-Sn,esopt_graph_risk,1,1,1
budget-final-made-b4647f4d12e520b6f6b754b6,30,Ce-Ir-Pt-Sn,esopt_graph_risk,1,2,2
budget-final-made-b4647f4d12e520b6f6b754b6,30,Ce-Ir-Pt-Sn,esopt_graph_risk,1,3,3
budget-final-made-b4647f4d12e520b6f6b754b6,30,Ce-Ir-Pt-Sn,esopt_graph_risk,1,4,4
budget-final-made-b4647f4d12e520b6f6b754b6,30,Ce-Ir-Pt-Sn,esopt_graph_risk,1,5,4
budget-final-made-b4647f4d12e520b6f6b754b6,30,Ce-Ir-Pt-Sn,esopt_graph_risk,1,6,4
budget-final-made-b4647f4d12e520b6f6b754b6,30,Ce-Ir-Pt-Sn,esopt_graph_risk,1,7,4
budget-final-made-b4647f4d12e520b6f6b754b6,30,Ce-Ir-Pt-Sn,esopt_graph_risk,1,8,4
budget-final-made-b4647f4d12e520b6f6b754b6,30,Ce-Ir-Pt-Sn,esopt_graph_risk,1,9,4
budget-final-made-b4647f4d12e520b6f6b754b6,30,Ce-Ir-Pt-Sn,esopt_graph_risk,1,10,4
budget-final-made-b4647f4d12e520b6f6b754b6,30,Ce-Ir-Pt-Sn,esopt_graph_risk,1,11,4
budget-final-made-b4647f4d12e520b6f6b754b6,30,Ce-Ir-Pt-Sn,esopt_graph_risk,1,12,4
budget-final-made-b4647f4d12e520b6f6b754b6,30,Ce-Ir-Pt-Sn,esopt_graph_risk,1,13,4
budget-final-made-b4647f4d12e520b6f6b754b6,30,Ce-Ir-Pt-Sn,esopt_graph_risk,1,14,4
budget-final-made-b4647f4d12e520b6f6b754b6,30,Ce-Ir-Pt-Sn,esopt_graph_risk,1,15,4
budget-final-made-b4647f4d12e520b6f6b754b6,30,Ce-Ir-Pt-Sn,esopt_graph_risk,1,16,4
budget-final-made-b4647f4d12e520b6f6b754b6,30,Ce-Ir-Pt-Sn,esopt_graph_risk,1,17,4
budget-final-made-b4647f4d12e520b6f6b754b6,30,Ce-Ir-Pt-Sn,esopt_graph_risk,1,18,4
budget-final-made-b4647f4d12e520b6f6b754b6,30,Ce-Ir-Pt-Sn,esopt_graph_risk,1,19,4
budget-final-made-b4647f4d12e520b6f6b754b6,30,Ce-Ir-Pt-Sn,esopt_graph_risk,1,20,4
budget-final-made-b4647f4d12e520b6f6b754b6,30,Ce-Ir-Pt-Sn,esopt_graph_risk,1,21,4
budget-final-made-b4647f4d12e520b6f6b754b6,30,Ce-Ir-Pt-Sn,esopt_graph_risk,1,22,4
budget-final-made-b4647f4d12e520b6f6b754b6,30,Ce-Ir-Pt-Sn,esopt_graph_risk,1,23,4
budget-final-made-b4647f4d12e520b6f6b754b6,30,Ce-Ir-Pt-Sn,esopt_graph_risk,1,24,4
budget-final-made-b4647f4d12e520b6f6b754b6,30,Ce-Ir-Pt-Sn,esopt_graph_risk,1,25,4
budget-final-made-b4647f4d12e520b6f6b754b6,30,Ce-Ir-Pt-Sn,esopt_graph_risk,1,26,4
budget-final-made-b4647f4d12e520b6f6b754b6,30,Ce-Ir-Pt-Sn,esopt_graph_risk,1,27,4
budget-final-made-b4647f4d12e520b6f6b754b6,30,Ce-Ir-Pt-Sn,esopt_graph_risk,1,28,4
budget-final-made-b4647f4d12e520b6f6b754b6,30,Ce-Ir-Pt-Sn,esopt_graph_risk,1,29,4
budget-final-made-b4647f4d12e520b6f6b754b6,30,Ce-Ir-Pt-Sn,esopt_graph_risk,1,30,4
budget-final-made-262660dfe20db2bf5f76fd1f,30,Co-Dy-Ta-Y,baseline,1,0,0
budget-final-made-262660dfe20db2bf5f76fd1f,30,Co-Dy-Ta-Y,baseline,1,1,0
budget-final-made-262660dfe20db2bf5f76fd1f,30,Co-Dy-Ta-Y,baseline,1,2,0
budget-final-made-262660dfe20db2bf5f76fd1f,30,Co-Dy-Ta-Y,baseline,1,3,0
budget-final-made-262660dfe20db2bf5f76fd1f,30,Co-Dy-Ta-Y,baseline,1,4,0
budget-final-made-262660dfe20db2bf5f76fd1f,30,Co-Dy-Ta-Y,baseline,1,5,0
budget-final-made-262660dfe20db2bf5f76fd1f,30,Co-Dy-Ta-Y,baseline,1,6,1
budget-final-made-262660dfe20db2bf5f76fd1f,30,Co-Dy-Ta-Y,baseline,1,7,1
budget-final-made-262660dfe20db2bf5f76fd1f,30,Co-Dy-Ta-Y,baseline,1,8,1
budget-final-made-262660dfe20db2bf5f76fd1f,30,Co-Dy-Ta-Y,baseline,1,9,1
budget-final-made-262660dfe20db2bf5f76fd1f,30,Co-Dy-Ta-Y,baseline,1,10,1
budget-final-made-262660dfe20db2bf5f76fd1f,30,Co-Dy-Ta-Y,baseline,1,11,1
budget-final-made-262660dfe20db2bf5f76fd1f,30,Co-Dy-Ta-Y,baseline,1,12,1
budget-final-made-262660dfe20db2bf5f76fd1f,30,Co-Dy-Ta-Y,baseline,1,13,1
budget-final-made-262660dfe20db2bf5f76fd1f,30,Co-Dy-Ta-Y,baseline,1,14,1
budget-final-made-262660dfe20db2bf5f76fd1f,30,Co-Dy-Ta-Y,baseline,1,15,1
budget-final-made-262660dfe20db2bf5f76fd1f,30,Co-Dy-Ta-Y,baseline,1,16,1
budget-final-made-262660dfe20db2bf5f76fd1f,30,Co-Dy-Ta-Y,baseline,1,17,1
budget-final-made-262660dfe20db2bf5f76fd1f,30,Co-Dy-Ta-Y,baseline,1,18,1
budget-final-made-262660dfe20db2bf5f76fd1f,30,Co-Dy-Ta-Y,baseline,1,19,1
budget-final-made-262660dfe20db2bf5f76fd1f,30,Co-Dy-Ta-Y,baseline,1,20,1
budget-final-made-262660dfe20db2bf5f76fd1f,30,Co-Dy-Ta-Y,baseline,1,21,1
budget-final-made-262660dfe20db2bf5f76fd1f,30,Co-Dy-Ta-Y,baseline,1,22,1
budget-final-made-262660dfe20db2bf5f76fd1f,30,Co-Dy-Ta-Y,baseline,1,23,1
budget-final-made-262660dfe20db2bf5f76fd1f,30,Co-Dy-Ta-Y,baseline,1,24,1
budget-final-made-262660dfe20db2bf5f76fd1f,30,Co-Dy-Ta-Y,baseline,1,25,1
budget-final-made-262660dfe20db2bf5f76fd1f,30,Co-Dy-Ta-Y,baseline,1,26,1
budget-final-made-262660dfe20db2bf5f76fd1f,30,Co-Dy-Ta-Y,baseline,1,27,1
budget-final-made-262660dfe20db2bf5f76fd1f,30,Co-Dy-Ta-Y,baseline,1,28,1
budget-final-made-262660dfe20db2bf5f76fd1f,30,Co-Dy-Ta-Y,baseline,1,29,1
budget-final-made-262660dfe20db2bf5f76fd1f,30,Co-Dy-Ta-Y,baseline,1,30,1
budget-final-made-00a04ffb87a19d2d73501421,30,Co-Dy-Ta-Y,esopt_graph_risk,1,0,0
budget-final-made-00a04ffb87a19d2d73501421,30,Co-Dy-Ta-Y,esopt_graph_risk,1,1,0
budget-final-made-00a04ffb87a19d2d73501421,30,Co-Dy-Ta-Y,esopt_graph_risk,1,2,0
budget-final-made-00a04ffb87a19d2d73501421,30,Co-Dy-Ta-Y,esopt_graph_risk,1,3,0
budget-final-made-00a04ffb87a19d2d73501421,30,Co-Dy-Ta-Y,esopt_graph_risk,1,4,0
budget-final-made-00a04ffb87a19d2d73501421,30,Co-Dy-Ta-Y,esopt_graph_risk,1,5,0
budget-final-made-00a04ffb87a19d2d73501421,30,Co-Dy-Ta-Y,esopt_graph_risk,1,6,0
budget-final-made-00a04ffb87a19d2d73501421,30,Co-Dy-Ta-Y,esopt_graph_risk,1,7,0
budget-final-made-00a04ffb87a19d2d73501421,30,Co-Dy-Ta-Y,esopt_graph_risk,1,8,0
budget-final-made-00a04ffb87a19d2d73501421,30,Co-Dy-Ta-Y,esopt_graph_risk,1,9,0
budget-final-made-00a04ffb87a19d2d73501421,30,Co-Dy-Ta-Y,esopt_graph_risk,1,10,0
budget-final-made-00a04ffb87a19d2d73501421,30,Co-Dy-Ta-Y,esopt_graph_risk,1,11,0
budget-final-made-00a04ffb87a19d2d73501421,30,Co-Dy-Ta-Y,esopt_graph_risk,1,12,0
budget-final-made-00a04ffb87a19d2d73501421,30,Co-Dy-Ta-Y,esopt_graph_risk,1,13,0
budget-final-made-00a04ffb87a19d2d73501421,30,Co-Dy-Ta-Y,esopt_graph_risk,1,14,0
budget-final-made-00a04ffb87a19d2d73501421,30,Co-Dy-Ta-Y,esopt_graph_risk,1,15,1
budget-final-made-00a04ffb87a19d2d73501421,30,Co-Dy-Ta-Y,esopt_graph_risk,1,16,1
budget-final-made-00a04ffb87a19d2d73501421,30,Co-Dy-Ta-Y,esopt_graph_risk,1,17,1
budget-final-made-00a04ffb87a19d2d73501421,30,Co-Dy-Ta-Y,esopt_graph_risk,1,18,1
budget-final-made-00a04ffb87a19d2d73501421,30,Co-Dy-Ta-Y,esopt_graph_risk,1,19,1
budget-final-made-00a04ffb87a19d2d73501421,30,Co-Dy-Ta-Y,esopt_graph_risk,1,20,1
budget-final-made-00a04ffb87a19d2d73501421,30,Co-Dy-Ta-Y,esopt_graph_risk,1,21,1
budget-final-made-00a04ffb87a19d2d73501421,30,Co-Dy-Ta-Y,esopt_graph_risk,1,22,1
budget-final-made-00a04ffb87a19d2d73501421,30,Co-Dy-Ta-Y,esopt_graph_risk,1,23,1
budget-final-made-00a04ffb87a19d2d73501421,30,Co-Dy-Ta-Y,esopt_graph_risk,1,24,1
budget-final-made-00a04ffb87a19d2d73501421,30,Co-Dy-Ta-Y,esopt_graph_risk,1,25,1
budget-final-made-00a04ffb87a19d2d73501421,30,Co-Dy-Ta-Y,esopt_graph_risk,1,26,1
budget-final-made-00a04ffb87a19d2d73501421,30,Co-Dy-Ta-Y,esopt_graph_risk,1,27,1
budget-final-made-00a04ffb87a19d2d73501421,30,Co-Dy-Ta-Y,esopt_graph_risk,1,28,1
budget-final-made-00a04ffb87a19d2d73501421,30,Co-Dy-Ta-Y,esopt_graph_risk,1,29,1
budget-final-made-00a04ffb87a19d2d73501421,30,Co-Dy-Ta-Y,esopt_graph_risk,1,30,2
budget-final-made-c68456aaf690e4e9e5bab24e,30,Co-Dy-W,baseline,1,0,0
budget-final-made-c68456aaf690e4e9e5bab24e,30,Co-Dy-W,baseline,1,1,0
budget-final-made-c68456aaf690e4e9e5bab24e,30,Co-Dy-W,baseline,1,2,0
budget-final-made-c68456aaf690e4e9e5bab24e,30,Co-Dy-W,baseline,1,3,0
budget-final-made-c68456aaf690e4e9e5bab24e,30,Co-Dy-W,baseline,1,4,0
budget-final-made-c68456aaf690e4e9e5bab24e,30,Co-Dy-W,baseline,1,5,0
budget-final-made-c68456aaf690e4e9e5bab24e,30,Co-Dy-W,baseline,1,6,0
budget-final-made-c68456aaf690e4e9e5bab24e,30,Co-Dy-W,baseline,1,7,0
budget-final-made-c68456aaf690e4e9e5bab24e,30,Co-Dy-W,baseline,1,8,0
budget-final-made-c68456aaf690e4e9e5bab24e,30,Co-Dy-W,baseline,1,9,0
budget-final-made-c68456aaf690e4e9e5bab24e,30,Co-Dy-W,baseline,1,10,0
budget-final-made-c68456aaf690e4e9e5bab24e,30,Co-Dy-W,baseline,1,11,0
budget-final-made-c68456aaf690e4e9e5bab24e,30,Co-Dy-W,baseline,1,12,0
budget-final-made-c68456aaf690e4e9e5bab24e,30,Co-Dy-W,baseline,1,13,0
budget-final-made-c68456aaf690e4e9e5bab24e,30,Co-Dy-W,baseline,1,14,0
budget-final-made-c68456aaf690e4e9e5bab24e,30,Co-Dy-W,baseline,1,15,0
budget-final-made-c68456aaf690e4e9e5bab24e,30,Co-Dy-W,baseline,1,16,0
budget-final-made-c68456aaf690e4e9e5bab24e,30,Co-Dy-W,baseline,1,17,0
budget-final-made-c68456aaf690e4e9e5bab24e,30,Co-Dy-W,baseline,1,18,0
budget-final-made-c68456aaf690e4e9e5bab24e,30,Co-Dy-W,baseline,1,19,0
budget-final-made-c68456aaf690e4e9e5bab24e,30,Co-Dy-W,baseline,1,20,0
budget-final-made-c68456aaf690e4e9e5bab24e,30,Co-Dy-W,baseline,1,21,0
budget-final-made-c68456aaf690e4e9e5bab24e,30,Co-Dy-W,baseline,1,22,0
budget-final-made-c68456aaf690e4e9e5bab24e,30,Co-Dy-W,baseline,1,23,0
budget-final-made-c68456aaf690e4e9e5bab24e,30,Co-Dy-W,baseline,1,24,0
budget-final-made-c68456aaf690e4e9e5bab24e,30,Co-Dy-W,baseline,1,25,0
budget-final-made-c68456aaf690e4e9e5bab24e,30,Co-Dy-W,baseline,1,26,0
budget-final-made-c68456aaf690e4e9e5bab24e,30,Co-Dy-W,baseline,1,27,0
budget-final-made-c68456aaf690e4e9e5bab24e,30,Co-Dy-W,baseline,1,28,0
budget-final-made-c68456aaf690e4e9e5bab24e,30,Co-Dy-W,baseline,1,29,0
budget-final-made-c68456aaf690e4e9e5bab24e,30,Co-Dy-W,baseline,1,30,0
budget-final-made-cdab6d281c262ce6eaa95c04,30,Co-Dy-W,esopt_graph_risk,1,0,0
budget-final-made-cdab6d281c262ce6eaa95c04,30,Co-Dy-W,esopt_graph_risk,1,1,0
budget-final-made-cdab6d281c262ce6eaa95c04,30,Co-Dy-W,esopt_graph_risk,1,2,0
budget-final-made-cdab6d281c262ce6eaa95c04,30,Co-Dy-W,esopt_graph_risk,1,3,0
budget-final-made-cdab6d281c262ce6eaa95c04,30,Co-Dy-W,esopt_graph_risk,1,4,0
budget-final-made-cdab6d281c262ce6eaa95c04,30,Co-Dy-W,esopt_graph_risk,1,5,0
budget-final-made-cdab6d281c262ce6eaa95c04,30,Co-Dy-W,esopt_graph_risk,1,6,0
budget-final-made-cdab6d281c262ce6eaa95c04,30,Co-Dy-W,esopt_graph_risk,1,7,0
budget-final-made-cdab6d281c262ce6eaa95c04,30,Co-Dy-W,esopt_graph_risk,1,8,0
budget-final-made-cdab6d281c262ce6eaa95c04,30,Co-Dy-W,esopt_graph_risk,1,9,0
budget-final-made-cdab6d281c262ce6eaa95c04,30,Co-Dy-W,esopt_graph_risk,1,10,0
budget-final-made-cdab6d281c262ce6eaa95c04,30,Co-Dy-W,esopt_graph_risk,1,11,0
budget-final-made-cdab6d281c262ce6eaa95c04,30,Co-Dy-W,esopt_graph_risk,1,12,0
budget-final-made-cdab6d281c262ce6eaa95c04,30,Co-Dy-W,esopt_graph_risk,1,13,0
budget-final-made-cdab6d281c262ce6eaa95c04,30,Co-Dy-W,esopt_graph_risk,1,14,0
budget-final-made-cdab6d281c262ce6eaa95c04,30,Co-Dy-W,esopt_graph_risk,1,15,0
budget-final-made-cdab6d281c262ce6eaa95c04,30,Co-Dy-W,esopt_graph_risk,1,16,0
budget-final-made-cdab6d281c262ce6eaa95c04,30,Co-Dy-W,esopt_graph_risk,1,17,0
budget-final-made-cdab6d281c262ce6eaa95c04,30,Co-Dy-W,esopt_graph_risk,1,18,0
budget-final-made-cdab6d281c262ce6eaa95c04,30,Co-Dy-W,esopt_graph_risk,1,19,0
budget-final-made-cdab6d281c262ce6eaa95c04,30,Co-Dy-W,esopt_graph_risk,1,20,0
budget-final-made-cdab6d281c262ce6eaa95c04,30,Co-Dy-W,esopt_graph_risk,1,21,0
budget-final-made-cdab6d281c262ce6eaa95c04,30,Co-Dy-W,esopt_graph_risk,1,22,0
budget-final-made-cdab6d281c262ce6eaa95c04,30,Co-Dy-W,esopt_graph_risk,1,23,0
budget-final-made-cdab6d281c262ce6eaa95c04,30,Co-Dy-W,esopt_graph_risk,1,24,0
budget-final-made-cdab6d281c262ce6eaa95c04,30,Co-Dy-W,esopt_graph_risk,1,25,0
budget-final-made-cdab6d281c262ce6eaa95c04,30,Co-Dy-W,esopt_graph_risk,1,26,0
budget-final-made-cdab6d281c262ce6eaa95c04,30,Co-Dy-W,esopt_graph_risk,1,27,0
budget-final-made-cdab6d281c262ce6eaa95c04,30,Co-Dy-W,esopt_graph_risk,1,28,0
budget-final-made-cdab6d281c262ce6eaa95c04,30,Co-Dy-W,esopt_graph_risk,1,29,0
budget-final-made-cdab6d281c262ce6eaa95c04,30,Co-Dy-W,esopt_graph_risk,1,30,0
budget-final-made-c3eb2f7011caf4b6e10457c7,30,Co-Hf-In-Ru-Tm,baseline,1,0,0
budget-final-made-c3eb2f7011caf4b6e10457c7,30,Co-Hf-In-Ru-Tm,baseline,1,1,0
budget-final-made-c3eb2f7011caf4b6e10457c7,30,Co-Hf-In-Ru-Tm,baseline,1,2,0
budget-final-made-c3eb2f7011caf4b6e10457c7,30,Co-Hf-In-Ru-Tm,baseline,1,3,0
budget-final-made-c3eb2f7011caf4b6e10457c7,30,Co-Hf-In-Ru-Tm,baseline,1,4,0
budget-final-made-c3eb2f7011caf4b6e10457c7,30,Co-Hf-In-Ru-Tm,baseline,1,5,0
budget-final-made-c3eb2f7011caf4b6e10457c7,30,Co-Hf-In-Ru-Tm,baseline,1,6,0
budget-final-made-c3eb2f7011caf4b6e10457c7,30,Co-Hf-In-Ru-Tm,baseline,1,7,0
budget-final-made-c3eb2f7011caf4b6e10457c7,30,Co-Hf-In-Ru-Tm,baseline,1,8,0
budget-final-made-c3eb2f7011caf4b6e10457c7,30,Co-Hf-In-Ru-Tm,baseline,1,9,0
budget-final-made-c3eb2f7011caf4b6e10457c7,30,Co-Hf-In-Ru-Tm,baseline,1,10,0
budget-final-made-c3eb2f7011caf4b6e10457c7,30,Co-Hf-In-Ru-Tm,baseline,1,11,0
budget-final-made-c3eb2f7011caf4b6e10457c7,30,Co-Hf-In-Ru-Tm,baseline,1,12,0
budget-final-made-c3eb2f7011caf4b6e10457c7,30,Co-Hf-In-Ru-Tm,baseline,1,13,0
budget-final-made-c3eb2f7011caf4b6e10457c7,30,Co-Hf-In-Ru-Tm,baseline,1,14,0
budget-final-made-c3eb2f7011caf4b6e10457c7,30,Co-Hf-In-Ru-Tm,baseline,1,15,0
budget-final-made-c3eb2f7011caf4b6e10457c7,30,Co-Hf-In-Ru-Tm,baseline,1,16,0
budget-final-made-c3eb2f7011caf4b6e10457c7,30,Co-Hf-In-Ru-Tm,baseline,1,17,0
budget-final-made-c3eb2f7011caf4b6e10457c7,30,Co-Hf-In-Ru-Tm,baseline,1,18,0
budget-final-made-c3eb2f7011caf4b6e10457c7,30,Co-Hf-In-Ru-Tm,baseline,1,19,0
budget-final-made-c3eb2f7011caf4b6e10457c7,30,Co-Hf-In-Ru-Tm,baseline,1,20,0
budget-final-made-c3eb2f7011caf4b6e10457c7,30,Co-Hf-In-Ru-Tm,baseline,1,21,0
budget-final-made-c3eb2f7011caf4b6e10457c7,30,Co-Hf-In-Ru-Tm,baseline,1,22,0
budget-final-made-c3eb2f7011caf4b6e10457c7,30,Co-Hf-In-Ru-Tm,baseline,1,23,0
budget-final-made-c3eb2f7011caf4b6e10457c7,30,Co-Hf-In-Ru-Tm,baseline,1,24,0
budget-final-made-c3eb2f7011caf4b6e10457c7,30,Co-Hf-In-Ru-Tm,baseline,1,25,0
budget-final-made-c3eb2f7011caf4b6e10457c7,30,Co-Hf-In-Ru-Tm,baseline,1,26,0
budget-final-made-c3eb2f7011caf4b6e10457c7,30,Co-Hf-In-Ru-Tm,baseline,1,27,0
budget-final-made-c3eb2f7011caf4b6e10457c7,30,Co-Hf-In-Ru-Tm,baseline,1,28,0
budget-final-made-c3eb2f7011caf4b6e10457c7,30,Co-Hf-In-Ru-Tm,baseline,1,29,0
budget-final-made-c3eb2f7011caf4b6e10457c7,30,Co-Hf-In-Ru-Tm,baseline,1,30,0
budget-final-made-a063d242d76f022307b0f927,30,Co-Hf-In-Ru-Tm,esopt_graph_risk,1,0,0
budget-final-made-a063d242d76f022307b0f927,30,Co-Hf-In-Ru-Tm,esopt_graph_risk,1,1,0
budget-final-made-a063d242d76f022307b0f927,30,Co-Hf-In-Ru-Tm,esopt_graph_risk,1,2,0
budget-final-made-a063d242d76f022307b0f927,30,Co-Hf-In-Ru-Tm,esopt_graph_risk,1,3,0
budget-final-made-a063d242d76f022307b0f927,30,Co-Hf-In-Ru-Tm,esopt_graph_risk,1,4,0
budget-final-made-a063d242d76f022307b0f927,30,Co-Hf-In-Ru-Tm,esopt_graph_risk,1,5,0
budget-final-made-a063d242d76f022307b0f927,30,Co-Hf-In-Ru-Tm,esopt_graph_risk,1,6,0
budget-final-made-a063d242d76f022307b0f927,30,Co-Hf-In-Ru-Tm,esopt_graph_risk,1,7,0
budget-final-made-a063d242d76f022307b0f927,30,Co-Hf-In-Ru-Tm,esopt_graph_risk,1,8,0
budget-final-made-a063d242d76f022307b0f927,30,Co-Hf-In-Ru-Tm,esopt_graph_risk,1,9,0
budget-final-made-a063d242d76f022307b0f927,30,Co-Hf-In-Ru-Tm,esopt_graph_risk,1,10,0
budget-final-made-a063d242d76f022307b0f927,30,Co-Hf-In-Ru-Tm,esopt_graph_risk,1,11,0
budget-final-made-a063d242d76f022307b0f927,30,Co-Hf-In-Ru-Tm,esopt_graph_risk,1,12,0
budget-final-made-a063d242d76f022307b0f927,30,Co-Hf-In-Ru-Tm,esopt_graph_risk,1,13,0
budget-final-made-a063d242d76f022307b0f927,30,Co-Hf-In-Ru-Tm,esopt_graph_risk,1,14,0
budget-final-made-a063d242d76f022307b0f927,30,Co-Hf-In-Ru-Tm,esopt_graph_risk,1,15,0
budget-final-made-a063d242d76f022307b0f927,30,Co-Hf-In-Ru-Tm,esopt_graph_risk,1,16,0
budget-final-made-a063d242d76f022307b0f927,30,Co-Hf-In-Ru-Tm,esopt_graph_risk,1,17,0
budget-final-made-a063d242d76f022307b0f927,30,Co-Hf-In-Ru-Tm,esopt_graph_risk,1,18,0
budget-final-made-a063d242d76f022307b0f927,30,Co-Hf-In-Ru-Tm,esopt_graph_risk,1,19,0
budget-final-made-a063d242d76f022307b0f927,30,Co-Hf-In-Ru-Tm,esopt_graph_risk,1,20,0
budget-final-made-a063d242d76f022307b0f927,30,Co-Hf-In-Ru-Tm,esopt_graph_risk,1,21,0
budget-final-made-a063d242d76f022307b0f927,30,Co-Hf-In-Ru-Tm,esopt_graph_risk,1,22,0
budget-final-made-a063d242d76f022307b0f927,30,Co-Hf-In-Ru-Tm,esopt_graph_risk,1,23,0
budget-final-made-a063d242d76f022307b0f927,30,Co-Hf-In-Ru-Tm,esopt_graph_risk,1,24,0
budget-final-made-a063d242d76f022307b0f927,30,Co-Hf-In-Ru-Tm,esopt_graph_risk,1,25,0
budget-final-made-a063d242d76f022307b0f927,30,Co-Hf-In-Ru-Tm,esopt_graph_risk,1,26,0
budget-final-made-a063d242d76f022307b0f927,30,Co-Hf-In-Ru-Tm,esopt_graph_risk,1,27,0
budget-final-made-a063d242d76f022307b0f927,30,Co-Hf-In-Ru-Tm,esopt_graph_risk,1,28,0
budget-final-made-a063d242d76f022307b0f927,30,Co-Hf-In-Ru-Tm,esopt_graph_risk,1,29,0
budget-final-made-a063d242d76f022307b0f927,30,Co-Hf-In-Ru-Tm,esopt_graph_risk,1,30,0
budget-final-made-e1e84092306de12ec73ae8fb,30,Co-Hg-Mg-Sr-W,baseline,1,0,0
budget-final-made-e1e84092306de12ec73ae8fb,30,Co-Hg-Mg-Sr-W,baseline,1,1,0
budget-final-made-e1e84092306de12ec73ae8fb,30,Co-Hg-Mg-Sr-W,baseline,1,2,0
budget-final-made-e1e84092306de12ec73ae8fb,30,Co-Hg-Mg-Sr-W,baseline,1,3,0
budget-final-made-e1e84092306de12ec73ae8fb,30,Co-Hg-Mg-Sr-W,baseline,1,4,0
budget-final-made-e1e84092306de12ec73ae8fb,30,Co-Hg-Mg-Sr-W,baseline,1,5,0
budget-final-made-e1e84092306de12ec73ae8fb,30,Co-Hg-Mg-Sr-W,baseline,1,6,0
budget-final-made-e1e84092306de12ec73ae8fb,30,Co-Hg-Mg-Sr-W,baseline,1,7,0
budget-final-made-e1e84092306de12ec73ae8fb,30,Co-Hg-Mg-Sr-W,baseline,1,8,0
budget-final-made-e1e84092306de12ec73ae8fb,30,Co-Hg-Mg-Sr-W,baseline,1,9,0
budget-final-made-e1e84092306de12ec73ae8fb,30,Co-Hg-Mg-Sr-W,baseline,1,10,0
budget-final-made-e1e84092306de12ec73ae8fb,30,Co-Hg-Mg-Sr-W,baseline,1,11,0
budget-final-made-e1e84092306de12ec73ae8fb,30,Co-Hg-Mg-Sr-W,baseline,1,12,0
budget-final-made-e1e84092306de12ec73ae8fb,30,Co-Hg-Mg-Sr-W,baseline,1,13,0
budget-final-made-e1e84092306de12ec73ae8fb,30,Co-Hg-Mg-Sr-W,baseline,1,14,0
budget-final-made-e1e84092306de12ec73ae8fb,30,Co-Hg-Mg-Sr-W,baseline,1,15,0
budget-final-made-e1e84092306de12ec73ae8fb,30,Co-Hg-Mg-Sr-W,baseline,1,16,0
budget-final-made-e1e84092306de12ec73ae8fb,30,Co-Hg-Mg-Sr-W,baseline,1,17,0
budget-final-made-e1e84092306de12ec73ae8fb,30,Co-Hg-Mg-Sr-W,baseline,1,18,0
budget-final-made-e1e84092306de12ec73ae8fb,30,Co-Hg-Mg-Sr-W,baseline,1,19,0
budget-final-made-e1e84092306de12ec73ae8fb,30,Co-Hg-Mg-Sr-W,baseline,1,20,0
budget-final-made-e1e84092306de12ec73ae8fb,30,Co-Hg-Mg-Sr-W,baseline,1,21,0
budget-final-made-e1e84092306de12ec73ae8fb,30,Co-Hg-Mg-Sr-W,baseline,1,22,0
budget-final-made-e1e84092306de12ec73ae8fb,30,Co-Hg-Mg-Sr-W,baseline,1,23,0
budget-final-made-e1e84092306de12ec73ae8fb,30,Co-Hg-Mg-Sr-W,baseline,1,24,0
budget-final-made-e1e84092306de12ec73ae8fb,30,Co-Hg-Mg-Sr-W,baseline,1,25,0
budget-final-made-e1e84092306de12ec73ae8fb,30,Co-Hg-Mg-Sr-W,baseline,1,26,0
budget-final-made-e1e84092306de12ec73ae8fb,30,Co-Hg-Mg-Sr-W,baseline,1,27,0
budget-final-made-e1e84092306de12ec73ae8fb,30,Co-Hg-Mg-Sr-W,baseline,1,28,0
budget-final-made-e1e84092306de12ec73ae8fb,30,Co-Hg-Mg-Sr-W,baseline,1,29,0
budget-final-made-e1e84092306de12ec73ae8fb,30,Co-Hg-Mg-Sr-W,baseline,1,30,0
budget-final-made-ad7247aa48b4fab7318ccfd3,30,Co-Hg-Mg-Sr-W,esopt_graph_risk,1,0,0
budget-final-made-ad7247aa48b4fab7318ccfd3,30,Co-Hg-Mg-Sr-W,esopt_graph_risk,1,1,0
budget-final-made-ad7247aa48b4fab7318ccfd3,30,Co-Hg-Mg-Sr-W,esopt_graph_risk,1,2,0
budget-final-made-ad7247aa48b4fab7318ccfd3,30,Co-Hg-Mg-Sr-W,esopt_graph_risk,1,3,0
budget-final-made-ad7247aa48b4fab7318ccfd3,30,Co-Hg-Mg-Sr-W,esopt_graph_risk,1,4,0
budget-final-made-ad7247aa48b4fab7318ccfd3,30,Co-Hg-Mg-Sr-W,esopt_graph_risk,1,5,0
budget-final-made-ad7247aa48b4fab7318ccfd3,30,Co-Hg-Mg-Sr-W,esopt_graph_risk,1,6,0
budget-final-made-ad7247aa48b4fab7318ccfd3,30,Co-Hg-Mg-Sr-W,esopt_graph_risk,1,7,0
budget-final-made-ad7247aa48b4fab7318ccfd3,30,Co-Hg-Mg-Sr-W,esopt_graph_risk,1,8,0
budget-final-made-ad7247aa48b4fab7318ccfd3,30,Co-Hg-Mg-Sr-W,esopt_graph_risk,1,9,0
budget-final-made-ad7247aa48b4fab7318ccfd3,30,Co-Hg-Mg-Sr-W,esopt_graph_risk,1,10,0
budget-final-made-ad7247aa48b4fab7318ccfd3,30,Co-Hg-Mg-Sr-W,esopt_graph_risk,1,11,0
budget-final-made-ad7247aa48b4fab7318ccfd3,30,Co-Hg-Mg-Sr-W,esopt_graph_risk,1,12,0
budget-final-made-ad7247aa48b4fab7318ccfd3,30,Co-Hg-Mg-Sr-W,esopt_graph_risk,1,13,0
budget-final-made-ad7247aa48b4fab7318ccfd3,30,Co-Hg-Mg-Sr-W,esopt_graph_risk,1,14,0
budget-final-made-ad7247aa48b4fab7318ccfd3,30,Co-Hg-Mg-Sr-W,esopt_graph_risk,1,15,0
budget-final-made-ad7247aa48b4fab7318ccfd3,30,Co-Hg-Mg-Sr-W,esopt_graph_risk,1,16,0
budget-final-made-ad7247aa48b4fab7318ccfd3,30,Co-Hg-Mg-Sr-W,esopt_graph_risk,1,17,0
budget-final-made-ad7247aa48b4fab7318ccfd3,30,Co-Hg-Mg-Sr-W,esopt_graph_risk,1,18,0
budget-final-made-ad7247aa48b4fab7318ccfd3,30,Co-Hg-Mg-Sr-W,esopt_graph_risk,1,19,0
budget-final-made-ad7247aa48b4fab7318ccfd3,30,Co-Hg-Mg-Sr-W,esopt_graph_risk,1,20,0
budget-final-made-ad7247aa48b4fab7318ccfd3,30,Co-Hg-Mg-Sr-W,esopt_graph_risk,1,21,0
budget-final-made-ad7247aa48b4fab7318ccfd3,30,Co-Hg-Mg-Sr-W,esopt_graph_risk,1,22,0
budget-final-made-ad7247aa48b4fab7318ccfd3,30,Co-Hg-Mg-Sr-W,esopt_graph_risk,1,23,0
budget-final-made-ad7247aa48b4fab7318ccfd3,30,Co-Hg-Mg-Sr-W,esopt_graph_risk,1,24,0
budget-final-made-ad7247aa48b4fab7318ccfd3,30,Co-Hg-Mg-Sr-W,esopt_graph_risk,1,25,0
budget-final-made-ad7247aa48b4fab7318ccfd3,30,Co-Hg-Mg-Sr-W,esopt_graph_risk,1,26,0
budget-final-made-ad7247aa48b4fab7318ccfd3,30,Co-Hg-Mg-Sr-W,esopt_graph_risk,1,27,0
budget-final-made-ad7247aa48b4fab7318ccfd3,30,Co-Hg-Mg-Sr-W,esopt_graph_risk,1,28,0
budget-final-made-ad7247aa48b4fab7318ccfd3,30,Co-Hg-Mg-Sr-W,esopt_graph_risk,1,29,0
budget-final-made-ad7247aa48b4fab7318ccfd3,30,Co-Hg-Mg-Sr-W,esopt_graph_risk,1,30,0
budget-final-made-57b95bfdfcf86615de0d6000,30,Co-Mg-Na,baseline,1,0,0
budget-final-made-57b95bfdfcf86615de0d6000,30,Co-Mg-Na,baseline,1,1,0
budget-final-made-57b95bfdfcf86615de0d6000,30,Co-Mg-Na,baseline,1,2,0
budget-final-made-57b95bfdfcf86615de0d6000,30,Co-Mg-Na,baseline,1,3,0
budget-final-made-57b95bfdfcf86615de0d6000,30,Co-Mg-Na,baseline,1,4,0
budget-final-made-57b95bfdfcf86615de0d6000,30,Co-Mg-Na,baseline,1,5,0
budget-final-made-57b95bfdfcf86615de0d6000,30,Co-Mg-Na,baseline,1,6,0
budget-final-made-57b95bfdfcf86615de0d6000,30,Co-Mg-Na,baseline,1,7,0
budget-final-made-57b95bfdfcf86615de0d6000,30,Co-Mg-Na,baseline,1,8,0
budget-final-made-57b95bfdfcf86615de0d6000,30,Co-Mg-Na,baseline,1,9,0
budget-final-made-57b95bfdfcf86615de0d6000,30,Co-Mg-Na,baseline,1,10,0
budget-final-made-57b95bfdfcf86615de0d6000,30,Co-Mg-Na,baseline,1,11,0
budget-final-made-57b95bfdfcf86615de0d6000,30,Co-Mg-Na,baseline,1,12,0
budget-final-made-57b95bfdfcf86615de0d6000,30,Co-Mg-Na,baseline,1,13,0
budget-final-made-57b95bfdfcf86615de0d6000,30,Co-Mg-Na,baseline,1,14,0
budget-final-made-57b95bfdfcf86615de0d6000,30,Co-Mg-Na,baseline,1,15,0
budget-final-made-57b95bfdfcf86615de0d6000,30,Co-Mg-Na,baseline,1,16,0
budget-final-made-57b95bfdfcf86615de0d6000,30,Co-Mg-Na,baseline,1,17,0
budget-final-made-57b95bfdfcf86615de0d6000,30,Co-Mg-Na,baseline,1,18,0
budget-final-made-57b95bfdfcf86615de0d6000,30,Co-Mg-Na,baseline,1,19,0
budget-final-made-57b95bfdfcf86615de0d6000,30,Co-Mg-Na,baseline,1,20,0
budget-final-made-57b95bfdfcf86615de0d6000,30,Co-Mg-Na,baseline,1,21,0
budget-final-made-57b95bfdfcf86615de0d6000,30,Co-Mg-Na,baseline,1,22,0
budget-final-made-57b95bfdfcf86615de0d6000,30,Co-Mg-Na,baseline,1,23,0
budget-final-made-57b95bfdfcf86615de0d6000,30,Co-Mg-Na,baseline,1,24,0
budget-final-made-57b95bfdfcf86615de0d6000,30,Co-Mg-Na,baseline,1,25,0
budget-final-made-57b95bfdfcf86615de0d6000,30,Co-Mg-Na,baseline,1,26,0
budget-final-made-57b95bfdfcf86615de0d6000,30,Co-Mg-Na,baseline,1,27,0
budget-final-made-57b95bfdfcf86615de0d6000,30,Co-Mg-Na,baseline,1,28,0
budget-final-made-57b95bfdfcf86615de0d6000,30,Co-Mg-Na,baseline,1,29,0
budget-final-made-57b95bfdfcf86615de0d6000,30,Co-Mg-Na,baseline,1,30,0
budget-final-made-60a93cb79b903b44c94c8108,30,Co-Mg-Na,esopt_graph_risk,1,0,0
budget-final-made-60a93cb79b903b44c94c8108,30,Co-Mg-Na,esopt_graph_risk,1,1,0
budget-final-made-60a93cb79b903b44c94c8108,30,Co-Mg-Na,esopt_graph_risk,1,2,0
budget-final-made-60a93cb79b903b44c94c8108,30,Co-Mg-Na,esopt_graph_risk,1,3,0
budget-final-made-60a93cb79b903b44c94c8108,30,Co-Mg-Na,esopt_graph_risk,1,4,0
budget-final-made-60a93cb79b903b44c94c8108,30,Co-Mg-Na,esopt_graph_risk,1,5,0
budget-final-made-60a93cb79b903b44c94c8108,30,Co-Mg-Na,esopt_graph_risk,1,6,0
budget-final-made-60a93cb79b903b44c94c8108,30,Co-Mg-Na,esopt_graph_risk,1,7,0
budget-final-made-60a93cb79b903b44c94c8108,30,Co-Mg-Na,esopt_graph_risk,1,8,0
budget-final-made-60a93cb79b903b44c94c8108,30,Co-Mg-Na,esopt_graph_risk,1,9,0
budget-final-made-60a93cb79b903b44c94c8108,30,Co-Mg-Na,esopt_graph_risk,1,10,0
budget-final-made-60a93cb79b903b44c94c8108,30,Co-Mg-Na,esopt_graph_risk,1,11,0
budget-final-made-60a93cb79b903b44c94c8108,30,Co-Mg-Na,esopt_graph_risk,1,12,0
budget-final-made-60a93cb79b903b44c94c8108,30,Co-Mg-Na,esopt_graph_risk,1,13,0
budget-final-made-60a93cb79b903b44c94c8108,30,Co-Mg-Na,esopt_graph_risk,1,14,0
budget-final-made-60a93cb79b903b44c94c8108,30,Co-Mg-Na,esopt_graph_risk,1,15,0
budget-final-made-60a93cb79b903b44c94c8108,30,Co-Mg-Na,esopt_graph_risk,1,16,0
budget-final-made-60a93cb79b903b44c94c8108,30,Co-Mg-Na,esopt_graph_risk,1,17,0
budget-final-made-60a93cb79b903b44c94c8108,30,Co-Mg-Na,esopt_graph_risk,1,18,0
budget-final-made-60a93cb79b903b44c94c8108,30,Co-Mg-Na,esopt_graph_risk,1,19,0
budget-final-made-60a93cb79b903b44c94c8108,30,Co-Mg-Na,esopt_graph_risk,1,20,0
budget-final-made-60a93cb79b903b44c94c8108,30,Co-Mg-Na,esopt_graph_risk,1,21,0
budget-final-made-60a93cb79b903b44c94c8108,30,Co-Mg-Na,esopt_graph_risk,1,22,0
budget-final-made-60a93cb79b903b44c94c8108,30,Co-Mg-Na,esopt_graph_risk,1,23,0
budget-final-made-60a93cb79b903b44c94c8108,30,Co-Mg-Na,esopt_graph_risk,1,24,0
budget-final-made-60a93cb79b903b44c94c8108,30,Co-Mg-Na,esopt_graph_risk,1,25,0
budget-final-made-60a93cb79b903b44c94c8108,30,Co-Mg-Na,esopt_graph_risk,1,26,0
budget-final-made-60a93cb79b903b44c94c8108,30,Co-Mg-Na,esopt_graph_risk,1,27,0
budget-final-made-60a93cb79b903b44c94c8108,30,Co-Mg-Na,esopt_graph_risk,1,28,0
budget-final-made-60a93cb79b903b44c94c8108,30,Co-Mg-Na,esopt_graph_risk,1,29,0
budget-final-made-60a93cb79b903b44c94c8108,30,Co-Mg-Na,esopt_graph_risk,1,30,0
budget-final-made-8f47284bf3a0ec57b02b8dd8,30,Co-Pd-Tl,baseline,1,0,0
budget-final-made-8f47284bf3a0ec57b02b8dd8,30,Co-Pd-Tl,baseline,1,1,1
budget-final-made-8f47284bf3a0ec57b02b8dd8,30,Co-Pd-Tl,baseline,1,2,1
budget-final-made-8f47284bf3a0ec57b02b8dd8,30,Co-Pd-Tl,baseline,1,3,1
budget-final-made-8f47284bf3a0ec57b02b8dd8,30,Co-Pd-Tl,baseline,1,4,1
budget-final-made-8f47284bf3a0ec57b02b8dd8,30,Co-Pd-Tl,baseline,1,5,1
budget-final-made-8f47284bf3a0ec57b02b8dd8,30,Co-Pd-Tl,baseline,1,6,1
budget-final-made-8f47284bf3a0ec57b02b8dd8,30,Co-Pd-Tl,baseline,1,7,1
budget-final-made-8f47284bf3a0ec57b02b8dd8,30,Co-Pd-Tl,baseline,1,8,2
budget-final-made-8f47284bf3a0ec57b02b8dd8,30,Co-Pd-Tl,baseline,1,9,2
budget-final-made-8f47284bf3a0ec57b02b8dd8,30,Co-Pd-Tl,baseline,1,10,2
budget-final-made-8f47284bf3a0ec57b02b8dd8,30,Co-Pd-Tl,baseline,1,11,2
budget-final-made-8f47284bf3a0ec57b02b8dd8,30,Co-Pd-Tl,baseline,1,12,3
budget-final-made-8f47284bf3a0ec57b02b8dd8,30,Co-Pd-Tl,baseline,1,13,3
budget-final-made-8f47284bf3a0ec57b02b8dd8,30,Co-Pd-Tl,baseline,1,14,3
budget-final-made-8f47284bf3a0ec57b02b8dd8,30,Co-Pd-Tl,baseline,1,15,3
budget-final-made-8f47284bf3a0ec57b02b8dd8,30,Co-Pd-Tl,baseline,1,16,3
budget-final-made-8f47284bf3a0ec57b02b8dd8,30,Co-Pd-Tl,baseline,1,17,3
budget-final-made-8f47284bf3a0ec57b02b8dd8,30,Co-Pd-Tl,baseline,1,18,3
budget-final-made-8f47284bf3a0ec57b02b8dd8,30,Co-Pd-Tl,baseline,1,19,3
budget-final-made-8f47284bf3a0ec57b02b8dd8,30,Co-Pd-Tl,baseline,1,20,3
budget-final-made-8f47284bf3a0ec57b02b8dd8,30,Co-Pd-Tl,baseline,1,21,3
budget-final-made-8f47284bf3a0ec57b02b8dd8,30,Co-Pd-Tl,baseline,1,22,3
budget-final-made-8f47284bf3a0ec57b02b8dd8,30,Co-Pd-Tl,baseline,1,23,3
budget-final-made-8f47284bf3a0ec57b02b8dd8,30,Co-Pd-Tl,baseline,1,24,3
budget-final-made-8f47284bf3a0ec57b02b8dd8,30,Co-Pd-Tl,baseline,1,25,3
budget-final-made-8f47284bf3a0ec57b02b8dd8,30,Co-Pd-Tl,baseline,1,26,3
budget-final-made-8f47284bf3a0ec57b02b8dd8,30,Co-Pd-Tl,baseline,1,27,3
budget-final-made-8f47284bf3a0ec57b02b8dd8,30,Co-Pd-Tl,baseline,1,28,3
budget-final-made-8f47284bf3a0ec57b02b8dd8,30,Co-Pd-Tl,baseline,1,29,3
budget-final-made-8f47284bf3a0ec57b02b8dd8,30,Co-Pd-Tl,baseline,1,30,3
budget-final-made-bfeeaafeaa530163bba4bd71,30,Co-Pd-Tl,esopt_graph_risk,1,0,0
budget-final-made-bfeeaafeaa530163bba4bd71,30,Co-Pd-Tl,esopt_graph_risk,1,1,0
budget-final-made-bfeeaafeaa530163bba4bd71,30,Co-Pd-Tl,esopt_graph_risk,1,2,0
budget-final-made-bfeeaafeaa530163bba4bd71,30,Co-Pd-Tl,esopt_graph_risk,1,3,0
budget-final-made-bfeeaafeaa530163bba4bd71,30,Co-Pd-Tl,esopt_graph_risk,1,4,0
budget-final-made-bfeeaafeaa530163bba4bd71,30,Co-Pd-Tl,esopt_graph_risk,1,5,0
budget-final-made-bfeeaafeaa530163bba4bd71,30,Co-Pd-Tl,esopt_graph_risk,1,6,0
budget-final-made-bfeeaafeaa530163bba4bd71,30,Co-Pd-Tl,esopt_graph_risk,1,7,0
budget-final-made-bfeeaafeaa530163bba4bd71,30,Co-Pd-Tl,esopt_graph_risk,1,8,0
budget-final-made-bfeeaafeaa530163bba4bd71,30,Co-Pd-Tl,esopt_graph_risk,1,9,0
budget-final-made-bfeeaafeaa530163bba4bd71,30,Co-Pd-Tl,esopt_graph_risk,1,10,0
budget-final-made-bfeeaafeaa530163bba4bd71,30,Co-Pd-Tl,esopt_graph_risk,1,11,0
budget-final-made-bfeeaafeaa530163bba4bd71,30,Co-Pd-Tl,esopt_graph_risk,1,12,0
budget-final-made-bfeeaafeaa530163bba4bd71,30,Co-Pd-Tl,esopt_graph_risk,1,13,0
budget-final-made-bfeeaafeaa530163bba4bd71,30,Co-Pd-Tl,esopt_graph_risk,1,14,0
budget-final-made-bfeeaafeaa530163bba4bd71,30,Co-Pd-Tl,esopt_graph_risk,1,15,0
budget-final-made-bfeeaafeaa530163bba4bd71,30,Co-Pd-Tl,esopt_graph_risk,1,16,0
budget-final-made-bfeeaafeaa530163bba4bd71,30,Co-Pd-Tl,esopt_graph_risk,1,17,0
budget-final-made-bfeeaafeaa530163bba4bd71,30,Co-Pd-Tl,esopt_graph_risk,1,18,0
budget-final-made-bfeeaafeaa530163bba4bd71,30,Co-Pd-Tl,esopt_graph_risk,1,19,0
budget-final-made-bfeeaafeaa530163bba4bd71,30,Co-Pd-Tl,esopt_graph_risk,1,20,0
budget-final-made-bfeeaafeaa530163bba4bd71,30,Co-Pd-Tl,esopt_graph_risk,1,21,0
budget-final-made-bfeeaafeaa530163bba4bd71,30,Co-Pd-Tl,esopt_graph_risk,1,22,0
budget-final-made-bfeeaafeaa530163bba4bd71,30,Co-Pd-Tl,esopt_graph_risk,1,23,0
budget-final-made-bfeeaafeaa530163bba4bd71,30,Co-Pd-Tl,esopt_graph_risk,1,24,0
budget-final-made-bfeeaafeaa530163bba4bd71,30,Co-Pd-Tl,esopt_graph_risk,1,25,0
budget-final-made-bfeeaafeaa530163bba4bd71,30,Co-Pd-Tl,esopt_graph_risk,1,26,0
budget-final-made-bfeeaafeaa530163bba4bd71,30,Co-Pd-Tl,esopt_graph_risk,1,27,0
budget-final-made-bfeeaafeaa530163bba4bd71,30,Co-Pd-Tl,esopt_graph_risk,1,28,0
budget-final-made-bfeeaafeaa530163bba4bd71,30,Co-Pd-Tl,esopt_graph_risk,1,29,0
budget-final-made-bfeeaafeaa530163bba4bd71,30,Co-Pd-Tl,esopt_graph_risk,1,30,0
budget-final-made-e9a7da445d7240ef049e95a9,30,Cr-Fe-Lu-Pt-Sc,baseline,1,0,0
budget-final-made-e9a7da445d7240ef049e95a9,30,Cr-Fe-Lu-Pt-Sc,baseline,1,1,0
budget-final-made-e9a7da445d7240ef049e95a9,30,Cr-Fe-Lu-Pt-Sc,baseline,1,2,0
budget-final-made-e9a7da445d7240ef049e95a9,30,Cr-Fe-Lu-Pt-Sc,baseline,1,3,0
budget-final-made-e9a7da445d7240ef049e95a9,30,Cr-Fe-Lu-Pt-Sc,baseline,1,4,0
budget-final-made-e9a7da445d7240ef049e95a9,30,Cr-Fe-Lu-Pt-Sc,baseline,1,5,0
budget-final-made-e9a7da445d7240ef049e95a9,30,Cr-Fe-Lu-Pt-Sc,baseline,1,6,0
budget-final-made-e9a7da445d7240ef049e95a9,30,Cr-Fe-Lu-Pt-Sc,baseline,1,7,0
budget-final-made-e9a7da445d7240ef049e95a9,30,Cr-Fe-Lu-Pt-Sc,baseline,1,8,0
budget-final-made-e9a7da445d7240ef049e95a9,30,Cr-Fe-Lu-Pt-Sc,baseline,1,9,0
budget-final-made-e9a7da445d7240ef049e95a9,30,Cr-Fe-Lu-Pt-Sc,baseline,1,10,0
budget-final-made-e9a7da445d7240ef049e95a9,30,Cr-Fe-Lu-Pt-Sc,baseline,1,11,0
budget-final-made-e9a7da445d7240ef049e95a9,30,Cr-Fe-Lu-Pt-Sc,baseline,1,12,0
budget-final-made-e9a7da445d7240ef049e95a9,30,Cr-Fe-Lu-Pt-Sc,baseline,1,13,0
budget-final-made-e9a7da445d7240ef049e95a9,30,Cr-Fe-Lu-Pt-Sc,baseline,1,14,0
budget-final-made-e9a7da445d7240ef049e95a9,30,Cr-Fe-Lu-Pt-Sc,baseline,1,15,0
budget-final-made-e9a7da445d7240ef049e95a9,30,Cr-Fe-Lu-Pt-Sc,baseline,1,16,0
budget-final-made-e9a7da445d7240ef049e95a9,30,Cr-Fe-Lu-Pt-Sc,baseline,1,17,0
budget-final-made-e9a7da445d7240ef049e95a9,30,Cr-Fe-Lu-Pt-Sc,baseline,1,18,0
budget-final-made-e9a7da445d7240ef049e95a9,30,Cr-Fe-Lu-Pt-Sc,baseline,1,19,0
budget-final-made-e9a7da445d7240ef049e95a9,30,Cr-Fe-Lu-Pt-Sc,baseline,1,20,0
budget-final-made-e9a7da445d7240ef049e95a9,30,Cr-Fe-Lu-Pt-Sc,baseline,1,21,0
budget-final-made-e9a7da445d7240ef049e95a9,30,Cr-Fe-Lu-Pt-Sc,baseline,1,22,0
budget-final-made-e9a7da445d7240ef049e95a9,30,Cr-Fe-Lu-Pt-Sc,baseline,1,23,0
budget-final-made-e9a7da445d7240ef049e95a9,30,Cr-Fe-Lu-Pt-Sc,baseline,1,24,0
budget-final-made-e9a7da445d7240ef049e95a9,30,Cr-Fe-Lu-Pt-Sc,baseline,1,25,0
budget-final-made-e9a7da445d7240ef049e95a9,30,Cr-Fe-Lu-Pt-Sc,baseline,1,26,0
budget-final-made-e9a7da445d7240ef049e95a9,30,Cr-Fe-Lu-Pt-Sc,baseline,1,27,0
budget-final-made-e9a7da445d7240ef049e95a9,30,Cr-Fe-Lu-Pt-Sc,baseline,1,28,0
budget-final-made-e9a7da445d7240ef049e95a9,30,Cr-Fe-Lu-Pt-Sc,baseline,1,29,0
budget-final-made-e9a7da445d7240ef049e95a9,30,Cr-Fe-Lu-Pt-Sc,baseline,1,30,0
budget-final-made-893f84eddaeedf0653681ba6,30,Cr-Fe-Lu-Pt-Sc,esopt_graph_risk,1,0,0
budget-final-made-893f84eddaeedf0653681ba6,30,Cr-Fe-Lu-Pt-Sc,esopt_graph_risk,1,1,0
budget-final-made-893f84eddaeedf0653681ba6,30,Cr-Fe-Lu-Pt-Sc,esopt_graph_risk,1,2,0
budget-final-made-893f84eddaeedf0653681ba6,30,Cr-Fe-Lu-Pt-Sc,esopt_graph_risk,1,3,0
budget-final-made-893f84eddaeedf0653681ba6,30,Cr-Fe-Lu-Pt-Sc,esopt_graph_risk,1,4,0
budget-final-made-893f84eddaeedf0653681ba6,30,Cr-Fe-Lu-Pt-Sc,esopt_graph_risk,1,5,0
budget-final-made-893f84eddaeedf0653681ba6,30,Cr-Fe-Lu-Pt-Sc,esopt_graph_risk,1,6,0
budget-final-made-893f84eddaeedf0653681ba6,30,Cr-Fe-Lu-Pt-Sc,esopt_graph_risk,1,7,0
budget-final-made-893f84eddaeedf0653681ba6,30,Cr-Fe-Lu-Pt-Sc,esopt_graph_risk,1,8,0
budget-final-made-893f84eddaeedf0653681ba6,30,Cr-Fe-Lu-Pt-Sc,esopt_graph_risk,1,9,0
budget-final-made-893f84eddaeedf0653681ba6,30,Cr-Fe-Lu-Pt-Sc,esopt_graph_risk,1,10,0
budget-final-made-893f84eddaeedf0653681ba6,30,Cr-Fe-Lu-Pt-Sc,esopt_graph_risk,1,11,0
budget-final-made-893f84eddaeedf0653681ba6,30,Cr-Fe-Lu-Pt-Sc,esopt_graph_risk,1,12,0
budget-final-made-893f84eddaeedf0653681ba6,30,Cr-Fe-Lu-Pt-Sc,esopt_graph_risk,1,13,0
budget-final-made-893f84eddaeedf0653681ba6,30,Cr-Fe-Lu-Pt-Sc,esopt_graph_risk,1,14,0
budget-final-made-893f84eddaeedf0653681ba6,30,Cr-Fe-Lu-Pt-Sc,esopt_graph_risk,1,15,0
budget-final-made-893f84eddaeedf0653681ba6,30,Cr-Fe-Lu-Pt-Sc,esopt_graph_risk,1,16,0
budget-final-made-893f84eddaeedf0653681ba6,30,Cr-Fe-Lu-Pt-Sc,esopt_graph_risk,1,17,0
budget-final-made-893f84eddaeedf0653681ba6,30,Cr-Fe-Lu-Pt-Sc,esopt_graph_risk,1,18,0
budget-final-made-893f84eddaeedf0653681ba6,30,Cr-Fe-Lu-Pt-Sc,esopt_graph_risk,1,19,0
budget-final-made-893f84eddaeedf0653681ba6,30,Cr-Fe-Lu-Pt-Sc,esopt_graph_risk,1,20,0
budget-final-made-893f84eddaeedf0653681ba6,30,Cr-Fe-Lu-Pt-Sc,esopt_graph_risk,1,21,0
budget-final-made-893f84eddaeedf0653681ba6,30,Cr-Fe-Lu-Pt-Sc,esopt_graph_risk,1,22,0
budget-final-made-893f84eddaeedf0653681ba6,30,Cr-Fe-Lu-Pt-Sc,esopt_graph_risk,1,23,0
budget-final-made-893f84eddaeedf0653681ba6,30,Cr-Fe-Lu-Pt-Sc,esopt_graph_risk,1,24,0
budget-final-made-893f84eddaeedf0653681ba6,30,Cr-Fe-Lu-Pt-Sc,esopt_graph_risk,1,25,0
budget-final-made-893f84eddaeedf0653681ba6,30,Cr-Fe-Lu-Pt-Sc,esopt_graph_risk,1,26,0
budget-final-made-893f84eddaeedf0653681ba6,30,Cr-Fe-Lu-Pt-Sc,esopt_graph_risk,1,27,0
budget-final-made-893f84eddaeedf0653681ba6,30,Cr-Fe-Lu-Pt-Sc,esopt_graph_risk,1,28,0
budget-final-made-893f84eddaeedf0653681ba6,30,Cr-Fe-Lu-Pt-Sc,esopt_graph_risk,1,29,0
budget-final-made-893f84eddaeedf0653681ba6,30,Cr-Fe-Lu-Pt-Sc,esopt_graph_risk,1,30,0
budget-final-made-06f81b4369ee9018526cd3b1,30,Dy-K-Pd-Sm,baseline,1,0,0
budget-final-made-06f81b4369ee9018526cd3b1,30,Dy-K-Pd-Sm,baseline,1,1,0
budget-final-made-06f81b4369ee9018526cd3b1,30,Dy-K-Pd-Sm,baseline,1,2,0
budget-final-made-06f81b4369ee9018526cd3b1,30,Dy-K-Pd-Sm,baseline,1,3,0
budget-final-made-06f81b4369ee9018526cd3b1,30,Dy-K-Pd-Sm,baseline,1,4,0
budget-final-made-06f81b4369ee9018526cd3b1,30,Dy-K-Pd-Sm,baseline,1,5,0
budget-final-made-06f81b4369ee9018526cd3b1,30,Dy-K-Pd-Sm,baseline,1,6,0
budget-final-made-06f81b4369ee9018526cd3b1,30,Dy-K-Pd-Sm,baseline,1,7,0
budget-final-made-06f81b4369ee9018526cd3b1,30,Dy-K-Pd-Sm,baseline,1,8,0
budget-final-made-06f81b4369ee9018526cd3b1,30,Dy-K-Pd-Sm,baseline,1,9,0
budget-final-made-06f81b4369ee9018526cd3b1,30,Dy-K-Pd-Sm,baseline,1,10,0
budget-final-made-06f81b4369ee9018526cd3b1,30,Dy-K-Pd-Sm,baseline,1,11,0
budget-final-made-06f81b4369ee9018526cd3b1,30,Dy-K-Pd-Sm,baseline,1,12,0
budget-final-made-06f81b4369ee9018526cd3b1,30,Dy-K-Pd-Sm,baseline,1,13,0
budget-final-made-06f81b4369ee9018526cd3b1,30,Dy-K-Pd-Sm,baseline,1,14,0
budget-final-made-06f81b4369ee9018526cd3b1,30,Dy-K-Pd-Sm,baseline,1,15,0
budget-final-made-06f81b4369ee9018526cd3b1,30,Dy-K-Pd-Sm,baseline,1,16,0
budget-final-made-06f81b4369ee9018526cd3b1,30,Dy-K-Pd-Sm,baseline,1,17,0
budget-final-made-06f81b4369ee9018526cd3b1,30,Dy-K-Pd-Sm,baseline,1,18,0
budget-final-made-06f81b4369ee9018526cd3b1,30,Dy-K-Pd-Sm,baseline,1,19,0
budget-final-made-06f81b4369ee9018526cd3b1,30,Dy-K-Pd-Sm,baseline,1,20,0
budget-final-made-06f81b4369ee9018526cd3b1,30,Dy-K-Pd-Sm,baseline,1,21,0
budget-final-made-06f81b4369ee9018526cd3b1,30,Dy-K-Pd-Sm,baseline,1,22,0
budget-final-made-06f81b4369ee9018526cd3b1,30,Dy-K-Pd-Sm,baseline,1,23,0
budget-final-made-06f81b4369ee9018526cd3b1,30,Dy-K-Pd-Sm,baseline,1,24,0
budget-final-made-06f81b4369ee9018526cd3b1,30,Dy-K-Pd-Sm,baseline,1,25,0
budget-final-made-06f81b4369ee9018526cd3b1,30,Dy-K-Pd-Sm,baseline,1,26,0
budget-final-made-06f81b4369ee9018526cd3b1,30,Dy-K-Pd-Sm,baseline,1,27,0
budget-final-made-06f81b4369ee9018526cd3b1,30,Dy-K-Pd-Sm,baseline,1,28,0
budget-final-made-06f81b4369ee9018526cd3b1,30,Dy-K-Pd-Sm,baseline,1,29,0
budget-final-made-06f81b4369ee9018526cd3b1,30,Dy-K-Pd-Sm,baseline,1,30,0
budget-final-made-5b45a11bf112cc71ad9d8641,30,Dy-K-Pd-Sm,esopt_graph_risk,1,0,0
budget-final-made-5b45a11bf112cc71ad9d8641,30,Dy-K-Pd-Sm,esopt_graph_risk,1,1,1
budget-final-made-5b45a11bf112cc71ad9d8641,30,Dy-K-Pd-Sm,esopt_graph_risk,1,2,1
budget-final-made-5b45a11bf112cc71ad9d8641,30,Dy-K-Pd-Sm,esopt_graph_risk,1,3,1
budget-final-made-5b45a11bf112cc71ad9d8641,30,Dy-K-Pd-Sm,esopt_graph_risk,1,4,1
budget-final-made-5b45a11bf112cc71ad9d8641,30,Dy-K-Pd-Sm,esopt_graph_risk,1,5,2
budget-final-made-5b45a11bf112cc71ad9d8641,30,Dy-K-Pd-Sm,esopt_graph_risk,1,6,3
budget-final-made-5b45a11bf112cc71ad9d8641,30,Dy-K-Pd-Sm,esopt_graph_risk,1,7,3
budget-final-made-5b45a11bf112cc71ad9d8641,30,Dy-K-Pd-Sm,esopt_graph_risk,1,8,3
budget-final-made-5b45a11bf112cc71ad9d8641,30,Dy-K-Pd-Sm,esopt_graph_risk,1,9,3
budget-final-made-5b45a11bf112cc71ad9d8641,30,Dy-K-Pd-Sm,esopt_graph_risk,1,10,3
budget-final-made-5b45a11bf112cc71ad9d8641,30,Dy-K-Pd-Sm,esopt_graph_risk,1,11,3
budget-final-made-5b45a11bf112cc71ad9d8641,30,Dy-K-Pd-Sm,esopt_graph_risk,1,12,3
budget-final-made-5b45a11bf112cc71ad9d8641,30,Dy-K-Pd-Sm,esopt_graph_risk,1,13,3
budget-final-made-5b45a11bf112cc71ad9d8641,30,Dy-K-Pd-Sm,esopt_graph_risk,1,14,3
budget-final-made-5b45a11bf112cc71ad9d8641,30,Dy-K-Pd-Sm,esopt_graph_risk,1,15,3
budget-final-made-5b45a11bf112cc71ad9d8641,30,Dy-K-Pd-Sm,esopt_graph_risk,1,16,3
budget-final-made-5b45a11bf112cc71ad9d8641,30,Dy-K-Pd-Sm,esopt_graph_risk,1,17,3
budget-final-made-5b45a11bf112cc71ad9d8641,30,Dy-K-Pd-Sm,esopt_graph_risk,1,18,3
budget-final-made-5b45a11bf112cc71ad9d8641,30,Dy-K-Pd-Sm,esopt_graph_risk,1,19,3
budget-final-made-5b45a11bf112cc71ad9d8641,30,Dy-K-Pd-Sm,esopt_graph_risk,1,20,3
budget-final-made-5b45a11bf112cc71ad9d8641,30,Dy-K-Pd-Sm,esopt_graph_risk,1,21,3
budget-final-made-5b45a11bf112cc71ad9d8641,30,Dy-K-Pd-Sm,esopt_graph_risk,1,22,3
budget-final-made-5b45a11bf112cc71ad9d8641,30,Dy-K-Pd-Sm,esopt_graph_risk,1,23,3
budget-final-made-5b45a11bf112cc71ad9d8641,30,Dy-K-Pd-Sm,esopt_graph_risk,1,24,3
budget-final-made-5b45a11bf112cc71ad9d8641,30,Dy-K-Pd-Sm,esopt_graph_risk,1,25,3
budget-final-made-5b45a11bf112cc71ad9d8641,30,Dy-K-Pd-Sm,esopt_graph_risk,1,26,3
budget-final-made-5b45a11bf112cc71ad9d8641,30,Dy-K-Pd-Sm,esopt_graph_risk,1,27,3
budget-final-made-5b45a11bf112cc71ad9d8641,30,Dy-K-Pd-Sm,esopt_graph_risk,1,28,3
budget-final-made-5b45a11bf112cc71ad9d8641,30,Dy-K-Pd-Sm,esopt_graph_risk,1,29,3
budget-final-made-5b45a11bf112cc71ad9d8641,30,Dy-K-Pd-Sm,esopt_graph_risk,1,30,3
budget-final-made-82f6c7518cee0a7d9a7c0d28,30,Eu-Nb-Sn-Tl,baseline,1,0,0
budget-final-made-82f6c7518cee0a7d9a7c0d28,30,Eu-Nb-Sn-Tl,baseline,1,1,0
budget-final-made-82f6c7518cee0a7d9a7c0d28,30,Eu-Nb-Sn-Tl,baseline,1,2,0
budget-final-made-82f6c7518cee0a7d9a7c0d28,30,Eu-Nb-Sn-Tl,baseline,1,3,0
budget-final-made-82f6c7518cee0a7d9a7c0d28,30,Eu-Nb-Sn-Tl,baseline,1,4,0
budget-final-made-82f6c7518cee0a7d9a7c0d28,30,Eu-Nb-Sn-Tl,baseline,1,5,0
budget-final-made-82f6c7518cee0a7d9a7c0d28,30,Eu-Nb-Sn-Tl,baseline,1,6,0
budget-final-made-82f6c7518cee0a7d9a7c0d28,30,Eu-Nb-Sn-Tl,baseline,1,7,0
budget-final-made-82f6c7518cee0a7d9a7c0d28,30,Eu-Nb-Sn-Tl,baseline,1,8,0
budget-final-made-82f6c7518cee0a7d9a7c0d28,30,Eu-Nb-Sn-Tl,baseline,1,9,0
budget-final-made-82f6c7518cee0a7d9a7c0d28,30,Eu-Nb-Sn-Tl,baseline,1,10,0
budget-final-made-82f6c7518cee0a7d9a7c0d28,30,Eu-Nb-Sn-Tl,baseline,1,11,0
budget-final-made-82f6c7518cee0a7d9a7c0d28,30,Eu-Nb-Sn-Tl,baseline,1,12,0
budget-final-made-82f6c7518cee0a7d9a7c0d28,30,Eu-Nb-Sn-Tl,baseline,1,13,0
budget-final-made-82f6c7518cee0a7d9a7c0d28,30,Eu-Nb-Sn-Tl,baseline,1,14,0
budget-final-made-82f6c7518cee0a7d9a7c0d28,30,Eu-Nb-Sn-Tl,baseline,1,15,0
budget-final-made-82f6c7518cee0a7d9a7c0d28,30,Eu-Nb-Sn-Tl,baseline,1,16,0
budget-final-made-82f6c7518cee0a7d9a7c0d28,30,Eu-Nb-Sn-Tl,baseline,1,17,0
budget-final-made-82f6c7518cee0a7d9a7c0d28,30,Eu-Nb-Sn-Tl,baseline,1,18,0
budget-final-made-82f6c7518cee0a7d9a7c0d28,30,Eu-Nb-Sn-Tl,baseline,1,19,0
budget-final-made-82f6c7518cee0a7d9a7c0d28,30,Eu-Nb-Sn-Tl,baseline,1,20,0
budget-final-made-82f6c7518cee0a7d9a7c0d28,30,Eu-Nb-Sn-Tl,baseline,1,21,0
budget-final-made-82f6c7518cee0a7d9a7c0d28,30,Eu-Nb-Sn-Tl,baseline,1,22,0
budget-final-made-82f6c7518cee0a7d9a7c0d28,30,Eu-Nb-Sn-Tl,baseline,1,23,0
budget-final-made-82f6c7518cee0a7d9a7c0d28,30,Eu-Nb-Sn-Tl,baseline,1,24,0
budget-final-made-82f6c7518cee0a7d9a7c0d28,30,Eu-Nb-Sn-Tl,baseline,1,25,0
budget-final-made-82f6c7518cee0a7d9a7c0d28,30,Eu-Nb-Sn-Tl,baseline,1,26,0
budget-final-made-82f6c7518cee0a7d9a7c0d28,30,Eu-Nb-Sn-Tl,baseline,1,27,0
budget-final-made-82f6c7518cee0a7d9a7c0d28,30,Eu-Nb-Sn-Tl,baseline,1,28,0
budget-final-made-82f6c7518cee0a7d9a7c0d28,30,Eu-Nb-Sn-Tl,baseline,1,29,0
budget-final-made-82f6c7518cee0a7d9a7c0d28,30,Eu-Nb-Sn-Tl,baseline,1,30,0
budget-final-made-43d658e0fd9b07b57a04d94a,30,Eu-Nb-Sn-Tl,esopt_graph_risk,1,0,0
budget-final-made-43d658e0fd9b07b57a04d94a,30,Eu-Nb-Sn-Tl,esopt_graph_risk,1,1,0
budget-final-made-43d658e0fd9b07b57a04d94a,30,Eu-Nb-Sn-Tl,esopt_graph_risk,1,2,0
budget-final-made-43d658e0fd9b07b57a04d94a,30,Eu-Nb-Sn-Tl,esopt_graph_risk,1,3,0
budget-final-made-43d658e0fd9b07b57a04d94a,30,Eu-Nb-Sn-Tl,esopt_graph_risk,1,4,0
budget-final-made-43d658e0fd9b07b57a04d94a,30,Eu-Nb-Sn-Tl,esopt_graph_risk,1,5,0
budget-final-made-43d658e0fd9b07b57a04d94a,30,Eu-Nb-Sn-Tl,esopt_graph_risk,1,6,0
budget-final-made-43d658e0fd9b07b57a04d94a,30,Eu-Nb-Sn-Tl,esopt_graph_risk,1,7,0
budget-final-made-43d658e0fd9b07b57a04d94a,30,Eu-Nb-Sn-Tl,esopt_graph_risk,1,8,0
budget-final-made-43d658e0fd9b07b57a04d94a,30,Eu-Nb-Sn-Tl,esopt_graph_risk,1,9,0
budget-final-made-43d658e0fd9b07b57a04d94a,30,Eu-Nb-Sn-Tl,esopt_graph_risk,1,10,0
budget-final-made-43d658e0fd9b07b57a04d94a,30,Eu-Nb-Sn-Tl,esopt_graph_risk,1,11,0
budget-final-made-43d658e0fd9b07b57a04d94a,30,Eu-Nb-Sn-Tl,esopt_graph_risk,1,12,0
budget-final-made-43d658e0fd9b07b57a04d94a,30,Eu-Nb-Sn-Tl,esopt_graph_risk,1,13,0
budget-final-made-43d658e0fd9b07b57a04d94a,30,Eu-Nb-Sn-Tl,esopt_graph_risk,1,14,0
budget-final-made-43d658e0fd9b07b57a04d94a,30,Eu-Nb-Sn-Tl,esopt_graph_risk,1,15,0
budget-final-made-43d658e0fd9b07b57a04d94a,30,Eu-Nb-Sn-Tl,esopt_graph_risk,1,16,0
budget-final-made-43d658e0fd9b07b57a04d94a,30,Eu-Nb-Sn-Tl,esopt_graph_risk,1,17,0
budget-final-made-43d658e0fd9b07b57a04d94a,30,Eu-Nb-Sn-Tl,esopt_graph_risk,1,18,0
budget-final-made-43d658e0fd9b07b57a04d94a,30,Eu-Nb-Sn-Tl,esopt_graph_risk,1,19,0
budget-final-made-43d658e0fd9b07b57a04d94a,30,Eu-Nb-Sn-Tl,esopt_graph_risk,1,20,0
budget-final-made-43d658e0fd9b07b57a04d94a,30,Eu-Nb-Sn-Tl,esopt_graph_risk,1,21,0
budget-final-made-43d658e0fd9b07b57a04d94a,30,Eu-Nb-Sn-Tl,esopt_graph_risk,1,22,0
budget-final-made-43d658e0fd9b07b57a04d94a,30,Eu-Nb-Sn-Tl,esopt_graph_risk,1,23,0
budget-final-made-43d658e0fd9b07b57a04d94a,30,Eu-Nb-Sn-Tl,esopt_graph_risk,1,24,0
budget-final-made-43d658e0fd9b07b57a04d94a,30,Eu-Nb-Sn-Tl,esopt_graph_risk,1,25,0
budget-final-made-43d658e0fd9b07b57a04d94a,30,Eu-Nb-Sn-Tl,esopt_graph_risk,1,26,0
budget-final-made-43d658e0fd9b07b57a04d94a,30,Eu-Nb-Sn-Tl,esopt_graph_risk,1,27,0
budget-final-made-43d658e0fd9b07b57a04d94a,30,Eu-Nb-Sn-Tl,esopt_graph_risk,1,28,0
budget-final-made-43d658e0fd9b07b57a04d94a,30,Eu-Nb-Sn-Tl,esopt_graph_risk,1,29,0
budget-final-made-43d658e0fd9b07b57a04d94a,30,Eu-Nb-Sn-Tl,esopt_graph_risk,1,30,0
budget-final-made-c7271a54a71297bd6edd144f,30,Ga-Ho-Lu,baseline,1,0,0
budget-final-made-c7271a54a71297bd6edd144f,30,Ga-Ho-Lu,baseline,1,1,1
budget-final-made-c7271a54a71297bd6edd144f,30,Ga-Ho-Lu,baseline,1,2,2
budget-final-made-c7271a54a71297bd6edd144f,30,Ga-Ho-Lu,baseline,1,3,2
budget-final-made-c7271a54a71297bd6edd144f,30,Ga-Ho-Lu,baseline,1,4,2
budget-final-made-c7271a54a71297bd6edd144f,30,Ga-Ho-Lu,baseline,1,5,2
budget-final-made-c7271a54a71297bd6edd144f,30,Ga-Ho-Lu,baseline,1,6,3
budget-final-made-c7271a54a71297bd6edd144f,30,Ga-Ho-Lu,baseline,1,7,4
budget-final-made-c7271a54a71297bd6edd144f,30,Ga-Ho-Lu,baseline,1,8,5
budget-final-made-c7271a54a71297bd6edd144f,30,Ga-Ho-Lu,baseline,1,9,5
budget-final-made-c7271a54a71297bd6edd144f,30,Ga-Ho-Lu,baseline,1,10,5
budget-final-made-c7271a54a71297bd6edd144f,30,Ga-Ho-Lu,baseline,1,11,6
budget-final-made-c7271a54a71297bd6edd144f,30,Ga-Ho-Lu,baseline,1,12,6
budget-final-made-c7271a54a71297bd6edd144f,30,Ga-Ho-Lu,baseline,1,13,6
budget-final-made-c7271a54a71297bd6edd144f,30,Ga-Ho-Lu,baseline,1,14,6
budget-final-made-c7271a54a71297bd6edd144f,30,Ga-Ho-Lu,baseline,1,15,6
budget-final-made-c7271a54a71297bd6edd144f,30,Ga-Ho-Lu,baseline,1,16,7
budget-final-made-c7271a54a71297bd6edd144f,30,Ga-Ho-Lu,baseline,1,17,7
budget-final-made-c7271a54a71297bd6edd144f,30,Ga-Ho-Lu,baseline,1,18,8
budget-final-made-c7271a54a71297bd6edd144f,30,Ga-Ho-Lu,baseline,1,19,8
budget-final-made-c7271a54a71297bd6edd144f,30,Ga-Ho-Lu,baseline,1,20,8
budget-final-made-c7271a54a71297bd6edd144f,30,Ga-Ho-Lu,baseline,1,21,8
budget-final-made-c7271a54a71297bd6edd144f,30,Ga-Ho-Lu,baseline,1,22,8
budget-final-made-c7271a54a71297bd6edd144f,30,Ga-Ho-Lu,baseline,1,23,9
budget-final-made-c7271a54a71297bd6edd144f,30,Ga-Ho-Lu,baseline,1,24,9
budget-final-made-c7271a54a71297bd6edd144f,30,Ga-Ho-Lu,baseline,1,25,10
budget-final-made-c7271a54a71297bd6edd144f,30,Ga-Ho-Lu,baseline,1,26,10
budget-final-made-c7271a54a71297bd6edd144f,30,Ga-Ho-Lu,baseline,1,27,10
budget-final-made-c7271a54a71297bd6edd144f,30,Ga-Ho-Lu,baseline,1,28,10
budget-final-made-c7271a54a71297bd6edd144f,30,Ga-Ho-Lu,baseline,1,29,10
budget-final-made-c7271a54a71297bd6edd144f,30,Ga-Ho-Lu,baseline,1,30,10
budget-final-made-918bd9462b0f8ade79ece0bc,30,Ga-Ho-Lu,esopt_graph_risk,1,0,0
budget-final-made-918bd9462b0f8ade79ece0bc,30,Ga-Ho-Lu,esopt_graph_risk,1,1,0
budget-final-made-918bd9462b0f8ade79ece0bc,30,Ga-Ho-Lu,esopt_graph_risk,1,2,1
budget-final-made-918bd9462b0f8ade79ece0bc,30,Ga-Ho-Lu,esopt_graph_risk,1,3,2
budget-final-made-918bd9462b0f8ade79ece0bc,30,Ga-Ho-Lu,esopt_graph_risk,1,4,3
budget-final-made-918bd9462b0f8ade79ece0bc,30,Ga-Ho-Lu,esopt_graph_risk,1,5,3
budget-final-made-918bd9462b0f8ade79ece0bc,30,Ga-Ho-Lu,esopt_graph_risk,1,6,3
budget-final-made-918bd9462b0f8ade79ece0bc,30,Ga-Ho-Lu,esopt_graph_risk,1,7,3
budget-final-made-918bd9462b0f8ade79ece0bc,30,Ga-Ho-Lu,esopt_graph_risk,1,8,3
budget-final-made-918bd9462b0f8ade79ece0bc,30,Ga-Ho-Lu,esopt_graph_risk,1,9,4
budget-final-made-918bd9462b0f8ade79ece0bc,30,Ga-Ho-Lu,esopt_graph_risk,1,10,5
budget-final-made-918bd9462b0f8ade79ece0bc,30,Ga-Ho-Lu,esopt_graph_risk,1,11,5
budget-final-made-918bd9462b0f8ade79ece0bc,30,Ga-Ho-Lu,esopt_graph_risk,1,12,5
budget-final-made-918bd9462b0f8ade79ece0bc,30,Ga-Ho-Lu,esopt_graph_risk,1,13,6
budget-final-made-918bd9462b0f8ade79ece0bc,30,Ga-Ho-Lu,esopt_graph_risk,1,14,6
budget-final-made-918bd9462b0f8ade79ece0bc,30,Ga-Ho-Lu,esopt_graph_risk,1,15,6
budget-final-made-918bd9462b0f8ade79ece0bc,30,Ga-Ho-Lu,esopt_graph_risk,1,16,6
budget-final-made-918bd9462b0f8ade79ece0bc,30,Ga-Ho-Lu,esopt_graph_risk,1,17,7
budget-final-made-918bd9462b0f8ade79ece0bc,30,Ga-Ho-Lu,esopt_graph_risk,1,18,8
budget-final-made-918bd9462b0f8ade79ece0bc,30,Ga-Ho-Lu,esopt_graph_risk,1,19,8
budget-final-made-918bd9462b0f8ade79ece0bc,30,Ga-Ho-Lu,esopt_graph_risk,1,20,9
budget-final-made-918bd9462b0f8ade79ece0bc,30,Ga-Ho-Lu,esopt_graph_risk,1,21,9
budget-final-made-918bd9462b0f8ade79ece0bc,30,Ga-Ho-Lu,esopt_graph_risk,1,22,9
budget-final-made-918bd9462b0f8ade79ece0bc,30,Ga-Ho-Lu,esopt_graph_risk,1,23,9
budget-final-made-918bd9462b0f8ade79ece0bc,30,Ga-Ho-Lu,esopt_graph_risk,1,24,9
budget-final-made-918bd9462b0f8ade79ece0bc,30,Ga-Ho-Lu,esopt_graph_risk,1,25,9
budget-final-made-918bd9462b0f8ade79ece0bc,30,Ga-Ho-Lu,esopt_graph_risk,1,26,9
budget-final-made-918bd9462b0f8ade79ece0bc,30,Ga-Ho-Lu,esopt_graph_risk,1,27,9
budget-final-made-918bd9462b0f8ade79ece0bc,30,Ga-Ho-Lu,esopt_graph_risk,1,28,10
budget-final-made-918bd9462b0f8ade79ece0bc,30,Ga-Ho-Lu,esopt_graph_risk,1,29,11
budget-final-made-918bd9462b0f8ade79ece0bc,30,Ga-Ho-Lu,esopt_graph_risk,1,30,11
budget-final-made-bff71cb764d235df71da7a55,30,Ga-Pt-Tm,baseline,1,0,0
budget-final-made-bff71cb764d235df71da7a55,30,Ga-Pt-Tm,baseline,1,1,1
budget-final-made-bff71cb764d235df71da7a55,30,Ga-Pt-Tm,baseline,1,2,1
budget-final-made-bff71cb764d235df71da7a55,30,Ga-Pt-Tm,baseline,1,3,2
budget-final-made-bff71cb764d235df71da7a55,30,Ga-Pt-Tm,baseline,1,4,3
budget-final-made-bff71cb764d235df71da7a55,30,Ga-Pt-Tm,baseline,1,5,4
budget-final-made-bff71cb764d235df71da7a55,30,Ga-Pt-Tm,baseline,1,6,4
budget-final-made-bff71cb764d235df71da7a55,30,Ga-Pt-Tm,baseline,1,7,5
budget-final-made-bff71cb764d235df71da7a55,30,Ga-Pt-Tm,baseline,1,8,6
budget-final-made-bff71cb764d235df71da7a55,30,Ga-Pt-Tm,baseline,1,9,7
budget-final-made-bff71cb764d235df71da7a55,30,Ga-Pt-Tm,baseline,1,10,7
budget-final-made-bff71cb764d235df71da7a55,30,Ga-Pt-Tm,baseline,1,11,7
budget-final-made-bff71cb764d235df71da7a55,30,Ga-Pt-Tm,baseline,1,12,8
budget-final-made-bff71cb764d235df71da7a55,30,Ga-Pt-Tm,baseline,1,13,8
budget-final-made-bff71cb764d235df71da7a55,30,Ga-Pt-Tm,baseline,1,14,8
budget-final-made-bff71cb764d235df71da7a55,30,Ga-Pt-Tm,baseline,1,15,9
budget-final-made-bff71cb764d235df71da7a55,30,Ga-Pt-Tm,baseline,1,16,10
budget-final-made-bff71cb764d235df71da7a55,30,Ga-Pt-Tm,baseline,1,17,10
budget-final-made-bff71cb764d235df71da7a55,30,Ga-Pt-Tm,baseline,1,18,10
budget-final-made-bff71cb764d235df71da7a55,30,Ga-Pt-Tm,baseline,1,19,10
budget-final-made-bff71cb764d235df71da7a55,30,Ga-Pt-Tm,baseline,1,20,11
budget-final-made-bff71cb764d235df71da7a55,30,Ga-Pt-Tm,baseline,1,21,12
budget-final-made-bff71cb764d235df71da7a55,30,Ga-Pt-Tm,baseline,1,22,13
budget-final-made-bff71cb764d235df71da7a55,30,Ga-Pt-Tm,baseline,1,23,13
budget-final-made-bff71cb764d235df71da7a55,30,Ga-Pt-Tm,baseline,1,24,14
budget-final-made-bff71cb764d235df71da7a55,30,Ga-Pt-Tm,baseline,1,25,14
budget-final-made-bff71cb764d235df71da7a55,30,Ga-Pt-Tm,baseline,1,26,14
budget-final-made-bff71cb764d235df71da7a55,30,Ga-Pt-Tm,baseline,1,27,15
budget-final-made-bff71cb764d235df71da7a55,30,Ga-Pt-Tm,baseline,1,28,15
budget-final-made-bff71cb764d235df71da7a55,30,Ga-Pt-Tm,baseline,1,29,15
budget-final-made-bff71cb764d235df71da7a55,30,Ga-Pt-Tm,baseline,1,30,15
budget-final-made-68c87be7a3b5e0b57321e69c,30,Ga-Pt-Tm,esopt_graph_risk,1,0,0
budget-final-made-68c87be7a3b5e0b57321e69c,30,Ga-Pt-Tm,esopt_graph_risk,1,1,0
budget-final-made-68c87be7a3b5e0b57321e69c,30,Ga-Pt-Tm,esopt_graph_risk,1,2,1
budget-final-made-68c87be7a3b5e0b57321e69c,30,Ga-Pt-Tm,esopt_graph_risk,1,3,2
budget-final-made-68c87be7a3b5e0b57321e69c,30,Ga-Pt-Tm,esopt_graph_risk,1,4,3
budget-final-made-68c87be7a3b5e0b57321e69c,30,Ga-Pt-Tm,esopt_graph_risk,1,5,4
budget-final-made-68c87be7a3b5e0b57321e69c,30,Ga-Pt-Tm,esopt_graph_risk,1,6,5
budget-final-made-68c87be7a3b5e0b57321e69c,30,Ga-Pt-Tm,esopt_graph_risk,1,7,5
budget-final-made-68c87be7a3b5e0b57321e69c,30,Ga-Pt-Tm,esopt_graph_risk,1,8,6
budget-final-made-68c87be7a3b5e0b57321e69c,30,Ga-Pt-Tm,esopt_graph_risk,1,9,6
budget-final-made-68c87be7a3b5e0b57321e69c,30,Ga-Pt-Tm,esopt_graph_risk,1,10,7
budget-final-made-68c87be7a3b5e0b57321e69c,30,Ga-Pt-Tm,esopt_graph_risk,1,11,8
budget-final-made-68c87be7a3b5e0b57321e69c,30,Ga-Pt-Tm,esopt_graph_risk,1,12,8
budget-final-made-68c87be7a3b5e0b57321e69c,30,Ga-Pt-Tm,esopt_graph_risk,1,13,8
budget-final-made-68c87be7a3b5e0b57321e69c,30,Ga-Pt-Tm,esopt_graph_risk,1,14,8
budget-final-made-68c87be7a3b5e0b57321e69c,30,Ga-Pt-Tm,esopt_graph_risk,1,15,8
budget-final-made-68c87be7a3b5e0b57321e69c,30,Ga-Pt-Tm,esopt_graph_risk,1,16,8
budget-final-made-68c87be7a3b5e0b57321e69c,30,Ga-Pt-Tm,esopt_graph_risk,1,17,8
budget-final-made-68c87be7a3b5e0b57321e69c,30,Ga-Pt-Tm,esopt_graph_risk,1,18,8
budget-final-made-68c87be7a3b5e0b57321e69c,30,Ga-Pt-Tm,esopt_graph_risk,1,19,8
budget-final-made-68c87be7a3b5e0b57321e69c,30,Ga-Pt-Tm,esopt_graph_risk,1,20,8
budget-final-made-68c87be7a3b5e0b57321e69c,30,Ga-Pt-Tm,esopt_graph_risk,1,21,8
budget-final-made-68c87be7a3b5e0b57321e69c,30,Ga-Pt-Tm,esopt_graph_risk,1,22,8
budget-final-made-68c87be7a3b5e0b57321e69c,30,Ga-Pt-Tm,esopt_graph_risk,1,23,9
budget-final-made-68c87be7a3b5e0b57321e69c,30,Ga-Pt-Tm,esopt_graph_risk,1,24,10
budget-final-made-68c87be7a3b5e0b57321e69c,30,Ga-Pt-Tm,esopt_graph_risk,1,25,10
budget-final-made-68c87be7a3b5e0b57321e69c,30,Ga-Pt-Tm,esopt_graph_risk,1,26,10
budget-final-made-68c87be7a3b5e0b57321e69c,30,Ga-Pt-Tm,esopt_graph_risk,1,27,10
budget-final-made-68c87be7a3b5e0b57321e69c,30,Ga-Pt-Tm,esopt_graph_risk,1,28,10
budget-final-made-68c87be7a3b5e0b57321e69c,30,Ga-Pt-Tm,esopt_graph_risk,1,29,10
budget-final-made-68c87be7a3b5e0b57321e69c,30,Ga-Pt-Tm,esopt_graph_risk,1,30,10
budget-final-made-96bc0fa4964476d79dfdca15,30,Hf-Ni-Zr,baseline,1,0,0
budget-final-made-96bc0fa4964476d79dfdca15,30,Hf-Ni-Zr,baseline,1,1,1
budget-final-made-96bc0fa4964476d79dfdca15,30,Hf-Ni-Zr,baseline,1,2,2
budget-final-made-96bc0fa4964476d79dfdca15,30,Hf-Ni-Zr,baseline,1,3,2
budget-final-made-96bc0fa4964476d79dfdca15,30,Hf-Ni-Zr,baseline,1,4,2
budget-final-made-96bc0fa4964476d79dfdca15,30,Hf-Ni-Zr,baseline,1,5,3
budget-final-made-96bc0fa4964476d79dfdca15,30,Hf-Ni-Zr,baseline,1,6,3
budget-final-made-96bc0fa4964476d79dfdca15,30,Hf-Ni-Zr,baseline,1,7,3
budget-final-made-96bc0fa4964476d79dfdca15,30,Hf-Ni-Zr,baseline,1,8,4
budget-final-made-96bc0fa4964476d79dfdca15,30,Hf-Ni-Zr,baseline,1,9,5
budget-final-made-96bc0fa4964476d79dfdca15,30,Hf-Ni-Zr,baseline,1,10,5
budget-final-made-96bc0fa4964476d79dfdca15,30,Hf-Ni-Zr,baseline,1,11,5
budget-final-made-96bc0fa4964476d79dfdca15,30,Hf-Ni-Zr,baseline,1,12,5
budget-final-made-96bc0fa4964476d79dfdca15,30,Hf-Ni-Zr,baseline,1,13,5
budget-final-made-96bc0fa4964476d79dfdca15,30,Hf-Ni-Zr,baseline,1,14,6
budget-final-made-96bc0fa4964476d79dfdca15,30,Hf-Ni-Zr,baseline,1,15,7
budget-final-made-96bc0fa4964476d79dfdca15,30,Hf-Ni-Zr,baseline,1,16,8
budget-final-made-96bc0fa4964476d79dfdca15,30,Hf-Ni-Zr,baseline,1,17,8
budget-final-made-96bc0fa4964476d79dfdca15,30,Hf-Ni-Zr,baseline,1,18,8
budget-final-made-96bc0fa4964476d79dfdca15,30,Hf-Ni-Zr,baseline,1,19,8
budget-final-made-96bc0fa4964476d79dfdca15,30,Hf-Ni-Zr,baseline,1,20,8
budget-final-made-96bc0fa4964476d79dfdca15,30,Hf-Ni-Zr,baseline,1,21,8
budget-final-made-96bc0fa4964476d79dfdca15,30,Hf-Ni-Zr,baseline,1,22,9
budget-final-made-96bc0fa4964476d79dfdca15,30,Hf-Ni-Zr,baseline,1,23,10
budget-final-made-96bc0fa4964476d79dfdca15,30,Hf-Ni-Zr,baseline,1,24,10
budget-final-made-96bc0fa4964476d79dfdca15,30,Hf-Ni-Zr,baseline,1,25,11
budget-final-made-96bc0fa4964476d79dfdca15,30,Hf-Ni-Zr,baseline,1,26,11
budget-final-made-96bc0fa4964476d79dfdca15,30,Hf-Ni-Zr,baseline,1,27,12
budget-final-made-96bc0fa4964476d79dfdca15,30,Hf-Ni-Zr,baseline,1,28,13
budget-final-made-96bc0fa4964476d79dfdca15,30,Hf-Ni-Zr,baseline,1,29,14
budget-final-made-96bc0fa4964476d79dfdca15,30,Hf-Ni-Zr,baseline,1,30,15
budget-final-made-b4bdf78cadbefaabf1c3bc2f,30,Hf-Ni-Zr,esopt_graph_risk,1,0,0
budget-final-made-b4bdf78cadbefaabf1c3bc2f,30,Hf-Ni-Zr,esopt_graph_risk,1,1,0
budget-final-made-b4bdf78cadbefaabf1c3bc2f,30,Hf-Ni-Zr,esopt_graph_risk,1,2,0
budget-final-made-b4bdf78cadbefaabf1c3bc2f,30,Hf-Ni-Zr,esopt_graph_risk,1,3,0
budget-final-made-b4bdf78cadbefaabf1c3bc2f,30,Hf-Ni-Zr,esopt_graph_risk,1,4,0
budget-final-made-b4bdf78cadbefaabf1c3bc2f,30,Hf-Ni-Zr,esopt_graph_risk,1,5,1
budget-final-made-b4bdf78cadbefaabf1c3bc2f,30,Hf-Ni-Zr,esopt_graph_risk,1,6,1
budget-final-made-b4bdf78cadbefaabf1c3bc2f,30,Hf-Ni-Zr,esopt_graph_risk,1,7,1
budget-final-made-b4bdf78cadbefaabf1c3bc2f,30,Hf-Ni-Zr,esopt_graph_risk,1,8,1
budget-final-made-b4bdf78cadbefaabf1c3bc2f,30,Hf-Ni-Zr,esopt_graph_risk,1,9,1
budget-final-made-b4bdf78cadbefaabf1c3bc2f,30,Hf-Ni-Zr,esopt_graph_risk,1,10,1
budget-final-made-b4bdf78cadbefaabf1c3bc2f,30,Hf-Ni-Zr,esopt_graph_risk,1,11,2
budget-final-made-b4bdf78cadbefaabf1c3bc2f,30,Hf-Ni-Zr,esopt_graph_risk,1,12,3
budget-final-made-b4bdf78cadbefaabf1c3bc2f,30,Hf-Ni-Zr,esopt_graph_risk,1,13,3
budget-final-made-b4bdf78cadbefaabf1c3bc2f,30,Hf-Ni-Zr,esopt_graph_risk,1,14,3
budget-final-made-b4bdf78cadbefaabf1c3bc2f,30,Hf-Ni-Zr,esopt_graph_risk,1,15,4
budget-final-made-b4bdf78cadbefaabf1c3bc2f,30,Hf-Ni-Zr,esopt_graph_risk,1,16,4
budget-final-made-b4bdf78cadbefaabf1c3bc2f,30,Hf-Ni-Zr,esopt_graph_risk,1,17,4
budget-final-made-b4bdf78cadbefaabf1c3bc2f,30,Hf-Ni-Zr,esopt_graph_risk,1,18,5
budget-final-made-b4bdf78cadbefaabf1c3bc2f,30,Hf-Ni-Zr,esopt_graph_risk,1,19,6
budget-final-made-b4bdf78cadbefaabf1c3bc2f,30,Hf-Ni-Zr,esopt_graph_risk,1,20,7
budget-final-made-b4bdf78cadbefaabf1c3bc2f,30,Hf-Ni-Zr,esopt_graph_risk,1,21,7
budget-final-made-b4bdf78cadbefaabf1c3bc2f,30,Hf-Ni-Zr,esopt_graph_risk,1,22,8
budget-final-made-b4bdf78cadbefaabf1c3bc2f,30,Hf-Ni-Zr,esopt_graph_risk,1,23,8
budget-final-made-b4bdf78cadbefaabf1c3bc2f,30,Hf-Ni-Zr,esopt_graph_risk,1,24,8
budget-final-made-b4bdf78cadbefaabf1c3bc2f,30,Hf-Ni-Zr,esopt_graph_risk,1,25,8
budget-final-made-b4bdf78cadbefaabf1c3bc2f,30,Hf-Ni-Zr,esopt_graph_risk,1,26,8
budget-final-made-b4bdf78cadbefaabf1c3bc2f,30,Hf-Ni-Zr,esopt_graph_risk,1,27,8
budget-final-made-b4bdf78cadbefaabf1c3bc2f,30,Hf-Ni-Zr,esopt_graph_risk,1,28,9
budget-final-made-b4bdf78cadbefaabf1c3bc2f,30,Hf-Ni-Zr,esopt_graph_risk,1,29,10
budget-final-made-b4bdf78cadbefaabf1c3bc2f,30,Hf-Ni-Zr,esopt_graph_risk,1,30,10
budget-final-made-1eb7afc5ad399f91ae53aef8,30,Ho-In-Mg-Pd-Zr,baseline,1,0,0
budget-final-made-1eb7afc5ad399f91ae53aef8,30,Ho-In-Mg-Pd-Zr,baseline,1,1,0
budget-final-made-1eb7afc5ad399f91ae53aef8,30,Ho-In-Mg-Pd-Zr,baseline,1,2,0
budget-final-made-1eb7afc5ad399f91ae53aef8,30,Ho-In-Mg-Pd-Zr,baseline,1,3,0
budget-final-made-1eb7afc5ad399f91ae53aef8,30,Ho-In-Mg-Pd-Zr,baseline,1,4,0
budget-final-made-1eb7afc5ad399f91ae53aef8,30,Ho-In-Mg-Pd-Zr,baseline,1,5,0
budget-final-made-1eb7afc5ad399f91ae53aef8,30,Ho-In-Mg-Pd-Zr,baseline,1,6,0
budget-final-made-1eb7afc5ad399f91ae53aef8,30,Ho-In-Mg-Pd-Zr,baseline,1,7,0
budget-final-made-1eb7afc5ad399f91ae53aef8,30,Ho-In-Mg-Pd-Zr,baseline,1,8,0
budget-final-made-1eb7afc5ad399f91ae53aef8,30,Ho-In-Mg-Pd-Zr,baseline,1,9,0
budget-final-made-1eb7afc5ad399f91ae53aef8,30,Ho-In-Mg-Pd-Zr,baseline,1,10,0
budget-final-made-1eb7afc5ad399f91ae53aef8,30,Ho-In-Mg-Pd-Zr,baseline,1,11,0
budget-final-made-1eb7afc5ad399f91ae53aef8,30,Ho-In-Mg-Pd-Zr,baseline,1,12,0
budget-final-made-1eb7afc5ad399f91ae53aef8,30,Ho-In-Mg-Pd-Zr,baseline,1,13,0
budget-final-made-1eb7afc5ad399f91ae53aef8,30,Ho-In-Mg-Pd-Zr,baseline,1,14,0
budget-final-made-1eb7afc5ad399f91ae53aef8,30,Ho-In-Mg-Pd-Zr,baseline,1,15,0
budget-final-made-1eb7afc5ad399f91ae53aef8,30,Ho-In-Mg-Pd-Zr,baseline,1,16,0
budget-final-made-1eb7afc5ad399f91ae53aef8,30,Ho-In-Mg-Pd-Zr,baseline,1,17,0
budget-final-made-1eb7afc5ad399f91ae53aef8,30,Ho-In-Mg-Pd-Zr,baseline,1,18,0
budget-final-made-1eb7afc5ad399f91ae53aef8,30,Ho-In-Mg-Pd-Zr,baseline,1,19,0
budget-final-made-1eb7afc5ad399f91ae53aef8,30,Ho-In-Mg-Pd-Zr,baseline,1,20,0
budget-final-made-1eb7afc5ad399f91ae53aef8,30,Ho-In-Mg-Pd-Zr,baseline,1,21,0
budget-final-made-1eb7afc5ad399f91ae53aef8,30,Ho-In-Mg-Pd-Zr,baseline,1,22,0
budget-final-made-1eb7afc5ad399f91ae53aef8,30,Ho-In-Mg-Pd-Zr,baseline,1,23,0
budget-final-made-1eb7afc5ad399f91ae53aef8,30,Ho-In-Mg-Pd-Zr,baseline,1,24,0
budget-final-made-1eb7afc5ad399f91ae53aef8,30,Ho-In-Mg-Pd-Zr,baseline,1,25,0
budget-final-made-1eb7afc5ad399f91ae53aef8,30,Ho-In-Mg-Pd-Zr,baseline,1,26,0
budget-final-made-1eb7afc5ad399f91ae53aef8,30,Ho-In-Mg-Pd-Zr,baseline,1,27,0
budget-final-made-1eb7afc5ad399f91ae53aef8,30,Ho-In-Mg-Pd-Zr,baseline,1,28,0
budget-final-made-1eb7afc5ad399f91ae53aef8,30,Ho-In-Mg-Pd-Zr,baseline,1,29,0
budget-final-made-1eb7afc5ad399f91ae53aef8,30,Ho-In-Mg-Pd-Zr,baseline,1,30,0
budget-final-made-350e8a392b1a3b32c99aed5a,30,Ho-In-Mg-Pd-Zr,esopt_graph_risk,1,0,0
budget-final-made-350e8a392b1a3b32c99aed5a,30,Ho-In-Mg-Pd-Zr,esopt_graph_risk,1,1,0
budget-final-made-350e8a392b1a3b32c99aed5a,30,Ho-In-Mg-Pd-Zr,esopt_graph_risk,1,2,0
budget-final-made-350e8a392b1a3b32c99aed5a,30,Ho-In-Mg-Pd-Zr,esopt_graph_risk,1,3,0
budget-final-made-350e8a392b1a3b32c99aed5a,30,Ho-In-Mg-Pd-Zr,esopt_graph_risk,1,4,0
budget-final-made-350e8a392b1a3b32c99aed5a,30,Ho-In-Mg-Pd-Zr,esopt_graph_risk,1,5,0
budget-final-made-350e8a392b1a3b32c99aed5a,30,Ho-In-Mg-Pd-Zr,esopt_graph_risk,1,6,0
budget-final-made-350e8a392b1a3b32c99aed5a,30,Ho-In-Mg-Pd-Zr,esopt_graph_risk,1,7,0
budget-final-made-350e8a392b1a3b32c99aed5a,30,Ho-In-Mg-Pd-Zr,esopt_graph_risk,1,8,0
budget-final-made-350e8a392b1a3b32c99aed5a,30,Ho-In-Mg-Pd-Zr,esopt_graph_risk,1,9,0
budget-final-made-350e8a392b1a3b32c99aed5a,30,Ho-In-Mg-Pd-Zr,esopt_graph_risk,1,10,0
budget-final-made-350e8a392b1a3b32c99aed5a,30,Ho-In-Mg-Pd-Zr,esopt_graph_risk,1,11,0
budget-final-made-350e8a392b1a3b32c99aed5a,30,Ho-In-Mg-Pd-Zr,esopt_graph_risk,1,12,0
budget-final-made-350e8a392b1a3b32c99aed5a,30,Ho-In-Mg-Pd-Zr,esopt_graph_risk,1,13,0
budget-final-made-350e8a392b1a3b32c99aed5a,30,Ho-In-Mg-Pd-Zr,esopt_graph_risk,1,14,0
budget-final-made-350e8a392b1a3b32c99aed5a,30,Ho-In-Mg-Pd-Zr,esopt_graph_risk,1,15,0
budget-final-made-350e8a392b1a3b32c99aed5a,30,Ho-In-Mg-Pd-Zr,esopt_graph_risk,1,16,0
budget-final-made-350e8a392b1a3b32c99aed5a,30,Ho-In-Mg-Pd-Zr,esopt_graph_risk,1,17,0
budget-final-made-350e8a392b1a3b32c99aed5a,30,Ho-In-Mg-Pd-Zr,esopt_graph_risk,1,18,0
budget-final-made-350e8a392b1a3b32c99aed5a,30,Ho-In-Mg-Pd-Zr,esopt_graph_risk,1,19,0
budget-final-made-350e8a392b1a3b32c99aed5a,30,Ho-In-Mg-Pd-Zr,esopt_graph_risk,1,20,0
budget-final-made-350e8a392b1a3b32c99aed5a,30,Ho-In-Mg-Pd-Zr,esopt_graph_risk,1,21,0
budget-final-made-350e8a392b1a3b32c99aed5a,30,Ho-In-Mg-Pd-Zr,esopt_graph_risk,1,22,0
budget-final-made-350e8a392b1a3b32c99aed5a,30,Ho-In-Mg-Pd-Zr,esopt_graph_risk,1,23,0
budget-final-made-350e8a392b1a3b32c99aed5a,30,Ho-In-Mg-Pd-Zr,esopt_graph_risk,1,24,0
budget-final-made-350e8a392b1a3b32c99aed5a,30,Ho-In-Mg-Pd-Zr,esopt_graph_risk,1,25,0
budget-final-made-350e8a392b1a3b32c99aed5a,30,Ho-In-Mg-Pd-Zr,esopt_graph_risk,1,26,0
budget-final-made-350e8a392b1a3b32c99aed5a,30,Ho-In-Mg-Pd-Zr,esopt_graph_risk,1,27,0
budget-final-made-350e8a392b1a3b32c99aed5a,30,Ho-In-Mg-Pd-Zr,esopt_graph_risk,1,28,0
budget-final-made-350e8a392b1a3b32c99aed5a,30,Ho-In-Mg-Pd-Zr,esopt_graph_risk,1,29,0
budget-final-made-350e8a392b1a3b32c99aed5a,30,Ho-In-Mg-Pd-Zr,esopt_graph_risk,1,30,0
budget-final-made-cadd08e961acf270bbe53218,30,Mg-Sn-Sr,baseline,1,0,0
budget-final-made-cadd08e961acf270bbe53218,30,Mg-Sn-Sr,baseline,1,1,1
budget-final-made-cadd08e961acf270bbe53218,30,Mg-Sn-Sr,baseline,1,2,2
budget-final-made-cadd08e961acf270bbe53218,30,Mg-Sn-Sr,baseline,1,3,3
budget-final-made-cadd08e961acf270bbe53218,30,Mg-Sn-Sr,baseline,1,4,4
budget-final-made-cadd08e961acf270bbe53218,30,Mg-Sn-Sr,baseline,1,5,5
budget-final-made-cadd08e961acf270bbe53218,30,Mg-Sn-Sr,baseline,1,6,6
budget-final-made-cadd08e961acf270bbe53218,30,Mg-Sn-Sr,baseline,1,7,7
budget-final-made-cadd08e961acf270bbe53218,30,Mg-Sn-Sr,baseline,1,8,8
budget-final-made-cadd08e961acf270bbe53218,30,Mg-Sn-Sr,baseline,1,9,9
budget-final-made-cadd08e961acf270bbe53218,30,Mg-Sn-Sr,baseline,1,10,10
budget-final-made-cadd08e961acf270bbe53218,30,Mg-Sn-Sr,baseline,1,11,11
budget-final-made-cadd08e961acf270bbe53218,30,Mg-Sn-Sr,baseline,1,12,12
budget-final-made-cadd08e961acf270bbe53218,30,Mg-Sn-Sr,baseline,1,13,13
budget-final-made-cadd08e961acf270bbe53218,30,Mg-Sn-Sr,baseline,1,14,14
budget-final-made-cadd08e961acf270bbe53218,30,Mg-Sn-Sr,baseline,1,15,14
budget-final-made-cadd08e961acf270bbe53218,30,Mg-Sn-Sr,baseline,1,16,15
budget-final-made-cadd08e961acf270bbe53218,30,Mg-Sn-Sr,baseline,1,17,15
budget-final-made-cadd08e961acf270bbe53218,30,Mg-Sn-Sr,baseline,1,18,15
budget-final-made-cadd08e961acf270bbe53218,30,Mg-Sn-Sr,baseline,1,19,16
budget-final-made-cadd08e961acf270bbe53218,30,Mg-Sn-Sr,baseline,1,20,17
budget-final-made-cadd08e961acf270bbe53218,30,Mg-Sn-Sr,baseline,1,21,18
budget-final-made-cadd08e961acf270bbe53218,30,Mg-Sn-Sr,baseline,1,22,19
budget-final-made-cadd08e961acf270bbe53218,30,Mg-Sn-Sr,baseline,1,23,20
budget-final-made-cadd08e961acf270bbe53218,30,Mg-Sn-Sr,baseline,1,24,21
budget-final-made-cadd08e961acf270bbe53218,30,Mg-Sn-Sr,baseline,1,25,22
budget-final-made-cadd08e961acf270bbe53218,30,Mg-Sn-Sr,baseline,1,26,23
budget-final-made-cadd08e961acf270bbe53218,30,Mg-Sn-Sr,baseline,1,27,24
budget-final-made-cadd08e961acf270bbe53218,30,Mg-Sn-Sr,baseline,1,28,25
budget-final-made-cadd08e961acf270bbe53218,30,Mg-Sn-Sr,baseline,1,29,26
budget-final-made-cadd08e961acf270bbe53218,30,Mg-Sn-Sr,baseline,1,30,27
budget-final-made-d8dd53ba40cb0e54b6ca1e92,30,Mg-Sn-Sr,esopt_graph_risk,1,0,0
budget-final-made-d8dd53ba40cb0e54b6ca1e92,30,Mg-Sn-Sr,esopt_graph_risk,1,1,1
budget-final-made-d8dd53ba40cb0e54b6ca1e92,30,Mg-Sn-Sr,esopt_graph_risk,1,2,2
budget-final-made-d8dd53ba40cb0e54b6ca1e92,30,Mg-Sn-Sr,esopt_graph_risk,1,3,3
budget-final-made-d8dd53ba40cb0e54b6ca1e92,30,Mg-Sn-Sr,esopt_graph_risk,1,4,3
budget-final-made-d8dd53ba40cb0e54b6ca1e92,30,Mg-Sn-Sr,esopt_graph_risk,1,5,3
budget-final-made-d8dd53ba40cb0e54b6ca1e92,30,Mg-Sn-Sr,esopt_graph_risk,1,6,3
budget-final-made-d8dd53ba40cb0e54b6ca1e92,30,Mg-Sn-Sr,esopt_graph_risk,1,7,4
budget-final-made-d8dd53ba40cb0e54b6ca1e92,30,Mg-Sn-Sr,esopt_graph_risk,1,8,5
budget-final-made-d8dd53ba40cb0e54b6ca1e92,30,Mg-Sn-Sr,esopt_graph_risk,1,9,5
budget-final-made-d8dd53ba40cb0e54b6ca1e92,30,Mg-Sn-Sr,esopt_graph_risk,1,10,6
budget-final-made-d8dd53ba40cb0e54b6ca1e92,30,Mg-Sn-Sr,esopt_graph_risk,1,11,7
budget-final-made-d8dd53ba40cb0e54b6ca1e92,30,Mg-Sn-Sr,esopt_graph_risk,1,12,7
budget-final-made-d8dd53ba40cb0e54b6ca1e92,30,Mg-Sn-Sr,esopt_graph_risk,1,13,8
budget-final-made-d8dd53ba40cb0e54b6ca1e92,30,Mg-Sn-Sr,esopt_graph_risk,1,14,8
budget-final-made-d8dd53ba40cb0e54b6ca1e92,30,Mg-Sn-Sr,esopt_graph_risk,1,15,8
budget-final-made-d8dd53ba40cb0e54b6ca1e92,30,Mg-Sn-Sr,esopt_graph_risk,1,16,8
budget-final-made-d8dd53ba40cb0e54b6ca1e92,30,Mg-Sn-Sr,esopt_graph_risk,1,17,9
budget-final-made-d8dd53ba40cb0e54b6ca1e92,30,Mg-Sn-Sr,esopt_graph_risk,1,18,9
budget-final-made-d8dd53ba40cb0e54b6ca1e92,30,Mg-Sn-Sr,esopt_graph_risk,1,19,10
budget-final-made-d8dd53ba40cb0e54b6ca1e92,30,Mg-Sn-Sr,esopt_graph_risk,1,20,10
budget-final-made-d8dd53ba40cb0e54b6ca1e92,30,Mg-Sn-Sr,esopt_graph_risk,1,21,10
budget-final-made-d8dd53ba40cb0e54b6ca1e92,30,Mg-Sn-Sr,esopt_graph_risk,1,22,11
budget-final-made-d8dd53ba40cb0e54b6ca1e92,30,Mg-Sn-Sr,esopt_graph_risk,1,23,12
budget-final-made-d8dd53ba40cb0e54b6ca1e92,30,Mg-Sn-Sr,esopt_graph_risk,1,24,12
budget-final-made-d8dd53ba40cb0e54b6ca1e92,30,Mg-Sn-Sr,esopt_graph_risk,1,25,12
budget-final-made-d8dd53ba40cb0e54b6ca1e92,30,Mg-Sn-Sr,esopt_graph_risk,1,26,13
budget-final-made-d8dd53ba40cb0e54b6ca1e92,30,Mg-Sn-Sr,esopt_graph_risk,1,27,13
budget-final-made-d8dd53ba40cb0e54b6ca1e92,30,Mg-Sn-Sr,esopt_graph_risk,1,28,13
budget-final-made-d8dd53ba40cb0e54b6ca1e92,30,Mg-Sn-Sr,esopt_graph_risk,1,29,14
budget-final-made-d8dd53ba40cb0e54b6ca1e92,30,Mg-Sn-Sr,esopt_graph_risk,1,30,15
budget-final-made-553278be5f273fb812e92e50,50,Ag-Nd-Pd-Pt-Tb,baseline,1,0,0
budget-final-made-553278be5f273fb812e92e50,50,Ag-Nd-Pd-Pt-Tb,baseline,1,1,0
budget-final-made-553278be5f273fb812e92e50,50,Ag-Nd-Pd-Pt-Tb,baseline,1,2,0
budget-final-made-553278be5f273fb812e92e50,50,Ag-Nd-Pd-Pt-Tb,baseline,1,3,0
budget-final-made-553278be5f273fb812e92e50,50,Ag-Nd-Pd-Pt-Tb,baseline,1,4,0
budget-final-made-553278be5f273fb812e92e50,50,Ag-Nd-Pd-Pt-Tb,baseline,1,5,0
budget-final-made-553278be5f273fb812e92e50,50,Ag-Nd-Pd-Pt-Tb,baseline,1,6,1
budget-final-made-553278be5f273fb812e92e50,50,Ag-Nd-Pd-Pt-Tb,baseline,1,7,1
budget-final-made-553278be5f273fb812e92e50,50,Ag-Nd-Pd-Pt-Tb,baseline,1,8,1
budget-final-made-553278be5f273fb812e92e50,50,Ag-Nd-Pd-Pt-Tb,baseline,1,9,1
budget-final-made-553278be5f273fb812e92e50,50,Ag-Nd-Pd-Pt-Tb,baseline,1,10,1
budget-final-made-553278be5f273fb812e92e50,50,Ag-Nd-Pd-Pt-Tb,baseline,1,11,1
budget-final-made-553278be5f273fb812e92e50,50,Ag-Nd-Pd-Pt-Tb,baseline,1,12,1
budget-final-made-553278be5f273fb812e92e50,50,Ag-Nd-Pd-Pt-Tb,baseline,1,13,1
budget-final-made-553278be5f273fb812e92e50,50,Ag-Nd-Pd-Pt-Tb,baseline,1,14,2
budget-final-made-553278be5f273fb812e92e50,50,Ag-Nd-Pd-Pt-Tb,baseline,1,15,2
budget-final-made-553278be5f273fb812e92e50,50,Ag-Nd-Pd-Pt-Tb,baseline,1,16,2
budget-final-made-553278be5f273fb812e92e50,50,Ag-Nd-Pd-Pt-Tb,baseline,1,17,2
budget-final-made-553278be5f273fb812e92e50,50,Ag-Nd-Pd-Pt-Tb,baseline,1,18,2
budget-final-made-553278be5f273fb812e92e50,50,Ag-Nd-Pd-Pt-Tb,baseline,1,19,2
budget-final-made-553278be5f273fb812e92e50,50,Ag-Nd-Pd-Pt-Tb,baseline,1,20,2
budget-final-made-553278be5f273fb812e92e50,50,Ag-Nd-Pd-Pt-Tb,baseline,1,21,2
budget-final-made-553278be5f273fb812e92e50,50,Ag-Nd-Pd-Pt-Tb,baseline,1,22,2
budget-final-made-553278be5f273fb812e92e50,50,Ag-Nd-Pd-Pt-Tb,baseline,1,23,2
budget-final-made-553278be5f273fb812e92e50,50,Ag-Nd-Pd-Pt-Tb,baseline,1,24,2
budget-final-made-553278be5f273fb812e92e50,50,Ag-Nd-Pd-Pt-Tb,baseline,1,25,3
budget-final-made-553278be5f273fb812e92e50,50,Ag-Nd-Pd-Pt-Tb,baseline,1,26,4
budget-final-made-553278be5f273fb812e92e50,50,Ag-Nd-Pd-Pt-Tb,baseline,1,27,5
budget-final-made-553278be5f273fb812e92e50,50,Ag-Nd-Pd-Pt-Tb,baseline,1,28,6
budget-final-made-553278be5f273fb812e92e50,50,Ag-Nd-Pd-Pt-Tb,baseline,1,29,6
budget-final-made-553278be5f273fb812e92e50,50,Ag-Nd-Pd-Pt-Tb,baseline,1,30,6
budget-final-made-553278be5f273fb812e92e50,50,Ag-Nd-Pd-Pt-Tb,baseline,1,31,6
budget-final-made-553278be5f273fb812e92e50,50,Ag-Nd-Pd-Pt-Tb,baseline,1,32,6
budget-final-made-553278be5f273fb812e92e50,50,Ag-Nd-Pd-Pt-Tb,baseline,1,33,6
budget-final-made-553278be5f273fb812e92e50,50,Ag-Nd-Pd-Pt-Tb,baseline,1,34,7
budget-final-made-553278be5f273fb812e92e50,50,Ag-Nd-Pd-Pt-Tb,baseline,1,35,8
budget-final-made-553278be5f273fb812e92e50,50,Ag-Nd-Pd-Pt-Tb,baseline,1,36,9
budget-final-made-553278be5f273fb812e92e50,50,Ag-Nd-Pd-Pt-Tb,baseline,1,37,9
budget-final-made-553278be5f273fb812e92e50,50,Ag-Nd-Pd-Pt-Tb,baseline,1,38,9
budget-final-made-553278be5f273fb812e92e50,50,Ag-Nd-Pd-Pt-Tb,baseline,1,39,9
budget-final-made-553278be5f273fb812e92e50,50,Ag-Nd-Pd-Pt-Tb,baseline,1,40,9
budget-final-made-553278be5f273fb812e92e50,50,Ag-Nd-Pd-Pt-Tb,baseline,1,41,9
budget-final-made-553278be5f273fb812e92e50,50,Ag-Nd-Pd-Pt-Tb,baseline,1,42,10
budget-final-made-553278be5f273fb812e92e50,50,Ag-Nd-Pd-Pt-Tb,baseline,1,43,10
budget-final-made-553278be5f273fb812e92e50,50,Ag-Nd-Pd-Pt-Tb,baseline,1,44,10
budget-final-made-553278be5f273fb812e92e50,50,Ag-Nd-Pd-Pt-Tb,baseline,1,45,10
budget-final-made-553278be5f273fb812e92e50,50,Ag-Nd-Pd-Pt-Tb,baseline,1,46,10
budget-final-made-553278be5f273fb812e92e50,50,Ag-Nd-Pd-Pt-Tb,baseline,1,47,10
budget-final-made-553278be5f273fb812e92e50,50,Ag-Nd-Pd-Pt-Tb,baseline,1,48,10
budget-final-made-553278be5f273fb812e92e50,50,Ag-Nd-Pd-Pt-Tb,baseline,1,49,10
budget-final-made-553278be5f273fb812e92e50,50,Ag-Nd-Pd-Pt-Tb,baseline,1,50,10
budget-final-made-a3a3592adc44012eb5ddeb3a,50,Ag-Nd-Pd-Pt-Tb,esopt_graph_risk,1,0,0
budget-final-made-a3a3592adc44012eb5ddeb3a,50,Ag-Nd-Pd-Pt-Tb,esopt_graph_risk,1,1,0
budget-final-made-a3a3592adc44012eb5ddeb3a,50,Ag-Nd-Pd-Pt-Tb,esopt_graph_risk,1,2,1
budget-final-made-a3a3592adc44012eb5ddeb3a,50,Ag-Nd-Pd-Pt-Tb,esopt_graph_risk,1,3,1
budget-final-made-a3a3592adc44012eb5ddeb3a,50,Ag-Nd-Pd-Pt-Tb,esopt_graph_risk,1,4,1
budget-final-made-a3a3592adc44012eb5ddeb3a,50,Ag-Nd-Pd-Pt-Tb,esopt_graph_risk,1,5,2
budget-final-made-a3a3592adc44012eb5ddeb3a,50,Ag-Nd-Pd-Pt-Tb,esopt_graph_risk,1,6,2
budget-final-made-a3a3592adc44012eb5ddeb3a,50,Ag-Nd-Pd-Pt-Tb,esopt_graph_risk,1,7,2
budget-final-made-a3a3592adc44012eb5ddeb3a,50,Ag-Nd-Pd-Pt-Tb,esopt_graph_risk,1,8,2
budget-final-made-a3a3592adc44012eb5ddeb3a,50,Ag-Nd-Pd-Pt-Tb,esopt_graph_risk,1,9,2
budget-final-made-a3a3592adc44012eb5ddeb3a,50,Ag-Nd-Pd-Pt-Tb,esopt_graph_risk,1,10,2
budget-final-made-a3a3592adc44012eb5ddeb3a,50,Ag-Nd-Pd-Pt-Tb,esopt_graph_risk,1,11,2
budget-final-made-a3a3592adc44012eb5ddeb3a,50,Ag-Nd-Pd-Pt-Tb,esopt_graph_risk,1,12,2
budget-final-made-a3a3592adc44012eb5ddeb3a,50,Ag-Nd-Pd-Pt-Tb,esopt_graph_risk,1,13,2
budget-final-made-a3a3592adc44012eb5ddeb3a,50,Ag-Nd-Pd-Pt-Tb,esopt_graph_risk,1,14,3
budget-final-made-a3a3592adc44012eb5ddeb3a,50,Ag-Nd-Pd-Pt-Tb,esopt_graph_risk,1,15,4
budget-final-made-a3a3592adc44012eb5ddeb3a,50,Ag-Nd-Pd-Pt-Tb,esopt_graph_risk,1,16,4
budget-final-made-a3a3592adc44012eb5ddeb3a,50,Ag-Nd-Pd-Pt-Tb,esopt_graph_risk,1,17,5
budget-final-made-a3a3592adc44012eb5ddeb3a,50,Ag-Nd-Pd-Pt-Tb,esopt_graph_risk,1,18,5
budget-final-made-a3a3592adc44012eb5ddeb3a,50,Ag-Nd-Pd-Pt-Tb,esopt_graph_risk,1,19,5
budget-final-made-a3a3592adc44012eb5ddeb3a,50,Ag-Nd-Pd-Pt-Tb,esopt_graph_risk,1,20,5
budget-final-made-a3a3592adc44012eb5ddeb3a,50,Ag-Nd-Pd-Pt-Tb,esopt_graph_risk,1,21,5
budget-final-made-a3a3592adc44012eb5ddeb3a,50,Ag-Nd-Pd-Pt-Tb,esopt_graph_risk,1,22,6
budget-final-made-a3a3592adc44012eb5ddeb3a,50,Ag-Nd-Pd-Pt-Tb,esopt_graph_risk,1,23,6
budget-final-made-a3a3592adc44012eb5ddeb3a,50,Ag-Nd-Pd-Pt-Tb,esopt_graph_risk,1,24,6
budget-final-made-a3a3592adc44012eb5ddeb3a,50,Ag-Nd-Pd-Pt-Tb,esopt_graph_risk,1,25,6
budget-final-made-a3a3592adc44012eb5ddeb3a,50,Ag-Nd-Pd-Pt-Tb,esopt_graph_risk,1,26,7
budget-final-made-a3a3592adc44012eb5ddeb3a,50,Ag-Nd-Pd-Pt-Tb,esopt_graph_risk,1,27,8
budget-final-made-a3a3592adc44012eb5ddeb3a,50,Ag-Nd-Pd-Pt-Tb,esopt_graph_risk,1,28,8
budget-final-made-a3a3592adc44012eb5ddeb3a,50,Ag-Nd-Pd-Pt-Tb,esopt_graph_risk,1,29,8
budget-final-made-a3a3592adc44012eb5ddeb3a,50,Ag-Nd-Pd-Pt-Tb,esopt_graph_risk,1,30,9
budget-final-made-a3a3592adc44012eb5ddeb3a,50,Ag-Nd-Pd-Pt-Tb,esopt_graph_risk,1,31,9
budget-final-made-a3a3592adc44012eb5ddeb3a,50,Ag-Nd-Pd-Pt-Tb,esopt_graph_risk,1,32,9
budget-final-made-a3a3592adc44012eb5ddeb3a,50,Ag-Nd-Pd-Pt-Tb,esopt_graph_risk,1,33,10
budget-final-made-a3a3592adc44012eb5ddeb3a,50,Ag-Nd-Pd-Pt-Tb,esopt_graph_risk,1,34,11
budget-final-made-a3a3592adc44012eb5ddeb3a,50,Ag-Nd-Pd-Pt-Tb,esopt_graph_risk,1,35,11
budget-final-made-a3a3592adc44012eb5ddeb3a,50,Ag-Nd-Pd-Pt-Tb,esopt_graph_risk,1,36,11
budget-final-made-a3a3592adc44012eb5ddeb3a,50,Ag-Nd-Pd-Pt-Tb,esopt_graph_risk,1,37,11
budget-final-made-a3a3592adc44012eb5ddeb3a,50,Ag-Nd-Pd-Pt-Tb,esopt_graph_risk,1,38,11
budget-final-made-a3a3592adc44012eb5ddeb3a,50,Ag-Nd-Pd-Pt-Tb,esopt_graph_risk,1,39,11
budget-final-made-a3a3592adc44012eb5ddeb3a,50,Ag-Nd-Pd-Pt-Tb,esopt_graph_risk,1,40,12
budget-final-made-a3a3592adc44012eb5ddeb3a,50,Ag-Nd-Pd-Pt-Tb,esopt_graph_risk,1,41,12
budget-final-made-a3a3592adc44012eb5ddeb3a,50,Ag-Nd-Pd-Pt-Tb,esopt_graph_risk,1,42,12
budget-final-made-a3a3592adc44012eb5ddeb3a,50,Ag-Nd-Pd-Pt-Tb,esopt_graph_risk,1,43,13
budget-final-made-a3a3592adc44012eb5ddeb3a,50,Ag-Nd-Pd-Pt-Tb,esopt_graph_risk,1,44,14
budget-final-made-a3a3592adc44012eb5ddeb3a,50,Ag-Nd-Pd-Pt-Tb,esopt_graph_risk,1,45,15
budget-final-made-a3a3592adc44012eb5ddeb3a,50,Ag-Nd-Pd-Pt-Tb,esopt_graph_risk,1,46,16
budget-final-made-a3a3592adc44012eb5ddeb3a,50,Ag-Nd-Pd-Pt-Tb,esopt_graph_risk,1,47,17
budget-final-made-a3a3592adc44012eb5ddeb3a,50,Ag-Nd-Pd-Pt-Tb,esopt_graph_risk,1,48,17
budget-final-made-a3a3592adc44012eb5ddeb3a,50,Ag-Nd-Pd-Pt-Tb,esopt_graph_risk,1,49,18
budget-final-made-a3a3592adc44012eb5ddeb3a,50,Ag-Nd-Pd-Pt-Tb,esopt_graph_risk,1,50,19
budget-final-made-a13f09c144491aaf6c5ae670,50,Al-Hg-K-Mg-W,baseline,1,0,0
budget-final-made-a13f09c144491aaf6c5ae670,50,Al-Hg-K-Mg-W,baseline,1,1,0
budget-final-made-a13f09c144491aaf6c5ae670,50,Al-Hg-K-Mg-W,baseline,1,2,0
budget-final-made-a13f09c144491aaf6c5ae670,50,Al-Hg-K-Mg-W,baseline,1,3,0
budget-final-made-a13f09c144491aaf6c5ae670,50,Al-Hg-K-Mg-W,baseline,1,4,0
budget-final-made-a13f09c144491aaf6c5ae670,50,Al-Hg-K-Mg-W,baseline,1,5,0
budget-final-made-a13f09c144491aaf6c5ae670,50,Al-Hg-K-Mg-W,baseline,1,6,0
budget-final-made-a13f09c144491aaf6c5ae670,50,Al-Hg-K-Mg-W,baseline,1,7,0
budget-final-made-a13f09c144491aaf6c5ae670,50,Al-Hg-K-Mg-W,baseline,1,8,0
budget-final-made-a13f09c144491aaf6c5ae670,50,Al-Hg-K-Mg-W,baseline,1,9,0
budget-final-made-a13f09c144491aaf6c5ae670,50,Al-Hg-K-Mg-W,baseline,1,10,0
budget-final-made-a13f09c144491aaf6c5ae670,50,Al-Hg-K-Mg-W,baseline,1,11,0
budget-final-made-a13f09c144491aaf6c5ae670,50,Al-Hg-K-Mg-W,baseline,1,12,0
budget-final-made-a13f09c144491aaf6c5ae670,50,Al-Hg-K-Mg-W,baseline,1,13,0
budget-final-made-a13f09c144491aaf6c5ae670,50,Al-Hg-K-Mg-W,baseline,1,14,0
budget-final-made-a13f09c144491aaf6c5ae670,50,Al-Hg-K-Mg-W,baseline,1,15,0
budget-final-made-a13f09c144491aaf6c5ae670,50,Al-Hg-K-Mg-W,baseline,1,16,0
budget-final-made-a13f09c144491aaf6c5ae670,50,Al-Hg-K-Mg-W,baseline,1,17,0
budget-final-made-a13f09c144491aaf6c5ae670,50,Al-Hg-K-Mg-W,baseline,1,18,0
budget-final-made-a13f09c144491aaf6c5ae670,50,Al-Hg-K-Mg-W,baseline,1,19,0
budget-final-made-a13f09c144491aaf6c5ae670,50,Al-Hg-K-Mg-W,baseline,1,20,0
budget-final-made-a13f09c144491aaf6c5ae670,50,Al-Hg-K-Mg-W,baseline,1,21,0
budget-final-made-a13f09c144491aaf6c5ae670,50,Al-Hg-K-Mg-W,baseline,1,22,0
budget-final-made-a13f09c144491aaf6c5ae670,50,Al-Hg-K-Mg-W,baseline,1,23,0
budget-final-made-a13f09c144491aaf6c5ae670,50,Al-Hg-K-Mg-W,baseline,1,24,0
budget-final-made-a13f09c144491aaf6c5ae670,50,Al-Hg-K-Mg-W,baseline,1,25,0
budget-final-made-a13f09c144491aaf6c5ae670,50,Al-Hg-K-Mg-W,baseline,1,26,0
budget-final-made-a13f09c144491aaf6c5ae670,50,Al-Hg-K-Mg-W,baseline,1,27,0
budget-final-made-a13f09c144491aaf6c5ae670,50,Al-Hg-K-Mg-W,baseline,1,28,0
budget-final-made-a13f09c144491aaf6c5ae670,50,Al-Hg-K-Mg-W,baseline,1,29,0
budget-final-made-a13f09c144491aaf6c5ae670,50,Al-Hg-K-Mg-W,baseline,1,30,0
budget-final-made-a13f09c144491aaf6c5ae670,50,Al-Hg-K-Mg-W,baseline,1,31,0
budget-final-made-a13f09c144491aaf6c5ae670,50,Al-Hg-K-Mg-W,baseline,1,32,0
budget-final-made-a13f09c144491aaf6c5ae670,50,Al-Hg-K-Mg-W,baseline,1,33,0
budget-final-made-a13f09c144491aaf6c5ae670,50,Al-Hg-K-Mg-W,baseline,1,34,0
budget-final-made-a13f09c144491aaf6c5ae670,50,Al-Hg-K-Mg-W,baseline,1,35,0
budget-final-made-a13f09c144491aaf6c5ae670,50,Al-Hg-K-Mg-W,baseline,1,36,0
budget-final-made-a13f09c144491aaf6c5ae670,50,Al-Hg-K-Mg-W,baseline,1,37,0
budget-final-made-a13f09c144491aaf6c5ae670,50,Al-Hg-K-Mg-W,baseline,1,38,0
budget-final-made-a13f09c144491aaf6c5ae670,50,Al-Hg-K-Mg-W,baseline,1,39,0
budget-final-made-a13f09c144491aaf6c5ae670,50,Al-Hg-K-Mg-W,baseline,1,40,0
budget-final-made-a13f09c144491aaf6c5ae670,50,Al-Hg-K-Mg-W,baseline,1,41,0
budget-final-made-a13f09c144491aaf6c5ae670,50,Al-Hg-K-Mg-W,baseline,1,42,0
budget-final-made-a13f09c144491aaf6c5ae670,50,Al-Hg-K-Mg-W,baseline,1,43,0
budget-final-made-a13f09c144491aaf6c5ae670,50,Al-Hg-K-Mg-W,baseline,1,44,0
budget-final-made-a13f09c144491aaf6c5ae670,50,Al-Hg-K-Mg-W,baseline,1,45,0
budget-final-made-a13f09c144491aaf6c5ae670,50,Al-Hg-K-Mg-W,baseline,1,46,0
budget-final-made-a13f09c144491aaf6c5ae670,50,Al-Hg-K-Mg-W,baseline,1,47,0
budget-final-made-a13f09c144491aaf6c5ae670,50,Al-Hg-K-Mg-W,baseline,1,48,0
budget-final-made-a13f09c144491aaf6c5ae670,50,Al-Hg-K-Mg-W,baseline,1,49,0
budget-final-made-a13f09c144491aaf6c5ae670,50,Al-Hg-K-Mg-W,baseline,1,50,0
budget-final-made-e621dd32dab37ee731ce4f9a,50,Al-Hg-K-Mg-W,esopt_graph_risk,1,0,0
budget-final-made-e621dd32dab37ee731ce4f9a,50,Al-Hg-K-Mg-W,esopt_graph_risk,1,1,0
budget-final-made-e621dd32dab37ee731ce4f9a,50,Al-Hg-K-Mg-W,esopt_graph_risk,1,2,0
budget-final-made-e621dd32dab37ee731ce4f9a,50,Al-Hg-K-Mg-W,esopt_graph_risk,1,3,0
budget-final-made-e621dd32dab37ee731ce4f9a,50,Al-Hg-K-Mg-W,esopt_graph_risk,1,4,0
budget-final-made-e621dd32dab37ee731ce4f9a,50,Al-Hg-K-Mg-W,esopt_graph_risk,1,5,0
budget-final-made-e621dd32dab37ee731ce4f9a,50,Al-Hg-K-Mg-W,esopt_graph_risk,1,6,0
budget-final-made-e621dd32dab37ee731ce4f9a,50,Al-Hg-K-Mg-W,esopt_graph_risk,1,7,0
budget-final-made-e621dd32dab37ee731ce4f9a,50,Al-Hg-K-Mg-W,esopt_graph_risk,1,8,0
budget-final-made-e621dd32dab37ee731ce4f9a,50,Al-Hg-K-Mg-W,esopt_graph_risk,1,9,0
budget-final-made-e621dd32dab37ee731ce4f9a,50,Al-Hg-K-Mg-W,esopt_graph_risk,1,10,0
budget-final-made-e621dd32dab37ee731ce4f9a,50,Al-Hg-K-Mg-W,esopt_graph_risk,1,11,0
budget-final-made-e621dd32dab37ee731ce4f9a,50,Al-Hg-K-Mg-W,esopt_graph_risk,1,12,0
budget-final-made-e621dd32dab37ee731ce4f9a,50,Al-Hg-K-Mg-W,esopt_graph_risk,1,13,0
budget-final-made-e621dd32dab37ee731ce4f9a,50,Al-Hg-K-Mg-W,esopt_graph_risk,1,14,0
budget-final-made-e621dd32dab37ee731ce4f9a,50,Al-Hg-K-Mg-W,esopt_graph_risk,1,15,0
budget-final-made-e621dd32dab37ee731ce4f9a,50,Al-Hg-K-Mg-W,esopt_graph_risk,1,16,0
budget-final-made-e621dd32dab37ee731ce4f9a,50,Al-Hg-K-Mg-W,esopt_graph_risk,1,17,0
budget-final-made-e621dd32dab37ee731ce4f9a,50,Al-Hg-K-Mg-W,esopt_graph_risk,1,18,0
budget-final-made-e621dd32dab37ee731ce4f9a,50,Al-Hg-K-Mg-W,esopt_graph_risk,1,19,0
budget-final-made-e621dd32dab37ee731ce4f9a,50,Al-Hg-K-Mg-W,esopt_graph_risk,1,20,0
budget-final-made-e621dd32dab37ee731ce4f9a,50,Al-Hg-K-Mg-W,esopt_graph_risk,1,21,0
budget-final-made-e621dd32dab37ee731ce4f9a,50,Al-Hg-K-Mg-W,esopt_graph_risk,1,22,0
budget-final-made-e621dd32dab37ee731ce4f9a,50,Al-Hg-K-Mg-W,esopt_graph_risk,1,23,0
budget-final-made-e621dd32dab37ee731ce4f9a,50,Al-Hg-K-Mg-W,esopt_graph_risk,1,24,0
budget-final-made-e621dd32dab37ee731ce4f9a,50,Al-Hg-K-Mg-W,esopt_graph_risk,1,25,0
budget-final-made-e621dd32dab37ee731ce4f9a,50,Al-Hg-K-Mg-W,esopt_graph_risk,1,26,0
budget-final-made-e621dd32dab37ee731ce4f9a,50,Al-Hg-K-Mg-W,esopt_graph_risk,1,27,0
budget-final-made-e621dd32dab37ee731ce4f9a,50,Al-Hg-K-Mg-W,esopt_graph_risk,1,28,0
budget-final-made-e621dd32dab37ee731ce4f9a,50,Al-Hg-K-Mg-W,esopt_graph_risk,1,29,0
budget-final-made-e621dd32dab37ee731ce4f9a,50,Al-Hg-K-Mg-W,esopt_graph_risk,1,30,0
budget-final-made-e621dd32dab37ee731ce4f9a,50,Al-Hg-K-Mg-W,esopt_graph_risk,1,31,0
budget-final-made-e621dd32dab37ee731ce4f9a,50,Al-Hg-K-Mg-W,esopt_graph_risk,1,32,0
budget-final-made-e621dd32dab37ee731ce4f9a,50,Al-Hg-K-Mg-W,esopt_graph_risk,1,33,0
budget-final-made-e621dd32dab37ee731ce4f9a,50,Al-Hg-K-Mg-W,esopt_graph_risk,1,34,0
budget-final-made-e621dd32dab37ee731ce4f9a,50,Al-Hg-K-Mg-W,esopt_graph_risk,1,35,0
budget-final-made-e621dd32dab37ee731ce4f9a,50,Al-Hg-K-Mg-W,esopt_graph_risk,1,36,0
budget-final-made-e621dd32dab37ee731ce4f9a,50,Al-Hg-K-Mg-W,esopt_graph_risk,1,37,0
budget-final-made-e621dd32dab37ee731ce4f9a,50,Al-Hg-K-Mg-W,esopt_graph_risk,1,38,0
budget-final-made-e621dd32dab37ee731ce4f9a,50,Al-Hg-K-Mg-W,esopt_graph_risk,1,39,0
budget-final-made-e621dd32dab37ee731ce4f9a,50,Al-Hg-K-Mg-W,esopt_graph_risk,1,40,0
budget-final-made-e621dd32dab37ee731ce4f9a,50,Al-Hg-K-Mg-W,esopt_graph_risk,1,41,0
budget-final-made-e621dd32dab37ee731ce4f9a,50,Al-Hg-K-Mg-W,esopt_graph_risk,1,42,0
budget-final-made-e621dd32dab37ee731ce4f9a,50,Al-Hg-K-Mg-W,esopt_graph_risk,1,43,0
budget-final-made-e621dd32dab37ee731ce4f9a,50,Al-Hg-K-Mg-W,esopt_graph_risk,1,44,0
budget-final-made-e621dd32dab37ee731ce4f9a,50,Al-Hg-K-Mg-W,esopt_graph_risk,1,45,0
budget-final-made-e621dd32dab37ee731ce4f9a,50,Al-Hg-K-Mg-W,esopt_graph_risk,1,46,0
budget-final-made-e621dd32dab37ee731ce4f9a,50,Al-Hg-K-Mg-W,esopt_graph_risk,1,47,0
budget-final-made-e621dd32dab37ee731ce4f9a,50,Al-Hg-K-Mg-W,esopt_graph_risk,1,48,0
budget-final-made-e621dd32dab37ee731ce4f9a,50,Al-Hg-K-Mg-W,esopt_graph_risk,1,49,0
budget-final-made-e621dd32dab37ee731ce4f9a,50,Al-Hg-K-Mg-W,esopt_graph_risk,1,50,0
budget-final-made-6d233e5c4026401bfeed1cb5,50,Al-Li-V,baseline,1,0,0
budget-final-made-6d233e5c4026401bfeed1cb5,50,Al-Li-V,baseline,1,1,0
budget-final-made-6d233e5c4026401bfeed1cb5,50,Al-Li-V,baseline,1,2,1
budget-final-made-6d233e5c4026401bfeed1cb5,50,Al-Li-V,baseline,1,3,2
budget-final-made-6d233e5c4026401bfeed1cb5,50,Al-Li-V,baseline,1,4,2
budget-final-made-6d233e5c4026401bfeed1cb5,50,Al-Li-V,baseline,1,5,3
budget-final-made-6d233e5c4026401bfeed1cb5,50,Al-Li-V,baseline,1,6,3
budget-final-made-6d233e5c4026401bfeed1cb5,50,Al-Li-V,baseline,1,7,4
budget-final-made-6d233e5c4026401bfeed1cb5,50,Al-Li-V,baseline,1,8,4
budget-final-made-6d233e5c4026401bfeed1cb5,50,Al-Li-V,baseline,1,9,4
budget-final-made-6d233e5c4026401bfeed1cb5,50,Al-Li-V,baseline,1,10,5
budget-final-made-6d233e5c4026401bfeed1cb5,50,Al-Li-V,baseline,1,11,5
budget-final-made-6d233e5c4026401bfeed1cb5,50,Al-Li-V,baseline,1,12,5
budget-final-made-6d233e5c4026401bfeed1cb5,50,Al-Li-V,baseline,1,13,5
budget-final-made-6d233e5c4026401bfeed1cb5,50,Al-Li-V,baseline,1,14,6
budget-final-made-6d233e5c4026401bfeed1cb5,50,Al-Li-V,baseline,1,15,7
budget-final-made-6d233e5c4026401bfeed1cb5,50,Al-Li-V,baseline,1,16,7
budget-final-made-6d233e5c4026401bfeed1cb5,50,Al-Li-V,baseline,1,17,7
budget-final-made-6d233e5c4026401bfeed1cb5,50,Al-Li-V,baseline,1,18,7
budget-final-made-6d233e5c4026401bfeed1cb5,50,Al-Li-V,baseline,1,19,8
budget-final-made-6d233e5c4026401bfeed1cb5,50,Al-Li-V,baseline,1,20,9
budget-final-made-6d233e5c4026401bfeed1cb5,50,Al-Li-V,baseline,1,21,10
budget-final-made-6d233e5c4026401bfeed1cb5,50,Al-Li-V,baseline,1,22,11
budget-final-made-6d233e5c4026401bfeed1cb5,50,Al-Li-V,baseline,1,23,11
budget-final-made-6d233e5c4026401bfeed1cb5,50,Al-Li-V,baseline,1,24,12
budget-final-made-6d233e5c4026401bfeed1cb5,50,Al-Li-V,baseline,1,25,12
budget-final-made-6d233e5c4026401bfeed1cb5,50,Al-Li-V,baseline,1,26,13
budget-final-made-6d233e5c4026401bfeed1cb5,50,Al-Li-V,baseline,1,27,14
budget-final-made-6d233e5c4026401bfeed1cb5,50,Al-Li-V,baseline,1,28,14
budget-final-made-6d233e5c4026401bfeed1cb5,50,Al-Li-V,baseline,1,29,14
budget-final-made-6d233e5c4026401bfeed1cb5,50,Al-Li-V,baseline,1,30,15
budget-final-made-6d233e5c4026401bfeed1cb5,50,Al-Li-V,baseline,1,31,15
budget-final-made-6d233e5c4026401bfeed1cb5,50,Al-Li-V,baseline,1,32,16
budget-final-made-6d233e5c4026401bfeed1cb5,50,Al-Li-V,baseline,1,33,16
budget-final-made-6d233e5c4026401bfeed1cb5,50,Al-Li-V,baseline,1,34,17
budget-final-made-6d233e5c4026401bfeed1cb5,50,Al-Li-V,baseline,1,35,18
budget-final-made-6d233e5c4026401bfeed1cb5,50,Al-Li-V,baseline,1,36,18
budget-final-made-6d233e5c4026401bfeed1cb5,50,Al-Li-V,baseline,1,37,19
budget-final-made-6d233e5c4026401bfeed1cb5,50,Al-Li-V,baseline,1,38,20
budget-final-made-6d233e5c4026401bfeed1cb5,50,Al-Li-V,baseline,1,39,20
budget-final-made-6d233e5c4026401bfeed1cb5,50,Al-Li-V,baseline,1,40,20
budget-final-made-6d233e5c4026401bfeed1cb5,50,Al-Li-V,baseline,1,41,20
budget-final-made-6d233e5c4026401bfeed1cb5,50,Al-Li-V,baseline,1,42,20
budget-final-made-6d233e5c4026401bfeed1cb5,50,Al-Li-V,baseline,1,43,21
budget-final-made-6d233e5c4026401bfeed1cb5,50,Al-Li-V,baseline,1,44,21
budget-final-made-6d233e5c4026401bfeed1cb5,50,Al-Li-V,baseline,1,45,21
budget-final-made-6d233e5c4026401bfeed1cb5,50,Al-Li-V,baseline,1,46,21
budget-final-made-6d233e5c4026401bfeed1cb5,50,Al-Li-V,baseline,1,47,21
budget-final-made-6d233e5c4026401bfeed1cb5,50,Al-Li-V,baseline,1,48,21
budget-final-made-6d233e5c4026401bfeed1cb5,50,Al-Li-V,baseline,1,49,21
budget-final-made-6d233e5c4026401bfeed1cb5,50,Al-Li-V,baseline,1,50,22
budget-final-made-eb1a75750247f9ba7198b375,50,Al-Li-V,esopt_graph_risk,1,0,0
budget-final-made-eb1a75750247f9ba7198b375,50,Al-Li-V,esopt_graph_risk,1,1,0
budget-final-made-eb1a75750247f9ba7198b375,50,Al-Li-V,esopt_graph_risk,1,2,0
budget-final-made-eb1a75750247f9ba7198b375,50,Al-Li-V,esopt_graph_risk,1,3,1
budget-final-made-eb1a75750247f9ba7198b375,50,Al-Li-V,esopt_graph_risk,1,4,1
budget-final-made-eb1a75750247f9ba7198b375,50,Al-Li-V,esopt_graph_risk,1,5,1
budget-final-made-eb1a75750247f9ba7198b375,50,Al-Li-V,esopt_graph_risk,1,6,1
budget-final-made-eb1a75750247f9ba7198b375,50,Al-Li-V,esopt_graph_risk,1,7,1
budget-final-made-eb1a75750247f9ba7198b375,50,Al-Li-V,esopt_graph_risk,1,8,1
budget-final-made-eb1a75750247f9ba7198b375,50,Al-Li-V,esopt_graph_risk,1,9,1
budget-final-made-eb1a75750247f9ba7198b375,50,Al-Li-V,esopt_graph_risk,1,10,1
budget-final-made-eb1a75750247f9ba7198b375,50,Al-Li-V,esopt_graph_risk,1,11,1
budget-final-made-eb1a75750247f9ba7198b375,50,Al-Li-V,esopt_graph_risk,1,12,1
budget-final-made-eb1a75750247f9ba7198b375,50,Al-Li-V,esopt_graph_risk,1,13,1
budget-final-made-eb1a75750247f9ba7198b375,50,Al-Li-V,esopt_graph_risk,1,14,1
budget-final-made-eb1a75750247f9ba7198b375,50,Al-Li-V,esopt_graph_risk,1,15,1
budget-final-made-eb1a75750247f9ba7198b375,50,Al-Li-V,esopt_graph_risk,1,16,1
budget-final-made-eb1a75750247f9ba7198b375,50,Al-Li-V,esopt_graph_risk,1,17,1
budget-final-made-eb1a75750247f9ba7198b375,50,Al-Li-V,esopt_graph_risk,1,18,1
budget-final-made-eb1a75750247f9ba7198b375,50,Al-Li-V,esopt_graph_risk,1,19,1
budget-final-made-eb1a75750247f9ba7198b375,50,Al-Li-V,esopt_graph_risk,1,20,2
budget-final-made-eb1a75750247f9ba7198b375,50,Al-Li-V,esopt_graph_risk,1,21,2
budget-final-made-eb1a75750247f9ba7198b375,50,Al-Li-V,esopt_graph_risk,1,22,2
budget-final-made-eb1a75750247f9ba7198b375,50,Al-Li-V,esopt_graph_risk,1,23,3
budget-final-made-eb1a75750247f9ba7198b375,50,Al-Li-V,esopt_graph_risk,1,24,3
budget-final-made-eb1a75750247f9ba7198b375,50,Al-Li-V,esopt_graph_risk,1,25,3
budget-final-made-eb1a75750247f9ba7198b375,50,Al-Li-V,esopt_graph_risk,1,26,3
budget-final-made-eb1a75750247f9ba7198b375,50,Al-Li-V,esopt_graph_risk,1,27,3
budget-final-made-eb1a75750247f9ba7198b375,50,Al-Li-V,esopt_graph_risk,1,28,3
budget-final-made-eb1a75750247f9ba7198b375,50,Al-Li-V,esopt_graph_risk,1,29,3
budget-final-made-eb1a75750247f9ba7198b375,50,Al-Li-V,esopt_graph_risk,1,30,3
budget-final-made-eb1a75750247f9ba7198b375,50,Al-Li-V,esopt_graph_risk,1,31,3
budget-final-made-eb1a75750247f9ba7198b375,50,Al-Li-V,esopt_graph_risk,1,32,3
budget-final-made-eb1a75750247f9ba7198b375,50,Al-Li-V,esopt_graph_risk,1,33,3
budget-final-made-eb1a75750247f9ba7198b375,50,Al-Li-V,esopt_graph_risk,1,34,3
budget-final-made-eb1a75750247f9ba7198b375,50,Al-Li-V,esopt_graph_risk,1,35,3
budget-final-made-eb1a75750247f9ba7198b375,50,Al-Li-V,esopt_graph_risk,1,36,3
budget-final-made-eb1a75750247f9ba7198b375,50,Al-Li-V,esopt_graph_risk,1,37,3
budget-final-made-eb1a75750247f9ba7198b375,50,Al-Li-V,esopt_graph_risk,1,38,3
budget-final-made-eb1a75750247f9ba7198b375,50,Al-Li-V,esopt_graph_risk,1,39,3
budget-final-made-eb1a75750247f9ba7198b375,50,Al-Li-V,esopt_graph_risk,1,40,3
budget-final-made-eb1a75750247f9ba7198b375,50,Al-Li-V,esopt_graph_risk,1,41,3
budget-final-made-eb1a75750247f9ba7198b375,50,Al-Li-V,esopt_graph_risk,1,42,3
budget-final-made-eb1a75750247f9ba7198b375,50,Al-Li-V,esopt_graph_risk,1,43,3
budget-final-made-eb1a75750247f9ba7198b375,50,Al-Li-V,esopt_graph_risk,1,44,3
budget-final-made-eb1a75750247f9ba7198b375,50,Al-Li-V,esopt_graph_risk,1,45,3
budget-final-made-eb1a75750247f9ba7198b375,50,Al-Li-V,esopt_graph_risk,1,46,3
budget-final-made-eb1a75750247f9ba7198b375,50,Al-Li-V,esopt_graph_risk,1,47,3
budget-final-made-eb1a75750247f9ba7198b375,50,Al-Li-V,esopt_graph_risk,1,48,3
budget-final-made-eb1a75750247f9ba7198b375,50,Al-Li-V,esopt_graph_risk,1,49,3
budget-final-made-eb1a75750247f9ba7198b375,50,Al-Li-V,esopt_graph_risk,1,50,3
budget-final-made-56691d215b7bf0d1fb39ac0e,50,Al-Lu-Pt-Rb-Sm,baseline,1,0,0
budget-final-made-56691d215b7bf0d1fb39ac0e,50,Al-Lu-Pt-Rb-Sm,baseline,1,1,0
budget-final-made-56691d215b7bf0d1fb39ac0e,50,Al-Lu-Pt-Rb-Sm,baseline,1,2,0
budget-final-made-56691d215b7bf0d1fb39ac0e,50,Al-Lu-Pt-Rb-Sm,baseline,1,3,0
budget-final-made-56691d215b7bf0d1fb39ac0e,50,Al-Lu-Pt-Rb-Sm,baseline,1,4,0
budget-final-made-56691d215b7bf0d1fb39ac0e,50,Al-Lu-Pt-Rb-Sm,baseline,1,5,0
budget-final-made-56691d215b7bf0d1fb39ac0e,50,Al-Lu-Pt-Rb-Sm,baseline,1,6,0
budget-final-made-56691d215b7bf0d1fb39ac0e,50,Al-Lu-Pt-Rb-Sm,baseline,1,7,0
budget-final-made-56691d215b7bf0d1fb39ac0e,50,Al-Lu-Pt-Rb-Sm,baseline,1,8,0
budget-final-made-56691d215b7bf0d1fb39ac0e,50,Al-Lu-Pt-Rb-Sm,baseline,1,9,0
budget-final-made-56691d215b7bf0d1fb39ac0e,50,Al-Lu-Pt-Rb-Sm,baseline,1,10,0
budget-final-made-56691d215b7bf0d1fb39ac0e,50,Al-Lu-Pt-Rb-Sm,baseline,1,11,0
budget-final-made-56691d215b7bf0d1fb39ac0e,50,Al-Lu-Pt-Rb-Sm,baseline,1,12,0
budget-final-made-56691d215b7bf0d1fb39ac0e,50,Al-Lu-Pt-Rb-Sm,baseline,1,13,0
budget-final-made-56691d215b7bf0d1fb39ac0e,50,Al-Lu-Pt-Rb-Sm,baseline,1,14,0
budget-final-made-56691d215b7bf0d1fb39ac0e,50,Al-Lu-Pt-Rb-Sm,baseline,1,15,0
budget-final-made-56691d215b7bf0d1fb39ac0e,50,Al-Lu-Pt-Rb-Sm,baseline,1,16,0
budget-final-made-56691d215b7bf0d1fb39ac0e,50,Al-Lu-Pt-Rb-Sm,baseline,1,17,0
budget-final-made-56691d215b7bf0d1fb39ac0e,50,Al-Lu-Pt-Rb-Sm,baseline,1,18,0
budget-final-made-56691d215b7bf0d1fb39ac0e,50,Al-Lu-Pt-Rb-Sm,baseline,1,19,0
budget-final-made-56691d215b7bf0d1fb39ac0e,50,Al-Lu-Pt-Rb-Sm,baseline,1,20,0
budget-final-made-56691d215b7bf0d1fb39ac0e,50,Al-Lu-Pt-Rb-Sm,baseline,1,21,0
budget-final-made-56691d215b7bf0d1fb39ac0e,50,Al-Lu-Pt-Rb-Sm,baseline,1,22,0
budget-final-made-56691d215b7bf0d1fb39ac0e,50,Al-Lu-Pt-Rb-Sm,baseline,1,23,0
budget-final-made-56691d215b7bf0d1fb39ac0e,50,Al-Lu-Pt-Rb-Sm,baseline,1,24,0
budget-final-made-56691d215b7bf0d1fb39ac0e,50,Al-Lu-Pt-Rb-Sm,baseline,1,25,0
budget-final-made-56691d215b7bf0d1fb39ac0e,50,Al-Lu-Pt-Rb-Sm,baseline,1,26,0
budget-final-made-56691d215b7bf0d1fb39ac0e,50,Al-Lu-Pt-Rb-Sm,baseline,1,27,0
budget-final-made-56691d215b7bf0d1fb39ac0e,50,Al-Lu-Pt-Rb-Sm,baseline,1,28,0
budget-final-made-56691d215b7bf0d1fb39ac0e,50,Al-Lu-Pt-Rb-Sm,baseline,1,29,0
budget-final-made-56691d215b7bf0d1fb39ac0e,50,Al-Lu-Pt-Rb-Sm,baseline,1,30,0
budget-final-made-56691d215b7bf0d1fb39ac0e,50,Al-Lu-Pt-Rb-Sm,baseline,1,31,0
budget-final-made-56691d215b7bf0d1fb39ac0e,50,Al-Lu-Pt-Rb-Sm,baseline,1,32,0
budget-final-made-56691d215b7bf0d1fb39ac0e,50,Al-Lu-Pt-Rb-Sm,baseline,1,33,0
budget-final-made-56691d215b7bf0d1fb39ac0e,50,Al-Lu-Pt-Rb-Sm,baseline,1,34,0
budget-final-made-56691d215b7bf0d1fb39ac0e,50,Al-Lu-Pt-Rb-Sm,baseline,1,35,0
budget-final-made-56691d215b7bf0d1fb39ac0e,50,Al-Lu-Pt-Rb-Sm,baseline,1,36,0
budget-final-made-56691d215b7bf0d1fb39ac0e,50,Al-Lu-Pt-Rb-Sm,baseline,1,37,0
budget-final-made-56691d215b7bf0d1fb39ac0e,50,Al-Lu-Pt-Rb-Sm,baseline,1,38,0
budget-final-made-56691d215b7bf0d1fb39ac0e,50,Al-Lu-Pt-Rb-Sm,baseline,1,39,0
budget-final-made-56691d215b7bf0d1fb39ac0e,50,Al-Lu-Pt-Rb-Sm,baseline,1,40,0
budget-final-made-56691d215b7bf0d1fb39ac0e,50,Al-Lu-Pt-Rb-Sm,baseline,1,41,0
budget-final-made-56691d215b7bf0d1fb39ac0e,50,Al-Lu-Pt-Rb-Sm,baseline,1,42,0
budget-final-made-56691d215b7bf0d1fb39ac0e,50,Al-Lu-Pt-Rb-Sm,baseline,1,43,0
budget-final-made-56691d215b7bf0d1fb39ac0e,50,Al-Lu-Pt-Rb-Sm,baseline,1,44,0
budget-final-made-56691d215b7bf0d1fb39ac0e,50,Al-Lu-Pt-Rb-Sm,baseline,1,45,0
budget-final-made-56691d215b7bf0d1fb39ac0e,50,Al-Lu-Pt-Rb-Sm,baseline,1,46,0
budget-final-made-56691d215b7bf0d1fb39ac0e,50,Al-Lu-Pt-Rb-Sm,baseline,1,47,0
budget-final-made-56691d215b7bf0d1fb39ac0e,50,Al-Lu-Pt-Rb-Sm,baseline,1,48,0
budget-final-made-56691d215b7bf0d1fb39ac0e,50,Al-Lu-Pt-Rb-Sm,baseline,1,49,0
budget-final-made-56691d215b7bf0d1fb39ac0e,50,Al-Lu-Pt-Rb-Sm,baseline,1,50,0
budget-final-made-187861cee7674983bd8790b2,50,Al-Lu-Pt-Rb-Sm,esopt_graph_risk,1,0,0
budget-final-made-187861cee7674983bd8790b2,50,Al-Lu-Pt-Rb-Sm,esopt_graph_risk,1,1,1
budget-final-made-187861cee7674983bd8790b2,50,Al-Lu-Pt-Rb-Sm,esopt_graph_risk,1,2,2
budget-final-made-187861cee7674983bd8790b2,50,Al-Lu-Pt-Rb-Sm,esopt_graph_risk,1,3,2
budget-final-made-187861cee7674983bd8790b2,50,Al-Lu-Pt-Rb-Sm,esopt_graph_risk,1,4,2
budget-final-made-187861cee7674983bd8790b2,50,Al-Lu-Pt-Rb-Sm,esopt_graph_risk,1,5,3
budget-final-made-187861cee7674983bd8790b2,50,Al-Lu-Pt-Rb-Sm,esopt_graph_risk,1,6,3
budget-final-made-187861cee7674983bd8790b2,50,Al-Lu-Pt-Rb-Sm,esopt_graph_risk,1,7,3
budget-final-made-187861cee7674983bd8790b2,50,Al-Lu-Pt-Rb-Sm,esopt_graph_risk,1,8,3
budget-final-made-187861cee7674983bd8790b2,50,Al-Lu-Pt-Rb-Sm,esopt_graph_risk,1,9,3
budget-final-made-187861cee7674983bd8790b2,50,Al-Lu-Pt-Rb-Sm,esopt_graph_risk,1,10,3
budget-final-made-187861cee7674983bd8790b2,50,Al-Lu-Pt-Rb-Sm,esopt_graph_risk,1,11,3
budget-final-made-187861cee7674983bd8790b2,50,Al-Lu-Pt-Rb-Sm,esopt_graph_risk,1,12,3
budget-final-made-187861cee7674983bd8790b2,50,Al-Lu-Pt-Rb-Sm,esopt_graph_risk,1,13,3
budget-final-made-187861cee7674983bd8790b2,50,Al-Lu-Pt-Rb-Sm,esopt_graph_risk,1,14,3
budget-final-made-187861cee7674983bd8790b2,50,Al-Lu-Pt-Rb-Sm,esopt_graph_risk,1,15,3
budget-final-made-187861cee7674983bd8790b2,50,Al-Lu-Pt-Rb-Sm,esopt_graph_risk,1,16,3
budget-final-made-187861cee7674983bd8790b2,50,Al-Lu-Pt-Rb-Sm,esopt_graph_risk,1,17,3
budget-final-made-187861cee7674983bd8790b2,50,Al-Lu-Pt-Rb-Sm,esopt_graph_risk,1,18,3
budget-final-made-187861cee7674983bd8790b2,50,Al-Lu-Pt-Rb-Sm,esopt_graph_risk,1,19,3
budget-final-made-187861cee7674983bd8790b2,50,Al-Lu-Pt-Rb-Sm,esopt_graph_risk,1,20,3
budget-final-made-187861cee7674983bd8790b2,50,Al-Lu-Pt-Rb-Sm,esopt_graph_risk,1,21,3
budget-final-made-187861cee7674983bd8790b2,50,Al-Lu-Pt-Rb-Sm,esopt_graph_risk,1,22,3
budget-final-made-187861cee7674983bd8790b2,50,Al-Lu-Pt-Rb-Sm,esopt_graph_risk,1,23,3
budget-final-made-187861cee7674983bd8790b2,50,Al-Lu-Pt-Rb-Sm,esopt_graph_risk,1,24,3
budget-final-made-187861cee7674983bd8790b2,50,Al-Lu-Pt-Rb-Sm,esopt_graph_risk,1,25,3
budget-final-made-187861cee7674983bd8790b2,50,Al-Lu-Pt-Rb-Sm,esopt_graph_risk,1,26,3
budget-final-made-187861cee7674983bd8790b2,50,Al-Lu-Pt-Rb-Sm,esopt_graph_risk,1,27,3
budget-final-made-187861cee7674983bd8790b2,50,Al-Lu-Pt-Rb-Sm,esopt_graph_risk,1,28,3
budget-final-made-187861cee7674983bd8790b2,50,Al-Lu-Pt-Rb-Sm,esopt_graph_risk,1,29,3
budget-final-made-187861cee7674983bd8790b2,50,Al-Lu-Pt-Rb-Sm,esopt_graph_risk,1,30,3
budget-final-made-187861cee7674983bd8790b2,50,Al-Lu-Pt-Rb-Sm,esopt_graph_risk,1,31,3
budget-final-made-187861cee7674983bd8790b2,50,Al-Lu-Pt-Rb-Sm,esopt_graph_risk,1,32,3
budget-final-made-187861cee7674983bd8790b2,50,Al-Lu-Pt-Rb-Sm,esopt_graph_risk,1,33,3
budget-final-made-187861cee7674983bd8790b2,50,Al-Lu-Pt-Rb-Sm,esopt_graph_risk,1,34,3
budget-final-made-187861cee7674983bd8790b2,50,Al-Lu-Pt-Rb-Sm,esopt_graph_risk,1,35,3
budget-final-made-187861cee7674983bd8790b2,50,Al-Lu-Pt-Rb-Sm,esopt_graph_risk,1,36,3
budget-final-made-187861cee7674983bd8790b2,50,Al-Lu-Pt-Rb-Sm,esopt_graph_risk,1,37,3
budget-final-made-187861cee7674983bd8790b2,50,Al-Lu-Pt-Rb-Sm,esopt_graph_risk,1,38,3
budget-final-made-187861cee7674983bd8790b2,50,Al-Lu-Pt-Rb-Sm,esopt_graph_risk,1,39,3
budget-final-made-187861cee7674983bd8790b2,50,Al-Lu-Pt-Rb-Sm,esopt_graph_risk,1,40,3
budget-final-made-187861cee7674983bd8790b2,50,Al-Lu-Pt-Rb-Sm,esopt_graph_risk,1,41,3
budget-final-made-187861cee7674983bd8790b2,50,Al-Lu-Pt-Rb-Sm,esopt_graph_risk,1,42,3
budget-final-made-187861cee7674983bd8790b2,50,Al-Lu-Pt-Rb-Sm,esopt_graph_risk,1,43,3
budget-final-made-187861cee7674983bd8790b2,50,Al-Lu-Pt-Rb-Sm,esopt_graph_risk,1,44,3
budget-final-made-187861cee7674983bd8790b2,50,Al-Lu-Pt-Rb-Sm,esopt_graph_risk,1,45,3
budget-final-made-187861cee7674983bd8790b2,50,Al-Lu-Pt-Rb-Sm,esopt_graph_risk,1,46,3
budget-final-made-187861cee7674983bd8790b2,50,Al-Lu-Pt-Rb-Sm,esopt_graph_risk,1,47,3
budget-final-made-187861cee7674983bd8790b2,50,Al-Lu-Pt-Rb-Sm,esopt_graph_risk,1,48,3
budget-final-made-187861cee7674983bd8790b2,50,Al-Lu-Pt-Rb-Sm,esopt_graph_risk,1,49,3
budget-final-made-187861cee7674983bd8790b2,50,Al-Lu-Pt-Rb-Sm,esopt_graph_risk,1,50,3
budget-final-made-ea0a4f6b50bab082d34b533f,50,Al-V-Zn,baseline,1,0,0
budget-final-made-ea0a4f6b50bab082d34b533f,50,Al-V-Zn,baseline,1,1,1
budget-final-made-ea0a4f6b50bab082d34b533f,50,Al-V-Zn,baseline,1,2,2
budget-final-made-ea0a4f6b50bab082d34b533f,50,Al-V-Zn,baseline,1,3,3
budget-final-made-ea0a4f6b50bab082d34b533f,50,Al-V-Zn,baseline,1,4,3
budget-final-made-ea0a4f6b50bab082d34b533f,50,Al-V-Zn,baseline,1,5,4
budget-final-made-ea0a4f6b50bab082d34b533f,50,Al-V-Zn,baseline,1,6,4
budget-final-made-ea0a4f6b50bab082d34b533f,50,Al-V-Zn,baseline,1,7,5
budget-final-made-ea0a4f6b50bab082d34b533f,50,Al-V-Zn,baseline,1,8,6
budget-final-made-ea0a4f6b50bab082d34b533f,50,Al-V-Zn,baseline,1,9,7
budget-final-made-ea0a4f6b50bab082d34b533f,50,Al-V-Zn,baseline,1,10,7
budget-final-made-ea0a4f6b50bab082d34b533f,50,Al-V-Zn,baseline,1,11,7
budget-final-made-ea0a4f6b50bab082d34b533f,50,Al-V-Zn,baseline,1,12,8
budget-final-made-ea0a4f6b50bab082d34b533f,50,Al-V-Zn,baseline,1,13,9
budget-final-made-ea0a4f6b50bab082d34b533f,50,Al-V-Zn,baseline,1,14,9
budget-final-made-ea0a4f6b50bab082d34b533f,50,Al-V-Zn,baseline,1,15,10
budget-final-made-ea0a4f6b50bab082d34b533f,50,Al-V-Zn,baseline,1,16,10
budget-final-made-ea0a4f6b50bab082d34b533f,50,Al-V-Zn,baseline,1,17,10
budget-final-made-ea0a4f6b50bab082d34b533f,50,Al-V-Zn,baseline,1,18,10
budget-final-made-ea0a4f6b50bab082d34b533f,50,Al-V-Zn,baseline,1,19,11
budget-final-made-ea0a4f6b50bab082d34b533f,50,Al-V-Zn,baseline,1,20,11
budget-final-made-ea0a4f6b50bab082d34b533f,50,Al-V-Zn,baseline,1,21,12
budget-final-made-ea0a4f6b50bab082d34b533f,50,Al-V-Zn,baseline,1,22,12
budget-final-made-ea0a4f6b50bab082d34b533f,50,Al-V-Zn,baseline,1,23,13
budget-final-made-ea0a4f6b50bab082d34b533f,50,Al-V-Zn,baseline,1,24,13
budget-final-made-ea0a4f6b50bab082d34b533f,50,Al-V-Zn,baseline,1,25,13
budget-final-made-ea0a4f6b50bab082d34b533f,50,Al-V-Zn,baseline,1,26,13
budget-final-made-ea0a4f6b50bab082d34b533f,50,Al-V-Zn,baseline,1,27,14
budget-final-made-ea0a4f6b50bab082d34b533f,50,Al-V-Zn,baseline,1,28,14
budget-final-made-ea0a4f6b50bab082d34b533f,50,Al-V-Zn,baseline,1,29,14
budget-final-made-ea0a4f6b50bab082d34b533f,50,Al-V-Zn,baseline,1,30,14
budget-final-made-ea0a4f6b50bab082d34b533f,50,Al-V-Zn,baseline,1,31,14
budget-final-made-ea0a4f6b50bab082d34b533f,50,Al-V-Zn,baseline,1,32,14
budget-final-made-ea0a4f6b50bab082d34b533f,50,Al-V-Zn,baseline,1,33,15
budget-final-made-ea0a4f6b50bab082d34b533f,50,Al-V-Zn,baseline,1,34,16
budget-final-made-ea0a4f6b50bab082d34b533f,50,Al-V-Zn,baseline,1,35,16
budget-final-made-ea0a4f6b50bab082d34b533f,50,Al-V-Zn,baseline,1,36,16
budget-final-made-ea0a4f6b50bab082d34b533f,50,Al-V-Zn,baseline,1,37,17
budget-final-made-ea0a4f6b50bab082d34b533f,50,Al-V-Zn,baseline,1,38,17
budget-final-made-ea0a4f6b50bab082d34b533f,50,Al-V-Zn,baseline,1,39,18
budget-final-made-ea0a4f6b50bab082d34b533f,50,Al-V-Zn,baseline,1,40,18
budget-final-made-ea0a4f6b50bab082d34b533f,50,Al-V-Zn,baseline,1,41,18
budget-final-made-ea0a4f6b50bab082d34b533f,50,Al-V-Zn,baseline,1,42,19
budget-final-made-ea0a4f6b50bab082d34b533f,50,Al-V-Zn,baseline,1,43,20
budget-final-made-ea0a4f6b50bab082d34b533f,50,Al-V-Zn,baseline,1,44,20
budget-final-made-ea0a4f6b50bab082d34b533f,50,Al-V-Zn,baseline,1,45,21
budget-final-made-ea0a4f6b50bab082d34b533f,50,Al-V-Zn,baseline,1,46,21
budget-final-made-ea0a4f6b50bab082d34b533f,50,Al-V-Zn,baseline,1,47,21
budget-final-made-ea0a4f6b50bab082d34b533f,50,Al-V-Zn,baseline,1,48,22
budget-final-made-ea0a4f6b50bab082d34b533f,50,Al-V-Zn,baseline,1,49,22
budget-final-made-ea0a4f6b50bab082d34b533f,50,Al-V-Zn,baseline,1,50,22
budget-final-made-8aea41d2e366c782ee520a2b,50,Al-V-Zn,esopt_graph_risk,1,0,0
budget-final-made-8aea41d2e366c782ee520a2b,50,Al-V-Zn,esopt_graph_risk,1,1,0
budget-final-made-8aea41d2e366c782ee520a2b,50,Al-V-Zn,esopt_graph_risk,1,2,1
budget-final-made-8aea41d2e366c782ee520a2b,50,Al-V-Zn,esopt_graph_risk,1,3,1
budget-final-made-8aea41d2e366c782ee520a2b,50,Al-V-Zn,esopt_graph_risk,1,4,1
budget-final-made-8aea41d2e366c782ee520a2b,50,Al-V-Zn,esopt_graph_risk,1,5,1
budget-final-made-8aea41d2e366c782ee520a2b,50,Al-V-Zn,esopt_graph_risk,1,6,1
budget-final-made-8aea41d2e366c782ee520a2b,50,Al-V-Zn,esopt_graph_risk,1,7,1
budget-final-made-8aea41d2e366c782ee520a2b,50,Al-V-Zn,esopt_graph_risk,1,8,1
budget-final-made-8aea41d2e366c782ee520a2b,50,Al-V-Zn,esopt_graph_risk,1,9,2
budget-final-made-8aea41d2e366c782ee520a2b,50,Al-V-Zn,esopt_graph_risk,1,10,3
budget-final-made-8aea41d2e366c782ee520a2b,50,Al-V-Zn,esopt_graph_risk,1,11,4
budget-final-made-8aea41d2e366c782ee520a2b,50,Al-V-Zn,esopt_graph_risk,1,12,5
budget-final-made-8aea41d2e366c782ee520a2b,50,Al-V-Zn,esopt_graph_risk,1,13,6
budget-final-made-8aea41d2e366c782ee520a2b,50,Al-V-Zn,esopt_graph_risk,1,14,6
budget-final-made-8aea41d2e366c782ee520a2b,50,Al-V-Zn,esopt_graph_risk,1,15,6
budget-final-made-8aea41d2e366c782ee520a2b,50,Al-V-Zn,esopt_graph_risk,1,16,6
budget-final-made-8aea41d2e366c782ee520a2b,50,Al-V-Zn,esopt_graph_risk,1,17,7
budget-final-made-8aea41d2e366c782ee520a2b,50,Al-V-Zn,esopt_graph_risk,1,18,8
budget-final-made-8aea41d2e366c782ee520a2b,50,Al-V-Zn,esopt_graph_risk,1,19,8
budget-final-made-8aea41d2e366c782ee520a2b,50,Al-V-Zn,esopt_graph_risk,1,20,9
budget-final-made-8aea41d2e366c782ee520a2b,50,Al-V-Zn,esopt_graph_risk,1,21,10
budget-final-made-8aea41d2e366c782ee520a2b,50,Al-V-Zn,esopt_graph_risk,1,22,11
budget-final-made-8aea41d2e366c782ee520a2b,50,Al-V-Zn,esopt_graph_risk,1,23,11
budget-final-made-8aea41d2e366c782ee520a2b,50,Al-V-Zn,esopt_graph_risk,1,24,11
budget-final-made-8aea41d2e366c782ee520a2b,50,Al-V-Zn,esopt_graph_risk,1,25,11
budget-final-made-8aea41d2e366c782ee520a2b,50,Al-V-Zn,esopt_graph_risk,1,26,11
budget-final-made-8aea41d2e366c782ee520a2b,50,Al-V-Zn,esopt_graph_risk,1,27,12
budget-final-made-8aea41d2e366c782ee520a2b,50,Al-V-Zn,esopt_graph_risk,1,28,12
budget-final-made-8aea41d2e366c782ee520a2b,50,Al-V-Zn,esopt_graph_risk,1,29,12
budget-final-made-8aea41d2e366c782ee520a2b,50,Al-V-Zn,esopt_graph_risk,1,30,12
budget-final-made-8aea41d2e366c782ee520a2b,50,Al-V-Zn,esopt_graph_risk,1,31,12
budget-final-made-8aea41d2e366c782ee520a2b,50,Al-V-Zn,esopt_graph_risk,1,32,13
budget-final-made-8aea41d2e366c782ee520a2b,50,Al-V-Zn,esopt_graph_risk,1,33,14
budget-final-made-8aea41d2e366c782ee520a2b,50,Al-V-Zn,esopt_graph_risk,1,34,14
budget-final-made-8aea41d2e366c782ee520a2b,50,Al-V-Zn,esopt_graph_risk,1,35,14
budget-final-made-8aea41d2e366c782ee520a2b,50,Al-V-Zn,esopt_graph_risk,1,36,14
budget-final-made-8aea41d2e366c782ee520a2b,50,Al-V-Zn,esopt_graph_risk,1,37,14
budget-final-made-8aea41d2e366c782ee520a2b,50,Al-V-Zn,esopt_graph_risk,1,38,15
budget-final-made-8aea41d2e366c782ee520a2b,50,Al-V-Zn,esopt_graph_risk,1,39,15
budget-final-made-8aea41d2e366c782ee520a2b,50,Al-V-Zn,esopt_graph_risk,1,40,16
budget-final-made-8aea41d2e366c782ee520a2b,50,Al-V-Zn,esopt_graph_risk,1,41,17
budget-final-made-8aea41d2e366c782ee520a2b,50,Al-V-Zn,esopt_graph_risk,1,42,17
budget-final-made-8aea41d2e366c782ee520a2b,50,Al-V-Zn,esopt_graph_risk,1,43,17
budget-final-made-8aea41d2e366c782ee520a2b,50,Al-V-Zn,esopt_graph_risk,1,44,17
budget-final-made-8aea41d2e366c782ee520a2b,50,Al-V-Zn,esopt_graph_risk,1,45,17
budget-final-made-8aea41d2e366c782ee520a2b,50,Al-V-Zn,esopt_graph_risk,1,46,17
budget-final-made-8aea41d2e366c782ee520a2b,50,Al-V-Zn,esopt_graph_risk,1,47,17
budget-final-made-8aea41d2e366c782ee520a2b,50,Al-V-Zn,esopt_graph_risk,1,48,17
budget-final-made-8aea41d2e366c782ee520a2b,50,Al-V-Zn,esopt_graph_risk,1,49,17
budget-final-made-8aea41d2e366c782ee520a2b,50,Al-V-Zn,esopt_graph_risk,1,50,17
budget-final-made-97d1fb7e98d5309331d50d42,50,Au-Cr-Cs-Dy,baseline,1,0,0
budget-final-made-97d1fb7e98d5309331d50d42,50,Au-Cr-Cs-Dy,baseline,1,1,1
budget-final-made-97d1fb7e98d5309331d50d42,50,Au-Cr-Cs-Dy,baseline,1,2,1
budget-final-made-97d1fb7e98d5309331d50d42,50,Au-Cr-Cs-Dy,baseline,1,3,1
budget-final-made-97d1fb7e98d5309331d50d42,50,Au-Cr-Cs-Dy,baseline,1,4,1
budget-final-made-97d1fb7e98d5309331d50d42,50,Au-Cr-Cs-Dy,baseline,1,5,1
budget-final-made-97d1fb7e98d5309331d50d42,50,Au-Cr-Cs-Dy,baseline,1,6,1
budget-final-made-97d1fb7e98d5309331d50d42,50,Au-Cr-Cs-Dy,baseline,1,7,1
budget-final-made-97d1fb7e98d5309331d50d42,50,Au-Cr-Cs-Dy,baseline,1,8,1
budget-final-made-97d1fb7e98d5309331d50d42,50,Au-Cr-Cs-Dy,baseline,1,9,1
budget-final-made-97d1fb7e98d5309331d50d42,50,Au-Cr-Cs-Dy,baseline,1,10,1
budget-final-made-97d1fb7e98d5309331d50d42,50,Au-Cr-Cs-Dy,baseline,1,11,1
budget-final-made-97d1fb7e98d5309331d50d42,50,Au-Cr-Cs-Dy,baseline,1,12,1
budget-final-made-97d1fb7e98d5309331d50d42,50,Au-Cr-Cs-Dy,baseline,1,13,1
budget-final-made-97d1fb7e98d5309331d50d42,50,Au-Cr-Cs-Dy,baseline,1,14,1
budget-final-made-97d1fb7e98d5309331d50d42,50,Au-Cr-Cs-Dy,baseline,1,15,1
budget-final-made-97d1fb7e98d5309331d50d42,50,Au-Cr-Cs-Dy,baseline,1,16,1
budget-final-made-97d1fb7e98d5309331d50d42,50,Au-Cr-Cs-Dy,baseline,1,17,1
budget-final-made-97d1fb7e98d5309331d50d42,50,Au-Cr-Cs-Dy,baseline,1,18,1
budget-final-made-97d1fb7e98d5309331d50d42,50,Au-Cr-Cs-Dy,baseline,1,19,1
budget-final-made-97d1fb7e98d5309331d50d42,50,Au-Cr-Cs-Dy,baseline,1,20,1
budget-final-made-97d1fb7e98d5309331d50d42,50,Au-Cr-Cs-Dy,baseline,1,21,1
budget-final-made-97d1fb7e98d5309331d50d42,50,Au-Cr-Cs-Dy,baseline,1,22,1
budget-final-made-97d1fb7e98d5309331d50d42,50,Au-Cr-Cs-Dy,baseline,1,23,1
budget-final-made-97d1fb7e98d5309331d50d42,50,Au-Cr-Cs-Dy,baseline,1,24,1
budget-final-made-97d1fb7e98d5309331d50d42,50,Au-Cr-Cs-Dy,baseline,1,25,1
budget-final-made-97d1fb7e98d5309331d50d42,50,Au-Cr-Cs-Dy,baseline,1,26,1
budget-final-made-97d1fb7e98d5309331d50d42,50,Au-Cr-Cs-Dy,baseline,1,27,1
budget-final-made-97d1fb7e98d5309331d50d42,50,Au-Cr-Cs-Dy,baseline,1,28,2
budget-final-made-97d1fb7e98d5309331d50d42,50,Au-Cr-Cs-Dy,baseline,1,29,2
budget-final-made-97d1fb7e98d5309331d50d42,50,Au-Cr-Cs-Dy,baseline,1,30,2
budget-final-made-97d1fb7e98d5309331d50d42,50,Au-Cr-Cs-Dy,baseline,1,31,2
budget-final-made-97d1fb7e98d5309331d50d42,50,Au-Cr-Cs-Dy,baseline,1,32,2
budget-final-made-97d1fb7e98d5309331d50d42,50,Au-Cr-Cs-Dy,baseline,1,33,2
budget-final-made-97d1fb7e98d5309331d50d42,50,Au-Cr-Cs-Dy,baseline,1,34,2
budget-final-made-97d1fb7e98d5309331d50d42,50,Au-Cr-Cs-Dy,baseline,1,35,2
budget-final-made-97d1fb7e98d5309331d50d42,50,Au-Cr-Cs-Dy,baseline,1,36,3
budget-final-made-97d1fb7e98d5309331d50d42,50,Au-Cr-Cs-Dy,baseline,1,37,4
budget-final-made-97d1fb7e98d5309331d50d42,50,Au-Cr-Cs-Dy,baseline,1,38,5
budget-final-made-97d1fb7e98d5309331d50d42,50,Au-Cr-Cs-Dy,baseline,1,39,5
budget-final-made-97d1fb7e98d5309331d50d42,50,Au-Cr-Cs-Dy,baseline,1,40,5
budget-final-made-97d1fb7e98d5309331d50d42,50,Au-Cr-Cs-Dy,baseline,1,41,5
budget-final-made-97d1fb7e98d5309331d50d42,50,Au-Cr-Cs-Dy,baseline,1,42,6
budget-final-made-97d1fb7e98d5309331d50d42,50,Au-Cr-Cs-Dy,baseline,1,43,7
budget-final-made-97d1fb7e98d5309331d50d42,50,Au-Cr-Cs-Dy,baseline,1,44,8
budget-final-made-97d1fb7e98d5309331d50d42,50,Au-Cr-Cs-Dy,baseline,1,45,9
budget-final-made-97d1fb7e98d5309331d50d42,50,Au-Cr-Cs-Dy,baseline,1,46,10
budget-final-made-97d1fb7e98d5309331d50d42,50,Au-Cr-Cs-Dy,baseline,1,47,11
budget-final-made-97d1fb7e98d5309331d50d42,50,Au-Cr-Cs-Dy,baseline,1,48,12
budget-final-made-97d1fb7e98d5309331d50d42,50,Au-Cr-Cs-Dy,baseline,1,49,13
budget-final-made-97d1fb7e98d5309331d50d42,50,Au-Cr-Cs-Dy,baseline,1,50,14
budget-final-made-8ca7d92576ad4c90ccffa3d0,50,Au-Cr-Cs-Dy,esopt_graph_risk,1,0,0
budget-final-made-8ca7d92576ad4c90ccffa3d0,50,Au-Cr-Cs-Dy,esopt_graph_risk,1,1,0
budget-final-made-8ca7d92576ad4c90ccffa3d0,50,Au-Cr-Cs-Dy,esopt_graph_risk,1,2,0
budget-final-made-8ca7d92576ad4c90ccffa3d0,50,Au-Cr-Cs-Dy,esopt_graph_risk,1,3,0
budget-final-made-8ca7d92576ad4c90ccffa3d0,50,Au-Cr-Cs-Dy,esopt_graph_risk,1,4,0
budget-final-made-8ca7d92576ad4c90ccffa3d0,50,Au-Cr-Cs-Dy,esopt_graph_risk,1,5,0
budget-final-made-8ca7d92576ad4c90ccffa3d0,50,Au-Cr-Cs-Dy,esopt_graph_risk,1,6,0
budget-final-made-8ca7d92576ad4c90ccffa3d0,50,Au-Cr-Cs-Dy,esopt_graph_risk,1,7,0
budget-final-made-8ca7d92576ad4c90ccffa3d0,50,Au-Cr-Cs-Dy,esopt_graph_risk,1,8,0
budget-final-made-8ca7d92576ad4c90ccffa3d0,50,Au-Cr-Cs-Dy,esopt_graph_risk,1,9,0
budget-final-made-8ca7d92576ad4c90ccffa3d0,50,Au-Cr-Cs-Dy,esopt_graph_risk,1,10,0
budget-final-made-8ca7d92576ad4c90ccffa3d0,50,Au-Cr-Cs-Dy,esopt_graph_risk,1,11,0
budget-final-made-8ca7d92576ad4c90ccffa3d0,50,Au-Cr-Cs-Dy,esopt_graph_risk,1,12,0
budget-final-made-8ca7d92576ad4c90ccffa3d0,50,Au-Cr-Cs-Dy,esopt_graph_risk,1,13,0
budget-final-made-8ca7d92576ad4c90ccffa3d0,50,Au-Cr-Cs-Dy,esopt_graph_risk,1,14,0
budget-final-made-8ca7d92576ad4c90ccffa3d0,50,Au-Cr-Cs-Dy,esopt_graph_risk,1,15,0
budget-final-made-8ca7d92576ad4c90ccffa3d0,50,Au-Cr-Cs-Dy,esopt_graph_risk,1,16,0
budget-final-made-8ca7d92576ad4c90ccffa3d0,50,Au-Cr-Cs-Dy,esopt_graph_risk,1,17,0
budget-final-made-8ca7d92576ad4c90ccffa3d0,50,Au-Cr-Cs-Dy,esopt_graph_risk,1,18,0
budget-final-made-8ca7d92576ad4c90ccffa3d0,50,Au-Cr-Cs-Dy,esopt_graph_risk,1,19,0
budget-final-made-8ca7d92576ad4c90ccffa3d0,50,Au-Cr-Cs-Dy,esopt_graph_risk,1,20,0
budget-final-made-8ca7d92576ad4c90ccffa3d0,50,Au-Cr-Cs-Dy,esopt_graph_risk,1,21,0
budget-final-made-8ca7d92576ad4c90ccffa3d0,50,Au-Cr-Cs-Dy,esopt_graph_risk,1,22,0
budget-final-made-8ca7d92576ad4c90ccffa3d0,50,Au-Cr-Cs-Dy,esopt_graph_risk,1,23,0
budget-final-made-8ca7d92576ad4c90ccffa3d0,50,Au-Cr-Cs-Dy,esopt_graph_risk,1,24,0
budget-final-made-8ca7d92576ad4c90ccffa3d0,50,Au-Cr-Cs-Dy,esopt_graph_risk,1,25,0
budget-final-made-8ca7d92576ad4c90ccffa3d0,50,Au-Cr-Cs-Dy,esopt_graph_risk,1,26,0
budget-final-made-8ca7d92576ad4c90ccffa3d0,50,Au-Cr-Cs-Dy,esopt_graph_risk,1,27,0
budget-final-made-8ca7d92576ad4c90ccffa3d0,50,Au-Cr-Cs-Dy,esopt_graph_risk,1,28,0
budget-final-made-8ca7d92576ad4c90ccffa3d0,50,Au-Cr-Cs-Dy,esopt_graph_risk,1,29,0
budget-final-made-8ca7d92576ad4c90ccffa3d0,50,Au-Cr-Cs-Dy,esopt_graph_risk,1,30,0
budget-final-made-8ca7d92576ad4c90ccffa3d0,50,Au-Cr-Cs-Dy,esopt_graph_risk,1,31,0
budget-final-made-8ca7d92576ad4c90ccffa3d0,50,Au-Cr-Cs-Dy,esopt_graph_risk,1,32,0
budget-final-made-8ca7d92576ad4c90ccffa3d0,50,Au-Cr-Cs-Dy,esopt_graph_risk,1,33,0
budget-final-made-8ca7d92576ad4c90ccffa3d0,50,Au-Cr-Cs-Dy,esopt_graph_risk,1,34,0
budget-final-made-8ca7d92576ad4c90ccffa3d0,50,Au-Cr-Cs-Dy,esopt_graph_risk,1,35,0
budget-final-made-8ca7d92576ad4c90ccffa3d0,50,Au-Cr-Cs-Dy,esopt_graph_risk,1,36,0
budget-final-made-8ca7d92576ad4c90ccffa3d0,50,Au-Cr-Cs-Dy,esopt_graph_risk,1,37,0
budget-final-made-8ca7d92576ad4c90ccffa3d0,50,Au-Cr-Cs-Dy,esopt_graph_risk,1,38,0
budget-final-made-8ca7d92576ad4c90ccffa3d0,50,Au-Cr-Cs-Dy,esopt_graph_risk,1,39,0
budget-final-made-8ca7d92576ad4c90ccffa3d0,50,Au-Cr-Cs-Dy,esopt_graph_risk,1,40,0
budget-final-made-8ca7d92576ad4c90ccffa3d0,50,Au-Cr-Cs-Dy,esopt_graph_risk,1,41,0
budget-final-made-8ca7d92576ad4c90ccffa3d0,50,Au-Cr-Cs-Dy,esopt_graph_risk,1,42,0
budget-final-made-8ca7d92576ad4c90ccffa3d0,50,Au-Cr-Cs-Dy,esopt_graph_risk,1,43,0
budget-final-made-8ca7d92576ad4c90ccffa3d0,50,Au-Cr-Cs-Dy,esopt_graph_risk,1,44,0
budget-final-made-8ca7d92576ad4c90ccffa3d0,50,Au-Cr-Cs-Dy,esopt_graph_risk,1,45,0
budget-final-made-8ca7d92576ad4c90ccffa3d0,50,Au-Cr-Cs-Dy,esopt_graph_risk,1,46,0
budget-final-made-8ca7d92576ad4c90ccffa3d0,50,Au-Cr-Cs-Dy,esopt_graph_risk,1,47,0
budget-final-made-8ca7d92576ad4c90ccffa3d0,50,Au-Cr-Cs-Dy,esopt_graph_risk,1,48,0
budget-final-made-8ca7d92576ad4c90ccffa3d0,50,Au-Cr-Cs-Dy,esopt_graph_risk,1,49,0
budget-final-made-8ca7d92576ad4c90ccffa3d0,50,Au-Cr-Cs-Dy,esopt_graph_risk,1,50,0
budget-final-made-bf45d389db6c5a3804655cb7,50,Au-K-Tb,baseline,1,0,0
budget-final-made-bf45d389db6c5a3804655cb7,50,Au-K-Tb,baseline,1,1,0
budget-final-made-bf45d389db6c5a3804655cb7,50,Au-K-Tb,baseline,1,2,0
budget-final-made-bf45d389db6c5a3804655cb7,50,Au-K-Tb,baseline,1,3,1
budget-final-made-bf45d389db6c5a3804655cb7,50,Au-K-Tb,baseline,1,4,1
budget-final-made-bf45d389db6c5a3804655cb7,50,Au-K-Tb,baseline,1,5,1
budget-final-made-bf45d389db6c5a3804655cb7,50,Au-K-Tb,baseline,1,6,1
budget-final-made-bf45d389db6c5a3804655cb7,50,Au-K-Tb,baseline,1,7,1
budget-final-made-bf45d389db6c5a3804655cb7,50,Au-K-Tb,baseline,1,8,1
budget-final-made-bf45d389db6c5a3804655cb7,50,Au-K-Tb,baseline,1,9,1
budget-final-made-bf45d389db6c5a3804655cb7,50,Au-K-Tb,baseline,1,10,1
budget-final-made-bf45d389db6c5a3804655cb7,50,Au-K-Tb,baseline,1,11,1
budget-final-made-bf45d389db6c5a3804655cb7,50,Au-K-Tb,baseline,1,12,1
budget-final-made-bf45d389db6c5a3804655cb7,50,Au-K-Tb,baseline,1,13,1
budget-final-made-bf45d389db6c5a3804655cb7,50,Au-K-Tb,baseline,1,14,1
budget-final-made-bf45d389db6c5a3804655cb7,50,Au-K-Tb,baseline,1,15,1
budget-final-made-bf45d389db6c5a3804655cb7,50,Au-K-Tb,baseline,1,16,1
budget-final-made-bf45d389db6c5a3804655cb7,50,Au-K-Tb,baseline,1,17,2
budget-final-made-bf45d389db6c5a3804655cb7,50,Au-K-Tb,baseline,1,18,2
budget-final-made-bf45d389db6c5a3804655cb7,50,Au-K-Tb,baseline,1,19,2
budget-final-made-bf45d389db6c5a3804655cb7,50,Au-K-Tb,baseline,1,20,2
budget-final-made-bf45d389db6c5a3804655cb7,50,Au-K-Tb,baseline,1,21,3
budget-final-made-bf45d389db6c5a3804655cb7,50,Au-K-Tb,baseline,1,22,3
budget-final-made-bf45d389db6c5a3804655cb7,50,Au-K-Tb,baseline,1,23,3
budget-final-made-bf45d389db6c5a3804655cb7,50,Au-K-Tb,baseline,1,24,3
budget-final-made-bf45d389db6c5a3804655cb7,50,Au-K-Tb,baseline,1,25,3
budget-final-made-bf45d389db6c5a3804655cb7,50,Au-K-Tb,baseline,1,26,3
budget-final-made-bf45d389db6c5a3804655cb7,50,Au-K-Tb,baseline,1,27,3
budget-final-made-bf45d389db6c5a3804655cb7,50,Au-K-Tb,baseline,1,28,3
budget-final-made-bf45d389db6c5a3804655cb7,50,Au-K-Tb,baseline,1,29,4
budget-final-made-bf45d389db6c5a3804655cb7,50,Au-K-Tb,baseline,1,30,4
budget-final-made-bf45d389db6c5a3804655cb7,50,Au-K-Tb,baseline,1,31,5
budget-final-made-bf45d389db6c5a3804655cb7,50,Au-K-Tb,baseline,1,32,5
budget-final-made-bf45d389db6c5a3804655cb7,50,Au-K-Tb,baseline,1,33,5
budget-final-made-bf45d389db6c5a3804655cb7,50,Au-K-Tb,baseline,1,34,5
budget-final-made-bf45d389db6c5a3804655cb7,50,Au-K-Tb,baseline,1,35,6
budget-final-made-bf45d389db6c5a3804655cb7,50,Au-K-Tb,baseline,1,36,7
budget-final-made-bf45d389db6c5a3804655cb7,50,Au-K-Tb,baseline,1,37,7
budget-final-made-bf45d389db6c5a3804655cb7,50,Au-K-Tb,baseline,1,38,7
budget-final-made-bf45d389db6c5a3804655cb7,50,Au-K-Tb,baseline,1,39,7
budget-final-made-bf45d389db6c5a3804655cb7,50,Au-K-Tb,baseline,1,40,7
budget-final-made-bf45d389db6c5a3804655cb7,50,Au-K-Tb,baseline,1,41,7
budget-final-made-bf45d389db6c5a3804655cb7,50,Au-K-Tb,baseline,1,42,7
budget-final-made-bf45d389db6c5a3804655cb7,50,Au-K-Tb,baseline,1,43,7
budget-final-made-bf45d389db6c5a3804655cb7,50,Au-K-Tb,baseline,1,44,7
budget-final-made-bf45d389db6c5a3804655cb7,50,Au-K-Tb,baseline,1,45,7
budget-final-made-bf45d389db6c5a3804655cb7,50,Au-K-Tb,baseline,1,46,7
budget-final-made-bf45d389db6c5a3804655cb7,50,Au-K-Tb,baseline,1,47,7
budget-final-made-bf45d389db6c5a3804655cb7,50,Au-K-Tb,baseline,1,48,7
budget-final-made-bf45d389db6c5a3804655cb7,50,Au-K-Tb,baseline,1,49,8
budget-final-made-bf45d389db6c5a3804655cb7,50,Au-K-Tb,baseline,1,50,8
budget-final-made-8c995b568fd183ae5f7c6b0a,50,Au-K-Tb,esopt_graph_risk,1,0,0
budget-final-made-8c995b568fd183ae5f7c6b0a,50,Au-K-Tb,esopt_graph_risk,1,1,0
budget-final-made-8c995b568fd183ae5f7c6b0a,50,Au-K-Tb,esopt_graph_risk,1,2,0
budget-final-made-8c995b568fd183ae5f7c6b0a,50,Au-K-Tb,esopt_graph_risk,1,3,0
budget-final-made-8c995b568fd183ae5f7c6b0a,50,Au-K-Tb,esopt_graph_risk,1,4,0
budget-final-made-8c995b568fd183ae5f7c6b0a,50,Au-K-Tb,esopt_graph_risk,1,5,0
budget-final-made-8c995b568fd183ae5f7c6b0a,50,Au-K-Tb,esopt_graph_risk,1,6,0
budget-final-made-8c995b568fd183ae5f7c6b0a,50,Au-K-Tb,esopt_graph_risk,1,7,0
budget-final-made-8c995b568fd183ae5f7c6b0a,50,Au-K-Tb,esopt_graph_risk,1,8,0
budget-final-made-8c995b568fd183ae5f7c6b0a,50,Au-K-Tb,esopt_graph_risk,1,9,0
budget-final-made-8c995b568fd183ae5f7c6b0a,50,Au-K-Tb,esopt_graph_risk,1,10,0
budget-final-made-8c995b568fd183ae5f7c6b0a,50,Au-K-Tb,esopt_graph_risk,1,11,0
budget-final-made-8c995b568fd183ae5f7c6b0a,50,Au-K-Tb,esopt_graph_risk,1,12,0
budget-final-made-8c995b568fd183ae5f7c6b0a,50,Au-K-Tb,esopt_graph_risk,1,13,0
budget-final-made-8c995b568fd183ae5f7c6b0a,50,Au-K-Tb,esopt_graph_risk,1,14,0
budget-final-made-8c995b568fd183ae5f7c6b0a,50,Au-K-Tb,esopt_graph_risk,1,15,0
budget-final-made-8c995b568fd183ae5f7c6b0a,50,Au-K-Tb,esopt_graph_risk,1,16,0
budget-final-made-8c995b568fd183ae5f7c6b0a,50,Au-K-Tb,esopt_graph_risk,1,17,0
budget-final-made-8c995b568fd183ae5f7c6b0a,50,Au-K-Tb,esopt_graph_risk,1,18,0
budget-final-made-8c995b568fd183ae5f7c6b0a,50,Au-K-Tb,esopt_graph_risk,1,19,0
budget-final-made-8c995b568fd183ae5f7c6b0a,50,Au-K-Tb,esopt_graph_risk,1,20,0
budget-final-made-8c995b568fd183ae5f7c6b0a,50,Au-K-Tb,esopt_graph_risk,1,21,0
budget-final-made-8c995b568fd183ae5f7c6b0a,50,Au-K-Tb,esopt_graph_risk,1,22,0
budget-final-made-8c995b568fd183ae5f7c6b0a,50,Au-K-Tb,esopt_graph_risk,1,23,0
budget-final-made-8c995b568fd183ae5f7c6b0a,50,Au-K-Tb,esopt_graph_risk,1,24,0
budget-final-made-8c995b568fd183ae5f7c6b0a,50,Au-K-Tb,esopt_graph_risk,1,25,0
budget-final-made-8c995b568fd183ae5f7c6b0a,50,Au-K-Tb,esopt_graph_risk,1,26,0
budget-final-made-8c995b568fd183ae5f7c6b0a,50,Au-K-Tb,esopt_graph_risk,1,27,0
budget-final-made-8c995b568fd183ae5f7c6b0a,50,Au-K-Tb,esopt_graph_risk,1,28,0
budget-final-made-8c995b568fd183ae5f7c6b0a,50,Au-K-Tb,esopt_graph_risk,1,29,0
budget-final-made-8c995b568fd183ae5f7c6b0a,50,Au-K-Tb,esopt_graph_risk,1,30,0
budget-final-made-8c995b568fd183ae5f7c6b0a,50,Au-K-Tb,esopt_graph_risk,1,31,0
budget-final-made-8c995b568fd183ae5f7c6b0a,50,Au-K-Tb,esopt_graph_risk,1,32,0
budget-final-made-8c995b568fd183ae5f7c6b0a,50,Au-K-Tb,esopt_graph_risk,1,33,0
budget-final-made-8c995b568fd183ae5f7c6b0a,50,Au-K-Tb,esopt_graph_risk,1,34,0
budget-final-made-8c995b568fd183ae5f7c6b0a,50,Au-K-Tb,esopt_graph_risk,1,35,0
budget-final-made-8c995b568fd183ae5f7c6b0a,50,Au-K-Tb,esopt_graph_risk,1,36,0
budget-final-made-8c995b568fd183ae5f7c6b0a,50,Au-K-Tb,esopt_graph_risk,1,37,1
budget-final-made-8c995b568fd183ae5f7c6b0a,50,Au-K-Tb,esopt_graph_risk,1,38,1
budget-final-made-8c995b568fd183ae5f7c6b0a,50,Au-K-Tb,esopt_graph_risk,1,39,1
budget-final-made-8c995b568fd183ae5f7c6b0a,50,Au-K-Tb,esopt_graph_risk,1,40,1
budget-final-made-8c995b568fd183ae5f7c6b0a,50,Au-K-Tb,esopt_graph_risk,1,41,1
budget-final-made-8c995b568fd183ae5f7c6b0a,50,Au-K-Tb,esopt_graph_risk,1,42,1
budget-final-made-8c995b568fd183ae5f7c6b0a,50,Au-K-Tb,esopt_graph_risk,1,43,1
budget-final-made-8c995b568fd183ae5f7c6b0a,50,Au-K-Tb,esopt_graph_risk,1,44,1
budget-final-made-8c995b568fd183ae5f7c6b0a,50,Au-K-Tb,esopt_graph_risk,1,45,1
budget-final-made-8c995b568fd183ae5f7c6b0a,50,Au-K-Tb,esopt_graph_risk,1,46,1
budget-final-made-8c995b568fd183ae5f7c6b0a,50,Au-K-Tb,esopt_graph_risk,1,47,2
budget-final-made-8c995b568fd183ae5f7c6b0a,50,Au-K-Tb,esopt_graph_risk,1,48,2
budget-final-made-8c995b568fd183ae5f7c6b0a,50,Au-K-Tb,esopt_graph_risk,1,49,2
budget-final-made-8c995b568fd183ae5f7c6b0a,50,Au-K-Tb,esopt_graph_risk,1,50,2
budget-final-made-99ac8ae0e79f60c5b9a3d6ac,50,Au-Tb-V-Y,baseline,1,0,0
budget-final-made-99ac8ae0e79f60c5b9a3d6ac,50,Au-Tb-V-Y,baseline,1,1,0
budget-final-made-99ac8ae0e79f60c5b9a3d6ac,50,Au-Tb-V-Y,baseline,1,2,0
budget-final-made-99ac8ae0e79f60c5b9a3d6ac,50,Au-Tb-V-Y,baseline,1,3,0
budget-final-made-99ac8ae0e79f60c5b9a3d6ac,50,Au-Tb-V-Y,baseline,1,4,0
budget-final-made-99ac8ae0e79f60c5b9a3d6ac,50,Au-Tb-V-Y,baseline,1,5,0
budget-final-made-99ac8ae0e79f60c5b9a3d6ac,50,Au-Tb-V-Y,baseline,1,6,0
budget-final-made-99ac8ae0e79f60c5b9a3d6ac,50,Au-Tb-V-Y,baseline,1,7,0
budget-final-made-99ac8ae0e79f60c5b9a3d6ac,50,Au-Tb-V-Y,baseline,1,8,0
budget-final-made-99ac8ae0e79f60c5b9a3d6ac,50,Au-Tb-V-Y,baseline,1,9,0
budget-final-made-99ac8ae0e79f60c5b9a3d6ac,50,Au-Tb-V-Y,baseline,1,10,0
budget-final-made-99ac8ae0e79f60c5b9a3d6ac,50,Au-Tb-V-Y,baseline,1,11,0
budget-final-made-99ac8ae0e79f60c5b9a3d6ac,50,Au-Tb-V-Y,baseline,1,12,0
budget-final-made-99ac8ae0e79f60c5b9a3d6ac,50,Au-Tb-V-Y,baseline,1,13,0
budget-final-made-99ac8ae0e79f60c5b9a3d6ac,50,Au-Tb-V-Y,baseline,1,14,0
budget-final-made-99ac8ae0e79f60c5b9a3d6ac,50,Au-Tb-V-Y,baseline,1,15,0
budget-final-made-99ac8ae0e79f60c5b9a3d6ac,50,Au-Tb-V-Y,baseline,1,16,0
budget-final-made-99ac8ae0e79f60c5b9a3d6ac,50,Au-Tb-V-Y,baseline,1,17,0
budget-final-made-99ac8ae0e79f60c5b9a3d6ac,50,Au-Tb-V-Y,baseline,1,18,0
budget-final-made-99ac8ae0e79f60c5b9a3d6ac,50,Au-Tb-V-Y,baseline,1,19,0
budget-final-made-99ac8ae0e79f60c5b9a3d6ac,50,Au-Tb-V-Y,baseline,1,20,0
budget-final-made-99ac8ae0e79f60c5b9a3d6ac,50,Au-Tb-V-Y,baseline,1,21,0
budget-final-made-99ac8ae0e79f60c5b9a3d6ac,50,Au-Tb-V-Y,baseline,1,22,0
budget-final-made-99ac8ae0e79f60c5b9a3d6ac,50,Au-Tb-V-Y,baseline,1,23,0
budget-final-made-99ac8ae0e79f60c5b9a3d6ac,50,Au-Tb-V-Y,baseline,1,24,0
budget-final-made-99ac8ae0e79f60c5b9a3d6ac,50,Au-Tb-V-Y,baseline,1,25,0
budget-final-made-99ac8ae0e79f60c5b9a3d6ac,50,Au-Tb-V-Y,baseline,1,26,0
budget-final-made-99ac8ae0e79f60c5b9a3d6ac,50,Au-Tb-V-Y,baseline,1,27,0
budget-final-made-99ac8ae0e79f60c5b9a3d6ac,50,Au-Tb-V-Y,baseline,1,28,0
budget-final-made-99ac8ae0e79f60c5b9a3d6ac,50,Au-Tb-V-Y,baseline,1,29,0
budget-final-made-99ac8ae0e79f60c5b9a3d6ac,50,Au-Tb-V-Y,baseline,1,30,0
budget-final-made-99ac8ae0e79f60c5b9a3d6ac,50,Au-Tb-V-Y,baseline,1,31,0
budget-final-made-99ac8ae0e79f60c5b9a3d6ac,50,Au-Tb-V-Y,baseline,1,32,0
budget-final-made-99ac8ae0e79f60c5b9a3d6ac,50,Au-Tb-V-Y,baseline,1,33,0
budget-final-made-99ac8ae0e79f60c5b9a3d6ac,50,Au-Tb-V-Y,baseline,1,34,0
budget-final-made-99ac8ae0e79f60c5b9a3d6ac,50,Au-Tb-V-Y,baseline,1,35,0
budget-final-made-99ac8ae0e79f60c5b9a3d6ac,50,Au-Tb-V-Y,baseline,1,36,0
budget-final-made-99ac8ae0e79f60c5b9a3d6ac,50,Au-Tb-V-Y,baseline,1,37,0
budget-final-made-99ac8ae0e79f60c5b9a3d6ac,50,Au-Tb-V-Y,baseline,1,38,0
budget-final-made-99ac8ae0e79f60c5b9a3d6ac,50,Au-Tb-V-Y,baseline,1,39,0
budget-final-made-99ac8ae0e79f60c5b9a3d6ac,50,Au-Tb-V-Y,baseline,1,40,0
budget-final-made-99ac8ae0e79f60c5b9a3d6ac,50,Au-Tb-V-Y,baseline,1,41,0
budget-final-made-99ac8ae0e79f60c5b9a3d6ac,50,Au-Tb-V-Y,baseline,1,42,0
budget-final-made-99ac8ae0e79f60c5b9a3d6ac,50,Au-Tb-V-Y,baseline,1,43,0
budget-final-made-99ac8ae0e79f60c5b9a3d6ac,50,Au-Tb-V-Y,baseline,1,44,0
budget-final-made-99ac8ae0e79f60c5b9a3d6ac,50,Au-Tb-V-Y,baseline,1,45,0
budget-final-made-99ac8ae0e79f60c5b9a3d6ac,50,Au-Tb-V-Y,baseline,1,46,0
budget-final-made-99ac8ae0e79f60c5b9a3d6ac,50,Au-Tb-V-Y,baseline,1,47,0
budget-final-made-99ac8ae0e79f60c5b9a3d6ac,50,Au-Tb-V-Y,baseline,1,48,0
budget-final-made-99ac8ae0e79f60c5b9a3d6ac,50,Au-Tb-V-Y,baseline,1,49,0
budget-final-made-99ac8ae0e79f60c5b9a3d6ac,50,Au-Tb-V-Y,baseline,1,50,0
budget-final-made-371f12d508cc3c279aba7dd8,50,Au-Tb-V-Y,esopt_graph_risk,1,0,0
budget-final-made-371f12d508cc3c279aba7dd8,50,Au-Tb-V-Y,esopt_graph_risk,1,1,0
budget-final-made-371f12d508cc3c279aba7dd8,50,Au-Tb-V-Y,esopt_graph_risk,1,2,0
budget-final-made-371f12d508cc3c279aba7dd8,50,Au-Tb-V-Y,esopt_graph_risk,1,3,0
budget-final-made-371f12d508cc3c279aba7dd8,50,Au-Tb-V-Y,esopt_graph_risk,1,4,0
budget-final-made-371f12d508cc3c279aba7dd8,50,Au-Tb-V-Y,esopt_graph_risk,1,5,0
budget-final-made-371f12d508cc3c279aba7dd8,50,Au-Tb-V-Y,esopt_graph_risk,1,6,0
budget-final-made-371f12d508cc3c279aba7dd8,50,Au-Tb-V-Y,esopt_graph_risk,1,7,0
budget-final-made-371f12d508cc3c279aba7dd8,50,Au-Tb-V-Y,esopt_graph_risk,1,8,0
budget-final-made-371f12d508cc3c279aba7dd8,50,Au-Tb-V-Y,esopt_graph_risk,1,9,0
budget-final-made-371f12d508cc3c279aba7dd8,50,Au-Tb-V-Y,esopt_graph_risk,1,10,0
budget-final-made-371f12d508cc3c279aba7dd8,50,Au-Tb-V-Y,esopt_graph_risk,1,11,0
budget-final-made-371f12d508cc3c279aba7dd8,50,Au-Tb-V-Y,esopt_graph_risk,1,12,0
budget-final-made-371f12d508cc3c279aba7dd8,50,Au-Tb-V-Y,esopt_graph_risk,1,13,0
budget-final-made-371f12d508cc3c279aba7dd8,50,Au-Tb-V-Y,esopt_graph_risk,1,14,0
budget-final-made-371f12d508cc3c279aba7dd8,50,Au-Tb-V-Y,esopt_graph_risk,1,15,0
budget-final-made-371f12d508cc3c279aba7dd8,50,Au-Tb-V-Y,esopt_graph_risk,1,16,0
budget-final-made-371f12d508cc3c279aba7dd8,50,Au-Tb-V-Y,esopt_graph_risk,1,17,0
budget-final-made-371f12d508cc3c279aba7dd8,50,Au-Tb-V-Y,esopt_graph_risk,1,18,0
budget-final-made-371f12d508cc3c279aba7dd8,50,Au-Tb-V-Y,esopt_graph_risk,1,19,0
budget-final-made-371f12d508cc3c279aba7dd8,50,Au-Tb-V-Y,esopt_graph_risk,1,20,0
budget-final-made-371f12d508cc3c279aba7dd8,50,Au-Tb-V-Y,esopt_graph_risk,1,21,0
budget-final-made-371f12d508cc3c279aba7dd8,50,Au-Tb-V-Y,esopt_graph_risk,1,22,0
budget-final-made-371f12d508cc3c279aba7dd8,50,Au-Tb-V-Y,esopt_graph_risk,1,23,0
budget-final-made-371f12d508cc3c279aba7dd8,50,Au-Tb-V-Y,esopt_graph_risk,1,24,0
budget-final-made-371f12d508cc3c279aba7dd8,50,Au-Tb-V-Y,esopt_graph_risk,1,25,0
budget-final-made-371f12d508cc3c279aba7dd8,50,Au-Tb-V-Y,esopt_graph_risk,1,26,0
budget-final-made-371f12d508cc3c279aba7dd8,50,Au-Tb-V-Y,esopt_graph_risk,1,27,0
budget-final-made-371f12d508cc3c279aba7dd8,50,Au-Tb-V-Y,esopt_graph_risk,1,28,0
budget-final-made-371f12d508cc3c279aba7dd8,50,Au-Tb-V-Y,esopt_graph_risk,1,29,0
budget-final-made-371f12d508cc3c279aba7dd8,50,Au-Tb-V-Y,esopt_graph_risk,1,30,0
budget-final-made-371f12d508cc3c279aba7dd8,50,Au-Tb-V-Y,esopt_graph_risk,1,31,0
budget-final-made-371f12d508cc3c279aba7dd8,50,Au-Tb-V-Y,esopt_graph_risk,1,32,0
budget-final-made-371f12d508cc3c279aba7dd8,50,Au-Tb-V-Y,esopt_graph_risk,1,33,0
budget-final-made-371f12d508cc3c279aba7dd8,50,Au-Tb-V-Y,esopt_graph_risk,1,34,0
budget-final-made-371f12d508cc3c279aba7dd8,50,Au-Tb-V-Y,esopt_graph_risk,1,35,0
budget-final-made-371f12d508cc3c279aba7dd8,50,Au-Tb-V-Y,esopt_graph_risk,1,36,0
budget-final-made-371f12d508cc3c279aba7dd8,50,Au-Tb-V-Y,esopt_graph_risk,1,37,0
budget-final-made-371f12d508cc3c279aba7dd8,50,Au-Tb-V-Y,esopt_graph_risk,1,38,0
budget-final-made-371f12d508cc3c279aba7dd8,50,Au-Tb-V-Y,esopt_graph_risk,1,39,0
budget-final-made-371f12d508cc3c279aba7dd8,50,Au-Tb-V-Y,esopt_graph_risk,1,40,0
budget-final-made-371f12d508cc3c279aba7dd8,50,Au-Tb-V-Y,esopt_graph_risk,1,41,0
budget-final-made-371f12d508cc3c279aba7dd8,50,Au-Tb-V-Y,esopt_graph_risk,1,42,0
budget-final-made-371f12d508cc3c279aba7dd8,50,Au-Tb-V-Y,esopt_graph_risk,1,43,0
budget-final-made-371f12d508cc3c279aba7dd8,50,Au-Tb-V-Y,esopt_graph_risk,1,44,0
budget-final-made-371f12d508cc3c279aba7dd8,50,Au-Tb-V-Y,esopt_graph_risk,1,45,0
budget-final-made-371f12d508cc3c279aba7dd8,50,Au-Tb-V-Y,esopt_graph_risk,1,46,0
budget-final-made-371f12d508cc3c279aba7dd8,50,Au-Tb-V-Y,esopt_graph_risk,1,47,0
budget-final-made-371f12d508cc3c279aba7dd8,50,Au-Tb-V-Y,esopt_graph_risk,1,48,0
budget-final-made-371f12d508cc3c279aba7dd8,50,Au-Tb-V-Y,esopt_graph_risk,1,49,0
budget-final-made-371f12d508cc3c279aba7dd8,50,Au-Tb-V-Y,esopt_graph_risk,1,50,0
budget-final-made-b21b1bfa763e702ada5d4f06,50,Ba-Be-Hf-Li,baseline,1,0,0
budget-final-made-b21b1bfa763e702ada5d4f06,50,Ba-Be-Hf-Li,baseline,1,1,0
budget-final-made-b21b1bfa763e702ada5d4f06,50,Ba-Be-Hf-Li,baseline,1,2,0
budget-final-made-b21b1bfa763e702ada5d4f06,50,Ba-Be-Hf-Li,baseline,1,3,0
budget-final-made-b21b1bfa763e702ada5d4f06,50,Ba-Be-Hf-Li,baseline,1,4,0
budget-final-made-b21b1bfa763e702ada5d4f06,50,Ba-Be-Hf-Li,baseline,1,5,0
budget-final-made-b21b1bfa763e702ada5d4f06,50,Ba-Be-Hf-Li,baseline,1,6,0
budget-final-made-b21b1bfa763e702ada5d4f06,50,Ba-Be-Hf-Li,baseline,1,7,0
budget-final-made-b21b1bfa763e702ada5d4f06,50,Ba-Be-Hf-Li,baseline,1,8,0
budget-final-made-b21b1bfa763e702ada5d4f06,50,Ba-Be-Hf-Li,baseline,1,9,0
budget-final-made-b21b1bfa763e702ada5d4f06,50,Ba-Be-Hf-Li,baseline,1,10,0
budget-final-made-b21b1bfa763e702ada5d4f06,50,Ba-Be-Hf-Li,baseline,1,11,0
budget-final-made-b21b1bfa763e702ada5d4f06,50,Ba-Be-Hf-Li,baseline,1,12,0
budget-final-made-b21b1bfa763e702ada5d4f06,50,Ba-Be-Hf-Li,baseline,1,13,0
budget-final-made-b21b1bfa763e702ada5d4f06,50,Ba-Be-Hf-Li,baseline,1,14,0
budget-final-made-b21b1bfa763e702ada5d4f06,50,Ba-Be-Hf-Li,baseline,1,15,0
budget-final-made-b21b1bfa763e702ada5d4f06,50,Ba-Be-Hf-Li,baseline,1,16,0
budget-final-made-b21b1bfa763e702ada5d4f06,50,Ba-Be-Hf-Li,baseline,1,17,0
budget-final-made-b21b1bfa763e702ada5d4f06,50,Ba-Be-Hf-Li,baseline,1,18,0
budget-final-made-b21b1bfa763e702ada5d4f06,50,Ba-Be-Hf-Li,baseline,1,19,0
budget-final-made-b21b1bfa763e702ada5d4f06,50,Ba-Be-Hf-Li,baseline,1,20,0
budget-final-made-b21b1bfa763e702ada5d4f06,50,Ba-Be-Hf-Li,baseline,1,21,0
budget-final-made-b21b1bfa763e702ada5d4f06,50,Ba-Be-Hf-Li,baseline,1,22,0
budget-final-made-b21b1bfa763e702ada5d4f06,50,Ba-Be-Hf-Li,baseline,1,23,0
budget-final-made-b21b1bfa763e702ada5d4f06,50,Ba-Be-Hf-Li,baseline,1,24,0
budget-final-made-b21b1bfa763e702ada5d4f06,50,Ba-Be-Hf-Li,baseline,1,25,0
budget-final-made-b21b1bfa763e702ada5d4f06,50,Ba-Be-Hf-Li,baseline,1,26,0
budget-final-made-b21b1bfa763e702ada5d4f06,50,Ba-Be-Hf-Li,baseline,1,27,0
budget-final-made-b21b1bfa763e702ada5d4f06,50,Ba-Be-Hf-Li,baseline,1,28,0
budget-final-made-b21b1bfa763e702ada5d4f06,50,Ba-Be-Hf-Li,baseline,1,29,0
budget-final-made-b21b1bfa763e702ada5d4f06,50,Ba-Be-Hf-Li,baseline,1,30,0
budget-final-made-b21b1bfa763e702ada5d4f06,50,Ba-Be-Hf-Li,baseline,1,31,0
budget-final-made-b21b1bfa763e702ada5d4f06,50,Ba-Be-Hf-Li,baseline,1,32,0
budget-final-made-b21b1bfa763e702ada5d4f06,50,Ba-Be-Hf-Li,baseline,1,33,0
budget-final-made-b21b1bfa763e702ada5d4f06,50,Ba-Be-Hf-Li,baseline,1,34,0
budget-final-made-b21b1bfa763e702ada5d4f06,50,Ba-Be-Hf-Li,baseline,1,35,0
budget-final-made-b21b1bfa763e702ada5d4f06,50,Ba-Be-Hf-Li,baseline,1,36,0
budget-final-made-b21b1bfa763e702ada5d4f06,50,Ba-Be-Hf-Li,baseline,1,37,0
budget-final-made-b21b1bfa763e702ada5d4f06,50,Ba-Be-Hf-Li,baseline,1,38,0
budget-final-made-b21b1bfa763e702ada5d4f06,50,Ba-Be-Hf-Li,baseline,1,39,0
budget-final-made-b21b1bfa763e702ada5d4f06,50,Ba-Be-Hf-Li,baseline,1,40,0
budget-final-made-b21b1bfa763e702ada5d4f06,50,Ba-Be-Hf-Li,baseline,1,41,0
budget-final-made-b21b1bfa763e702ada5d4f06,50,Ba-Be-Hf-Li,baseline,1,42,0
budget-final-made-b21b1bfa763e702ada5d4f06,50,Ba-Be-Hf-Li,baseline,1,43,0
budget-final-made-b21b1bfa763e702ada5d4f06,50,Ba-Be-Hf-Li,baseline,1,44,0
budget-final-made-b21b1bfa763e702ada5d4f06,50,Ba-Be-Hf-Li,baseline,1,45,0
budget-final-made-b21b1bfa763e702ada5d4f06,50,Ba-Be-Hf-Li,baseline,1,46,0
budget-final-made-b21b1bfa763e702ada5d4f06,50,Ba-Be-Hf-Li,baseline,1,47,0
budget-final-made-b21b1bfa763e702ada5d4f06,50,Ba-Be-Hf-Li,baseline,1,48,0
budget-final-made-b21b1bfa763e702ada5d4f06,50,Ba-Be-Hf-Li,baseline,1,49,0
budget-final-made-b21b1bfa763e702ada5d4f06,50,Ba-Be-Hf-Li,baseline,1,50,0
budget-final-made-0a553a8fca3b3c1b6a1c0a7a,50,Ba-Be-Hf-Li,esopt_graph_risk,1,0,0
budget-final-made-0a553a8fca3b3c1b6a1c0a7a,50,Ba-Be-Hf-Li,esopt_graph_risk,1,1,0
budget-final-made-0a553a8fca3b3c1b6a1c0a7a,50,Ba-Be-Hf-Li,esopt_graph_risk,1,2,0
budget-final-made-0a553a8fca3b3c1b6a1c0a7a,50,Ba-Be-Hf-Li,esopt_graph_risk,1,3,0
budget-final-made-0a553a8fca3b3c1b6a1c0a7a,50,Ba-Be-Hf-Li,esopt_graph_risk,1,4,0
budget-final-made-0a553a8fca3b3c1b6a1c0a7a,50,Ba-Be-Hf-Li,esopt_graph_risk,1,5,0
budget-final-made-0a553a8fca3b3c1b6a1c0a7a,50,Ba-Be-Hf-Li,esopt_graph_risk,1,6,0
budget-final-made-0a553a8fca3b3c1b6a1c0a7a,50,Ba-Be-Hf-Li,esopt_graph_risk,1,7,0
budget-final-made-0a553a8fca3b3c1b6a1c0a7a,50,Ba-Be-Hf-Li,esopt_graph_risk,1,8,0
budget-final-made-0a553a8fca3b3c1b6a1c0a7a,50,Ba-Be-Hf-Li,esopt_graph_risk,1,9,0
budget-final-made-0a553a8fca3b3c1b6a1c0a7a,50,Ba-Be-Hf-Li,esopt_graph_risk,1,10,0
budget-final-made-0a553a8fca3b3c1b6a1c0a7a,50,Ba-Be-Hf-Li,esopt_graph_risk,1,11,0
budget-final-made-0a553a8fca3b3c1b6a1c0a7a,50,Ba-Be-Hf-Li,esopt_graph_risk,1,12,0
budget-final-made-0a553a8fca3b3c1b6a1c0a7a,50,Ba-Be-Hf-Li,esopt_graph_risk,1,13,0
budget-final-made-0a553a8fca3b3c1b6a1c0a7a,50,Ba-Be-Hf-Li,esopt_graph_risk,1,14,0
budget-final-made-0a553a8fca3b3c1b6a1c0a7a,50,Ba-Be-Hf-Li,esopt_graph_risk,1,15,0
budget-final-made-0a553a8fca3b3c1b6a1c0a7a,50,Ba-Be-Hf-Li,esopt_graph_risk,1,16,0
budget-final-made-0a553a8fca3b3c1b6a1c0a7a,50,Ba-Be-Hf-Li,esopt_graph_risk,1,17,0
budget-final-made-0a553a8fca3b3c1b6a1c0a7a,50,Ba-Be-Hf-Li,esopt_graph_risk,1,18,0
budget-final-made-0a553a8fca3b3c1b6a1c0a7a,50,Ba-Be-Hf-Li,esopt_graph_risk,1,19,0
budget-final-made-0a553a8fca3b3c1b6a1c0a7a,50,Ba-Be-Hf-Li,esopt_graph_risk,1,20,0
budget-final-made-0a553a8fca3b3c1b6a1c0a7a,50,Ba-Be-Hf-Li,esopt_graph_risk,1,21,0
budget-final-made-0a553a8fca3b3c1b6a1c0a7a,50,Ba-Be-Hf-Li,esopt_graph_risk,1,22,0
budget-final-made-0a553a8fca3b3c1b6a1c0a7a,50,Ba-Be-Hf-Li,esopt_graph_risk,1,23,0
budget-final-made-0a553a8fca3b3c1b6a1c0a7a,50,Ba-Be-Hf-Li,esopt_graph_risk,1,24,0
budget-final-made-0a553a8fca3b3c1b6a1c0a7a,50,Ba-Be-Hf-Li,esopt_graph_risk,1,25,0
budget-final-made-0a553a8fca3b3c1b6a1c0a7a,50,Ba-Be-Hf-Li,esopt_graph_risk,1,26,0
budget-final-made-0a553a8fca3b3c1b6a1c0a7a,50,Ba-Be-Hf-Li,esopt_graph_risk,1,27,0
budget-final-made-0a553a8fca3b3c1b6a1c0a7a,50,Ba-Be-Hf-Li,esopt_graph_risk,1,28,0
budget-final-made-0a553a8fca3b3c1b6a1c0a7a,50,Ba-Be-Hf-Li,esopt_graph_risk,1,29,0
budget-final-made-0a553a8fca3b3c1b6a1c0a7a,50,Ba-Be-Hf-Li,esopt_graph_risk,1,30,0
budget-final-made-0a553a8fca3b3c1b6a1c0a7a,50,Ba-Be-Hf-Li,esopt_graph_risk,1,31,0
budget-final-made-0a553a8fca3b3c1b6a1c0a7a,50,Ba-Be-Hf-Li,esopt_graph_risk,1,32,0
budget-final-made-0a553a8fca3b3c1b6a1c0a7a,50,Ba-Be-Hf-Li,esopt_graph_risk,1,33,0
budget-final-made-0a553a8fca3b3c1b6a1c0a7a,50,Ba-Be-Hf-Li,esopt_graph_risk,1,34,0
budget-final-made-0a553a8fca3b3c1b6a1c0a7a,50,Ba-Be-Hf-Li,esopt_graph_risk,1,35,0
budget-final-made-0a553a8fca3b3c1b6a1c0a7a,50,Ba-Be-Hf-Li,esopt_graph_risk,1,36,0
budget-final-made-0a553a8fca3b3c1b6a1c0a7a,50,Ba-Be-Hf-Li,esopt_graph_risk,1,37,0
budget-final-made-0a553a8fca3b3c1b6a1c0a7a,50,Ba-Be-Hf-Li,esopt_graph_risk,1,38,0
budget-final-made-0a553a8fca3b3c1b6a1c0a7a,50,Ba-Be-Hf-Li,esopt_graph_risk,1,39,0
budget-final-made-0a553a8fca3b3c1b6a1c0a7a,50,Ba-Be-Hf-Li,esopt_graph_risk,1,40,0
budget-final-made-0a553a8fca3b3c1b6a1c0a7a,50,Ba-Be-Hf-Li,esopt_graph_risk,1,41,0
budget-final-made-0a553a8fca3b3c1b6a1c0a7a,50,Ba-Be-Hf-Li,esopt_graph_risk,1,42,0
budget-final-made-0a553a8fca3b3c1b6a1c0a7a,50,Ba-Be-Hf-Li,esopt_graph_risk,1,43,0
budget-final-made-0a553a8fca3b3c1b6a1c0a7a,50,Ba-Be-Hf-Li,esopt_graph_risk,1,44,0
budget-final-made-0a553a8fca3b3c1b6a1c0a7a,50,Ba-Be-Hf-Li,esopt_graph_risk,1,45,0
budget-final-made-0a553a8fca3b3c1b6a1c0a7a,50,Ba-Be-Hf-Li,esopt_graph_risk,1,46,0
budget-final-made-0a553a8fca3b3c1b6a1c0a7a,50,Ba-Be-Hf-Li,esopt_graph_risk,1,47,0
budget-final-made-0a553a8fca3b3c1b6a1c0a7a,50,Ba-Be-Hf-Li,esopt_graph_risk,1,48,0
budget-final-made-0a553a8fca3b3c1b6a1c0a7a,50,Ba-Be-Hf-Li,esopt_graph_risk,1,49,0
budget-final-made-0a553a8fca3b3c1b6a1c0a7a,50,Ba-Be-Hf-Li,esopt_graph_risk,1,50,0
budget-final-made-27b340ac02680a520001fad4,50,Ba-Nd-Ni-W,baseline,1,0,0
budget-final-made-27b340ac02680a520001fad4,50,Ba-Nd-Ni-W,baseline,1,1,0
budget-final-made-27b340ac02680a520001fad4,50,Ba-Nd-Ni-W,baseline,1,2,0
budget-final-made-27b340ac02680a520001fad4,50,Ba-Nd-Ni-W,baseline,1,3,0
budget-final-made-27b340ac02680a520001fad4,50,Ba-Nd-Ni-W,baseline,1,4,0
budget-final-made-27b340ac02680a520001fad4,50,Ba-Nd-Ni-W,baseline,1,5,0
budget-final-made-27b340ac02680a520001fad4,50,Ba-Nd-Ni-W,baseline,1,6,0
budget-final-made-27b340ac02680a520001fad4,50,Ba-Nd-Ni-W,baseline,1,7,0
budget-final-made-27b340ac02680a520001fad4,50,Ba-Nd-Ni-W,baseline,1,8,0
budget-final-made-27b340ac02680a520001fad4,50,Ba-Nd-Ni-W,baseline,1,9,0
budget-final-made-27b340ac02680a520001fad4,50,Ba-Nd-Ni-W,baseline,1,10,0
budget-final-made-27b340ac02680a520001fad4,50,Ba-Nd-Ni-W,baseline,1,11,0
budget-final-made-27b340ac02680a520001fad4,50,Ba-Nd-Ni-W,baseline,1,12,0
budget-final-made-27b340ac02680a520001fad4,50,Ba-Nd-Ni-W,baseline,1,13,0
budget-final-made-27b340ac02680a520001fad4,50,Ba-Nd-Ni-W,baseline,1,14,0
budget-final-made-27b340ac02680a520001fad4,50,Ba-Nd-Ni-W,baseline,1,15,0
budget-final-made-27b340ac02680a520001fad4,50,Ba-Nd-Ni-W,baseline,1,16,0
budget-final-made-27b340ac02680a520001fad4,50,Ba-Nd-Ni-W,baseline,1,17,0
budget-final-made-27b340ac02680a520001fad4,50,Ba-Nd-Ni-W,baseline,1,18,0
budget-final-made-27b340ac02680a520001fad4,50,Ba-Nd-Ni-W,baseline,1,19,0
budget-final-made-27b340ac02680a520001fad4,50,Ba-Nd-Ni-W,baseline,1,20,0
budget-final-made-27b340ac02680a520001fad4,50,Ba-Nd-Ni-W,baseline,1,21,0
budget-final-made-27b340ac02680a520001fad4,50,Ba-Nd-Ni-W,baseline,1,22,0
budget-final-made-27b340ac02680a520001fad4,50,Ba-Nd-Ni-W,baseline,1,23,0
budget-final-made-27b340ac02680a520001fad4,50,Ba-Nd-Ni-W,baseline,1,24,0
budget-final-made-27b340ac02680a520001fad4,50,Ba-Nd-Ni-W,baseline,1,25,0
budget-final-made-27b340ac02680a520001fad4,50,Ba-Nd-Ni-W,baseline,1,26,0
budget-final-made-27b340ac02680a520001fad4,50,Ba-Nd-Ni-W,baseline,1,27,0
budget-final-made-27b340ac02680a520001fad4,50,Ba-Nd-Ni-W,baseline,1,28,0
budget-final-made-27b340ac02680a520001fad4,50,Ba-Nd-Ni-W,baseline,1,29,0
budget-final-made-27b340ac02680a520001fad4,50,Ba-Nd-Ni-W,baseline,1,30,0
budget-final-made-27b340ac02680a520001fad4,50,Ba-Nd-Ni-W,baseline,1,31,0
budget-final-made-27b340ac02680a520001fad4,50,Ba-Nd-Ni-W,baseline,1,32,0
budget-final-made-27b340ac02680a520001fad4,50,Ba-Nd-Ni-W,baseline,1,33,0
budget-final-made-27b340ac02680a520001fad4,50,Ba-Nd-Ni-W,baseline,1,34,0
budget-final-made-27b340ac02680a520001fad4,50,Ba-Nd-Ni-W,baseline,1,35,0
budget-final-made-27b340ac02680a520001fad4,50,Ba-Nd-Ni-W,baseline,1,36,0
budget-final-made-27b340ac02680a520001fad4,50,Ba-Nd-Ni-W,baseline,1,37,0
budget-final-made-27b340ac02680a520001fad4,50,Ba-Nd-Ni-W,baseline,1,38,0
budget-final-made-27b340ac02680a520001fad4,50,Ba-Nd-Ni-W,baseline,1,39,0
budget-final-made-27b340ac02680a520001fad4,50,Ba-Nd-Ni-W,baseline,1,40,0
budget-final-made-27b340ac02680a520001fad4,50,Ba-Nd-Ni-W,baseline,1,41,0
budget-final-made-27b340ac02680a520001fad4,50,Ba-Nd-Ni-W,baseline,1,42,0
budget-final-made-27b340ac02680a520001fad4,50,Ba-Nd-Ni-W,baseline,1,43,0
budget-final-made-27b340ac02680a520001fad4,50,Ba-Nd-Ni-W,baseline,1,44,0
budget-final-made-27b340ac02680a520001fad4,50,Ba-Nd-Ni-W,baseline,1,45,0
budget-final-made-27b340ac02680a520001fad4,50,Ba-Nd-Ni-W,baseline,1,46,0
budget-final-made-27b340ac02680a520001fad4,50,Ba-Nd-Ni-W,baseline,1,47,0
budget-final-made-27b340ac02680a520001fad4,50,Ba-Nd-Ni-W,baseline,1,48,0
budget-final-made-27b340ac02680a520001fad4,50,Ba-Nd-Ni-W,baseline,1,49,0
budget-final-made-27b340ac02680a520001fad4,50,Ba-Nd-Ni-W,baseline,1,50,0
budget-final-made-361749a605a9c1595ba3e5a1,50,Ba-Nd-Ni-W,esopt_graph_risk,1,0,0
budget-final-made-361749a605a9c1595ba3e5a1,50,Ba-Nd-Ni-W,esopt_graph_risk,1,1,0
budget-final-made-361749a605a9c1595ba3e5a1,50,Ba-Nd-Ni-W,esopt_graph_risk,1,2,0
budget-final-made-361749a605a9c1595ba3e5a1,50,Ba-Nd-Ni-W,esopt_graph_risk,1,3,0
budget-final-made-361749a605a9c1595ba3e5a1,50,Ba-Nd-Ni-W,esopt_graph_risk,1,4,0
budget-final-made-361749a605a9c1595ba3e5a1,50,Ba-Nd-Ni-W,esopt_graph_risk,1,5,0
budget-final-made-361749a605a9c1595ba3e5a1,50,Ba-Nd-Ni-W,esopt_graph_risk,1,6,0
budget-final-made-361749a605a9c1595ba3e5a1,50,Ba-Nd-Ni-W,esopt_graph_risk,1,7,0
budget-final-made-361749a605a9c1595ba3e5a1,50,Ba-Nd-Ni-W,esopt_graph_risk,1,8,0
budget-final-made-361749a605a9c1595ba3e5a1,50,Ba-Nd-Ni-W,esopt_graph_risk,1,9,0
budget-final-made-361749a605a9c1595ba3e5a1,50,Ba-Nd-Ni-W,esopt_graph_risk,1,10,0
budget-final-made-361749a605a9c1595ba3e5a1,50,Ba-Nd-Ni-W,esopt_graph_risk,1,11,0
budget-final-made-361749a605a9c1595ba3e5a1,50,Ba-Nd-Ni-W,esopt_graph_risk,1,12,0
budget-final-made-361749a605a9c1595ba3e5a1,50,Ba-Nd-Ni-W,esopt_graph_risk,1,13,0
budget-final-made-361749a605a9c1595ba3e5a1,50,Ba-Nd-Ni-W,esopt_graph_risk,1,14,0
budget-final-made-361749a605a9c1595ba3e5a1,50,Ba-Nd-Ni-W,esopt_graph_risk,1,15,0
budget-final-made-361749a605a9c1595ba3e5a1,50,Ba-Nd-Ni-W,esopt_graph_risk,1,16,0
budget-final-made-361749a605a9c1595ba3e5a1,50,Ba-Nd-Ni-W,esopt_graph_risk,1,17,0
budget-final-made-361749a605a9c1595ba3e5a1,50,Ba-Nd-Ni-W,esopt_graph_risk,1,18,0
budget-final-made-361749a605a9c1595ba3e5a1,50,Ba-Nd-Ni-W,esopt_graph_risk,1,19,0
budget-final-made-361749a605a9c1595ba3e5a1,50,Ba-Nd-Ni-W,esopt_graph_risk,1,20,0
budget-final-made-361749a605a9c1595ba3e5a1,50,Ba-Nd-Ni-W,esopt_graph_risk,1,21,0
budget-final-made-361749a605a9c1595ba3e5a1,50,Ba-Nd-Ni-W,esopt_graph_risk,1,22,0
budget-final-made-361749a605a9c1595ba3e5a1,50,Ba-Nd-Ni-W,esopt_graph_risk,1,23,0
budget-final-made-361749a605a9c1595ba3e5a1,50,Ba-Nd-Ni-W,esopt_graph_risk,1,24,0
budget-final-made-361749a605a9c1595ba3e5a1,50,Ba-Nd-Ni-W,esopt_graph_risk,1,25,0
budget-final-made-361749a605a9c1595ba3e5a1,50,Ba-Nd-Ni-W,esopt_graph_risk,1,26,0
budget-final-made-361749a605a9c1595ba3e5a1,50,Ba-Nd-Ni-W,esopt_graph_risk,1,27,0
budget-final-made-361749a605a9c1595ba3e5a1,50,Ba-Nd-Ni-W,esopt_graph_risk,1,28,0
budget-final-made-361749a605a9c1595ba3e5a1,50,Ba-Nd-Ni-W,esopt_graph_risk,1,29,0
budget-final-made-361749a605a9c1595ba3e5a1,50,Ba-Nd-Ni-W,esopt_graph_risk,1,30,0
budget-final-made-361749a605a9c1595ba3e5a1,50,Ba-Nd-Ni-W,esopt_graph_risk,1,31,0
budget-final-made-361749a605a9c1595ba3e5a1,50,Ba-Nd-Ni-W,esopt_graph_risk,1,32,0
budget-final-made-361749a605a9c1595ba3e5a1,50,Ba-Nd-Ni-W,esopt_graph_risk,1,33,0
budget-final-made-361749a605a9c1595ba3e5a1,50,Ba-Nd-Ni-W,esopt_graph_risk,1,34,0
budget-final-made-361749a605a9c1595ba3e5a1,50,Ba-Nd-Ni-W,esopt_graph_risk,1,35,0
budget-final-made-361749a605a9c1595ba3e5a1,50,Ba-Nd-Ni-W,esopt_graph_risk,1,36,0
budget-final-made-361749a605a9c1595ba3e5a1,50,Ba-Nd-Ni-W,esopt_graph_risk,1,37,0
budget-final-made-361749a605a9c1595ba3e5a1,50,Ba-Nd-Ni-W,esopt_graph_risk,1,38,0
budget-final-made-361749a605a9c1595ba3e5a1,50,Ba-Nd-Ni-W,esopt_graph_risk,1,39,0
budget-final-made-361749a605a9c1595ba3e5a1,50,Ba-Nd-Ni-W,esopt_graph_risk,1,40,0
budget-final-made-361749a605a9c1595ba3e5a1,50,Ba-Nd-Ni-W,esopt_graph_risk,1,41,0
budget-final-made-361749a605a9c1595ba3e5a1,50,Ba-Nd-Ni-W,esopt_graph_risk,1,42,0
budget-final-made-361749a605a9c1595ba3e5a1,50,Ba-Nd-Ni-W,esopt_graph_risk,1,43,0
budget-final-made-361749a605a9c1595ba3e5a1,50,Ba-Nd-Ni-W,esopt_graph_risk,1,44,0
budget-final-made-361749a605a9c1595ba3e5a1,50,Ba-Nd-Ni-W,esopt_graph_risk,1,45,0
budget-final-made-361749a605a9c1595ba3e5a1,50,Ba-Nd-Ni-W,esopt_graph_risk,1,46,0
budget-final-made-361749a605a9c1595ba3e5a1,50,Ba-Nd-Ni-W,esopt_graph_risk,1,47,0
budget-final-made-361749a605a9c1595ba3e5a1,50,Ba-Nd-Ni-W,esopt_graph_risk,1,48,0
budget-final-made-361749a605a9c1595ba3e5a1,50,Ba-Nd-Ni-W,esopt_graph_risk,1,49,0
budget-final-made-361749a605a9c1595ba3e5a1,50,Ba-Nd-Ni-W,esopt_graph_risk,1,50,0
budget-final-made-2a82fd8c529f1d994c979631,50,Ca-Fe-Gd-Pb-Tb,baseline,1,0,0
budget-final-made-2a82fd8c529f1d994c979631,50,Ca-Fe-Gd-Pb-Tb,baseline,1,1,0
budget-final-made-2a82fd8c529f1d994c979631,50,Ca-Fe-Gd-Pb-Tb,baseline,1,2,0
budget-final-made-2a82fd8c529f1d994c979631,50,Ca-Fe-Gd-Pb-Tb,baseline,1,3,0
budget-final-made-2a82fd8c529f1d994c979631,50,Ca-Fe-Gd-Pb-Tb,baseline,1,4,0
budget-final-made-2a82fd8c529f1d994c979631,50,Ca-Fe-Gd-Pb-Tb,baseline,1,5,0
budget-final-made-2a82fd8c529f1d994c979631,50,Ca-Fe-Gd-Pb-Tb,baseline,1,6,0
budget-final-made-2a82fd8c529f1d994c979631,50,Ca-Fe-Gd-Pb-Tb,baseline,1,7,0
budget-final-made-2a82fd8c529f1d994c979631,50,Ca-Fe-Gd-Pb-Tb,baseline,1,8,0
budget-final-made-2a82fd8c529f1d994c979631,50,Ca-Fe-Gd-Pb-Tb,baseline,1,9,0
budget-final-made-2a82fd8c529f1d994c979631,50,Ca-Fe-Gd-Pb-Tb,baseline,1,10,0
budget-final-made-2a82fd8c529f1d994c979631,50,Ca-Fe-Gd-Pb-Tb,baseline,1,11,0
budget-final-made-2a82fd8c529f1d994c979631,50,Ca-Fe-Gd-Pb-Tb,baseline,1,12,0
budget-final-made-2a82fd8c529f1d994c979631,50,Ca-Fe-Gd-Pb-Tb,baseline,1,13,0
budget-final-made-2a82fd8c529f1d994c979631,50,Ca-Fe-Gd-Pb-Tb,baseline,1,14,0
budget-final-made-2a82fd8c529f1d994c979631,50,Ca-Fe-Gd-Pb-Tb,baseline,1,15,1
budget-final-made-2a82fd8c529f1d994c979631,50,Ca-Fe-Gd-Pb-Tb,baseline,1,16,1
budget-final-made-2a82fd8c529f1d994c979631,50,Ca-Fe-Gd-Pb-Tb,baseline,1,17,1
budget-final-made-2a82fd8c529f1d994c979631,50,Ca-Fe-Gd-Pb-Tb,baseline,1,18,1
budget-final-made-2a82fd8c529f1d994c979631,50,Ca-Fe-Gd-Pb-Tb,baseline,1,19,1
budget-final-made-2a82fd8c529f1d994c979631,50,Ca-Fe-Gd-Pb-Tb,baseline,1,20,1
budget-final-made-2a82fd8c529f1d994c979631,50,Ca-Fe-Gd-Pb-Tb,baseline,1,21,1
budget-final-made-2a82fd8c529f1d994c979631,50,Ca-Fe-Gd-Pb-Tb,baseline,1,22,1
budget-final-made-2a82fd8c529f1d994c979631,50,Ca-Fe-Gd-Pb-Tb,baseline,1,23,1
budget-final-made-2a82fd8c529f1d994c979631,50,Ca-Fe-Gd-Pb-Tb,baseline,1,24,1
budget-final-made-2a82fd8c529f1d994c979631,50,Ca-Fe-Gd-Pb-Tb,baseline,1,25,1
budget-final-made-2a82fd8c529f1d994c979631,50,Ca-Fe-Gd-Pb-Tb,baseline,1,26,1
budget-final-made-2a82fd8c529f1d994c979631,50,Ca-Fe-Gd-Pb-Tb,baseline,1,27,1
budget-final-made-2a82fd8c529f1d994c979631,50,Ca-Fe-Gd-Pb-Tb,baseline,1,28,1
budget-final-made-2a82fd8c529f1d994c979631,50,Ca-Fe-Gd-Pb-Tb,baseline,1,29,1
budget-final-made-2a82fd8c529f1d994c979631,50,Ca-Fe-Gd-Pb-Tb,baseline,1,30,1
budget-final-made-2a82fd8c529f1d994c979631,50,Ca-Fe-Gd-Pb-Tb,baseline,1,31,1
budget-final-made-2a82fd8c529f1d994c979631,50,Ca-Fe-Gd-Pb-Tb,baseline,1,32,1
budget-final-made-2a82fd8c529f1d994c979631,50,Ca-Fe-Gd-Pb-Tb,baseline,1,33,1
budget-final-made-2a82fd8c529f1d994c979631,50,Ca-Fe-Gd-Pb-Tb,baseline,1,34,2
budget-final-made-2a82fd8c529f1d994c979631,50,Ca-Fe-Gd-Pb-Tb,baseline,1,35,2
budget-final-made-2a82fd8c529f1d994c979631,50,Ca-Fe-Gd-Pb-Tb,baseline,1,36,2
budget-final-made-2a82fd8c529f1d994c979631,50,Ca-Fe-Gd-Pb-Tb,baseline,1,37,2
budget-final-made-2a82fd8c529f1d994c979631,50,Ca-Fe-Gd-Pb-Tb,baseline,1,38,2
budget-final-made-2a82fd8c529f1d994c979631,50,Ca-Fe-Gd-Pb-Tb,baseline,1,39,2
budget-final-made-2a82fd8c529f1d994c979631,50,Ca-Fe-Gd-Pb-Tb,baseline,1,40,3
budget-final-made-2a82fd8c529f1d994c979631,50,Ca-Fe-Gd-Pb-Tb,baseline,1,41,3
budget-final-made-2a82fd8c529f1d994c979631,50,Ca-Fe-Gd-Pb-Tb,baseline,1,42,3
budget-final-made-2a82fd8c529f1d994c979631,50,Ca-Fe-Gd-Pb-Tb,baseline,1,43,3
budget-final-made-2a82fd8c529f1d994c979631,50,Ca-Fe-Gd-Pb-Tb,baseline,1,44,3
budget-final-made-2a82fd8c529f1d994c979631,50,Ca-Fe-Gd-Pb-Tb,baseline,1,45,3
budget-final-made-2a82fd8c529f1d994c979631,50,Ca-Fe-Gd-Pb-Tb,baseline,1,46,3
budget-final-made-2a82fd8c529f1d994c979631,50,Ca-Fe-Gd-Pb-Tb,baseline,1,47,3
budget-final-made-2a82fd8c529f1d994c979631,50,Ca-Fe-Gd-Pb-Tb,baseline,1,48,3
budget-final-made-2a82fd8c529f1d994c979631,50,Ca-Fe-Gd-Pb-Tb,baseline,1,49,3
budget-final-made-2a82fd8c529f1d994c979631,50,Ca-Fe-Gd-Pb-Tb,baseline,1,50,3
budget-final-made-59acc7bb234561ecbe03bebe,50,Ca-Fe-Gd-Pb-Tb,esopt_graph_risk,1,0,0
budget-final-made-59acc7bb234561ecbe03bebe,50,Ca-Fe-Gd-Pb-Tb,esopt_graph_risk,1,1,0
budget-final-made-59acc7bb234561ecbe03bebe,50,Ca-Fe-Gd-Pb-Tb,esopt_graph_risk,1,2,0
budget-final-made-59acc7bb234561ecbe03bebe,50,Ca-Fe-Gd-Pb-Tb,esopt_graph_risk,1,3,0
budget-final-made-59acc7bb234561ecbe03bebe,50,Ca-Fe-Gd-Pb-Tb,esopt_graph_risk,1,4,0
budget-final-made-59acc7bb234561ecbe03bebe,50,Ca-Fe-Gd-Pb-Tb,esopt_graph_risk,1,5,0
budget-final-made-59acc7bb234561ecbe03bebe,50,Ca-Fe-Gd-Pb-Tb,esopt_graph_risk,1,6,0
budget-final-made-59acc7bb234561ecbe03bebe,50,Ca-Fe-Gd-Pb-Tb,esopt_graph_risk,1,7,0
budget-final-made-59acc7bb234561ecbe03bebe,50,Ca-Fe-Gd-Pb-Tb,esopt_graph_risk,1,8,0
budget-final-made-59acc7bb234561ecbe03bebe,50,Ca-Fe-Gd-Pb-Tb,esopt_graph_risk,1,9,0
budget-final-made-59acc7bb234561ecbe03bebe,50,Ca-Fe-Gd-Pb-Tb,esopt_graph_risk,1,10,0
budget-final-made-59acc7bb234561ecbe03bebe,50,Ca-Fe-Gd-Pb-Tb,esopt_graph_risk,1,11,0
budget-final-made-59acc7bb234561ecbe03bebe,50,Ca-Fe-Gd-Pb-Tb,esopt_graph_risk,1,12,0
budget-final-made-59acc7bb234561ecbe03bebe,50,Ca-Fe-Gd-Pb-Tb,esopt_graph_risk,1,13,0
budget-final-made-59acc7bb234561ecbe03bebe,50,Ca-Fe-Gd-Pb-Tb,esopt_graph_risk,1,14,0
budget-final-made-59acc7bb234561ecbe03bebe,50,Ca-Fe-Gd-Pb-Tb,esopt_graph_risk,1,15,0
budget-final-made-59acc7bb234561ecbe03bebe,50,Ca-Fe-Gd-Pb-Tb,esopt_graph_risk,1,16,0
budget-final-made-59acc7bb234561ecbe03bebe,50,Ca-Fe-Gd-Pb-Tb,esopt_graph_risk,1,17,0
budget-final-made-59acc7bb234561ecbe03bebe,50,Ca-Fe-Gd-Pb-Tb,esopt_graph_risk,1,18,0
budget-final-made-59acc7bb234561ecbe03bebe,50,Ca-Fe-Gd-Pb-Tb,esopt_graph_risk,1,19,0
budget-final-made-59acc7bb234561ecbe03bebe,50,Ca-Fe-Gd-Pb-Tb,esopt_graph_risk,1,20,0
budget-final-made-59acc7bb234561ecbe03bebe,50,Ca-Fe-Gd-Pb-Tb,esopt_graph_risk,1,21,0
budget-final-made-59acc7bb234561ecbe03bebe,50,Ca-Fe-Gd-Pb-Tb,esopt_graph_risk,1,22,0
budget-final-made-59acc7bb234561ecbe03bebe,50,Ca-Fe-Gd-Pb-Tb,esopt_graph_risk,1,23,0
budget-final-made-59acc7bb234561ecbe03bebe,50,Ca-Fe-Gd-Pb-Tb,esopt_graph_risk,1,24,0
budget-final-made-59acc7bb234561ecbe03bebe,50,Ca-Fe-Gd-Pb-Tb,esopt_graph_risk,1,25,0
budget-final-made-59acc7bb234561ecbe03bebe,50,Ca-Fe-Gd-Pb-Tb,esopt_graph_risk,1,26,0
budget-final-made-59acc7bb234561ecbe03bebe,50,Ca-Fe-Gd-Pb-Tb,esopt_graph_risk,1,27,0
budget-final-made-59acc7bb234561ecbe03bebe,50,Ca-Fe-Gd-Pb-Tb,esopt_graph_risk,1,28,0
budget-final-made-59acc7bb234561ecbe03bebe,50,Ca-Fe-Gd-Pb-Tb,esopt_graph_risk,1,29,0
budget-final-made-59acc7bb234561ecbe03bebe,50,Ca-Fe-Gd-Pb-Tb,esopt_graph_risk,1,30,0
budget-final-made-59acc7bb234561ecbe03bebe,50,Ca-Fe-Gd-Pb-Tb,esopt_graph_risk,1,31,0
budget-final-made-59acc7bb234561ecbe03bebe,50,Ca-Fe-Gd-Pb-Tb,esopt_graph_risk,1,32,0
budget-final-made-59acc7bb234561ecbe03bebe,50,Ca-Fe-Gd-Pb-Tb,esopt_graph_risk,1,33,0
budget-final-made-59acc7bb234561ecbe03bebe,50,Ca-Fe-Gd-Pb-Tb,esopt_graph_risk,1,34,0
budget-final-made-59acc7bb234561ecbe03bebe,50,Ca-Fe-Gd-Pb-Tb,esopt_graph_risk,1,35,0
budget-final-made-59acc7bb234561ecbe03bebe,50,Ca-Fe-Gd-Pb-Tb,esopt_graph_risk,1,36,0
budget-final-made-59acc7bb234561ecbe03bebe,50,Ca-Fe-Gd-Pb-Tb,esopt_graph_risk,1,37,0
budget-final-made-59acc7bb234561ecbe03bebe,50,Ca-Fe-Gd-Pb-Tb,esopt_graph_risk,1,38,0
budget-final-made-59acc7bb234561ecbe03bebe,50,Ca-Fe-Gd-Pb-Tb,esopt_graph_risk,1,39,0
budget-final-made-59acc7bb234561ecbe03bebe,50,Ca-Fe-Gd-Pb-Tb,esopt_graph_risk,1,40,0
budget-final-made-59acc7bb234561ecbe03bebe,50,Ca-Fe-Gd-Pb-Tb,esopt_graph_risk,1,41,0
budget-final-made-59acc7bb234561ecbe03bebe,50,Ca-Fe-Gd-Pb-Tb,esopt_graph_risk,1,42,0
budget-final-made-59acc7bb234561ecbe03bebe,50,Ca-Fe-Gd-Pb-Tb,esopt_graph_risk,1,43,0
budget-final-made-59acc7bb234561ecbe03bebe,50,Ca-Fe-Gd-Pb-Tb,esopt_graph_risk,1,44,0
budget-final-made-59acc7bb234561ecbe03bebe,50,Ca-Fe-Gd-Pb-Tb,esopt_graph_risk,1,45,0
budget-final-made-59acc7bb234561ecbe03bebe,50,Ca-Fe-Gd-Pb-Tb,esopt_graph_risk,1,46,0
budget-final-made-59acc7bb234561ecbe03bebe,50,Ca-Fe-Gd-Pb-Tb,esopt_graph_risk,1,47,0
budget-final-made-59acc7bb234561ecbe03bebe,50,Ca-Fe-Gd-Pb-Tb,esopt_graph_risk,1,48,0
budget-final-made-59acc7bb234561ecbe03bebe,50,Ca-Fe-Gd-Pb-Tb,esopt_graph_risk,1,49,0
budget-final-made-59acc7bb234561ecbe03bebe,50,Ca-Fe-Gd-Pb-Tb,esopt_graph_risk,1,50,0
budget-final-made-fbe5688a5197faa3a4f26367,50,Ca-Pd-Sn-W,baseline,1,0,0
budget-final-made-fbe5688a5197faa3a4f26367,50,Ca-Pd-Sn-W,baseline,1,1,0
budget-final-made-fbe5688a5197faa3a4f26367,50,Ca-Pd-Sn-W,baseline,1,2,0
budget-final-made-fbe5688a5197faa3a4f26367,50,Ca-Pd-Sn-W,baseline,1,3,0
budget-final-made-fbe5688a5197faa3a4f26367,50,Ca-Pd-Sn-W,baseline,1,4,0
budget-final-made-fbe5688a5197faa3a4f26367,50,Ca-Pd-Sn-W,baseline,1,5,0
budget-final-made-fbe5688a5197faa3a4f26367,50,Ca-Pd-Sn-W,baseline,1,6,0
budget-final-made-fbe5688a5197faa3a4f26367,50,Ca-Pd-Sn-W,baseline,1,7,0
budget-final-made-fbe5688a5197faa3a4f26367,50,Ca-Pd-Sn-W,baseline,1,8,0
budget-final-made-fbe5688a5197faa3a4f26367,50,Ca-Pd-Sn-W,baseline,1,9,0
budget-final-made-fbe5688a5197faa3a4f26367,50,Ca-Pd-Sn-W,baseline,1,10,0
budget-final-made-fbe5688a5197faa3a4f26367,50,Ca-Pd-Sn-W,baseline,1,11,0
budget-final-made-fbe5688a5197faa3a4f26367,50,Ca-Pd-Sn-W,baseline,1,12,0
budget-final-made-fbe5688a5197faa3a4f26367,50,Ca-Pd-Sn-W,baseline,1,13,0
budget-final-made-fbe5688a5197faa3a4f26367,50,Ca-Pd-Sn-W,baseline,1,14,0
budget-final-made-fbe5688a5197faa3a4f26367,50,Ca-Pd-Sn-W,baseline,1,15,0
budget-final-made-fbe5688a5197faa3a4f26367,50,Ca-Pd-Sn-W,baseline,1,16,0
budget-final-made-fbe5688a5197faa3a4f26367,50,Ca-Pd-Sn-W,baseline,1,17,0
budget-final-made-fbe5688a5197faa3a4f26367,50,Ca-Pd-Sn-W,baseline,1,18,0
budget-final-made-fbe5688a5197faa3a4f26367,50,Ca-Pd-Sn-W,baseline,1,19,0
budget-final-made-fbe5688a5197faa3a4f26367,50,Ca-Pd-Sn-W,baseline,1,20,0
budget-final-made-fbe5688a5197faa3a4f26367,50,Ca-Pd-Sn-W,baseline,1,21,0
budget-final-made-fbe5688a5197faa3a4f26367,50,Ca-Pd-Sn-W,baseline,1,22,0
budget-final-made-fbe5688a5197faa3a4f26367,50,Ca-Pd-Sn-W,baseline,1,23,0
budget-final-made-fbe5688a5197faa3a4f26367,50,Ca-Pd-Sn-W,baseline,1,24,0
budget-final-made-fbe5688a5197faa3a4f26367,50,Ca-Pd-Sn-W,baseline,1,25,0
budget-final-made-fbe5688a5197faa3a4f26367,50,Ca-Pd-Sn-W,baseline,1,26,0
budget-final-made-fbe5688a5197faa3a4f26367,50,Ca-Pd-Sn-W,baseline,1,27,0
budget-final-made-fbe5688a5197faa3a4f26367,50,Ca-Pd-Sn-W,baseline,1,28,0
budget-final-made-fbe5688a5197faa3a4f26367,50,Ca-Pd-Sn-W,baseline,1,29,0
budget-final-made-fbe5688a5197faa3a4f26367,50,Ca-Pd-Sn-W,baseline,1,30,0
budget-final-made-fbe5688a5197faa3a4f26367,50,Ca-Pd-Sn-W,baseline,1,31,0
budget-final-made-fbe5688a5197faa3a4f26367,50,Ca-Pd-Sn-W,baseline,1,32,0
budget-final-made-fbe5688a5197faa3a4f26367,50,Ca-Pd-Sn-W,baseline,1,33,0
budget-final-made-fbe5688a5197faa3a4f26367,50,Ca-Pd-Sn-W,baseline,1,34,0
budget-final-made-fbe5688a5197faa3a4f26367,50,Ca-Pd-Sn-W,baseline,1,35,0
budget-final-made-fbe5688a5197faa3a4f26367,50,Ca-Pd-Sn-W,baseline,1,36,0
budget-final-made-fbe5688a5197faa3a4f26367,50,Ca-Pd-Sn-W,baseline,1,37,0
budget-final-made-fbe5688a5197faa3a4f26367,50,Ca-Pd-Sn-W,baseline,1,38,0
budget-final-made-fbe5688a5197faa3a4f26367,50,Ca-Pd-Sn-W,baseline,1,39,0
budget-final-made-fbe5688a5197faa3a4f26367,50,Ca-Pd-Sn-W,baseline,1,40,0
budget-final-made-fbe5688a5197faa3a4f26367,50,Ca-Pd-Sn-W,baseline,1,41,0
budget-final-made-fbe5688a5197faa3a4f26367,50,Ca-Pd-Sn-W,baseline,1,42,0
budget-final-made-fbe5688a5197faa3a4f26367,50,Ca-Pd-Sn-W,baseline,1,43,0
budget-final-made-fbe5688a5197faa3a4f26367,50,Ca-Pd-Sn-W,baseline,1,44,0
budget-final-made-fbe5688a5197faa3a4f26367,50,Ca-Pd-Sn-W,baseline,1,45,0
budget-final-made-fbe5688a5197faa3a4f26367,50,Ca-Pd-Sn-W,baseline,1,46,0
budget-final-made-fbe5688a5197faa3a4f26367,50,Ca-Pd-Sn-W,baseline,1,47,0
budget-final-made-fbe5688a5197faa3a4f26367,50,Ca-Pd-Sn-W,baseline,1,48,0
budget-final-made-fbe5688a5197faa3a4f26367,50,Ca-Pd-Sn-W,baseline,1,49,0
budget-final-made-fbe5688a5197faa3a4f26367,50,Ca-Pd-Sn-W,baseline,1,50,0
budget-final-made-87d829b3213cc2ccb26373e1,50,Ca-Pd-Sn-W,esopt_graph_risk,1,0,0
budget-final-made-87d829b3213cc2ccb26373e1,50,Ca-Pd-Sn-W,esopt_graph_risk,1,1,1
budget-final-made-87d829b3213cc2ccb26373e1,50,Ca-Pd-Sn-W,esopt_graph_risk,1,2,1
budget-final-made-87d829b3213cc2ccb26373e1,50,Ca-Pd-Sn-W,esopt_graph_risk,1,3,1
budget-final-made-87d829b3213cc2ccb26373e1,50,Ca-Pd-Sn-W,esopt_graph_risk,1,4,1
budget-final-made-87d829b3213cc2ccb26373e1,50,Ca-Pd-Sn-W,esopt_graph_risk,1,5,1
budget-final-made-87d829b3213cc2ccb26373e1,50,Ca-Pd-Sn-W,esopt_graph_risk,1,6,1
budget-final-made-87d829b3213cc2ccb26373e1,50,Ca-Pd-Sn-W,esopt_graph_risk,1,7,1
budget-final-made-87d829b3213cc2ccb26373e1,50,Ca-Pd-Sn-W,esopt_graph_risk,1,8,1
budget-final-made-87d829b3213cc2ccb26373e1,50,Ca-Pd-Sn-W,esopt_graph_risk,1,9,1
budget-final-made-87d829b3213cc2ccb26373e1,50,Ca-Pd-Sn-W,esopt_graph_risk,1,10,1
budget-final-made-87d829b3213cc2ccb26373e1,50,Ca-Pd-Sn-W,esopt_graph_risk,1,11,1
budget-final-made-87d829b3213cc2ccb26373e1,50,Ca-Pd-Sn-W,esopt_graph_risk,1,12,1
budget-final-made-87d829b3213cc2ccb26373e1,50,Ca-Pd-Sn-W,esopt_graph_risk,1,13,1
budget-final-made-87d829b3213cc2ccb26373e1,50,Ca-Pd-Sn-W,esopt_graph_risk,1,14,1
budget-final-made-87d829b3213cc2ccb26373e1,50,Ca-Pd-Sn-W,esopt_graph_risk,1,15,1
budget-final-made-87d829b3213cc2ccb26373e1,50,Ca-Pd-Sn-W,esopt_graph_risk,1,16,1
budget-final-made-87d829b3213cc2ccb26373e1,50,Ca-Pd-Sn-W,esopt_graph_risk,1,17,1
budget-final-made-87d829b3213cc2ccb26373e1,50,Ca-Pd-Sn-W,esopt_graph_risk,1,18,1
budget-final-made-87d829b3213cc2ccb26373e1,50,Ca-Pd-Sn-W,esopt_graph_risk,1,19,1
budget-final-made-87d829b3213cc2ccb26373e1,50,Ca-Pd-Sn-W,esopt_graph_risk,1,20,1
budget-final-made-87d829b3213cc2ccb26373e1,50,Ca-Pd-Sn-W,esopt_graph_risk,1,21,1
budget-final-made-87d829b3213cc2ccb26373e1,50,Ca-Pd-Sn-W,esopt_graph_risk,1,22,1
budget-final-made-87d829b3213cc2ccb26373e1,50,Ca-Pd-Sn-W,esopt_graph_risk,1,23,1
budget-final-made-87d829b3213cc2ccb26373e1,50,Ca-Pd-Sn-W,esopt_graph_risk,1,24,1
budget-final-made-87d829b3213cc2ccb26373e1,50,Ca-Pd-Sn-W,esopt_graph_risk,1,25,1
budget-final-made-87d829b3213cc2ccb26373e1,50,Ca-Pd-Sn-W,esopt_graph_risk,1,26,1
budget-final-made-87d829b3213cc2ccb26373e1,50,Ca-Pd-Sn-W,esopt_graph_risk,1,27,1
budget-final-made-87d829b3213cc2ccb26373e1,50,Ca-Pd-Sn-W,esopt_graph_risk,1,28,1
budget-final-made-87d829b3213cc2ccb26373e1,50,Ca-Pd-Sn-W,esopt_graph_risk,1,29,1
budget-final-made-87d829b3213cc2ccb26373e1,50,Ca-Pd-Sn-W,esopt_graph_risk,1,30,1
budget-final-made-87d829b3213cc2ccb26373e1,50,Ca-Pd-Sn-W,esopt_graph_risk,1,31,1
budget-final-made-87d829b3213cc2ccb26373e1,50,Ca-Pd-Sn-W,esopt_graph_risk,1,32,1
budget-final-made-87d829b3213cc2ccb26373e1,50,Ca-Pd-Sn-W,esopt_graph_risk,1,33,1
budget-final-made-87d829b3213cc2ccb26373e1,50,Ca-Pd-Sn-W,esopt_graph_risk,1,34,1
budget-final-made-87d829b3213cc2ccb26373e1,50,Ca-Pd-Sn-W,esopt_graph_risk,1,35,1
budget-final-made-87d829b3213cc2ccb26373e1,50,Ca-Pd-Sn-W,esopt_graph_risk,1,36,1
budget-final-made-87d829b3213cc2ccb26373e1,50,Ca-Pd-Sn-W,esopt_graph_risk,1,37,1
budget-final-made-87d829b3213cc2ccb26373e1,50,Ca-Pd-Sn-W,esopt_graph_risk,1,38,1
budget-final-made-87d829b3213cc2ccb26373e1,50,Ca-Pd-Sn-W,esopt_graph_risk,1,39,1
budget-final-made-87d829b3213cc2ccb26373e1,50,Ca-Pd-Sn-W,esopt_graph_risk,1,40,1
budget-final-made-87d829b3213cc2ccb26373e1,50,Ca-Pd-Sn-W,esopt_graph_risk,1,41,1
budget-final-made-87d829b3213cc2ccb26373e1,50,Ca-Pd-Sn-W,esopt_graph_risk,1,42,1
budget-final-made-87d829b3213cc2ccb26373e1,50,Ca-Pd-Sn-W,esopt_graph_risk,1,43,1
budget-final-made-87d829b3213cc2ccb26373e1,50,Ca-Pd-Sn-W,esopt_graph_risk,1,44,1
budget-final-made-87d829b3213cc2ccb26373e1,50,Ca-Pd-Sn-W,esopt_graph_risk,1,45,1
budget-final-made-87d829b3213cc2ccb26373e1,50,Ca-Pd-Sn-W,esopt_graph_risk,1,46,1
budget-final-made-87d829b3213cc2ccb26373e1,50,Ca-Pd-Sn-W,esopt_graph_risk,1,47,1
budget-final-made-87d829b3213cc2ccb26373e1,50,Ca-Pd-Sn-W,esopt_graph_risk,1,48,1
budget-final-made-87d829b3213cc2ccb26373e1,50,Ca-Pd-Sn-W,esopt_graph_risk,1,49,1
budget-final-made-87d829b3213cc2ccb26373e1,50,Ca-Pd-Sn-W,esopt_graph_risk,1,50,1
budget-final-made-5cd0ddb780469e444a06fc62,50,Cd-Gd-Mn-Na-Ta,baseline,1,0,0
budget-final-made-5cd0ddb780469e444a06fc62,50,Cd-Gd-Mn-Na-Ta,baseline,1,1,0
budget-final-made-5cd0ddb780469e444a06fc62,50,Cd-Gd-Mn-Na-Ta,baseline,1,2,0
budget-final-made-5cd0ddb780469e444a06fc62,50,Cd-Gd-Mn-Na-Ta,baseline,1,3,0
budget-final-made-5cd0ddb780469e444a06fc62,50,Cd-Gd-Mn-Na-Ta,baseline,1,4,0
budget-final-made-5cd0ddb780469e444a06fc62,50,Cd-Gd-Mn-Na-Ta,baseline,1,5,0
budget-final-made-5cd0ddb780469e444a06fc62,50,Cd-Gd-Mn-Na-Ta,baseline,1,6,0
budget-final-made-5cd0ddb780469e444a06fc62,50,Cd-Gd-Mn-Na-Ta,baseline,1,7,0
budget-final-made-5cd0ddb780469e444a06fc62,50,Cd-Gd-Mn-Na-Ta,baseline,1,8,0
budget-final-made-5cd0ddb780469e444a06fc62,50,Cd-Gd-Mn-Na-Ta,baseline,1,9,0
budget-final-made-5cd0ddb780469e444a06fc62,50,Cd-Gd-Mn-Na-Ta,baseline,1,10,0
budget-final-made-5cd0ddb780469e444a06fc62,50,Cd-Gd-Mn-Na-Ta,baseline,1,11,0
budget-final-made-5cd0ddb780469e444a06fc62,50,Cd-Gd-Mn-Na-Ta,baseline,1,12,0
budget-final-made-5cd0ddb780469e444a06fc62,50,Cd-Gd-Mn-Na-Ta,baseline,1,13,0
budget-final-made-5cd0ddb780469e444a06fc62,50,Cd-Gd-Mn-Na-Ta,baseline,1,14,0
budget-final-made-5cd0ddb780469e444a06fc62,50,Cd-Gd-Mn-Na-Ta,baseline,1,15,0
budget-final-made-5cd0ddb780469e444a06fc62,50,Cd-Gd-Mn-Na-Ta,baseline,1,16,0
budget-final-made-5cd0ddb780469e444a06fc62,50,Cd-Gd-Mn-Na-Ta,baseline,1,17,0
budget-final-made-5cd0ddb780469e444a06fc62,50,Cd-Gd-Mn-Na-Ta,baseline,1,18,0
budget-final-made-5cd0ddb780469e444a06fc62,50,Cd-Gd-Mn-Na-Ta,baseline,1,19,0
budget-final-made-5cd0ddb780469e444a06fc62,50,Cd-Gd-Mn-Na-Ta,baseline,1,20,0
budget-final-made-5cd0ddb780469e444a06fc62,50,Cd-Gd-Mn-Na-Ta,baseline,1,21,0
budget-final-made-5cd0ddb780469e444a06fc62,50,Cd-Gd-Mn-Na-Ta,baseline,1,22,0
budget-final-made-5cd0ddb780469e444a06fc62,50,Cd-Gd-Mn-Na-Ta,baseline,1,23,0
budget-final-made-5cd0ddb780469e444a06fc62,50,Cd-Gd-Mn-Na-Ta,baseline,1,24,0
budget-final-made-5cd0ddb780469e444a06fc62,50,Cd-Gd-Mn-Na-Ta,baseline,1,25,0
budget-final-made-5cd0ddb780469e444a06fc62,50,Cd-Gd-Mn-Na-Ta,baseline,1,26,0
budget-final-made-5cd0ddb780469e444a06fc62,50,Cd-Gd-Mn-Na-Ta,baseline,1,27,0
budget-final-made-5cd0ddb780469e444a06fc62,50,Cd-Gd-Mn-Na-Ta,baseline,1,28,0
budget-final-made-5cd0ddb780469e444a06fc62,50,Cd-Gd-Mn-Na-Ta,baseline,1,29,0
budget-final-made-5cd0ddb780469e444a06fc62,50,Cd-Gd-Mn-Na-Ta,baseline,1,30,0
budget-final-made-5cd0ddb780469e444a06fc62,50,Cd-Gd-Mn-Na-Ta,baseline,1,31,0
budget-final-made-5cd0ddb780469e444a06fc62,50,Cd-Gd-Mn-Na-Ta,baseline,1,32,0
budget-final-made-5cd0ddb780469e444a06fc62,50,Cd-Gd-Mn-Na-Ta,baseline,1,33,0
budget-final-made-5cd0ddb780469e444a06fc62,50,Cd-Gd-Mn-Na-Ta,baseline,1,34,0
budget-final-made-5cd0ddb780469e444a06fc62,50,Cd-Gd-Mn-Na-Ta,baseline,1,35,0
budget-final-made-5cd0ddb780469e444a06fc62,50,Cd-Gd-Mn-Na-Ta,baseline,1,36,0
budget-final-made-5cd0ddb780469e444a06fc62,50,Cd-Gd-Mn-Na-Ta,baseline,1,37,0
budget-final-made-5cd0ddb780469e444a06fc62,50,Cd-Gd-Mn-Na-Ta,baseline,1,38,0
budget-final-made-5cd0ddb780469e444a06fc62,50,Cd-Gd-Mn-Na-Ta,baseline,1,39,0
budget-final-made-5cd0ddb780469e444a06fc62,50,Cd-Gd-Mn-Na-Ta,baseline,1,40,0
budget-final-made-5cd0ddb780469e444a06fc62,50,Cd-Gd-Mn-Na-Ta,baseline,1,41,0
budget-final-made-5cd0ddb780469e444a06fc62,50,Cd-Gd-Mn-Na-Ta,baseline,1,42,0
budget-final-made-5cd0ddb780469e444a06fc62,50,Cd-Gd-Mn-Na-Ta,baseline,1,43,0
budget-final-made-5cd0ddb780469e444a06fc62,50,Cd-Gd-Mn-Na-Ta,baseline,1,44,0
budget-final-made-5cd0ddb780469e444a06fc62,50,Cd-Gd-Mn-Na-Ta,baseline,1,45,0
budget-final-made-5cd0ddb780469e444a06fc62,50,Cd-Gd-Mn-Na-Ta,baseline,1,46,0
budget-final-made-5cd0ddb780469e444a06fc62,50,Cd-Gd-Mn-Na-Ta,baseline,1,47,0
budget-final-made-5cd0ddb780469e444a06fc62,50,Cd-Gd-Mn-Na-Ta,baseline,1,48,0
budget-final-made-5cd0ddb780469e444a06fc62,50,Cd-Gd-Mn-Na-Ta,baseline,1,49,0
budget-final-made-5cd0ddb780469e444a06fc62,50,Cd-Gd-Mn-Na-Ta,baseline,1,50,0
budget-final-made-25d828a31bf2afcd937ff666,50,Cd-Gd-Mn-Na-Ta,esopt_graph_risk,1,0,0
budget-final-made-25d828a31bf2afcd937ff666,50,Cd-Gd-Mn-Na-Ta,esopt_graph_risk,1,1,0
budget-final-made-25d828a31bf2afcd937ff666,50,Cd-Gd-Mn-Na-Ta,esopt_graph_risk,1,2,0
budget-final-made-25d828a31bf2afcd937ff666,50,Cd-Gd-Mn-Na-Ta,esopt_graph_risk,1,3,0
budget-final-made-25d828a31bf2afcd937ff666,50,Cd-Gd-Mn-Na-Ta,esopt_graph_risk,1,4,0
budget-final-made-25d828a31bf2afcd937ff666,50,Cd-Gd-Mn-Na-Ta,esopt_graph_risk,1,5,0
budget-final-made-25d828a31bf2afcd937ff666,50,Cd-Gd-Mn-Na-Ta,esopt_graph_risk,1,6,0
budget-final-made-25d828a31bf2afcd937ff666,50,Cd-Gd-Mn-Na-Ta,esopt_graph_risk,1,7,0
budget-final-made-25d828a31bf2afcd937ff666,50,Cd-Gd-Mn-Na-Ta,esopt_graph_risk,1,8,0
budget-final-made-25d828a31bf2afcd937ff666,50,Cd-Gd-Mn-Na-Ta,esopt_graph_risk,1,9,0
budget-final-made-25d828a31bf2afcd937ff666,50,Cd-Gd-Mn-Na-Ta,esopt_graph_risk,1,10,0
budget-final-made-25d828a31bf2afcd937ff666,50,Cd-Gd-Mn-Na-Ta,esopt_graph_risk,1,11,0
budget-final-made-25d828a31bf2afcd937ff666,50,Cd-Gd-Mn-Na-Ta,esopt_graph_risk,1,12,0
budget-final-made-25d828a31bf2afcd937ff666,50,Cd-Gd-Mn-Na-Ta,esopt_graph_risk,1,13,0
budget-final-made-25d828a31bf2afcd937ff666,50,Cd-Gd-Mn-Na-Ta,esopt_graph_risk,1,14,0
budget-final-made-25d828a31bf2afcd937ff666,50,Cd-Gd-Mn-Na-Ta,esopt_graph_risk,1,15,0
budget-final-made-25d828a31bf2afcd937ff666,50,Cd-Gd-Mn-Na-Ta,esopt_graph_risk,1,16,0
budget-final-made-25d828a31bf2afcd937ff666,50,Cd-Gd-Mn-Na-Ta,esopt_graph_risk,1,17,0
budget-final-made-25d828a31bf2afcd937ff666,50,Cd-Gd-Mn-Na-Ta,esopt_graph_risk,1,18,0
budget-final-made-25d828a31bf2afcd937ff666,50,Cd-Gd-Mn-Na-Ta,esopt_graph_risk,1,19,0
budget-final-made-25d828a31bf2afcd937ff666,50,Cd-Gd-Mn-Na-Ta,esopt_graph_risk,1,20,0
budget-final-made-25d828a31bf2afcd937ff666,50,Cd-Gd-Mn-Na-Ta,esopt_graph_risk,1,21,0
budget-final-made-25d828a31bf2afcd937ff666,50,Cd-Gd-Mn-Na-Ta,esopt_graph_risk,1,22,0
budget-final-made-25d828a31bf2afcd937ff666,50,Cd-Gd-Mn-Na-Ta,esopt_graph_risk,1,23,0
budget-final-made-25d828a31bf2afcd937ff666,50,Cd-Gd-Mn-Na-Ta,esopt_graph_risk,1,24,0
budget-final-made-25d828a31bf2afcd937ff666,50,Cd-Gd-Mn-Na-Ta,esopt_graph_risk,1,25,0
budget-final-made-25d828a31bf2afcd937ff666,50,Cd-Gd-Mn-Na-Ta,esopt_graph_risk,1,26,0
budget-final-made-25d828a31bf2afcd937ff666,50,Cd-Gd-Mn-Na-Ta,esopt_graph_risk,1,27,0
budget-final-made-25d828a31bf2afcd937ff666,50,Cd-Gd-Mn-Na-Ta,esopt_graph_risk,1,28,0
budget-final-made-25d828a31bf2afcd937ff666,50,Cd-Gd-Mn-Na-Ta,esopt_graph_risk,1,29,0
budget-final-made-25d828a31bf2afcd937ff666,50,Cd-Gd-Mn-Na-Ta,esopt_graph_risk,1,30,0
budget-final-made-25d828a31bf2afcd937ff666,50,Cd-Gd-Mn-Na-Ta,esopt_graph_risk,1,31,0
budget-final-made-25d828a31bf2afcd937ff666,50,Cd-Gd-Mn-Na-Ta,esopt_graph_risk,1,32,0
budget-final-made-25d828a31bf2afcd937ff666,50,Cd-Gd-Mn-Na-Ta,esopt_graph_risk,1,33,0
budget-final-made-25d828a31bf2afcd937ff666,50,Cd-Gd-Mn-Na-Ta,esopt_graph_risk,1,34,0
budget-final-made-25d828a31bf2afcd937ff666,50,Cd-Gd-Mn-Na-Ta,esopt_graph_risk,1,35,0
budget-final-made-25d828a31bf2afcd937ff666,50,Cd-Gd-Mn-Na-Ta,esopt_graph_risk,1,36,0
budget-final-made-25d828a31bf2afcd937ff666,50,Cd-Gd-Mn-Na-Ta,esopt_graph_risk,1,37,0
budget-final-made-25d828a31bf2afcd937ff666,50,Cd-Gd-Mn-Na-Ta,esopt_graph_risk,1,38,0
budget-final-made-25d828a31bf2afcd937ff666,50,Cd-Gd-Mn-Na-Ta,esopt_graph_risk,1,39,0
budget-final-made-25d828a31bf2afcd937ff666,50,Cd-Gd-Mn-Na-Ta,esopt_graph_risk,1,40,0
budget-final-made-25d828a31bf2afcd937ff666,50,Cd-Gd-Mn-Na-Ta,esopt_graph_risk,1,41,0
budget-final-made-25d828a31bf2afcd937ff666,50,Cd-Gd-Mn-Na-Ta,esopt_graph_risk,1,42,0
budget-final-made-25d828a31bf2afcd937ff666,50,Cd-Gd-Mn-Na-Ta,esopt_graph_risk,1,43,0
budget-final-made-25d828a31bf2afcd937ff666,50,Cd-Gd-Mn-Na-Ta,esopt_graph_risk,1,44,0
budget-final-made-25d828a31bf2afcd937ff666,50,Cd-Gd-Mn-Na-Ta,esopt_graph_risk,1,45,0
budget-final-made-25d828a31bf2afcd937ff666,50,Cd-Gd-Mn-Na-Ta,esopt_graph_risk,1,46,0
budget-final-made-25d828a31bf2afcd937ff666,50,Cd-Gd-Mn-Na-Ta,esopt_graph_risk,1,47,0
budget-final-made-25d828a31bf2afcd937ff666,50,Cd-Gd-Mn-Na-Ta,esopt_graph_risk,1,48,0
budget-final-made-25d828a31bf2afcd937ff666,50,Cd-Gd-Mn-Na-Ta,esopt_graph_risk,1,49,0
budget-final-made-25d828a31bf2afcd937ff666,50,Cd-Gd-Mn-Na-Ta,esopt_graph_risk,1,50,0
budget-final-made-81de99ff284030717967ed76,50,Cd-Li-Nd-Ti-W,baseline,1,0,0
budget-final-made-81de99ff284030717967ed76,50,Cd-Li-Nd-Ti-W,baseline,1,1,1
budget-final-made-81de99ff284030717967ed76,50,Cd-Li-Nd-Ti-W,baseline,1,2,1
budget-final-made-81de99ff284030717967ed76,50,Cd-Li-Nd-Ti-W,baseline,1,3,2
budget-final-made-81de99ff284030717967ed76,50,Cd-Li-Nd-Ti-W,baseline,1,4,2
budget-final-made-81de99ff284030717967ed76,50,Cd-Li-Nd-Ti-W,baseline,1,5,2
budget-final-made-81de99ff284030717967ed76,50,Cd-Li-Nd-Ti-W,baseline,1,6,2
budget-final-made-81de99ff284030717967ed76,50,Cd-Li-Nd-Ti-W,baseline,1,7,2
budget-final-made-81de99ff284030717967ed76,50,Cd-Li-Nd-Ti-W,baseline,1,8,2
budget-final-made-81de99ff284030717967ed76,50,Cd-Li-Nd-Ti-W,baseline,1,9,2
budget-final-made-81de99ff284030717967ed76,50,Cd-Li-Nd-Ti-W,baseline,1,10,2
budget-final-made-81de99ff284030717967ed76,50,Cd-Li-Nd-Ti-W,baseline,1,11,2
budget-final-made-81de99ff284030717967ed76,50,Cd-Li-Nd-Ti-W,baseline,1,12,2
budget-final-made-81de99ff284030717967ed76,50,Cd-Li-Nd-Ti-W,baseline,1,13,2
budget-final-made-81de99ff284030717967ed76,50,Cd-Li-Nd-Ti-W,baseline,1,14,2
budget-final-made-81de99ff284030717967ed76,50,Cd-Li-Nd-Ti-W,baseline,1,15,2
budget-final-made-81de99ff284030717967ed76,50,Cd-Li-Nd-Ti-W,baseline,1,16,2
budget-final-made-81de99ff284030717967ed76,50,Cd-Li-Nd-Ti-W,baseline,1,17,2
budget-final-made-81de99ff284030717967ed76,50,Cd-Li-Nd-Ti-W,baseline,1,18,2
budget-final-made-81de99ff284030717967ed76,50,Cd-Li-Nd-Ti-W,baseline,1,19,2
budget-final-made-81de99ff284030717967ed76,50,Cd-Li-Nd-Ti-W,baseline,1,20,2
budget-final-made-81de99ff284030717967ed76,50,Cd-Li-Nd-Ti-W,baseline,1,21,2
budget-final-made-81de99ff284030717967ed76,50,Cd-Li-Nd-Ti-W,baseline,1,22,2
budget-final-made-81de99ff284030717967ed76,50,Cd-Li-Nd-Ti-W,baseline,1,23,2
budget-final-made-81de99ff284030717967ed76,50,Cd-Li-Nd-Ti-W,baseline,1,24,2
budget-final-made-81de99ff284030717967ed76,50,Cd-Li-Nd-Ti-W,baseline,1,25,2
budget-final-made-81de99ff284030717967ed76,50,Cd-Li-Nd-Ti-W,baseline,1,26,2
budget-final-made-81de99ff284030717967ed76,50,Cd-Li-Nd-Ti-W,baseline,1,27,2
budget-final-made-81de99ff284030717967ed76,50,Cd-Li-Nd-Ti-W,baseline,1,28,2
budget-final-made-81de99ff284030717967ed76,50,Cd-Li-Nd-Ti-W,baseline,1,29,2
budget-final-made-81de99ff284030717967ed76,50,Cd-Li-Nd-Ti-W,baseline,1,30,2
budget-final-made-81de99ff284030717967ed76,50,Cd-Li-Nd-Ti-W,baseline,1,31,2
budget-final-made-81de99ff284030717967ed76,50,Cd-Li-Nd-Ti-W,baseline,1,32,2
budget-final-made-81de99ff284030717967ed76,50,Cd-Li-Nd-Ti-W,baseline,1,33,2
budget-final-made-81de99ff284030717967ed76,50,Cd-Li-Nd-Ti-W,baseline,1,34,2
budget-final-made-81de99ff284030717967ed76,50,Cd-Li-Nd-Ti-W,baseline,1,35,2
budget-final-made-81de99ff284030717967ed76,50,Cd-Li-Nd-Ti-W,baseline,1,36,2
budget-final-made-81de99ff284030717967ed76,50,Cd-Li-Nd-Ti-W,baseline,1,37,2
budget-final-made-81de99ff284030717967ed76,50,Cd-Li-Nd-Ti-W,baseline,1,38,2
budget-final-made-81de99ff284030717967ed76,50,Cd-Li-Nd-Ti-W,baseline,1,39,2
budget-final-made-81de99ff284030717967ed76,50,Cd-Li-Nd-Ti-W,baseline,1,40,2
budget-final-made-81de99ff284030717967ed76,50,Cd-Li-Nd-Ti-W,baseline,1,41,2
budget-final-made-81de99ff284030717967ed76,50,Cd-Li-Nd-Ti-W,baseline,1,42,2
budget-final-made-81de99ff284030717967ed76,50,Cd-Li-Nd-Ti-W,baseline,1,43,2
budget-final-made-81de99ff284030717967ed76,50,Cd-Li-Nd-Ti-W,baseline,1,44,2
budget-final-made-81de99ff284030717967ed76,50,Cd-Li-Nd-Ti-W,baseline,1,45,2
budget-final-made-81de99ff284030717967ed76,50,Cd-Li-Nd-Ti-W,baseline,1,46,2
budget-final-made-81de99ff284030717967ed76,50,Cd-Li-Nd-Ti-W,baseline,1,47,2
budget-final-made-81de99ff284030717967ed76,50,Cd-Li-Nd-Ti-W,baseline,1,48,2
budget-final-made-81de99ff284030717967ed76,50,Cd-Li-Nd-Ti-W,baseline,1,49,2
budget-final-made-81de99ff284030717967ed76,50,Cd-Li-Nd-Ti-W,baseline,1,50,2
budget-final-made-a1d56889c767262394b770e2,50,Cd-Li-Nd-Ti-W,esopt_graph_risk,1,0,0
budget-final-made-a1d56889c767262394b770e2,50,Cd-Li-Nd-Ti-W,esopt_graph_risk,1,1,1
budget-final-made-a1d56889c767262394b770e2,50,Cd-Li-Nd-Ti-W,esopt_graph_risk,1,2,1
budget-final-made-a1d56889c767262394b770e2,50,Cd-Li-Nd-Ti-W,esopt_graph_risk,1,3,2
budget-final-made-a1d56889c767262394b770e2,50,Cd-Li-Nd-Ti-W,esopt_graph_risk,1,4,2
budget-final-made-a1d56889c767262394b770e2,50,Cd-Li-Nd-Ti-W,esopt_graph_risk,1,5,2
budget-final-made-a1d56889c767262394b770e2,50,Cd-Li-Nd-Ti-W,esopt_graph_risk,1,6,2
budget-final-made-a1d56889c767262394b770e2,50,Cd-Li-Nd-Ti-W,esopt_graph_risk,1,7,2
budget-final-made-a1d56889c767262394b770e2,50,Cd-Li-Nd-Ti-W,esopt_graph_risk,1,8,2
budget-final-made-a1d56889c767262394b770e2,50,Cd-Li-Nd-Ti-W,esopt_graph_risk,1,9,2
budget-final-made-a1d56889c767262394b770e2,50,Cd-Li-Nd-Ti-W,esopt_graph_risk,1,10,2
budget-final-made-a1d56889c767262394b770e2,50,Cd-Li-Nd-Ti-W,esopt_graph_risk,1,11,2
budget-final-made-a1d56889c767262394b770e2,50,Cd-Li-Nd-Ti-W,esopt_graph_risk,1,12,2
budget-final-made-a1d56889c767262394b770e2,50,Cd-Li-Nd-Ti-W,esopt_graph_risk,1,13,2
budget-final-made-a1d56889c767262394b770e2,50,Cd-Li-Nd-Ti-W,esopt_graph_risk,1,14,2
budget-final-made-a1d56889c767262394b770e2,50,Cd-Li-Nd-Ti-W,esopt_graph_risk,1,15,2
budget-final-made-a1d56889c767262394b770e2,50,Cd-Li-Nd-Ti-W,esopt_graph_risk,1,16,2
budget-final-made-a1d56889c767262394b770e2,50,Cd-Li-Nd-Ti-W,esopt_graph_risk,1,17,2
budget-final-made-a1d56889c767262394b770e2,50,Cd-Li-Nd-Ti-W,esopt_graph_risk,1,18,2
budget-final-made-a1d56889c767262394b770e2,50,Cd-Li-Nd-Ti-W,esopt_graph_risk,1,19,2
budget-final-made-a1d56889c767262394b770e2,50,Cd-Li-Nd-Ti-W,esopt_graph_risk,1,20,2
budget-final-made-a1d56889c767262394b770e2,50,Cd-Li-Nd-Ti-W,esopt_graph_risk,1,21,2
budget-final-made-a1d56889c767262394b770e2,50,Cd-Li-Nd-Ti-W,esopt_graph_risk,1,22,2
budget-final-made-a1d56889c767262394b770e2,50,Cd-Li-Nd-Ti-W,esopt_graph_risk,1,23,2
budget-final-made-a1d56889c767262394b770e2,50,Cd-Li-Nd-Ti-W,esopt_graph_risk,1,24,2
budget-final-made-a1d56889c767262394b770e2,50,Cd-Li-Nd-Ti-W,esopt_graph_risk,1,25,2
budget-final-made-a1d56889c767262394b770e2,50,Cd-Li-Nd-Ti-W,esopt_graph_risk,1,26,2
budget-final-made-a1d56889c767262394b770e2,50,Cd-Li-Nd-Ti-W,esopt_graph_risk,1,27,2
budget-final-made-a1d56889c767262394b770e2,50,Cd-Li-Nd-Ti-W,esopt_graph_risk,1,28,2
budget-final-made-a1d56889c767262394b770e2,50,Cd-Li-Nd-Ti-W,esopt_graph_risk,1,29,2
budget-final-made-a1d56889c767262394b770e2,50,Cd-Li-Nd-Ti-W,esopt_graph_risk,1,30,2
budget-final-made-a1d56889c767262394b770e2,50,Cd-Li-Nd-Ti-W,esopt_graph_risk,1,31,2
budget-final-made-a1d56889c767262394b770e2,50,Cd-Li-Nd-Ti-W,esopt_graph_risk,1,32,2
budget-final-made-a1d56889c767262394b770e2,50,Cd-Li-Nd-Ti-W,esopt_graph_risk,1,33,2
budget-final-made-a1d56889c767262394b770e2,50,Cd-Li-Nd-Ti-W,esopt_graph_risk,1,34,2
budget-final-made-a1d56889c767262394b770e2,50,Cd-Li-Nd-Ti-W,esopt_graph_risk,1,35,2
budget-final-made-a1d56889c767262394b770e2,50,Cd-Li-Nd-Ti-W,esopt_graph_risk,1,36,2
budget-final-made-a1d56889c767262394b770e2,50,Cd-Li-Nd-Ti-W,esopt_graph_risk,1,37,2
budget-final-made-a1d56889c767262394b770e2,50,Cd-Li-Nd-Ti-W,esopt_graph_risk,1,38,2
budget-final-made-a1d56889c767262394b770e2,50,Cd-Li-Nd-Ti-W,esopt_graph_risk,1,39,2
budget-final-made-a1d56889c767262394b770e2,50,Cd-Li-Nd-Ti-W,esopt_graph_risk,1,40,2
budget-final-made-a1d56889c767262394b770e2,50,Cd-Li-Nd-Ti-W,esopt_graph_risk,1,41,2
budget-final-made-a1d56889c767262394b770e2,50,Cd-Li-Nd-Ti-W,esopt_graph_risk,1,42,3
budget-final-made-a1d56889c767262394b770e2,50,Cd-Li-Nd-Ti-W,esopt_graph_risk,1,43,3
budget-final-made-a1d56889c767262394b770e2,50,Cd-Li-Nd-Ti-W,esopt_graph_risk,1,44,3
budget-final-made-a1d56889c767262394b770e2,50,Cd-Li-Nd-Ti-W,esopt_graph_risk,1,45,3
budget-final-made-a1d56889c767262394b770e2,50,Cd-Li-Nd-Ti-W,esopt_graph_risk,1,46,3
budget-final-made-a1d56889c767262394b770e2,50,Cd-Li-Nd-Ti-W,esopt_graph_risk,1,47,3
budget-final-made-a1d56889c767262394b770e2,50,Cd-Li-Nd-Ti-W,esopt_graph_risk,1,48,3
budget-final-made-a1d56889c767262394b770e2,50,Cd-Li-Nd-Ti-W,esopt_graph_risk,1,49,3
budget-final-made-a1d56889c767262394b770e2,50,Cd-Li-Nd-Ti-W,esopt_graph_risk,1,50,3
budget-final-made-442d6aac6d7fce0df3d1b5b9,50,Ce-Er-Pb-Rh,baseline,1,0,0
budget-final-made-442d6aac6d7fce0df3d1b5b9,50,Ce-Er-Pb-Rh,baseline,1,1,1
budget-final-made-442d6aac6d7fce0df3d1b5b9,50,Ce-Er-Pb-Rh,baseline,1,2,1
budget-final-made-442d6aac6d7fce0df3d1b5b9,50,Ce-Er-Pb-Rh,baseline,1,3,1
budget-final-made-442d6aac6d7fce0df3d1b5b9,50,Ce-Er-Pb-Rh,baseline,1,4,1
budget-final-made-442d6aac6d7fce0df3d1b5b9,50,Ce-Er-Pb-Rh,baseline,1,5,1
budget-final-made-442d6aac6d7fce0df3d1b5b9,50,Ce-Er-Pb-Rh,baseline,1,6,1
budget-final-made-442d6aac6d7fce0df3d1b5b9,50,Ce-Er-Pb-Rh,baseline,1,7,1
budget-final-made-442d6aac6d7fce0df3d1b5b9,50,Ce-Er-Pb-Rh,baseline,1,8,1
budget-final-made-442d6aac6d7fce0df3d1b5b9,50,Ce-Er-Pb-Rh,baseline,1,9,1
budget-final-made-442d6aac6d7fce0df3d1b5b9,50,Ce-Er-Pb-Rh,baseline,1,10,1
budget-final-made-442d6aac6d7fce0df3d1b5b9,50,Ce-Er-Pb-Rh,baseline,1,11,1
budget-final-made-442d6aac6d7fce0df3d1b5b9,50,Ce-Er-Pb-Rh,baseline,1,12,1
budget-final-made-442d6aac6d7fce0df3d1b5b9,50,Ce-Er-Pb-Rh,baseline,1,13,2
budget-final-made-442d6aac6d7fce0df3d1b5b9,50,Ce-Er-Pb-Rh,baseline,1,14,2
budget-final-made-442d6aac6d7fce0df3d1b5b9,50,Ce-Er-Pb-Rh,baseline,1,15,2
budget-final-made-442d6aac6d7fce0df3d1b5b9,50,Ce-Er-Pb-Rh,baseline,1,16,2
budget-final-made-442d6aac6d7fce0df3d1b5b9,50,Ce-Er-Pb-Rh,baseline,1,17,2
budget-final-made-442d6aac6d7fce0df3d1b5b9,50,Ce-Er-Pb-Rh,baseline,1,18,2
budget-final-made-442d6aac6d7fce0df3d1b5b9,50,Ce-Er-Pb-Rh,baseline,1,19,2
budget-final-made-442d6aac6d7fce0df3d1b5b9,50,Ce-Er-Pb-Rh,baseline,1,20,2
budget-final-made-442d6aac6d7fce0df3d1b5b9,50,Ce-Er-Pb-Rh,baseline,1,21,2
budget-final-made-442d6aac6d7fce0df3d1b5b9,50,Ce-Er-Pb-Rh,baseline,1,22,3
budget-final-made-442d6aac6d7fce0df3d1b5b9,50,Ce-Er-Pb-Rh,baseline,1,23,3
budget-final-made-442d6aac6d7fce0df3d1b5b9,50,Ce-Er-Pb-Rh,baseline,1,24,3
budget-final-made-442d6aac6d7fce0df3d1b5b9,50,Ce-Er-Pb-Rh,baseline,1,25,3
budget-final-made-442d6aac6d7fce0df3d1b5b9,50,Ce-Er-Pb-Rh,baseline,1,26,3
budget-final-made-442d6aac6d7fce0df3d1b5b9,50,Ce-Er-Pb-Rh,baseline,1,27,3
budget-final-made-442d6aac6d7fce0df3d1b5b9,50,Ce-Er-Pb-Rh,baseline,1,28,3
budget-final-made-442d6aac6d7fce0df3d1b5b9,50,Ce-Er-Pb-Rh,baseline,1,29,3
budget-final-made-442d6aac6d7fce0df3d1b5b9,50,Ce-Er-Pb-Rh,baseline,1,30,3
budget-final-made-442d6aac6d7fce0df3d1b5b9,50,Ce-Er-Pb-Rh,baseline,1,31,3
budget-final-made-442d6aac6d7fce0df3d1b5b9,50,Ce-Er-Pb-Rh,baseline,1,32,3
budget-final-made-442d6aac6d7fce0df3d1b5b9,50,Ce-Er-Pb-Rh,baseline,1,33,3
budget-final-made-442d6aac6d7fce0df3d1b5b9,50,Ce-Er-Pb-Rh,baseline,1,34,3
budget-final-made-442d6aac6d7fce0df3d1b5b9,50,Ce-Er-Pb-Rh,baseline,1,35,3
budget-final-made-442d6aac6d7fce0df3d1b5b9,50,Ce-Er-Pb-Rh,baseline,1,36,3
budget-final-made-442d6aac6d7fce0df3d1b5b9,50,Ce-Er-Pb-Rh,baseline,1,37,3
budget-final-made-442d6aac6d7fce0df3d1b5b9,50,Ce-Er-Pb-Rh,baseline,1,38,3
budget-final-made-442d6aac6d7fce0df3d1b5b9,50,Ce-Er-Pb-Rh,baseline,1,39,3
budget-final-made-442d6aac6d7fce0df3d1b5b9,50,Ce-Er-Pb-Rh,baseline,1,40,3
budget-final-made-442d6aac6d7fce0df3d1b5b9,50,Ce-Er-Pb-Rh,baseline,1,41,3
budget-final-made-442d6aac6d7fce0df3d1b5b9,50,Ce-Er-Pb-Rh,baseline,1,42,3
budget-final-made-442d6aac6d7fce0df3d1b5b9,50,Ce-Er-Pb-Rh,baseline,1,43,3
budget-final-made-442d6aac6d7fce0df3d1b5b9,50,Ce-Er-Pb-Rh,baseline,1,44,3
budget-final-made-442d6aac6d7fce0df3d1b5b9,50,Ce-Er-Pb-Rh,baseline,1,45,3
budget-final-made-442d6aac6d7fce0df3d1b5b9,50,Ce-Er-Pb-Rh,baseline,1,46,3
budget-final-made-442d6aac6d7fce0df3d1b5b9,50,Ce-Er-Pb-Rh,baseline,1,47,3
budget-final-made-442d6aac6d7fce0df3d1b5b9,50,Ce-Er-Pb-Rh,baseline,1,48,3
budget-final-made-442d6aac6d7fce0df3d1b5b9,50,Ce-Er-Pb-Rh,baseline,1,49,3
budget-final-made-442d6aac6d7fce0df3d1b5b9,50,Ce-Er-Pb-Rh,baseline,1,50,3
budget-final-made-a9f42a5c3df0697d731894c9,50,Ce-Er-Pb-Rh,esopt_graph_risk,1,0,0
budget-final-made-a9f42a5c3df0697d731894c9,50,Ce-Er-Pb-Rh,esopt_graph_risk,1,1,1
budget-final-made-a9f42a5c3df0697d731894c9,50,Ce-Er-Pb-Rh,esopt_graph_risk,1,2,1
budget-final-made-a9f42a5c3df0697d731894c9,50,Ce-Er-Pb-Rh,esopt_graph_risk,1,3,2
budget-final-made-a9f42a5c3df0697d731894c9,50,Ce-Er-Pb-Rh,esopt_graph_risk,1,4,2
budget-final-made-a9f42a5c3df0697d731894c9,50,Ce-Er-Pb-Rh,esopt_graph_risk,1,5,2
budget-final-made-a9f42a5c3df0697d731894c9,50,Ce-Er-Pb-Rh,esopt_graph_risk,1,6,2
budget-final-made-a9f42a5c3df0697d731894c9,50,Ce-Er-Pb-Rh,esopt_graph_risk,1,7,2
budget-final-made-a9f42a5c3df0697d731894c9,50,Ce-Er-Pb-Rh,esopt_graph_risk,1,8,2
budget-final-made-a9f42a5c3df0697d731894c9,50,Ce-Er-Pb-Rh,esopt_graph_risk,1,9,2
budget-final-made-a9f42a5c3df0697d731894c9,50,Ce-Er-Pb-Rh,esopt_graph_risk,1,10,2
budget-final-made-a9f42a5c3df0697d731894c9,50,Ce-Er-Pb-Rh,esopt_graph_risk,1,11,2
budget-final-made-a9f42a5c3df0697d731894c9,50,Ce-Er-Pb-Rh,esopt_graph_risk,1,12,3
budget-final-made-a9f42a5c3df0697d731894c9,50,Ce-Er-Pb-Rh,esopt_graph_risk,1,13,3
budget-final-made-a9f42a5c3df0697d731894c9,50,Ce-Er-Pb-Rh,esopt_graph_risk,1,14,3
budget-final-made-a9f42a5c3df0697d731894c9,50,Ce-Er-Pb-Rh,esopt_graph_risk,1,15,3
budget-final-made-a9f42a5c3df0697d731894c9,50,Ce-Er-Pb-Rh,esopt_graph_risk,1,16,3
budget-final-made-a9f42a5c3df0697d731894c9,50,Ce-Er-Pb-Rh,esopt_graph_risk,1,17,4
budget-final-made-a9f42a5c3df0697d731894c9,50,Ce-Er-Pb-Rh,esopt_graph_risk,1,18,4
budget-final-made-a9f42a5c3df0697d731894c9,50,Ce-Er-Pb-Rh,esopt_graph_risk,1,19,4
budget-final-made-a9f42a5c3df0697d731894c9,50,Ce-Er-Pb-Rh,esopt_graph_risk,1,20,5
budget-final-made-a9f42a5c3df0697d731894c9,50,Ce-Er-Pb-Rh,esopt_graph_risk,1,21,5
budget-final-made-a9f42a5c3df0697d731894c9,50,Ce-Er-Pb-Rh,esopt_graph_risk,1,22,5
budget-final-made-a9f42a5c3df0697d731894c9,50,Ce-Er-Pb-Rh,esopt_graph_risk,1,23,5
budget-final-made-a9f42a5c3df0697d731894c9,50,Ce-Er-Pb-Rh,esopt_graph_risk,1,24,5
budget-final-made-a9f42a5c3df0697d731894c9,50,Ce-Er-Pb-Rh,esopt_graph_risk,1,25,5
budget-final-made-a9f42a5c3df0697d731894c9,50,Ce-Er-Pb-Rh,esopt_graph_risk,1,26,5
budget-final-made-a9f42a5c3df0697d731894c9,50,Ce-Er-Pb-Rh,esopt_graph_risk,1,27,6
budget-final-made-a9f42a5c3df0697d731894c9,50,Ce-Er-Pb-Rh,esopt_graph_risk,1,28,6
budget-final-made-a9f42a5c3df0697d731894c9,50,Ce-Er-Pb-Rh,esopt_graph_risk,1,29,6
budget-final-made-a9f42a5c3df0697d731894c9,50,Ce-Er-Pb-Rh,esopt_graph_risk,1,30,6
budget-final-made-a9f42a5c3df0697d731894c9,50,Ce-Er-Pb-Rh,esopt_graph_risk,1,31,6
budget-final-made-a9f42a5c3df0697d731894c9,50,Ce-Er-Pb-Rh,esopt_graph_risk,1,32,6
budget-final-made-a9f42a5c3df0697d731894c9,50,Ce-Er-Pb-Rh,esopt_graph_risk,1,33,6
budget-final-made-a9f42a5c3df0697d731894c9,50,Ce-Er-Pb-Rh,esopt_graph_risk,1,34,6
budget-final-made-a9f42a5c3df0697d731894c9,50,Ce-Er-Pb-Rh,esopt_graph_risk,1,35,7
budget-final-made-a9f42a5c3df0697d731894c9,50,Ce-Er-Pb-Rh,esopt_graph_risk,1,36,8
budget-final-made-a9f42a5c3df0697d731894c9,50,Ce-Er-Pb-Rh,esopt_graph_risk,1,37,8
budget-final-made-a9f42a5c3df0697d731894c9,50,Ce-Er-Pb-Rh,esopt_graph_risk,1,38,8
budget-final-made-a9f42a5c3df0697d731894c9,50,Ce-Er-Pb-Rh,esopt_graph_risk,1,39,8
budget-final-made-a9f42a5c3df0697d731894c9,50,Ce-Er-Pb-Rh,esopt_graph_risk,1,40,8
budget-final-made-a9f42a5c3df0697d731894c9,50,Ce-Er-Pb-Rh,esopt_graph_risk,1,41,8
budget-final-made-a9f42a5c3df0697d731894c9,50,Ce-Er-Pb-Rh,esopt_graph_risk,1,42,8
budget-final-made-a9f42a5c3df0697d731894c9,50,Ce-Er-Pb-Rh,esopt_graph_risk,1,43,8
budget-final-made-a9f42a5c3df0697d731894c9,50,Ce-Er-Pb-Rh,esopt_graph_risk,1,44,8
budget-final-made-a9f42a5c3df0697d731894c9,50,Ce-Er-Pb-Rh,esopt_graph_risk,1,45,8
budget-final-made-a9f42a5c3df0697d731894c9,50,Ce-Er-Pb-Rh,esopt_graph_risk,1,46,9
budget-final-made-a9f42a5c3df0697d731894c9,50,Ce-Er-Pb-Rh,esopt_graph_risk,1,47,9
budget-final-made-a9f42a5c3df0697d731894c9,50,Ce-Er-Pb-Rh,esopt_graph_risk,1,48,9
budget-final-made-a9f42a5c3df0697d731894c9,50,Ce-Er-Pb-Rh,esopt_graph_risk,1,49,9
budget-final-made-a9f42a5c3df0697d731894c9,50,Ce-Er-Pb-Rh,esopt_graph_risk,1,50,9
budget-final-made-45365b504c0ac1b190013103,50,Ce-Ir-Pt-Sn,baseline,1,0,0
budget-final-made-45365b504c0ac1b190013103,50,Ce-Ir-Pt-Sn,baseline,1,1,1
budget-final-made-45365b504c0ac1b190013103,50,Ce-Ir-Pt-Sn,baseline,1,2,1
budget-final-made-45365b504c0ac1b190013103,50,Ce-Ir-Pt-Sn,baseline,1,3,1
budget-final-made-45365b504c0ac1b190013103,50,Ce-Ir-Pt-Sn,baseline,1,4,1
budget-final-made-45365b504c0ac1b190013103,50,Ce-Ir-Pt-Sn,baseline,1,5,1
budget-final-made-45365b504c0ac1b190013103,50,Ce-Ir-Pt-Sn,baseline,1,6,1
budget-final-made-45365b504c0ac1b190013103,50,Ce-Ir-Pt-Sn,baseline,1,7,1
budget-final-made-45365b504c0ac1b190013103,50,Ce-Ir-Pt-Sn,baseline,1,8,1
budget-final-made-45365b504c0ac1b190013103,50,Ce-Ir-Pt-Sn,baseline,1,9,1
budget-final-made-45365b504c0ac1b190013103,50,Ce-Ir-Pt-Sn,baseline,1,10,1
budget-final-made-45365b504c0ac1b190013103,50,Ce-Ir-Pt-Sn,baseline,1,11,1
budget-final-made-45365b504c0ac1b190013103,50,Ce-Ir-Pt-Sn,baseline,1,12,1
budget-final-made-45365b504c0ac1b190013103,50,Ce-Ir-Pt-Sn,baseline,1,13,1
budget-final-made-45365b504c0ac1b190013103,50,Ce-Ir-Pt-Sn,baseline,1,14,1
budget-final-made-45365b504c0ac1b190013103,50,Ce-Ir-Pt-Sn,baseline,1,15,2
budget-final-made-45365b504c0ac1b190013103,50,Ce-Ir-Pt-Sn,baseline,1,16,2
budget-final-made-45365b504c0ac1b190013103,50,Ce-Ir-Pt-Sn,baseline,1,17,3
budget-final-made-45365b504c0ac1b190013103,50,Ce-Ir-Pt-Sn,baseline,1,18,3
budget-final-made-45365b504c0ac1b190013103,50,Ce-Ir-Pt-Sn,baseline,1,19,3
budget-final-made-45365b504c0ac1b190013103,50,Ce-Ir-Pt-Sn,baseline,1,20,3
budget-final-made-45365b504c0ac1b190013103,50,Ce-Ir-Pt-Sn,baseline,1,21,4
budget-final-made-45365b504c0ac1b190013103,50,Ce-Ir-Pt-Sn,baseline,1,22,4
budget-final-made-45365b504c0ac1b190013103,50,Ce-Ir-Pt-Sn,baseline,1,23,4
budget-final-made-45365b504c0ac1b190013103,50,Ce-Ir-Pt-Sn,baseline,1,24,4
budget-final-made-45365b504c0ac1b190013103,50,Ce-Ir-Pt-Sn,baseline,1,25,4
budget-final-made-45365b504c0ac1b190013103,50,Ce-Ir-Pt-Sn,baseline,1,26,4
budget-final-made-45365b504c0ac1b190013103,50,Ce-Ir-Pt-Sn,baseline,1,27,4
budget-final-made-45365b504c0ac1b190013103,50,Ce-Ir-Pt-Sn,baseline,1,28,5
budget-final-made-45365b504c0ac1b190013103,50,Ce-Ir-Pt-Sn,baseline,1,29,6
budget-final-made-45365b504c0ac1b190013103,50,Ce-Ir-Pt-Sn,baseline,1,30,6
budget-final-made-45365b504c0ac1b190013103,50,Ce-Ir-Pt-Sn,baseline,1,31,6
budget-final-made-45365b504c0ac1b190013103,50,Ce-Ir-Pt-Sn,baseline,1,32,6
budget-final-made-45365b504c0ac1b190013103,50,Ce-Ir-Pt-Sn,baseline,1,33,6
budget-final-made-45365b504c0ac1b190013103,50,Ce-Ir-Pt-Sn,baseline,1,34,6
budget-final-made-45365b504c0ac1b190013103,50,Ce-Ir-Pt-Sn,baseline,1,35,6
budget-final-made-45365b504c0ac1b190013103,50,Ce-Ir-Pt-Sn,baseline,1,36,6
budget-final-made-45365b504c0ac1b190013103,50,Ce-Ir-Pt-Sn,baseline,1,37,7
budget-final-made-45365b504c0ac1b190013103,50,Ce-Ir-Pt-Sn,baseline,1,38,7
budget-final-made-45365b504c0ac1b190013103,50,Ce-Ir-Pt-Sn,baseline,1,39,7
budget-final-made-45365b504c0ac1b190013103,50,Ce-Ir-Pt-Sn,baseline,1,40,7
budget-final-made-45365b504c0ac1b190013103,50,Ce-Ir-Pt-Sn,baseline,1,41,7
budget-final-made-45365b504c0ac1b190013103,50,Ce-Ir-Pt-Sn,baseline,1,42,7
budget-final-made-45365b504c0ac1b190013103,50,Ce-Ir-Pt-Sn,baseline,1,43,7
budget-final-made-45365b504c0ac1b190013103,50,Ce-Ir-Pt-Sn,baseline,1,44,7
budget-final-made-45365b504c0ac1b190013103,50,Ce-Ir-Pt-Sn,baseline,1,45,7
budget-final-made-45365b504c0ac1b190013103,50,Ce-Ir-Pt-Sn,baseline,1,46,7
budget-final-made-45365b504c0ac1b190013103,50,Ce-Ir-Pt-Sn,baseline,1,47,7
budget-final-made-45365b504c0ac1b190013103,50,Ce-Ir-Pt-Sn,baseline,1,48,7
budget-final-made-45365b504c0ac1b190013103,50,Ce-Ir-Pt-Sn,baseline,1,49,7
budget-final-made-45365b504c0ac1b190013103,50,Ce-Ir-Pt-Sn,baseline,1,50,7
budget-final-made-bb8159ca9a49151f7902da49,50,Ce-Ir-Pt-Sn,esopt_graph_risk,1,0,0
budget-final-made-bb8159ca9a49151f7902da49,50,Ce-Ir-Pt-Sn,esopt_graph_risk,1,1,0
budget-final-made-bb8159ca9a49151f7902da49,50,Ce-Ir-Pt-Sn,esopt_graph_risk,1,2,1
budget-final-made-bb8159ca9a49151f7902da49,50,Ce-Ir-Pt-Sn,esopt_graph_risk,1,3,1
budget-final-made-bb8159ca9a49151f7902da49,50,Ce-Ir-Pt-Sn,esopt_graph_risk,1,4,1
budget-final-made-bb8159ca9a49151f7902da49,50,Ce-Ir-Pt-Sn,esopt_graph_risk,1,5,2
budget-final-made-bb8159ca9a49151f7902da49,50,Ce-Ir-Pt-Sn,esopt_graph_risk,1,6,2
budget-final-made-bb8159ca9a49151f7902da49,50,Ce-Ir-Pt-Sn,esopt_graph_risk,1,7,2
budget-final-made-bb8159ca9a49151f7902da49,50,Ce-Ir-Pt-Sn,esopt_graph_risk,1,8,2
budget-final-made-bb8159ca9a49151f7902da49,50,Ce-Ir-Pt-Sn,esopt_graph_risk,1,9,2
budget-final-made-bb8159ca9a49151f7902da49,50,Ce-Ir-Pt-Sn,esopt_graph_risk,1,10,2
budget-final-made-bb8159ca9a49151f7902da49,50,Ce-Ir-Pt-Sn,esopt_graph_risk,1,11,2
budget-final-made-bb8159ca9a49151f7902da49,50,Ce-Ir-Pt-Sn,esopt_graph_risk,1,12,2
budget-final-made-bb8159ca9a49151f7902da49,50,Ce-Ir-Pt-Sn,esopt_graph_risk,1,13,3
budget-final-made-bb8159ca9a49151f7902da49,50,Ce-Ir-Pt-Sn,esopt_graph_risk,1,14,4
budget-final-made-bb8159ca9a49151f7902da49,50,Ce-Ir-Pt-Sn,esopt_graph_risk,1,15,4
budget-final-made-bb8159ca9a49151f7902da49,50,Ce-Ir-Pt-Sn,esopt_graph_risk,1,16,5
budget-final-made-bb8159ca9a49151f7902da49,50,Ce-Ir-Pt-Sn,esopt_graph_risk,1,17,5
budget-final-made-bb8159ca9a49151f7902da49,50,Ce-Ir-Pt-Sn,esopt_graph_risk,1,18,5
budget-final-made-bb8159ca9a49151f7902da49,50,Ce-Ir-Pt-Sn,esopt_graph_risk,1,19,6
budget-final-made-bb8159ca9a49151f7902da49,50,Ce-Ir-Pt-Sn,esopt_graph_risk,1,20,6
budget-final-made-bb8159ca9a49151f7902da49,50,Ce-Ir-Pt-Sn,esopt_graph_risk,1,21,6
budget-final-made-bb8159ca9a49151f7902da49,50,Ce-Ir-Pt-Sn,esopt_graph_risk,1,22,6
budget-final-made-bb8159ca9a49151f7902da49,50,Ce-Ir-Pt-Sn,esopt_graph_risk,1,23,6
budget-final-made-bb8159ca9a49151f7902da49,50,Ce-Ir-Pt-Sn,esopt_graph_risk,1,24,6
budget-final-made-bb8159ca9a49151f7902da49,50,Ce-Ir-Pt-Sn,esopt_graph_risk,1,25,7
budget-final-made-bb8159ca9a49151f7902da49,50,Ce-Ir-Pt-Sn,esopt_graph_risk,1,26,7
budget-final-made-bb8159ca9a49151f7902da49,50,Ce-Ir-Pt-Sn,esopt_graph_risk,1,27,7
budget-final-made-bb8159ca9a49151f7902da49,50,Ce-Ir-Pt-Sn,esopt_graph_risk,1,28,7
budget-final-made-bb8159ca9a49151f7902da49,50,Ce-Ir-Pt-Sn,esopt_graph_risk,1,29,7
budget-final-made-bb8159ca9a49151f7902da49,50,Ce-Ir-Pt-Sn,esopt_graph_risk,1,30,8
budget-final-made-bb8159ca9a49151f7902da49,50,Ce-Ir-Pt-Sn,esopt_graph_risk,1,31,8
budget-final-made-bb8159ca9a49151f7902da49,50,Ce-Ir-Pt-Sn,esopt_graph_risk,1,32,8
budget-final-made-bb8159ca9a49151f7902da49,50,Ce-Ir-Pt-Sn,esopt_graph_risk,1,33,8
budget-final-made-bb8159ca9a49151f7902da49,50,Ce-Ir-Pt-Sn,esopt_graph_risk,1,34,8
budget-final-made-bb8159ca9a49151f7902da49,50,Ce-Ir-Pt-Sn,esopt_graph_risk,1,35,8
budget-final-made-bb8159ca9a49151f7902da49,50,Ce-Ir-Pt-Sn,esopt_graph_risk,1,36,8
budget-final-made-bb8159ca9a49151f7902da49,50,Ce-Ir-Pt-Sn,esopt_graph_risk,1,37,9
budget-final-made-bb8159ca9a49151f7902da49,50,Ce-Ir-Pt-Sn,esopt_graph_risk,1,38,10
budget-final-made-bb8159ca9a49151f7902da49,50,Ce-Ir-Pt-Sn,esopt_graph_risk,1,39,10
budget-final-made-bb8159ca9a49151f7902da49,50,Ce-Ir-Pt-Sn,esopt_graph_risk,1,40,10
budget-final-made-bb8159ca9a49151f7902da49,50,Ce-Ir-Pt-Sn,esopt_graph_risk,1,41,10
budget-final-made-bb8159ca9a49151f7902da49,50,Ce-Ir-Pt-Sn,esopt_graph_risk,1,42,10
budget-final-made-bb8159ca9a49151f7902da49,50,Ce-Ir-Pt-Sn,esopt_graph_risk,1,43,10
budget-final-made-bb8159ca9a49151f7902da49,50,Ce-Ir-Pt-Sn,esopt_graph_risk,1,44,10
budget-final-made-bb8159ca9a49151f7902da49,50,Ce-Ir-Pt-Sn,esopt_graph_risk,1,45,10
budget-final-made-bb8159ca9a49151f7902da49,50,Ce-Ir-Pt-Sn,esopt_graph_risk,1,46,10
budget-final-made-bb8159ca9a49151f7902da49,50,Ce-Ir-Pt-Sn,esopt_graph_risk,1,47,10
budget-final-made-bb8159ca9a49151f7902da49,50,Ce-Ir-Pt-Sn,esopt_graph_risk,1,48,10
budget-final-made-bb8159ca9a49151f7902da49,50,Ce-Ir-Pt-Sn,esopt_graph_risk,1,49,10
budget-final-made-bb8159ca9a49151f7902da49,50,Ce-Ir-Pt-Sn,esopt_graph_risk,1,50,11
budget-final-made-d6fc96298c3f2bace02de4f1,50,Co-Dy-Ta-Y,baseline,1,0,0
budget-final-made-d6fc96298c3f2bace02de4f1,50,Co-Dy-Ta-Y,baseline,1,1,0
budget-final-made-d6fc96298c3f2bace02de4f1,50,Co-Dy-Ta-Y,baseline,1,2,0
budget-final-made-d6fc96298c3f2bace02de4f1,50,Co-Dy-Ta-Y,baseline,1,3,0
budget-final-made-d6fc96298c3f2bace02de4f1,50,Co-Dy-Ta-Y,baseline,1,4,0
budget-final-made-d6fc96298c3f2bace02de4f1,50,Co-Dy-Ta-Y,baseline,1,5,0
budget-final-made-d6fc96298c3f2bace02de4f1,50,Co-Dy-Ta-Y,baseline,1,6,0
budget-final-made-d6fc96298c3f2bace02de4f1,50,Co-Dy-Ta-Y,baseline,1,7,0
budget-final-made-d6fc96298c3f2bace02de4f1,50,Co-Dy-Ta-Y,baseline,1,8,0
budget-final-made-d6fc96298c3f2bace02de4f1,50,Co-Dy-Ta-Y,baseline,1,9,0
budget-final-made-d6fc96298c3f2bace02de4f1,50,Co-Dy-Ta-Y,baseline,1,10,0
budget-final-made-d6fc96298c3f2bace02de4f1,50,Co-Dy-Ta-Y,baseline,1,11,0
budget-final-made-d6fc96298c3f2bace02de4f1,50,Co-Dy-Ta-Y,baseline,1,12,0
budget-final-made-d6fc96298c3f2bace02de4f1,50,Co-Dy-Ta-Y,baseline,1,13,0
budget-final-made-d6fc96298c3f2bace02de4f1,50,Co-Dy-Ta-Y,baseline,1,14,0
budget-final-made-d6fc96298c3f2bace02de4f1,50,Co-Dy-Ta-Y,baseline,1,15,0
budget-final-made-d6fc96298c3f2bace02de4f1,50,Co-Dy-Ta-Y,baseline,1,16,0
budget-final-made-d6fc96298c3f2bace02de4f1,50,Co-Dy-Ta-Y,baseline,1,17,0
budget-final-made-d6fc96298c3f2bace02de4f1,50,Co-Dy-Ta-Y,baseline,1,18,0
budget-final-made-d6fc96298c3f2bace02de4f1,50,Co-Dy-Ta-Y,baseline,1,19,0
budget-final-made-d6fc96298c3f2bace02de4f1,50,Co-Dy-Ta-Y,baseline,1,20,0
budget-final-made-d6fc96298c3f2bace02de4f1,50,Co-Dy-Ta-Y,baseline,1,21,0
budget-final-made-d6fc96298c3f2bace02de4f1,50,Co-Dy-Ta-Y,baseline,1,22,0
budget-final-made-d6fc96298c3f2bace02de4f1,50,Co-Dy-Ta-Y,baseline,1,23,0
budget-final-made-d6fc96298c3f2bace02de4f1,50,Co-Dy-Ta-Y,baseline,1,24,0
budget-final-made-d6fc96298c3f2bace02de4f1,50,Co-Dy-Ta-Y,baseline,1,25,0
budget-final-made-d6fc96298c3f2bace02de4f1,50,Co-Dy-Ta-Y,baseline,1,26,0
budget-final-made-d6fc96298c3f2bace02de4f1,50,Co-Dy-Ta-Y,baseline,1,27,0
budget-final-made-d6fc96298c3f2bace02de4f1,50,Co-Dy-Ta-Y,baseline,1,28,0
budget-final-made-d6fc96298c3f2bace02de4f1,50,Co-Dy-Ta-Y,baseline,1,29,0
budget-final-made-d6fc96298c3f2bace02de4f1,50,Co-Dy-Ta-Y,baseline,1,30,0
budget-final-made-d6fc96298c3f2bace02de4f1,50,Co-Dy-Ta-Y,baseline,1,31,0
budget-final-made-d6fc96298c3f2bace02de4f1,50,Co-Dy-Ta-Y,baseline,1,32,0
budget-final-made-d6fc96298c3f2bace02de4f1,50,Co-Dy-Ta-Y,baseline,1,33,0
budget-final-made-d6fc96298c3f2bace02de4f1,50,Co-Dy-Ta-Y,baseline,1,34,0
budget-final-made-d6fc96298c3f2bace02de4f1,50,Co-Dy-Ta-Y,baseline,1,35,0
budget-final-made-d6fc96298c3f2bace02de4f1,50,Co-Dy-Ta-Y,baseline,1,36,0
budget-final-made-d6fc96298c3f2bace02de4f1,50,Co-Dy-Ta-Y,baseline,1,37,0
budget-final-made-d6fc96298c3f2bace02de4f1,50,Co-Dy-Ta-Y,baseline,1,38,0
budget-final-made-d6fc96298c3f2bace02de4f1,50,Co-Dy-Ta-Y,baseline,1,39,0
budget-final-made-d6fc96298c3f2bace02de4f1,50,Co-Dy-Ta-Y,baseline,1,40,0
budget-final-made-d6fc96298c3f2bace02de4f1,50,Co-Dy-Ta-Y,baseline,1,41,0
budget-final-made-d6fc96298c3f2bace02de4f1,50,Co-Dy-Ta-Y,baseline,1,42,0
budget-final-made-d6fc96298c3f2bace02de4f1,50,Co-Dy-Ta-Y,baseline,1,43,0
budget-final-made-d6fc96298c3f2bace02de4f1,50,Co-Dy-Ta-Y,baseline,1,44,0
budget-final-made-d6fc96298c3f2bace02de4f1,50,Co-Dy-Ta-Y,baseline,1,45,0
budget-final-made-d6fc96298c3f2bace02de4f1,50,Co-Dy-Ta-Y,baseline,1,46,0
budget-final-made-d6fc96298c3f2bace02de4f1,50,Co-Dy-Ta-Y,baseline,1,47,0
budget-final-made-d6fc96298c3f2bace02de4f1,50,Co-Dy-Ta-Y,baseline,1,48,0
budget-final-made-d6fc96298c3f2bace02de4f1,50,Co-Dy-Ta-Y,baseline,1,49,0
budget-final-made-d6fc96298c3f2bace02de4f1,50,Co-Dy-Ta-Y,baseline,1,50,0
budget-final-made-a69bf2fbb5e1c33fcc277477,50,Co-Dy-Ta-Y,esopt_graph_risk,1,0,0
budget-final-made-a69bf2fbb5e1c33fcc277477,50,Co-Dy-Ta-Y,esopt_graph_risk,1,1,0
budget-final-made-a69bf2fbb5e1c33fcc277477,50,Co-Dy-Ta-Y,esopt_graph_risk,1,2,1
budget-final-made-a69bf2fbb5e1c33fcc277477,50,Co-Dy-Ta-Y,esopt_graph_risk,1,3,1
budget-final-made-a69bf2fbb5e1c33fcc277477,50,Co-Dy-Ta-Y,esopt_graph_risk,1,4,1
budget-final-made-a69bf2fbb5e1c33fcc277477,50,Co-Dy-Ta-Y,esopt_graph_risk,1,5,2
budget-final-made-a69bf2fbb5e1c33fcc277477,50,Co-Dy-Ta-Y,esopt_graph_risk,1,6,2
budget-final-made-a69bf2fbb5e1c33fcc277477,50,Co-Dy-Ta-Y,esopt_graph_risk,1,7,2
budget-final-made-a69bf2fbb5e1c33fcc277477,50,Co-Dy-Ta-Y,esopt_graph_risk,1,8,2
budget-final-made-a69bf2fbb5e1c33fcc277477,50,Co-Dy-Ta-Y,esopt_graph_risk,1,9,2
budget-final-made-a69bf2fbb5e1c33fcc277477,50,Co-Dy-Ta-Y,esopt_graph_risk,1,10,2
budget-final-made-a69bf2fbb5e1c33fcc277477,50,Co-Dy-Ta-Y,esopt_graph_risk,1,11,2
budget-final-made-a69bf2fbb5e1c33fcc277477,50,Co-Dy-Ta-Y,esopt_graph_risk,1,12,2
budget-final-made-a69bf2fbb5e1c33fcc277477,50,Co-Dy-Ta-Y,esopt_graph_risk,1,13,2
budget-final-made-a69bf2fbb5e1c33fcc277477,50,Co-Dy-Ta-Y,esopt_graph_risk,1,14,2
budget-final-made-a69bf2fbb5e1c33fcc277477,50,Co-Dy-Ta-Y,esopt_graph_risk,1,15,2
budget-final-made-a69bf2fbb5e1c33fcc277477,50,Co-Dy-Ta-Y,esopt_graph_risk,1,16,2
budget-final-made-a69bf2fbb5e1c33fcc277477,50,Co-Dy-Ta-Y,esopt_graph_risk,1,17,2
budget-final-made-a69bf2fbb5e1c33fcc277477,50,Co-Dy-Ta-Y,esopt_graph_risk,1,18,2
budget-final-made-a69bf2fbb5e1c33fcc277477,50,Co-Dy-Ta-Y,esopt_graph_risk,1,19,3
budget-final-made-a69bf2fbb5e1c33fcc277477,50,Co-Dy-Ta-Y,esopt_graph_risk,1,20,3
budget-final-made-a69bf2fbb5e1c33fcc277477,50,Co-Dy-Ta-Y,esopt_graph_risk,1,21,3
budget-final-made-a69bf2fbb5e1c33fcc277477,50,Co-Dy-Ta-Y,esopt_graph_risk,1,22,3
budget-final-made-a69bf2fbb5e1c33fcc277477,50,Co-Dy-Ta-Y,esopt_graph_risk,1,23,4
budget-final-made-a69bf2fbb5e1c33fcc277477,50,Co-Dy-Ta-Y,esopt_graph_risk,1,24,5
budget-final-made-a69bf2fbb5e1c33fcc277477,50,Co-Dy-Ta-Y,esopt_graph_risk,1,25,5
budget-final-made-a69bf2fbb5e1c33fcc277477,50,Co-Dy-Ta-Y,esopt_graph_risk,1,26,5
budget-final-made-a69bf2fbb5e1c33fcc277477,50,Co-Dy-Ta-Y,esopt_graph_risk,1,27,5
budget-final-made-a69bf2fbb5e1c33fcc277477,50,Co-Dy-Ta-Y,esopt_graph_risk,1,28,5
budget-final-made-a69bf2fbb5e1c33fcc277477,50,Co-Dy-Ta-Y,esopt_graph_risk,1,29,5
budget-final-made-a69bf2fbb5e1c33fcc277477,50,Co-Dy-Ta-Y,esopt_graph_risk,1,30,5
budget-final-made-a69bf2fbb5e1c33fcc277477,50,Co-Dy-Ta-Y,esopt_graph_risk,1,31,5
budget-final-made-a69bf2fbb5e1c33fcc277477,50,Co-Dy-Ta-Y,esopt_graph_risk,1,32,5
budget-final-made-a69bf2fbb5e1c33fcc277477,50,Co-Dy-Ta-Y,esopt_graph_risk,1,33,5
budget-final-made-a69bf2fbb5e1c33fcc277477,50,Co-Dy-Ta-Y,esopt_graph_risk,1,34,5
budget-final-made-a69bf2fbb5e1c33fcc277477,50,Co-Dy-Ta-Y,esopt_graph_risk,1,35,5
budget-final-made-a69bf2fbb5e1c33fcc277477,50,Co-Dy-Ta-Y,esopt_graph_risk,1,36,6
budget-final-made-a69bf2fbb5e1c33fcc277477,50,Co-Dy-Ta-Y,esopt_graph_risk,1,37,6
budget-final-made-a69bf2fbb5e1c33fcc277477,50,Co-Dy-Ta-Y,esopt_graph_risk,1,38,6
budget-final-made-a69bf2fbb5e1c33fcc277477,50,Co-Dy-Ta-Y,esopt_graph_risk,1,39,7
budget-final-made-a69bf2fbb5e1c33fcc277477,50,Co-Dy-Ta-Y,esopt_graph_risk,1,40,8
budget-final-made-a69bf2fbb5e1c33fcc277477,50,Co-Dy-Ta-Y,esopt_graph_risk,1,41,8
budget-final-made-a69bf2fbb5e1c33fcc277477,50,Co-Dy-Ta-Y,esopt_graph_risk,1,42,9
budget-final-made-a69bf2fbb5e1c33fcc277477,50,Co-Dy-Ta-Y,esopt_graph_risk,1,43,10
budget-final-made-a69bf2fbb5e1c33fcc277477,50,Co-Dy-Ta-Y,esopt_graph_risk,1,44,11
budget-final-made-a69bf2fbb5e1c33fcc277477,50,Co-Dy-Ta-Y,esopt_graph_risk,1,45,11
budget-final-made-a69bf2fbb5e1c33fcc277477,50,Co-Dy-Ta-Y,esopt_graph_risk,1,46,11
budget-final-made-a69bf2fbb5e1c33fcc277477,50,Co-Dy-Ta-Y,esopt_graph_risk,1,47,11
budget-final-made-a69bf2fbb5e1c33fcc277477,50,Co-Dy-Ta-Y,esopt_graph_risk,1,48,11
budget-final-made-a69bf2fbb5e1c33fcc277477,50,Co-Dy-Ta-Y,esopt_graph_risk,1,49,11
budget-final-made-a69bf2fbb5e1c33fcc277477,50,Co-Dy-Ta-Y,esopt_graph_risk,1,50,11
budget-final-made-4852659a8da421cffe472868,50,Co-Dy-W,baseline,1,0,0
budget-final-made-4852659a8da421cffe472868,50,Co-Dy-W,baseline,1,1,0
budget-final-made-4852659a8da421cffe472868,50,Co-Dy-W,baseline,1,2,0
budget-final-made-4852659a8da421cffe472868,50,Co-Dy-W,baseline,1,3,0
budget-final-made-4852659a8da421cffe472868,50,Co-Dy-W,baseline,1,4,0
budget-final-made-4852659a8da421cffe472868,50,Co-Dy-W,baseline,1,5,0
budget-final-made-4852659a8da421cffe472868,50,Co-Dy-W,baseline,1,6,0
budget-final-made-4852659a8da421cffe472868,50,Co-Dy-W,baseline,1,7,0
budget-final-made-4852659a8da421cffe472868,50,Co-Dy-W,baseline,1,8,1
budget-final-made-4852659a8da421cffe472868,50,Co-Dy-W,baseline,1,9,1
budget-final-made-4852659a8da421cffe472868,50,Co-Dy-W,baseline,1,10,1
budget-final-made-4852659a8da421cffe472868,50,Co-Dy-W,baseline,1,11,1
budget-final-made-4852659a8da421cffe472868,50,Co-Dy-W,baseline,1,12,1
budget-final-made-4852659a8da421cffe472868,50,Co-Dy-W,baseline,1,13,1
budget-final-made-4852659a8da421cffe472868,50,Co-Dy-W,baseline,1,14,1
budget-final-made-4852659a8da421cffe472868,50,Co-Dy-W,baseline,1,15,1
budget-final-made-4852659a8da421cffe472868,50,Co-Dy-W,baseline,1,16,1
budget-final-made-4852659a8da421cffe472868,50,Co-Dy-W,baseline,1,17,1
budget-final-made-4852659a8da421cffe472868,50,Co-Dy-W,baseline,1,18,1
budget-final-made-4852659a8da421cffe472868,50,Co-Dy-W,baseline,1,19,1
budget-final-made-4852659a8da421cffe472868,50,Co-Dy-W,baseline,1,20,1
budget-final-made-4852659a8da421cffe472868,50,Co-Dy-W,baseline,1,21,1
budget-final-made-4852659a8da421cffe472868,50,Co-Dy-W,baseline,1,22,1
budget-final-made-4852659a8da421cffe472868,50,Co-Dy-W,baseline,1,23,1
budget-final-made-4852659a8da421cffe472868,50,Co-Dy-W,baseline,1,24,1
budget-final-made-4852659a8da421cffe472868,50,Co-Dy-W,baseline,1,25,1
budget-final-made-4852659a8da421cffe472868,50,Co-Dy-W,baseline,1,26,1
budget-final-made-4852659a8da421cffe472868,50,Co-Dy-W,baseline,1,27,1
budget-final-made-4852659a8da421cffe472868,50,Co-Dy-W,baseline,1,28,1
budget-final-made-4852659a8da421cffe472868,50,Co-Dy-W,baseline,1,29,1
budget-final-made-4852659a8da421cffe472868,50,Co-Dy-W,baseline,1,30,1
budget-final-made-4852659a8da421cffe472868,50,Co-Dy-W,baseline,1,31,1
budget-final-made-4852659a8da421cffe472868,50,Co-Dy-W,baseline,1,32,1
budget-final-made-4852659a8da421cffe472868,50,Co-Dy-W,baseline,1,33,1
budget-final-made-4852659a8da421cffe472868,50,Co-Dy-W,baseline,1,34,1
budget-final-made-4852659a8da421cffe472868,50,Co-Dy-W,baseline,1,35,1
budget-final-made-4852659a8da421cffe472868,50,Co-Dy-W,baseline,1,36,1
budget-final-made-4852659a8da421cffe472868,50,Co-Dy-W,baseline,1,37,1
budget-final-made-4852659a8da421cffe472868,50,Co-Dy-W,baseline,1,38,1
budget-final-made-4852659a8da421cffe472868,50,Co-Dy-W,baseline,1,39,1
budget-final-made-4852659a8da421cffe472868,50,Co-Dy-W,baseline,1,40,1
budget-final-made-4852659a8da421cffe472868,50,Co-Dy-W,baseline,1,41,1
budget-final-made-4852659a8da421cffe472868,50,Co-Dy-W,baseline,1,42,1
budget-final-made-4852659a8da421cffe472868,50,Co-Dy-W,baseline,1,43,1
budget-final-made-4852659a8da421cffe472868,50,Co-Dy-W,baseline,1,44,1
budget-final-made-4852659a8da421cffe472868,50,Co-Dy-W,baseline,1,45,1
budget-final-made-4852659a8da421cffe472868,50,Co-Dy-W,baseline,1,46,1
budget-final-made-4852659a8da421cffe472868,50,Co-Dy-W,baseline,1,47,1
budget-final-made-4852659a8da421cffe472868,50,Co-Dy-W,baseline,1,48,1
budget-final-made-4852659a8da421cffe472868,50,Co-Dy-W,baseline,1,49,1
budget-final-made-4852659a8da421cffe472868,50,Co-Dy-W,baseline,1,50,1
budget-final-made-2aa23651070d557dd1798aaf,50,Co-Dy-W,esopt_graph_risk,1,0,0
budget-final-made-2aa23651070d557dd1798aaf,50,Co-Dy-W,esopt_graph_risk,1,1,0
budget-final-made-2aa23651070d557dd1798aaf,50,Co-Dy-W,esopt_graph_risk,1,2,0
budget-final-made-2aa23651070d557dd1798aaf,50,Co-Dy-W,esopt_graph_risk,1,3,0
budget-final-made-2aa23651070d557dd1798aaf,50,Co-Dy-W,esopt_graph_risk,1,4,0
budget-final-made-2aa23651070d557dd1798aaf,50,Co-Dy-W,esopt_graph_risk,1,5,0
budget-final-made-2aa23651070d557dd1798aaf,50,Co-Dy-W,esopt_graph_risk,1,6,0
budget-final-made-2aa23651070d557dd1798aaf,50,Co-Dy-W,esopt_graph_risk,1,7,0
budget-final-made-2aa23651070d557dd1798aaf,50,Co-Dy-W,esopt_graph_risk,1,8,0
budget-final-made-2aa23651070d557dd1798aaf,50,Co-Dy-W,esopt_graph_risk,1,9,0
budget-final-made-2aa23651070d557dd1798aaf,50,Co-Dy-W,esopt_graph_risk,1,10,0
budget-final-made-2aa23651070d557dd1798aaf,50,Co-Dy-W,esopt_graph_risk,1,11,0
budget-final-made-2aa23651070d557dd1798aaf,50,Co-Dy-W,esopt_graph_risk,1,12,0
budget-final-made-2aa23651070d557dd1798aaf,50,Co-Dy-W,esopt_graph_risk,1,13,0
budget-final-made-2aa23651070d557dd1798aaf,50,Co-Dy-W,esopt_graph_risk,1,14,0
budget-final-made-2aa23651070d557dd1798aaf,50,Co-Dy-W,esopt_graph_risk,1,15,0
budget-final-made-2aa23651070d557dd1798aaf,50,Co-Dy-W,esopt_graph_risk,1,16,0
budget-final-made-2aa23651070d557dd1798aaf,50,Co-Dy-W,esopt_graph_risk,1,17,0
budget-final-made-2aa23651070d557dd1798aaf,50,Co-Dy-W,esopt_graph_risk,1,18,0
budget-final-made-2aa23651070d557dd1798aaf,50,Co-Dy-W,esopt_graph_risk,1,19,0
budget-final-made-2aa23651070d557dd1798aaf,50,Co-Dy-W,esopt_graph_risk,1,20,0
budget-final-made-2aa23651070d557dd1798aaf,50,Co-Dy-W,esopt_graph_risk,1,21,0
budget-final-made-2aa23651070d557dd1798aaf,50,Co-Dy-W,esopt_graph_risk,1,22,0
budget-final-made-2aa23651070d557dd1798aaf,50,Co-Dy-W,esopt_graph_risk,1,23,0
budget-final-made-2aa23651070d557dd1798aaf,50,Co-Dy-W,esopt_graph_risk,1,24,0
budget-final-made-2aa23651070d557dd1798aaf,50,Co-Dy-W,esopt_graph_risk,1,25,0
budget-final-made-2aa23651070d557dd1798aaf,50,Co-Dy-W,esopt_graph_risk,1,26,0
budget-final-made-2aa23651070d557dd1798aaf,50,Co-Dy-W,esopt_graph_risk,1,27,0
budget-final-made-2aa23651070d557dd1798aaf,50,Co-Dy-W,esopt_graph_risk,1,28,0
budget-final-made-2aa23651070d557dd1798aaf,50,Co-Dy-W,esopt_graph_risk,1,29,0
budget-final-made-2aa23651070d557dd1798aaf,50,Co-Dy-W,esopt_graph_risk,1,30,0
budget-final-made-2aa23651070d557dd1798aaf,50,Co-Dy-W,esopt_graph_risk,1,31,0
budget-final-made-2aa23651070d557dd1798aaf,50,Co-Dy-W,esopt_graph_risk,1,32,0
budget-final-made-2aa23651070d557dd1798aaf,50,Co-Dy-W,esopt_graph_risk,1,33,0
budget-final-made-2aa23651070d557dd1798aaf,50,Co-Dy-W,esopt_graph_risk,1,34,0
budget-final-made-2aa23651070d557dd1798aaf,50,Co-Dy-W,esopt_graph_risk,1,35,0
budget-final-made-2aa23651070d557dd1798aaf,50,Co-Dy-W,esopt_graph_risk,1,36,0
budget-final-made-2aa23651070d557dd1798aaf,50,Co-Dy-W,esopt_graph_risk,1,37,0
budget-final-made-2aa23651070d557dd1798aaf,50,Co-Dy-W,esopt_graph_risk,1,38,0
budget-final-made-2aa23651070d557dd1798aaf,50,Co-Dy-W,esopt_graph_risk,1,39,0
budget-final-made-2aa23651070d557dd1798aaf,50,Co-Dy-W,esopt_graph_risk,1,40,0
budget-final-made-2aa23651070d557dd1798aaf,50,Co-Dy-W,esopt_graph_risk,1,41,0
budget-final-made-2aa23651070d557dd1798aaf,50,Co-Dy-W,esopt_graph_risk,1,42,0
budget-final-made-2aa23651070d557dd1798aaf,50,Co-Dy-W,esopt_graph_risk,1,43,0
budget-final-made-2aa23651070d557dd1798aaf,50,Co-Dy-W,esopt_graph_risk,1,44,0
budget-final-made-2aa23651070d557dd1798aaf,50,Co-Dy-W,esopt_graph_risk,1,45,0
budget-final-made-2aa23651070d557dd1798aaf,50,Co-Dy-W,esopt_graph_risk,1,46,0
budget-final-made-2aa23651070d557dd1798aaf,50,Co-Dy-W,esopt_graph_risk,1,47,0
budget-final-made-2aa23651070d557dd1798aaf,50,Co-Dy-W,esopt_graph_risk,1,48,0
budget-final-made-2aa23651070d557dd1798aaf,50,Co-Dy-W,esopt_graph_risk,1,49,0
budget-final-made-2aa23651070d557dd1798aaf,50,Co-Dy-W,esopt_graph_risk,1,50,0
budget-final-made-339cc9960fdb3dd15eb7a385,50,Co-Hf-In-Ru-Tm,baseline,1,0,0
budget-final-made-339cc9960fdb3dd15eb7a385,50,Co-Hf-In-Ru-Tm,baseline,1,1,0
budget-final-made-339cc9960fdb3dd15eb7a385,50,Co-Hf-In-Ru-Tm,baseline,1,2,0
budget-final-made-339cc9960fdb3dd15eb7a385,50,Co-Hf-In-Ru-Tm,baseline,1,3,0
budget-final-made-339cc9960fdb3dd15eb7a385,50,Co-Hf-In-Ru-Tm,baseline,1,4,0
budget-final-made-339cc9960fdb3dd15eb7a385,50,Co-Hf-In-Ru-Tm,baseline,1,5,0
budget-final-made-339cc9960fdb3dd15eb7a385,50,Co-Hf-In-Ru-Tm,baseline,1,6,0
budget-final-made-339cc9960fdb3dd15eb7a385,50,Co-Hf-In-Ru-Tm,baseline,1,7,0
budget-final-made-339cc9960fdb3dd15eb7a385,50,Co-Hf-In-Ru-Tm,baseline,1,8,0
budget-final-made-339cc9960fdb3dd15eb7a385,50,Co-Hf-In-Ru-Tm,baseline,1,9,0
budget-final-made-339cc9960fdb3dd15eb7a385,50,Co-Hf-In-Ru-Tm,baseline,1,10,0
budget-final-made-339cc9960fdb3dd15eb7a385,50,Co-Hf-In-Ru-Tm,baseline,1,11,0
budget-final-made-339cc9960fdb3dd15eb7a385,50,Co-Hf-In-Ru-Tm,baseline,1,12,0
budget-final-made-339cc9960fdb3dd15eb7a385,50,Co-Hf-In-Ru-Tm,baseline,1,13,0
budget-final-made-339cc9960fdb3dd15eb7a385,50,Co-Hf-In-Ru-Tm,baseline,1,14,0
budget-final-made-339cc9960fdb3dd15eb7a385,50,Co-Hf-In-Ru-Tm,baseline,1,15,0
budget-final-made-339cc9960fdb3dd15eb7a385,50,Co-Hf-In-Ru-Tm,baseline,1,16,0
budget-final-made-339cc9960fdb3dd15eb7a385,50,Co-Hf-In-Ru-Tm,baseline,1,17,0
budget-final-made-339cc9960fdb3dd15eb7a385,50,Co-Hf-In-Ru-Tm,baseline,1,18,0
budget-final-made-339cc9960fdb3dd15eb7a385,50,Co-Hf-In-Ru-Tm,baseline,1,19,0
budget-final-made-339cc9960fdb3dd15eb7a385,50,Co-Hf-In-Ru-Tm,baseline,1,20,0
budget-final-made-339cc9960fdb3dd15eb7a385,50,Co-Hf-In-Ru-Tm,baseline,1,21,0
budget-final-made-339cc9960fdb3dd15eb7a385,50,Co-Hf-In-Ru-Tm,baseline,1,22,0
budget-final-made-339cc9960fdb3dd15eb7a385,50,Co-Hf-In-Ru-Tm,baseline,1,23,0
budget-final-made-339cc9960fdb3dd15eb7a385,50,Co-Hf-In-Ru-Tm,baseline,1,24,0
budget-final-made-339cc9960fdb3dd15eb7a385,50,Co-Hf-In-Ru-Tm,baseline,1,25,0
budget-final-made-339cc9960fdb3dd15eb7a385,50,Co-Hf-In-Ru-Tm,baseline,1,26,0
budget-final-made-339cc9960fdb3dd15eb7a385,50,Co-Hf-In-Ru-Tm,baseline,1,27,0
budget-final-made-339cc9960fdb3dd15eb7a385,50,Co-Hf-In-Ru-Tm,baseline,1,28,0
budget-final-made-339cc9960fdb3dd15eb7a385,50,Co-Hf-In-Ru-Tm,baseline,1,29,0
budget-final-made-339cc9960fdb3dd15eb7a385,50,Co-Hf-In-Ru-Tm,baseline,1,30,0
budget-final-made-339cc9960fdb3dd15eb7a385,50,Co-Hf-In-Ru-Tm,baseline,1,31,0
budget-final-made-339cc9960fdb3dd15eb7a385,50,Co-Hf-In-Ru-Tm,baseline,1,32,0
budget-final-made-339cc9960fdb3dd15eb7a385,50,Co-Hf-In-Ru-Tm,baseline,1,33,0
budget-final-made-339cc9960fdb3dd15eb7a385,50,Co-Hf-In-Ru-Tm,baseline,1,34,0
budget-final-made-339cc9960fdb3dd15eb7a385,50,Co-Hf-In-Ru-Tm,baseline,1,35,0
budget-final-made-339cc9960fdb3dd15eb7a385,50,Co-Hf-In-Ru-Tm,baseline,1,36,0
budget-final-made-339cc9960fdb3dd15eb7a385,50,Co-Hf-In-Ru-Tm,baseline,1,37,0
budget-final-made-339cc9960fdb3dd15eb7a385,50,Co-Hf-In-Ru-Tm,baseline,1,38,0
budget-final-made-339cc9960fdb3dd15eb7a385,50,Co-Hf-In-Ru-Tm,baseline,1,39,0
budget-final-made-339cc9960fdb3dd15eb7a385,50,Co-Hf-In-Ru-Tm,baseline,1,40,0
budget-final-made-339cc9960fdb3dd15eb7a385,50,Co-Hf-In-Ru-Tm,baseline,1,41,0
budget-final-made-339cc9960fdb3dd15eb7a385,50,Co-Hf-In-Ru-Tm,baseline,1,42,0
budget-final-made-339cc9960fdb3dd15eb7a385,50,Co-Hf-In-Ru-Tm,baseline,1,43,0
budget-final-made-339cc9960fdb3dd15eb7a385,50,Co-Hf-In-Ru-Tm,baseline,1,44,0
budget-final-made-339cc9960fdb3dd15eb7a385,50,Co-Hf-In-Ru-Tm,baseline,1,45,0
budget-final-made-339cc9960fdb3dd15eb7a385,50,Co-Hf-In-Ru-Tm,baseline,1,46,0
budget-final-made-339cc9960fdb3dd15eb7a385,50,Co-Hf-In-Ru-Tm,baseline,1,47,0
budget-final-made-339cc9960fdb3dd15eb7a385,50,Co-Hf-In-Ru-Tm,baseline,1,48,0
budget-final-made-339cc9960fdb3dd15eb7a385,50,Co-Hf-In-Ru-Tm,baseline,1,49,0
budget-final-made-339cc9960fdb3dd15eb7a385,50,Co-Hf-In-Ru-Tm,baseline,1,50,0
budget-final-made-696722e1920faee55ba5bb13,50,Co-Hf-In-Ru-Tm,esopt_graph_risk,1,0,0
budget-final-made-696722e1920faee55ba5bb13,50,Co-Hf-In-Ru-Tm,esopt_graph_risk,1,1,0
budget-final-made-696722e1920faee55ba5bb13,50,Co-Hf-In-Ru-Tm,esopt_graph_risk,1,2,0
budget-final-made-696722e1920faee55ba5bb13,50,Co-Hf-In-Ru-Tm,esopt_graph_risk,1,3,0
budget-final-made-696722e1920faee55ba5bb13,50,Co-Hf-In-Ru-Tm,esopt_graph_risk,1,4,0
budget-final-made-696722e1920faee55ba5bb13,50,Co-Hf-In-Ru-Tm,esopt_graph_risk,1,5,0
budget-final-made-696722e1920faee55ba5bb13,50,Co-Hf-In-Ru-Tm,esopt_graph_risk,1,6,0
budget-final-made-696722e1920faee55ba5bb13,50,Co-Hf-In-Ru-Tm,esopt_graph_risk,1,7,0
budget-final-made-696722e1920faee55ba5bb13,50,Co-Hf-In-Ru-Tm,esopt_graph_risk,1,8,0
budget-final-made-696722e1920faee55ba5bb13,50,Co-Hf-In-Ru-Tm,esopt_graph_risk,1,9,0
budget-final-made-696722e1920faee55ba5bb13,50,Co-Hf-In-Ru-Tm,esopt_graph_risk,1,10,0
budget-final-made-696722e1920faee55ba5bb13,50,Co-Hf-In-Ru-Tm,esopt_graph_risk,1,11,0
budget-final-made-696722e1920faee55ba5bb13,50,Co-Hf-In-Ru-Tm,esopt_graph_risk,1,12,0
budget-final-made-696722e1920faee55ba5bb13,50,Co-Hf-In-Ru-Tm,esopt_graph_risk,1,13,0
budget-final-made-696722e1920faee55ba5bb13,50,Co-Hf-In-Ru-Tm,esopt_graph_risk,1,14,0
budget-final-made-696722e1920faee55ba5bb13,50,Co-Hf-In-Ru-Tm,esopt_graph_risk,1,15,0
budget-final-made-696722e1920faee55ba5bb13,50,Co-Hf-In-Ru-Tm,esopt_graph_risk,1,16,0
budget-final-made-696722e1920faee55ba5bb13,50,Co-Hf-In-Ru-Tm,esopt_graph_risk,1,17,0
budget-final-made-696722e1920faee55ba5bb13,50,Co-Hf-In-Ru-Tm,esopt_graph_risk,1,18,0
budget-final-made-696722e1920faee55ba5bb13,50,Co-Hf-In-Ru-Tm,esopt_graph_risk,1,19,0
budget-final-made-696722e1920faee55ba5bb13,50,Co-Hf-In-Ru-Tm,esopt_graph_risk,1,20,0
budget-final-made-696722e1920faee55ba5bb13,50,Co-Hf-In-Ru-Tm,esopt_graph_risk,1,21,0
budget-final-made-696722e1920faee55ba5bb13,50,Co-Hf-In-Ru-Tm,esopt_graph_risk,1,22,0
budget-final-made-696722e1920faee55ba5bb13,50,Co-Hf-In-Ru-Tm,esopt_graph_risk,1,23,0
budget-final-made-696722e1920faee55ba5bb13,50,Co-Hf-In-Ru-Tm,esopt_graph_risk,1,24,0
budget-final-made-696722e1920faee55ba5bb13,50,Co-Hf-In-Ru-Tm,esopt_graph_risk,1,25,0
budget-final-made-696722e1920faee55ba5bb13,50,Co-Hf-In-Ru-Tm,esopt_graph_risk,1,26,0
budget-final-made-696722e1920faee55ba5bb13,50,Co-Hf-In-Ru-Tm,esopt_graph_risk,1,27,0
budget-final-made-696722e1920faee55ba5bb13,50,Co-Hf-In-Ru-Tm,esopt_graph_risk,1,28,0
budget-final-made-696722e1920faee55ba5bb13,50,Co-Hf-In-Ru-Tm,esopt_graph_risk,1,29,0
budget-final-made-696722e1920faee55ba5bb13,50,Co-Hf-In-Ru-Tm,esopt_graph_risk,1,30,0
budget-final-made-696722e1920faee55ba5bb13,50,Co-Hf-In-Ru-Tm,esopt_graph_risk,1,31,0
budget-final-made-696722e1920faee55ba5bb13,50,Co-Hf-In-Ru-Tm,esopt_graph_risk,1,32,0
budget-final-made-696722e1920faee55ba5bb13,50,Co-Hf-In-Ru-Tm,esopt_graph_risk,1,33,0
budget-final-made-696722e1920faee55ba5bb13,50,Co-Hf-In-Ru-Tm,esopt_graph_risk,1,34,0
budget-final-made-696722e1920faee55ba5bb13,50,Co-Hf-In-Ru-Tm,esopt_graph_risk,1,35,0
budget-final-made-696722e1920faee55ba5bb13,50,Co-Hf-In-Ru-Tm,esopt_graph_risk,1,36,0
budget-final-made-696722e1920faee55ba5bb13,50,Co-Hf-In-Ru-Tm,esopt_graph_risk,1,37,0
budget-final-made-696722e1920faee55ba5bb13,50,Co-Hf-In-Ru-Tm,esopt_graph_risk,1,38,0
budget-final-made-696722e1920faee55ba5bb13,50,Co-Hf-In-Ru-Tm,esopt_graph_risk,1,39,0
budget-final-made-696722e1920faee55ba5bb13,50,Co-Hf-In-Ru-Tm,esopt_graph_risk,1,40,0
budget-final-made-696722e1920faee55ba5bb13,50,Co-Hf-In-Ru-Tm,esopt_graph_risk,1,41,0
budget-final-made-696722e1920faee55ba5bb13,50,Co-Hf-In-Ru-Tm,esopt_graph_risk,1,42,0
budget-final-made-696722e1920faee55ba5bb13,50,Co-Hf-In-Ru-Tm,esopt_graph_risk,1,43,0
budget-final-made-696722e1920faee55ba5bb13,50,Co-Hf-In-Ru-Tm,esopt_graph_risk,1,44,0
budget-final-made-696722e1920faee55ba5bb13,50,Co-Hf-In-Ru-Tm,esopt_graph_risk,1,45,0
budget-final-made-696722e1920faee55ba5bb13,50,Co-Hf-In-Ru-Tm,esopt_graph_risk,1,46,0
budget-final-made-696722e1920faee55ba5bb13,50,Co-Hf-In-Ru-Tm,esopt_graph_risk,1,47,0
budget-final-made-696722e1920faee55ba5bb13,50,Co-Hf-In-Ru-Tm,esopt_graph_risk,1,48,0
budget-final-made-696722e1920faee55ba5bb13,50,Co-Hf-In-Ru-Tm,esopt_graph_risk,1,49,0
budget-final-made-696722e1920faee55ba5bb13,50,Co-Hf-In-Ru-Tm,esopt_graph_risk,1,50,0
budget-final-made-4db6d3deb619f440b7b2c6e4,50,Co-Hg-Mg-Sr-W,baseline,1,0,0
budget-final-made-4db6d3deb619f440b7b2c6e4,50,Co-Hg-Mg-Sr-W,baseline,1,1,0
budget-final-made-4db6d3deb619f440b7b2c6e4,50,Co-Hg-Mg-Sr-W,baseline,1,2,0
budget-final-made-4db6d3deb619f440b7b2c6e4,50,Co-Hg-Mg-Sr-W,baseline,1,3,0
budget-final-made-4db6d3deb619f440b7b2c6e4,50,Co-Hg-Mg-Sr-W,baseline,1,4,0
budget-final-made-4db6d3deb619f440b7b2c6e4,50,Co-Hg-Mg-Sr-W,baseline,1,5,0
budget-final-made-4db6d3deb619f440b7b2c6e4,50,Co-Hg-Mg-Sr-W,baseline,1,6,0
budget-final-made-4db6d3deb619f440b7b2c6e4,50,Co-Hg-Mg-Sr-W,baseline,1,7,0
budget-final-made-4db6d3deb619f440b7b2c6e4,50,Co-Hg-Mg-Sr-W,baseline,1,8,0
budget-final-made-4db6d3deb619f440b7b2c6e4,50,Co-Hg-Mg-Sr-W,baseline,1,9,0
budget-final-made-4db6d3deb619f440b7b2c6e4,50,Co-Hg-Mg-Sr-W,baseline,1,10,0
budget-final-made-4db6d3deb619f440b7b2c6e4,50,Co-Hg-Mg-Sr-W,baseline,1,11,0
budget-final-made-4db6d3deb619f440b7b2c6e4,50,Co-Hg-Mg-Sr-W,baseline,1,12,0
budget-final-made-4db6d3deb619f440b7b2c6e4,50,Co-Hg-Mg-Sr-W,baseline,1,13,0
budget-final-made-4db6d3deb619f440b7b2c6e4,50,Co-Hg-Mg-Sr-W,baseline,1,14,0
budget-final-made-4db6d3deb619f440b7b2c6e4,50,Co-Hg-Mg-Sr-W,baseline,1,15,0
budget-final-made-4db6d3deb619f440b7b2c6e4,50,Co-Hg-Mg-Sr-W,baseline,1,16,0
budget-final-made-4db6d3deb619f440b7b2c6e4,50,Co-Hg-Mg-Sr-W,baseline,1,17,0
budget-final-made-4db6d3deb619f440b7b2c6e4,50,Co-Hg-Mg-Sr-W,baseline,1,18,0
budget-final-made-4db6d3deb619f440b7b2c6e4,50,Co-Hg-Mg-Sr-W,baseline,1,19,0
budget-final-made-4db6d3deb619f440b7b2c6e4,50,Co-Hg-Mg-Sr-W,baseline,1,20,0
budget-final-made-4db6d3deb619f440b7b2c6e4,50,Co-Hg-Mg-Sr-W,baseline,1,21,0
budget-final-made-4db6d3deb619f440b7b2c6e4,50,Co-Hg-Mg-Sr-W,baseline,1,22,0
budget-final-made-4db6d3deb619f440b7b2c6e4,50,Co-Hg-Mg-Sr-W,baseline,1,23,0
budget-final-made-4db6d3deb619f440b7b2c6e4,50,Co-Hg-Mg-Sr-W,baseline,1,24,0
budget-final-made-4db6d3deb619f440b7b2c6e4,50,Co-Hg-Mg-Sr-W,baseline,1,25,0
budget-final-made-4db6d3deb619f440b7b2c6e4,50,Co-Hg-Mg-Sr-W,baseline,1,26,0
budget-final-made-4db6d3deb619f440b7b2c6e4,50,Co-Hg-Mg-Sr-W,baseline,1,27,0
budget-final-made-4db6d3deb619f440b7b2c6e4,50,Co-Hg-Mg-Sr-W,baseline,1,28,0
budget-final-made-4db6d3deb619f440b7b2c6e4,50,Co-Hg-Mg-Sr-W,baseline,1,29,0
budget-final-made-4db6d3deb619f440b7b2c6e4,50,Co-Hg-Mg-Sr-W,baseline,1,30,0
budget-final-made-4db6d3deb619f440b7b2c6e4,50,Co-Hg-Mg-Sr-W,baseline,1,31,0
budget-final-made-4db6d3deb619f440b7b2c6e4,50,Co-Hg-Mg-Sr-W,baseline,1,32,0
budget-final-made-4db6d3deb619f440b7b2c6e4,50,Co-Hg-Mg-Sr-W,baseline,1,33,0
budget-final-made-4db6d3deb619f440b7b2c6e4,50,Co-Hg-Mg-Sr-W,baseline,1,34,0
budget-final-made-4db6d3deb619f440b7b2c6e4,50,Co-Hg-Mg-Sr-W,baseline,1,35,0
budget-final-made-4db6d3deb619f440b7b2c6e4,50,Co-Hg-Mg-Sr-W,baseline,1,36,0
budget-final-made-4db6d3deb619f440b7b2c6e4,50,Co-Hg-Mg-Sr-W,baseline,1,37,0
budget-final-made-4db6d3deb619f440b7b2c6e4,50,Co-Hg-Mg-Sr-W,baseline,1,38,0
budget-final-made-4db6d3deb619f440b7b2c6e4,50,Co-Hg-Mg-Sr-W,baseline,1,39,0
budget-final-made-4db6d3deb619f440b7b2c6e4,50,Co-Hg-Mg-Sr-W,baseline,1,40,0
budget-final-made-4db6d3deb619f440b7b2c6e4,50,Co-Hg-Mg-Sr-W,baseline,1,41,0
budget-final-made-4db6d3deb619f440b7b2c6e4,50,Co-Hg-Mg-Sr-W,baseline,1,42,0
budget-final-made-4db6d3deb619f440b7b2c6e4,50,Co-Hg-Mg-Sr-W,baseline,1,43,0
budget-final-made-4db6d3deb619f440b7b2c6e4,50,Co-Hg-Mg-Sr-W,baseline,1,44,0
budget-final-made-4db6d3deb619f440b7b2c6e4,50,Co-Hg-Mg-Sr-W,baseline,1,45,0
budget-final-made-4db6d3deb619f440b7b2c6e4,50,Co-Hg-Mg-Sr-W,baseline,1,46,0
budget-final-made-4db6d3deb619f440b7b2c6e4,50,Co-Hg-Mg-Sr-W,baseline,1,47,0
budget-final-made-4db6d3deb619f440b7b2c6e4,50,Co-Hg-Mg-Sr-W,baseline,1,48,0
budget-final-made-4db6d3deb619f440b7b2c6e4,50,Co-Hg-Mg-Sr-W,baseline,1,49,0
budget-final-made-4db6d3deb619f440b7b2c6e4,50,Co-Hg-Mg-Sr-W,baseline,1,50,0
budget-final-made-b6f6d11565bd714bb5123b47,50,Co-Hg-Mg-Sr-W,esopt_graph_risk,1,0,0
budget-final-made-b6f6d11565bd714bb5123b47,50,Co-Hg-Mg-Sr-W,esopt_graph_risk,1,1,0
budget-final-made-b6f6d11565bd714bb5123b47,50,Co-Hg-Mg-Sr-W,esopt_graph_risk,1,2,1
budget-final-made-b6f6d11565bd714bb5123b47,50,Co-Hg-Mg-Sr-W,esopt_graph_risk,1,3,2
budget-final-made-b6f6d11565bd714bb5123b47,50,Co-Hg-Mg-Sr-W,esopt_graph_risk,1,4,3
budget-final-made-b6f6d11565bd714bb5123b47,50,Co-Hg-Mg-Sr-W,esopt_graph_risk,1,5,4
budget-final-made-b6f6d11565bd714bb5123b47,50,Co-Hg-Mg-Sr-W,esopt_graph_risk,1,6,4
budget-final-made-b6f6d11565bd714bb5123b47,50,Co-Hg-Mg-Sr-W,esopt_graph_risk,1,7,4
budget-final-made-b6f6d11565bd714bb5123b47,50,Co-Hg-Mg-Sr-W,esopt_graph_risk,1,8,4
budget-final-made-b6f6d11565bd714bb5123b47,50,Co-Hg-Mg-Sr-W,esopt_graph_risk,1,9,4
budget-final-made-b6f6d11565bd714bb5123b47,50,Co-Hg-Mg-Sr-W,esopt_graph_risk,1,10,4
budget-final-made-b6f6d11565bd714bb5123b47,50,Co-Hg-Mg-Sr-W,esopt_graph_risk,1,11,4
budget-final-made-b6f6d11565bd714bb5123b47,50,Co-Hg-Mg-Sr-W,esopt_graph_risk,1,12,4
budget-final-made-b6f6d11565bd714bb5123b47,50,Co-Hg-Mg-Sr-W,esopt_graph_risk,1,13,4
budget-final-made-b6f6d11565bd714bb5123b47,50,Co-Hg-Mg-Sr-W,esopt_graph_risk,1,14,4
budget-final-made-b6f6d11565bd714bb5123b47,50,Co-Hg-Mg-Sr-W,esopt_graph_risk,1,15,4
budget-final-made-b6f6d11565bd714bb5123b47,50,Co-Hg-Mg-Sr-W,esopt_graph_risk,1,16,4
budget-final-made-b6f6d11565bd714bb5123b47,50,Co-Hg-Mg-Sr-W,esopt_graph_risk,1,17,4
budget-final-made-b6f6d11565bd714bb5123b47,50,Co-Hg-Mg-Sr-W,esopt_graph_risk,1,18,4
budget-final-made-b6f6d11565bd714bb5123b47,50,Co-Hg-Mg-Sr-W,esopt_graph_risk,1,19,4
budget-final-made-b6f6d11565bd714bb5123b47,50,Co-Hg-Mg-Sr-W,esopt_graph_risk,1,20,4
budget-final-made-b6f6d11565bd714bb5123b47,50,Co-Hg-Mg-Sr-W,esopt_graph_risk,1,21,4
budget-final-made-b6f6d11565bd714bb5123b47,50,Co-Hg-Mg-Sr-W,esopt_graph_risk,1,22,4
budget-final-made-b6f6d11565bd714bb5123b47,50,Co-Hg-Mg-Sr-W,esopt_graph_risk,1,23,4
budget-final-made-b6f6d11565bd714bb5123b47,50,Co-Hg-Mg-Sr-W,esopt_graph_risk,1,24,4
budget-final-made-b6f6d11565bd714bb5123b47,50,Co-Hg-Mg-Sr-W,esopt_graph_risk,1,25,4
budget-final-made-b6f6d11565bd714bb5123b47,50,Co-Hg-Mg-Sr-W,esopt_graph_risk,1,26,4
budget-final-made-b6f6d11565bd714bb5123b47,50,Co-Hg-Mg-Sr-W,esopt_graph_risk,1,27,4
budget-final-made-b6f6d11565bd714bb5123b47,50,Co-Hg-Mg-Sr-W,esopt_graph_risk,1,28,4
budget-final-made-b6f6d11565bd714bb5123b47,50,Co-Hg-Mg-Sr-W,esopt_graph_risk,1,29,4
budget-final-made-b6f6d11565bd714bb5123b47,50,Co-Hg-Mg-Sr-W,esopt_graph_risk,1,30,4
budget-final-made-b6f6d11565bd714bb5123b47,50,Co-Hg-Mg-Sr-W,esopt_graph_risk,1,31,4
budget-final-made-b6f6d11565bd714bb5123b47,50,Co-Hg-Mg-Sr-W,esopt_graph_risk,1,32,4
budget-final-made-b6f6d11565bd714bb5123b47,50,Co-Hg-Mg-Sr-W,esopt_graph_risk,1,33,4
budget-final-made-b6f6d11565bd714bb5123b47,50,Co-Hg-Mg-Sr-W,esopt_graph_risk,1,34,4
budget-final-made-b6f6d11565bd714bb5123b47,50,Co-Hg-Mg-Sr-W,esopt_graph_risk,1,35,4
budget-final-made-b6f6d11565bd714bb5123b47,50,Co-Hg-Mg-Sr-W,esopt_graph_risk,1,36,4
budget-final-made-b6f6d11565bd714bb5123b47,50,Co-Hg-Mg-Sr-W,esopt_graph_risk,1,37,4
budget-final-made-b6f6d11565bd714bb5123b47,50,Co-Hg-Mg-Sr-W,esopt_graph_risk,1,38,4
budget-final-made-b6f6d11565bd714bb5123b47,50,Co-Hg-Mg-Sr-W,esopt_graph_risk,1,39,4
budget-final-made-b6f6d11565bd714bb5123b47,50,Co-Hg-Mg-Sr-W,esopt_graph_risk,1,40,4
budget-final-made-b6f6d11565bd714bb5123b47,50,Co-Hg-Mg-Sr-W,esopt_graph_risk,1,41,4
budget-final-made-b6f6d11565bd714bb5123b47,50,Co-Hg-Mg-Sr-W,esopt_graph_risk,1,42,4
budget-final-made-b6f6d11565bd714bb5123b47,50,Co-Hg-Mg-Sr-W,esopt_graph_risk,1,43,4
budget-final-made-b6f6d11565bd714bb5123b47,50,Co-Hg-Mg-Sr-W,esopt_graph_risk,1,44,4
budget-final-made-b6f6d11565bd714bb5123b47,50,Co-Hg-Mg-Sr-W,esopt_graph_risk,1,45,4
budget-final-made-b6f6d11565bd714bb5123b47,50,Co-Hg-Mg-Sr-W,esopt_graph_risk,1,46,4
budget-final-made-b6f6d11565bd714bb5123b47,50,Co-Hg-Mg-Sr-W,esopt_graph_risk,1,47,4
budget-final-made-b6f6d11565bd714bb5123b47,50,Co-Hg-Mg-Sr-W,esopt_graph_risk,1,48,4
budget-final-made-b6f6d11565bd714bb5123b47,50,Co-Hg-Mg-Sr-W,esopt_graph_risk,1,49,4
budget-final-made-b6f6d11565bd714bb5123b47,50,Co-Hg-Mg-Sr-W,esopt_graph_risk,1,50,4
budget-final-made-a4b419bfd299830e3ddd0ac9,50,Co-Mg-Na,baseline,1,0,0
budget-final-made-a4b419bfd299830e3ddd0ac9,50,Co-Mg-Na,baseline,1,1,0
budget-final-made-a4b419bfd299830e3ddd0ac9,50,Co-Mg-Na,baseline,1,2,0
budget-final-made-a4b419bfd299830e3ddd0ac9,50,Co-Mg-Na,baseline,1,3,0
budget-final-made-a4b419bfd299830e3ddd0ac9,50,Co-Mg-Na,baseline,1,4,0
budget-final-made-a4b419bfd299830e3ddd0ac9,50,Co-Mg-Na,baseline,1,5,0
budget-final-made-a4b419bfd299830e3ddd0ac9,50,Co-Mg-Na,baseline,1,6,0
budget-final-made-a4b419bfd299830e3ddd0ac9,50,Co-Mg-Na,baseline,1,7,0
budget-final-made-a4b419bfd299830e3ddd0ac9,50,Co-Mg-Na,baseline,1,8,0
budget-final-made-a4b419bfd299830e3ddd0ac9,50,Co-Mg-Na,baseline,1,9,0
budget-final-made-a4b419bfd299830e3ddd0ac9,50,Co-Mg-Na,baseline,1,10,0
budget-final-made-a4b419bfd299830e3ddd0ac9,50,Co-Mg-Na,baseline,1,11,0
budget-final-made-a4b419bfd299830e3ddd0ac9,50,Co-Mg-Na,baseline,1,12,0
budget-final-made-a4b419bfd299830e3ddd0ac9,50,Co-Mg-Na,baseline,1,13,0
budget-final-made-a4b419bfd299830e3ddd0ac9,50,Co-Mg-Na,baseline,1,14,0
budget-final-made-a4b419bfd299830e3ddd0ac9,50,Co-Mg-Na,baseline,1,15,0
budget-final-made-a4b419bfd299830e3ddd0ac9,50,Co-Mg-Na,baseline,1,16,0
budget-final-made-a4b419bfd299830e3ddd0ac9,50,Co-Mg-Na,baseline,1,17,0
budget-final-made-a4b419bfd299830e3ddd0ac9,50,Co-Mg-Na,baseline,1,18,0
budget-final-made-a4b419bfd299830e3ddd0ac9,50,Co-Mg-Na,baseline,1,19,0
budget-final-made-a4b419bfd299830e3ddd0ac9,50,Co-Mg-Na,baseline,1,20,0
budget-final-made-a4b419bfd299830e3ddd0ac9,50,Co-Mg-Na,baseline,1,21,0
budget-final-made-a4b419bfd299830e3ddd0ac9,50,Co-Mg-Na,baseline,1,22,0
budget-final-made-a4b419bfd299830e3ddd0ac9,50,Co-Mg-Na,baseline,1,23,0
budget-final-made-a4b419bfd299830e3ddd0ac9,50,Co-Mg-Na,baseline,1,24,0
budget-final-made-a4b419bfd299830e3ddd0ac9,50,Co-Mg-Na,baseline,1,25,0
budget-final-made-a4b419bfd299830e3ddd0ac9,50,Co-Mg-Na,baseline,1,26,0
budget-final-made-a4b419bfd299830e3ddd0ac9,50,Co-Mg-Na,baseline,1,27,0
budget-final-made-a4b419bfd299830e3ddd0ac9,50,Co-Mg-Na,baseline,1,28,0
budget-final-made-a4b419bfd299830e3ddd0ac9,50,Co-Mg-Na,baseline,1,29,0
budget-final-made-a4b419bfd299830e3ddd0ac9,50,Co-Mg-Na,baseline,1,30,0
budget-final-made-a4b419bfd299830e3ddd0ac9,50,Co-Mg-Na,baseline,1,31,0
budget-final-made-a4b419bfd299830e3ddd0ac9,50,Co-Mg-Na,baseline,1,32,0
budget-final-made-a4b419bfd299830e3ddd0ac9,50,Co-Mg-Na,baseline,1,33,0
budget-final-made-a4b419bfd299830e3ddd0ac9,50,Co-Mg-Na,baseline,1,34,0
budget-final-made-a4b419bfd299830e3ddd0ac9,50,Co-Mg-Na,baseline,1,35,0
budget-final-made-a4b419bfd299830e3ddd0ac9,50,Co-Mg-Na,baseline,1,36,0
budget-final-made-a4b419bfd299830e3ddd0ac9,50,Co-Mg-Na,baseline,1,37,0
budget-final-made-a4b419bfd299830e3ddd0ac9,50,Co-Mg-Na,baseline,1,38,0
budget-final-made-a4b419bfd299830e3ddd0ac9,50,Co-Mg-Na,baseline,1,39,0
budget-final-made-a4b419bfd299830e3ddd0ac9,50,Co-Mg-Na,baseline,1,40,0
budget-final-made-a4b419bfd299830e3ddd0ac9,50,Co-Mg-Na,baseline,1,41,0
budget-final-made-a4b419bfd299830e3ddd0ac9,50,Co-Mg-Na,baseline,1,42,0
budget-final-made-a4b419bfd299830e3ddd0ac9,50,Co-Mg-Na,baseline,1,43,0
budget-final-made-a4b419bfd299830e3ddd0ac9,50,Co-Mg-Na,baseline,1,44,0
budget-final-made-a4b419bfd299830e3ddd0ac9,50,Co-Mg-Na,baseline,1,45,0
budget-final-made-a4b419bfd299830e3ddd0ac9,50,Co-Mg-Na,baseline,1,46,0
budget-final-made-a4b419bfd299830e3ddd0ac9,50,Co-Mg-Na,baseline,1,47,0
budget-final-made-a4b419bfd299830e3ddd0ac9,50,Co-Mg-Na,baseline,1,48,0
budget-final-made-a4b419bfd299830e3ddd0ac9,50,Co-Mg-Na,baseline,1,49,0
budget-final-made-a4b419bfd299830e3ddd0ac9,50,Co-Mg-Na,baseline,1,50,0
budget-final-made-867bc3d2d51a6f76a133984a,50,Co-Mg-Na,esopt_graph_risk,1,0,0
budget-final-made-867bc3d2d51a6f76a133984a,50,Co-Mg-Na,esopt_graph_risk,1,1,0
budget-final-made-867bc3d2d51a6f76a133984a,50,Co-Mg-Na,esopt_graph_risk,1,2,0
budget-final-made-867bc3d2d51a6f76a133984a,50,Co-Mg-Na,esopt_graph_risk,1,3,0
budget-final-made-867bc3d2d51a6f76a133984a,50,Co-Mg-Na,esopt_graph_risk,1,4,0
budget-final-made-867bc3d2d51a6f76a133984a,50,Co-Mg-Na,esopt_graph_risk,1,5,0
budget-final-made-867bc3d2d51a6f76a133984a,50,Co-Mg-Na,esopt_graph_risk,1,6,0
budget-final-made-867bc3d2d51a6f76a133984a,50,Co-Mg-Na,esopt_graph_risk,1,7,0
budget-final-made-867bc3d2d51a6f76a133984a,50,Co-Mg-Na,esopt_graph_risk,1,8,0
budget-final-made-867bc3d2d51a6f76a133984a,50,Co-Mg-Na,esopt_graph_risk,1,9,0
budget-final-made-867bc3d2d51a6f76a133984a,50,Co-Mg-Na,esopt_graph_risk,1,10,0
budget-final-made-867bc3d2d51a6f76a133984a,50,Co-Mg-Na,esopt_graph_risk,1,11,0
budget-final-made-867bc3d2d51a6f76a133984a,50,Co-Mg-Na,esopt_graph_risk,1,12,0
budget-final-made-867bc3d2d51a6f76a133984a,50,Co-Mg-Na,esopt_graph_risk,1,13,0
budget-final-made-867bc3d2d51a6f76a133984a,50,Co-Mg-Na,esopt_graph_risk,1,14,0
budget-final-made-867bc3d2d51a6f76a133984a,50,Co-Mg-Na,esopt_graph_risk,1,15,0
budget-final-made-867bc3d2d51a6f76a133984a,50,Co-Mg-Na,esopt_graph_risk,1,16,0
budget-final-made-867bc3d2d51a6f76a133984a,50,Co-Mg-Na,esopt_graph_risk,1,17,0
budget-final-made-867bc3d2d51a6f76a133984a,50,Co-Mg-Na,esopt_graph_risk,1,18,0
budget-final-made-867bc3d2d51a6f76a133984a,50,Co-Mg-Na,esopt_graph_risk,1,19,0
budget-final-made-867bc3d2d51a6f76a133984a,50,Co-Mg-Na,esopt_graph_risk,1,20,0
budget-final-made-867bc3d2d51a6f76a133984a,50,Co-Mg-Na,esopt_graph_risk,1,21,0
budget-final-made-867bc3d2d51a6f76a133984a,50,Co-Mg-Na,esopt_graph_risk,1,22,0
budget-final-made-867bc3d2d51a6f76a133984a,50,Co-Mg-Na,esopt_graph_risk,1,23,0
budget-final-made-867bc3d2d51a6f76a133984a,50,Co-Mg-Na,esopt_graph_risk,1,24,0
budget-final-made-867bc3d2d51a6f76a133984a,50,Co-Mg-Na,esopt_graph_risk,1,25,0
budget-final-made-867bc3d2d51a6f76a133984a,50,Co-Mg-Na,esopt_graph_risk,1,26,0
budget-final-made-867bc3d2d51a6f76a133984a,50,Co-Mg-Na,esopt_graph_risk,1,27,0
budget-final-made-867bc3d2d51a6f76a133984a,50,Co-Mg-Na,esopt_graph_risk,1,28,0
budget-final-made-867bc3d2d51a6f76a133984a,50,Co-Mg-Na,esopt_graph_risk,1,29,0
budget-final-made-867bc3d2d51a6f76a133984a,50,Co-Mg-Na,esopt_graph_risk,1,30,0
budget-final-made-867bc3d2d51a6f76a133984a,50,Co-Mg-Na,esopt_graph_risk,1,31,0
budget-final-made-867bc3d2d51a6f76a133984a,50,Co-Mg-Na,esopt_graph_risk,1,32,0
budget-final-made-867bc3d2d51a6f76a133984a,50,Co-Mg-Na,esopt_graph_risk,1,33,0
budget-final-made-867bc3d2d51a6f76a133984a,50,Co-Mg-Na,esopt_graph_risk,1,34,0
budget-final-made-867bc3d2d51a6f76a133984a,50,Co-Mg-Na,esopt_graph_risk,1,35,0
budget-final-made-867bc3d2d51a6f76a133984a,50,Co-Mg-Na,esopt_graph_risk,1,36,0
budget-final-made-867bc3d2d51a6f76a133984a,50,Co-Mg-Na,esopt_graph_risk,1,37,0
budget-final-made-867bc3d2d51a6f76a133984a,50,Co-Mg-Na,esopt_graph_risk,1,38,0
budget-final-made-867bc3d2d51a6f76a133984a,50,Co-Mg-Na,esopt_graph_risk,1,39,0
budget-final-made-867bc3d2d51a6f76a133984a,50,Co-Mg-Na,esopt_graph_risk,1,40,0
budget-final-made-867bc3d2d51a6f76a133984a,50,Co-Mg-Na,esopt_graph_risk,1,41,0
budget-final-made-867bc3d2d51a6f76a133984a,50,Co-Mg-Na,esopt_graph_risk,1,42,0
budget-final-made-867bc3d2d51a6f76a133984a,50,Co-Mg-Na,esopt_graph_risk,1,43,0
budget-final-made-867bc3d2d51a6f76a133984a,50,Co-Mg-Na,esopt_graph_risk,1,44,0
budget-final-made-867bc3d2d51a6f76a133984a,50,Co-Mg-Na,esopt_graph_risk,1,45,0
budget-final-made-867bc3d2d51a6f76a133984a,50,Co-Mg-Na,esopt_graph_risk,1,46,0
budget-final-made-867bc3d2d51a6f76a133984a,50,Co-Mg-Na,esopt_graph_risk,1,47,0
budget-final-made-867bc3d2d51a6f76a133984a,50,Co-Mg-Na,esopt_graph_risk,1,48,0
budget-final-made-867bc3d2d51a6f76a133984a,50,Co-Mg-Na,esopt_graph_risk,1,49,0
budget-final-made-867bc3d2d51a6f76a133984a,50,Co-Mg-Na,esopt_graph_risk,1,50,0
budget-final-made-e5490b1842d80aa458d12c64,50,Co-Pd-Tl,baseline,1,0,0
budget-final-made-e5490b1842d80aa458d12c64,50,Co-Pd-Tl,baseline,1,1,1
budget-final-made-e5490b1842d80aa458d12c64,50,Co-Pd-Tl,baseline,1,2,2
budget-final-made-e5490b1842d80aa458d12c64,50,Co-Pd-Tl,baseline,1,3,3
budget-final-made-e5490b1842d80aa458d12c64,50,Co-Pd-Tl,baseline,1,4,4
budget-final-made-e5490b1842d80aa458d12c64,50,Co-Pd-Tl,baseline,1,5,5
budget-final-made-e5490b1842d80aa458d12c64,50,Co-Pd-Tl,baseline,1,6,5
budget-final-made-e5490b1842d80aa458d12c64,50,Co-Pd-Tl,baseline,1,7,5
budget-final-made-e5490b1842d80aa458d12c64,50,Co-Pd-Tl,baseline,1,8,6
budget-final-made-e5490b1842d80aa458d12c64,50,Co-Pd-Tl,baseline,1,9,7
budget-final-made-e5490b1842d80aa458d12c64,50,Co-Pd-Tl,baseline,1,10,8
budget-final-made-e5490b1842d80aa458d12c64,50,Co-Pd-Tl,baseline,1,11,9
budget-final-made-e5490b1842d80aa458d12c64,50,Co-Pd-Tl,baseline,1,12,9
budget-final-made-e5490b1842d80aa458d12c64,50,Co-Pd-Tl,baseline,1,13,10
budget-final-made-e5490b1842d80aa458d12c64,50,Co-Pd-Tl,baseline,1,14,11
budget-final-made-e5490b1842d80aa458d12c64,50,Co-Pd-Tl,baseline,1,15,12
budget-final-made-e5490b1842d80aa458d12c64,50,Co-Pd-Tl,baseline,1,16,13
budget-final-made-e5490b1842d80aa458d12c64,50,Co-Pd-Tl,baseline,1,17,14
budget-final-made-e5490b1842d80aa458d12c64,50,Co-Pd-Tl,baseline,1,18,15
budget-final-made-e5490b1842d80aa458d12c64,50,Co-Pd-Tl,baseline,1,19,15
budget-final-made-e5490b1842d80aa458d12c64,50,Co-Pd-Tl,baseline,1,20,16
budget-final-made-e5490b1842d80aa458d12c64,50,Co-Pd-Tl,baseline,1,21,16
budget-final-made-e5490b1842d80aa458d12c64,50,Co-Pd-Tl,baseline,1,22,17
budget-final-made-e5490b1842d80aa458d12c64,50,Co-Pd-Tl,baseline,1,23,18
budget-final-made-e5490b1842d80aa458d12c64,50,Co-Pd-Tl,baseline,1,24,18
budget-final-made-e5490b1842d80aa458d12c64,50,Co-Pd-Tl,baseline,1,25,18
budget-final-made-e5490b1842d80aa458d12c64,50,Co-Pd-Tl,baseline,1,26,19
budget-final-made-e5490b1842d80aa458d12c64,50,Co-Pd-Tl,baseline,1,27,19
budget-final-made-e5490b1842d80aa458d12c64,50,Co-Pd-Tl,baseline,1,28,20
budget-final-made-e5490b1842d80aa458d12c64,50,Co-Pd-Tl,baseline,1,29,21
budget-final-made-e5490b1842d80aa458d12c64,50,Co-Pd-Tl,baseline,1,30,22
budget-final-made-e5490b1842d80aa458d12c64,50,Co-Pd-Tl,baseline,1,31,22
budget-final-made-e5490b1842d80aa458d12c64,50,Co-Pd-Tl,baseline,1,32,23
budget-final-made-e5490b1842d80aa458d12c64,50,Co-Pd-Tl,baseline,1,33,23
budget-final-made-e5490b1842d80aa458d12c64,50,Co-Pd-Tl,baseline,1,34,23
budget-final-made-e5490b1842d80aa458d12c64,50,Co-Pd-Tl,baseline,1,35,24
budget-final-made-e5490b1842d80aa458d12c64,50,Co-Pd-Tl,baseline,1,36,25
budget-final-made-e5490b1842d80aa458d12c64,50,Co-Pd-Tl,baseline,1,37,26
budget-final-made-e5490b1842d80aa458d12c64,50,Co-Pd-Tl,baseline,1,38,27
budget-final-made-e5490b1842d80aa458d12c64,50,Co-Pd-Tl,baseline,1,39,28
budget-final-made-e5490b1842d80aa458d12c64,50,Co-Pd-Tl,baseline,1,40,29
budget-final-made-e5490b1842d80aa458d12c64,50,Co-Pd-Tl,baseline,1,41,29
budget-final-made-e5490b1842d80aa458d12c64,50,Co-Pd-Tl,baseline,1,42,29
budget-final-made-e5490b1842d80aa458d12c64,50,Co-Pd-Tl,baseline,1,43,29
budget-final-made-e5490b1842d80aa458d12c64,50,Co-Pd-Tl,baseline,1,44,29
budget-final-made-e5490b1842d80aa458d12c64,50,Co-Pd-Tl,baseline,1,45,29
budget-final-made-e5490b1842d80aa458d12c64,50,Co-Pd-Tl,baseline,1,46,29
budget-final-made-e5490b1842d80aa458d12c64,50,Co-Pd-Tl,baseline,1,47,29
budget-final-made-e5490b1842d80aa458d12c64,50,Co-Pd-Tl,baseline,1,48,29
budget-final-made-e5490b1842d80aa458d12c64,50,Co-Pd-Tl,baseline,1,49,29
budget-final-made-e5490b1842d80aa458d12c64,50,Co-Pd-Tl,baseline,1,50,29
budget-final-made-b9d3f700f718a9f5be723b23,50,Co-Pd-Tl,esopt_graph_risk,1,0,0
budget-final-made-b9d3f700f718a9f5be723b23,50,Co-Pd-Tl,esopt_graph_risk,1,1,0
budget-final-made-b9d3f700f718a9f5be723b23,50,Co-Pd-Tl,esopt_graph_risk,1,2,0
budget-final-made-b9d3f700f718a9f5be723b23,50,Co-Pd-Tl,esopt_graph_risk,1,3,0
budget-final-made-b9d3f700f718a9f5be723b23,50,Co-Pd-Tl,esopt_graph_risk,1,4,0
budget-final-made-b9d3f700f718a9f5be723b23,50,Co-Pd-Tl,esopt_graph_risk,1,5,0
budget-final-made-b9d3f700f718a9f5be723b23,50,Co-Pd-Tl,esopt_graph_risk,1,6,0
budget-final-made-b9d3f700f718a9f5be723b23,50,Co-Pd-Tl,esopt_graph_risk,1,7,0
budget-final-made-b9d3f700f718a9f5be723b23,50,Co-Pd-Tl,esopt_graph_risk,1,8,0
budget-final-made-b9d3f700f718a9f5be723b23,50,Co-Pd-Tl,esopt_graph_risk,1,9,0
budget-final-made-b9d3f700f718a9f5be723b23,50,Co-Pd-Tl,esopt_graph_risk,1,10,0
budget-final-made-b9d3f700f718a9f5be723b23,50,Co-Pd-Tl,esopt_graph_risk,1,11,0
budget-final-made-b9d3f700f718a9f5be723b23,50,Co-Pd-Tl,esopt_graph_risk,1,12,0
budget-final-made-b9d3f700f718a9f5be723b23,50,Co-Pd-Tl,esopt_graph_risk,1,13,0
budget-final-made-b9d3f700f718a9f5be723b23,50,Co-Pd-Tl,esopt_graph_risk,1,14,0
budget-final-made-b9d3f700f718a9f5be723b23,50,Co-Pd-Tl,esopt_graph_risk,1,15,1
budget-final-made-b9d3f700f718a9f5be723b23,50,Co-Pd-Tl,esopt_graph_risk,1,16,1
budget-final-made-b9d3f700f718a9f5be723b23,50,Co-Pd-Tl,esopt_graph_risk,1,17,1
budget-final-made-b9d3f700f718a9f5be723b23,50,Co-Pd-Tl,esopt_graph_risk,1,18,1
budget-final-made-b9d3f700f718a9f5be723b23,50,Co-Pd-Tl,esopt_graph_risk,1,19,1
budget-final-made-b9d3f700f718a9f5be723b23,50,Co-Pd-Tl,esopt_graph_risk,1,20,1
budget-final-made-b9d3f700f718a9f5be723b23,50,Co-Pd-Tl,esopt_graph_risk,1,21,2
budget-final-made-b9d3f700f718a9f5be723b23,50,Co-Pd-Tl,esopt_graph_risk,1,22,2
budget-final-made-b9d3f700f718a9f5be723b23,50,Co-Pd-Tl,esopt_graph_risk,1,23,2
budget-final-made-b9d3f700f718a9f5be723b23,50,Co-Pd-Tl,esopt_graph_risk,1,24,2
budget-final-made-b9d3f700f718a9f5be723b23,50,Co-Pd-Tl,esopt_graph_risk,1,25,2
budget-final-made-b9d3f700f718a9f5be723b23,50,Co-Pd-Tl,esopt_graph_risk,1,26,2
budget-final-made-b9d3f700f718a9f5be723b23,50,Co-Pd-Tl,esopt_graph_risk,1,27,2
budget-final-made-b9d3f700f718a9f5be723b23,50,Co-Pd-Tl,esopt_graph_risk,1,28,2
budget-final-made-b9d3f700f718a9f5be723b23,50,Co-Pd-Tl,esopt_graph_risk,1,29,2
budget-final-made-b9d3f700f718a9f5be723b23,50,Co-Pd-Tl,esopt_graph_risk,1,30,2
budget-final-made-b9d3f700f718a9f5be723b23,50,Co-Pd-Tl,esopt_graph_risk,1,31,2
budget-final-made-b9d3f700f718a9f5be723b23,50,Co-Pd-Tl,esopt_graph_risk,1,32,2
budget-final-made-b9d3f700f718a9f5be723b23,50,Co-Pd-Tl,esopt_graph_risk,1,33,2
budget-final-made-b9d3f700f718a9f5be723b23,50,Co-Pd-Tl,esopt_graph_risk,1,34,2
budget-final-made-b9d3f700f718a9f5be723b23,50,Co-Pd-Tl,esopt_graph_risk,1,35,2
budget-final-made-b9d3f700f718a9f5be723b23,50,Co-Pd-Tl,esopt_graph_risk,1,36,2
budget-final-made-b9d3f700f718a9f5be723b23,50,Co-Pd-Tl,esopt_graph_risk,1,37,2
budget-final-made-b9d3f700f718a9f5be723b23,50,Co-Pd-Tl,esopt_graph_risk,1,38,2
budget-final-made-b9d3f700f718a9f5be723b23,50,Co-Pd-Tl,esopt_graph_risk,1,39,2
budget-final-made-b9d3f700f718a9f5be723b23,50,Co-Pd-Tl,esopt_graph_risk,1,40,2
budget-final-made-b9d3f700f718a9f5be723b23,50,Co-Pd-Tl,esopt_graph_risk,1,41,2
budget-final-made-b9d3f700f718a9f5be723b23,50,Co-Pd-Tl,esopt_graph_risk,1,42,2
budget-final-made-b9d3f700f718a9f5be723b23,50,Co-Pd-Tl,esopt_graph_risk,1,43,2
budget-final-made-b9d3f700f718a9f5be723b23,50,Co-Pd-Tl,esopt_graph_risk,1,44,2
budget-final-made-b9d3f700f718a9f5be723b23,50,Co-Pd-Tl,esopt_graph_risk,1,45,2
budget-final-made-b9d3f700f718a9f5be723b23,50,Co-Pd-Tl,esopt_graph_risk,1,46,2
budget-final-made-b9d3f700f718a9f5be723b23,50,Co-Pd-Tl,esopt_graph_risk,1,47,2
budget-final-made-b9d3f700f718a9f5be723b23,50,Co-Pd-Tl,esopt_graph_risk,1,48,2
budget-final-made-b9d3f700f718a9f5be723b23,50,Co-Pd-Tl,esopt_graph_risk,1,49,2
budget-final-made-b9d3f700f718a9f5be723b23,50,Co-Pd-Tl,esopt_graph_risk,1,50,2
budget-final-made-5580309187278a94e12a461b,50,Cr-Fe-Lu-Pt-Sc,baseline,1,0,0
budget-final-made-5580309187278a94e12a461b,50,Cr-Fe-Lu-Pt-Sc,baseline,1,1,0
budget-final-made-5580309187278a94e12a461b,50,Cr-Fe-Lu-Pt-Sc,baseline,1,2,0
budget-final-made-5580309187278a94e12a461b,50,Cr-Fe-Lu-Pt-Sc,baseline,1,3,0
budget-final-made-5580309187278a94e12a461b,50,Cr-Fe-Lu-Pt-Sc,baseline,1,4,0
budget-final-made-5580309187278a94e12a461b,50,Cr-Fe-Lu-Pt-Sc,baseline,1,5,0
budget-final-made-5580309187278a94e12a461b,50,Cr-Fe-Lu-Pt-Sc,baseline,1,6,0
budget-final-made-5580309187278a94e12a461b,50,Cr-Fe-Lu-Pt-Sc,baseline,1,7,0
budget-final-made-5580309187278a94e12a461b,50,Cr-Fe-Lu-Pt-Sc,baseline,1,8,0
budget-final-made-5580309187278a94e12a461b,50,Cr-Fe-Lu-Pt-Sc,baseline,1,9,0
budget-final-made-5580309187278a94e12a461b,50,Cr-Fe-Lu-Pt-Sc,baseline,1,10,0
budget-final-made-5580309187278a94e12a461b,50,Cr-Fe-Lu-Pt-Sc,baseline,1,11,0
budget-final-made-5580309187278a94e12a461b,50,Cr-Fe-Lu-Pt-Sc,baseline,1,12,0
budget-final-made-5580309187278a94e12a461b,50,Cr-Fe-Lu-Pt-Sc,baseline,1,13,0
budget-final-made-5580309187278a94e12a461b,50,Cr-Fe-Lu-Pt-Sc,baseline,1,14,0
budget-final-made-5580309187278a94e12a461b,50,Cr-Fe-Lu-Pt-Sc,baseline,1,15,0
budget-final-made-5580309187278a94e12a461b,50,Cr-Fe-Lu-Pt-Sc,baseline,1,16,0
budget-final-made-5580309187278a94e12a461b,50,Cr-Fe-Lu-Pt-Sc,baseline,1,17,0
budget-final-made-5580309187278a94e12a461b,50,Cr-Fe-Lu-Pt-Sc,baseline,1,18,0
budget-final-made-5580309187278a94e12a461b,50,Cr-Fe-Lu-Pt-Sc,baseline,1,19,0
budget-final-made-5580309187278a94e12a461b,50,Cr-Fe-Lu-Pt-Sc,baseline,1,20,0
budget-final-made-5580309187278a94e12a461b,50,Cr-Fe-Lu-Pt-Sc,baseline,1,21,0
budget-final-made-5580309187278a94e12a461b,50,Cr-Fe-Lu-Pt-Sc,baseline,1,22,0
budget-final-made-5580309187278a94e12a461b,50,Cr-Fe-Lu-Pt-Sc,baseline,1,23,0
budget-final-made-5580309187278a94e12a461b,50,Cr-Fe-Lu-Pt-Sc,baseline,1,24,0
budget-final-made-5580309187278a94e12a461b,50,Cr-Fe-Lu-Pt-Sc,baseline,1,25,0
budget-final-made-5580309187278a94e12a461b,50,Cr-Fe-Lu-Pt-Sc,baseline,1,26,0
budget-final-made-5580309187278a94e12a461b,50,Cr-Fe-Lu-Pt-Sc,baseline,1,27,0
budget-final-made-5580309187278a94e12a461b,50,Cr-Fe-Lu-Pt-Sc,baseline,1,28,0
budget-final-made-5580309187278a94e12a461b,50,Cr-Fe-Lu-Pt-Sc,baseline,1,29,0
budget-final-made-5580309187278a94e12a461b,50,Cr-Fe-Lu-Pt-Sc,baseline,1,30,0
budget-final-made-5580309187278a94e12a461b,50,Cr-Fe-Lu-Pt-Sc,baseline,1,31,0
budget-final-made-5580309187278a94e12a461b,50,Cr-Fe-Lu-Pt-Sc,baseline,1,32,0
budget-final-made-5580309187278a94e12a461b,50,Cr-Fe-Lu-Pt-Sc,baseline,1,33,0
budget-final-made-5580309187278a94e12a461b,50,Cr-Fe-Lu-Pt-Sc,baseline,1,34,0
budget-final-made-5580309187278a94e12a461b,50,Cr-Fe-Lu-Pt-Sc,baseline,1,35,0
budget-final-made-5580309187278a94e12a461b,50,Cr-Fe-Lu-Pt-Sc,baseline,1,36,0
budget-final-made-5580309187278a94e12a461b,50,Cr-Fe-Lu-Pt-Sc,baseline,1,37,0
budget-final-made-5580309187278a94e12a461b,50,Cr-Fe-Lu-Pt-Sc,baseline,1,38,0
budget-final-made-5580309187278a94e12a461b,50,Cr-Fe-Lu-Pt-Sc,baseline,1,39,0
budget-final-made-5580309187278a94e12a461b,50,Cr-Fe-Lu-Pt-Sc,baseline,1,40,0
budget-final-made-5580309187278a94e12a461b,50,Cr-Fe-Lu-Pt-Sc,baseline,1,41,0
budget-final-made-5580309187278a94e12a461b,50,Cr-Fe-Lu-Pt-Sc,baseline,1,42,0
budget-final-made-5580309187278a94e12a461b,50,Cr-Fe-Lu-Pt-Sc,baseline,1,43,0
budget-final-made-5580309187278a94e12a461b,50,Cr-Fe-Lu-Pt-Sc,baseline,1,44,0
budget-final-made-5580309187278a94e12a461b,50,Cr-Fe-Lu-Pt-Sc,baseline,1,45,0
budget-final-made-5580309187278a94e12a461b,50,Cr-Fe-Lu-Pt-Sc,baseline,1,46,0
budget-final-made-5580309187278a94e12a461b,50,Cr-Fe-Lu-Pt-Sc,baseline,1,47,0
budget-final-made-5580309187278a94e12a461b,50,Cr-Fe-Lu-Pt-Sc,baseline,1,48,0
budget-final-made-5580309187278a94e12a461b,50,Cr-Fe-Lu-Pt-Sc,baseline,1,49,0
budget-final-made-5580309187278a94e12a461b,50,Cr-Fe-Lu-Pt-Sc,baseline,1,50,0
budget-final-made-271c5a74480fa1c6c7400c98,50,Cr-Fe-Lu-Pt-Sc,esopt_graph_risk,1,0,0
budget-final-made-271c5a74480fa1c6c7400c98,50,Cr-Fe-Lu-Pt-Sc,esopt_graph_risk,1,1,0
budget-final-made-271c5a74480fa1c6c7400c98,50,Cr-Fe-Lu-Pt-Sc,esopt_graph_risk,1,2,0
budget-final-made-271c5a74480fa1c6c7400c98,50,Cr-Fe-Lu-Pt-Sc,esopt_graph_risk,1,3,0
budget-final-made-271c5a74480fa1c6c7400c98,50,Cr-Fe-Lu-Pt-Sc,esopt_graph_risk,1,4,0
budget-final-made-271c5a74480fa1c6c7400c98,50,Cr-Fe-Lu-Pt-Sc,esopt_graph_risk,1,5,0
budget-final-made-271c5a74480fa1c6c7400c98,50,Cr-Fe-Lu-Pt-Sc,esopt_graph_risk,1,6,0
budget-final-made-271c5a74480fa1c6c7400c98,50,Cr-Fe-Lu-Pt-Sc,esopt_graph_risk,1,7,0
budget-final-made-271c5a74480fa1c6c7400c98,50,Cr-Fe-Lu-Pt-Sc,esopt_graph_risk,1,8,0
budget-final-made-271c5a74480fa1c6c7400c98,50,Cr-Fe-Lu-Pt-Sc,esopt_graph_risk,1,9,0
budget-final-made-271c5a74480fa1c6c7400c98,50,Cr-Fe-Lu-Pt-Sc,esopt_graph_risk,1,10,0
budget-final-made-271c5a74480fa1c6c7400c98,50,Cr-Fe-Lu-Pt-Sc,esopt_graph_risk,1,11,0
budget-final-made-271c5a74480fa1c6c7400c98,50,Cr-Fe-Lu-Pt-Sc,esopt_graph_risk,1,12,0
budget-final-made-271c5a74480fa1c6c7400c98,50,Cr-Fe-Lu-Pt-Sc,esopt_graph_risk,1,13,0
budget-final-made-271c5a74480fa1c6c7400c98,50,Cr-Fe-Lu-Pt-Sc,esopt_graph_risk,1,14,0
budget-final-made-271c5a74480fa1c6c7400c98,50,Cr-Fe-Lu-Pt-Sc,esopt_graph_risk,1,15,0
budget-final-made-271c5a74480fa1c6c7400c98,50,Cr-Fe-Lu-Pt-Sc,esopt_graph_risk,1,16,0
budget-final-made-271c5a74480fa1c6c7400c98,50,Cr-Fe-Lu-Pt-Sc,esopt_graph_risk,1,17,0
budget-final-made-271c5a74480fa1c6c7400c98,50,Cr-Fe-Lu-Pt-Sc,esopt_graph_risk,1,18,0
budget-final-made-271c5a74480fa1c6c7400c98,50,Cr-Fe-Lu-Pt-Sc,esopt_graph_risk,1,19,0
budget-final-made-271c5a74480fa1c6c7400c98,50,Cr-Fe-Lu-Pt-Sc,esopt_graph_risk,1,20,0
budget-final-made-271c5a74480fa1c6c7400c98,50,Cr-Fe-Lu-Pt-Sc,esopt_graph_risk,1,21,0
budget-final-made-271c5a74480fa1c6c7400c98,50,Cr-Fe-Lu-Pt-Sc,esopt_graph_risk,1,22,0
budget-final-made-271c5a74480fa1c6c7400c98,50,Cr-Fe-Lu-Pt-Sc,esopt_graph_risk,1,23,0
budget-final-made-271c5a74480fa1c6c7400c98,50,Cr-Fe-Lu-Pt-Sc,esopt_graph_risk,1,24,0
budget-final-made-271c5a74480fa1c6c7400c98,50,Cr-Fe-Lu-Pt-Sc,esopt_graph_risk,1,25,0
budget-final-made-271c5a74480fa1c6c7400c98,50,Cr-Fe-Lu-Pt-Sc,esopt_graph_risk,1,26,0
budget-final-made-271c5a74480fa1c6c7400c98,50,Cr-Fe-Lu-Pt-Sc,esopt_graph_risk,1,27,0
budget-final-made-271c5a74480fa1c6c7400c98,50,Cr-Fe-Lu-Pt-Sc,esopt_graph_risk,1,28,0
budget-final-made-271c5a74480fa1c6c7400c98,50,Cr-Fe-Lu-Pt-Sc,esopt_graph_risk,1,29,0
budget-final-made-271c5a74480fa1c6c7400c98,50,Cr-Fe-Lu-Pt-Sc,esopt_graph_risk,1,30,0
budget-final-made-271c5a74480fa1c6c7400c98,50,Cr-Fe-Lu-Pt-Sc,esopt_graph_risk,1,31,0
budget-final-made-271c5a74480fa1c6c7400c98,50,Cr-Fe-Lu-Pt-Sc,esopt_graph_risk,1,32,0
budget-final-made-271c5a74480fa1c6c7400c98,50,Cr-Fe-Lu-Pt-Sc,esopt_graph_risk,1,33,0
budget-final-made-271c5a74480fa1c6c7400c98,50,Cr-Fe-Lu-Pt-Sc,esopt_graph_risk,1,34,0
budget-final-made-271c5a74480fa1c6c7400c98,50,Cr-Fe-Lu-Pt-Sc,esopt_graph_risk,1,35,0
budget-final-made-271c5a74480fa1c6c7400c98,50,Cr-Fe-Lu-Pt-Sc,esopt_graph_risk,1,36,0
budget-final-made-271c5a74480fa1c6c7400c98,50,Cr-Fe-Lu-Pt-Sc,esopt_graph_risk,1,37,0
budget-final-made-271c5a74480fa1c6c7400c98,50,Cr-Fe-Lu-Pt-Sc,esopt_graph_risk,1,38,0
budget-final-made-271c5a74480fa1c6c7400c98,50,Cr-Fe-Lu-Pt-Sc,esopt_graph_risk,1,39,0
budget-final-made-271c5a74480fa1c6c7400c98,50,Cr-Fe-Lu-Pt-Sc,esopt_graph_risk,1,40,0
budget-final-made-271c5a74480fa1c6c7400c98,50,Cr-Fe-Lu-Pt-Sc,esopt_graph_risk,1,41,0
budget-final-made-271c5a74480fa1c6c7400c98,50,Cr-Fe-Lu-Pt-Sc,esopt_graph_risk,1,42,0
budget-final-made-271c5a74480fa1c6c7400c98,50,Cr-Fe-Lu-Pt-Sc,esopt_graph_risk,1,43,0
budget-final-made-271c5a74480fa1c6c7400c98,50,Cr-Fe-Lu-Pt-Sc,esopt_graph_risk,1,44,0
budget-final-made-271c5a74480fa1c6c7400c98,50,Cr-Fe-Lu-Pt-Sc,esopt_graph_risk,1,45,0
budget-final-made-271c5a74480fa1c6c7400c98,50,Cr-Fe-Lu-Pt-Sc,esopt_graph_risk,1,46,0
budget-final-made-271c5a74480fa1c6c7400c98,50,Cr-Fe-Lu-Pt-Sc,esopt_graph_risk,1,47,0
budget-final-made-271c5a74480fa1c6c7400c98,50,Cr-Fe-Lu-Pt-Sc,esopt_graph_risk,1,48,0
budget-final-made-271c5a74480fa1c6c7400c98,50,Cr-Fe-Lu-Pt-Sc,esopt_graph_risk,1,49,0
budget-final-made-271c5a74480fa1c6c7400c98,50,Cr-Fe-Lu-Pt-Sc,esopt_graph_risk,1,50,0
budget-final-made-ce8c1d0d1e0ada7e7ba77722,50,Dy-K-Pd-Sm,baseline,1,0,0
budget-final-made-ce8c1d0d1e0ada7e7ba77722,50,Dy-K-Pd-Sm,baseline,1,1,0
budget-final-made-ce8c1d0d1e0ada7e7ba77722,50,Dy-K-Pd-Sm,baseline,1,2,0
budget-final-made-ce8c1d0d1e0ada7e7ba77722,50,Dy-K-Pd-Sm,baseline,1,3,0
budget-final-made-ce8c1d0d1e0ada7e7ba77722,50,Dy-K-Pd-Sm,baseline,1,4,0
budget-final-made-ce8c1d0d1e0ada7e7ba77722,50,Dy-K-Pd-Sm,baseline,1,5,0
budget-final-made-ce8c1d0d1e0ada7e7ba77722,50,Dy-K-Pd-Sm,baseline,1,6,0
budget-final-made-ce8c1d0d1e0ada7e7ba77722,50,Dy-K-Pd-Sm,baseline,1,7,0
budget-final-made-ce8c1d0d1e0ada7e7ba77722,50,Dy-K-Pd-Sm,baseline,1,8,0
budget-final-made-ce8c1d0d1e0ada7e7ba77722,50,Dy-K-Pd-Sm,baseline,1,9,0
budget-final-made-ce8c1d0d1e0ada7e7ba77722,50,Dy-K-Pd-Sm,baseline,1,10,0
budget-final-made-ce8c1d0d1e0ada7e7ba77722,50,Dy-K-Pd-Sm,baseline,1,11,0
budget-final-made-ce8c1d0d1e0ada7e7ba77722,50,Dy-K-Pd-Sm,baseline,1,12,0
budget-final-made-ce8c1d0d1e0ada7e7ba77722,50,Dy-K-Pd-Sm,baseline,1,13,0
budget-final-made-ce8c1d0d1e0ada7e7ba77722,50,Dy-K-Pd-Sm,baseline,1,14,0
budget-final-made-ce8c1d0d1e0ada7e7ba77722,50,Dy-K-Pd-Sm,baseline,1,15,0
budget-final-made-ce8c1d0d1e0ada7e7ba77722,50,Dy-K-Pd-Sm,baseline,1,16,0
budget-final-made-ce8c1d0d1e0ada7e7ba77722,50,Dy-K-Pd-Sm,baseline,1,17,0
budget-final-made-ce8c1d0d1e0ada7e7ba77722,50,Dy-K-Pd-Sm,baseline,1,18,0
budget-final-made-ce8c1d0d1e0ada7e7ba77722,50,Dy-K-Pd-Sm,baseline,1,19,0
budget-final-made-ce8c1d0d1e0ada7e7ba77722,50,Dy-K-Pd-Sm,baseline,1,20,0
budget-final-made-ce8c1d0d1e0ada7e7ba77722,50,Dy-K-Pd-Sm,baseline,1,21,0
budget-final-made-ce8c1d0d1e0ada7e7ba77722,50,Dy-K-Pd-Sm,baseline,1,22,0
budget-final-made-ce8c1d0d1e0ada7e7ba77722,50,Dy-K-Pd-Sm,baseline,1,23,0
budget-final-made-ce8c1d0d1e0ada7e7ba77722,50,Dy-K-Pd-Sm,baseline,1,24,0
budget-final-made-ce8c1d0d1e0ada7e7ba77722,50,Dy-K-Pd-Sm,baseline,1,25,0
budget-final-made-ce8c1d0d1e0ada7e7ba77722,50,Dy-K-Pd-Sm,baseline,1,26,0
budget-final-made-ce8c1d0d1e0ada7e7ba77722,50,Dy-K-Pd-Sm,baseline,1,27,0
budget-final-made-ce8c1d0d1e0ada7e7ba77722,50,Dy-K-Pd-Sm,baseline,1,28,0
budget-final-made-ce8c1d0d1e0ada7e7ba77722,50,Dy-K-Pd-Sm,baseline,1,29,0
budget-final-made-ce8c1d0d1e0ada7e7ba77722,50,Dy-K-Pd-Sm,baseline,1,30,0
budget-final-made-ce8c1d0d1e0ada7e7ba77722,50,Dy-K-Pd-Sm,baseline,1,31,0
budget-final-made-ce8c1d0d1e0ada7e7ba77722,50,Dy-K-Pd-Sm,baseline,1,32,0
budget-final-made-ce8c1d0d1e0ada7e7ba77722,50,Dy-K-Pd-Sm,baseline,1,33,0
budget-final-made-ce8c1d0d1e0ada7e7ba77722,50,Dy-K-Pd-Sm,baseline,1,34,0
budget-final-made-ce8c1d0d1e0ada7e7ba77722,50,Dy-K-Pd-Sm,baseline,1,35,0
budget-final-made-ce8c1d0d1e0ada7e7ba77722,50,Dy-K-Pd-Sm,baseline,1,36,0
budget-final-made-ce8c1d0d1e0ada7e7ba77722,50,Dy-K-Pd-Sm,baseline,1,37,0
budget-final-made-ce8c1d0d1e0ada7e7ba77722,50,Dy-K-Pd-Sm,baseline,1,38,0
budget-final-made-ce8c1d0d1e0ada7e7ba77722,50,Dy-K-Pd-Sm,baseline,1,39,0
budget-final-made-ce8c1d0d1e0ada7e7ba77722,50,Dy-K-Pd-Sm,baseline,1,40,0
budget-final-made-ce8c1d0d1e0ada7e7ba77722,50,Dy-K-Pd-Sm,baseline,1,41,0
budget-final-made-ce8c1d0d1e0ada7e7ba77722,50,Dy-K-Pd-Sm,baseline,1,42,0
budget-final-made-ce8c1d0d1e0ada7e7ba77722,50,Dy-K-Pd-Sm,baseline,1,43,0
budget-final-made-ce8c1d0d1e0ada7e7ba77722,50,Dy-K-Pd-Sm,baseline,1,44,0
budget-final-made-ce8c1d0d1e0ada7e7ba77722,50,Dy-K-Pd-Sm,baseline,1,45,0
budget-final-made-ce8c1d0d1e0ada7e7ba77722,50,Dy-K-Pd-Sm,baseline,1,46,0
budget-final-made-ce8c1d0d1e0ada7e7ba77722,50,Dy-K-Pd-Sm,baseline,1,47,0
budget-final-made-ce8c1d0d1e0ada7e7ba77722,50,Dy-K-Pd-Sm,baseline,1,48,0
budget-final-made-ce8c1d0d1e0ada7e7ba77722,50,Dy-K-Pd-Sm,baseline,1,49,0
budget-final-made-ce8c1d0d1e0ada7e7ba77722,50,Dy-K-Pd-Sm,baseline,1,50,0
budget-final-made-050eede50ef4209f220a4efa,50,Dy-K-Pd-Sm,esopt_graph_risk,1,0,0
budget-final-made-050eede50ef4209f220a4efa,50,Dy-K-Pd-Sm,esopt_graph_risk,1,1,0
budget-final-made-050eede50ef4209f220a4efa,50,Dy-K-Pd-Sm,esopt_graph_risk,1,2,0
budget-final-made-050eede50ef4209f220a4efa,50,Dy-K-Pd-Sm,esopt_graph_risk,1,3,0
budget-final-made-050eede50ef4209f220a4efa,50,Dy-K-Pd-Sm,esopt_graph_risk,1,4,0
budget-final-made-050eede50ef4209f220a4efa,50,Dy-K-Pd-Sm,esopt_graph_risk,1,5,0
budget-final-made-050eede50ef4209f220a4efa,50,Dy-K-Pd-Sm,esopt_graph_risk,1,6,0
budget-final-made-050eede50ef4209f220a4efa,50,Dy-K-Pd-Sm,esopt_graph_risk,1,7,0
budget-final-made-050eede50ef4209f220a4efa,50,Dy-K-Pd-Sm,esopt_graph_risk,1,8,0
budget-final-made-050eede50ef4209f220a4efa,50,Dy-K-Pd-Sm,esopt_graph_risk,1,9,0
budget-final-made-050eede50ef4209f220a4efa,50,Dy-K-Pd-Sm,esopt_graph_risk,1,10,0
budget-final-made-050eede50ef4209f220a4efa,50,Dy-K-Pd-Sm,esopt_graph_risk,1,11,0
budget-final-made-050eede50ef4209f220a4efa,50,Dy-K-Pd-Sm,esopt_graph_risk,1,12,0
budget-final-made-050eede50ef4209f220a4efa,50,Dy-K-Pd-Sm,esopt_graph_risk,1,13,0
budget-final-made-050eede50ef4209f220a4efa,50,Dy-K-Pd-Sm,esopt_graph_risk,1,14,0
budget-final-made-050eede50ef4209f220a4efa,50,Dy-K-Pd-Sm,esopt_graph_risk,1,15,0
budget-final-made-050eede50ef4209f220a4efa,50,Dy-K-Pd-Sm,esopt_graph_risk,1,16,0
budget-final-made-050eede50ef4209f220a4efa,50,Dy-K-Pd-Sm,esopt_graph_risk,1,17,0
budget-final-made-050eede50ef4209f220a4efa,50,Dy-K-Pd-Sm,esopt_graph_risk,1,18,0
budget-final-made-050eede50ef4209f220a4efa,50,Dy-K-Pd-Sm,esopt_graph_risk,1,19,0
budget-final-made-050eede50ef4209f220a4efa,50,Dy-K-Pd-Sm,esopt_graph_risk,1,20,0
budget-final-made-050eede50ef4209f220a4efa,50,Dy-K-Pd-Sm,esopt_graph_risk,1,21,0
budget-final-made-050eede50ef4209f220a4efa,50,Dy-K-Pd-Sm,esopt_graph_risk,1,22,0
budget-final-made-050eede50ef4209f220a4efa,50,Dy-K-Pd-Sm,esopt_graph_risk,1,23,0
budget-final-made-050eede50ef4209f220a4efa,50,Dy-K-Pd-Sm,esopt_graph_risk,1,24,0
budget-final-made-050eede50ef4209f220a4efa,50,Dy-K-Pd-Sm,esopt_graph_risk,1,25,0
budget-final-made-050eede50ef4209f220a4efa,50,Dy-K-Pd-Sm,esopt_graph_risk,1,26,0
budget-final-made-050eede50ef4209f220a4efa,50,Dy-K-Pd-Sm,esopt_graph_risk,1,27,0
budget-final-made-050eede50ef4209f220a4efa,50,Dy-K-Pd-Sm,esopt_graph_risk,1,28,0
budget-final-made-050eede50ef4209f220a4efa,50,Dy-K-Pd-Sm,esopt_graph_risk,1,29,0
budget-final-made-050eede50ef4209f220a4efa,50,Dy-K-Pd-Sm,esopt_graph_risk,1,30,0
budget-final-made-050eede50ef4209f220a4efa,50,Dy-K-Pd-Sm,esopt_graph_risk,1,31,0
budget-final-made-050eede50ef4209f220a4efa,50,Dy-K-Pd-Sm,esopt_graph_risk,1,32,0
budget-final-made-050eede50ef4209f220a4efa,50,Dy-K-Pd-Sm,esopt_graph_risk,1,33,0
budget-final-made-050eede50ef4209f220a4efa,50,Dy-K-Pd-Sm,esopt_graph_risk,1,34,0
budget-final-made-050eede50ef4209f220a4efa,50,Dy-K-Pd-Sm,esopt_graph_risk,1,35,0
budget-final-made-050eede50ef4209f220a4efa,50,Dy-K-Pd-Sm,esopt_graph_risk,1,36,0
budget-final-made-050eede50ef4209f220a4efa,50,Dy-K-Pd-Sm,esopt_graph_risk,1,37,0
budget-final-made-050eede50ef4209f220a4efa,50,Dy-K-Pd-Sm,esopt_graph_risk,1,38,0
budget-final-made-050eede50ef4209f220a4efa,50,Dy-K-Pd-Sm,esopt_graph_risk,1,39,0
budget-final-made-050eede50ef4209f220a4efa,50,Dy-K-Pd-Sm,esopt_graph_risk,1,40,0
budget-final-made-050eede50ef4209f220a4efa,50,Dy-K-Pd-Sm,esopt_graph_risk,1,41,0
budget-final-made-050eede50ef4209f220a4efa,50,Dy-K-Pd-Sm,esopt_graph_risk,1,42,0
budget-final-made-050eede50ef4209f220a4efa,50,Dy-K-Pd-Sm,esopt_graph_risk,1,43,0
budget-final-made-050eede50ef4209f220a4efa,50,Dy-K-Pd-Sm,esopt_graph_risk,1,44,0
budget-final-made-050eede50ef4209f220a4efa,50,Dy-K-Pd-Sm,esopt_graph_risk,1,45,0
budget-final-made-050eede50ef4209f220a4efa,50,Dy-K-Pd-Sm,esopt_graph_risk,1,46,0
budget-final-made-050eede50ef4209f220a4efa,50,Dy-K-Pd-Sm,esopt_graph_risk,1,47,0
budget-final-made-050eede50ef4209f220a4efa,50,Dy-K-Pd-Sm,esopt_graph_risk,1,48,0
budget-final-made-050eede50ef4209f220a4efa,50,Dy-K-Pd-Sm,esopt_graph_risk,1,49,0
budget-final-made-050eede50ef4209f220a4efa,50,Dy-K-Pd-Sm,esopt_graph_risk,1,50,0
budget-final-made-f4cbfacc7bbe6db828b0d13e,50,Eu-Nb-Sn-Tl,baseline,1,0,0
budget-final-made-f4cbfacc7bbe6db828b0d13e,50,Eu-Nb-Sn-Tl,baseline,1,1,0
budget-final-made-f4cbfacc7bbe6db828b0d13e,50,Eu-Nb-Sn-Tl,baseline,1,2,0
budget-final-made-f4cbfacc7bbe6db828b0d13e,50,Eu-Nb-Sn-Tl,baseline,1,3,0
budget-final-made-f4cbfacc7bbe6db828b0d13e,50,Eu-Nb-Sn-Tl,baseline,1,4,0
budget-final-made-f4cbfacc7bbe6db828b0d13e,50,Eu-Nb-Sn-Tl,baseline,1,5,0
budget-final-made-f4cbfacc7bbe6db828b0d13e,50,Eu-Nb-Sn-Tl,baseline,1,6,0
budget-final-made-f4cbfacc7bbe6db828b0d13e,50,Eu-Nb-Sn-Tl,baseline,1,7,0
budget-final-made-f4cbfacc7bbe6db828b0d13e,50,Eu-Nb-Sn-Tl,baseline,1,8,0
budget-final-made-f4cbfacc7bbe6db828b0d13e,50,Eu-Nb-Sn-Tl,baseline,1,9,0
budget-final-made-f4cbfacc7bbe6db828b0d13e,50,Eu-Nb-Sn-Tl,baseline,1,10,0
budget-final-made-f4cbfacc7bbe6db828b0d13e,50,Eu-Nb-Sn-Tl,baseline,1,11,0
budget-final-made-f4cbfacc7bbe6db828b0d13e,50,Eu-Nb-Sn-Tl,baseline,1,12,0
budget-final-made-f4cbfacc7bbe6db828b0d13e,50,Eu-Nb-Sn-Tl,baseline,1,13,0
budget-final-made-f4cbfacc7bbe6db828b0d13e,50,Eu-Nb-Sn-Tl,baseline,1,14,0
budget-final-made-f4cbfacc7bbe6db828b0d13e,50,Eu-Nb-Sn-Tl,baseline,1,15,0
budget-final-made-f4cbfacc7bbe6db828b0d13e,50,Eu-Nb-Sn-Tl,baseline,1,16,0
budget-final-made-f4cbfacc7bbe6db828b0d13e,50,Eu-Nb-Sn-Tl,baseline,1,17,0
budget-final-made-f4cbfacc7bbe6db828b0d13e,50,Eu-Nb-Sn-Tl,baseline,1,18,0
budget-final-made-f4cbfacc7bbe6db828b0d13e,50,Eu-Nb-Sn-Tl,baseline,1,19,0
budget-final-made-f4cbfacc7bbe6db828b0d13e,50,Eu-Nb-Sn-Tl,baseline,1,20,0
budget-final-made-f4cbfacc7bbe6db828b0d13e,50,Eu-Nb-Sn-Tl,baseline,1,21,0
budget-final-made-f4cbfacc7bbe6db828b0d13e,50,Eu-Nb-Sn-Tl,baseline,1,22,0
budget-final-made-f4cbfacc7bbe6db828b0d13e,50,Eu-Nb-Sn-Tl,baseline,1,23,0
budget-final-made-f4cbfacc7bbe6db828b0d13e,50,Eu-Nb-Sn-Tl,baseline,1,24,0
budget-final-made-f4cbfacc7bbe6db828b0d13e,50,Eu-Nb-Sn-Tl,baseline,1,25,0
budget-final-made-f4cbfacc7bbe6db828b0d13e,50,Eu-Nb-Sn-Tl,baseline,1,26,0
budget-final-made-f4cbfacc7bbe6db828b0d13e,50,Eu-Nb-Sn-Tl,baseline,1,27,0
budget-final-made-f4cbfacc7bbe6db828b0d13e,50,Eu-Nb-Sn-Tl,baseline,1,28,0
budget-final-made-f4cbfacc7bbe6db828b0d13e,50,Eu-Nb-Sn-Tl,baseline,1,29,0
budget-final-made-f4cbfacc7bbe6db828b0d13e,50,Eu-Nb-Sn-Tl,baseline,1,30,0
budget-final-made-f4cbfacc7bbe6db828b0d13e,50,Eu-Nb-Sn-Tl,baseline,1,31,0
budget-final-made-f4cbfacc7bbe6db828b0d13e,50,Eu-Nb-Sn-Tl,baseline,1,32,0
budget-final-made-f4cbfacc7bbe6db828b0d13e,50,Eu-Nb-Sn-Tl,baseline,1,33,0
budget-final-made-f4cbfacc7bbe6db828b0d13e,50,Eu-Nb-Sn-Tl,baseline,1,34,0
budget-final-made-f4cbfacc7bbe6db828b0d13e,50,Eu-Nb-Sn-Tl,baseline,1,35,0
budget-final-made-f4cbfacc7bbe6db828b0d13e,50,Eu-Nb-Sn-Tl,baseline,1,36,0
budget-final-made-f4cbfacc7bbe6db828b0d13e,50,Eu-Nb-Sn-Tl,baseline,1,37,0
budget-final-made-f4cbfacc7bbe6db828b0d13e,50,Eu-Nb-Sn-Tl,baseline,1,38,0
budget-final-made-f4cbfacc7bbe6db828b0d13e,50,Eu-Nb-Sn-Tl,baseline,1,39,0
budget-final-made-f4cbfacc7bbe6db828b0d13e,50,Eu-Nb-Sn-Tl,baseline,1,40,0
budget-final-made-f4cbfacc7bbe6db828b0d13e,50,Eu-Nb-Sn-Tl,baseline,1,41,0
budget-final-made-f4cbfacc7bbe6db828b0d13e,50,Eu-Nb-Sn-Tl,baseline,1,42,0
budget-final-made-f4cbfacc7bbe6db828b0d13e,50,Eu-Nb-Sn-Tl,baseline,1,43,0
budget-final-made-f4cbfacc7bbe6db828b0d13e,50,Eu-Nb-Sn-Tl,baseline,1,44,0
budget-final-made-f4cbfacc7bbe6db828b0d13e,50,Eu-Nb-Sn-Tl,baseline,1,45,0
budget-final-made-f4cbfacc7bbe6db828b0d13e,50,Eu-Nb-Sn-Tl,baseline,1,46,0
budget-final-made-f4cbfacc7bbe6db828b0d13e,50,Eu-Nb-Sn-Tl,baseline,1,47,0
budget-final-made-f4cbfacc7bbe6db828b0d13e,50,Eu-Nb-Sn-Tl,baseline,1,48,0
budget-final-made-f4cbfacc7bbe6db828b0d13e,50,Eu-Nb-Sn-Tl,baseline,1,49,0
budget-final-made-f4cbfacc7bbe6db828b0d13e,50,Eu-Nb-Sn-Tl,baseline,1,50,0
budget-final-made-5e63c3eda07bc06010145cf3,50,Eu-Nb-Sn-Tl,esopt_graph_risk,1,0,0
budget-final-made-5e63c3eda07bc06010145cf3,50,Eu-Nb-Sn-Tl,esopt_graph_risk,1,1,0
budget-final-made-5e63c3eda07bc06010145cf3,50,Eu-Nb-Sn-Tl,esopt_graph_risk,1,2,0
budget-final-made-5e63c3eda07bc06010145cf3,50,Eu-Nb-Sn-Tl,esopt_graph_risk,1,3,0
budget-final-made-5e63c3eda07bc06010145cf3,50,Eu-Nb-Sn-Tl,esopt_graph_risk,1,4,0
budget-final-made-5e63c3eda07bc06010145cf3,50,Eu-Nb-Sn-Tl,esopt_graph_risk,1,5,0
budget-final-made-5e63c3eda07bc06010145cf3,50,Eu-Nb-Sn-Tl,esopt_graph_risk,1,6,0
budget-final-made-5e63c3eda07bc06010145cf3,50,Eu-Nb-Sn-Tl,esopt_graph_risk,1,7,0
budget-final-made-5e63c3eda07bc06010145cf3,50,Eu-Nb-Sn-Tl,esopt_graph_risk,1,8,0
budget-final-made-5e63c3eda07bc06010145cf3,50,Eu-Nb-Sn-Tl,esopt_graph_risk,1,9,0
budget-final-made-5e63c3eda07bc06010145cf3,50,Eu-Nb-Sn-Tl,esopt_graph_risk,1,10,0
budget-final-made-5e63c3eda07bc06010145cf3,50,Eu-Nb-Sn-Tl,esopt_graph_risk,1,11,0
budget-final-made-5e63c3eda07bc06010145cf3,50,Eu-Nb-Sn-Tl,esopt_graph_risk,1,12,0
budget-final-made-5e63c3eda07bc06010145cf3,50,Eu-Nb-Sn-Tl,esopt_graph_risk,1,13,0
budget-final-made-5e63c3eda07bc06010145cf3,50,Eu-Nb-Sn-Tl,esopt_graph_risk,1,14,0
budget-final-made-5e63c3eda07bc06010145cf3,50,Eu-Nb-Sn-Tl,esopt_graph_risk,1,15,0
budget-final-made-5e63c3eda07bc06010145cf3,50,Eu-Nb-Sn-Tl,esopt_graph_risk,1,16,0
budget-final-made-5e63c3eda07bc06010145cf3,50,Eu-Nb-Sn-Tl,esopt_graph_risk,1,17,0
budget-final-made-5e63c3eda07bc06010145cf3,50,Eu-Nb-Sn-Tl,esopt_graph_risk,1,18,0
budget-final-made-5e63c3eda07bc06010145cf3,50,Eu-Nb-Sn-Tl,esopt_graph_risk,1,19,0
budget-final-made-5e63c3eda07bc06010145cf3,50,Eu-Nb-Sn-Tl,esopt_graph_risk,1,20,0
budget-final-made-5e63c3eda07bc06010145cf3,50,Eu-Nb-Sn-Tl,esopt_graph_risk,1,21,0
budget-final-made-5e63c3eda07bc06010145cf3,50,Eu-Nb-Sn-Tl,esopt_graph_risk,1,22,0
budget-final-made-5e63c3eda07bc06010145cf3,50,Eu-Nb-Sn-Tl,esopt_graph_risk,1,23,0
budget-final-made-5e63c3eda07bc06010145cf3,50,Eu-Nb-Sn-Tl,esopt_graph_risk,1,24,0
budget-final-made-5e63c3eda07bc06010145cf3,50,Eu-Nb-Sn-Tl,esopt_graph_risk,1,25,0
budget-final-made-5e63c3eda07bc06010145cf3,50,Eu-Nb-Sn-Tl,esopt_graph_risk,1,26,0
budget-final-made-5e63c3eda07bc06010145cf3,50,Eu-Nb-Sn-Tl,esopt_graph_risk,1,27,0
budget-final-made-5e63c3eda07bc06010145cf3,50,Eu-Nb-Sn-Tl,esopt_graph_risk,1,28,0
budget-final-made-5e63c3eda07bc06010145cf3,50,Eu-Nb-Sn-Tl,esopt_graph_risk,1,29,0
budget-final-made-5e63c3eda07bc06010145cf3,50,Eu-Nb-Sn-Tl,esopt_graph_risk,1,30,0
budget-final-made-5e63c3eda07bc06010145cf3,50,Eu-Nb-Sn-Tl,esopt_graph_risk,1,31,0
budget-final-made-5e63c3eda07bc06010145cf3,50,Eu-Nb-Sn-Tl,esopt_graph_risk,1,32,0
budget-final-made-5e63c3eda07bc06010145cf3,50,Eu-Nb-Sn-Tl,esopt_graph_risk,1,33,0
budget-final-made-5e63c3eda07bc06010145cf3,50,Eu-Nb-Sn-Tl,esopt_graph_risk,1,34,0
budget-final-made-5e63c3eda07bc06010145cf3,50,Eu-Nb-Sn-Tl,esopt_graph_risk,1,35,0
budget-final-made-5e63c3eda07bc06010145cf3,50,Eu-Nb-Sn-Tl,esopt_graph_risk,1,36,0
budget-final-made-5e63c3eda07bc06010145cf3,50,Eu-Nb-Sn-Tl,esopt_graph_risk,1,37,0
budget-final-made-5e63c3eda07bc06010145cf3,50,Eu-Nb-Sn-Tl,esopt_graph_risk,1,38,0
budget-final-made-5e63c3eda07bc06010145cf3,50,Eu-Nb-Sn-Tl,esopt_graph_risk,1,39,0
budget-final-made-5e63c3eda07bc06010145cf3,50,Eu-Nb-Sn-Tl,esopt_graph_risk,1,40,0
budget-final-made-5e63c3eda07bc06010145cf3,50,Eu-Nb-Sn-Tl,esopt_graph_risk,1,41,0
budget-final-made-5e63c3eda07bc06010145cf3,50,Eu-Nb-Sn-Tl,esopt_graph_risk,1,42,0
budget-final-made-5e63c3eda07bc06010145cf3,50,Eu-Nb-Sn-Tl,esopt_graph_risk,1,43,0
budget-final-made-5e63c3eda07bc06010145cf3,50,Eu-Nb-Sn-Tl,esopt_graph_risk,1,44,0
budget-final-made-5e63c3eda07bc06010145cf3,50,Eu-Nb-Sn-Tl,esopt_graph_risk,1,45,0
budget-final-made-5e63c3eda07bc06010145cf3,50,Eu-Nb-Sn-Tl,esopt_graph_risk,1,46,0
budget-final-made-5e63c3eda07bc06010145cf3,50,Eu-Nb-Sn-Tl,esopt_graph_risk,1,47,0
budget-final-made-5e63c3eda07bc06010145cf3,50,Eu-Nb-Sn-Tl,esopt_graph_risk,1,48,0
budget-final-made-5e63c3eda07bc06010145cf3,50,Eu-Nb-Sn-Tl,esopt_graph_risk,1,49,0
budget-final-made-5e63c3eda07bc06010145cf3,50,Eu-Nb-Sn-Tl,esopt_graph_risk,1,50,0
budget-final-made-24b480a71e7c8ec3d54831ad,50,Ga-Ho-Lu,baseline,1,0,0
budget-final-made-24b480a71e7c8ec3d54831ad,50,Ga-Ho-Lu,baseline,1,1,0
budget-final-made-24b480a71e7c8ec3d54831ad,50,Ga-Ho-Lu,baseline,1,2,1
budget-final-made-24b480a71e7c8ec3d54831ad,50,Ga-Ho-Lu,baseline,1,3,1
budget-final-made-24b480a71e7c8ec3d54831ad,50,Ga-Ho-Lu,baseline,1,4,1
budget-final-made-24b480a71e7c8ec3d54831ad,50,Ga-Ho-Lu,baseline,1,5,2
budget-final-made-24b480a71e7c8ec3d54831ad,50,Ga-Ho-Lu,baseline,1,6,3
budget-final-made-24b480a71e7c8ec3d54831ad,50,Ga-Ho-Lu,baseline,1,7,4
budget-final-made-24b480a71e7c8ec3d54831ad,50,Ga-Ho-Lu,baseline,1,8,5
budget-final-made-24b480a71e7c8ec3d54831ad,50,Ga-Ho-Lu,baseline,1,9,6
budget-final-made-24b480a71e7c8ec3d54831ad,50,Ga-Ho-Lu,baseline,1,10,6
budget-final-made-24b480a71e7c8ec3d54831ad,50,Ga-Ho-Lu,baseline,1,11,6
budget-final-made-24b480a71e7c8ec3d54831ad,50,Ga-Ho-Lu,baseline,1,12,6
budget-final-made-24b480a71e7c8ec3d54831ad,50,Ga-Ho-Lu,baseline,1,13,7
budget-final-made-24b480a71e7c8ec3d54831ad,50,Ga-Ho-Lu,baseline,1,14,8
budget-final-made-24b480a71e7c8ec3d54831ad,50,Ga-Ho-Lu,baseline,1,15,8
budget-final-made-24b480a71e7c8ec3d54831ad,50,Ga-Ho-Lu,baseline,1,16,8
budget-final-made-24b480a71e7c8ec3d54831ad,50,Ga-Ho-Lu,baseline,1,17,9
budget-final-made-24b480a71e7c8ec3d54831ad,50,Ga-Ho-Lu,baseline,1,18,9
budget-final-made-24b480a71e7c8ec3d54831ad,50,Ga-Ho-Lu,baseline,1,19,9
budget-final-made-24b480a71e7c8ec3d54831ad,50,Ga-Ho-Lu,baseline,1,20,10
budget-final-made-24b480a71e7c8ec3d54831ad,50,Ga-Ho-Lu,baseline,1,21,11
budget-final-made-24b480a71e7c8ec3d54831ad,50,Ga-Ho-Lu,baseline,1,22,11
budget-final-made-24b480a71e7c8ec3d54831ad,50,Ga-Ho-Lu,baseline,1,23,11
budget-final-made-24b480a71e7c8ec3d54831ad,50,Ga-Ho-Lu,baseline,1,24,12
budget-final-made-24b480a71e7c8ec3d54831ad,50,Ga-Ho-Lu,baseline,1,25,12
budget-final-made-24b480a71e7c8ec3d54831ad,50,Ga-Ho-Lu,baseline,1,26,12
budget-final-made-24b480a71e7c8ec3d54831ad,50,Ga-Ho-Lu,baseline,1,27,12
budget-final-made-24b480a71e7c8ec3d54831ad,50,Ga-Ho-Lu,baseline,1,28,12
budget-final-made-24b480a71e7c8ec3d54831ad,50,Ga-Ho-Lu,baseline,1,29,12
budget-final-made-24b480a71e7c8ec3d54831ad,50,Ga-Ho-Lu,baseline,1,30,12
budget-final-made-24b480a71e7c8ec3d54831ad,50,Ga-Ho-Lu,baseline,1,31,12
budget-final-made-24b480a71e7c8ec3d54831ad,50,Ga-Ho-Lu,baseline,1,32,12
budget-final-made-24b480a71e7c8ec3d54831ad,50,Ga-Ho-Lu,baseline,1,33,13
budget-final-made-24b480a71e7c8ec3d54831ad,50,Ga-Ho-Lu,baseline,1,34,13
budget-final-made-24b480a71e7c8ec3d54831ad,50,Ga-Ho-Lu,baseline,1,35,13
budget-final-made-24b480a71e7c8ec3d54831ad,50,Ga-Ho-Lu,baseline,1,36,13
budget-final-made-24b480a71e7c8ec3d54831ad,50,Ga-Ho-Lu,baseline,1,37,13
budget-final-made-24b480a71e7c8ec3d54831ad,50,Ga-Ho-Lu,baseline,1,38,13
budget-final-made-24b480a71e7c8ec3d54831ad,50,Ga-Ho-Lu,baseline,1,39,13
budget-final-made-24b480a71e7c8ec3d54831ad,50,Ga-Ho-Lu,baseline,1,40,13
budget-final-made-24b480a71e7c8ec3d54831ad,50,Ga-Ho-Lu,baseline,1,41,13
budget-final-made-24b480a71e7c8ec3d54831ad,50,Ga-Ho-Lu,baseline,1,42,14
budget-final-made-24b480a71e7c8ec3d54831ad,50,Ga-Ho-Lu,baseline,1,43,15
budget-final-made-24b480a71e7c8ec3d54831ad,50,Ga-Ho-Lu,baseline,1,44,16
budget-final-made-24b480a71e7c8ec3d54831ad,50,Ga-Ho-Lu,baseline,1,45,16
budget-final-made-24b480a71e7c8ec3d54831ad,50,Ga-Ho-Lu,baseline,1,46,16
budget-final-made-24b480a71e7c8ec3d54831ad,50,Ga-Ho-Lu,baseline,1,47,17
budget-final-made-24b480a71e7c8ec3d54831ad,50,Ga-Ho-Lu,baseline,1,48,17
budget-final-made-24b480a71e7c8ec3d54831ad,50,Ga-Ho-Lu,baseline,1,49,18
budget-final-made-24b480a71e7c8ec3d54831ad,50,Ga-Ho-Lu,baseline,1,50,18
budget-final-made-3b2aabc82d30bd310fe51fa5,50,Ga-Ho-Lu,esopt_graph_risk,1,0,0
budget-final-made-3b2aabc82d30bd310fe51fa5,50,Ga-Ho-Lu,esopt_graph_risk,1,1,0
budget-final-made-3b2aabc82d30bd310fe51fa5,50,Ga-Ho-Lu,esopt_graph_risk,1,2,1
budget-final-made-3b2aabc82d30bd310fe51fa5,50,Ga-Ho-Lu,esopt_graph_risk,1,3,2
budget-final-made-3b2aabc82d30bd310fe51fa5,50,Ga-Ho-Lu,esopt_graph_risk,1,4,2
budget-final-made-3b2aabc82d30bd310fe51fa5,50,Ga-Ho-Lu,esopt_graph_risk,1,5,2
budget-final-made-3b2aabc82d30bd310fe51fa5,50,Ga-Ho-Lu,esopt_graph_risk,1,6,2
budget-final-made-3b2aabc82d30bd310fe51fa5,50,Ga-Ho-Lu,esopt_graph_risk,1,7,3
budget-final-made-3b2aabc82d30bd310fe51fa5,50,Ga-Ho-Lu,esopt_graph_risk,1,8,4
budget-final-made-3b2aabc82d30bd310fe51fa5,50,Ga-Ho-Lu,esopt_graph_risk,1,9,4
budget-final-made-3b2aabc82d30bd310fe51fa5,50,Ga-Ho-Lu,esopt_graph_risk,1,10,5
budget-final-made-3b2aabc82d30bd310fe51fa5,50,Ga-Ho-Lu,esopt_graph_risk,1,11,6
budget-final-made-3b2aabc82d30bd310fe51fa5,50,Ga-Ho-Lu,esopt_graph_risk,1,12,7
budget-final-made-3b2aabc82d30bd310fe51fa5,50,Ga-Ho-Lu,esopt_graph_risk,1,13,8
budget-final-made-3b2aabc82d30bd310fe51fa5,50,Ga-Ho-Lu,esopt_graph_risk,1,14,8
budget-final-made-3b2aabc82d30bd310fe51fa5,50,Ga-Ho-Lu,esopt_graph_risk,1,15,8
budget-final-made-3b2aabc82d30bd310fe51fa5,50,Ga-Ho-Lu,esopt_graph_risk,1,16,8
budget-final-made-3b2aabc82d30bd310fe51fa5,50,Ga-Ho-Lu,esopt_graph_risk,1,17,8
budget-final-made-3b2aabc82d30bd310fe51fa5,50,Ga-Ho-Lu,esopt_graph_risk,1,18,9
budget-final-made-3b2aabc82d30bd310fe51fa5,50,Ga-Ho-Lu,esopt_graph_risk,1,19,10
budget-final-made-3b2aabc82d30bd310fe51fa5,50,Ga-Ho-Lu,esopt_graph_risk,1,20,10
budget-final-made-3b2aabc82d30bd310fe51fa5,50,Ga-Ho-Lu,esopt_graph_risk,1,21,10
budget-final-made-3b2aabc82d30bd310fe51fa5,50,Ga-Ho-Lu,esopt_graph_risk,1,22,10
budget-final-made-3b2aabc82d30bd310fe51fa5,50,Ga-Ho-Lu,esopt_graph_risk,1,23,11
budget-final-made-3b2aabc82d30bd310fe51fa5,50,Ga-Ho-Lu,esopt_graph_risk,1,24,12
budget-final-made-3b2aabc82d30bd310fe51fa5,50,Ga-Ho-Lu,esopt_graph_risk,1,25,12
budget-final-made-3b2aabc82d30bd310fe51fa5,50,Ga-Ho-Lu,esopt_graph_risk,1,26,13
budget-final-made-3b2aabc82d30bd310fe51fa5,50,Ga-Ho-Lu,esopt_graph_risk,1,27,14
budget-final-made-3b2aabc82d30bd310fe51fa5,50,Ga-Ho-Lu,esopt_graph_risk,1,28,14
budget-final-made-3b2aabc82d30bd310fe51fa5,50,Ga-Ho-Lu,esopt_graph_risk,1,29,14
budget-final-made-3b2aabc82d30bd310fe51fa5,50,Ga-Ho-Lu,esopt_graph_risk,1,30,14
budget-final-made-3b2aabc82d30bd310fe51fa5,50,Ga-Ho-Lu,esopt_graph_risk,1,31,15
budget-final-made-3b2aabc82d30bd310fe51fa5,50,Ga-Ho-Lu,esopt_graph_risk,1,32,15
budget-final-made-3b2aabc82d30bd310fe51fa5,50,Ga-Ho-Lu,esopt_graph_risk,1,33,15
budget-final-made-3b2aabc82d30bd310fe51fa5,50,Ga-Ho-Lu,esopt_graph_risk,1,34,15
budget-final-made-3b2aabc82d30bd310fe51fa5,50,Ga-Ho-Lu,esopt_graph_risk,1,35,15
budget-final-made-3b2aabc82d30bd310fe51fa5,50,Ga-Ho-Lu,esopt_graph_risk,1,36,15
budget-final-made-3b2aabc82d30bd310fe51fa5,50,Ga-Ho-Lu,esopt_graph_risk,1,37,15
budget-final-made-3b2aabc82d30bd310fe51fa5,50,Ga-Ho-Lu,esopt_graph_risk,1,38,15
budget-final-made-3b2aabc82d30bd310fe51fa5,50,Ga-Ho-Lu,esopt_graph_risk,1,39,15
budget-final-made-3b2aabc82d30bd310fe51fa5,50,Ga-Ho-Lu,esopt_graph_risk,1,40,15
budget-final-made-3b2aabc82d30bd310fe51fa5,50,Ga-Ho-Lu,esopt_graph_risk,1,41,15
budget-final-made-3b2aabc82d30bd310fe51fa5,50,Ga-Ho-Lu,esopt_graph_risk,1,42,15
budget-final-made-3b2aabc82d30bd310fe51fa5,50,Ga-Ho-Lu,esopt_graph_risk,1,43,16
budget-final-made-3b2aabc82d30bd310fe51fa5,50,Ga-Ho-Lu,esopt_graph_risk,1,44,17
budget-final-made-3b2aabc82d30bd310fe51fa5,50,Ga-Ho-Lu,esopt_graph_risk,1,45,17
budget-final-made-3b2aabc82d30bd310fe51fa5,50,Ga-Ho-Lu,esopt_graph_risk,1,46,18
budget-final-made-3b2aabc82d30bd310fe51fa5,50,Ga-Ho-Lu,esopt_graph_risk,1,47,18
budget-final-made-3b2aabc82d30bd310fe51fa5,50,Ga-Ho-Lu,esopt_graph_risk,1,48,19
budget-final-made-3b2aabc82d30bd310fe51fa5,50,Ga-Ho-Lu,esopt_graph_risk,1,49,19
budget-final-made-3b2aabc82d30bd310fe51fa5,50,Ga-Ho-Lu,esopt_graph_risk,1,50,19
budget-final-made-b6204e6724253ea7e4bf6271,50,Ga-Pt-Tm,baseline,1,0,0
budget-final-made-b6204e6724253ea7e4bf6271,50,Ga-Pt-Tm,baseline,1,1,1
budget-final-made-b6204e6724253ea7e4bf6271,50,Ga-Pt-Tm,baseline,1,2,1
budget-final-made-b6204e6724253ea7e4bf6271,50,Ga-Pt-Tm,baseline,1,3,2
budget-final-made-b6204e6724253ea7e4bf6271,50,Ga-Pt-Tm,baseline,1,4,2
budget-final-made-b6204e6724253ea7e4bf6271,50,Ga-Pt-Tm,baseline,1,5,2
budget-final-made-b6204e6724253ea7e4bf6271,50,Ga-Pt-Tm,baseline,1,6,3
budget-final-made-b6204e6724253ea7e4bf6271,50,Ga-Pt-Tm,baseline,1,7,4
budget-final-made-b6204e6724253ea7e4bf6271,50,Ga-Pt-Tm,baseline,1,8,4
budget-final-made-b6204e6724253ea7e4bf6271,50,Ga-Pt-Tm,baseline,1,9,4
budget-final-made-b6204e6724253ea7e4bf6271,50,Ga-Pt-Tm,baseline,1,10,5
budget-final-made-b6204e6724253ea7e4bf6271,50,Ga-Pt-Tm,baseline,1,11,6
budget-final-made-b6204e6724253ea7e4bf6271,50,Ga-Pt-Tm,baseline,1,12,7
budget-final-made-b6204e6724253ea7e4bf6271,50,Ga-Pt-Tm,baseline,1,13,7
budget-final-made-b6204e6724253ea7e4bf6271,50,Ga-Pt-Tm,baseline,1,14,7
budget-final-made-b6204e6724253ea7e4bf6271,50,Ga-Pt-Tm,baseline,1,15,8
budget-final-made-b6204e6724253ea7e4bf6271,50,Ga-Pt-Tm,baseline,1,16,8
budget-final-made-b6204e6724253ea7e4bf6271,50,Ga-Pt-Tm,baseline,1,17,8
budget-final-made-b6204e6724253ea7e4bf6271,50,Ga-Pt-Tm,baseline,1,18,8
budget-final-made-b6204e6724253ea7e4bf6271,50,Ga-Pt-Tm,baseline,1,19,8
budget-final-made-b6204e6724253ea7e4bf6271,50,Ga-Pt-Tm,baseline,1,20,8
budget-final-made-b6204e6724253ea7e4bf6271,50,Ga-Pt-Tm,baseline,1,21,8
budget-final-made-b6204e6724253ea7e4bf6271,50,Ga-Pt-Tm,baseline,1,22,8
budget-final-made-b6204e6724253ea7e4bf6271,50,Ga-Pt-Tm,baseline,1,23,8
budget-final-made-b6204e6724253ea7e4bf6271,50,Ga-Pt-Tm,baseline,1,24,8
budget-final-made-b6204e6724253ea7e4bf6271,50,Ga-Pt-Tm,baseline,1,25,9
budget-final-made-b6204e6724253ea7e4bf6271,50,Ga-Pt-Tm,baseline,1,26,7
budget-final-made-b6204e6724253ea7e4bf6271,50,Ga-Pt-Tm,baseline,1,27,7
budget-final-made-b6204e6724253ea7e4bf6271,50,Ga-Pt-Tm,baseline,1,28,7
budget-final-made-b6204e6724253ea7e4bf6271,50,Ga-Pt-Tm,baseline,1,29,8
budget-final-made-b6204e6724253ea7e4bf6271,50,Ga-Pt-Tm,baseline,1,30,9
budget-final-made-b6204e6724253ea7e4bf6271,50,Ga-Pt-Tm,baseline,1,31,9
budget-final-made-b6204e6724253ea7e4bf6271,50,Ga-Pt-Tm,baseline,1,32,10
budget-final-made-b6204e6724253ea7e4bf6271,50,Ga-Pt-Tm,baseline,1,33,11
budget-final-made-b6204e6724253ea7e4bf6271,50,Ga-Pt-Tm,baseline,1,34,12
budget-final-made-b6204e6724253ea7e4bf6271,50,Ga-Pt-Tm,baseline,1,35,12
budget-final-made-b6204e6724253ea7e4bf6271,50,Ga-Pt-Tm,baseline,1,36,13
budget-final-made-b6204e6724253ea7e4bf6271,50,Ga-Pt-Tm,baseline,1,37,13
budget-final-made-b6204e6724253ea7e4bf6271,50,Ga-Pt-Tm,baseline,1,38,13
budget-final-made-b6204e6724253ea7e4bf6271,50,Ga-Pt-Tm,baseline,1,39,14
budget-final-made-b6204e6724253ea7e4bf6271,50,Ga-Pt-Tm,baseline,1,40,14
budget-final-made-b6204e6724253ea7e4bf6271,50,Ga-Pt-Tm,baseline,1,41,14
budget-final-made-b6204e6724253ea7e4bf6271,50,Ga-Pt-Tm,baseline,1,42,15
budget-final-made-b6204e6724253ea7e4bf6271,50,Ga-Pt-Tm,baseline,1,43,15
budget-final-made-b6204e6724253ea7e4bf6271,50,Ga-Pt-Tm,baseline,1,44,15
budget-final-made-b6204e6724253ea7e4bf6271,50,Ga-Pt-Tm,baseline,1,45,16
budget-final-made-b6204e6724253ea7e4bf6271,50,Ga-Pt-Tm,baseline,1,46,17
budget-final-made-b6204e6724253ea7e4bf6271,50,Ga-Pt-Tm,baseline,1,47,18
budget-final-made-b6204e6724253ea7e4bf6271,50,Ga-Pt-Tm,baseline,1,48,18
budget-final-made-b6204e6724253ea7e4bf6271,50,Ga-Pt-Tm,baseline,1,49,18
budget-final-made-b6204e6724253ea7e4bf6271,50,Ga-Pt-Tm,baseline,1,50,18
budget-final-made-393420e0fc1e90e5e8dfacef,50,Ga-Pt-Tm,esopt_graph_risk,1,0,0
budget-final-made-393420e0fc1e90e5e8dfacef,50,Ga-Pt-Tm,esopt_graph_risk,1,1,0
budget-final-made-393420e0fc1e90e5e8dfacef,50,Ga-Pt-Tm,esopt_graph_risk,1,2,1
budget-final-made-393420e0fc1e90e5e8dfacef,50,Ga-Pt-Tm,esopt_graph_risk,1,3,1
budget-final-made-393420e0fc1e90e5e8dfacef,50,Ga-Pt-Tm,esopt_graph_risk,1,4,1
budget-final-made-393420e0fc1e90e5e8dfacef,50,Ga-Pt-Tm,esopt_graph_risk,1,5,1
budget-final-made-393420e0fc1e90e5e8dfacef,50,Ga-Pt-Tm,esopt_graph_risk,1,6,2
budget-final-made-393420e0fc1e90e5e8dfacef,50,Ga-Pt-Tm,esopt_graph_risk,1,7,2
budget-final-made-393420e0fc1e90e5e8dfacef,50,Ga-Pt-Tm,esopt_graph_risk,1,8,3
budget-final-made-393420e0fc1e90e5e8dfacef,50,Ga-Pt-Tm,esopt_graph_risk,1,9,4
budget-final-made-393420e0fc1e90e5e8dfacef,50,Ga-Pt-Tm,esopt_graph_risk,1,10,4
budget-final-made-393420e0fc1e90e5e8dfacef,50,Ga-Pt-Tm,esopt_graph_risk,1,11,5
budget-final-made-393420e0fc1e90e5e8dfacef,50,Ga-Pt-Tm,esopt_graph_risk,1,12,6
budget-final-made-393420e0fc1e90e5e8dfacef,50,Ga-Pt-Tm,esopt_graph_risk,1,13,6
budget-final-made-393420e0fc1e90e5e8dfacef,50,Ga-Pt-Tm,esopt_graph_risk,1,14,6
budget-final-made-393420e0fc1e90e5e8dfacef,50,Ga-Pt-Tm,esopt_graph_risk,1,15,6
budget-final-made-393420e0fc1e90e5e8dfacef,50,Ga-Pt-Tm,esopt_graph_risk,1,16,7
budget-final-made-393420e0fc1e90e5e8dfacef,50,Ga-Pt-Tm,esopt_graph_risk,1,17,7
budget-final-made-393420e0fc1e90e5e8dfacef,50,Ga-Pt-Tm,esopt_graph_risk,1,18,7
budget-final-made-393420e0fc1e90e5e8dfacef,50,Ga-Pt-Tm,esopt_graph_risk,1,19,7
budget-final-made-393420e0fc1e90e5e8dfacef,50,Ga-Pt-Tm,esopt_graph_risk,1,20,7
budget-final-made-393420e0fc1e90e5e8dfacef,50,Ga-Pt-Tm,esopt_graph_risk,1,21,7
budget-final-made-393420e0fc1e90e5e8dfacef,50,Ga-Pt-Tm,esopt_graph_risk,1,22,7
budget-final-made-393420e0fc1e90e5e8dfacef,50,Ga-Pt-Tm,esopt_graph_risk,1,23,7
budget-final-made-393420e0fc1e90e5e8dfacef,50,Ga-Pt-Tm,esopt_graph_risk,1,24,7
budget-final-made-393420e0fc1e90e5e8dfacef,50,Ga-Pt-Tm,esopt_graph_risk,1,25,8
budget-final-made-393420e0fc1e90e5e8dfacef,50,Ga-Pt-Tm,esopt_graph_risk,1,26,8
budget-final-made-393420e0fc1e90e5e8dfacef,50,Ga-Pt-Tm,esopt_graph_risk,1,27,8
budget-final-made-393420e0fc1e90e5e8dfacef,50,Ga-Pt-Tm,esopt_graph_risk,1,28,8
budget-final-made-393420e0fc1e90e5e8dfacef,50,Ga-Pt-Tm,esopt_graph_risk,1,29,8
budget-final-made-393420e0fc1e90e5e8dfacef,50,Ga-Pt-Tm,esopt_graph_risk,1,30,8
budget-final-made-393420e0fc1e90e5e8dfacef,50,Ga-Pt-Tm,esopt_graph_risk,1,31,9
budget-final-made-393420e0fc1e90e5e8dfacef,50,Ga-Pt-Tm,esopt_graph_risk,1,32,10
budget-final-made-393420e0fc1e90e5e8dfacef,50,Ga-Pt-Tm,esopt_graph_risk,1,33,10
budget-final-made-393420e0fc1e90e5e8dfacef,50,Ga-Pt-Tm,esopt_graph_risk,1,34,10
budget-final-made-393420e0fc1e90e5e8dfacef,50,Ga-Pt-Tm,esopt_graph_risk,1,35,10
budget-final-made-393420e0fc1e90e5e8dfacef,50,Ga-Pt-Tm,esopt_graph_risk,1,36,10
budget-final-made-393420e0fc1e90e5e8dfacef,50,Ga-Pt-Tm,esopt_graph_risk,1,37,11
budget-final-made-393420e0fc1e90e5e8dfacef,50,Ga-Pt-Tm,esopt_graph_risk,1,38,11
budget-final-made-393420e0fc1e90e5e8dfacef,50,Ga-Pt-Tm,esopt_graph_risk,1,39,11
budget-final-made-393420e0fc1e90e5e8dfacef,50,Ga-Pt-Tm,esopt_graph_risk,1,40,11
budget-final-made-393420e0fc1e90e5e8dfacef,50,Ga-Pt-Tm,esopt_graph_risk,1,41,11
budget-final-made-393420e0fc1e90e5e8dfacef,50,Ga-Pt-Tm,esopt_graph_risk,1,42,11
budget-final-made-393420e0fc1e90e5e8dfacef,50,Ga-Pt-Tm,esopt_graph_risk,1,43,12
budget-final-made-393420e0fc1e90e5e8dfacef,50,Ga-Pt-Tm,esopt_graph_risk,1,44,12
budget-final-made-393420e0fc1e90e5e8dfacef,50,Ga-Pt-Tm,esopt_graph_risk,1,45,12
budget-final-made-393420e0fc1e90e5e8dfacef,50,Ga-Pt-Tm,esopt_graph_risk,1,46,12
budget-final-made-393420e0fc1e90e5e8dfacef,50,Ga-Pt-Tm,esopt_graph_risk,1,47,12
budget-final-made-393420e0fc1e90e5e8dfacef,50,Ga-Pt-Tm,esopt_graph_risk,1,48,12
budget-final-made-393420e0fc1e90e5e8dfacef,50,Ga-Pt-Tm,esopt_graph_risk,1,49,13
budget-final-made-393420e0fc1e90e5e8dfacef,50,Ga-Pt-Tm,esopt_graph_risk,1,50,13
budget-final-made-81aef4f866f8676dc3cfc1ef,50,Hf-Ni-Zr,baseline,1,0,0
budget-final-made-81aef4f866f8676dc3cfc1ef,50,Hf-Ni-Zr,baseline,1,1,1
budget-final-made-81aef4f866f8676dc3cfc1ef,50,Hf-Ni-Zr,baseline,1,2,1
budget-final-made-81aef4f866f8676dc3cfc1ef,50,Hf-Ni-Zr,baseline,1,3,2
budget-final-made-81aef4f866f8676dc3cfc1ef,50,Hf-Ni-Zr,baseline,1,4,3
budget-final-made-81aef4f866f8676dc3cfc1ef,50,Hf-Ni-Zr,baseline,1,5,3
budget-final-made-81aef4f866f8676dc3cfc1ef,50,Hf-Ni-Zr,baseline,1,6,4
budget-final-made-81aef4f866f8676dc3cfc1ef,50,Hf-Ni-Zr,baseline,1,7,5
budget-final-made-81aef4f866f8676dc3cfc1ef,50,Hf-Ni-Zr,baseline,1,8,6
budget-final-made-81aef4f866f8676dc3cfc1ef,50,Hf-Ni-Zr,baseline,1,9,6
budget-final-made-81aef4f866f8676dc3cfc1ef,50,Hf-Ni-Zr,baseline,1,10,6
budget-final-made-81aef4f866f8676dc3cfc1ef,50,Hf-Ni-Zr,baseline,1,11,6
budget-final-made-81aef4f866f8676dc3cfc1ef,50,Hf-Ni-Zr,baseline,1,12,6
budget-final-made-81aef4f866f8676dc3cfc1ef,50,Hf-Ni-Zr,baseline,1,13,6
budget-final-made-81aef4f866f8676dc3cfc1ef,50,Hf-Ni-Zr,baseline,1,14,6
budget-final-made-81aef4f866f8676dc3cfc1ef,50,Hf-Ni-Zr,baseline,1,15,6
budget-final-made-81aef4f866f8676dc3cfc1ef,50,Hf-Ni-Zr,baseline,1,16,6
budget-final-made-81aef4f866f8676dc3cfc1ef,50,Hf-Ni-Zr,baseline,1,17,7
budget-final-made-81aef4f866f8676dc3cfc1ef,50,Hf-Ni-Zr,baseline,1,18,7
budget-final-made-81aef4f866f8676dc3cfc1ef,50,Hf-Ni-Zr,baseline,1,19,7
budget-final-made-81aef4f866f8676dc3cfc1ef,50,Hf-Ni-Zr,baseline,1,20,7
budget-final-made-81aef4f866f8676dc3cfc1ef,50,Hf-Ni-Zr,baseline,1,21,8
budget-final-made-81aef4f866f8676dc3cfc1ef,50,Hf-Ni-Zr,baseline,1,22,8
budget-final-made-81aef4f866f8676dc3cfc1ef,50,Hf-Ni-Zr,baseline,1,23,8
budget-final-made-81aef4f866f8676dc3cfc1ef,50,Hf-Ni-Zr,baseline,1,24,8
budget-final-made-81aef4f866f8676dc3cfc1ef,50,Hf-Ni-Zr,baseline,1,25,8
budget-final-made-81aef4f866f8676dc3cfc1ef,50,Hf-Ni-Zr,baseline,1,26,8
budget-final-made-81aef4f866f8676dc3cfc1ef,50,Hf-Ni-Zr,baseline,1,27,8
budget-final-made-81aef4f866f8676dc3cfc1ef,50,Hf-Ni-Zr,baseline,1,28,8
budget-final-made-81aef4f866f8676dc3cfc1ef,50,Hf-Ni-Zr,baseline,1,29,8
budget-final-made-81aef4f866f8676dc3cfc1ef,50,Hf-Ni-Zr,baseline,1,30,8
budget-final-made-81aef4f866f8676dc3cfc1ef,50,Hf-Ni-Zr,baseline,1,31,8
budget-final-made-81aef4f866f8676dc3cfc1ef,50,Hf-Ni-Zr,baseline,1,32,8
budget-final-made-81aef4f866f8676dc3cfc1ef,50,Hf-Ni-Zr,baseline,1,33,8
budget-final-made-81aef4f866f8676dc3cfc1ef,50,Hf-Ni-Zr,baseline,1,34,8
budget-final-made-81aef4f866f8676dc3cfc1ef,50,Hf-Ni-Zr,baseline,1,35,9
budget-final-made-81aef4f866f8676dc3cfc1ef,50,Hf-Ni-Zr,baseline,1,36,9
budget-final-made-81aef4f866f8676dc3cfc1ef,50,Hf-Ni-Zr,baseline,1,37,10
budget-final-made-81aef4f866f8676dc3cfc1ef,50,Hf-Ni-Zr,baseline,1,38,10
budget-final-made-81aef4f866f8676dc3cfc1ef,50,Hf-Ni-Zr,baseline,1,39,11
budget-final-made-81aef4f866f8676dc3cfc1ef,50,Hf-Ni-Zr,baseline,1,40,11
budget-final-made-81aef4f866f8676dc3cfc1ef,50,Hf-Ni-Zr,baseline,1,41,11
budget-final-made-81aef4f866f8676dc3cfc1ef,50,Hf-Ni-Zr,baseline,1,42,12
budget-final-made-81aef4f866f8676dc3cfc1ef,50,Hf-Ni-Zr,baseline,1,43,12
budget-final-made-81aef4f866f8676dc3cfc1ef,50,Hf-Ni-Zr,baseline,1,44,13
budget-final-made-81aef4f866f8676dc3cfc1ef,50,Hf-Ni-Zr,baseline,1,45,13
budget-final-made-81aef4f866f8676dc3cfc1ef,50,Hf-Ni-Zr,baseline,1,46,14
budget-final-made-81aef4f866f8676dc3cfc1ef,50,Hf-Ni-Zr,baseline,1,47,15
budget-final-made-81aef4f866f8676dc3cfc1ef,50,Hf-Ni-Zr,baseline,1,48,16
budget-final-made-81aef4f866f8676dc3cfc1ef,50,Hf-Ni-Zr,baseline,1,49,17
budget-final-made-81aef4f866f8676dc3cfc1ef,50,Hf-Ni-Zr,baseline,1,50,17
budget-final-made-abfe69c6d613d729f001ae4c,50,Hf-Ni-Zr,esopt_graph_risk,1,0,0
budget-final-made-abfe69c6d613d729f001ae4c,50,Hf-Ni-Zr,esopt_graph_risk,1,1,0
budget-final-made-abfe69c6d613d729f001ae4c,50,Hf-Ni-Zr,esopt_graph_risk,1,2,1
budget-final-made-abfe69c6d613d729f001ae4c,50,Hf-Ni-Zr,esopt_graph_risk,1,3,1
budget-final-made-abfe69c6d613d729f001ae4c,50,Hf-Ni-Zr,esopt_graph_risk,1,4,1
budget-final-made-abfe69c6d613d729f001ae4c,50,Hf-Ni-Zr,esopt_graph_risk,1,5,2
budget-final-made-abfe69c6d613d729f001ae4c,50,Hf-Ni-Zr,esopt_graph_risk,1,6,2
budget-final-made-abfe69c6d613d729f001ae4c,50,Hf-Ni-Zr,esopt_graph_risk,1,7,3
budget-final-made-abfe69c6d613d729f001ae4c,50,Hf-Ni-Zr,esopt_graph_risk,1,8,3
budget-final-made-abfe69c6d613d729f001ae4c,50,Hf-Ni-Zr,esopt_graph_risk,1,9,3
budget-final-made-abfe69c6d613d729f001ae4c,50,Hf-Ni-Zr,esopt_graph_risk,1,10,4
budget-final-made-abfe69c6d613d729f001ae4c,50,Hf-Ni-Zr,esopt_graph_risk,1,11,5
budget-final-made-abfe69c6d613d729f001ae4c,50,Hf-Ni-Zr,esopt_graph_risk,1,12,6
budget-final-made-abfe69c6d613d729f001ae4c,50,Hf-Ni-Zr,esopt_graph_risk,1,13,7
budget-final-made-abfe69c6d613d729f001ae4c,50,Hf-Ni-Zr,esopt_graph_risk,1,14,8
budget-final-made-abfe69c6d613d729f001ae4c,50,Hf-Ni-Zr,esopt_graph_risk,1,15,8
budget-final-made-abfe69c6d613d729f001ae4c,50,Hf-Ni-Zr,esopt_graph_risk,1,16,8
budget-final-made-abfe69c6d613d729f001ae4c,50,Hf-Ni-Zr,esopt_graph_risk,1,17,8
budget-final-made-abfe69c6d613d729f001ae4c,50,Hf-Ni-Zr,esopt_graph_risk,1,18,8
budget-final-made-abfe69c6d613d729f001ae4c,50,Hf-Ni-Zr,esopt_graph_risk,1,19,8
budget-final-made-abfe69c6d613d729f001ae4c,50,Hf-Ni-Zr,esopt_graph_risk,1,20,8
budget-final-made-abfe69c6d613d729f001ae4c,50,Hf-Ni-Zr,esopt_graph_risk,1,21,8
budget-final-made-abfe69c6d613d729f001ae4c,50,Hf-Ni-Zr,esopt_graph_risk,1,22,9
budget-final-made-abfe69c6d613d729f001ae4c,50,Hf-Ni-Zr,esopt_graph_risk,1,23,10
budget-final-made-abfe69c6d613d729f001ae4c,50,Hf-Ni-Zr,esopt_graph_risk,1,24,10
budget-final-made-abfe69c6d613d729f001ae4c,50,Hf-Ni-Zr,esopt_graph_risk,1,25,10
budget-final-made-abfe69c6d613d729f001ae4c,50,Hf-Ni-Zr,esopt_graph_risk,1,26,10
budget-final-made-abfe69c6d613d729f001ae4c,50,Hf-Ni-Zr,esopt_graph_risk,1,27,10
budget-final-made-abfe69c6d613d729f001ae4c,50,Hf-Ni-Zr,esopt_graph_risk,1,28,10
budget-final-made-abfe69c6d613d729f001ae4c,50,Hf-Ni-Zr,esopt_graph_risk,1,29,10
budget-final-made-abfe69c6d613d729f001ae4c,50,Hf-Ni-Zr,esopt_graph_risk,1,30,10
budget-final-made-abfe69c6d613d729f001ae4c,50,Hf-Ni-Zr,esopt_graph_risk,1,31,11
budget-final-made-abfe69c6d613d729f001ae4c,50,Hf-Ni-Zr,esopt_graph_risk,1,32,11
budget-final-made-abfe69c6d613d729f001ae4c,50,Hf-Ni-Zr,esopt_graph_risk,1,33,11
budget-final-made-abfe69c6d613d729f001ae4c,50,Hf-Ni-Zr,esopt_graph_risk,1,34,11
budget-final-made-abfe69c6d613d729f001ae4c,50,Hf-Ni-Zr,esopt_graph_risk,1,35,11
budget-final-made-abfe69c6d613d729f001ae4c,50,Hf-Ni-Zr,esopt_graph_risk,1,36,12
budget-final-made-abfe69c6d613d729f001ae4c,50,Hf-Ni-Zr,esopt_graph_risk,1,37,13
budget-final-made-abfe69c6d613d729f001ae4c,50,Hf-Ni-Zr,esopt_graph_risk,1,38,13
budget-final-made-abfe69c6d613d729f001ae4c,50,Hf-Ni-Zr,esopt_graph_risk,1,39,13
budget-final-made-abfe69c6d613d729f001ae4c,50,Hf-Ni-Zr,esopt_graph_risk,1,40,13
budget-final-made-abfe69c6d613d729f001ae4c,50,Hf-Ni-Zr,esopt_graph_risk,1,41,13
budget-final-made-abfe69c6d613d729f001ae4c,50,Hf-Ni-Zr,esopt_graph_risk,1,42,14
budget-final-made-abfe69c6d613d729f001ae4c,50,Hf-Ni-Zr,esopt_graph_risk,1,43,15
budget-final-made-abfe69c6d613d729f001ae4c,50,Hf-Ni-Zr,esopt_graph_risk,1,44,15
budget-final-made-abfe69c6d613d729f001ae4c,50,Hf-Ni-Zr,esopt_graph_risk,1,45,15
budget-final-made-abfe69c6d613d729f001ae4c,50,Hf-Ni-Zr,esopt_graph_risk,1,46,15
budget-final-made-abfe69c6d613d729f001ae4c,50,Hf-Ni-Zr,esopt_graph_risk,1,47,15
budget-final-made-abfe69c6d613d729f001ae4c,50,Hf-Ni-Zr,esopt_graph_risk,1,48,15
budget-final-made-abfe69c6d613d729f001ae4c,50,Hf-Ni-Zr,esopt_graph_risk,1,49,16
budget-final-made-abfe69c6d613d729f001ae4c,50,Hf-Ni-Zr,esopt_graph_risk,1,50,16
budget-final-made-285f7a20c6d71c9f81b654b5,50,Ho-In-Mg-Pd-Zr,baseline,1,0,0
budget-final-made-285f7a20c6d71c9f81b654b5,50,Ho-In-Mg-Pd-Zr,baseline,1,1,0
budget-final-made-285f7a20c6d71c9f81b654b5,50,Ho-In-Mg-Pd-Zr,baseline,1,2,0
budget-final-made-285f7a20c6d71c9f81b654b5,50,Ho-In-Mg-Pd-Zr,baseline,1,3,0
budget-final-made-285f7a20c6d71c9f81b654b5,50,Ho-In-Mg-Pd-Zr,baseline,1,4,0
budget-final-made-285f7a20c6d71c9f81b654b5,50,Ho-In-Mg-Pd-Zr,baseline,1,5,1
budget-final-made-285f7a20c6d71c9f81b654b5,50,Ho-In-Mg-Pd-Zr,baseline,1,6,2
budget-final-made-285f7a20c6d71c9f81b654b5,50,Ho-In-Mg-Pd-Zr,baseline,1,7,2
budget-final-made-285f7a20c6d71c9f81b654b5,50,Ho-In-Mg-Pd-Zr,baseline,1,8,3
budget-final-made-285f7a20c6d71c9f81b654b5,50,Ho-In-Mg-Pd-Zr,baseline,1,9,3
budget-final-made-285f7a20c6d71c9f81b654b5,50,Ho-In-Mg-Pd-Zr,baseline,1,10,3
budget-final-made-285f7a20c6d71c9f81b654b5,50,Ho-In-Mg-Pd-Zr,baseline,1,11,3
budget-final-made-285f7a20c6d71c9f81b654b5,50,Ho-In-Mg-Pd-Zr,baseline,1,12,4
budget-final-made-285f7a20c6d71c9f81b654b5,50,Ho-In-Mg-Pd-Zr,baseline,1,13,4
budget-final-made-285f7a20c6d71c9f81b654b5,50,Ho-In-Mg-Pd-Zr,baseline,1,14,4
budget-final-made-285f7a20c6d71c9f81b654b5,50,Ho-In-Mg-Pd-Zr,baseline,1,15,5
budget-final-made-285f7a20c6d71c9f81b654b5,50,Ho-In-Mg-Pd-Zr,baseline,1,16,5
budget-final-made-285f7a20c6d71c9f81b654b5,50,Ho-In-Mg-Pd-Zr,baseline,1,17,6
budget-final-made-285f7a20c6d71c9f81b654b5,50,Ho-In-Mg-Pd-Zr,baseline,1,18,7
budget-final-made-285f7a20c6d71c9f81b654b5,50,Ho-In-Mg-Pd-Zr,baseline,1,19,7
budget-final-made-285f7a20c6d71c9f81b654b5,50,Ho-In-Mg-Pd-Zr,baseline,1,20,7
budget-final-made-285f7a20c6d71c9f81b654b5,50,Ho-In-Mg-Pd-Zr,baseline,1,21,8
budget-final-made-285f7a20c6d71c9f81b654b5,50,Ho-In-Mg-Pd-Zr,baseline,1,22,8
budget-final-made-285f7a20c6d71c9f81b654b5,50,Ho-In-Mg-Pd-Zr,baseline,1,23,8
budget-final-made-285f7a20c6d71c9f81b654b5,50,Ho-In-Mg-Pd-Zr,baseline,1,24,8
budget-final-made-285f7a20c6d71c9f81b654b5,50,Ho-In-Mg-Pd-Zr,baseline,1,25,8
budget-final-made-285f7a20c6d71c9f81b654b5,50,Ho-In-Mg-Pd-Zr,baseline,1,26,9
budget-final-made-285f7a20c6d71c9f81b654b5,50,Ho-In-Mg-Pd-Zr,baseline,1,27,9
budget-final-made-285f7a20c6d71c9f81b654b5,50,Ho-In-Mg-Pd-Zr,baseline,1,28,9
budget-final-made-285f7a20c6d71c9f81b654b5,50,Ho-In-Mg-Pd-Zr,baseline,1,29,9
budget-final-made-285f7a20c6d71c9f81b654b5,50,Ho-In-Mg-Pd-Zr,baseline,1,30,9
budget-final-made-285f7a20c6d71c9f81b654b5,50,Ho-In-Mg-Pd-Zr,baseline,1,31,9
budget-final-made-285f7a20c6d71c9f81b654b5,50,Ho-In-Mg-Pd-Zr,baseline,1,32,10
budget-final-made-285f7a20c6d71c9f81b654b5,50,Ho-In-Mg-Pd-Zr,baseline,1,33,10
budget-final-made-285f7a20c6d71c9f81b654b5,50,Ho-In-Mg-Pd-Zr,baseline,1,34,11
budget-final-made-285f7a20c6d71c9f81b654b5,50,Ho-In-Mg-Pd-Zr,baseline,1,35,11
budget-final-made-285f7a20c6d71c9f81b654b5,50,Ho-In-Mg-Pd-Zr,baseline,1,36,12
budget-final-made-285f7a20c6d71c9f81b654b5,50,Ho-In-Mg-Pd-Zr,baseline,1,37,13
budget-final-made-285f7a20c6d71c9f81b654b5,50,Ho-In-Mg-Pd-Zr,baseline,1,38,13
budget-final-made-285f7a20c6d71c9f81b654b5,50,Ho-In-Mg-Pd-Zr,baseline,1,39,13
budget-final-made-285f7a20c6d71c9f81b654b5,50,Ho-In-Mg-Pd-Zr,baseline,1,40,14
budget-final-made-285f7a20c6d71c9f81b654b5,50,Ho-In-Mg-Pd-Zr,baseline,1,41,15
budget-final-made-285f7a20c6d71c9f81b654b5,50,Ho-In-Mg-Pd-Zr,baseline,1,42,16
budget-final-made-285f7a20c6d71c9f81b654b5,50,Ho-In-Mg-Pd-Zr,baseline,1,43,16
budget-final-made-285f7a20c6d71c9f81b654b5,50,Ho-In-Mg-Pd-Zr,baseline,1,44,16
budget-final-made-285f7a20c6d71c9f81b654b5,50,Ho-In-Mg-Pd-Zr,baseline,1,45,17
budget-final-made-285f7a20c6d71c9f81b654b5,50,Ho-In-Mg-Pd-Zr,baseline,1,46,17
budget-final-made-285f7a20c6d71c9f81b654b5,50,Ho-In-Mg-Pd-Zr,baseline,1,47,17
budget-final-made-285f7a20c6d71c9f81b654b5,50,Ho-In-Mg-Pd-Zr,baseline,1,48,17
budget-final-made-285f7a20c6d71c9f81b654b5,50,Ho-In-Mg-Pd-Zr,baseline,1,49,17
budget-final-made-285f7a20c6d71c9f81b654b5,50,Ho-In-Mg-Pd-Zr,baseline,1,50,18
budget-final-made-76df2600b6fe395bf48ab5d6,50,Ho-In-Mg-Pd-Zr,esopt_graph_risk,1,0,0
budget-final-made-76df2600b6fe395bf48ab5d6,50,Ho-In-Mg-Pd-Zr,esopt_graph_risk,1,1,0
budget-final-made-76df2600b6fe395bf48ab5d6,50,Ho-In-Mg-Pd-Zr,esopt_graph_risk,1,2,0
budget-final-made-76df2600b6fe395bf48ab5d6,50,Ho-In-Mg-Pd-Zr,esopt_graph_risk,1,3,0
budget-final-made-76df2600b6fe395bf48ab5d6,50,Ho-In-Mg-Pd-Zr,esopt_graph_risk,1,4,0
budget-final-made-76df2600b6fe395bf48ab5d6,50,Ho-In-Mg-Pd-Zr,esopt_graph_risk,1,5,0
budget-final-made-76df2600b6fe395bf48ab5d6,50,Ho-In-Mg-Pd-Zr,esopt_graph_risk,1,6,0
budget-final-made-76df2600b6fe395bf48ab5d6,50,Ho-In-Mg-Pd-Zr,esopt_graph_risk,1,7,0
budget-final-made-76df2600b6fe395bf48ab5d6,50,Ho-In-Mg-Pd-Zr,esopt_graph_risk,1,8,0
budget-final-made-76df2600b6fe395bf48ab5d6,50,Ho-In-Mg-Pd-Zr,esopt_graph_risk,1,9,0
budget-final-made-76df2600b6fe395bf48ab5d6,50,Ho-In-Mg-Pd-Zr,esopt_graph_risk,1,10,0
budget-final-made-76df2600b6fe395bf48ab5d6,50,Ho-In-Mg-Pd-Zr,esopt_graph_risk,1,11,0
budget-final-made-76df2600b6fe395bf48ab5d6,50,Ho-In-Mg-Pd-Zr,esopt_graph_risk,1,12,0
budget-final-made-76df2600b6fe395bf48ab5d6,50,Ho-In-Mg-Pd-Zr,esopt_graph_risk,1,13,0
budget-final-made-76df2600b6fe395bf48ab5d6,50,Ho-In-Mg-Pd-Zr,esopt_graph_risk,1,14,0
budget-final-made-76df2600b6fe395bf48ab5d6,50,Ho-In-Mg-Pd-Zr,esopt_graph_risk,1,15,0
budget-final-made-76df2600b6fe395bf48ab5d6,50,Ho-In-Mg-Pd-Zr,esopt_graph_risk,1,16,0
budget-final-made-76df2600b6fe395bf48ab5d6,50,Ho-In-Mg-Pd-Zr,esopt_graph_risk,1,17,0
budget-final-made-76df2600b6fe395bf48ab5d6,50,Ho-In-Mg-Pd-Zr,esopt_graph_risk,1,18,0
budget-final-made-76df2600b6fe395bf48ab5d6,50,Ho-In-Mg-Pd-Zr,esopt_graph_risk,1,19,0
budget-final-made-76df2600b6fe395bf48ab5d6,50,Ho-In-Mg-Pd-Zr,esopt_graph_risk,1,20,0
budget-final-made-76df2600b6fe395bf48ab5d6,50,Ho-In-Mg-Pd-Zr,esopt_graph_risk,1,21,0
budget-final-made-76df2600b6fe395bf48ab5d6,50,Ho-In-Mg-Pd-Zr,esopt_graph_risk,1,22,0
budget-final-made-76df2600b6fe395bf48ab5d6,50,Ho-In-Mg-Pd-Zr,esopt_graph_risk,1,23,0
budget-final-made-76df2600b6fe395bf48ab5d6,50,Ho-In-Mg-Pd-Zr,esopt_graph_risk,1,24,0
budget-final-made-76df2600b6fe395bf48ab5d6,50,Ho-In-Mg-Pd-Zr,esopt_graph_risk,1,25,0
budget-final-made-76df2600b6fe395bf48ab5d6,50,Ho-In-Mg-Pd-Zr,esopt_graph_risk,1,26,0
budget-final-made-76df2600b6fe395bf48ab5d6,50,Ho-In-Mg-Pd-Zr,esopt_graph_risk,1,27,0
budget-final-made-76df2600b6fe395bf48ab5d6,50,Ho-In-Mg-Pd-Zr,esopt_graph_risk,1,28,0
budget-final-made-76df2600b6fe395bf48ab5d6,50,Ho-In-Mg-Pd-Zr,esopt_graph_risk,1,29,0
budget-final-made-76df2600b6fe395bf48ab5d6,50,Ho-In-Mg-Pd-Zr,esopt_graph_risk,1,30,0
budget-final-made-76df2600b6fe395bf48ab5d6,50,Ho-In-Mg-Pd-Zr,esopt_graph_risk,1,31,0
budget-final-made-76df2600b6fe395bf48ab5d6,50,Ho-In-Mg-Pd-Zr,esopt_graph_risk,1,32,0
budget-final-made-76df2600b6fe395bf48ab5d6,50,Ho-In-Mg-Pd-Zr,esopt_graph_risk,1,33,0
budget-final-made-76df2600b6fe395bf48ab5d6,50,Ho-In-Mg-Pd-Zr,esopt_graph_risk,1,34,0
budget-final-made-76df2600b6fe395bf48ab5d6,50,Ho-In-Mg-Pd-Zr,esopt_graph_risk,1,35,0
budget-final-made-76df2600b6fe395bf48ab5d6,50,Ho-In-Mg-Pd-Zr,esopt_graph_risk,1,36,0
budget-final-made-76df2600b6fe395bf48ab5d6,50,Ho-In-Mg-Pd-Zr,esopt_graph_risk,1,37,0
budget-final-made-76df2600b6fe395bf48ab5d6,50,Ho-In-Mg-Pd-Zr,esopt_graph_risk,1,38,0
budget-final-made-76df2600b6fe395bf48ab5d6,50,Ho-In-Mg-Pd-Zr,esopt_graph_risk,1,39,0
budget-final-made-76df2600b6fe395bf48ab5d6,50,Ho-In-Mg-Pd-Zr,esopt_graph_risk,1,40,0
budget-final-made-76df2600b6fe395bf48ab5d6,50,Ho-In-Mg-Pd-Zr,esopt_graph_risk,1,41,0
budget-final-made-76df2600b6fe395bf48ab5d6,50,Ho-In-Mg-Pd-Zr,esopt_graph_risk,1,42,0
budget-final-made-76df2600b6fe395bf48ab5d6,50,Ho-In-Mg-Pd-Zr,esopt_graph_risk,1,43,0
budget-final-made-76df2600b6fe395bf48ab5d6,50,Ho-In-Mg-Pd-Zr,esopt_graph_risk,1,44,0
budget-final-made-76df2600b6fe395bf48ab5d6,50,Ho-In-Mg-Pd-Zr,esopt_graph_risk,1,45,0
budget-final-made-76df2600b6fe395bf48ab5d6,50,Ho-In-Mg-Pd-Zr,esopt_graph_risk,1,46,0
budget-final-made-76df2600b6fe395bf48ab5d6,50,Ho-In-Mg-Pd-Zr,esopt_graph_risk,1,47,0
budget-final-made-76df2600b6fe395bf48ab5d6,50,Ho-In-Mg-Pd-Zr,esopt_graph_risk,1,48,0
budget-final-made-76df2600b6fe395bf48ab5d6,50,Ho-In-Mg-Pd-Zr,esopt_graph_risk,1,49,0
budget-final-made-76df2600b6fe395bf48ab5d6,50,Ho-In-Mg-Pd-Zr,esopt_graph_risk,1,50,0
budget-final-made-0e9440fea1447a2443ea9b28,50,Mg-Sn-Sr,baseline,1,0,0
budget-final-made-0e9440fea1447a2443ea9b28,50,Mg-Sn-Sr,baseline,1,1,1
budget-final-made-0e9440fea1447a2443ea9b28,50,Mg-Sn-Sr,baseline,1,2,2
budget-final-made-0e9440fea1447a2443ea9b28,50,Mg-Sn-Sr,baseline,1,3,3
budget-final-made-0e9440fea1447a2443ea9b28,50,Mg-Sn-Sr,baseline,1,4,3
budget-final-made-0e9440fea1447a2443ea9b28,50,Mg-Sn-Sr,baseline,1,5,4
budget-final-made-0e9440fea1447a2443ea9b28,50,Mg-Sn-Sr,baseline,1,6,4
budget-final-made-0e9440fea1447a2443ea9b28,50,Mg-Sn-Sr,baseline,1,7,5
budget-final-made-0e9440fea1447a2443ea9b28,50,Mg-Sn-Sr,baseline,1,8,6
budget-final-made-0e9440fea1447a2443ea9b28,50,Mg-Sn-Sr,baseline,1,9,7
budget-final-made-0e9440fea1447a2443ea9b28,50,Mg-Sn-Sr,baseline,1,10,8
budget-final-made-0e9440fea1447a2443ea9b28,50,Mg-Sn-Sr,baseline,1,11,9
budget-final-made-0e9440fea1447a2443ea9b28,50,Mg-Sn-Sr,baseline,1,12,9
budget-final-made-0e9440fea1447a2443ea9b28,50,Mg-Sn-Sr,baseline,1,13,10
budget-final-made-0e9440fea1447a2443ea9b28,50,Mg-Sn-Sr,baseline,1,14,10
budget-final-made-0e9440fea1447a2443ea9b28,50,Mg-Sn-Sr,baseline,1,15,11
budget-final-made-0e9440fea1447a2443ea9b28,50,Mg-Sn-Sr,baseline,1,16,12
budget-final-made-0e9440fea1447a2443ea9b28,50,Mg-Sn-Sr,baseline,1,17,12
budget-final-made-0e9440fea1447a2443ea9b28,50,Mg-Sn-Sr,baseline,1,18,13
budget-final-made-0e9440fea1447a2443ea9b28,50,Mg-Sn-Sr,baseline,1,19,13
budget-final-made-0e9440fea1447a2443ea9b28,50,Mg-Sn-Sr,baseline,1,20,14
budget-final-made-0e9440fea1447a2443ea9b28,50,Mg-Sn-Sr,baseline,1,21,15
budget-final-made-0e9440fea1447a2443ea9b28,50,Mg-Sn-Sr,baseline,1,22,16
budget-final-made-0e9440fea1447a2443ea9b28,50,Mg-Sn-Sr,baseline,1,23,17
budget-final-made-0e9440fea1447a2443ea9b28,50,Mg-Sn-Sr,baseline,1,24,18
budget-final-made-0e9440fea1447a2443ea9b28,50,Mg-Sn-Sr,baseline,1,25,19
budget-final-made-0e9440fea1447a2443ea9b28,50,Mg-Sn-Sr,baseline,1,26,20
budget-final-made-0e9440fea1447a2443ea9b28,50,Mg-Sn-Sr,baseline,1,27,21
budget-final-made-0e9440fea1447a2443ea9b28,50,Mg-Sn-Sr,baseline,1,28,22
budget-final-made-0e9440fea1447a2443ea9b28,50,Mg-Sn-Sr,baseline,1,29,23
budget-final-made-0e9440fea1447a2443ea9b28,50,Mg-Sn-Sr,baseline,1,30,24
budget-final-made-0e9440fea1447a2443ea9b28,50,Mg-Sn-Sr,baseline,1,31,24
budget-final-made-0e9440fea1447a2443ea9b28,50,Mg-Sn-Sr,baseline,1,32,25
budget-final-made-0e9440fea1447a2443ea9b28,50,Mg-Sn-Sr,baseline,1,33,25
budget-final-made-0e9440fea1447a2443ea9b28,50,Mg-Sn-Sr,baseline,1,34,26
budget-final-made-0e9440fea1447a2443ea9b28,50,Mg-Sn-Sr,baseline,1,35,27
budget-final-made-0e9440fea1447a2443ea9b28,50,Mg-Sn-Sr,baseline,1,36,28
budget-final-made-0e9440fea1447a2443ea9b28,50,Mg-Sn-Sr,baseline,1,37,28
budget-final-made-0e9440fea1447a2443ea9b28,50,Mg-Sn-Sr,baseline,1,38,29
budget-final-made-0e9440fea1447a2443ea9b28,50,Mg-Sn-Sr,baseline,1,39,30
budget-final-made-0e9440fea1447a2443ea9b28,50,Mg-Sn-Sr,baseline,1,40,31
budget-final-made-0e9440fea1447a2443ea9b28,50,Mg-Sn-Sr,baseline,1,41,32
budget-final-made-0e9440fea1447a2443ea9b28,50,Mg-Sn-Sr,baseline,1,42,33
budget-final-made-0e9440fea1447a2443ea9b28,50,Mg-Sn-Sr,baseline,1,43,34
budget-final-made-0e9440fea1447a2443ea9b28,50,Mg-Sn-Sr,baseline,1,44,35
budget-final-made-0e9440fea1447a2443ea9b28,50,Mg-Sn-Sr,baseline,1,45,36
budget-final-made-0e9440fea1447a2443ea9b28,50,Mg-Sn-Sr,baseline,1,46,37
budget-final-made-0e9440fea1447a2443ea9b28,50,Mg-Sn-Sr,baseline,1,47,38
budget-final-made-0e9440fea1447a2443ea9b28,50,Mg-Sn-Sr,baseline,1,48,39
budget-final-made-0e9440fea1447a2443ea9b28,50,Mg-Sn-Sr,baseline,1,49,40
budget-final-made-0e9440fea1447a2443ea9b28,50,Mg-Sn-Sr,baseline,1,50,41
budget-final-made-10d466b36bfb2baaad28c932,50,Mg-Sn-Sr,esopt_graph_risk,1,0,0
budget-final-made-10d466b36bfb2baaad28c932,50,Mg-Sn-Sr,esopt_graph_risk,1,1,1
budget-final-made-10d466b36bfb2baaad28c932,50,Mg-Sn-Sr,esopt_graph_risk,1,2,2
budget-final-made-10d466b36bfb2baaad28c932,50,Mg-Sn-Sr,esopt_graph_risk,1,3,3
budget-final-made-10d466b36bfb2baaad28c932,50,Mg-Sn-Sr,esopt_graph_risk,1,4,4
budget-final-made-10d466b36bfb2baaad28c932,50,Mg-Sn-Sr,esopt_graph_risk,1,5,4
budget-final-made-10d466b36bfb2baaad28c932,50,Mg-Sn-Sr,esopt_graph_risk,1,6,5
budget-final-made-10d466b36bfb2baaad28c932,50,Mg-Sn-Sr,esopt_graph_risk,1,7,5
budget-final-made-10d466b36bfb2baaad28c932,50,Mg-Sn-Sr,esopt_graph_risk,1,8,5
budget-final-made-10d466b36bfb2baaad28c932,50,Mg-Sn-Sr,esopt_graph_risk,1,9,5
budget-final-made-10d466b36bfb2baaad28c932,50,Mg-Sn-Sr,esopt_graph_risk,1,10,6
budget-final-made-10d466b36bfb2baaad28c932,50,Mg-Sn-Sr,esopt_graph_risk,1,11,6
budget-final-made-10d466b36bfb2baaad28c932,50,Mg-Sn-Sr,esopt_graph_risk,1,12,7
budget-final-made-10d466b36bfb2baaad28c932,50,Mg-Sn-Sr,esopt_graph_risk,1,13,8
budget-final-made-10d466b36bfb2baaad28c932,50,Mg-Sn-Sr,esopt_graph_risk,1,14,8
budget-final-made-10d466b36bfb2baaad28c932,50,Mg-Sn-Sr,esopt_graph_risk,1,15,8
budget-final-made-10d466b36bfb2baaad28c932,50,Mg-Sn-Sr,esopt_graph_risk,1,16,8
budget-final-made-10d466b36bfb2baaad28c932,50,Mg-Sn-Sr,esopt_graph_risk,1,17,8
budget-final-made-10d466b36bfb2baaad28c932,50,Mg-Sn-Sr,esopt_graph_risk,1,18,9
budget-final-made-10d466b36bfb2baaad28c932,50,Mg-Sn-Sr,esopt_graph_risk,1,19,10
budget-final-made-10d466b36bfb2baaad28c932,50,Mg-Sn-Sr,esopt_graph_risk,1,20,11
budget-final-made-10d466b36bfb2baaad28c932,50,Mg-Sn-Sr,esopt_graph_risk,1,21,11
budget-final-made-10d466b36bfb2baaad28c932,50,Mg-Sn-Sr,esopt_graph_risk,1,22,11
budget-final-made-10d466b36bfb2baaad28c932,50,Mg-Sn-Sr,esopt_graph_risk,1,23,11
budget-final-made-10d466b36bfb2baaad28c932,50,Mg-Sn-Sr,esopt_graph_risk,1,24,11
budget-final-made-10d466b36bfb2baaad28c932,50,Mg-Sn-Sr,esopt_graph_risk,1,25,12
budget-final-made-10d466b36bfb2baaad28c932,50,Mg-Sn-Sr,esopt_graph_risk,1,26,13
budget-final-made-10d466b36bfb2baaad28c932,50,Mg-Sn-Sr,esopt_graph_risk,1,27,13
budget-final-made-10d466b36bfb2baaad28c932,50,Mg-Sn-Sr,esopt_graph_risk,1,28,13
budget-final-made-10d466b36bfb2baaad28c932,50,Mg-Sn-Sr,esopt_graph_risk,1,29,14
budget-final-made-10d466b36bfb2baaad28c932,50,Mg-Sn-Sr,esopt_graph_risk,1,30,14
budget-final-made-10d466b36bfb2baaad28c932,50,Mg-Sn-Sr,esopt_graph_risk,1,31,14
budget-final-made-10d466b36bfb2baaad28c932,50,Mg-Sn-Sr,esopt_graph_risk,1,32,14
budget-final-made-10d466b36bfb2baaad28c932,50,Mg-Sn-Sr,esopt_graph_risk,1,33,14
budget-final-made-10d466b36bfb2baaad28c932,50,Mg-Sn-Sr,esopt_graph_risk,1,34,14
budget-final-made-10d466b36bfb2baaad28c932,50,Mg-Sn-Sr,esopt_graph_risk,1,35,14
budget-final-made-10d466b36bfb2baaad28c932,50,Mg-Sn-Sr,esopt_graph_risk,1,36,14
budget-final-made-10d466b36bfb2baaad28c932,50,Mg-Sn-Sr,esopt_graph_risk,1,37,14
budget-final-made-10d466b36bfb2baaad28c932,50,Mg-Sn-Sr,esopt_graph_risk,1,38,14
budget-final-made-10d466b36bfb2baaad28c932,50,Mg-Sn-Sr,esopt_graph_risk,1,39,14
budget-final-made-10d466b36bfb2baaad28c932,50,Mg-Sn-Sr,esopt_graph_risk,1,40,14
budget-final-made-10d466b36bfb2baaad28c932,50,Mg-Sn-Sr,esopt_graph_risk,1,41,14
budget-final-made-10d466b36bfb2baaad28c932,50,Mg-Sn-Sr,esopt_graph_risk,1,42,14
budget-final-made-10d466b36bfb2baaad28c932,50,Mg-Sn-Sr,esopt_graph_risk,1,43,14
budget-final-made-10d466b36bfb2baaad28c932,50,Mg-Sn-Sr,esopt_graph_risk,1,44,14
budget-final-made-10d466b36bfb2baaad28c932,50,Mg-Sn-Sr,esopt_graph_risk,1,45,14
budget-final-made-10d466b36bfb2baaad28c932,50,Mg-Sn-Sr,esopt_graph_risk,1,46,14
budget-final-made-10d466b36bfb2baaad28c932,50,Mg-Sn-Sr,esopt_graph_risk,1,47,14
budget-final-made-10d466b36bfb2baaad28c932,50,Mg-Sn-Sr,esopt_graph_risk,1,48,14
budget-final-made-10d466b36bfb2baaad28c932,50,Mg-Sn-Sr,esopt_graph_risk,1,49,14
budget-final-made-10d466b36bfb2baaad28c932,50,Mg-Sn-Sr,esopt_graph_risk,1,50,14
