job_id,benchmark,model_key,method,task_id,seed,budget,SUN,AUDC,mSUN,candidate_oracle_attempts,complete,model_revision_recorded,selected_generation_recorded,actual_model_state_hash,execution_profile_fingerprint,raw_result_sha256,raw_result_relative_path,raw_RPC_sha256,raw_RPC_relative_path,receipt_sha256,receipt_relative_path,acceptance_evidence_kind,acceptance_evidence_sha256,acceptance_evidence_relative_path,scope_registration_sha256,result_artifact_kind,original_runner_accepted,derived_acceptance,root_adoption_sha256,root_adoption_relative_path,verification_basis,source_observation_CST
all30-final-made-7c0efd227bf52418fb36aad2,made,qwen35_4b,baseline,Ag-Nd-Pd-Pt-Tb,1,10,4,0.5,0.4,10,True,851bf6e806efd8d0a36b00ddf55e13ccb7b8cd0a,0,6a308686126804830c81a7d2a3495feda3b3a13b074b9958e0e6026759826516,9fa58a243707e148b412828cf5838eda27cdbbbb747c575fc51082d02f898811,c01d8a3159c8432f2090355e6f739ebbe5bd4c48241e17eeb31b055de4cc443e,evaluation_workspaces/made_all30_b10_v1/workers/worker_00/jobs/all30-final-made-7c0efd227bf52418fb36aad2/4ed8a7f477a543a7a42b1d3033d0f801/result.json,d373fbc844900c7f9f141c05cc15dfb4371d220db6e647b38d9bd7608d2e2454,evaluation_workspaces/made_all30_b10_v1/workers/worker_00/jobs/all30-final-made-7c0efd227bf52418fb36aad2/4ed8a7f477a543a7a42b1d3033d0f801/rpc/rpc.jsonl,,,original_per_worker_ledger,70234a9f1cc8d7f95700bce26d99df9f2e9d6afb2498d2378613eb1f181927af,evaluation_workspaces/made_all30_b10_v1/workers/worker_00/ledger.json,ede4d1d5783f220f7a949afb39dad3a7697cfe95bb3a9e15ebbd6df8e08adf6c,original_runner_envelope,True,False,,,fresh_original_RPC_hash_curve_counts_and_result_identity; existing_acceptance_reference_rehashed,2026-09-19T05:21:38.188817+08:00
all30-final-made-699a176cb7e28a04547e3e15,made,qwen35_4b,esopt_graph_risk,Ag-Nd-Pd-Pt-Tb,1,10,5,0.57,0.5,10,True,851bf6e806efd8d0a36b00ddf55e13ccb7b8cd0a,2,2e5adce2a0d3785a1e1df3c41888f42eed2a23b9e175e3e0b1a4e1d3ef534fff,255c8bb9d3de303ae1b885f6858a15de63263fab05cc0d33b63dd3ecd4a59fae,6064bd564b46ec21f0651410594e0d80889658bfa551f595a78827dfefd8b7b4,evaluation_workspaces/made_all30_b10_v1/workers/worker_00/jobs/all30-final-made-699a176cb7e28a04547e3e15/4ce32b104af34175b7fd841d91bbf347/result.json,29442e69949e57a970e3313d608c2d1a534c6893cad917d1041a05592182ce4f,evaluation_workspaces/made_all30_b10_v1/workers/worker_00/jobs/all30-final-made-699a176cb7e28a04547e3e15/4ce32b104af34175b7fd841d91bbf347/rpc/rpc.jsonl,,,original_per_worker_ledger,70234a9f1cc8d7f95700bce26d99df9f2e9d6afb2498d2378613eb1f181927af,evaluation_workspaces/made_all30_b10_v1/workers/worker_00/ledger.json,ede4d1d5783f220f7a949afb39dad3a7697cfe95bb3a9e15ebbd6df8e08adf6c,original_runner_envelope,True,False,,,fresh_original_RPC_hash_curve_counts_and_result_identity; existing_acceptance_reference_rehashed,2026-09-19T05:21:38.188817+08:00
all30-final-made-904eb201596a60402fead162,made,qwen35_4b,baseline,Al-Hg-K-Mg-W,1,10,0,0.0,0.0,10,True,851bf6e806efd8d0a36b00ddf55e13ccb7b8cd0a,0,6a308686126804830c81a7d2a3495feda3b3a13b074b9958e0e6026759826516,9fa58a243707e148b412828cf5838eda27cdbbbb747c575fc51082d02f898811,29e92d75848cabb4f068fb3e34d83a07202a6b45895069a2d8d416e31a09277d,evaluation_workspaces/made_all30_b10_v1/workers/worker_01/jobs/all30-final-made-904eb201596a60402fead162/350375ddcd7942699a69977ac4649a87/result.json,1b00290694541d38ffab6cdc6adcbe5b3fb9ddcfb07da052b57553b135fe8380,evaluation_workspaces/made_all30_b10_v1/workers/worker_01/jobs/all30-final-made-904eb201596a60402fead162/350375ddcd7942699a69977ac4649a87/rpc/rpc.jsonl,,,original_per_worker_ledger,29dd0a88da5342912f0357f51891152bfb984d3a7e1b16525a68bf0395e722a5,evaluation_workspaces/made_all30_b10_v1/workers/worker_01/ledger.json,ede4d1d5783f220f7a949afb39dad3a7697cfe95bb3a9e15ebbd6df8e08adf6c,original_runner_envelope,True,False,,,fresh_original_RPC_hash_curve_counts_and_result_identity; existing_acceptance_reference_rehashed,2026-09-19T05:21:38.188817+08:00
all30-final-made-a42b15610f22ef80153727db,made,qwen35_4b,esopt_graph_risk,Al-Hg-K-Mg-W,1,10,0,0.0,0.0,10,True,851bf6e806efd8d0a36b00ddf55e13ccb7b8cd0a,2,2e5adce2a0d3785a1e1df3c41888f42eed2a23b9e175e3e0b1a4e1d3ef534fff,255c8bb9d3de303ae1b885f6858a15de63263fab05cc0d33b63dd3ecd4a59fae,19903342d3307b806507c2f17045307efbbdfafe07ee4ef734fe0a110d3500ca,evaluation_workspaces/made_all30_b10_v1/workers/worker_01/jobs/all30-final-made-a42b15610f22ef80153727db/9ee1c0fc81354b5c9e0d6a708688b9f4/result.json,18579aca85201faa8e938d1fd6d9b53f082c22e7ad7ac9a6e3a144a888995c16,evaluation_workspaces/made_all30_b10_v1/workers/worker_01/jobs/all30-final-made-a42b15610f22ef80153727db/9ee1c0fc81354b5c9e0d6a708688b9f4/rpc/rpc.jsonl,,,original_per_worker_ledger,29dd0a88da5342912f0357f51891152bfb984d3a7e1b16525a68bf0395e722a5,evaluation_workspaces/made_all30_b10_v1/workers/worker_01/ledger.json,ede4d1d5783f220f7a949afb39dad3a7697cfe95bb3a9e15ebbd6df8e08adf6c,original_runner_envelope,True,False,,,fresh_original_RPC_hash_curve_counts_and_result_identity; existing_acceptance_reference_rehashed,2026-09-19T05:21:38.188817+08:00
core-final-made-b3cf3eb0b0abac870322dfca,made,qwen35_4b,baseline,Al-Li-V,1,10,0,0.0,0.0,10,True,851bf6e806efd8d0a36b00ddf55e13ccb7b8cd0a,0,6a308686126804830c81a7d2a3495feda3b3a13b074b9958e0e6026759826516,9fa58a243707e148b412828cf5838eda27cdbbbb747c575fc51082d02f898811,57c2ba5dab897b80b3ac22f10de9555ab27a60428ce66e32a37d59e2ba2da569,core_workspaces/made_fast_subset_causal_v5/experiments/core_final/jobs/core-final-made-b3cf3eb0b0abac870322dfca/98e956e2c2d6426eb3565f40ebc9fc12/result.json,5b867700d941eb10443979f4c4615c6638ff6a5c32b98120045562a40e8e5ffc,core_workspaces/made_fast_subset_causal_v5/experiments/core_final/jobs/core-final-made-b3cf3eb0b0abac870322dfca/98e956e2c2d6426eb3565f40ebc9fc12/rpc/rpc.jsonl,,,original_five_global_receipt,2aa6a4292bcb8d1b9f42126bbc7ff84ebb0a22d24a37d89425059f65c9882f32,evaluation_workspaces/made_cumulative_five_v1/experiments/evaluation_extension_stage_receipts/final.json,ede4d1d5783f220f7a949afb39dad3a7697cfe95bb3a9e15ebbd6df8e08adf6c,original_runner_envelope,True,False,,,fresh_original_RPC_hash_curve_counts_and_result_identity; existing_acceptance_reference_rehashed,2026-09-19T05:21:38.188817+08:00
core-final-made-62c11475b68fc27b52f90528,made,qwen35_4b,esopt_graph_risk,Al-Li-V,1,10,2,0.18,0.2,10,True,851bf6e806efd8d0a36b00ddf55e13ccb7b8cd0a,2,2e5adce2a0d3785a1e1df3c41888f42eed2a23b9e175e3e0b1a4e1d3ef534fff,255c8bb9d3de303ae1b885f6858a15de63263fab05cc0d33b63dd3ecd4a59fae,4a48578474376701b499ad706f1ef7be39348db3c1169b95489eada9cafa670f,core_workspaces/made_fast_subset_causal_v5/experiments/core_final/jobs/core-final-made-62c11475b68fc27b52f90528/06784341da0e4872b5d9437c6b99fd5e/result.json,6a36bfd094d15e917491b6dcc8bb6399ec6d6a935fbbbab3659fe80e1d28bbf6,core_workspaces/made_fast_subset_causal_v5/experiments/core_final/jobs/core-final-made-62c11475b68fc27b52f90528/06784341da0e4872b5d9437c6b99fd5e/rpc/rpc.jsonl,,,original_five_global_receipt,2aa6a4292bcb8d1b9f42126bbc7ff84ebb0a22d24a37d89425059f65c9882f32,evaluation_workspaces/made_cumulative_five_v1/experiments/evaluation_extension_stage_receipts/final.json,ede4d1d5783f220f7a949afb39dad3a7697cfe95bb3a9e15ebbd6df8e08adf6c,original_runner_envelope,True,False,,,fresh_original_RPC_hash_curve_counts_and_result_identity; existing_acceptance_reference_rehashed,2026-09-19T05:21:38.188817+08:00
all30-final-made-e09a34e29836469e9ba4b8e4,made,qwen35_4b,baseline,Al-Lu-Pt-Rb-Sm,1,10,0,0.0,0.0,10,True,851bf6e806efd8d0a36b00ddf55e13ccb7b8cd0a,0,6a308686126804830c81a7d2a3495feda3b3a13b074b9958e0e6026759826516,9fa58a243707e148b412828cf5838eda27cdbbbb747c575fc51082d02f898811,d6b3c60292fee58b82f2fc2e058b9257a869952c8fd58a8d5d7f59bf25c7760f,evaluation_workspaces/made_all30_b10_v1/workers/worker_02/jobs/all30-final-made-e09a34e29836469e9ba4b8e4/b4be18c0484d4437bf873ad08cb86a43/result.json,a64b4be6ff916de016ed40012d2872373d30f2cc05d25b02d9083c2519b0ef10,evaluation_workspaces/made_all30_b10_v1/workers/worker_02/jobs/all30-final-made-e09a34e29836469e9ba4b8e4/b4be18c0484d4437bf873ad08cb86a43/rpc/rpc.jsonl,,,original_per_worker_ledger,b060350ca81b18ed8ca0b7e019ec25ec1f5fc2ab2b4f356f91691796e882ee4a,evaluation_workspaces/made_all30_b10_v1/workers/worker_02/ledger.json,ede4d1d5783f220f7a949afb39dad3a7697cfe95bb3a9e15ebbd6df8e08adf6c,original_runner_envelope,True,False,,,fresh_original_RPC_hash_curve_counts_and_result_identity; existing_acceptance_reference_rehashed,2026-09-19T05:21:38.188817+08:00
all30-final-made-9bf29fcfc2d0b0e48b8c6c4d,made,qwen35_4b,esopt_graph_risk,Al-Lu-Pt-Rb-Sm,1,10,7,0.83,0.7,10,True,851bf6e806efd8d0a36b00ddf55e13ccb7b8cd0a,2,2e5adce2a0d3785a1e1df3c41888f42eed2a23b9e175e3e0b1a4e1d3ef534fff,255c8bb9d3de303ae1b885f6858a15de63263fab05cc0d33b63dd3ecd4a59fae,dee27b9b08f2629fb0d3e140a09a1866f618c4496038389c1b0bd20a077ba971,evaluation_workspaces/made_all30_b10_v1/workers/worker_02/jobs/all30-final-made-9bf29fcfc2d0b0e48b8c6c4d/fd1c0975e847438cb0c7535dc5fc0f1e/result.json,36e54c8d93e81497cf1c947ce6515beecf489d94cf181fbe490effdf2e2daddc,evaluation_workspaces/made_all30_b10_v1/workers/worker_02/jobs/all30-final-made-9bf29fcfc2d0b0e48b8c6c4d/fd1c0975e847438cb0c7535dc5fc0f1e/rpc/rpc.jsonl,,,original_per_worker_ledger,b060350ca81b18ed8ca0b7e019ec25ec1f5fc2ab2b4f356f91691796e882ee4a,evaluation_workspaces/made_all30_b10_v1/workers/worker_02/ledger.json,ede4d1d5783f220f7a949afb39dad3a7697cfe95bb3a9e15ebbd6df8e08adf6c,original_runner_envelope,True,False,,,fresh_original_RPC_hash_curve_counts_and_result_identity; existing_acceptance_reference_rehashed,2026-09-19T05:21:38.188817+08:00
core-final-made-e6ec0e8c12056042d3e30a1a,made,qwen35_4b,baseline,Al-V-Zn,1,10,6,0.68,0.6,10,True,851bf6e806efd8d0a36b00ddf55e13ccb7b8cd0a,0,6a308686126804830c81a7d2a3495feda3b3a13b074b9958e0e6026759826516,9fa58a243707e148b412828cf5838eda27cdbbbb747c575fc51082d02f898811,d9e2464ee43fce63fc9519dbbc1c6d77ec0fe14593ec693e80ec19ab8030675b,core_workspaces/made_fast_subset_causal_v5/experiments/core_final/jobs/core-final-made-e6ec0e8c12056042d3e30a1a/6ec1fa3fe2584ccc8371bbb10bf11c3a/result.json,0723921be0220c6e783f1da8dc3567b0d7f4c7714605a3ddb82ac93751bab4ca,core_workspaces/made_fast_subset_causal_v5/experiments/core_final/jobs/core-final-made-e6ec0e8c12056042d3e30a1a/6ec1fa3fe2584ccc8371bbb10bf11c3a/rpc/rpc.jsonl,,,original_five_global_receipt,2aa6a4292bcb8d1b9f42126bbc7ff84ebb0a22d24a37d89425059f65c9882f32,evaluation_workspaces/made_cumulative_five_v1/experiments/evaluation_extension_stage_receipts/final.json,ede4d1d5783f220f7a949afb39dad3a7697cfe95bb3a9e15ebbd6df8e08adf6c,original_runner_envelope,True,False,,,fresh_original_RPC_hash_curve_counts_and_result_identity; existing_acceptance_reference_rehashed,2026-09-19T05:21:38.188817+08:00
core-final-made-d063abf251631ee8047431e9,made,qwen35_4b,esopt_graph_risk,Al-V-Zn,1,10,4,0.32,0.4,10,True,851bf6e806efd8d0a36b00ddf55e13ccb7b8cd0a,2,2e5adce2a0d3785a1e1df3c41888f42eed2a23b9e175e3e0b1a4e1d3ef534fff,255c8bb9d3de303ae1b885f6858a15de63263fab05cc0d33b63dd3ecd4a59fae,8f68cef15d506e2a1d969bb879891276c6e6c480232a595dcc2cda61879394cc,core_workspaces/made_fast_subset_causal_v5/experiments/core_final/jobs/core-final-made-d063abf251631ee8047431e9/ace8a45b0fcf4a0cacf0f4be86e09bbb/result.json,7717bdd982cad0fc191f95fe3f9d99ed24851457f42a67c634231147f0b3ecdf,core_workspaces/made_fast_subset_causal_v5/experiments/core_final/jobs/core-final-made-d063abf251631ee8047431e9/ace8a45b0fcf4a0cacf0f4be86e09bbb/rpc/rpc.jsonl,,,original_five_global_receipt,2aa6a4292bcb8d1b9f42126bbc7ff84ebb0a22d24a37d89425059f65c9882f32,evaluation_workspaces/made_cumulative_five_v1/experiments/evaluation_extension_stage_receipts/final.json,ede4d1d5783f220f7a949afb39dad3a7697cfe95bb3a9e15ebbd6df8e08adf6c,original_runner_envelope,True,False,,,fresh_original_RPC_hash_curve_counts_and_result_identity; existing_acceptance_reference_rehashed,2026-09-19T05:21:38.188817+08:00
all30-final-made-38b4f9685baec5bbe9d9f95b,made,qwen35_4b,baseline,Au-Cr-Cs-Dy,1,10,0,0.0,0.0,10,True,851bf6e806efd8d0a36b00ddf55e13ccb7b8cd0a,0,6a308686126804830c81a7d2a3495feda3b3a13b074b9958e0e6026759826516,9fa58a243707e148b412828cf5838eda27cdbbbb747c575fc51082d02f898811,68625fe734e288b4d63eb68e7e0dadc81fd3480d96b5856a103ef21a1f6195cd,evaluation_workspaces/made_all30_b10_v1/workers/worker_00/jobs/all30-final-made-38b4f9685baec5bbe9d9f95b/0f5f5304389f44039627ed6c4f37e924/result.json,78b14d29a0d8085c123c6f3afbd006763f6918493aece29434f3f852fdef5593,evaluation_workspaces/made_all30_b10_v1/workers/worker_00/jobs/all30-final-made-38b4f9685baec5bbe9d9f95b/0f5f5304389f44039627ed6c4f37e924/rpc/rpc.jsonl,,,original_per_worker_ledger,70234a9f1cc8d7f95700bce26d99df9f2e9d6afb2498d2378613eb1f181927af,evaluation_workspaces/made_all30_b10_v1/workers/worker_00/ledger.json,ede4d1d5783f220f7a949afb39dad3a7697cfe95bb3a9e15ebbd6df8e08adf6c,original_runner_envelope,True,False,,,fresh_original_RPC_hash_curve_counts_and_result_identity; existing_acceptance_reference_rehashed,2026-09-19T05:21:38.188817+08:00
all30-final-made-4754243cb39463fe720f858f,made,qwen35_4b,esopt_graph_risk,Au-Cr-Cs-Dy,1,10,0,0.0,0.0,10,True,851bf6e806efd8d0a36b00ddf55e13ccb7b8cd0a,2,2e5adce2a0d3785a1e1df3c41888f42eed2a23b9e175e3e0b1a4e1d3ef534fff,255c8bb9d3de303ae1b885f6858a15de63263fab05cc0d33b63dd3ecd4a59fae,851f16288bf92234bc9e9186c82ee6c52dff0924ed1f0a90ad786b0832ca1893,evaluation_workspaces/made_all30_b10_v1/workers/worker_00/jobs/all30-final-made-4754243cb39463fe720f858f/6a0d267f0f7b425090547e5ae101d217/result.json,86f50ea562ff3df7a939506b6046157d99c2bff8f89f54bf9c55a415544c8023,evaluation_workspaces/made_all30_b10_v1/workers/worker_00/jobs/all30-final-made-4754243cb39463fe720f858f/6a0d267f0f7b425090547e5ae101d217/rpc/rpc.jsonl,,,original_per_worker_ledger,70234a9f1cc8d7f95700bce26d99df9f2e9d6afb2498d2378613eb1f181927af,evaluation_workspaces/made_all30_b10_v1/workers/worker_00/ledger.json,ede4d1d5783f220f7a949afb39dad3a7697cfe95bb3a9e15ebbd6df8e08adf6c,original_runner_envelope,True,False,,,fresh_original_RPC_hash_curve_counts_and_result_identity; existing_acceptance_reference_rehashed,2026-09-19T05:21:38.188817+08:00
extension-final-made-771b1767fddc6d875c57c295,made,qwen35_4b,baseline,Au-K-Tb,1,10,6,0.8,0.6,10,True,851bf6e806efd8d0a36b00ddf55e13ccb7b8cd0a,0,6a308686126804830c81a7d2a3495feda3b3a13b074b9958e0e6026759826516,9fa58a243707e148b412828cf5838eda27cdbbbb747c575fc51082d02f898811,7adc7937119dbda02df3641d0bb46a2a9dc11cac88d0e17201919b77372a223b,evaluation_workspaces/made_cumulative_five_v1/shards/primary/jobs/extension-final-made-771b1767fddc6d875c57c295/3f8ddbc9cdaf4ac986284e9eff9ddc8e/result.json,b0227e366f8a38ce72ec0cda1521c99fc45de43223693166b4afd0200d310fff,evaluation_workspaces/made_cumulative_five_v1/shards/primary/jobs/extension-final-made-771b1767fddc6d875c57c295/3f8ddbc9cdaf4ac986284e9eff9ddc8e/rpc/rpc.jsonl,,,original_five_global_receipt,2aa6a4292bcb8d1b9f42126bbc7ff84ebb0a22d24a37d89425059f65c9882f32,evaluation_workspaces/made_cumulative_five_v1/experiments/evaluation_extension_stage_receipts/final.json,ede4d1d5783f220f7a949afb39dad3a7697cfe95bb3a9e15ebbd6df8e08adf6c,original_runner_envelope,True,False,,,fresh_original_RPC_hash_curve_counts_and_result_identity; existing_acceptance_reference_rehashed,2026-09-19T05:21:38.188817+08:00
extension-final-made-c45054a96220519898111679,made,qwen35_4b,esopt_graph_risk,Au-K-Tb,1,10,0,0.0,0.0,10,True,851bf6e806efd8d0a36b00ddf55e13ccb7b8cd0a,2,2e5adce2a0d3785a1e1df3c41888f42eed2a23b9e175e3e0b1a4e1d3ef534fff,255c8bb9d3de303ae1b885f6858a15de63263fab05cc0d33b63dd3ecd4a59fae,4b05943120082ed5477d95a2a7b31583961010694bf2b9195632b6867b10b110,evaluation_workspaces/made_cumulative_five_v1/shards/primary/jobs/extension-final-made-c45054a96220519898111679/46e14473f73a416eb2a828538bc17681/result.json,42c9018b7b926dba44177323243ef6e415bbedab8e9234a701a2f7884a2a49bc,evaluation_workspaces/made_cumulative_five_v1/shards/primary/jobs/extension-final-made-c45054a96220519898111679/46e14473f73a416eb2a828538bc17681/rpc/rpc.jsonl,,,original_five_global_receipt,2aa6a4292bcb8d1b9f42126bbc7ff84ebb0a22d24a37d89425059f65c9882f32,evaluation_workspaces/made_cumulative_five_v1/experiments/evaluation_extension_stage_receipts/final.json,ede4d1d5783f220f7a949afb39dad3a7697cfe95bb3a9e15ebbd6df8e08adf6c,original_runner_envelope,True,False,,,fresh_original_RPC_hash_curve_counts_and_result_identity; existing_acceptance_reference_rehashed,2026-09-19T05:21:38.188817+08:00
all30-final-made-3a5820b8ce47b3e91e806915,made,qwen35_4b,baseline,Au-Tb-V-Y,1,10,0,0.0,0.0,10,True,851bf6e806efd8d0a36b00ddf55e13ccb7b8cd0a,0,6a308686126804830c81a7d2a3495feda3b3a13b074b9958e0e6026759826516,9fa58a243707e148b412828cf5838eda27cdbbbb747c575fc51082d02f898811,b25deccc3fb13fe99fdd930d2b91e14370b3ae6b22014c17f11bf0ac20f23abf,evaluation_workspaces/made_all30_b10_v1/workers/worker_01/jobs/all30-final-made-3a5820b8ce47b3e91e806915/aee96b622f024bf8b62ed35d1e5473f5/result.json,0c297c63472ce828cae0f88d681884314d232eb74d425c6802449ef8c9823c55,evaluation_workspaces/made_all30_b10_v1/workers/worker_01/jobs/all30-final-made-3a5820b8ce47b3e91e806915/aee96b622f024bf8b62ed35d1e5473f5/rpc/rpc.jsonl,,,original_per_worker_ledger,29dd0a88da5342912f0357f51891152bfb984d3a7e1b16525a68bf0395e722a5,evaluation_workspaces/made_all30_b10_v1/workers/worker_01/ledger.json,ede4d1d5783f220f7a949afb39dad3a7697cfe95bb3a9e15ebbd6df8e08adf6c,original_runner_envelope,True,False,,,fresh_original_RPC_hash_curve_counts_and_result_identity; existing_acceptance_reference_rehashed,2026-09-19T05:21:38.188817+08:00
all30-final-made-70b2bcb089d3baa38fa11a37,made,qwen35_4b,esopt_graph_risk,Au-Tb-V-Y,1,10,0,0.0,0.0,10,True,851bf6e806efd8d0a36b00ddf55e13ccb7b8cd0a,2,2e5adce2a0d3785a1e1df3c41888f42eed2a23b9e175e3e0b1a4e1d3ef534fff,255c8bb9d3de303ae1b885f6858a15de63263fab05cc0d33b63dd3ecd4a59fae,2a66e89b9346a79a78b9504d653770c57937414bfdc86b2af25bf48d584545a6,evaluation_workspaces/made_all30_b10_v1/workers/worker_01/jobs/all30-final-made-70b2bcb089d3baa38fa11a37/c436ca0229c344af8799611631d26124/result.json,2627004957392e8d8375cd3fe9fbb8f1b95560a3e7d433e947ebacc8d18a1c85,evaluation_workspaces/made_all30_b10_v1/workers/worker_01/jobs/all30-final-made-70b2bcb089d3baa38fa11a37/c436ca0229c344af8799611631d26124/rpc/rpc.jsonl,,,original_per_worker_ledger,29dd0a88da5342912f0357f51891152bfb984d3a7e1b16525a68bf0395e722a5,evaluation_workspaces/made_all30_b10_v1/workers/worker_01/ledger.json,ede4d1d5783f220f7a949afb39dad3a7697cfe95bb3a9e15ebbd6df8e08adf6c,original_runner_envelope,True,False,,,fresh_original_RPC_hash_curve_counts_and_result_identity; existing_acceptance_reference_rehashed,2026-09-19T05:21:38.188817+08:00
all30-final-made-6a08269555caa8120c6d8a31,made,qwen35_4b,baseline,Ba-Be-Hf-Li,1,10,0,0.0,0.0,10,True,851bf6e806efd8d0a36b00ddf55e13ccb7b8cd0a,0,6a308686126804830c81a7d2a3495feda3b3a13b074b9958e0e6026759826516,9fa58a243707e148b412828cf5838eda27cdbbbb747c575fc51082d02f898811,050264829461bc48d02b09c47d138f5baa6471039f85cd1e1cbfe1f2d616ad99,evaluation_workspaces/made_all30_b10_v1/workers/worker_02/jobs/all30-final-made-6a08269555caa8120c6d8a31/fe8c830cb6d441079f85670f2854fe1a/result.json,7b92f86b6532271ce8dbc2b0aa70ca6fc0c118d933b2ca6643e9185f1e3ca164,evaluation_workspaces/made_all30_b10_v1/workers/worker_02/jobs/all30-final-made-6a08269555caa8120c6d8a31/fe8c830cb6d441079f85670f2854fe1a/rpc/rpc.jsonl,,,original_per_worker_ledger,b060350ca81b18ed8ca0b7e019ec25ec1f5fc2ab2b4f356f91691796e882ee4a,evaluation_workspaces/made_all30_b10_v1/workers/worker_02/ledger.json,ede4d1d5783f220f7a949afb39dad3a7697cfe95bb3a9e15ebbd6df8e08adf6c,original_runner_envelope,True,False,,,fresh_original_RPC_hash_curve_counts_and_result_identity; existing_acceptance_reference_rehashed,2026-09-19T05:21:38.188817+08:00
all30-final-made-81f7ae6412df7a9830ab16d2,made,qwen35_4b,esopt_graph_risk,Ba-Be-Hf-Li,1,10,0,0.0,0.0,10,True,851bf6e806efd8d0a36b00ddf55e13ccb7b8cd0a,2,2e5adce2a0d3785a1e1df3c41888f42eed2a23b9e175e3e0b1a4e1d3ef534fff,255c8bb9d3de303ae1b885f6858a15de63263fab05cc0d33b63dd3ecd4a59fae,c2e21042c0200687cde81805540dc603b1d8b32ffa9ee4b01d10c18658124dfc,evaluation_workspaces/made_all30_b10_v1/workers/worker_02/jobs/all30-final-made-81f7ae6412df7a9830ab16d2/ec4e815e367243c0b9cdb33780cde918/result.json,54a29a643f69119f6ab116ace31781efae1b230e49ce26aa97c233bce159801e,evaluation_workspaces/made_all30_b10_v1/workers/worker_02/jobs/all30-final-made-81f7ae6412df7a9830ab16d2/ec4e815e367243c0b9cdb33780cde918/rpc/rpc.jsonl,,,original_per_worker_ledger,b060350ca81b18ed8ca0b7e019ec25ec1f5fc2ab2b4f356f91691796e882ee4a,evaluation_workspaces/made_all30_b10_v1/workers/worker_02/ledger.json,ede4d1d5783f220f7a949afb39dad3a7697cfe95bb3a9e15ebbd6df8e08adf6c,original_runner_envelope,True,False,,,fresh_original_RPC_hash_curve_counts_and_result_identity; existing_acceptance_reference_rehashed,2026-09-19T05:21:38.188817+08:00
all30-final-made-6e37b7222567aa49a67d1d87,made,qwen35_4b,baseline,Ba-Nd-Ni-W,1,10,0,0.0,0.0,10,True,851bf6e806efd8d0a36b00ddf55e13ccb7b8cd0a,0,6a308686126804830c81a7d2a3495feda3b3a13b074b9958e0e6026759826516,9fa58a243707e148b412828cf5838eda27cdbbbb747c575fc51082d02f898811,7da069925755a044509ddd975340caf0fbdde6e6238747c817b22135c3d6ba9f,evaluation_workspaces/made_all30_b10_v1/workers/worker_03/jobs/all30-final-made-6e37b7222567aa49a67d1d87/c7b4eabb61504a37b9b9c5fa3c9ca6c3/result.json,a57f67d01d2c63565f5a53110a29315d026b31995b91620ac08458a701e87c54,evaluation_workspaces/made_all30_b10_v1/workers/worker_03/jobs/all30-final-made-6e37b7222567aa49a67d1d87/c7b4eabb61504a37b9b9c5fa3c9ca6c3/rpc/rpc.jsonl,,,original_per_worker_ledger,70b657d6892cbc26adc07acfbb34f04cddbf8e1b479fbb2c7b7eb9b8cbce77ce,evaluation_workspaces/made_all30_b10_v1/workers/worker_03/ledger.json,ede4d1d5783f220f7a949afb39dad3a7697cfe95bb3a9e15ebbd6df8e08adf6c,original_runner_envelope,True,False,,,fresh_original_RPC_hash_curve_counts_and_result_identity; existing_acceptance_reference_rehashed,2026-09-19T05:21:38.188817+08:00
all30-final-made-3b6d75c2fa78012d74822eb9,made,qwen35_4b,esopt_graph_risk,Ba-Nd-Ni-W,1,10,0,0.0,0.0,10,True,851bf6e806efd8d0a36b00ddf55e13ccb7b8cd0a,2,2e5adce2a0d3785a1e1df3c41888f42eed2a23b9e175e3e0b1a4e1d3ef534fff,255c8bb9d3de303ae1b885f6858a15de63263fab05cc0d33b63dd3ecd4a59fae,02bfb09bce61c38a836805fb5072f2c7c66e270e2edae36fa63e99a8978e24d8,evaluation_workspaces/made_all30_b10_v1/workers/worker_03/jobs/all30-final-made-3b6d75c2fa78012d74822eb9/bb77e5525e2945739d721c203b66e75b/result.json,50199632d9212098d536590d99bbed644cf1a5d0741fd96be6360c88fae6c3aa,evaluation_workspaces/made_all30_b10_v1/workers/worker_03/jobs/all30-final-made-3b6d75c2fa78012d74822eb9/bb77e5525e2945739d721c203b66e75b/rpc/rpc.jsonl,,,original_per_worker_ledger,70b657d6892cbc26adc07acfbb34f04cddbf8e1b479fbb2c7b7eb9b8cbce77ce,evaluation_workspaces/made_all30_b10_v1/workers/worker_03/ledger.json,ede4d1d5783f220f7a949afb39dad3a7697cfe95bb3a9e15ebbd6df8e08adf6c,original_runner_envelope,True,False,,,fresh_original_RPC_hash_curve_counts_and_result_identity; existing_acceptance_reference_rehashed,2026-09-19T05:21:38.188817+08:00
all30-final-made-9577fc5b372192d5a57a0b66,made,qwen35_4b,baseline,Ca-Fe-Gd-Pb-Tb,1,10,1,0.09,0.1,10,True,851bf6e806efd8d0a36b00ddf55e13ccb7b8cd0a,0,6a308686126804830c81a7d2a3495feda3b3a13b074b9958e0e6026759826516,9fa58a243707e148b412828cf5838eda27cdbbbb747c575fc51082d02f898811,eef2ce755475ebf5a03287236ee3282037542f20c2fba58a6225636621a85329,evaluation_workspaces/made_all30_b10_v1/workers/worker_03/jobs/all30-final-made-9577fc5b372192d5a57a0b66/ef59511827c84246bd7b442c8f47b7b3/result.json,ffcff2200a21b20c7f49b0db4ade30273b41c889b2c59c8622fef994fa63cce3,evaluation_workspaces/made_all30_b10_v1/workers/worker_03/jobs/all30-final-made-9577fc5b372192d5a57a0b66/ef59511827c84246bd7b442c8f47b7b3/rpc/rpc.jsonl,,,original_per_worker_ledger,70b657d6892cbc26adc07acfbb34f04cddbf8e1b479fbb2c7b7eb9b8cbce77ce,evaluation_workspaces/made_all30_b10_v1/workers/worker_03/ledger.json,ede4d1d5783f220f7a949afb39dad3a7697cfe95bb3a9e15ebbd6df8e08adf6c,original_runner_envelope,True,False,,,fresh_original_RPC_hash_curve_counts_and_result_identity; existing_acceptance_reference_rehashed,2026-09-19T05:21:38.188817+08:00
all30-final-made-ca4d392d588e45b39931f2c9,made,qwen35_4b,esopt_graph_risk,Ca-Fe-Gd-Pb-Tb,1,10,2,0.1,0.2,10,True,851bf6e806efd8d0a36b00ddf55e13ccb7b8cd0a,2,2e5adce2a0d3785a1e1df3c41888f42eed2a23b9e175e3e0b1a4e1d3ef534fff,255c8bb9d3de303ae1b885f6858a15de63263fab05cc0d33b63dd3ecd4a59fae,5853d007e7d62748821ad1c77b623e3f866f8d9321718b1579cabfd29ec267d8,evaluation_workspaces/made_all30_b10_v1/workers/worker_03/jobs/all30-final-made-ca4d392d588e45b39931f2c9/709fc4379a4046b0b7850fd9195945c2/result.json,b6874cecaf67bdc81cfe07a7dc228ca23d2c2d9c7c26233b005146880b115a2a,evaluation_workspaces/made_all30_b10_v1/workers/worker_03/jobs/all30-final-made-ca4d392d588e45b39931f2c9/709fc4379a4046b0b7850fd9195945c2/rpc/rpc.jsonl,,,original_per_worker_ledger,70b657d6892cbc26adc07acfbb34f04cddbf8e1b479fbb2c7b7eb9b8cbce77ce,evaluation_workspaces/made_all30_b10_v1/workers/worker_03/ledger.json,ede4d1d5783f220f7a949afb39dad3a7697cfe95bb3a9e15ebbd6df8e08adf6c,original_runner_envelope,True,False,,,fresh_original_RPC_hash_curve_counts_and_result_identity; existing_acceptance_reference_rehashed,2026-09-19T05:21:38.188817+08:00
all30-final-made-f97b9ead831963615e7b4a32,made,qwen35_4b,baseline,Ca-Pd-Sn-W,1,10,0,0.0,0.0,10,True,851bf6e806efd8d0a36b00ddf55e13ccb7b8cd0a,0,6a308686126804830c81a7d2a3495feda3b3a13b074b9958e0e6026759826516,9fa58a243707e148b412828cf5838eda27cdbbbb747c575fc51082d02f898811,926ecc3dc439ec56dec7f410e3dc8543d6daddfef69a1248dc3ac86f4920f2d8,evaluation_workspaces/made_all30_b10_v1/workers/worker_04/jobs/all30-final-made-f97b9ead831963615e7b4a32/d25198238e83420bb3623020b5328874/result.json,144b05a80d2fd8e2c51472158ca34a3e8a67d0b82d4b60b5c95f28e950b22287,evaluation_workspaces/made_all30_b10_v1/workers/worker_04/jobs/all30-final-made-f97b9ead831963615e7b4a32/d25198238e83420bb3623020b5328874/rpc/rpc.jsonl,,,original_per_worker_ledger,6acff4b755bedb7cfb8943bd81f17909af505e608ce2b6e38690b6cf12538bd0,evaluation_workspaces/made_all30_b10_v1/workers/worker_04/ledger.json,ede4d1d5783f220f7a949afb39dad3a7697cfe95bb3a9e15ebbd6df8e08adf6c,original_runner_envelope,True,False,,,fresh_original_RPC_hash_curve_counts_and_result_identity; existing_acceptance_reference_rehashed,2026-09-19T05:21:38.188817+08:00
all30-final-made-47b3183a8bb689fcbb041a8f,made,qwen35_4b,esopt_graph_risk,Ca-Pd-Sn-W,1,10,0,0.0,0.0,10,True,851bf6e806efd8d0a36b00ddf55e13ccb7b8cd0a,2,2e5adce2a0d3785a1e1df3c41888f42eed2a23b9e175e3e0b1a4e1d3ef534fff,255c8bb9d3de303ae1b885f6858a15de63263fab05cc0d33b63dd3ecd4a59fae,eecfd2fc7d16ebd7dbed208700978b151f939c5eeb9546cbbb1c3bb06f0a0332,evaluation_workspaces/made_all30_b10_v1/workers/worker_04/jobs/all30-final-made-47b3183a8bb689fcbb041a8f/4aef9ff2829a4aae906b5522b1fac090/result.json,b7f0acd9449e6f8e35c116a5ed1630469c1182c0b249bba8bbaa59c0a60b8526,evaluation_workspaces/made_all30_b10_v1/workers/worker_04/jobs/all30-final-made-47b3183a8bb689fcbb041a8f/4aef9ff2829a4aae906b5522b1fac090/rpc/rpc.jsonl,,,original_per_worker_ledger,6acff4b755bedb7cfb8943bd81f17909af505e608ce2b6e38690b6cf12538bd0,evaluation_workspaces/made_all30_b10_v1/workers/worker_04/ledger.json,ede4d1d5783f220f7a949afb39dad3a7697cfe95bb3a9e15ebbd6df8e08adf6c,original_runner_envelope,True,False,,,fresh_original_RPC_hash_curve_counts_and_result_identity; existing_acceptance_reference_rehashed,2026-09-19T05:21:38.188817+08:00
all30-final-made-4f2170f84bd98c346e4d478e,made,qwen35_4b,baseline,Cd-Gd-Mn-Na-Ta,1,10,0,0.0,0.0,10,True,851bf6e806efd8d0a36b00ddf55e13ccb7b8cd0a,0,6a308686126804830c81a7d2a3495feda3b3a13b074b9958e0e6026759826516,9fa58a243707e148b412828cf5838eda27cdbbbb747c575fc51082d02f898811,0b6b35e565e3330ac1b08d6678b6fd0675a76cf1d884cc35014a77b076391db2,evaluation_workspaces/made_all30_b10_v1/workers/worker_04/jobs/all30-final-made-4f2170f84bd98c346e4d478e/6fdece8eb9e749449815513c10a39ca0/result.json,13880085b66789945d86e12710cf6085d3db0bc71117f8d658be855f0a184b9b,evaluation_workspaces/made_all30_b10_v1/workers/worker_04/jobs/all30-final-made-4f2170f84bd98c346e4d478e/6fdece8eb9e749449815513c10a39ca0/rpc/rpc.jsonl,,,original_per_worker_ledger,6acff4b755bedb7cfb8943bd81f17909af505e608ce2b6e38690b6cf12538bd0,evaluation_workspaces/made_all30_b10_v1/workers/worker_04/ledger.json,ede4d1d5783f220f7a949afb39dad3a7697cfe95bb3a9e15ebbd6df8e08adf6c,original_runner_envelope,True,False,,,fresh_original_RPC_hash_curve_counts_and_result_identity; existing_acceptance_reference_rehashed,2026-09-19T05:21:38.188817+08:00
all30-final-made-77e8aed9df72d16d470b6252,made,qwen35_4b,esopt_graph_risk,Cd-Gd-Mn-Na-Ta,1,10,0,0.0,0.0,10,True,851bf6e806efd8d0a36b00ddf55e13ccb7b8cd0a,2,2e5adce2a0d3785a1e1df3c41888f42eed2a23b9e175e3e0b1a4e1d3ef534fff,255c8bb9d3de303ae1b885f6858a15de63263fab05cc0d33b63dd3ecd4a59fae,41a5018ec51c53e2fdce58ae4b3879eb948d8b3e6b907b770c45a86605406f57,evaluation_workspaces/made_all30_b10_v1/workers/worker_04/jobs/all30-final-made-77e8aed9df72d16d470b6252/8edb31f0f87f4f85983e047347b6fa3d/result.json,4729f29b999828611c71cbc823c8d266635010cb83c1a5a5bdb3dcc04388ec04,evaluation_workspaces/made_all30_b10_v1/workers/worker_04/jobs/all30-final-made-77e8aed9df72d16d470b6252/8edb31f0f87f4f85983e047347b6fa3d/rpc/rpc.jsonl,,,original_per_worker_ledger,6acff4b755bedb7cfb8943bd81f17909af505e608ce2b6e38690b6cf12538bd0,evaluation_workspaces/made_all30_b10_v1/workers/worker_04/ledger.json,ede4d1d5783f220f7a949afb39dad3a7697cfe95bb3a9e15ebbd6df8e08adf6c,original_runner_envelope,True,False,,,fresh_original_RPC_hash_curve_counts_and_result_identity; existing_acceptance_reference_rehashed,2026-09-19T05:21:38.188817+08:00
all30-final-made-b9fe5a319d6c88bb44e6d609,made,qwen35_4b,baseline,Cd-Li-Nd-Ti-W,1,10,0,0.0,0.0,10,True,851bf6e806efd8d0a36b00ddf55e13ccb7b8cd0a,0,6a308686126804830c81a7d2a3495feda3b3a13b074b9958e0e6026759826516,9fa58a243707e148b412828cf5838eda27cdbbbb747c575fc51082d02f898811,90b27bfd8d21deb607b538538b071b1d1d6641a4c2fdf476c212e75dd4c4a429,evaluation_workspaces/made_all30_b10_v1/workers/worker_00/jobs/all30-final-made-b9fe5a319d6c88bb44e6d609/110b04d7ec3148639a827848e5f7818a/result.json,2ea40e27cf93d3310877e39a31648ca1cb5b14ec8f78fffee978854212f05b0f,evaluation_workspaces/made_all30_b10_v1/workers/worker_00/jobs/all30-final-made-b9fe5a319d6c88bb44e6d609/110b04d7ec3148639a827848e5f7818a/rpc/rpc.jsonl,,,original_per_worker_ledger,70234a9f1cc8d7f95700bce26d99df9f2e9d6afb2498d2378613eb1f181927af,evaluation_workspaces/made_all30_b10_v1/workers/worker_00/ledger.json,ede4d1d5783f220f7a949afb39dad3a7697cfe95bb3a9e15ebbd6df8e08adf6c,original_runner_envelope,True,False,,,fresh_original_RPC_hash_curve_counts_and_result_identity; existing_acceptance_reference_rehashed,2026-09-19T05:21:38.188817+08:00
all30-final-made-844717030b1249db9cea8c19,made,qwen35_4b,esopt_graph_risk,Cd-Li-Nd-Ti-W,1,10,7,0.67,0.7,10,True,851bf6e806efd8d0a36b00ddf55e13ccb7b8cd0a,2,2e5adce2a0d3785a1e1df3c41888f42eed2a23b9e175e3e0b1a4e1d3ef534fff,255c8bb9d3de303ae1b885f6858a15de63263fab05cc0d33b63dd3ecd4a59fae,ad8d8d20da05d24e52920b5f8764dbf3fdcf972cff78fc204ce586fa95e23b4f,evaluation_workspaces/made_all30_b10_v1/workers/worker_00/jobs/all30-final-made-844717030b1249db9cea8c19/044bdd13fc9c4ca4a93b2e712d7ae4e6/result.json,64a01e2a197da8742965c4399e6f9e06eb7010ca8f6b9b4113e6fcac475c72e7,evaluation_workspaces/made_all30_b10_v1/workers/worker_00/jobs/all30-final-made-844717030b1249db9cea8c19/044bdd13fc9c4ca4a93b2e712d7ae4e6/rpc/rpc.jsonl,,,original_per_worker_ledger,70234a9f1cc8d7f95700bce26d99df9f2e9d6afb2498d2378613eb1f181927af,evaluation_workspaces/made_all30_b10_v1/workers/worker_00/ledger.json,ede4d1d5783f220f7a949afb39dad3a7697cfe95bb3a9e15ebbd6df8e08adf6c,original_runner_envelope,True,False,,,fresh_original_RPC_hash_curve_counts_and_result_identity; existing_acceptance_reference_rehashed,2026-09-19T05:21:38.188817+08:00
all30-final-made-b0b5169d793729c1ce52868e,made,qwen35_4b,baseline,Ce-Er-Pb-Rh,1,10,1,0.19,0.1,10,True,851bf6e806efd8d0a36b00ddf55e13ccb7b8cd0a,0,6a308686126804830c81a7d2a3495feda3b3a13b074b9958e0e6026759826516,9fa58a243707e148b412828cf5838eda27cdbbbb747c575fc51082d02f898811,52923b01a3586ff9854efe035313ae58bbea315719fb818c970522a9535f2696,evaluation_workspaces/made_all30_b10_v1/workers/worker_00/jobs/all30-final-made-b0b5169d793729c1ce52868e/49872514777648ffaf8e643fdf1f613c/result.json,6f35352e417dfc227ce5efa7184accbc4cb1db2593c1281528b3d05be206bd13,evaluation_workspaces/made_all30_b10_v1/workers/worker_00/jobs/all30-final-made-b0b5169d793729c1ce52868e/49872514777648ffaf8e643fdf1f613c/rpc/rpc.jsonl,,,original_per_worker_ledger,70234a9f1cc8d7f95700bce26d99df9f2e9d6afb2498d2378613eb1f181927af,evaluation_workspaces/made_all30_b10_v1/workers/worker_00/ledger.json,ede4d1d5783f220f7a949afb39dad3a7697cfe95bb3a9e15ebbd6df8e08adf6c,original_runner_envelope,True,False,,,fresh_original_RPC_hash_curve_counts_and_result_identity; existing_acceptance_reference_rehashed,2026-09-19T05:21:38.188817+08:00
all30-final-made-ad9a8021ac5bcfa3cbf9354b,made,qwen35_4b,esopt_graph_risk,Ce-Er-Pb-Rh,1,10,4,0.58,0.4,10,True,851bf6e806efd8d0a36b00ddf55e13ccb7b8cd0a,2,2e5adce2a0d3785a1e1df3c41888f42eed2a23b9e175e3e0b1a4e1d3ef534fff,255c8bb9d3de303ae1b885f6858a15de63263fab05cc0d33b63dd3ecd4a59fae,a3f02b08cf2b3b6896beddf7e96d39e1175f8485f5d1085f4f9ba105eb3c7428,evaluation_workspaces/made_all30_b10_v1/workers/worker_00/jobs/all30-final-made-ad9a8021ac5bcfa3cbf9354b/3896e73e76da44fc87d18d530ed8ca14/result.json,c55eabee26bc11307595d4b0ca9bfcc90a8324199c96b973c0ecc4d2cf70dce1,evaluation_workspaces/made_all30_b10_v1/workers/worker_00/jobs/all30-final-made-ad9a8021ac5bcfa3cbf9354b/3896e73e76da44fc87d18d530ed8ca14/rpc/rpc.jsonl,,,original_per_worker_ledger,70234a9f1cc8d7f95700bce26d99df9f2e9d6afb2498d2378613eb1f181927af,evaluation_workspaces/made_all30_b10_v1/workers/worker_00/ledger.json,ede4d1d5783f220f7a949afb39dad3a7697cfe95bb3a9e15ebbd6df8e08adf6c,original_runner_envelope,True,False,,,fresh_original_RPC_hash_curve_counts_and_result_identity; existing_acceptance_reference_rehashed,2026-09-19T05:21:38.188817+08:00
all30-final-made-b02d850a98d7df9b443caae7,made,qwen35_4b,baseline,Ce-Ir-Pt-Sn,1,10,3,0.33,0.3,10,True,851bf6e806efd8d0a36b00ddf55e13ccb7b8cd0a,0,6a308686126804830c81a7d2a3495feda3b3a13b074b9958e0e6026759826516,9fa58a243707e148b412828cf5838eda27cdbbbb747c575fc51082d02f898811,3a1a9eb29aaade7ac63dd88edd42e25348a55735db4de4e858af162852d22f0b,evaluation_workspaces/made_all30_b10_v1/workers/worker_01/jobs/all30-final-made-b02d850a98d7df9b443caae7/0c88d2c666cf4f42897756e96ab53f96/result.json,7d5632e4d6bb2357ccbeaeb59c6a183419c2814980ab1f4de47194bc72e9c0f6,evaluation_workspaces/made_all30_b10_v1/workers/worker_01/jobs/all30-final-made-b02d850a98d7df9b443caae7/0c88d2c666cf4f42897756e96ab53f96/rpc/rpc.jsonl,,,original_per_worker_ledger,29dd0a88da5342912f0357f51891152bfb984d3a7e1b16525a68bf0395e722a5,evaluation_workspaces/made_all30_b10_v1/workers/worker_01/ledger.json,ede4d1d5783f220f7a949afb39dad3a7697cfe95bb3a9e15ebbd6df8e08adf6c,original_runner_envelope,True,False,,,fresh_original_RPC_hash_curve_counts_and_result_identity; existing_acceptance_reference_rehashed,2026-09-19T05:21:38.188817+08:00
all30-final-made-9d0aa6b7ec047537b2499ee9,made,qwen35_4b,esopt_graph_risk,Ce-Ir-Pt-Sn,1,10,0,0.0,0.0,10,True,851bf6e806efd8d0a36b00ddf55e13ccb7b8cd0a,2,2e5adce2a0d3785a1e1df3c41888f42eed2a23b9e175e3e0b1a4e1d3ef534fff,255c8bb9d3de303ae1b885f6858a15de63263fab05cc0d33b63dd3ecd4a59fae,ea08caf4d4faaa79e11dac45cebeb04fb3640c96af747db04960f26a57899ab9,evaluation_workspaces/made_all30_b10_v1/workers/worker_01/jobs/all30-final-made-9d0aa6b7ec047537b2499ee9/2e33935726b34b37bc8af8c25c8446f6/result.json,1baf16a32097fc29a77c37264dfa99d6becf1660ea0561e4bb5b2510dd53b254,evaluation_workspaces/made_all30_b10_v1/workers/worker_01/jobs/all30-final-made-9d0aa6b7ec047537b2499ee9/2e33935726b34b37bc8af8c25c8446f6/rpc/rpc.jsonl,,,original_per_worker_ledger,29dd0a88da5342912f0357f51891152bfb984d3a7e1b16525a68bf0395e722a5,evaluation_workspaces/made_all30_b10_v1/workers/worker_01/ledger.json,ede4d1d5783f220f7a949afb39dad3a7697cfe95bb3a9e15ebbd6df8e08adf6c,original_runner_envelope,True,False,,,fresh_original_RPC_hash_curve_counts_and_result_identity; existing_acceptance_reference_rehashed,2026-09-19T05:21:38.188817+08:00
all30-final-made-8f2f1a7d5d9c8003b8c178a8,made,qwen35_4b,baseline,Co-Dy-Ta-Y,1,10,1,0.09,0.1,10,True,851bf6e806efd8d0a36b00ddf55e13ccb7b8cd0a,0,6a308686126804830c81a7d2a3495feda3b3a13b074b9958e0e6026759826516,9fa58a243707e148b412828cf5838eda27cdbbbb747c575fc51082d02f898811,6d45b08a8963600e9fe29f1db3369aafddb45ebe90acd51740de9e70e51976e6,evaluation_workspaces/made_all30_b10_v1/workers/worker_02/jobs/all30-final-made-8f2f1a7d5d9c8003b8c178a8/1d0865fd6d87417e8c1bb988ed5d847b/result.json,facdf5b876478f7bbecc418b0bfbbfca6b3f1951a13f522c2c0224bd31ba477f,evaluation_workspaces/made_all30_b10_v1/workers/worker_02/jobs/all30-final-made-8f2f1a7d5d9c8003b8c178a8/1d0865fd6d87417e8c1bb988ed5d847b/rpc/rpc.jsonl,,,original_per_worker_ledger,b060350ca81b18ed8ca0b7e019ec25ec1f5fc2ab2b4f356f91691796e882ee4a,evaluation_workspaces/made_all30_b10_v1/workers/worker_02/ledger.json,ede4d1d5783f220f7a949afb39dad3a7697cfe95bb3a9e15ebbd6df8e08adf6c,original_runner_envelope,True,False,,,fresh_original_RPC_hash_curve_counts_and_result_identity; existing_acceptance_reference_rehashed,2026-09-19T05:21:38.188817+08:00
all30-final-made-9bfd0c2924e1c0658de0c66d,made,qwen35_4b,esopt_graph_risk,Co-Dy-Ta-Y,1,10,0,0.0,0.0,10,True,851bf6e806efd8d0a36b00ddf55e13ccb7b8cd0a,2,2e5adce2a0d3785a1e1df3c41888f42eed2a23b9e175e3e0b1a4e1d3ef534fff,255c8bb9d3de303ae1b885f6858a15de63263fab05cc0d33b63dd3ecd4a59fae,611321000d031aee3a17ae7e988b605e16be9b405cf7865c0f2af2f7b43703fe,evaluation_workspaces/made_all30_b10_v1/workers/worker_02/jobs/all30-final-made-9bfd0c2924e1c0658de0c66d/1851a92344b6412487c7de484d0ae0d6/result.json,51339f475f8e83999b5bbf9e763af4c7a016489c9e3b64e39e9943af6e96fdfa,evaluation_workspaces/made_all30_b10_v1/workers/worker_02/jobs/all30-final-made-9bfd0c2924e1c0658de0c66d/1851a92344b6412487c7de484d0ae0d6/rpc/rpc.jsonl,,,original_per_worker_ledger,b060350ca81b18ed8ca0b7e019ec25ec1f5fc2ab2b4f356f91691796e882ee4a,evaluation_workspaces/made_all30_b10_v1/workers/worker_02/ledger.json,ede4d1d5783f220f7a949afb39dad3a7697cfe95bb3a9e15ebbd6df8e08adf6c,original_runner_envelope,True,False,,,fresh_original_RPC_hash_curve_counts_and_result_identity; existing_acceptance_reference_rehashed,2026-09-19T05:21:38.188817+08:00
extension-final-made-f909f98ebec6c4dab4535b82,made,qwen35_4b,baseline,Co-Dy-W,1,10,0,0.0,0.0,10,True,851bf6e806efd8d0a36b00ddf55e13ccb7b8cd0a,0,6a308686126804830c81a7d2a3495feda3b3a13b074b9958e0e6026759826516,9fa58a243707e148b412828cf5838eda27cdbbbb747c575fc51082d02f898811,22e97770bee728533254829a98b677399b1052b645c6fdddbdd4f5a0587ac27a,evaluation_workspaces/made_cumulative_five_v1/shards/primary/jobs/extension-final-made-f909f98ebec6c4dab4535b82/fcde8ed7b6674086be9e894c6c99d5d5/result.json,5bed9302a3d90fc7f43ca86c996155fd9d97eb25b6239ca3438c50966e2292dc,evaluation_workspaces/made_cumulative_five_v1/shards/primary/jobs/extension-final-made-f909f98ebec6c4dab4535b82/fcde8ed7b6674086be9e894c6c99d5d5/rpc/rpc.jsonl,,,original_five_global_receipt,2aa6a4292bcb8d1b9f42126bbc7ff84ebb0a22d24a37d89425059f65c9882f32,evaluation_workspaces/made_cumulative_five_v1/experiments/evaluation_extension_stage_receipts/final.json,ede4d1d5783f220f7a949afb39dad3a7697cfe95bb3a9e15ebbd6df8e08adf6c,original_runner_envelope,True,False,,,fresh_original_RPC_hash_curve_counts_and_result_identity; existing_acceptance_reference_rehashed,2026-09-19T05:21:38.188817+08:00
extension-final-made-ee71cc7e8c4f6d365c622b99,made,qwen35_4b,esopt_graph_risk,Co-Dy-W,1,10,0,0.0,0.0,10,True,851bf6e806efd8d0a36b00ddf55e13ccb7b8cd0a,2,2e5adce2a0d3785a1e1df3c41888f42eed2a23b9e175e3e0b1a4e1d3ef534fff,255c8bb9d3de303ae1b885f6858a15de63263fab05cc0d33b63dd3ecd4a59fae,6d4b4fa1b4845a7fbe14949752650e69951284e24d0169801d6728fb6366d6ca,evaluation_workspaces/made_cumulative_five_v1/shards/secondary/jobs/extension-final-made-ee71cc7e8c4f6d365c622b99/5aca64df83604145be104ac24ba037b5/result.json,de1403fea15435ed6f06272a44ff0b46ea5616f98f6ae03e4592c6ad7d81a6c2,evaluation_workspaces/made_cumulative_five_v1/shards/secondary/jobs/extension-final-made-ee71cc7e8c4f6d365c622b99/5aca64df83604145be104ac24ba037b5/rpc/rpc.jsonl,,,original_five_global_receipt,2aa6a4292bcb8d1b9f42126bbc7ff84ebb0a22d24a37d89425059f65c9882f32,evaluation_workspaces/made_cumulative_five_v1/experiments/evaluation_extension_stage_receipts/final.json,ede4d1d5783f220f7a949afb39dad3a7697cfe95bb3a9e15ebbd6df8e08adf6c,original_runner_envelope,True,False,,,fresh_original_RPC_hash_curve_counts_and_result_identity; existing_acceptance_reference_rehashed,2026-09-19T05:21:38.188817+08:00
all30-final-made-cb6bf8e9beffc5bb74ce0332,made,qwen35_4b,baseline,Co-Hf-In-Ru-Tm,1,10,0,0.0,0.0,10,True,851bf6e806efd8d0a36b00ddf55e13ccb7b8cd0a,0,6a308686126804830c81a7d2a3495feda3b3a13b074b9958e0e6026759826516,9fa58a243707e148b412828cf5838eda27cdbbbb747c575fc51082d02f898811,e7e5d13a96a7858dcb62aef04b7c9841d87b8504218de082200407df1f2655ac,evaluation_workspaces/made_all30_b10_v1/workers/worker_01/jobs/all30-final-made-cb6bf8e9beffc5bb74ce0332/5ae90f54c367442da12447ac8948ab4a/result.json,9de39af9c0c90212e93f012e8421db67638eecdb6d40d7602a4882c7b22fa8af,evaluation_workspaces/made_all30_b10_v1/workers/worker_01/jobs/all30-final-made-cb6bf8e9beffc5bb74ce0332/5ae90f54c367442da12447ac8948ab4a/rpc/rpc.jsonl,,,original_per_worker_ledger,29dd0a88da5342912f0357f51891152bfb984d3a7e1b16525a68bf0395e722a5,evaluation_workspaces/made_all30_b10_v1/workers/worker_01/ledger.json,ede4d1d5783f220f7a949afb39dad3a7697cfe95bb3a9e15ebbd6df8e08adf6c,original_runner_envelope,True,False,,,fresh_original_RPC_hash_curve_counts_and_result_identity; existing_acceptance_reference_rehashed,2026-09-19T05:21:38.188817+08:00
all30-final-made-0cd1e203de524cca41df900f,made,qwen35_4b,esopt_graph_risk,Co-Hf-In-Ru-Tm,1,10,0,0.0,0.0,10,True,851bf6e806efd8d0a36b00ddf55e13ccb7b8cd0a,2,2e5adce2a0d3785a1e1df3c41888f42eed2a23b9e175e3e0b1a4e1d3ef534fff,255c8bb9d3de303ae1b885f6858a15de63263fab05cc0d33b63dd3ecd4a59fae,16c0d818594774f95a0f1427930221f083e867bfd1f01076f05266d0a06e23eb,evaluation_workspaces/made_all30_b10_v1/workers/worker_01/jobs/all30-final-made-0cd1e203de524cca41df900f/95d887f14b9349c19bdc10e944c6a7ff/result.json,e523b16f99bfd929889c493d66aa77b7ca0b9f724bc84a5bb911734dca61edf9,evaluation_workspaces/made_all30_b10_v1/workers/worker_01/jobs/all30-final-made-0cd1e203de524cca41df900f/95d887f14b9349c19bdc10e944c6a7ff/rpc/rpc.jsonl,,,original_per_worker_ledger,29dd0a88da5342912f0357f51891152bfb984d3a7e1b16525a68bf0395e722a5,evaluation_workspaces/made_all30_b10_v1/workers/worker_01/ledger.json,ede4d1d5783f220f7a949afb39dad3a7697cfe95bb3a9e15ebbd6df8e08adf6c,original_runner_envelope,True,False,,,fresh_original_RPC_hash_curve_counts_and_result_identity; existing_acceptance_reference_rehashed,2026-09-19T05:21:38.188817+08:00
all30-final-made-d9145d771ec6fc6924d7a738,made,qwen35_4b,baseline,Co-Hg-Mg-Sr-W,1,10,0,0.0,0.0,10,True,851bf6e806efd8d0a36b00ddf55e13ccb7b8cd0a,0,6a308686126804830c81a7d2a3495feda3b3a13b074b9958e0e6026759826516,9fa58a243707e148b412828cf5838eda27cdbbbb747c575fc51082d02f898811,1a5a3cf0a5e41692da9533751985e9953095811703a9a0bb12617dd5855e334b,evaluation_workspaces/made_all30_b10_v1/workers/worker_02/jobs/all30-final-made-d9145d771ec6fc6924d7a738/71150e6ac13d46188ab5351ace6deb88/result.json,4ebe9f9d14cfdcbbfed642d138438a1143add793dced8719e7abf2e6d635f87d,evaluation_workspaces/made_all30_b10_v1/workers/worker_02/jobs/all30-final-made-d9145d771ec6fc6924d7a738/71150e6ac13d46188ab5351ace6deb88/rpc/rpc.jsonl,,,original_per_worker_ledger,b060350ca81b18ed8ca0b7e019ec25ec1f5fc2ab2b4f356f91691796e882ee4a,evaluation_workspaces/made_all30_b10_v1/workers/worker_02/ledger.json,ede4d1d5783f220f7a949afb39dad3a7697cfe95bb3a9e15ebbd6df8e08adf6c,original_runner_envelope,True,False,,,fresh_original_RPC_hash_curve_counts_and_result_identity; existing_acceptance_reference_rehashed,2026-09-19T05:21:38.188817+08:00
all30-final-made-32f7c3901d238e4cf22c39b3,made,qwen35_4b,esopt_graph_risk,Co-Hg-Mg-Sr-W,1,10,0,0.0,0.0,10,True,851bf6e806efd8d0a36b00ddf55e13ccb7b8cd0a,2,2e5adce2a0d3785a1e1df3c41888f42eed2a23b9e175e3e0b1a4e1d3ef534fff,255c8bb9d3de303ae1b885f6858a15de63263fab05cc0d33b63dd3ecd4a59fae,e2293bf9d923e971476f2649448d53f80e2d6b2ca6c34d09339d94b610fdda53,evaluation_workspaces/made_all30_b10_v1/workers/worker_02/jobs/all30-final-made-32f7c3901d238e4cf22c39b3/912dd8dba7364b229c6f02b8bd2d3cf3/result.json,2b50ddca76a7c526e0181c19d93f9d8a50efb941caa91bcdac2be835b2813af2,evaluation_workspaces/made_all30_b10_v1/workers/worker_02/jobs/all30-final-made-32f7c3901d238e4cf22c39b3/912dd8dba7364b229c6f02b8bd2d3cf3/rpc/rpc.jsonl,,,original_per_worker_ledger,b060350ca81b18ed8ca0b7e019ec25ec1f5fc2ab2b4f356f91691796e882ee4a,evaluation_workspaces/made_all30_b10_v1/workers/worker_02/ledger.json,ede4d1d5783f220f7a949afb39dad3a7697cfe95bb3a9e15ebbd6df8e08adf6c,original_runner_envelope,True,False,,,fresh_original_RPC_hash_curve_counts_and_result_identity; existing_acceptance_reference_rehashed,2026-09-19T05:21:38.188817+08:00
extension-final-made-6984f2ad558abdeabef13188,made,qwen35_4b,baseline,Co-Mg-Na,1,10,0,0.0,0.0,10,True,851bf6e806efd8d0a36b00ddf55e13ccb7b8cd0a,0,6a308686126804830c81a7d2a3495feda3b3a13b074b9958e0e6026759826516,9fa58a243707e148b412828cf5838eda27cdbbbb747c575fc51082d02f898811,96006847f53af43ff19525c1d4fdc8bac39b6a0234b3d347375de4f3f18af4ac,evaluation_workspaces/made_cumulative_five_v1/shards/primary/jobs/extension-final-made-6984f2ad558abdeabef13188/3c3877df205c43a0a5c00b12572463c0/result.json,3c208d9ebc0071ec71921a5f1a883c408e7b1a887fccf0c23e25b61c2bae2d0e,evaluation_workspaces/made_cumulative_five_v1/shards/primary/jobs/extension-final-made-6984f2ad558abdeabef13188/3c3877df205c43a0a5c00b12572463c0/rpc/rpc.jsonl,,,original_five_global_receipt,2aa6a4292bcb8d1b9f42126bbc7ff84ebb0a22d24a37d89425059f65c9882f32,evaluation_workspaces/made_cumulative_five_v1/experiments/evaluation_extension_stage_receipts/final.json,ede4d1d5783f220f7a949afb39dad3a7697cfe95bb3a9e15ebbd6df8e08adf6c,original_runner_envelope,True,False,,,fresh_original_RPC_hash_curve_counts_and_result_identity; existing_acceptance_reference_rehashed,2026-09-19T05:21:38.188817+08:00
extension-final-made-1c68af5110c5af1dffea6c7d,made,qwen35_4b,esopt_graph_risk,Co-Mg-Na,1,10,0,0.0,0.0,10,True,851bf6e806efd8d0a36b00ddf55e13ccb7b8cd0a,2,2e5adce2a0d3785a1e1df3c41888f42eed2a23b9e175e3e0b1a4e1d3ef534fff,255c8bb9d3de303ae1b885f6858a15de63263fab05cc0d33b63dd3ecd4a59fae,60f75b2fc8286f89d8aa3906662fcfb5b8b789ef5d396d19cf68941e2b578c6e,evaluation_workspaces/made_cumulative_five_v1/shards/secondary/jobs/extension-final-made-1c68af5110c5af1dffea6c7d/0d656f388d7d4f07b5111936946ecddb/result.json,0cb4dcf9d416187b24c2c53b1f1748ef9eab015117d269df3fb3f56827a6a0e3,evaluation_workspaces/made_cumulative_five_v1/shards/secondary/jobs/extension-final-made-1c68af5110c5af1dffea6c7d/0d656f388d7d4f07b5111936946ecddb/rpc/rpc.jsonl,,,original_five_global_receipt,2aa6a4292bcb8d1b9f42126bbc7ff84ebb0a22d24a37d89425059f65c9882f32,evaluation_workspaces/made_cumulative_five_v1/experiments/evaluation_extension_stage_receipts/final.json,ede4d1d5783f220f7a949afb39dad3a7697cfe95bb3a9e15ebbd6df8e08adf6c,original_runner_envelope,True,False,,,fresh_original_RPC_hash_curve_counts_and_result_identity; existing_acceptance_reference_rehashed,2026-09-19T05:21:38.188817+08:00
all30-final-made-7d6cba0dbc20d964713362bb,made,qwen35_4b,baseline,Co-Pd-Tl,1,10,0,0.0,0.0,10,True,851bf6e806efd8d0a36b00ddf55e13ccb7b8cd0a,0,6a308686126804830c81a7d2a3495feda3b3a13b074b9958e0e6026759826516,9fa58a243707e148b412828cf5838eda27cdbbbb747c575fc51082d02f898811,a884733b7080d85f09d4293ac7050c4cf6bd8bb5cef34fd0683a1678b702002e,evaluation_workspaces/made_all30_b10_v1/workers/worker_00/jobs/all30-final-made-7d6cba0dbc20d964713362bb/d1d30827995c4bf99003cb51620c8a32/result.json,326b926eb4f729194bf5e81d5d7321ffa06f6559e43f32a902939bc32e9a392a,evaluation_workspaces/made_all30_b10_v1/workers/worker_00/jobs/all30-final-made-7d6cba0dbc20d964713362bb/d1d30827995c4bf99003cb51620c8a32/rpc/rpc.jsonl,,,original_per_worker_ledger,70234a9f1cc8d7f95700bce26d99df9f2e9d6afb2498d2378613eb1f181927af,evaluation_workspaces/made_all30_b10_v1/workers/worker_00/ledger.json,ede4d1d5783f220f7a949afb39dad3a7697cfe95bb3a9e15ebbd6df8e08adf6c,original_runner_envelope,True,False,,,fresh_original_RPC_hash_curve_counts_and_result_identity; existing_acceptance_reference_rehashed,2026-09-19T05:21:38.188817+08:00
all30-final-made-45444501a86d93fedab34138,made,qwen35_4b,esopt_graph_risk,Co-Pd-Tl,1,10,0,0.0,0.0,10,True,851bf6e806efd8d0a36b00ddf55e13ccb7b8cd0a,2,2e5adce2a0d3785a1e1df3c41888f42eed2a23b9e175e3e0b1a4e1d3ef534fff,255c8bb9d3de303ae1b885f6858a15de63263fab05cc0d33b63dd3ecd4a59fae,8cc94de05ceaf97fbaa13d2bcaa0a58d395ce819e6292a93082341c9b82b8fc3,evaluation_workspaces/made_all30_b10_v1/workers/worker_00/jobs/all30-final-made-45444501a86d93fedab34138/853485754e5a4d3ab20b5239042b2aa7/result.json,a78a5f0bd7ef84e562f49b680f87e9251a57d664b5728171892f7f9abab6eee9,evaluation_workspaces/made_all30_b10_v1/workers/worker_00/jobs/all30-final-made-45444501a86d93fedab34138/853485754e5a4d3ab20b5239042b2aa7/rpc/rpc.jsonl,,,original_per_worker_ledger,70234a9f1cc8d7f95700bce26d99df9f2e9d6afb2498d2378613eb1f181927af,evaluation_workspaces/made_all30_b10_v1/workers/worker_00/ledger.json,ede4d1d5783f220f7a949afb39dad3a7697cfe95bb3a9e15ebbd6df8e08adf6c,original_runner_envelope,True,False,,,fresh_original_RPC_hash_curve_counts_and_result_identity; existing_acceptance_reference_rehashed,2026-09-19T05:21:38.188817+08:00
all30-final-made-fc32992f7efefd416e04c208,made,qwen35_4b,baseline,Cr-Fe-Lu-Pt-Sc,1,10,0,0.0,0.0,10,True,851bf6e806efd8d0a36b00ddf55e13ccb7b8cd0a,0,6a308686126804830c81a7d2a3495feda3b3a13b074b9958e0e6026759826516,9fa58a243707e148b412828cf5838eda27cdbbbb747c575fc51082d02f898811,d3facd023eaf63f9c8568bbeefc290cfa10af94321b49eaa94e0bcd8021cba3b,evaluation_workspaces/made_all30_b10_v1/workers/worker_03/jobs/all30-final-made-fc32992f7efefd416e04c208/e0df56b200fd4088a360424e76c99f9b/result.json,99a664be45bf56ba469d49e60b4cec45339811d82e44c4da612e1541ddcaac74,evaluation_workspaces/made_all30_b10_v1/workers/worker_03/jobs/all30-final-made-fc32992f7efefd416e04c208/e0df56b200fd4088a360424e76c99f9b/rpc/rpc.jsonl,,,original_per_worker_ledger,70b657d6892cbc26adc07acfbb34f04cddbf8e1b479fbb2c7b7eb9b8cbce77ce,evaluation_workspaces/made_all30_b10_v1/workers/worker_03/ledger.json,ede4d1d5783f220f7a949afb39dad3a7697cfe95bb3a9e15ebbd6df8e08adf6c,original_runner_envelope,True,False,,,fresh_original_RPC_hash_curve_counts_and_result_identity; existing_acceptance_reference_rehashed,2026-09-19T05:21:38.188817+08:00
all30-final-made-2f9df183906d1a04875a9fe2,made,qwen35_4b,esopt_graph_risk,Cr-Fe-Lu-Pt-Sc,1,10,0,0.0,0.0,10,True,851bf6e806efd8d0a36b00ddf55e13ccb7b8cd0a,2,2e5adce2a0d3785a1e1df3c41888f42eed2a23b9e175e3e0b1a4e1d3ef534fff,255c8bb9d3de303ae1b885f6858a15de63263fab05cc0d33b63dd3ecd4a59fae,02bb423ec38a0bd8f1dd629a2cfe1ff6605f72f97752213777880abe652ab610,evaluation_workspaces/made_all30_b10_v1/workers/worker_03/jobs/all30-final-made-2f9df183906d1a04875a9fe2/87d3575ce18c4c33a1da73730fd379c0/result.json,ffdaa101e6a694d32b14f260ff34fc4937b6963b781152f8ed6f3d8d64e795eb,evaluation_workspaces/made_all30_b10_v1/workers/worker_03/jobs/all30-final-made-2f9df183906d1a04875a9fe2/87d3575ce18c4c33a1da73730fd379c0/rpc/rpc.jsonl,,,original_per_worker_ledger,70b657d6892cbc26adc07acfbb34f04cddbf8e1b479fbb2c7b7eb9b8cbce77ce,evaluation_workspaces/made_all30_b10_v1/workers/worker_03/ledger.json,ede4d1d5783f220f7a949afb39dad3a7697cfe95bb3a9e15ebbd6df8e08adf6c,original_runner_envelope,True,False,,,fresh_original_RPC_hash_curve_counts_and_result_identity; existing_acceptance_reference_rehashed,2026-09-19T05:21:38.188817+08:00
all30-final-made-1500a7c5b01112deaf43bfe9,made,qwen35_4b,baseline,Dy-K-Pd-Sm,1,10,0,0.0,0.0,10,True,851bf6e806efd8d0a36b00ddf55e13ccb7b8cd0a,0,6a308686126804830c81a7d2a3495feda3b3a13b074b9958e0e6026759826516,9fa58a243707e148b412828cf5838eda27cdbbbb747c575fc51082d02f898811,cd9df808c1947e21be16f835a89776b29233ab38b3db05170178df277eef0947,evaluation_workspaces/made_all30_b10_v1/workers/worker_03/jobs/all30-final-made-1500a7c5b01112deaf43bfe9/aa0cf44223e94e7abb9d7005f27499bc/result.json,08cf2db591f6357e5a0b4197ed85b95c5755abc16258ce709a47ceee4bd6eb68,evaluation_workspaces/made_all30_b10_v1/workers/worker_03/jobs/all30-final-made-1500a7c5b01112deaf43bfe9/aa0cf44223e94e7abb9d7005f27499bc/rpc/rpc.jsonl,,,original_per_worker_ledger,70b657d6892cbc26adc07acfbb34f04cddbf8e1b479fbb2c7b7eb9b8cbce77ce,evaluation_workspaces/made_all30_b10_v1/workers/worker_03/ledger.json,ede4d1d5783f220f7a949afb39dad3a7697cfe95bb3a9e15ebbd6df8e08adf6c,original_runner_envelope,True,False,,,fresh_original_RPC_hash_curve_counts_and_result_identity; existing_acceptance_reference_rehashed,2026-09-19T05:21:38.188817+08:00
all30-final-made-209ea82da301af23164f595b,made,qwen35_4b,esopt_graph_risk,Dy-K-Pd-Sm,1,10,6,0.6,0.6,10,True,851bf6e806efd8d0a36b00ddf55e13ccb7b8cd0a,2,2e5adce2a0d3785a1e1df3c41888f42eed2a23b9e175e3e0b1a4e1d3ef534fff,255c8bb9d3de303ae1b885f6858a15de63263fab05cc0d33b63dd3ecd4a59fae,c12d8d539ad7f39c4e3a86d4d4bae734acbc18d6011322dc078195c13f187b13,evaluation_workspaces/made_all30_b10_v1/workers/worker_03/jobs/all30-final-made-209ea82da301af23164f595b/188a732fea9a4c21a4f7fc3f99cea5d3/result.json,40a90531d1ea3d2d230403f250e563452afd06a3165c96dec2582c76b6a823e9,evaluation_workspaces/made_all30_b10_v1/workers/worker_03/jobs/all30-final-made-209ea82da301af23164f595b/188a732fea9a4c21a4f7fc3f99cea5d3/rpc/rpc.jsonl,,,original_per_worker_ledger,70b657d6892cbc26adc07acfbb34f04cddbf8e1b479fbb2c7b7eb9b8cbce77ce,evaluation_workspaces/made_all30_b10_v1/workers/worker_03/ledger.json,ede4d1d5783f220f7a949afb39dad3a7697cfe95bb3a9e15ebbd6df8e08adf6c,original_runner_envelope,True,False,,,fresh_original_RPC_hash_curve_counts_and_result_identity; existing_acceptance_reference_rehashed,2026-09-19T05:21:38.188817+08:00
all30-final-made-097dbe77e9aa0571f74bbc31,made,qwen35_4b,baseline,Eu-Nb-Sn-Tl,1,10,0,0.0,0.0,10,True,851bf6e806efd8d0a36b00ddf55e13ccb7b8cd0a,0,6a308686126804830c81a7d2a3495feda3b3a13b074b9958e0e6026759826516,9fa58a243707e148b412828cf5838eda27cdbbbb747c575fc51082d02f898811,68d36aa377d4ec146c8fd66b840d32250ded2d8c5b75c1d292d2e67d85b68e5d,evaluation_workspaces/made_all30_b10_v1/workers/worker_04/jobs/all30-final-made-097dbe77e9aa0571f74bbc31/0f5b4e7f1432483597628320eb8448ac/result.json,6f08a52de4eb6d8975e7ce7df39ccaf748fa7452a0a12b6be6962983b0f5fcd5,evaluation_workspaces/made_all30_b10_v1/workers/worker_04/jobs/all30-final-made-097dbe77e9aa0571f74bbc31/0f5b4e7f1432483597628320eb8448ac/rpc/rpc.jsonl,,,original_per_worker_ledger,6acff4b755bedb7cfb8943bd81f17909af505e608ce2b6e38690b6cf12538bd0,evaluation_workspaces/made_all30_b10_v1/workers/worker_04/ledger.json,ede4d1d5783f220f7a949afb39dad3a7697cfe95bb3a9e15ebbd6df8e08adf6c,original_runner_envelope,True,False,,,fresh_original_RPC_hash_curve_counts_and_result_identity; existing_acceptance_reference_rehashed,2026-09-19T05:21:38.188817+08:00
all30-final-made-f5c545c2fcf285a7aedc552f,made,qwen35_4b,esopt_graph_risk,Eu-Nb-Sn-Tl,1,10,0,0.0,0.0,10,True,851bf6e806efd8d0a36b00ddf55e13ccb7b8cd0a,2,2e5adce2a0d3785a1e1df3c41888f42eed2a23b9e175e3e0b1a4e1d3ef534fff,255c8bb9d3de303ae1b885f6858a15de63263fab05cc0d33b63dd3ecd4a59fae,88e2d83bf5ffb7b69c2c2e83a62d45545d5a5673cc1ad4f248d5825d1beb7e03,evaluation_workspaces/made_all30_b10_v1/workers/worker_04/jobs/all30-final-made-f5c545c2fcf285a7aedc552f/3e99aefbcbcc4747b7d4d194cb176df1/result.json,049c3b2d5f23bfd6ab9577a1bfa5d29b72826b0f23dd54b75363b386f92d3b62,evaluation_workspaces/made_all30_b10_v1/workers/worker_04/jobs/all30-final-made-f5c545c2fcf285a7aedc552f/3e99aefbcbcc4747b7d4d194cb176df1/rpc/rpc.jsonl,,,original_per_worker_ledger,6acff4b755bedb7cfb8943bd81f17909af505e608ce2b6e38690b6cf12538bd0,evaluation_workspaces/made_all30_b10_v1/workers/worker_04/ledger.json,ede4d1d5783f220f7a949afb39dad3a7697cfe95bb3a9e15ebbd6df8e08adf6c,original_runner_envelope,True,False,,,fresh_original_RPC_hash_curve_counts_and_result_identity; existing_acceptance_reference_rehashed,2026-09-19T05:21:38.188817+08:00
all30-final-made-8edd5f6703feaba4b1671ead,made,qwen35_4b,baseline,Ga-Ho-Lu,1,10,5,0.49,0.5,10,True,851bf6e806efd8d0a36b00ddf55e13ccb7b8cd0a,0,6a308686126804830c81a7d2a3495feda3b3a13b074b9958e0e6026759826516,9fa58a243707e148b412828cf5838eda27cdbbbb747c575fc51082d02f898811,dbaefff87f474e98d14d25babdcd6429040ecd017400ced46e9291de66f539ea,evaluation_workspaces/made_all30_b10_v1/workers/worker_01/jobs/all30-final-made-8edd5f6703feaba4b1671ead/0bb2049a60dc4afb8faf402ce8feaecc/result.json,fe85b88bfc0db4fc2712dd018f41f16cf15c015eb2674062b8aa5d0f5b0eb593,evaluation_workspaces/made_all30_b10_v1/workers/worker_01/jobs/all30-final-made-8edd5f6703feaba4b1671ead/0bb2049a60dc4afb8faf402ce8feaecc/rpc/rpc.jsonl,,,original_per_worker_ledger,29dd0a88da5342912f0357f51891152bfb984d3a7e1b16525a68bf0395e722a5,evaluation_workspaces/made_all30_b10_v1/workers/worker_01/ledger.json,ede4d1d5783f220f7a949afb39dad3a7697cfe95bb3a9e15ebbd6df8e08adf6c,original_runner_envelope,True,False,,,fresh_original_RPC_hash_curve_counts_and_result_identity; existing_acceptance_reference_rehashed,2026-09-19T05:21:38.188817+08:00
all30-final-made-81c94354919004cb52bc537d,made,qwen35_4b,esopt_graph_risk,Ga-Ho-Lu,1,10,5,0.49,0.5,10,True,851bf6e806efd8d0a36b00ddf55e13ccb7b8cd0a,2,2e5adce2a0d3785a1e1df3c41888f42eed2a23b9e175e3e0b1a4e1d3ef534fff,255c8bb9d3de303ae1b885f6858a15de63263fab05cc0d33b63dd3ecd4a59fae,8824a091a46e7d753b3892eba3e6b4c3dd3a1aeb36c099062e069cabdf856b0b,evaluation_workspaces/made_all30_b10_v1/workers/worker_01/jobs/all30-final-made-81c94354919004cb52bc537d/fb7bc8917eff4752a0539b72669f98eb/result.json,a205897f3734e803843e92fbbce924c35ca4a2fc1e0b6f6426103f3a1be85e44,evaluation_workspaces/made_all30_b10_v1/workers/worker_01/jobs/all30-final-made-81c94354919004cb52bc537d/fb7bc8917eff4752a0539b72669f98eb/rpc/rpc.jsonl,,,original_per_worker_ledger,29dd0a88da5342912f0357f51891152bfb984d3a7e1b16525a68bf0395e722a5,evaluation_workspaces/made_all30_b10_v1/workers/worker_01/ledger.json,ede4d1d5783f220f7a949afb39dad3a7697cfe95bb3a9e15ebbd6df8e08adf6c,original_runner_envelope,True,False,,,fresh_original_RPC_hash_curve_counts_and_result_identity; existing_acceptance_reference_rehashed,2026-09-19T05:21:38.188817+08:00
all30-final-made-22cfaf1606682d9c38bc278d,made,qwen35_4b,baseline,Ga-Pt-Tm,1,10,6,0.5,0.6,10,True,851bf6e806efd8d0a36b00ddf55e13ccb7b8cd0a,0,6a308686126804830c81a7d2a3495feda3b3a13b074b9958e0e6026759826516,9fa58a243707e148b412828cf5838eda27cdbbbb747c575fc51082d02f898811,b9cb9cc531a0b002710d5d1623cbfd1d62a876a5863d6a0e706e6777c9916c89,evaluation_workspaces/made_all30_b10_v1/workers/worker_02/jobs/all30-final-made-22cfaf1606682d9c38bc278d/2db91f60543d46d18de62a3d2a2911ac/result.json,0a2414b6e17217c12fd8db144677b8c493b2c1f1885781c4e56663f8ce80707f,evaluation_workspaces/made_all30_b10_v1/workers/worker_02/jobs/all30-final-made-22cfaf1606682d9c38bc278d/2db91f60543d46d18de62a3d2a2911ac/rpc/rpc.jsonl,,,original_per_worker_ledger,b060350ca81b18ed8ca0b7e019ec25ec1f5fc2ab2b4f356f91691796e882ee4a,evaluation_workspaces/made_all30_b10_v1/workers/worker_02/ledger.json,ede4d1d5783f220f7a949afb39dad3a7697cfe95bb3a9e15ebbd6df8e08adf6c,original_runner_envelope,True,False,,,fresh_original_RPC_hash_curve_counts_and_result_identity; existing_acceptance_reference_rehashed,2026-09-19T05:21:38.188817+08:00
all30-final-made-2925f7a866c2a8d1c36841e7,made,qwen35_4b,esopt_graph_risk,Ga-Pt-Tm,1,10,3,0.33,0.3,10,True,851bf6e806efd8d0a36b00ddf55e13ccb7b8cd0a,2,2e5adce2a0d3785a1e1df3c41888f42eed2a23b9e175e3e0b1a4e1d3ef534fff,255c8bb9d3de303ae1b885f6858a15de63263fab05cc0d33b63dd3ecd4a59fae,916bdf48ff7c06acedc386e314327c9d5e225ebe3646e226ce47969e397df29d,evaluation_workspaces/made_all30_b10_v1/workers/worker_02/jobs/all30-final-made-2925f7a866c2a8d1c36841e7/29cfd06eb9104ca0b570d75d13a53363/result.json,d707aa46e600275216b28eba62fb8558dd4a4291630fdba5b317f0f17594ddd6,evaluation_workspaces/made_all30_b10_v1/workers/worker_02/jobs/all30-final-made-2925f7a866c2a8d1c36841e7/29cfd06eb9104ca0b570d75d13a53363/rpc/rpc.jsonl,,,original_per_worker_ledger,b060350ca81b18ed8ca0b7e019ec25ec1f5fc2ab2b4f356f91691796e882ee4a,evaluation_workspaces/made_all30_b10_v1/workers/worker_02/ledger.json,ede4d1d5783f220f7a949afb39dad3a7697cfe95bb3a9e15ebbd6df8e08adf6c,original_runner_envelope,True,False,,,fresh_original_RPC_hash_curve_counts_and_result_identity; existing_acceptance_reference_rehashed,2026-09-19T05:21:38.188817+08:00
all30-final-made-29a6382ae615c1a04e459653,made,qwen35_4b,baseline,Hf-Ni-Zr,1,10,2,0.3,0.2,10,True,851bf6e806efd8d0a36b00ddf55e13ccb7b8cd0a,0,6a308686126804830c81a7d2a3495feda3b3a13b074b9958e0e6026759826516,9fa58a243707e148b412828cf5838eda27cdbbbb747c575fc51082d02f898811,5ffb00f3d45077ee5d7fedbea56990a610ec2596ace70268e403de9f605382c6,evaluation_workspaces/made_all30_b10_v1/workers/worker_03/jobs/all30-final-made-29a6382ae615c1a04e459653/d358423e1e084610ba8e355655933642/result.json,8cebff9a383d8e0173cbc1f7ea5135f795df82eb6ce03408bc1e65b89246c85c,evaluation_workspaces/made_all30_b10_v1/workers/worker_03/jobs/all30-final-made-29a6382ae615c1a04e459653/d358423e1e084610ba8e355655933642/rpc/rpc.jsonl,,,original_per_worker_ledger,70b657d6892cbc26adc07acfbb34f04cddbf8e1b479fbb2c7b7eb9b8cbce77ce,evaluation_workspaces/made_all30_b10_v1/workers/worker_03/ledger.json,ede4d1d5783f220f7a949afb39dad3a7697cfe95bb3a9e15ebbd6df8e08adf6c,original_runner_envelope,True,False,,,fresh_original_RPC_hash_curve_counts_and_result_identity; existing_acceptance_reference_rehashed,2026-09-19T05:21:38.188817+08:00
all30-final-made-2436e44814e8d16489bec879,made,qwen35_4b,esopt_graph_risk,Hf-Ni-Zr,1,10,2,0.2,0.2,10,True,851bf6e806efd8d0a36b00ddf55e13ccb7b8cd0a,2,2e5adce2a0d3785a1e1df3c41888f42eed2a23b9e175e3e0b1a4e1d3ef534fff,255c8bb9d3de303ae1b885f6858a15de63263fab05cc0d33b63dd3ecd4a59fae,e42940d30167591fc8694c5f5a9de928c27620b158c52f5cf99b37f05cd8d4de,evaluation_workspaces/made_all30_b10_v1/workers/worker_03/jobs/all30-final-made-2436e44814e8d16489bec879/b3e96f5642a947a8ba084dcc124988f6/result.json,798334d78afec5dc14c1f5e7278837b2b0a85c0b3a4254c1360f1dbaffcc9aa3,evaluation_workspaces/made_all30_b10_v1/workers/worker_03/jobs/all30-final-made-2436e44814e8d16489bec879/b3e96f5642a947a8ba084dcc124988f6/rpc/rpc.jsonl,,,original_per_worker_ledger,70b657d6892cbc26adc07acfbb34f04cddbf8e1b479fbb2c7b7eb9b8cbce77ce,evaluation_workspaces/made_all30_b10_v1/workers/worker_03/ledger.json,ede4d1d5783f220f7a949afb39dad3a7697cfe95bb3a9e15ebbd6df8e08adf6c,original_runner_envelope,True,False,,,fresh_original_RPC_hash_curve_counts_and_result_identity; existing_acceptance_reference_rehashed,2026-09-19T05:21:38.188817+08:00
all30-final-made-c62306db0d2beb6139233c35,made,qwen35_4b,baseline,Ho-In-Mg-Pd-Zr,1,10,0,0.0,0.0,10,True,851bf6e806efd8d0a36b00ddf55e13ccb7b8cd0a,0,6a308686126804830c81a7d2a3495feda3b3a13b074b9958e0e6026759826516,9fa58a243707e148b412828cf5838eda27cdbbbb747c575fc51082d02f898811,35dcb4bcf086be6b5223230f970516f60cc479c8a879e48b94560bebc98220e1,evaluation_workspaces/made_all30_b10_v1/workers/worker_04/jobs/all30-final-made-c62306db0d2beb6139233c35/9a8f8676277e4489a515f3192e89f488/result.json,39835dc4ccfd58d4b31ec8770210f0ea9b1725125de07a6ffe5abcfb48b67ac8,evaluation_workspaces/made_all30_b10_v1/workers/worker_04/jobs/all30-final-made-c62306db0d2beb6139233c35/9a8f8676277e4489a515f3192e89f488/rpc/rpc.jsonl,,,original_per_worker_ledger,6acff4b755bedb7cfb8943bd81f17909af505e608ce2b6e38690b6cf12538bd0,evaluation_workspaces/made_all30_b10_v1/workers/worker_04/ledger.json,ede4d1d5783f220f7a949afb39dad3a7697cfe95bb3a9e15ebbd6df8e08adf6c,original_runner_envelope,True,False,,,fresh_original_RPC_hash_curve_counts_and_result_identity; existing_acceptance_reference_rehashed,2026-09-19T05:21:38.188817+08:00
all30-final-made-8142bd6bae65cd46fdff2387,made,qwen35_4b,esopt_graph_risk,Ho-In-Mg-Pd-Zr,1,10,0,0.0,0.0,10,True,851bf6e806efd8d0a36b00ddf55e13ccb7b8cd0a,2,2e5adce2a0d3785a1e1df3c41888f42eed2a23b9e175e3e0b1a4e1d3ef534fff,255c8bb9d3de303ae1b885f6858a15de63263fab05cc0d33b63dd3ecd4a59fae,4021b5b0ebba30f5ba83077f6884ec93e27f09d3c6cc504d3331b7d814d2f7f0,evaluation_workspaces/made_all30_b10_v1/workers/worker_04/jobs/all30-final-made-8142bd6bae65cd46fdff2387/fc32a998ea264bca9f69c8c215d4b607/result.json,a596bbe67db783663eb97cdedda62b2e24013fff6fb270da678dd67414d37a67,evaluation_workspaces/made_all30_b10_v1/workers/worker_04/jobs/all30-final-made-8142bd6bae65cd46fdff2387/fc32a998ea264bca9f69c8c215d4b607/rpc/rpc.jsonl,,,original_per_worker_ledger,6acff4b755bedb7cfb8943bd81f17909af505e608ce2b6e38690b6cf12538bd0,evaluation_workspaces/made_all30_b10_v1/workers/worker_04/ledger.json,ede4d1d5783f220f7a949afb39dad3a7697cfe95bb3a9e15ebbd6df8e08adf6c,original_runner_envelope,True,False,,,fresh_original_RPC_hash_curve_counts_and_result_identity; existing_acceptance_reference_rehashed,2026-09-19T05:21:38.188817+08:00
all30-final-made-a0c7b559824ee92973b466f7,made,qwen35_4b,baseline,Mg-Sn-Sr,1,10,7,0.67,0.7,10,True,851bf6e806efd8d0a36b00ddf55e13ccb7b8cd0a,0,6a308686126804830c81a7d2a3495feda3b3a13b074b9958e0e6026759826516,9fa58a243707e148b412828cf5838eda27cdbbbb747c575fc51082d02f898811,797692a6c5dc4ac323ead3b4f3dca2295279b0348ba324c80281ae96d4aecad9,evaluation_workspaces/made_all30_b10_v1/workers/worker_04/jobs/all30-final-made-a0c7b559824ee92973b466f7/b674661e3c1a45d8b46487ae4bcf0b05/result.json,984a296060ea0da94dfa4e2633950eeaaf0dbbf7d2bd94e1cd391b37f38a5262,evaluation_workspaces/made_all30_b10_v1/workers/worker_04/jobs/all30-final-made-a0c7b559824ee92973b466f7/b674661e3c1a45d8b46487ae4bcf0b05/rpc/rpc.jsonl,,,original_per_worker_ledger,6acff4b755bedb7cfb8943bd81f17909af505e608ce2b6e38690b6cf12538bd0,evaluation_workspaces/made_all30_b10_v1/workers/worker_04/ledger.json,ede4d1d5783f220f7a949afb39dad3a7697cfe95bb3a9e15ebbd6df8e08adf6c,original_runner_envelope,True,False,,,fresh_original_RPC_hash_curve_counts_and_result_identity; existing_acceptance_reference_rehashed,2026-09-19T05:21:38.188817+08:00
all30-final-made-28020e03780ed5e0ab044caf,made,qwen35_4b,esopt_graph_risk,Mg-Sn-Sr,1,10,7,0.79,0.7,10,True,851bf6e806efd8d0a36b00ddf55e13ccb7b8cd0a,2,2e5adce2a0d3785a1e1df3c41888f42eed2a23b9e175e3e0b1a4e1d3ef534fff,255c8bb9d3de303ae1b885f6858a15de63263fab05cc0d33b63dd3ecd4a59fae,f375b0cd19fc013f162c9d3dc1dda4a26083b0c56fd2c4db5caf5ebb9232cf62,evaluation_workspaces/made_all30_b10_v1/workers/worker_04/jobs/all30-final-made-28020e03780ed5e0ab044caf/47911d76674c4cb780201e6765556cfe/result.json,6d6516a1f146e8aff48fa16547db99c54504b5c01dd1d1219ce7ca999b9a285d,evaluation_workspaces/made_all30_b10_v1/workers/worker_04/jobs/all30-final-made-28020e03780ed5e0ab044caf/47911d76674c4cb780201e6765556cfe/rpc/rpc.jsonl,,,original_per_worker_ledger,6acff4b755bedb7cfb8943bd81f17909af505e608ce2b6e38690b6cf12538bd0,evaluation_workspaces/made_all30_b10_v1/workers/worker_04/ledger.json,ede4d1d5783f220f7a949afb39dad3a7697cfe95bb3a9e15ebbd6df8e08adf6c,original_runner_envelope,True,False,,,fresh_original_RPC_hash_curve_counts_and_result_identity; existing_acceptance_reference_rehashed,2026-09-19T05:21:38.188817+08:00
budget-final-made-3cbf899afb7e6857dc3f0d91,made,qwen35_4b,baseline,Ag-Nd-Pd-Pt-Tb,1,30,11,0.3011111111111111,0.36666666666666664,30,True,851bf6e806efd8d0a36b00ddf55e13ccb7b8cd0a,0,6a308686126804830c81a7d2a3495feda3b3a13b074b9958e0e6026759826516,9fa58a243707e148b412828cf5838eda27cdbbbb747c575fc51082d02f898811,5dfd5c9211283b706afd765c6a07603f65d2eef605198d403f4c2186f3bb73b7,evaluation_workspaces/made_budget_sweep_v1/jobs/budget-final-made-3cbf899afb7e6857dc3f0d91/73a56cce501647b8bbf0644cff3e32ba/result.json,133d6461b2a3b0bb2e6ce19e8c6e7f7808ab8cf4c7344fb445f629f8a43fc201,evaluation_workspaces/made_budget_sweep_v1/jobs/budget-final-made-3cbf899afb7e6857dc3f0d91/73a56cce501647b8bbf0644cff3e32ba/rpc/rpc.jsonl,34530916f19d9e128308861c8f87d3a1a94a97fb33a7bcddf0f83a485e8a87ab,evaluation_workspaces/made_budget_sweep_v1/jobs/budget-final-made-3cbf899afb7e6857dc3f0d91/receipt.json,per_job_receipt,34530916f19d9e128308861c8f87d3a1a94a97fb33a7bcddf0f83a485e8a87ab,evaluation_workspaces/made_budget_sweep_v1/jobs/budget-final-made-3cbf899afb7e6857dc3f0d91/receipt.json,a262aab6be0639ee55bb33e1a2af98325ac2f511e774c54027e653c9ba59f507,original_runner_envelope,True,False,,,fresh_original_RPC_hash_curve_counts_and_result_identity; existing_acceptance_reference_rehashed,2026-09-19T05:21:38.188817+08:00
budget-final-made-254ea063e97b94a2948a97a4,made,qwen35_4b,esopt_graph_risk,Ag-Nd-Pd-Pt-Tb,1,30,9,0.3433333333333333,0.3,30,True,851bf6e806efd8d0a36b00ddf55e13ccb7b8cd0a,2,2e5adce2a0d3785a1e1df3c41888f42eed2a23b9e175e3e0b1a4e1d3ef534fff,255c8bb9d3de303ae1b885f6858a15de63263fab05cc0d33b63dd3ecd4a59fae,4f4c1569e585e7d3c17aff6161512bc15e0b42d166b19479a00d49187ee7d70d,evaluation_workspaces/made_budget_sweep_v1/jobs/budget-final-made-254ea063e97b94a2948a97a4/821ba4461a7b4017ac97f1228b566757/result.json,0b13e836bb5a3f404d60479765373c6b473269397b015b68f2a7fb2c34aabac7,evaluation_workspaces/made_budget_sweep_v1/jobs/budget-final-made-254ea063e97b94a2948a97a4/821ba4461a7b4017ac97f1228b566757/rpc/rpc.jsonl,ac078e1f0f468a99145f36303300e5611ce14989f7e691677d8284dd8630faad,evaluation_workspaces/made_budget_sweep_v1/jobs/budget-final-made-254ea063e97b94a2948a97a4/receipt.json,per_job_receipt,ac078e1f0f468a99145f36303300e5611ce14989f7e691677d8284dd8630faad,evaluation_workspaces/made_budget_sweep_v1/jobs/budget-final-made-254ea063e97b94a2948a97a4/receipt.json,a262aab6be0639ee55bb33e1a2af98325ac2f511e774c54027e653c9ba59f507,original_runner_envelope,True,False,,,fresh_original_RPC_hash_curve_counts_and_result_identity; existing_acceptance_reference_rehashed,2026-09-19T05:21:38.188817+08:00
budget-final-made-751d44c311ae19cdcad7928a,made,qwen35_4b,baseline,Al-Hg-K-Mg-W,1,30,0,0.0,0.0,30,True,851bf6e806efd8d0a36b00ddf55e13ccb7b8cd0a,0,6a308686126804830c81a7d2a3495feda3b3a13b074b9958e0e6026759826516,9fa58a243707e148b412828cf5838eda27cdbbbb747c575fc51082d02f898811,8f52489340df6c66a7d98367cf165bd7b9ebbcfaab3e8ba06f50701a3c7e124b,evaluation_workspaces/made_budget_sweep_v1/jobs/budget-final-made-751d44c311ae19cdcad7928a/b4a93503f99c449cb4db6c85027b2a39/result.json,17e7fd4de31c6a234d0e2cd5feed4f7fb772710e34132e70ace52f406a8190ad,evaluation_workspaces/made_budget_sweep_v1/jobs/budget-final-made-751d44c311ae19cdcad7928a/b4a93503f99c449cb4db6c85027b2a39/rpc/rpc.jsonl,fccbdd6af52476f71f0c939b567a351a285fceec0595715dfd091973999c7783,evaluation_workspaces/made_budget_sweep_v1/jobs/budget-final-made-751d44c311ae19cdcad7928a/receipt.json,per_job_receipt,fccbdd6af52476f71f0c939b567a351a285fceec0595715dfd091973999c7783,evaluation_workspaces/made_budget_sweep_v1/jobs/budget-final-made-751d44c311ae19cdcad7928a/receipt.json,a262aab6be0639ee55bb33e1a2af98325ac2f511e774c54027e653c9ba59f507,original_runner_envelope,True,False,,,fresh_original_RPC_hash_curve_counts_and_result_identity; existing_acceptance_reference_rehashed,2026-09-19T05:21:38.188817+08:00
budget-final-made-a84f6d9aaecd2f95c23db994,made,qwen35_4b,esopt_graph_risk,Al-Hg-K-Mg-W,1,30,0,0.0,0.0,30,True,851bf6e806efd8d0a36b00ddf55e13ccb7b8cd0a,2,2e5adce2a0d3785a1e1df3c41888f42eed2a23b9e175e3e0b1a4e1d3ef534fff,255c8bb9d3de303ae1b885f6858a15de63263fab05cc0d33b63dd3ecd4a59fae,cc1e08084847b9b6f66cc8ecf58ff62d0528ca70562a6efba66627c1b30961a4,evaluation_workspaces/made_budget_sweep_v1/jobs/budget-final-made-a84f6d9aaecd2f95c23db994/11cc920216d94d859c543fb51bf4c7d2/result.json,2164ba4d64aac07ff47f0a44e7ed7d2192357f4cefddd0358606186128849a8f,evaluation_workspaces/made_budget_sweep_v1/jobs/budget-final-made-a84f6d9aaecd2f95c23db994/11cc920216d94d859c543fb51bf4c7d2/rpc/rpc.jsonl,d7bbb098fcf1e17ac636dcb5d27491d6641fa4bc65d7ec8b308160ee45f3c384,evaluation_workspaces/made_budget_sweep_v1/jobs/budget-final-made-a84f6d9aaecd2f95c23db994/receipt.json,per_job_receipt,d7bbb098fcf1e17ac636dcb5d27491d6641fa4bc65d7ec8b308160ee45f3c384,evaluation_workspaces/made_budget_sweep_v1/jobs/budget-final-made-a84f6d9aaecd2f95c23db994/receipt.json,a262aab6be0639ee55bb33e1a2af98325ac2f511e774c54027e653c9ba59f507,original_runner_envelope,True,False,,,fresh_original_RPC_hash_curve_counts_and_result_identity; existing_acceptance_reference_rehashed,2026-09-19T05:21:38.188817+08:00
budget-final-made-4f87ce88320a28f3fae38bb5,made,qwen35_4b,baseline,Al-Li-V,1,30,7,0.3055555555555556,0.23333333333333334,30,True,851bf6e806efd8d0a36b00ddf55e13ccb7b8cd0a,0,6a308686126804830c81a7d2a3495feda3b3a13b074b9958e0e6026759826516,9fa58a243707e148b412828cf5838eda27cdbbbb747c575fc51082d02f898811,0e55b8c13ce8e87041c928a9a2f586a9a381a362232e8321f39b7949584418a0,evaluation_workspaces/made_budget_sweep_v1/jobs/budget-final-made-4f87ce88320a28f3fae38bb5/49f8f3700f9440f9ad5695f7709fde68/result.json,d81426d5e8d98db12762fed9f48804ea5127deb3469bb86d040e9527e85f5290,evaluation_workspaces/made_budget_sweep_v1/jobs/budget-final-made-4f87ce88320a28f3fae38bb5/49f8f3700f9440f9ad5695f7709fde68/rpc/rpc.jsonl,766741c774477105c666a69070be4e98c465f61179a93522e29ebac3878d4063,evaluation_workspaces/made_budget_sweep_v1/jobs/budget-final-made-4f87ce88320a28f3fae38bb5/receipt.json,per_job_receipt,766741c774477105c666a69070be4e98c465f61179a93522e29ebac3878d4063,evaluation_workspaces/made_budget_sweep_v1/jobs/budget-final-made-4f87ce88320a28f3fae38bb5/receipt.json,a262aab6be0639ee55bb33e1a2af98325ac2f511e774c54027e653c9ba59f507,original_runner_envelope,True,False,,,fresh_original_RPC_hash_curve_counts_and_result_identity; existing_acceptance_reference_rehashed,2026-09-19T05:21:38.188817+08:00
budget-final-made-1d442216631233be5637f631,made,qwen35_4b,esopt_graph_risk,Al-Li-V,1,30,3,0.15,0.1,30,True,851bf6e806efd8d0a36b00ddf55e13ccb7b8cd0a,2,2e5adce2a0d3785a1e1df3c41888f42eed2a23b9e175e3e0b1a4e1d3ef534fff,255c8bb9d3de303ae1b885f6858a15de63263fab05cc0d33b63dd3ecd4a59fae,935fee5f7b382a51867bbbdaf853024a76a77bd4de85f2a87d3fca86ec652ee7,evaluation_workspaces/made_budget_sweep_v1/jobs/budget-final-made-1d442216631233be5637f631/1f4a5846f57243b890c3eef4480da1d7/result.json,5b0a9840204b7fa7f484870ebd71248f541788734646332536b79d474addbe6b,evaluation_workspaces/made_budget_sweep_v1/jobs/budget-final-made-1d442216631233be5637f631/1f4a5846f57243b890c3eef4480da1d7/rpc/rpc.jsonl,58bf701114121bdffcbbbf8591dbb55974e2bf7d4f18b9159ed5d2e46334375f,evaluation_workspaces/made_budget_sweep_v1/jobs/budget-final-made-1d442216631233be5637f631/receipt.json,per_job_receipt,58bf701114121bdffcbbbf8591dbb55974e2bf7d4f18b9159ed5d2e46334375f,evaluation_workspaces/made_budget_sweep_v1/jobs/budget-final-made-1d442216631233be5637f631/receipt.json,a262aab6be0639ee55bb33e1a2af98325ac2f511e774c54027e653c9ba59f507,original_runner_envelope,True,False,,,fresh_original_RPC_hash_curve_counts_and_result_identity; existing_acceptance_reference_rehashed,2026-09-19T05:21:38.188817+08:00
budget-final-made-6f29791a00d583f708b055ad,made,qwen35_4b,baseline,Al-Lu-Pt-Rb-Sm,1,30,0,0.0,0.0,30,True,851bf6e806efd8d0a36b00ddf55e13ccb7b8cd0a,0,6a308686126804830c81a7d2a3495feda3b3a13b074b9958e0e6026759826516,9fa58a243707e148b412828cf5838eda27cdbbbb747c575fc51082d02f898811,cfb854945e89fa0315c7be8ea40c48875e1efdaa76eee324f52e291c0ba27c60,evaluation_workspaces/made_budget_sweep_v1/jobs/budget-final-made-6f29791a00d583f708b055ad/bbd7c9fd89644baab2156fbd8682c5ba/result.json,0ce322aadfd40834ac9bf33d670007c3cac82f98c811c81dc04e95243a5403c1,evaluation_workspaces/made_budget_sweep_v1/jobs/budget-final-made-6f29791a00d583f708b055ad/bbd7c9fd89644baab2156fbd8682c5ba/rpc/rpc.jsonl,cbee5447e949a2c920ea732b86b8d8fcbb5d3b0f0dc54b81ce180ac6785ce99b,evaluation_workspaces/made_budget_sweep_v1/jobs/budget-final-made-6f29791a00d583f708b055ad/receipt.json,per_job_receipt,cbee5447e949a2c920ea732b86b8d8fcbb5d3b0f0dc54b81ce180ac6785ce99b,evaluation_workspaces/made_budget_sweep_v1/jobs/budget-final-made-6f29791a00d583f708b055ad/receipt.json,a262aab6be0639ee55bb33e1a2af98325ac2f511e774c54027e653c9ba59f507,original_runner_envelope,True,False,,,fresh_original_RPC_hash_curve_counts_and_result_identity; existing_acceptance_reference_rehashed,2026-09-19T05:21:38.188817+08:00
budget-final-made-e89ce15810f410ebf6c2ce79,made,qwen35_4b,esopt_graph_risk,Al-Lu-Pt-Rb-Sm,1,30,0,0.0,0.0,30,True,851bf6e806efd8d0a36b00ddf55e13ccb7b8cd0a,2,2e5adce2a0d3785a1e1df3c41888f42eed2a23b9e175e3e0b1a4e1d3ef534fff,255c8bb9d3de303ae1b885f6858a15de63263fab05cc0d33b63dd3ecd4a59fae,f1bc1f829ee2bbd61b2ab0cd317118848dcbb42a03e12cd2f4d0af19e80a34ee,evaluation_workspaces/made_budget_sweep_v1/jobs/budget-final-made-e89ce15810f410ebf6c2ce79/c51a8fd6a04544d780ea4b67c6bbef08/result.json,0d362673cdab87b7e8060f2363833d6330acc475f001345124d178f05a84e53f,evaluation_workspaces/made_budget_sweep_v1/jobs/budget-final-made-e89ce15810f410ebf6c2ce79/c51a8fd6a04544d780ea4b67c6bbef08/rpc/rpc.jsonl,fd696af21c801c9802c7764d3f489981bc27e564fc1546fa57ba367e76972d16,evaluation_workspaces/made_budget_sweep_v1/jobs/budget-final-made-e89ce15810f410ebf6c2ce79/receipt.json,per_job_receipt,fd696af21c801c9802c7764d3f489981bc27e564fc1546fa57ba367e76972d16,evaluation_workspaces/made_budget_sweep_v1/jobs/budget-final-made-e89ce15810f410ebf6c2ce79/receipt.json,a262aab6be0639ee55bb33e1a2af98325ac2f511e774c54027e653c9ba59f507,original_runner_envelope,True,False,,,fresh_original_RPC_hash_curve_counts_and_result_identity; existing_acceptance_reference_rehashed,2026-09-19T05:21:38.188817+08:00
budget-final-made-a50bdf512ef495cd2a5fbb3c,made,qwen35_4b,baseline,Al-V-Zn,1,30,12,0.4088888888888889,0.4,30,True,851bf6e806efd8d0a36b00ddf55e13ccb7b8cd0a,0,6a308686126804830c81a7d2a3495feda3b3a13b074b9958e0e6026759826516,9fa58a243707e148b412828cf5838eda27cdbbbb747c575fc51082d02f898811,a40c2dcc5e96a80af21e0c35ee2cf59907557c1b668facb74555daa98a0038fd,evaluation_workspaces/made_budget_sweep_v1/jobs/budget-final-made-a50bdf512ef495cd2a5fbb3c/0788000b8072438897ada141a6bd6706/result.json,1aee217a157ae7fce808a20c570dddca83a0421b7221a48199f0068a7e5cdd29,evaluation_workspaces/made_budget_sweep_v1/jobs/budget-final-made-a50bdf512ef495cd2a5fbb3c/0788000b8072438897ada141a6bd6706/rpc/rpc.jsonl,ce9da8a7b6e71cdc8351782c36dee1e058d52b09af286b87435dabb1541e3afb,evaluation_workspaces/made_budget_sweep_v1/jobs/budget-final-made-a50bdf512ef495cd2a5fbb3c/receipt.json,per_job_receipt,ce9da8a7b6e71cdc8351782c36dee1e058d52b09af286b87435dabb1541e3afb,evaluation_workspaces/made_budget_sweep_v1/jobs/budget-final-made-a50bdf512ef495cd2a5fbb3c/receipt.json,a262aab6be0639ee55bb33e1a2af98325ac2f511e774c54027e653c9ba59f507,original_runner_envelope,True,False,,,fresh_original_RPC_hash_curve_counts_and_result_identity; existing_acceptance_reference_rehashed,2026-09-19T05:21:38.188817+08:00
budget-final-made-2ebbedb51225fe4d4920de4b,made,qwen35_4b,esopt_graph_risk,Al-V-Zn,1,30,12,0.3422222222222222,0.4,30,True,851bf6e806efd8d0a36b00ddf55e13ccb7b8cd0a,2,2e5adce2a0d3785a1e1df3c41888f42eed2a23b9e175e3e0b1a4e1d3ef534fff,255c8bb9d3de303ae1b885f6858a15de63263fab05cc0d33b63dd3ecd4a59fae,876d33adda136195d3e759e5e313dcb42c65a814a0ec911911c4913a3c42f1a6,evaluation_workspaces/made_budget_sweep_v1/jobs/budget-final-made-2ebbedb51225fe4d4920de4b/7ba4bbd26ad84e6091dde5d28fd5477a/result.json,695da397083a734559200348d085397d254699311d6c738fe166657a5a7ef7e3,evaluation_workspaces/made_budget_sweep_v1/jobs/budget-final-made-2ebbedb51225fe4d4920de4b/7ba4bbd26ad84e6091dde5d28fd5477a/rpc/rpc.jsonl,8cf64f9782d1cafa43fc140ab146883685e5b5ec1fa773c65b1e0c760e0815f9,evaluation_workspaces/made_budget_sweep_v1/jobs/budget-final-made-2ebbedb51225fe4d4920de4b/receipt.json,per_job_receipt,8cf64f9782d1cafa43fc140ab146883685e5b5ec1fa773c65b1e0c760e0815f9,evaluation_workspaces/made_budget_sweep_v1/jobs/budget-final-made-2ebbedb51225fe4d4920de4b/receipt.json,a262aab6be0639ee55bb33e1a2af98325ac2f511e774c54027e653c9ba59f507,original_runner_envelope,True,False,,,fresh_original_RPC_hash_curve_counts_and_result_identity; existing_acceptance_reference_rehashed,2026-09-19T05:21:38.188817+08:00
budget-final-made-0f82537991ac5e00ab89edf1,made,qwen35_4b,baseline,Au-Cr-Cs-Dy,1,30,0,0.0,0.0,30,True,851bf6e806efd8d0a36b00ddf55e13ccb7b8cd0a,0,6a308686126804830c81a7d2a3495feda3b3a13b074b9958e0e6026759826516,9fa58a243707e148b412828cf5838eda27cdbbbb747c575fc51082d02f898811,eb51be250e71518e8c33f086b786d9efa07baccd77960b5d5030a74853440a38,evaluation_workspaces/made_budget_sweep_v1/jobs/budget-final-made-0f82537991ac5e00ab89edf1/559a4fc62f25412c9a575dfdcaa83732/result.json,f7a12737f495e0cf98072991f40527ef7e8389edba7561d3675ad88a761cd5fe,evaluation_workspaces/made_budget_sweep_v1/jobs/budget-final-made-0f82537991ac5e00ab89edf1/559a4fc62f25412c9a575dfdcaa83732/rpc/rpc.jsonl,5b0b09a41dd2442ac3b484352387fe0bb5c0d3b2554f35c543c1cb4b2424e4cb,evaluation_workspaces/made_budget_sweep_v1/jobs/budget-final-made-0f82537991ac5e00ab89edf1/receipt.json,per_job_receipt,5b0b09a41dd2442ac3b484352387fe0bb5c0d3b2554f35c543c1cb4b2424e4cb,evaluation_workspaces/made_budget_sweep_v1/jobs/budget-final-made-0f82537991ac5e00ab89edf1/receipt.json,a262aab6be0639ee55bb33e1a2af98325ac2f511e774c54027e653c9ba59f507,original_runner_envelope,True,False,,,fresh_original_RPC_hash_curve_counts_and_result_identity; existing_acceptance_reference_rehashed,2026-09-19T05:21:38.188817+08:00
budget-final-made-e8a4bb098fe498d06e5fefc0,made,qwen35_4b,esopt_graph_risk,Au-Cr-Cs-Dy,1,30,0,0.0,0.0,30,True,851bf6e806efd8d0a36b00ddf55e13ccb7b8cd0a,2,2e5adce2a0d3785a1e1df3c41888f42eed2a23b9e175e3e0b1a4e1d3ef534fff,255c8bb9d3de303ae1b885f6858a15de63263fab05cc0d33b63dd3ecd4a59fae,c341f37cb2f07b22d211e3ec0176dde853c56e8882b1c6b08db8c5ebb4928295,evaluation_workspaces/made_budget_sweep_v1/jobs/budget-final-made-e8a4bb098fe498d06e5fefc0/0bc848a853e94e4d9068606df6e0bd0b/result.json,3b199d3792721a8b37962f3cc0db06bfad5a0485cd620364df787439b44378ac,evaluation_workspaces/made_budget_sweep_v1/jobs/budget-final-made-e8a4bb098fe498d06e5fefc0/0bc848a853e94e4d9068606df6e0bd0b/rpc/rpc.jsonl,bdf0429d5bd4c76aa122f63eb2f7591b46becfa583438dfae7fee9c45539e778,evaluation_workspaces/made_budget_sweep_v1/jobs/budget-final-made-e8a4bb098fe498d06e5fefc0/receipt.json,per_job_receipt,bdf0429d5bd4c76aa122f63eb2f7591b46becfa583438dfae7fee9c45539e778,evaluation_workspaces/made_budget_sweep_v1/jobs/budget-final-made-e8a4bb098fe498d06e5fefc0/receipt.json,a262aab6be0639ee55bb33e1a2af98325ac2f511e774c54027e653c9ba59f507,original_runner_envelope,True,False,,,fresh_original_RPC_hash_curve_counts_and_result_identity; existing_acceptance_reference_rehashed,2026-09-19T05:21:38.188817+08:00
budget-final-made-9068c1f42a4e19b5aad40540,made,qwen35_4b,baseline,Au-K-Tb,1,30,18,0.6311111111111111,0.6,30,True,851bf6e806efd8d0a36b00ddf55e13ccb7b8cd0a,0,6a308686126804830c81a7d2a3495feda3b3a13b074b9958e0e6026759826516,9fa58a243707e148b412828cf5838eda27cdbbbb747c575fc51082d02f898811,31c92b435eb6fedaa07bfec437bafa6a4ad96f64613d75cd679ce99316766d07,evaluation_workspaces/made_budget_sweep_v1/jobs/budget-final-made-9068c1f42a4e19b5aad40540/96f8b6c1f30b450dbe79adf884e67fc4/result.json,7df8e7d973ecebf8d66ab8c1158be6570a00daeb5c80f8287621a31ce75d3747,evaluation_workspaces/made_budget_sweep_v1/jobs/budget-final-made-9068c1f42a4e19b5aad40540/96f8b6c1f30b450dbe79adf884e67fc4/rpc/rpc.jsonl,cfeacc210c443be3df6bea2eb55b2910e694d0c1f9714d6a0abf16ec0ff353e1,evaluation_workspaces/made_budget_sweep_v1/jobs/budget-final-made-9068c1f42a4e19b5aad40540/receipt.json,per_job_receipt,cfeacc210c443be3df6bea2eb55b2910e694d0c1f9714d6a0abf16ec0ff353e1,evaluation_workspaces/made_budget_sweep_v1/jobs/budget-final-made-9068c1f42a4e19b5aad40540/receipt.json,a262aab6be0639ee55bb33e1a2af98325ac2f511e774c54027e653c9ba59f507,original_runner_envelope,True,False,,,fresh_original_RPC_hash_curve_counts_and_result_identity; existing_acceptance_reference_rehashed,2026-09-19T05:21:38.188817+08:00
budget-final-made-c59e1b9d87045dbf2d81c82b,made,qwen35_4b,esopt_graph_risk,Au-K-Tb,1,30,3,0.06555555555555556,0.1,30,True,851bf6e806efd8d0a36b00ddf55e13ccb7b8cd0a,2,2e5adce2a0d3785a1e1df3c41888f42eed2a23b9e175e3e0b1a4e1d3ef534fff,255c8bb9d3de303ae1b885f6858a15de63263fab05cc0d33b63dd3ecd4a59fae,b9340cac79f02c247e242cac145d96976e01b722e5f0182e94ace274b8c9f2eb,evaluation_workspaces/made_budget_sweep_v1/jobs/budget-final-made-c59e1b9d87045dbf2d81c82b/fd0c14afca4f42ea805efa51f9a77d50/result.json,deb3159099f397abf49c742b8d75e34034658c107441c01768293a19ae7818bc,evaluation_workspaces/made_budget_sweep_v1/jobs/budget-final-made-c59e1b9d87045dbf2d81c82b/fd0c14afca4f42ea805efa51f9a77d50/rpc/rpc.jsonl,d69e74b6e220963b969247881f698fed0232c977af0f629fe98fc8d56320367d,evaluation_workspaces/made_budget_sweep_v1/jobs/budget-final-made-c59e1b9d87045dbf2d81c82b/receipt.json,per_job_receipt,d69e74b6e220963b969247881f698fed0232c977af0f629fe98fc8d56320367d,evaluation_workspaces/made_budget_sweep_v1/jobs/budget-final-made-c59e1b9d87045dbf2d81c82b/receipt.json,a262aab6be0639ee55bb33e1a2af98325ac2f511e774c54027e653c9ba59f507,original_runner_envelope,True,False,,,fresh_original_RPC_hash_curve_counts_and_result_identity; existing_acceptance_reference_rehashed,2026-09-19T05:21:38.188817+08:00
budget-final-made-ff8a825b8e2ac6d1d4f7532c,made,qwen35_4b,baseline,Au-Tb-V-Y,1,30,0,0.0,0.0,30,True,851bf6e806efd8d0a36b00ddf55e13ccb7b8cd0a,0,6a308686126804830c81a7d2a3495feda3b3a13b074b9958e0e6026759826516,9fa58a243707e148b412828cf5838eda27cdbbbb747c575fc51082d02f898811,2e902a909c9ed18bfd74616870e07a68a2a226b745c78098d366f005d112658f,evaluation_workspaces/made_budget_sweep_v1/jobs/budget-final-made-ff8a825b8e2ac6d1d4f7532c/414ea1cc5bc4409088d289414fd9c48a/result.json,04e87284bcff3242a8b98ec1de0ed2e8f4f28716a9c4e99a8f03f26c3904b54a,evaluation_workspaces/made_budget_sweep_v1/jobs/budget-final-made-ff8a825b8e2ac6d1d4f7532c/414ea1cc5bc4409088d289414fd9c48a/rpc/rpc.jsonl,6bef133324a5e326b4ad079f85a51dc66c0efc2120b3f2c4d66f6763c223a83d,evaluation_workspaces/made_budget_sweep_v1/jobs/budget-final-made-ff8a825b8e2ac6d1d4f7532c/receipt.json,per_job_receipt,6bef133324a5e326b4ad079f85a51dc66c0efc2120b3f2c4d66f6763c223a83d,evaluation_workspaces/made_budget_sweep_v1/jobs/budget-final-made-ff8a825b8e2ac6d1d4f7532c/receipt.json,a262aab6be0639ee55bb33e1a2af98325ac2f511e774c54027e653c9ba59f507,original_runner_envelope,True,False,,,fresh_original_RPC_hash_curve_counts_and_result_identity; existing_acceptance_reference_rehashed,2026-09-19T05:21:38.188817+08:00
budget-final-made-8b0f5d5e10193a64efa50b47,made,qwen35_4b,esopt_graph_risk,Au-Tb-V-Y,1,30,0,0.0,0.0,30,True,851bf6e806efd8d0a36b00ddf55e13ccb7b8cd0a,2,2e5adce2a0d3785a1e1df3c41888f42eed2a23b9e175e3e0b1a4e1d3ef534fff,255c8bb9d3de303ae1b885f6858a15de63263fab05cc0d33b63dd3ecd4a59fae,fcfc45806ed0f207df4918e433434721e07a3ada479d6b162f6facf1eb6d5cb0,evaluation_workspaces/made_budget_sweep_v1/jobs/budget-final-made-8b0f5d5e10193a64efa50b47/5be42a319da64f98851535d475d4f90f/result.json,426c26f2beab451fd9d9d471f456d8db280170668bb57486cc0e01a79e0fc314,evaluation_workspaces/made_budget_sweep_v1/jobs/budget-final-made-8b0f5d5e10193a64efa50b47/5be42a319da64f98851535d475d4f90f/rpc/rpc.jsonl,7ac0331408044ff0744e9dd420197779ef6e7c892dd8e7686dfd6599828a529d,evaluation_workspaces/made_budget_sweep_v1/jobs/budget-final-made-8b0f5d5e10193a64efa50b47/receipt.json,per_job_receipt,7ac0331408044ff0744e9dd420197779ef6e7c892dd8e7686dfd6599828a529d,evaluation_workspaces/made_budget_sweep_v1/jobs/budget-final-made-8b0f5d5e10193a64efa50b47/receipt.json,a262aab6be0639ee55bb33e1a2af98325ac2f511e774c54027e653c9ba59f507,original_runner_envelope,True,False,,,fresh_original_RPC_hash_curve_counts_and_result_identity; existing_acceptance_reference_rehashed,2026-09-19T05:21:38.188817+08:00
budget-final-made-9b22f46f38016340b4c7029a,made,qwen35_4b,baseline,Ba-Be-Hf-Li,1,30,0,0.0,0.0,30,True,851bf6e806efd8d0a36b00ddf55e13ccb7b8cd0a,0,6a308686126804830c81a7d2a3495feda3b3a13b074b9958e0e6026759826516,9fa58a243707e148b412828cf5838eda27cdbbbb747c575fc51082d02f898811,afcf9460b5bd8c0f5f7af1cbfab92652fe878b22be99f578514d985f50182c6d,evaluation_workspaces/made_budget_sweep_v1/jobs/budget-final-made-9b22f46f38016340b4c7029a/1f9bd66b216a4ac4916d9bc0d081f8cb/result.json,b4a06dc0aeff54ce562b081f007d08aa4c8a1047c07df6be1f58acc385a5c5ca,evaluation_workspaces/made_budget_sweep_v1/jobs/budget-final-made-9b22f46f38016340b4c7029a/1f9bd66b216a4ac4916d9bc0d081f8cb/rpc/rpc.jsonl,d89e7b056daf98ae91b9b45b0fcaee8f61140afeb2f58c474b310e670ddf2e9b,evaluation_workspaces/made_budget_sweep_v1/jobs/budget-final-made-9b22f46f38016340b4c7029a/receipt.json,per_job_receipt,d89e7b056daf98ae91b9b45b0fcaee8f61140afeb2f58c474b310e670ddf2e9b,evaluation_workspaces/made_budget_sweep_v1/jobs/budget-final-made-9b22f46f38016340b4c7029a/receipt.json,a262aab6be0639ee55bb33e1a2af98325ac2f511e774c54027e653c9ba59f507,original_runner_envelope,True,False,,,fresh_original_RPC_hash_curve_counts_and_result_identity; existing_acceptance_reference_rehashed,2026-09-19T05:21:38.188817+08:00
budget-final-made-bcf101858cf19e586a18f9b2,made,qwen35_4b,esopt_graph_risk,Ba-Be-Hf-Li,1,30,0,0.0,0.0,30,True,851bf6e806efd8d0a36b00ddf55e13ccb7b8cd0a,2,2e5adce2a0d3785a1e1df3c41888f42eed2a23b9e175e3e0b1a4e1d3ef534fff,255c8bb9d3de303ae1b885f6858a15de63263fab05cc0d33b63dd3ecd4a59fae,faf237496d7e7c921b90698ed2338aa4e921e737e9e1b96207ca4eb725912b09,evaluation_workspaces/made_budget_sweep_v1/jobs/budget-final-made-bcf101858cf19e586a18f9b2/1d7eeb5aaba94087b66865ecb06dbbf6/result.json,94a062bc9779eef3480376ba20cabe1e57ca7a877e2fa5ca2f410012417b0664,evaluation_workspaces/made_budget_sweep_v1/jobs/budget-final-made-bcf101858cf19e586a18f9b2/1d7eeb5aaba94087b66865ecb06dbbf6/rpc/rpc.jsonl,37e55a65ef9c188fbaa9ec49125d126bcf017cd409ec9bfb0e4576a97bf24463,evaluation_workspaces/made_budget_sweep_v1/jobs/budget-final-made-bcf101858cf19e586a18f9b2/receipt.json,per_job_receipt,37e55a65ef9c188fbaa9ec49125d126bcf017cd409ec9bfb0e4576a97bf24463,evaluation_workspaces/made_budget_sweep_v1/jobs/budget-final-made-bcf101858cf19e586a18f9b2/receipt.json,a262aab6be0639ee55bb33e1a2af98325ac2f511e774c54027e653c9ba59f507,original_runner_envelope,True,False,,,fresh_original_RPC_hash_curve_counts_and_result_identity; existing_acceptance_reference_rehashed,2026-09-19T05:21:38.188817+08:00
budget-final-made-aa6d5d1f650c00591d6456ac,made,qwen35_4b,baseline,Ba-Nd-Ni-W,1,30,0,0.0,0.0,30,True,851bf6e806efd8d0a36b00ddf55e13ccb7b8cd0a,0,6a308686126804830c81a7d2a3495feda3b3a13b074b9958e0e6026759826516,9fa58a243707e148b412828cf5838eda27cdbbbb747c575fc51082d02f898811,83f88ab773b130e8bbff8922debbc8c3f079eb37f2fc73a3a01b6fb3e7777ff0,evaluation_workspaces/made_budget_sweep_v1/jobs/budget-final-made-aa6d5d1f650c00591d6456ac/9a42647d14334fd39f5346b32139c2b0/result.json,0cc620165cf130dff601cdc521bcdc97a62c8c0cc96d5edf9fabbad65e34c8f7,evaluation_workspaces/made_budget_sweep_v1/jobs/budget-final-made-aa6d5d1f650c00591d6456ac/9a42647d14334fd39f5346b32139c2b0/rpc/rpc.jsonl,bfa1da6ceb82ed3e1edc93aad41ddeeac241958c1b7b6fb279816f6ddea1a3cf,evaluation_workspaces/made_budget_sweep_v1/jobs/budget-final-made-aa6d5d1f650c00591d6456ac/receipt.json,per_job_receipt,bfa1da6ceb82ed3e1edc93aad41ddeeac241958c1b7b6fb279816f6ddea1a3cf,evaluation_workspaces/made_budget_sweep_v1/jobs/budget-final-made-aa6d5d1f650c00591d6456ac/receipt.json,a262aab6be0639ee55bb33e1a2af98325ac2f511e774c54027e653c9ba59f507,original_runner_envelope,True,False,,,fresh_original_RPC_hash_curve_counts_and_result_identity; existing_acceptance_reference_rehashed,2026-09-19T05:21:38.188817+08:00
budget-final-made-29687eadc1cd9b021ab3531e,made,qwen35_4b,esopt_graph_risk,Ba-Nd-Ni-W,1,30,0,0.0,0.0,30,True,851bf6e806efd8d0a36b00ddf55e13ccb7b8cd0a,2,2e5adce2a0d3785a1e1df3c41888f42eed2a23b9e175e3e0b1a4e1d3ef534fff,255c8bb9d3de303ae1b885f6858a15de63263fab05cc0d33b63dd3ecd4a59fae,d290ef8e1b4cffae29fc82bd7fce15538c10c5bc8641a4b99df1d2dbb46340b5,evaluation_workspaces/made_budget_sweep_v1/jobs/budget-final-made-29687eadc1cd9b021ab3531e/216b5d989ba7474280f4f88f023b0c54/result.json,4802ae24fbf9efccb6e1c9b58bcffb9c8894fe62489b018f2c2b7fd7202004b4,evaluation_workspaces/made_budget_sweep_v1/jobs/budget-final-made-29687eadc1cd9b021ab3531e/216b5d989ba7474280f4f88f023b0c54/rpc/rpc.jsonl,408f844c81fc30fd6bc5f0b28845b0422dabc0ea2bb20304eb7f7dcec48e555c,evaluation_workspaces/made_budget_sweep_v1/jobs/budget-final-made-29687eadc1cd9b021ab3531e/receipt.json,per_job_receipt,408f844c81fc30fd6bc5f0b28845b0422dabc0ea2bb20304eb7f7dcec48e555c,evaluation_workspaces/made_budget_sweep_v1/jobs/budget-final-made-29687eadc1cd9b021ab3531e/receipt.json,a262aab6be0639ee55bb33e1a2af98325ac2f511e774c54027e653c9ba59f507,original_runner_envelope,True,False,,,fresh_original_RPC_hash_curve_counts_and_result_identity; existing_acceptance_reference_rehashed,2026-09-19T05:21:38.188817+08:00
budget-final-made-de4b07758928f3ec69fc5ba8,made,qwen35_4b,baseline,Ca-Fe-Gd-Pb-Tb,1,30,0,0.0,0.0,30,True,851bf6e806efd8d0a36b00ddf55e13ccb7b8cd0a,0,6a308686126804830c81a7d2a3495feda3b3a13b074b9958e0e6026759826516,9fa58a243707e148b412828cf5838eda27cdbbbb747c575fc51082d02f898811,67301171b60dba68484b86faa5a99cd1877275ab4036f73ab0b5f2e204a61d30,evaluation_workspaces/made_budget_sweep_v1/jobs/budget-final-made-de4b07758928f3ec69fc5ba8/6692c6d3310a4e64b04ba5ea8bed25d3/result.json,d5fb2d7807d9843d13a264928ce61d1a6a177a9f8055bd60f202ae6a32da7889,evaluation_workspaces/made_budget_sweep_v1/jobs/budget-final-made-de4b07758928f3ec69fc5ba8/6692c6d3310a4e64b04ba5ea8bed25d3/rpc/rpc.jsonl,c0b3e00221b434b5d9381c541955b1fa1f54a0a62f443bf8676a1babdb25d14e,evaluation_workspaces/made_budget_sweep_v1/jobs/budget-final-made-de4b07758928f3ec69fc5ba8/receipt.json,per_job_receipt,c0b3e00221b434b5d9381c541955b1fa1f54a0a62f443bf8676a1babdb25d14e,evaluation_workspaces/made_budget_sweep_v1/jobs/budget-final-made-de4b07758928f3ec69fc5ba8/receipt.json,a262aab6be0639ee55bb33e1a2af98325ac2f511e774c54027e653c9ba59f507,original_runner_envelope,True,False,,,fresh_original_RPC_hash_curve_counts_and_result_identity; existing_acceptance_reference_rehashed,2026-09-19T05:21:38.188817+08:00
budget-final-made-5229dd593febbbedf3d3fc63,made,qwen35_4b,esopt_graph_risk,Ca-Fe-Gd-Pb-Tb,1,30,0,0.0,0.0,30,True,851bf6e806efd8d0a36b00ddf55e13ccb7b8cd0a,2,2e5adce2a0d3785a1e1df3c41888f42eed2a23b9e175e3e0b1a4e1d3ef534fff,255c8bb9d3de303ae1b885f6858a15de63263fab05cc0d33b63dd3ecd4a59fae,998e1cd57c214513882de5571a6a9da868ecd7244ab50d1b59b2b6ad81708082,evaluation_workspaces/made_budget_sweep_v1/jobs/budget-final-made-5229dd593febbbedf3d3fc63/5ebe2d7042ed477699227e432119428c/result.json,2156c5efe90ccbaea3fb5645288da43a26e9ecd9154b93c103e1369f0b57c1d1,evaluation_workspaces/made_budget_sweep_v1/jobs/budget-final-made-5229dd593febbbedf3d3fc63/5ebe2d7042ed477699227e432119428c/rpc/rpc.jsonl,2fc2317e10c8492dbeef3d421d791a76c09c13cf3f628c3b2d88a10b29706622,evaluation_workspaces/made_budget_sweep_v1/jobs/budget-final-made-5229dd593febbbedf3d3fc63/receipt.json,per_job_receipt,2fc2317e10c8492dbeef3d421d791a76c09c13cf3f628c3b2d88a10b29706622,evaluation_workspaces/made_budget_sweep_v1/jobs/budget-final-made-5229dd593febbbedf3d3fc63/receipt.json,a262aab6be0639ee55bb33e1a2af98325ac2f511e774c54027e653c9ba59f507,original_runner_envelope,True,False,,,fresh_original_RPC_hash_curve_counts_and_result_identity; existing_acceptance_reference_rehashed,2026-09-19T05:21:38.188817+08:00
budget-final-made-a6e4dac0bf2f5ff023d4600e,made,qwen35_4b,baseline,Ca-Pd-Sn-W,1,30,0,0.0,0.0,30,True,851bf6e806efd8d0a36b00ddf55e13ccb7b8cd0a,0,6a308686126804830c81a7d2a3495feda3b3a13b074b9958e0e6026759826516,9fa58a243707e148b412828cf5838eda27cdbbbb747c575fc51082d02f898811,88e39a0fbc800981c7ebcf2d512fa2aaae6bf779f612b83ee9f88bd33be8149a,evaluation_workspaces/made_budget_sweep_v1/jobs/budget-final-made-a6e4dac0bf2f5ff023d4600e/6acc1a00872640b0836965e688c9c1a6/result.json,534ab1ee60cec4dd6d2319175bf45a74359d87030ec659340015d6e3d7c0277b,evaluation_workspaces/made_budget_sweep_v1/jobs/budget-final-made-a6e4dac0bf2f5ff023d4600e/6acc1a00872640b0836965e688c9c1a6/rpc/rpc.jsonl,6f01f2d80d95a206da713a7838df535bd82c66117388e3fb56cf67f929d5d767,evaluation_workspaces/made_budget_sweep_v1/jobs/budget-final-made-a6e4dac0bf2f5ff023d4600e/receipt.json,per_job_receipt,6f01f2d80d95a206da713a7838df535bd82c66117388e3fb56cf67f929d5d767,evaluation_workspaces/made_budget_sweep_v1/jobs/budget-final-made-a6e4dac0bf2f5ff023d4600e/receipt.json,a262aab6be0639ee55bb33e1a2af98325ac2f511e774c54027e653c9ba59f507,original_runner_envelope,True,False,,,fresh_original_RPC_hash_curve_counts_and_result_identity; existing_acceptance_reference_rehashed,2026-09-19T05:21:38.188817+08:00
budget-final-made-9e1ea458840dddf355f8c735,made,qwen35_4b,esopt_graph_risk,Ca-Pd-Sn-W,1,30,0,0.0,0.0,30,True,851bf6e806efd8d0a36b00ddf55e13ccb7b8cd0a,2,2e5adce2a0d3785a1e1df3c41888f42eed2a23b9e175e3e0b1a4e1d3ef534fff,255c8bb9d3de303ae1b885f6858a15de63263fab05cc0d33b63dd3ecd4a59fae,f203f1d5d84256fe468e492f73420f98c7d117ed3437a72dd6e0333da39fbfa6,evaluation_workspaces/made_budget_sweep_v1/jobs/budget-final-made-9e1ea458840dddf355f8c735/030b317739fc49b9bf7bc7fc4891083f/result.json,25501498a5ae83fd5a7427b0832bf832c51a540452b7e4028d36a9c4ceb3c5ed,evaluation_workspaces/made_budget_sweep_v1/jobs/budget-final-made-9e1ea458840dddf355f8c735/030b317739fc49b9bf7bc7fc4891083f/rpc/rpc.jsonl,7eaa599049708290e32114eed6172d5f150084e8250d3e5b0907a07bc8dbe1bd,evaluation_workspaces/made_budget_sweep_v1/jobs/budget-final-made-9e1ea458840dddf355f8c735/receipt.json,per_job_receipt,7eaa599049708290e32114eed6172d5f150084e8250d3e5b0907a07bc8dbe1bd,evaluation_workspaces/made_budget_sweep_v1/jobs/budget-final-made-9e1ea458840dddf355f8c735/receipt.json,a262aab6be0639ee55bb33e1a2af98325ac2f511e774c54027e653c9ba59f507,original_runner_envelope,True,False,,,fresh_original_RPC_hash_curve_counts_and_result_identity; existing_acceptance_reference_rehashed,2026-09-19T05:21:38.188817+08:00
budget-final-made-b1ade687c701620d36bd740e,made,qwen35_4b,baseline,Cd-Gd-Mn-Na-Ta,1,30,0,0.0,0.0,30,True,851bf6e806efd8d0a36b00ddf55e13ccb7b8cd0a,0,6a308686126804830c81a7d2a3495feda3b3a13b074b9958e0e6026759826516,9fa58a243707e148b412828cf5838eda27cdbbbb747c575fc51082d02f898811,2b8da3ab4781b5fa0a1ddf1a948f288e7bc9d5cabe68580491ab1ad0f1bcc8be,evaluation_workspaces/made_budget_sweep_v1/jobs/budget-final-made-b1ade687c701620d36bd740e/a2379dd0c94c4defa5237083944d9806/result.json,5b98668e15ca8e12b311a8188e7b6b546954151660c6b637e02a1c34fa2a3117,evaluation_workspaces/made_budget_sweep_v1/jobs/budget-final-made-b1ade687c701620d36bd740e/a2379dd0c94c4defa5237083944d9806/rpc/rpc.jsonl,08a2f8cd0ee8ed0661baa9153a3749c7d6c7a383602ac8d7513c1f193fbae217,evaluation_workspaces/made_budget_sweep_v1/jobs/budget-final-made-b1ade687c701620d36bd740e/receipt.json,per_job_receipt,08a2f8cd0ee8ed0661baa9153a3749c7d6c7a383602ac8d7513c1f193fbae217,evaluation_workspaces/made_budget_sweep_v1/jobs/budget-final-made-b1ade687c701620d36bd740e/receipt.json,a262aab6be0639ee55bb33e1a2af98325ac2f511e774c54027e653c9ba59f507,original_runner_envelope,True,False,,,fresh_original_RPC_hash_curve_counts_and_result_identity; existing_acceptance_reference_rehashed,2026-09-19T05:21:38.188817+08:00
budget-final-made-ae7150fca0797615db04e008,made,qwen35_4b,esopt_graph_risk,Cd-Gd-Mn-Na-Ta,1,30,0,0.0,0.0,30,True,851bf6e806efd8d0a36b00ddf55e13ccb7b8cd0a,2,2e5adce2a0d3785a1e1df3c41888f42eed2a23b9e175e3e0b1a4e1d3ef534fff,255c8bb9d3de303ae1b885f6858a15de63263fab05cc0d33b63dd3ecd4a59fae,d9ee3285aa5a3e95433d0209472cc0ef65d2ae3db9b6fc0dfaf0b5c99d2182fe,evaluation_workspaces/made_budget_sweep_v1/jobs/budget-final-made-ae7150fca0797615db04e008/a245313c60754c798298f09aefe25182/result.json,6354262b4e70effde7672878be840e3aa5a1c7ca92c1452a9af865eacf02eedb,evaluation_workspaces/made_budget_sweep_v1/jobs/budget-final-made-ae7150fca0797615db04e008/a245313c60754c798298f09aefe25182/rpc/rpc.jsonl,218a3ac51074345ea26cd3f9abbea1193252e1cc4f20ed1473a229c5687fba1b,evaluation_workspaces/made_budget_sweep_v1/jobs/budget-final-made-ae7150fca0797615db04e008/receipt.json,per_job_receipt,218a3ac51074345ea26cd3f9abbea1193252e1cc4f20ed1473a229c5687fba1b,evaluation_workspaces/made_budget_sweep_v1/jobs/budget-final-made-ae7150fca0797615db04e008/receipt.json,a262aab6be0639ee55bb33e1a2af98325ac2f511e774c54027e653c9ba59f507,original_runner_envelope,True,False,,,fresh_original_RPC_hash_curve_counts_and_result_identity; existing_acceptance_reference_rehashed,2026-09-19T05:21:38.188817+08:00
budget-final-made-bddfff2e8be0e2e021389547,made,qwen35_4b,baseline,Cd-Li-Nd-Ti-W,1,30,2,0.12666666666666668,0.06666666666666667,30,True,851bf6e806efd8d0a36b00ddf55e13ccb7b8cd0a,0,6a308686126804830c81a7d2a3495feda3b3a13b074b9958e0e6026759826516,9fa58a243707e148b412828cf5838eda27cdbbbb747c575fc51082d02f898811,8eecc4f567265f9229c3b444f11ef91b3b5516e5e73d9f9eaf40ba7ab73fffec,evaluation_workspaces/made_budget_sweep_v1/jobs/budget-final-made-bddfff2e8be0e2e021389547/13f7f242752f4fefad3a76d8c388dd80/result.json,c23a9dc3054750c56a1ddb4bdaf97f6f0021f458d4257f254d82884bb12043a5,evaluation_workspaces/made_budget_sweep_v1/jobs/budget-final-made-bddfff2e8be0e2e021389547/13f7f242752f4fefad3a76d8c388dd80/rpc/rpc.jsonl,c6f0b5d3c637dc9832a429fd7ef79ba24a3afe1499313a8d5d17850e50e838b0,evaluation_workspaces/made_budget_sweep_v1/jobs/budget-final-made-bddfff2e8be0e2e021389547/receipt.json,per_job_receipt,c6f0b5d3c637dc9832a429fd7ef79ba24a3afe1499313a8d5d17850e50e838b0,evaluation_workspaces/made_budget_sweep_v1/jobs/budget-final-made-bddfff2e8be0e2e021389547/receipt.json,a262aab6be0639ee55bb33e1a2af98325ac2f511e774c54027e653c9ba59f507,original_runner_envelope,True,False,,,fresh_original_RPC_hash_curve_counts_and_result_identity; existing_acceptance_reference_rehashed,2026-09-19T05:21:38.188817+08:00
budget-final-made-9d3cce6ae5efa343d55faaab,made,qwen35_4b,esopt_graph_risk,Cd-Li-Nd-Ti-W,1,30,11,0.46555555555555556,0.36666666666666664,30,True,851bf6e806efd8d0a36b00ddf55e13ccb7b8cd0a,2,2e5adce2a0d3785a1e1df3c41888f42eed2a23b9e175e3e0b1a4e1d3ef534fff,255c8bb9d3de303ae1b885f6858a15de63263fab05cc0d33b63dd3ecd4a59fae,763c6d38fafbf5b46dad004351214749b02e66ca692abe11852f452559a5d363,evaluation_workspaces/made_budget_sweep_v1/jobs/budget-final-made-9d3cce6ae5efa343d55faaab/8f46ccc5da5548d3bbf873dfc81de490/result.json,b0be194bbf593e991caa15b7abf30d0e681a8b4f5a9f4b75aa62f6c0e6395d6f,evaluation_workspaces/made_budget_sweep_v1/jobs/budget-final-made-9d3cce6ae5efa343d55faaab/8f46ccc5da5548d3bbf873dfc81de490/rpc/rpc.jsonl,80235e4dce9d9572c312badcf3d34ce36f097650338feeb7d67f8c881605e9b4,evaluation_workspaces/made_budget_sweep_v1/jobs/budget-final-made-9d3cce6ae5efa343d55faaab/receipt.json,per_job_receipt,80235e4dce9d9572c312badcf3d34ce36f097650338feeb7d67f8c881605e9b4,evaluation_workspaces/made_budget_sweep_v1/jobs/budget-final-made-9d3cce6ae5efa343d55faaab/receipt.json,a262aab6be0639ee55bb33e1a2af98325ac2f511e774c54027e653c9ba59f507,original_runner_envelope,True,False,,,fresh_original_RPC_hash_curve_counts_and_result_identity; existing_acceptance_reference_rehashed,2026-09-19T05:21:38.188817+08:00
budget-final-made-b4d790d068ffda2c4c0b6d0e,made,qwen35_4b,baseline,Ce-Er-Pb-Rh,1,30,3,0.12111111111111111,0.1,30,True,851bf6e806efd8d0a36b00ddf55e13ccb7b8cd0a,0,6a308686126804830c81a7d2a3495feda3b3a13b074b9958e0e6026759826516,9fa58a243707e148b412828cf5838eda27cdbbbb747c575fc51082d02f898811,32b53fa2379f8801f7fef7f2edbd2c7beeb40ce32b7239716c4b98c3234c5cea,evaluation_workspaces/made_budget_sweep_v1/jobs/budget-final-made-b4d790d068ffda2c4c0b6d0e/4f9c5224b3914154a65ef877c4ff46f7/result.json,e84bb5572bc5ecd566a03cc2ca3fca39abcc89090affa84b8184294a01f06589,evaluation_workspaces/made_budget_sweep_v1/jobs/budget-final-made-b4d790d068ffda2c4c0b6d0e/4f9c5224b3914154a65ef877c4ff46f7/rpc/rpc.jsonl,ec0198a33ec6abbcb24977b45a510c58e5c3eebf328c578ce8856f44fb231aca,evaluation_workspaces/made_budget_sweep_v1/jobs/budget-final-made-b4d790d068ffda2c4c0b6d0e/receipt.json,per_job_receipt,ec0198a33ec6abbcb24977b45a510c58e5c3eebf328c578ce8856f44fb231aca,evaluation_workspaces/made_budget_sweep_v1/jobs/budget-final-made-b4d790d068ffda2c4c0b6d0e/receipt.json,a262aab6be0639ee55bb33e1a2af98325ac2f511e774c54027e653c9ba59f507,original_runner_envelope,True,False,,,fresh_original_RPC_hash_curve_counts_and_result_identity; existing_acceptance_reference_rehashed,2026-09-19T05:21:38.188817+08:00
budget-final-made-feba53f749cef504945566d0,made,qwen35_4b,esopt_graph_risk,Ce-Er-Pb-Rh,1,30,4,0.2222222222222222,0.13333333333333333,30,True,851bf6e806efd8d0a36b00ddf55e13ccb7b8cd0a,2,2e5adce2a0d3785a1e1df3c41888f42eed2a23b9e175e3e0b1a4e1d3ef534fff,255c8bb9d3de303ae1b885f6858a15de63263fab05cc0d33b63dd3ecd4a59fae,4ac6f71a275ed8b65fce9c59ff8901aadf1351c6f67b0f23a7fb913383a7d9b8,evaluation_workspaces/made_budget_sweep_v1/jobs/budget-final-made-feba53f749cef504945566d0/8994c56a033640d28e3d74028cae685c/result.json,2dc68bccf45e95992da4ce4e77b58a42d5d00c0ca147e31dd65663bfbff6d559,evaluation_workspaces/made_budget_sweep_v1/jobs/budget-final-made-feba53f749cef504945566d0/8994c56a033640d28e3d74028cae685c/rpc/rpc.jsonl,9ec51bae55d6cc47cc854367bbd753b059edb1cc7d706b99501b7c746fa3c8e3,evaluation_workspaces/made_budget_sweep_v1/jobs/budget-final-made-feba53f749cef504945566d0/receipt.json,per_job_receipt,9ec51bae55d6cc47cc854367bbd753b059edb1cc7d706b99501b7c746fa3c8e3,evaluation_workspaces/made_budget_sweep_v1/jobs/budget-final-made-feba53f749cef504945566d0/receipt.json,a262aab6be0639ee55bb33e1a2af98325ac2f511e774c54027e653c9ba59f507,original_runner_envelope,True,False,,,fresh_original_RPC_hash_curve_counts_and_result_identity; existing_acceptance_reference_rehashed,2026-09-19T05:21:38.188817+08:00
budget-final-made-16b918b793239e8a99966f5b,made,qwen35_4b,baseline,Ce-Ir-Pt-Sn,1,30,12,0.35555555555555557,0.4,30,True,851bf6e806efd8d0a36b00ddf55e13ccb7b8cd0a,0,6a308686126804830c81a7d2a3495feda3b3a13b074b9958e0e6026759826516,9fa58a243707e148b412828cf5838eda27cdbbbb747c575fc51082d02f898811,4ff25007216c279c254dc674ed68a2b9ea21f7c1d35f685fbfd01411d521ffa9,evaluation_workspaces/made_budget_sweep_v1/jobs/budget-final-made-16b918b793239e8a99966f5b/6a161430184c491ca49dc72f5f73e85d/result.json,fe4a1166b4ad049257f5a841f56e852f6a956f18cd80ababe35374663400e4c1,evaluation_workspaces/made_budget_sweep_v1/jobs/budget-final-made-16b918b793239e8a99966f5b/6a161430184c491ca49dc72f5f73e85d/rpc/rpc.jsonl,f02df5eebe13de82864e2c6864b1d9ed492ffa47fb2aff24e84d8c35cada051c,evaluation_workspaces/made_budget_sweep_v1/jobs/budget-final-made-16b918b793239e8a99966f5b/receipt.json,per_job_receipt,f02df5eebe13de82864e2c6864b1d9ed492ffa47fb2aff24e84d8c35cada051c,evaluation_workspaces/made_budget_sweep_v1/jobs/budget-final-made-16b918b793239e8a99966f5b/receipt.json,a262aab6be0639ee55bb33e1a2af98325ac2f511e774c54027e653c9ba59f507,original_runner_envelope,True,False,,,fresh_original_RPC_hash_curve_counts_and_result_identity; existing_acceptance_reference_rehashed,2026-09-19T05:21:38.188817+08:00
budget-final-made-b4647f4d12e520b6f6b754b6,made,qwen35_4b,esopt_graph_risk,Ce-Ir-Pt-Sn,1,30,4,0.24888888888888888,0.13333333333333333,30,True,851bf6e806efd8d0a36b00ddf55e13ccb7b8cd0a,2,2e5adce2a0d3785a1e1df3c41888f42eed2a23b9e175e3e0b1a4e1d3ef534fff,255c8bb9d3de303ae1b885f6858a15de63263fab05cc0d33b63dd3ecd4a59fae,1e07bf1335eacff7bca5c4cf4a61b38409e899d221d681ed6eef0a3e414dde03,evaluation_workspaces/made_budget_sweep_v1/jobs/budget-final-made-b4647f4d12e520b6f6b754b6/6526f349700348dc94342931a7eff9fa/result.json,1b8cded49e2aa9e8e8ec0f151aab59d490653c0d50bdd0893bd5527be1f90fb7,evaluation_workspaces/made_budget_sweep_v1/jobs/budget-final-made-b4647f4d12e520b6f6b754b6/6526f349700348dc94342931a7eff9fa/rpc/rpc.jsonl,0445515c2b89f755aeef724a8a4c55fafe874acc80fb798861a5ea372e113c9b,evaluation_workspaces/made_budget_sweep_v1/jobs/budget-final-made-b4647f4d12e520b6f6b754b6/receipt.json,per_job_receipt,0445515c2b89f755aeef724a8a4c55fafe874acc80fb798861a5ea372e113c9b,evaluation_workspaces/made_budget_sweep_v1/jobs/budget-final-made-b4647f4d12e520b6f6b754b6/receipt.json,a262aab6be0639ee55bb33e1a2af98325ac2f511e774c54027e653c9ba59f507,original_runner_envelope,True,False,,,fresh_original_RPC_hash_curve_counts_and_result_identity; existing_acceptance_reference_rehashed,2026-09-19T05:21:38.188817+08:00
budget-final-made-262660dfe20db2bf5f76fd1f,made,qwen35_4b,baseline,Co-Dy-Ta-Y,1,30,1,0.05444444444444444,0.03333333333333333,30,True,851bf6e806efd8d0a36b00ddf55e13ccb7b8cd0a,0,6a308686126804830c81a7d2a3495feda3b3a13b074b9958e0e6026759826516,9fa58a243707e148b412828cf5838eda27cdbbbb747c575fc51082d02f898811,146e207f17b33429c6e7be58f4c47293de55ea5198cde9708b8a7cbff7aefc96,evaluation_workspaces/made_budget_sweep_v1/jobs/budget-final-made-262660dfe20db2bf5f76fd1f/044aac95fc3a48899c0cdd053ab7ab61/result.json,bc7275d8bc7bbf48e898ffb194d97f14517e34f9e3212c1138e352d969ce5a45,evaluation_workspaces/made_budget_sweep_v1/jobs/budget-final-made-262660dfe20db2bf5f76fd1f/044aac95fc3a48899c0cdd053ab7ab61/rpc/rpc.jsonl,fe4eef1b8150618f6847d409f72d7b2d478f5dd6e86649a17671d9db0513a14c,evaluation_workspaces/made_budget_sweep_v1/jobs/budget-final-made-262660dfe20db2bf5f76fd1f/receipt.json,per_job_receipt,fe4eef1b8150618f6847d409f72d7b2d478f5dd6e86649a17671d9db0513a14c,evaluation_workspaces/made_budget_sweep_v1/jobs/budget-final-made-262660dfe20db2bf5f76fd1f/receipt.json,a262aab6be0639ee55bb33e1a2af98325ac2f511e774c54027e653c9ba59f507,original_runner_envelope,True,False,,,fresh_original_RPC_hash_curve_counts_and_result_identity; existing_acceptance_reference_rehashed,2026-09-19T05:21:38.188817+08:00
budget-final-made-00a04ffb87a19d2d73501421,made,qwen35_4b,esopt_graph_risk,Co-Dy-Ta-Y,1,30,2,0.035555555555555556,0.06666666666666667,30,True,851bf6e806efd8d0a36b00ddf55e13ccb7b8cd0a,2,2e5adce2a0d3785a1e1df3c41888f42eed2a23b9e175e3e0b1a4e1d3ef534fff,255c8bb9d3de303ae1b885f6858a15de63263fab05cc0d33b63dd3ecd4a59fae,fb0b3b131a3f3e29a8c823c854b777087a8486fe1adc85e96a24778c8c3c91b7,evaluation_workspaces/made_budget_sweep_v1/jobs/budget-final-made-00a04ffb87a19d2d73501421/6bc50e6be220409d96278d276d085f47/result.json,ed2e7b32791f7ca3c28d50aaf46bda58325bc2ca4fb37bda44ee7717692819c0,evaluation_workspaces/made_budget_sweep_v1/jobs/budget-final-made-00a04ffb87a19d2d73501421/6bc50e6be220409d96278d276d085f47/rpc/rpc.jsonl,b3e6bfb7a063a17cbabd11ed35b7c3362f197baf88e8ba4a6d09d34639cd9653,evaluation_workspaces/made_budget_sweep_v1/jobs/budget-final-made-00a04ffb87a19d2d73501421/receipt.json,per_job_receipt,b3e6bfb7a063a17cbabd11ed35b7c3362f197baf88e8ba4a6d09d34639cd9653,evaluation_workspaces/made_budget_sweep_v1/jobs/budget-final-made-00a04ffb87a19d2d73501421/receipt.json,a262aab6be0639ee55bb33e1a2af98325ac2f511e774c54027e653c9ba59f507,original_runner_envelope,True,False,,,fresh_original_RPC_hash_curve_counts_and_result_identity; existing_acceptance_reference_rehashed,2026-09-19T05:21:38.188817+08:00
budget-final-made-c68456aaf690e4e9e5bab24e,made,qwen35_4b,baseline,Co-Dy-W,1,30,0,0.0,0.0,30,True,851bf6e806efd8d0a36b00ddf55e13ccb7b8cd0a,0,6a308686126804830c81a7d2a3495feda3b3a13b074b9958e0e6026759826516,9fa58a243707e148b412828cf5838eda27cdbbbb747c575fc51082d02f898811,505e444ca4d5458b02b424de10f705a7d7e8b1ff85f27a382a84a8042c07533e,evaluation_workspaces/made_budget_sweep_v1/jobs/budget-final-made-c68456aaf690e4e9e5bab24e/0efabc4e61004d44979c20cbd6d0bbb7/result.json,af51374ee911f38aaa9cb9ecb31f7866da16fb3484a7d0060407f875f2eedc09,evaluation_workspaces/made_budget_sweep_v1/jobs/budget-final-made-c68456aaf690e4e9e5bab24e/0efabc4e61004d44979c20cbd6d0bbb7/rpc/rpc.jsonl,8e8fb2a0a16eb7eb94187648c375d21f7b3947a36ebf4373d01375cc80dbbffd,evaluation_workspaces/made_budget_sweep_v1/jobs/budget-final-made-c68456aaf690e4e9e5bab24e/receipt.json,per_job_receipt,8e8fb2a0a16eb7eb94187648c375d21f7b3947a36ebf4373d01375cc80dbbffd,evaluation_workspaces/made_budget_sweep_v1/jobs/budget-final-made-c68456aaf690e4e9e5bab24e/receipt.json,a262aab6be0639ee55bb33e1a2af98325ac2f511e774c54027e653c9ba59f507,original_runner_envelope,True,False,,,fresh_original_RPC_hash_curve_counts_and_result_identity; existing_acceptance_reference_rehashed,2026-09-19T05:21:38.188817+08:00
budget-final-made-cdab6d281c262ce6eaa95c04,made,qwen35_4b,esopt_graph_risk,Co-Dy-W,1,30,0,0.0,0.0,30,True,851bf6e806efd8d0a36b00ddf55e13ccb7b8cd0a,2,2e5adce2a0d3785a1e1df3c41888f42eed2a23b9e175e3e0b1a4e1d3ef534fff,255c8bb9d3de303ae1b885f6858a15de63263fab05cc0d33b63dd3ecd4a59fae,9b8cb4fdd4c9a209e97f6a2616370a8f79475a74a5e5a15422d2a0525ca7c9e0,evaluation_workspaces/made_budget_sweep_v1/jobs/budget-final-made-cdab6d281c262ce6eaa95c04/4cf0d3678f71450e83eb8a723fe08c59/result.json,53fab5e4d087b66d92e65cbb4234914b379afd9583759e319e8052d0f0ea21b4,evaluation_workspaces/made_budget_sweep_v1/jobs/budget-final-made-cdab6d281c262ce6eaa95c04/4cf0d3678f71450e83eb8a723fe08c59/rpc/rpc.jsonl,3e968bbfde7db4c376bcf3e074285fbf959b3422c70e7af39895c7a4d3cffbc6,evaluation_workspaces/made_budget_sweep_v1/jobs/budget-final-made-cdab6d281c262ce6eaa95c04/receipt.json,per_job_receipt,3e968bbfde7db4c376bcf3e074285fbf959b3422c70e7af39895c7a4d3cffbc6,evaluation_workspaces/made_budget_sweep_v1/jobs/budget-final-made-cdab6d281c262ce6eaa95c04/receipt.json,a262aab6be0639ee55bb33e1a2af98325ac2f511e774c54027e653c9ba59f507,original_runner_envelope,True,False,,,fresh_original_RPC_hash_curve_counts_and_result_identity; existing_acceptance_reference_rehashed,2026-09-19T05:21:38.188817+08:00
budget-final-made-c3eb2f7011caf4b6e10457c7,made,qwen35_4b,baseline,Co-Hf-In-Ru-Tm,1,30,0,0.0,0.0,30,True,851bf6e806efd8d0a36b00ddf55e13ccb7b8cd0a,0,6a308686126804830c81a7d2a3495feda3b3a13b074b9958e0e6026759826516,9fa58a243707e148b412828cf5838eda27cdbbbb747c575fc51082d02f898811,f199eab8bf9288e8ee3d456ec69519860d422fedf7fc47c2fd036e5a91b224e8,evaluation_workspaces/made_budget_sweep_v1/jobs/budget-final-made-c3eb2f7011caf4b6e10457c7/d5ee9c3a71da4371845da807e840cb31/result.json,d5a5385e06796be94a4e20aefea48f72ff6e2d8416bd0071599b4e275072bc26,evaluation_workspaces/made_budget_sweep_v1/jobs/budget-final-made-c3eb2f7011caf4b6e10457c7/d5ee9c3a71da4371845da807e840cb31/rpc/rpc.jsonl,cf1092106b37c03ca9b72fbdb55fc85922d217083f6519173f23668a1c298ffb,evaluation_workspaces/made_budget_sweep_v1/jobs/budget-final-made-c3eb2f7011caf4b6e10457c7/receipt.json,per_job_receipt,cf1092106b37c03ca9b72fbdb55fc85922d217083f6519173f23668a1c298ffb,evaluation_workspaces/made_budget_sweep_v1/jobs/budget-final-made-c3eb2f7011caf4b6e10457c7/receipt.json,a262aab6be0639ee55bb33e1a2af98325ac2f511e774c54027e653c9ba59f507,original_runner_envelope,True,False,,,fresh_original_RPC_hash_curve_counts_and_result_identity; existing_acceptance_reference_rehashed,2026-09-19T05:21:38.188817+08:00
budget-final-made-a063d242d76f022307b0f927,made,qwen35_4b,esopt_graph_risk,Co-Hf-In-Ru-Tm,1,30,0,0.0,0.0,30,True,851bf6e806efd8d0a36b00ddf55e13ccb7b8cd0a,2,2e5adce2a0d3785a1e1df3c41888f42eed2a23b9e175e3e0b1a4e1d3ef534fff,255c8bb9d3de303ae1b885f6858a15de63263fab05cc0d33b63dd3ecd4a59fae,a17c7b4adba477a3d445c7641f2745418705d5d1540e3aac9ed3e2397d1de1bd,evaluation_workspaces/made_budget_sweep_v1/jobs/budget-final-made-a063d242d76f022307b0f927/860a015f4b16463086fbef6fadee02a4/result.json,5d41851750700ead64a676a926d970e906e0c55f66e9a5587dfd70e4a5af09c8,evaluation_workspaces/made_budget_sweep_v1/jobs/budget-final-made-a063d242d76f022307b0f927/860a015f4b16463086fbef6fadee02a4/rpc/rpc.jsonl,4802691760f6338874e2533ef1590c6c36d256c8b277b42c574f28b7555e6ebe,evaluation_workspaces/made_budget_sweep_v1/jobs/budget-final-made-a063d242d76f022307b0f927/receipt.json,per_job_receipt,4802691760f6338874e2533ef1590c6c36d256c8b277b42c574f28b7555e6ebe,evaluation_workspaces/made_budget_sweep_v1/jobs/budget-final-made-a063d242d76f022307b0f927/receipt.json,a262aab6be0639ee55bb33e1a2af98325ac2f511e774c54027e653c9ba59f507,original_runner_envelope,True,False,,,fresh_original_RPC_hash_curve_counts_and_result_identity; existing_acceptance_reference_rehashed,2026-09-19T05:21:38.188817+08:00
budget-final-made-e1e84092306de12ec73ae8fb,made,qwen35_4b,baseline,Co-Hg-Mg-Sr-W,1,30,0,0.0,0.0,30,True,851bf6e806efd8d0a36b00ddf55e13ccb7b8cd0a,0,6a308686126804830c81a7d2a3495feda3b3a13b074b9958e0e6026759826516,9fa58a243707e148b412828cf5838eda27cdbbbb747c575fc51082d02f898811,9c656bc2843bff2119e1e48c0f5df7da226ddb64f9893f1f7b17b7ef0cfed1d9,evaluation_workspaces/made_budget_sweep_v1/jobs/budget-final-made-e1e84092306de12ec73ae8fb/e01a58479cc047889907ba33e46e2832/result.json,40efb4dee6ca6fbede7b534623c6c9f5c707747d720f96298089a2ee337ad482,evaluation_workspaces/made_budget_sweep_v1/jobs/budget-final-made-e1e84092306de12ec73ae8fb/e01a58479cc047889907ba33e46e2832/rpc/rpc.jsonl,d3bb4146285d576a6b9825bd51563b6ac516916674e34d0a0240c3b4724684b4,evaluation_workspaces/made_budget_sweep_v1/jobs/budget-final-made-e1e84092306de12ec73ae8fb/receipt.json,per_job_receipt,d3bb4146285d576a6b9825bd51563b6ac516916674e34d0a0240c3b4724684b4,evaluation_workspaces/made_budget_sweep_v1/jobs/budget-final-made-e1e84092306de12ec73ae8fb/receipt.json,a262aab6be0639ee55bb33e1a2af98325ac2f511e774c54027e653c9ba59f507,original_runner_envelope,True,False,,,fresh_original_RPC_hash_curve_counts_and_result_identity; existing_acceptance_reference_rehashed,2026-09-19T05:21:38.188817+08:00
budget-final-made-ad7247aa48b4fab7318ccfd3,made,qwen35_4b,esopt_graph_risk,Co-Hg-Mg-Sr-W,1,30,0,0.0,0.0,30,True,851bf6e806efd8d0a36b00ddf55e13ccb7b8cd0a,2,2e5adce2a0d3785a1e1df3c41888f42eed2a23b9e175e3e0b1a4e1d3ef534fff,255c8bb9d3de303ae1b885f6858a15de63263fab05cc0d33b63dd3ecd4a59fae,11fe757b94b13ce4c90ed03e8897bb91a2b13139f305504a4ba9f485a6209e9d,evaluation_workspaces/made_budget_sweep_v1/jobs/budget-final-made-ad7247aa48b4fab7318ccfd3/9e5548430b944afba8b27127cad48a44/result.json,b6f9da474e278cc0cc738aa294e663e82e1d06cd764f511dd5bc78c9230fba29,evaluation_workspaces/made_budget_sweep_v1/jobs/budget-final-made-ad7247aa48b4fab7318ccfd3/9e5548430b944afba8b27127cad48a44/rpc/rpc.jsonl,235baacda5a00688e2bc952c353d7f59905889ab93e4b60118846914d1518ec2,evaluation_workspaces/made_budget_sweep_v1/jobs/budget-final-made-ad7247aa48b4fab7318ccfd3/receipt.json,per_job_receipt,235baacda5a00688e2bc952c353d7f59905889ab93e4b60118846914d1518ec2,evaluation_workspaces/made_budget_sweep_v1/jobs/budget-final-made-ad7247aa48b4fab7318ccfd3/receipt.json,a262aab6be0639ee55bb33e1a2af98325ac2f511e774c54027e653c9ba59f507,original_runner_envelope,True,False,,,fresh_original_RPC_hash_curve_counts_and_result_identity; existing_acceptance_reference_rehashed,2026-09-19T05:21:38.188817+08:00
budget-final-made-57b95bfdfcf86615de0d6000,made,qwen35_4b,baseline,Co-Mg-Na,1,30,0,0.0,0.0,30,True,851bf6e806efd8d0a36b00ddf55e13ccb7b8cd0a,0,6a308686126804830c81a7d2a3495feda3b3a13b074b9958e0e6026759826516,9fa58a243707e148b412828cf5838eda27cdbbbb747c575fc51082d02f898811,71095b213da82aa0bd8a3ac79425fefd3325b9c194be778e70907b30104057d2,evaluation_workspaces/made_budget_sweep_v1/jobs/budget-final-made-57b95bfdfcf86615de0d6000/d11248f243624931b6e2fbbefde4068f/result.json,3265b252400b3655611db2c96e68edf92ba52d28e553d7152075c1da80c16a2c,evaluation_workspaces/made_budget_sweep_v1/jobs/budget-final-made-57b95bfdfcf86615de0d6000/d11248f243624931b6e2fbbefde4068f/rpc/rpc.jsonl,c91169fa10063b03f3ccd1f6a37c7bec30b50d03f401b92f3d0499550a68ac06,evaluation_workspaces/made_budget_sweep_v1/jobs/budget-final-made-57b95bfdfcf86615de0d6000/receipt.json,per_job_receipt,c91169fa10063b03f3ccd1f6a37c7bec30b50d03f401b92f3d0499550a68ac06,evaluation_workspaces/made_budget_sweep_v1/jobs/budget-final-made-57b95bfdfcf86615de0d6000/receipt.json,a262aab6be0639ee55bb33e1a2af98325ac2f511e774c54027e653c9ba59f507,original_runner_envelope,True,False,,,fresh_original_RPC_hash_curve_counts_and_result_identity; existing_acceptance_reference_rehashed,2026-09-19T05:21:38.188817+08:00
budget-final-made-60a93cb79b903b44c94c8108,made,qwen35_4b,esopt_graph_risk,Co-Mg-Na,1,30,0,0.0,0.0,30,True,851bf6e806efd8d0a36b00ddf55e13ccb7b8cd0a,2,2e5adce2a0d3785a1e1df3c41888f42eed2a23b9e175e3e0b1a4e1d3ef534fff,255c8bb9d3de303ae1b885f6858a15de63263fab05cc0d33b63dd3ecd4a59fae,6b99d9b97c3be36bc8e7f9c5bd0138615c6106a62464581df1a46400074c15b9,evaluation_workspaces/made_budget_sweep_v1/jobs/budget-final-made-60a93cb79b903b44c94c8108/6136dfaee9404e56be0ae37f46033ffa/result.json,7e8c66aa61f749c143714817f7fcca555b56a7e1cdf67ea79775f4511d93b4b7,evaluation_workspaces/made_budget_sweep_v1/jobs/budget-final-made-60a93cb79b903b44c94c8108/6136dfaee9404e56be0ae37f46033ffa/rpc/rpc.jsonl,846e6c751ac76181f345950fd19de5b3b607cd9c17a88fc421907bb2f840fa68,evaluation_workspaces/made_budget_sweep_v1/jobs/budget-final-made-60a93cb79b903b44c94c8108/receipt.json,per_job_receipt,846e6c751ac76181f345950fd19de5b3b607cd9c17a88fc421907bb2f840fa68,evaluation_workspaces/made_budget_sweep_v1/jobs/budget-final-made-60a93cb79b903b44c94c8108/receipt.json,a262aab6be0639ee55bb33e1a2af98325ac2f511e774c54027e653c9ba59f507,original_runner_envelope,True,False,,,fresh_original_RPC_hash_curve_counts_and_result_identity; existing_acceptance_reference_rehashed,2026-09-19T05:21:38.188817+08:00
budget-final-made-8f47284bf3a0ec57b02b8dd8,made,qwen35_4b,baseline,Co-Pd-Tl,1,30,3,0.15666666666666668,0.1,30,True,851bf6e806efd8d0a36b00ddf55e13ccb7b8cd0a,0,6a308686126804830c81a7d2a3495feda3b3a13b074b9958e0e6026759826516,9fa58a243707e148b412828cf5838eda27cdbbbb747c575fc51082d02f898811,574c78a41a1f106de923ece5a9ed81c067f5cbf6749982d4e6d067529f50b6a3,evaluation_workspaces/made_budget_sweep_v1/jobs/budget-final-made-8f47284bf3a0ec57b02b8dd8/982c1c3ae6c3475b86e8cd6b6e1892fd/result.json,b5c05067127dbca5ecd880f0011214759fdb71720f49749993ad8810ba5b89e0,evaluation_workspaces/made_budget_sweep_v1/jobs/budget-final-made-8f47284bf3a0ec57b02b8dd8/982c1c3ae6c3475b86e8cd6b6e1892fd/rpc/rpc.jsonl,6d546d9aec339292ec1518ac52d6e6ed0dabe4ccd24f8f8a07fa9e4d2b91507d,evaluation_workspaces/made_budget_sweep_v1/jobs/budget-final-made-8f47284bf3a0ec57b02b8dd8/receipt.json,per_job_receipt,6d546d9aec339292ec1518ac52d6e6ed0dabe4ccd24f8f8a07fa9e4d2b91507d,evaluation_workspaces/made_budget_sweep_v1/jobs/budget-final-made-8f47284bf3a0ec57b02b8dd8/receipt.json,a262aab6be0639ee55bb33e1a2af98325ac2f511e774c54027e653c9ba59f507,original_runner_envelope,True,False,,,fresh_original_RPC_hash_curve_counts_and_result_identity; existing_acceptance_reference_rehashed,2026-09-19T05:21:38.188817+08:00
budget-final-made-bfeeaafeaa530163bba4bd71,made,qwen35_4b,esopt_graph_risk,Co-Pd-Tl,1,30,0,0.0,0.0,30,True,851bf6e806efd8d0a36b00ddf55e13ccb7b8cd0a,2,2e5adce2a0d3785a1e1df3c41888f42eed2a23b9e175e3e0b1a4e1d3ef534fff,255c8bb9d3de303ae1b885f6858a15de63263fab05cc0d33b63dd3ecd4a59fae,80c757b2fcb02a1f6f56545b50a200584282cd083dfb256885dba339e792bae6,evaluation_workspaces/made_budget_sweep_v1/jobs/budget-final-made-bfeeaafeaa530163bba4bd71/d9f37f62d6a3444a927c3daf8df60a70/result.json,bef009aca8884afc863d92dbae74b4e03c10d467a9a203d821b982505056e40d,evaluation_workspaces/made_budget_sweep_v1/jobs/budget-final-made-bfeeaafeaa530163bba4bd71/d9f37f62d6a3444a927c3daf8df60a70/rpc/rpc.jsonl,f50757e48349b75d78ce5c3e648b301e68c629bc43a2e86554c965d8ec7b6517,evaluation_workspaces/made_budget_sweep_v1/jobs/budget-final-made-bfeeaafeaa530163bba4bd71/receipt.json,per_job_receipt,f50757e48349b75d78ce5c3e648b301e68c629bc43a2e86554c965d8ec7b6517,evaluation_workspaces/made_budget_sweep_v1/jobs/budget-final-made-bfeeaafeaa530163bba4bd71/receipt.json,a262aab6be0639ee55bb33e1a2af98325ac2f511e774c54027e653c9ba59f507,original_runner_envelope,True,False,,,fresh_original_RPC_hash_curve_counts_and_result_identity; existing_acceptance_reference_rehashed,2026-09-19T05:21:38.188817+08:00
budget-final-made-e9a7da445d7240ef049e95a9,made,qwen35_4b,baseline,Cr-Fe-Lu-Pt-Sc,1,30,0,0.0,0.0,30,True,851bf6e806efd8d0a36b00ddf55e13ccb7b8cd0a,0,6a308686126804830c81a7d2a3495feda3b3a13b074b9958e0e6026759826516,9fa58a243707e148b412828cf5838eda27cdbbbb747c575fc51082d02f898811,e7a88b96cf148252cbe37d5d6843b9c11d1dcebb060dd2903d7d198483ee6382,evaluation_workspaces/made_budget_sweep_v1/jobs/budget-final-made-e9a7da445d7240ef049e95a9/47c6a6c0861f463eaa8e37a9ead2cd2a/result.json,6e0540f28484aee3704006f4bdf140bbde711367d2ae6a19591de6410898198f,evaluation_workspaces/made_budget_sweep_v1/jobs/budget-final-made-e9a7da445d7240ef049e95a9/47c6a6c0861f463eaa8e37a9ead2cd2a/rpc/rpc.jsonl,c842717b0785fa41eede59a3a428b99fd38c88234ccaf51114c785996246be23,evaluation_workspaces/made_budget_sweep_v1/jobs/budget-final-made-e9a7da445d7240ef049e95a9/receipt.json,per_job_receipt,c842717b0785fa41eede59a3a428b99fd38c88234ccaf51114c785996246be23,evaluation_workspaces/made_budget_sweep_v1/jobs/budget-final-made-e9a7da445d7240ef049e95a9/receipt.json,a262aab6be0639ee55bb33e1a2af98325ac2f511e774c54027e653c9ba59f507,original_runner_envelope,True,False,,,fresh_original_RPC_hash_curve_counts_and_result_identity; existing_acceptance_reference_rehashed,2026-09-19T05:21:38.188817+08:00
budget-final-made-893f84eddaeedf0653681ba6,made,qwen35_4b,esopt_graph_risk,Cr-Fe-Lu-Pt-Sc,1,30,0,0.0,0.0,30,True,851bf6e806efd8d0a36b00ddf55e13ccb7b8cd0a,2,2e5adce2a0d3785a1e1df3c41888f42eed2a23b9e175e3e0b1a4e1d3ef534fff,255c8bb9d3de303ae1b885f6858a15de63263fab05cc0d33b63dd3ecd4a59fae,de1a2ea6589a031f01a99540679e855692796d1d93886b3d2f0439e41ac4ec3d,evaluation_workspaces/made_budget_sweep_v1/jobs/budget-final-made-893f84eddaeedf0653681ba6/9c4ffa03b6884585bd6ed710d2c93873/result.json,2711f8bc0f509434f240ec6ca71645e6c730caa80df76c6c245bb7c079943b4a,evaluation_workspaces/made_budget_sweep_v1/jobs/budget-final-made-893f84eddaeedf0653681ba6/9c4ffa03b6884585bd6ed710d2c93873/rpc/rpc.jsonl,c25dd4f95468014ceae4e2b3466c7b5f1aaaf6da037a3267a38450273757fdd3,evaluation_workspaces/made_budget_sweep_v1/jobs/budget-final-made-893f84eddaeedf0653681ba6/receipt.json,per_job_receipt,c25dd4f95468014ceae4e2b3466c7b5f1aaaf6da037a3267a38450273757fdd3,evaluation_workspaces/made_budget_sweep_v1/jobs/budget-final-made-893f84eddaeedf0653681ba6/receipt.json,a262aab6be0639ee55bb33e1a2af98325ac2f511e774c54027e653c9ba59f507,original_runner_envelope,True,False,,,fresh_original_RPC_hash_curve_counts_and_result_identity; existing_acceptance_reference_rehashed,2026-09-19T05:21:38.188817+08:00
budget-final-made-06f81b4369ee9018526cd3b1,made,qwen35_4b,baseline,Dy-K-Pd-Sm,1,30,0,0.0,0.0,30,True,851bf6e806efd8d0a36b00ddf55e13ccb7b8cd0a,0,6a308686126804830c81a7d2a3495feda3b3a13b074b9958e0e6026759826516,9fa58a243707e148b412828cf5838eda27cdbbbb747c575fc51082d02f898811,5a9aca7075de9465c048e66e1c522e4c55cc636f701622efe910f929476c1451,evaluation_workspaces/made_budget_sweep_v1/jobs/budget-final-made-06f81b4369ee9018526cd3b1/33372aade43f443ebfb1eafc9ac650f4/result.json,388fb815e193020367fa731bd97a079bbc277221f92b7093e4c502eaeb623ef1,evaluation_workspaces/made_budget_sweep_v1/jobs/budget-final-made-06f81b4369ee9018526cd3b1/33372aade43f443ebfb1eafc9ac650f4/rpc/rpc.jsonl,8c256273d6f49e6dc3e17e354358ab53b65652b276f9fbd50a56f5fa1f472acd,evaluation_workspaces/made_budget_sweep_v1/jobs/budget-final-made-06f81b4369ee9018526cd3b1/receipt.json,per_job_receipt,8c256273d6f49e6dc3e17e354358ab53b65652b276f9fbd50a56f5fa1f472acd,evaluation_workspaces/made_budget_sweep_v1/jobs/budget-final-made-06f81b4369ee9018526cd3b1/receipt.json,a262aab6be0639ee55bb33e1a2af98325ac2f511e774c54027e653c9ba59f507,original_runner_envelope,True,False,,,fresh_original_RPC_hash_curve_counts_and_result_identity; existing_acceptance_reference_rehashed,2026-09-19T05:21:38.188817+08:00
budget-final-made-5b45a11bf112cc71ad9d8641,made,qwen35_4b,esopt_graph_risk,Dy-K-Pd-Sm,1,30,3,0.17666666666666667,0.1,30,True,851bf6e806efd8d0a36b00ddf55e13ccb7b8cd0a,2,2e5adce2a0d3785a1e1df3c41888f42eed2a23b9e175e3e0b1a4e1d3ef534fff,255c8bb9d3de303ae1b885f6858a15de63263fab05cc0d33b63dd3ecd4a59fae,753a1f2ca1674cfe5817ba2427032d076a3cde4a3497de2b979d2708a69ea14e,evaluation_workspaces/made_budget_sweep_v1/jobs/budget-final-made-5b45a11bf112cc71ad9d8641/72204adcd87b40eb87d471b676cb4d53/result.json,383a3bef0517b7a2aa9037991943348d6b03d49d69d3702ac35418cd59b31768,evaluation_workspaces/made_budget_sweep_v1/jobs/budget-final-made-5b45a11bf112cc71ad9d8641/72204adcd87b40eb87d471b676cb4d53/rpc/rpc.jsonl,bf7ce67f9cfd658527f9856674da20e21a2b2ee4033cef91a284ce4c067c547b,evaluation_workspaces/made_budget_sweep_v1/jobs/budget-final-made-5b45a11bf112cc71ad9d8641/receipt.json,per_job_receipt,bf7ce67f9cfd658527f9856674da20e21a2b2ee4033cef91a284ce4c067c547b,evaluation_workspaces/made_budget_sweep_v1/jobs/budget-final-made-5b45a11bf112cc71ad9d8641/receipt.json,a262aab6be0639ee55bb33e1a2af98325ac2f511e774c54027e653c9ba59f507,original_runner_envelope,True,False,,,fresh_original_RPC_hash_curve_counts_and_result_identity; existing_acceptance_reference_rehashed,2026-09-19T05:21:38.188817+08:00
budget-final-made-82f6c7518cee0a7d9a7c0d28,made,qwen35_4b,baseline,Eu-Nb-Sn-Tl,1,30,0,0.0,0.0,30,True,851bf6e806efd8d0a36b00ddf55e13ccb7b8cd0a,0,6a308686126804830c81a7d2a3495feda3b3a13b074b9958e0e6026759826516,9fa58a243707e148b412828cf5838eda27cdbbbb747c575fc51082d02f898811,a9a381e4c7827e362610845b5f8a2695979f44b10516b6c4d465e867a8c3dbae,evaluation_workspaces/made_budget_sweep_v1/jobs/budget-final-made-82f6c7518cee0a7d9a7c0d28/a56677aecfef4295a47477735398053b/result.json,519b72637ce8ad1d11e7d5cdf084305c0a2a2b0b2788844b40160aa21490fef6,evaluation_workspaces/made_budget_sweep_v1/jobs/budget-final-made-82f6c7518cee0a7d9a7c0d28/a56677aecfef4295a47477735398053b/rpc/rpc.jsonl,bf658302487250c217ffd9ff378d392aaf4b3f3212cd3a89b6f68c9cb4165b75,evaluation_workspaces/made_budget_sweep_v1/jobs/budget-final-made-82f6c7518cee0a7d9a7c0d28/receipt.json,per_job_receipt,bf658302487250c217ffd9ff378d392aaf4b3f3212cd3a89b6f68c9cb4165b75,evaluation_workspaces/made_budget_sweep_v1/jobs/budget-final-made-82f6c7518cee0a7d9a7c0d28/receipt.json,a262aab6be0639ee55bb33e1a2af98325ac2f511e774c54027e653c9ba59f507,original_runner_envelope,True,False,,,fresh_original_RPC_hash_curve_counts_and_result_identity; existing_acceptance_reference_rehashed,2026-09-19T05:21:38.188817+08:00
budget-final-made-43d658e0fd9b07b57a04d94a,made,qwen35_4b,esopt_graph_risk,Eu-Nb-Sn-Tl,1,30,0,0.0,0.0,30,True,851bf6e806efd8d0a36b00ddf55e13ccb7b8cd0a,2,2e5adce2a0d3785a1e1df3c41888f42eed2a23b9e175e3e0b1a4e1d3ef534fff,255c8bb9d3de303ae1b885f6858a15de63263fab05cc0d33b63dd3ecd4a59fae,d4e93d97122efaeb8db405c7e82182956c7a368f4e1e2ffd6b8faf80383052b7,evaluation_workspaces/made_budget_sweep_v1/jobs/budget-final-made-43d658e0fd9b07b57a04d94a/8d07735bffa2488c9e100b0449bb3332/result.json,e0a09820cc17533c8fe979d91e8e4170ff0fd49d403d959b95f09d734fef0617,evaluation_workspaces/made_budget_sweep_v1/jobs/budget-final-made-43d658e0fd9b07b57a04d94a/8d07735bffa2488c9e100b0449bb3332/rpc/rpc.jsonl,4c51af1626c5fd5a41d4ed1a56910104f230d56a89c7d12d63676841e9aed2f7,evaluation_workspaces/made_budget_sweep_v1/jobs/budget-final-made-43d658e0fd9b07b57a04d94a/receipt.json,per_job_receipt,4c51af1626c5fd5a41d4ed1a56910104f230d56a89c7d12d63676841e9aed2f7,evaluation_workspaces/made_budget_sweep_v1/jobs/budget-final-made-43d658e0fd9b07b57a04d94a/receipt.json,a262aab6be0639ee55bb33e1a2af98325ac2f511e774c54027e653c9ba59f507,original_runner_envelope,True,False,,,fresh_original_RPC_hash_curve_counts_and_result_identity; existing_acceptance_reference_rehashed,2026-09-19T05:21:38.188817+08:00
budget-final-made-c7271a54a71297bd6edd144f,made,qwen35_4b,baseline,Ga-Ho-Lu,1,30,10,0.4177777777777778,0.3333333333333333,30,True,851bf6e806efd8d0a36b00ddf55e13ccb7b8cd0a,0,6a308686126804830c81a7d2a3495feda3b3a13b074b9958e0e6026759826516,9fa58a243707e148b412828cf5838eda27cdbbbb747c575fc51082d02f898811,eb1ec7265e68e83f350b115881782aab23a9bfa45e8076f0dd8e5734c3206d7e,evaluation_workspaces/made_budget_sweep_v1/jobs/budget-final-made-c7271a54a71297bd6edd144f/b2d8eea90fa046a7b568392dae5c83ac/result.json,e595e1985afed966ca59c8f54646dfb5866317f45a20025f11db09398fef60fc,evaluation_workspaces/made_budget_sweep_v1/jobs/budget-final-made-c7271a54a71297bd6edd144f/b2d8eea90fa046a7b568392dae5c83ac/rpc/rpc.jsonl,63e48a5db6a3a6d6e7a4d8b7d9938fafb458ab64945eb7bfa4ce63e2fb773b83,evaluation_workspaces/made_budget_sweep_v1/jobs/budget-final-made-c7271a54a71297bd6edd144f/receipt.json,per_job_receipt,63e48a5db6a3a6d6e7a4d8b7d9938fafb458ab64945eb7bfa4ce63e2fb773b83,evaluation_workspaces/made_budget_sweep_v1/jobs/budget-final-made-c7271a54a71297bd6edd144f/receipt.json,a262aab6be0639ee55bb33e1a2af98325ac2f511e774c54027e653c9ba59f507,original_runner_envelope,True,False,,,fresh_original_RPC_hash_curve_counts_and_result_identity; existing_acceptance_reference_rehashed,2026-09-19T05:21:38.188817+08:00
budget-final-made-918bd9462b0f8ade79ece0bc,made,qwen35_4b,esopt_graph_risk,Ga-Ho-Lu,1,30,11,0.40555555555555556,0.36666666666666664,30,True,851bf6e806efd8d0a36b00ddf55e13ccb7b8cd0a,2,2e5adce2a0d3785a1e1df3c41888f42eed2a23b9e175e3e0b1a4e1d3ef534fff,255c8bb9d3de303ae1b885f6858a15de63263fab05cc0d33b63dd3ecd4a59fae,fb660b666c933f4bf1f63131617a0586bf95c18e676dcc1b141cda2a0e16c431,evaluation_workspaces/made_budget_sweep_v1/jobs/budget-final-made-918bd9462b0f8ade79ece0bc/bfac105b80ae49888c5462adf2dcb9be/result.json,1cfe200fda4eef26c30b34e5d8be4bdb568ee1c0b78ad5f001dac05e26b3ecdd,evaluation_workspaces/made_budget_sweep_v1/jobs/budget-final-made-918bd9462b0f8ade79ece0bc/bfac105b80ae49888c5462adf2dcb9be/rpc/rpc.jsonl,52245978769545e034a3b863b5110ab78841b7075e766c43317a6d7c5f4d404e,evaluation_workspaces/made_budget_sweep_v1/jobs/budget-final-made-918bd9462b0f8ade79ece0bc/receipt.json,per_job_receipt,52245978769545e034a3b863b5110ab78841b7075e766c43317a6d7c5f4d404e,evaluation_workspaces/made_budget_sweep_v1/jobs/budget-final-made-918bd9462b0f8ade79ece0bc/receipt.json,a262aab6be0639ee55bb33e1a2af98325ac2f511e774c54027e653c9ba59f507,original_runner_envelope,True,False,,,fresh_original_RPC_hash_curve_counts_and_result_identity; existing_acceptance_reference_rehashed,2026-09-19T05:21:38.188817+08:00
budget-final-made-bff71cb764d235df71da7a55,made,qwen35_4b,baseline,Ga-Pt-Tm,1,30,15,0.5855555555555556,0.5,30,True,851bf6e806efd8d0a36b00ddf55e13ccb7b8cd0a,0,6a308686126804830c81a7d2a3495feda3b3a13b074b9958e0e6026759826516,9fa58a243707e148b412828cf5838eda27cdbbbb747c575fc51082d02f898811,d4765aefe99ab15e023c2faf2e4fec9976e9569c8a0e5163ccf790ad37675a65,evaluation_workspaces/made_budget_sweep_v1/jobs/budget-final-made-bff71cb764d235df71da7a55/d74d74125790436bb28b118df979b65e/result.json,d9feb46749dd16318aae7e5d325cc4f3759bcdbf79e9f164ab9f78ca6b0ce620,evaluation_workspaces/made_budget_sweep_v1/jobs/budget-final-made-bff71cb764d235df71da7a55/d74d74125790436bb28b118df979b65e/rpc/rpc.jsonl,d1469e6905b76296043311bda1a6681850418219bc43a01da35727d37495cf73,evaluation_workspaces/made_budget_sweep_v1/jobs/budget-final-made-bff71cb764d235df71da7a55/receipt.json,per_job_receipt,d1469e6905b76296043311bda1a6681850418219bc43a01da35727d37495cf73,evaluation_workspaces/made_budget_sweep_v1/jobs/budget-final-made-bff71cb764d235df71da7a55/receipt.json,a262aab6be0639ee55bb33e1a2af98325ac2f511e774c54027e653c9ba59f507,original_runner_envelope,True,False,,,fresh_original_RPC_hash_curve_counts_and_result_identity; existing_acceptance_reference_rehashed,2026-09-19T05:21:38.188817+08:00
budget-final-made-68c87be7a3b5e0b57321e69c,made,qwen35_4b,esopt_graph_risk,Ga-Pt-Tm,1,30,10,0.46444444444444444,0.3333333333333333,30,True,851bf6e806efd8d0a36b00ddf55e13ccb7b8cd0a,2,2e5adce2a0d3785a1e1df3c41888f42eed2a23b9e175e3e0b1a4e1d3ef534fff,255c8bb9d3de303ae1b885f6858a15de63263fab05cc0d33b63dd3ecd4a59fae,ee88011ec52e3d9a0eccfa6d7920553292ff990dc5dd2a46991a84a448efb3c4,evaluation_workspaces/made_budget_sweep_v1/jobs/budget-final-made-68c87be7a3b5e0b57321e69c/52f37812d936421c9ec7ac2ae3f3fa4d/result.json,8c5dd689af375eae9a49531d5d66b4084152a7cc58fd2721bbb3bfbfb314c09e,evaluation_workspaces/made_budget_sweep_v1/jobs/budget-final-made-68c87be7a3b5e0b57321e69c/52f37812d936421c9ec7ac2ae3f3fa4d/rpc/rpc.jsonl,7e4b3e14b93f7d9b05bb57ee7b4941ed1d253174d353a3fcd707f1e733b35ad3,evaluation_workspaces/made_budget_sweep_v1/jobs/budget-final-made-68c87be7a3b5e0b57321e69c/receipt.json,per_job_receipt,7e4b3e14b93f7d9b05bb57ee7b4941ed1d253174d353a3fcd707f1e733b35ad3,evaluation_workspaces/made_budget_sweep_v1/jobs/budget-final-made-68c87be7a3b5e0b57321e69c/receipt.json,a262aab6be0639ee55bb33e1a2af98325ac2f511e774c54027e653c9ba59f507,original_runner_envelope,True,False,,,fresh_original_RPC_hash_curve_counts_and_result_identity; existing_acceptance_reference_rehashed,2026-09-19T05:21:38.188817+08:00
budget-final-made-96bc0fa4964476d79dfdca15,made,qwen35_4b,baseline,Hf-Ni-Zr,1,30,15,0.45222222222222225,0.5,30,True,851bf6e806efd8d0a36b00ddf55e13ccb7b8cd0a,0,6a308686126804830c81a7d2a3495feda3b3a13b074b9958e0e6026759826516,9fa58a243707e148b412828cf5838eda27cdbbbb747c575fc51082d02f898811,c4cc2c61c6f5b5d93b795985e37570e9574fe68b0da3c8edd1ac4d75c7bf77fd,evaluation_workspaces/made_budget_sweep_v1/jobs/budget-final-made-96bc0fa4964476d79dfdca15/e35a636d03344e4f84ef45bc63f954d3/result.json,617226be43ad74930dddb6f09b3fa641a4f34e869acb621c2007b81e89a419ff,evaluation_workspaces/made_budget_sweep_v1/jobs/budget-final-made-96bc0fa4964476d79dfdca15/e35a636d03344e4f84ef45bc63f954d3/rpc/rpc.jsonl,210c66a8963e9b67c9c97a97513550d0ce2a9ee91b8900dc7abea037edb307b8,evaluation_workspaces/made_budget_sweep_v1/jobs/budget-final-made-96bc0fa4964476d79dfdca15/receipt.json,per_job_receipt,210c66a8963e9b67c9c97a97513550d0ce2a9ee91b8900dc7abea037edb307b8,evaluation_workspaces/made_budget_sweep_v1/jobs/budget-final-made-96bc0fa4964476d79dfdca15/receipt.json,a262aab6be0639ee55bb33e1a2af98325ac2f511e774c54027e653c9ba59f507,original_runner_envelope,True,False,,,fresh_original_RPC_hash_curve_counts_and_result_identity; existing_acceptance_reference_rehashed,2026-09-19T05:21:38.188817+08:00
budget-final-made-b4bdf78cadbefaabf1c3bc2f,made,qwen35_4b,esopt_graph_risk,Hf-Ni-Zr,1,30,10,0.28,0.3333333333333333,30,True,851bf6e806efd8d0a36b00ddf55e13ccb7b8cd0a,2,2e5adce2a0d3785a1e1df3c41888f42eed2a23b9e175e3e0b1a4e1d3ef534fff,255c8bb9d3de303ae1b885f6858a15de63263fab05cc0d33b63dd3ecd4a59fae,ccb4684f4c0779bff3ad67c6004f1c0b0f9c3d9122a752e2f1a639811c1059b9,evaluation_workspaces/made_budget_sweep_v1/jobs/budget-final-made-b4bdf78cadbefaabf1c3bc2f/651de12e1e62452aa99ad2099be36c93/result.json,49ccfd40cfcfc5cee4c45ff3f6e1789f9f80b14e4e4cd0e45df1a4153632beba,evaluation_workspaces/made_budget_sweep_v1/jobs/budget-final-made-b4bdf78cadbefaabf1c3bc2f/651de12e1e62452aa99ad2099be36c93/rpc/rpc.jsonl,fcc4dfbc3fba6d2ca59e64e9654738d0cb2bfbe4c18a0b4c565072f687ef7599,evaluation_workspaces/made_budget_sweep_v1/jobs/budget-final-made-b4bdf78cadbefaabf1c3bc2f/receipt.json,per_job_receipt,fcc4dfbc3fba6d2ca59e64e9654738d0cb2bfbe4c18a0b4c565072f687ef7599,evaluation_workspaces/made_budget_sweep_v1/jobs/budget-final-made-b4bdf78cadbefaabf1c3bc2f/receipt.json,a262aab6be0639ee55bb33e1a2af98325ac2f511e774c54027e653c9ba59f507,original_runner_envelope,True,False,,,fresh_original_RPC_hash_curve_counts_and_result_identity; existing_acceptance_reference_rehashed,2026-09-19T05:21:38.188817+08:00
budget-final-made-1eb7afc5ad399f91ae53aef8,made,qwen35_4b,baseline,Ho-In-Mg-Pd-Zr,1,30,0,0.0,0.0,30,True,851bf6e806efd8d0a36b00ddf55e13ccb7b8cd0a,0,6a308686126804830c81a7d2a3495feda3b3a13b074b9958e0e6026759826516,9fa58a243707e148b412828cf5838eda27cdbbbb747c575fc51082d02f898811,e7ddeed586215172870f7525468eb61d28701c8f23579304731f9bac0cbd83e4,evaluation_workspaces/made_budget_sweep_v1/jobs/budget-final-made-1eb7afc5ad399f91ae53aef8/ea16dfac235c4c5fb982ad955b532a54/result.json,3f8ec48281b41f5e72fc19a615ea3caec50fa8de9b285234acf6b73b4a9734c7,evaluation_workspaces/made_budget_sweep_v1/jobs/budget-final-made-1eb7afc5ad399f91ae53aef8/ea16dfac235c4c5fb982ad955b532a54/rpc/rpc.jsonl,efb5c2bab3fdbe4c1624d07304ca0e0fe3aa4db53620a09f073d28101a3a09d9,evaluation_workspaces/made_budget_sweep_v1/jobs/budget-final-made-1eb7afc5ad399f91ae53aef8/receipt.json,per_job_receipt,efb5c2bab3fdbe4c1624d07304ca0e0fe3aa4db53620a09f073d28101a3a09d9,evaluation_workspaces/made_budget_sweep_v1/jobs/budget-final-made-1eb7afc5ad399f91ae53aef8/receipt.json,a262aab6be0639ee55bb33e1a2af98325ac2f511e774c54027e653c9ba59f507,original_runner_envelope,True,False,,,fresh_original_RPC_hash_curve_counts_and_result_identity; existing_acceptance_reference_rehashed,2026-09-19T05:21:38.188817+08:00
budget-final-made-350e8a392b1a3b32c99aed5a,made,qwen35_4b,esopt_graph_risk,Ho-In-Mg-Pd-Zr,1,30,0,0.0,0.0,30,True,851bf6e806efd8d0a36b00ddf55e13ccb7b8cd0a,2,2e5adce2a0d3785a1e1df3c41888f42eed2a23b9e175e3e0b1a4e1d3ef534fff,255c8bb9d3de303ae1b885f6858a15de63263fab05cc0d33b63dd3ecd4a59fae,b87cc4bd6b6c2ff5acaa2a6447ceb99399ee1c363955a2ea04ca42aab3319cd4,evaluation_workspaces/made_budget_sweep_v1/jobs/budget-final-made-350e8a392b1a3b32c99aed5a/479c35a61fb1400891f3113d4677d211/result.json,8e3e56285d49624ffebb7b26cd1978e5bc4db18caaf6cdb32d4149d8dc28b948,evaluation_workspaces/made_budget_sweep_v1/jobs/budget-final-made-350e8a392b1a3b32c99aed5a/479c35a61fb1400891f3113d4677d211/rpc/rpc.jsonl,ece4d22f332f7520ad5259f2286205e72b65a0773e330ef25d6ebe228be52a0e,evaluation_workspaces/made_budget_sweep_v1/jobs/budget-final-made-350e8a392b1a3b32c99aed5a/receipt.json,per_job_receipt,ece4d22f332f7520ad5259f2286205e72b65a0773e330ef25d6ebe228be52a0e,evaluation_workspaces/made_budget_sweep_v1/jobs/budget-final-made-350e8a392b1a3b32c99aed5a/receipt.json,a262aab6be0639ee55bb33e1a2af98325ac2f511e774c54027e653c9ba59f507,original_runner_envelope,True,False,,,fresh_original_RPC_hash_curve_counts_and_result_identity; existing_acceptance_reference_rehashed,2026-09-19T05:21:38.188817+08:00
budget-final-made-cadd08e961acf270bbe53218,made,qwen35_4b,baseline,Mg-Sn-Sr,1,30,27,0.9077777777777778,0.9,30,True,851bf6e806efd8d0a36b00ddf55e13ccb7b8cd0a,0,6a308686126804830c81a7d2a3495feda3b3a13b074b9958e0e6026759826516,9fa58a243707e148b412828cf5838eda27cdbbbb747c575fc51082d02f898811,d2f8aeb4f2490bd1ad33c309769bf976de13f3f6c81053e9a36952620a8df699,evaluation_workspaces/made_budget_sweep_v1/jobs/budget-final-made-cadd08e961acf270bbe53218/194996a6071a4f0891d580ae9db8231d/result.json,d076d3ff3dcae9f5e479a767a383749b379fd1935ec7d6cad27e48ed9b2bae12,evaluation_workspaces/made_budget_sweep_v1/jobs/budget-final-made-cadd08e961acf270bbe53218/194996a6071a4f0891d580ae9db8231d/rpc/rpc.jsonl,002e34bc12a2a6ef650984facad6b5f16ba0ef4fdb9a609b7ac2933cf5c68d5b,evaluation_workspaces/made_budget_sweep_v1/jobs/budget-final-made-cadd08e961acf270bbe53218/receipt.json,per_job_receipt,002e34bc12a2a6ef650984facad6b5f16ba0ef4fdb9a609b7ac2933cf5c68d5b,evaluation_workspaces/made_budget_sweep_v1/jobs/budget-final-made-cadd08e961acf270bbe53218/receipt.json,a262aab6be0639ee55bb33e1a2af98325ac2f511e774c54027e653c9ba59f507,original_runner_envelope,True,False,,,fresh_original_RPC_hash_curve_counts_and_result_identity; existing_acceptance_reference_rehashed,2026-09-19T05:21:38.188817+08:00
budget-final-made-d8dd53ba40cb0e54b6ca1e92,made,qwen35_4b,esopt_graph_risk,Mg-Sn-Sr,1,30,15,0.5255555555555556,0.5,30,True,851bf6e806efd8d0a36b00ddf55e13ccb7b8cd0a,2,2e5adce2a0d3785a1e1df3c41888f42eed2a23b9e175e3e0b1a4e1d3ef534fff,255c8bb9d3de303ae1b885f6858a15de63263fab05cc0d33b63dd3ecd4a59fae,d964d50731e352b98aebaae7159e1cbb29ab815213b442ce3fdc960e7c4fc6c0,evaluation_workspaces/made_budget_sweep_v1/jobs/budget-final-made-d8dd53ba40cb0e54b6ca1e92/23070aae2db1494891af556705a2d500/result.json,f21de34840e6c540e36cf434f37702c902d9c93d36adf4d8ff7135b933a3a1a3,evaluation_workspaces/made_budget_sweep_v1/jobs/budget-final-made-d8dd53ba40cb0e54b6ca1e92/23070aae2db1494891af556705a2d500/rpc/rpc.jsonl,92bd0f0f3c4272f27f34c7bf784a24738efea6a870c75b641668b82f0fdf024d,evaluation_workspaces/made_budget_sweep_v1/jobs/budget-final-made-d8dd53ba40cb0e54b6ca1e92/receipt.json,per_job_receipt,92bd0f0f3c4272f27f34c7bf784a24738efea6a870c75b641668b82f0fdf024d,evaluation_workspaces/made_budget_sweep_v1/jobs/budget-final-made-d8dd53ba40cb0e54b6ca1e92/receipt.json,a262aab6be0639ee55bb33e1a2af98325ac2f511e774c54027e653c9ba59f507,original_runner_envelope,True,False,,,fresh_original_RPC_hash_curve_counts_and_result_identity; existing_acceptance_reference_rehashed,2026-09-19T05:21:38.188817+08:00
budget-final-made-553278be5f273fb812e92e50,made,qwen35_4b,baseline,Ag-Nd-Pd-Pt-Tb,1,50,10,0.1856,0.2,50,True,851bf6e806efd8d0a36b00ddf55e13ccb7b8cd0a,0,6a308686126804830c81a7d2a3495feda3b3a13b074b9958e0e6026759826516,9fa58a243707e148b412828cf5838eda27cdbbbb747c575fc51082d02f898811,87825730e9e7fe5661e42318441b84da1bcec640d4617961965f9753e0ee9e73,evaluation_workspaces/made_budget_sweep_v1/jobs/budget-final-made-553278be5f273fb812e92e50/6511d17f6b604376a733b8be65e02ab4/result.json,63f9f81dd0449cea4e4d2abfcd8dd85ba6f34bdff469b7a2d7f4fbe1c38c13b6,evaluation_workspaces/made_budget_sweep_v1/jobs/budget-final-made-553278be5f273fb812e92e50/6511d17f6b604376a733b8be65e02ab4/rpc/rpc.jsonl,4d8e94d4380587b2d30025208b0301d056657a344c1214a53227f3b41bcd025c,evaluation_workspaces/made_budget_sweep_v1/jobs/budget-final-made-553278be5f273fb812e92e50/receipt.json,per_job_receipt,4d8e94d4380587b2d30025208b0301d056657a344c1214a53227f3b41bcd025c,evaluation_workspaces/made_budget_sweep_v1/jobs/budget-final-made-553278be5f273fb812e92e50/receipt.json,a262aab6be0639ee55bb33e1a2af98325ac2f511e774c54027e653c9ba59f507,original_runner_envelope,True,False,,,fresh_original_RPC_hash_curve_counts_and_result_identity; existing_acceptance_reference_rehashed,2026-09-19T05:21:38.188817+08:00
budget-final-made-a3a3592adc44012eb5ddeb3a,made,qwen35_4b,esopt_graph_risk,Ag-Nd-Pd-Pt-Tb,1,50,19,0.2964,0.38,50,True,851bf6e806efd8d0a36b00ddf55e13ccb7b8cd0a,2,2e5adce2a0d3785a1e1df3c41888f42eed2a23b9e175e3e0b1a4e1d3ef534fff,255c8bb9d3de303ae1b885f6858a15de63263fab05cc0d33b63dd3ecd4a59fae,33216eb21e833987b2456795e76e153cb9f31441c9e9360ab5bef21d17b4fcc3,evaluation_workspaces/made_budget_sweep_v1/jobs/budget-final-made-a3a3592adc44012eb5ddeb3a/b88e0ad4ae7b4e74aab2f1b0565a3b29/result.json,39eed076d398e0c437899c28545a37ac90df4582f49d0030e11d3dcb1604e6d9,evaluation_workspaces/made_budget_sweep_v1/jobs/budget-final-made-a3a3592adc44012eb5ddeb3a/b88e0ad4ae7b4e74aab2f1b0565a3b29/rpc/rpc.jsonl,45d8ac6c6712e510692bedf6fcabde5f5f9cc210da374174381044962fd5df88,evaluation_workspaces/made_budget_sweep_v1/jobs/budget-final-made-a3a3592adc44012eb5ddeb3a/receipt.json,per_job_receipt,45d8ac6c6712e510692bedf6fcabde5f5f9cc210da374174381044962fd5df88,evaluation_workspaces/made_budget_sweep_v1/jobs/budget-final-made-a3a3592adc44012eb5ddeb3a/receipt.json,a262aab6be0639ee55bb33e1a2af98325ac2f511e774c54027e653c9ba59f507,original_runner_envelope,True,False,,,fresh_original_RPC_hash_curve_counts_and_result_identity; existing_acceptance_reference_rehashed,2026-09-19T05:21:38.188817+08:00
budget-final-made-a13f09c144491aaf6c5ae670,made,qwen35_4b,baseline,Al-Hg-K-Mg-W,1,50,0,0.0,0.0,50,True,851bf6e806efd8d0a36b00ddf55e13ccb7b8cd0a,0,6a308686126804830c81a7d2a3495feda3b3a13b074b9958e0e6026759826516,9fa58a243707e148b412828cf5838eda27cdbbbb747c575fc51082d02f898811,dbae1ff9dc448854170a98c2a20a54e64df8b520d934820a215901c8f2889f74,evaluation_workspaces/made_budget_sweep_v1/jobs/budget-final-made-a13f09c144491aaf6c5ae670/992818b2259c474196ee0bd4a7c78afd/result.json,89aae024ba55f0fcc5f676df126065a0443879313d117d0eea5de35f47495dab,evaluation_workspaces/made_budget_sweep_v1/jobs/budget-final-made-a13f09c144491aaf6c5ae670/992818b2259c474196ee0bd4a7c78afd/rpc/rpc.jsonl,0cbeda41075aabc16fdad78e335ce5e4a0ae7802517f80e7ea489a461215240a,evaluation_workspaces/made_budget_sweep_v1/jobs/budget-final-made-a13f09c144491aaf6c5ae670/receipt.json,per_job_receipt,0cbeda41075aabc16fdad78e335ce5e4a0ae7802517f80e7ea489a461215240a,evaluation_workspaces/made_budget_sweep_v1/jobs/budget-final-made-a13f09c144491aaf6c5ae670/receipt.json,a262aab6be0639ee55bb33e1a2af98325ac2f511e774c54027e653c9ba59f507,original_runner_envelope,True,False,,,fresh_original_RPC_hash_curve_counts_and_result_identity; existing_acceptance_reference_rehashed,2026-09-19T05:21:38.188817+08:00
budget-final-made-e621dd32dab37ee731ce4f9a,made,qwen35_4b,esopt_graph_risk,Al-Hg-K-Mg-W,1,50,0,0.0,0.0,50,True,851bf6e806efd8d0a36b00ddf55e13ccb7b8cd0a,2,2e5adce2a0d3785a1e1df3c41888f42eed2a23b9e175e3e0b1a4e1d3ef534fff,255c8bb9d3de303ae1b885f6858a15de63263fab05cc0d33b63dd3ecd4a59fae,8c66ed909106985ac254f03fb2df3e50914132ac13412c290789153d239ddfac,evaluation_workspaces/made_budget_sweep_v1/jobs/budget-final-made-e621dd32dab37ee731ce4f9a/f5b4e6f3a8a74e9cac4251da5897b41e/result.json,2bd40595abed4c9410de8fcf1156e12154ccf5546458e39caaf38c19ae2c9b56,evaluation_workspaces/made_budget_sweep_v1/jobs/budget-final-made-e621dd32dab37ee731ce4f9a/f5b4e6f3a8a74e9cac4251da5897b41e/rpc/rpc.jsonl,3e078ee6acefaf7b8e38861cea51aebafc375df9061d9510676843f2790be933,evaluation_workspaces/made_budget_sweep_v1/jobs/budget-final-made-e621dd32dab37ee731ce4f9a/receipt.json,per_job_receipt,3e078ee6acefaf7b8e38861cea51aebafc375df9061d9510676843f2790be933,evaluation_workspaces/made_budget_sweep_v1/jobs/budget-final-made-e621dd32dab37ee731ce4f9a/receipt.json,a262aab6be0639ee55bb33e1a2af98325ac2f511e774c54027e653c9ba59f507,original_runner_envelope,True,False,,,fresh_original_RPC_hash_curve_counts_and_result_identity; existing_acceptance_reference_rehashed,2026-09-19T05:21:38.188817+08:00
budget-final-made-6d233e5c4026401bfeed1cb5,made,qwen35_4b,baseline,Al-Li-V,1,50,22,0.4776,0.44,50,True,851bf6e806efd8d0a36b00ddf55e13ccb7b8cd0a,0,6a308686126804830c81a7d2a3495feda3b3a13b074b9958e0e6026759826516,9fa58a243707e148b412828cf5838eda27cdbbbb747c575fc51082d02f898811,3b4d343fc0c82485692485f95594e139c2e736947ce2bf2412d170cffe024282,evaluation_workspaces/made_budget_sweep_v1/jobs/budget-final-made-6d233e5c4026401bfeed1cb5/12d1d1c644c946bda4b2dbd49fb8a220/result.json,06bf5c91d0bfc7bbf7aa134fc2279c5fff5ac1c643be36ae250abfa792be76e1,evaluation_workspaces/made_budget_sweep_v1/jobs/budget-final-made-6d233e5c4026401bfeed1cb5/12d1d1c644c946bda4b2dbd49fb8a220/rpc/rpc.jsonl,f5499b1e901d792907cf31423292c2e3d0f93132db091f2e6b28f8aab6c6bf1e,evaluation_workspaces/made_budget_sweep_v1/jobs/budget-final-made-6d233e5c4026401bfeed1cb5/receipt.json,per_job_receipt,f5499b1e901d792907cf31423292c2e3d0f93132db091f2e6b28f8aab6c6bf1e,evaluation_workspaces/made_budget_sweep_v1/jobs/budget-final-made-6d233e5c4026401bfeed1cb5/receipt.json,a262aab6be0639ee55bb33e1a2af98325ac2f511e774c54027e653c9ba59f507,original_runner_envelope,True,False,,,fresh_original_RPC_hash_curve_counts_and_result_identity; existing_acceptance_reference_rehashed,2026-09-19T05:21:38.188817+08:00
budget-final-made-eb1a75750247f9ba7198b375,made,qwen35_4b,esopt_graph_risk,Al-Li-V,1,50,3,0.0844,0.06,50,True,851bf6e806efd8d0a36b00ddf55e13ccb7b8cd0a,2,2e5adce2a0d3785a1e1df3c41888f42eed2a23b9e175e3e0b1a4e1d3ef534fff,255c8bb9d3de303ae1b885f6858a15de63263fab05cc0d33b63dd3ecd4a59fae,5fb174448f2613064339457e83202959201507ba2be260b448c7e8900ec68d1b,evaluation_workspaces/made_budget_sweep_v1/jobs/budget-final-made-eb1a75750247f9ba7198b375/6fc7eefd3e5f4cc58e1f421ed1fced8a/result.json,b7cca884c602ddd25fb35098771bb2b638113b1ede20ccfd59863504abd1b1d5,evaluation_workspaces/made_budget_sweep_v1/jobs/budget-final-made-eb1a75750247f9ba7198b375/6fc7eefd3e5f4cc58e1f421ed1fced8a/rpc/rpc.jsonl,0631c5203cd929089240db537b1dddf9755738758e36847e3b7e856f3168e645,evaluation_workspaces/made_budget_sweep_v1/jobs/budget-final-made-eb1a75750247f9ba7198b375/receipt.json,per_job_receipt,0631c5203cd929089240db537b1dddf9755738758e36847e3b7e856f3168e645,evaluation_workspaces/made_budget_sweep_v1/jobs/budget-final-made-eb1a75750247f9ba7198b375/receipt.json,a262aab6be0639ee55bb33e1a2af98325ac2f511e774c54027e653c9ba59f507,original_runner_envelope,True,False,,,fresh_original_RPC_hash_curve_counts_and_result_identity; existing_acceptance_reference_rehashed,2026-09-19T05:21:38.188817+08:00
budget-final-made-56691d215b7bf0d1fb39ac0e,made,qwen35_4b,baseline,Al-Lu-Pt-Rb-Sm,1,50,0,0.0,0.0,50,True,851bf6e806efd8d0a36b00ddf55e13ccb7b8cd0a,0,6a308686126804830c81a7d2a3495feda3b3a13b074b9958e0e6026759826516,9fa58a243707e148b412828cf5838eda27cdbbbb747c575fc51082d02f898811,84f0cb848442d63d9be861ad4e48468c49840884cd680ccc109b02c1b8807e38,evaluation_workspaces/made_budget_sweep_v1/jobs/budget-final-made-56691d215b7bf0d1fb39ac0e/fd1628c1901f45e88832b4c0fa5e49e9/result.json,5da0c94e5fbdec0a3e4d0ef7313b55b2c9298bdaa2883ca250d304d2b0968f05,evaluation_workspaces/made_budget_sweep_v1/jobs/budget-final-made-56691d215b7bf0d1fb39ac0e/fd1628c1901f45e88832b4c0fa5e49e9/rpc/rpc.jsonl,1baf5d2751f6469a773d96ddae85183589d34b1036a5bc1f328f78a7647c9af1,evaluation_workspaces/made_budget_sweep_v1/jobs/budget-final-made-56691d215b7bf0d1fb39ac0e/receipt.json,per_job_receipt,1baf5d2751f6469a773d96ddae85183589d34b1036a5bc1f328f78a7647c9af1,evaluation_workspaces/made_budget_sweep_v1/jobs/budget-final-made-56691d215b7bf0d1fb39ac0e/receipt.json,a262aab6be0639ee55bb33e1a2af98325ac2f511e774c54027e653c9ba59f507,original_runner_envelope,True,False,,,fresh_original_RPC_hash_curve_counts_and_result_identity; existing_acceptance_reference_rehashed,2026-09-19T05:21:38.188817+08:00
budget-final-made-187861cee7674983bd8790b2,made,qwen35_4b,esopt_graph_risk,Al-Lu-Pt-Rb-Sm,1,50,3,0.1148,0.06,50,True,851bf6e806efd8d0a36b00ddf55e13ccb7b8cd0a,2,2e5adce2a0d3785a1e1df3c41888f42eed2a23b9e175e3e0b1a4e1d3ef534fff,255c8bb9d3de303ae1b885f6858a15de63263fab05cc0d33b63dd3ecd4a59fae,d7335f31b1525562fd5172bdf0bac0fb04251ee97b893c7a81608b3e99a53807,evaluation_workspaces/made_budget_sweep_v1/jobs/budget-final-made-187861cee7674983bd8790b2/8d377cdf6e2a428ea8cd39d7986c6585/result.json,b9400d46be844523f44989f9c209b5231a92cc7b4d7dd3ab0a9621e8f01f4ceb,evaluation_workspaces/made_budget_sweep_v1/jobs/budget-final-made-187861cee7674983bd8790b2/8d377cdf6e2a428ea8cd39d7986c6585/rpc/rpc.jsonl,f1d6179b34f2aea75cee299f399a0fb4d498b2a621d7b70156c7025f17f14206,evaluation_workspaces/made_budget_sweep_v1/jobs/budget-final-made-187861cee7674983bd8790b2/receipt.json,per_job_receipt,f1d6179b34f2aea75cee299f399a0fb4d498b2a621d7b70156c7025f17f14206,evaluation_workspaces/made_budget_sweep_v1/jobs/budget-final-made-187861cee7674983bd8790b2/receipt.json,a262aab6be0639ee55bb33e1a2af98325ac2f511e774c54027e653c9ba59f507,original_runner_envelope,True,False,,,fresh_original_RPC_hash_curve_counts_and_result_identity; existing_acceptance_reference_rehashed,2026-09-19T05:21:38.188817+08:00
budget-final-made-ea0a4f6b50bab082d34b533f,made,qwen35_4b,baseline,Al-V-Zn,1,50,22,0.5,0.44,50,True,851bf6e806efd8d0a36b00ddf55e13ccb7b8cd0a,0,6a308686126804830c81a7d2a3495feda3b3a13b074b9958e0e6026759826516,9fa58a243707e148b412828cf5838eda27cdbbbb747c575fc51082d02f898811,9e228d69004fed701f4dbc2b6378c1b65ca65a685ac64a42f98a811067d4768a,evaluation_workspaces/made_budget_sweep_v1/jobs/budget-final-made-ea0a4f6b50bab082d34b533f/7084295f5b8440cf9b8247b7205fd850/result.json,e997d6d3fa1e29d34f814b0507ba138decc705a2512b56d74d7345cdfdd6a23d,evaluation_workspaces/made_budget_sweep_v1/jobs/budget-final-made-ea0a4f6b50bab082d34b533f/7084295f5b8440cf9b8247b7205fd850/rpc/rpc.jsonl,3c140542f01bbd581233d4ce3c67f36252cd3df15ce1c5d7618521218e1b6c33,evaluation_workspaces/made_budget_sweep_v1/jobs/budget-final-made-ea0a4f6b50bab082d34b533f/receipt.json,per_job_receipt,3c140542f01bbd581233d4ce3c67f36252cd3df15ce1c5d7618521218e1b6c33,evaluation_workspaces/made_budget_sweep_v1/jobs/budget-final-made-ea0a4f6b50bab082d34b533f/receipt.json,a262aab6be0639ee55bb33e1a2af98325ac2f511e774c54027e653c9ba59f507,original_runner_envelope,True,False,,,fresh_original_RPC_hash_curve_counts_and_result_identity; existing_acceptance_reference_rehashed,2026-09-19T05:21:38.188817+08:00
budget-final-made-8aea41d2e366c782ee520a2b,made,qwen35_4b,esopt_graph_risk,Al-V-Zn,1,50,17,0.394,0.34,50,True,851bf6e806efd8d0a36b00ddf55e13ccb7b8cd0a,2,2e5adce2a0d3785a1e1df3c41888f42eed2a23b9e175e3e0b1a4e1d3ef534fff,255c8bb9d3de303ae1b885f6858a15de63263fab05cc0d33b63dd3ecd4a59fae,e5b28c7594b887000686903bcf7bdf90a59c24472810f2c34fb55565846d1718,evaluation_workspaces/made_budget_sweep_v1/jobs/budget-final-made-8aea41d2e366c782ee520a2b/69677fc12db84da6a5e3d99de0dfa1ed/result.json,424f45ef8df64c7fca29f52c2dabb264aa45b27b71ede2c2e7dc957b2a3a53b0,evaluation_workspaces/made_budget_sweep_v1/jobs/budget-final-made-8aea41d2e366c782ee520a2b/69677fc12db84da6a5e3d99de0dfa1ed/rpc/rpc.jsonl,d5b246609066ffb44a79b9e8e3b5e6616d8ea26b4ac53b8f12c28e0438cbed5d,evaluation_workspaces/made_budget_sweep_v1/jobs/budget-final-made-8aea41d2e366c782ee520a2b/receipt.json,per_job_receipt,d5b246609066ffb44a79b9e8e3b5e6616d8ea26b4ac53b8f12c28e0438cbed5d,evaluation_workspaces/made_budget_sweep_v1/jobs/budget-final-made-8aea41d2e366c782ee520a2b/receipt.json,a262aab6be0639ee55bb33e1a2af98325ac2f511e774c54027e653c9ba59f507,original_runner_envelope,True,False,,,fresh_original_RPC_hash_curve_counts_and_result_identity; existing_acceptance_reference_rehashed,2026-09-19T05:21:38.188817+08:00
budget-final-made-97d1fb7e98d5309331d50d42,made,qwen35_4b,baseline,Au-Cr-Cs-Dy,1,50,14,0.1224,0.28,50,True,851bf6e806efd8d0a36b00ddf55e13ccb7b8cd0a,0,6a308686126804830c81a7d2a3495feda3b3a13b074b9958e0e6026759826516,9fa58a243707e148b412828cf5838eda27cdbbbb747c575fc51082d02f898811,a9f4fcec43c4c22380d27015e6338a0d727b55703ca7f1f680e9cf790ebc3c6c,evaluation_workspaces/made_budget_sweep_v1/jobs/budget-final-made-97d1fb7e98d5309331d50d42/a536c5952a984bccab9f5af7a2e4fc79/result.json,891fa54eecc0f9ef9029caa65af3b5134476cd6b0b686bc1e57cc06b15b4f42c,evaluation_workspaces/made_budget_sweep_v1/jobs/budget-final-made-97d1fb7e98d5309331d50d42/a536c5952a984bccab9f5af7a2e4fc79/rpc/rpc.jsonl,3e3578caf024ecfcc224e37ad83dbb737052acd7e183e0e906e39e2aedf1ecf1,evaluation_workspaces/made_budget_sweep_v1/jobs/budget-final-made-97d1fb7e98d5309331d50d42/receipt.json,per_job_receipt,3e3578caf024ecfcc224e37ad83dbb737052acd7e183e0e906e39e2aedf1ecf1,evaluation_workspaces/made_budget_sweep_v1/jobs/budget-final-made-97d1fb7e98d5309331d50d42/receipt.json,a262aab6be0639ee55bb33e1a2af98325ac2f511e774c54027e653c9ba59f507,original_runner_envelope,True,False,,,fresh_original_RPC_hash_curve_counts_and_result_identity; existing_acceptance_reference_rehashed,2026-09-19T05:21:38.188817+08:00
budget-final-made-8ca7d92576ad4c90ccffa3d0,made,qwen35_4b,esopt_graph_risk,Au-Cr-Cs-Dy,1,50,0,0.0,0.0,50,True,851bf6e806efd8d0a36b00ddf55e13ccb7b8cd0a,2,2e5adce2a0d3785a1e1df3c41888f42eed2a23b9e175e3e0b1a4e1d3ef534fff,255c8bb9d3de303ae1b885f6858a15de63263fab05cc0d33b63dd3ecd4a59fae,d4faf89f1cb20f46ff2a6b0cf633001148cf9d38395efa263cf3abba517033fe,evaluation_workspaces/made_budget_sweep_v1/jobs/budget-final-made-8ca7d92576ad4c90ccffa3d0/dcc76bb5d9c6452c947706cd6921f5d4/result.json,e6c09eea674918d6b1f438331d39f6c5ec46c369514e812a1b38db762d0f4d5a,evaluation_workspaces/made_budget_sweep_v1/jobs/budget-final-made-8ca7d92576ad4c90ccffa3d0/dcc76bb5d9c6452c947706cd6921f5d4/rpc/rpc.jsonl,165495e775b6934649699d98ad5e3d83037ca5f9eb020b7d402ebe3da23ca23b,evaluation_workspaces/made_budget_sweep_v1/jobs/budget-final-made-8ca7d92576ad4c90ccffa3d0/receipt.json,per_job_receipt,165495e775b6934649699d98ad5e3d83037ca5f9eb020b7d402ebe3da23ca23b,evaluation_workspaces/made_budget_sweep_v1/jobs/budget-final-made-8ca7d92576ad4c90ccffa3d0/receipt.json,a262aab6be0639ee55bb33e1a2af98325ac2f511e774c54027e653c9ba59f507,original_runner_envelope,True,False,,,fresh_original_RPC_hash_curve_counts_and_result_identity; existing_acceptance_reference_rehashed,2026-09-19T05:21:38.188817+08:00
budget-final-made-bf45d389db6c5a3804655cb7,made,qwen35_4b,baseline,Au-K-Tb,1,50,8,0.1464,0.16,50,True,851bf6e806efd8d0a36b00ddf55e13ccb7b8cd0a,0,6a308686126804830c81a7d2a3495feda3b3a13b074b9958e0e6026759826516,9fa58a243707e148b412828cf5838eda27cdbbbb747c575fc51082d02f898811,be99a88054e9dcd56d50ac07d51cb0aa4c5cd7ca26c9910e2a6c29de49413956,evaluation_workspaces/made_budget_sweep_v1/jobs/budget-final-made-bf45d389db6c5a3804655cb7/fc77574dcd45446da805f9114087c8e9/result.json,91f367f2692550da3d28ccada504fab19bfa40a325e536b1bb8dc41d0442cefe,evaluation_workspaces/made_budget_sweep_v1/jobs/budget-final-made-bf45d389db6c5a3804655cb7/fc77574dcd45446da805f9114087c8e9/rpc/rpc.jsonl,8f3ad4b4765cfae12e45b1278da10f0356c2a623312cae20f50af71a363feba1,evaluation_workspaces/made_budget_sweep_v1/jobs/budget-final-made-bf45d389db6c5a3804655cb7/receipt.json,per_job_receipt,8f3ad4b4765cfae12e45b1278da10f0356c2a623312cae20f50af71a363feba1,evaluation_workspaces/made_budget_sweep_v1/jobs/budget-final-made-bf45d389db6c5a3804655cb7/receipt.json,a262aab6be0639ee55bb33e1a2af98325ac2f511e774c54027e653c9ba59f507,original_runner_envelope,True,False,,,fresh_original_RPC_hash_curve_counts_and_result_identity; existing_acceptance_reference_rehashed,2026-09-19T05:21:38.188817+08:00
budget-final-made-8c995b568fd183ae5f7c6b0a,made,qwen35_4b,esopt_graph_risk,Au-K-Tb,1,50,2,0.0136,0.04,50,True,851bf6e806efd8d0a36b00ddf55e13ccb7b8cd0a,2,2e5adce2a0d3785a1e1df3c41888f42eed2a23b9e175e3e0b1a4e1d3ef534fff,255c8bb9d3de303ae1b885f6858a15de63263fab05cc0d33b63dd3ecd4a59fae,5fa13abc3b5d32798347ab367685acd4d205e88a4a625b26ef3b1e188b9fa42d,evaluation_workspaces/made_budget_sweep_v1/jobs/budget-final-made-8c995b568fd183ae5f7c6b0a/97a9596ca7b547b68251f6f3b0add9c8/result.json,28d1a8a544ef4415c0472d9e8884d7d9c9c945a919e68d292edcd915e7960f65,evaluation_workspaces/made_budget_sweep_v1/jobs/budget-final-made-8c995b568fd183ae5f7c6b0a/97a9596ca7b547b68251f6f3b0add9c8/rpc/rpc.jsonl,0edfef1d741a9a1b27f2a2cf047a325e5f501bcc922aab80820dd0fb910bf959,evaluation_workspaces/made_budget_sweep_v1/jobs/budget-final-made-8c995b568fd183ae5f7c6b0a/receipt.json,per_job_receipt,0edfef1d741a9a1b27f2a2cf047a325e5f501bcc922aab80820dd0fb910bf959,evaluation_workspaces/made_budget_sweep_v1/jobs/budget-final-made-8c995b568fd183ae5f7c6b0a/receipt.json,a262aab6be0639ee55bb33e1a2af98325ac2f511e774c54027e653c9ba59f507,original_runner_envelope,True,False,,,fresh_original_RPC_hash_curve_counts_and_result_identity; existing_acceptance_reference_rehashed,2026-09-19T05:21:38.188817+08:00
budget-final-made-99ac8ae0e79f60c5b9a3d6ac,made,qwen35_4b,baseline,Au-Tb-V-Y,1,50,0,0.0,0.0,50,True,851bf6e806efd8d0a36b00ddf55e13ccb7b8cd0a,0,6a308686126804830c81a7d2a3495feda3b3a13b074b9958e0e6026759826516,9fa58a243707e148b412828cf5838eda27cdbbbb747c575fc51082d02f898811,c5f64b198e493e31637630aa4b0b9d6b5749933273339cf41897a5e4b1eaa4d0,evaluation_workspaces/made_budget_sweep_v1/jobs/budget-final-made-99ac8ae0e79f60c5b9a3d6ac/2e15ed1ea4384bac86854d2e59ae72e2/result.json,4bd9afdcf38776cd803e61f8aa7d76cd7529924d5c552ccd5742528552313c85,evaluation_workspaces/made_budget_sweep_v1/jobs/budget-final-made-99ac8ae0e79f60c5b9a3d6ac/2e15ed1ea4384bac86854d2e59ae72e2/rpc/rpc.jsonl,8b61bdf14df8cc394631cfa5cf2c7d37819dfee96947063cda49b49ebe93928d,evaluation_workspaces/made_budget_sweep_v1/jobs/budget-final-made-99ac8ae0e79f60c5b9a3d6ac/receipt.json,per_job_receipt,8b61bdf14df8cc394631cfa5cf2c7d37819dfee96947063cda49b49ebe93928d,evaluation_workspaces/made_budget_sweep_v1/jobs/budget-final-made-99ac8ae0e79f60c5b9a3d6ac/receipt.json,a262aab6be0639ee55bb33e1a2af98325ac2f511e774c54027e653c9ba59f507,original_runner_envelope,True,False,,,fresh_original_RPC_hash_curve_counts_and_result_identity; existing_acceptance_reference_rehashed,2026-09-19T05:21:38.188817+08:00
budget-final-made-371f12d508cc3c279aba7dd8,made,qwen35_4b,esopt_graph_risk,Au-Tb-V-Y,1,50,0,0.0,0.0,50,True,851bf6e806efd8d0a36b00ddf55e13ccb7b8cd0a,2,2e5adce2a0d3785a1e1df3c41888f42eed2a23b9e175e3e0b1a4e1d3ef534fff,255c8bb9d3de303ae1b885f6858a15de63263fab05cc0d33b63dd3ecd4a59fae,a2bf79863144f0c9468cf233fcbb03b5c2d2f78f25617d8eef47d94ddfa562f2,evaluation_workspaces/made_budget_sweep_v1/jobs/budget-final-made-371f12d508cc3c279aba7dd8/6d570d86913d4354bb11282af51229b4/result.json,1b38f15255b9cde51ac2a6b14c5da1af9a80486f210b6d9e8d57bd0931340551,evaluation_workspaces/made_budget_sweep_v1/jobs/budget-final-made-371f12d508cc3c279aba7dd8/6d570d86913d4354bb11282af51229b4/rpc/rpc.jsonl,d5dfb5180c9c53088bb6075970be6f29a69916ac577c7288069e453280470844,evaluation_workspaces/made_budget_sweep_v1/jobs/budget-final-made-371f12d508cc3c279aba7dd8/receipt.json,per_job_receipt,d5dfb5180c9c53088bb6075970be6f29a69916ac577c7288069e453280470844,evaluation_workspaces/made_budget_sweep_v1/jobs/budget-final-made-371f12d508cc3c279aba7dd8/receipt.json,a262aab6be0639ee55bb33e1a2af98325ac2f511e774c54027e653c9ba59f507,original_runner_envelope,True,False,,,fresh_original_RPC_hash_curve_counts_and_result_identity; existing_acceptance_reference_rehashed,2026-09-19T05:21:38.188817+08:00
budget-final-made-b21b1bfa763e702ada5d4f06,made,qwen35_4b,baseline,Ba-Be-Hf-Li,1,50,0,0.0,0.0,50,True,851bf6e806efd8d0a36b00ddf55e13ccb7b8cd0a,0,6a308686126804830c81a7d2a3495feda3b3a13b074b9958e0e6026759826516,9fa58a243707e148b412828cf5838eda27cdbbbb747c575fc51082d02f898811,23a5d4a192dc40313fa83ed2092ac766a6e7665a37b0d5e4302e38ea1f0fab3e,evaluation_workspaces/made_budget_sweep_v1/jobs/budget-final-made-b21b1bfa763e702ada5d4f06/4348f76677634f7c9eaaa72927edbdb4/result.json,2d2c954766979d6468548d3cfe4870bafba72d024b3b3037a44efe6de060db2a,evaluation_workspaces/made_budget_sweep_v1/jobs/budget-final-made-b21b1bfa763e702ada5d4f06/4348f76677634f7c9eaaa72927edbdb4/rpc/rpc.jsonl,3df1d4e50d6d11a55b59580fdf0ef87d20991d3a1748174e491bbf7b68574710,evaluation_workspaces/made_budget_sweep_v1/jobs/budget-final-made-b21b1bfa763e702ada5d4f06/receipt.json,per_job_receipt,3df1d4e50d6d11a55b59580fdf0ef87d20991d3a1748174e491bbf7b68574710,evaluation_workspaces/made_budget_sweep_v1/jobs/budget-final-made-b21b1bfa763e702ada5d4f06/receipt.json,a262aab6be0639ee55bb33e1a2af98325ac2f511e774c54027e653c9ba59f507,original_runner_envelope,True,False,,,fresh_original_RPC_hash_curve_counts_and_result_identity; existing_acceptance_reference_rehashed,2026-09-19T05:21:38.188817+08:00
budget-final-made-0a553a8fca3b3c1b6a1c0a7a,made,qwen35_4b,esopt_graph_risk,Ba-Be-Hf-Li,1,50,0,0.0,0.0,50,True,851bf6e806efd8d0a36b00ddf55e13ccb7b8cd0a,2,2e5adce2a0d3785a1e1df3c41888f42eed2a23b9e175e3e0b1a4e1d3ef534fff,255c8bb9d3de303ae1b885f6858a15de63263fab05cc0d33b63dd3ecd4a59fae,434d4ed6d8737ffd09c37005fc43c7ee6331114832e2d2dc1d7605e7885d6a37,evaluation_workspaces/made_budget_sweep_v1/jobs/budget-final-made-0a553a8fca3b3c1b6a1c0a7a/5a38fb6a1da942c492f248cb51275d29/result.json,36f998aab5ba1180d92acccbf9bb977912809ed6736f45c9cae0e3dc339a2c23,evaluation_workspaces/made_budget_sweep_v1/jobs/budget-final-made-0a553a8fca3b3c1b6a1c0a7a/5a38fb6a1da942c492f248cb51275d29/rpc/rpc.jsonl,c4a45262f5eaa22a192c376feb7b5983c595d32bfd8a6294160dc6efbb6d17ef,evaluation_workspaces/made_budget_sweep_v1/jobs/budget-final-made-0a553a8fca3b3c1b6a1c0a7a/receipt.json,per_job_receipt,c4a45262f5eaa22a192c376feb7b5983c595d32bfd8a6294160dc6efbb6d17ef,evaluation_workspaces/made_budget_sweep_v1/jobs/budget-final-made-0a553a8fca3b3c1b6a1c0a7a/receipt.json,a262aab6be0639ee55bb33e1a2af98325ac2f511e774c54027e653c9ba59f507,original_runner_envelope,True,False,,,fresh_original_RPC_hash_curve_counts_and_result_identity; existing_acceptance_reference_rehashed,2026-09-19T05:21:38.188817+08:00
budget-final-made-27b340ac02680a520001fad4,made,qwen35_4b,baseline,Ba-Nd-Ni-W,1,50,0,0.0,0.0,50,True,851bf6e806efd8d0a36b00ddf55e13ccb7b8cd0a,0,6a308686126804830c81a7d2a3495feda3b3a13b074b9958e0e6026759826516,9fa58a243707e148b412828cf5838eda27cdbbbb747c575fc51082d02f898811,2b0cd02b58e99e5f3b17c8ef2eeac8c813f8bad168b8a635b43a2d6207a22185,evaluation_workspaces/made_budget_sweep_v1/jobs/budget-final-made-27b340ac02680a520001fad4/813cc89abebc4b08b202c23ab89da1ae/result.json,19d87b6f5fc196d90563beccc51d31568844ce2e14aec8b03208ff890ea17c32,evaluation_workspaces/made_budget_sweep_v1/jobs/budget-final-made-27b340ac02680a520001fad4/813cc89abebc4b08b202c23ab89da1ae/rpc/rpc.jsonl,761249e376b0eacbfb932e40aa3f36732969d70f2d51f7730b3d405605324c57,evaluation_workspaces/made_budget_sweep_v1/jobs/budget-final-made-27b340ac02680a520001fad4/receipt.json,per_job_receipt,761249e376b0eacbfb932e40aa3f36732969d70f2d51f7730b3d405605324c57,evaluation_workspaces/made_budget_sweep_v1/jobs/budget-final-made-27b340ac02680a520001fad4/receipt.json,a262aab6be0639ee55bb33e1a2af98325ac2f511e774c54027e653c9ba59f507,original_runner_envelope,True,False,,,fresh_original_RPC_hash_curve_counts_and_result_identity; existing_acceptance_reference_rehashed,2026-09-19T05:21:38.188817+08:00
budget-final-made-361749a605a9c1595ba3e5a1,made,qwen35_4b,esopt_graph_risk,Ba-Nd-Ni-W,1,50,0,0.0,0.0,50,True,851bf6e806efd8d0a36b00ddf55e13ccb7b8cd0a,2,2e5adce2a0d3785a1e1df3c41888f42eed2a23b9e175e3e0b1a4e1d3ef534fff,255c8bb9d3de303ae1b885f6858a15de63263fab05cc0d33b63dd3ecd4a59fae,c49a8aa914b39d2fe6c28837011aabc790a0bce13a851a7f91b56227c4ea3162,evaluation_workspaces/made_budget_sweep_v1/jobs/budget-final-made-361749a605a9c1595ba3e5a1/51b14f63f37c4c6187e2601da5ad7850/result.json,c76da24c484046fa1978f45da0835b72798f75623f932e887de14072c6f9d8f6,evaluation_workspaces/made_budget_sweep_v1/jobs/budget-final-made-361749a605a9c1595ba3e5a1/51b14f63f37c4c6187e2601da5ad7850/rpc/rpc.jsonl,d36d1955f2b7e3861b7fa55ff6f3b3f18cff783ef0bdf757dfd88581542e534a,evaluation_workspaces/made_budget_sweep_v1/jobs/budget-final-made-361749a605a9c1595ba3e5a1/receipt.json,per_job_receipt,d36d1955f2b7e3861b7fa55ff6f3b3f18cff783ef0bdf757dfd88581542e534a,evaluation_workspaces/made_budget_sweep_v1/jobs/budget-final-made-361749a605a9c1595ba3e5a1/receipt.json,a262aab6be0639ee55bb33e1a2af98325ac2f511e774c54027e653c9ba59f507,original_runner_envelope,True,False,,,fresh_original_RPC_hash_curve_counts_and_result_identity; existing_acceptance_reference_rehashed,2026-09-19T05:21:38.188817+08:00
budget-final-made-2a82fd8c529f1d994c979631,made,qwen35_4b,baseline,Ca-Fe-Gd-Pb-Tb,1,50,3,0.05,0.06,50,True,851bf6e806efd8d0a36b00ddf55e13ccb7b8cd0a,0,6a308686126804830c81a7d2a3495feda3b3a13b074b9958e0e6026759826516,9fa58a243707e148b412828cf5838eda27cdbbbb747c575fc51082d02f898811,5830bae145d8d83c381f5ebc92554ef55d859b9ce84017899ba1c81f2e20db85,evaluation_workspaces/made_budget_sweep_v1/jobs/budget-final-made-2a82fd8c529f1d994c979631/fae43bae2bf6453691d55dea5cfdb7a2/result.json,61577a102882596e7dbdabfc44dbe72b7a5052aa350f6c51c55242861816061b,evaluation_workspaces/made_budget_sweep_v1/jobs/budget-final-made-2a82fd8c529f1d994c979631/fae43bae2bf6453691d55dea5cfdb7a2/rpc/rpc.jsonl,50535f59c998a001e0daa65a3f0ae505dc2fb1085e557dea5e6afaae7d020e0f,evaluation_workspaces/made_budget_sweep_v1/jobs/budget-final-made-2a82fd8c529f1d994c979631/receipt.json,per_job_receipt,50535f59c998a001e0daa65a3f0ae505dc2fb1085e557dea5e6afaae7d020e0f,evaluation_workspaces/made_budget_sweep_v1/jobs/budget-final-made-2a82fd8c529f1d994c979631/receipt.json,a262aab6be0639ee55bb33e1a2af98325ac2f511e774c54027e653c9ba59f507,original_runner_envelope,True,False,,,fresh_original_RPC_hash_curve_counts_and_result_identity; existing_acceptance_reference_rehashed,2026-09-19T05:21:38.188817+08:00
budget-final-made-59acc7bb234561ecbe03bebe,made,qwen35_4b,esopt_graph_risk,Ca-Fe-Gd-Pb-Tb,1,50,0,0.0,0.0,50,True,851bf6e806efd8d0a36b00ddf55e13ccb7b8cd0a,2,2e5adce2a0d3785a1e1df3c41888f42eed2a23b9e175e3e0b1a4e1d3ef534fff,255c8bb9d3de303ae1b885f6858a15de63263fab05cc0d33b63dd3ecd4a59fae,0afcd1dd9fe6f31391162a82f49b2691d01883c5408598514760ef19d6fb0b26,evaluation_workspaces/made_budget_sweep_v1/jobs/budget-final-made-59acc7bb234561ecbe03bebe/f115351d44104733babe6766aa1daf9e/result.json,2f0c722abdf7b3f429dafd6225597545a48e218bfd2a845f0cbadf8da4415150,evaluation_workspaces/made_budget_sweep_v1/jobs/budget-final-made-59acc7bb234561ecbe03bebe/f115351d44104733babe6766aa1daf9e/rpc/rpc.jsonl,cea45a9497eecec7ae9773dbb8fcf5ad1f436e94e571b39d017a7510a273fefb,evaluation_workspaces/made_budget_sweep_v1/jobs/budget-final-made-59acc7bb234561ecbe03bebe/receipt.json,per_job_receipt,cea45a9497eecec7ae9773dbb8fcf5ad1f436e94e571b39d017a7510a273fefb,evaluation_workspaces/made_budget_sweep_v1/jobs/budget-final-made-59acc7bb234561ecbe03bebe/receipt.json,a262aab6be0639ee55bb33e1a2af98325ac2f511e774c54027e653c9ba59f507,original_runner_envelope,True,False,,,fresh_original_RPC_hash_curve_counts_and_result_identity; existing_acceptance_reference_rehashed,2026-09-19T05:21:38.188817+08:00
budget-final-made-fbe5688a5197faa3a4f26367,made,qwen35_4b,baseline,Ca-Pd-Sn-W,1,50,0,0.0,0.0,50,True,851bf6e806efd8d0a36b00ddf55e13ccb7b8cd0a,0,6a308686126804830c81a7d2a3495feda3b3a13b074b9958e0e6026759826516,9fa58a243707e148b412828cf5838eda27cdbbbb747c575fc51082d02f898811,6c3526030a952cb7240cd9e32b0cf296c93425117da67458d7adc8f9ad01a05f,evaluation_workspaces/made_budget_sweep_v1/jobs/budget-final-made-fbe5688a5197faa3a4f26367/432608d3916d4f3d9c1d0fb50a75ea8d/result.json,cec4748a4ca49069d54348938d606a82bd0ecc9a75a44d8d48a256bbeb1dd0fe,evaluation_workspaces/made_budget_sweep_v1/jobs/budget-final-made-fbe5688a5197faa3a4f26367/432608d3916d4f3d9c1d0fb50a75ea8d/rpc/rpc.jsonl,d2f87ecfb78b97d0b3a2c10f1aad0cae9b112778964912b1ac27af8e12bcc084,evaluation_workspaces/made_budget_sweep_v1/jobs/budget-final-made-fbe5688a5197faa3a4f26367/receipt.json,per_job_receipt,d2f87ecfb78b97d0b3a2c10f1aad0cae9b112778964912b1ac27af8e12bcc084,evaluation_workspaces/made_budget_sweep_v1/jobs/budget-final-made-fbe5688a5197faa3a4f26367/receipt.json,a262aab6be0639ee55bb33e1a2af98325ac2f511e774c54027e653c9ba59f507,original_runner_envelope,True,False,,,fresh_original_RPC_hash_curve_counts_and_result_identity; existing_acceptance_reference_rehashed,2026-09-19T05:21:38.188817+08:00
budget-final-made-87d829b3213cc2ccb26373e1,made,qwen35_4b,esopt_graph_risk,Ca-Pd-Sn-W,1,50,1,0.0396,0.02,50,True,851bf6e806efd8d0a36b00ddf55e13ccb7b8cd0a,2,2e5adce2a0d3785a1e1df3c41888f42eed2a23b9e175e3e0b1a4e1d3ef534fff,255c8bb9d3de303ae1b885f6858a15de63263fab05cc0d33b63dd3ecd4a59fae,739271a50742905f353d97d8db4f309774a426a4485d9a96a3503b47f68ef7d5,evaluation_workspaces/made_budget_sweep_v1/jobs/budget-final-made-87d829b3213cc2ccb26373e1/d9cefb475a15465aa24d56bd189d1ceb/result.json,cc1c8a9821499e90a61767f6f00a3f28b1b97f14cb3c91182494eb0432144e5c,evaluation_workspaces/made_budget_sweep_v1/jobs/budget-final-made-87d829b3213cc2ccb26373e1/d9cefb475a15465aa24d56bd189d1ceb/rpc/rpc.jsonl,910464ae4322eae9062f9088baf35c550ec852226ee63e9fb8b33ff76a57188c,evaluation_workspaces/made_budget_sweep_v1/jobs/budget-final-made-87d829b3213cc2ccb26373e1/receipt.json,per_job_receipt,910464ae4322eae9062f9088baf35c550ec852226ee63e9fb8b33ff76a57188c,evaluation_workspaces/made_budget_sweep_v1/jobs/budget-final-made-87d829b3213cc2ccb26373e1/receipt.json,a262aab6be0639ee55bb33e1a2af98325ac2f511e774c54027e653c9ba59f507,original_runner_envelope,True,False,,,fresh_original_RPC_hash_curve_counts_and_result_identity; existing_acceptance_reference_rehashed,2026-09-19T05:21:38.188817+08:00
budget-final-made-5cd0ddb780469e444a06fc62,made,qwen35_4b,baseline,Cd-Gd-Mn-Na-Ta,1,50,0,0.0,0.0,50,True,851bf6e806efd8d0a36b00ddf55e13ccb7b8cd0a,0,6a308686126804830c81a7d2a3495feda3b3a13b074b9958e0e6026759826516,9fa58a243707e148b412828cf5838eda27cdbbbb747c575fc51082d02f898811,0acb5f008757e02ea9d81b6916cf87c9d8c9a684d8387ef478d7f1fee0d81cff,evaluation_workspaces/made_budget_sweep_v1/jobs/budget-final-made-5cd0ddb780469e444a06fc62/4e2cabc67a3347c0b6d0ba9662bfa638/result.json,264bef5a12227e5d2168dc17cc8ca505e51c393f942ab33d98dea96cb8fe2b38,evaluation_workspaces/made_budget_sweep_v1/jobs/budget-final-made-5cd0ddb780469e444a06fc62/4e2cabc67a3347c0b6d0ba9662bfa638/rpc/rpc.jsonl,a308894fda7a3cb0305ec9d53b67212edd85c45311d5a75f592e293334bcd7af,evaluation_workspaces/made_budget_sweep_v1/jobs/budget-final-made-5cd0ddb780469e444a06fc62/receipt.json,per_job_receipt,a308894fda7a3cb0305ec9d53b67212edd85c45311d5a75f592e293334bcd7af,evaluation_workspaces/made_budget_sweep_v1/jobs/budget-final-made-5cd0ddb780469e444a06fc62/receipt.json,a262aab6be0639ee55bb33e1a2af98325ac2f511e774c54027e653c9ba59f507,original_runner_envelope,True,False,,,fresh_original_RPC_hash_curve_counts_and_result_identity; existing_acceptance_reference_rehashed,2026-09-19T05:21:38.188817+08:00
budget-final-made-25d828a31bf2afcd937ff666,made,qwen35_4b,esopt_graph_risk,Cd-Gd-Mn-Na-Ta,1,50,0,0.0,0.0,50,True,851bf6e806efd8d0a36b00ddf55e13ccb7b8cd0a,2,2e5adce2a0d3785a1e1df3c41888f42eed2a23b9e175e3e0b1a4e1d3ef534fff,255c8bb9d3de303ae1b885f6858a15de63263fab05cc0d33b63dd3ecd4a59fae,7e85ee0b23022327c51e069ac1df5a581ce64bb390b78157daf69bcaee98bf88,evaluation_workspaces/made_budget_sweep_v1/jobs/budget-final-made-25d828a31bf2afcd937ff666/6df25dafdef64fe5817e417e635d99c1/result.json,cf56a808efc010130aef53d105f56aba77766d2897887f98a46c9ab1ddf0ca5c,evaluation_workspaces/made_budget_sweep_v1/jobs/budget-final-made-25d828a31bf2afcd937ff666/6df25dafdef64fe5817e417e635d99c1/rpc/rpc.jsonl,1137374aa0d08e1cd2b89984543bfd230d24ee75f64de12d62b0a807d617da5e,evaluation_workspaces/made_budget_sweep_v1/jobs/budget-final-made-25d828a31bf2afcd937ff666/receipt.json,per_job_receipt,1137374aa0d08e1cd2b89984543bfd230d24ee75f64de12d62b0a807d617da5e,evaluation_workspaces/made_budget_sweep_v1/jobs/budget-final-made-25d828a31bf2afcd937ff666/receipt.json,a262aab6be0639ee55bb33e1a2af98325ac2f511e774c54027e653c9ba59f507,original_runner_envelope,True,False,,,fresh_original_RPC_hash_curve_counts_and_result_identity; existing_acceptance_reference_rehashed,2026-09-19T05:21:38.188817+08:00
budget-final-made-81de99ff284030717967ed76,made,qwen35_4b,baseline,Cd-Li-Nd-Ti-W,1,50,2,0.0776,0.04,50,True,851bf6e806efd8d0a36b00ddf55e13ccb7b8cd0a,0,6a308686126804830c81a7d2a3495feda3b3a13b074b9958e0e6026759826516,9fa58a243707e148b412828cf5838eda27cdbbbb747c575fc51082d02f898811,4fa6a3fbfa2abe94af9bab25ab7fb037445030490a93546dc8740b7e37075e3f,evaluation_workspaces/made_budget_sweep_v1/jobs/budget-final-made-81de99ff284030717967ed76/28bbcc6f772645379ba7a71c8fe00122/result.json,6ebebdf51f463cca16265d6f4d2d7ca97680f32d12f0d374364abec89f48f31c,evaluation_workspaces/made_budget_sweep_v1/jobs/budget-final-made-81de99ff284030717967ed76/28bbcc6f772645379ba7a71c8fe00122/rpc/rpc.jsonl,8fd62e1a8adc8a6f69fa40e51189f2ad151de9d55a93770c2adc524ee8e23331,evaluation_workspaces/made_budget_sweep_v1/jobs/budget-final-made-81de99ff284030717967ed76/receipt.json,per_job_receipt,8fd62e1a8adc8a6f69fa40e51189f2ad151de9d55a93770c2adc524ee8e23331,evaluation_workspaces/made_budget_sweep_v1/jobs/budget-final-made-81de99ff284030717967ed76/receipt.json,a262aab6be0639ee55bb33e1a2af98325ac2f511e774c54027e653c9ba59f507,original_runner_envelope,True,False,,,fresh_original_RPC_hash_curve_counts_and_result_identity; existing_acceptance_reference_rehashed,2026-09-19T05:21:38.188817+08:00
budget-final-made-a1d56889c767262394b770e2,made,qwen35_4b,esopt_graph_risk,Cd-Li-Nd-Ti-W,1,50,3,0.0844,0.06,50,True,851bf6e806efd8d0a36b00ddf55e13ccb7b8cd0a,2,2e5adce2a0d3785a1e1df3c41888f42eed2a23b9e175e3e0b1a4e1d3ef534fff,255c8bb9d3de303ae1b885f6858a15de63263fab05cc0d33b63dd3ecd4a59fae,1ae1532a3985941977b646c2a64fd87802b2801ff6a9134a4967525a543fb329,evaluation_workspaces/made_budget_sweep_v1/jobs/budget-final-made-a1d56889c767262394b770e2/58fa473bcf06494f9ead1bf46a7ad5da/result.json,5b114ce87f94f6b6158414013e3696c29b54348797c0ae413aac405815656533,evaluation_workspaces/made_budget_sweep_v1/jobs/budget-final-made-a1d56889c767262394b770e2/58fa473bcf06494f9ead1bf46a7ad5da/rpc/rpc.jsonl,242b859fb6832ac1414dff63ec9ac77bc7afe929178e20b1cfad713af8b770ed,evaluation_workspaces/made_budget_sweep_v1/jobs/budget-final-made-a1d56889c767262394b770e2/receipt.json,per_job_receipt,242b859fb6832ac1414dff63ec9ac77bc7afe929178e20b1cfad713af8b770ed,evaluation_workspaces/made_budget_sweep_v1/jobs/budget-final-made-a1d56889c767262394b770e2/receipt.json,a262aab6be0639ee55bb33e1a2af98325ac2f511e774c54027e653c9ba59f507,original_runner_envelope,True,False,,,fresh_original_RPC_hash_curve_counts_and_result_identity; existing_acceptance_reference_rehashed,2026-09-19T05:21:38.188817+08:00
budget-final-made-442d6aac6d7fce0df3d1b5b9,made,qwen35_4b,baseline,Ce-Er-Pb-Rh,1,50,3,0.0924,0.06,50,True,851bf6e806efd8d0a36b00ddf55e13ccb7b8cd0a,0,6a308686126804830c81a7d2a3495feda3b3a13b074b9958e0e6026759826516,9fa58a243707e148b412828cf5838eda27cdbbbb747c575fc51082d02f898811,6c6c2f04d4c5da1b64b8a1da1e01fa9292decee454a1820bdf5977be38f3ca08,evaluation_workspaces/made_budget_sweep_v1/jobs/budget-final-made-442d6aac6d7fce0df3d1b5b9/667fd4061fe94640a489629e93110be8/result.json,d17ebd5bdf4f945c29c3d74613f90ce4ec8e44c1d8c67af95bd0c46e7b2ff7dd,evaluation_workspaces/made_budget_sweep_v1/jobs/budget-final-made-442d6aac6d7fce0df3d1b5b9/667fd4061fe94640a489629e93110be8/rpc/rpc.jsonl,a9b257e4e247bfddbaf0ebef5308ad2c13dfd7326a64d1c70cd218517b6b6315,evaluation_workspaces/made_budget_sweep_v1/jobs/budget-final-made-442d6aac6d7fce0df3d1b5b9/receipt.json,per_job_receipt,a9b257e4e247bfddbaf0ebef5308ad2c13dfd7326a64d1c70cd218517b6b6315,evaluation_workspaces/made_budget_sweep_v1/jobs/budget-final-made-442d6aac6d7fce0df3d1b5b9/receipt.json,a262aab6be0639ee55bb33e1a2af98325ac2f511e774c54027e653c9ba59f507,original_runner_envelope,True,False,,,fresh_original_RPC_hash_curve_counts_and_result_identity; existing_acceptance_reference_rehashed,2026-09-19T05:21:38.188817+08:00
budget-final-made-a9f42a5c3df0697d731894c9,made,qwen35_4b,esopt_graph_risk,Ce-Er-Pb-Rh,1,50,9,0.206,0.18,50,True,851bf6e806efd8d0a36b00ddf55e13ccb7b8cd0a,2,2e5adce2a0d3785a1e1df3c41888f42eed2a23b9e175e3e0b1a4e1d3ef534fff,255c8bb9d3de303ae1b885f6858a15de63263fab05cc0d33b63dd3ecd4a59fae,3644d5d42330764559333551f16744755c0dc633ca0f79c96a34dccc9e349455,evaluation_workspaces/made_budget_sweep_v1/jobs/budget-final-made-a9f42a5c3df0697d731894c9/34e143f0c35d4f8dbb4fd2acde052e76/result.json,9ce352999c276105a56db24706f302385740d282f4c733114bf122a10b72f937,evaluation_workspaces/made_budget_sweep_v1/jobs/budget-final-made-a9f42a5c3df0697d731894c9/34e143f0c35d4f8dbb4fd2acde052e76/rpc/rpc.jsonl,f576cde468a2a462a990e076112e12ffe0040e2c2f2b4c4d73f40056f067f5d5,evaluation_workspaces/made_budget_sweep_v1/jobs/budget-final-made-a9f42a5c3df0697d731894c9/receipt.json,per_job_receipt,f576cde468a2a462a990e076112e12ffe0040e2c2f2b4c4d73f40056f067f5d5,evaluation_workspaces/made_budget_sweep_v1/jobs/budget-final-made-a9f42a5c3df0697d731894c9/receipt.json,a262aab6be0639ee55bb33e1a2af98325ac2f511e774c54027e653c9ba59f507,original_runner_envelope,True,False,,,fresh_original_RPC_hash_curve_counts_and_result_identity; existing_acceptance_reference_rehashed,2026-09-19T05:21:38.188817+08:00
budget-final-made-45365b504c0ac1b190013103,made,qwen35_4b,baseline,Ce-Ir-Pt-Sn,1,50,7,0.1644,0.14,50,True,851bf6e806efd8d0a36b00ddf55e13ccb7b8cd0a,0,6a308686126804830c81a7d2a3495feda3b3a13b074b9958e0e6026759826516,9fa58a243707e148b412828cf5838eda27cdbbbb747c575fc51082d02f898811,0dbb2ef8fa4262bf66eee0facdd88fe17541b3282c959ee05383431dd0af66cb,evaluation_workspaces/made_budget_sweep_v1/jobs/budget-final-made-45365b504c0ac1b190013103/af3bc898c2984fae8f881a9b6885438e/result.json,c96280c745517faa1bc4d83019959341daa7497a322b3a1cc7ea8f3fbca24215,evaluation_workspaces/made_budget_sweep_v1/jobs/budget-final-made-45365b504c0ac1b190013103/af3bc898c2984fae8f881a9b6885438e/rpc/rpc.jsonl,4a69be1cb9d6e4a7effd73a9cb2b4e2d6d2f78ef795f2e4bf3697848f5f0b217,evaluation_workspaces/made_budget_sweep_v1/jobs/budget-final-made-45365b504c0ac1b190013103/receipt.json,per_job_receipt,4a69be1cb9d6e4a7effd73a9cb2b4e2d6d2f78ef795f2e4bf3697848f5f0b217,evaluation_workspaces/made_budget_sweep_v1/jobs/budget-final-made-45365b504c0ac1b190013103/receipt.json,a262aab6be0639ee55bb33e1a2af98325ac2f511e774c54027e653c9ba59f507,original_runner_envelope,True,False,,,fresh_original_RPC_hash_curve_counts_and_result_identity; existing_acceptance_reference_rehashed,2026-09-19T05:21:38.188817+08:00
budget-final-made-bb8159ca9a49151f7902da49,made,qwen35_4b,esopt_graph_risk,Ce-Ir-Pt-Sn,1,50,11,0.2452,0.22,50,True,851bf6e806efd8d0a36b00ddf55e13ccb7b8cd0a,2,2e5adce2a0d3785a1e1df3c41888f42eed2a23b9e175e3e0b1a4e1d3ef534fff,255c8bb9d3de303ae1b885f6858a15de63263fab05cc0d33b63dd3ecd4a59fae,7029148ac98670b2adf09b93fbcad0ea9ab9830597ebaed5656300bcb9eca7f5,evaluation_workspaces/made_budget_sweep_v1/jobs/budget-final-made-bb8159ca9a49151f7902da49/651192cbcd224a28b69e90d71d56316e/result.json,73996cb21428855161d00245d7d570740a45d973f38f268f15634f2e5e8dcd05,evaluation_workspaces/made_budget_sweep_v1/jobs/budget-final-made-bb8159ca9a49151f7902da49/651192cbcd224a28b69e90d71d56316e/rpc/rpc.jsonl,a2ce9984386f07970b3aa72c07ebfe092fa9cc07bddbdf7381f172955b5543f9,evaluation_workspaces/made_budget_sweep_v1/jobs/budget-final-made-bb8159ca9a49151f7902da49/receipt.json,per_job_receipt,a2ce9984386f07970b3aa72c07ebfe092fa9cc07bddbdf7381f172955b5543f9,evaluation_workspaces/made_budget_sweep_v1/jobs/budget-final-made-bb8159ca9a49151f7902da49/receipt.json,a262aab6be0639ee55bb33e1a2af98325ac2f511e774c54027e653c9ba59f507,original_runner_envelope,True,False,,,fresh_original_RPC_hash_curve_counts_and_result_identity; existing_acceptance_reference_rehashed,2026-09-19T05:21:38.188817+08:00
budget-final-made-d6fc96298c3f2bace02de4f1,made,qwen35_4b,baseline,Co-Dy-Ta-Y,1,50,0,0.0,0.0,50,True,851bf6e806efd8d0a36b00ddf55e13ccb7b8cd0a,0,6a308686126804830c81a7d2a3495feda3b3a13b074b9958e0e6026759826516,9fa58a243707e148b412828cf5838eda27cdbbbb747c575fc51082d02f898811,8b9896e28f248f3f42417ede8859827391d8f0e548c289ddeaacfbd86e1d23a1,evaluation_workspaces/made_budget_sweep_v1/jobs/budget-final-made-d6fc96298c3f2bace02de4f1/aa3809f144ce485d88b9bf39903f3509/result.json,4005a0f8253c131bdc76bc8d76ded766403e9e8f38c65ad78e39ddc6cefdc7ab,evaluation_workspaces/made_budget_sweep_v1/jobs/budget-final-made-d6fc96298c3f2bace02de4f1/aa3809f144ce485d88b9bf39903f3509/rpc/rpc.jsonl,242c7cf73a03f6d131524d95bac7078c7e928174f3cdaccde150c11a2eebcb8c,evaluation_workspaces/made_budget_sweep_v1/jobs/budget-final-made-d6fc96298c3f2bace02de4f1/receipt.json,per_job_receipt,242c7cf73a03f6d131524d95bac7078c7e928174f3cdaccde150c11a2eebcb8c,evaluation_workspaces/made_budget_sweep_v1/jobs/budget-final-made-d6fc96298c3f2bace02de4f1/receipt.json,a262aab6be0639ee55bb33e1a2af98325ac2f511e774c54027e653c9ba59f507,original_runner_envelope,True,False,,,fresh_original_RPC_hash_curve_counts_and_result_identity; existing_acceptance_reference_rehashed,2026-09-19T05:21:38.188817+08:00
budget-final-made-a69bf2fbb5e1c33fcc277477,made,qwen35_4b,esopt_graph_risk,Co-Dy-Ta-Y,1,50,11,0.1908,0.22,50,True,851bf6e806efd8d0a36b00ddf55e13ccb7b8cd0a,2,2e5adce2a0d3785a1e1df3c41888f42eed2a23b9e175e3e0b1a4e1d3ef534fff,255c8bb9d3de303ae1b885f6858a15de63263fab05cc0d33b63dd3ecd4a59fae,e40b1e5eda91125936340156d6c9a512c78407d3a2d1673b6f23c1e6b3cf66e7,evaluation_workspaces/made_budget_sweep_v1/jobs/budget-final-made-a69bf2fbb5e1c33fcc277477/b412b87c4eb6445cb6ccb4af9d651fb1/result.json,f2de8ce4a2b97e36af1d1366032bcd5bd10d5f812560d7b8fe4260bd7c726d15,evaluation_workspaces/made_budget_sweep_v1/jobs/budget-final-made-a69bf2fbb5e1c33fcc277477/b412b87c4eb6445cb6ccb4af9d651fb1/rpc/rpc.jsonl,51d5c5796d229e5f1ea41a8c528121c2691eb56f44fc4dcb7119a60fc6308f29,evaluation_workspaces/made_budget_sweep_v1/jobs/budget-final-made-a69bf2fbb5e1c33fcc277477/receipt.json,per_job_receipt,51d5c5796d229e5f1ea41a8c528121c2691eb56f44fc4dcb7119a60fc6308f29,evaluation_workspaces/made_budget_sweep_v1/jobs/budget-final-made-a69bf2fbb5e1c33fcc277477/receipt.json,a262aab6be0639ee55bb33e1a2af98325ac2f511e774c54027e653c9ba59f507,original_runner_envelope,True,False,,,fresh_original_RPC_hash_curve_counts_and_result_identity; existing_acceptance_reference_rehashed,2026-09-19T05:21:38.188817+08:00
budget-final-made-4852659a8da421cffe472868,made,qwen35_4b,baseline,Co-Dy-W,1,50,1,0.034,0.02,50,True,851bf6e806efd8d0a36b00ddf55e13ccb7b8cd0a,0,6a308686126804830c81a7d2a3495feda3b3a13b074b9958e0e6026759826516,9fa58a243707e148b412828cf5838eda27cdbbbb747c575fc51082d02f898811,2610870257d1d464304114f39555d4d87d07fb8c359ff6a36f073d1b91bb33fa,evaluation_workspaces/made_budget_sweep_v1/jobs/budget-final-made-4852659a8da421cffe472868/cb9962caf1204544b0d1952f00131d1a/result.json,83fe6a236a86e5759e8210b34aeb76094820d7d863f31310bf652dcd05bcfb56,evaluation_workspaces/made_budget_sweep_v1/jobs/budget-final-made-4852659a8da421cffe472868/cb9962caf1204544b0d1952f00131d1a/rpc/rpc.jsonl,3d089efc7986f27c2351f1eeeaf8134a6793509deb722823d47f4d63c3679859,evaluation_workspaces/made_budget_sweep_v1/jobs/budget-final-made-4852659a8da421cffe472868/receipt.json,per_job_receipt,3d089efc7986f27c2351f1eeeaf8134a6793509deb722823d47f4d63c3679859,evaluation_workspaces/made_budget_sweep_v1/jobs/budget-final-made-4852659a8da421cffe472868/receipt.json,a262aab6be0639ee55bb33e1a2af98325ac2f511e774c54027e653c9ba59f507,original_runner_envelope,True,False,,,fresh_original_RPC_hash_curve_counts_and_result_identity; existing_acceptance_reference_rehashed,2026-09-19T05:21:38.188817+08:00
budget-final-made-2aa23651070d557dd1798aaf,made,qwen35_4b,esopt_graph_risk,Co-Dy-W,1,50,0,0.0,0.0,50,True,851bf6e806efd8d0a36b00ddf55e13ccb7b8cd0a,2,2e5adce2a0d3785a1e1df3c41888f42eed2a23b9e175e3e0b1a4e1d3ef534fff,255c8bb9d3de303ae1b885f6858a15de63263fab05cc0d33b63dd3ecd4a59fae,e349aec9af0eef43cee81f7ed3869e2584093e7c4980e68873455af6f436250c,evaluation_workspaces/made_budget_sweep_v1/jobs/budget-final-made-2aa23651070d557dd1798aaf/800f4c9096e14db0bd1973e4b83658cf/result.json,cb0b91ac3f8201911bd0f39e1017ca138e36dcb201d4fae8f6e6a0e2a4c794f7,evaluation_workspaces/made_budget_sweep_v1/jobs/budget-final-made-2aa23651070d557dd1798aaf/800f4c9096e14db0bd1973e4b83658cf/rpc/rpc.jsonl,7b0afb0ac39f1875b5d51944403eb52e00f3c0f34b44363687825cb27d1b19c7,evaluation_workspaces/made_budget_sweep_v1/jobs/budget-final-made-2aa23651070d557dd1798aaf/receipt.json,per_job_receipt,7b0afb0ac39f1875b5d51944403eb52e00f3c0f34b44363687825cb27d1b19c7,evaluation_workspaces/made_budget_sweep_v1/jobs/budget-final-made-2aa23651070d557dd1798aaf/receipt.json,a262aab6be0639ee55bb33e1a2af98325ac2f511e774c54027e653c9ba59f507,original_runner_envelope,True,False,,,fresh_original_RPC_hash_curve_counts_and_result_identity; existing_acceptance_reference_rehashed,2026-09-19T05:21:38.188817+08:00
budget-final-made-339cc9960fdb3dd15eb7a385,made,qwen35_4b,baseline,Co-Hf-In-Ru-Tm,1,50,0,0.0,0.0,50,True,851bf6e806efd8d0a36b00ddf55e13ccb7b8cd0a,0,6a308686126804830c81a7d2a3495feda3b3a13b074b9958e0e6026759826516,9fa58a243707e148b412828cf5838eda27cdbbbb747c575fc51082d02f898811,723d79f3a20f361399a3bcd25414375f9f0866fc4394b3af1411e4b8c3757be8,evaluation_workspaces/made_budget_sweep_v1/jobs/budget-final-made-339cc9960fdb3dd15eb7a385/c0d6582f85784c179ace62dc636b9ac1/result.json,ff6b7d97c8c9f755041d6907c3a12515191601b34d4ebf7458ea6f0545338c82,evaluation_workspaces/made_budget_sweep_v1/jobs/budget-final-made-339cc9960fdb3dd15eb7a385/c0d6582f85784c179ace62dc636b9ac1/rpc/rpc.jsonl,f18458e727c579952a143974c21335af6aa3d782586fbf4bf0e9cc7131c15bcb,evaluation_workspaces/made_budget_sweep_v1/jobs/budget-final-made-339cc9960fdb3dd15eb7a385/receipt.json,per_job_receipt,f18458e727c579952a143974c21335af6aa3d782586fbf4bf0e9cc7131c15bcb,evaluation_workspaces/made_budget_sweep_v1/jobs/budget-final-made-339cc9960fdb3dd15eb7a385/receipt.json,a262aab6be0639ee55bb33e1a2af98325ac2f511e774c54027e653c9ba59f507,original_runner_envelope,True,False,,,fresh_original_RPC_hash_curve_counts_and_result_identity; existing_acceptance_reference_rehashed,2026-09-19T05:21:38.188817+08:00
budget-final-made-696722e1920faee55ba5bb13,made,qwen35_4b,esopt_graph_risk,Co-Hf-In-Ru-Tm,1,50,0,0.0,0.0,50,True,851bf6e806efd8d0a36b00ddf55e13ccb7b8cd0a,2,2e5adce2a0d3785a1e1df3c41888f42eed2a23b9e175e3e0b1a4e1d3ef534fff,255c8bb9d3de303ae1b885f6858a15de63263fab05cc0d33b63dd3ecd4a59fae,0f3b85a0721449b295a749bd2850fb4928dbf022307237a71ec63f2543e076d3,evaluation_workspaces/made_budget_sweep_v1/jobs/budget-final-made-696722e1920faee55ba5bb13/e6f9599db7754b25aac1b7f581bc2b86/result.json,ed23671f6738ff4b1b643ae7e406078da3713f233d8ebc39a6a125b0d2d65cca,evaluation_workspaces/made_budget_sweep_v1/jobs/budget-final-made-696722e1920faee55ba5bb13/e6f9599db7754b25aac1b7f581bc2b86/rpc/rpc.jsonl,7b5547de162e9b0d11a566078a037a67c1fe121e8072189c7e2f740f708f1101,evaluation_workspaces/made_budget_sweep_v1/jobs/budget-final-made-696722e1920faee55ba5bb13/receipt.json,per_job_receipt,7b5547de162e9b0d11a566078a037a67c1fe121e8072189c7e2f740f708f1101,evaluation_workspaces/made_budget_sweep_v1/jobs/budget-final-made-696722e1920faee55ba5bb13/receipt.json,a262aab6be0639ee55bb33e1a2af98325ac2f511e774c54027e653c9ba59f507,original_runner_envelope,True,False,,,fresh_original_RPC_hash_curve_counts_and_result_identity; existing_acceptance_reference_rehashed,2026-09-19T05:21:38.188817+08:00
budget-final-made-4db6d3deb619f440b7b2c6e4,made,qwen35_4b,baseline,Co-Hg-Mg-Sr-W,1,50,0,0.0,0.0,50,True,851bf6e806efd8d0a36b00ddf55e13ccb7b8cd0a,0,6a308686126804830c81a7d2a3495feda3b3a13b074b9958e0e6026759826516,9fa58a243707e148b412828cf5838eda27cdbbbb747c575fc51082d02f898811,4480034478eb9f642026dafa1f0ef9f32051d58ca9deaff115c44d0fff593bc4,evaluation_workspaces/made_budget_sweep_v1/jobs/budget-final-made-4db6d3deb619f440b7b2c6e4/e1c40768eb32433aaa302ab363d628da/result.json,7bee26e41daaa52ffce2f99e5b99cfc577b5ed0512a69d3bc1bb783e98d8741d,evaluation_workspaces/made_budget_sweep_v1/jobs/budget-final-made-4db6d3deb619f440b7b2c6e4/e1c40768eb32433aaa302ab363d628da/rpc/rpc.jsonl,76a9dcdab6e376bb16c7f0fe94da054ec30795fa126111cf89c0e15446de844a,evaluation_workspaces/made_budget_sweep_v1/jobs/budget-final-made-4db6d3deb619f440b7b2c6e4/receipt.json,per_job_receipt,76a9dcdab6e376bb16c7f0fe94da054ec30795fa126111cf89c0e15446de844a,evaluation_workspaces/made_budget_sweep_v1/jobs/budget-final-made-4db6d3deb619f440b7b2c6e4/receipt.json,a262aab6be0639ee55bb33e1a2af98325ac2f511e774c54027e653c9ba59f507,original_runner_envelope,True,False,,,fresh_original_RPC_hash_curve_counts_and_result_identity; existing_acceptance_reference_rehashed,2026-09-19T05:21:38.188817+08:00
budget-final-made-b6f6d11565bd714bb5123b47,made,qwen35_4b,esopt_graph_risk,Co-Hg-Mg-Sr-W,1,50,4,0.1504,0.08,50,True,851bf6e806efd8d0a36b00ddf55e13ccb7b8cd0a,2,2e5adce2a0d3785a1e1df3c41888f42eed2a23b9e175e3e0b1a4e1d3ef534fff,255c8bb9d3de303ae1b885f6858a15de63263fab05cc0d33b63dd3ecd4a59fae,42c458d1092e064b924d5d8fa2a6927c0ef4fb972f74bfc1a23f339657683fd7,evaluation_workspaces/made_budget_sweep_v1/jobs/budget-final-made-b6f6d11565bd714bb5123b47/290fdf689fe44d59a2c5b39ebb259668/result.json,61eaf7940d878d0ebe55d0493623298f99290fbaa02be5f058fae844ed51c254,evaluation_workspaces/made_budget_sweep_v1/jobs/budget-final-made-b6f6d11565bd714bb5123b47/290fdf689fe44d59a2c5b39ebb259668/rpc/rpc.jsonl,a28ef7d6675df674ffd48d04ed21870a5bd7e9a3e35a5b688c772d5e7a3d7146,evaluation_workspaces/made_budget_sweep_v1/jobs/budget-final-made-b6f6d11565bd714bb5123b47/receipt.json,per_job_receipt,a28ef7d6675df674ffd48d04ed21870a5bd7e9a3e35a5b688c772d5e7a3d7146,evaluation_workspaces/made_budget_sweep_v1/jobs/budget-final-made-b6f6d11565bd714bb5123b47/receipt.json,a262aab6be0639ee55bb33e1a2af98325ac2f511e774c54027e653c9ba59f507,original_runner_envelope,True,False,,,fresh_original_RPC_hash_curve_counts_and_result_identity; existing_acceptance_reference_rehashed,2026-09-19T05:21:38.188817+08:00
budget-final-made-a4b419bfd299830e3ddd0ac9,made,qwen35_4b,baseline,Co-Mg-Na,1,50,0,0.0,0.0,50,True,851bf6e806efd8d0a36b00ddf55e13ccb7b8cd0a,0,6a308686126804830c81a7d2a3495feda3b3a13b074b9958e0e6026759826516,9fa58a243707e148b412828cf5838eda27cdbbbb747c575fc51082d02f898811,af041109fb2371ca3f62dccea40afb711a283aa531618cf1cc67ef69c2c14a87,evaluation_workspaces/made_budget_sweep_v1/jobs/budget-final-made-a4b419bfd299830e3ddd0ac9/1472534362ad4cb6a50f58aa16154775/result.json,03d7842f075c538157b0c2b2f5d47c8c5baafed4ca6b50794ac536f83c73e17f,evaluation_workspaces/made_budget_sweep_v1/jobs/budget-final-made-a4b419bfd299830e3ddd0ac9/1472534362ad4cb6a50f58aa16154775/rpc/rpc.jsonl,e501c24eb2a89bffbd1780f8b53c474d7ce3a51b0f37585044009c65e12866ad,evaluation_workspaces/made_budget_sweep_v1/jobs/budget-final-made-a4b419bfd299830e3ddd0ac9/receipt.json,per_job_receipt,e501c24eb2a89bffbd1780f8b53c474d7ce3a51b0f37585044009c65e12866ad,evaluation_workspaces/made_budget_sweep_v1/jobs/budget-final-made-a4b419bfd299830e3ddd0ac9/receipt.json,a262aab6be0639ee55bb33e1a2af98325ac2f511e774c54027e653c9ba59f507,original_runner_envelope,True,False,,,fresh_original_RPC_hash_curve_counts_and_result_identity; existing_acceptance_reference_rehashed,2026-09-19T05:21:38.188817+08:00
budget-final-made-867bc3d2d51a6f76a133984a,made,qwen35_4b,esopt_graph_risk,Co-Mg-Na,1,50,0,0.0,0.0,50,True,851bf6e806efd8d0a36b00ddf55e13ccb7b8cd0a,2,2e5adce2a0d3785a1e1df3c41888f42eed2a23b9e175e3e0b1a4e1d3ef534fff,255c8bb9d3de303ae1b885f6858a15de63263fab05cc0d33b63dd3ecd4a59fae,763f49d288c3f75fabce7f1d43c57b868471acd25124f929cab4be0237cc31fa,evaluation_workspaces/made_budget_sweep_v1/jobs/budget-final-made-867bc3d2d51a6f76a133984a/bfeec780d0bc4bb3947a19aa43a4d63a/result.json,da1e1b298bb17fb86a1e998ad54858ec37c825ecee339843fad07b243b5aaeb5,evaluation_workspaces/made_budget_sweep_v1/jobs/budget-final-made-867bc3d2d51a6f76a133984a/bfeec780d0bc4bb3947a19aa43a4d63a/rpc/rpc.jsonl,4359f37d75f3fc7222afde6e9c44a504feb8a68bb912f924585275b81dd2db6e,evaluation_workspaces/made_budget_sweep_v1/jobs/budget-final-made-867bc3d2d51a6f76a133984a/receipt.json,per_job_receipt,4359f37d75f3fc7222afde6e9c44a504feb8a68bb912f924585275b81dd2db6e,evaluation_workspaces/made_budget_sweep_v1/jobs/budget-final-made-867bc3d2d51a6f76a133984a/receipt.json,a262aab6be0639ee55bb33e1a2af98325ac2f511e774c54027e653c9ba59f507,original_runner_envelope,True,False,,,fresh_original_RPC_hash_curve_counts_and_result_identity; existing_acceptance_reference_rehashed,2026-09-19T05:21:38.188817+08:00
budget-final-made-e5490b1842d80aa458d12c64,made,qwen35_4b,baseline,Co-Pd-Tl,1,50,29,0.7068,0.58,50,True,851bf6e806efd8d0a36b00ddf55e13ccb7b8cd0a,0,6a308686126804830c81a7d2a3495feda3b3a13b074b9958e0e6026759826516,9fa58a243707e148b412828cf5838eda27cdbbbb747c575fc51082d02f898811,858f6d91306adb3c9cc5eb0235f57cf451418e8a80cba60048d50e072628d38d,evaluation_workspaces/made_budget_sweep_v1/jobs/budget-final-made-e5490b1842d80aa458d12c64/221e85e4746d404d8bbf38bbdcf67812/result.json,daef16fea0a3eed6d58a6f10aa34ac61e41af24327eebb203dc68adf9c25c603,evaluation_workspaces/made_budget_sweep_v1/jobs/budget-final-made-e5490b1842d80aa458d12c64/221e85e4746d404d8bbf38bbdcf67812/rpc/rpc.jsonl,590e761fb22792c0271b99c094370e283e31cfb14e97e1e17bc4a9ab33054ccb,evaluation_workspaces/made_budget_sweep_v1/jobs/budget-final-made-e5490b1842d80aa458d12c64/receipt.json,per_job_receipt,590e761fb22792c0271b99c094370e283e31cfb14e97e1e17bc4a9ab33054ccb,evaluation_workspaces/made_budget_sweep_v1/jobs/budget-final-made-e5490b1842d80aa458d12c64/receipt.json,a262aab6be0639ee55bb33e1a2af98325ac2f511e774c54027e653c9ba59f507,original_runner_envelope,True,False,,,fresh_original_RPC_hash_curve_counts_and_result_identity; existing_acceptance_reference_rehashed,2026-09-19T05:21:38.188817+08:00
budget-final-made-b9d3f700f718a9f5be723b23,made,qwen35_4b,esopt_graph_risk,Co-Pd-Tl,1,50,2,0.052,0.04,50,True,851bf6e806efd8d0a36b00ddf55e13ccb7b8cd0a,2,2e5adce2a0d3785a1e1df3c41888f42eed2a23b9e175e3e0b1a4e1d3ef534fff,255c8bb9d3de303ae1b885f6858a15de63263fab05cc0d33b63dd3ecd4a59fae,94a2b34d91d7b112d4e635b7c55da6b560e99763006c223048c3032a979ef042,evaluation_workspaces/made_budget_sweep_v1/jobs/budget-final-made-b9d3f700f718a9f5be723b23/1f83a39dbfc94e6bafc6af741e3db649/result.json,10dc49cc729d9d08a53af28b0d14b122689efee3f6a6e9a8fdc87b9f1037a609,evaluation_workspaces/made_budget_sweep_v1/jobs/budget-final-made-b9d3f700f718a9f5be723b23/1f83a39dbfc94e6bafc6af741e3db649/rpc/rpc.jsonl,4bb6dab2b6dc497c7ae4caeaeb08f004f7cd03f2846c28d536e27c5fd2a16e05,evaluation_workspaces/made_budget_sweep_v1/jobs/budget-final-made-b9d3f700f718a9f5be723b23/receipt.json,per_job_receipt,4bb6dab2b6dc497c7ae4caeaeb08f004f7cd03f2846c28d536e27c5fd2a16e05,evaluation_workspaces/made_budget_sweep_v1/jobs/budget-final-made-b9d3f700f718a9f5be723b23/receipt.json,a262aab6be0639ee55bb33e1a2af98325ac2f511e774c54027e653c9ba59f507,original_runner_envelope,True,False,,,fresh_original_RPC_hash_curve_counts_and_result_identity; existing_acceptance_reference_rehashed,2026-09-19T05:21:38.188817+08:00
budget-final-made-5580309187278a94e12a461b,made,qwen35_4b,baseline,Cr-Fe-Lu-Pt-Sc,1,50,0,0.0,0.0,50,True,851bf6e806efd8d0a36b00ddf55e13ccb7b8cd0a,0,6a308686126804830c81a7d2a3495feda3b3a13b074b9958e0e6026759826516,9fa58a243707e148b412828cf5838eda27cdbbbb747c575fc51082d02f898811,34737733cf4394af4bc223f13808dca9c5392e1b5cf9e0fd59f27f1187a1f426,evaluation_workspaces/made_budget_sweep_v1/jobs/budget-final-made-5580309187278a94e12a461b/038c465e6a864fdfa34508eaac05a6fb/result.json,f0f64da8fa72c0388e3a2fc6503f7251186d9bc7d60f9da8c58609b576ec7378,evaluation_workspaces/made_budget_sweep_v1/jobs/budget-final-made-5580309187278a94e12a461b/038c465e6a864fdfa34508eaac05a6fb/rpc/rpc.jsonl,df94f34671aa49943db9954c318732e8e2b29617104d7fc80f05e2d77e87d87c,evaluation_workspaces/made_budget_sweep_v1/jobs/budget-final-made-5580309187278a94e12a461b/receipt.json,per_job_receipt,df94f34671aa49943db9954c318732e8e2b29617104d7fc80f05e2d77e87d87c,evaluation_workspaces/made_budget_sweep_v1/jobs/budget-final-made-5580309187278a94e12a461b/receipt.json,a262aab6be0639ee55bb33e1a2af98325ac2f511e774c54027e653c9ba59f507,original_runner_envelope,True,False,,,fresh_original_RPC_hash_curve_counts_and_result_identity; existing_acceptance_reference_rehashed,2026-09-19T05:21:38.188817+08:00
budget-final-made-271c5a74480fa1c6c7400c98,made,qwen35_4b,esopt_graph_risk,Cr-Fe-Lu-Pt-Sc,1,50,0,0.0,0.0,50,True,851bf6e806efd8d0a36b00ddf55e13ccb7b8cd0a,2,2e5adce2a0d3785a1e1df3c41888f42eed2a23b9e175e3e0b1a4e1d3ef534fff,255c8bb9d3de303ae1b885f6858a15de63263fab05cc0d33b63dd3ecd4a59fae,77d2690f4e1ccf4b2a35fcbe2b9fe887e8c205780a7bf8872723e911fdc13980,evaluation_workspaces/made_budget_sweep_v1/jobs/budget-final-made-271c5a74480fa1c6c7400c98/6db09a91a0774f7381974ff20f4e0648/result.json,934837e458a6f44879fb0156344575689b7288caa29ae7f5f7bf0c42539f2180,evaluation_workspaces/made_budget_sweep_v1/jobs/budget-final-made-271c5a74480fa1c6c7400c98/6db09a91a0774f7381974ff20f4e0648/rpc/rpc.jsonl,d8fb5c5369a7551b880dde8dd1bb70b363ab1874e6b31b184e3225100f2226a8,evaluation_workspaces/made_budget_sweep_v1/jobs/budget-final-made-271c5a74480fa1c6c7400c98/receipt.json,per_job_receipt,d8fb5c5369a7551b880dde8dd1bb70b363ab1874e6b31b184e3225100f2226a8,evaluation_workspaces/made_budget_sweep_v1/jobs/budget-final-made-271c5a74480fa1c6c7400c98/receipt.json,a262aab6be0639ee55bb33e1a2af98325ac2f511e774c54027e653c9ba59f507,original_runner_envelope,True,False,,,fresh_original_RPC_hash_curve_counts_and_result_identity; existing_acceptance_reference_rehashed,2026-09-19T05:21:38.188817+08:00
budget-final-made-ce8c1d0d1e0ada7e7ba77722,made,qwen35_4b,baseline,Dy-K-Pd-Sm,1,50,0,0.0,0.0,50,True,851bf6e806efd8d0a36b00ddf55e13ccb7b8cd0a,0,6a308686126804830c81a7d2a3495feda3b3a13b074b9958e0e6026759826516,9fa58a243707e148b412828cf5838eda27cdbbbb747c575fc51082d02f898811,59d8895109f3726a99e12c5293e2a413d7f0fa315620aac34f5f815a0c6a2e47,evaluation_workspaces/made_budget_sweep_v1/jobs/budget-final-made-ce8c1d0d1e0ada7e7ba77722/c5fee9b1a6804157b4676470bdee61cf/result.json,98bdfc17490fa467fa3521db3a475975662fb99e148bc7ca9d02475c3b5306db,evaluation_workspaces/made_budget_sweep_v1/jobs/budget-final-made-ce8c1d0d1e0ada7e7ba77722/c5fee9b1a6804157b4676470bdee61cf/rpc/rpc.jsonl,882021c19b2bf20ccc1bc81a08e431bcbefd4c7616fa2a5b35857e916aded601,evaluation_workspaces/made_budget_sweep_v1/jobs/budget-final-made-ce8c1d0d1e0ada7e7ba77722/receipt.json,per_job_receipt,882021c19b2bf20ccc1bc81a08e431bcbefd4c7616fa2a5b35857e916aded601,evaluation_workspaces/made_budget_sweep_v1/jobs/budget-final-made-ce8c1d0d1e0ada7e7ba77722/receipt.json,a262aab6be0639ee55bb33e1a2af98325ac2f511e774c54027e653c9ba59f507,original_runner_envelope,True,False,,,fresh_original_RPC_hash_curve_counts_and_result_identity; existing_acceptance_reference_rehashed,2026-09-19T05:21:38.188817+08:00
budget-final-made-050eede50ef4209f220a4efa,made,qwen35_4b,esopt_graph_risk,Dy-K-Pd-Sm,1,50,0,0.0,0.0,50,True,851bf6e806efd8d0a36b00ddf55e13ccb7b8cd0a,2,2e5adce2a0d3785a1e1df3c41888f42eed2a23b9e175e3e0b1a4e1d3ef534fff,255c8bb9d3de303ae1b885f6858a15de63263fab05cc0d33b63dd3ecd4a59fae,57f85105039dde7361e868ee45a3e20c1f432c7aab73b3779ad89d354f01d44e,evaluation_workspaces/made_budget_sweep_v1/jobs/budget-final-made-050eede50ef4209f220a4efa/b748e7019d9f4ac0bb990639b26a9445/result.json,8d30009cbae303c41aa7b84ad8293344686ad2ab671c69146ddc2781fe6cf303,evaluation_workspaces/made_budget_sweep_v1/jobs/budget-final-made-050eede50ef4209f220a4efa/b748e7019d9f4ac0bb990639b26a9445/rpc/rpc.jsonl,0e741fa03a28898ac1365620d77a37e0a1bb000b6a80351c62d354c30e862a95,evaluation_workspaces/made_budget_sweep_v1/jobs/budget-final-made-050eede50ef4209f220a4efa/receipt.json,per_job_receipt,0e741fa03a28898ac1365620d77a37e0a1bb000b6a80351c62d354c30e862a95,evaluation_workspaces/made_budget_sweep_v1/jobs/budget-final-made-050eede50ef4209f220a4efa/receipt.json,a262aab6be0639ee55bb33e1a2af98325ac2f511e774c54027e653c9ba59f507,original_runner_envelope,True,False,,,fresh_original_RPC_hash_curve_counts_and_result_identity; existing_acceptance_reference_rehashed,2026-09-19T05:21:38.188817+08:00
budget-final-made-f4cbfacc7bbe6db828b0d13e,made,qwen35_4b,baseline,Eu-Nb-Sn-Tl,1,50,0,0.0,0.0,50,True,851bf6e806efd8d0a36b00ddf55e13ccb7b8cd0a,0,6a308686126804830c81a7d2a3495feda3b3a13b074b9958e0e6026759826516,9fa58a243707e148b412828cf5838eda27cdbbbb747c575fc51082d02f898811,b5d3fe42069a888ed4831d1f1160ad43f9fa509f5c4360e77136d99602b95919,evaluation_workspaces/made_budget_sweep_v1/jobs/budget-final-made-f4cbfacc7bbe6db828b0d13e/596f33543ebc48f784b3302a7bddd6c5/result.json,e0f243b02c45f9ee23d6dfe88530d6433825c7396e3254a78cb3adfbd8261b1d,evaluation_workspaces/made_budget_sweep_v1/jobs/budget-final-made-f4cbfacc7bbe6db828b0d13e/596f33543ebc48f784b3302a7bddd6c5/rpc/rpc.jsonl,c4a9a96eaebd92416d95b22c7ad330ba73f6ea0c9a49bf3d132830b12b2cdefb,evaluation_workspaces/made_budget_sweep_v1/jobs/budget-final-made-f4cbfacc7bbe6db828b0d13e/receipt.json,per_job_receipt,c4a9a96eaebd92416d95b22c7ad330ba73f6ea0c9a49bf3d132830b12b2cdefb,evaluation_workspaces/made_budget_sweep_v1/jobs/budget-final-made-f4cbfacc7bbe6db828b0d13e/receipt.json,a262aab6be0639ee55bb33e1a2af98325ac2f511e774c54027e653c9ba59f507,original_runner_envelope,True,False,,,fresh_original_RPC_hash_curve_counts_and_result_identity; existing_acceptance_reference_rehashed,2026-09-19T05:21:38.188817+08:00
budget-final-made-5e63c3eda07bc06010145cf3,made,qwen35_4b,esopt_graph_risk,Eu-Nb-Sn-Tl,1,50,0,0.0,0.0,50,True,851bf6e806efd8d0a36b00ddf55e13ccb7b8cd0a,2,2e5adce2a0d3785a1e1df3c41888f42eed2a23b9e175e3e0b1a4e1d3ef534fff,255c8bb9d3de303ae1b885f6858a15de63263fab05cc0d33b63dd3ecd4a59fae,7988ad52ed88d83f34c1104b5a98471c5fee3f9be63af4b4259200b0a5c46bc6,evaluation_workspaces/made_budget_sweep_v1/jobs/budget-final-made-5e63c3eda07bc06010145cf3/0489c47f85c1459b9168426899dcbdab/result.json,fd89cf82861f8ff07ece5df2acf5e8f8e867f819af98388891a0091cef8ebcf7,evaluation_workspaces/made_budget_sweep_v1/jobs/budget-final-made-5e63c3eda07bc06010145cf3/0489c47f85c1459b9168426899dcbdab/rpc/rpc.jsonl,195738f3d3674986a7deefd11fd48a248ed599c3f1acf55d67b35d76a7a9fa1b,evaluation_workspaces/made_budget_sweep_v1/jobs/budget-final-made-5e63c3eda07bc06010145cf3/receipt.json,per_job_receipt,195738f3d3674986a7deefd11fd48a248ed599c3f1acf55d67b35d76a7a9fa1b,evaluation_workspaces/made_budget_sweep_v1/jobs/budget-final-made-5e63c3eda07bc06010145cf3/receipt.json,a262aab6be0639ee55bb33e1a2af98325ac2f511e774c54027e653c9ba59f507,original_runner_envelope,True,False,,,fresh_original_RPC_hash_curve_counts_and_result_identity; existing_acceptance_reference_rehashed,2026-09-19T05:21:38.188817+08:00
budget-final-made-24b480a71e7c8ec3d54831ad,made,qwen35_4b,baseline,Ga-Ho-Lu,1,50,18,0.404,0.36,50,True,851bf6e806efd8d0a36b00ddf55e13ccb7b8cd0a,0,6a308686126804830c81a7d2a3495feda3b3a13b074b9958e0e6026759826516,9fa58a243707e148b412828cf5838eda27cdbbbb747c575fc51082d02f898811,ab6be74f4cdfb5e66752ea84d75030b372a8d27182fd506fbeec264fa941f3aa,evaluation_workspaces/made_budget_sweep_v1/jobs/budget-final-made-24b480a71e7c8ec3d54831ad/feec46bf3a5a442a92f095f1d992d839/result.json,0d648b919365d2d9b18f39d96fd8b4985ad74d6015a9d9ff618ae259eb0cb735,evaluation_workspaces/made_budget_sweep_v1/jobs/budget-final-made-24b480a71e7c8ec3d54831ad/feec46bf3a5a442a92f095f1d992d839/rpc/rpc.jsonl,fa82be695a71d707e66264124024f33ebea3e6f48565df4ab33727e82e0c6c4a,evaluation_workspaces/made_budget_sweep_v1/jobs/budget-final-made-24b480a71e7c8ec3d54831ad/receipt.json,per_job_receipt,fa82be695a71d707e66264124024f33ebea3e6f48565df4ab33727e82e0c6c4a,evaluation_workspaces/made_budget_sweep_v1/jobs/budget-final-made-24b480a71e7c8ec3d54831ad/receipt.json,a262aab6be0639ee55bb33e1a2af98325ac2f511e774c54027e653c9ba59f507,original_runner_envelope,True,False,,,fresh_original_RPC_hash_curve_counts_and_result_identity; existing_acceptance_reference_rehashed,2026-09-19T05:21:38.188817+08:00
budget-final-made-3b2aabc82d30bd310fe51fa5,made,qwen35_4b,esopt_graph_risk,Ga-Ho-Lu,1,50,19,0.4356,0.38,50,True,851bf6e806efd8d0a36b00ddf55e13ccb7b8cd0a,2,2e5adce2a0d3785a1e1df3c41888f42eed2a23b9e175e3e0b1a4e1d3ef534fff,255c8bb9d3de303ae1b885f6858a15de63263fab05cc0d33b63dd3ecd4a59fae,51566eee67f9947ec76a8edb88449fc6551c16ff82583771431b2ed03e3087ac,evaluation_workspaces/made_budget_sweep_v1/jobs/budget-final-made-3b2aabc82d30bd310fe51fa5/fd352575e08e4409b8702b1a65a7ed78/result.json,c9e2ade38f86656fc236ee56d6ccaed37e72fb2c3727bc5ffa118d255f00087a,evaluation_workspaces/made_budget_sweep_v1/jobs/budget-final-made-3b2aabc82d30bd310fe51fa5/fd352575e08e4409b8702b1a65a7ed78/rpc/rpc.jsonl,af7d4f00e50a97b4ae3185a942471696976d452c47bed0a3ea6bbe59898181ef,evaluation_workspaces/made_budget_sweep_v1/jobs/budget-final-made-3b2aabc82d30bd310fe51fa5/receipt.json,per_job_receipt,af7d4f00e50a97b4ae3185a942471696976d452c47bed0a3ea6bbe59898181ef,evaluation_workspaces/made_budget_sweep_v1/jobs/budget-final-made-3b2aabc82d30bd310fe51fa5/receipt.json,a262aab6be0639ee55bb33e1a2af98325ac2f511e774c54027e653c9ba59f507,original_runner_envelope,True,False,,,fresh_original_RPC_hash_curve_counts_and_result_identity; existing_acceptance_reference_rehashed,2026-09-19T05:21:38.188817+08:00
budget-final-made-b6204e6724253ea7e4bf6271,made,qwen35_4b,baseline,Ga-Pt-Tm,1,50,18,0.3664,0.36,50,True,851bf6e806efd8d0a36b00ddf55e13ccb7b8cd0a,0,6a308686126804830c81a7d2a3495feda3b3a13b074b9958e0e6026759826516,9fa58a243707e148b412828cf5838eda27cdbbbb747c575fc51082d02f898811,5a242f117fc1031ce36c6f40ff076ec2289059872a82d3fbfb22ef94cdd44d6c,technical_not_main/made_metric_reconciliation_20260919/evidence/derived_envelope.json,c92abfef4c8b28fcd86a41ef1a7eb97570b7d6b179767756c775ab00a5547824,evaluation_workspaces/made_budget_sweep_v1/jobs/budget-final-made-b6204e6724253ea7e4bf6271/f2a15e2e3bc540aa97ff8468e25855d6/rpc/rpc.jsonl,24808f85114780f97953f5ffd662997a6544609db0a83f4c4f8898b1800914d7,technical_not_main/made_metric_reconciliation_20260919/derived_receipt.json,independent_derived_acceptance,24808f85114780f97953f5ffd662997a6544609db0a83f4c4f8898b1800914d7,technical_not_main/made_metric_reconciliation_20260919/derived_receipt.json,a262aab6be0639ee55bb33e1a2af98325ac2f511e774c54027e653c9ba59f507,independently_derived_envelope_from_original_RPC,False,True,a4ccc56aa6dd942f2ad2a5747baa5b66ab504df6de7114cf968da4992c54b02a,technical_not_main/made_metric_reconciliation_20260919/root_adoption.json,fresh_original_RPC_hash_curve_counts_and_result_identity; existing_acceptance_reference_rehashed,2026-09-19T05:21:38.188817+08:00
budget-final-made-393420e0fc1e90e5e8dfacef,made,qwen35_4b,esopt_graph_risk,Ga-Pt-Tm,1,50,13,0.3004,0.26,50,True,851bf6e806efd8d0a36b00ddf55e13ccb7b8cd0a,2,2e5adce2a0d3785a1e1df3c41888f42eed2a23b9e175e3e0b1a4e1d3ef534fff,255c8bb9d3de303ae1b885f6858a15de63263fab05cc0d33b63dd3ecd4a59fae,baa2d6c2e7d8e3c5bf3173becf6b82ee7ef3f1e328b69fcf290f4ab754567021,evaluation_workspaces/made_budget_sweep_v1/jobs/budget-final-made-393420e0fc1e90e5e8dfacef/0cfec272bb8a4cb9bdfe4f8b09b1bd2d/result.json,fa3472ca12fac910c4704e30d6ebc418e33813bc879c46abeb603a5fa9856388,evaluation_workspaces/made_budget_sweep_v1/jobs/budget-final-made-393420e0fc1e90e5e8dfacef/0cfec272bb8a4cb9bdfe4f8b09b1bd2d/rpc/rpc.jsonl,974ec2e78ca56bd9dcf5b0d2e55849245a64acd6dd83d714c440a9a5ef6a386e,evaluation_workspaces/made_budget_sweep_v1/jobs/budget-final-made-393420e0fc1e90e5e8dfacef/receipt.json,per_job_receipt,974ec2e78ca56bd9dcf5b0d2e55849245a64acd6dd83d714c440a9a5ef6a386e,evaluation_workspaces/made_budget_sweep_v1/jobs/budget-final-made-393420e0fc1e90e5e8dfacef/receipt.json,a262aab6be0639ee55bb33e1a2af98325ac2f511e774c54027e653c9ba59f507,original_runner_envelope,True,False,,,fresh_original_RPC_hash_curve_counts_and_result_identity; existing_acceptance_reference_rehashed,2026-09-19T05:21:38.188817+08:00
budget-final-made-81aef4f866f8676dc3cfc1ef,made,qwen35_4b,baseline,Hf-Ni-Zr,1,50,17,0.3236,0.34,50,True,851bf6e806efd8d0a36b00ddf55e13ccb7b8cd0a,0,6a308686126804830c81a7d2a3495feda3b3a13b074b9958e0e6026759826516,9fa58a243707e148b412828cf5838eda27cdbbbb747c575fc51082d02f898811,eab9e31246d992e66962a501413b1242360d277578c255b7ebd6e6fd07316c4d,evaluation_workspaces/made_budget_sweep_v1/jobs/budget-final-made-81aef4f866f8676dc3cfc1ef/355212a32e334085ab0ea7c1b2bddc28/result.json,8d0f246ea599a5fd4138dcc0dea227531f05ee09784e50b5ff34c6fc18d2c708,evaluation_workspaces/made_budget_sweep_v1/jobs/budget-final-made-81aef4f866f8676dc3cfc1ef/355212a32e334085ab0ea7c1b2bddc28/rpc/rpc.jsonl,e488623f471f61ba01aaa803fa4dab4ad90bed01fd875d740e7bd5264b68549e,evaluation_workspaces/made_budget_sweep_v1/jobs/budget-final-made-81aef4f866f8676dc3cfc1ef/receipt.json,per_job_receipt,e488623f471f61ba01aaa803fa4dab4ad90bed01fd875d740e7bd5264b68549e,evaluation_workspaces/made_budget_sweep_v1/jobs/budget-final-made-81aef4f866f8676dc3cfc1ef/receipt.json,a262aab6be0639ee55bb33e1a2af98325ac2f511e774c54027e653c9ba59f507,original_runner_envelope,True,False,,,fresh_original_RPC_hash_curve_counts_and_result_identity; existing_acceptance_reference_rehashed,2026-09-19T05:21:38.188817+08:00
budget-final-made-abfe69c6d613d729f001ae4c,made,qwen35_4b,esopt_graph_risk,Hf-Ni-Zr,1,50,16,0.3608,0.32,50,True,851bf6e806efd8d0a36b00ddf55e13ccb7b8cd0a,2,2e5adce2a0d3785a1e1df3c41888f42eed2a23b9e175e3e0b1a4e1d3ef534fff,255c8bb9d3de303ae1b885f6858a15de63263fab05cc0d33b63dd3ecd4a59fae,f6342ddf3c832ff70f0fc777a8b24811f450b68c9ae5976c4453c32eee094fa8,evaluation_workspaces/made_budget_sweep_v1/jobs/budget-final-made-abfe69c6d613d729f001ae4c/db63350b5fd4439cb8ba268563e12bcd/result.json,8e9df684d30b2e9237345a5fe636a773fc21eac0a85fa05ffeb59c9267f229ee,evaluation_workspaces/made_budget_sweep_v1/jobs/budget-final-made-abfe69c6d613d729f001ae4c/db63350b5fd4439cb8ba268563e12bcd/rpc/rpc.jsonl,c49b49c2c2152c2c6a7fb92cd6c467d13c19e91df7fe4b23cd11d4660707151c,evaluation_workspaces/made_budget_sweep_v1/jobs/budget-final-made-abfe69c6d613d729f001ae4c/receipt.json,per_job_receipt,c49b49c2c2152c2c6a7fb92cd6c467d13c19e91df7fe4b23cd11d4660707151c,evaluation_workspaces/made_budget_sweep_v1/jobs/budget-final-made-abfe69c6d613d729f001ae4c/receipt.json,a262aab6be0639ee55bb33e1a2af98325ac2f511e774c54027e653c9ba59f507,original_runner_envelope,True,False,,,fresh_original_RPC_hash_curve_counts_and_result_identity; existing_acceptance_reference_rehashed,2026-09-19T05:21:38.188817+08:00
budget-final-made-285f7a20c6d71c9f81b654b5,made,qwen35_4b,baseline,Ho-In-Mg-Pd-Zr,1,50,18,0.3392,0.36,50,True,851bf6e806efd8d0a36b00ddf55e13ccb7b8cd0a,0,6a308686126804830c81a7d2a3495feda3b3a13b074b9958e0e6026759826516,9fa58a243707e148b412828cf5838eda27cdbbbb747c575fc51082d02f898811,c1058ff256fc96c3fb6e20f3b712879e0bb0ce14a8f48a7b23663f43a5e84a4a,evaluation_workspaces/made_budget_sweep_v1/jobs/budget-final-made-285f7a20c6d71c9f81b654b5/cd875b7e73f84342b102ba9b6ed5f32f/result.json,6c65d84f19f00e651866839910d0edf5b243d904d07bd7d5b6a3a719ff43ee57,evaluation_workspaces/made_budget_sweep_v1/jobs/budget-final-made-285f7a20c6d71c9f81b654b5/cd875b7e73f84342b102ba9b6ed5f32f/rpc/rpc.jsonl,89b48ba23b245fe9952c72164b1212d53d8d2b1c513c46e96c0cca74ec29304d,evaluation_workspaces/made_budget_sweep_v1/jobs/budget-final-made-285f7a20c6d71c9f81b654b5/receipt.json,per_job_receipt,89b48ba23b245fe9952c72164b1212d53d8d2b1c513c46e96c0cca74ec29304d,evaluation_workspaces/made_budget_sweep_v1/jobs/budget-final-made-285f7a20c6d71c9f81b654b5/receipt.json,a262aab6be0639ee55bb33e1a2af98325ac2f511e774c54027e653c9ba59f507,original_runner_envelope,True,False,,,fresh_original_RPC_hash_curve_counts_and_result_identity; existing_acceptance_reference_rehashed,2026-09-19T05:21:38.188817+08:00
budget-final-made-76df2600b6fe395bf48ab5d6,made,qwen35_4b,esopt_graph_risk,Ho-In-Mg-Pd-Zr,1,50,0,0.0,0.0,50,True,851bf6e806efd8d0a36b00ddf55e13ccb7b8cd0a,2,2e5adce2a0d3785a1e1df3c41888f42eed2a23b9e175e3e0b1a4e1d3ef534fff,255c8bb9d3de303ae1b885f6858a15de63263fab05cc0d33b63dd3ecd4a59fae,0915a23a1586d28405fdf17aaf3d616d794803b229af1451ca091b3f9fa9f092,evaluation_workspaces/made_budget_sweep_v1/jobs/budget-final-made-76df2600b6fe395bf48ab5d6/e754c1ed050f4225b3bb40f77f593f07/result.json,13652899a62a8245a72f68171c73e2b90d39bd853cfea3dc738f20680ee84309,evaluation_workspaces/made_budget_sweep_v1/jobs/budget-final-made-76df2600b6fe395bf48ab5d6/e754c1ed050f4225b3bb40f77f593f07/rpc/rpc.jsonl,2afae463f925c635c8be021333767e2907feaf996178420474dc7b934e93f51b,evaluation_workspaces/made_budget_sweep_v1/jobs/budget-final-made-76df2600b6fe395bf48ab5d6/receipt.json,per_job_receipt,2afae463f925c635c8be021333767e2907feaf996178420474dc7b934e93f51b,evaluation_workspaces/made_budget_sweep_v1/jobs/budget-final-made-76df2600b6fe395bf48ab5d6/receipt.json,a262aab6be0639ee55bb33e1a2af98325ac2f511e774c54027e653c9ba59f507,original_runner_envelope,True,False,,,fresh_original_RPC_hash_curve_counts_and_result_identity; existing_acceptance_reference_rehashed,2026-09-19T05:21:38.188817+08:00
budget-final-made-0e9440fea1447a2443ea9b28,made,qwen35_4b,baseline,Mg-Sn-Sr,1,50,41,0.7748,0.82,50,True,851bf6e806efd8d0a36b00ddf55e13ccb7b8cd0a,0,6a308686126804830c81a7d2a3495feda3b3a13b074b9958e0e6026759826516,9fa58a243707e148b412828cf5838eda27cdbbbb747c575fc51082d02f898811,e76eb60ad7e44226bca2c79b97014916463cab38158deea2dca5aea0b8d5bf72,evaluation_workspaces/made_budget_sweep_v1/jobs/budget-final-made-0e9440fea1447a2443ea9b28/7a5612ab95b146e196f3ef3dbca1a4a6/result.json,91f9574e2a61480858041bc53f1d40d8982e3c6c169eea861737509bc79dbab6,evaluation_workspaces/made_budget_sweep_v1/jobs/budget-final-made-0e9440fea1447a2443ea9b28/7a5612ab95b146e196f3ef3dbca1a4a6/rpc/rpc.jsonl,e65ca8e1c3fc749a7301d254d5c626c2e9f85e1a0a32b8b5e01ead84f0d28110,evaluation_workspaces/made_budget_sweep_v1/jobs/budget-final-made-0e9440fea1447a2443ea9b28/receipt.json,per_job_receipt,e65ca8e1c3fc749a7301d254d5c626c2e9f85e1a0a32b8b5e01ead84f0d28110,evaluation_workspaces/made_budget_sweep_v1/jobs/budget-final-made-0e9440fea1447a2443ea9b28/receipt.json,a262aab6be0639ee55bb33e1a2af98325ac2f511e774c54027e653c9ba59f507,original_runner_envelope,True,False,,,fresh_original_RPC_hash_curve_counts_and_result_identity; existing_acceptance_reference_rehashed,2026-09-19T05:21:38.188817+08:00
budget-final-made-10d466b36bfb2baaad28c932,made,qwen35_4b,esopt_graph_risk,Mg-Sn-Sr,1,50,14,0.4152,0.28,50,True,851bf6e806efd8d0a36b00ddf55e13ccb7b8cd0a,2,2e5adce2a0d3785a1e1df3c41888f42eed2a23b9e175e3e0b1a4e1d3ef534fff,255c8bb9d3de303ae1b885f6858a15de63263fab05cc0d33b63dd3ecd4a59fae,4f6dc68312dc37e2615d1692742317f56e5ca1368182d31a5ac9c40306ac5cff,evaluation_workspaces/made_budget_sweep_v1/jobs/budget-final-made-10d466b36bfb2baaad28c932/4eb1b699662b4ddb9c5c0b214b49c3cf/result.json,ebf1fed32469f3cd4f19e75c9bdb43dc5d6bf426459cf762efb2086715d15f3a,evaluation_workspaces/made_budget_sweep_v1/jobs/budget-final-made-10d466b36bfb2baaad28c932/4eb1b699662b4ddb9c5c0b214b49c3cf/rpc/rpc.jsonl,958b387c97b585cde8291f1dd66e55800f09ade64876375e5be4b541aa3604d7,evaluation_workspaces/made_budget_sweep_v1/jobs/budget-final-made-10d466b36bfb2baaad28c932/receipt.json,per_job_receipt,958b387c97b585cde8291f1dd66e55800f09ade64876375e5be4b541aa3604d7,evaluation_workspaces/made_budget_sweep_v1/jobs/budget-final-made-10d466b36bfb2baaad28c932/receipt.json,a262aab6be0639ee55bb33e1a2af98325ac2f511e774c54027e653c9ba59f507,original_runner_envelope,True,False,,,fresh_original_RPC_hash_curve_counts_and_result_identity; existing_acceptance_reference_rehashed,2026-09-19T05:21:38.188817+08:00
