job_id,budget,task_id,method,seed,candidate_attempt,SUN
all30-final-made-7c0efd227bf52418fb36aad2,10,Ag-Nd-Pd-Pt-Tb,baseline,1,0,0
all30-final-made-7c0efd227bf52418fb36aad2,10,Ag-Nd-Pd-Pt-Tb,baseline,1,1,0
all30-final-made-7c0efd227bf52418fb36aad2,10,Ag-Nd-Pd-Pt-Tb,baseline,1,2,1
all30-final-made-7c0efd227bf52418fb36aad2,10,Ag-Nd-Pd-Pt-Tb,baseline,1,3,1
all30-final-made-7c0efd227bf52418fb36aad2,10,Ag-Nd-Pd-Pt-Tb,baseline,1,4,2
all30-final-made-7c0efd227bf52418fb36aad2,10,Ag-Nd-Pd-Pt-Tb,baseline,1,5,3
all30-final-made-7c0efd227bf52418fb36aad2,10,Ag-Nd-Pd-Pt-Tb,baseline,1,6,4
all30-final-made-7c0efd227bf52418fb36aad2,10,Ag-Nd-Pd-Pt-Tb,baseline,1,7,4
all30-final-made-7c0efd227bf52418fb36aad2,10,Ag-Nd-Pd-Pt-Tb,baseline,1,8,4
all30-final-made-7c0efd227bf52418fb36aad2,10,Ag-Nd-Pd-Pt-Tb,baseline,1,9,4
all30-final-made-7c0efd227bf52418fb36aad2,10,Ag-Nd-Pd-Pt-Tb,baseline,1,10,4
all30-final-made-699a176cb7e28a04547e3e15,10,Ag-Nd-Pd-Pt-Tb,esopt_graph_risk,1,0,0
all30-final-made-699a176cb7e28a04547e3e15,10,Ag-Nd-Pd-Pt-Tb,esopt_graph_risk,1,1,1
all30-final-made-699a176cb7e28a04547e3e15,10,Ag-Nd-Pd-Pt-Tb,esopt_graph_risk,1,2,1
all30-final-made-699a176cb7e28a04547e3e15,10,Ag-Nd-Pd-Pt-Tb,esopt_graph_risk,1,3,2
all30-final-made-699a176cb7e28a04547e3e15,10,Ag-Nd-Pd-Pt-Tb,esopt_graph_risk,1,4,3
all30-final-made-699a176cb7e28a04547e3e15,10,Ag-Nd-Pd-Pt-Tb,esopt_graph_risk,1,5,3
all30-final-made-699a176cb7e28a04547e3e15,10,Ag-Nd-Pd-Pt-Tb,esopt_graph_risk,1,6,4
all30-final-made-699a176cb7e28a04547e3e15,10,Ag-Nd-Pd-Pt-Tb,esopt_graph_risk,1,7,4
all30-final-made-699a176cb7e28a04547e3e15,10,Ag-Nd-Pd-Pt-Tb,esopt_graph_risk,1,8,4
all30-final-made-699a176cb7e28a04547e3e15,10,Ag-Nd-Pd-Pt-Tb,esopt_graph_risk,1,9,4
all30-final-made-699a176cb7e28a04547e3e15,10,Ag-Nd-Pd-Pt-Tb,esopt_graph_risk,1,10,5
all30-final-made-904eb201596a60402fead162,10,Al-Hg-K-Mg-W,baseline,1,0,0
all30-final-made-904eb201596a60402fead162,10,Al-Hg-K-Mg-W,baseline,1,1,0
all30-final-made-904eb201596a60402fead162,10,Al-Hg-K-Mg-W,baseline,1,2,0
all30-final-made-904eb201596a60402fead162,10,Al-Hg-K-Mg-W,baseline,1,3,0
all30-final-made-904eb201596a60402fead162,10,Al-Hg-K-Mg-W,baseline,1,4,0
all30-final-made-904eb201596a60402fead162,10,Al-Hg-K-Mg-W,baseline,1,5,0
all30-final-made-904eb201596a60402fead162,10,Al-Hg-K-Mg-W,baseline,1,6,0
all30-final-made-904eb201596a60402fead162,10,Al-Hg-K-Mg-W,baseline,1,7,0
all30-final-made-904eb201596a60402fead162,10,Al-Hg-K-Mg-W,baseline,1,8,0
all30-final-made-904eb201596a60402fead162,10,Al-Hg-K-Mg-W,baseline,1,9,0
all30-final-made-904eb201596a60402fead162,10,Al-Hg-K-Mg-W,baseline,1,10,0
all30-final-made-a42b15610f22ef80153727db,10,Al-Hg-K-Mg-W,esopt_graph_risk,1,0,0
all30-final-made-a42b15610f22ef80153727db,10,Al-Hg-K-Mg-W,esopt_graph_risk,1,1,0
all30-final-made-a42b15610f22ef80153727db,10,Al-Hg-K-Mg-W,esopt_graph_risk,1,2,0
all30-final-made-a42b15610f22ef80153727db,10,Al-Hg-K-Mg-W,esopt_graph_risk,1,3,0
all30-final-made-a42b15610f22ef80153727db,10,Al-Hg-K-Mg-W,esopt_graph_risk,1,4,0
all30-final-made-a42b15610f22ef80153727db,10,Al-Hg-K-Mg-W,esopt_graph_risk,1,5,0
all30-final-made-a42b15610f22ef80153727db,10,Al-Hg-K-Mg-W,esopt_graph_risk,1,6,0
all30-final-made-a42b15610f22ef80153727db,10,Al-Hg-K-Mg-W,esopt_graph_risk,1,7,0
all30-final-made-a42b15610f22ef80153727db,10,Al-Hg-K-Mg-W,esopt_graph_risk,1,8,0
all30-final-made-a42b15610f22ef80153727db,10,Al-Hg-K-Mg-W,esopt_graph_risk,1,9,0
all30-final-made-a42b15610f22ef80153727db,10,Al-Hg-K-Mg-W,esopt_graph_risk,1,10,0
core-final-made-b3cf3eb0b0abac870322dfca,10,Al-Li-V,baseline,1,0,0
core-final-made-b3cf3eb0b0abac870322dfca,10,Al-Li-V,baseline,1,1,0
core-final-made-b3cf3eb0b0abac870322dfca,10,Al-Li-V,baseline,1,2,0
core-final-made-b3cf3eb0b0abac870322dfca,10,Al-Li-V,baseline,1,3,0
core-final-made-b3cf3eb0b0abac870322dfca,10,Al-Li-V,baseline,1,4,0
core-final-made-b3cf3eb0b0abac870322dfca,10,Al-Li-V,baseline,1,5,0
core-final-made-b3cf3eb0b0abac870322dfca,10,Al-Li-V,baseline,1,6,0
core-final-made-b3cf3eb0b0abac870322dfca,10,Al-Li-V,baseline,1,7,0
core-final-made-b3cf3eb0b0abac870322dfca,10,Al-Li-V,baseline,1,8,0
core-final-made-b3cf3eb0b0abac870322dfca,10,Al-Li-V,baseline,1,9,0
core-final-made-b3cf3eb0b0abac870322dfca,10,Al-Li-V,baseline,1,10,0
core-final-made-62c11475b68fc27b52f90528,10,Al-Li-V,esopt_graph_risk,1,0,0
core-final-made-62c11475b68fc27b52f90528,10,Al-Li-V,esopt_graph_risk,1,1,0
core-final-made-62c11475b68fc27b52f90528,10,Al-Li-V,esopt_graph_risk,1,2,0
core-final-made-62c11475b68fc27b52f90528,10,Al-Li-V,esopt_graph_risk,1,3,0
core-final-made-62c11475b68fc27b52f90528,10,Al-Li-V,esopt_graph_risk,1,4,1
core-final-made-62c11475b68fc27b52f90528,10,Al-Li-V,esopt_graph_risk,1,5,1
core-final-made-62c11475b68fc27b52f90528,10,Al-Li-V,esopt_graph_risk,1,6,1
core-final-made-62c11475b68fc27b52f90528,10,Al-Li-V,esopt_graph_risk,1,7,1
core-final-made-62c11475b68fc27b52f90528,10,Al-Li-V,esopt_graph_risk,1,8,2
core-final-made-62c11475b68fc27b52f90528,10,Al-Li-V,esopt_graph_risk,1,9,2
core-final-made-62c11475b68fc27b52f90528,10,Al-Li-V,esopt_graph_risk,1,10,2
all30-final-made-e09a34e29836469e9ba4b8e4,10,Al-Lu-Pt-Rb-Sm,baseline,1,0,0
all30-final-made-e09a34e29836469e9ba4b8e4,10,Al-Lu-Pt-Rb-Sm,baseline,1,1,0
all30-final-made-e09a34e29836469e9ba4b8e4,10,Al-Lu-Pt-Rb-Sm,baseline,1,2,0
all30-final-made-e09a34e29836469e9ba4b8e4,10,Al-Lu-Pt-Rb-Sm,baseline,1,3,0
all30-final-made-e09a34e29836469e9ba4b8e4,10,Al-Lu-Pt-Rb-Sm,baseline,1,4,0
all30-final-made-e09a34e29836469e9ba4b8e4,10,Al-Lu-Pt-Rb-Sm,baseline,1,5,0
all30-final-made-e09a34e29836469e9ba4b8e4,10,Al-Lu-Pt-Rb-Sm,baseline,1,6,0
all30-final-made-e09a34e29836469e9ba4b8e4,10,Al-Lu-Pt-Rb-Sm,baseline,1,7,0
all30-final-made-e09a34e29836469e9ba4b8e4,10,Al-Lu-Pt-Rb-Sm,baseline,1,8,0
all30-final-made-e09a34e29836469e9ba4b8e4,10,Al-Lu-Pt-Rb-Sm,baseline,1,9,0
all30-final-made-e09a34e29836469e9ba4b8e4,10,Al-Lu-Pt-Rb-Sm,baseline,1,10,0
all30-final-made-9bf29fcfc2d0b0e48b8c6c4d,10,Al-Lu-Pt-Rb-Sm,esopt_graph_risk,1,0,0
all30-final-made-9bf29fcfc2d0b0e48b8c6c4d,10,Al-Lu-Pt-Rb-Sm,esopt_graph_risk,1,1,1
all30-final-made-9bf29fcfc2d0b0e48b8c6c4d,10,Al-Lu-Pt-Rb-Sm,esopt_graph_risk,1,2,2
all30-final-made-9bf29fcfc2d0b0e48b8c6c4d,10,Al-Lu-Pt-Rb-Sm,esopt_graph_risk,1,3,3
all30-final-made-9bf29fcfc2d0b0e48b8c6c4d,10,Al-Lu-Pt-Rb-Sm,esopt_graph_risk,1,4,4
all30-final-made-9bf29fcfc2d0b0e48b8c6c4d,10,Al-Lu-Pt-Rb-Sm,esopt_graph_risk,1,5,5
all30-final-made-9bf29fcfc2d0b0e48b8c6c4d,10,Al-Lu-Pt-Rb-Sm,esopt_graph_risk,1,6,5
all30-final-made-9bf29fcfc2d0b0e48b8c6c4d,10,Al-Lu-Pt-Rb-Sm,esopt_graph_risk,1,7,6
all30-final-made-9bf29fcfc2d0b0e48b8c6c4d,10,Al-Lu-Pt-Rb-Sm,esopt_graph_risk,1,8,6
all30-final-made-9bf29fcfc2d0b0e48b8c6c4d,10,Al-Lu-Pt-Rb-Sm,esopt_graph_risk,1,9,6
all30-final-made-9bf29fcfc2d0b0e48b8c6c4d,10,Al-Lu-Pt-Rb-Sm,esopt_graph_risk,1,10,7
core-final-made-e6ec0e8c12056042d3e30a1a,10,Al-V-Zn,baseline,1,0,0
core-final-made-e6ec0e8c12056042d3e30a1a,10,Al-V-Zn,baseline,1,1,1
core-final-made-e6ec0e8c12056042d3e30a1a,10,Al-V-Zn,baseline,1,2,1
core-final-made-e6ec0e8c12056042d3e30a1a,10,Al-V-Zn,baseline,1,3,2
core-final-made-e6ec0e8c12056042d3e30a1a,10,Al-V-Zn,baseline,1,4,3
core-final-made-e6ec0e8c12056042d3e30a1a,10,Al-V-Zn,baseline,1,5,4
core-final-made-e6ec0e8c12056042d3e30a1a,10,Al-V-Zn,baseline,1,6,5
core-final-made-e6ec0e8c12056042d3e30a1a,10,Al-V-Zn,baseline,1,7,5
core-final-made-e6ec0e8c12056042d3e30a1a,10,Al-V-Zn,baseline,1,8,5
core-final-made-e6ec0e8c12056042d3e30a1a,10,Al-V-Zn,baseline,1,9,5
core-final-made-e6ec0e8c12056042d3e30a1a,10,Al-V-Zn,baseline,1,10,6
core-final-made-d063abf251631ee8047431e9,10,Al-V-Zn,esopt_graph_risk,1,0,0
core-final-made-d063abf251631ee8047431e9,10,Al-V-Zn,esopt_graph_risk,1,1,0
core-final-made-d063abf251631ee8047431e9,10,Al-V-Zn,esopt_graph_risk,1,2,1
core-final-made-d063abf251631ee8047431e9,10,Al-V-Zn,esopt_graph_risk,1,3,1
core-final-made-d063abf251631ee8047431e9,10,Al-V-Zn,esopt_graph_risk,1,4,1
core-final-made-d063abf251631ee8047431e9,10,Al-V-Zn,esopt_graph_risk,1,5,2
core-final-made-d063abf251631ee8047431e9,10,Al-V-Zn,esopt_graph_risk,1,6,2
core-final-made-d063abf251631ee8047431e9,10,Al-V-Zn,esopt_graph_risk,1,7,2
core-final-made-d063abf251631ee8047431e9,10,Al-V-Zn,esopt_graph_risk,1,8,2
core-final-made-d063abf251631ee8047431e9,10,Al-V-Zn,esopt_graph_risk,1,9,3
core-final-made-d063abf251631ee8047431e9,10,Al-V-Zn,esopt_graph_risk,1,10,4
all30-final-made-38b4f9685baec5bbe9d9f95b,10,Au-Cr-Cs-Dy,baseline,1,0,0
all30-final-made-38b4f9685baec5bbe9d9f95b,10,Au-Cr-Cs-Dy,baseline,1,1,0
all30-final-made-38b4f9685baec5bbe9d9f95b,10,Au-Cr-Cs-Dy,baseline,1,2,0
all30-final-made-38b4f9685baec5bbe9d9f95b,10,Au-Cr-Cs-Dy,baseline,1,3,0
all30-final-made-38b4f9685baec5bbe9d9f95b,10,Au-Cr-Cs-Dy,baseline,1,4,0
all30-final-made-38b4f9685baec5bbe9d9f95b,10,Au-Cr-Cs-Dy,baseline,1,5,0
all30-final-made-38b4f9685baec5bbe9d9f95b,10,Au-Cr-Cs-Dy,baseline,1,6,0
all30-final-made-38b4f9685baec5bbe9d9f95b,10,Au-Cr-Cs-Dy,baseline,1,7,0
all30-final-made-38b4f9685baec5bbe9d9f95b,10,Au-Cr-Cs-Dy,baseline,1,8,0
all30-final-made-38b4f9685baec5bbe9d9f95b,10,Au-Cr-Cs-Dy,baseline,1,9,0
all30-final-made-38b4f9685baec5bbe9d9f95b,10,Au-Cr-Cs-Dy,baseline,1,10,0
all30-final-made-4754243cb39463fe720f858f,10,Au-Cr-Cs-Dy,esopt_graph_risk,1,0,0
all30-final-made-4754243cb39463fe720f858f,10,Au-Cr-Cs-Dy,esopt_graph_risk,1,1,0
all30-final-made-4754243cb39463fe720f858f,10,Au-Cr-Cs-Dy,esopt_graph_risk,1,2,0
all30-final-made-4754243cb39463fe720f858f,10,Au-Cr-Cs-Dy,esopt_graph_risk,1,3,0
all30-final-made-4754243cb39463fe720f858f,10,Au-Cr-Cs-Dy,esopt_graph_risk,1,4,0
all30-final-made-4754243cb39463fe720f858f,10,Au-Cr-Cs-Dy,esopt_graph_risk,1,5,0
all30-final-made-4754243cb39463fe720f858f,10,Au-Cr-Cs-Dy,esopt_graph_risk,1,6,0
all30-final-made-4754243cb39463fe720f858f,10,Au-Cr-Cs-Dy,esopt_graph_risk,1,7,0
all30-final-made-4754243cb39463fe720f858f,10,Au-Cr-Cs-Dy,esopt_graph_risk,1,8,0
all30-final-made-4754243cb39463fe720f858f,10,Au-Cr-Cs-Dy,esopt_graph_risk,1,9,0
all30-final-made-4754243cb39463fe720f858f,10,Au-Cr-Cs-Dy,esopt_graph_risk,1,10,0
extension-final-made-771b1767fddc6d875c57c295,10,Au-K-Tb,baseline,1,0,0
extension-final-made-771b1767fddc6d875c57c295,10,Au-K-Tb,baseline,1,1,1
extension-final-made-771b1767fddc6d875c57c295,10,Au-K-Tb,baseline,1,2,2
extension-final-made-771b1767fddc6d875c57c295,10,Au-K-Tb,baseline,1,3,3
extension-final-made-771b1767fddc6d875c57c295,10,Au-K-Tb,baseline,1,4,4
extension-final-made-771b1767fddc6d875c57c295,10,Au-K-Tb,baseline,1,5,4
extension-final-made-771b1767fddc6d875c57c295,10,Au-K-Tb,baseline,1,6,5
extension-final-made-771b1767fddc6d875c57c295,10,Au-K-Tb,baseline,1,7,6
extension-final-made-771b1767fddc6d875c57c295,10,Au-K-Tb,baseline,1,8,6
extension-final-made-771b1767fddc6d875c57c295,10,Au-K-Tb,baseline,1,9,6
extension-final-made-771b1767fddc6d875c57c295,10,Au-K-Tb,baseline,1,10,6
extension-final-made-c45054a96220519898111679,10,Au-K-Tb,esopt_graph_risk,1,0,0
extension-final-made-c45054a96220519898111679,10,Au-K-Tb,esopt_graph_risk,1,1,0
extension-final-made-c45054a96220519898111679,10,Au-K-Tb,esopt_graph_risk,1,2,0
extension-final-made-c45054a96220519898111679,10,Au-K-Tb,esopt_graph_risk,1,3,0
extension-final-made-c45054a96220519898111679,10,Au-K-Tb,esopt_graph_risk,1,4,0
extension-final-made-c45054a96220519898111679,10,Au-K-Tb,esopt_graph_risk,1,5,0
extension-final-made-c45054a96220519898111679,10,Au-K-Tb,esopt_graph_risk,1,6,0
extension-final-made-c45054a96220519898111679,10,Au-K-Tb,esopt_graph_risk,1,7,0
extension-final-made-c45054a96220519898111679,10,Au-K-Tb,esopt_graph_risk,1,8,0
extension-final-made-c45054a96220519898111679,10,Au-K-Tb,esopt_graph_risk,1,9,0
extension-final-made-c45054a96220519898111679,10,Au-K-Tb,esopt_graph_risk,1,10,0
all30-final-made-3a5820b8ce47b3e91e806915,10,Au-Tb-V-Y,baseline,1,0,0
all30-final-made-3a5820b8ce47b3e91e806915,10,Au-Tb-V-Y,baseline,1,1,0
all30-final-made-3a5820b8ce47b3e91e806915,10,Au-Tb-V-Y,baseline,1,2,0
all30-final-made-3a5820b8ce47b3e91e806915,10,Au-Tb-V-Y,baseline,1,3,0
all30-final-made-3a5820b8ce47b3e91e806915,10,Au-Tb-V-Y,baseline,1,4,0
all30-final-made-3a5820b8ce47b3e91e806915,10,Au-Tb-V-Y,baseline,1,5,0
all30-final-made-3a5820b8ce47b3e91e806915,10,Au-Tb-V-Y,baseline,1,6,0
all30-final-made-3a5820b8ce47b3e91e806915,10,Au-Tb-V-Y,baseline,1,7,0
all30-final-made-3a5820b8ce47b3e91e806915,10,Au-Tb-V-Y,baseline,1,8,0
all30-final-made-3a5820b8ce47b3e91e806915,10,Au-Tb-V-Y,baseline,1,9,0
all30-final-made-3a5820b8ce47b3e91e806915,10,Au-Tb-V-Y,baseline,1,10,0
all30-final-made-70b2bcb089d3baa38fa11a37,10,Au-Tb-V-Y,esopt_graph_risk,1,0,0
all30-final-made-70b2bcb089d3baa38fa11a37,10,Au-Tb-V-Y,esopt_graph_risk,1,1,0
all30-final-made-70b2bcb089d3baa38fa11a37,10,Au-Tb-V-Y,esopt_graph_risk,1,2,0
all30-final-made-70b2bcb089d3baa38fa11a37,10,Au-Tb-V-Y,esopt_graph_risk,1,3,0
all30-final-made-70b2bcb089d3baa38fa11a37,10,Au-Tb-V-Y,esopt_graph_risk,1,4,0
all30-final-made-70b2bcb089d3baa38fa11a37,10,Au-Tb-V-Y,esopt_graph_risk,1,5,0
all30-final-made-70b2bcb089d3baa38fa11a37,10,Au-Tb-V-Y,esopt_graph_risk,1,6,0
all30-final-made-70b2bcb089d3baa38fa11a37,10,Au-Tb-V-Y,esopt_graph_risk,1,7,0
all30-final-made-70b2bcb089d3baa38fa11a37,10,Au-Tb-V-Y,esopt_graph_risk,1,8,0
all30-final-made-70b2bcb089d3baa38fa11a37,10,Au-Tb-V-Y,esopt_graph_risk,1,9,0
all30-final-made-70b2bcb089d3baa38fa11a37,10,Au-Tb-V-Y,esopt_graph_risk,1,10,0
all30-final-made-6a08269555caa8120c6d8a31,10,Ba-Be-Hf-Li,baseline,1,0,0
all30-final-made-6a08269555caa8120c6d8a31,10,Ba-Be-Hf-Li,baseline,1,1,0
all30-final-made-6a08269555caa8120c6d8a31,10,Ba-Be-Hf-Li,baseline,1,2,0
all30-final-made-6a08269555caa8120c6d8a31,10,Ba-Be-Hf-Li,baseline,1,3,0
all30-final-made-6a08269555caa8120c6d8a31,10,Ba-Be-Hf-Li,baseline,1,4,0
all30-final-made-6a08269555caa8120c6d8a31,10,Ba-Be-Hf-Li,baseline,1,5,0
all30-final-made-6a08269555caa8120c6d8a31,10,Ba-Be-Hf-Li,baseline,1,6,0
all30-final-made-6a08269555caa8120c6d8a31,10,Ba-Be-Hf-Li,baseline,1,7,0
all30-final-made-6a08269555caa8120c6d8a31,10,Ba-Be-Hf-Li,baseline,1,8,0
all30-final-made-6a08269555caa8120c6d8a31,10,Ba-Be-Hf-Li,baseline,1,9,0
all30-final-made-6a08269555caa8120c6d8a31,10,Ba-Be-Hf-Li,baseline,1,10,0
all30-final-made-81f7ae6412df7a9830ab16d2,10,Ba-Be-Hf-Li,esopt_graph_risk,1,0,0
all30-final-made-81f7ae6412df7a9830ab16d2,10,Ba-Be-Hf-Li,esopt_graph_risk,1,1,0
all30-final-made-81f7ae6412df7a9830ab16d2,10,Ba-Be-Hf-Li,esopt_graph_risk,1,2,0
all30-final-made-81f7ae6412df7a9830ab16d2,10,Ba-Be-Hf-Li,esopt_graph_risk,1,3,0
all30-final-made-81f7ae6412df7a9830ab16d2,10,Ba-Be-Hf-Li,esopt_graph_risk,1,4,0
all30-final-made-81f7ae6412df7a9830ab16d2,10,Ba-Be-Hf-Li,esopt_graph_risk,1,5,0
all30-final-made-81f7ae6412df7a9830ab16d2,10,Ba-Be-Hf-Li,esopt_graph_risk,1,6,0
all30-final-made-81f7ae6412df7a9830ab16d2,10,Ba-Be-Hf-Li,esopt_graph_risk,1,7,0
all30-final-made-81f7ae6412df7a9830ab16d2,10,Ba-Be-Hf-Li,esopt_graph_risk,1,8,0
all30-final-made-81f7ae6412df7a9830ab16d2,10,Ba-Be-Hf-Li,esopt_graph_risk,1,9,0
all30-final-made-81f7ae6412df7a9830ab16d2,10,Ba-Be-Hf-Li,esopt_graph_risk,1,10,0
all30-final-made-6e37b7222567aa49a67d1d87,10,Ba-Nd-Ni-W,baseline,1,0,0
all30-final-made-6e37b7222567aa49a67d1d87,10,Ba-Nd-Ni-W,baseline,1,1,0
all30-final-made-6e37b7222567aa49a67d1d87,10,Ba-Nd-Ni-W,baseline,1,2,0
all30-final-made-6e37b7222567aa49a67d1d87,10,Ba-Nd-Ni-W,baseline,1,3,0
all30-final-made-6e37b7222567aa49a67d1d87,10,Ba-Nd-Ni-W,baseline,1,4,0
all30-final-made-6e37b7222567aa49a67d1d87,10,Ba-Nd-Ni-W,baseline,1,5,0
all30-final-made-6e37b7222567aa49a67d1d87,10,Ba-Nd-Ni-W,baseline,1,6,0
all30-final-made-6e37b7222567aa49a67d1d87,10,Ba-Nd-Ni-W,baseline,1,7,0
all30-final-made-6e37b7222567aa49a67d1d87,10,Ba-Nd-Ni-W,baseline,1,8,0
all30-final-made-6e37b7222567aa49a67d1d87,10,Ba-Nd-Ni-W,baseline,1,9,0
all30-final-made-6e37b7222567aa49a67d1d87,10,Ba-Nd-Ni-W,baseline,1,10,0
all30-final-made-3b6d75c2fa78012d74822eb9,10,Ba-Nd-Ni-W,esopt_graph_risk,1,0,0
all30-final-made-3b6d75c2fa78012d74822eb9,10,Ba-Nd-Ni-W,esopt_graph_risk,1,1,0
all30-final-made-3b6d75c2fa78012d74822eb9,10,Ba-Nd-Ni-W,esopt_graph_risk,1,2,0
all30-final-made-3b6d75c2fa78012d74822eb9,10,Ba-Nd-Ni-W,esopt_graph_risk,1,3,0
all30-final-made-3b6d75c2fa78012d74822eb9,10,Ba-Nd-Ni-W,esopt_graph_risk,1,4,0
all30-final-made-3b6d75c2fa78012d74822eb9,10,Ba-Nd-Ni-W,esopt_graph_risk,1,5,0
all30-final-made-3b6d75c2fa78012d74822eb9,10,Ba-Nd-Ni-W,esopt_graph_risk,1,6,0
all30-final-made-3b6d75c2fa78012d74822eb9,10,Ba-Nd-Ni-W,esopt_graph_risk,1,7,0
all30-final-made-3b6d75c2fa78012d74822eb9,10,Ba-Nd-Ni-W,esopt_graph_risk,1,8,0
all30-final-made-3b6d75c2fa78012d74822eb9,10,Ba-Nd-Ni-W,esopt_graph_risk,1,9,0
all30-final-made-3b6d75c2fa78012d74822eb9,10,Ba-Nd-Ni-W,esopt_graph_risk,1,10,0
all30-final-made-9577fc5b372192d5a57a0b66,10,Ca-Fe-Gd-Pb-Tb,baseline,1,0,0
all30-final-made-9577fc5b372192d5a57a0b66,10,Ca-Fe-Gd-Pb-Tb,baseline,1,1,0
all30-final-made-9577fc5b372192d5a57a0b66,10,Ca-Fe-Gd-Pb-Tb,baseline,1,2,0
all30-final-made-9577fc5b372192d5a57a0b66,10,Ca-Fe-Gd-Pb-Tb,baseline,1,3,0
all30-final-made-9577fc5b372192d5a57a0b66,10,Ca-Fe-Gd-Pb-Tb,baseline,1,4,0
all30-final-made-9577fc5b372192d5a57a0b66,10,Ca-Fe-Gd-Pb-Tb,baseline,1,5,0
all30-final-made-9577fc5b372192d5a57a0b66,10,Ca-Fe-Gd-Pb-Tb,baseline,1,6,1
all30-final-made-9577fc5b372192d5a57a0b66,10,Ca-Fe-Gd-Pb-Tb,baseline,1,7,1
all30-final-made-9577fc5b372192d5a57a0b66,10,Ca-Fe-Gd-Pb-Tb,baseline,1,8,1
all30-final-made-9577fc5b372192d5a57a0b66,10,Ca-Fe-Gd-Pb-Tb,baseline,1,9,1
all30-final-made-9577fc5b372192d5a57a0b66,10,Ca-Fe-Gd-Pb-Tb,baseline,1,10,1
all30-final-made-ca4d392d588e45b39931f2c9,10,Ca-Fe-Gd-Pb-Tb,esopt_graph_risk,1,0,0
all30-final-made-ca4d392d588e45b39931f2c9,10,Ca-Fe-Gd-Pb-Tb,esopt_graph_risk,1,1,0
all30-final-made-ca4d392d588e45b39931f2c9,10,Ca-Fe-Gd-Pb-Tb,esopt_graph_risk,1,2,0
all30-final-made-ca4d392d588e45b39931f2c9,10,Ca-Fe-Gd-Pb-Tb,esopt_graph_risk,1,3,0
all30-final-made-ca4d392d588e45b39931f2c9,10,Ca-Fe-Gd-Pb-Tb,esopt_graph_risk,1,4,0
all30-final-made-ca4d392d588e45b39931f2c9,10,Ca-Fe-Gd-Pb-Tb,esopt_graph_risk,1,5,0
all30-final-made-ca4d392d588e45b39931f2c9,10,Ca-Fe-Gd-Pb-Tb,esopt_graph_risk,1,6,0
all30-final-made-ca4d392d588e45b39931f2c9,10,Ca-Fe-Gd-Pb-Tb,esopt_graph_risk,1,7,1
all30-final-made-ca4d392d588e45b39931f2c9,10,Ca-Fe-Gd-Pb-Tb,esopt_graph_risk,1,8,1
all30-final-made-ca4d392d588e45b39931f2c9,10,Ca-Fe-Gd-Pb-Tb,esopt_graph_risk,1,9,2
all30-final-made-ca4d392d588e45b39931f2c9,10,Ca-Fe-Gd-Pb-Tb,esopt_graph_risk,1,10,2
all30-final-made-f97b9ead831963615e7b4a32,10,Ca-Pd-Sn-W,baseline,1,0,0
all30-final-made-f97b9ead831963615e7b4a32,10,Ca-Pd-Sn-W,baseline,1,1,0
all30-final-made-f97b9ead831963615e7b4a32,10,Ca-Pd-Sn-W,baseline,1,2,0
all30-final-made-f97b9ead831963615e7b4a32,10,Ca-Pd-Sn-W,baseline,1,3,0
all30-final-made-f97b9ead831963615e7b4a32,10,Ca-Pd-Sn-W,baseline,1,4,0
all30-final-made-f97b9ead831963615e7b4a32,10,Ca-Pd-Sn-W,baseline,1,5,0
all30-final-made-f97b9ead831963615e7b4a32,10,Ca-Pd-Sn-W,baseline,1,6,0
all30-final-made-f97b9ead831963615e7b4a32,10,Ca-Pd-Sn-W,baseline,1,7,0
all30-final-made-f97b9ead831963615e7b4a32,10,Ca-Pd-Sn-W,baseline,1,8,0
all30-final-made-f97b9ead831963615e7b4a32,10,Ca-Pd-Sn-W,baseline,1,9,0
all30-final-made-f97b9ead831963615e7b4a32,10,Ca-Pd-Sn-W,baseline,1,10,0
all30-final-made-47b3183a8bb689fcbb041a8f,10,Ca-Pd-Sn-W,esopt_graph_risk,1,0,0
all30-final-made-47b3183a8bb689fcbb041a8f,10,Ca-Pd-Sn-W,esopt_graph_risk,1,1,0
all30-final-made-47b3183a8bb689fcbb041a8f,10,Ca-Pd-Sn-W,esopt_graph_risk,1,2,0
all30-final-made-47b3183a8bb689fcbb041a8f,10,Ca-Pd-Sn-W,esopt_graph_risk,1,3,0
all30-final-made-47b3183a8bb689fcbb041a8f,10,Ca-Pd-Sn-W,esopt_graph_risk,1,4,0
all30-final-made-47b3183a8bb689fcbb041a8f,10,Ca-Pd-Sn-W,esopt_graph_risk,1,5,0
all30-final-made-47b3183a8bb689fcbb041a8f,10,Ca-Pd-Sn-W,esopt_graph_risk,1,6,0
all30-final-made-47b3183a8bb689fcbb041a8f,10,Ca-Pd-Sn-W,esopt_graph_risk,1,7,0
all30-final-made-47b3183a8bb689fcbb041a8f,10,Ca-Pd-Sn-W,esopt_graph_risk,1,8,0
all30-final-made-47b3183a8bb689fcbb041a8f,10,Ca-Pd-Sn-W,esopt_graph_risk,1,9,0
all30-final-made-47b3183a8bb689fcbb041a8f,10,Ca-Pd-Sn-W,esopt_graph_risk,1,10,0
all30-final-made-4f2170f84bd98c346e4d478e,10,Cd-Gd-Mn-Na-Ta,baseline,1,0,0
all30-final-made-4f2170f84bd98c346e4d478e,10,Cd-Gd-Mn-Na-Ta,baseline,1,1,0
all30-final-made-4f2170f84bd98c346e4d478e,10,Cd-Gd-Mn-Na-Ta,baseline,1,2,0
all30-final-made-4f2170f84bd98c346e4d478e,10,Cd-Gd-Mn-Na-Ta,baseline,1,3,0
all30-final-made-4f2170f84bd98c346e4d478e,10,Cd-Gd-Mn-Na-Ta,baseline,1,4,0
all30-final-made-4f2170f84bd98c346e4d478e,10,Cd-Gd-Mn-Na-Ta,baseline,1,5,0
all30-final-made-4f2170f84bd98c346e4d478e,10,Cd-Gd-Mn-Na-Ta,baseline,1,6,0
all30-final-made-4f2170f84bd98c346e4d478e,10,Cd-Gd-Mn-Na-Ta,baseline,1,7,0
all30-final-made-4f2170f84bd98c346e4d478e,10,Cd-Gd-Mn-Na-Ta,baseline,1,8,0
all30-final-made-4f2170f84bd98c346e4d478e,10,Cd-Gd-Mn-Na-Ta,baseline,1,9,0
all30-final-made-4f2170f84bd98c346e4d478e,10,Cd-Gd-Mn-Na-Ta,baseline,1,10,0
all30-final-made-77e8aed9df72d16d470b6252,10,Cd-Gd-Mn-Na-Ta,esopt_graph_risk,1,0,0
all30-final-made-77e8aed9df72d16d470b6252,10,Cd-Gd-Mn-Na-Ta,esopt_graph_risk,1,1,0
all30-final-made-77e8aed9df72d16d470b6252,10,Cd-Gd-Mn-Na-Ta,esopt_graph_risk,1,2,0
all30-final-made-77e8aed9df72d16d470b6252,10,Cd-Gd-Mn-Na-Ta,esopt_graph_risk,1,3,0
all30-final-made-77e8aed9df72d16d470b6252,10,Cd-Gd-Mn-Na-Ta,esopt_graph_risk,1,4,0
all30-final-made-77e8aed9df72d16d470b6252,10,Cd-Gd-Mn-Na-Ta,esopt_graph_risk,1,5,0
all30-final-made-77e8aed9df72d16d470b6252,10,Cd-Gd-Mn-Na-Ta,esopt_graph_risk,1,6,0
all30-final-made-77e8aed9df72d16d470b6252,10,Cd-Gd-Mn-Na-Ta,esopt_graph_risk,1,7,0
all30-final-made-77e8aed9df72d16d470b6252,10,Cd-Gd-Mn-Na-Ta,esopt_graph_risk,1,8,0
all30-final-made-77e8aed9df72d16d470b6252,10,Cd-Gd-Mn-Na-Ta,esopt_graph_risk,1,9,0
all30-final-made-77e8aed9df72d16d470b6252,10,Cd-Gd-Mn-Na-Ta,esopt_graph_risk,1,10,0
all30-final-made-b9fe5a319d6c88bb44e6d609,10,Cd-Li-Nd-Ti-W,baseline,1,0,0
all30-final-made-b9fe5a319d6c88bb44e6d609,10,Cd-Li-Nd-Ti-W,baseline,1,1,0
all30-final-made-b9fe5a319d6c88bb44e6d609,10,Cd-Li-Nd-Ti-W,baseline,1,2,0
all30-final-made-b9fe5a319d6c88bb44e6d609,10,Cd-Li-Nd-Ti-W,baseline,1,3,0
all30-final-made-b9fe5a319d6c88bb44e6d609,10,Cd-Li-Nd-Ti-W,baseline,1,4,0
all30-final-made-b9fe5a319d6c88bb44e6d609,10,Cd-Li-Nd-Ti-W,baseline,1,5,0
all30-final-made-b9fe5a319d6c88bb44e6d609,10,Cd-Li-Nd-Ti-W,baseline,1,6,0
all30-final-made-b9fe5a319d6c88bb44e6d609,10,Cd-Li-Nd-Ti-W,baseline,1,7,0
all30-final-made-b9fe5a319d6c88bb44e6d609,10,Cd-Li-Nd-Ti-W,baseline,1,8,0
all30-final-made-b9fe5a319d6c88bb44e6d609,10,Cd-Li-Nd-Ti-W,baseline,1,9,0
all30-final-made-b9fe5a319d6c88bb44e6d609,10,Cd-Li-Nd-Ti-W,baseline,1,10,0
all30-final-made-844717030b1249db9cea8c19,10,Cd-Li-Nd-Ti-W,esopt_graph_risk,1,0,0
all30-final-made-844717030b1249db9cea8c19,10,Cd-Li-Nd-Ti-W,esopt_graph_risk,1,1,1
all30-final-made-844717030b1249db9cea8c19,10,Cd-Li-Nd-Ti-W,esopt_graph_risk,1,2,1
all30-final-made-844717030b1249db9cea8c19,10,Cd-Li-Nd-Ti-W,esopt_graph_risk,1,3,2
all30-final-made-844717030b1249db9cea8c19,10,Cd-Li-Nd-Ti-W,esopt_graph_risk,1,4,3
all30-final-made-844717030b1249db9cea8c19,10,Cd-Li-Nd-Ti-W,esopt_graph_risk,1,5,3
all30-final-made-844717030b1249db9cea8c19,10,Cd-Li-Nd-Ti-W,esopt_graph_risk,1,6,4
all30-final-made-844717030b1249db9cea8c19,10,Cd-Li-Nd-Ti-W,esopt_graph_risk,1,7,5
all30-final-made-844717030b1249db9cea8c19,10,Cd-Li-Nd-Ti-W,esopt_graph_risk,1,8,5
all30-final-made-844717030b1249db9cea8c19,10,Cd-Li-Nd-Ti-W,esopt_graph_risk,1,9,6
all30-final-made-844717030b1249db9cea8c19,10,Cd-Li-Nd-Ti-W,esopt_graph_risk,1,10,7
all30-final-made-b0b5169d793729c1ce52868e,10,Ce-Er-Pb-Rh,baseline,1,0,0
all30-final-made-b0b5169d793729c1ce52868e,10,Ce-Er-Pb-Rh,baseline,1,1,1
all30-final-made-b0b5169d793729c1ce52868e,10,Ce-Er-Pb-Rh,baseline,1,2,1
all30-final-made-b0b5169d793729c1ce52868e,10,Ce-Er-Pb-Rh,baseline,1,3,1
all30-final-made-b0b5169d793729c1ce52868e,10,Ce-Er-Pb-Rh,baseline,1,4,1
all30-final-made-b0b5169d793729c1ce52868e,10,Ce-Er-Pb-Rh,baseline,1,5,1
all30-final-made-b0b5169d793729c1ce52868e,10,Ce-Er-Pb-Rh,baseline,1,6,1
all30-final-made-b0b5169d793729c1ce52868e,10,Ce-Er-Pb-Rh,baseline,1,7,1
all30-final-made-b0b5169d793729c1ce52868e,10,Ce-Er-Pb-Rh,baseline,1,8,1
all30-final-made-b0b5169d793729c1ce52868e,10,Ce-Er-Pb-Rh,baseline,1,9,1
all30-final-made-b0b5169d793729c1ce52868e,10,Ce-Er-Pb-Rh,baseline,1,10,1
all30-final-made-ad9a8021ac5bcfa3cbf9354b,10,Ce-Er-Pb-Rh,esopt_graph_risk,1,0,0
all30-final-made-ad9a8021ac5bcfa3cbf9354b,10,Ce-Er-Pb-Rh,esopt_graph_risk,1,1,1
all30-final-made-ad9a8021ac5bcfa3cbf9354b,10,Ce-Er-Pb-Rh,esopt_graph_risk,1,2,1
all30-final-made-ad9a8021ac5bcfa3cbf9354b,10,Ce-Er-Pb-Rh,esopt_graph_risk,1,3,2
all30-final-made-ad9a8021ac5bcfa3cbf9354b,10,Ce-Er-Pb-Rh,esopt_graph_risk,1,4,3
all30-final-made-ad9a8021ac5bcfa3cbf9354b,10,Ce-Er-Pb-Rh,esopt_graph_risk,1,5,4
all30-final-made-ad9a8021ac5bcfa3cbf9354b,10,Ce-Er-Pb-Rh,esopt_graph_risk,1,6,4
all30-final-made-ad9a8021ac5bcfa3cbf9354b,10,Ce-Er-Pb-Rh,esopt_graph_risk,1,7,4
all30-final-made-ad9a8021ac5bcfa3cbf9354b,10,Ce-Er-Pb-Rh,esopt_graph_risk,1,8,4
all30-final-made-ad9a8021ac5bcfa3cbf9354b,10,Ce-Er-Pb-Rh,esopt_graph_risk,1,9,4
all30-final-made-ad9a8021ac5bcfa3cbf9354b,10,Ce-Er-Pb-Rh,esopt_graph_risk,1,10,4
all30-final-made-b02d850a98d7df9b443caae7,10,Ce-Ir-Pt-Sn,baseline,1,0,0
all30-final-made-b02d850a98d7df9b443caae7,10,Ce-Ir-Pt-Sn,baseline,1,1,0
all30-final-made-b02d850a98d7df9b443caae7,10,Ce-Ir-Pt-Sn,baseline,1,2,1
all30-final-made-b02d850a98d7df9b443caae7,10,Ce-Ir-Pt-Sn,baseline,1,3,2
all30-final-made-b02d850a98d7df9b443caae7,10,Ce-Ir-Pt-Sn,baseline,1,4,2
all30-final-made-b02d850a98d7df9b443caae7,10,Ce-Ir-Pt-Sn,baseline,1,5,2
all30-final-made-b02d850a98d7df9b443caae7,10,Ce-Ir-Pt-Sn,baseline,1,6,2
all30-final-made-b02d850a98d7df9b443caae7,10,Ce-Ir-Pt-Sn,baseline,1,7,2
all30-final-made-b02d850a98d7df9b443caae7,10,Ce-Ir-Pt-Sn,baseline,1,8,2
all30-final-made-b02d850a98d7df9b443caae7,10,Ce-Ir-Pt-Sn,baseline,1,9,2
all30-final-made-b02d850a98d7df9b443caae7,10,Ce-Ir-Pt-Sn,baseline,1,10,3
all30-final-made-9d0aa6b7ec047537b2499ee9,10,Ce-Ir-Pt-Sn,esopt_graph_risk,1,0,0
all30-final-made-9d0aa6b7ec047537b2499ee9,10,Ce-Ir-Pt-Sn,esopt_graph_risk,1,1,0
all30-final-made-9d0aa6b7ec047537b2499ee9,10,Ce-Ir-Pt-Sn,esopt_graph_risk,1,2,0
all30-final-made-9d0aa6b7ec047537b2499ee9,10,Ce-Ir-Pt-Sn,esopt_graph_risk,1,3,0
all30-final-made-9d0aa6b7ec047537b2499ee9,10,Ce-Ir-Pt-Sn,esopt_graph_risk,1,4,0
all30-final-made-9d0aa6b7ec047537b2499ee9,10,Ce-Ir-Pt-Sn,esopt_graph_risk,1,5,0
all30-final-made-9d0aa6b7ec047537b2499ee9,10,Ce-Ir-Pt-Sn,esopt_graph_risk,1,6,0
all30-final-made-9d0aa6b7ec047537b2499ee9,10,Ce-Ir-Pt-Sn,esopt_graph_risk,1,7,0
all30-final-made-9d0aa6b7ec047537b2499ee9,10,Ce-Ir-Pt-Sn,esopt_graph_risk,1,8,0
all30-final-made-9d0aa6b7ec047537b2499ee9,10,Ce-Ir-Pt-Sn,esopt_graph_risk,1,9,0
all30-final-made-9d0aa6b7ec047537b2499ee9,10,Ce-Ir-Pt-Sn,esopt_graph_risk,1,10,0
all30-final-made-8f2f1a7d5d9c8003b8c178a8,10,Co-Dy-Ta-Y,baseline,1,0,0
all30-final-made-8f2f1a7d5d9c8003b8c178a8,10,Co-Dy-Ta-Y,baseline,1,1,0
all30-final-made-8f2f1a7d5d9c8003b8c178a8,10,Co-Dy-Ta-Y,baseline,1,2,0
all30-final-made-8f2f1a7d5d9c8003b8c178a8,10,Co-Dy-Ta-Y,baseline,1,3,0
all30-final-made-8f2f1a7d5d9c8003b8c178a8,10,Co-Dy-Ta-Y,baseline,1,4,0
all30-final-made-8f2f1a7d5d9c8003b8c178a8,10,Co-Dy-Ta-Y,baseline,1,5,0
all30-final-made-8f2f1a7d5d9c8003b8c178a8,10,Co-Dy-Ta-Y,baseline,1,6,1
all30-final-made-8f2f1a7d5d9c8003b8c178a8,10,Co-Dy-Ta-Y,baseline,1,7,1
all30-final-made-8f2f1a7d5d9c8003b8c178a8,10,Co-Dy-Ta-Y,baseline,1,8,1
all30-final-made-8f2f1a7d5d9c8003b8c178a8,10,Co-Dy-Ta-Y,baseline,1,9,1
all30-final-made-8f2f1a7d5d9c8003b8c178a8,10,Co-Dy-Ta-Y,baseline,1,10,1
all30-final-made-9bfd0c2924e1c0658de0c66d,10,Co-Dy-Ta-Y,esopt_graph_risk,1,0,0
all30-final-made-9bfd0c2924e1c0658de0c66d,10,Co-Dy-Ta-Y,esopt_graph_risk,1,1,0
all30-final-made-9bfd0c2924e1c0658de0c66d,10,Co-Dy-Ta-Y,esopt_graph_risk,1,2,0
all30-final-made-9bfd0c2924e1c0658de0c66d,10,Co-Dy-Ta-Y,esopt_graph_risk,1,3,0
all30-final-made-9bfd0c2924e1c0658de0c66d,10,Co-Dy-Ta-Y,esopt_graph_risk,1,4,0
all30-final-made-9bfd0c2924e1c0658de0c66d,10,Co-Dy-Ta-Y,esopt_graph_risk,1,5,0
all30-final-made-9bfd0c2924e1c0658de0c66d,10,Co-Dy-Ta-Y,esopt_graph_risk,1,6,0
all30-final-made-9bfd0c2924e1c0658de0c66d,10,Co-Dy-Ta-Y,esopt_graph_risk,1,7,0
all30-final-made-9bfd0c2924e1c0658de0c66d,10,Co-Dy-Ta-Y,esopt_graph_risk,1,8,0
all30-final-made-9bfd0c2924e1c0658de0c66d,10,Co-Dy-Ta-Y,esopt_graph_risk,1,9,0
all30-final-made-9bfd0c2924e1c0658de0c66d,10,Co-Dy-Ta-Y,esopt_graph_risk,1,10,0
extension-final-made-f909f98ebec6c4dab4535b82,10,Co-Dy-W,baseline,1,0,0
extension-final-made-f909f98ebec6c4dab4535b82,10,Co-Dy-W,baseline,1,1,0
extension-final-made-f909f98ebec6c4dab4535b82,10,Co-Dy-W,baseline,1,2,0
extension-final-made-f909f98ebec6c4dab4535b82,10,Co-Dy-W,baseline,1,3,0
extension-final-made-f909f98ebec6c4dab4535b82,10,Co-Dy-W,baseline,1,4,0
extension-final-made-f909f98ebec6c4dab4535b82,10,Co-Dy-W,baseline,1,5,0
extension-final-made-f909f98ebec6c4dab4535b82,10,Co-Dy-W,baseline,1,6,0
extension-final-made-f909f98ebec6c4dab4535b82,10,Co-Dy-W,baseline,1,7,0
extension-final-made-f909f98ebec6c4dab4535b82,10,Co-Dy-W,baseline,1,8,0
extension-final-made-f909f98ebec6c4dab4535b82,10,Co-Dy-W,baseline,1,9,0
extension-final-made-f909f98ebec6c4dab4535b82,10,Co-Dy-W,baseline,1,10,0
extension-final-made-ee71cc7e8c4f6d365c622b99,10,Co-Dy-W,esopt_graph_risk,1,0,0
extension-final-made-ee71cc7e8c4f6d365c622b99,10,Co-Dy-W,esopt_graph_risk,1,1,0
extension-final-made-ee71cc7e8c4f6d365c622b99,10,Co-Dy-W,esopt_graph_risk,1,2,0
extension-final-made-ee71cc7e8c4f6d365c622b99,10,Co-Dy-W,esopt_graph_risk,1,3,0
extension-final-made-ee71cc7e8c4f6d365c622b99,10,Co-Dy-W,esopt_graph_risk,1,4,0
extension-final-made-ee71cc7e8c4f6d365c622b99,10,Co-Dy-W,esopt_graph_risk,1,5,0
extension-final-made-ee71cc7e8c4f6d365c622b99,10,Co-Dy-W,esopt_graph_risk,1,6,0
extension-final-made-ee71cc7e8c4f6d365c622b99,10,Co-Dy-W,esopt_graph_risk,1,7,0
extension-final-made-ee71cc7e8c4f6d365c622b99,10,Co-Dy-W,esopt_graph_risk,1,8,0
extension-final-made-ee71cc7e8c4f6d365c622b99,10,Co-Dy-W,esopt_graph_risk,1,9,0
extension-final-made-ee71cc7e8c4f6d365c622b99,10,Co-Dy-W,esopt_graph_risk,1,10,0
all30-final-made-cb6bf8e9beffc5bb74ce0332,10,Co-Hf-In-Ru-Tm,baseline,1,0,0
all30-final-made-cb6bf8e9beffc5bb74ce0332,10,Co-Hf-In-Ru-Tm,baseline,1,1,0
all30-final-made-cb6bf8e9beffc5bb74ce0332,10,Co-Hf-In-Ru-Tm,baseline,1,2,0
all30-final-made-cb6bf8e9beffc5bb74ce0332,10,Co-Hf-In-Ru-Tm,baseline,1,3,0
all30-final-made-cb6bf8e9beffc5bb74ce0332,10,Co-Hf-In-Ru-Tm,baseline,1,4,0
all30-final-made-cb6bf8e9beffc5bb74ce0332,10,Co-Hf-In-Ru-Tm,baseline,1,5,0
all30-final-made-cb6bf8e9beffc5bb74ce0332,10,Co-Hf-In-Ru-Tm,baseline,1,6,0
all30-final-made-cb6bf8e9beffc5bb74ce0332,10,Co-Hf-In-Ru-Tm,baseline,1,7,0
all30-final-made-cb6bf8e9beffc5bb74ce0332,10,Co-Hf-In-Ru-Tm,baseline,1,8,0
all30-final-made-cb6bf8e9beffc5bb74ce0332,10,Co-Hf-In-Ru-Tm,baseline,1,9,0
all30-final-made-cb6bf8e9beffc5bb74ce0332,10,Co-Hf-In-Ru-Tm,baseline,1,10,0
all30-final-made-0cd1e203de524cca41df900f,10,Co-Hf-In-Ru-Tm,esopt_graph_risk,1,0,0
all30-final-made-0cd1e203de524cca41df900f,10,Co-Hf-In-Ru-Tm,esopt_graph_risk,1,1,0
all30-final-made-0cd1e203de524cca41df900f,10,Co-Hf-In-Ru-Tm,esopt_graph_risk,1,2,0
all30-final-made-0cd1e203de524cca41df900f,10,Co-Hf-In-Ru-Tm,esopt_graph_risk,1,3,0
all30-final-made-0cd1e203de524cca41df900f,10,Co-Hf-In-Ru-Tm,esopt_graph_risk,1,4,0
all30-final-made-0cd1e203de524cca41df900f,10,Co-Hf-In-Ru-Tm,esopt_graph_risk,1,5,0
all30-final-made-0cd1e203de524cca41df900f,10,Co-Hf-In-Ru-Tm,esopt_graph_risk,1,6,0
all30-final-made-0cd1e203de524cca41df900f,10,Co-Hf-In-Ru-Tm,esopt_graph_risk,1,7,0
all30-final-made-0cd1e203de524cca41df900f,10,Co-Hf-In-Ru-Tm,esopt_graph_risk,1,8,0
all30-final-made-0cd1e203de524cca41df900f,10,Co-Hf-In-Ru-Tm,esopt_graph_risk,1,9,0
all30-final-made-0cd1e203de524cca41df900f,10,Co-Hf-In-Ru-Tm,esopt_graph_risk,1,10,0
all30-final-made-d9145d771ec6fc6924d7a738,10,Co-Hg-Mg-Sr-W,baseline,1,0,0
all30-final-made-d9145d771ec6fc6924d7a738,10,Co-Hg-Mg-Sr-W,baseline,1,1,0
all30-final-made-d9145d771ec6fc6924d7a738,10,Co-Hg-Mg-Sr-W,baseline,1,2,0
all30-final-made-d9145d771ec6fc6924d7a738,10,Co-Hg-Mg-Sr-W,baseline,1,3,0
all30-final-made-d9145d771ec6fc6924d7a738,10,Co-Hg-Mg-Sr-W,baseline,1,4,0
all30-final-made-d9145d771ec6fc6924d7a738,10,Co-Hg-Mg-Sr-W,baseline,1,5,0
all30-final-made-d9145d771ec6fc6924d7a738,10,Co-Hg-Mg-Sr-W,baseline,1,6,0
all30-final-made-d9145d771ec6fc6924d7a738,10,Co-Hg-Mg-Sr-W,baseline,1,7,0
all30-final-made-d9145d771ec6fc6924d7a738,10,Co-Hg-Mg-Sr-W,baseline,1,8,0
all30-final-made-d9145d771ec6fc6924d7a738,10,Co-Hg-Mg-Sr-W,baseline,1,9,0
all30-final-made-d9145d771ec6fc6924d7a738,10,Co-Hg-Mg-Sr-W,baseline,1,10,0
all30-final-made-32f7c3901d238e4cf22c39b3,10,Co-Hg-Mg-Sr-W,esopt_graph_risk,1,0,0
all30-final-made-32f7c3901d238e4cf22c39b3,10,Co-Hg-Mg-Sr-W,esopt_graph_risk,1,1,0
all30-final-made-32f7c3901d238e4cf22c39b3,10,Co-Hg-Mg-Sr-W,esopt_graph_risk,1,2,0
all30-final-made-32f7c3901d238e4cf22c39b3,10,Co-Hg-Mg-Sr-W,esopt_graph_risk,1,3,0
all30-final-made-32f7c3901d238e4cf22c39b3,10,Co-Hg-Mg-Sr-W,esopt_graph_risk,1,4,0
all30-final-made-32f7c3901d238e4cf22c39b3,10,Co-Hg-Mg-Sr-W,esopt_graph_risk,1,5,0
all30-final-made-32f7c3901d238e4cf22c39b3,10,Co-Hg-Mg-Sr-W,esopt_graph_risk,1,6,0
all30-final-made-32f7c3901d238e4cf22c39b3,10,Co-Hg-Mg-Sr-W,esopt_graph_risk,1,7,0
all30-final-made-32f7c3901d238e4cf22c39b3,10,Co-Hg-Mg-Sr-W,esopt_graph_risk,1,8,0
all30-final-made-32f7c3901d238e4cf22c39b3,10,Co-Hg-Mg-Sr-W,esopt_graph_risk,1,9,0
all30-final-made-32f7c3901d238e4cf22c39b3,10,Co-Hg-Mg-Sr-W,esopt_graph_risk,1,10,0
extension-final-made-6984f2ad558abdeabef13188,10,Co-Mg-Na,baseline,1,0,0
extension-final-made-6984f2ad558abdeabef13188,10,Co-Mg-Na,baseline,1,1,0
extension-final-made-6984f2ad558abdeabef13188,10,Co-Mg-Na,baseline,1,2,0
extension-final-made-6984f2ad558abdeabef13188,10,Co-Mg-Na,baseline,1,3,0
extension-final-made-6984f2ad558abdeabef13188,10,Co-Mg-Na,baseline,1,4,0
extension-final-made-6984f2ad558abdeabef13188,10,Co-Mg-Na,baseline,1,5,0
extension-final-made-6984f2ad558abdeabef13188,10,Co-Mg-Na,baseline,1,6,0
extension-final-made-6984f2ad558abdeabef13188,10,Co-Mg-Na,baseline,1,7,0
extension-final-made-6984f2ad558abdeabef13188,10,Co-Mg-Na,baseline,1,8,0
extension-final-made-6984f2ad558abdeabef13188,10,Co-Mg-Na,baseline,1,9,0
extension-final-made-6984f2ad558abdeabef13188,10,Co-Mg-Na,baseline,1,10,0
extension-final-made-1c68af5110c5af1dffea6c7d,10,Co-Mg-Na,esopt_graph_risk,1,0,0
extension-final-made-1c68af5110c5af1dffea6c7d,10,Co-Mg-Na,esopt_graph_risk,1,1,0
extension-final-made-1c68af5110c5af1dffea6c7d,10,Co-Mg-Na,esopt_graph_risk,1,2,0
extension-final-made-1c68af5110c5af1dffea6c7d,10,Co-Mg-Na,esopt_graph_risk,1,3,0
extension-final-made-1c68af5110c5af1dffea6c7d,10,Co-Mg-Na,esopt_graph_risk,1,4,0
extension-final-made-1c68af5110c5af1dffea6c7d,10,Co-Mg-Na,esopt_graph_risk,1,5,0
extension-final-made-1c68af5110c5af1dffea6c7d,10,Co-Mg-Na,esopt_graph_risk,1,6,0
extension-final-made-1c68af5110c5af1dffea6c7d,10,Co-Mg-Na,esopt_graph_risk,1,7,0
extension-final-made-1c68af5110c5af1dffea6c7d,10,Co-Mg-Na,esopt_graph_risk,1,8,0
extension-final-made-1c68af5110c5af1dffea6c7d,10,Co-Mg-Na,esopt_graph_risk,1,9,0
extension-final-made-1c68af5110c5af1dffea6c7d,10,Co-Mg-Na,esopt_graph_risk,1,10,0
all30-final-made-7d6cba0dbc20d964713362bb,10,Co-Pd-Tl,baseline,1,0,0
all30-final-made-7d6cba0dbc20d964713362bb,10,Co-Pd-Tl,baseline,1,1,0
all30-final-made-7d6cba0dbc20d964713362bb,10,Co-Pd-Tl,baseline,1,2,0
all30-final-made-7d6cba0dbc20d964713362bb,10,Co-Pd-Tl,baseline,1,3,0
all30-final-made-7d6cba0dbc20d964713362bb,10,Co-Pd-Tl,baseline,1,4,0
all30-final-made-7d6cba0dbc20d964713362bb,10,Co-Pd-Tl,baseline,1,5,0
all30-final-made-7d6cba0dbc20d964713362bb,10,Co-Pd-Tl,baseline,1,6,0
all30-final-made-7d6cba0dbc20d964713362bb,10,Co-Pd-Tl,baseline,1,7,0
all30-final-made-7d6cba0dbc20d964713362bb,10,Co-Pd-Tl,baseline,1,8,0
all30-final-made-7d6cba0dbc20d964713362bb,10,Co-Pd-Tl,baseline,1,9,0
all30-final-made-7d6cba0dbc20d964713362bb,10,Co-Pd-Tl,baseline,1,10,0
all30-final-made-45444501a86d93fedab34138,10,Co-Pd-Tl,esopt_graph_risk,1,0,0
all30-final-made-45444501a86d93fedab34138,10,Co-Pd-Tl,esopt_graph_risk,1,1,0
all30-final-made-45444501a86d93fedab34138,10,Co-Pd-Tl,esopt_graph_risk,1,2,0
all30-final-made-45444501a86d93fedab34138,10,Co-Pd-Tl,esopt_graph_risk,1,3,0
all30-final-made-45444501a86d93fedab34138,10,Co-Pd-Tl,esopt_graph_risk,1,4,0
all30-final-made-45444501a86d93fedab34138,10,Co-Pd-Tl,esopt_graph_risk,1,5,0
all30-final-made-45444501a86d93fedab34138,10,Co-Pd-Tl,esopt_graph_risk,1,6,0
all30-final-made-45444501a86d93fedab34138,10,Co-Pd-Tl,esopt_graph_risk,1,7,0
all30-final-made-45444501a86d93fedab34138,10,Co-Pd-Tl,esopt_graph_risk,1,8,0
all30-final-made-45444501a86d93fedab34138,10,Co-Pd-Tl,esopt_graph_risk,1,9,0
all30-final-made-45444501a86d93fedab34138,10,Co-Pd-Tl,esopt_graph_risk,1,10,0
all30-final-made-fc32992f7efefd416e04c208,10,Cr-Fe-Lu-Pt-Sc,baseline,1,0,0
all30-final-made-fc32992f7efefd416e04c208,10,Cr-Fe-Lu-Pt-Sc,baseline,1,1,0
all30-final-made-fc32992f7efefd416e04c208,10,Cr-Fe-Lu-Pt-Sc,baseline,1,2,0
all30-final-made-fc32992f7efefd416e04c208,10,Cr-Fe-Lu-Pt-Sc,baseline,1,3,0
all30-final-made-fc32992f7efefd416e04c208,10,Cr-Fe-Lu-Pt-Sc,baseline,1,4,0
all30-final-made-fc32992f7efefd416e04c208,10,Cr-Fe-Lu-Pt-Sc,baseline,1,5,0
all30-final-made-fc32992f7efefd416e04c208,10,Cr-Fe-Lu-Pt-Sc,baseline,1,6,0
all30-final-made-fc32992f7efefd416e04c208,10,Cr-Fe-Lu-Pt-Sc,baseline,1,7,0
all30-final-made-fc32992f7efefd416e04c208,10,Cr-Fe-Lu-Pt-Sc,baseline,1,8,0
all30-final-made-fc32992f7efefd416e04c208,10,Cr-Fe-Lu-Pt-Sc,baseline,1,9,0
all30-final-made-fc32992f7efefd416e04c208,10,Cr-Fe-Lu-Pt-Sc,baseline,1,10,0
all30-final-made-2f9df183906d1a04875a9fe2,10,Cr-Fe-Lu-Pt-Sc,esopt_graph_risk,1,0,0
all30-final-made-2f9df183906d1a04875a9fe2,10,Cr-Fe-Lu-Pt-Sc,esopt_graph_risk,1,1,0
all30-final-made-2f9df183906d1a04875a9fe2,10,Cr-Fe-Lu-Pt-Sc,esopt_graph_risk,1,2,0
all30-final-made-2f9df183906d1a04875a9fe2,10,Cr-Fe-Lu-Pt-Sc,esopt_graph_risk,1,3,0
all30-final-made-2f9df183906d1a04875a9fe2,10,Cr-Fe-Lu-Pt-Sc,esopt_graph_risk,1,4,0
all30-final-made-2f9df183906d1a04875a9fe2,10,Cr-Fe-Lu-Pt-Sc,esopt_graph_risk,1,5,0
all30-final-made-2f9df183906d1a04875a9fe2,10,Cr-Fe-Lu-Pt-Sc,esopt_graph_risk,1,6,0
all30-final-made-2f9df183906d1a04875a9fe2,10,Cr-Fe-Lu-Pt-Sc,esopt_graph_risk,1,7,0
all30-final-made-2f9df183906d1a04875a9fe2,10,Cr-Fe-Lu-Pt-Sc,esopt_graph_risk,1,8,0
all30-final-made-2f9df183906d1a04875a9fe2,10,Cr-Fe-Lu-Pt-Sc,esopt_graph_risk,1,9,0
all30-final-made-2f9df183906d1a04875a9fe2,10,Cr-Fe-Lu-Pt-Sc,esopt_graph_risk,1,10,0
all30-final-made-1500a7c5b01112deaf43bfe9,10,Dy-K-Pd-Sm,baseline,1,0,0
all30-final-made-1500a7c5b01112deaf43bfe9,10,Dy-K-Pd-Sm,baseline,1,1,0
all30-final-made-1500a7c5b01112deaf43bfe9,10,Dy-K-Pd-Sm,baseline,1,2,0
all30-final-made-1500a7c5b01112deaf43bfe9,10,Dy-K-Pd-Sm,baseline,1,3,0
all30-final-made-1500a7c5b01112deaf43bfe9,10,Dy-K-Pd-Sm,baseline,1,4,0
all30-final-made-1500a7c5b01112deaf43bfe9,10,Dy-K-Pd-Sm,baseline,1,5,0
all30-final-made-1500a7c5b01112deaf43bfe9,10,Dy-K-Pd-Sm,baseline,1,6,0
all30-final-made-1500a7c5b01112deaf43bfe9,10,Dy-K-Pd-Sm,baseline,1,7,0
all30-final-made-1500a7c5b01112deaf43bfe9,10,Dy-K-Pd-Sm,baseline,1,8,0
all30-final-made-1500a7c5b01112deaf43bfe9,10,Dy-K-Pd-Sm,baseline,1,9,0
all30-final-made-1500a7c5b01112deaf43bfe9,10,Dy-K-Pd-Sm,baseline,1,10,0
all30-final-made-209ea82da301af23164f595b,10,Dy-K-Pd-Sm,esopt_graph_risk,1,0,0
all30-final-made-209ea82da301af23164f595b,10,Dy-K-Pd-Sm,esopt_graph_risk,1,1,1
all30-final-made-209ea82da301af23164f595b,10,Dy-K-Pd-Sm,esopt_graph_risk,1,2,2
all30-final-made-209ea82da301af23164f595b,10,Dy-K-Pd-Sm,esopt_graph_risk,1,3,2
all30-final-made-209ea82da301af23164f595b,10,Dy-K-Pd-Sm,esopt_graph_risk,1,4,3
all30-final-made-209ea82da301af23164f595b,10,Dy-K-Pd-Sm,esopt_graph_risk,1,5,3
all30-final-made-209ea82da301af23164f595b,10,Dy-K-Pd-Sm,esopt_graph_risk,1,6,3
all30-final-made-209ea82da301af23164f595b,10,Dy-K-Pd-Sm,esopt_graph_risk,1,7,4
all30-final-made-209ea82da301af23164f595b,10,Dy-K-Pd-Sm,esopt_graph_risk,1,8,4
all30-final-made-209ea82da301af23164f595b,10,Dy-K-Pd-Sm,esopt_graph_risk,1,9,5
all30-final-made-209ea82da301af23164f595b,10,Dy-K-Pd-Sm,esopt_graph_risk,1,10,6
all30-final-made-097dbe77e9aa0571f74bbc31,10,Eu-Nb-Sn-Tl,baseline,1,0,0
all30-final-made-097dbe77e9aa0571f74bbc31,10,Eu-Nb-Sn-Tl,baseline,1,1,0
all30-final-made-097dbe77e9aa0571f74bbc31,10,Eu-Nb-Sn-Tl,baseline,1,2,0
all30-final-made-097dbe77e9aa0571f74bbc31,10,Eu-Nb-Sn-Tl,baseline,1,3,0
all30-final-made-097dbe77e9aa0571f74bbc31,10,Eu-Nb-Sn-Tl,baseline,1,4,0
all30-final-made-097dbe77e9aa0571f74bbc31,10,Eu-Nb-Sn-Tl,baseline,1,5,0
all30-final-made-097dbe77e9aa0571f74bbc31,10,Eu-Nb-Sn-Tl,baseline,1,6,0
all30-final-made-097dbe77e9aa0571f74bbc31,10,Eu-Nb-Sn-Tl,baseline,1,7,0
all30-final-made-097dbe77e9aa0571f74bbc31,10,Eu-Nb-Sn-Tl,baseline,1,8,0
all30-final-made-097dbe77e9aa0571f74bbc31,10,Eu-Nb-Sn-Tl,baseline,1,9,0
all30-final-made-097dbe77e9aa0571f74bbc31,10,Eu-Nb-Sn-Tl,baseline,1,10,0
all30-final-made-f5c545c2fcf285a7aedc552f,10,Eu-Nb-Sn-Tl,esopt_graph_risk,1,0,0
all30-final-made-f5c545c2fcf285a7aedc552f,10,Eu-Nb-Sn-Tl,esopt_graph_risk,1,1,0
all30-final-made-f5c545c2fcf285a7aedc552f,10,Eu-Nb-Sn-Tl,esopt_graph_risk,1,2,0
all30-final-made-f5c545c2fcf285a7aedc552f,10,Eu-Nb-Sn-Tl,esopt_graph_risk,1,3,0
all30-final-made-f5c545c2fcf285a7aedc552f,10,Eu-Nb-Sn-Tl,esopt_graph_risk,1,4,0
all30-final-made-f5c545c2fcf285a7aedc552f,10,Eu-Nb-Sn-Tl,esopt_graph_risk,1,5,0
all30-final-made-f5c545c2fcf285a7aedc552f,10,Eu-Nb-Sn-Tl,esopt_graph_risk,1,6,0
all30-final-made-f5c545c2fcf285a7aedc552f,10,Eu-Nb-Sn-Tl,esopt_graph_risk,1,7,0
all30-final-made-f5c545c2fcf285a7aedc552f,10,Eu-Nb-Sn-Tl,esopt_graph_risk,1,8,0
all30-final-made-f5c545c2fcf285a7aedc552f,10,Eu-Nb-Sn-Tl,esopt_graph_risk,1,9,0
all30-final-made-f5c545c2fcf285a7aedc552f,10,Eu-Nb-Sn-Tl,esopt_graph_risk,1,10,0
all30-final-made-8edd5f6703feaba4b1671ead,10,Ga-Ho-Lu,baseline,1,0,0
all30-final-made-8edd5f6703feaba4b1671ead,10,Ga-Ho-Lu,baseline,1,1,0
all30-final-made-8edd5f6703feaba4b1671ead,10,Ga-Ho-Lu,baseline,1,2,1
all30-final-made-8edd5f6703feaba4b1671ead,10,Ga-Ho-Lu,baseline,1,3,1
all30-final-made-8edd5f6703feaba4b1671ead,10,Ga-Ho-Lu,baseline,1,4,2
all30-final-made-8edd5f6703feaba4b1671ead,10,Ga-Ho-Lu,baseline,1,5,3
all30-final-made-8edd5f6703feaba4b1671ead,10,Ga-Ho-Lu,baseline,1,6,3
all30-final-made-8edd5f6703feaba4b1671ead,10,Ga-Ho-Lu,baseline,1,7,4
all30-final-made-8edd5f6703feaba4b1671ead,10,Ga-Ho-Lu,baseline,1,8,4
all30-final-made-8edd5f6703feaba4b1671ead,10,Ga-Ho-Lu,baseline,1,9,4
all30-final-made-8edd5f6703feaba4b1671ead,10,Ga-Ho-Lu,baseline,1,10,5
all30-final-made-81c94354919004cb52bc537d,10,Ga-Ho-Lu,esopt_graph_risk,1,0,0
all30-final-made-81c94354919004cb52bc537d,10,Ga-Ho-Lu,esopt_graph_risk,1,1,0
all30-final-made-81c94354919004cb52bc537d,10,Ga-Ho-Lu,esopt_graph_risk,1,2,1
all30-final-made-81c94354919004cb52bc537d,10,Ga-Ho-Lu,esopt_graph_risk,1,3,2
all30-final-made-81c94354919004cb52bc537d,10,Ga-Ho-Lu,esopt_graph_risk,1,4,3
all30-final-made-81c94354919004cb52bc537d,10,Ga-Ho-Lu,esopt_graph_risk,1,5,3
all30-final-made-81c94354919004cb52bc537d,10,Ga-Ho-Lu,esopt_graph_risk,1,6,3
all30-final-made-81c94354919004cb52bc537d,10,Ga-Ho-Lu,esopt_graph_risk,1,7,3
all30-final-made-81c94354919004cb52bc537d,10,Ga-Ho-Lu,esopt_graph_risk,1,8,3
all30-final-made-81c94354919004cb52bc537d,10,Ga-Ho-Lu,esopt_graph_risk,1,9,4
all30-final-made-81c94354919004cb52bc537d,10,Ga-Ho-Lu,esopt_graph_risk,1,10,5
all30-final-made-22cfaf1606682d9c38bc278d,10,Ga-Pt-Tm,baseline,1,0,0
all30-final-made-22cfaf1606682d9c38bc278d,10,Ga-Pt-Tm,baseline,1,1,1
all30-final-made-22cfaf1606682d9c38bc278d,10,Ga-Pt-Tm,baseline,1,2,1
all30-final-made-22cfaf1606682d9c38bc278d,10,Ga-Pt-Tm,baseline,1,3,1
all30-final-made-22cfaf1606682d9c38bc278d,10,Ga-Pt-Tm,baseline,1,4,1
all30-final-made-22cfaf1606682d9c38bc278d,10,Ga-Pt-Tm,baseline,1,5,2
all30-final-made-22cfaf1606682d9c38bc278d,10,Ga-Pt-Tm,baseline,1,6,3
all30-final-made-22cfaf1606682d9c38bc278d,10,Ga-Pt-Tm,baseline,1,7,4
all30-final-made-22cfaf1606682d9c38bc278d,10,Ga-Pt-Tm,baseline,1,8,4
all30-final-made-22cfaf1606682d9c38bc278d,10,Ga-Pt-Tm,baseline,1,9,5
all30-final-made-22cfaf1606682d9c38bc278d,10,Ga-Pt-Tm,baseline,1,10,6
all30-final-made-2925f7a866c2a8d1c36841e7,10,Ga-Pt-Tm,esopt_graph_risk,1,0,0
all30-final-made-2925f7a866c2a8d1c36841e7,10,Ga-Pt-Tm,esopt_graph_risk,1,1,0
all30-final-made-2925f7a866c2a8d1c36841e7,10,Ga-Pt-Tm,esopt_graph_risk,1,2,1
all30-final-made-2925f7a866c2a8d1c36841e7,10,Ga-Pt-Tm,esopt_graph_risk,1,3,1
all30-final-made-2925f7a866c2a8d1c36841e7,10,Ga-Pt-Tm,esopt_graph_risk,1,4,2
all30-final-made-2925f7a866c2a8d1c36841e7,10,Ga-Pt-Tm,esopt_graph_risk,1,5,2
all30-final-made-2925f7a866c2a8d1c36841e7,10,Ga-Pt-Tm,esopt_graph_risk,1,6,2
all30-final-made-2925f7a866c2a8d1c36841e7,10,Ga-Pt-Tm,esopt_graph_risk,1,7,2
all30-final-made-2925f7a866c2a8d1c36841e7,10,Ga-Pt-Tm,esopt_graph_risk,1,8,2
all30-final-made-2925f7a866c2a8d1c36841e7,10,Ga-Pt-Tm,esopt_graph_risk,1,9,3
all30-final-made-2925f7a866c2a8d1c36841e7,10,Ga-Pt-Tm,esopt_graph_risk,1,10,3
all30-final-made-29a6382ae615c1a04e459653,10,Hf-Ni-Zr,baseline,1,0,0
all30-final-made-29a6382ae615c1a04e459653,10,Hf-Ni-Zr,baseline,1,1,1
all30-final-made-29a6382ae615c1a04e459653,10,Hf-Ni-Zr,baseline,1,2,1
all30-final-made-29a6382ae615c1a04e459653,10,Hf-Ni-Zr,baseline,1,3,1
all30-final-made-29a6382ae615c1a04e459653,10,Hf-Ni-Zr,baseline,1,4,1
all30-final-made-29a6382ae615c1a04e459653,10,Hf-Ni-Zr,baseline,1,5,2
all30-final-made-29a6382ae615c1a04e459653,10,Hf-Ni-Zr,baseline,1,6,2
all30-final-made-29a6382ae615c1a04e459653,10,Hf-Ni-Zr,baseline,1,7,2
all30-final-made-29a6382ae615c1a04e459653,10,Hf-Ni-Zr,baseline,1,8,2
all30-final-made-29a6382ae615c1a04e459653,10,Hf-Ni-Zr,baseline,1,9,2
all30-final-made-29a6382ae615c1a04e459653,10,Hf-Ni-Zr,baseline,1,10,2
all30-final-made-2436e44814e8d16489bec879,10,Hf-Ni-Zr,esopt_graph_risk,1,0,0
all30-final-made-2436e44814e8d16489bec879,10,Hf-Ni-Zr,esopt_graph_risk,1,1,0
all30-final-made-2436e44814e8d16489bec879,10,Hf-Ni-Zr,esopt_graph_risk,1,2,1
all30-final-made-2436e44814e8d16489bec879,10,Hf-Ni-Zr,esopt_graph_risk,1,3,1
all30-final-made-2436e44814e8d16489bec879,10,Hf-Ni-Zr,esopt_graph_risk,1,4,1
all30-final-made-2436e44814e8d16489bec879,10,Hf-Ni-Zr,esopt_graph_risk,1,5,1
all30-final-made-2436e44814e8d16489bec879,10,Hf-Ni-Zr,esopt_graph_risk,1,6,1
all30-final-made-2436e44814e8d16489bec879,10,Hf-Ni-Zr,esopt_graph_risk,1,7,1
all30-final-made-2436e44814e8d16489bec879,10,Hf-Ni-Zr,esopt_graph_risk,1,8,1
all30-final-made-2436e44814e8d16489bec879,10,Hf-Ni-Zr,esopt_graph_risk,1,9,2
all30-final-made-2436e44814e8d16489bec879,10,Hf-Ni-Zr,esopt_graph_risk,1,10,2
all30-final-made-c62306db0d2beb6139233c35,10,Ho-In-Mg-Pd-Zr,baseline,1,0,0
all30-final-made-c62306db0d2beb6139233c35,10,Ho-In-Mg-Pd-Zr,baseline,1,1,0
all30-final-made-c62306db0d2beb6139233c35,10,Ho-In-Mg-Pd-Zr,baseline,1,2,0
all30-final-made-c62306db0d2beb6139233c35,10,Ho-In-Mg-Pd-Zr,baseline,1,3,0
all30-final-made-c62306db0d2beb6139233c35,10,Ho-In-Mg-Pd-Zr,baseline,1,4,0
all30-final-made-c62306db0d2beb6139233c35,10,Ho-In-Mg-Pd-Zr,baseline,1,5,0
all30-final-made-c62306db0d2beb6139233c35,10,Ho-In-Mg-Pd-Zr,baseline,1,6,0
all30-final-made-c62306db0d2beb6139233c35,10,Ho-In-Mg-Pd-Zr,baseline,1,7,0
all30-final-made-c62306db0d2beb6139233c35,10,Ho-In-Mg-Pd-Zr,baseline,1,8,0
all30-final-made-c62306db0d2beb6139233c35,10,Ho-In-Mg-Pd-Zr,baseline,1,9,0
all30-final-made-c62306db0d2beb6139233c35,10,Ho-In-Mg-Pd-Zr,baseline,1,10,0
all30-final-made-8142bd6bae65cd46fdff2387,10,Ho-In-Mg-Pd-Zr,esopt_graph_risk,1,0,0
all30-final-made-8142bd6bae65cd46fdff2387,10,Ho-In-Mg-Pd-Zr,esopt_graph_risk,1,1,0
all30-final-made-8142bd6bae65cd46fdff2387,10,Ho-In-Mg-Pd-Zr,esopt_graph_risk,1,2,0
all30-final-made-8142bd6bae65cd46fdff2387,10,Ho-In-Mg-Pd-Zr,esopt_graph_risk,1,3,0
all30-final-made-8142bd6bae65cd46fdff2387,10,Ho-In-Mg-Pd-Zr,esopt_graph_risk,1,4,0
all30-final-made-8142bd6bae65cd46fdff2387,10,Ho-In-Mg-Pd-Zr,esopt_graph_risk,1,5,0
all30-final-made-8142bd6bae65cd46fdff2387,10,Ho-In-Mg-Pd-Zr,esopt_graph_risk,1,6,0
all30-final-made-8142bd6bae65cd46fdff2387,10,Ho-In-Mg-Pd-Zr,esopt_graph_risk,1,7,0
all30-final-made-8142bd6bae65cd46fdff2387,10,Ho-In-Mg-Pd-Zr,esopt_graph_risk,1,8,0
all30-final-made-8142bd6bae65cd46fdff2387,10,Ho-In-Mg-Pd-Zr,esopt_graph_risk,1,9,0
all30-final-made-8142bd6bae65cd46fdff2387,10,Ho-In-Mg-Pd-Zr,esopt_graph_risk,1,10,0
all30-final-made-a0c7b559824ee92973b466f7,10,Mg-Sn-Sr,baseline,1,0,0
all30-final-made-a0c7b559824ee92973b466f7,10,Mg-Sn-Sr,baseline,1,1,1
all30-final-made-a0c7b559824ee92973b466f7,10,Mg-Sn-Sr,baseline,1,2,2
all30-final-made-a0c7b559824ee92973b466f7,10,Mg-Sn-Sr,baseline,1,3,3
all30-final-made-a0c7b559824ee92973b466f7,10,Mg-Sn-Sr,baseline,1,4,3
all30-final-made-a0c7b559824ee92973b466f7,10,Mg-Sn-Sr,baseline,1,5,3
all30-final-made-a0c7b559824ee92973b466f7,10,Mg-Sn-Sr,baseline,1,6,3
all30-final-made-a0c7b559824ee92973b466f7,10,Mg-Sn-Sr,baseline,1,7,4
all30-final-made-a0c7b559824ee92973b466f7,10,Mg-Sn-Sr,baseline,1,8,5
all30-final-made-a0c7b559824ee92973b466f7,10,Mg-Sn-Sr,baseline,1,9,6
all30-final-made-a0c7b559824ee92973b466f7,10,Mg-Sn-Sr,baseline,1,10,7
all30-final-made-28020e03780ed5e0ab044caf,10,Mg-Sn-Sr,esopt_graph_risk,1,0,0
all30-final-made-28020e03780ed5e0ab044caf,10,Mg-Sn-Sr,esopt_graph_risk,1,1,1
all30-final-made-28020e03780ed5e0ab044caf,10,Mg-Sn-Sr,esopt_graph_risk,1,2,2
all30-final-made-28020e03780ed5e0ab044caf,10,Mg-Sn-Sr,esopt_graph_risk,1,3,3
all30-final-made-28020e03780ed5e0ab044caf,10,Mg-Sn-Sr,esopt_graph_risk,1,4,4
all30-final-made-28020e03780ed5e0ab044caf,10,Mg-Sn-Sr,esopt_graph_risk,1,5,4
all30-final-made-28020e03780ed5e0ab044caf,10,Mg-Sn-Sr,esopt_graph_risk,1,6,5
all30-final-made-28020e03780ed5e0ab044caf,10,Mg-Sn-Sr,esopt_graph_risk,1,7,5
all30-final-made-28020e03780ed5e0ab044caf,10,Mg-Sn-Sr,esopt_graph_risk,1,8,6
all30-final-made-28020e03780ed5e0ab044caf,10,Mg-Sn-Sr,esopt_graph_risk,1,9,6
all30-final-made-28020e03780ed5e0ab044caf,10,Mg-Sn-Sr,esopt_graph_risk,1,10,7
budget-final-made-3cbf899afb7e6857dc3f0d91,30,Ag-Nd-Pd-Pt-Tb,baseline,1,0,0
budget-final-made-3cbf899afb7e6857dc3f0d91,30,Ag-Nd-Pd-Pt-Tb,baseline,1,1,0
budget-final-made-3cbf899afb7e6857dc3f0d91,30,Ag-Nd-Pd-Pt-Tb,baseline,1,2,0
budget-final-made-3cbf899afb7e6857dc3f0d91,30,Ag-Nd-Pd-Pt-Tb,baseline,1,3,0
budget-final-made-3cbf899afb7e6857dc3f0d91,30,Ag-Nd-Pd-Pt-Tb,baseline,1,4,0
budget-final-made-3cbf899afb7e6857dc3f0d91,30,Ag-Nd-Pd-Pt-Tb,baseline,1,5,0
budget-final-made-3cbf899afb7e6857dc3f0d91,30,Ag-Nd-Pd-Pt-Tb,baseline,1,6,1
budget-final-made-3cbf899afb7e6857dc3f0d91,30,Ag-Nd-Pd-Pt-Tb,baseline,1,7,1
budget-final-made-3cbf899afb7e6857dc3f0d91,30,Ag-Nd-Pd-Pt-Tb,baseline,1,8,2
budget-final-made-3cbf899afb7e6857dc3f0d91,30,Ag-Nd-Pd-Pt-Tb,baseline,1,9,2
budget-final-made-3cbf899afb7e6857dc3f0d91,30,Ag-Nd-Pd-Pt-Tb,baseline,1,10,2
budget-final-made-3cbf899afb7e6857dc3f0d91,30,Ag-Nd-Pd-Pt-Tb,baseline,1,11,2
budget-final-made-3cbf899afb7e6857dc3f0d91,30,Ag-Nd-Pd-Pt-Tb,baseline,1,12,2
budget-final-made-3cbf899afb7e6857dc3f0d91,30,Ag-Nd-Pd-Pt-Tb,baseline,1,13,3
budget-final-made-3cbf899afb7e6857dc3f0d91,30,Ag-Nd-Pd-Pt-Tb,baseline,1,14,3
budget-final-made-3cbf899afb7e6857dc3f0d91,30,Ag-Nd-Pd-Pt-Tb,baseline,1,15,4
budget-final-made-3cbf899afb7e6857dc3f0d91,30,Ag-Nd-Pd-Pt-Tb,baseline,1,16,4
budget-final-made-3cbf899afb7e6857dc3f0d91,30,Ag-Nd-Pd-Pt-Tb,baseline,1,17,4
budget-final-made-3cbf899afb7e6857dc3f0d91,30,Ag-Nd-Pd-Pt-Tb,baseline,1,18,4
budget-final-made-3cbf899afb7e6857dc3f0d91,30,Ag-Nd-Pd-Pt-Tb,baseline,1,19,5
budget-final-made-3cbf899afb7e6857dc3f0d91,30,Ag-Nd-Pd-Pt-Tb,baseline,1,20,6
budget-final-made-3cbf899afb7e6857dc3f0d91,30,Ag-Nd-Pd-Pt-Tb,baseline,1,21,7
budget-final-made-3cbf899afb7e6857dc3f0d91,30,Ag-Nd-Pd-Pt-Tb,baseline,1,22,8
budget-final-made-3cbf899afb7e6857dc3f0d91,30,Ag-Nd-Pd-Pt-Tb,baseline,1,23,9
budget-final-made-3cbf899afb7e6857dc3f0d91,30,Ag-Nd-Pd-Pt-Tb,baseline,1,24,9
budget-final-made-3cbf899afb7e6857dc3f0d91,30,Ag-Nd-Pd-Pt-Tb,baseline,1,25,10
budget-final-made-3cbf899afb7e6857dc3f0d91,30,Ag-Nd-Pd-Pt-Tb,baseline,1,26,10
budget-final-made-3cbf899afb7e6857dc3f0d91,30,Ag-Nd-Pd-Pt-Tb,baseline,1,27,10
budget-final-made-3cbf899afb7e6857dc3f0d91,30,Ag-Nd-Pd-Pt-Tb,baseline,1,28,11
budget-final-made-3cbf899afb7e6857dc3f0d91,30,Ag-Nd-Pd-Pt-Tb,baseline,1,29,11
budget-final-made-3cbf899afb7e6857dc3f0d91,30,Ag-Nd-Pd-Pt-Tb,baseline,1,30,11
budget-final-made-751d44c311ae19cdcad7928a,30,Al-Hg-K-Mg-W,baseline,1,0,0
budget-final-made-751d44c311ae19cdcad7928a,30,Al-Hg-K-Mg-W,baseline,1,1,0
budget-final-made-751d44c311ae19cdcad7928a,30,Al-Hg-K-Mg-W,baseline,1,2,0
budget-final-made-751d44c311ae19cdcad7928a,30,Al-Hg-K-Mg-W,baseline,1,3,0
budget-final-made-751d44c311ae19cdcad7928a,30,Al-Hg-K-Mg-W,baseline,1,4,0
budget-final-made-751d44c311ae19cdcad7928a,30,Al-Hg-K-Mg-W,baseline,1,5,0
budget-final-made-751d44c311ae19cdcad7928a,30,Al-Hg-K-Mg-W,baseline,1,6,0
budget-final-made-751d44c311ae19cdcad7928a,30,Al-Hg-K-Mg-W,baseline,1,7,0
budget-final-made-751d44c311ae19cdcad7928a,30,Al-Hg-K-Mg-W,baseline,1,8,0
budget-final-made-751d44c311ae19cdcad7928a,30,Al-Hg-K-Mg-W,baseline,1,9,0
budget-final-made-751d44c311ae19cdcad7928a,30,Al-Hg-K-Mg-W,baseline,1,10,0
budget-final-made-751d44c311ae19cdcad7928a,30,Al-Hg-K-Mg-W,baseline,1,11,0
budget-final-made-751d44c311ae19cdcad7928a,30,Al-Hg-K-Mg-W,baseline,1,12,0
budget-final-made-751d44c311ae19cdcad7928a,30,Al-Hg-K-Mg-W,baseline,1,13,0
budget-final-made-751d44c311ae19cdcad7928a,30,Al-Hg-K-Mg-W,baseline,1,14,0
budget-final-made-751d44c311ae19cdcad7928a,30,Al-Hg-K-Mg-W,baseline,1,15,0
budget-final-made-751d44c311ae19cdcad7928a,30,Al-Hg-K-Mg-W,baseline,1,16,0
budget-final-made-751d44c311ae19cdcad7928a,30,Al-Hg-K-Mg-W,baseline,1,17,0
budget-final-made-751d44c311ae19cdcad7928a,30,Al-Hg-K-Mg-W,baseline,1,18,0
budget-final-made-751d44c311ae19cdcad7928a,30,Al-Hg-K-Mg-W,baseline,1,19,0
budget-final-made-751d44c311ae19cdcad7928a,30,Al-Hg-K-Mg-W,baseline,1,20,0
budget-final-made-751d44c311ae19cdcad7928a,30,Al-Hg-K-Mg-W,baseline,1,21,0
budget-final-made-751d44c311ae19cdcad7928a,30,Al-Hg-K-Mg-W,baseline,1,22,0
budget-final-made-751d44c311ae19cdcad7928a,30,Al-Hg-K-Mg-W,baseline,1,23,0
budget-final-made-751d44c311ae19cdcad7928a,30,Al-Hg-K-Mg-W,baseline,1,24,0
budget-final-made-751d44c311ae19cdcad7928a,30,Al-Hg-K-Mg-W,baseline,1,25,0
budget-final-made-751d44c311ae19cdcad7928a,30,Al-Hg-K-Mg-W,baseline,1,26,0
budget-final-made-751d44c311ae19cdcad7928a,30,Al-Hg-K-Mg-W,baseline,1,27,0
budget-final-made-751d44c311ae19cdcad7928a,30,Al-Hg-K-Mg-W,baseline,1,28,0
budget-final-made-751d44c311ae19cdcad7928a,30,Al-Hg-K-Mg-W,baseline,1,29,0
budget-final-made-751d44c311ae19cdcad7928a,30,Al-Hg-K-Mg-W,baseline,1,30,0
budget-final-made-4f87ce88320a28f3fae38bb5,30,Al-Li-V,baseline,1,0,0
budget-final-made-4f87ce88320a28f3fae38bb5,30,Al-Li-V,baseline,1,1,0
budget-final-made-4f87ce88320a28f3fae38bb5,30,Al-Li-V,baseline,1,2,0
budget-final-made-4f87ce88320a28f3fae38bb5,30,Al-Li-V,baseline,1,3,1
budget-final-made-4f87ce88320a28f3fae38bb5,30,Al-Li-V,baseline,1,4,1
budget-final-made-4f87ce88320a28f3fae38bb5,30,Al-Li-V,baseline,1,5,1
budget-final-made-4f87ce88320a28f3fae38bb5,30,Al-Li-V,baseline,1,6,2
budget-final-made-4f87ce88320a28f3fae38bb5,30,Al-Li-V,baseline,1,7,3
budget-final-made-4f87ce88320a28f3fae38bb5,30,Al-Li-V,baseline,1,8,3
budget-final-made-4f87ce88320a28f3fae38bb5,30,Al-Li-V,baseline,1,9,4
budget-final-made-4f87ce88320a28f3fae38bb5,30,Al-Li-V,baseline,1,10,4
budget-final-made-4f87ce88320a28f3fae38bb5,30,Al-Li-V,baseline,1,11,4
budget-final-made-4f87ce88320a28f3fae38bb5,30,Al-Li-V,baseline,1,12,4
budget-final-made-4f87ce88320a28f3fae38bb5,30,Al-Li-V,baseline,1,13,4
budget-final-made-4f87ce88320a28f3fae38bb5,30,Al-Li-V,baseline,1,14,5
budget-final-made-4f87ce88320a28f3fae38bb5,30,Al-Li-V,baseline,1,15,5
budget-final-made-4f87ce88320a28f3fae38bb5,30,Al-Li-V,baseline,1,16,6
budget-final-made-4f87ce88320a28f3fae38bb5,30,Al-Li-V,baseline,1,17,6
budget-final-made-4f87ce88320a28f3fae38bb5,30,Al-Li-V,baseline,1,18,6
budget-final-made-4f87ce88320a28f3fae38bb5,30,Al-Li-V,baseline,1,19,6
budget-final-made-4f87ce88320a28f3fae38bb5,30,Al-Li-V,baseline,1,20,6
budget-final-made-4f87ce88320a28f3fae38bb5,30,Al-Li-V,baseline,1,21,7
budget-final-made-4f87ce88320a28f3fae38bb5,30,Al-Li-V,baseline,1,22,7
budget-final-made-4f87ce88320a28f3fae38bb5,30,Al-Li-V,baseline,1,23,7
budget-final-made-4f87ce88320a28f3fae38bb5,30,Al-Li-V,baseline,1,24,7
budget-final-made-4f87ce88320a28f3fae38bb5,30,Al-Li-V,baseline,1,25,7
budget-final-made-4f87ce88320a28f3fae38bb5,30,Al-Li-V,baseline,1,26,7
budget-final-made-4f87ce88320a28f3fae38bb5,30,Al-Li-V,baseline,1,27,7
budget-final-made-4f87ce88320a28f3fae38bb5,30,Al-Li-V,baseline,1,28,7
budget-final-made-4f87ce88320a28f3fae38bb5,30,Al-Li-V,baseline,1,29,7
budget-final-made-4f87ce88320a28f3fae38bb5,30,Al-Li-V,baseline,1,30,7
budget-final-made-1d442216631233be5637f631,30,Al-Li-V,esopt_graph_risk,1,0,0
budget-final-made-1d442216631233be5637f631,30,Al-Li-V,esopt_graph_risk,1,1,0
budget-final-made-1d442216631233be5637f631,30,Al-Li-V,esopt_graph_risk,1,2,0
budget-final-made-1d442216631233be5637f631,30,Al-Li-V,esopt_graph_risk,1,3,0
budget-final-made-1d442216631233be5637f631,30,Al-Li-V,esopt_graph_risk,1,4,0
budget-final-made-1d442216631233be5637f631,30,Al-Li-V,esopt_graph_risk,1,5,1
budget-final-made-1d442216631233be5637f631,30,Al-Li-V,esopt_graph_risk,1,6,1
budget-final-made-1d442216631233be5637f631,30,Al-Li-V,esopt_graph_risk,1,7,1
budget-final-made-1d442216631233be5637f631,30,Al-Li-V,esopt_graph_risk,1,8,2
budget-final-made-1d442216631233be5637f631,30,Al-Li-V,esopt_graph_risk,1,9,2
budget-final-made-1d442216631233be5637f631,30,Al-Li-V,esopt_graph_risk,1,10,2
budget-final-made-1d442216631233be5637f631,30,Al-Li-V,esopt_graph_risk,1,11,3
budget-final-made-1d442216631233be5637f631,30,Al-Li-V,esopt_graph_risk,1,12,3
budget-final-made-1d442216631233be5637f631,30,Al-Li-V,esopt_graph_risk,1,13,3
budget-final-made-1d442216631233be5637f631,30,Al-Li-V,esopt_graph_risk,1,14,3
budget-final-made-1d442216631233be5637f631,30,Al-Li-V,esopt_graph_risk,1,15,3
budget-final-made-1d442216631233be5637f631,30,Al-Li-V,esopt_graph_risk,1,16,3
budget-final-made-1d442216631233be5637f631,30,Al-Li-V,esopt_graph_risk,1,17,3
budget-final-made-1d442216631233be5637f631,30,Al-Li-V,esopt_graph_risk,1,18,3
budget-final-made-1d442216631233be5637f631,30,Al-Li-V,esopt_graph_risk,1,19,3
budget-final-made-1d442216631233be5637f631,30,Al-Li-V,esopt_graph_risk,1,20,3
budget-final-made-1d442216631233be5637f631,30,Al-Li-V,esopt_graph_risk,1,21,3
budget-final-made-1d442216631233be5637f631,30,Al-Li-V,esopt_graph_risk,1,22,3
budget-final-made-1d442216631233be5637f631,30,Al-Li-V,esopt_graph_risk,1,23,3
budget-final-made-1d442216631233be5637f631,30,Al-Li-V,esopt_graph_risk,1,24,3
budget-final-made-1d442216631233be5637f631,30,Al-Li-V,esopt_graph_risk,1,25,3
budget-final-made-1d442216631233be5637f631,30,Al-Li-V,esopt_graph_risk,1,26,3
budget-final-made-1d442216631233be5637f631,30,Al-Li-V,esopt_graph_risk,1,27,3
budget-final-made-1d442216631233be5637f631,30,Al-Li-V,esopt_graph_risk,1,28,3
budget-final-made-1d442216631233be5637f631,30,Al-Li-V,esopt_graph_risk,1,29,3
budget-final-made-1d442216631233be5637f631,30,Al-Li-V,esopt_graph_risk,1,30,3
budget-final-made-6f29791a00d583f708b055ad,30,Al-Lu-Pt-Rb-Sm,baseline,1,0,0
budget-final-made-6f29791a00d583f708b055ad,30,Al-Lu-Pt-Rb-Sm,baseline,1,1,0
budget-final-made-6f29791a00d583f708b055ad,30,Al-Lu-Pt-Rb-Sm,baseline,1,2,0
budget-final-made-6f29791a00d583f708b055ad,30,Al-Lu-Pt-Rb-Sm,baseline,1,3,0
budget-final-made-6f29791a00d583f708b055ad,30,Al-Lu-Pt-Rb-Sm,baseline,1,4,0
budget-final-made-6f29791a00d583f708b055ad,30,Al-Lu-Pt-Rb-Sm,baseline,1,5,0
budget-final-made-6f29791a00d583f708b055ad,30,Al-Lu-Pt-Rb-Sm,baseline,1,6,0
budget-final-made-6f29791a00d583f708b055ad,30,Al-Lu-Pt-Rb-Sm,baseline,1,7,0
budget-final-made-6f29791a00d583f708b055ad,30,Al-Lu-Pt-Rb-Sm,baseline,1,8,0
budget-final-made-6f29791a00d583f708b055ad,30,Al-Lu-Pt-Rb-Sm,baseline,1,9,0
budget-final-made-6f29791a00d583f708b055ad,30,Al-Lu-Pt-Rb-Sm,baseline,1,10,0
budget-final-made-6f29791a00d583f708b055ad,30,Al-Lu-Pt-Rb-Sm,baseline,1,11,0
budget-final-made-6f29791a00d583f708b055ad,30,Al-Lu-Pt-Rb-Sm,baseline,1,12,0
budget-final-made-6f29791a00d583f708b055ad,30,Al-Lu-Pt-Rb-Sm,baseline,1,13,0
budget-final-made-6f29791a00d583f708b055ad,30,Al-Lu-Pt-Rb-Sm,baseline,1,14,0
budget-final-made-6f29791a00d583f708b055ad,30,Al-Lu-Pt-Rb-Sm,baseline,1,15,0
budget-final-made-6f29791a00d583f708b055ad,30,Al-Lu-Pt-Rb-Sm,baseline,1,16,0
budget-final-made-6f29791a00d583f708b055ad,30,Al-Lu-Pt-Rb-Sm,baseline,1,17,0
budget-final-made-6f29791a00d583f708b055ad,30,Al-Lu-Pt-Rb-Sm,baseline,1,18,0
budget-final-made-6f29791a00d583f708b055ad,30,Al-Lu-Pt-Rb-Sm,baseline,1,19,0
budget-final-made-6f29791a00d583f708b055ad,30,Al-Lu-Pt-Rb-Sm,baseline,1,20,0
budget-final-made-6f29791a00d583f708b055ad,30,Al-Lu-Pt-Rb-Sm,baseline,1,21,0
budget-final-made-6f29791a00d583f708b055ad,30,Al-Lu-Pt-Rb-Sm,baseline,1,22,0
budget-final-made-6f29791a00d583f708b055ad,30,Al-Lu-Pt-Rb-Sm,baseline,1,23,0
budget-final-made-6f29791a00d583f708b055ad,30,Al-Lu-Pt-Rb-Sm,baseline,1,24,0
budget-final-made-6f29791a00d583f708b055ad,30,Al-Lu-Pt-Rb-Sm,baseline,1,25,0
budget-final-made-6f29791a00d583f708b055ad,30,Al-Lu-Pt-Rb-Sm,baseline,1,26,0
budget-final-made-6f29791a00d583f708b055ad,30,Al-Lu-Pt-Rb-Sm,baseline,1,27,0
budget-final-made-6f29791a00d583f708b055ad,30,Al-Lu-Pt-Rb-Sm,baseline,1,28,0
budget-final-made-6f29791a00d583f708b055ad,30,Al-Lu-Pt-Rb-Sm,baseline,1,29,0
budget-final-made-6f29791a00d583f708b055ad,30,Al-Lu-Pt-Rb-Sm,baseline,1,30,0
budget-final-made-a50bdf512ef495cd2a5fbb3c,30,Al-V-Zn,baseline,1,0,0
budget-final-made-a50bdf512ef495cd2a5fbb3c,30,Al-V-Zn,baseline,1,1,1
budget-final-made-a50bdf512ef495cd2a5fbb3c,30,Al-V-Zn,baseline,1,2,1
budget-final-made-a50bdf512ef495cd2a5fbb3c,30,Al-V-Zn,baseline,1,3,2
budget-final-made-a50bdf512ef495cd2a5fbb3c,30,Al-V-Zn,baseline,1,4,2
budget-final-made-a50bdf512ef495cd2a5fbb3c,30,Al-V-Zn,baseline,1,5,3
budget-final-made-a50bdf512ef495cd2a5fbb3c,30,Al-V-Zn,baseline,1,6,3
budget-final-made-a50bdf512ef495cd2a5fbb3c,30,Al-V-Zn,baseline,1,7,3
budget-final-made-a50bdf512ef495cd2a5fbb3c,30,Al-V-Zn,baseline,1,8,4
budget-final-made-a50bdf512ef495cd2a5fbb3c,30,Al-V-Zn,baseline,1,9,4
budget-final-made-a50bdf512ef495cd2a5fbb3c,30,Al-V-Zn,baseline,1,10,5
budget-final-made-a50bdf512ef495cd2a5fbb3c,30,Al-V-Zn,baseline,1,11,6
budget-final-made-a50bdf512ef495cd2a5fbb3c,30,Al-V-Zn,baseline,1,12,6
budget-final-made-a50bdf512ef495cd2a5fbb3c,30,Al-V-Zn,baseline,1,13,6
budget-final-made-a50bdf512ef495cd2a5fbb3c,30,Al-V-Zn,baseline,1,14,6
budget-final-made-a50bdf512ef495cd2a5fbb3c,30,Al-V-Zn,baseline,1,15,7
budget-final-made-a50bdf512ef495cd2a5fbb3c,30,Al-V-Zn,baseline,1,16,7
budget-final-made-a50bdf512ef495cd2a5fbb3c,30,Al-V-Zn,baseline,1,17,7
budget-final-made-a50bdf512ef495cd2a5fbb3c,30,Al-V-Zn,baseline,1,18,7
budget-final-made-a50bdf512ef495cd2a5fbb3c,30,Al-V-Zn,baseline,1,19,7
budget-final-made-a50bdf512ef495cd2a5fbb3c,30,Al-V-Zn,baseline,1,20,7
budget-final-made-a50bdf512ef495cd2a5fbb3c,30,Al-V-Zn,baseline,1,21,7
budget-final-made-a50bdf512ef495cd2a5fbb3c,30,Al-V-Zn,baseline,1,22,7
budget-final-made-a50bdf512ef495cd2a5fbb3c,30,Al-V-Zn,baseline,1,23,8
budget-final-made-a50bdf512ef495cd2a5fbb3c,30,Al-V-Zn,baseline,1,24,8
budget-final-made-a50bdf512ef495cd2a5fbb3c,30,Al-V-Zn,baseline,1,25,9
budget-final-made-a50bdf512ef495cd2a5fbb3c,30,Al-V-Zn,baseline,1,26,10
budget-final-made-a50bdf512ef495cd2a5fbb3c,30,Al-V-Zn,baseline,1,27,11
budget-final-made-a50bdf512ef495cd2a5fbb3c,30,Al-V-Zn,baseline,1,28,12
budget-final-made-a50bdf512ef495cd2a5fbb3c,30,Al-V-Zn,baseline,1,29,12
budget-final-made-a50bdf512ef495cd2a5fbb3c,30,Al-V-Zn,baseline,1,30,12
budget-final-made-2ebbedb51225fe4d4920de4b,30,Al-V-Zn,esopt_graph_risk,1,0,0
budget-final-made-2ebbedb51225fe4d4920de4b,30,Al-V-Zn,esopt_graph_risk,1,1,0
budget-final-made-2ebbedb51225fe4d4920de4b,30,Al-V-Zn,esopt_graph_risk,1,2,1
budget-final-made-2ebbedb51225fe4d4920de4b,30,Al-V-Zn,esopt_graph_risk,1,3,1
budget-final-made-2ebbedb51225fe4d4920de4b,30,Al-V-Zn,esopt_graph_risk,1,4,1
budget-final-made-2ebbedb51225fe4d4920de4b,30,Al-V-Zn,esopt_graph_risk,1,5,1
budget-final-made-2ebbedb51225fe4d4920de4b,30,Al-V-Zn,esopt_graph_risk,1,6,1
budget-final-made-2ebbedb51225fe4d4920de4b,30,Al-V-Zn,esopt_graph_risk,1,7,2
budget-final-made-2ebbedb51225fe4d4920de4b,30,Al-V-Zn,esopt_graph_risk,1,8,3
budget-final-made-2ebbedb51225fe4d4920de4b,30,Al-V-Zn,esopt_graph_risk,1,9,4
budget-final-made-2ebbedb51225fe4d4920de4b,30,Al-V-Zn,esopt_graph_risk,1,10,4
budget-final-made-2ebbedb51225fe4d4920de4b,30,Al-V-Zn,esopt_graph_risk,1,11,4
budget-final-made-2ebbedb51225fe4d4920de4b,30,Al-V-Zn,esopt_graph_risk,1,12,4
budget-final-made-2ebbedb51225fe4d4920de4b,30,Al-V-Zn,esopt_graph_risk,1,13,4
budget-final-made-2ebbedb51225fe4d4920de4b,30,Al-V-Zn,esopt_graph_risk,1,14,4
budget-final-made-2ebbedb51225fe4d4920de4b,30,Al-V-Zn,esopt_graph_risk,1,15,4
budget-final-made-2ebbedb51225fe4d4920de4b,30,Al-V-Zn,esopt_graph_risk,1,16,4
budget-final-made-2ebbedb51225fe4d4920de4b,30,Al-V-Zn,esopt_graph_risk,1,17,4
budget-final-made-2ebbedb51225fe4d4920de4b,30,Al-V-Zn,esopt_graph_risk,1,18,5
budget-final-made-2ebbedb51225fe4d4920de4b,30,Al-V-Zn,esopt_graph_risk,1,19,6
budget-final-made-2ebbedb51225fe4d4920de4b,30,Al-V-Zn,esopt_graph_risk,1,20,6
budget-final-made-2ebbedb51225fe4d4920de4b,30,Al-V-Zn,esopt_graph_risk,1,21,7
budget-final-made-2ebbedb51225fe4d4920de4b,30,Al-V-Zn,esopt_graph_risk,1,22,7
budget-final-made-2ebbedb51225fe4d4920de4b,30,Al-V-Zn,esopt_graph_risk,1,23,8
budget-final-made-2ebbedb51225fe4d4920de4b,30,Al-V-Zn,esopt_graph_risk,1,24,9
budget-final-made-2ebbedb51225fe4d4920de4b,30,Al-V-Zn,esopt_graph_risk,1,25,9
budget-final-made-2ebbedb51225fe4d4920de4b,30,Al-V-Zn,esopt_graph_risk,1,26,10
budget-final-made-2ebbedb51225fe4d4920de4b,30,Al-V-Zn,esopt_graph_risk,1,27,11
budget-final-made-2ebbedb51225fe4d4920de4b,30,Al-V-Zn,esopt_graph_risk,1,28,12
budget-final-made-2ebbedb51225fe4d4920de4b,30,Al-V-Zn,esopt_graph_risk,1,29,12
budget-final-made-2ebbedb51225fe4d4920de4b,30,Al-V-Zn,esopt_graph_risk,1,30,12
budget-final-made-0f82537991ac5e00ab89edf1,30,Au-Cr-Cs-Dy,baseline,1,0,0
budget-final-made-0f82537991ac5e00ab89edf1,30,Au-Cr-Cs-Dy,baseline,1,1,0
budget-final-made-0f82537991ac5e00ab89edf1,30,Au-Cr-Cs-Dy,baseline,1,2,0
budget-final-made-0f82537991ac5e00ab89edf1,30,Au-Cr-Cs-Dy,baseline,1,3,0
budget-final-made-0f82537991ac5e00ab89edf1,30,Au-Cr-Cs-Dy,baseline,1,4,0
budget-final-made-0f82537991ac5e00ab89edf1,30,Au-Cr-Cs-Dy,baseline,1,5,0
budget-final-made-0f82537991ac5e00ab89edf1,30,Au-Cr-Cs-Dy,baseline,1,6,0
budget-final-made-0f82537991ac5e00ab89edf1,30,Au-Cr-Cs-Dy,baseline,1,7,0
budget-final-made-0f82537991ac5e00ab89edf1,30,Au-Cr-Cs-Dy,baseline,1,8,0
budget-final-made-0f82537991ac5e00ab89edf1,30,Au-Cr-Cs-Dy,baseline,1,9,0
budget-final-made-0f82537991ac5e00ab89edf1,30,Au-Cr-Cs-Dy,baseline,1,10,0
budget-final-made-0f82537991ac5e00ab89edf1,30,Au-Cr-Cs-Dy,baseline,1,11,0
budget-final-made-0f82537991ac5e00ab89edf1,30,Au-Cr-Cs-Dy,baseline,1,12,0
budget-final-made-0f82537991ac5e00ab89edf1,30,Au-Cr-Cs-Dy,baseline,1,13,0
budget-final-made-0f82537991ac5e00ab89edf1,30,Au-Cr-Cs-Dy,baseline,1,14,0
budget-final-made-0f82537991ac5e00ab89edf1,30,Au-Cr-Cs-Dy,baseline,1,15,0
budget-final-made-0f82537991ac5e00ab89edf1,30,Au-Cr-Cs-Dy,baseline,1,16,0
budget-final-made-0f82537991ac5e00ab89edf1,30,Au-Cr-Cs-Dy,baseline,1,17,0
budget-final-made-0f82537991ac5e00ab89edf1,30,Au-Cr-Cs-Dy,baseline,1,18,0
budget-final-made-0f82537991ac5e00ab89edf1,30,Au-Cr-Cs-Dy,baseline,1,19,0
budget-final-made-0f82537991ac5e00ab89edf1,30,Au-Cr-Cs-Dy,baseline,1,20,0
budget-final-made-0f82537991ac5e00ab89edf1,30,Au-Cr-Cs-Dy,baseline,1,21,0
budget-final-made-0f82537991ac5e00ab89edf1,30,Au-Cr-Cs-Dy,baseline,1,22,0
budget-final-made-0f82537991ac5e00ab89edf1,30,Au-Cr-Cs-Dy,baseline,1,23,0
budget-final-made-0f82537991ac5e00ab89edf1,30,Au-Cr-Cs-Dy,baseline,1,24,0
budget-final-made-0f82537991ac5e00ab89edf1,30,Au-Cr-Cs-Dy,baseline,1,25,0
budget-final-made-0f82537991ac5e00ab89edf1,30,Au-Cr-Cs-Dy,baseline,1,26,0
budget-final-made-0f82537991ac5e00ab89edf1,30,Au-Cr-Cs-Dy,baseline,1,27,0
budget-final-made-0f82537991ac5e00ab89edf1,30,Au-Cr-Cs-Dy,baseline,1,28,0
budget-final-made-0f82537991ac5e00ab89edf1,30,Au-Cr-Cs-Dy,baseline,1,29,0
budget-final-made-0f82537991ac5e00ab89edf1,30,Au-Cr-Cs-Dy,baseline,1,30,0
budget-final-made-e8a4bb098fe498d06e5fefc0,30,Au-Cr-Cs-Dy,esopt_graph_risk,1,0,0
budget-final-made-e8a4bb098fe498d06e5fefc0,30,Au-Cr-Cs-Dy,esopt_graph_risk,1,1,0
budget-final-made-e8a4bb098fe498d06e5fefc0,30,Au-Cr-Cs-Dy,esopt_graph_risk,1,2,0
budget-final-made-e8a4bb098fe498d06e5fefc0,30,Au-Cr-Cs-Dy,esopt_graph_risk,1,3,0
budget-final-made-e8a4bb098fe498d06e5fefc0,30,Au-Cr-Cs-Dy,esopt_graph_risk,1,4,0
budget-final-made-e8a4bb098fe498d06e5fefc0,30,Au-Cr-Cs-Dy,esopt_graph_risk,1,5,0
budget-final-made-e8a4bb098fe498d06e5fefc0,30,Au-Cr-Cs-Dy,esopt_graph_risk,1,6,0
budget-final-made-e8a4bb098fe498d06e5fefc0,30,Au-Cr-Cs-Dy,esopt_graph_risk,1,7,0
budget-final-made-e8a4bb098fe498d06e5fefc0,30,Au-Cr-Cs-Dy,esopt_graph_risk,1,8,0
budget-final-made-e8a4bb098fe498d06e5fefc0,30,Au-Cr-Cs-Dy,esopt_graph_risk,1,9,0
budget-final-made-e8a4bb098fe498d06e5fefc0,30,Au-Cr-Cs-Dy,esopt_graph_risk,1,10,0
budget-final-made-e8a4bb098fe498d06e5fefc0,30,Au-Cr-Cs-Dy,esopt_graph_risk,1,11,0
budget-final-made-e8a4bb098fe498d06e5fefc0,30,Au-Cr-Cs-Dy,esopt_graph_risk,1,12,0
budget-final-made-e8a4bb098fe498d06e5fefc0,30,Au-Cr-Cs-Dy,esopt_graph_risk,1,13,0
budget-final-made-e8a4bb098fe498d06e5fefc0,30,Au-Cr-Cs-Dy,esopt_graph_risk,1,14,0
budget-final-made-e8a4bb098fe498d06e5fefc0,30,Au-Cr-Cs-Dy,esopt_graph_risk,1,15,0
budget-final-made-e8a4bb098fe498d06e5fefc0,30,Au-Cr-Cs-Dy,esopt_graph_risk,1,16,0
budget-final-made-e8a4bb098fe498d06e5fefc0,30,Au-Cr-Cs-Dy,esopt_graph_risk,1,17,0
budget-final-made-e8a4bb098fe498d06e5fefc0,30,Au-Cr-Cs-Dy,esopt_graph_risk,1,18,0
budget-final-made-e8a4bb098fe498d06e5fefc0,30,Au-Cr-Cs-Dy,esopt_graph_risk,1,19,0
budget-final-made-e8a4bb098fe498d06e5fefc0,30,Au-Cr-Cs-Dy,esopt_graph_risk,1,20,0
budget-final-made-e8a4bb098fe498d06e5fefc0,30,Au-Cr-Cs-Dy,esopt_graph_risk,1,21,0
budget-final-made-e8a4bb098fe498d06e5fefc0,30,Au-Cr-Cs-Dy,esopt_graph_risk,1,22,0
budget-final-made-e8a4bb098fe498d06e5fefc0,30,Au-Cr-Cs-Dy,esopt_graph_risk,1,23,0
budget-final-made-e8a4bb098fe498d06e5fefc0,30,Au-Cr-Cs-Dy,esopt_graph_risk,1,24,0
budget-final-made-e8a4bb098fe498d06e5fefc0,30,Au-Cr-Cs-Dy,esopt_graph_risk,1,25,0
budget-final-made-e8a4bb098fe498d06e5fefc0,30,Au-Cr-Cs-Dy,esopt_graph_risk,1,26,0
budget-final-made-e8a4bb098fe498d06e5fefc0,30,Au-Cr-Cs-Dy,esopt_graph_risk,1,27,0
budget-final-made-e8a4bb098fe498d06e5fefc0,30,Au-Cr-Cs-Dy,esopt_graph_risk,1,28,0
budget-final-made-e8a4bb098fe498d06e5fefc0,30,Au-Cr-Cs-Dy,esopt_graph_risk,1,29,0
budget-final-made-e8a4bb098fe498d06e5fefc0,30,Au-Cr-Cs-Dy,esopt_graph_risk,1,30,0
budget-final-made-9068c1f42a4e19b5aad40540,30,Au-K-Tb,baseline,1,0,0
budget-final-made-9068c1f42a4e19b5aad40540,30,Au-K-Tb,baseline,1,1,1
budget-final-made-9068c1f42a4e19b5aad40540,30,Au-K-Tb,baseline,1,2,1
budget-final-made-9068c1f42a4e19b5aad40540,30,Au-K-Tb,baseline,1,3,1
budget-final-made-9068c1f42a4e19b5aad40540,30,Au-K-Tb,baseline,1,4,1
budget-final-made-9068c1f42a4e19b5aad40540,30,Au-K-Tb,baseline,1,5,1
budget-final-made-9068c1f42a4e19b5aad40540,30,Au-K-Tb,baseline,1,6,2
budget-final-made-9068c1f42a4e19b5aad40540,30,Au-K-Tb,baseline,1,7,3
budget-final-made-9068c1f42a4e19b5aad40540,30,Au-K-Tb,baseline,1,8,4
budget-final-made-9068c1f42a4e19b5aad40540,30,Au-K-Tb,baseline,1,9,5
budget-final-made-9068c1f42a4e19b5aad40540,30,Au-K-Tb,baseline,1,10,6
budget-final-made-9068c1f42a4e19b5aad40540,30,Au-K-Tb,baseline,1,11,7
budget-final-made-9068c1f42a4e19b5aad40540,30,Au-K-Tb,baseline,1,12,8
budget-final-made-9068c1f42a4e19b5aad40540,30,Au-K-Tb,baseline,1,13,9
budget-final-made-9068c1f42a4e19b5aad40540,30,Au-K-Tb,baseline,1,14,10
budget-final-made-9068c1f42a4e19b5aad40540,30,Au-K-Tb,baseline,1,15,10
budget-final-made-9068c1f42a4e19b5aad40540,30,Au-K-Tb,baseline,1,16,11
budget-final-made-9068c1f42a4e19b5aad40540,30,Au-K-Tb,baseline,1,17,12
budget-final-made-9068c1f42a4e19b5aad40540,30,Au-K-Tb,baseline,1,18,12
budget-final-made-9068c1f42a4e19b5aad40540,30,Au-K-Tb,baseline,1,19,12
budget-final-made-9068c1f42a4e19b5aad40540,30,Au-K-Tb,baseline,1,20,12
budget-final-made-9068c1f42a4e19b5aad40540,30,Au-K-Tb,baseline,1,21,13
budget-final-made-9068c1f42a4e19b5aad40540,30,Au-K-Tb,baseline,1,22,14
budget-final-made-9068c1f42a4e19b5aad40540,30,Au-K-Tb,baseline,1,23,15
budget-final-made-9068c1f42a4e19b5aad40540,30,Au-K-Tb,baseline,1,24,16
budget-final-made-9068c1f42a4e19b5aad40540,30,Au-K-Tb,baseline,1,25,17
budget-final-made-9068c1f42a4e19b5aad40540,30,Au-K-Tb,baseline,1,26,18
budget-final-made-9068c1f42a4e19b5aad40540,30,Au-K-Tb,baseline,1,27,18
budget-final-made-9068c1f42a4e19b5aad40540,30,Au-K-Tb,baseline,1,28,18
budget-final-made-9068c1f42a4e19b5aad40540,30,Au-K-Tb,baseline,1,29,18
budget-final-made-9068c1f42a4e19b5aad40540,30,Au-K-Tb,baseline,1,30,18
budget-final-made-c59e1b9d87045dbf2d81c82b,30,Au-K-Tb,esopt_graph_risk,1,0,0
budget-final-made-c59e1b9d87045dbf2d81c82b,30,Au-K-Tb,esopt_graph_risk,1,1,0
budget-final-made-c59e1b9d87045dbf2d81c82b,30,Au-K-Tb,esopt_graph_risk,1,2,0
budget-final-made-c59e1b9d87045dbf2d81c82b,30,Au-K-Tb,esopt_graph_risk,1,3,0
budget-final-made-c59e1b9d87045dbf2d81c82b,30,Au-K-Tb,esopt_graph_risk,1,4,0
budget-final-made-c59e1b9d87045dbf2d81c82b,30,Au-K-Tb,esopt_graph_risk,1,5,0
budget-final-made-c59e1b9d87045dbf2d81c82b,30,Au-K-Tb,esopt_graph_risk,1,6,0
budget-final-made-c59e1b9d87045dbf2d81c82b,30,Au-K-Tb,esopt_graph_risk,1,7,0
budget-final-made-c59e1b9d87045dbf2d81c82b,30,Au-K-Tb,esopt_graph_risk,1,8,0
budget-final-made-c59e1b9d87045dbf2d81c82b,30,Au-K-Tb,esopt_graph_risk,1,9,0
budget-final-made-c59e1b9d87045dbf2d81c82b,30,Au-K-Tb,esopt_graph_risk,1,10,0
budget-final-made-c59e1b9d87045dbf2d81c82b,30,Au-K-Tb,esopt_graph_risk,1,11,0
budget-final-made-c59e1b9d87045dbf2d81c82b,30,Au-K-Tb,esopt_graph_risk,1,12,0
budget-final-made-c59e1b9d87045dbf2d81c82b,30,Au-K-Tb,esopt_graph_risk,1,13,0
budget-final-made-c59e1b9d87045dbf2d81c82b,30,Au-K-Tb,esopt_graph_risk,1,14,0
budget-final-made-c59e1b9d87045dbf2d81c82b,30,Au-K-Tb,esopt_graph_risk,1,15,0
budget-final-made-c59e1b9d87045dbf2d81c82b,30,Au-K-Tb,esopt_graph_risk,1,16,0
budget-final-made-c59e1b9d87045dbf2d81c82b,30,Au-K-Tb,esopt_graph_risk,1,17,0
budget-final-made-c59e1b9d87045dbf2d81c82b,30,Au-K-Tb,esopt_graph_risk,1,18,1
budget-final-made-c59e1b9d87045dbf2d81c82b,30,Au-K-Tb,esopt_graph_risk,1,19,2
budget-final-made-c59e1b9d87045dbf2d81c82b,30,Au-K-Tb,esopt_graph_risk,1,20,2
budget-final-made-c59e1b9d87045dbf2d81c82b,30,Au-K-Tb,esopt_graph_risk,1,21,2
budget-final-made-c59e1b9d87045dbf2d81c82b,30,Au-K-Tb,esopt_graph_risk,1,22,2
budget-final-made-c59e1b9d87045dbf2d81c82b,30,Au-K-Tb,esopt_graph_risk,1,23,2
budget-final-made-c59e1b9d87045dbf2d81c82b,30,Au-K-Tb,esopt_graph_risk,1,24,2
budget-final-made-c59e1b9d87045dbf2d81c82b,30,Au-K-Tb,esopt_graph_risk,1,25,3
budget-final-made-c59e1b9d87045dbf2d81c82b,30,Au-K-Tb,esopt_graph_risk,1,26,3
budget-final-made-c59e1b9d87045dbf2d81c82b,30,Au-K-Tb,esopt_graph_risk,1,27,3
budget-final-made-c59e1b9d87045dbf2d81c82b,30,Au-K-Tb,esopt_graph_risk,1,28,3
budget-final-made-c59e1b9d87045dbf2d81c82b,30,Au-K-Tb,esopt_graph_risk,1,29,3
budget-final-made-c59e1b9d87045dbf2d81c82b,30,Au-K-Tb,esopt_graph_risk,1,30,3
budget-final-made-ff8a825b8e2ac6d1d4f7532c,30,Au-Tb-V-Y,baseline,1,0,0
budget-final-made-ff8a825b8e2ac6d1d4f7532c,30,Au-Tb-V-Y,baseline,1,1,0
budget-final-made-ff8a825b8e2ac6d1d4f7532c,30,Au-Tb-V-Y,baseline,1,2,0
budget-final-made-ff8a825b8e2ac6d1d4f7532c,30,Au-Tb-V-Y,baseline,1,3,0
budget-final-made-ff8a825b8e2ac6d1d4f7532c,30,Au-Tb-V-Y,baseline,1,4,0
budget-final-made-ff8a825b8e2ac6d1d4f7532c,30,Au-Tb-V-Y,baseline,1,5,0
budget-final-made-ff8a825b8e2ac6d1d4f7532c,30,Au-Tb-V-Y,baseline,1,6,0
budget-final-made-ff8a825b8e2ac6d1d4f7532c,30,Au-Tb-V-Y,baseline,1,7,0
budget-final-made-ff8a825b8e2ac6d1d4f7532c,30,Au-Tb-V-Y,baseline,1,8,0
budget-final-made-ff8a825b8e2ac6d1d4f7532c,30,Au-Tb-V-Y,baseline,1,9,0
budget-final-made-ff8a825b8e2ac6d1d4f7532c,30,Au-Tb-V-Y,baseline,1,10,0
budget-final-made-ff8a825b8e2ac6d1d4f7532c,30,Au-Tb-V-Y,baseline,1,11,0
budget-final-made-ff8a825b8e2ac6d1d4f7532c,30,Au-Tb-V-Y,baseline,1,12,0
budget-final-made-ff8a825b8e2ac6d1d4f7532c,30,Au-Tb-V-Y,baseline,1,13,0
budget-final-made-ff8a825b8e2ac6d1d4f7532c,30,Au-Tb-V-Y,baseline,1,14,0
budget-final-made-ff8a825b8e2ac6d1d4f7532c,30,Au-Tb-V-Y,baseline,1,15,0
budget-final-made-ff8a825b8e2ac6d1d4f7532c,30,Au-Tb-V-Y,baseline,1,16,0
budget-final-made-ff8a825b8e2ac6d1d4f7532c,30,Au-Tb-V-Y,baseline,1,17,0
budget-final-made-ff8a825b8e2ac6d1d4f7532c,30,Au-Tb-V-Y,baseline,1,18,0
budget-final-made-ff8a825b8e2ac6d1d4f7532c,30,Au-Tb-V-Y,baseline,1,19,0
budget-final-made-ff8a825b8e2ac6d1d4f7532c,30,Au-Tb-V-Y,baseline,1,20,0
budget-final-made-ff8a825b8e2ac6d1d4f7532c,30,Au-Tb-V-Y,baseline,1,21,0
budget-final-made-ff8a825b8e2ac6d1d4f7532c,30,Au-Tb-V-Y,baseline,1,22,0
budget-final-made-ff8a825b8e2ac6d1d4f7532c,30,Au-Tb-V-Y,baseline,1,23,0
budget-final-made-ff8a825b8e2ac6d1d4f7532c,30,Au-Tb-V-Y,baseline,1,24,0
budget-final-made-ff8a825b8e2ac6d1d4f7532c,30,Au-Tb-V-Y,baseline,1,25,0
budget-final-made-ff8a825b8e2ac6d1d4f7532c,30,Au-Tb-V-Y,baseline,1,26,0
budget-final-made-ff8a825b8e2ac6d1d4f7532c,30,Au-Tb-V-Y,baseline,1,27,0
budget-final-made-ff8a825b8e2ac6d1d4f7532c,30,Au-Tb-V-Y,baseline,1,28,0
budget-final-made-ff8a825b8e2ac6d1d4f7532c,30,Au-Tb-V-Y,baseline,1,29,0
budget-final-made-ff8a825b8e2ac6d1d4f7532c,30,Au-Tb-V-Y,baseline,1,30,0
budget-final-made-8b0f5d5e10193a64efa50b47,30,Au-Tb-V-Y,esopt_graph_risk,1,0,0
budget-final-made-8b0f5d5e10193a64efa50b47,30,Au-Tb-V-Y,esopt_graph_risk,1,1,0
budget-final-made-8b0f5d5e10193a64efa50b47,30,Au-Tb-V-Y,esopt_graph_risk,1,2,0
budget-final-made-8b0f5d5e10193a64efa50b47,30,Au-Tb-V-Y,esopt_graph_risk,1,3,0
budget-final-made-8b0f5d5e10193a64efa50b47,30,Au-Tb-V-Y,esopt_graph_risk,1,4,0
budget-final-made-8b0f5d5e10193a64efa50b47,30,Au-Tb-V-Y,esopt_graph_risk,1,5,0
budget-final-made-8b0f5d5e10193a64efa50b47,30,Au-Tb-V-Y,esopt_graph_risk,1,6,0
budget-final-made-8b0f5d5e10193a64efa50b47,30,Au-Tb-V-Y,esopt_graph_risk,1,7,0
budget-final-made-8b0f5d5e10193a64efa50b47,30,Au-Tb-V-Y,esopt_graph_risk,1,8,0
budget-final-made-8b0f5d5e10193a64efa50b47,30,Au-Tb-V-Y,esopt_graph_risk,1,9,0
budget-final-made-8b0f5d5e10193a64efa50b47,30,Au-Tb-V-Y,esopt_graph_risk,1,10,0
budget-final-made-8b0f5d5e10193a64efa50b47,30,Au-Tb-V-Y,esopt_graph_risk,1,11,0
budget-final-made-8b0f5d5e10193a64efa50b47,30,Au-Tb-V-Y,esopt_graph_risk,1,12,0
budget-final-made-8b0f5d5e10193a64efa50b47,30,Au-Tb-V-Y,esopt_graph_risk,1,13,0
budget-final-made-8b0f5d5e10193a64efa50b47,30,Au-Tb-V-Y,esopt_graph_risk,1,14,0
budget-final-made-8b0f5d5e10193a64efa50b47,30,Au-Tb-V-Y,esopt_graph_risk,1,15,0
budget-final-made-8b0f5d5e10193a64efa50b47,30,Au-Tb-V-Y,esopt_graph_risk,1,16,0
budget-final-made-8b0f5d5e10193a64efa50b47,30,Au-Tb-V-Y,esopt_graph_risk,1,17,0
budget-final-made-8b0f5d5e10193a64efa50b47,30,Au-Tb-V-Y,esopt_graph_risk,1,18,0
budget-final-made-8b0f5d5e10193a64efa50b47,30,Au-Tb-V-Y,esopt_graph_risk,1,19,0
budget-final-made-8b0f5d5e10193a64efa50b47,30,Au-Tb-V-Y,esopt_graph_risk,1,20,0
budget-final-made-8b0f5d5e10193a64efa50b47,30,Au-Tb-V-Y,esopt_graph_risk,1,21,0
budget-final-made-8b0f5d5e10193a64efa50b47,30,Au-Tb-V-Y,esopt_graph_risk,1,22,0
budget-final-made-8b0f5d5e10193a64efa50b47,30,Au-Tb-V-Y,esopt_graph_risk,1,23,0
budget-final-made-8b0f5d5e10193a64efa50b47,30,Au-Tb-V-Y,esopt_graph_risk,1,24,0
budget-final-made-8b0f5d5e10193a64efa50b47,30,Au-Tb-V-Y,esopt_graph_risk,1,25,0
budget-final-made-8b0f5d5e10193a64efa50b47,30,Au-Tb-V-Y,esopt_graph_risk,1,26,0
budget-final-made-8b0f5d5e10193a64efa50b47,30,Au-Tb-V-Y,esopt_graph_risk,1,27,0
budget-final-made-8b0f5d5e10193a64efa50b47,30,Au-Tb-V-Y,esopt_graph_risk,1,28,0
budget-final-made-8b0f5d5e10193a64efa50b47,30,Au-Tb-V-Y,esopt_graph_risk,1,29,0
budget-final-made-8b0f5d5e10193a64efa50b47,30,Au-Tb-V-Y,esopt_graph_risk,1,30,0
budget-final-made-9b22f46f38016340b4c7029a,30,Ba-Be-Hf-Li,baseline,1,0,0
budget-final-made-9b22f46f38016340b4c7029a,30,Ba-Be-Hf-Li,baseline,1,1,0
budget-final-made-9b22f46f38016340b4c7029a,30,Ba-Be-Hf-Li,baseline,1,2,0
budget-final-made-9b22f46f38016340b4c7029a,30,Ba-Be-Hf-Li,baseline,1,3,0
budget-final-made-9b22f46f38016340b4c7029a,30,Ba-Be-Hf-Li,baseline,1,4,0
budget-final-made-9b22f46f38016340b4c7029a,30,Ba-Be-Hf-Li,baseline,1,5,0
budget-final-made-9b22f46f38016340b4c7029a,30,Ba-Be-Hf-Li,baseline,1,6,0
budget-final-made-9b22f46f38016340b4c7029a,30,Ba-Be-Hf-Li,baseline,1,7,0
budget-final-made-9b22f46f38016340b4c7029a,30,Ba-Be-Hf-Li,baseline,1,8,0
budget-final-made-9b22f46f38016340b4c7029a,30,Ba-Be-Hf-Li,baseline,1,9,0
budget-final-made-9b22f46f38016340b4c7029a,30,Ba-Be-Hf-Li,baseline,1,10,0
budget-final-made-9b22f46f38016340b4c7029a,30,Ba-Be-Hf-Li,baseline,1,11,0
budget-final-made-9b22f46f38016340b4c7029a,30,Ba-Be-Hf-Li,baseline,1,12,0
budget-final-made-9b22f46f38016340b4c7029a,30,Ba-Be-Hf-Li,baseline,1,13,0
budget-final-made-9b22f46f38016340b4c7029a,30,Ba-Be-Hf-Li,baseline,1,14,0
budget-final-made-9b22f46f38016340b4c7029a,30,Ba-Be-Hf-Li,baseline,1,15,0
budget-final-made-9b22f46f38016340b4c7029a,30,Ba-Be-Hf-Li,baseline,1,16,0
budget-final-made-9b22f46f38016340b4c7029a,30,Ba-Be-Hf-Li,baseline,1,17,0
budget-final-made-9b22f46f38016340b4c7029a,30,Ba-Be-Hf-Li,baseline,1,18,0
budget-final-made-9b22f46f38016340b4c7029a,30,Ba-Be-Hf-Li,baseline,1,19,0
budget-final-made-9b22f46f38016340b4c7029a,30,Ba-Be-Hf-Li,baseline,1,20,0
budget-final-made-9b22f46f38016340b4c7029a,30,Ba-Be-Hf-Li,baseline,1,21,0
budget-final-made-9b22f46f38016340b4c7029a,30,Ba-Be-Hf-Li,baseline,1,22,0
budget-final-made-9b22f46f38016340b4c7029a,30,Ba-Be-Hf-Li,baseline,1,23,0
budget-final-made-9b22f46f38016340b4c7029a,30,Ba-Be-Hf-Li,baseline,1,24,0
budget-final-made-9b22f46f38016340b4c7029a,30,Ba-Be-Hf-Li,baseline,1,25,0
budget-final-made-9b22f46f38016340b4c7029a,30,Ba-Be-Hf-Li,baseline,1,26,0
budget-final-made-9b22f46f38016340b4c7029a,30,Ba-Be-Hf-Li,baseline,1,27,0
budget-final-made-9b22f46f38016340b4c7029a,30,Ba-Be-Hf-Li,baseline,1,28,0
budget-final-made-9b22f46f38016340b4c7029a,30,Ba-Be-Hf-Li,baseline,1,29,0
budget-final-made-9b22f46f38016340b4c7029a,30,Ba-Be-Hf-Li,baseline,1,30,0
budget-final-made-bcf101858cf19e586a18f9b2,30,Ba-Be-Hf-Li,esopt_graph_risk,1,0,0
budget-final-made-bcf101858cf19e586a18f9b2,30,Ba-Be-Hf-Li,esopt_graph_risk,1,1,0
budget-final-made-bcf101858cf19e586a18f9b2,30,Ba-Be-Hf-Li,esopt_graph_risk,1,2,0
budget-final-made-bcf101858cf19e586a18f9b2,30,Ba-Be-Hf-Li,esopt_graph_risk,1,3,0
budget-final-made-bcf101858cf19e586a18f9b2,30,Ba-Be-Hf-Li,esopt_graph_risk,1,4,0
budget-final-made-bcf101858cf19e586a18f9b2,30,Ba-Be-Hf-Li,esopt_graph_risk,1,5,0
budget-final-made-bcf101858cf19e586a18f9b2,30,Ba-Be-Hf-Li,esopt_graph_risk,1,6,0
budget-final-made-bcf101858cf19e586a18f9b2,30,Ba-Be-Hf-Li,esopt_graph_risk,1,7,0
budget-final-made-bcf101858cf19e586a18f9b2,30,Ba-Be-Hf-Li,esopt_graph_risk,1,8,0
budget-final-made-bcf101858cf19e586a18f9b2,30,Ba-Be-Hf-Li,esopt_graph_risk,1,9,0
budget-final-made-bcf101858cf19e586a18f9b2,30,Ba-Be-Hf-Li,esopt_graph_risk,1,10,0
budget-final-made-bcf101858cf19e586a18f9b2,30,Ba-Be-Hf-Li,esopt_graph_risk,1,11,0
budget-final-made-bcf101858cf19e586a18f9b2,30,Ba-Be-Hf-Li,esopt_graph_risk,1,12,0
budget-final-made-bcf101858cf19e586a18f9b2,30,Ba-Be-Hf-Li,esopt_graph_risk,1,13,0
budget-final-made-bcf101858cf19e586a18f9b2,30,Ba-Be-Hf-Li,esopt_graph_risk,1,14,0
budget-final-made-bcf101858cf19e586a18f9b2,30,Ba-Be-Hf-Li,esopt_graph_risk,1,15,0
budget-final-made-bcf101858cf19e586a18f9b2,30,Ba-Be-Hf-Li,esopt_graph_risk,1,16,0
budget-final-made-bcf101858cf19e586a18f9b2,30,Ba-Be-Hf-Li,esopt_graph_risk,1,17,0
budget-final-made-bcf101858cf19e586a18f9b2,30,Ba-Be-Hf-Li,esopt_graph_risk,1,18,0
budget-final-made-bcf101858cf19e586a18f9b2,30,Ba-Be-Hf-Li,esopt_graph_risk,1,19,0
budget-final-made-bcf101858cf19e586a18f9b2,30,Ba-Be-Hf-Li,esopt_graph_risk,1,20,0
budget-final-made-bcf101858cf19e586a18f9b2,30,Ba-Be-Hf-Li,esopt_graph_risk,1,21,0
budget-final-made-bcf101858cf19e586a18f9b2,30,Ba-Be-Hf-Li,esopt_graph_risk,1,22,0
budget-final-made-bcf101858cf19e586a18f9b2,30,Ba-Be-Hf-Li,esopt_graph_risk,1,23,0
budget-final-made-bcf101858cf19e586a18f9b2,30,Ba-Be-Hf-Li,esopt_graph_risk,1,24,0
budget-final-made-bcf101858cf19e586a18f9b2,30,Ba-Be-Hf-Li,esopt_graph_risk,1,25,0
budget-final-made-bcf101858cf19e586a18f9b2,30,Ba-Be-Hf-Li,esopt_graph_risk,1,26,0
budget-final-made-bcf101858cf19e586a18f9b2,30,Ba-Be-Hf-Li,esopt_graph_risk,1,27,0
budget-final-made-bcf101858cf19e586a18f9b2,30,Ba-Be-Hf-Li,esopt_graph_risk,1,28,0
budget-final-made-bcf101858cf19e586a18f9b2,30,Ba-Be-Hf-Li,esopt_graph_risk,1,29,0
budget-final-made-bcf101858cf19e586a18f9b2,30,Ba-Be-Hf-Li,esopt_graph_risk,1,30,0
budget-final-made-aa6d5d1f650c00591d6456ac,30,Ba-Nd-Ni-W,baseline,1,0,0
budget-final-made-aa6d5d1f650c00591d6456ac,30,Ba-Nd-Ni-W,baseline,1,1,0
budget-final-made-aa6d5d1f650c00591d6456ac,30,Ba-Nd-Ni-W,baseline,1,2,0
budget-final-made-aa6d5d1f650c00591d6456ac,30,Ba-Nd-Ni-W,baseline,1,3,0
budget-final-made-aa6d5d1f650c00591d6456ac,30,Ba-Nd-Ni-W,baseline,1,4,0
budget-final-made-aa6d5d1f650c00591d6456ac,30,Ba-Nd-Ni-W,baseline,1,5,0
budget-final-made-aa6d5d1f650c00591d6456ac,30,Ba-Nd-Ni-W,baseline,1,6,0
budget-final-made-aa6d5d1f650c00591d6456ac,30,Ba-Nd-Ni-W,baseline,1,7,0
budget-final-made-aa6d5d1f650c00591d6456ac,30,Ba-Nd-Ni-W,baseline,1,8,0
budget-final-made-aa6d5d1f650c00591d6456ac,30,Ba-Nd-Ni-W,baseline,1,9,0
budget-final-made-aa6d5d1f650c00591d6456ac,30,Ba-Nd-Ni-W,baseline,1,10,0
budget-final-made-aa6d5d1f650c00591d6456ac,30,Ba-Nd-Ni-W,baseline,1,11,0
budget-final-made-aa6d5d1f650c00591d6456ac,30,Ba-Nd-Ni-W,baseline,1,12,0
budget-final-made-aa6d5d1f650c00591d6456ac,30,Ba-Nd-Ni-W,baseline,1,13,0
budget-final-made-aa6d5d1f650c00591d6456ac,30,Ba-Nd-Ni-W,baseline,1,14,0
budget-final-made-aa6d5d1f650c00591d6456ac,30,Ba-Nd-Ni-W,baseline,1,15,0
budget-final-made-aa6d5d1f650c00591d6456ac,30,Ba-Nd-Ni-W,baseline,1,16,0
budget-final-made-aa6d5d1f650c00591d6456ac,30,Ba-Nd-Ni-W,baseline,1,17,0
budget-final-made-aa6d5d1f650c00591d6456ac,30,Ba-Nd-Ni-W,baseline,1,18,0
budget-final-made-aa6d5d1f650c00591d6456ac,30,Ba-Nd-Ni-W,baseline,1,19,0
budget-final-made-aa6d5d1f650c00591d6456ac,30,Ba-Nd-Ni-W,baseline,1,20,0
budget-final-made-aa6d5d1f650c00591d6456ac,30,Ba-Nd-Ni-W,baseline,1,21,0
budget-final-made-aa6d5d1f650c00591d6456ac,30,Ba-Nd-Ni-W,baseline,1,22,0
budget-final-made-aa6d5d1f650c00591d6456ac,30,Ba-Nd-Ni-W,baseline,1,23,0
budget-final-made-aa6d5d1f650c00591d6456ac,30,Ba-Nd-Ni-W,baseline,1,24,0
budget-final-made-aa6d5d1f650c00591d6456ac,30,Ba-Nd-Ni-W,baseline,1,25,0
budget-final-made-aa6d5d1f650c00591d6456ac,30,Ba-Nd-Ni-W,baseline,1,26,0
budget-final-made-aa6d5d1f650c00591d6456ac,30,Ba-Nd-Ni-W,baseline,1,27,0
budget-final-made-aa6d5d1f650c00591d6456ac,30,Ba-Nd-Ni-W,baseline,1,28,0
budget-final-made-aa6d5d1f650c00591d6456ac,30,Ba-Nd-Ni-W,baseline,1,29,0
budget-final-made-aa6d5d1f650c00591d6456ac,30,Ba-Nd-Ni-W,baseline,1,30,0
budget-final-made-de4b07758928f3ec69fc5ba8,30,Ca-Fe-Gd-Pb-Tb,baseline,1,0,0
budget-final-made-de4b07758928f3ec69fc5ba8,30,Ca-Fe-Gd-Pb-Tb,baseline,1,1,0
budget-final-made-de4b07758928f3ec69fc5ba8,30,Ca-Fe-Gd-Pb-Tb,baseline,1,2,0
budget-final-made-de4b07758928f3ec69fc5ba8,30,Ca-Fe-Gd-Pb-Tb,baseline,1,3,0
budget-final-made-de4b07758928f3ec69fc5ba8,30,Ca-Fe-Gd-Pb-Tb,baseline,1,4,0
budget-final-made-de4b07758928f3ec69fc5ba8,30,Ca-Fe-Gd-Pb-Tb,baseline,1,5,0
budget-final-made-de4b07758928f3ec69fc5ba8,30,Ca-Fe-Gd-Pb-Tb,baseline,1,6,0
budget-final-made-de4b07758928f3ec69fc5ba8,30,Ca-Fe-Gd-Pb-Tb,baseline,1,7,0
budget-final-made-de4b07758928f3ec69fc5ba8,30,Ca-Fe-Gd-Pb-Tb,baseline,1,8,0
budget-final-made-de4b07758928f3ec69fc5ba8,30,Ca-Fe-Gd-Pb-Tb,baseline,1,9,0
budget-final-made-de4b07758928f3ec69fc5ba8,30,Ca-Fe-Gd-Pb-Tb,baseline,1,10,0
budget-final-made-de4b07758928f3ec69fc5ba8,30,Ca-Fe-Gd-Pb-Tb,baseline,1,11,0
budget-final-made-de4b07758928f3ec69fc5ba8,30,Ca-Fe-Gd-Pb-Tb,baseline,1,12,0
budget-final-made-de4b07758928f3ec69fc5ba8,30,Ca-Fe-Gd-Pb-Tb,baseline,1,13,0
budget-final-made-de4b07758928f3ec69fc5ba8,30,Ca-Fe-Gd-Pb-Tb,baseline,1,14,0
budget-final-made-de4b07758928f3ec69fc5ba8,30,Ca-Fe-Gd-Pb-Tb,baseline,1,15,0
budget-final-made-de4b07758928f3ec69fc5ba8,30,Ca-Fe-Gd-Pb-Tb,baseline,1,16,0
budget-final-made-de4b07758928f3ec69fc5ba8,30,Ca-Fe-Gd-Pb-Tb,baseline,1,17,0
budget-final-made-de4b07758928f3ec69fc5ba8,30,Ca-Fe-Gd-Pb-Tb,baseline,1,18,0
budget-final-made-de4b07758928f3ec69fc5ba8,30,Ca-Fe-Gd-Pb-Tb,baseline,1,19,0
budget-final-made-de4b07758928f3ec69fc5ba8,30,Ca-Fe-Gd-Pb-Tb,baseline,1,20,0
budget-final-made-de4b07758928f3ec69fc5ba8,30,Ca-Fe-Gd-Pb-Tb,baseline,1,21,0
budget-final-made-de4b07758928f3ec69fc5ba8,30,Ca-Fe-Gd-Pb-Tb,baseline,1,22,0
budget-final-made-de4b07758928f3ec69fc5ba8,30,Ca-Fe-Gd-Pb-Tb,baseline,1,23,0
budget-final-made-de4b07758928f3ec69fc5ba8,30,Ca-Fe-Gd-Pb-Tb,baseline,1,24,0
budget-final-made-de4b07758928f3ec69fc5ba8,30,Ca-Fe-Gd-Pb-Tb,baseline,1,25,0
budget-final-made-de4b07758928f3ec69fc5ba8,30,Ca-Fe-Gd-Pb-Tb,baseline,1,26,0
budget-final-made-de4b07758928f3ec69fc5ba8,30,Ca-Fe-Gd-Pb-Tb,baseline,1,27,0
budget-final-made-de4b07758928f3ec69fc5ba8,30,Ca-Fe-Gd-Pb-Tb,baseline,1,28,0
budget-final-made-de4b07758928f3ec69fc5ba8,30,Ca-Fe-Gd-Pb-Tb,baseline,1,29,0
budget-final-made-de4b07758928f3ec69fc5ba8,30,Ca-Fe-Gd-Pb-Tb,baseline,1,30,0
budget-final-made-a6e4dac0bf2f5ff023d4600e,30,Ca-Pd-Sn-W,baseline,1,0,0
budget-final-made-a6e4dac0bf2f5ff023d4600e,30,Ca-Pd-Sn-W,baseline,1,1,0
budget-final-made-a6e4dac0bf2f5ff023d4600e,30,Ca-Pd-Sn-W,baseline,1,2,0
budget-final-made-a6e4dac0bf2f5ff023d4600e,30,Ca-Pd-Sn-W,baseline,1,3,0
budget-final-made-a6e4dac0bf2f5ff023d4600e,30,Ca-Pd-Sn-W,baseline,1,4,0
budget-final-made-a6e4dac0bf2f5ff023d4600e,30,Ca-Pd-Sn-W,baseline,1,5,0
budget-final-made-a6e4dac0bf2f5ff023d4600e,30,Ca-Pd-Sn-W,baseline,1,6,0
budget-final-made-a6e4dac0bf2f5ff023d4600e,30,Ca-Pd-Sn-W,baseline,1,7,0
budget-final-made-a6e4dac0bf2f5ff023d4600e,30,Ca-Pd-Sn-W,baseline,1,8,0
budget-final-made-a6e4dac0bf2f5ff023d4600e,30,Ca-Pd-Sn-W,baseline,1,9,0
budget-final-made-a6e4dac0bf2f5ff023d4600e,30,Ca-Pd-Sn-W,baseline,1,10,0
budget-final-made-a6e4dac0bf2f5ff023d4600e,30,Ca-Pd-Sn-W,baseline,1,11,0
budget-final-made-a6e4dac0bf2f5ff023d4600e,30,Ca-Pd-Sn-W,baseline,1,12,0
budget-final-made-a6e4dac0bf2f5ff023d4600e,30,Ca-Pd-Sn-W,baseline,1,13,0
budget-final-made-a6e4dac0bf2f5ff023d4600e,30,Ca-Pd-Sn-W,baseline,1,14,0
budget-final-made-a6e4dac0bf2f5ff023d4600e,30,Ca-Pd-Sn-W,baseline,1,15,0
budget-final-made-a6e4dac0bf2f5ff023d4600e,30,Ca-Pd-Sn-W,baseline,1,16,0
budget-final-made-a6e4dac0bf2f5ff023d4600e,30,Ca-Pd-Sn-W,baseline,1,17,0
budget-final-made-a6e4dac0bf2f5ff023d4600e,30,Ca-Pd-Sn-W,baseline,1,18,0
budget-final-made-a6e4dac0bf2f5ff023d4600e,30,Ca-Pd-Sn-W,baseline,1,19,0
budget-final-made-a6e4dac0bf2f5ff023d4600e,30,Ca-Pd-Sn-W,baseline,1,20,0
budget-final-made-a6e4dac0bf2f5ff023d4600e,30,Ca-Pd-Sn-W,baseline,1,21,0
budget-final-made-a6e4dac0bf2f5ff023d4600e,30,Ca-Pd-Sn-W,baseline,1,22,0
budget-final-made-a6e4dac0bf2f5ff023d4600e,30,Ca-Pd-Sn-W,baseline,1,23,0
budget-final-made-a6e4dac0bf2f5ff023d4600e,30,Ca-Pd-Sn-W,baseline,1,24,0
budget-final-made-a6e4dac0bf2f5ff023d4600e,30,Ca-Pd-Sn-W,baseline,1,25,0
budget-final-made-a6e4dac0bf2f5ff023d4600e,30,Ca-Pd-Sn-W,baseline,1,26,0
budget-final-made-a6e4dac0bf2f5ff023d4600e,30,Ca-Pd-Sn-W,baseline,1,27,0
budget-final-made-a6e4dac0bf2f5ff023d4600e,30,Ca-Pd-Sn-W,baseline,1,28,0
budget-final-made-a6e4dac0bf2f5ff023d4600e,30,Ca-Pd-Sn-W,baseline,1,29,0
budget-final-made-a6e4dac0bf2f5ff023d4600e,30,Ca-Pd-Sn-W,baseline,1,30,0
budget-final-made-9e1ea458840dddf355f8c735,30,Ca-Pd-Sn-W,esopt_graph_risk,1,0,0
budget-final-made-9e1ea458840dddf355f8c735,30,Ca-Pd-Sn-W,esopt_graph_risk,1,1,0
budget-final-made-9e1ea458840dddf355f8c735,30,Ca-Pd-Sn-W,esopt_graph_risk,1,2,0
budget-final-made-9e1ea458840dddf355f8c735,30,Ca-Pd-Sn-W,esopt_graph_risk,1,3,0
budget-final-made-9e1ea458840dddf355f8c735,30,Ca-Pd-Sn-W,esopt_graph_risk,1,4,0
budget-final-made-9e1ea458840dddf355f8c735,30,Ca-Pd-Sn-W,esopt_graph_risk,1,5,0
budget-final-made-9e1ea458840dddf355f8c735,30,Ca-Pd-Sn-W,esopt_graph_risk,1,6,0
budget-final-made-9e1ea458840dddf355f8c735,30,Ca-Pd-Sn-W,esopt_graph_risk,1,7,0
budget-final-made-9e1ea458840dddf355f8c735,30,Ca-Pd-Sn-W,esopt_graph_risk,1,8,0
budget-final-made-9e1ea458840dddf355f8c735,30,Ca-Pd-Sn-W,esopt_graph_risk,1,9,0
budget-final-made-9e1ea458840dddf355f8c735,30,Ca-Pd-Sn-W,esopt_graph_risk,1,10,0
budget-final-made-9e1ea458840dddf355f8c735,30,Ca-Pd-Sn-W,esopt_graph_risk,1,11,0
budget-final-made-9e1ea458840dddf355f8c735,30,Ca-Pd-Sn-W,esopt_graph_risk,1,12,0
budget-final-made-9e1ea458840dddf355f8c735,30,Ca-Pd-Sn-W,esopt_graph_risk,1,13,0
budget-final-made-9e1ea458840dddf355f8c735,30,Ca-Pd-Sn-W,esopt_graph_risk,1,14,0
budget-final-made-9e1ea458840dddf355f8c735,30,Ca-Pd-Sn-W,esopt_graph_risk,1,15,0
budget-final-made-9e1ea458840dddf355f8c735,30,Ca-Pd-Sn-W,esopt_graph_risk,1,16,0
budget-final-made-9e1ea458840dddf355f8c735,30,Ca-Pd-Sn-W,esopt_graph_risk,1,17,0
budget-final-made-9e1ea458840dddf355f8c735,30,Ca-Pd-Sn-W,esopt_graph_risk,1,18,0
budget-final-made-9e1ea458840dddf355f8c735,30,Ca-Pd-Sn-W,esopt_graph_risk,1,19,0
budget-final-made-9e1ea458840dddf355f8c735,30,Ca-Pd-Sn-W,esopt_graph_risk,1,20,0
budget-final-made-9e1ea458840dddf355f8c735,30,Ca-Pd-Sn-W,esopt_graph_risk,1,21,0
budget-final-made-9e1ea458840dddf355f8c735,30,Ca-Pd-Sn-W,esopt_graph_risk,1,22,0
budget-final-made-9e1ea458840dddf355f8c735,30,Ca-Pd-Sn-W,esopt_graph_risk,1,23,0
budget-final-made-9e1ea458840dddf355f8c735,30,Ca-Pd-Sn-W,esopt_graph_risk,1,24,0
budget-final-made-9e1ea458840dddf355f8c735,30,Ca-Pd-Sn-W,esopt_graph_risk,1,25,0
budget-final-made-9e1ea458840dddf355f8c735,30,Ca-Pd-Sn-W,esopt_graph_risk,1,26,0
budget-final-made-9e1ea458840dddf355f8c735,30,Ca-Pd-Sn-W,esopt_graph_risk,1,27,0
budget-final-made-9e1ea458840dddf355f8c735,30,Ca-Pd-Sn-W,esopt_graph_risk,1,28,0
budget-final-made-9e1ea458840dddf355f8c735,30,Ca-Pd-Sn-W,esopt_graph_risk,1,29,0
budget-final-made-9e1ea458840dddf355f8c735,30,Ca-Pd-Sn-W,esopt_graph_risk,1,30,0
budget-final-made-b1ade687c701620d36bd740e,30,Cd-Gd-Mn-Na-Ta,baseline,1,0,0
budget-final-made-b1ade687c701620d36bd740e,30,Cd-Gd-Mn-Na-Ta,baseline,1,1,0
budget-final-made-b1ade687c701620d36bd740e,30,Cd-Gd-Mn-Na-Ta,baseline,1,2,0
budget-final-made-b1ade687c701620d36bd740e,30,Cd-Gd-Mn-Na-Ta,baseline,1,3,0
budget-final-made-b1ade687c701620d36bd740e,30,Cd-Gd-Mn-Na-Ta,baseline,1,4,0
budget-final-made-b1ade687c701620d36bd740e,30,Cd-Gd-Mn-Na-Ta,baseline,1,5,0
budget-final-made-b1ade687c701620d36bd740e,30,Cd-Gd-Mn-Na-Ta,baseline,1,6,0
budget-final-made-b1ade687c701620d36bd740e,30,Cd-Gd-Mn-Na-Ta,baseline,1,7,0
budget-final-made-b1ade687c701620d36bd740e,30,Cd-Gd-Mn-Na-Ta,baseline,1,8,0
budget-final-made-b1ade687c701620d36bd740e,30,Cd-Gd-Mn-Na-Ta,baseline,1,9,0
budget-final-made-b1ade687c701620d36bd740e,30,Cd-Gd-Mn-Na-Ta,baseline,1,10,0
budget-final-made-b1ade687c701620d36bd740e,30,Cd-Gd-Mn-Na-Ta,baseline,1,11,0
budget-final-made-b1ade687c701620d36bd740e,30,Cd-Gd-Mn-Na-Ta,baseline,1,12,0
budget-final-made-b1ade687c701620d36bd740e,30,Cd-Gd-Mn-Na-Ta,baseline,1,13,0
budget-final-made-b1ade687c701620d36bd740e,30,Cd-Gd-Mn-Na-Ta,baseline,1,14,0
budget-final-made-b1ade687c701620d36bd740e,30,Cd-Gd-Mn-Na-Ta,baseline,1,15,0
budget-final-made-b1ade687c701620d36bd740e,30,Cd-Gd-Mn-Na-Ta,baseline,1,16,0
budget-final-made-b1ade687c701620d36bd740e,30,Cd-Gd-Mn-Na-Ta,baseline,1,17,0
budget-final-made-b1ade687c701620d36bd740e,30,Cd-Gd-Mn-Na-Ta,baseline,1,18,0
budget-final-made-b1ade687c701620d36bd740e,30,Cd-Gd-Mn-Na-Ta,baseline,1,19,0
budget-final-made-b1ade687c701620d36bd740e,30,Cd-Gd-Mn-Na-Ta,baseline,1,20,0
budget-final-made-b1ade687c701620d36bd740e,30,Cd-Gd-Mn-Na-Ta,baseline,1,21,0
budget-final-made-b1ade687c701620d36bd740e,30,Cd-Gd-Mn-Na-Ta,baseline,1,22,0
budget-final-made-b1ade687c701620d36bd740e,30,Cd-Gd-Mn-Na-Ta,baseline,1,23,0
budget-final-made-b1ade687c701620d36bd740e,30,Cd-Gd-Mn-Na-Ta,baseline,1,24,0
budget-final-made-b1ade687c701620d36bd740e,30,Cd-Gd-Mn-Na-Ta,baseline,1,25,0
budget-final-made-b1ade687c701620d36bd740e,30,Cd-Gd-Mn-Na-Ta,baseline,1,26,0
budget-final-made-b1ade687c701620d36bd740e,30,Cd-Gd-Mn-Na-Ta,baseline,1,27,0
budget-final-made-b1ade687c701620d36bd740e,30,Cd-Gd-Mn-Na-Ta,baseline,1,28,0
budget-final-made-b1ade687c701620d36bd740e,30,Cd-Gd-Mn-Na-Ta,baseline,1,29,0
budget-final-made-b1ade687c701620d36bd740e,30,Cd-Gd-Mn-Na-Ta,baseline,1,30,0
budget-final-made-bddfff2e8be0e2e021389547,30,Cd-Li-Nd-Ti-W,baseline,1,0,0
budget-final-made-bddfff2e8be0e2e021389547,30,Cd-Li-Nd-Ti-W,baseline,1,1,1
budget-final-made-bddfff2e8be0e2e021389547,30,Cd-Li-Nd-Ti-W,baseline,1,2,1
budget-final-made-bddfff2e8be0e2e021389547,30,Cd-Li-Nd-Ti-W,baseline,1,3,2
budget-final-made-bddfff2e8be0e2e021389547,30,Cd-Li-Nd-Ti-W,baseline,1,4,2
budget-final-made-bddfff2e8be0e2e021389547,30,Cd-Li-Nd-Ti-W,baseline,1,5,2
budget-final-made-bddfff2e8be0e2e021389547,30,Cd-Li-Nd-Ti-W,baseline,1,6,2
budget-final-made-bddfff2e8be0e2e021389547,30,Cd-Li-Nd-Ti-W,baseline,1,7,2
budget-final-made-bddfff2e8be0e2e021389547,30,Cd-Li-Nd-Ti-W,baseline,1,8,2
budget-final-made-bddfff2e8be0e2e021389547,30,Cd-Li-Nd-Ti-W,baseline,1,9,2
budget-final-made-bddfff2e8be0e2e021389547,30,Cd-Li-Nd-Ti-W,baseline,1,10,2
budget-final-made-bddfff2e8be0e2e021389547,30,Cd-Li-Nd-Ti-W,baseline,1,11,2
budget-final-made-bddfff2e8be0e2e021389547,30,Cd-Li-Nd-Ti-W,baseline,1,12,2
budget-final-made-bddfff2e8be0e2e021389547,30,Cd-Li-Nd-Ti-W,baseline,1,13,2
budget-final-made-bddfff2e8be0e2e021389547,30,Cd-Li-Nd-Ti-W,baseline,1,14,2
budget-final-made-bddfff2e8be0e2e021389547,30,Cd-Li-Nd-Ti-W,baseline,1,15,2
budget-final-made-bddfff2e8be0e2e021389547,30,Cd-Li-Nd-Ti-W,baseline,1,16,2
budget-final-made-bddfff2e8be0e2e021389547,30,Cd-Li-Nd-Ti-W,baseline,1,17,2
budget-final-made-bddfff2e8be0e2e021389547,30,Cd-Li-Nd-Ti-W,baseline,1,18,2
budget-final-made-bddfff2e8be0e2e021389547,30,Cd-Li-Nd-Ti-W,baseline,1,19,2
budget-final-made-bddfff2e8be0e2e021389547,30,Cd-Li-Nd-Ti-W,baseline,1,20,2
budget-final-made-bddfff2e8be0e2e021389547,30,Cd-Li-Nd-Ti-W,baseline,1,21,2
budget-final-made-bddfff2e8be0e2e021389547,30,Cd-Li-Nd-Ti-W,baseline,1,22,2
budget-final-made-bddfff2e8be0e2e021389547,30,Cd-Li-Nd-Ti-W,baseline,1,23,2
budget-final-made-bddfff2e8be0e2e021389547,30,Cd-Li-Nd-Ti-W,baseline,1,24,2
budget-final-made-bddfff2e8be0e2e021389547,30,Cd-Li-Nd-Ti-W,baseline,1,25,2
budget-final-made-bddfff2e8be0e2e021389547,30,Cd-Li-Nd-Ti-W,baseline,1,26,2
budget-final-made-bddfff2e8be0e2e021389547,30,Cd-Li-Nd-Ti-W,baseline,1,27,2
budget-final-made-bddfff2e8be0e2e021389547,30,Cd-Li-Nd-Ti-W,baseline,1,28,2
budget-final-made-bddfff2e8be0e2e021389547,30,Cd-Li-Nd-Ti-W,baseline,1,29,2
budget-final-made-bddfff2e8be0e2e021389547,30,Cd-Li-Nd-Ti-W,baseline,1,30,2
budget-final-made-b4d790d068ffda2c4c0b6d0e,30,Ce-Er-Pb-Rh,baseline,1,0,0
budget-final-made-b4d790d068ffda2c4c0b6d0e,30,Ce-Er-Pb-Rh,baseline,1,1,1
budget-final-made-b4d790d068ffda2c4c0b6d0e,30,Ce-Er-Pb-Rh,baseline,1,2,1
budget-final-made-b4d790d068ffda2c4c0b6d0e,30,Ce-Er-Pb-Rh,baseline,1,3,1
budget-final-made-b4d790d068ffda2c4c0b6d0e,30,Ce-Er-Pb-Rh,baseline,1,4,1
budget-final-made-b4d790d068ffda2c4c0b6d0e,30,Ce-Er-Pb-Rh,baseline,1,5,1
budget-final-made-b4d790d068ffda2c4c0b6d0e,30,Ce-Er-Pb-Rh,baseline,1,6,1
budget-final-made-b4d790d068ffda2c4c0b6d0e,30,Ce-Er-Pb-Rh,baseline,1,7,1
budget-final-made-b4d790d068ffda2c4c0b6d0e,30,Ce-Er-Pb-Rh,baseline,1,8,1
budget-final-made-b4d790d068ffda2c4c0b6d0e,30,Ce-Er-Pb-Rh,baseline,1,9,1
budget-final-made-b4d790d068ffda2c4c0b6d0e,30,Ce-Er-Pb-Rh,baseline,1,10,1
budget-final-made-b4d790d068ffda2c4c0b6d0e,30,Ce-Er-Pb-Rh,baseline,1,11,2
budget-final-made-b4d790d068ffda2c4c0b6d0e,30,Ce-Er-Pb-Rh,baseline,1,12,2
budget-final-made-b4d790d068ffda2c4c0b6d0e,30,Ce-Er-Pb-Rh,baseline,1,13,2
budget-final-made-b4d790d068ffda2c4c0b6d0e,30,Ce-Er-Pb-Rh,baseline,1,14,2
budget-final-made-b4d790d068ffda2c4c0b6d0e,30,Ce-Er-Pb-Rh,baseline,1,15,2
budget-final-made-b4d790d068ffda2c4c0b6d0e,30,Ce-Er-Pb-Rh,baseline,1,16,2
budget-final-made-b4d790d068ffda2c4c0b6d0e,30,Ce-Er-Pb-Rh,baseline,1,17,2
budget-final-made-b4d790d068ffda2c4c0b6d0e,30,Ce-Er-Pb-Rh,baseline,1,18,2
budget-final-made-b4d790d068ffda2c4c0b6d0e,30,Ce-Er-Pb-Rh,baseline,1,19,2
budget-final-made-b4d790d068ffda2c4c0b6d0e,30,Ce-Er-Pb-Rh,baseline,1,20,2
budget-final-made-b4d790d068ffda2c4c0b6d0e,30,Ce-Er-Pb-Rh,baseline,1,21,2
budget-final-made-b4d790d068ffda2c4c0b6d0e,30,Ce-Er-Pb-Rh,baseline,1,22,2
budget-final-made-b4d790d068ffda2c4c0b6d0e,30,Ce-Er-Pb-Rh,baseline,1,23,2
budget-final-made-b4d790d068ffda2c4c0b6d0e,30,Ce-Er-Pb-Rh,baseline,1,24,2
budget-final-made-b4d790d068ffda2c4c0b6d0e,30,Ce-Er-Pb-Rh,baseline,1,25,3
budget-final-made-b4d790d068ffda2c4c0b6d0e,30,Ce-Er-Pb-Rh,baseline,1,26,3
budget-final-made-b4d790d068ffda2c4c0b6d0e,30,Ce-Er-Pb-Rh,baseline,1,27,3
budget-final-made-b4d790d068ffda2c4c0b6d0e,30,Ce-Er-Pb-Rh,baseline,1,28,3
budget-final-made-b4d790d068ffda2c4c0b6d0e,30,Ce-Er-Pb-Rh,baseline,1,29,3
budget-final-made-b4d790d068ffda2c4c0b6d0e,30,Ce-Er-Pb-Rh,baseline,1,30,3
budget-final-made-feba53f749cef504945566d0,30,Ce-Er-Pb-Rh,esopt_graph_risk,1,0,0
budget-final-made-feba53f749cef504945566d0,30,Ce-Er-Pb-Rh,esopt_graph_risk,1,1,1
budget-final-made-feba53f749cef504945566d0,30,Ce-Er-Pb-Rh,esopt_graph_risk,1,2,2
budget-final-made-feba53f749cef504945566d0,30,Ce-Er-Pb-Rh,esopt_graph_risk,1,3,2
budget-final-made-feba53f749cef504945566d0,30,Ce-Er-Pb-Rh,esopt_graph_risk,1,4,2
budget-final-made-feba53f749cef504945566d0,30,Ce-Er-Pb-Rh,esopt_graph_risk,1,5,2
budget-final-made-feba53f749cef504945566d0,30,Ce-Er-Pb-Rh,esopt_graph_risk,1,6,2
budget-final-made-feba53f749cef504945566d0,30,Ce-Er-Pb-Rh,esopt_graph_risk,1,7,2
budget-final-made-feba53f749cef504945566d0,30,Ce-Er-Pb-Rh,esopt_graph_risk,1,8,2
budget-final-made-feba53f749cef504945566d0,30,Ce-Er-Pb-Rh,esopt_graph_risk,1,9,3
budget-final-made-feba53f749cef504945566d0,30,Ce-Er-Pb-Rh,esopt_graph_risk,1,10,4
budget-final-made-feba53f749cef504945566d0,30,Ce-Er-Pb-Rh,esopt_graph_risk,1,11,4
budget-final-made-feba53f749cef504945566d0,30,Ce-Er-Pb-Rh,esopt_graph_risk,1,12,4
budget-final-made-feba53f749cef504945566d0,30,Ce-Er-Pb-Rh,esopt_graph_risk,1,13,4
budget-final-made-feba53f749cef504945566d0,30,Ce-Er-Pb-Rh,esopt_graph_risk,1,14,4
budget-final-made-feba53f749cef504945566d0,30,Ce-Er-Pb-Rh,esopt_graph_risk,1,15,4
budget-final-made-feba53f749cef504945566d0,30,Ce-Er-Pb-Rh,esopt_graph_risk,1,16,4
budget-final-made-feba53f749cef504945566d0,30,Ce-Er-Pb-Rh,esopt_graph_risk,1,17,4
budget-final-made-feba53f749cef504945566d0,30,Ce-Er-Pb-Rh,esopt_graph_risk,1,18,4
budget-final-made-feba53f749cef504945566d0,30,Ce-Er-Pb-Rh,esopt_graph_risk,1,19,4
budget-final-made-feba53f749cef504945566d0,30,Ce-Er-Pb-Rh,esopt_graph_risk,1,20,4
budget-final-made-feba53f749cef504945566d0,30,Ce-Er-Pb-Rh,esopt_graph_risk,1,21,4
budget-final-made-feba53f749cef504945566d0,30,Ce-Er-Pb-Rh,esopt_graph_risk,1,22,4
budget-final-made-feba53f749cef504945566d0,30,Ce-Er-Pb-Rh,esopt_graph_risk,1,23,4
budget-final-made-feba53f749cef504945566d0,30,Ce-Er-Pb-Rh,esopt_graph_risk,1,24,4
budget-final-made-feba53f749cef504945566d0,30,Ce-Er-Pb-Rh,esopt_graph_risk,1,25,4
budget-final-made-feba53f749cef504945566d0,30,Ce-Er-Pb-Rh,esopt_graph_risk,1,26,4
budget-final-made-feba53f749cef504945566d0,30,Ce-Er-Pb-Rh,esopt_graph_risk,1,27,4
budget-final-made-feba53f749cef504945566d0,30,Ce-Er-Pb-Rh,esopt_graph_risk,1,28,4
budget-final-made-feba53f749cef504945566d0,30,Ce-Er-Pb-Rh,esopt_graph_risk,1,29,4
budget-final-made-feba53f749cef504945566d0,30,Ce-Er-Pb-Rh,esopt_graph_risk,1,30,4
budget-final-made-16b918b793239e8a99966f5b,30,Ce-Ir-Pt-Sn,baseline,1,0,0
budget-final-made-16b918b793239e8a99966f5b,30,Ce-Ir-Pt-Sn,baseline,1,1,1
budget-final-made-16b918b793239e8a99966f5b,30,Ce-Ir-Pt-Sn,baseline,1,2,2
budget-final-made-16b918b793239e8a99966f5b,30,Ce-Ir-Pt-Sn,baseline,1,3,3
budget-final-made-16b918b793239e8a99966f5b,30,Ce-Ir-Pt-Sn,baseline,1,4,3
budget-final-made-16b918b793239e8a99966f5b,30,Ce-Ir-Pt-Sn,baseline,1,5,3
budget-final-made-16b918b793239e8a99966f5b,30,Ce-Ir-Pt-Sn,baseline,1,6,3
budget-final-made-16b918b793239e8a99966f5b,30,Ce-Ir-Pt-Sn,baseline,1,7,3
budget-final-made-16b918b793239e8a99966f5b,30,Ce-Ir-Pt-Sn,baseline,1,8,3
budget-final-made-16b918b793239e8a99966f5b,30,Ce-Ir-Pt-Sn,baseline,1,9,3
budget-final-made-16b918b793239e8a99966f5b,30,Ce-Ir-Pt-Sn,baseline,1,10,3
budget-final-made-16b918b793239e8a99966f5b,30,Ce-Ir-Pt-Sn,baseline,1,11,3
budget-final-made-16b918b793239e8a99966f5b,30,Ce-Ir-Pt-Sn,baseline,1,12,4
budget-final-made-16b918b793239e8a99966f5b,30,Ce-Ir-Pt-Sn,baseline,1,13,4
budget-final-made-16b918b793239e8a99966f5b,30,Ce-Ir-Pt-Sn,baseline,1,14,4
budget-final-made-16b918b793239e8a99966f5b,30,Ce-Ir-Pt-Sn,baseline,1,15,4
budget-final-made-16b918b793239e8a99966f5b,30,Ce-Ir-Pt-Sn,baseline,1,16,4
budget-final-made-16b918b793239e8a99966f5b,30,Ce-Ir-Pt-Sn,baseline,1,17,4
budget-final-made-16b918b793239e8a99966f5b,30,Ce-Ir-Pt-Sn,baseline,1,18,5
budget-final-made-16b918b793239e8a99966f5b,30,Ce-Ir-Pt-Sn,baseline,1,19,5
budget-final-made-16b918b793239e8a99966f5b,30,Ce-Ir-Pt-Sn,baseline,1,20,6
budget-final-made-16b918b793239e8a99966f5b,30,Ce-Ir-Pt-Sn,baseline,1,21,7
budget-final-made-16b918b793239e8a99966f5b,30,Ce-Ir-Pt-Sn,baseline,1,22,7
budget-final-made-16b918b793239e8a99966f5b,30,Ce-Ir-Pt-Sn,baseline,1,23,8
budget-final-made-16b918b793239e8a99966f5b,30,Ce-Ir-Pt-Sn,baseline,1,24,9
budget-final-made-16b918b793239e8a99966f5b,30,Ce-Ir-Pt-Sn,baseline,1,25,10
budget-final-made-16b918b793239e8a99966f5b,30,Ce-Ir-Pt-Sn,baseline,1,26,10
budget-final-made-16b918b793239e8a99966f5b,30,Ce-Ir-Pt-Sn,baseline,1,27,10
budget-final-made-16b918b793239e8a99966f5b,30,Ce-Ir-Pt-Sn,baseline,1,28,11
budget-final-made-16b918b793239e8a99966f5b,30,Ce-Ir-Pt-Sn,baseline,1,29,12
budget-final-made-16b918b793239e8a99966f5b,30,Ce-Ir-Pt-Sn,baseline,1,30,12
budget-final-made-262660dfe20db2bf5f76fd1f,30,Co-Dy-Ta-Y,baseline,1,0,0
budget-final-made-262660dfe20db2bf5f76fd1f,30,Co-Dy-Ta-Y,baseline,1,1,0
budget-final-made-262660dfe20db2bf5f76fd1f,30,Co-Dy-Ta-Y,baseline,1,2,0
budget-final-made-262660dfe20db2bf5f76fd1f,30,Co-Dy-Ta-Y,baseline,1,3,0
budget-final-made-262660dfe20db2bf5f76fd1f,30,Co-Dy-Ta-Y,baseline,1,4,0
budget-final-made-262660dfe20db2bf5f76fd1f,30,Co-Dy-Ta-Y,baseline,1,5,0
budget-final-made-262660dfe20db2bf5f76fd1f,30,Co-Dy-Ta-Y,baseline,1,6,1
budget-final-made-262660dfe20db2bf5f76fd1f,30,Co-Dy-Ta-Y,baseline,1,7,1
budget-final-made-262660dfe20db2bf5f76fd1f,30,Co-Dy-Ta-Y,baseline,1,8,1
budget-final-made-262660dfe20db2bf5f76fd1f,30,Co-Dy-Ta-Y,baseline,1,9,1
budget-final-made-262660dfe20db2bf5f76fd1f,30,Co-Dy-Ta-Y,baseline,1,10,1
budget-final-made-262660dfe20db2bf5f76fd1f,30,Co-Dy-Ta-Y,baseline,1,11,1
budget-final-made-262660dfe20db2bf5f76fd1f,30,Co-Dy-Ta-Y,baseline,1,12,1
budget-final-made-262660dfe20db2bf5f76fd1f,30,Co-Dy-Ta-Y,baseline,1,13,1
budget-final-made-262660dfe20db2bf5f76fd1f,30,Co-Dy-Ta-Y,baseline,1,14,1
budget-final-made-262660dfe20db2bf5f76fd1f,30,Co-Dy-Ta-Y,baseline,1,15,1
budget-final-made-262660dfe20db2bf5f76fd1f,30,Co-Dy-Ta-Y,baseline,1,16,1
budget-final-made-262660dfe20db2bf5f76fd1f,30,Co-Dy-Ta-Y,baseline,1,17,1
budget-final-made-262660dfe20db2bf5f76fd1f,30,Co-Dy-Ta-Y,baseline,1,18,1
budget-final-made-262660dfe20db2bf5f76fd1f,30,Co-Dy-Ta-Y,baseline,1,19,1
budget-final-made-262660dfe20db2bf5f76fd1f,30,Co-Dy-Ta-Y,baseline,1,20,1
budget-final-made-262660dfe20db2bf5f76fd1f,30,Co-Dy-Ta-Y,baseline,1,21,1
budget-final-made-262660dfe20db2bf5f76fd1f,30,Co-Dy-Ta-Y,baseline,1,22,1
budget-final-made-262660dfe20db2bf5f76fd1f,30,Co-Dy-Ta-Y,baseline,1,23,1
budget-final-made-262660dfe20db2bf5f76fd1f,30,Co-Dy-Ta-Y,baseline,1,24,1
budget-final-made-262660dfe20db2bf5f76fd1f,30,Co-Dy-Ta-Y,baseline,1,25,1
budget-final-made-262660dfe20db2bf5f76fd1f,30,Co-Dy-Ta-Y,baseline,1,26,1
budget-final-made-262660dfe20db2bf5f76fd1f,30,Co-Dy-Ta-Y,baseline,1,27,1
budget-final-made-262660dfe20db2bf5f76fd1f,30,Co-Dy-Ta-Y,baseline,1,28,1
budget-final-made-262660dfe20db2bf5f76fd1f,30,Co-Dy-Ta-Y,baseline,1,29,1
budget-final-made-262660dfe20db2bf5f76fd1f,30,Co-Dy-Ta-Y,baseline,1,30,1
budget-final-made-c68456aaf690e4e9e5bab24e,30,Co-Dy-W,baseline,1,0,0
budget-final-made-c68456aaf690e4e9e5bab24e,30,Co-Dy-W,baseline,1,1,0
budget-final-made-c68456aaf690e4e9e5bab24e,30,Co-Dy-W,baseline,1,2,0
budget-final-made-c68456aaf690e4e9e5bab24e,30,Co-Dy-W,baseline,1,3,0
budget-final-made-c68456aaf690e4e9e5bab24e,30,Co-Dy-W,baseline,1,4,0
budget-final-made-c68456aaf690e4e9e5bab24e,30,Co-Dy-W,baseline,1,5,0
budget-final-made-c68456aaf690e4e9e5bab24e,30,Co-Dy-W,baseline,1,6,0
budget-final-made-c68456aaf690e4e9e5bab24e,30,Co-Dy-W,baseline,1,7,0
budget-final-made-c68456aaf690e4e9e5bab24e,30,Co-Dy-W,baseline,1,8,0
budget-final-made-c68456aaf690e4e9e5bab24e,30,Co-Dy-W,baseline,1,9,0
budget-final-made-c68456aaf690e4e9e5bab24e,30,Co-Dy-W,baseline,1,10,0
budget-final-made-c68456aaf690e4e9e5bab24e,30,Co-Dy-W,baseline,1,11,0
budget-final-made-c68456aaf690e4e9e5bab24e,30,Co-Dy-W,baseline,1,12,0
budget-final-made-c68456aaf690e4e9e5bab24e,30,Co-Dy-W,baseline,1,13,0
budget-final-made-c68456aaf690e4e9e5bab24e,30,Co-Dy-W,baseline,1,14,0
budget-final-made-c68456aaf690e4e9e5bab24e,30,Co-Dy-W,baseline,1,15,0
budget-final-made-c68456aaf690e4e9e5bab24e,30,Co-Dy-W,baseline,1,16,0
budget-final-made-c68456aaf690e4e9e5bab24e,30,Co-Dy-W,baseline,1,17,0
budget-final-made-c68456aaf690e4e9e5bab24e,30,Co-Dy-W,baseline,1,18,0
budget-final-made-c68456aaf690e4e9e5bab24e,30,Co-Dy-W,baseline,1,19,0
budget-final-made-c68456aaf690e4e9e5bab24e,30,Co-Dy-W,baseline,1,20,0
budget-final-made-c68456aaf690e4e9e5bab24e,30,Co-Dy-W,baseline,1,21,0
budget-final-made-c68456aaf690e4e9e5bab24e,30,Co-Dy-W,baseline,1,22,0
budget-final-made-c68456aaf690e4e9e5bab24e,30,Co-Dy-W,baseline,1,23,0
budget-final-made-c68456aaf690e4e9e5bab24e,30,Co-Dy-W,baseline,1,24,0
budget-final-made-c68456aaf690e4e9e5bab24e,30,Co-Dy-W,baseline,1,25,0
budget-final-made-c68456aaf690e4e9e5bab24e,30,Co-Dy-W,baseline,1,26,0
budget-final-made-c68456aaf690e4e9e5bab24e,30,Co-Dy-W,baseline,1,27,0
budget-final-made-c68456aaf690e4e9e5bab24e,30,Co-Dy-W,baseline,1,28,0
budget-final-made-c68456aaf690e4e9e5bab24e,30,Co-Dy-W,baseline,1,29,0
budget-final-made-c68456aaf690e4e9e5bab24e,30,Co-Dy-W,baseline,1,30,0
budget-final-made-cdab6d281c262ce6eaa95c04,30,Co-Dy-W,esopt_graph_risk,1,0,0
budget-final-made-cdab6d281c262ce6eaa95c04,30,Co-Dy-W,esopt_graph_risk,1,1,0
budget-final-made-cdab6d281c262ce6eaa95c04,30,Co-Dy-W,esopt_graph_risk,1,2,0
budget-final-made-cdab6d281c262ce6eaa95c04,30,Co-Dy-W,esopt_graph_risk,1,3,0
budget-final-made-cdab6d281c262ce6eaa95c04,30,Co-Dy-W,esopt_graph_risk,1,4,0
budget-final-made-cdab6d281c262ce6eaa95c04,30,Co-Dy-W,esopt_graph_risk,1,5,0
budget-final-made-cdab6d281c262ce6eaa95c04,30,Co-Dy-W,esopt_graph_risk,1,6,0
budget-final-made-cdab6d281c262ce6eaa95c04,30,Co-Dy-W,esopt_graph_risk,1,7,0
budget-final-made-cdab6d281c262ce6eaa95c04,30,Co-Dy-W,esopt_graph_risk,1,8,0
budget-final-made-cdab6d281c262ce6eaa95c04,30,Co-Dy-W,esopt_graph_risk,1,9,0
budget-final-made-cdab6d281c262ce6eaa95c04,30,Co-Dy-W,esopt_graph_risk,1,10,0
budget-final-made-cdab6d281c262ce6eaa95c04,30,Co-Dy-W,esopt_graph_risk,1,11,0
budget-final-made-cdab6d281c262ce6eaa95c04,30,Co-Dy-W,esopt_graph_risk,1,12,0
budget-final-made-cdab6d281c262ce6eaa95c04,30,Co-Dy-W,esopt_graph_risk,1,13,0
budget-final-made-cdab6d281c262ce6eaa95c04,30,Co-Dy-W,esopt_graph_risk,1,14,0
budget-final-made-cdab6d281c262ce6eaa95c04,30,Co-Dy-W,esopt_graph_risk,1,15,0
budget-final-made-cdab6d281c262ce6eaa95c04,30,Co-Dy-W,esopt_graph_risk,1,16,0
budget-final-made-cdab6d281c262ce6eaa95c04,30,Co-Dy-W,esopt_graph_risk,1,17,0
budget-final-made-cdab6d281c262ce6eaa95c04,30,Co-Dy-W,esopt_graph_risk,1,18,0
budget-final-made-cdab6d281c262ce6eaa95c04,30,Co-Dy-W,esopt_graph_risk,1,19,0
budget-final-made-cdab6d281c262ce6eaa95c04,30,Co-Dy-W,esopt_graph_risk,1,20,0
budget-final-made-cdab6d281c262ce6eaa95c04,30,Co-Dy-W,esopt_graph_risk,1,21,0
budget-final-made-cdab6d281c262ce6eaa95c04,30,Co-Dy-W,esopt_graph_risk,1,22,0
budget-final-made-cdab6d281c262ce6eaa95c04,30,Co-Dy-W,esopt_graph_risk,1,23,0
budget-final-made-cdab6d281c262ce6eaa95c04,30,Co-Dy-W,esopt_graph_risk,1,24,0
budget-final-made-cdab6d281c262ce6eaa95c04,30,Co-Dy-W,esopt_graph_risk,1,25,0
budget-final-made-cdab6d281c262ce6eaa95c04,30,Co-Dy-W,esopt_graph_risk,1,26,0
budget-final-made-cdab6d281c262ce6eaa95c04,30,Co-Dy-W,esopt_graph_risk,1,27,0
budget-final-made-cdab6d281c262ce6eaa95c04,30,Co-Dy-W,esopt_graph_risk,1,28,0
budget-final-made-cdab6d281c262ce6eaa95c04,30,Co-Dy-W,esopt_graph_risk,1,29,0
budget-final-made-cdab6d281c262ce6eaa95c04,30,Co-Dy-W,esopt_graph_risk,1,30,0
budget-final-made-c3eb2f7011caf4b6e10457c7,30,Co-Hf-In-Ru-Tm,baseline,1,0,0
budget-final-made-c3eb2f7011caf4b6e10457c7,30,Co-Hf-In-Ru-Tm,baseline,1,1,0
budget-final-made-c3eb2f7011caf4b6e10457c7,30,Co-Hf-In-Ru-Tm,baseline,1,2,0
budget-final-made-c3eb2f7011caf4b6e10457c7,30,Co-Hf-In-Ru-Tm,baseline,1,3,0
budget-final-made-c3eb2f7011caf4b6e10457c7,30,Co-Hf-In-Ru-Tm,baseline,1,4,0
budget-final-made-c3eb2f7011caf4b6e10457c7,30,Co-Hf-In-Ru-Tm,baseline,1,5,0
budget-final-made-c3eb2f7011caf4b6e10457c7,30,Co-Hf-In-Ru-Tm,baseline,1,6,0
budget-final-made-c3eb2f7011caf4b6e10457c7,30,Co-Hf-In-Ru-Tm,baseline,1,7,0
budget-final-made-c3eb2f7011caf4b6e10457c7,30,Co-Hf-In-Ru-Tm,baseline,1,8,0
budget-final-made-c3eb2f7011caf4b6e10457c7,30,Co-Hf-In-Ru-Tm,baseline,1,9,0
budget-final-made-c3eb2f7011caf4b6e10457c7,30,Co-Hf-In-Ru-Tm,baseline,1,10,0
budget-final-made-c3eb2f7011caf4b6e10457c7,30,Co-Hf-In-Ru-Tm,baseline,1,11,0
budget-final-made-c3eb2f7011caf4b6e10457c7,30,Co-Hf-In-Ru-Tm,baseline,1,12,0
budget-final-made-c3eb2f7011caf4b6e10457c7,30,Co-Hf-In-Ru-Tm,baseline,1,13,0
budget-final-made-c3eb2f7011caf4b6e10457c7,30,Co-Hf-In-Ru-Tm,baseline,1,14,0
budget-final-made-c3eb2f7011caf4b6e10457c7,30,Co-Hf-In-Ru-Tm,baseline,1,15,0
budget-final-made-c3eb2f7011caf4b6e10457c7,30,Co-Hf-In-Ru-Tm,baseline,1,16,0
budget-final-made-c3eb2f7011caf4b6e10457c7,30,Co-Hf-In-Ru-Tm,baseline,1,17,0
budget-final-made-c3eb2f7011caf4b6e10457c7,30,Co-Hf-In-Ru-Tm,baseline,1,18,0
budget-final-made-c3eb2f7011caf4b6e10457c7,30,Co-Hf-In-Ru-Tm,baseline,1,19,0
budget-final-made-c3eb2f7011caf4b6e10457c7,30,Co-Hf-In-Ru-Tm,baseline,1,20,0
budget-final-made-c3eb2f7011caf4b6e10457c7,30,Co-Hf-In-Ru-Tm,baseline,1,21,0
budget-final-made-c3eb2f7011caf4b6e10457c7,30,Co-Hf-In-Ru-Tm,baseline,1,22,0
budget-final-made-c3eb2f7011caf4b6e10457c7,30,Co-Hf-In-Ru-Tm,baseline,1,23,0
budget-final-made-c3eb2f7011caf4b6e10457c7,30,Co-Hf-In-Ru-Tm,baseline,1,24,0
budget-final-made-c3eb2f7011caf4b6e10457c7,30,Co-Hf-In-Ru-Tm,baseline,1,25,0
budget-final-made-c3eb2f7011caf4b6e10457c7,30,Co-Hf-In-Ru-Tm,baseline,1,26,0
budget-final-made-c3eb2f7011caf4b6e10457c7,30,Co-Hf-In-Ru-Tm,baseline,1,27,0
budget-final-made-c3eb2f7011caf4b6e10457c7,30,Co-Hf-In-Ru-Tm,baseline,1,28,0
budget-final-made-c3eb2f7011caf4b6e10457c7,30,Co-Hf-In-Ru-Tm,baseline,1,29,0
budget-final-made-c3eb2f7011caf4b6e10457c7,30,Co-Hf-In-Ru-Tm,baseline,1,30,0
budget-final-made-e1e84092306de12ec73ae8fb,30,Co-Hg-Mg-Sr-W,baseline,1,0,0
budget-final-made-e1e84092306de12ec73ae8fb,30,Co-Hg-Mg-Sr-W,baseline,1,1,0
budget-final-made-e1e84092306de12ec73ae8fb,30,Co-Hg-Mg-Sr-W,baseline,1,2,0
budget-final-made-e1e84092306de12ec73ae8fb,30,Co-Hg-Mg-Sr-W,baseline,1,3,0
budget-final-made-e1e84092306de12ec73ae8fb,30,Co-Hg-Mg-Sr-W,baseline,1,4,0
budget-final-made-e1e84092306de12ec73ae8fb,30,Co-Hg-Mg-Sr-W,baseline,1,5,0
budget-final-made-e1e84092306de12ec73ae8fb,30,Co-Hg-Mg-Sr-W,baseline,1,6,0
budget-final-made-e1e84092306de12ec73ae8fb,30,Co-Hg-Mg-Sr-W,baseline,1,7,0
budget-final-made-e1e84092306de12ec73ae8fb,30,Co-Hg-Mg-Sr-W,baseline,1,8,0
budget-final-made-e1e84092306de12ec73ae8fb,30,Co-Hg-Mg-Sr-W,baseline,1,9,0
budget-final-made-e1e84092306de12ec73ae8fb,30,Co-Hg-Mg-Sr-W,baseline,1,10,0
budget-final-made-e1e84092306de12ec73ae8fb,30,Co-Hg-Mg-Sr-W,baseline,1,11,0
budget-final-made-e1e84092306de12ec73ae8fb,30,Co-Hg-Mg-Sr-W,baseline,1,12,0
budget-final-made-e1e84092306de12ec73ae8fb,30,Co-Hg-Mg-Sr-W,baseline,1,13,0
budget-final-made-e1e84092306de12ec73ae8fb,30,Co-Hg-Mg-Sr-W,baseline,1,14,0
budget-final-made-e1e84092306de12ec73ae8fb,30,Co-Hg-Mg-Sr-W,baseline,1,15,0
budget-final-made-e1e84092306de12ec73ae8fb,30,Co-Hg-Mg-Sr-W,baseline,1,16,0
budget-final-made-e1e84092306de12ec73ae8fb,30,Co-Hg-Mg-Sr-W,baseline,1,17,0
budget-final-made-e1e84092306de12ec73ae8fb,30,Co-Hg-Mg-Sr-W,baseline,1,18,0
budget-final-made-e1e84092306de12ec73ae8fb,30,Co-Hg-Mg-Sr-W,baseline,1,19,0
budget-final-made-e1e84092306de12ec73ae8fb,30,Co-Hg-Mg-Sr-W,baseline,1,20,0
budget-final-made-e1e84092306de12ec73ae8fb,30,Co-Hg-Mg-Sr-W,baseline,1,21,0
budget-final-made-e1e84092306de12ec73ae8fb,30,Co-Hg-Mg-Sr-W,baseline,1,22,0
budget-final-made-e1e84092306de12ec73ae8fb,30,Co-Hg-Mg-Sr-W,baseline,1,23,0
budget-final-made-e1e84092306de12ec73ae8fb,30,Co-Hg-Mg-Sr-W,baseline,1,24,0
budget-final-made-e1e84092306de12ec73ae8fb,30,Co-Hg-Mg-Sr-W,baseline,1,25,0
budget-final-made-e1e84092306de12ec73ae8fb,30,Co-Hg-Mg-Sr-W,baseline,1,26,0
budget-final-made-e1e84092306de12ec73ae8fb,30,Co-Hg-Mg-Sr-W,baseline,1,27,0
budget-final-made-e1e84092306de12ec73ae8fb,30,Co-Hg-Mg-Sr-W,baseline,1,28,0
budget-final-made-e1e84092306de12ec73ae8fb,30,Co-Hg-Mg-Sr-W,baseline,1,29,0
budget-final-made-e1e84092306de12ec73ae8fb,30,Co-Hg-Mg-Sr-W,baseline,1,30,0
budget-final-made-57b95bfdfcf86615de0d6000,30,Co-Mg-Na,baseline,1,0,0
budget-final-made-57b95bfdfcf86615de0d6000,30,Co-Mg-Na,baseline,1,1,0
budget-final-made-57b95bfdfcf86615de0d6000,30,Co-Mg-Na,baseline,1,2,0
budget-final-made-57b95bfdfcf86615de0d6000,30,Co-Mg-Na,baseline,1,3,0
budget-final-made-57b95bfdfcf86615de0d6000,30,Co-Mg-Na,baseline,1,4,0
budget-final-made-57b95bfdfcf86615de0d6000,30,Co-Mg-Na,baseline,1,5,0
budget-final-made-57b95bfdfcf86615de0d6000,30,Co-Mg-Na,baseline,1,6,0
budget-final-made-57b95bfdfcf86615de0d6000,30,Co-Mg-Na,baseline,1,7,0
budget-final-made-57b95bfdfcf86615de0d6000,30,Co-Mg-Na,baseline,1,8,0
budget-final-made-57b95bfdfcf86615de0d6000,30,Co-Mg-Na,baseline,1,9,0
budget-final-made-57b95bfdfcf86615de0d6000,30,Co-Mg-Na,baseline,1,10,0
budget-final-made-57b95bfdfcf86615de0d6000,30,Co-Mg-Na,baseline,1,11,0
budget-final-made-57b95bfdfcf86615de0d6000,30,Co-Mg-Na,baseline,1,12,0
budget-final-made-57b95bfdfcf86615de0d6000,30,Co-Mg-Na,baseline,1,13,0
budget-final-made-57b95bfdfcf86615de0d6000,30,Co-Mg-Na,baseline,1,14,0
budget-final-made-57b95bfdfcf86615de0d6000,30,Co-Mg-Na,baseline,1,15,0
budget-final-made-57b95bfdfcf86615de0d6000,30,Co-Mg-Na,baseline,1,16,0
budget-final-made-57b95bfdfcf86615de0d6000,30,Co-Mg-Na,baseline,1,17,0
budget-final-made-57b95bfdfcf86615de0d6000,30,Co-Mg-Na,baseline,1,18,0
budget-final-made-57b95bfdfcf86615de0d6000,30,Co-Mg-Na,baseline,1,19,0
budget-final-made-57b95bfdfcf86615de0d6000,30,Co-Mg-Na,baseline,1,20,0
budget-final-made-57b95bfdfcf86615de0d6000,30,Co-Mg-Na,baseline,1,21,0
budget-final-made-57b95bfdfcf86615de0d6000,30,Co-Mg-Na,baseline,1,22,0
budget-final-made-57b95bfdfcf86615de0d6000,30,Co-Mg-Na,baseline,1,23,0
budget-final-made-57b95bfdfcf86615de0d6000,30,Co-Mg-Na,baseline,1,24,0
budget-final-made-57b95bfdfcf86615de0d6000,30,Co-Mg-Na,baseline,1,25,0
budget-final-made-57b95bfdfcf86615de0d6000,30,Co-Mg-Na,baseline,1,26,0
budget-final-made-57b95bfdfcf86615de0d6000,30,Co-Mg-Na,baseline,1,27,0
budget-final-made-57b95bfdfcf86615de0d6000,30,Co-Mg-Na,baseline,1,28,0
budget-final-made-57b95bfdfcf86615de0d6000,30,Co-Mg-Na,baseline,1,29,0
budget-final-made-57b95bfdfcf86615de0d6000,30,Co-Mg-Na,baseline,1,30,0
budget-final-made-60a93cb79b903b44c94c8108,30,Co-Mg-Na,esopt_graph_risk,1,0,0
budget-final-made-60a93cb79b903b44c94c8108,30,Co-Mg-Na,esopt_graph_risk,1,1,0
budget-final-made-60a93cb79b903b44c94c8108,30,Co-Mg-Na,esopt_graph_risk,1,2,0
budget-final-made-60a93cb79b903b44c94c8108,30,Co-Mg-Na,esopt_graph_risk,1,3,0
budget-final-made-60a93cb79b903b44c94c8108,30,Co-Mg-Na,esopt_graph_risk,1,4,0
budget-final-made-60a93cb79b903b44c94c8108,30,Co-Mg-Na,esopt_graph_risk,1,5,0
budget-final-made-60a93cb79b903b44c94c8108,30,Co-Mg-Na,esopt_graph_risk,1,6,0
budget-final-made-60a93cb79b903b44c94c8108,30,Co-Mg-Na,esopt_graph_risk,1,7,0
budget-final-made-60a93cb79b903b44c94c8108,30,Co-Mg-Na,esopt_graph_risk,1,8,0
budget-final-made-60a93cb79b903b44c94c8108,30,Co-Mg-Na,esopt_graph_risk,1,9,0
budget-final-made-60a93cb79b903b44c94c8108,30,Co-Mg-Na,esopt_graph_risk,1,10,0
budget-final-made-60a93cb79b903b44c94c8108,30,Co-Mg-Na,esopt_graph_risk,1,11,0
budget-final-made-60a93cb79b903b44c94c8108,30,Co-Mg-Na,esopt_graph_risk,1,12,0
budget-final-made-60a93cb79b903b44c94c8108,30,Co-Mg-Na,esopt_graph_risk,1,13,0
budget-final-made-60a93cb79b903b44c94c8108,30,Co-Mg-Na,esopt_graph_risk,1,14,0
budget-final-made-60a93cb79b903b44c94c8108,30,Co-Mg-Na,esopt_graph_risk,1,15,0
budget-final-made-60a93cb79b903b44c94c8108,30,Co-Mg-Na,esopt_graph_risk,1,16,0
budget-final-made-60a93cb79b903b44c94c8108,30,Co-Mg-Na,esopt_graph_risk,1,17,0
budget-final-made-60a93cb79b903b44c94c8108,30,Co-Mg-Na,esopt_graph_risk,1,18,0
budget-final-made-60a93cb79b903b44c94c8108,30,Co-Mg-Na,esopt_graph_risk,1,19,0
budget-final-made-60a93cb79b903b44c94c8108,30,Co-Mg-Na,esopt_graph_risk,1,20,0
budget-final-made-60a93cb79b903b44c94c8108,30,Co-Mg-Na,esopt_graph_risk,1,21,0
budget-final-made-60a93cb79b903b44c94c8108,30,Co-Mg-Na,esopt_graph_risk,1,22,0
budget-final-made-60a93cb79b903b44c94c8108,30,Co-Mg-Na,esopt_graph_risk,1,23,0
budget-final-made-60a93cb79b903b44c94c8108,30,Co-Mg-Na,esopt_graph_risk,1,24,0
budget-final-made-60a93cb79b903b44c94c8108,30,Co-Mg-Na,esopt_graph_risk,1,25,0
budget-final-made-60a93cb79b903b44c94c8108,30,Co-Mg-Na,esopt_graph_risk,1,26,0
budget-final-made-60a93cb79b903b44c94c8108,30,Co-Mg-Na,esopt_graph_risk,1,27,0
budget-final-made-60a93cb79b903b44c94c8108,30,Co-Mg-Na,esopt_graph_risk,1,28,0
budget-final-made-60a93cb79b903b44c94c8108,30,Co-Mg-Na,esopt_graph_risk,1,29,0
budget-final-made-60a93cb79b903b44c94c8108,30,Co-Mg-Na,esopt_graph_risk,1,30,0
budget-final-made-8f47284bf3a0ec57b02b8dd8,30,Co-Pd-Tl,baseline,1,0,0
budget-final-made-8f47284bf3a0ec57b02b8dd8,30,Co-Pd-Tl,baseline,1,1,1
budget-final-made-8f47284bf3a0ec57b02b8dd8,30,Co-Pd-Tl,baseline,1,2,1
budget-final-made-8f47284bf3a0ec57b02b8dd8,30,Co-Pd-Tl,baseline,1,3,1
budget-final-made-8f47284bf3a0ec57b02b8dd8,30,Co-Pd-Tl,baseline,1,4,1
budget-final-made-8f47284bf3a0ec57b02b8dd8,30,Co-Pd-Tl,baseline,1,5,1
budget-final-made-8f47284bf3a0ec57b02b8dd8,30,Co-Pd-Tl,baseline,1,6,1
budget-final-made-8f47284bf3a0ec57b02b8dd8,30,Co-Pd-Tl,baseline,1,7,1
budget-final-made-8f47284bf3a0ec57b02b8dd8,30,Co-Pd-Tl,baseline,1,8,2
budget-final-made-8f47284bf3a0ec57b02b8dd8,30,Co-Pd-Tl,baseline,1,9,2
budget-final-made-8f47284bf3a0ec57b02b8dd8,30,Co-Pd-Tl,baseline,1,10,2
budget-final-made-8f47284bf3a0ec57b02b8dd8,30,Co-Pd-Tl,baseline,1,11,2
budget-final-made-8f47284bf3a0ec57b02b8dd8,30,Co-Pd-Tl,baseline,1,12,3
budget-final-made-8f47284bf3a0ec57b02b8dd8,30,Co-Pd-Tl,baseline,1,13,3
budget-final-made-8f47284bf3a0ec57b02b8dd8,30,Co-Pd-Tl,baseline,1,14,3
budget-final-made-8f47284bf3a0ec57b02b8dd8,30,Co-Pd-Tl,baseline,1,15,3
budget-final-made-8f47284bf3a0ec57b02b8dd8,30,Co-Pd-Tl,baseline,1,16,3
budget-final-made-8f47284bf3a0ec57b02b8dd8,30,Co-Pd-Tl,baseline,1,17,3
budget-final-made-8f47284bf3a0ec57b02b8dd8,30,Co-Pd-Tl,baseline,1,18,3
budget-final-made-8f47284bf3a0ec57b02b8dd8,30,Co-Pd-Tl,baseline,1,19,3
budget-final-made-8f47284bf3a0ec57b02b8dd8,30,Co-Pd-Tl,baseline,1,20,3
budget-final-made-8f47284bf3a0ec57b02b8dd8,30,Co-Pd-Tl,baseline,1,21,3
budget-final-made-8f47284bf3a0ec57b02b8dd8,30,Co-Pd-Tl,baseline,1,22,3
budget-final-made-8f47284bf3a0ec57b02b8dd8,30,Co-Pd-Tl,baseline,1,23,3
budget-final-made-8f47284bf3a0ec57b02b8dd8,30,Co-Pd-Tl,baseline,1,24,3
budget-final-made-8f47284bf3a0ec57b02b8dd8,30,Co-Pd-Tl,baseline,1,25,3
budget-final-made-8f47284bf3a0ec57b02b8dd8,30,Co-Pd-Tl,baseline,1,26,3
budget-final-made-8f47284bf3a0ec57b02b8dd8,30,Co-Pd-Tl,baseline,1,27,3
budget-final-made-8f47284bf3a0ec57b02b8dd8,30,Co-Pd-Tl,baseline,1,28,3
budget-final-made-8f47284bf3a0ec57b02b8dd8,30,Co-Pd-Tl,baseline,1,29,3
budget-final-made-8f47284bf3a0ec57b02b8dd8,30,Co-Pd-Tl,baseline,1,30,3
budget-final-made-bfeeaafeaa530163bba4bd71,30,Co-Pd-Tl,esopt_graph_risk,1,0,0
budget-final-made-bfeeaafeaa530163bba4bd71,30,Co-Pd-Tl,esopt_graph_risk,1,1,0
budget-final-made-bfeeaafeaa530163bba4bd71,30,Co-Pd-Tl,esopt_graph_risk,1,2,0
budget-final-made-bfeeaafeaa530163bba4bd71,30,Co-Pd-Tl,esopt_graph_risk,1,3,0
budget-final-made-bfeeaafeaa530163bba4bd71,30,Co-Pd-Tl,esopt_graph_risk,1,4,0
budget-final-made-bfeeaafeaa530163bba4bd71,30,Co-Pd-Tl,esopt_graph_risk,1,5,0
budget-final-made-bfeeaafeaa530163bba4bd71,30,Co-Pd-Tl,esopt_graph_risk,1,6,0
budget-final-made-bfeeaafeaa530163bba4bd71,30,Co-Pd-Tl,esopt_graph_risk,1,7,0
budget-final-made-bfeeaafeaa530163bba4bd71,30,Co-Pd-Tl,esopt_graph_risk,1,8,0
budget-final-made-bfeeaafeaa530163bba4bd71,30,Co-Pd-Tl,esopt_graph_risk,1,9,0
budget-final-made-bfeeaafeaa530163bba4bd71,30,Co-Pd-Tl,esopt_graph_risk,1,10,0
budget-final-made-bfeeaafeaa530163bba4bd71,30,Co-Pd-Tl,esopt_graph_risk,1,11,0
budget-final-made-bfeeaafeaa530163bba4bd71,30,Co-Pd-Tl,esopt_graph_risk,1,12,0
budget-final-made-bfeeaafeaa530163bba4bd71,30,Co-Pd-Tl,esopt_graph_risk,1,13,0
budget-final-made-bfeeaafeaa530163bba4bd71,30,Co-Pd-Tl,esopt_graph_risk,1,14,0
budget-final-made-bfeeaafeaa530163bba4bd71,30,Co-Pd-Tl,esopt_graph_risk,1,15,0
budget-final-made-bfeeaafeaa530163bba4bd71,30,Co-Pd-Tl,esopt_graph_risk,1,16,0
budget-final-made-bfeeaafeaa530163bba4bd71,30,Co-Pd-Tl,esopt_graph_risk,1,17,0
budget-final-made-bfeeaafeaa530163bba4bd71,30,Co-Pd-Tl,esopt_graph_risk,1,18,0
budget-final-made-bfeeaafeaa530163bba4bd71,30,Co-Pd-Tl,esopt_graph_risk,1,19,0
budget-final-made-bfeeaafeaa530163bba4bd71,30,Co-Pd-Tl,esopt_graph_risk,1,20,0
budget-final-made-bfeeaafeaa530163bba4bd71,30,Co-Pd-Tl,esopt_graph_risk,1,21,0
budget-final-made-bfeeaafeaa530163bba4bd71,30,Co-Pd-Tl,esopt_graph_risk,1,22,0
budget-final-made-bfeeaafeaa530163bba4bd71,30,Co-Pd-Tl,esopt_graph_risk,1,23,0
budget-final-made-bfeeaafeaa530163bba4bd71,30,Co-Pd-Tl,esopt_graph_risk,1,24,0
budget-final-made-bfeeaafeaa530163bba4bd71,30,Co-Pd-Tl,esopt_graph_risk,1,25,0
budget-final-made-bfeeaafeaa530163bba4bd71,30,Co-Pd-Tl,esopt_graph_risk,1,26,0
budget-final-made-bfeeaafeaa530163bba4bd71,30,Co-Pd-Tl,esopt_graph_risk,1,27,0
budget-final-made-bfeeaafeaa530163bba4bd71,30,Co-Pd-Tl,esopt_graph_risk,1,28,0
budget-final-made-bfeeaafeaa530163bba4bd71,30,Co-Pd-Tl,esopt_graph_risk,1,29,0
budget-final-made-bfeeaafeaa530163bba4bd71,30,Co-Pd-Tl,esopt_graph_risk,1,30,0
budget-final-made-e9a7da445d7240ef049e95a9,30,Cr-Fe-Lu-Pt-Sc,baseline,1,0,0
budget-final-made-e9a7da445d7240ef049e95a9,30,Cr-Fe-Lu-Pt-Sc,baseline,1,1,0
budget-final-made-e9a7da445d7240ef049e95a9,30,Cr-Fe-Lu-Pt-Sc,baseline,1,2,0
budget-final-made-e9a7da445d7240ef049e95a9,30,Cr-Fe-Lu-Pt-Sc,baseline,1,3,0
budget-final-made-e9a7da445d7240ef049e95a9,30,Cr-Fe-Lu-Pt-Sc,baseline,1,4,0
budget-final-made-e9a7da445d7240ef049e95a9,30,Cr-Fe-Lu-Pt-Sc,baseline,1,5,0
budget-final-made-e9a7da445d7240ef049e95a9,30,Cr-Fe-Lu-Pt-Sc,baseline,1,6,0
budget-final-made-e9a7da445d7240ef049e95a9,30,Cr-Fe-Lu-Pt-Sc,baseline,1,7,0
budget-final-made-e9a7da445d7240ef049e95a9,30,Cr-Fe-Lu-Pt-Sc,baseline,1,8,0
budget-final-made-e9a7da445d7240ef049e95a9,30,Cr-Fe-Lu-Pt-Sc,baseline,1,9,0
budget-final-made-e9a7da445d7240ef049e95a9,30,Cr-Fe-Lu-Pt-Sc,baseline,1,10,0
budget-final-made-e9a7da445d7240ef049e95a9,30,Cr-Fe-Lu-Pt-Sc,baseline,1,11,0
budget-final-made-e9a7da445d7240ef049e95a9,30,Cr-Fe-Lu-Pt-Sc,baseline,1,12,0
budget-final-made-e9a7da445d7240ef049e95a9,30,Cr-Fe-Lu-Pt-Sc,baseline,1,13,0
budget-final-made-e9a7da445d7240ef049e95a9,30,Cr-Fe-Lu-Pt-Sc,baseline,1,14,0
budget-final-made-e9a7da445d7240ef049e95a9,30,Cr-Fe-Lu-Pt-Sc,baseline,1,15,0
budget-final-made-e9a7da445d7240ef049e95a9,30,Cr-Fe-Lu-Pt-Sc,baseline,1,16,0
budget-final-made-e9a7da445d7240ef049e95a9,30,Cr-Fe-Lu-Pt-Sc,baseline,1,17,0
budget-final-made-e9a7da445d7240ef049e95a9,30,Cr-Fe-Lu-Pt-Sc,baseline,1,18,0
budget-final-made-e9a7da445d7240ef049e95a9,30,Cr-Fe-Lu-Pt-Sc,baseline,1,19,0
budget-final-made-e9a7da445d7240ef049e95a9,30,Cr-Fe-Lu-Pt-Sc,baseline,1,20,0
budget-final-made-e9a7da445d7240ef049e95a9,30,Cr-Fe-Lu-Pt-Sc,baseline,1,21,0
budget-final-made-e9a7da445d7240ef049e95a9,30,Cr-Fe-Lu-Pt-Sc,baseline,1,22,0
budget-final-made-e9a7da445d7240ef049e95a9,30,Cr-Fe-Lu-Pt-Sc,baseline,1,23,0
budget-final-made-e9a7da445d7240ef049e95a9,30,Cr-Fe-Lu-Pt-Sc,baseline,1,24,0
budget-final-made-e9a7da445d7240ef049e95a9,30,Cr-Fe-Lu-Pt-Sc,baseline,1,25,0
budget-final-made-e9a7da445d7240ef049e95a9,30,Cr-Fe-Lu-Pt-Sc,baseline,1,26,0
budget-final-made-e9a7da445d7240ef049e95a9,30,Cr-Fe-Lu-Pt-Sc,baseline,1,27,0
budget-final-made-e9a7da445d7240ef049e95a9,30,Cr-Fe-Lu-Pt-Sc,baseline,1,28,0
budget-final-made-e9a7da445d7240ef049e95a9,30,Cr-Fe-Lu-Pt-Sc,baseline,1,29,0
budget-final-made-e9a7da445d7240ef049e95a9,30,Cr-Fe-Lu-Pt-Sc,baseline,1,30,0
budget-final-made-06f81b4369ee9018526cd3b1,30,Dy-K-Pd-Sm,baseline,1,0,0
budget-final-made-06f81b4369ee9018526cd3b1,30,Dy-K-Pd-Sm,baseline,1,1,0
budget-final-made-06f81b4369ee9018526cd3b1,30,Dy-K-Pd-Sm,baseline,1,2,0
budget-final-made-06f81b4369ee9018526cd3b1,30,Dy-K-Pd-Sm,baseline,1,3,0
budget-final-made-06f81b4369ee9018526cd3b1,30,Dy-K-Pd-Sm,baseline,1,4,0
budget-final-made-06f81b4369ee9018526cd3b1,30,Dy-K-Pd-Sm,baseline,1,5,0
budget-final-made-06f81b4369ee9018526cd3b1,30,Dy-K-Pd-Sm,baseline,1,6,0
budget-final-made-06f81b4369ee9018526cd3b1,30,Dy-K-Pd-Sm,baseline,1,7,0
budget-final-made-06f81b4369ee9018526cd3b1,30,Dy-K-Pd-Sm,baseline,1,8,0
budget-final-made-06f81b4369ee9018526cd3b1,30,Dy-K-Pd-Sm,baseline,1,9,0
budget-final-made-06f81b4369ee9018526cd3b1,30,Dy-K-Pd-Sm,baseline,1,10,0
budget-final-made-06f81b4369ee9018526cd3b1,30,Dy-K-Pd-Sm,baseline,1,11,0
budget-final-made-06f81b4369ee9018526cd3b1,30,Dy-K-Pd-Sm,baseline,1,12,0
budget-final-made-06f81b4369ee9018526cd3b1,30,Dy-K-Pd-Sm,baseline,1,13,0
budget-final-made-06f81b4369ee9018526cd3b1,30,Dy-K-Pd-Sm,baseline,1,14,0
budget-final-made-06f81b4369ee9018526cd3b1,30,Dy-K-Pd-Sm,baseline,1,15,0
budget-final-made-06f81b4369ee9018526cd3b1,30,Dy-K-Pd-Sm,baseline,1,16,0
budget-final-made-06f81b4369ee9018526cd3b1,30,Dy-K-Pd-Sm,baseline,1,17,0
budget-final-made-06f81b4369ee9018526cd3b1,30,Dy-K-Pd-Sm,baseline,1,18,0
budget-final-made-06f81b4369ee9018526cd3b1,30,Dy-K-Pd-Sm,baseline,1,19,0
budget-final-made-06f81b4369ee9018526cd3b1,30,Dy-K-Pd-Sm,baseline,1,20,0
budget-final-made-06f81b4369ee9018526cd3b1,30,Dy-K-Pd-Sm,baseline,1,21,0
budget-final-made-06f81b4369ee9018526cd3b1,30,Dy-K-Pd-Sm,baseline,1,22,0
budget-final-made-06f81b4369ee9018526cd3b1,30,Dy-K-Pd-Sm,baseline,1,23,0
budget-final-made-06f81b4369ee9018526cd3b1,30,Dy-K-Pd-Sm,baseline,1,24,0
budget-final-made-06f81b4369ee9018526cd3b1,30,Dy-K-Pd-Sm,baseline,1,25,0
budget-final-made-06f81b4369ee9018526cd3b1,30,Dy-K-Pd-Sm,baseline,1,26,0
budget-final-made-06f81b4369ee9018526cd3b1,30,Dy-K-Pd-Sm,baseline,1,27,0
budget-final-made-06f81b4369ee9018526cd3b1,30,Dy-K-Pd-Sm,baseline,1,28,0
budget-final-made-06f81b4369ee9018526cd3b1,30,Dy-K-Pd-Sm,baseline,1,29,0
budget-final-made-06f81b4369ee9018526cd3b1,30,Dy-K-Pd-Sm,baseline,1,30,0
budget-final-made-82f6c7518cee0a7d9a7c0d28,30,Eu-Nb-Sn-Tl,baseline,1,0,0
budget-final-made-82f6c7518cee0a7d9a7c0d28,30,Eu-Nb-Sn-Tl,baseline,1,1,0
budget-final-made-82f6c7518cee0a7d9a7c0d28,30,Eu-Nb-Sn-Tl,baseline,1,2,0
budget-final-made-82f6c7518cee0a7d9a7c0d28,30,Eu-Nb-Sn-Tl,baseline,1,3,0
budget-final-made-82f6c7518cee0a7d9a7c0d28,30,Eu-Nb-Sn-Tl,baseline,1,4,0
budget-final-made-82f6c7518cee0a7d9a7c0d28,30,Eu-Nb-Sn-Tl,baseline,1,5,0
budget-final-made-82f6c7518cee0a7d9a7c0d28,30,Eu-Nb-Sn-Tl,baseline,1,6,0
budget-final-made-82f6c7518cee0a7d9a7c0d28,30,Eu-Nb-Sn-Tl,baseline,1,7,0
budget-final-made-82f6c7518cee0a7d9a7c0d28,30,Eu-Nb-Sn-Tl,baseline,1,8,0
budget-final-made-82f6c7518cee0a7d9a7c0d28,30,Eu-Nb-Sn-Tl,baseline,1,9,0
budget-final-made-82f6c7518cee0a7d9a7c0d28,30,Eu-Nb-Sn-Tl,baseline,1,10,0
budget-final-made-82f6c7518cee0a7d9a7c0d28,30,Eu-Nb-Sn-Tl,baseline,1,11,0
budget-final-made-82f6c7518cee0a7d9a7c0d28,30,Eu-Nb-Sn-Tl,baseline,1,12,0
budget-final-made-82f6c7518cee0a7d9a7c0d28,30,Eu-Nb-Sn-Tl,baseline,1,13,0
budget-final-made-82f6c7518cee0a7d9a7c0d28,30,Eu-Nb-Sn-Tl,baseline,1,14,0
budget-final-made-82f6c7518cee0a7d9a7c0d28,30,Eu-Nb-Sn-Tl,baseline,1,15,0
budget-final-made-82f6c7518cee0a7d9a7c0d28,30,Eu-Nb-Sn-Tl,baseline,1,16,0
budget-final-made-82f6c7518cee0a7d9a7c0d28,30,Eu-Nb-Sn-Tl,baseline,1,17,0
budget-final-made-82f6c7518cee0a7d9a7c0d28,30,Eu-Nb-Sn-Tl,baseline,1,18,0
budget-final-made-82f6c7518cee0a7d9a7c0d28,30,Eu-Nb-Sn-Tl,baseline,1,19,0
budget-final-made-82f6c7518cee0a7d9a7c0d28,30,Eu-Nb-Sn-Tl,baseline,1,20,0
budget-final-made-82f6c7518cee0a7d9a7c0d28,30,Eu-Nb-Sn-Tl,baseline,1,21,0
budget-final-made-82f6c7518cee0a7d9a7c0d28,30,Eu-Nb-Sn-Tl,baseline,1,22,0
budget-final-made-82f6c7518cee0a7d9a7c0d28,30,Eu-Nb-Sn-Tl,baseline,1,23,0
budget-final-made-82f6c7518cee0a7d9a7c0d28,30,Eu-Nb-Sn-Tl,baseline,1,24,0
budget-final-made-82f6c7518cee0a7d9a7c0d28,30,Eu-Nb-Sn-Tl,baseline,1,25,0
budget-final-made-82f6c7518cee0a7d9a7c0d28,30,Eu-Nb-Sn-Tl,baseline,1,26,0
budget-final-made-82f6c7518cee0a7d9a7c0d28,30,Eu-Nb-Sn-Tl,baseline,1,27,0
budget-final-made-82f6c7518cee0a7d9a7c0d28,30,Eu-Nb-Sn-Tl,baseline,1,28,0
budget-final-made-82f6c7518cee0a7d9a7c0d28,30,Eu-Nb-Sn-Tl,baseline,1,29,0
budget-final-made-82f6c7518cee0a7d9a7c0d28,30,Eu-Nb-Sn-Tl,baseline,1,30,0
budget-final-made-c7271a54a71297bd6edd144f,30,Ga-Ho-Lu,baseline,1,0,0
budget-final-made-c7271a54a71297bd6edd144f,30,Ga-Ho-Lu,baseline,1,1,1
budget-final-made-c7271a54a71297bd6edd144f,30,Ga-Ho-Lu,baseline,1,2,2
budget-final-made-c7271a54a71297bd6edd144f,30,Ga-Ho-Lu,baseline,1,3,2
budget-final-made-c7271a54a71297bd6edd144f,30,Ga-Ho-Lu,baseline,1,4,2
budget-final-made-c7271a54a71297bd6edd144f,30,Ga-Ho-Lu,baseline,1,5,2
budget-final-made-c7271a54a71297bd6edd144f,30,Ga-Ho-Lu,baseline,1,6,3
budget-final-made-c7271a54a71297bd6edd144f,30,Ga-Ho-Lu,baseline,1,7,4
budget-final-made-c7271a54a71297bd6edd144f,30,Ga-Ho-Lu,baseline,1,8,5
budget-final-made-c7271a54a71297bd6edd144f,30,Ga-Ho-Lu,baseline,1,9,5
budget-final-made-c7271a54a71297bd6edd144f,30,Ga-Ho-Lu,baseline,1,10,5
budget-final-made-c7271a54a71297bd6edd144f,30,Ga-Ho-Lu,baseline,1,11,6
budget-final-made-c7271a54a71297bd6edd144f,30,Ga-Ho-Lu,baseline,1,12,6
budget-final-made-c7271a54a71297bd6edd144f,30,Ga-Ho-Lu,baseline,1,13,6
budget-final-made-c7271a54a71297bd6edd144f,30,Ga-Ho-Lu,baseline,1,14,6
budget-final-made-c7271a54a71297bd6edd144f,30,Ga-Ho-Lu,baseline,1,15,6
budget-final-made-c7271a54a71297bd6edd144f,30,Ga-Ho-Lu,baseline,1,16,7
budget-final-made-c7271a54a71297bd6edd144f,30,Ga-Ho-Lu,baseline,1,17,7
budget-final-made-c7271a54a71297bd6edd144f,30,Ga-Ho-Lu,baseline,1,18,8
budget-final-made-c7271a54a71297bd6edd144f,30,Ga-Ho-Lu,baseline,1,19,8
budget-final-made-c7271a54a71297bd6edd144f,30,Ga-Ho-Lu,baseline,1,20,8
budget-final-made-c7271a54a71297bd6edd144f,30,Ga-Ho-Lu,baseline,1,21,8
budget-final-made-c7271a54a71297bd6edd144f,30,Ga-Ho-Lu,baseline,1,22,8
budget-final-made-c7271a54a71297bd6edd144f,30,Ga-Ho-Lu,baseline,1,23,9
budget-final-made-c7271a54a71297bd6edd144f,30,Ga-Ho-Lu,baseline,1,24,9
budget-final-made-c7271a54a71297bd6edd144f,30,Ga-Ho-Lu,baseline,1,25,10
budget-final-made-c7271a54a71297bd6edd144f,30,Ga-Ho-Lu,baseline,1,26,10
budget-final-made-c7271a54a71297bd6edd144f,30,Ga-Ho-Lu,baseline,1,27,10
budget-final-made-c7271a54a71297bd6edd144f,30,Ga-Ho-Lu,baseline,1,28,10
budget-final-made-c7271a54a71297bd6edd144f,30,Ga-Ho-Lu,baseline,1,29,10
budget-final-made-c7271a54a71297bd6edd144f,30,Ga-Ho-Lu,baseline,1,30,10
budget-final-made-918bd9462b0f8ade79ece0bc,30,Ga-Ho-Lu,esopt_graph_risk,1,0,0
budget-final-made-918bd9462b0f8ade79ece0bc,30,Ga-Ho-Lu,esopt_graph_risk,1,1,0
budget-final-made-918bd9462b0f8ade79ece0bc,30,Ga-Ho-Lu,esopt_graph_risk,1,2,1
budget-final-made-918bd9462b0f8ade79ece0bc,30,Ga-Ho-Lu,esopt_graph_risk,1,3,2
budget-final-made-918bd9462b0f8ade79ece0bc,30,Ga-Ho-Lu,esopt_graph_risk,1,4,3
budget-final-made-918bd9462b0f8ade79ece0bc,30,Ga-Ho-Lu,esopt_graph_risk,1,5,3
budget-final-made-918bd9462b0f8ade79ece0bc,30,Ga-Ho-Lu,esopt_graph_risk,1,6,3
budget-final-made-918bd9462b0f8ade79ece0bc,30,Ga-Ho-Lu,esopt_graph_risk,1,7,3
budget-final-made-918bd9462b0f8ade79ece0bc,30,Ga-Ho-Lu,esopt_graph_risk,1,8,3
budget-final-made-918bd9462b0f8ade79ece0bc,30,Ga-Ho-Lu,esopt_graph_risk,1,9,4
budget-final-made-918bd9462b0f8ade79ece0bc,30,Ga-Ho-Lu,esopt_graph_risk,1,10,5
budget-final-made-918bd9462b0f8ade79ece0bc,30,Ga-Ho-Lu,esopt_graph_risk,1,11,5
budget-final-made-918bd9462b0f8ade79ece0bc,30,Ga-Ho-Lu,esopt_graph_risk,1,12,5
budget-final-made-918bd9462b0f8ade79ece0bc,30,Ga-Ho-Lu,esopt_graph_risk,1,13,6
budget-final-made-918bd9462b0f8ade79ece0bc,30,Ga-Ho-Lu,esopt_graph_risk,1,14,6
budget-final-made-918bd9462b0f8ade79ece0bc,30,Ga-Ho-Lu,esopt_graph_risk,1,15,6
budget-final-made-918bd9462b0f8ade79ece0bc,30,Ga-Ho-Lu,esopt_graph_risk,1,16,6
budget-final-made-918bd9462b0f8ade79ece0bc,30,Ga-Ho-Lu,esopt_graph_risk,1,17,7
budget-final-made-918bd9462b0f8ade79ece0bc,30,Ga-Ho-Lu,esopt_graph_risk,1,18,8
budget-final-made-918bd9462b0f8ade79ece0bc,30,Ga-Ho-Lu,esopt_graph_risk,1,19,8
budget-final-made-918bd9462b0f8ade79ece0bc,30,Ga-Ho-Lu,esopt_graph_risk,1,20,9
budget-final-made-918bd9462b0f8ade79ece0bc,30,Ga-Ho-Lu,esopt_graph_risk,1,21,9
budget-final-made-918bd9462b0f8ade79ece0bc,30,Ga-Ho-Lu,esopt_graph_risk,1,22,9
budget-final-made-918bd9462b0f8ade79ece0bc,30,Ga-Ho-Lu,esopt_graph_risk,1,23,9
budget-final-made-918bd9462b0f8ade79ece0bc,30,Ga-Ho-Lu,esopt_graph_risk,1,24,9
budget-final-made-918bd9462b0f8ade79ece0bc,30,Ga-Ho-Lu,esopt_graph_risk,1,25,9
budget-final-made-918bd9462b0f8ade79ece0bc,30,Ga-Ho-Lu,esopt_graph_risk,1,26,9
budget-final-made-918bd9462b0f8ade79ece0bc,30,Ga-Ho-Lu,esopt_graph_risk,1,27,9
budget-final-made-918bd9462b0f8ade79ece0bc,30,Ga-Ho-Lu,esopt_graph_risk,1,28,10
budget-final-made-918bd9462b0f8ade79ece0bc,30,Ga-Ho-Lu,esopt_graph_risk,1,29,11
budget-final-made-918bd9462b0f8ade79ece0bc,30,Ga-Ho-Lu,esopt_graph_risk,1,30,11
budget-final-made-bff71cb764d235df71da7a55,30,Ga-Pt-Tm,baseline,1,0,0
budget-final-made-bff71cb764d235df71da7a55,30,Ga-Pt-Tm,baseline,1,1,1
budget-final-made-bff71cb764d235df71da7a55,30,Ga-Pt-Tm,baseline,1,2,1
budget-final-made-bff71cb764d235df71da7a55,30,Ga-Pt-Tm,baseline,1,3,2
budget-final-made-bff71cb764d235df71da7a55,30,Ga-Pt-Tm,baseline,1,4,3
budget-final-made-bff71cb764d235df71da7a55,30,Ga-Pt-Tm,baseline,1,5,4
budget-final-made-bff71cb764d235df71da7a55,30,Ga-Pt-Tm,baseline,1,6,4
budget-final-made-bff71cb764d235df71da7a55,30,Ga-Pt-Tm,baseline,1,7,5
budget-final-made-bff71cb764d235df71da7a55,30,Ga-Pt-Tm,baseline,1,8,6
budget-final-made-bff71cb764d235df71da7a55,30,Ga-Pt-Tm,baseline,1,9,7
budget-final-made-bff71cb764d235df71da7a55,30,Ga-Pt-Tm,baseline,1,10,7
budget-final-made-bff71cb764d235df71da7a55,30,Ga-Pt-Tm,baseline,1,11,7
budget-final-made-bff71cb764d235df71da7a55,30,Ga-Pt-Tm,baseline,1,12,8
budget-final-made-bff71cb764d235df71da7a55,30,Ga-Pt-Tm,baseline,1,13,8
budget-final-made-bff71cb764d235df71da7a55,30,Ga-Pt-Tm,baseline,1,14,8
budget-final-made-bff71cb764d235df71da7a55,30,Ga-Pt-Tm,baseline,1,15,9
budget-final-made-bff71cb764d235df71da7a55,30,Ga-Pt-Tm,baseline,1,16,10
budget-final-made-bff71cb764d235df71da7a55,30,Ga-Pt-Tm,baseline,1,17,10
budget-final-made-bff71cb764d235df71da7a55,30,Ga-Pt-Tm,baseline,1,18,10
budget-final-made-bff71cb764d235df71da7a55,30,Ga-Pt-Tm,baseline,1,19,10
budget-final-made-bff71cb764d235df71da7a55,30,Ga-Pt-Tm,baseline,1,20,11
budget-final-made-bff71cb764d235df71da7a55,30,Ga-Pt-Tm,baseline,1,21,12
budget-final-made-bff71cb764d235df71da7a55,30,Ga-Pt-Tm,baseline,1,22,13
budget-final-made-bff71cb764d235df71da7a55,30,Ga-Pt-Tm,baseline,1,23,13
budget-final-made-bff71cb764d235df71da7a55,30,Ga-Pt-Tm,baseline,1,24,14
budget-final-made-bff71cb764d235df71da7a55,30,Ga-Pt-Tm,baseline,1,25,14
budget-final-made-bff71cb764d235df71da7a55,30,Ga-Pt-Tm,baseline,1,26,14
budget-final-made-bff71cb764d235df71da7a55,30,Ga-Pt-Tm,baseline,1,27,15
budget-final-made-bff71cb764d235df71da7a55,30,Ga-Pt-Tm,baseline,1,28,15
budget-final-made-bff71cb764d235df71da7a55,30,Ga-Pt-Tm,baseline,1,29,15
budget-final-made-bff71cb764d235df71da7a55,30,Ga-Pt-Tm,baseline,1,30,15
budget-final-made-68c87be7a3b5e0b57321e69c,30,Ga-Pt-Tm,esopt_graph_risk,1,0,0
budget-final-made-68c87be7a3b5e0b57321e69c,30,Ga-Pt-Tm,esopt_graph_risk,1,1,0
budget-final-made-68c87be7a3b5e0b57321e69c,30,Ga-Pt-Tm,esopt_graph_risk,1,2,1
budget-final-made-68c87be7a3b5e0b57321e69c,30,Ga-Pt-Tm,esopt_graph_risk,1,3,2
budget-final-made-68c87be7a3b5e0b57321e69c,30,Ga-Pt-Tm,esopt_graph_risk,1,4,3
budget-final-made-68c87be7a3b5e0b57321e69c,30,Ga-Pt-Tm,esopt_graph_risk,1,5,4
budget-final-made-68c87be7a3b5e0b57321e69c,30,Ga-Pt-Tm,esopt_graph_risk,1,6,5
budget-final-made-68c87be7a3b5e0b57321e69c,30,Ga-Pt-Tm,esopt_graph_risk,1,7,5
budget-final-made-68c87be7a3b5e0b57321e69c,30,Ga-Pt-Tm,esopt_graph_risk,1,8,6
budget-final-made-68c87be7a3b5e0b57321e69c,30,Ga-Pt-Tm,esopt_graph_risk,1,9,6
budget-final-made-68c87be7a3b5e0b57321e69c,30,Ga-Pt-Tm,esopt_graph_risk,1,10,7
budget-final-made-68c87be7a3b5e0b57321e69c,30,Ga-Pt-Tm,esopt_graph_risk,1,11,8
budget-final-made-68c87be7a3b5e0b57321e69c,30,Ga-Pt-Tm,esopt_graph_risk,1,12,8
budget-final-made-68c87be7a3b5e0b57321e69c,30,Ga-Pt-Tm,esopt_graph_risk,1,13,8
budget-final-made-68c87be7a3b5e0b57321e69c,30,Ga-Pt-Tm,esopt_graph_risk,1,14,8
budget-final-made-68c87be7a3b5e0b57321e69c,30,Ga-Pt-Tm,esopt_graph_risk,1,15,8
budget-final-made-68c87be7a3b5e0b57321e69c,30,Ga-Pt-Tm,esopt_graph_risk,1,16,8
budget-final-made-68c87be7a3b5e0b57321e69c,30,Ga-Pt-Tm,esopt_graph_risk,1,17,8
budget-final-made-68c87be7a3b5e0b57321e69c,30,Ga-Pt-Tm,esopt_graph_risk,1,18,8
budget-final-made-68c87be7a3b5e0b57321e69c,30,Ga-Pt-Tm,esopt_graph_risk,1,19,8
budget-final-made-68c87be7a3b5e0b57321e69c,30,Ga-Pt-Tm,esopt_graph_risk,1,20,8
budget-final-made-68c87be7a3b5e0b57321e69c,30,Ga-Pt-Tm,esopt_graph_risk,1,21,8
budget-final-made-68c87be7a3b5e0b57321e69c,30,Ga-Pt-Tm,esopt_graph_risk,1,22,8
budget-final-made-68c87be7a3b5e0b57321e69c,30,Ga-Pt-Tm,esopt_graph_risk,1,23,9
budget-final-made-68c87be7a3b5e0b57321e69c,30,Ga-Pt-Tm,esopt_graph_risk,1,24,10
budget-final-made-68c87be7a3b5e0b57321e69c,30,Ga-Pt-Tm,esopt_graph_risk,1,25,10
budget-final-made-68c87be7a3b5e0b57321e69c,30,Ga-Pt-Tm,esopt_graph_risk,1,26,10
budget-final-made-68c87be7a3b5e0b57321e69c,30,Ga-Pt-Tm,esopt_graph_risk,1,27,10
budget-final-made-68c87be7a3b5e0b57321e69c,30,Ga-Pt-Tm,esopt_graph_risk,1,28,10
budget-final-made-68c87be7a3b5e0b57321e69c,30,Ga-Pt-Tm,esopt_graph_risk,1,29,10
budget-final-made-68c87be7a3b5e0b57321e69c,30,Ga-Pt-Tm,esopt_graph_risk,1,30,10
budget-final-made-96bc0fa4964476d79dfdca15,30,Hf-Ni-Zr,baseline,1,0,0
budget-final-made-96bc0fa4964476d79dfdca15,30,Hf-Ni-Zr,baseline,1,1,1
budget-final-made-96bc0fa4964476d79dfdca15,30,Hf-Ni-Zr,baseline,1,2,2
budget-final-made-96bc0fa4964476d79dfdca15,30,Hf-Ni-Zr,baseline,1,3,2
budget-final-made-96bc0fa4964476d79dfdca15,30,Hf-Ni-Zr,baseline,1,4,2
budget-final-made-96bc0fa4964476d79dfdca15,30,Hf-Ni-Zr,baseline,1,5,3
budget-final-made-96bc0fa4964476d79dfdca15,30,Hf-Ni-Zr,baseline,1,6,3
budget-final-made-96bc0fa4964476d79dfdca15,30,Hf-Ni-Zr,baseline,1,7,3
budget-final-made-96bc0fa4964476d79dfdca15,30,Hf-Ni-Zr,baseline,1,8,4
budget-final-made-96bc0fa4964476d79dfdca15,30,Hf-Ni-Zr,baseline,1,9,5
budget-final-made-96bc0fa4964476d79dfdca15,30,Hf-Ni-Zr,baseline,1,10,5
budget-final-made-96bc0fa4964476d79dfdca15,30,Hf-Ni-Zr,baseline,1,11,5
budget-final-made-96bc0fa4964476d79dfdca15,30,Hf-Ni-Zr,baseline,1,12,5
budget-final-made-96bc0fa4964476d79dfdca15,30,Hf-Ni-Zr,baseline,1,13,5
budget-final-made-96bc0fa4964476d79dfdca15,30,Hf-Ni-Zr,baseline,1,14,6
budget-final-made-96bc0fa4964476d79dfdca15,30,Hf-Ni-Zr,baseline,1,15,7
budget-final-made-96bc0fa4964476d79dfdca15,30,Hf-Ni-Zr,baseline,1,16,8
budget-final-made-96bc0fa4964476d79dfdca15,30,Hf-Ni-Zr,baseline,1,17,8
budget-final-made-96bc0fa4964476d79dfdca15,30,Hf-Ni-Zr,baseline,1,18,8
budget-final-made-96bc0fa4964476d79dfdca15,30,Hf-Ni-Zr,baseline,1,19,8
budget-final-made-96bc0fa4964476d79dfdca15,30,Hf-Ni-Zr,baseline,1,20,8
budget-final-made-96bc0fa4964476d79dfdca15,30,Hf-Ni-Zr,baseline,1,21,8
budget-final-made-96bc0fa4964476d79dfdca15,30,Hf-Ni-Zr,baseline,1,22,9
budget-final-made-96bc0fa4964476d79dfdca15,30,Hf-Ni-Zr,baseline,1,23,10
budget-final-made-96bc0fa4964476d79dfdca15,30,Hf-Ni-Zr,baseline,1,24,10
budget-final-made-96bc0fa4964476d79dfdca15,30,Hf-Ni-Zr,baseline,1,25,11
budget-final-made-96bc0fa4964476d79dfdca15,30,Hf-Ni-Zr,baseline,1,26,11
budget-final-made-96bc0fa4964476d79dfdca15,30,Hf-Ni-Zr,baseline,1,27,12
budget-final-made-96bc0fa4964476d79dfdca15,30,Hf-Ni-Zr,baseline,1,28,13
budget-final-made-96bc0fa4964476d79dfdca15,30,Hf-Ni-Zr,baseline,1,29,14
budget-final-made-96bc0fa4964476d79dfdca15,30,Hf-Ni-Zr,baseline,1,30,15
budget-final-made-b4bdf78cadbefaabf1c3bc2f,30,Hf-Ni-Zr,esopt_graph_risk,1,0,0
budget-final-made-b4bdf78cadbefaabf1c3bc2f,30,Hf-Ni-Zr,esopt_graph_risk,1,1,0
budget-final-made-b4bdf78cadbefaabf1c3bc2f,30,Hf-Ni-Zr,esopt_graph_risk,1,2,0
budget-final-made-b4bdf78cadbefaabf1c3bc2f,30,Hf-Ni-Zr,esopt_graph_risk,1,3,0
budget-final-made-b4bdf78cadbefaabf1c3bc2f,30,Hf-Ni-Zr,esopt_graph_risk,1,4,0
budget-final-made-b4bdf78cadbefaabf1c3bc2f,30,Hf-Ni-Zr,esopt_graph_risk,1,5,1
budget-final-made-b4bdf78cadbefaabf1c3bc2f,30,Hf-Ni-Zr,esopt_graph_risk,1,6,1
budget-final-made-b4bdf78cadbefaabf1c3bc2f,30,Hf-Ni-Zr,esopt_graph_risk,1,7,1
budget-final-made-b4bdf78cadbefaabf1c3bc2f,30,Hf-Ni-Zr,esopt_graph_risk,1,8,1
budget-final-made-b4bdf78cadbefaabf1c3bc2f,30,Hf-Ni-Zr,esopt_graph_risk,1,9,1
budget-final-made-b4bdf78cadbefaabf1c3bc2f,30,Hf-Ni-Zr,esopt_graph_risk,1,10,1
budget-final-made-b4bdf78cadbefaabf1c3bc2f,30,Hf-Ni-Zr,esopt_graph_risk,1,11,2
budget-final-made-b4bdf78cadbefaabf1c3bc2f,30,Hf-Ni-Zr,esopt_graph_risk,1,12,3
budget-final-made-b4bdf78cadbefaabf1c3bc2f,30,Hf-Ni-Zr,esopt_graph_risk,1,13,3
budget-final-made-b4bdf78cadbefaabf1c3bc2f,30,Hf-Ni-Zr,esopt_graph_risk,1,14,3
budget-final-made-b4bdf78cadbefaabf1c3bc2f,30,Hf-Ni-Zr,esopt_graph_risk,1,15,4
budget-final-made-b4bdf78cadbefaabf1c3bc2f,30,Hf-Ni-Zr,esopt_graph_risk,1,16,4
budget-final-made-b4bdf78cadbefaabf1c3bc2f,30,Hf-Ni-Zr,esopt_graph_risk,1,17,4
budget-final-made-b4bdf78cadbefaabf1c3bc2f,30,Hf-Ni-Zr,esopt_graph_risk,1,18,5
budget-final-made-b4bdf78cadbefaabf1c3bc2f,30,Hf-Ni-Zr,esopt_graph_risk,1,19,6
budget-final-made-b4bdf78cadbefaabf1c3bc2f,30,Hf-Ni-Zr,esopt_graph_risk,1,20,7
budget-final-made-b4bdf78cadbefaabf1c3bc2f,30,Hf-Ni-Zr,esopt_graph_risk,1,21,7
budget-final-made-b4bdf78cadbefaabf1c3bc2f,30,Hf-Ni-Zr,esopt_graph_risk,1,22,8
budget-final-made-b4bdf78cadbefaabf1c3bc2f,30,Hf-Ni-Zr,esopt_graph_risk,1,23,8
budget-final-made-b4bdf78cadbefaabf1c3bc2f,30,Hf-Ni-Zr,esopt_graph_risk,1,24,8
budget-final-made-b4bdf78cadbefaabf1c3bc2f,30,Hf-Ni-Zr,esopt_graph_risk,1,25,8
budget-final-made-b4bdf78cadbefaabf1c3bc2f,30,Hf-Ni-Zr,esopt_graph_risk,1,26,8
budget-final-made-b4bdf78cadbefaabf1c3bc2f,30,Hf-Ni-Zr,esopt_graph_risk,1,27,8
budget-final-made-b4bdf78cadbefaabf1c3bc2f,30,Hf-Ni-Zr,esopt_graph_risk,1,28,9
budget-final-made-b4bdf78cadbefaabf1c3bc2f,30,Hf-Ni-Zr,esopt_graph_risk,1,29,10
budget-final-made-b4bdf78cadbefaabf1c3bc2f,30,Hf-Ni-Zr,esopt_graph_risk,1,30,10
budget-final-made-1eb7afc5ad399f91ae53aef8,30,Ho-In-Mg-Pd-Zr,baseline,1,0,0
budget-final-made-1eb7afc5ad399f91ae53aef8,30,Ho-In-Mg-Pd-Zr,baseline,1,1,0
budget-final-made-1eb7afc5ad399f91ae53aef8,30,Ho-In-Mg-Pd-Zr,baseline,1,2,0
budget-final-made-1eb7afc5ad399f91ae53aef8,30,Ho-In-Mg-Pd-Zr,baseline,1,3,0
budget-final-made-1eb7afc5ad399f91ae53aef8,30,Ho-In-Mg-Pd-Zr,baseline,1,4,0
budget-final-made-1eb7afc5ad399f91ae53aef8,30,Ho-In-Mg-Pd-Zr,baseline,1,5,0
budget-final-made-1eb7afc5ad399f91ae53aef8,30,Ho-In-Mg-Pd-Zr,baseline,1,6,0
budget-final-made-1eb7afc5ad399f91ae53aef8,30,Ho-In-Mg-Pd-Zr,baseline,1,7,0
budget-final-made-1eb7afc5ad399f91ae53aef8,30,Ho-In-Mg-Pd-Zr,baseline,1,8,0
budget-final-made-1eb7afc5ad399f91ae53aef8,30,Ho-In-Mg-Pd-Zr,baseline,1,9,0
budget-final-made-1eb7afc5ad399f91ae53aef8,30,Ho-In-Mg-Pd-Zr,baseline,1,10,0
budget-final-made-1eb7afc5ad399f91ae53aef8,30,Ho-In-Mg-Pd-Zr,baseline,1,11,0
budget-final-made-1eb7afc5ad399f91ae53aef8,30,Ho-In-Mg-Pd-Zr,baseline,1,12,0
budget-final-made-1eb7afc5ad399f91ae53aef8,30,Ho-In-Mg-Pd-Zr,baseline,1,13,0
budget-final-made-1eb7afc5ad399f91ae53aef8,30,Ho-In-Mg-Pd-Zr,baseline,1,14,0
budget-final-made-1eb7afc5ad399f91ae53aef8,30,Ho-In-Mg-Pd-Zr,baseline,1,15,0
budget-final-made-1eb7afc5ad399f91ae53aef8,30,Ho-In-Mg-Pd-Zr,baseline,1,16,0
budget-final-made-1eb7afc5ad399f91ae53aef8,30,Ho-In-Mg-Pd-Zr,baseline,1,17,0
budget-final-made-1eb7afc5ad399f91ae53aef8,30,Ho-In-Mg-Pd-Zr,baseline,1,18,0
budget-final-made-1eb7afc5ad399f91ae53aef8,30,Ho-In-Mg-Pd-Zr,baseline,1,19,0
budget-final-made-1eb7afc5ad399f91ae53aef8,30,Ho-In-Mg-Pd-Zr,baseline,1,20,0
budget-final-made-1eb7afc5ad399f91ae53aef8,30,Ho-In-Mg-Pd-Zr,baseline,1,21,0
budget-final-made-1eb7afc5ad399f91ae53aef8,30,Ho-In-Mg-Pd-Zr,baseline,1,22,0
budget-final-made-1eb7afc5ad399f91ae53aef8,30,Ho-In-Mg-Pd-Zr,baseline,1,23,0
budget-final-made-1eb7afc5ad399f91ae53aef8,30,Ho-In-Mg-Pd-Zr,baseline,1,24,0
budget-final-made-1eb7afc5ad399f91ae53aef8,30,Ho-In-Mg-Pd-Zr,baseline,1,25,0
budget-final-made-1eb7afc5ad399f91ae53aef8,30,Ho-In-Mg-Pd-Zr,baseline,1,26,0
budget-final-made-1eb7afc5ad399f91ae53aef8,30,Ho-In-Mg-Pd-Zr,baseline,1,27,0
budget-final-made-1eb7afc5ad399f91ae53aef8,30,Ho-In-Mg-Pd-Zr,baseline,1,28,0
budget-final-made-1eb7afc5ad399f91ae53aef8,30,Ho-In-Mg-Pd-Zr,baseline,1,29,0
budget-final-made-1eb7afc5ad399f91ae53aef8,30,Ho-In-Mg-Pd-Zr,baseline,1,30,0
budget-final-made-cadd08e961acf270bbe53218,30,Mg-Sn-Sr,baseline,1,0,0
budget-final-made-cadd08e961acf270bbe53218,30,Mg-Sn-Sr,baseline,1,1,1
budget-final-made-cadd08e961acf270bbe53218,30,Mg-Sn-Sr,baseline,1,2,2
budget-final-made-cadd08e961acf270bbe53218,30,Mg-Sn-Sr,baseline,1,3,3
budget-final-made-cadd08e961acf270bbe53218,30,Mg-Sn-Sr,baseline,1,4,4
budget-final-made-cadd08e961acf270bbe53218,30,Mg-Sn-Sr,baseline,1,5,5
budget-final-made-cadd08e961acf270bbe53218,30,Mg-Sn-Sr,baseline,1,6,6
budget-final-made-cadd08e961acf270bbe53218,30,Mg-Sn-Sr,baseline,1,7,7
budget-final-made-cadd08e961acf270bbe53218,30,Mg-Sn-Sr,baseline,1,8,8
budget-final-made-cadd08e961acf270bbe53218,30,Mg-Sn-Sr,baseline,1,9,9
budget-final-made-cadd08e961acf270bbe53218,30,Mg-Sn-Sr,baseline,1,10,10
budget-final-made-cadd08e961acf270bbe53218,30,Mg-Sn-Sr,baseline,1,11,11
budget-final-made-cadd08e961acf270bbe53218,30,Mg-Sn-Sr,baseline,1,12,12
budget-final-made-cadd08e961acf270bbe53218,30,Mg-Sn-Sr,baseline,1,13,13
budget-final-made-cadd08e961acf270bbe53218,30,Mg-Sn-Sr,baseline,1,14,14
budget-final-made-cadd08e961acf270bbe53218,30,Mg-Sn-Sr,baseline,1,15,14
budget-final-made-cadd08e961acf270bbe53218,30,Mg-Sn-Sr,baseline,1,16,15
budget-final-made-cadd08e961acf270bbe53218,30,Mg-Sn-Sr,baseline,1,17,15
budget-final-made-cadd08e961acf270bbe53218,30,Mg-Sn-Sr,baseline,1,18,15
budget-final-made-cadd08e961acf270bbe53218,30,Mg-Sn-Sr,baseline,1,19,16
budget-final-made-cadd08e961acf270bbe53218,30,Mg-Sn-Sr,baseline,1,20,17
budget-final-made-cadd08e961acf270bbe53218,30,Mg-Sn-Sr,baseline,1,21,18
budget-final-made-cadd08e961acf270bbe53218,30,Mg-Sn-Sr,baseline,1,22,19
budget-final-made-cadd08e961acf270bbe53218,30,Mg-Sn-Sr,baseline,1,23,20
budget-final-made-cadd08e961acf270bbe53218,30,Mg-Sn-Sr,baseline,1,24,21
budget-final-made-cadd08e961acf270bbe53218,30,Mg-Sn-Sr,baseline,1,25,22
budget-final-made-cadd08e961acf270bbe53218,30,Mg-Sn-Sr,baseline,1,26,23
budget-final-made-cadd08e961acf270bbe53218,30,Mg-Sn-Sr,baseline,1,27,24
budget-final-made-cadd08e961acf270bbe53218,30,Mg-Sn-Sr,baseline,1,28,25
budget-final-made-cadd08e961acf270bbe53218,30,Mg-Sn-Sr,baseline,1,29,26
budget-final-made-cadd08e961acf270bbe53218,30,Mg-Sn-Sr,baseline,1,30,27
budget-final-made-d8dd53ba40cb0e54b6ca1e92,30,Mg-Sn-Sr,esopt_graph_risk,1,0,0
budget-final-made-d8dd53ba40cb0e54b6ca1e92,30,Mg-Sn-Sr,esopt_graph_risk,1,1,1
budget-final-made-d8dd53ba40cb0e54b6ca1e92,30,Mg-Sn-Sr,esopt_graph_risk,1,2,2
budget-final-made-d8dd53ba40cb0e54b6ca1e92,30,Mg-Sn-Sr,esopt_graph_risk,1,3,3
budget-final-made-d8dd53ba40cb0e54b6ca1e92,30,Mg-Sn-Sr,esopt_graph_risk,1,4,3
budget-final-made-d8dd53ba40cb0e54b6ca1e92,30,Mg-Sn-Sr,esopt_graph_risk,1,5,3
budget-final-made-d8dd53ba40cb0e54b6ca1e92,30,Mg-Sn-Sr,esopt_graph_risk,1,6,3
budget-final-made-d8dd53ba40cb0e54b6ca1e92,30,Mg-Sn-Sr,esopt_graph_risk,1,7,4
budget-final-made-d8dd53ba40cb0e54b6ca1e92,30,Mg-Sn-Sr,esopt_graph_risk,1,8,5
budget-final-made-d8dd53ba40cb0e54b6ca1e92,30,Mg-Sn-Sr,esopt_graph_risk,1,9,5
budget-final-made-d8dd53ba40cb0e54b6ca1e92,30,Mg-Sn-Sr,esopt_graph_risk,1,10,6
budget-final-made-d8dd53ba40cb0e54b6ca1e92,30,Mg-Sn-Sr,esopt_graph_risk,1,11,7
budget-final-made-d8dd53ba40cb0e54b6ca1e92,30,Mg-Sn-Sr,esopt_graph_risk,1,12,7
budget-final-made-d8dd53ba40cb0e54b6ca1e92,30,Mg-Sn-Sr,esopt_graph_risk,1,13,8
budget-final-made-d8dd53ba40cb0e54b6ca1e92,30,Mg-Sn-Sr,esopt_graph_risk,1,14,8
budget-final-made-d8dd53ba40cb0e54b6ca1e92,30,Mg-Sn-Sr,esopt_graph_risk,1,15,8
budget-final-made-d8dd53ba40cb0e54b6ca1e92,30,Mg-Sn-Sr,esopt_graph_risk,1,16,8
budget-final-made-d8dd53ba40cb0e54b6ca1e92,30,Mg-Sn-Sr,esopt_graph_risk,1,17,9
budget-final-made-d8dd53ba40cb0e54b6ca1e92,30,Mg-Sn-Sr,esopt_graph_risk,1,18,9
budget-final-made-d8dd53ba40cb0e54b6ca1e92,30,Mg-Sn-Sr,esopt_graph_risk,1,19,10
budget-final-made-d8dd53ba40cb0e54b6ca1e92,30,Mg-Sn-Sr,esopt_graph_risk,1,20,10
budget-final-made-d8dd53ba40cb0e54b6ca1e92,30,Mg-Sn-Sr,esopt_graph_risk,1,21,10
budget-final-made-d8dd53ba40cb0e54b6ca1e92,30,Mg-Sn-Sr,esopt_graph_risk,1,22,11
budget-final-made-d8dd53ba40cb0e54b6ca1e92,30,Mg-Sn-Sr,esopt_graph_risk,1,23,12
budget-final-made-d8dd53ba40cb0e54b6ca1e92,30,Mg-Sn-Sr,esopt_graph_risk,1,24,12
budget-final-made-d8dd53ba40cb0e54b6ca1e92,30,Mg-Sn-Sr,esopt_graph_risk,1,25,12
budget-final-made-d8dd53ba40cb0e54b6ca1e92,30,Mg-Sn-Sr,esopt_graph_risk,1,26,13
budget-final-made-d8dd53ba40cb0e54b6ca1e92,30,Mg-Sn-Sr,esopt_graph_risk,1,27,13
budget-final-made-d8dd53ba40cb0e54b6ca1e92,30,Mg-Sn-Sr,esopt_graph_risk,1,28,13
budget-final-made-d8dd53ba40cb0e54b6ca1e92,30,Mg-Sn-Sr,esopt_graph_risk,1,29,14
budget-final-made-d8dd53ba40cb0e54b6ca1e92,30,Mg-Sn-Sr,esopt_graph_risk,1,30,15
