task_id,budget,seed,arm,job_id,query,SUN
Al-Li-V,10,2,baseline_reference,component-final-32355a4d9bcc6137d52ada7b,0,0
Al-Li-V,10,2,baseline_reference,component-final-32355a4d9bcc6137d52ada7b,1,0
Al-Li-V,10,2,baseline_reference,component-final-32355a4d9bcc6137d52ada7b,2,0
Al-Li-V,10,2,baseline_reference,component-final-32355a4d9bcc6137d52ada7b,3,0
Al-Li-V,10,2,baseline_reference,component-final-32355a4d9bcc6137d52ada7b,4,0
Al-Li-V,10,2,baseline_reference,component-final-32355a4d9bcc6137d52ada7b,5,0
Al-Li-V,10,2,baseline_reference,component-final-32355a4d9bcc6137d52ada7b,6,0
Al-Li-V,10,2,baseline_reference,component-final-32355a4d9bcc6137d52ada7b,7,0
Al-Li-V,10,2,baseline_reference,component-final-32355a4d9bcc6137d52ada7b,8,0
Al-Li-V,10,2,baseline_reference,component-final-32355a4d9bcc6137d52ada7b,9,0
Al-Li-V,10,2,baseline_reference,component-final-32355a4d9bcc6137d52ada7b,10,0
Al-Li-V,10,3,baseline_reference,component-final-10ad51e80000935d29c71786,0,0
Al-Li-V,10,3,baseline_reference,component-final-10ad51e80000935d29c71786,1,0
Al-Li-V,10,3,baseline_reference,component-final-10ad51e80000935d29c71786,2,0
Al-Li-V,10,3,baseline_reference,component-final-10ad51e80000935d29c71786,3,0
Al-Li-V,10,3,baseline_reference,component-final-10ad51e80000935d29c71786,4,0
Al-Li-V,10,3,baseline_reference,component-final-10ad51e80000935d29c71786,5,0
Al-Li-V,10,3,baseline_reference,component-final-10ad51e80000935d29c71786,6,0
Al-Li-V,10,3,baseline_reference,component-final-10ad51e80000935d29c71786,7,0
Al-Li-V,10,3,baseline_reference,component-final-10ad51e80000935d29c71786,8,1
Al-Li-V,10,3,baseline_reference,component-final-10ad51e80000935d29c71786,9,2
Al-Li-V,10,3,baseline_reference,component-final-10ad51e80000935d29c71786,10,2
Al-Li-V,10,4,baseline_reference,component-final-a51d66c7e21ca9788f45a008,0,0
Al-Li-V,10,4,baseline_reference,component-final-a51d66c7e21ca9788f45a008,1,0
Al-Li-V,10,4,baseline_reference,component-final-a51d66c7e21ca9788f45a008,2,0
Al-Li-V,10,4,baseline_reference,component-final-a51d66c7e21ca9788f45a008,3,1
Al-Li-V,10,4,baseline_reference,component-final-a51d66c7e21ca9788f45a008,4,1
Al-Li-V,10,4,baseline_reference,component-final-a51d66c7e21ca9788f45a008,5,1
Al-Li-V,10,4,baseline_reference,component-final-a51d66c7e21ca9788f45a008,6,1
Al-Li-V,10,4,baseline_reference,component-final-a51d66c7e21ca9788f45a008,7,1
Al-Li-V,10,4,baseline_reference,component-final-a51d66c7e21ca9788f45a008,8,1
Al-Li-V,10,4,baseline_reference,component-final-a51d66c7e21ca9788f45a008,9,1
Al-Li-V,10,4,baseline_reference,component-final-a51d66c7e21ca9788f45a008,10,1
Al-Li-V,10,2,uq_only_support_aware,support-final-ccd9a242b4945d6cfcdb68dc,0,0
Al-Li-V,10,2,uq_only_support_aware,support-final-ccd9a242b4945d6cfcdb68dc,1,0
Al-Li-V,10,2,uq_only_support_aware,support-final-ccd9a242b4945d6cfcdb68dc,2,0
Al-Li-V,10,2,uq_only_support_aware,support-final-ccd9a242b4945d6cfcdb68dc,3,0
Al-Li-V,10,2,uq_only_support_aware,support-final-ccd9a242b4945d6cfcdb68dc,4,0
Al-Li-V,10,2,uq_only_support_aware,support-final-ccd9a242b4945d6cfcdb68dc,5,0
Al-Li-V,10,2,uq_only_support_aware,support-final-ccd9a242b4945d6cfcdb68dc,6,0
Al-Li-V,10,2,uq_only_support_aware,support-final-ccd9a242b4945d6cfcdb68dc,7,0
Al-Li-V,10,2,uq_only_support_aware,support-final-ccd9a242b4945d6cfcdb68dc,8,0
Al-Li-V,10,2,uq_only_support_aware,support-final-ccd9a242b4945d6cfcdb68dc,9,0
Al-Li-V,10,2,uq_only_support_aware,support-final-ccd9a242b4945d6cfcdb68dc,10,0
Al-Li-V,10,3,uq_only_support_aware,support-final-2cd11ff827dc56a49263e71d,0,0
Al-Li-V,10,3,uq_only_support_aware,support-final-2cd11ff827dc56a49263e71d,1,0
Al-Li-V,10,3,uq_only_support_aware,support-final-2cd11ff827dc56a49263e71d,2,0
Al-Li-V,10,3,uq_only_support_aware,support-final-2cd11ff827dc56a49263e71d,3,0
Al-Li-V,10,3,uq_only_support_aware,support-final-2cd11ff827dc56a49263e71d,4,0
Al-Li-V,10,3,uq_only_support_aware,support-final-2cd11ff827dc56a49263e71d,5,0
Al-Li-V,10,3,uq_only_support_aware,support-final-2cd11ff827dc56a49263e71d,6,1
Al-Li-V,10,3,uq_only_support_aware,support-final-2cd11ff827dc56a49263e71d,7,1
Al-Li-V,10,3,uq_only_support_aware,support-final-2cd11ff827dc56a49263e71d,8,1
Al-Li-V,10,3,uq_only_support_aware,support-final-2cd11ff827dc56a49263e71d,9,1
Al-Li-V,10,3,uq_only_support_aware,support-final-2cd11ff827dc56a49263e71d,10,1
Al-Li-V,10,2,es_only_independent,component-final-2e27f5563acb699daae1d131,0,0
Al-Li-V,10,2,es_only_independent,component-final-2e27f5563acb699daae1d131,1,0
Al-Li-V,10,2,es_only_independent,component-final-2e27f5563acb699daae1d131,2,0
Al-Li-V,10,2,es_only_independent,component-final-2e27f5563acb699daae1d131,3,1
Al-Li-V,10,2,es_only_independent,component-final-2e27f5563acb699daae1d131,4,1
Al-Li-V,10,2,es_only_independent,component-final-2e27f5563acb699daae1d131,5,1
Al-Li-V,10,2,es_only_independent,component-final-2e27f5563acb699daae1d131,6,1
Al-Li-V,10,2,es_only_independent,component-final-2e27f5563acb699daae1d131,7,1
Al-Li-V,10,2,es_only_independent,component-final-2e27f5563acb699daae1d131,8,1
Al-Li-V,10,2,es_only_independent,component-final-2e27f5563acb699daae1d131,9,1
Al-Li-V,10,2,es_only_independent,component-final-2e27f5563acb699daae1d131,10,1
Al-Li-V,10,3,es_only_independent,component-final-8e1fbdae4c717bead751ef3f,0,0
Al-Li-V,10,3,es_only_independent,component-final-8e1fbdae4c717bead751ef3f,1,0
Al-Li-V,10,3,es_only_independent,component-final-8e1fbdae4c717bead751ef3f,2,0
Al-Li-V,10,3,es_only_independent,component-final-8e1fbdae4c717bead751ef3f,3,0
Al-Li-V,10,3,es_only_independent,component-final-8e1fbdae4c717bead751ef3f,4,0
Al-Li-V,10,3,es_only_independent,component-final-8e1fbdae4c717bead751ef3f,5,0
Al-Li-V,10,3,es_only_independent,component-final-8e1fbdae4c717bead751ef3f,6,0
Al-Li-V,10,3,es_only_independent,component-final-8e1fbdae4c717bead751ef3f,7,0
Al-Li-V,10,3,es_only_independent,component-final-8e1fbdae4c717bead751ef3f,8,0
Al-Li-V,10,3,es_only_independent,component-final-8e1fbdae4c717bead751ef3f,9,0
Al-Li-V,10,3,es_only_independent,component-final-8e1fbdae4c717bead751ef3f,10,0
Al-Li-V,10,4,es_only_independent,component-final-d183e09d99cadf104f59d07e,0,0
Al-Li-V,10,4,es_only_independent,component-final-d183e09d99cadf104f59d07e,1,0
Al-Li-V,10,4,es_only_independent,component-final-d183e09d99cadf104f59d07e,2,0
Al-Li-V,10,4,es_only_independent,component-final-d183e09d99cadf104f59d07e,3,0
Al-Li-V,10,4,es_only_independent,component-final-d183e09d99cadf104f59d07e,4,0
Al-Li-V,10,4,es_only_independent,component-final-d183e09d99cadf104f59d07e,5,0
Al-Li-V,10,4,es_only_independent,component-final-d183e09d99cadf104f59d07e,6,0
Al-Li-V,10,4,es_only_independent,component-final-d183e09d99cadf104f59d07e,7,0
Al-Li-V,10,4,es_only_independent,component-final-d183e09d99cadf104f59d07e,8,0
Al-Li-V,10,4,es_only_independent,component-final-d183e09d99cadf104f59d07e,9,0
Al-Li-V,10,4,es_only_independent,component-final-d183e09d99cadf104f59d07e,10,0
Al-Li-V,10,2,full_support_aware,support-final-bceab85ac67db411774a2563,0,0
Al-Li-V,10,2,full_support_aware,support-final-bceab85ac67db411774a2563,1,0
Al-Li-V,10,2,full_support_aware,support-final-bceab85ac67db411774a2563,2,0
Al-Li-V,10,2,full_support_aware,support-final-bceab85ac67db411774a2563,3,0
Al-Li-V,10,2,full_support_aware,support-final-bceab85ac67db411774a2563,4,0
Al-Li-V,10,2,full_support_aware,support-final-bceab85ac67db411774a2563,5,0
Al-Li-V,10,2,full_support_aware,support-final-bceab85ac67db411774a2563,6,0
Al-Li-V,10,2,full_support_aware,support-final-bceab85ac67db411774a2563,7,0
Al-Li-V,10,2,full_support_aware,support-final-bceab85ac67db411774a2563,8,0
Al-Li-V,10,2,full_support_aware,support-final-bceab85ac67db411774a2563,9,0
Al-Li-V,10,2,full_support_aware,support-final-bceab85ac67db411774a2563,10,0
Al-Li-V,10,3,full_support_aware,support-final-2b96c9fd2ded8ff4d3c9fa7b,0,0
Al-Li-V,10,3,full_support_aware,support-final-2b96c9fd2ded8ff4d3c9fa7b,1,0
Al-Li-V,10,3,full_support_aware,support-final-2b96c9fd2ded8ff4d3c9fa7b,2,0
Al-Li-V,10,3,full_support_aware,support-final-2b96c9fd2ded8ff4d3c9fa7b,3,0
Al-Li-V,10,3,full_support_aware,support-final-2b96c9fd2ded8ff4d3c9fa7b,4,0
Al-Li-V,10,3,full_support_aware,support-final-2b96c9fd2ded8ff4d3c9fa7b,5,0
Al-Li-V,10,3,full_support_aware,support-final-2b96c9fd2ded8ff4d3c9fa7b,6,0
Al-Li-V,10,3,full_support_aware,support-final-2b96c9fd2ded8ff4d3c9fa7b,7,0
Al-Li-V,10,3,full_support_aware,support-final-2b96c9fd2ded8ff4d3c9fa7b,8,0
Al-Li-V,10,3,full_support_aware,support-final-2b96c9fd2ded8ff4d3c9fa7b,9,0
Al-Li-V,10,3,full_support_aware,support-final-2b96c9fd2ded8ff4d3c9fa7b,10,0
Al-Li-V,10,4,full_support_aware,support-final-cda0e2a385af0e786df7d24a,0,0
Al-Li-V,10,4,full_support_aware,support-final-cda0e2a385af0e786df7d24a,1,0
Al-Li-V,10,4,full_support_aware,support-final-cda0e2a385af0e786df7d24a,2,0
Al-Li-V,10,4,full_support_aware,support-final-cda0e2a385af0e786df7d24a,3,1
Al-Li-V,10,4,full_support_aware,support-final-cda0e2a385af0e786df7d24a,4,2
Al-Li-V,10,4,full_support_aware,support-final-cda0e2a385af0e786df7d24a,5,2
Al-Li-V,10,4,full_support_aware,support-final-cda0e2a385af0e786df7d24a,6,2
Al-Li-V,10,4,full_support_aware,support-final-cda0e2a385af0e786df7d24a,7,2
Al-Li-V,10,4,full_support_aware,support-final-cda0e2a385af0e786df7d24a,8,2
Al-Li-V,10,4,full_support_aware,support-final-cda0e2a385af0e786df7d24a,9,2
Al-Li-V,10,4,full_support_aware,support-final-cda0e2a385af0e786df7d24a,10,2
Al-V-Zn,10,2,baseline_reference,component-final-50555fb4776e15c94b4beec9,0,0
Al-V-Zn,10,2,baseline_reference,component-final-50555fb4776e15c94b4beec9,1,1
Al-V-Zn,10,2,baseline_reference,component-final-50555fb4776e15c94b4beec9,2,2
Al-V-Zn,10,2,baseline_reference,component-final-50555fb4776e15c94b4beec9,3,2
Al-V-Zn,10,2,baseline_reference,component-final-50555fb4776e15c94b4beec9,4,3
Al-V-Zn,10,2,baseline_reference,component-final-50555fb4776e15c94b4beec9,5,3
Al-V-Zn,10,2,baseline_reference,component-final-50555fb4776e15c94b4beec9,6,3
Al-V-Zn,10,2,baseline_reference,component-final-50555fb4776e15c94b4beec9,7,3
Al-V-Zn,10,2,baseline_reference,component-final-50555fb4776e15c94b4beec9,8,3
Al-V-Zn,10,2,baseline_reference,component-final-50555fb4776e15c94b4beec9,9,3
Al-V-Zn,10,2,baseline_reference,component-final-50555fb4776e15c94b4beec9,10,4
Al-V-Zn,10,3,baseline_reference,component-final-52aa59f42080e58cda2f64b0,0,0
Al-V-Zn,10,3,baseline_reference,component-final-52aa59f42080e58cda2f64b0,1,1
Al-V-Zn,10,3,baseline_reference,component-final-52aa59f42080e58cda2f64b0,2,2
Al-V-Zn,10,3,baseline_reference,component-final-52aa59f42080e58cda2f64b0,3,3
Al-V-Zn,10,3,baseline_reference,component-final-52aa59f42080e58cda2f64b0,4,3
Al-V-Zn,10,3,baseline_reference,component-final-52aa59f42080e58cda2f64b0,5,4
Al-V-Zn,10,3,baseline_reference,component-final-52aa59f42080e58cda2f64b0,6,4
Al-V-Zn,10,3,baseline_reference,component-final-52aa59f42080e58cda2f64b0,7,5
Al-V-Zn,10,3,baseline_reference,component-final-52aa59f42080e58cda2f64b0,8,5
Al-V-Zn,10,3,baseline_reference,component-final-52aa59f42080e58cda2f64b0,9,5
Al-V-Zn,10,3,baseline_reference,component-final-52aa59f42080e58cda2f64b0,10,5
Al-V-Zn,10,4,baseline_reference,component-final-70adf56898316f73ea4720ab,0,0
Al-V-Zn,10,4,baseline_reference,component-final-70adf56898316f73ea4720ab,1,1
Al-V-Zn,10,4,baseline_reference,component-final-70adf56898316f73ea4720ab,2,2
Al-V-Zn,10,4,baseline_reference,component-final-70adf56898316f73ea4720ab,3,3
Al-V-Zn,10,4,baseline_reference,component-final-70adf56898316f73ea4720ab,4,3
Al-V-Zn,10,4,baseline_reference,component-final-70adf56898316f73ea4720ab,5,3
Al-V-Zn,10,4,baseline_reference,component-final-70adf56898316f73ea4720ab,6,3
Al-V-Zn,10,4,baseline_reference,component-final-70adf56898316f73ea4720ab,7,4
Al-V-Zn,10,4,baseline_reference,component-final-70adf56898316f73ea4720ab,8,5
Al-V-Zn,10,4,baseline_reference,component-final-70adf56898316f73ea4720ab,9,6
Al-V-Zn,10,4,baseline_reference,component-final-70adf56898316f73ea4720ab,10,6
Al-V-Zn,10,2,uq_only_support_aware,support-final-50481d7de104501120b84fb5,0,0
Al-V-Zn,10,2,uq_only_support_aware,support-final-50481d7de104501120b84fb5,1,1
Al-V-Zn,10,2,uq_only_support_aware,support-final-50481d7de104501120b84fb5,2,2
Al-V-Zn,10,2,uq_only_support_aware,support-final-50481d7de104501120b84fb5,3,3
Al-V-Zn,10,2,uq_only_support_aware,support-final-50481d7de104501120b84fb5,4,3
Al-V-Zn,10,2,uq_only_support_aware,support-final-50481d7de104501120b84fb5,5,4
Al-V-Zn,10,2,uq_only_support_aware,support-final-50481d7de104501120b84fb5,6,5
Al-V-Zn,10,2,uq_only_support_aware,support-final-50481d7de104501120b84fb5,7,5
Al-V-Zn,10,2,uq_only_support_aware,support-final-50481d7de104501120b84fb5,8,5
Al-V-Zn,10,2,uq_only_support_aware,support-final-50481d7de104501120b84fb5,9,5
Al-V-Zn,10,2,uq_only_support_aware,support-final-50481d7de104501120b84fb5,10,5
Al-V-Zn,10,3,uq_only_support_aware,support-final-5d1cc6924d5efee9cbf9f4a0,0,0
Al-V-Zn,10,3,uq_only_support_aware,support-final-5d1cc6924d5efee9cbf9f4a0,1,1
Al-V-Zn,10,3,uq_only_support_aware,support-final-5d1cc6924d5efee9cbf9f4a0,2,2
Al-V-Zn,10,3,uq_only_support_aware,support-final-5d1cc6924d5efee9cbf9f4a0,3,2
Al-V-Zn,10,3,uq_only_support_aware,support-final-5d1cc6924d5efee9cbf9f4a0,4,3
Al-V-Zn,10,3,uq_only_support_aware,support-final-5d1cc6924d5efee9cbf9f4a0,5,3
Al-V-Zn,10,3,uq_only_support_aware,support-final-5d1cc6924d5efee9cbf9f4a0,6,4
Al-V-Zn,10,3,uq_only_support_aware,support-final-5d1cc6924d5efee9cbf9f4a0,7,5
Al-V-Zn,10,3,uq_only_support_aware,support-final-5d1cc6924d5efee9cbf9f4a0,8,6
Al-V-Zn,10,3,uq_only_support_aware,support-final-5d1cc6924d5efee9cbf9f4a0,9,7
Al-V-Zn,10,3,uq_only_support_aware,support-final-5d1cc6924d5efee9cbf9f4a0,10,7
Al-V-Zn,10,2,es_only_independent,component-final-b20a8fccedb10da7d5ed97a6,0,0
Al-V-Zn,10,2,es_only_independent,component-final-b20a8fccedb10da7d5ed97a6,1,1
Al-V-Zn,10,2,es_only_independent,component-final-b20a8fccedb10da7d5ed97a6,2,1
Al-V-Zn,10,2,es_only_independent,component-final-b20a8fccedb10da7d5ed97a6,3,2
Al-V-Zn,10,2,es_only_independent,component-final-b20a8fccedb10da7d5ed97a6,4,2
Al-V-Zn,10,2,es_only_independent,component-final-b20a8fccedb10da7d5ed97a6,5,2
Al-V-Zn,10,2,es_only_independent,component-final-b20a8fccedb10da7d5ed97a6,6,2
Al-V-Zn,10,2,es_only_independent,component-final-b20a8fccedb10da7d5ed97a6,7,3
Al-V-Zn,10,2,es_only_independent,component-final-b20a8fccedb10da7d5ed97a6,8,4
Al-V-Zn,10,2,es_only_independent,component-final-b20a8fccedb10da7d5ed97a6,9,4
Al-V-Zn,10,2,es_only_independent,component-final-b20a8fccedb10da7d5ed97a6,10,4
Al-V-Zn,10,3,es_only_independent,component-final-02fb34c6b01aed253ffa4730,0,0
Al-V-Zn,10,3,es_only_independent,component-final-02fb34c6b01aed253ffa4730,1,1
Al-V-Zn,10,3,es_only_independent,component-final-02fb34c6b01aed253ffa4730,2,1
Al-V-Zn,10,3,es_only_independent,component-final-02fb34c6b01aed253ffa4730,3,2
Al-V-Zn,10,3,es_only_independent,component-final-02fb34c6b01aed253ffa4730,4,3
Al-V-Zn,10,3,es_only_independent,component-final-02fb34c6b01aed253ffa4730,5,3
Al-V-Zn,10,3,es_only_independent,component-final-02fb34c6b01aed253ffa4730,6,4
Al-V-Zn,10,3,es_only_independent,component-final-02fb34c6b01aed253ffa4730,7,5
Al-V-Zn,10,3,es_only_independent,component-final-02fb34c6b01aed253ffa4730,8,5
Al-V-Zn,10,3,es_only_independent,component-final-02fb34c6b01aed253ffa4730,9,5
Al-V-Zn,10,3,es_only_independent,component-final-02fb34c6b01aed253ffa4730,10,5
Al-V-Zn,10,4,es_only_independent,component-final-2ba86fe5167c7c377083c728,0,0
Al-V-Zn,10,4,es_only_independent,component-final-2ba86fe5167c7c377083c728,1,1
Al-V-Zn,10,4,es_only_independent,component-final-2ba86fe5167c7c377083c728,2,1
Al-V-Zn,10,4,es_only_independent,component-final-2ba86fe5167c7c377083c728,3,1
Al-V-Zn,10,4,es_only_independent,component-final-2ba86fe5167c7c377083c728,4,1
Al-V-Zn,10,4,es_only_independent,component-final-2ba86fe5167c7c377083c728,5,1
Al-V-Zn,10,4,es_only_independent,component-final-2ba86fe5167c7c377083c728,6,2
Al-V-Zn,10,4,es_only_independent,component-final-2ba86fe5167c7c377083c728,7,3
Al-V-Zn,10,4,es_only_independent,component-final-2ba86fe5167c7c377083c728,8,3
Al-V-Zn,10,4,es_only_independent,component-final-2ba86fe5167c7c377083c728,9,3
Al-V-Zn,10,4,es_only_independent,component-final-2ba86fe5167c7c377083c728,10,3
Al-V-Zn,10,2,full_support_aware,support-final-ca740c106b65301c3c20f121,0,0
Al-V-Zn,10,2,full_support_aware,support-final-ca740c106b65301c3c20f121,1,1
Al-V-Zn,10,2,full_support_aware,support-final-ca740c106b65301c3c20f121,2,1
Al-V-Zn,10,2,full_support_aware,support-final-ca740c106b65301c3c20f121,3,1
Al-V-Zn,10,2,full_support_aware,support-final-ca740c106b65301c3c20f121,4,1
Al-V-Zn,10,2,full_support_aware,support-final-ca740c106b65301c3c20f121,5,2
Al-V-Zn,10,2,full_support_aware,support-final-ca740c106b65301c3c20f121,6,2
Al-V-Zn,10,2,full_support_aware,support-final-ca740c106b65301c3c20f121,7,3
Al-V-Zn,10,2,full_support_aware,support-final-ca740c106b65301c3c20f121,8,4
Al-V-Zn,10,2,full_support_aware,support-final-ca740c106b65301c3c20f121,9,4
Al-V-Zn,10,2,full_support_aware,support-final-ca740c106b65301c3c20f121,10,4
Au-K-Tb,10,2,baseline_reference,component-final-829f81d1c8b6dff9869aa711,0,0
Au-K-Tb,10,2,baseline_reference,component-final-829f81d1c8b6dff9869aa711,1,0
Au-K-Tb,10,2,baseline_reference,component-final-829f81d1c8b6dff9869aa711,2,0
Au-K-Tb,10,2,baseline_reference,component-final-829f81d1c8b6dff9869aa711,3,0
Au-K-Tb,10,2,baseline_reference,component-final-829f81d1c8b6dff9869aa711,4,1
Au-K-Tb,10,2,baseline_reference,component-final-829f81d1c8b6dff9869aa711,5,1
Au-K-Tb,10,2,baseline_reference,component-final-829f81d1c8b6dff9869aa711,6,1
Au-K-Tb,10,2,baseline_reference,component-final-829f81d1c8b6dff9869aa711,7,2
Au-K-Tb,10,2,baseline_reference,component-final-829f81d1c8b6dff9869aa711,8,3
Au-K-Tb,10,2,baseline_reference,component-final-829f81d1c8b6dff9869aa711,9,3
Au-K-Tb,10,2,baseline_reference,component-final-829f81d1c8b6dff9869aa711,10,4
Au-K-Tb,10,3,baseline_reference,component-final-57ec2ac8f1ba4127bcccc073,0,0
Au-K-Tb,10,3,baseline_reference,component-final-57ec2ac8f1ba4127bcccc073,1,0
Au-K-Tb,10,3,baseline_reference,component-final-57ec2ac8f1ba4127bcccc073,2,0
Au-K-Tb,10,3,baseline_reference,component-final-57ec2ac8f1ba4127bcccc073,3,0
Au-K-Tb,10,3,baseline_reference,component-final-57ec2ac8f1ba4127bcccc073,4,0
Au-K-Tb,10,3,baseline_reference,component-final-57ec2ac8f1ba4127bcccc073,5,0
Au-K-Tb,10,3,baseline_reference,component-final-57ec2ac8f1ba4127bcccc073,6,0
Au-K-Tb,10,3,baseline_reference,component-final-57ec2ac8f1ba4127bcccc073,7,0
Au-K-Tb,10,3,baseline_reference,component-final-57ec2ac8f1ba4127bcccc073,8,0
Au-K-Tb,10,3,baseline_reference,component-final-57ec2ac8f1ba4127bcccc073,9,0
Au-K-Tb,10,3,baseline_reference,component-final-57ec2ac8f1ba4127bcccc073,10,0
Au-K-Tb,10,4,baseline_reference,component-final-b1999f2e9c20505d5a373485,0,0
Au-K-Tb,10,4,baseline_reference,component-final-b1999f2e9c20505d5a373485,1,0
Au-K-Tb,10,4,baseline_reference,component-final-b1999f2e9c20505d5a373485,2,0
Au-K-Tb,10,4,baseline_reference,component-final-b1999f2e9c20505d5a373485,3,0
Au-K-Tb,10,4,baseline_reference,component-final-b1999f2e9c20505d5a373485,4,0
Au-K-Tb,10,4,baseline_reference,component-final-b1999f2e9c20505d5a373485,5,0
Au-K-Tb,10,4,baseline_reference,component-final-b1999f2e9c20505d5a373485,6,0
Au-K-Tb,10,4,baseline_reference,component-final-b1999f2e9c20505d5a373485,7,0
Au-K-Tb,10,4,baseline_reference,component-final-b1999f2e9c20505d5a373485,8,0
Au-K-Tb,10,4,baseline_reference,component-final-b1999f2e9c20505d5a373485,9,0
Au-K-Tb,10,4,baseline_reference,component-final-b1999f2e9c20505d5a373485,10,0
Au-K-Tb,10,2,uq_only_support_aware,support-final-38ae55456a55c01858bdaca6,0,0
Au-K-Tb,10,2,uq_only_support_aware,support-final-38ae55456a55c01858bdaca6,1,0
Au-K-Tb,10,2,uq_only_support_aware,support-final-38ae55456a55c01858bdaca6,2,0
Au-K-Tb,10,2,uq_only_support_aware,support-final-38ae55456a55c01858bdaca6,3,0
Au-K-Tb,10,2,uq_only_support_aware,support-final-38ae55456a55c01858bdaca6,4,0
Au-K-Tb,10,2,uq_only_support_aware,support-final-38ae55456a55c01858bdaca6,5,1
Au-K-Tb,10,2,uq_only_support_aware,support-final-38ae55456a55c01858bdaca6,6,2
Au-K-Tb,10,2,uq_only_support_aware,support-final-38ae55456a55c01858bdaca6,7,2
Au-K-Tb,10,2,uq_only_support_aware,support-final-38ae55456a55c01858bdaca6,8,3
Au-K-Tb,10,2,uq_only_support_aware,support-final-38ae55456a55c01858bdaca6,9,3
Au-K-Tb,10,2,uq_only_support_aware,support-final-38ae55456a55c01858bdaca6,10,3
Au-K-Tb,10,3,uq_only_support_aware,support-final-2b6cfd7c97c158c305971c45,0,0
Au-K-Tb,10,3,uq_only_support_aware,support-final-2b6cfd7c97c158c305971c45,1,1
Au-K-Tb,10,3,uq_only_support_aware,support-final-2b6cfd7c97c158c305971c45,2,2
Au-K-Tb,10,3,uq_only_support_aware,support-final-2b6cfd7c97c158c305971c45,3,2
Au-K-Tb,10,3,uq_only_support_aware,support-final-2b6cfd7c97c158c305971c45,4,2
Au-K-Tb,10,3,uq_only_support_aware,support-final-2b6cfd7c97c158c305971c45,5,2
Au-K-Tb,10,3,uq_only_support_aware,support-final-2b6cfd7c97c158c305971c45,6,2
Au-K-Tb,10,3,uq_only_support_aware,support-final-2b6cfd7c97c158c305971c45,7,2
Au-K-Tb,10,3,uq_only_support_aware,support-final-2b6cfd7c97c158c305971c45,8,2
Au-K-Tb,10,3,uq_only_support_aware,support-final-2b6cfd7c97c158c305971c45,9,2
Au-K-Tb,10,3,uq_only_support_aware,support-final-2b6cfd7c97c158c305971c45,10,3
Au-K-Tb,10,2,es_only_independent,component-final-637e688029854bff551ffb68,0,0
Au-K-Tb,10,2,es_only_independent,component-final-637e688029854bff551ffb68,1,1
Au-K-Tb,10,2,es_only_independent,component-final-637e688029854bff551ffb68,2,1
Au-K-Tb,10,2,es_only_independent,component-final-637e688029854bff551ffb68,3,1
Au-K-Tb,10,2,es_only_independent,component-final-637e688029854bff551ffb68,4,1
Au-K-Tb,10,2,es_only_independent,component-final-637e688029854bff551ffb68,5,1
Au-K-Tb,10,2,es_only_independent,component-final-637e688029854bff551ffb68,6,1
Au-K-Tb,10,2,es_only_independent,component-final-637e688029854bff551ffb68,7,1
Au-K-Tb,10,2,es_only_independent,component-final-637e688029854bff551ffb68,8,1
Au-K-Tb,10,2,es_only_independent,component-final-637e688029854bff551ffb68,9,1
Au-K-Tb,10,2,es_only_independent,component-final-637e688029854bff551ffb68,10,1
Au-K-Tb,10,3,es_only_independent,component-final-f01350a0031f3cb06d45632e,0,0
Au-K-Tb,10,3,es_only_independent,component-final-f01350a0031f3cb06d45632e,1,0
Au-K-Tb,10,3,es_only_independent,component-final-f01350a0031f3cb06d45632e,2,1
Au-K-Tb,10,3,es_only_independent,component-final-f01350a0031f3cb06d45632e,3,1
Au-K-Tb,10,3,es_only_independent,component-final-f01350a0031f3cb06d45632e,4,1
Au-K-Tb,10,3,es_only_independent,component-final-f01350a0031f3cb06d45632e,5,1
Au-K-Tb,10,3,es_only_independent,component-final-f01350a0031f3cb06d45632e,6,1
Au-K-Tb,10,3,es_only_independent,component-final-f01350a0031f3cb06d45632e,7,1
Au-K-Tb,10,3,es_only_independent,component-final-f01350a0031f3cb06d45632e,8,1
Au-K-Tb,10,3,es_only_independent,component-final-f01350a0031f3cb06d45632e,9,1
Au-K-Tb,10,3,es_only_independent,component-final-f01350a0031f3cb06d45632e,10,1
Au-K-Tb,10,4,es_only_independent,component-final-fd363bc50f56142b92b62728,0,0
Au-K-Tb,10,4,es_only_independent,component-final-fd363bc50f56142b92b62728,1,0
Au-K-Tb,10,4,es_only_independent,component-final-fd363bc50f56142b92b62728,2,0
Au-K-Tb,10,4,es_only_independent,component-final-fd363bc50f56142b92b62728,3,0
Au-K-Tb,10,4,es_only_independent,component-final-fd363bc50f56142b92b62728,4,0
Au-K-Tb,10,4,es_only_independent,component-final-fd363bc50f56142b92b62728,5,0
Au-K-Tb,10,4,es_only_independent,component-final-fd363bc50f56142b92b62728,6,0
Au-K-Tb,10,4,es_only_independent,component-final-fd363bc50f56142b92b62728,7,0
Au-K-Tb,10,4,es_only_independent,component-final-fd363bc50f56142b92b62728,8,0
Au-K-Tb,10,4,es_only_independent,component-final-fd363bc50f56142b92b62728,9,0
Au-K-Tb,10,4,es_only_independent,component-final-fd363bc50f56142b92b62728,10,1
Au-K-Tb,10,2,full_support_aware,support-final-68807310bf257b755381e67b,0,0
Au-K-Tb,10,2,full_support_aware,support-final-68807310bf257b755381e67b,1,0
Au-K-Tb,10,2,full_support_aware,support-final-68807310bf257b755381e67b,2,0
Au-K-Tb,10,2,full_support_aware,support-final-68807310bf257b755381e67b,3,0
Au-K-Tb,10,2,full_support_aware,support-final-68807310bf257b755381e67b,4,0
Au-K-Tb,10,2,full_support_aware,support-final-68807310bf257b755381e67b,5,0
Au-K-Tb,10,2,full_support_aware,support-final-68807310bf257b755381e67b,6,0
Au-K-Tb,10,2,full_support_aware,support-final-68807310bf257b755381e67b,7,0
Au-K-Tb,10,2,full_support_aware,support-final-68807310bf257b755381e67b,8,0
Au-K-Tb,10,2,full_support_aware,support-final-68807310bf257b755381e67b,9,0
Au-K-Tb,10,2,full_support_aware,support-final-68807310bf257b755381e67b,10,0
Co-Dy-W,10,2,baseline_reference,component-final-2dce2a3709aad3945727809d,0,0
Co-Dy-W,10,2,baseline_reference,component-final-2dce2a3709aad3945727809d,1,0
Co-Dy-W,10,2,baseline_reference,component-final-2dce2a3709aad3945727809d,2,0
Co-Dy-W,10,2,baseline_reference,component-final-2dce2a3709aad3945727809d,3,0
Co-Dy-W,10,2,baseline_reference,component-final-2dce2a3709aad3945727809d,4,0
Co-Dy-W,10,2,baseline_reference,component-final-2dce2a3709aad3945727809d,5,0
Co-Dy-W,10,2,baseline_reference,component-final-2dce2a3709aad3945727809d,6,0
Co-Dy-W,10,2,baseline_reference,component-final-2dce2a3709aad3945727809d,7,0
Co-Dy-W,10,2,baseline_reference,component-final-2dce2a3709aad3945727809d,8,0
Co-Dy-W,10,2,baseline_reference,component-final-2dce2a3709aad3945727809d,9,0
Co-Dy-W,10,2,baseline_reference,component-final-2dce2a3709aad3945727809d,10,0
Co-Dy-W,10,3,baseline_reference,component-final-3a4b0c1cd037fc1028c65eb5,0,0
Co-Dy-W,10,3,baseline_reference,component-final-3a4b0c1cd037fc1028c65eb5,1,0
Co-Dy-W,10,3,baseline_reference,component-final-3a4b0c1cd037fc1028c65eb5,2,0
Co-Dy-W,10,3,baseline_reference,component-final-3a4b0c1cd037fc1028c65eb5,3,0
Co-Dy-W,10,3,baseline_reference,component-final-3a4b0c1cd037fc1028c65eb5,4,0
Co-Dy-W,10,3,baseline_reference,component-final-3a4b0c1cd037fc1028c65eb5,5,0
Co-Dy-W,10,3,baseline_reference,component-final-3a4b0c1cd037fc1028c65eb5,6,0
Co-Dy-W,10,3,baseline_reference,component-final-3a4b0c1cd037fc1028c65eb5,7,0
Co-Dy-W,10,3,baseline_reference,component-final-3a4b0c1cd037fc1028c65eb5,8,0
Co-Dy-W,10,3,baseline_reference,component-final-3a4b0c1cd037fc1028c65eb5,9,0
Co-Dy-W,10,3,baseline_reference,component-final-3a4b0c1cd037fc1028c65eb5,10,0
Co-Dy-W,10,4,baseline_reference,component-final-a526e6a613189f807a458cb1,0,0
Co-Dy-W,10,4,baseline_reference,component-final-a526e6a613189f807a458cb1,1,0
Co-Dy-W,10,4,baseline_reference,component-final-a526e6a613189f807a458cb1,2,0
Co-Dy-W,10,4,baseline_reference,component-final-a526e6a613189f807a458cb1,3,0
Co-Dy-W,10,4,baseline_reference,component-final-a526e6a613189f807a458cb1,4,0
Co-Dy-W,10,4,baseline_reference,component-final-a526e6a613189f807a458cb1,5,0
Co-Dy-W,10,4,baseline_reference,component-final-a526e6a613189f807a458cb1,6,0
Co-Dy-W,10,4,baseline_reference,component-final-a526e6a613189f807a458cb1,7,0
Co-Dy-W,10,4,baseline_reference,component-final-a526e6a613189f807a458cb1,8,0
Co-Dy-W,10,4,baseline_reference,component-final-a526e6a613189f807a458cb1,9,0
Co-Dy-W,10,4,baseline_reference,component-final-a526e6a613189f807a458cb1,10,0
Co-Dy-W,10,2,uq_only_support_aware,support-final-5eccea7f5a24da2f5b31b4ab,0,0
Co-Dy-W,10,2,uq_only_support_aware,support-final-5eccea7f5a24da2f5b31b4ab,1,0
Co-Dy-W,10,2,uq_only_support_aware,support-final-5eccea7f5a24da2f5b31b4ab,2,0
Co-Dy-W,10,2,uq_only_support_aware,support-final-5eccea7f5a24da2f5b31b4ab,3,1
Co-Dy-W,10,2,uq_only_support_aware,support-final-5eccea7f5a24da2f5b31b4ab,4,1
Co-Dy-W,10,2,uq_only_support_aware,support-final-5eccea7f5a24da2f5b31b4ab,5,1
Co-Dy-W,10,2,uq_only_support_aware,support-final-5eccea7f5a24da2f5b31b4ab,6,1
Co-Dy-W,10,2,uq_only_support_aware,support-final-5eccea7f5a24da2f5b31b4ab,7,1
Co-Dy-W,10,2,uq_only_support_aware,support-final-5eccea7f5a24da2f5b31b4ab,8,1
Co-Dy-W,10,2,uq_only_support_aware,support-final-5eccea7f5a24da2f5b31b4ab,9,1
Co-Dy-W,10,2,uq_only_support_aware,support-final-5eccea7f5a24da2f5b31b4ab,10,2
Co-Dy-W,10,3,uq_only_support_aware,support-final-97076161f2eb1dff20b02ffe,0,0
Co-Dy-W,10,3,uq_only_support_aware,support-final-97076161f2eb1dff20b02ffe,1,0
Co-Dy-W,10,3,uq_only_support_aware,support-final-97076161f2eb1dff20b02ffe,2,0
Co-Dy-W,10,3,uq_only_support_aware,support-final-97076161f2eb1dff20b02ffe,3,0
Co-Dy-W,10,3,uq_only_support_aware,support-final-97076161f2eb1dff20b02ffe,4,0
Co-Dy-W,10,3,uq_only_support_aware,support-final-97076161f2eb1dff20b02ffe,5,0
Co-Dy-W,10,3,uq_only_support_aware,support-final-97076161f2eb1dff20b02ffe,6,0
Co-Dy-W,10,3,uq_only_support_aware,support-final-97076161f2eb1dff20b02ffe,7,0
Co-Dy-W,10,3,uq_only_support_aware,support-final-97076161f2eb1dff20b02ffe,8,0
Co-Dy-W,10,3,uq_only_support_aware,support-final-97076161f2eb1dff20b02ffe,9,0
Co-Dy-W,10,3,uq_only_support_aware,support-final-97076161f2eb1dff20b02ffe,10,0
Co-Dy-W,10,2,es_only_independent,component-final-309c3c6fb2c047a93c1f8575,0,0
Co-Dy-W,10,2,es_only_independent,component-final-309c3c6fb2c047a93c1f8575,1,0
Co-Dy-W,10,2,es_only_independent,component-final-309c3c6fb2c047a93c1f8575,2,0
Co-Dy-W,10,2,es_only_independent,component-final-309c3c6fb2c047a93c1f8575,3,0
Co-Dy-W,10,2,es_only_independent,component-final-309c3c6fb2c047a93c1f8575,4,0
Co-Dy-W,10,2,es_only_independent,component-final-309c3c6fb2c047a93c1f8575,5,0
Co-Dy-W,10,2,es_only_independent,component-final-309c3c6fb2c047a93c1f8575,6,0
Co-Dy-W,10,2,es_only_independent,component-final-309c3c6fb2c047a93c1f8575,7,0
Co-Dy-W,10,2,es_only_independent,component-final-309c3c6fb2c047a93c1f8575,8,0
Co-Dy-W,10,2,es_only_independent,component-final-309c3c6fb2c047a93c1f8575,9,0
Co-Dy-W,10,2,es_only_independent,component-final-309c3c6fb2c047a93c1f8575,10,0
Co-Dy-W,10,3,es_only_independent,component-final-ced0af809caafbfd44aa8165,0,0
Co-Dy-W,10,3,es_only_independent,component-final-ced0af809caafbfd44aa8165,1,0
Co-Dy-W,10,3,es_only_independent,component-final-ced0af809caafbfd44aa8165,2,0
Co-Dy-W,10,3,es_only_independent,component-final-ced0af809caafbfd44aa8165,3,0
Co-Dy-W,10,3,es_only_independent,component-final-ced0af809caafbfd44aa8165,4,0
Co-Dy-W,10,3,es_only_independent,component-final-ced0af809caafbfd44aa8165,5,0
Co-Dy-W,10,3,es_only_independent,component-final-ced0af809caafbfd44aa8165,6,0
Co-Dy-W,10,3,es_only_independent,component-final-ced0af809caafbfd44aa8165,7,0
Co-Dy-W,10,3,es_only_independent,component-final-ced0af809caafbfd44aa8165,8,0
Co-Dy-W,10,3,es_only_independent,component-final-ced0af809caafbfd44aa8165,9,0
Co-Dy-W,10,3,es_only_independent,component-final-ced0af809caafbfd44aa8165,10,0
Co-Dy-W,10,4,es_only_independent,component-final-60a0f011651058cfacc89f7b,0,0
Co-Dy-W,10,4,es_only_independent,component-final-60a0f011651058cfacc89f7b,1,0
Co-Dy-W,10,4,es_only_independent,component-final-60a0f011651058cfacc89f7b,2,0
Co-Dy-W,10,4,es_only_independent,component-final-60a0f011651058cfacc89f7b,3,0
Co-Dy-W,10,4,es_only_independent,component-final-60a0f011651058cfacc89f7b,4,0
Co-Dy-W,10,4,es_only_independent,component-final-60a0f011651058cfacc89f7b,5,0
Co-Dy-W,10,4,es_only_independent,component-final-60a0f011651058cfacc89f7b,6,0
Co-Dy-W,10,4,es_only_independent,component-final-60a0f011651058cfacc89f7b,7,0
Co-Dy-W,10,4,es_only_independent,component-final-60a0f011651058cfacc89f7b,8,0
Co-Dy-W,10,4,es_only_independent,component-final-60a0f011651058cfacc89f7b,9,0
Co-Dy-W,10,4,es_only_independent,component-final-60a0f011651058cfacc89f7b,10,0
Co-Dy-W,10,2,full_support_aware,support-final-fdb8c5628b1505159c52f7cc,0,0
Co-Dy-W,10,2,full_support_aware,support-final-fdb8c5628b1505159c52f7cc,1,0
Co-Dy-W,10,2,full_support_aware,support-final-fdb8c5628b1505159c52f7cc,2,0
Co-Dy-W,10,2,full_support_aware,support-final-fdb8c5628b1505159c52f7cc,3,0
Co-Dy-W,10,2,full_support_aware,support-final-fdb8c5628b1505159c52f7cc,4,0
Co-Dy-W,10,2,full_support_aware,support-final-fdb8c5628b1505159c52f7cc,5,0
Co-Dy-W,10,2,full_support_aware,support-final-fdb8c5628b1505159c52f7cc,6,0
Co-Dy-W,10,2,full_support_aware,support-final-fdb8c5628b1505159c52f7cc,7,0
Co-Dy-W,10,2,full_support_aware,support-final-fdb8c5628b1505159c52f7cc,8,0
Co-Dy-W,10,2,full_support_aware,support-final-fdb8c5628b1505159c52f7cc,9,0
Co-Dy-W,10,2,full_support_aware,support-final-fdb8c5628b1505159c52f7cc,10,0
Co-Mg-Na,10,2,baseline_reference,component-final-a8630b6c09e7eed6994a9658,0,0
Co-Mg-Na,10,2,baseline_reference,component-final-a8630b6c09e7eed6994a9658,1,0
Co-Mg-Na,10,2,baseline_reference,component-final-a8630b6c09e7eed6994a9658,2,0
Co-Mg-Na,10,2,baseline_reference,component-final-a8630b6c09e7eed6994a9658,3,0
Co-Mg-Na,10,2,baseline_reference,component-final-a8630b6c09e7eed6994a9658,4,0
Co-Mg-Na,10,2,baseline_reference,component-final-a8630b6c09e7eed6994a9658,5,0
Co-Mg-Na,10,2,baseline_reference,component-final-a8630b6c09e7eed6994a9658,6,0
Co-Mg-Na,10,2,baseline_reference,component-final-a8630b6c09e7eed6994a9658,7,0
Co-Mg-Na,10,2,baseline_reference,component-final-a8630b6c09e7eed6994a9658,8,0
Co-Mg-Na,10,2,baseline_reference,component-final-a8630b6c09e7eed6994a9658,9,0
Co-Mg-Na,10,2,baseline_reference,component-final-a8630b6c09e7eed6994a9658,10,0
Co-Mg-Na,10,3,baseline_reference,component-final-4b3d96d6b87ab535fb130a5e,0,0
Co-Mg-Na,10,3,baseline_reference,component-final-4b3d96d6b87ab535fb130a5e,1,0
Co-Mg-Na,10,3,baseline_reference,component-final-4b3d96d6b87ab535fb130a5e,2,0
Co-Mg-Na,10,3,baseline_reference,component-final-4b3d96d6b87ab535fb130a5e,3,0
Co-Mg-Na,10,3,baseline_reference,component-final-4b3d96d6b87ab535fb130a5e,4,0
Co-Mg-Na,10,3,baseline_reference,component-final-4b3d96d6b87ab535fb130a5e,5,0
Co-Mg-Na,10,3,baseline_reference,component-final-4b3d96d6b87ab535fb130a5e,6,0
Co-Mg-Na,10,3,baseline_reference,component-final-4b3d96d6b87ab535fb130a5e,7,0
Co-Mg-Na,10,3,baseline_reference,component-final-4b3d96d6b87ab535fb130a5e,8,0
Co-Mg-Na,10,3,baseline_reference,component-final-4b3d96d6b87ab535fb130a5e,9,0
Co-Mg-Na,10,3,baseline_reference,component-final-4b3d96d6b87ab535fb130a5e,10,0
Co-Mg-Na,10,4,baseline_reference,component-final-613da1e8bf281966bbdc66db,0,0
Co-Mg-Na,10,4,baseline_reference,component-final-613da1e8bf281966bbdc66db,1,0
Co-Mg-Na,10,4,baseline_reference,component-final-613da1e8bf281966bbdc66db,2,0
Co-Mg-Na,10,4,baseline_reference,component-final-613da1e8bf281966bbdc66db,3,0
Co-Mg-Na,10,4,baseline_reference,component-final-613da1e8bf281966bbdc66db,4,0
Co-Mg-Na,10,4,baseline_reference,component-final-613da1e8bf281966bbdc66db,5,0
Co-Mg-Na,10,4,baseline_reference,component-final-613da1e8bf281966bbdc66db,6,0
Co-Mg-Na,10,4,baseline_reference,component-final-613da1e8bf281966bbdc66db,7,0
Co-Mg-Na,10,4,baseline_reference,component-final-613da1e8bf281966bbdc66db,8,0
Co-Mg-Na,10,4,baseline_reference,component-final-613da1e8bf281966bbdc66db,9,0
Co-Mg-Na,10,4,baseline_reference,component-final-613da1e8bf281966bbdc66db,10,0
Co-Mg-Na,10,2,uq_only_support_aware,support-final-fbf58f289d7058d1b56ff33f,0,0
Co-Mg-Na,10,2,uq_only_support_aware,support-final-fbf58f289d7058d1b56ff33f,1,0
Co-Mg-Na,10,2,uq_only_support_aware,support-final-fbf58f289d7058d1b56ff33f,2,0
Co-Mg-Na,10,2,uq_only_support_aware,support-final-fbf58f289d7058d1b56ff33f,3,0
Co-Mg-Na,10,2,uq_only_support_aware,support-final-fbf58f289d7058d1b56ff33f,4,0
Co-Mg-Na,10,2,uq_only_support_aware,support-final-fbf58f289d7058d1b56ff33f,5,0
Co-Mg-Na,10,2,uq_only_support_aware,support-final-fbf58f289d7058d1b56ff33f,6,0
Co-Mg-Na,10,2,uq_only_support_aware,support-final-fbf58f289d7058d1b56ff33f,7,0
Co-Mg-Na,10,2,uq_only_support_aware,support-final-fbf58f289d7058d1b56ff33f,8,0
Co-Mg-Na,10,2,uq_only_support_aware,support-final-fbf58f289d7058d1b56ff33f,9,0
Co-Mg-Na,10,2,uq_only_support_aware,support-final-fbf58f289d7058d1b56ff33f,10,0
Co-Mg-Na,10,3,uq_only_support_aware,support-final-8f46b298f45606301f129592,0,0
Co-Mg-Na,10,3,uq_only_support_aware,support-final-8f46b298f45606301f129592,1,0
Co-Mg-Na,10,3,uq_only_support_aware,support-final-8f46b298f45606301f129592,2,0
Co-Mg-Na,10,3,uq_only_support_aware,support-final-8f46b298f45606301f129592,3,0
Co-Mg-Na,10,3,uq_only_support_aware,support-final-8f46b298f45606301f129592,4,0
Co-Mg-Na,10,3,uq_only_support_aware,support-final-8f46b298f45606301f129592,5,0
Co-Mg-Na,10,3,uq_only_support_aware,support-final-8f46b298f45606301f129592,6,0
Co-Mg-Na,10,3,uq_only_support_aware,support-final-8f46b298f45606301f129592,7,0
Co-Mg-Na,10,3,uq_only_support_aware,support-final-8f46b298f45606301f129592,8,0
Co-Mg-Na,10,3,uq_only_support_aware,support-final-8f46b298f45606301f129592,9,0
Co-Mg-Na,10,3,uq_only_support_aware,support-final-8f46b298f45606301f129592,10,0
Co-Mg-Na,10,2,es_only_independent,component-final-7cc2c2335ff1e079999ecabb,0,0
Co-Mg-Na,10,2,es_only_independent,component-final-7cc2c2335ff1e079999ecabb,1,0
Co-Mg-Na,10,2,es_only_independent,component-final-7cc2c2335ff1e079999ecabb,2,0
Co-Mg-Na,10,2,es_only_independent,component-final-7cc2c2335ff1e079999ecabb,3,0
Co-Mg-Na,10,2,es_only_independent,component-final-7cc2c2335ff1e079999ecabb,4,0
Co-Mg-Na,10,2,es_only_independent,component-final-7cc2c2335ff1e079999ecabb,5,0
Co-Mg-Na,10,2,es_only_independent,component-final-7cc2c2335ff1e079999ecabb,6,0
Co-Mg-Na,10,2,es_only_independent,component-final-7cc2c2335ff1e079999ecabb,7,0
Co-Mg-Na,10,2,es_only_independent,component-final-7cc2c2335ff1e079999ecabb,8,0
Co-Mg-Na,10,2,es_only_independent,component-final-7cc2c2335ff1e079999ecabb,9,0
Co-Mg-Na,10,2,es_only_independent,component-final-7cc2c2335ff1e079999ecabb,10,0
Co-Mg-Na,10,3,es_only_independent,component-final-827fb29e7d467a5c1448a2d5,0,0
Co-Mg-Na,10,3,es_only_independent,component-final-827fb29e7d467a5c1448a2d5,1,0
Co-Mg-Na,10,3,es_only_independent,component-final-827fb29e7d467a5c1448a2d5,2,0
Co-Mg-Na,10,3,es_only_independent,component-final-827fb29e7d467a5c1448a2d5,3,0
Co-Mg-Na,10,3,es_only_independent,component-final-827fb29e7d467a5c1448a2d5,4,0
Co-Mg-Na,10,3,es_only_independent,component-final-827fb29e7d467a5c1448a2d5,5,0
Co-Mg-Na,10,3,es_only_independent,component-final-827fb29e7d467a5c1448a2d5,6,0
Co-Mg-Na,10,3,es_only_independent,component-final-827fb29e7d467a5c1448a2d5,7,0
Co-Mg-Na,10,3,es_only_independent,component-final-827fb29e7d467a5c1448a2d5,8,0
Co-Mg-Na,10,3,es_only_independent,component-final-827fb29e7d467a5c1448a2d5,9,0
Co-Mg-Na,10,3,es_only_independent,component-final-827fb29e7d467a5c1448a2d5,10,0
Co-Mg-Na,10,4,es_only_independent,component-final-209f38eb700cca3d60e9efa7,0,0
Co-Mg-Na,10,4,es_only_independent,component-final-209f38eb700cca3d60e9efa7,1,0
Co-Mg-Na,10,4,es_only_independent,component-final-209f38eb700cca3d60e9efa7,2,0
Co-Mg-Na,10,4,es_only_independent,component-final-209f38eb700cca3d60e9efa7,3,0
Co-Mg-Na,10,4,es_only_independent,component-final-209f38eb700cca3d60e9efa7,4,0
Co-Mg-Na,10,4,es_only_independent,component-final-209f38eb700cca3d60e9efa7,5,0
Co-Mg-Na,10,4,es_only_independent,component-final-209f38eb700cca3d60e9efa7,6,0
Co-Mg-Na,10,4,es_only_independent,component-final-209f38eb700cca3d60e9efa7,7,0
Co-Mg-Na,10,4,es_only_independent,component-final-209f38eb700cca3d60e9efa7,8,0
Co-Mg-Na,10,4,es_only_independent,component-final-209f38eb700cca3d60e9efa7,9,0
Co-Mg-Na,10,4,es_only_independent,component-final-209f38eb700cca3d60e9efa7,10,1
Co-Mg-Na,10,2,full_support_aware,support-final-03a88c2191e750bc3ef7d49f,0,0
Co-Mg-Na,10,2,full_support_aware,support-final-03a88c2191e750bc3ef7d49f,1,0
Co-Mg-Na,10,2,full_support_aware,support-final-03a88c2191e750bc3ef7d49f,2,0
Co-Mg-Na,10,2,full_support_aware,support-final-03a88c2191e750bc3ef7d49f,3,0
Co-Mg-Na,10,2,full_support_aware,support-final-03a88c2191e750bc3ef7d49f,4,0
Co-Mg-Na,10,2,full_support_aware,support-final-03a88c2191e750bc3ef7d49f,5,0
Co-Mg-Na,10,2,full_support_aware,support-final-03a88c2191e750bc3ef7d49f,6,0
Co-Mg-Na,10,2,full_support_aware,support-final-03a88c2191e750bc3ef7d49f,7,1
Co-Mg-Na,10,2,full_support_aware,support-final-03a88c2191e750bc3ef7d49f,8,1
Co-Mg-Na,10,2,full_support_aware,support-final-03a88c2191e750bc3ef7d49f,9,1
Co-Mg-Na,10,2,full_support_aware,support-final-03a88c2191e750bc3ef7d49f,10,2
Co-Pd-Tl,10,2,baseline_reference,component-final-768072dbaebb53494719e468,0,0
Co-Pd-Tl,10,2,baseline_reference,component-final-768072dbaebb53494719e468,1,0
Co-Pd-Tl,10,2,baseline_reference,component-final-768072dbaebb53494719e468,2,0
Co-Pd-Tl,10,2,baseline_reference,component-final-768072dbaebb53494719e468,3,0
Co-Pd-Tl,10,2,baseline_reference,component-final-768072dbaebb53494719e468,4,0
Co-Pd-Tl,10,2,baseline_reference,component-final-768072dbaebb53494719e468,5,0
Co-Pd-Tl,10,2,baseline_reference,component-final-768072dbaebb53494719e468,6,0
Co-Pd-Tl,10,2,baseline_reference,component-final-768072dbaebb53494719e468,7,0
Co-Pd-Tl,10,2,baseline_reference,component-final-768072dbaebb53494719e468,8,0
Co-Pd-Tl,10,2,baseline_reference,component-final-768072dbaebb53494719e468,9,0
Co-Pd-Tl,10,2,baseline_reference,component-final-768072dbaebb53494719e468,10,0
Co-Pd-Tl,10,3,baseline_reference,component-final-89976b0b86ed30f4138895ae,0,0
Co-Pd-Tl,10,3,baseline_reference,component-final-89976b0b86ed30f4138895ae,1,0
Co-Pd-Tl,10,3,baseline_reference,component-final-89976b0b86ed30f4138895ae,2,0
Co-Pd-Tl,10,3,baseline_reference,component-final-89976b0b86ed30f4138895ae,3,0
Co-Pd-Tl,10,3,baseline_reference,component-final-89976b0b86ed30f4138895ae,4,0
Co-Pd-Tl,10,3,baseline_reference,component-final-89976b0b86ed30f4138895ae,5,0
Co-Pd-Tl,10,3,baseline_reference,component-final-89976b0b86ed30f4138895ae,6,0
Co-Pd-Tl,10,3,baseline_reference,component-final-89976b0b86ed30f4138895ae,7,0
Co-Pd-Tl,10,3,baseline_reference,component-final-89976b0b86ed30f4138895ae,8,0
Co-Pd-Tl,10,3,baseline_reference,component-final-89976b0b86ed30f4138895ae,9,0
Co-Pd-Tl,10,3,baseline_reference,component-final-89976b0b86ed30f4138895ae,10,0
Co-Pd-Tl,10,4,baseline_reference,component-final-1620ce45018562d221e4194e,0,0
Co-Pd-Tl,10,4,baseline_reference,component-final-1620ce45018562d221e4194e,1,0
Co-Pd-Tl,10,4,baseline_reference,component-final-1620ce45018562d221e4194e,2,0
Co-Pd-Tl,10,4,baseline_reference,component-final-1620ce45018562d221e4194e,3,0
Co-Pd-Tl,10,4,baseline_reference,component-final-1620ce45018562d221e4194e,4,0
Co-Pd-Tl,10,4,baseline_reference,component-final-1620ce45018562d221e4194e,5,0
Co-Pd-Tl,10,4,baseline_reference,component-final-1620ce45018562d221e4194e,6,0
Co-Pd-Tl,10,4,baseline_reference,component-final-1620ce45018562d221e4194e,7,0
Co-Pd-Tl,10,4,baseline_reference,component-final-1620ce45018562d221e4194e,8,0
Co-Pd-Tl,10,4,baseline_reference,component-final-1620ce45018562d221e4194e,9,0
Co-Pd-Tl,10,4,baseline_reference,component-final-1620ce45018562d221e4194e,10,0
Co-Pd-Tl,10,2,uq_only_support_aware,support-final-5afa3ed6bdf12d1fd1bdd1d2,0,0
Co-Pd-Tl,10,2,uq_only_support_aware,support-final-5afa3ed6bdf12d1fd1bdd1d2,1,0
Co-Pd-Tl,10,2,uq_only_support_aware,support-final-5afa3ed6bdf12d1fd1bdd1d2,2,0
Co-Pd-Tl,10,2,uq_only_support_aware,support-final-5afa3ed6bdf12d1fd1bdd1d2,3,0
Co-Pd-Tl,10,2,uq_only_support_aware,support-final-5afa3ed6bdf12d1fd1bdd1d2,4,0
Co-Pd-Tl,10,2,uq_only_support_aware,support-final-5afa3ed6bdf12d1fd1bdd1d2,5,0
Co-Pd-Tl,10,2,uq_only_support_aware,support-final-5afa3ed6bdf12d1fd1bdd1d2,6,0
Co-Pd-Tl,10,2,uq_only_support_aware,support-final-5afa3ed6bdf12d1fd1bdd1d2,7,0
Co-Pd-Tl,10,2,uq_only_support_aware,support-final-5afa3ed6bdf12d1fd1bdd1d2,8,0
Co-Pd-Tl,10,2,uq_only_support_aware,support-final-5afa3ed6bdf12d1fd1bdd1d2,9,0
Co-Pd-Tl,10,2,uq_only_support_aware,support-final-5afa3ed6bdf12d1fd1bdd1d2,10,0
Co-Pd-Tl,10,3,uq_only_support_aware,support-final-05feaed2ad61a92cb190b3e5,0,0
Co-Pd-Tl,10,3,uq_only_support_aware,support-final-05feaed2ad61a92cb190b3e5,1,0
Co-Pd-Tl,10,3,uq_only_support_aware,support-final-05feaed2ad61a92cb190b3e5,2,0
Co-Pd-Tl,10,3,uq_only_support_aware,support-final-05feaed2ad61a92cb190b3e5,3,0
Co-Pd-Tl,10,3,uq_only_support_aware,support-final-05feaed2ad61a92cb190b3e5,4,0
Co-Pd-Tl,10,3,uq_only_support_aware,support-final-05feaed2ad61a92cb190b3e5,5,0
Co-Pd-Tl,10,3,uq_only_support_aware,support-final-05feaed2ad61a92cb190b3e5,6,0
Co-Pd-Tl,10,3,uq_only_support_aware,support-final-05feaed2ad61a92cb190b3e5,7,0
Co-Pd-Tl,10,3,uq_only_support_aware,support-final-05feaed2ad61a92cb190b3e5,8,0
Co-Pd-Tl,10,3,uq_only_support_aware,support-final-05feaed2ad61a92cb190b3e5,9,0
Co-Pd-Tl,10,3,uq_only_support_aware,support-final-05feaed2ad61a92cb190b3e5,10,0
Co-Pd-Tl,10,2,es_only_independent,component-final-e4bf3b453ceb5bc2b6058668,0,0
Co-Pd-Tl,10,2,es_only_independent,component-final-e4bf3b453ceb5bc2b6058668,1,0
Co-Pd-Tl,10,2,es_only_independent,component-final-e4bf3b453ceb5bc2b6058668,2,0
Co-Pd-Tl,10,2,es_only_independent,component-final-e4bf3b453ceb5bc2b6058668,3,0
Co-Pd-Tl,10,2,es_only_independent,component-final-e4bf3b453ceb5bc2b6058668,4,0
Co-Pd-Tl,10,2,es_only_independent,component-final-e4bf3b453ceb5bc2b6058668,5,0
Co-Pd-Tl,10,2,es_only_independent,component-final-e4bf3b453ceb5bc2b6058668,6,0
Co-Pd-Tl,10,2,es_only_independent,component-final-e4bf3b453ceb5bc2b6058668,7,0
Co-Pd-Tl,10,2,es_only_independent,component-final-e4bf3b453ceb5bc2b6058668,8,0
Co-Pd-Tl,10,2,es_only_independent,component-final-e4bf3b453ceb5bc2b6058668,9,0
Co-Pd-Tl,10,2,es_only_independent,component-final-e4bf3b453ceb5bc2b6058668,10,0
Co-Pd-Tl,10,3,es_only_independent,component-final-438db475a0bdb477ce8df268,0,0
Co-Pd-Tl,10,3,es_only_independent,component-final-438db475a0bdb477ce8df268,1,0
Co-Pd-Tl,10,3,es_only_independent,component-final-438db475a0bdb477ce8df268,2,0
Co-Pd-Tl,10,3,es_only_independent,component-final-438db475a0bdb477ce8df268,3,0
Co-Pd-Tl,10,3,es_only_independent,component-final-438db475a0bdb477ce8df268,4,0
Co-Pd-Tl,10,3,es_only_independent,component-final-438db475a0bdb477ce8df268,5,0
Co-Pd-Tl,10,3,es_only_independent,component-final-438db475a0bdb477ce8df268,6,0
Co-Pd-Tl,10,3,es_only_independent,component-final-438db475a0bdb477ce8df268,7,0
Co-Pd-Tl,10,3,es_only_independent,component-final-438db475a0bdb477ce8df268,8,0
Co-Pd-Tl,10,3,es_only_independent,component-final-438db475a0bdb477ce8df268,9,0
Co-Pd-Tl,10,3,es_only_independent,component-final-438db475a0bdb477ce8df268,10,0
Co-Pd-Tl,10,4,es_only_independent,component-final-4196966d5c53dfe11bcc143c,0,0
Co-Pd-Tl,10,4,es_only_independent,component-final-4196966d5c53dfe11bcc143c,1,0
Co-Pd-Tl,10,4,es_only_independent,component-final-4196966d5c53dfe11bcc143c,2,0
Co-Pd-Tl,10,4,es_only_independent,component-final-4196966d5c53dfe11bcc143c,3,0
Co-Pd-Tl,10,4,es_only_independent,component-final-4196966d5c53dfe11bcc143c,4,0
Co-Pd-Tl,10,4,es_only_independent,component-final-4196966d5c53dfe11bcc143c,5,0
Co-Pd-Tl,10,4,es_only_independent,component-final-4196966d5c53dfe11bcc143c,6,0
Co-Pd-Tl,10,4,es_only_independent,component-final-4196966d5c53dfe11bcc143c,7,0
Co-Pd-Tl,10,4,es_only_independent,component-final-4196966d5c53dfe11bcc143c,8,0
Co-Pd-Tl,10,4,es_only_independent,component-final-4196966d5c53dfe11bcc143c,9,0
Co-Pd-Tl,10,4,es_only_independent,component-final-4196966d5c53dfe11bcc143c,10,0
Co-Pd-Tl,10,2,full_support_aware,support-final-3c7a01fbc23fb606dce7a9d6,0,0
Co-Pd-Tl,10,2,full_support_aware,support-final-3c7a01fbc23fb606dce7a9d6,1,0
Co-Pd-Tl,10,2,full_support_aware,support-final-3c7a01fbc23fb606dce7a9d6,2,0
Co-Pd-Tl,10,2,full_support_aware,support-final-3c7a01fbc23fb606dce7a9d6,3,0
Co-Pd-Tl,10,2,full_support_aware,support-final-3c7a01fbc23fb606dce7a9d6,4,0
Co-Pd-Tl,10,2,full_support_aware,support-final-3c7a01fbc23fb606dce7a9d6,5,0
Co-Pd-Tl,10,2,full_support_aware,support-final-3c7a01fbc23fb606dce7a9d6,6,0
Co-Pd-Tl,10,2,full_support_aware,support-final-3c7a01fbc23fb606dce7a9d6,7,0
Co-Pd-Tl,10,2,full_support_aware,support-final-3c7a01fbc23fb606dce7a9d6,8,0
Co-Pd-Tl,10,2,full_support_aware,support-final-3c7a01fbc23fb606dce7a9d6,9,0
Co-Pd-Tl,10,2,full_support_aware,support-final-3c7a01fbc23fb606dce7a9d6,10,0
Ga-Ho-Lu,10,2,baseline_reference,component-final-43aa37d047cc1f695b405364,0,0
Ga-Ho-Lu,10,2,baseline_reference,component-final-43aa37d047cc1f695b405364,1,0
Ga-Ho-Lu,10,2,baseline_reference,component-final-43aa37d047cc1f695b405364,2,1
Ga-Ho-Lu,10,2,baseline_reference,component-final-43aa37d047cc1f695b405364,3,1
Ga-Ho-Lu,10,2,baseline_reference,component-final-43aa37d047cc1f695b405364,4,1
Ga-Ho-Lu,10,2,baseline_reference,component-final-43aa37d047cc1f695b405364,5,1
Ga-Ho-Lu,10,2,baseline_reference,component-final-43aa37d047cc1f695b405364,6,2
Ga-Ho-Lu,10,2,baseline_reference,component-final-43aa37d047cc1f695b405364,7,2
Ga-Ho-Lu,10,2,baseline_reference,component-final-43aa37d047cc1f695b405364,8,3
Ga-Ho-Lu,10,2,baseline_reference,component-final-43aa37d047cc1f695b405364,9,3
Ga-Ho-Lu,10,2,baseline_reference,component-final-43aa37d047cc1f695b405364,10,4
Ga-Ho-Lu,10,3,baseline_reference,component-final-0b794010d9d728a44ef9b580,0,0
Ga-Ho-Lu,10,3,baseline_reference,component-final-0b794010d9d728a44ef9b580,1,0
Ga-Ho-Lu,10,3,baseline_reference,component-final-0b794010d9d728a44ef9b580,2,0
Ga-Ho-Lu,10,3,baseline_reference,component-final-0b794010d9d728a44ef9b580,3,1
Ga-Ho-Lu,10,3,baseline_reference,component-final-0b794010d9d728a44ef9b580,4,1
Ga-Ho-Lu,10,3,baseline_reference,component-final-0b794010d9d728a44ef9b580,5,1
Ga-Ho-Lu,10,3,baseline_reference,component-final-0b794010d9d728a44ef9b580,6,2
Ga-Ho-Lu,10,3,baseline_reference,component-final-0b794010d9d728a44ef9b580,7,2
Ga-Ho-Lu,10,3,baseline_reference,component-final-0b794010d9d728a44ef9b580,8,3
Ga-Ho-Lu,10,3,baseline_reference,component-final-0b794010d9d728a44ef9b580,9,4
Ga-Ho-Lu,10,3,baseline_reference,component-final-0b794010d9d728a44ef9b580,10,5
Ga-Ho-Lu,10,4,baseline_reference,component-final-9c6d0e95f17bee2c910f2581,0,0
Ga-Ho-Lu,10,4,baseline_reference,component-final-9c6d0e95f17bee2c910f2581,1,1
Ga-Ho-Lu,10,4,baseline_reference,component-final-9c6d0e95f17bee2c910f2581,2,2
Ga-Ho-Lu,10,4,baseline_reference,component-final-9c6d0e95f17bee2c910f2581,3,2
Ga-Ho-Lu,10,4,baseline_reference,component-final-9c6d0e95f17bee2c910f2581,4,3
Ga-Ho-Lu,10,4,baseline_reference,component-final-9c6d0e95f17bee2c910f2581,5,4
Ga-Ho-Lu,10,4,baseline_reference,component-final-9c6d0e95f17bee2c910f2581,6,4
Ga-Ho-Lu,10,4,baseline_reference,component-final-9c6d0e95f17bee2c910f2581,7,4
Ga-Ho-Lu,10,4,baseline_reference,component-final-9c6d0e95f17bee2c910f2581,8,5
Ga-Ho-Lu,10,4,baseline_reference,component-final-9c6d0e95f17bee2c910f2581,9,5
Ga-Ho-Lu,10,4,baseline_reference,component-final-9c6d0e95f17bee2c910f2581,10,5
Ga-Ho-Lu,10,2,uq_only_support_aware,support-final-734638a13232cf33fc56501c,0,0
Ga-Ho-Lu,10,2,uq_only_support_aware,support-final-734638a13232cf33fc56501c,1,1
Ga-Ho-Lu,10,2,uq_only_support_aware,support-final-734638a13232cf33fc56501c,2,2
Ga-Ho-Lu,10,2,uq_only_support_aware,support-final-734638a13232cf33fc56501c,3,3
Ga-Ho-Lu,10,2,uq_only_support_aware,support-final-734638a13232cf33fc56501c,4,3
Ga-Ho-Lu,10,2,uq_only_support_aware,support-final-734638a13232cf33fc56501c,5,3
Ga-Ho-Lu,10,2,uq_only_support_aware,support-final-734638a13232cf33fc56501c,6,4
Ga-Ho-Lu,10,2,uq_only_support_aware,support-final-734638a13232cf33fc56501c,7,5
Ga-Ho-Lu,10,2,uq_only_support_aware,support-final-734638a13232cf33fc56501c,8,6
Ga-Ho-Lu,10,2,uq_only_support_aware,support-final-734638a13232cf33fc56501c,9,6
Ga-Ho-Lu,10,2,uq_only_support_aware,support-final-734638a13232cf33fc56501c,10,6
Ga-Ho-Lu,10,3,uq_only_support_aware,support-final-457a10ecbf532b6fd06f39e4,0,0
Ga-Ho-Lu,10,3,uq_only_support_aware,support-final-457a10ecbf532b6fd06f39e4,1,1
Ga-Ho-Lu,10,3,uq_only_support_aware,support-final-457a10ecbf532b6fd06f39e4,2,1
Ga-Ho-Lu,10,3,uq_only_support_aware,support-final-457a10ecbf532b6fd06f39e4,3,1
Ga-Ho-Lu,10,3,uq_only_support_aware,support-final-457a10ecbf532b6fd06f39e4,4,1
Ga-Ho-Lu,10,3,uq_only_support_aware,support-final-457a10ecbf532b6fd06f39e4,5,2
Ga-Ho-Lu,10,3,uq_only_support_aware,support-final-457a10ecbf532b6fd06f39e4,6,2
Ga-Ho-Lu,10,3,uq_only_support_aware,support-final-457a10ecbf532b6fd06f39e4,7,2
Ga-Ho-Lu,10,3,uq_only_support_aware,support-final-457a10ecbf532b6fd06f39e4,8,3
Ga-Ho-Lu,10,3,uq_only_support_aware,support-final-457a10ecbf532b6fd06f39e4,9,3
Ga-Ho-Lu,10,3,uq_only_support_aware,support-final-457a10ecbf532b6fd06f39e4,10,3
Ga-Ho-Lu,10,2,es_only_independent,component-final-db8afb47c42b962ce65c01b6,0,0
Ga-Ho-Lu,10,2,es_only_independent,component-final-db8afb47c42b962ce65c01b6,1,1
Ga-Ho-Lu,10,2,es_only_independent,component-final-db8afb47c42b962ce65c01b6,2,2
Ga-Ho-Lu,10,2,es_only_independent,component-final-db8afb47c42b962ce65c01b6,3,3
Ga-Ho-Lu,10,2,es_only_independent,component-final-db8afb47c42b962ce65c01b6,4,3
Ga-Ho-Lu,10,2,es_only_independent,component-final-db8afb47c42b962ce65c01b6,5,3
Ga-Ho-Lu,10,2,es_only_independent,component-final-db8afb47c42b962ce65c01b6,6,3
Ga-Ho-Lu,10,2,es_only_independent,component-final-db8afb47c42b962ce65c01b6,7,3
Ga-Ho-Lu,10,2,es_only_independent,component-final-db8afb47c42b962ce65c01b6,8,3
Ga-Ho-Lu,10,2,es_only_independent,component-final-db8afb47c42b962ce65c01b6,9,3
Ga-Ho-Lu,10,2,es_only_independent,component-final-db8afb47c42b962ce65c01b6,10,3
Ga-Ho-Lu,10,3,es_only_independent,component-final-d8e2ace6c4e96aab950ba769,0,0
Ga-Ho-Lu,10,3,es_only_independent,component-final-d8e2ace6c4e96aab950ba769,1,1
Ga-Ho-Lu,10,3,es_only_independent,component-final-d8e2ace6c4e96aab950ba769,2,2
Ga-Ho-Lu,10,3,es_only_independent,component-final-d8e2ace6c4e96aab950ba769,3,2
Ga-Ho-Lu,10,3,es_only_independent,component-final-d8e2ace6c4e96aab950ba769,4,2
Ga-Ho-Lu,10,3,es_only_independent,component-final-d8e2ace6c4e96aab950ba769,5,2
Ga-Ho-Lu,10,3,es_only_independent,component-final-d8e2ace6c4e96aab950ba769,6,2
Ga-Ho-Lu,10,3,es_only_independent,component-final-d8e2ace6c4e96aab950ba769,7,2
Ga-Ho-Lu,10,3,es_only_independent,component-final-d8e2ace6c4e96aab950ba769,8,2
Ga-Ho-Lu,10,3,es_only_independent,component-final-d8e2ace6c4e96aab950ba769,9,2
Ga-Ho-Lu,10,3,es_only_independent,component-final-d8e2ace6c4e96aab950ba769,10,2
Ga-Ho-Lu,10,4,es_only_independent,component-final-c45c02cfcfba22369cf3d67e,0,0
Ga-Ho-Lu,10,4,es_only_independent,component-final-c45c02cfcfba22369cf3d67e,1,1
Ga-Ho-Lu,10,4,es_only_independent,component-final-c45c02cfcfba22369cf3d67e,2,2
Ga-Ho-Lu,10,4,es_only_independent,component-final-c45c02cfcfba22369cf3d67e,3,3
Ga-Ho-Lu,10,4,es_only_independent,component-final-c45c02cfcfba22369cf3d67e,4,3
Ga-Ho-Lu,10,4,es_only_independent,component-final-c45c02cfcfba22369cf3d67e,5,3
Ga-Ho-Lu,10,4,es_only_independent,component-final-c45c02cfcfba22369cf3d67e,6,3
Ga-Ho-Lu,10,4,es_only_independent,component-final-c45c02cfcfba22369cf3d67e,7,3
Ga-Ho-Lu,10,4,es_only_independent,component-final-c45c02cfcfba22369cf3d67e,8,3
Ga-Ho-Lu,10,4,es_only_independent,component-final-c45c02cfcfba22369cf3d67e,9,3
Ga-Ho-Lu,10,4,es_only_independent,component-final-c45c02cfcfba22369cf3d67e,10,4
Ga-Ho-Lu,10,2,full_support_aware,support-final-fc0043a22db53c8ad31ef9fd,0,0
Ga-Ho-Lu,10,2,full_support_aware,support-final-fc0043a22db53c8ad31ef9fd,1,1
Ga-Ho-Lu,10,2,full_support_aware,support-final-fc0043a22db53c8ad31ef9fd,2,1
Ga-Ho-Lu,10,2,full_support_aware,support-final-fc0043a22db53c8ad31ef9fd,3,2
Ga-Ho-Lu,10,2,full_support_aware,support-final-fc0043a22db53c8ad31ef9fd,4,2
Ga-Ho-Lu,10,2,full_support_aware,support-final-fc0043a22db53c8ad31ef9fd,5,3
Ga-Ho-Lu,10,2,full_support_aware,support-final-fc0043a22db53c8ad31ef9fd,6,3
Ga-Ho-Lu,10,2,full_support_aware,support-final-fc0043a22db53c8ad31ef9fd,7,3
Ga-Ho-Lu,10,2,full_support_aware,support-final-fc0043a22db53c8ad31ef9fd,8,3
Ga-Ho-Lu,10,2,full_support_aware,support-final-fc0043a22db53c8ad31ef9fd,9,3
Ga-Ho-Lu,10,2,full_support_aware,support-final-fc0043a22db53c8ad31ef9fd,10,3
Ga-Pt-Tm,10,2,baseline_reference,component-final-ad88bcc33aed1830b5c23909,0,0
Ga-Pt-Tm,10,2,baseline_reference,component-final-ad88bcc33aed1830b5c23909,1,1
Ga-Pt-Tm,10,2,baseline_reference,component-final-ad88bcc33aed1830b5c23909,2,2
Ga-Pt-Tm,10,2,baseline_reference,component-final-ad88bcc33aed1830b5c23909,3,3
Ga-Pt-Tm,10,2,baseline_reference,component-final-ad88bcc33aed1830b5c23909,4,3
Ga-Pt-Tm,10,2,baseline_reference,component-final-ad88bcc33aed1830b5c23909,5,3
Ga-Pt-Tm,10,2,baseline_reference,component-final-ad88bcc33aed1830b5c23909,6,3
Ga-Pt-Tm,10,2,baseline_reference,component-final-ad88bcc33aed1830b5c23909,7,3
Ga-Pt-Tm,10,2,baseline_reference,component-final-ad88bcc33aed1830b5c23909,8,4
Ga-Pt-Tm,10,2,baseline_reference,component-final-ad88bcc33aed1830b5c23909,9,4
Ga-Pt-Tm,10,2,baseline_reference,component-final-ad88bcc33aed1830b5c23909,10,5
Ga-Pt-Tm,10,3,baseline_reference,component-final-73db923e88523fa0fa68dae5,0,0
Ga-Pt-Tm,10,3,baseline_reference,component-final-73db923e88523fa0fa68dae5,1,1
Ga-Pt-Tm,10,3,baseline_reference,component-final-73db923e88523fa0fa68dae5,2,2
Ga-Pt-Tm,10,3,baseline_reference,component-final-73db923e88523fa0fa68dae5,3,2
Ga-Pt-Tm,10,3,baseline_reference,component-final-73db923e88523fa0fa68dae5,4,2
Ga-Pt-Tm,10,3,baseline_reference,component-final-73db923e88523fa0fa68dae5,5,2
Ga-Pt-Tm,10,3,baseline_reference,component-final-73db923e88523fa0fa68dae5,6,2
Ga-Pt-Tm,10,3,baseline_reference,component-final-73db923e88523fa0fa68dae5,7,2
Ga-Pt-Tm,10,3,baseline_reference,component-final-73db923e88523fa0fa68dae5,8,2
Ga-Pt-Tm,10,3,baseline_reference,component-final-73db923e88523fa0fa68dae5,9,2
Ga-Pt-Tm,10,3,baseline_reference,component-final-73db923e88523fa0fa68dae5,10,2
Ga-Pt-Tm,10,4,baseline_reference,component-final-fc418323f51d699f8e0035cc,0,0
Ga-Pt-Tm,10,4,baseline_reference,component-final-fc418323f51d699f8e0035cc,1,1
Ga-Pt-Tm,10,4,baseline_reference,component-final-fc418323f51d699f8e0035cc,2,1
Ga-Pt-Tm,10,4,baseline_reference,component-final-fc418323f51d699f8e0035cc,3,2
Ga-Pt-Tm,10,4,baseline_reference,component-final-fc418323f51d699f8e0035cc,4,2
Ga-Pt-Tm,10,4,baseline_reference,component-final-fc418323f51d699f8e0035cc,5,2
Ga-Pt-Tm,10,4,baseline_reference,component-final-fc418323f51d699f8e0035cc,6,3
Ga-Pt-Tm,10,4,baseline_reference,component-final-fc418323f51d699f8e0035cc,7,4
Ga-Pt-Tm,10,4,baseline_reference,component-final-fc418323f51d699f8e0035cc,8,4
Ga-Pt-Tm,10,4,baseline_reference,component-final-fc418323f51d699f8e0035cc,9,5
Ga-Pt-Tm,10,4,baseline_reference,component-final-fc418323f51d699f8e0035cc,10,5
Ga-Pt-Tm,10,2,uq_only_support_aware,support-final-65994611b3b615e30901469d,0,0
Ga-Pt-Tm,10,2,uq_only_support_aware,support-final-65994611b3b615e30901469d,1,1
Ga-Pt-Tm,10,2,uq_only_support_aware,support-final-65994611b3b615e30901469d,2,1
Ga-Pt-Tm,10,2,uq_only_support_aware,support-final-65994611b3b615e30901469d,3,1
Ga-Pt-Tm,10,2,uq_only_support_aware,support-final-65994611b3b615e30901469d,4,2
Ga-Pt-Tm,10,2,uq_only_support_aware,support-final-65994611b3b615e30901469d,5,3
Ga-Pt-Tm,10,2,uq_only_support_aware,support-final-65994611b3b615e30901469d,6,3
Ga-Pt-Tm,10,2,uq_only_support_aware,support-final-65994611b3b615e30901469d,7,3
Ga-Pt-Tm,10,2,uq_only_support_aware,support-final-65994611b3b615e30901469d,8,3
Ga-Pt-Tm,10,2,uq_only_support_aware,support-final-65994611b3b615e30901469d,9,3
Ga-Pt-Tm,10,2,uq_only_support_aware,support-final-65994611b3b615e30901469d,10,3
Ga-Pt-Tm,10,3,uq_only_support_aware,support-final-72aa86a5713ed896e3b40dbb,0,0
Ga-Pt-Tm,10,3,uq_only_support_aware,support-final-72aa86a5713ed896e3b40dbb,1,1
Ga-Pt-Tm,10,3,uq_only_support_aware,support-final-72aa86a5713ed896e3b40dbb,2,1
Ga-Pt-Tm,10,3,uq_only_support_aware,support-final-72aa86a5713ed896e3b40dbb,3,1
Ga-Pt-Tm,10,3,uq_only_support_aware,support-final-72aa86a5713ed896e3b40dbb,4,2
Ga-Pt-Tm,10,3,uq_only_support_aware,support-final-72aa86a5713ed896e3b40dbb,5,2
Ga-Pt-Tm,10,3,uq_only_support_aware,support-final-72aa86a5713ed896e3b40dbb,6,2
Ga-Pt-Tm,10,3,uq_only_support_aware,support-final-72aa86a5713ed896e3b40dbb,7,2
Ga-Pt-Tm,10,3,uq_only_support_aware,support-final-72aa86a5713ed896e3b40dbb,8,2
Ga-Pt-Tm,10,3,uq_only_support_aware,support-final-72aa86a5713ed896e3b40dbb,9,3
Ga-Pt-Tm,10,3,uq_only_support_aware,support-final-72aa86a5713ed896e3b40dbb,10,3
Ga-Pt-Tm,10,2,es_only_independent,component-final-ed99d1ea49499e63db797f3a,0,0
Ga-Pt-Tm,10,2,es_only_independent,component-final-ed99d1ea49499e63db797f3a,1,0
Ga-Pt-Tm,10,2,es_only_independent,component-final-ed99d1ea49499e63db797f3a,2,1
Ga-Pt-Tm,10,2,es_only_independent,component-final-ed99d1ea49499e63db797f3a,3,2
Ga-Pt-Tm,10,2,es_only_independent,component-final-ed99d1ea49499e63db797f3a,4,2
Ga-Pt-Tm,10,2,es_only_independent,component-final-ed99d1ea49499e63db797f3a,5,2
Ga-Pt-Tm,10,2,es_only_independent,component-final-ed99d1ea49499e63db797f3a,6,2
Ga-Pt-Tm,10,2,es_only_independent,component-final-ed99d1ea49499e63db797f3a,7,2
Ga-Pt-Tm,10,2,es_only_independent,component-final-ed99d1ea49499e63db797f3a,8,2
Ga-Pt-Tm,10,2,es_only_independent,component-final-ed99d1ea49499e63db797f3a,9,2
Ga-Pt-Tm,10,2,es_only_independent,component-final-ed99d1ea49499e63db797f3a,10,2
Ga-Pt-Tm,10,3,es_only_independent,component-final-6cb50401ed7ce82b3f74f4ba,0,0
Ga-Pt-Tm,10,3,es_only_independent,component-final-6cb50401ed7ce82b3f74f4ba,1,1
Ga-Pt-Tm,10,3,es_only_independent,component-final-6cb50401ed7ce82b3f74f4ba,2,1
Ga-Pt-Tm,10,3,es_only_independent,component-final-6cb50401ed7ce82b3f74f4ba,3,1
Ga-Pt-Tm,10,3,es_only_independent,component-final-6cb50401ed7ce82b3f74f4ba,4,2
Ga-Pt-Tm,10,3,es_only_independent,component-final-6cb50401ed7ce82b3f74f4ba,5,2
Ga-Pt-Tm,10,3,es_only_independent,component-final-6cb50401ed7ce82b3f74f4ba,6,2
Ga-Pt-Tm,10,3,es_only_independent,component-final-6cb50401ed7ce82b3f74f4ba,7,3
Ga-Pt-Tm,10,3,es_only_independent,component-final-6cb50401ed7ce82b3f74f4ba,8,3
Ga-Pt-Tm,10,3,es_only_independent,component-final-6cb50401ed7ce82b3f74f4ba,9,3
Ga-Pt-Tm,10,3,es_only_independent,component-final-6cb50401ed7ce82b3f74f4ba,10,3
Ga-Pt-Tm,10,4,es_only_independent,component-final-ed296383b5dd723eb7f3f420,0,0
Ga-Pt-Tm,10,4,es_only_independent,component-final-ed296383b5dd723eb7f3f420,1,1
Ga-Pt-Tm,10,4,es_only_independent,component-final-ed296383b5dd723eb7f3f420,2,1
Ga-Pt-Tm,10,4,es_only_independent,component-final-ed296383b5dd723eb7f3f420,3,1
Ga-Pt-Tm,10,4,es_only_independent,component-final-ed296383b5dd723eb7f3f420,4,2
Ga-Pt-Tm,10,4,es_only_independent,component-final-ed296383b5dd723eb7f3f420,5,3
Ga-Pt-Tm,10,4,es_only_independent,component-final-ed296383b5dd723eb7f3f420,6,4
Ga-Pt-Tm,10,4,es_only_independent,component-final-ed296383b5dd723eb7f3f420,7,5
Ga-Pt-Tm,10,4,es_only_independent,component-final-ed296383b5dd723eb7f3f420,8,6
Ga-Pt-Tm,10,4,es_only_independent,component-final-ed296383b5dd723eb7f3f420,9,7
Ga-Pt-Tm,10,4,es_only_independent,component-final-ed296383b5dd723eb7f3f420,10,7
Ga-Pt-Tm,10,2,full_support_aware,support-final-b97c118de29096b29157a22f,0,0
Ga-Pt-Tm,10,2,full_support_aware,support-final-b97c118de29096b29157a22f,1,1
Ga-Pt-Tm,10,2,full_support_aware,support-final-b97c118de29096b29157a22f,2,1
Ga-Pt-Tm,10,2,full_support_aware,support-final-b97c118de29096b29157a22f,3,2
Ga-Pt-Tm,10,2,full_support_aware,support-final-b97c118de29096b29157a22f,4,2
Ga-Pt-Tm,10,2,full_support_aware,support-final-b97c118de29096b29157a22f,5,2
Ga-Pt-Tm,10,2,full_support_aware,support-final-b97c118de29096b29157a22f,6,3
Ga-Pt-Tm,10,2,full_support_aware,support-final-b97c118de29096b29157a22f,7,3
Ga-Pt-Tm,10,2,full_support_aware,support-final-b97c118de29096b29157a22f,8,4
Ga-Pt-Tm,10,2,full_support_aware,support-final-b97c118de29096b29157a22f,9,5
Ga-Pt-Tm,10,2,full_support_aware,support-final-b97c118de29096b29157a22f,10,5
Hf-Ni-Zr,10,2,baseline_reference,component-final-3d03035528cf4d1c96e2f688,0,0
Hf-Ni-Zr,10,2,baseline_reference,component-final-3d03035528cf4d1c96e2f688,1,1
Hf-Ni-Zr,10,2,baseline_reference,component-final-3d03035528cf4d1c96e2f688,2,2
Hf-Ni-Zr,10,2,baseline_reference,component-final-3d03035528cf4d1c96e2f688,3,3
Hf-Ni-Zr,10,2,baseline_reference,component-final-3d03035528cf4d1c96e2f688,4,3
Hf-Ni-Zr,10,2,baseline_reference,component-final-3d03035528cf4d1c96e2f688,5,4
Hf-Ni-Zr,10,2,baseline_reference,component-final-3d03035528cf4d1c96e2f688,6,5
Hf-Ni-Zr,10,2,baseline_reference,component-final-3d03035528cf4d1c96e2f688,7,6
Hf-Ni-Zr,10,2,baseline_reference,component-final-3d03035528cf4d1c96e2f688,8,6
Hf-Ni-Zr,10,2,baseline_reference,component-final-3d03035528cf4d1c96e2f688,9,6
Hf-Ni-Zr,10,2,baseline_reference,component-final-3d03035528cf4d1c96e2f688,10,6
Hf-Ni-Zr,10,3,baseline_reference,component-final-3507a0495ad91ac725a68882,0,0
Hf-Ni-Zr,10,3,baseline_reference,component-final-3507a0495ad91ac725a68882,1,1
Hf-Ni-Zr,10,3,baseline_reference,component-final-3507a0495ad91ac725a68882,2,2
Hf-Ni-Zr,10,3,baseline_reference,component-final-3507a0495ad91ac725a68882,3,3
Hf-Ni-Zr,10,3,baseline_reference,component-final-3507a0495ad91ac725a68882,4,3
Hf-Ni-Zr,10,3,baseline_reference,component-final-3507a0495ad91ac725a68882,5,4
Hf-Ni-Zr,10,3,baseline_reference,component-final-3507a0495ad91ac725a68882,6,5
Hf-Ni-Zr,10,3,baseline_reference,component-final-3507a0495ad91ac725a68882,7,6
Hf-Ni-Zr,10,3,baseline_reference,component-final-3507a0495ad91ac725a68882,8,6
Hf-Ni-Zr,10,3,baseline_reference,component-final-3507a0495ad91ac725a68882,9,7
Hf-Ni-Zr,10,3,baseline_reference,component-final-3507a0495ad91ac725a68882,10,8
Hf-Ni-Zr,10,2,uq_only_support_aware,support-final-8f64ca7a761847f2f585eaf7,0,0
Hf-Ni-Zr,10,2,uq_only_support_aware,support-final-8f64ca7a761847f2f585eaf7,1,1
Hf-Ni-Zr,10,2,uq_only_support_aware,support-final-8f64ca7a761847f2f585eaf7,2,1
Hf-Ni-Zr,10,2,uq_only_support_aware,support-final-8f64ca7a761847f2f585eaf7,3,2
Hf-Ni-Zr,10,2,uq_only_support_aware,support-final-8f64ca7a761847f2f585eaf7,4,3
Hf-Ni-Zr,10,2,uq_only_support_aware,support-final-8f64ca7a761847f2f585eaf7,5,3
Hf-Ni-Zr,10,2,uq_only_support_aware,support-final-8f64ca7a761847f2f585eaf7,6,3
Hf-Ni-Zr,10,2,uq_only_support_aware,support-final-8f64ca7a761847f2f585eaf7,7,4
Hf-Ni-Zr,10,2,uq_only_support_aware,support-final-8f64ca7a761847f2f585eaf7,8,4
Hf-Ni-Zr,10,2,uq_only_support_aware,support-final-8f64ca7a761847f2f585eaf7,9,5
Hf-Ni-Zr,10,2,uq_only_support_aware,support-final-8f64ca7a761847f2f585eaf7,10,5
Hf-Ni-Zr,10,3,uq_only_support_aware,support-final-08b058c2dd9afd5e0f0a30e3,0,0
Hf-Ni-Zr,10,3,uq_only_support_aware,support-final-08b058c2dd9afd5e0f0a30e3,1,1
Hf-Ni-Zr,10,3,uq_only_support_aware,support-final-08b058c2dd9afd5e0f0a30e3,2,2
Hf-Ni-Zr,10,3,uq_only_support_aware,support-final-08b058c2dd9afd5e0f0a30e3,3,2
Hf-Ni-Zr,10,3,uq_only_support_aware,support-final-08b058c2dd9afd5e0f0a30e3,4,3
Hf-Ni-Zr,10,3,uq_only_support_aware,support-final-08b058c2dd9afd5e0f0a30e3,5,4
Hf-Ni-Zr,10,3,uq_only_support_aware,support-final-08b058c2dd9afd5e0f0a30e3,6,4
Hf-Ni-Zr,10,3,uq_only_support_aware,support-final-08b058c2dd9afd5e0f0a30e3,7,4
Hf-Ni-Zr,10,3,uq_only_support_aware,support-final-08b058c2dd9afd5e0f0a30e3,8,4
Hf-Ni-Zr,10,3,uq_only_support_aware,support-final-08b058c2dd9afd5e0f0a30e3,9,4
Hf-Ni-Zr,10,3,uq_only_support_aware,support-final-08b058c2dd9afd5e0f0a30e3,10,4
Hf-Ni-Zr,10,2,es_only_independent,component-final-de5a461c2d13160643320341,0,0
Hf-Ni-Zr,10,2,es_only_independent,component-final-de5a461c2d13160643320341,1,0
Hf-Ni-Zr,10,2,es_only_independent,component-final-de5a461c2d13160643320341,2,0
Hf-Ni-Zr,10,2,es_only_independent,component-final-de5a461c2d13160643320341,3,1
Hf-Ni-Zr,10,2,es_only_independent,component-final-de5a461c2d13160643320341,4,2
Hf-Ni-Zr,10,2,es_only_independent,component-final-de5a461c2d13160643320341,5,2
Hf-Ni-Zr,10,2,es_only_independent,component-final-de5a461c2d13160643320341,6,3
Hf-Ni-Zr,10,2,es_only_independent,component-final-de5a461c2d13160643320341,7,3
Hf-Ni-Zr,10,2,es_only_independent,component-final-de5a461c2d13160643320341,8,3
Hf-Ni-Zr,10,2,es_only_independent,component-final-de5a461c2d13160643320341,9,3
Hf-Ni-Zr,10,2,es_only_independent,component-final-de5a461c2d13160643320341,10,3
Hf-Ni-Zr,10,3,es_only_independent,component-final-893d72f6fe312d708488048a,0,0
Hf-Ni-Zr,10,3,es_only_independent,component-final-893d72f6fe312d708488048a,1,1
Hf-Ni-Zr,10,3,es_only_independent,component-final-893d72f6fe312d708488048a,2,1
Hf-Ni-Zr,10,3,es_only_independent,component-final-893d72f6fe312d708488048a,3,1
Hf-Ni-Zr,10,3,es_only_independent,component-final-893d72f6fe312d708488048a,4,1
Hf-Ni-Zr,10,3,es_only_independent,component-final-893d72f6fe312d708488048a,5,2
Hf-Ni-Zr,10,3,es_only_independent,component-final-893d72f6fe312d708488048a,6,3
Hf-Ni-Zr,10,3,es_only_independent,component-final-893d72f6fe312d708488048a,7,3
Hf-Ni-Zr,10,3,es_only_independent,component-final-893d72f6fe312d708488048a,8,3
Hf-Ni-Zr,10,3,es_only_independent,component-final-893d72f6fe312d708488048a,9,3
Hf-Ni-Zr,10,3,es_only_independent,component-final-893d72f6fe312d708488048a,10,3
Hf-Ni-Zr,10,4,es_only_independent,component-final-07cc974a8eb647f7ef56f64b,0,0
Hf-Ni-Zr,10,4,es_only_independent,component-final-07cc974a8eb647f7ef56f64b,1,1
Hf-Ni-Zr,10,4,es_only_independent,component-final-07cc974a8eb647f7ef56f64b,2,2
Hf-Ni-Zr,10,4,es_only_independent,component-final-07cc974a8eb647f7ef56f64b,3,2
Hf-Ni-Zr,10,4,es_only_independent,component-final-07cc974a8eb647f7ef56f64b,4,3
Hf-Ni-Zr,10,4,es_only_independent,component-final-07cc974a8eb647f7ef56f64b,5,3
Hf-Ni-Zr,10,4,es_only_independent,component-final-07cc974a8eb647f7ef56f64b,6,3
Hf-Ni-Zr,10,4,es_only_independent,component-final-07cc974a8eb647f7ef56f64b,7,3
Hf-Ni-Zr,10,4,es_only_independent,component-final-07cc974a8eb647f7ef56f64b,8,3
Hf-Ni-Zr,10,4,es_only_independent,component-final-07cc974a8eb647f7ef56f64b,9,4
Hf-Ni-Zr,10,4,es_only_independent,component-final-07cc974a8eb647f7ef56f64b,10,4
Hf-Ni-Zr,10,2,full_support_aware,support-final-02f2c471bf623c421c1d4e0e,0,0
Hf-Ni-Zr,10,2,full_support_aware,support-final-02f2c471bf623c421c1d4e0e,1,0
Hf-Ni-Zr,10,2,full_support_aware,support-final-02f2c471bf623c421c1d4e0e,2,1
Hf-Ni-Zr,10,2,full_support_aware,support-final-02f2c471bf623c421c1d4e0e,3,2
Hf-Ni-Zr,10,2,full_support_aware,support-final-02f2c471bf623c421c1d4e0e,4,3
Hf-Ni-Zr,10,2,full_support_aware,support-final-02f2c471bf623c421c1d4e0e,5,4
Hf-Ni-Zr,10,2,full_support_aware,support-final-02f2c471bf623c421c1d4e0e,6,5
Hf-Ni-Zr,10,2,full_support_aware,support-final-02f2c471bf623c421c1d4e0e,7,5
Hf-Ni-Zr,10,2,full_support_aware,support-final-02f2c471bf623c421c1d4e0e,8,5
Hf-Ni-Zr,10,2,full_support_aware,support-final-02f2c471bf623c421c1d4e0e,9,5
Hf-Ni-Zr,10,2,full_support_aware,support-final-02f2c471bf623c421c1d4e0e,10,6
Mg-Sn-Sr,10,2,baseline_reference,component-final-f5130b9d1e96a3a3e587815c,0,0
Mg-Sn-Sr,10,2,baseline_reference,component-final-f5130b9d1e96a3a3e587815c,1,1
Mg-Sn-Sr,10,2,baseline_reference,component-final-f5130b9d1e96a3a3e587815c,2,1
Mg-Sn-Sr,10,2,baseline_reference,component-final-f5130b9d1e96a3a3e587815c,3,2
Mg-Sn-Sr,10,2,baseline_reference,component-final-f5130b9d1e96a3a3e587815c,4,2
Mg-Sn-Sr,10,2,baseline_reference,component-final-f5130b9d1e96a3a3e587815c,5,2
Mg-Sn-Sr,10,2,baseline_reference,component-final-f5130b9d1e96a3a3e587815c,6,3
Mg-Sn-Sr,10,2,baseline_reference,component-final-f5130b9d1e96a3a3e587815c,7,4
Mg-Sn-Sr,10,2,baseline_reference,component-final-f5130b9d1e96a3a3e587815c,8,4
Mg-Sn-Sr,10,2,baseline_reference,component-final-f5130b9d1e96a3a3e587815c,9,5
Mg-Sn-Sr,10,2,baseline_reference,component-final-f5130b9d1e96a3a3e587815c,10,6
Mg-Sn-Sr,10,3,baseline_reference,component-final-78d5574754ccf75b717ae914,0,0
Mg-Sn-Sr,10,3,baseline_reference,component-final-78d5574754ccf75b717ae914,1,1
Mg-Sn-Sr,10,3,baseline_reference,component-final-78d5574754ccf75b717ae914,2,2
Mg-Sn-Sr,10,3,baseline_reference,component-final-78d5574754ccf75b717ae914,3,2
Mg-Sn-Sr,10,3,baseline_reference,component-final-78d5574754ccf75b717ae914,4,3
Mg-Sn-Sr,10,3,baseline_reference,component-final-78d5574754ccf75b717ae914,5,3
Mg-Sn-Sr,10,3,baseline_reference,component-final-78d5574754ccf75b717ae914,6,4
Mg-Sn-Sr,10,3,baseline_reference,component-final-78d5574754ccf75b717ae914,7,4
Mg-Sn-Sr,10,3,baseline_reference,component-final-78d5574754ccf75b717ae914,8,4
Mg-Sn-Sr,10,3,baseline_reference,component-final-78d5574754ccf75b717ae914,9,5
Mg-Sn-Sr,10,3,baseline_reference,component-final-78d5574754ccf75b717ae914,10,6
Mg-Sn-Sr,10,2,uq_only_support_aware,support-final-690f157b17e644365b568a77,0,0
Mg-Sn-Sr,10,2,uq_only_support_aware,support-final-690f157b17e644365b568a77,1,1
Mg-Sn-Sr,10,2,uq_only_support_aware,support-final-690f157b17e644365b568a77,2,2
Mg-Sn-Sr,10,2,uq_only_support_aware,support-final-690f157b17e644365b568a77,3,3
Mg-Sn-Sr,10,2,uq_only_support_aware,support-final-690f157b17e644365b568a77,4,4
Mg-Sn-Sr,10,2,uq_only_support_aware,support-final-690f157b17e644365b568a77,5,5
Mg-Sn-Sr,10,2,uq_only_support_aware,support-final-690f157b17e644365b568a77,6,6
Mg-Sn-Sr,10,2,uq_only_support_aware,support-final-690f157b17e644365b568a77,7,7
Mg-Sn-Sr,10,2,uq_only_support_aware,support-final-690f157b17e644365b568a77,8,8
Mg-Sn-Sr,10,2,uq_only_support_aware,support-final-690f157b17e644365b568a77,9,9
Mg-Sn-Sr,10,2,uq_only_support_aware,support-final-690f157b17e644365b568a77,10,10
Mg-Sn-Sr,10,3,uq_only_support_aware,support-final-ea39d560b53398573d647942,0,0
Mg-Sn-Sr,10,3,uq_only_support_aware,support-final-ea39d560b53398573d647942,1,1
Mg-Sn-Sr,10,3,uq_only_support_aware,support-final-ea39d560b53398573d647942,2,2
Mg-Sn-Sr,10,3,uq_only_support_aware,support-final-ea39d560b53398573d647942,3,3
Mg-Sn-Sr,10,3,uq_only_support_aware,support-final-ea39d560b53398573d647942,4,3
Mg-Sn-Sr,10,3,uq_only_support_aware,support-final-ea39d560b53398573d647942,5,4
Mg-Sn-Sr,10,3,uq_only_support_aware,support-final-ea39d560b53398573d647942,6,5
Mg-Sn-Sr,10,3,uq_only_support_aware,support-final-ea39d560b53398573d647942,7,6
Mg-Sn-Sr,10,3,uq_only_support_aware,support-final-ea39d560b53398573d647942,8,7
Mg-Sn-Sr,10,3,uq_only_support_aware,support-final-ea39d560b53398573d647942,9,8
Mg-Sn-Sr,10,3,uq_only_support_aware,support-final-ea39d560b53398573d647942,10,9
Mg-Sn-Sr,10,2,es_only_independent,component-final-b725b79eb1ed64155844d819,0,0
Mg-Sn-Sr,10,2,es_only_independent,component-final-b725b79eb1ed64155844d819,1,1
Mg-Sn-Sr,10,2,es_only_independent,component-final-b725b79eb1ed64155844d819,2,2
Mg-Sn-Sr,10,2,es_only_independent,component-final-b725b79eb1ed64155844d819,3,3
Mg-Sn-Sr,10,2,es_only_independent,component-final-b725b79eb1ed64155844d819,4,4
Mg-Sn-Sr,10,2,es_only_independent,component-final-b725b79eb1ed64155844d819,5,4
Mg-Sn-Sr,10,2,es_only_independent,component-final-b725b79eb1ed64155844d819,6,4
Mg-Sn-Sr,10,2,es_only_independent,component-final-b725b79eb1ed64155844d819,7,4
Mg-Sn-Sr,10,2,es_only_independent,component-final-b725b79eb1ed64155844d819,8,4
Mg-Sn-Sr,10,2,es_only_independent,component-final-b725b79eb1ed64155844d819,9,4
Mg-Sn-Sr,10,2,es_only_independent,component-final-b725b79eb1ed64155844d819,10,4
Mg-Sn-Sr,10,3,es_only_independent,component-final-61030d73d1ecfa5e3c4198b2,0,0
Mg-Sn-Sr,10,3,es_only_independent,component-final-61030d73d1ecfa5e3c4198b2,1,1
Mg-Sn-Sr,10,3,es_only_independent,component-final-61030d73d1ecfa5e3c4198b2,2,2
Mg-Sn-Sr,10,3,es_only_independent,component-final-61030d73d1ecfa5e3c4198b2,3,2
Mg-Sn-Sr,10,3,es_only_independent,component-final-61030d73d1ecfa5e3c4198b2,4,2
Mg-Sn-Sr,10,3,es_only_independent,component-final-61030d73d1ecfa5e3c4198b2,5,3
Mg-Sn-Sr,10,3,es_only_independent,component-final-61030d73d1ecfa5e3c4198b2,6,4
Mg-Sn-Sr,10,3,es_only_independent,component-final-61030d73d1ecfa5e3c4198b2,7,4
Mg-Sn-Sr,10,3,es_only_independent,component-final-61030d73d1ecfa5e3c4198b2,8,5
Mg-Sn-Sr,10,3,es_only_independent,component-final-61030d73d1ecfa5e3c4198b2,9,6
Mg-Sn-Sr,10,3,es_only_independent,component-final-61030d73d1ecfa5e3c4198b2,10,7
Mg-Sn-Sr,10,4,es_only_independent,component-final-2abb7ae3833df1de1f7bb48d,0,0
Mg-Sn-Sr,10,4,es_only_independent,component-final-2abb7ae3833df1de1f7bb48d,1,1
Mg-Sn-Sr,10,4,es_only_independent,component-final-2abb7ae3833df1de1f7bb48d,2,2
Mg-Sn-Sr,10,4,es_only_independent,component-final-2abb7ae3833df1de1f7bb48d,3,3
Mg-Sn-Sr,10,4,es_only_independent,component-final-2abb7ae3833df1de1f7bb48d,4,3
Mg-Sn-Sr,10,4,es_only_independent,component-final-2abb7ae3833df1de1f7bb48d,5,4
Mg-Sn-Sr,10,4,es_only_independent,component-final-2abb7ae3833df1de1f7bb48d,6,4
Mg-Sn-Sr,10,4,es_only_independent,component-final-2abb7ae3833df1de1f7bb48d,7,5
Mg-Sn-Sr,10,4,es_only_independent,component-final-2abb7ae3833df1de1f7bb48d,8,5
Mg-Sn-Sr,10,4,es_only_independent,component-final-2abb7ae3833df1de1f7bb48d,9,6
Mg-Sn-Sr,10,4,es_only_independent,component-final-2abb7ae3833df1de1f7bb48d,10,7
Mg-Sn-Sr,10,2,full_support_aware,support-final-908dd599770160e96ff4569c,0,0
Mg-Sn-Sr,10,2,full_support_aware,support-final-908dd599770160e96ff4569c,1,1
Mg-Sn-Sr,10,2,full_support_aware,support-final-908dd599770160e96ff4569c,2,2
Mg-Sn-Sr,10,2,full_support_aware,support-final-908dd599770160e96ff4569c,3,3
Mg-Sn-Sr,10,2,full_support_aware,support-final-908dd599770160e96ff4569c,4,4
Mg-Sn-Sr,10,2,full_support_aware,support-final-908dd599770160e96ff4569c,5,4
Mg-Sn-Sr,10,2,full_support_aware,support-final-908dd599770160e96ff4569c,6,4
Mg-Sn-Sr,10,2,full_support_aware,support-final-908dd599770160e96ff4569c,7,4
Mg-Sn-Sr,10,2,full_support_aware,support-final-908dd599770160e96ff4569c,8,4
Mg-Sn-Sr,10,2,full_support_aware,support-final-908dd599770160e96ff4569c,9,4
Mg-Sn-Sr,10,2,full_support_aware,support-final-908dd599770160e96ff4569c,10,4
Au-Cr-Cs-Dy,10,2,baseline_reference,component-final-6c30e36bb5b40e6b0e509b55,0,0
Au-Cr-Cs-Dy,10,2,baseline_reference,component-final-6c30e36bb5b40e6b0e509b55,1,0
Au-Cr-Cs-Dy,10,2,baseline_reference,component-final-6c30e36bb5b40e6b0e509b55,2,0
Au-Cr-Cs-Dy,10,2,baseline_reference,component-final-6c30e36bb5b40e6b0e509b55,3,0
Au-Cr-Cs-Dy,10,2,baseline_reference,component-final-6c30e36bb5b40e6b0e509b55,4,0
Au-Cr-Cs-Dy,10,2,baseline_reference,component-final-6c30e36bb5b40e6b0e509b55,5,0
Au-Cr-Cs-Dy,10,2,baseline_reference,component-final-6c30e36bb5b40e6b0e509b55,6,0
Au-Cr-Cs-Dy,10,2,baseline_reference,component-final-6c30e36bb5b40e6b0e509b55,7,0
Au-Cr-Cs-Dy,10,2,baseline_reference,component-final-6c30e36bb5b40e6b0e509b55,8,0
Au-Cr-Cs-Dy,10,2,baseline_reference,component-final-6c30e36bb5b40e6b0e509b55,9,0
Au-Cr-Cs-Dy,10,2,baseline_reference,component-final-6c30e36bb5b40e6b0e509b55,10,0
Au-Cr-Cs-Dy,10,3,baseline_reference,component-final-bca488e9ac3e6e006d8af5e7,0,0
Au-Cr-Cs-Dy,10,3,baseline_reference,component-final-bca488e9ac3e6e006d8af5e7,1,0
Au-Cr-Cs-Dy,10,3,baseline_reference,component-final-bca488e9ac3e6e006d8af5e7,2,0
Au-Cr-Cs-Dy,10,3,baseline_reference,component-final-bca488e9ac3e6e006d8af5e7,3,0
Au-Cr-Cs-Dy,10,3,baseline_reference,component-final-bca488e9ac3e6e006d8af5e7,4,0
Au-Cr-Cs-Dy,10,3,baseline_reference,component-final-bca488e9ac3e6e006d8af5e7,5,0
Au-Cr-Cs-Dy,10,3,baseline_reference,component-final-bca488e9ac3e6e006d8af5e7,6,0
Au-Cr-Cs-Dy,10,3,baseline_reference,component-final-bca488e9ac3e6e006d8af5e7,7,0
Au-Cr-Cs-Dy,10,3,baseline_reference,component-final-bca488e9ac3e6e006d8af5e7,8,0
Au-Cr-Cs-Dy,10,3,baseline_reference,component-final-bca488e9ac3e6e006d8af5e7,9,0
Au-Cr-Cs-Dy,10,3,baseline_reference,component-final-bca488e9ac3e6e006d8af5e7,10,0
Au-Cr-Cs-Dy,10,2,uq_only_support_aware,support-final-c421d416e4380380b8401e1a,0,0
Au-Cr-Cs-Dy,10,2,uq_only_support_aware,support-final-c421d416e4380380b8401e1a,1,0
Au-Cr-Cs-Dy,10,2,uq_only_support_aware,support-final-c421d416e4380380b8401e1a,2,0
Au-Cr-Cs-Dy,10,2,uq_only_support_aware,support-final-c421d416e4380380b8401e1a,3,0
Au-Cr-Cs-Dy,10,2,uq_only_support_aware,support-final-c421d416e4380380b8401e1a,4,0
Au-Cr-Cs-Dy,10,2,uq_only_support_aware,support-final-c421d416e4380380b8401e1a,5,0
Au-Cr-Cs-Dy,10,2,uq_only_support_aware,support-final-c421d416e4380380b8401e1a,6,0
Au-Cr-Cs-Dy,10,2,uq_only_support_aware,support-final-c421d416e4380380b8401e1a,7,0
Au-Cr-Cs-Dy,10,2,uq_only_support_aware,support-final-c421d416e4380380b8401e1a,8,0
Au-Cr-Cs-Dy,10,2,uq_only_support_aware,support-final-c421d416e4380380b8401e1a,9,0
Au-Cr-Cs-Dy,10,2,uq_only_support_aware,support-final-c421d416e4380380b8401e1a,10,0
Au-Cr-Cs-Dy,10,3,uq_only_support_aware,support-final-59e54738f552a29a0365ee6c,0,0
Au-Cr-Cs-Dy,10,3,uq_only_support_aware,support-final-59e54738f552a29a0365ee6c,1,0
Au-Cr-Cs-Dy,10,3,uq_only_support_aware,support-final-59e54738f552a29a0365ee6c,2,0
Au-Cr-Cs-Dy,10,3,uq_only_support_aware,support-final-59e54738f552a29a0365ee6c,3,0
Au-Cr-Cs-Dy,10,3,uq_only_support_aware,support-final-59e54738f552a29a0365ee6c,4,0
Au-Cr-Cs-Dy,10,3,uq_only_support_aware,support-final-59e54738f552a29a0365ee6c,5,0
Au-Cr-Cs-Dy,10,3,uq_only_support_aware,support-final-59e54738f552a29a0365ee6c,6,0
Au-Cr-Cs-Dy,10,3,uq_only_support_aware,support-final-59e54738f552a29a0365ee6c,7,0
Au-Cr-Cs-Dy,10,3,uq_only_support_aware,support-final-59e54738f552a29a0365ee6c,8,0
Au-Cr-Cs-Dy,10,3,uq_only_support_aware,support-final-59e54738f552a29a0365ee6c,9,0
Au-Cr-Cs-Dy,10,3,uq_only_support_aware,support-final-59e54738f552a29a0365ee6c,10,0
Au-Cr-Cs-Dy,10,2,es_only_independent,component-final-7e994fb8ab445a418e08e590,0,0
Au-Cr-Cs-Dy,10,2,es_only_independent,component-final-7e994fb8ab445a418e08e590,1,1
Au-Cr-Cs-Dy,10,2,es_only_independent,component-final-7e994fb8ab445a418e08e590,2,1
Au-Cr-Cs-Dy,10,2,es_only_independent,component-final-7e994fb8ab445a418e08e590,3,2
Au-Cr-Cs-Dy,10,2,es_only_independent,component-final-7e994fb8ab445a418e08e590,4,3
Au-Cr-Cs-Dy,10,2,es_only_independent,component-final-7e994fb8ab445a418e08e590,5,4
Au-Cr-Cs-Dy,10,2,es_only_independent,component-final-7e994fb8ab445a418e08e590,6,4
Au-Cr-Cs-Dy,10,2,es_only_independent,component-final-7e994fb8ab445a418e08e590,7,4
Au-Cr-Cs-Dy,10,2,es_only_independent,component-final-7e994fb8ab445a418e08e590,8,4
Au-Cr-Cs-Dy,10,2,es_only_independent,component-final-7e994fb8ab445a418e08e590,9,4
Au-Cr-Cs-Dy,10,2,es_only_independent,component-final-7e994fb8ab445a418e08e590,10,4
Au-Cr-Cs-Dy,10,3,es_only_independent,component-final-fc048047e45b8d6dba041f90,0,0
Au-Cr-Cs-Dy,10,3,es_only_independent,component-final-fc048047e45b8d6dba041f90,1,0
Au-Cr-Cs-Dy,10,3,es_only_independent,component-final-fc048047e45b8d6dba041f90,2,0
Au-Cr-Cs-Dy,10,3,es_only_independent,component-final-fc048047e45b8d6dba041f90,3,0
Au-Cr-Cs-Dy,10,3,es_only_independent,component-final-fc048047e45b8d6dba041f90,4,0
Au-Cr-Cs-Dy,10,3,es_only_independent,component-final-fc048047e45b8d6dba041f90,5,0
Au-Cr-Cs-Dy,10,3,es_only_independent,component-final-fc048047e45b8d6dba041f90,6,0
Au-Cr-Cs-Dy,10,3,es_only_independent,component-final-fc048047e45b8d6dba041f90,7,0
Au-Cr-Cs-Dy,10,3,es_only_independent,component-final-fc048047e45b8d6dba041f90,8,0
Au-Cr-Cs-Dy,10,3,es_only_independent,component-final-fc048047e45b8d6dba041f90,9,0
Au-Cr-Cs-Dy,10,3,es_only_independent,component-final-fc048047e45b8d6dba041f90,10,0
Au-Cr-Cs-Dy,10,2,full_support_aware,support-final-1a6965c14309d0ed9c706be0,0,0
Au-Cr-Cs-Dy,10,2,full_support_aware,support-final-1a6965c14309d0ed9c706be0,1,0
Au-Cr-Cs-Dy,10,2,full_support_aware,support-final-1a6965c14309d0ed9c706be0,2,0
Au-Cr-Cs-Dy,10,2,full_support_aware,support-final-1a6965c14309d0ed9c706be0,3,0
Au-Cr-Cs-Dy,10,2,full_support_aware,support-final-1a6965c14309d0ed9c706be0,4,0
Au-Cr-Cs-Dy,10,2,full_support_aware,support-final-1a6965c14309d0ed9c706be0,5,0
Au-Cr-Cs-Dy,10,2,full_support_aware,support-final-1a6965c14309d0ed9c706be0,6,0
Au-Cr-Cs-Dy,10,2,full_support_aware,support-final-1a6965c14309d0ed9c706be0,7,0
Au-Cr-Cs-Dy,10,2,full_support_aware,support-final-1a6965c14309d0ed9c706be0,8,0
Au-Cr-Cs-Dy,10,2,full_support_aware,support-final-1a6965c14309d0ed9c706be0,9,0
Au-Cr-Cs-Dy,10,2,full_support_aware,support-final-1a6965c14309d0ed9c706be0,10,0
Au-Tb-V-Y,10,2,baseline_reference,component-final-d162af62e35cb5b102460cac,0,0
Au-Tb-V-Y,10,2,baseline_reference,component-final-d162af62e35cb5b102460cac,1,0
Au-Tb-V-Y,10,2,baseline_reference,component-final-d162af62e35cb5b102460cac,2,0
Au-Tb-V-Y,10,2,baseline_reference,component-final-d162af62e35cb5b102460cac,3,0
Au-Tb-V-Y,10,2,baseline_reference,component-final-d162af62e35cb5b102460cac,4,0
Au-Tb-V-Y,10,2,baseline_reference,component-final-d162af62e35cb5b102460cac,5,1
Au-Tb-V-Y,10,2,baseline_reference,component-final-d162af62e35cb5b102460cac,6,1
Au-Tb-V-Y,10,2,baseline_reference,component-final-d162af62e35cb5b102460cac,7,1
Au-Tb-V-Y,10,2,baseline_reference,component-final-d162af62e35cb5b102460cac,8,1
Au-Tb-V-Y,10,2,baseline_reference,component-final-d162af62e35cb5b102460cac,9,1
Au-Tb-V-Y,10,2,baseline_reference,component-final-d162af62e35cb5b102460cac,10,1
Au-Tb-V-Y,10,3,baseline_reference,component-final-98ec36cd075666fe04f30595,0,0
Au-Tb-V-Y,10,3,baseline_reference,component-final-98ec36cd075666fe04f30595,1,0
Au-Tb-V-Y,10,3,baseline_reference,component-final-98ec36cd075666fe04f30595,2,0
Au-Tb-V-Y,10,3,baseline_reference,component-final-98ec36cd075666fe04f30595,3,0
Au-Tb-V-Y,10,3,baseline_reference,component-final-98ec36cd075666fe04f30595,4,0
Au-Tb-V-Y,10,3,baseline_reference,component-final-98ec36cd075666fe04f30595,5,1
Au-Tb-V-Y,10,3,baseline_reference,component-final-98ec36cd075666fe04f30595,6,1
Au-Tb-V-Y,10,3,baseline_reference,component-final-98ec36cd075666fe04f30595,7,2
Au-Tb-V-Y,10,3,baseline_reference,component-final-98ec36cd075666fe04f30595,8,2
Au-Tb-V-Y,10,3,baseline_reference,component-final-98ec36cd075666fe04f30595,9,2
Au-Tb-V-Y,10,3,baseline_reference,component-final-98ec36cd075666fe04f30595,10,2
Au-Tb-V-Y,10,2,uq_only_support_aware,support-final-f4fb0bc5660e5cbea5ab19fe,0,0
Au-Tb-V-Y,10,2,uq_only_support_aware,support-final-f4fb0bc5660e5cbea5ab19fe,1,0
Au-Tb-V-Y,10,2,uq_only_support_aware,support-final-f4fb0bc5660e5cbea5ab19fe,2,0
Au-Tb-V-Y,10,2,uq_only_support_aware,support-final-f4fb0bc5660e5cbea5ab19fe,3,0
Au-Tb-V-Y,10,2,uq_only_support_aware,support-final-f4fb0bc5660e5cbea5ab19fe,4,0
Au-Tb-V-Y,10,2,uq_only_support_aware,support-final-f4fb0bc5660e5cbea5ab19fe,5,1
Au-Tb-V-Y,10,2,uq_only_support_aware,support-final-f4fb0bc5660e5cbea5ab19fe,6,1
Au-Tb-V-Y,10,2,uq_only_support_aware,support-final-f4fb0bc5660e5cbea5ab19fe,7,1
Au-Tb-V-Y,10,2,uq_only_support_aware,support-final-f4fb0bc5660e5cbea5ab19fe,8,1
Au-Tb-V-Y,10,2,uq_only_support_aware,support-final-f4fb0bc5660e5cbea5ab19fe,9,1
Au-Tb-V-Y,10,2,uq_only_support_aware,support-final-f4fb0bc5660e5cbea5ab19fe,10,1
Au-Tb-V-Y,10,3,uq_only_support_aware,support-final-edb4223557993b86de341be4,0,0
Au-Tb-V-Y,10,3,uq_only_support_aware,support-final-edb4223557993b86de341be4,1,0
Au-Tb-V-Y,10,3,uq_only_support_aware,support-final-edb4223557993b86de341be4,2,0
Au-Tb-V-Y,10,3,uq_only_support_aware,support-final-edb4223557993b86de341be4,3,0
Au-Tb-V-Y,10,3,uq_only_support_aware,support-final-edb4223557993b86de341be4,4,1
Au-Tb-V-Y,10,3,uq_only_support_aware,support-final-edb4223557993b86de341be4,5,1
Au-Tb-V-Y,10,3,uq_only_support_aware,support-final-edb4223557993b86de341be4,6,1
Au-Tb-V-Y,10,3,uq_only_support_aware,support-final-edb4223557993b86de341be4,7,1
Au-Tb-V-Y,10,3,uq_only_support_aware,support-final-edb4223557993b86de341be4,8,1
Au-Tb-V-Y,10,3,uq_only_support_aware,support-final-edb4223557993b86de341be4,9,1
Au-Tb-V-Y,10,3,uq_only_support_aware,support-final-edb4223557993b86de341be4,10,1
Au-Tb-V-Y,10,2,es_only_independent,component-final-b08dc4996f12b404a474fe8a,0,0
Au-Tb-V-Y,10,2,es_only_independent,component-final-b08dc4996f12b404a474fe8a,1,0
Au-Tb-V-Y,10,2,es_only_independent,component-final-b08dc4996f12b404a474fe8a,2,0
Au-Tb-V-Y,10,2,es_only_independent,component-final-b08dc4996f12b404a474fe8a,3,1
Au-Tb-V-Y,10,2,es_only_independent,component-final-b08dc4996f12b404a474fe8a,4,1
Au-Tb-V-Y,10,2,es_only_independent,component-final-b08dc4996f12b404a474fe8a,5,1
Au-Tb-V-Y,10,2,es_only_independent,component-final-b08dc4996f12b404a474fe8a,6,1
Au-Tb-V-Y,10,2,es_only_independent,component-final-b08dc4996f12b404a474fe8a,7,1
Au-Tb-V-Y,10,2,es_only_independent,component-final-b08dc4996f12b404a474fe8a,8,1
Au-Tb-V-Y,10,2,es_only_independent,component-final-b08dc4996f12b404a474fe8a,9,1
Au-Tb-V-Y,10,2,es_only_independent,component-final-b08dc4996f12b404a474fe8a,10,1
Au-Tb-V-Y,10,3,es_only_independent,component-final-8c4b38fea4d18535795f3f52,0,0
Au-Tb-V-Y,10,3,es_only_independent,component-final-8c4b38fea4d18535795f3f52,1,0
Au-Tb-V-Y,10,3,es_only_independent,component-final-8c4b38fea4d18535795f3f52,2,0
Au-Tb-V-Y,10,3,es_only_independent,component-final-8c4b38fea4d18535795f3f52,3,0
Au-Tb-V-Y,10,3,es_only_independent,component-final-8c4b38fea4d18535795f3f52,4,0
Au-Tb-V-Y,10,3,es_only_independent,component-final-8c4b38fea4d18535795f3f52,5,0
Au-Tb-V-Y,10,3,es_only_independent,component-final-8c4b38fea4d18535795f3f52,6,0
Au-Tb-V-Y,10,3,es_only_independent,component-final-8c4b38fea4d18535795f3f52,7,0
Au-Tb-V-Y,10,3,es_only_independent,component-final-8c4b38fea4d18535795f3f52,8,0
Au-Tb-V-Y,10,3,es_only_independent,component-final-8c4b38fea4d18535795f3f52,9,0
Au-Tb-V-Y,10,3,es_only_independent,component-final-8c4b38fea4d18535795f3f52,10,0
Au-Tb-V-Y,10,2,full_support_aware,support-final-8ddd13950a3b79b7029e9ad3,0,0
Au-Tb-V-Y,10,2,full_support_aware,support-final-8ddd13950a3b79b7029e9ad3,1,0
Au-Tb-V-Y,10,2,full_support_aware,support-final-8ddd13950a3b79b7029e9ad3,2,0
Au-Tb-V-Y,10,2,full_support_aware,support-final-8ddd13950a3b79b7029e9ad3,3,0
Au-Tb-V-Y,10,2,full_support_aware,support-final-8ddd13950a3b79b7029e9ad3,4,0
Au-Tb-V-Y,10,2,full_support_aware,support-final-8ddd13950a3b79b7029e9ad3,5,0
Au-Tb-V-Y,10,2,full_support_aware,support-final-8ddd13950a3b79b7029e9ad3,6,0
Au-Tb-V-Y,10,2,full_support_aware,support-final-8ddd13950a3b79b7029e9ad3,7,0
Au-Tb-V-Y,10,2,full_support_aware,support-final-8ddd13950a3b79b7029e9ad3,8,0
Au-Tb-V-Y,10,2,full_support_aware,support-final-8ddd13950a3b79b7029e9ad3,9,0
Au-Tb-V-Y,10,2,full_support_aware,support-final-8ddd13950a3b79b7029e9ad3,10,0
Ba-Be-Hf-Li,10,2,baseline_reference,component-final-e055a90cdea61f8b88b11b9d,0,0
Ba-Be-Hf-Li,10,2,baseline_reference,component-final-e055a90cdea61f8b88b11b9d,1,0
Ba-Be-Hf-Li,10,2,baseline_reference,component-final-e055a90cdea61f8b88b11b9d,2,0
Ba-Be-Hf-Li,10,2,baseline_reference,component-final-e055a90cdea61f8b88b11b9d,3,0
Ba-Be-Hf-Li,10,2,baseline_reference,component-final-e055a90cdea61f8b88b11b9d,4,0
Ba-Be-Hf-Li,10,2,baseline_reference,component-final-e055a90cdea61f8b88b11b9d,5,0
Ba-Be-Hf-Li,10,2,baseline_reference,component-final-e055a90cdea61f8b88b11b9d,6,0
Ba-Be-Hf-Li,10,2,baseline_reference,component-final-e055a90cdea61f8b88b11b9d,7,0
Ba-Be-Hf-Li,10,2,baseline_reference,component-final-e055a90cdea61f8b88b11b9d,8,0
Ba-Be-Hf-Li,10,2,baseline_reference,component-final-e055a90cdea61f8b88b11b9d,9,0
Ba-Be-Hf-Li,10,2,baseline_reference,component-final-e055a90cdea61f8b88b11b9d,10,0
Ba-Be-Hf-Li,10,3,baseline_reference,component-final-d7f5fb390cd93ad4d344838f,0,0
Ba-Be-Hf-Li,10,3,baseline_reference,component-final-d7f5fb390cd93ad4d344838f,1,0
Ba-Be-Hf-Li,10,3,baseline_reference,component-final-d7f5fb390cd93ad4d344838f,2,0
Ba-Be-Hf-Li,10,3,baseline_reference,component-final-d7f5fb390cd93ad4d344838f,3,0
Ba-Be-Hf-Li,10,3,baseline_reference,component-final-d7f5fb390cd93ad4d344838f,4,0
Ba-Be-Hf-Li,10,3,baseline_reference,component-final-d7f5fb390cd93ad4d344838f,5,0
Ba-Be-Hf-Li,10,3,baseline_reference,component-final-d7f5fb390cd93ad4d344838f,6,0
Ba-Be-Hf-Li,10,3,baseline_reference,component-final-d7f5fb390cd93ad4d344838f,7,0
Ba-Be-Hf-Li,10,3,baseline_reference,component-final-d7f5fb390cd93ad4d344838f,8,0
Ba-Be-Hf-Li,10,3,baseline_reference,component-final-d7f5fb390cd93ad4d344838f,9,0
Ba-Be-Hf-Li,10,3,baseline_reference,component-final-d7f5fb390cd93ad4d344838f,10,0
Ba-Be-Hf-Li,10,2,uq_only_support_aware,support-final-3d33302d79a3e5a49db8a089,0,0
Ba-Be-Hf-Li,10,2,uq_only_support_aware,support-final-3d33302d79a3e5a49db8a089,1,0
Ba-Be-Hf-Li,10,2,uq_only_support_aware,support-final-3d33302d79a3e5a49db8a089,2,0
Ba-Be-Hf-Li,10,2,uq_only_support_aware,support-final-3d33302d79a3e5a49db8a089,3,0
Ba-Be-Hf-Li,10,2,uq_only_support_aware,support-final-3d33302d79a3e5a49db8a089,4,0
Ba-Be-Hf-Li,10,2,uq_only_support_aware,support-final-3d33302d79a3e5a49db8a089,5,0
Ba-Be-Hf-Li,10,2,uq_only_support_aware,support-final-3d33302d79a3e5a49db8a089,6,0
Ba-Be-Hf-Li,10,2,uq_only_support_aware,support-final-3d33302d79a3e5a49db8a089,7,0
Ba-Be-Hf-Li,10,2,uq_only_support_aware,support-final-3d33302d79a3e5a49db8a089,8,0
Ba-Be-Hf-Li,10,2,uq_only_support_aware,support-final-3d33302d79a3e5a49db8a089,9,0
Ba-Be-Hf-Li,10,2,uq_only_support_aware,support-final-3d33302d79a3e5a49db8a089,10,0
Ba-Be-Hf-Li,10,3,uq_only_support_aware,support-final-4df937dd122841de63e2173a,0,0
Ba-Be-Hf-Li,10,3,uq_only_support_aware,support-final-4df937dd122841de63e2173a,1,0
Ba-Be-Hf-Li,10,3,uq_only_support_aware,support-final-4df937dd122841de63e2173a,2,0
Ba-Be-Hf-Li,10,3,uq_only_support_aware,support-final-4df937dd122841de63e2173a,3,0
Ba-Be-Hf-Li,10,3,uq_only_support_aware,support-final-4df937dd122841de63e2173a,4,0
Ba-Be-Hf-Li,10,3,uq_only_support_aware,support-final-4df937dd122841de63e2173a,5,0
Ba-Be-Hf-Li,10,3,uq_only_support_aware,support-final-4df937dd122841de63e2173a,6,0
Ba-Be-Hf-Li,10,3,uq_only_support_aware,support-final-4df937dd122841de63e2173a,7,0
Ba-Be-Hf-Li,10,3,uq_only_support_aware,support-final-4df937dd122841de63e2173a,8,0
Ba-Be-Hf-Li,10,3,uq_only_support_aware,support-final-4df937dd122841de63e2173a,9,0
Ba-Be-Hf-Li,10,3,uq_only_support_aware,support-final-4df937dd122841de63e2173a,10,0
Ba-Be-Hf-Li,10,2,es_only_independent,component-final-894abe64cc709063a80a0651,0,0
Ba-Be-Hf-Li,10,2,es_only_independent,component-final-894abe64cc709063a80a0651,1,0
Ba-Be-Hf-Li,10,2,es_only_independent,component-final-894abe64cc709063a80a0651,2,0
Ba-Be-Hf-Li,10,2,es_only_independent,component-final-894abe64cc709063a80a0651,3,0
Ba-Be-Hf-Li,10,2,es_only_independent,component-final-894abe64cc709063a80a0651,4,0
Ba-Be-Hf-Li,10,2,es_only_independent,component-final-894abe64cc709063a80a0651,5,0
Ba-Be-Hf-Li,10,2,es_only_independent,component-final-894abe64cc709063a80a0651,6,0
Ba-Be-Hf-Li,10,2,es_only_independent,component-final-894abe64cc709063a80a0651,7,0
Ba-Be-Hf-Li,10,2,es_only_independent,component-final-894abe64cc709063a80a0651,8,0
Ba-Be-Hf-Li,10,2,es_only_independent,component-final-894abe64cc709063a80a0651,9,0
Ba-Be-Hf-Li,10,2,es_only_independent,component-final-894abe64cc709063a80a0651,10,0
Ba-Be-Hf-Li,10,3,es_only_independent,component-final-8dbb642bd821472e34a99402,0,0
Ba-Be-Hf-Li,10,3,es_only_independent,component-final-8dbb642bd821472e34a99402,1,0
Ba-Be-Hf-Li,10,3,es_only_independent,component-final-8dbb642bd821472e34a99402,2,0
Ba-Be-Hf-Li,10,3,es_only_independent,component-final-8dbb642bd821472e34a99402,3,0
Ba-Be-Hf-Li,10,3,es_only_independent,component-final-8dbb642bd821472e34a99402,4,0
Ba-Be-Hf-Li,10,3,es_only_independent,component-final-8dbb642bd821472e34a99402,5,0
Ba-Be-Hf-Li,10,3,es_only_independent,component-final-8dbb642bd821472e34a99402,6,0
Ba-Be-Hf-Li,10,3,es_only_independent,component-final-8dbb642bd821472e34a99402,7,0
Ba-Be-Hf-Li,10,3,es_only_independent,component-final-8dbb642bd821472e34a99402,8,0
Ba-Be-Hf-Li,10,3,es_only_independent,component-final-8dbb642bd821472e34a99402,9,0
Ba-Be-Hf-Li,10,3,es_only_independent,component-final-8dbb642bd821472e34a99402,10,0
Ba-Be-Hf-Li,10,2,full_support_aware,support-final-162b641b9c795ec8cbbca2cd,0,0
Ba-Be-Hf-Li,10,2,full_support_aware,support-final-162b641b9c795ec8cbbca2cd,1,0
Ba-Be-Hf-Li,10,2,full_support_aware,support-final-162b641b9c795ec8cbbca2cd,2,0
Ba-Be-Hf-Li,10,2,full_support_aware,support-final-162b641b9c795ec8cbbca2cd,3,0
Ba-Be-Hf-Li,10,2,full_support_aware,support-final-162b641b9c795ec8cbbca2cd,4,0
Ba-Be-Hf-Li,10,2,full_support_aware,support-final-162b641b9c795ec8cbbca2cd,5,0
Ba-Be-Hf-Li,10,2,full_support_aware,support-final-162b641b9c795ec8cbbca2cd,6,0
Ba-Be-Hf-Li,10,2,full_support_aware,support-final-162b641b9c795ec8cbbca2cd,7,0
Ba-Be-Hf-Li,10,2,full_support_aware,support-final-162b641b9c795ec8cbbca2cd,8,0
Ba-Be-Hf-Li,10,2,full_support_aware,support-final-162b641b9c795ec8cbbca2cd,9,0
Ba-Be-Hf-Li,10,2,full_support_aware,support-final-162b641b9c795ec8cbbca2cd,10,0
Ba-Nd-Ni-W,10,2,baseline_reference,component-final-dc0be1ae32cc4968091e77db,0,0
Ba-Nd-Ni-W,10,2,baseline_reference,component-final-dc0be1ae32cc4968091e77db,1,0
Ba-Nd-Ni-W,10,2,baseline_reference,component-final-dc0be1ae32cc4968091e77db,2,0
Ba-Nd-Ni-W,10,2,baseline_reference,component-final-dc0be1ae32cc4968091e77db,3,0
Ba-Nd-Ni-W,10,2,baseline_reference,component-final-dc0be1ae32cc4968091e77db,4,0
Ba-Nd-Ni-W,10,2,baseline_reference,component-final-dc0be1ae32cc4968091e77db,5,0
Ba-Nd-Ni-W,10,2,baseline_reference,component-final-dc0be1ae32cc4968091e77db,6,0
Ba-Nd-Ni-W,10,2,baseline_reference,component-final-dc0be1ae32cc4968091e77db,7,0
Ba-Nd-Ni-W,10,2,baseline_reference,component-final-dc0be1ae32cc4968091e77db,8,0
Ba-Nd-Ni-W,10,2,baseline_reference,component-final-dc0be1ae32cc4968091e77db,9,0
Ba-Nd-Ni-W,10,2,baseline_reference,component-final-dc0be1ae32cc4968091e77db,10,0
Ba-Nd-Ni-W,10,3,baseline_reference,component-final-91e9365ecc653ed9cb2dd65d,0,0
Ba-Nd-Ni-W,10,3,baseline_reference,component-final-91e9365ecc653ed9cb2dd65d,1,0
Ba-Nd-Ni-W,10,3,baseline_reference,component-final-91e9365ecc653ed9cb2dd65d,2,0
Ba-Nd-Ni-W,10,3,baseline_reference,component-final-91e9365ecc653ed9cb2dd65d,3,0
Ba-Nd-Ni-W,10,3,baseline_reference,component-final-91e9365ecc653ed9cb2dd65d,4,0
Ba-Nd-Ni-W,10,3,baseline_reference,component-final-91e9365ecc653ed9cb2dd65d,5,0
Ba-Nd-Ni-W,10,3,baseline_reference,component-final-91e9365ecc653ed9cb2dd65d,6,0
Ba-Nd-Ni-W,10,3,baseline_reference,component-final-91e9365ecc653ed9cb2dd65d,7,0
Ba-Nd-Ni-W,10,3,baseline_reference,component-final-91e9365ecc653ed9cb2dd65d,8,0
Ba-Nd-Ni-W,10,3,baseline_reference,component-final-91e9365ecc653ed9cb2dd65d,9,0
Ba-Nd-Ni-W,10,3,baseline_reference,component-final-91e9365ecc653ed9cb2dd65d,10,0
Ba-Nd-Ni-W,10,2,uq_only_support_aware,support-final-5b7a01d4f004bb2a3b984360,0,0
Ba-Nd-Ni-W,10,2,uq_only_support_aware,support-final-5b7a01d4f004bb2a3b984360,1,0
Ba-Nd-Ni-W,10,2,uq_only_support_aware,support-final-5b7a01d4f004bb2a3b984360,2,0
Ba-Nd-Ni-W,10,2,uq_only_support_aware,support-final-5b7a01d4f004bb2a3b984360,3,0
Ba-Nd-Ni-W,10,2,uq_only_support_aware,support-final-5b7a01d4f004bb2a3b984360,4,0
Ba-Nd-Ni-W,10,2,uq_only_support_aware,support-final-5b7a01d4f004bb2a3b984360,5,0
Ba-Nd-Ni-W,10,2,uq_only_support_aware,support-final-5b7a01d4f004bb2a3b984360,6,0
Ba-Nd-Ni-W,10,2,uq_only_support_aware,support-final-5b7a01d4f004bb2a3b984360,7,0
Ba-Nd-Ni-W,10,2,uq_only_support_aware,support-final-5b7a01d4f004bb2a3b984360,8,0
Ba-Nd-Ni-W,10,2,uq_only_support_aware,support-final-5b7a01d4f004bb2a3b984360,9,0
Ba-Nd-Ni-W,10,2,uq_only_support_aware,support-final-5b7a01d4f004bb2a3b984360,10,0
Ba-Nd-Ni-W,10,2,es_only_independent,component-final-5808a431e2c3d13d62027bd2,0,0
Ba-Nd-Ni-W,10,2,es_only_independent,component-final-5808a431e2c3d13d62027bd2,1,0
Ba-Nd-Ni-W,10,2,es_only_independent,component-final-5808a431e2c3d13d62027bd2,2,0
Ba-Nd-Ni-W,10,2,es_only_independent,component-final-5808a431e2c3d13d62027bd2,3,0
Ba-Nd-Ni-W,10,2,es_only_independent,component-final-5808a431e2c3d13d62027bd2,4,0
Ba-Nd-Ni-W,10,2,es_only_independent,component-final-5808a431e2c3d13d62027bd2,5,0
Ba-Nd-Ni-W,10,2,es_only_independent,component-final-5808a431e2c3d13d62027bd2,6,0
Ba-Nd-Ni-W,10,2,es_only_independent,component-final-5808a431e2c3d13d62027bd2,7,0
Ba-Nd-Ni-W,10,2,es_only_independent,component-final-5808a431e2c3d13d62027bd2,8,0
Ba-Nd-Ni-W,10,2,es_only_independent,component-final-5808a431e2c3d13d62027bd2,9,0
Ba-Nd-Ni-W,10,2,es_only_independent,component-final-5808a431e2c3d13d62027bd2,10,0
Ba-Nd-Ni-W,10,3,es_only_independent,component-final-5997b22ff20dd8997514cb4b,0,0
Ba-Nd-Ni-W,10,3,es_only_independent,component-final-5997b22ff20dd8997514cb4b,1,0
Ba-Nd-Ni-W,10,3,es_only_independent,component-final-5997b22ff20dd8997514cb4b,2,0
Ba-Nd-Ni-W,10,3,es_only_independent,component-final-5997b22ff20dd8997514cb4b,3,0
Ba-Nd-Ni-W,10,3,es_only_independent,component-final-5997b22ff20dd8997514cb4b,4,0
Ba-Nd-Ni-W,10,3,es_only_independent,component-final-5997b22ff20dd8997514cb4b,5,0
Ba-Nd-Ni-W,10,3,es_only_independent,component-final-5997b22ff20dd8997514cb4b,6,0
Ba-Nd-Ni-W,10,3,es_only_independent,component-final-5997b22ff20dd8997514cb4b,7,0
Ba-Nd-Ni-W,10,3,es_only_independent,component-final-5997b22ff20dd8997514cb4b,8,0
Ba-Nd-Ni-W,10,3,es_only_independent,component-final-5997b22ff20dd8997514cb4b,9,0
Ba-Nd-Ni-W,10,3,es_only_independent,component-final-5997b22ff20dd8997514cb4b,10,0
Ba-Nd-Ni-W,10,2,full_support_aware,support-final-f09b3e784a0ddc04b0a7317a,0,0
Ba-Nd-Ni-W,10,2,full_support_aware,support-final-f09b3e784a0ddc04b0a7317a,1,0
Ba-Nd-Ni-W,10,2,full_support_aware,support-final-f09b3e784a0ddc04b0a7317a,2,0
Ba-Nd-Ni-W,10,2,full_support_aware,support-final-f09b3e784a0ddc04b0a7317a,3,0
Ba-Nd-Ni-W,10,2,full_support_aware,support-final-f09b3e784a0ddc04b0a7317a,4,0
Ba-Nd-Ni-W,10,2,full_support_aware,support-final-f09b3e784a0ddc04b0a7317a,5,0
Ba-Nd-Ni-W,10,2,full_support_aware,support-final-f09b3e784a0ddc04b0a7317a,6,0
Ba-Nd-Ni-W,10,2,full_support_aware,support-final-f09b3e784a0ddc04b0a7317a,7,0
Ba-Nd-Ni-W,10,2,full_support_aware,support-final-f09b3e784a0ddc04b0a7317a,8,0
Ba-Nd-Ni-W,10,2,full_support_aware,support-final-f09b3e784a0ddc04b0a7317a,9,0
Ba-Nd-Ni-W,10,2,full_support_aware,support-final-f09b3e784a0ddc04b0a7317a,10,0
Ca-Pd-Sn-W,10,2,baseline_reference,component-final-d0e5088457f94df5fb734d2f,0,0
Ca-Pd-Sn-W,10,2,baseline_reference,component-final-d0e5088457f94df5fb734d2f,1,0
Ca-Pd-Sn-W,10,2,baseline_reference,component-final-d0e5088457f94df5fb734d2f,2,0
Ca-Pd-Sn-W,10,2,baseline_reference,component-final-d0e5088457f94df5fb734d2f,3,0
Ca-Pd-Sn-W,10,2,baseline_reference,component-final-d0e5088457f94df5fb734d2f,4,0
Ca-Pd-Sn-W,10,2,baseline_reference,component-final-d0e5088457f94df5fb734d2f,5,0
Ca-Pd-Sn-W,10,2,baseline_reference,component-final-d0e5088457f94df5fb734d2f,6,0
Ca-Pd-Sn-W,10,2,baseline_reference,component-final-d0e5088457f94df5fb734d2f,7,0
Ca-Pd-Sn-W,10,2,baseline_reference,component-final-d0e5088457f94df5fb734d2f,8,0
Ca-Pd-Sn-W,10,2,baseline_reference,component-final-d0e5088457f94df5fb734d2f,9,0
Ca-Pd-Sn-W,10,2,baseline_reference,component-final-d0e5088457f94df5fb734d2f,10,0
Ca-Pd-Sn-W,10,3,baseline_reference,component-final-95b93277e45a70fc119a8fb7,0,0
Ca-Pd-Sn-W,10,3,baseline_reference,component-final-95b93277e45a70fc119a8fb7,1,0
Ca-Pd-Sn-W,10,3,baseline_reference,component-final-95b93277e45a70fc119a8fb7,2,0
Ca-Pd-Sn-W,10,3,baseline_reference,component-final-95b93277e45a70fc119a8fb7,3,0
Ca-Pd-Sn-W,10,3,baseline_reference,component-final-95b93277e45a70fc119a8fb7,4,0
Ca-Pd-Sn-W,10,3,baseline_reference,component-final-95b93277e45a70fc119a8fb7,5,0
Ca-Pd-Sn-W,10,3,baseline_reference,component-final-95b93277e45a70fc119a8fb7,6,0
Ca-Pd-Sn-W,10,3,baseline_reference,component-final-95b93277e45a70fc119a8fb7,7,0
Ca-Pd-Sn-W,10,3,baseline_reference,component-final-95b93277e45a70fc119a8fb7,8,0
Ca-Pd-Sn-W,10,3,baseline_reference,component-final-95b93277e45a70fc119a8fb7,9,0
Ca-Pd-Sn-W,10,3,baseline_reference,component-final-95b93277e45a70fc119a8fb7,10,0
Ca-Pd-Sn-W,10,2,uq_only_support_aware,support-final-373029d9b12c74627cb8e1e9,0,0
Ca-Pd-Sn-W,10,2,uq_only_support_aware,support-final-373029d9b12c74627cb8e1e9,1,0
Ca-Pd-Sn-W,10,2,uq_only_support_aware,support-final-373029d9b12c74627cb8e1e9,2,0
Ca-Pd-Sn-W,10,2,uq_only_support_aware,support-final-373029d9b12c74627cb8e1e9,3,0
Ca-Pd-Sn-W,10,2,uq_only_support_aware,support-final-373029d9b12c74627cb8e1e9,4,0
Ca-Pd-Sn-W,10,2,uq_only_support_aware,support-final-373029d9b12c74627cb8e1e9,5,0
Ca-Pd-Sn-W,10,2,uq_only_support_aware,support-final-373029d9b12c74627cb8e1e9,6,0
Ca-Pd-Sn-W,10,2,uq_only_support_aware,support-final-373029d9b12c74627cb8e1e9,7,0
Ca-Pd-Sn-W,10,2,uq_only_support_aware,support-final-373029d9b12c74627cb8e1e9,8,0
Ca-Pd-Sn-W,10,2,uq_only_support_aware,support-final-373029d9b12c74627cb8e1e9,9,0
Ca-Pd-Sn-W,10,2,uq_only_support_aware,support-final-373029d9b12c74627cb8e1e9,10,0
Ca-Pd-Sn-W,10,2,es_only_independent,component-final-87c47cdf901aa65da9a4fd9d,0,0
Ca-Pd-Sn-W,10,2,es_only_independent,component-final-87c47cdf901aa65da9a4fd9d,1,0
Ca-Pd-Sn-W,10,2,es_only_independent,component-final-87c47cdf901aa65da9a4fd9d,2,0
Ca-Pd-Sn-W,10,2,es_only_independent,component-final-87c47cdf901aa65da9a4fd9d,3,0
Ca-Pd-Sn-W,10,2,es_only_independent,component-final-87c47cdf901aa65da9a4fd9d,4,0
Ca-Pd-Sn-W,10,2,es_only_independent,component-final-87c47cdf901aa65da9a4fd9d,5,0
Ca-Pd-Sn-W,10,2,es_only_independent,component-final-87c47cdf901aa65da9a4fd9d,6,0
Ca-Pd-Sn-W,10,2,es_only_independent,component-final-87c47cdf901aa65da9a4fd9d,7,0
Ca-Pd-Sn-W,10,2,es_only_independent,component-final-87c47cdf901aa65da9a4fd9d,8,0
Ca-Pd-Sn-W,10,2,es_only_independent,component-final-87c47cdf901aa65da9a4fd9d,9,0
Ca-Pd-Sn-W,10,2,es_only_independent,component-final-87c47cdf901aa65da9a4fd9d,10,0
Ca-Pd-Sn-W,10,3,es_only_independent,component-final-61174bb74d1f37007558ce1f,0,0
Ca-Pd-Sn-W,10,3,es_only_independent,component-final-61174bb74d1f37007558ce1f,1,0
Ca-Pd-Sn-W,10,3,es_only_independent,component-final-61174bb74d1f37007558ce1f,2,0
Ca-Pd-Sn-W,10,3,es_only_independent,component-final-61174bb74d1f37007558ce1f,3,0
Ca-Pd-Sn-W,10,3,es_only_independent,component-final-61174bb74d1f37007558ce1f,4,0
Ca-Pd-Sn-W,10,3,es_only_independent,component-final-61174bb74d1f37007558ce1f,5,0
Ca-Pd-Sn-W,10,3,es_only_independent,component-final-61174bb74d1f37007558ce1f,6,0
Ca-Pd-Sn-W,10,3,es_only_independent,component-final-61174bb74d1f37007558ce1f,7,0
Ca-Pd-Sn-W,10,3,es_only_independent,component-final-61174bb74d1f37007558ce1f,8,0
Ca-Pd-Sn-W,10,3,es_only_independent,component-final-61174bb74d1f37007558ce1f,9,0
Ca-Pd-Sn-W,10,3,es_only_independent,component-final-61174bb74d1f37007558ce1f,10,0
Ca-Pd-Sn-W,10,2,full_support_aware,support-final-dc0639b5ff8be613f1c8c6f0,0,0
Ca-Pd-Sn-W,10,2,full_support_aware,support-final-dc0639b5ff8be613f1c8c6f0,1,0
Ca-Pd-Sn-W,10,2,full_support_aware,support-final-dc0639b5ff8be613f1c8c6f0,2,0
Ca-Pd-Sn-W,10,2,full_support_aware,support-final-dc0639b5ff8be613f1c8c6f0,3,0
Ca-Pd-Sn-W,10,2,full_support_aware,support-final-dc0639b5ff8be613f1c8c6f0,4,0
Ca-Pd-Sn-W,10,2,full_support_aware,support-final-dc0639b5ff8be613f1c8c6f0,5,0
Ca-Pd-Sn-W,10,2,full_support_aware,support-final-dc0639b5ff8be613f1c8c6f0,6,0
Ca-Pd-Sn-W,10,2,full_support_aware,support-final-dc0639b5ff8be613f1c8c6f0,7,0
Ca-Pd-Sn-W,10,2,full_support_aware,support-final-dc0639b5ff8be613f1c8c6f0,8,0
Ca-Pd-Sn-W,10,2,full_support_aware,support-final-dc0639b5ff8be613f1c8c6f0,9,0
Ca-Pd-Sn-W,10,2,full_support_aware,support-final-dc0639b5ff8be613f1c8c6f0,10,0
Ce-Er-Pb-Rh,10,2,baseline_reference,component-final-f7815acc56142f0958252762,0,0
Ce-Er-Pb-Rh,10,2,baseline_reference,component-final-f7815acc56142f0958252762,1,0
Ce-Er-Pb-Rh,10,2,baseline_reference,component-final-f7815acc56142f0958252762,2,1
Ce-Er-Pb-Rh,10,2,baseline_reference,component-final-f7815acc56142f0958252762,3,1
Ce-Er-Pb-Rh,10,2,baseline_reference,component-final-f7815acc56142f0958252762,4,1
Ce-Er-Pb-Rh,10,2,baseline_reference,component-final-f7815acc56142f0958252762,5,1
Ce-Er-Pb-Rh,10,2,baseline_reference,component-final-f7815acc56142f0958252762,6,1
Ce-Er-Pb-Rh,10,2,baseline_reference,component-final-f7815acc56142f0958252762,7,2
Ce-Er-Pb-Rh,10,2,baseline_reference,component-final-f7815acc56142f0958252762,8,3
Ce-Er-Pb-Rh,10,2,baseline_reference,component-final-f7815acc56142f0958252762,9,3
Ce-Er-Pb-Rh,10,2,baseline_reference,component-final-f7815acc56142f0958252762,10,3
Ce-Er-Pb-Rh,10,3,baseline_reference,component-final-b1fd5869414749ef1ea5da4b,0,0
Ce-Er-Pb-Rh,10,3,baseline_reference,component-final-b1fd5869414749ef1ea5da4b,1,1
Ce-Er-Pb-Rh,10,3,baseline_reference,component-final-b1fd5869414749ef1ea5da4b,2,1
Ce-Er-Pb-Rh,10,3,baseline_reference,component-final-b1fd5869414749ef1ea5da4b,3,1
Ce-Er-Pb-Rh,10,3,baseline_reference,component-final-b1fd5869414749ef1ea5da4b,4,1
Ce-Er-Pb-Rh,10,3,baseline_reference,component-final-b1fd5869414749ef1ea5da4b,5,1
Ce-Er-Pb-Rh,10,3,baseline_reference,component-final-b1fd5869414749ef1ea5da4b,6,1
Ce-Er-Pb-Rh,10,3,baseline_reference,component-final-b1fd5869414749ef1ea5da4b,7,1
Ce-Er-Pb-Rh,10,3,baseline_reference,component-final-b1fd5869414749ef1ea5da4b,8,1
Ce-Er-Pb-Rh,10,3,baseline_reference,component-final-b1fd5869414749ef1ea5da4b,9,1
Ce-Er-Pb-Rh,10,3,baseline_reference,component-final-b1fd5869414749ef1ea5da4b,10,1
Ce-Er-Pb-Rh,10,2,uq_only_support_aware,support-final-6f32364178f6566ce2b61257,0,0
Ce-Er-Pb-Rh,10,2,uq_only_support_aware,support-final-6f32364178f6566ce2b61257,1,1
Ce-Er-Pb-Rh,10,2,uq_only_support_aware,support-final-6f32364178f6566ce2b61257,2,1
Ce-Er-Pb-Rh,10,2,uq_only_support_aware,support-final-6f32364178f6566ce2b61257,3,1
Ce-Er-Pb-Rh,10,2,uq_only_support_aware,support-final-6f32364178f6566ce2b61257,4,1
Ce-Er-Pb-Rh,10,2,uq_only_support_aware,support-final-6f32364178f6566ce2b61257,5,1
Ce-Er-Pb-Rh,10,2,uq_only_support_aware,support-final-6f32364178f6566ce2b61257,6,1
Ce-Er-Pb-Rh,10,2,uq_only_support_aware,support-final-6f32364178f6566ce2b61257,7,1
Ce-Er-Pb-Rh,10,2,uq_only_support_aware,support-final-6f32364178f6566ce2b61257,8,1
Ce-Er-Pb-Rh,10,2,uq_only_support_aware,support-final-6f32364178f6566ce2b61257,9,1
Ce-Er-Pb-Rh,10,2,uq_only_support_aware,support-final-6f32364178f6566ce2b61257,10,1
Ce-Er-Pb-Rh,10,2,es_only_independent,component-final-fa513c699bfc955f9424e95e,0,0
Ce-Er-Pb-Rh,10,2,es_only_independent,component-final-fa513c699bfc955f9424e95e,1,1
Ce-Er-Pb-Rh,10,2,es_only_independent,component-final-fa513c699bfc955f9424e95e,2,1
Ce-Er-Pb-Rh,10,2,es_only_independent,component-final-fa513c699bfc955f9424e95e,3,1
Ce-Er-Pb-Rh,10,2,es_only_independent,component-final-fa513c699bfc955f9424e95e,4,1
Ce-Er-Pb-Rh,10,2,es_only_independent,component-final-fa513c699bfc955f9424e95e,5,1
Ce-Er-Pb-Rh,10,2,es_only_independent,component-final-fa513c699bfc955f9424e95e,6,1
Ce-Er-Pb-Rh,10,2,es_only_independent,component-final-fa513c699bfc955f9424e95e,7,1
Ce-Er-Pb-Rh,10,2,es_only_independent,component-final-fa513c699bfc955f9424e95e,8,1
Ce-Er-Pb-Rh,10,2,es_only_independent,component-final-fa513c699bfc955f9424e95e,9,1
Ce-Er-Pb-Rh,10,2,es_only_independent,component-final-fa513c699bfc955f9424e95e,10,1
Ce-Er-Pb-Rh,10,3,es_only_independent,component-final-bab5676fb6b948fe5af57968,0,0
Ce-Er-Pb-Rh,10,3,es_only_independent,component-final-bab5676fb6b948fe5af57968,1,1
Ce-Er-Pb-Rh,10,3,es_only_independent,component-final-bab5676fb6b948fe5af57968,2,1
Ce-Er-Pb-Rh,10,3,es_only_independent,component-final-bab5676fb6b948fe5af57968,3,1
Ce-Er-Pb-Rh,10,3,es_only_independent,component-final-bab5676fb6b948fe5af57968,4,1
Ce-Er-Pb-Rh,10,3,es_only_independent,component-final-bab5676fb6b948fe5af57968,5,1
Ce-Er-Pb-Rh,10,3,es_only_independent,component-final-bab5676fb6b948fe5af57968,6,1
Ce-Er-Pb-Rh,10,3,es_only_independent,component-final-bab5676fb6b948fe5af57968,7,1
Ce-Er-Pb-Rh,10,3,es_only_independent,component-final-bab5676fb6b948fe5af57968,8,1
Ce-Er-Pb-Rh,10,3,es_only_independent,component-final-bab5676fb6b948fe5af57968,9,1
Ce-Er-Pb-Rh,10,3,es_only_independent,component-final-bab5676fb6b948fe5af57968,10,1
Ce-Er-Pb-Rh,10,2,full_support_aware,support-final-45ccef9bb58094559ca4578d,0,0
Ce-Er-Pb-Rh,10,2,full_support_aware,support-final-45ccef9bb58094559ca4578d,1,0
Ce-Er-Pb-Rh,10,2,full_support_aware,support-final-45ccef9bb58094559ca4578d,2,0
Ce-Er-Pb-Rh,10,2,full_support_aware,support-final-45ccef9bb58094559ca4578d,3,0
Ce-Er-Pb-Rh,10,2,full_support_aware,support-final-45ccef9bb58094559ca4578d,4,1
Ce-Er-Pb-Rh,10,2,full_support_aware,support-final-45ccef9bb58094559ca4578d,5,1
Ce-Er-Pb-Rh,10,2,full_support_aware,support-final-45ccef9bb58094559ca4578d,6,1
Ce-Er-Pb-Rh,10,2,full_support_aware,support-final-45ccef9bb58094559ca4578d,7,1
Ce-Er-Pb-Rh,10,2,full_support_aware,support-final-45ccef9bb58094559ca4578d,8,2
Ce-Er-Pb-Rh,10,2,full_support_aware,support-final-45ccef9bb58094559ca4578d,9,3
Ce-Er-Pb-Rh,10,2,full_support_aware,support-final-45ccef9bb58094559ca4578d,10,3
Ce-Ir-Pt-Sn,10,2,baseline_reference,component-final-251fda107f2a15d6293fdf18,0,0
Ce-Ir-Pt-Sn,10,2,baseline_reference,component-final-251fda107f2a15d6293fdf18,1,0
Ce-Ir-Pt-Sn,10,2,baseline_reference,component-final-251fda107f2a15d6293fdf18,2,0
Ce-Ir-Pt-Sn,10,2,baseline_reference,component-final-251fda107f2a15d6293fdf18,3,0
Ce-Ir-Pt-Sn,10,2,baseline_reference,component-final-251fda107f2a15d6293fdf18,4,0
Ce-Ir-Pt-Sn,10,2,baseline_reference,component-final-251fda107f2a15d6293fdf18,5,0
Ce-Ir-Pt-Sn,10,2,baseline_reference,component-final-251fda107f2a15d6293fdf18,6,0
Ce-Ir-Pt-Sn,10,2,baseline_reference,component-final-251fda107f2a15d6293fdf18,7,1
Ce-Ir-Pt-Sn,10,2,baseline_reference,component-final-251fda107f2a15d6293fdf18,8,1
Ce-Ir-Pt-Sn,10,2,baseline_reference,component-final-251fda107f2a15d6293fdf18,9,1
Ce-Ir-Pt-Sn,10,2,baseline_reference,component-final-251fda107f2a15d6293fdf18,10,1
Ce-Ir-Pt-Sn,10,3,baseline_reference,component-final-6446602ec40cfb52bac4334d,0,0
Ce-Ir-Pt-Sn,10,3,baseline_reference,component-final-6446602ec40cfb52bac4334d,1,0
Ce-Ir-Pt-Sn,10,3,baseline_reference,component-final-6446602ec40cfb52bac4334d,2,0
Ce-Ir-Pt-Sn,10,3,baseline_reference,component-final-6446602ec40cfb52bac4334d,3,0
Ce-Ir-Pt-Sn,10,3,baseline_reference,component-final-6446602ec40cfb52bac4334d,4,0
Ce-Ir-Pt-Sn,10,3,baseline_reference,component-final-6446602ec40cfb52bac4334d,5,1
Ce-Ir-Pt-Sn,10,3,baseline_reference,component-final-6446602ec40cfb52bac4334d,6,1
Ce-Ir-Pt-Sn,10,3,baseline_reference,component-final-6446602ec40cfb52bac4334d,7,1
Ce-Ir-Pt-Sn,10,3,baseline_reference,component-final-6446602ec40cfb52bac4334d,8,1
Ce-Ir-Pt-Sn,10,3,baseline_reference,component-final-6446602ec40cfb52bac4334d,9,1
Ce-Ir-Pt-Sn,10,3,baseline_reference,component-final-6446602ec40cfb52bac4334d,10,1
Ce-Ir-Pt-Sn,10,2,uq_only_support_aware,support-final-2d0885c75e15e5c1c573f70c,0,0
Ce-Ir-Pt-Sn,10,2,uq_only_support_aware,support-final-2d0885c75e15e5c1c573f70c,1,0
Ce-Ir-Pt-Sn,10,2,uq_only_support_aware,support-final-2d0885c75e15e5c1c573f70c,2,0
Ce-Ir-Pt-Sn,10,2,uq_only_support_aware,support-final-2d0885c75e15e5c1c573f70c,3,0
Ce-Ir-Pt-Sn,10,2,uq_only_support_aware,support-final-2d0885c75e15e5c1c573f70c,4,0
Ce-Ir-Pt-Sn,10,2,uq_only_support_aware,support-final-2d0885c75e15e5c1c573f70c,5,0
Ce-Ir-Pt-Sn,10,2,uq_only_support_aware,support-final-2d0885c75e15e5c1c573f70c,6,0
Ce-Ir-Pt-Sn,10,2,uq_only_support_aware,support-final-2d0885c75e15e5c1c573f70c,7,1
Ce-Ir-Pt-Sn,10,2,uq_only_support_aware,support-final-2d0885c75e15e5c1c573f70c,8,2
Ce-Ir-Pt-Sn,10,2,uq_only_support_aware,support-final-2d0885c75e15e5c1c573f70c,9,3
Ce-Ir-Pt-Sn,10,2,uq_only_support_aware,support-final-2d0885c75e15e5c1c573f70c,10,4
Ce-Ir-Pt-Sn,10,2,es_only_independent,component-final-c6bdb2034fb9c02596612ae6,0,0
Ce-Ir-Pt-Sn,10,2,es_only_independent,component-final-c6bdb2034fb9c02596612ae6,1,0
Ce-Ir-Pt-Sn,10,2,es_only_independent,component-final-c6bdb2034fb9c02596612ae6,2,0
Ce-Ir-Pt-Sn,10,2,es_only_independent,component-final-c6bdb2034fb9c02596612ae6,3,0
Ce-Ir-Pt-Sn,10,2,es_only_independent,component-final-c6bdb2034fb9c02596612ae6,4,0
Ce-Ir-Pt-Sn,10,2,es_only_independent,component-final-c6bdb2034fb9c02596612ae6,5,0
Ce-Ir-Pt-Sn,10,2,es_only_independent,component-final-c6bdb2034fb9c02596612ae6,6,0
Ce-Ir-Pt-Sn,10,2,es_only_independent,component-final-c6bdb2034fb9c02596612ae6,7,0
Ce-Ir-Pt-Sn,10,2,es_only_independent,component-final-c6bdb2034fb9c02596612ae6,8,0
Ce-Ir-Pt-Sn,10,2,es_only_independent,component-final-c6bdb2034fb9c02596612ae6,9,0
Ce-Ir-Pt-Sn,10,2,es_only_independent,component-final-c6bdb2034fb9c02596612ae6,10,0
Ce-Ir-Pt-Sn,10,3,es_only_independent,component-final-6384b7b9addad04fec76be49,0,0
Ce-Ir-Pt-Sn,10,3,es_only_independent,component-final-6384b7b9addad04fec76be49,1,0
Ce-Ir-Pt-Sn,10,3,es_only_independent,component-final-6384b7b9addad04fec76be49,2,0
Ce-Ir-Pt-Sn,10,3,es_only_independent,component-final-6384b7b9addad04fec76be49,3,0
Ce-Ir-Pt-Sn,10,3,es_only_independent,component-final-6384b7b9addad04fec76be49,4,0
Ce-Ir-Pt-Sn,10,3,es_only_independent,component-final-6384b7b9addad04fec76be49,5,0
Ce-Ir-Pt-Sn,10,3,es_only_independent,component-final-6384b7b9addad04fec76be49,6,0
Ce-Ir-Pt-Sn,10,3,es_only_independent,component-final-6384b7b9addad04fec76be49,7,0
Ce-Ir-Pt-Sn,10,3,es_only_independent,component-final-6384b7b9addad04fec76be49,8,0
Ce-Ir-Pt-Sn,10,3,es_only_independent,component-final-6384b7b9addad04fec76be49,9,0
Ce-Ir-Pt-Sn,10,3,es_only_independent,component-final-6384b7b9addad04fec76be49,10,0
Ce-Ir-Pt-Sn,10,2,full_support_aware,support-final-f4faf6133fc3e50f03662f80,0,0
Ce-Ir-Pt-Sn,10,2,full_support_aware,support-final-f4faf6133fc3e50f03662f80,1,0
Ce-Ir-Pt-Sn,10,2,full_support_aware,support-final-f4faf6133fc3e50f03662f80,2,0
Ce-Ir-Pt-Sn,10,2,full_support_aware,support-final-f4faf6133fc3e50f03662f80,3,0
Ce-Ir-Pt-Sn,10,2,full_support_aware,support-final-f4faf6133fc3e50f03662f80,4,0
Ce-Ir-Pt-Sn,10,2,full_support_aware,support-final-f4faf6133fc3e50f03662f80,5,0
Ce-Ir-Pt-Sn,10,2,full_support_aware,support-final-f4faf6133fc3e50f03662f80,6,0
Ce-Ir-Pt-Sn,10,2,full_support_aware,support-final-f4faf6133fc3e50f03662f80,7,0
Ce-Ir-Pt-Sn,10,2,full_support_aware,support-final-f4faf6133fc3e50f03662f80,8,0
Ce-Ir-Pt-Sn,10,2,full_support_aware,support-final-f4faf6133fc3e50f03662f80,9,0
Ce-Ir-Pt-Sn,10,2,full_support_aware,support-final-f4faf6133fc3e50f03662f80,10,0
Co-Dy-Ta-Y,10,2,baseline_reference,component-final-e1e2584451753c9a68515b9c,0,0
Co-Dy-Ta-Y,10,2,baseline_reference,component-final-e1e2584451753c9a68515b9c,1,0
Co-Dy-Ta-Y,10,2,baseline_reference,component-final-e1e2584451753c9a68515b9c,2,0
Co-Dy-Ta-Y,10,2,baseline_reference,component-final-e1e2584451753c9a68515b9c,3,0
Co-Dy-Ta-Y,10,2,baseline_reference,component-final-e1e2584451753c9a68515b9c,4,0
Co-Dy-Ta-Y,10,2,baseline_reference,component-final-e1e2584451753c9a68515b9c,5,0
Co-Dy-Ta-Y,10,2,baseline_reference,component-final-e1e2584451753c9a68515b9c,6,0
Co-Dy-Ta-Y,10,2,baseline_reference,component-final-e1e2584451753c9a68515b9c,7,0
Co-Dy-Ta-Y,10,2,baseline_reference,component-final-e1e2584451753c9a68515b9c,8,0
Co-Dy-Ta-Y,10,2,baseline_reference,component-final-e1e2584451753c9a68515b9c,9,0
Co-Dy-Ta-Y,10,2,baseline_reference,component-final-e1e2584451753c9a68515b9c,10,0
Co-Dy-Ta-Y,10,3,baseline_reference,component-final-18353fabceca3a7f51383b08,0,0
Co-Dy-Ta-Y,10,3,baseline_reference,component-final-18353fabceca3a7f51383b08,1,0
Co-Dy-Ta-Y,10,3,baseline_reference,component-final-18353fabceca3a7f51383b08,2,0
Co-Dy-Ta-Y,10,3,baseline_reference,component-final-18353fabceca3a7f51383b08,3,0
Co-Dy-Ta-Y,10,3,baseline_reference,component-final-18353fabceca3a7f51383b08,4,0
Co-Dy-Ta-Y,10,3,baseline_reference,component-final-18353fabceca3a7f51383b08,5,0
Co-Dy-Ta-Y,10,3,baseline_reference,component-final-18353fabceca3a7f51383b08,6,0
Co-Dy-Ta-Y,10,3,baseline_reference,component-final-18353fabceca3a7f51383b08,7,0
Co-Dy-Ta-Y,10,3,baseline_reference,component-final-18353fabceca3a7f51383b08,8,0
Co-Dy-Ta-Y,10,3,baseline_reference,component-final-18353fabceca3a7f51383b08,9,0
Co-Dy-Ta-Y,10,3,baseline_reference,component-final-18353fabceca3a7f51383b08,10,0
Co-Dy-Ta-Y,10,2,uq_only_support_aware,support-final-349b99fdb4b8588d02c5f2ae,0,0
Co-Dy-Ta-Y,10,2,uq_only_support_aware,support-final-349b99fdb4b8588d02c5f2ae,1,0
Co-Dy-Ta-Y,10,2,uq_only_support_aware,support-final-349b99fdb4b8588d02c5f2ae,2,0
Co-Dy-Ta-Y,10,2,uq_only_support_aware,support-final-349b99fdb4b8588d02c5f2ae,3,0
Co-Dy-Ta-Y,10,2,uq_only_support_aware,support-final-349b99fdb4b8588d02c5f2ae,4,0
Co-Dy-Ta-Y,10,2,uq_only_support_aware,support-final-349b99fdb4b8588d02c5f2ae,5,0
Co-Dy-Ta-Y,10,2,uq_only_support_aware,support-final-349b99fdb4b8588d02c5f2ae,6,0
Co-Dy-Ta-Y,10,2,uq_only_support_aware,support-final-349b99fdb4b8588d02c5f2ae,7,0
Co-Dy-Ta-Y,10,2,uq_only_support_aware,support-final-349b99fdb4b8588d02c5f2ae,8,0
Co-Dy-Ta-Y,10,2,uq_only_support_aware,support-final-349b99fdb4b8588d02c5f2ae,9,0
Co-Dy-Ta-Y,10,2,uq_only_support_aware,support-final-349b99fdb4b8588d02c5f2ae,10,0
Co-Dy-Ta-Y,10,2,es_only_independent,component-final-1129dad1b84498cd97482d93,0,0
Co-Dy-Ta-Y,10,2,es_only_independent,component-final-1129dad1b84498cd97482d93,1,0
Co-Dy-Ta-Y,10,2,es_only_independent,component-final-1129dad1b84498cd97482d93,2,0
Co-Dy-Ta-Y,10,2,es_only_independent,component-final-1129dad1b84498cd97482d93,3,0
Co-Dy-Ta-Y,10,2,es_only_independent,component-final-1129dad1b84498cd97482d93,4,0
Co-Dy-Ta-Y,10,2,es_only_independent,component-final-1129dad1b84498cd97482d93,5,0
Co-Dy-Ta-Y,10,2,es_only_independent,component-final-1129dad1b84498cd97482d93,6,0
Co-Dy-Ta-Y,10,2,es_only_independent,component-final-1129dad1b84498cd97482d93,7,0
Co-Dy-Ta-Y,10,2,es_only_independent,component-final-1129dad1b84498cd97482d93,8,0
Co-Dy-Ta-Y,10,2,es_only_independent,component-final-1129dad1b84498cd97482d93,9,0
Co-Dy-Ta-Y,10,2,es_only_independent,component-final-1129dad1b84498cd97482d93,10,0
Co-Dy-Ta-Y,10,3,es_only_independent,component-final-98ab66c718e2c90aa5f5aa56,0,0
Co-Dy-Ta-Y,10,3,es_only_independent,component-final-98ab66c718e2c90aa5f5aa56,1,0
Co-Dy-Ta-Y,10,3,es_only_independent,component-final-98ab66c718e2c90aa5f5aa56,2,0
Co-Dy-Ta-Y,10,3,es_only_independent,component-final-98ab66c718e2c90aa5f5aa56,3,0
Co-Dy-Ta-Y,10,3,es_only_independent,component-final-98ab66c718e2c90aa5f5aa56,4,0
Co-Dy-Ta-Y,10,3,es_only_independent,component-final-98ab66c718e2c90aa5f5aa56,5,0
Co-Dy-Ta-Y,10,3,es_only_independent,component-final-98ab66c718e2c90aa5f5aa56,6,0
Co-Dy-Ta-Y,10,3,es_only_independent,component-final-98ab66c718e2c90aa5f5aa56,7,0
Co-Dy-Ta-Y,10,3,es_only_independent,component-final-98ab66c718e2c90aa5f5aa56,8,0
Co-Dy-Ta-Y,10,3,es_only_independent,component-final-98ab66c718e2c90aa5f5aa56,9,0
Co-Dy-Ta-Y,10,3,es_only_independent,component-final-98ab66c718e2c90aa5f5aa56,10,0
Co-Dy-Ta-Y,10,2,full_support_aware,support-final-7a5ae0a82032daf2b8670e82,0,0
Co-Dy-Ta-Y,10,2,full_support_aware,support-final-7a5ae0a82032daf2b8670e82,1,0
Co-Dy-Ta-Y,10,2,full_support_aware,support-final-7a5ae0a82032daf2b8670e82,2,0
Co-Dy-Ta-Y,10,2,full_support_aware,support-final-7a5ae0a82032daf2b8670e82,3,0
Co-Dy-Ta-Y,10,2,full_support_aware,support-final-7a5ae0a82032daf2b8670e82,4,0
Co-Dy-Ta-Y,10,2,full_support_aware,support-final-7a5ae0a82032daf2b8670e82,5,0
Co-Dy-Ta-Y,10,2,full_support_aware,support-final-7a5ae0a82032daf2b8670e82,6,0
Co-Dy-Ta-Y,10,2,full_support_aware,support-final-7a5ae0a82032daf2b8670e82,7,0
Co-Dy-Ta-Y,10,2,full_support_aware,support-final-7a5ae0a82032daf2b8670e82,8,0
Co-Dy-Ta-Y,10,2,full_support_aware,support-final-7a5ae0a82032daf2b8670e82,9,0
Co-Dy-Ta-Y,10,2,full_support_aware,support-final-7a5ae0a82032daf2b8670e82,10,0
Dy-K-Pd-Sm,10,2,baseline_reference,component-final-bc6d03adbbf9025116dc3880,0,0
Dy-K-Pd-Sm,10,2,baseline_reference,component-final-bc6d03adbbf9025116dc3880,1,0
Dy-K-Pd-Sm,10,2,baseline_reference,component-final-bc6d03adbbf9025116dc3880,2,0
Dy-K-Pd-Sm,10,2,baseline_reference,component-final-bc6d03adbbf9025116dc3880,3,0
Dy-K-Pd-Sm,10,2,baseline_reference,component-final-bc6d03adbbf9025116dc3880,4,0
Dy-K-Pd-Sm,10,2,baseline_reference,component-final-bc6d03adbbf9025116dc3880,5,0
Dy-K-Pd-Sm,10,2,baseline_reference,component-final-bc6d03adbbf9025116dc3880,6,0
Dy-K-Pd-Sm,10,2,baseline_reference,component-final-bc6d03adbbf9025116dc3880,7,0
Dy-K-Pd-Sm,10,2,baseline_reference,component-final-bc6d03adbbf9025116dc3880,8,0
Dy-K-Pd-Sm,10,2,baseline_reference,component-final-bc6d03adbbf9025116dc3880,9,0
Dy-K-Pd-Sm,10,2,baseline_reference,component-final-bc6d03adbbf9025116dc3880,10,0
Dy-K-Pd-Sm,10,3,baseline_reference,component-final-145b2a1f666f8571e635f9f0,0,0
Dy-K-Pd-Sm,10,3,baseline_reference,component-final-145b2a1f666f8571e635f9f0,1,0
Dy-K-Pd-Sm,10,3,baseline_reference,component-final-145b2a1f666f8571e635f9f0,2,0
Dy-K-Pd-Sm,10,3,baseline_reference,component-final-145b2a1f666f8571e635f9f0,3,0
Dy-K-Pd-Sm,10,3,baseline_reference,component-final-145b2a1f666f8571e635f9f0,4,0
Dy-K-Pd-Sm,10,3,baseline_reference,component-final-145b2a1f666f8571e635f9f0,5,0
Dy-K-Pd-Sm,10,3,baseline_reference,component-final-145b2a1f666f8571e635f9f0,6,0
Dy-K-Pd-Sm,10,3,baseline_reference,component-final-145b2a1f666f8571e635f9f0,7,0
Dy-K-Pd-Sm,10,3,baseline_reference,component-final-145b2a1f666f8571e635f9f0,8,0
Dy-K-Pd-Sm,10,3,baseline_reference,component-final-145b2a1f666f8571e635f9f0,9,0
Dy-K-Pd-Sm,10,3,baseline_reference,component-final-145b2a1f666f8571e635f9f0,10,0
Dy-K-Pd-Sm,10,2,uq_only_support_aware,support-final-47c6f8bbe11d4113160062d7,0,0
Dy-K-Pd-Sm,10,2,uq_only_support_aware,support-final-47c6f8bbe11d4113160062d7,1,0
Dy-K-Pd-Sm,10,2,uq_only_support_aware,support-final-47c6f8bbe11d4113160062d7,2,0
Dy-K-Pd-Sm,10,2,uq_only_support_aware,support-final-47c6f8bbe11d4113160062d7,3,0
Dy-K-Pd-Sm,10,2,uq_only_support_aware,support-final-47c6f8bbe11d4113160062d7,4,0
Dy-K-Pd-Sm,10,2,uq_only_support_aware,support-final-47c6f8bbe11d4113160062d7,5,0
Dy-K-Pd-Sm,10,2,uq_only_support_aware,support-final-47c6f8bbe11d4113160062d7,6,0
Dy-K-Pd-Sm,10,2,uq_only_support_aware,support-final-47c6f8bbe11d4113160062d7,7,0
Dy-K-Pd-Sm,10,2,uq_only_support_aware,support-final-47c6f8bbe11d4113160062d7,8,0
Dy-K-Pd-Sm,10,2,uq_only_support_aware,support-final-47c6f8bbe11d4113160062d7,9,0
Dy-K-Pd-Sm,10,2,uq_only_support_aware,support-final-47c6f8bbe11d4113160062d7,10,0
Dy-K-Pd-Sm,10,2,es_only_independent,component-final-d4098dfa8cbe9dc8328be3ba,0,0
Dy-K-Pd-Sm,10,2,es_only_independent,component-final-d4098dfa8cbe9dc8328be3ba,1,0
Dy-K-Pd-Sm,10,2,es_only_independent,component-final-d4098dfa8cbe9dc8328be3ba,2,0
Dy-K-Pd-Sm,10,2,es_only_independent,component-final-d4098dfa8cbe9dc8328be3ba,3,0
Dy-K-Pd-Sm,10,2,es_only_independent,component-final-d4098dfa8cbe9dc8328be3ba,4,0
Dy-K-Pd-Sm,10,2,es_only_independent,component-final-d4098dfa8cbe9dc8328be3ba,5,0
Dy-K-Pd-Sm,10,2,es_only_independent,component-final-d4098dfa8cbe9dc8328be3ba,6,0
Dy-K-Pd-Sm,10,2,es_only_independent,component-final-d4098dfa8cbe9dc8328be3ba,7,0
Dy-K-Pd-Sm,10,2,es_only_independent,component-final-d4098dfa8cbe9dc8328be3ba,8,0
Dy-K-Pd-Sm,10,2,es_only_independent,component-final-d4098dfa8cbe9dc8328be3ba,9,0
Dy-K-Pd-Sm,10,2,es_only_independent,component-final-d4098dfa8cbe9dc8328be3ba,10,0
Dy-K-Pd-Sm,10,3,es_only_independent,component-final-144d9b0222dbba7a420c0156,0,0
Dy-K-Pd-Sm,10,3,es_only_independent,component-final-144d9b0222dbba7a420c0156,1,0
Dy-K-Pd-Sm,10,3,es_only_independent,component-final-144d9b0222dbba7a420c0156,2,0
Dy-K-Pd-Sm,10,3,es_only_independent,component-final-144d9b0222dbba7a420c0156,3,0
Dy-K-Pd-Sm,10,3,es_only_independent,component-final-144d9b0222dbba7a420c0156,4,0
Dy-K-Pd-Sm,10,3,es_only_independent,component-final-144d9b0222dbba7a420c0156,5,0
Dy-K-Pd-Sm,10,3,es_only_independent,component-final-144d9b0222dbba7a420c0156,6,0
Dy-K-Pd-Sm,10,3,es_only_independent,component-final-144d9b0222dbba7a420c0156,7,0
Dy-K-Pd-Sm,10,3,es_only_independent,component-final-144d9b0222dbba7a420c0156,8,0
Dy-K-Pd-Sm,10,3,es_only_independent,component-final-144d9b0222dbba7a420c0156,9,0
Dy-K-Pd-Sm,10,3,es_only_independent,component-final-144d9b0222dbba7a420c0156,10,0
Dy-K-Pd-Sm,10,2,full_support_aware,support-final-ae70b098ac34ffb7a212b8bc,0,0
Dy-K-Pd-Sm,10,2,full_support_aware,support-final-ae70b098ac34ffb7a212b8bc,1,0
Dy-K-Pd-Sm,10,2,full_support_aware,support-final-ae70b098ac34ffb7a212b8bc,2,0
Dy-K-Pd-Sm,10,2,full_support_aware,support-final-ae70b098ac34ffb7a212b8bc,3,0
Dy-K-Pd-Sm,10,2,full_support_aware,support-final-ae70b098ac34ffb7a212b8bc,4,0
Dy-K-Pd-Sm,10,2,full_support_aware,support-final-ae70b098ac34ffb7a212b8bc,5,0
Dy-K-Pd-Sm,10,2,full_support_aware,support-final-ae70b098ac34ffb7a212b8bc,6,0
Dy-K-Pd-Sm,10,2,full_support_aware,support-final-ae70b098ac34ffb7a212b8bc,7,0
Dy-K-Pd-Sm,10,2,full_support_aware,support-final-ae70b098ac34ffb7a212b8bc,8,0
Dy-K-Pd-Sm,10,2,full_support_aware,support-final-ae70b098ac34ffb7a212b8bc,9,0
Dy-K-Pd-Sm,10,2,full_support_aware,support-final-ae70b098ac34ffb7a212b8bc,10,0
Eu-Nb-Sn-Tl,10,2,baseline_reference,component-final-6f752c4aa7ce2b59b8b786ac,0,0
Eu-Nb-Sn-Tl,10,2,baseline_reference,component-final-6f752c4aa7ce2b59b8b786ac,1,0
Eu-Nb-Sn-Tl,10,2,baseline_reference,component-final-6f752c4aa7ce2b59b8b786ac,2,0
Eu-Nb-Sn-Tl,10,2,baseline_reference,component-final-6f752c4aa7ce2b59b8b786ac,3,0
Eu-Nb-Sn-Tl,10,2,baseline_reference,component-final-6f752c4aa7ce2b59b8b786ac,4,0
Eu-Nb-Sn-Tl,10,2,baseline_reference,component-final-6f752c4aa7ce2b59b8b786ac,5,0
Eu-Nb-Sn-Tl,10,2,baseline_reference,component-final-6f752c4aa7ce2b59b8b786ac,6,0
Eu-Nb-Sn-Tl,10,2,baseline_reference,component-final-6f752c4aa7ce2b59b8b786ac,7,0
Eu-Nb-Sn-Tl,10,2,baseline_reference,component-final-6f752c4aa7ce2b59b8b786ac,8,0
Eu-Nb-Sn-Tl,10,2,baseline_reference,component-final-6f752c4aa7ce2b59b8b786ac,9,0
Eu-Nb-Sn-Tl,10,2,baseline_reference,component-final-6f752c4aa7ce2b59b8b786ac,10,0
Eu-Nb-Sn-Tl,10,3,baseline_reference,component-final-5928474b7a9036a2bb1990fb,0,0
Eu-Nb-Sn-Tl,10,3,baseline_reference,component-final-5928474b7a9036a2bb1990fb,1,0
Eu-Nb-Sn-Tl,10,3,baseline_reference,component-final-5928474b7a9036a2bb1990fb,2,0
Eu-Nb-Sn-Tl,10,3,baseline_reference,component-final-5928474b7a9036a2bb1990fb,3,0
Eu-Nb-Sn-Tl,10,3,baseline_reference,component-final-5928474b7a9036a2bb1990fb,4,0
Eu-Nb-Sn-Tl,10,3,baseline_reference,component-final-5928474b7a9036a2bb1990fb,5,0
Eu-Nb-Sn-Tl,10,3,baseline_reference,component-final-5928474b7a9036a2bb1990fb,6,0
Eu-Nb-Sn-Tl,10,3,baseline_reference,component-final-5928474b7a9036a2bb1990fb,7,0
Eu-Nb-Sn-Tl,10,3,baseline_reference,component-final-5928474b7a9036a2bb1990fb,8,0
Eu-Nb-Sn-Tl,10,3,baseline_reference,component-final-5928474b7a9036a2bb1990fb,9,0
Eu-Nb-Sn-Tl,10,3,baseline_reference,component-final-5928474b7a9036a2bb1990fb,10,0
Eu-Nb-Sn-Tl,10,2,uq_only_support_aware,support-final-e8889b22eaf49d12012a1c9a,0,0
Eu-Nb-Sn-Tl,10,2,uq_only_support_aware,support-final-e8889b22eaf49d12012a1c9a,1,0
Eu-Nb-Sn-Tl,10,2,uq_only_support_aware,support-final-e8889b22eaf49d12012a1c9a,2,0
Eu-Nb-Sn-Tl,10,2,uq_only_support_aware,support-final-e8889b22eaf49d12012a1c9a,3,0
Eu-Nb-Sn-Tl,10,2,uq_only_support_aware,support-final-e8889b22eaf49d12012a1c9a,4,0
Eu-Nb-Sn-Tl,10,2,uq_only_support_aware,support-final-e8889b22eaf49d12012a1c9a,5,0
Eu-Nb-Sn-Tl,10,2,uq_only_support_aware,support-final-e8889b22eaf49d12012a1c9a,6,0
Eu-Nb-Sn-Tl,10,2,uq_only_support_aware,support-final-e8889b22eaf49d12012a1c9a,7,0
Eu-Nb-Sn-Tl,10,2,uq_only_support_aware,support-final-e8889b22eaf49d12012a1c9a,8,0
Eu-Nb-Sn-Tl,10,2,uq_only_support_aware,support-final-e8889b22eaf49d12012a1c9a,9,0
Eu-Nb-Sn-Tl,10,2,uq_only_support_aware,support-final-e8889b22eaf49d12012a1c9a,10,0
Eu-Nb-Sn-Tl,10,2,es_only_independent,component-final-fafba8759d6f40907d40623e,0,0
Eu-Nb-Sn-Tl,10,2,es_only_independent,component-final-fafba8759d6f40907d40623e,1,0
Eu-Nb-Sn-Tl,10,2,es_only_independent,component-final-fafba8759d6f40907d40623e,2,0
Eu-Nb-Sn-Tl,10,2,es_only_independent,component-final-fafba8759d6f40907d40623e,3,0
Eu-Nb-Sn-Tl,10,2,es_only_independent,component-final-fafba8759d6f40907d40623e,4,0
Eu-Nb-Sn-Tl,10,2,es_only_independent,component-final-fafba8759d6f40907d40623e,5,0
Eu-Nb-Sn-Tl,10,2,es_only_independent,component-final-fafba8759d6f40907d40623e,6,0
Eu-Nb-Sn-Tl,10,2,es_only_independent,component-final-fafba8759d6f40907d40623e,7,0
Eu-Nb-Sn-Tl,10,2,es_only_independent,component-final-fafba8759d6f40907d40623e,8,0
Eu-Nb-Sn-Tl,10,2,es_only_independent,component-final-fafba8759d6f40907d40623e,9,0
Eu-Nb-Sn-Tl,10,2,es_only_independent,component-final-fafba8759d6f40907d40623e,10,0
Eu-Nb-Sn-Tl,10,3,es_only_independent,component-final-e95438499fb6b1c7c9e49934,0,0
Eu-Nb-Sn-Tl,10,3,es_only_independent,component-final-e95438499fb6b1c7c9e49934,1,0
Eu-Nb-Sn-Tl,10,3,es_only_independent,component-final-e95438499fb6b1c7c9e49934,2,0
Eu-Nb-Sn-Tl,10,3,es_only_independent,component-final-e95438499fb6b1c7c9e49934,3,0
Eu-Nb-Sn-Tl,10,3,es_only_independent,component-final-e95438499fb6b1c7c9e49934,4,0
Eu-Nb-Sn-Tl,10,3,es_only_independent,component-final-e95438499fb6b1c7c9e49934,5,0
Eu-Nb-Sn-Tl,10,3,es_only_independent,component-final-e95438499fb6b1c7c9e49934,6,0
Eu-Nb-Sn-Tl,10,3,es_only_independent,component-final-e95438499fb6b1c7c9e49934,7,0
Eu-Nb-Sn-Tl,10,3,es_only_independent,component-final-e95438499fb6b1c7c9e49934,8,0
Eu-Nb-Sn-Tl,10,3,es_only_independent,component-final-e95438499fb6b1c7c9e49934,9,0
Eu-Nb-Sn-Tl,10,3,es_only_independent,component-final-e95438499fb6b1c7c9e49934,10,0
Eu-Nb-Sn-Tl,10,2,full_support_aware,support-final-0f1e8770273e505e68224b59,0,0
Eu-Nb-Sn-Tl,10,2,full_support_aware,support-final-0f1e8770273e505e68224b59,1,0
Eu-Nb-Sn-Tl,10,2,full_support_aware,support-final-0f1e8770273e505e68224b59,2,0
Eu-Nb-Sn-Tl,10,2,full_support_aware,support-final-0f1e8770273e505e68224b59,3,0
Eu-Nb-Sn-Tl,10,2,full_support_aware,support-final-0f1e8770273e505e68224b59,4,0
Eu-Nb-Sn-Tl,10,2,full_support_aware,support-final-0f1e8770273e505e68224b59,5,0
Eu-Nb-Sn-Tl,10,2,full_support_aware,support-final-0f1e8770273e505e68224b59,6,0
Eu-Nb-Sn-Tl,10,2,full_support_aware,support-final-0f1e8770273e505e68224b59,7,0
Eu-Nb-Sn-Tl,10,2,full_support_aware,support-final-0f1e8770273e505e68224b59,8,0
Eu-Nb-Sn-Tl,10,2,full_support_aware,support-final-0f1e8770273e505e68224b59,9,0
Eu-Nb-Sn-Tl,10,2,full_support_aware,support-final-0f1e8770273e505e68224b59,10,0
Ag-Nd-Pd-Pt-Tb,10,2,baseline_reference,component-final-6d5473721558c3870efb2bf0,0,0
Ag-Nd-Pd-Pt-Tb,10,2,baseline_reference,component-final-6d5473721558c3870efb2bf0,1,1
Ag-Nd-Pd-Pt-Tb,10,2,baseline_reference,component-final-6d5473721558c3870efb2bf0,2,1
Ag-Nd-Pd-Pt-Tb,10,2,baseline_reference,component-final-6d5473721558c3870efb2bf0,3,1
Ag-Nd-Pd-Pt-Tb,10,2,baseline_reference,component-final-6d5473721558c3870efb2bf0,4,1
Ag-Nd-Pd-Pt-Tb,10,2,baseline_reference,component-final-6d5473721558c3870efb2bf0,5,1
Ag-Nd-Pd-Pt-Tb,10,2,baseline_reference,component-final-6d5473721558c3870efb2bf0,6,1
Ag-Nd-Pd-Pt-Tb,10,2,baseline_reference,component-final-6d5473721558c3870efb2bf0,7,1
Ag-Nd-Pd-Pt-Tb,10,2,baseline_reference,component-final-6d5473721558c3870efb2bf0,8,1
Ag-Nd-Pd-Pt-Tb,10,2,baseline_reference,component-final-6d5473721558c3870efb2bf0,9,1
Ag-Nd-Pd-Pt-Tb,10,2,baseline_reference,component-final-6d5473721558c3870efb2bf0,10,1
Ag-Nd-Pd-Pt-Tb,10,3,baseline_reference,component-final-4477c900e2dd8e31a3b70f25,0,0
Ag-Nd-Pd-Pt-Tb,10,3,baseline_reference,component-final-4477c900e2dd8e31a3b70f25,1,0
Ag-Nd-Pd-Pt-Tb,10,3,baseline_reference,component-final-4477c900e2dd8e31a3b70f25,2,1
Ag-Nd-Pd-Pt-Tb,10,3,baseline_reference,component-final-4477c900e2dd8e31a3b70f25,3,1
Ag-Nd-Pd-Pt-Tb,10,3,baseline_reference,component-final-4477c900e2dd8e31a3b70f25,4,2
Ag-Nd-Pd-Pt-Tb,10,3,baseline_reference,component-final-4477c900e2dd8e31a3b70f25,5,2
Ag-Nd-Pd-Pt-Tb,10,3,baseline_reference,component-final-4477c900e2dd8e31a3b70f25,6,3
Ag-Nd-Pd-Pt-Tb,10,3,baseline_reference,component-final-4477c900e2dd8e31a3b70f25,7,3
Ag-Nd-Pd-Pt-Tb,10,3,baseline_reference,component-final-4477c900e2dd8e31a3b70f25,8,3
Ag-Nd-Pd-Pt-Tb,10,3,baseline_reference,component-final-4477c900e2dd8e31a3b70f25,9,4
Ag-Nd-Pd-Pt-Tb,10,3,baseline_reference,component-final-4477c900e2dd8e31a3b70f25,10,5
Ag-Nd-Pd-Pt-Tb,10,2,uq_only_support_aware,support-final-30aebf8adbd08b45cc3864e7,0,0
Ag-Nd-Pd-Pt-Tb,10,2,uq_only_support_aware,support-final-30aebf8adbd08b45cc3864e7,1,1
Ag-Nd-Pd-Pt-Tb,10,2,uq_only_support_aware,support-final-30aebf8adbd08b45cc3864e7,2,1
Ag-Nd-Pd-Pt-Tb,10,2,uq_only_support_aware,support-final-30aebf8adbd08b45cc3864e7,3,1
Ag-Nd-Pd-Pt-Tb,10,2,uq_only_support_aware,support-final-30aebf8adbd08b45cc3864e7,4,1
Ag-Nd-Pd-Pt-Tb,10,2,uq_only_support_aware,support-final-30aebf8adbd08b45cc3864e7,5,1
Ag-Nd-Pd-Pt-Tb,10,2,uq_only_support_aware,support-final-30aebf8adbd08b45cc3864e7,6,1
Ag-Nd-Pd-Pt-Tb,10,2,uq_only_support_aware,support-final-30aebf8adbd08b45cc3864e7,7,1
Ag-Nd-Pd-Pt-Tb,10,2,uq_only_support_aware,support-final-30aebf8adbd08b45cc3864e7,8,1
Ag-Nd-Pd-Pt-Tb,10,2,uq_only_support_aware,support-final-30aebf8adbd08b45cc3864e7,9,1
Ag-Nd-Pd-Pt-Tb,10,2,uq_only_support_aware,support-final-30aebf8adbd08b45cc3864e7,10,1
Ag-Nd-Pd-Pt-Tb,10,2,es_only_independent,component-final-658579de12b4954507ee6cad,0,0
Ag-Nd-Pd-Pt-Tb,10,2,es_only_independent,component-final-658579de12b4954507ee6cad,1,1
Ag-Nd-Pd-Pt-Tb,10,2,es_only_independent,component-final-658579de12b4954507ee6cad,2,1
Ag-Nd-Pd-Pt-Tb,10,2,es_only_independent,component-final-658579de12b4954507ee6cad,3,1
Ag-Nd-Pd-Pt-Tb,10,2,es_only_independent,component-final-658579de12b4954507ee6cad,4,1
Ag-Nd-Pd-Pt-Tb,10,2,es_only_independent,component-final-658579de12b4954507ee6cad,5,1
Ag-Nd-Pd-Pt-Tb,10,2,es_only_independent,component-final-658579de12b4954507ee6cad,6,1
Ag-Nd-Pd-Pt-Tb,10,2,es_only_independent,component-final-658579de12b4954507ee6cad,7,1
Ag-Nd-Pd-Pt-Tb,10,2,es_only_independent,component-final-658579de12b4954507ee6cad,8,1
Ag-Nd-Pd-Pt-Tb,10,2,es_only_independent,component-final-658579de12b4954507ee6cad,9,2
Ag-Nd-Pd-Pt-Tb,10,2,es_only_independent,component-final-658579de12b4954507ee6cad,10,2
Ag-Nd-Pd-Pt-Tb,10,3,es_only_independent,component-final-4d966b1fc9fedd8efaa41bf2,0,0
Ag-Nd-Pd-Pt-Tb,10,3,es_only_independent,component-final-4d966b1fc9fedd8efaa41bf2,1,1
Ag-Nd-Pd-Pt-Tb,10,3,es_only_independent,component-final-4d966b1fc9fedd8efaa41bf2,2,1
Ag-Nd-Pd-Pt-Tb,10,3,es_only_independent,component-final-4d966b1fc9fedd8efaa41bf2,3,1
Ag-Nd-Pd-Pt-Tb,10,3,es_only_independent,component-final-4d966b1fc9fedd8efaa41bf2,4,2
Ag-Nd-Pd-Pt-Tb,10,3,es_only_independent,component-final-4d966b1fc9fedd8efaa41bf2,5,3
Ag-Nd-Pd-Pt-Tb,10,3,es_only_independent,component-final-4d966b1fc9fedd8efaa41bf2,6,4
Ag-Nd-Pd-Pt-Tb,10,3,es_only_independent,component-final-4d966b1fc9fedd8efaa41bf2,7,5
Ag-Nd-Pd-Pt-Tb,10,3,es_only_independent,component-final-4d966b1fc9fedd8efaa41bf2,8,6
Ag-Nd-Pd-Pt-Tb,10,3,es_only_independent,component-final-4d966b1fc9fedd8efaa41bf2,9,6
Ag-Nd-Pd-Pt-Tb,10,3,es_only_independent,component-final-4d966b1fc9fedd8efaa41bf2,10,7
Ag-Nd-Pd-Pt-Tb,10,2,full_support_aware,support-final-6c28174809966ea018c63137,0,0
Ag-Nd-Pd-Pt-Tb,10,2,full_support_aware,support-final-6c28174809966ea018c63137,1,1
Ag-Nd-Pd-Pt-Tb,10,2,full_support_aware,support-final-6c28174809966ea018c63137,2,1
Ag-Nd-Pd-Pt-Tb,10,2,full_support_aware,support-final-6c28174809966ea018c63137,3,2
Ag-Nd-Pd-Pt-Tb,10,2,full_support_aware,support-final-6c28174809966ea018c63137,4,2
Ag-Nd-Pd-Pt-Tb,10,2,full_support_aware,support-final-6c28174809966ea018c63137,5,3
Ag-Nd-Pd-Pt-Tb,10,2,full_support_aware,support-final-6c28174809966ea018c63137,6,3
Ag-Nd-Pd-Pt-Tb,10,2,full_support_aware,support-final-6c28174809966ea018c63137,7,3
Ag-Nd-Pd-Pt-Tb,10,2,full_support_aware,support-final-6c28174809966ea018c63137,8,3
Ag-Nd-Pd-Pt-Tb,10,2,full_support_aware,support-final-6c28174809966ea018c63137,9,3
Ag-Nd-Pd-Pt-Tb,10,2,full_support_aware,support-final-6c28174809966ea018c63137,10,4
Al-Hg-K-Mg-W,10,2,baseline_reference,component-final-65359526d44b738db68c8fa8,0,0
Al-Hg-K-Mg-W,10,2,baseline_reference,component-final-65359526d44b738db68c8fa8,1,1
Al-Hg-K-Mg-W,10,2,baseline_reference,component-final-65359526d44b738db68c8fa8,2,2
Al-Hg-K-Mg-W,10,2,baseline_reference,component-final-65359526d44b738db68c8fa8,3,2
Al-Hg-K-Mg-W,10,2,baseline_reference,component-final-65359526d44b738db68c8fa8,4,3
Al-Hg-K-Mg-W,10,2,baseline_reference,component-final-65359526d44b738db68c8fa8,5,4
Al-Hg-K-Mg-W,10,2,baseline_reference,component-final-65359526d44b738db68c8fa8,6,5
Al-Hg-K-Mg-W,10,2,baseline_reference,component-final-65359526d44b738db68c8fa8,7,5
Al-Hg-K-Mg-W,10,2,baseline_reference,component-final-65359526d44b738db68c8fa8,8,6
Al-Hg-K-Mg-W,10,2,baseline_reference,component-final-65359526d44b738db68c8fa8,9,7
Al-Hg-K-Mg-W,10,2,baseline_reference,component-final-65359526d44b738db68c8fa8,10,7
Al-Hg-K-Mg-W,10,3,baseline_reference,component-final-d006a0b67ef88cf1f691d6ec,0,0
Al-Hg-K-Mg-W,10,3,baseline_reference,component-final-d006a0b67ef88cf1f691d6ec,1,0
Al-Hg-K-Mg-W,10,3,baseline_reference,component-final-d006a0b67ef88cf1f691d6ec,2,0
Al-Hg-K-Mg-W,10,3,baseline_reference,component-final-d006a0b67ef88cf1f691d6ec,3,0
Al-Hg-K-Mg-W,10,3,baseline_reference,component-final-d006a0b67ef88cf1f691d6ec,4,0
Al-Hg-K-Mg-W,10,3,baseline_reference,component-final-d006a0b67ef88cf1f691d6ec,5,0
Al-Hg-K-Mg-W,10,3,baseline_reference,component-final-d006a0b67ef88cf1f691d6ec,6,0
Al-Hg-K-Mg-W,10,3,baseline_reference,component-final-d006a0b67ef88cf1f691d6ec,7,0
Al-Hg-K-Mg-W,10,3,baseline_reference,component-final-d006a0b67ef88cf1f691d6ec,8,0
Al-Hg-K-Mg-W,10,3,baseline_reference,component-final-d006a0b67ef88cf1f691d6ec,9,0
Al-Hg-K-Mg-W,10,3,baseline_reference,component-final-d006a0b67ef88cf1f691d6ec,10,0
Al-Hg-K-Mg-W,10,2,uq_only_support_aware,support-final-4652432618bc44a593bc6aeb,0,0
Al-Hg-K-Mg-W,10,2,uq_only_support_aware,support-final-4652432618bc44a593bc6aeb,1,0
Al-Hg-K-Mg-W,10,2,uq_only_support_aware,support-final-4652432618bc44a593bc6aeb,2,1
Al-Hg-K-Mg-W,10,2,uq_only_support_aware,support-final-4652432618bc44a593bc6aeb,3,1
Al-Hg-K-Mg-W,10,2,uq_only_support_aware,support-final-4652432618bc44a593bc6aeb,4,1
Al-Hg-K-Mg-W,10,2,uq_only_support_aware,support-final-4652432618bc44a593bc6aeb,5,1
Al-Hg-K-Mg-W,10,2,uq_only_support_aware,support-final-4652432618bc44a593bc6aeb,6,1
Al-Hg-K-Mg-W,10,2,uq_only_support_aware,support-final-4652432618bc44a593bc6aeb,7,2
Al-Hg-K-Mg-W,10,2,uq_only_support_aware,support-final-4652432618bc44a593bc6aeb,8,3
Al-Hg-K-Mg-W,10,2,uq_only_support_aware,support-final-4652432618bc44a593bc6aeb,9,3
Al-Hg-K-Mg-W,10,2,uq_only_support_aware,support-final-4652432618bc44a593bc6aeb,10,3
Al-Hg-K-Mg-W,10,2,es_only_independent,component-final-303cf537a07827fa724d66ad,0,0
Al-Hg-K-Mg-W,10,2,es_only_independent,component-final-303cf537a07827fa724d66ad,1,0
Al-Hg-K-Mg-W,10,2,es_only_independent,component-final-303cf537a07827fa724d66ad,2,0
Al-Hg-K-Mg-W,10,2,es_only_independent,component-final-303cf537a07827fa724d66ad,3,0
Al-Hg-K-Mg-W,10,2,es_only_independent,component-final-303cf537a07827fa724d66ad,4,0
Al-Hg-K-Mg-W,10,2,es_only_independent,component-final-303cf537a07827fa724d66ad,5,0
Al-Hg-K-Mg-W,10,2,es_only_independent,component-final-303cf537a07827fa724d66ad,6,0
Al-Hg-K-Mg-W,10,2,es_only_independent,component-final-303cf537a07827fa724d66ad,7,0
Al-Hg-K-Mg-W,10,2,es_only_independent,component-final-303cf537a07827fa724d66ad,8,0
Al-Hg-K-Mg-W,10,2,es_only_independent,component-final-303cf537a07827fa724d66ad,9,0
Al-Hg-K-Mg-W,10,2,es_only_independent,component-final-303cf537a07827fa724d66ad,10,0
Al-Hg-K-Mg-W,10,3,es_only_independent,component-final-54b96d595037aafd35c6f5b8,0,0
Al-Hg-K-Mg-W,10,3,es_only_independent,component-final-54b96d595037aafd35c6f5b8,1,0
Al-Hg-K-Mg-W,10,3,es_only_independent,component-final-54b96d595037aafd35c6f5b8,2,0
Al-Hg-K-Mg-W,10,3,es_only_independent,component-final-54b96d595037aafd35c6f5b8,3,0
Al-Hg-K-Mg-W,10,3,es_only_independent,component-final-54b96d595037aafd35c6f5b8,4,0
Al-Hg-K-Mg-W,10,3,es_only_independent,component-final-54b96d595037aafd35c6f5b8,5,0
Al-Hg-K-Mg-W,10,3,es_only_independent,component-final-54b96d595037aafd35c6f5b8,6,0
Al-Hg-K-Mg-W,10,3,es_only_independent,component-final-54b96d595037aafd35c6f5b8,7,0
Al-Hg-K-Mg-W,10,3,es_only_independent,component-final-54b96d595037aafd35c6f5b8,8,0
Al-Hg-K-Mg-W,10,3,es_only_independent,component-final-54b96d595037aafd35c6f5b8,9,0
Al-Hg-K-Mg-W,10,3,es_only_independent,component-final-54b96d595037aafd35c6f5b8,10,0
Al-Hg-K-Mg-W,10,2,full_support_aware,support-final-c3dbabc87b2a3c1267811fc6,0,0
Al-Hg-K-Mg-W,10,2,full_support_aware,support-final-c3dbabc87b2a3c1267811fc6,1,0
Al-Hg-K-Mg-W,10,2,full_support_aware,support-final-c3dbabc87b2a3c1267811fc6,2,0
Al-Hg-K-Mg-W,10,2,full_support_aware,support-final-c3dbabc87b2a3c1267811fc6,3,0
Al-Hg-K-Mg-W,10,2,full_support_aware,support-final-c3dbabc87b2a3c1267811fc6,4,0
Al-Hg-K-Mg-W,10,2,full_support_aware,support-final-c3dbabc87b2a3c1267811fc6,5,0
Al-Hg-K-Mg-W,10,2,full_support_aware,support-final-c3dbabc87b2a3c1267811fc6,6,0
Al-Hg-K-Mg-W,10,2,full_support_aware,support-final-c3dbabc87b2a3c1267811fc6,7,0
Al-Hg-K-Mg-W,10,2,full_support_aware,support-final-c3dbabc87b2a3c1267811fc6,8,0
Al-Hg-K-Mg-W,10,2,full_support_aware,support-final-c3dbabc87b2a3c1267811fc6,9,0
Al-Hg-K-Mg-W,10,2,full_support_aware,support-final-c3dbabc87b2a3c1267811fc6,10,0
Al-Lu-Pt-Rb-Sm,10,2,baseline_reference,component-final-c17930ac49e496ac3296f57e,0,0
Al-Lu-Pt-Rb-Sm,10,2,baseline_reference,component-final-c17930ac49e496ac3296f57e,1,0
Al-Lu-Pt-Rb-Sm,10,2,baseline_reference,component-final-c17930ac49e496ac3296f57e,2,0
Al-Lu-Pt-Rb-Sm,10,2,baseline_reference,component-final-c17930ac49e496ac3296f57e,3,0
Al-Lu-Pt-Rb-Sm,10,2,baseline_reference,component-final-c17930ac49e496ac3296f57e,4,0
Al-Lu-Pt-Rb-Sm,10,2,baseline_reference,component-final-c17930ac49e496ac3296f57e,5,0
Al-Lu-Pt-Rb-Sm,10,2,baseline_reference,component-final-c17930ac49e496ac3296f57e,6,0
Al-Lu-Pt-Rb-Sm,10,2,baseline_reference,component-final-c17930ac49e496ac3296f57e,7,0
Al-Lu-Pt-Rb-Sm,10,2,baseline_reference,component-final-c17930ac49e496ac3296f57e,8,0
Al-Lu-Pt-Rb-Sm,10,2,baseline_reference,component-final-c17930ac49e496ac3296f57e,9,0
Al-Lu-Pt-Rb-Sm,10,2,baseline_reference,component-final-c17930ac49e496ac3296f57e,10,0
Al-Lu-Pt-Rb-Sm,10,3,baseline_reference,component-final-4cc5602a266350a3ae17a310,0,0
Al-Lu-Pt-Rb-Sm,10,3,baseline_reference,component-final-4cc5602a266350a3ae17a310,1,0
Al-Lu-Pt-Rb-Sm,10,3,baseline_reference,component-final-4cc5602a266350a3ae17a310,2,0
Al-Lu-Pt-Rb-Sm,10,3,baseline_reference,component-final-4cc5602a266350a3ae17a310,3,0
Al-Lu-Pt-Rb-Sm,10,3,baseline_reference,component-final-4cc5602a266350a3ae17a310,4,0
Al-Lu-Pt-Rb-Sm,10,3,baseline_reference,component-final-4cc5602a266350a3ae17a310,5,1
Al-Lu-Pt-Rb-Sm,10,3,baseline_reference,component-final-4cc5602a266350a3ae17a310,6,1
Al-Lu-Pt-Rb-Sm,10,3,baseline_reference,component-final-4cc5602a266350a3ae17a310,7,2
Al-Lu-Pt-Rb-Sm,10,3,baseline_reference,component-final-4cc5602a266350a3ae17a310,8,3
Al-Lu-Pt-Rb-Sm,10,3,baseline_reference,component-final-4cc5602a266350a3ae17a310,9,3
Al-Lu-Pt-Rb-Sm,10,3,baseline_reference,component-final-4cc5602a266350a3ae17a310,10,3
Al-Lu-Pt-Rb-Sm,10,2,uq_only_support_aware,support-final-48aa8582fb12f751085565ea,0,0
Al-Lu-Pt-Rb-Sm,10,2,uq_only_support_aware,support-final-48aa8582fb12f751085565ea,1,0
Al-Lu-Pt-Rb-Sm,10,2,uq_only_support_aware,support-final-48aa8582fb12f751085565ea,2,0
Al-Lu-Pt-Rb-Sm,10,2,uq_only_support_aware,support-final-48aa8582fb12f751085565ea,3,0
Al-Lu-Pt-Rb-Sm,10,2,uq_only_support_aware,support-final-48aa8582fb12f751085565ea,4,0
Al-Lu-Pt-Rb-Sm,10,2,uq_only_support_aware,support-final-48aa8582fb12f751085565ea,5,0
Al-Lu-Pt-Rb-Sm,10,2,uq_only_support_aware,support-final-48aa8582fb12f751085565ea,6,0
Al-Lu-Pt-Rb-Sm,10,2,uq_only_support_aware,support-final-48aa8582fb12f751085565ea,7,0
Al-Lu-Pt-Rb-Sm,10,2,uq_only_support_aware,support-final-48aa8582fb12f751085565ea,8,0
Al-Lu-Pt-Rb-Sm,10,2,uq_only_support_aware,support-final-48aa8582fb12f751085565ea,9,0
Al-Lu-Pt-Rb-Sm,10,2,uq_only_support_aware,support-final-48aa8582fb12f751085565ea,10,0
Al-Lu-Pt-Rb-Sm,10,2,es_only_independent,component-final-f3b046cbfbd52f15ff57e51a,0,0
Al-Lu-Pt-Rb-Sm,10,2,es_only_independent,component-final-f3b046cbfbd52f15ff57e51a,1,0
Al-Lu-Pt-Rb-Sm,10,2,es_only_independent,component-final-f3b046cbfbd52f15ff57e51a,2,0
Al-Lu-Pt-Rb-Sm,10,2,es_only_independent,component-final-f3b046cbfbd52f15ff57e51a,3,0
Al-Lu-Pt-Rb-Sm,10,2,es_only_independent,component-final-f3b046cbfbd52f15ff57e51a,4,0
Al-Lu-Pt-Rb-Sm,10,2,es_only_independent,component-final-f3b046cbfbd52f15ff57e51a,5,0
Al-Lu-Pt-Rb-Sm,10,2,es_only_independent,component-final-f3b046cbfbd52f15ff57e51a,6,0
Al-Lu-Pt-Rb-Sm,10,2,es_only_independent,component-final-f3b046cbfbd52f15ff57e51a,7,0
Al-Lu-Pt-Rb-Sm,10,2,es_only_independent,component-final-f3b046cbfbd52f15ff57e51a,8,0
Al-Lu-Pt-Rb-Sm,10,2,es_only_independent,component-final-f3b046cbfbd52f15ff57e51a,9,0
Al-Lu-Pt-Rb-Sm,10,2,es_only_independent,component-final-f3b046cbfbd52f15ff57e51a,10,0
Al-Lu-Pt-Rb-Sm,10,3,es_only_independent,component-final-85ce10b659119a45a091746e,0,0
Al-Lu-Pt-Rb-Sm,10,3,es_only_independent,component-final-85ce10b659119a45a091746e,1,0
Al-Lu-Pt-Rb-Sm,10,3,es_only_independent,component-final-85ce10b659119a45a091746e,2,0
Al-Lu-Pt-Rb-Sm,10,3,es_only_independent,component-final-85ce10b659119a45a091746e,3,0
Al-Lu-Pt-Rb-Sm,10,3,es_only_independent,component-final-85ce10b659119a45a091746e,4,0
Al-Lu-Pt-Rb-Sm,10,3,es_only_independent,component-final-85ce10b659119a45a091746e,5,0
Al-Lu-Pt-Rb-Sm,10,3,es_only_independent,component-final-85ce10b659119a45a091746e,6,0
Al-Lu-Pt-Rb-Sm,10,3,es_only_independent,component-final-85ce10b659119a45a091746e,7,0
Al-Lu-Pt-Rb-Sm,10,3,es_only_independent,component-final-85ce10b659119a45a091746e,8,0
Al-Lu-Pt-Rb-Sm,10,3,es_only_independent,component-final-85ce10b659119a45a091746e,9,0
Al-Lu-Pt-Rb-Sm,10,3,es_only_independent,component-final-85ce10b659119a45a091746e,10,0
Ca-Fe-Gd-Pb-Tb,10,2,baseline_reference,component-final-b28b5fc4a83fc07263b11366,0,0
Ca-Fe-Gd-Pb-Tb,10,2,baseline_reference,component-final-b28b5fc4a83fc07263b11366,1,0
Ca-Fe-Gd-Pb-Tb,10,2,baseline_reference,component-final-b28b5fc4a83fc07263b11366,2,0
Ca-Fe-Gd-Pb-Tb,10,2,baseline_reference,component-final-b28b5fc4a83fc07263b11366,3,0
Ca-Fe-Gd-Pb-Tb,10,2,baseline_reference,component-final-b28b5fc4a83fc07263b11366,4,0
Ca-Fe-Gd-Pb-Tb,10,2,baseline_reference,component-final-b28b5fc4a83fc07263b11366,5,0
Ca-Fe-Gd-Pb-Tb,10,2,baseline_reference,component-final-b28b5fc4a83fc07263b11366,6,0
Ca-Fe-Gd-Pb-Tb,10,2,baseline_reference,component-final-b28b5fc4a83fc07263b11366,7,0
Ca-Fe-Gd-Pb-Tb,10,2,baseline_reference,component-final-b28b5fc4a83fc07263b11366,8,0
Ca-Fe-Gd-Pb-Tb,10,2,baseline_reference,component-final-b28b5fc4a83fc07263b11366,9,0
Ca-Fe-Gd-Pb-Tb,10,2,baseline_reference,component-final-b28b5fc4a83fc07263b11366,10,0
Ca-Fe-Gd-Pb-Tb,10,3,baseline_reference,component-final-6abc8e718c069a146b0c5e5b,0,0
Ca-Fe-Gd-Pb-Tb,10,3,baseline_reference,component-final-6abc8e718c069a146b0c5e5b,1,0
Ca-Fe-Gd-Pb-Tb,10,3,baseline_reference,component-final-6abc8e718c069a146b0c5e5b,2,0
Ca-Fe-Gd-Pb-Tb,10,3,baseline_reference,component-final-6abc8e718c069a146b0c5e5b,3,0
Ca-Fe-Gd-Pb-Tb,10,3,baseline_reference,component-final-6abc8e718c069a146b0c5e5b,4,0
Ca-Fe-Gd-Pb-Tb,10,3,baseline_reference,component-final-6abc8e718c069a146b0c5e5b,5,0
Ca-Fe-Gd-Pb-Tb,10,3,baseline_reference,component-final-6abc8e718c069a146b0c5e5b,6,0
Ca-Fe-Gd-Pb-Tb,10,3,baseline_reference,component-final-6abc8e718c069a146b0c5e5b,7,0
Ca-Fe-Gd-Pb-Tb,10,3,baseline_reference,component-final-6abc8e718c069a146b0c5e5b,8,0
Ca-Fe-Gd-Pb-Tb,10,3,baseline_reference,component-final-6abc8e718c069a146b0c5e5b,9,0
Ca-Fe-Gd-Pb-Tb,10,3,baseline_reference,component-final-6abc8e718c069a146b0c5e5b,10,0
Ca-Fe-Gd-Pb-Tb,10,2,uq_only_support_aware,support-final-afee12d5b9bc56ad9bd995d6,0,0
Ca-Fe-Gd-Pb-Tb,10,2,uq_only_support_aware,support-final-afee12d5b9bc56ad9bd995d6,1,0
Ca-Fe-Gd-Pb-Tb,10,2,uq_only_support_aware,support-final-afee12d5b9bc56ad9bd995d6,2,0
Ca-Fe-Gd-Pb-Tb,10,2,uq_only_support_aware,support-final-afee12d5b9bc56ad9bd995d6,3,0
Ca-Fe-Gd-Pb-Tb,10,2,uq_only_support_aware,support-final-afee12d5b9bc56ad9bd995d6,4,0
Ca-Fe-Gd-Pb-Tb,10,2,uq_only_support_aware,support-final-afee12d5b9bc56ad9bd995d6,5,0
Ca-Fe-Gd-Pb-Tb,10,2,uq_only_support_aware,support-final-afee12d5b9bc56ad9bd995d6,6,0
Ca-Fe-Gd-Pb-Tb,10,2,uq_only_support_aware,support-final-afee12d5b9bc56ad9bd995d6,7,0
Ca-Fe-Gd-Pb-Tb,10,2,uq_only_support_aware,support-final-afee12d5b9bc56ad9bd995d6,8,0
Ca-Fe-Gd-Pb-Tb,10,2,uq_only_support_aware,support-final-afee12d5b9bc56ad9bd995d6,9,0
Ca-Fe-Gd-Pb-Tb,10,2,uq_only_support_aware,support-final-afee12d5b9bc56ad9bd995d6,10,0
Ca-Fe-Gd-Pb-Tb,10,2,es_only_independent,component-final-e047ea72af3268498a98e7fb,0,0
Ca-Fe-Gd-Pb-Tb,10,2,es_only_independent,component-final-e047ea72af3268498a98e7fb,1,0
Ca-Fe-Gd-Pb-Tb,10,2,es_only_independent,component-final-e047ea72af3268498a98e7fb,2,0
Ca-Fe-Gd-Pb-Tb,10,2,es_only_independent,component-final-e047ea72af3268498a98e7fb,3,0
Ca-Fe-Gd-Pb-Tb,10,2,es_only_independent,component-final-e047ea72af3268498a98e7fb,4,0
Ca-Fe-Gd-Pb-Tb,10,2,es_only_independent,component-final-e047ea72af3268498a98e7fb,5,0
Ca-Fe-Gd-Pb-Tb,10,2,es_only_independent,component-final-e047ea72af3268498a98e7fb,6,0
Ca-Fe-Gd-Pb-Tb,10,2,es_only_independent,component-final-e047ea72af3268498a98e7fb,7,0
Ca-Fe-Gd-Pb-Tb,10,2,es_only_independent,component-final-e047ea72af3268498a98e7fb,8,0
Ca-Fe-Gd-Pb-Tb,10,2,es_only_independent,component-final-e047ea72af3268498a98e7fb,9,0
Ca-Fe-Gd-Pb-Tb,10,2,es_only_independent,component-final-e047ea72af3268498a98e7fb,10,0
Ca-Fe-Gd-Pb-Tb,10,3,es_only_independent,component-final-f185167e4d827e210206e759,0,0
Ca-Fe-Gd-Pb-Tb,10,3,es_only_independent,component-final-f185167e4d827e210206e759,1,0
Ca-Fe-Gd-Pb-Tb,10,3,es_only_independent,component-final-f185167e4d827e210206e759,2,0
Ca-Fe-Gd-Pb-Tb,10,3,es_only_independent,component-final-f185167e4d827e210206e759,3,0
Ca-Fe-Gd-Pb-Tb,10,3,es_only_independent,component-final-f185167e4d827e210206e759,4,0
Ca-Fe-Gd-Pb-Tb,10,3,es_only_independent,component-final-f185167e4d827e210206e759,5,0
Ca-Fe-Gd-Pb-Tb,10,3,es_only_independent,component-final-f185167e4d827e210206e759,6,0
Ca-Fe-Gd-Pb-Tb,10,3,es_only_independent,component-final-f185167e4d827e210206e759,7,0
Ca-Fe-Gd-Pb-Tb,10,3,es_only_independent,component-final-f185167e4d827e210206e759,8,1
Ca-Fe-Gd-Pb-Tb,10,3,es_only_independent,component-final-f185167e4d827e210206e759,9,1
Ca-Fe-Gd-Pb-Tb,10,3,es_only_independent,component-final-f185167e4d827e210206e759,10,1
Cd-Gd-Mn-Na-Ta,10,2,baseline_reference,component-final-ff1bf155652c3164bdcac333,0,0
Cd-Gd-Mn-Na-Ta,10,2,baseline_reference,component-final-ff1bf155652c3164bdcac333,1,0
Cd-Gd-Mn-Na-Ta,10,2,baseline_reference,component-final-ff1bf155652c3164bdcac333,2,0
Cd-Gd-Mn-Na-Ta,10,2,baseline_reference,component-final-ff1bf155652c3164bdcac333,3,0
Cd-Gd-Mn-Na-Ta,10,2,baseline_reference,component-final-ff1bf155652c3164bdcac333,4,0
Cd-Gd-Mn-Na-Ta,10,2,baseline_reference,component-final-ff1bf155652c3164bdcac333,5,0
Cd-Gd-Mn-Na-Ta,10,2,baseline_reference,component-final-ff1bf155652c3164bdcac333,6,0
Cd-Gd-Mn-Na-Ta,10,2,baseline_reference,component-final-ff1bf155652c3164bdcac333,7,0
Cd-Gd-Mn-Na-Ta,10,2,baseline_reference,component-final-ff1bf155652c3164bdcac333,8,0
Cd-Gd-Mn-Na-Ta,10,2,baseline_reference,component-final-ff1bf155652c3164bdcac333,9,0
Cd-Gd-Mn-Na-Ta,10,2,baseline_reference,component-final-ff1bf155652c3164bdcac333,10,0
Cd-Gd-Mn-Na-Ta,10,3,baseline_reference,component-final-bba307fd5d4c8f57b46934f9,0,0
Cd-Gd-Mn-Na-Ta,10,3,baseline_reference,component-final-bba307fd5d4c8f57b46934f9,1,0
Cd-Gd-Mn-Na-Ta,10,3,baseline_reference,component-final-bba307fd5d4c8f57b46934f9,2,0
Cd-Gd-Mn-Na-Ta,10,3,baseline_reference,component-final-bba307fd5d4c8f57b46934f9,3,0
Cd-Gd-Mn-Na-Ta,10,3,baseline_reference,component-final-bba307fd5d4c8f57b46934f9,4,0
Cd-Gd-Mn-Na-Ta,10,3,baseline_reference,component-final-bba307fd5d4c8f57b46934f9,5,0
Cd-Gd-Mn-Na-Ta,10,3,baseline_reference,component-final-bba307fd5d4c8f57b46934f9,6,0
Cd-Gd-Mn-Na-Ta,10,3,baseline_reference,component-final-bba307fd5d4c8f57b46934f9,7,0
Cd-Gd-Mn-Na-Ta,10,3,baseline_reference,component-final-bba307fd5d4c8f57b46934f9,8,0
Cd-Gd-Mn-Na-Ta,10,3,baseline_reference,component-final-bba307fd5d4c8f57b46934f9,9,0
Cd-Gd-Mn-Na-Ta,10,3,baseline_reference,component-final-bba307fd5d4c8f57b46934f9,10,0
Cd-Gd-Mn-Na-Ta,10,2,uq_only_support_aware,support-final-cd4e3ec5a544d15c38d03906,0,0
Cd-Gd-Mn-Na-Ta,10,2,uq_only_support_aware,support-final-cd4e3ec5a544d15c38d03906,1,0
Cd-Gd-Mn-Na-Ta,10,2,uq_only_support_aware,support-final-cd4e3ec5a544d15c38d03906,2,0
Cd-Gd-Mn-Na-Ta,10,2,uq_only_support_aware,support-final-cd4e3ec5a544d15c38d03906,3,0
Cd-Gd-Mn-Na-Ta,10,2,uq_only_support_aware,support-final-cd4e3ec5a544d15c38d03906,4,0
Cd-Gd-Mn-Na-Ta,10,2,uq_only_support_aware,support-final-cd4e3ec5a544d15c38d03906,5,0
Cd-Gd-Mn-Na-Ta,10,2,uq_only_support_aware,support-final-cd4e3ec5a544d15c38d03906,6,0
Cd-Gd-Mn-Na-Ta,10,2,uq_only_support_aware,support-final-cd4e3ec5a544d15c38d03906,7,0
Cd-Gd-Mn-Na-Ta,10,2,uq_only_support_aware,support-final-cd4e3ec5a544d15c38d03906,8,0
Cd-Gd-Mn-Na-Ta,10,2,uq_only_support_aware,support-final-cd4e3ec5a544d15c38d03906,9,0
Cd-Gd-Mn-Na-Ta,10,2,uq_only_support_aware,support-final-cd4e3ec5a544d15c38d03906,10,0
Cd-Gd-Mn-Na-Ta,10,2,es_only_independent,component-final-b43730a305370e3e2d62885c,0,0
Cd-Gd-Mn-Na-Ta,10,2,es_only_independent,component-final-b43730a305370e3e2d62885c,1,0
Cd-Gd-Mn-Na-Ta,10,2,es_only_independent,component-final-b43730a305370e3e2d62885c,2,0
Cd-Gd-Mn-Na-Ta,10,2,es_only_independent,component-final-b43730a305370e3e2d62885c,3,0
Cd-Gd-Mn-Na-Ta,10,2,es_only_independent,component-final-b43730a305370e3e2d62885c,4,0
Cd-Gd-Mn-Na-Ta,10,2,es_only_independent,component-final-b43730a305370e3e2d62885c,5,0
Cd-Gd-Mn-Na-Ta,10,2,es_only_independent,component-final-b43730a305370e3e2d62885c,6,0
Cd-Gd-Mn-Na-Ta,10,2,es_only_independent,component-final-b43730a305370e3e2d62885c,7,0
Cd-Gd-Mn-Na-Ta,10,2,es_only_independent,component-final-b43730a305370e3e2d62885c,8,0
Cd-Gd-Mn-Na-Ta,10,2,es_only_independent,component-final-b43730a305370e3e2d62885c,9,0
Cd-Gd-Mn-Na-Ta,10,2,es_only_independent,component-final-b43730a305370e3e2d62885c,10,0
Cd-Gd-Mn-Na-Ta,10,3,es_only_independent,component-final-f9c7b9a8f54a10df82964980,0,0
Cd-Gd-Mn-Na-Ta,10,3,es_only_independent,component-final-f9c7b9a8f54a10df82964980,1,0
Cd-Gd-Mn-Na-Ta,10,3,es_only_independent,component-final-f9c7b9a8f54a10df82964980,2,0
Cd-Gd-Mn-Na-Ta,10,3,es_only_independent,component-final-f9c7b9a8f54a10df82964980,3,0
Cd-Gd-Mn-Na-Ta,10,3,es_only_independent,component-final-f9c7b9a8f54a10df82964980,4,0
Cd-Gd-Mn-Na-Ta,10,3,es_only_independent,component-final-f9c7b9a8f54a10df82964980,5,0
Cd-Gd-Mn-Na-Ta,10,3,es_only_independent,component-final-f9c7b9a8f54a10df82964980,6,0
Cd-Gd-Mn-Na-Ta,10,3,es_only_independent,component-final-f9c7b9a8f54a10df82964980,7,0
Cd-Gd-Mn-Na-Ta,10,3,es_only_independent,component-final-f9c7b9a8f54a10df82964980,8,0
Cd-Gd-Mn-Na-Ta,10,3,es_only_independent,component-final-f9c7b9a8f54a10df82964980,9,0
Cd-Gd-Mn-Na-Ta,10,3,es_only_independent,component-final-f9c7b9a8f54a10df82964980,10,0
Cd-Li-Nd-Ti-W,10,2,baseline_reference,component-final-a4458e0626fe8a328d9edd53,0,0
Cd-Li-Nd-Ti-W,10,2,baseline_reference,component-final-a4458e0626fe8a328d9edd53,1,0
Cd-Li-Nd-Ti-W,10,2,baseline_reference,component-final-a4458e0626fe8a328d9edd53,2,0
Cd-Li-Nd-Ti-W,10,2,baseline_reference,component-final-a4458e0626fe8a328d9edd53,3,0
Cd-Li-Nd-Ti-W,10,2,baseline_reference,component-final-a4458e0626fe8a328d9edd53,4,0
Cd-Li-Nd-Ti-W,10,2,baseline_reference,component-final-a4458e0626fe8a328d9edd53,5,0
Cd-Li-Nd-Ti-W,10,2,baseline_reference,component-final-a4458e0626fe8a328d9edd53,6,0
Cd-Li-Nd-Ti-W,10,2,baseline_reference,component-final-a4458e0626fe8a328d9edd53,7,0
Cd-Li-Nd-Ti-W,10,2,baseline_reference,component-final-a4458e0626fe8a328d9edd53,8,0
Cd-Li-Nd-Ti-W,10,2,baseline_reference,component-final-a4458e0626fe8a328d9edd53,9,0
Cd-Li-Nd-Ti-W,10,2,baseline_reference,component-final-a4458e0626fe8a328d9edd53,10,0
Cd-Li-Nd-Ti-W,10,3,baseline_reference,component-final-63570a8d509cf967a6ed9110,0,0
Cd-Li-Nd-Ti-W,10,3,baseline_reference,component-final-63570a8d509cf967a6ed9110,1,0
Cd-Li-Nd-Ti-W,10,3,baseline_reference,component-final-63570a8d509cf967a6ed9110,2,0
Cd-Li-Nd-Ti-W,10,3,baseline_reference,component-final-63570a8d509cf967a6ed9110,3,0
Cd-Li-Nd-Ti-W,10,3,baseline_reference,component-final-63570a8d509cf967a6ed9110,4,0
Cd-Li-Nd-Ti-W,10,3,baseline_reference,component-final-63570a8d509cf967a6ed9110,5,0
Cd-Li-Nd-Ti-W,10,3,baseline_reference,component-final-63570a8d509cf967a6ed9110,6,0
Cd-Li-Nd-Ti-W,10,3,baseline_reference,component-final-63570a8d509cf967a6ed9110,7,0
Cd-Li-Nd-Ti-W,10,3,baseline_reference,component-final-63570a8d509cf967a6ed9110,8,0
Cd-Li-Nd-Ti-W,10,3,baseline_reference,component-final-63570a8d509cf967a6ed9110,9,0
Cd-Li-Nd-Ti-W,10,3,baseline_reference,component-final-63570a8d509cf967a6ed9110,10,0
Cd-Li-Nd-Ti-W,10,2,uq_only_support_aware,support-final-2e12c1bb545919201634d389,0,0
Cd-Li-Nd-Ti-W,10,2,uq_only_support_aware,support-final-2e12c1bb545919201634d389,1,0
Cd-Li-Nd-Ti-W,10,2,uq_only_support_aware,support-final-2e12c1bb545919201634d389,2,0
Cd-Li-Nd-Ti-W,10,2,uq_only_support_aware,support-final-2e12c1bb545919201634d389,3,0
Cd-Li-Nd-Ti-W,10,2,uq_only_support_aware,support-final-2e12c1bb545919201634d389,4,0
Cd-Li-Nd-Ti-W,10,2,uq_only_support_aware,support-final-2e12c1bb545919201634d389,5,0
Cd-Li-Nd-Ti-W,10,2,uq_only_support_aware,support-final-2e12c1bb545919201634d389,6,0
Cd-Li-Nd-Ti-W,10,2,uq_only_support_aware,support-final-2e12c1bb545919201634d389,7,0
Cd-Li-Nd-Ti-W,10,2,uq_only_support_aware,support-final-2e12c1bb545919201634d389,8,0
Cd-Li-Nd-Ti-W,10,2,uq_only_support_aware,support-final-2e12c1bb545919201634d389,9,0
Cd-Li-Nd-Ti-W,10,2,uq_only_support_aware,support-final-2e12c1bb545919201634d389,10,0
Cd-Li-Nd-Ti-W,10,2,es_only_independent,component-final-7d14130edc980b60d1b1aab1,0,0
Cd-Li-Nd-Ti-W,10,2,es_only_independent,component-final-7d14130edc980b60d1b1aab1,1,0
Cd-Li-Nd-Ti-W,10,2,es_only_independent,component-final-7d14130edc980b60d1b1aab1,2,0
Cd-Li-Nd-Ti-W,10,2,es_only_independent,component-final-7d14130edc980b60d1b1aab1,3,0
Cd-Li-Nd-Ti-W,10,2,es_only_independent,component-final-7d14130edc980b60d1b1aab1,4,0
Cd-Li-Nd-Ti-W,10,2,es_only_independent,component-final-7d14130edc980b60d1b1aab1,5,0
Cd-Li-Nd-Ti-W,10,2,es_only_independent,component-final-7d14130edc980b60d1b1aab1,6,0
Cd-Li-Nd-Ti-W,10,2,es_only_independent,component-final-7d14130edc980b60d1b1aab1,7,0
Cd-Li-Nd-Ti-W,10,2,es_only_independent,component-final-7d14130edc980b60d1b1aab1,8,0
Cd-Li-Nd-Ti-W,10,2,es_only_independent,component-final-7d14130edc980b60d1b1aab1,9,0
Cd-Li-Nd-Ti-W,10,2,es_only_independent,component-final-7d14130edc980b60d1b1aab1,10,0
Cd-Li-Nd-Ti-W,10,3,es_only_independent,component-final-15ac29a2e97e6662ad02492f,0,0
Cd-Li-Nd-Ti-W,10,3,es_only_independent,component-final-15ac29a2e97e6662ad02492f,1,0
Cd-Li-Nd-Ti-W,10,3,es_only_independent,component-final-15ac29a2e97e6662ad02492f,2,0
Cd-Li-Nd-Ti-W,10,3,es_only_independent,component-final-15ac29a2e97e6662ad02492f,3,0
Cd-Li-Nd-Ti-W,10,3,es_only_independent,component-final-15ac29a2e97e6662ad02492f,4,0
Cd-Li-Nd-Ti-W,10,3,es_only_independent,component-final-15ac29a2e97e6662ad02492f,5,0
Cd-Li-Nd-Ti-W,10,3,es_only_independent,component-final-15ac29a2e97e6662ad02492f,6,0
Cd-Li-Nd-Ti-W,10,3,es_only_independent,component-final-15ac29a2e97e6662ad02492f,7,0
Cd-Li-Nd-Ti-W,10,3,es_only_independent,component-final-15ac29a2e97e6662ad02492f,8,0
Cd-Li-Nd-Ti-W,10,3,es_only_independent,component-final-15ac29a2e97e6662ad02492f,9,0
Cd-Li-Nd-Ti-W,10,3,es_only_independent,component-final-15ac29a2e97e6662ad02492f,10,0
Co-Hf-In-Ru-Tm,10,2,baseline_reference,component-final-653fb02cf18ab896913d4264,0,0
Co-Hf-In-Ru-Tm,10,2,baseline_reference,component-final-653fb02cf18ab896913d4264,1,1
Co-Hf-In-Ru-Tm,10,2,baseline_reference,component-final-653fb02cf18ab896913d4264,2,1
Co-Hf-In-Ru-Tm,10,2,baseline_reference,component-final-653fb02cf18ab896913d4264,3,2
Co-Hf-In-Ru-Tm,10,2,baseline_reference,component-final-653fb02cf18ab896913d4264,4,2
Co-Hf-In-Ru-Tm,10,2,baseline_reference,component-final-653fb02cf18ab896913d4264,5,2
Co-Hf-In-Ru-Tm,10,2,baseline_reference,component-final-653fb02cf18ab896913d4264,6,2
Co-Hf-In-Ru-Tm,10,2,baseline_reference,component-final-653fb02cf18ab896913d4264,7,2
Co-Hf-In-Ru-Tm,10,2,baseline_reference,component-final-653fb02cf18ab896913d4264,8,2
Co-Hf-In-Ru-Tm,10,2,baseline_reference,component-final-653fb02cf18ab896913d4264,9,2
Co-Hf-In-Ru-Tm,10,2,baseline_reference,component-final-653fb02cf18ab896913d4264,10,2
Co-Hf-In-Ru-Tm,10,3,baseline_reference,component-final-b7acec26fae84b8b39d54de1,0,0
Co-Hf-In-Ru-Tm,10,3,baseline_reference,component-final-b7acec26fae84b8b39d54de1,1,0
Co-Hf-In-Ru-Tm,10,3,baseline_reference,component-final-b7acec26fae84b8b39d54de1,2,1
Co-Hf-In-Ru-Tm,10,3,baseline_reference,component-final-b7acec26fae84b8b39d54de1,3,1
Co-Hf-In-Ru-Tm,10,3,baseline_reference,component-final-b7acec26fae84b8b39d54de1,4,1
Co-Hf-In-Ru-Tm,10,3,baseline_reference,component-final-b7acec26fae84b8b39d54de1,5,1
Co-Hf-In-Ru-Tm,10,3,baseline_reference,component-final-b7acec26fae84b8b39d54de1,6,1
Co-Hf-In-Ru-Tm,10,3,baseline_reference,component-final-b7acec26fae84b8b39d54de1,7,1
Co-Hf-In-Ru-Tm,10,3,baseline_reference,component-final-b7acec26fae84b8b39d54de1,8,1
Co-Hf-In-Ru-Tm,10,3,baseline_reference,component-final-b7acec26fae84b8b39d54de1,9,1
Co-Hf-In-Ru-Tm,10,3,baseline_reference,component-final-b7acec26fae84b8b39d54de1,10,1
Co-Hf-In-Ru-Tm,10,2,uq_only_support_aware,support-final-bc0231b9387cc761fd09fc47,0,0
Co-Hf-In-Ru-Tm,10,2,uq_only_support_aware,support-final-bc0231b9387cc761fd09fc47,1,1
Co-Hf-In-Ru-Tm,10,2,uq_only_support_aware,support-final-bc0231b9387cc761fd09fc47,2,1
Co-Hf-In-Ru-Tm,10,2,uq_only_support_aware,support-final-bc0231b9387cc761fd09fc47,3,2
Co-Hf-In-Ru-Tm,10,2,uq_only_support_aware,support-final-bc0231b9387cc761fd09fc47,4,2
Co-Hf-In-Ru-Tm,10,2,uq_only_support_aware,support-final-bc0231b9387cc761fd09fc47,5,2
Co-Hf-In-Ru-Tm,10,2,uq_only_support_aware,support-final-bc0231b9387cc761fd09fc47,6,2
Co-Hf-In-Ru-Tm,10,2,uq_only_support_aware,support-final-bc0231b9387cc761fd09fc47,7,2
Co-Hf-In-Ru-Tm,10,2,uq_only_support_aware,support-final-bc0231b9387cc761fd09fc47,8,3
Co-Hf-In-Ru-Tm,10,2,uq_only_support_aware,support-final-bc0231b9387cc761fd09fc47,9,3
Co-Hf-In-Ru-Tm,10,2,uq_only_support_aware,support-final-bc0231b9387cc761fd09fc47,10,3
Co-Hf-In-Ru-Tm,10,2,es_only_independent,component-final-657f4d096eb33983526ab044,0,0
Co-Hf-In-Ru-Tm,10,2,es_only_independent,component-final-657f4d096eb33983526ab044,1,0
Co-Hf-In-Ru-Tm,10,2,es_only_independent,component-final-657f4d096eb33983526ab044,2,0
Co-Hf-In-Ru-Tm,10,2,es_only_independent,component-final-657f4d096eb33983526ab044,3,0
Co-Hf-In-Ru-Tm,10,2,es_only_independent,component-final-657f4d096eb33983526ab044,4,0
Co-Hf-In-Ru-Tm,10,2,es_only_independent,component-final-657f4d096eb33983526ab044,5,0
Co-Hf-In-Ru-Tm,10,2,es_only_independent,component-final-657f4d096eb33983526ab044,6,0
Co-Hf-In-Ru-Tm,10,2,es_only_independent,component-final-657f4d096eb33983526ab044,7,0
Co-Hf-In-Ru-Tm,10,2,es_only_independent,component-final-657f4d096eb33983526ab044,8,1
Co-Hf-In-Ru-Tm,10,2,es_only_independent,component-final-657f4d096eb33983526ab044,9,2
Co-Hf-In-Ru-Tm,10,2,es_only_independent,component-final-657f4d096eb33983526ab044,10,2
Co-Hf-In-Ru-Tm,10,3,es_only_independent,component-final-8f115382fa4659ffa240e561,0,0
Co-Hf-In-Ru-Tm,10,3,es_only_independent,component-final-8f115382fa4659ffa240e561,1,0
Co-Hf-In-Ru-Tm,10,3,es_only_independent,component-final-8f115382fa4659ffa240e561,2,0
Co-Hf-In-Ru-Tm,10,3,es_only_independent,component-final-8f115382fa4659ffa240e561,3,0
Co-Hf-In-Ru-Tm,10,3,es_only_independent,component-final-8f115382fa4659ffa240e561,4,0
Co-Hf-In-Ru-Tm,10,3,es_only_independent,component-final-8f115382fa4659ffa240e561,5,0
Co-Hf-In-Ru-Tm,10,3,es_only_independent,component-final-8f115382fa4659ffa240e561,6,0
Co-Hf-In-Ru-Tm,10,3,es_only_independent,component-final-8f115382fa4659ffa240e561,7,0
Co-Hf-In-Ru-Tm,10,3,es_only_independent,component-final-8f115382fa4659ffa240e561,8,0
Co-Hf-In-Ru-Tm,10,3,es_only_independent,component-final-8f115382fa4659ffa240e561,9,0
Co-Hf-In-Ru-Tm,10,3,es_only_independent,component-final-8f115382fa4659ffa240e561,10,0
Co-Hg-Mg-Sr-W,10,2,baseline_reference,component-final-a513710c85a55f372c5d8c88,0,0
Co-Hg-Mg-Sr-W,10,2,baseline_reference,component-final-a513710c85a55f372c5d8c88,1,0
Co-Hg-Mg-Sr-W,10,2,baseline_reference,component-final-a513710c85a55f372c5d8c88,2,0
Co-Hg-Mg-Sr-W,10,2,baseline_reference,component-final-a513710c85a55f372c5d8c88,3,0
Co-Hg-Mg-Sr-W,10,2,baseline_reference,component-final-a513710c85a55f372c5d8c88,4,0
Co-Hg-Mg-Sr-W,10,2,baseline_reference,component-final-a513710c85a55f372c5d8c88,5,0
Co-Hg-Mg-Sr-W,10,2,baseline_reference,component-final-a513710c85a55f372c5d8c88,6,0
Co-Hg-Mg-Sr-W,10,2,baseline_reference,component-final-a513710c85a55f372c5d8c88,7,0
Co-Hg-Mg-Sr-W,10,2,baseline_reference,component-final-a513710c85a55f372c5d8c88,8,0
Co-Hg-Mg-Sr-W,10,2,baseline_reference,component-final-a513710c85a55f372c5d8c88,9,0
Co-Hg-Mg-Sr-W,10,2,baseline_reference,component-final-a513710c85a55f372c5d8c88,10,0
Co-Hg-Mg-Sr-W,10,3,baseline_reference,component-final-64e47eadb495964256adfe81,0,0
Co-Hg-Mg-Sr-W,10,3,baseline_reference,component-final-64e47eadb495964256adfe81,1,0
Co-Hg-Mg-Sr-W,10,3,baseline_reference,component-final-64e47eadb495964256adfe81,2,0
Co-Hg-Mg-Sr-W,10,3,baseline_reference,component-final-64e47eadb495964256adfe81,3,0
Co-Hg-Mg-Sr-W,10,3,baseline_reference,component-final-64e47eadb495964256adfe81,4,0
Co-Hg-Mg-Sr-W,10,3,baseline_reference,component-final-64e47eadb495964256adfe81,5,0
Co-Hg-Mg-Sr-W,10,3,baseline_reference,component-final-64e47eadb495964256adfe81,6,0
Co-Hg-Mg-Sr-W,10,3,baseline_reference,component-final-64e47eadb495964256adfe81,7,0
Co-Hg-Mg-Sr-W,10,3,baseline_reference,component-final-64e47eadb495964256adfe81,8,0
Co-Hg-Mg-Sr-W,10,3,baseline_reference,component-final-64e47eadb495964256adfe81,9,0
Co-Hg-Mg-Sr-W,10,3,baseline_reference,component-final-64e47eadb495964256adfe81,10,0
Co-Hg-Mg-Sr-W,10,2,uq_only_support_aware,support-final-6473d278b47c7754253c4b75,0,0
Co-Hg-Mg-Sr-W,10,2,uq_only_support_aware,support-final-6473d278b47c7754253c4b75,1,0
Co-Hg-Mg-Sr-W,10,2,uq_only_support_aware,support-final-6473d278b47c7754253c4b75,2,0
Co-Hg-Mg-Sr-W,10,2,uq_only_support_aware,support-final-6473d278b47c7754253c4b75,3,0
Co-Hg-Mg-Sr-W,10,2,uq_only_support_aware,support-final-6473d278b47c7754253c4b75,4,0
Co-Hg-Mg-Sr-W,10,2,uq_only_support_aware,support-final-6473d278b47c7754253c4b75,5,0
Co-Hg-Mg-Sr-W,10,2,uq_only_support_aware,support-final-6473d278b47c7754253c4b75,6,0
Co-Hg-Mg-Sr-W,10,2,uq_only_support_aware,support-final-6473d278b47c7754253c4b75,7,0
Co-Hg-Mg-Sr-W,10,2,uq_only_support_aware,support-final-6473d278b47c7754253c4b75,8,0
Co-Hg-Mg-Sr-W,10,2,uq_only_support_aware,support-final-6473d278b47c7754253c4b75,9,0
Co-Hg-Mg-Sr-W,10,2,uq_only_support_aware,support-final-6473d278b47c7754253c4b75,10,0
Co-Hg-Mg-Sr-W,10,2,es_only_independent,component-final-26da98a78f5ba90b24b414c5,0,0
Co-Hg-Mg-Sr-W,10,2,es_only_independent,component-final-26da98a78f5ba90b24b414c5,1,0
Co-Hg-Mg-Sr-W,10,2,es_only_independent,component-final-26da98a78f5ba90b24b414c5,2,0
Co-Hg-Mg-Sr-W,10,2,es_only_independent,component-final-26da98a78f5ba90b24b414c5,3,0
Co-Hg-Mg-Sr-W,10,2,es_only_independent,component-final-26da98a78f5ba90b24b414c5,4,0
Co-Hg-Mg-Sr-W,10,2,es_only_independent,component-final-26da98a78f5ba90b24b414c5,5,0
Co-Hg-Mg-Sr-W,10,2,es_only_independent,component-final-26da98a78f5ba90b24b414c5,6,0
Co-Hg-Mg-Sr-W,10,2,es_only_independent,component-final-26da98a78f5ba90b24b414c5,7,0
Co-Hg-Mg-Sr-W,10,2,es_only_independent,component-final-26da98a78f5ba90b24b414c5,8,0
Co-Hg-Mg-Sr-W,10,2,es_only_independent,component-final-26da98a78f5ba90b24b414c5,9,0
Co-Hg-Mg-Sr-W,10,2,es_only_independent,component-final-26da98a78f5ba90b24b414c5,10,0
Co-Hg-Mg-Sr-W,10,3,es_only_independent,component-final-47e9853da825dd0ecdf395cb,0,0
Co-Hg-Mg-Sr-W,10,3,es_only_independent,component-final-47e9853da825dd0ecdf395cb,1,0
Co-Hg-Mg-Sr-W,10,3,es_only_independent,component-final-47e9853da825dd0ecdf395cb,2,0
Co-Hg-Mg-Sr-W,10,3,es_only_independent,component-final-47e9853da825dd0ecdf395cb,3,0
Co-Hg-Mg-Sr-W,10,3,es_only_independent,component-final-47e9853da825dd0ecdf395cb,4,0
Co-Hg-Mg-Sr-W,10,3,es_only_independent,component-final-47e9853da825dd0ecdf395cb,5,0
Co-Hg-Mg-Sr-W,10,3,es_only_independent,component-final-47e9853da825dd0ecdf395cb,6,0
Co-Hg-Mg-Sr-W,10,3,es_only_independent,component-final-47e9853da825dd0ecdf395cb,7,0
Co-Hg-Mg-Sr-W,10,3,es_only_independent,component-final-47e9853da825dd0ecdf395cb,8,0
Co-Hg-Mg-Sr-W,10,3,es_only_independent,component-final-47e9853da825dd0ecdf395cb,9,0
Co-Hg-Mg-Sr-W,10,3,es_only_independent,component-final-47e9853da825dd0ecdf395cb,10,0
Cr-Fe-Lu-Pt-Sc,10,2,baseline_reference,component-final-9cf49217c4fb8cde38e7330c,0,0
Cr-Fe-Lu-Pt-Sc,10,2,baseline_reference,component-final-9cf49217c4fb8cde38e7330c,1,1
Cr-Fe-Lu-Pt-Sc,10,2,baseline_reference,component-final-9cf49217c4fb8cde38e7330c,2,1
Cr-Fe-Lu-Pt-Sc,10,2,baseline_reference,component-final-9cf49217c4fb8cde38e7330c,3,1
Cr-Fe-Lu-Pt-Sc,10,2,baseline_reference,component-final-9cf49217c4fb8cde38e7330c,4,1
Cr-Fe-Lu-Pt-Sc,10,2,baseline_reference,component-final-9cf49217c4fb8cde38e7330c,5,2
Cr-Fe-Lu-Pt-Sc,10,2,baseline_reference,component-final-9cf49217c4fb8cde38e7330c,6,2
Cr-Fe-Lu-Pt-Sc,10,2,baseline_reference,component-final-9cf49217c4fb8cde38e7330c,7,2
Cr-Fe-Lu-Pt-Sc,10,2,baseline_reference,component-final-9cf49217c4fb8cde38e7330c,8,2
Cr-Fe-Lu-Pt-Sc,10,2,baseline_reference,component-final-9cf49217c4fb8cde38e7330c,9,3
Cr-Fe-Lu-Pt-Sc,10,2,baseline_reference,component-final-9cf49217c4fb8cde38e7330c,10,4
Cr-Fe-Lu-Pt-Sc,10,3,baseline_reference,component-final-b9159a1f0378fcfcd0e1d667,0,0
Cr-Fe-Lu-Pt-Sc,10,3,baseline_reference,component-final-b9159a1f0378fcfcd0e1d667,1,0
Cr-Fe-Lu-Pt-Sc,10,3,baseline_reference,component-final-b9159a1f0378fcfcd0e1d667,2,0
Cr-Fe-Lu-Pt-Sc,10,3,baseline_reference,component-final-b9159a1f0378fcfcd0e1d667,3,0
Cr-Fe-Lu-Pt-Sc,10,3,baseline_reference,component-final-b9159a1f0378fcfcd0e1d667,4,0
Cr-Fe-Lu-Pt-Sc,10,3,baseline_reference,component-final-b9159a1f0378fcfcd0e1d667,5,0
Cr-Fe-Lu-Pt-Sc,10,3,baseline_reference,component-final-b9159a1f0378fcfcd0e1d667,6,0
Cr-Fe-Lu-Pt-Sc,10,3,baseline_reference,component-final-b9159a1f0378fcfcd0e1d667,7,0
Cr-Fe-Lu-Pt-Sc,10,3,baseline_reference,component-final-b9159a1f0378fcfcd0e1d667,8,0
Cr-Fe-Lu-Pt-Sc,10,3,baseline_reference,component-final-b9159a1f0378fcfcd0e1d667,9,0
Cr-Fe-Lu-Pt-Sc,10,3,baseline_reference,component-final-b9159a1f0378fcfcd0e1d667,10,0
Cr-Fe-Lu-Pt-Sc,10,2,uq_only_support_aware,support-final-5a419d52cf8942602d057190,0,0
Cr-Fe-Lu-Pt-Sc,10,2,uq_only_support_aware,support-final-5a419d52cf8942602d057190,1,0
Cr-Fe-Lu-Pt-Sc,10,2,uq_only_support_aware,support-final-5a419d52cf8942602d057190,2,0
Cr-Fe-Lu-Pt-Sc,10,2,uq_only_support_aware,support-final-5a419d52cf8942602d057190,3,0
Cr-Fe-Lu-Pt-Sc,10,2,uq_only_support_aware,support-final-5a419d52cf8942602d057190,4,0
Cr-Fe-Lu-Pt-Sc,10,2,uq_only_support_aware,support-final-5a419d52cf8942602d057190,5,0
Cr-Fe-Lu-Pt-Sc,10,2,uq_only_support_aware,support-final-5a419d52cf8942602d057190,6,0
Cr-Fe-Lu-Pt-Sc,10,2,uq_only_support_aware,support-final-5a419d52cf8942602d057190,7,0
Cr-Fe-Lu-Pt-Sc,10,2,uq_only_support_aware,support-final-5a419d52cf8942602d057190,8,0
Cr-Fe-Lu-Pt-Sc,10,2,uq_only_support_aware,support-final-5a419d52cf8942602d057190,9,0
Cr-Fe-Lu-Pt-Sc,10,2,uq_only_support_aware,support-final-5a419d52cf8942602d057190,10,0
Cr-Fe-Lu-Pt-Sc,10,2,es_only_independent,component-final-6a49e5d8318e607fb4e75108,0,0
Cr-Fe-Lu-Pt-Sc,10,2,es_only_independent,component-final-6a49e5d8318e607fb4e75108,1,0
Cr-Fe-Lu-Pt-Sc,10,2,es_only_independent,component-final-6a49e5d8318e607fb4e75108,2,0
Cr-Fe-Lu-Pt-Sc,10,2,es_only_independent,component-final-6a49e5d8318e607fb4e75108,3,0
Cr-Fe-Lu-Pt-Sc,10,2,es_only_independent,component-final-6a49e5d8318e607fb4e75108,4,0
Cr-Fe-Lu-Pt-Sc,10,2,es_only_independent,component-final-6a49e5d8318e607fb4e75108,5,0
Cr-Fe-Lu-Pt-Sc,10,2,es_only_independent,component-final-6a49e5d8318e607fb4e75108,6,0
Cr-Fe-Lu-Pt-Sc,10,2,es_only_independent,component-final-6a49e5d8318e607fb4e75108,7,0
Cr-Fe-Lu-Pt-Sc,10,2,es_only_independent,component-final-6a49e5d8318e607fb4e75108,8,0
Cr-Fe-Lu-Pt-Sc,10,2,es_only_independent,component-final-6a49e5d8318e607fb4e75108,9,0
Cr-Fe-Lu-Pt-Sc,10,2,es_only_independent,component-final-6a49e5d8318e607fb4e75108,10,0
Cr-Fe-Lu-Pt-Sc,10,3,es_only_independent,component-final-109deab565db7e4bd87999bb,0,0
Cr-Fe-Lu-Pt-Sc,10,3,es_only_independent,component-final-109deab565db7e4bd87999bb,1,0
Cr-Fe-Lu-Pt-Sc,10,3,es_only_independent,component-final-109deab565db7e4bd87999bb,2,0
Cr-Fe-Lu-Pt-Sc,10,3,es_only_independent,component-final-109deab565db7e4bd87999bb,3,0
Cr-Fe-Lu-Pt-Sc,10,3,es_only_independent,component-final-109deab565db7e4bd87999bb,4,0
Cr-Fe-Lu-Pt-Sc,10,3,es_only_independent,component-final-109deab565db7e4bd87999bb,5,0
Cr-Fe-Lu-Pt-Sc,10,3,es_only_independent,component-final-109deab565db7e4bd87999bb,6,0
Cr-Fe-Lu-Pt-Sc,10,3,es_only_independent,component-final-109deab565db7e4bd87999bb,7,0
Cr-Fe-Lu-Pt-Sc,10,3,es_only_independent,component-final-109deab565db7e4bd87999bb,8,0
Cr-Fe-Lu-Pt-Sc,10,3,es_only_independent,component-final-109deab565db7e4bd87999bb,9,0
Cr-Fe-Lu-Pt-Sc,10,3,es_only_independent,component-final-109deab565db7e4bd87999bb,10,0
Ho-In-Mg-Pd-Zr,10,2,baseline_reference,component-final-6d5788088f572deb59826e4b,0,0
Ho-In-Mg-Pd-Zr,10,2,baseline_reference,component-final-6d5788088f572deb59826e4b,1,0
Ho-In-Mg-Pd-Zr,10,2,baseline_reference,component-final-6d5788088f572deb59826e4b,2,1
Ho-In-Mg-Pd-Zr,10,2,baseline_reference,component-final-6d5788088f572deb59826e4b,3,1
Ho-In-Mg-Pd-Zr,10,2,baseline_reference,component-final-6d5788088f572deb59826e4b,4,1
Ho-In-Mg-Pd-Zr,10,2,baseline_reference,component-final-6d5788088f572deb59826e4b,5,1
Ho-In-Mg-Pd-Zr,10,2,baseline_reference,component-final-6d5788088f572deb59826e4b,6,1
Ho-In-Mg-Pd-Zr,10,2,baseline_reference,component-final-6d5788088f572deb59826e4b,7,1
Ho-In-Mg-Pd-Zr,10,2,baseline_reference,component-final-6d5788088f572deb59826e4b,8,1
Ho-In-Mg-Pd-Zr,10,2,baseline_reference,component-final-6d5788088f572deb59826e4b,9,1
Ho-In-Mg-Pd-Zr,10,2,baseline_reference,component-final-6d5788088f572deb59826e4b,10,1
Ho-In-Mg-Pd-Zr,10,3,baseline_reference,component-final-b6bb705f33cda63a3a660cac,0,0
Ho-In-Mg-Pd-Zr,10,3,baseline_reference,component-final-b6bb705f33cda63a3a660cac,1,0
Ho-In-Mg-Pd-Zr,10,3,baseline_reference,component-final-b6bb705f33cda63a3a660cac,2,0
Ho-In-Mg-Pd-Zr,10,3,baseline_reference,component-final-b6bb705f33cda63a3a660cac,3,0
Ho-In-Mg-Pd-Zr,10,3,baseline_reference,component-final-b6bb705f33cda63a3a660cac,4,0
Ho-In-Mg-Pd-Zr,10,3,baseline_reference,component-final-b6bb705f33cda63a3a660cac,5,0
Ho-In-Mg-Pd-Zr,10,3,baseline_reference,component-final-b6bb705f33cda63a3a660cac,6,0
Ho-In-Mg-Pd-Zr,10,3,baseline_reference,component-final-b6bb705f33cda63a3a660cac,7,1
Ho-In-Mg-Pd-Zr,10,3,baseline_reference,component-final-b6bb705f33cda63a3a660cac,8,1
Ho-In-Mg-Pd-Zr,10,3,baseline_reference,component-final-b6bb705f33cda63a3a660cac,9,1
Ho-In-Mg-Pd-Zr,10,3,baseline_reference,component-final-b6bb705f33cda63a3a660cac,10,1
Ho-In-Mg-Pd-Zr,10,2,uq_only_support_aware,support-final-0eafc204d9a6d97866ece27f,0,0
Ho-In-Mg-Pd-Zr,10,2,uq_only_support_aware,support-final-0eafc204d9a6d97866ece27f,1,0
Ho-In-Mg-Pd-Zr,10,2,uq_only_support_aware,support-final-0eafc204d9a6d97866ece27f,2,1
Ho-In-Mg-Pd-Zr,10,2,uq_only_support_aware,support-final-0eafc204d9a6d97866ece27f,3,2
Ho-In-Mg-Pd-Zr,10,2,uq_only_support_aware,support-final-0eafc204d9a6d97866ece27f,4,2
Ho-In-Mg-Pd-Zr,10,2,uq_only_support_aware,support-final-0eafc204d9a6d97866ece27f,5,2
Ho-In-Mg-Pd-Zr,10,2,uq_only_support_aware,support-final-0eafc204d9a6d97866ece27f,6,2
Ho-In-Mg-Pd-Zr,10,2,uq_only_support_aware,support-final-0eafc204d9a6d97866ece27f,7,3
Ho-In-Mg-Pd-Zr,10,2,uq_only_support_aware,support-final-0eafc204d9a6d97866ece27f,8,4
Ho-In-Mg-Pd-Zr,10,2,uq_only_support_aware,support-final-0eafc204d9a6d97866ece27f,9,4
Ho-In-Mg-Pd-Zr,10,2,uq_only_support_aware,support-final-0eafc204d9a6d97866ece27f,10,5
Ho-In-Mg-Pd-Zr,10,2,es_only_independent,component-final-fa38e3494fed768c959caf96,0,0
Ho-In-Mg-Pd-Zr,10,2,es_only_independent,component-final-fa38e3494fed768c959caf96,1,0
Ho-In-Mg-Pd-Zr,10,2,es_only_independent,component-final-fa38e3494fed768c959caf96,2,0
Ho-In-Mg-Pd-Zr,10,2,es_only_independent,component-final-fa38e3494fed768c959caf96,3,0
Ho-In-Mg-Pd-Zr,10,2,es_only_independent,component-final-fa38e3494fed768c959caf96,4,0
Ho-In-Mg-Pd-Zr,10,2,es_only_independent,component-final-fa38e3494fed768c959caf96,5,0
Ho-In-Mg-Pd-Zr,10,2,es_only_independent,component-final-fa38e3494fed768c959caf96,6,0
Ho-In-Mg-Pd-Zr,10,2,es_only_independent,component-final-fa38e3494fed768c959caf96,7,0
Ho-In-Mg-Pd-Zr,10,2,es_only_independent,component-final-fa38e3494fed768c959caf96,8,0
Ho-In-Mg-Pd-Zr,10,2,es_only_independent,component-final-fa38e3494fed768c959caf96,9,0
Ho-In-Mg-Pd-Zr,10,2,es_only_independent,component-final-fa38e3494fed768c959caf96,10,0
Ho-In-Mg-Pd-Zr,10,3,es_only_independent,component-final-c9b4d144af64c2a06121d62b,0,0
Ho-In-Mg-Pd-Zr,10,3,es_only_independent,component-final-c9b4d144af64c2a06121d62b,1,0
Ho-In-Mg-Pd-Zr,10,3,es_only_independent,component-final-c9b4d144af64c2a06121d62b,2,0
Ho-In-Mg-Pd-Zr,10,3,es_only_independent,component-final-c9b4d144af64c2a06121d62b,3,0
Ho-In-Mg-Pd-Zr,10,3,es_only_independent,component-final-c9b4d144af64c2a06121d62b,4,0
Ho-In-Mg-Pd-Zr,10,3,es_only_independent,component-final-c9b4d144af64c2a06121d62b,5,0
Ho-In-Mg-Pd-Zr,10,3,es_only_independent,component-final-c9b4d144af64c2a06121d62b,6,0
Ho-In-Mg-Pd-Zr,10,3,es_only_independent,component-final-c9b4d144af64c2a06121d62b,7,0
Ho-In-Mg-Pd-Zr,10,3,es_only_independent,component-final-c9b4d144af64c2a06121d62b,8,0
Ho-In-Mg-Pd-Zr,10,3,es_only_independent,component-final-c9b4d144af64c2a06121d62b,9,0
Ho-In-Mg-Pd-Zr,10,3,es_only_independent,component-final-c9b4d144af64c2a06121d62b,10,0
