task_id,budget,arm,metric,observed_seeds,missing_seeds,planned_seeds,coverage,n,mean,sample_variance_ddof1,SD
Al-Li-V,10,baseline_reference,SUN,2;3;4,,2;3;4,complete_three_evaluation_seeds,3,1.0,1.0,1.0
Al-Li-V,10,baseline_reference,mSUN,2;3;4,,2;3;4,complete_three_evaluation_seeds,3,0.10000000000000002,0.010000000000000002,0.1
Al-Li-V,10,baseline_reference,AUDC,2;3;4,,2;3;4,complete_three_evaluation_seeds,3,0.07666666666666666,0.005633333333333333,0.07505553499465135
Al-Li-V,10,uq_only_support_aware,SUN,2;3,4,2;3;4,partial_fewer_than_three_seeds,2,0.5,0.5,0.7071067811865476
Al-Li-V,10,uq_only_support_aware,mSUN,2;3,4,2;3;4,partial_fewer_than_three_seeds,2,0.05,0.005000000000000001,0.07071067811865477
Al-Li-V,10,uq_only_support_aware,AUDC,2;3,4,2;3;4,partial_fewer_than_three_seeds,2,0.045,0.00405,0.06363961030678927
Al-Li-V,10,es_only_independent,SUN,2;3;4,,2;3;4,complete_three_evaluation_seeds,3,0.3333333333333333,0.33333333333333337,0.5773502691896258
Al-Li-V,10,es_only_independent,mSUN,2;3;4,,2;3;4,complete_three_evaluation_seeds,3,0.03333333333333333,0.003333333333333334,0.05773502691896258
Al-Li-V,10,es_only_independent,AUDC,2;3;4,,2;3;4,complete_three_evaluation_seeds,3,0.049999999999999996,0.007500000000000001,0.08660254037844387
Al-Li-V,10,full_support_aware,SUN,2;3;4,,2;3;4,complete_three_evaluation_seeds,3,0.6666666666666666,1.3333333333333335,1.1547005383792517
Al-Li-V,10,full_support_aware,mSUN,2;3;4,,2;3;4,complete_three_evaluation_seeds,3,0.06666666666666667,0.013333333333333336,0.11547005383792516
Al-Li-V,10,full_support_aware,AUDC,2;3;4,,2;3;4,complete_three_evaluation_seeds,3,0.09333333333333334,0.026133333333333342,0.16165807537309523
Al-V-Zn,10,baseline_reference,SUN,2;3;4,,2;3;4,complete_three_evaluation_seeds,3,5.0,1.0,1.0
Al-V-Zn,10,baseline_reference,mSUN,2;3;4,,2;3;4,complete_three_evaluation_seeds,3,0.5,0.009999999999999995,0.09999999999999998
Al-V-Zn,10,baseline_reference,AUDC,2;3;4,,2;3;4,complete_three_evaluation_seeds,3,0.6166666666666667,0.010433333333333331,0.10214368964029708
Al-V-Zn,10,uq_only_support_aware,SUN,2;3,4,2;3;4,partial_fewer_than_three_seeds,2,6.0,2.0,1.4142135623730951
Al-V-Zn,10,uq_only_support_aware,mSUN,2;3,4,2;3;4,partial_fewer_than_three_seeds,2,0.6,0.01999999999999999,0.14142135623730948
Al-V-Zn,10,uq_only_support_aware,AUDC,2;3,4,2;3;4,partial_fewer_than_three_seeds,2,0.72,0.00020000000000000036,0.014142135623730963
Al-V-Zn,10,es_only_independent,SUN,2;3;4,,2;3;4,complete_three_evaluation_seeds,3,4.0,1.0,1.0
Al-V-Zn,10,es_only_independent,mSUN,2;3;4,,2;3;4,complete_three_evaluation_seeds,3,0.39999999999999997,0.010000000000000002,0.1
Al-V-Zn,10,es_only_independent,AUDC,2;3;4,,2;3;4,complete_three_evaluation_seeds,3,0.48,0.019900000000000004,0.14106735979665885
Al-V-Zn,10,full_support_aware,SUN,2,3;4,2;3;4,partial_fewer_than_three_seeds,1,4.0,,
Al-V-Zn,10,full_support_aware,mSUN,2,3;4,2;3;4,partial_fewer_than_three_seeds,1,0.4,,
Al-V-Zn,10,full_support_aware,AUDC,2,3;4,2;3;4,partial_fewer_than_three_seeds,1,0.42,,
Au-K-Tb,10,baseline_reference,SUN,2;3;4,,2;3;4,complete_three_evaluation_seeds,3,1.3333333333333333,5.333333333333334,2.3094010767585034
Au-K-Tb,10,baseline_reference,mSUN,2;3;4,,2;3;4,complete_three_evaluation_seeds,3,0.13333333333333333,0.053333333333333344,0.23094010767585033
Au-K-Tb,10,baseline_reference,AUDC,2;3;4,,2;3;4,complete_three_evaluation_seeds,3,0.08666666666666667,0.022533333333333336,0.1501110699893027
Au-K-Tb,10,uq_only_support_aware,SUN,2;3,4,2;3;4,partial_fewer_than_three_seeds,2,3.0,0.0,0.0
Au-K-Tb,10,uq_only_support_aware,mSUN,2;3,4,2;3;4,partial_fewer_than_three_seeds,2,0.3,0.0,0.0
Au-K-Tb,10,uq_only_support_aware,AUDC,2;3,4,2;3;4,partial_fewer_than_three_seeds,2,0.31,0.0072,0.08485281374238571
Au-K-Tb,10,es_only_independent,SUN,2;3;4,,2;3;4,complete_three_evaluation_seeds,3,1.0,0.0,0.0
Au-K-Tb,10,es_only_independent,mSUN,2;3;4,,2;3;4,complete_three_evaluation_seeds,3,0.10000000000000002,2.8888949165808538e-34,1.6996749443881478e-17
Au-K-Tb,10,es_only_independent,AUDC,2;3;4,,2;3;4,complete_three_evaluation_seeds,3,0.12333333333333334,0.009733333333333335,0.09865765724632496
Au-K-Tb,10,full_support_aware,SUN,2,3;4,2;3;4,partial_fewer_than_three_seeds,1,0.0,,
Au-K-Tb,10,full_support_aware,mSUN,2,3;4,2;3;4,partial_fewer_than_three_seeds,1,0.0,,
Au-K-Tb,10,full_support_aware,AUDC,2,3;4,2;3;4,partial_fewer_than_three_seeds,1,0.0,,
Co-Dy-W,10,baseline_reference,SUN,2;3;4,,2;3;4,complete_three_evaluation_seeds,3,0.0,0.0,0.0
Co-Dy-W,10,baseline_reference,mSUN,2;3;4,,2;3;4,complete_three_evaluation_seeds,3,0.0,0.0,0.0
Co-Dy-W,10,baseline_reference,AUDC,2;3;4,,2;3;4,complete_three_evaluation_seeds,3,0.0,0.0,0.0
Co-Dy-W,10,uq_only_support_aware,SUN,2;3,4,2;3;4,partial_fewer_than_three_seeds,2,1.0,2.0,1.4142135623730951
Co-Dy-W,10,uq_only_support_aware,mSUN,2;3,4,2;3;4,partial_fewer_than_three_seeds,2,0.1,0.020000000000000004,0.14142135623730953
Co-Dy-W,10,uq_only_support_aware,AUDC,2;3,4,2;3;4,partial_fewer_than_three_seeds,2,0.08,0.0128,0.1131370849898476
Co-Dy-W,10,es_only_independent,SUN,2;3;4,,2;3;4,complete_three_evaluation_seeds,3,0.0,0.0,0.0
Co-Dy-W,10,es_only_independent,mSUN,2;3;4,,2;3;4,complete_three_evaluation_seeds,3,0.0,0.0,0.0
Co-Dy-W,10,es_only_independent,AUDC,2;3;4,,2;3;4,complete_three_evaluation_seeds,3,0.0,0.0,0.0
Co-Dy-W,10,full_support_aware,SUN,2,3;4,2;3;4,partial_fewer_than_three_seeds,1,0.0,,
Co-Dy-W,10,full_support_aware,mSUN,2,3;4,2;3;4,partial_fewer_than_three_seeds,1,0.0,,
Co-Dy-W,10,full_support_aware,AUDC,2,3;4,2;3;4,partial_fewer_than_three_seeds,1,0.0,,
Co-Mg-Na,10,baseline_reference,SUN,2;3;4,,2;3;4,complete_three_evaluation_seeds,3,0.0,0.0,0.0
Co-Mg-Na,10,baseline_reference,mSUN,2;3;4,,2;3;4,complete_three_evaluation_seeds,3,0.0,0.0,0.0
Co-Mg-Na,10,baseline_reference,AUDC,2;3;4,,2;3;4,complete_three_evaluation_seeds,3,0.0,0.0,0.0
Co-Mg-Na,10,uq_only_support_aware,SUN,2;3,4,2;3;4,partial_fewer_than_three_seeds,2,0.0,0.0,0.0
Co-Mg-Na,10,uq_only_support_aware,mSUN,2;3,4,2;3;4,partial_fewer_than_three_seeds,2,0.0,0.0,0.0
Co-Mg-Na,10,uq_only_support_aware,AUDC,2;3,4,2;3;4,partial_fewer_than_three_seeds,2,0.0,0.0,0.0
Co-Mg-Na,10,es_only_independent,SUN,2;3;4,,2;3;4,complete_three_evaluation_seeds,3,0.3333333333333333,0.33333333333333337,0.5773502691896258
Co-Mg-Na,10,es_only_independent,mSUN,2;3;4,,2;3;4,complete_three_evaluation_seeds,3,0.03333333333333333,0.003333333333333334,0.05773502691896258
Co-Mg-Na,10,es_only_independent,AUDC,2;3;4,,2;3;4,complete_three_evaluation_seeds,3,0.0033333333333333335,3.3333333333333335e-05,0.005773502691896258
Co-Mg-Na,10,full_support_aware,SUN,2,3;4,2;3;4,partial_fewer_than_three_seeds,1,2.0,,
Co-Mg-Na,10,full_support_aware,mSUN,2,3;4,2;3;4,partial_fewer_than_three_seeds,1,0.2,,
Co-Mg-Na,10,full_support_aware,AUDC,2,3;4,2;3;4,partial_fewer_than_three_seeds,1,0.08,,
Co-Pd-Tl,10,baseline_reference,SUN,2;3;4,,2;3;4,complete_three_evaluation_seeds,3,0.0,0.0,0.0
Co-Pd-Tl,10,baseline_reference,mSUN,2;3;4,,2;3;4,complete_three_evaluation_seeds,3,0.0,0.0,0.0
Co-Pd-Tl,10,baseline_reference,AUDC,2;3;4,,2;3;4,complete_three_evaluation_seeds,3,0.0,0.0,0.0
Co-Pd-Tl,10,uq_only_support_aware,SUN,2;3,4,2;3;4,partial_fewer_than_three_seeds,2,0.0,0.0,0.0
Co-Pd-Tl,10,uq_only_support_aware,mSUN,2;3,4,2;3;4,partial_fewer_than_three_seeds,2,0.0,0.0,0.0
Co-Pd-Tl,10,uq_only_support_aware,AUDC,2;3,4,2;3;4,partial_fewer_than_three_seeds,2,0.0,0.0,0.0
Co-Pd-Tl,10,es_only_independent,SUN,2;3;4,,2;3;4,complete_three_evaluation_seeds,3,0.0,0.0,0.0
Co-Pd-Tl,10,es_only_independent,mSUN,2;3;4,,2;3;4,complete_three_evaluation_seeds,3,0.0,0.0,0.0
Co-Pd-Tl,10,es_only_independent,AUDC,2;3;4,,2;3;4,complete_three_evaluation_seeds,3,0.0,0.0,0.0
Co-Pd-Tl,10,full_support_aware,SUN,2,3;4,2;3;4,partial_fewer_than_three_seeds,1,0.0,,
Co-Pd-Tl,10,full_support_aware,mSUN,2,3;4,2;3;4,partial_fewer_than_three_seeds,1,0.0,,
Co-Pd-Tl,10,full_support_aware,AUDC,2,3;4,2;3;4,partial_fewer_than_three_seeds,1,0.0,,
Ga-Ho-Lu,10,baseline_reference,SUN,2;3;4,,2;3;4,complete_three_evaluation_seeds,3,4.666666666666667,0.33333333333333337,0.5773502691896258
Ga-Ho-Lu,10,baseline_reference,mSUN,2;3;4,,2;3;4,complete_three_evaluation_seeds,3,0.4666666666666666,0.003333333333333332,0.05773502691896256
Ga-Ho-Lu,10,baseline_reference,AUDC,2;3;4,,2;3;4,complete_three_evaluation_seeds,3,0.43333333333333335,0.03523333333333334,0.1877054430040145
Ga-Ho-Lu,10,uq_only_support_aware,SUN,2;3,4,2;3;4,partial_fewer_than_three_seeds,2,4.5,4.5,2.1213203435596424
Ga-Ho-Lu,10,uq_only_support_aware,mSUN,2;3,4,2;3;4,partial_fewer_than_three_seeds,2,0.44999999999999996,0.045,0.21213203435596426
Ga-Ho-Lu,10,uq_only_support_aware,AUDC,2;3,4,2;3;4,partial_fewer_than_three_seeds,2,0.5349999999999999,0.06845,0.2616295090390226
Ga-Ho-Lu,10,es_only_independent,SUN,2;3;4,,2;3;4,complete_three_evaluation_seeds,3,3.0,1.0,1.0
Ga-Ho-Lu,10,es_only_independent,mSUN,2;3;4,,2;3;4,complete_three_evaluation_seeds,3,0.3,0.010000000000000002,0.1
Ga-Ho-Lu,10,es_only_independent,AUDC,2;3;4,,2;3;4,complete_three_evaluation_seeds,3,0.4633333333333334,0.008033333333333337,0.08962886439832503
Ga-Ho-Lu,10,full_support_aware,SUN,2,3;4,2;3;4,partial_fewer_than_three_seeds,1,3.0,,
Ga-Ho-Lu,10,full_support_aware,mSUN,2,3;4,2;3;4,partial_fewer_than_three_seeds,1,0.3,,
Ga-Ho-Lu,10,full_support_aware,AUDC,2,3;4,2;3;4,partial_fewer_than_three_seeds,1,0.45,,
Ga-Pt-Tm,10,baseline_reference,SUN,2;3;4,,2;3;4,complete_three_evaluation_seeds,3,4.0,3.0,1.7320508075688772
Ga-Pt-Tm,10,baseline_reference,mSUN,2;3;4,,2;3;4,complete_three_evaluation_seeds,3,0.39999999999999997,0.03,0.17320508075688773
Ga-Pt-Tm,10,baseline_reference,AUDC,2;3;4,,2;3;4,complete_three_evaluation_seeds,3,0.48666666666666664,0.012433333333333333,0.11150485789118487
Ga-Pt-Tm,10,uq_only_support_aware,SUN,2;3,4,2;3;4,partial_fewer_than_three_seeds,2,3.0,0.0,0.0
Ga-Pt-Tm,10,uq_only_support_aware,mSUN,2;3,4,2;3;4,partial_fewer_than_three_seeds,2,0.3,0.0,0.0
Ga-Pt-Tm,10,uq_only_support_aware,AUDC,2;3,4,2;3;4,partial_fewer_than_three_seeds,2,0.39,0.0032000000000000015,0.05656854249492382
Ga-Pt-Tm,10,es_only_independent,SUN,2;3;4,,2;3;4,complete_three_evaluation_seeds,3,4.0,7.0,2.6457513110645907
Ga-Pt-Tm,10,es_only_independent,mSUN,2;3;4,,2;3;4,complete_three_evaluation_seeds,3,0.39999999999999997,0.06999999999999998,0.264575131106459
Ga-Pt-Tm,10,es_only_independent,AUDC,2;3;4,,2;3;4,complete_three_evaluation_seeds,3,0.46,0.034300000000000004,0.18520259177452136
Ga-Pt-Tm,10,full_support_aware,SUN,2,3;4,2;3;4,partial_fewer_than_three_seeds,1,5.0,,
Ga-Pt-Tm,10,full_support_aware,mSUN,2,3;4,2;3;4,partial_fewer_than_three_seeds,1,0.5,,
Ga-Pt-Tm,10,full_support_aware,AUDC,2,3;4,2;3;4,partial_fewer_than_three_seeds,1,0.51,,
Hf-Ni-Zr,10,baseline_reference,SUN,2;3,4,2;3;4,partial_fewer_than_three_seeds,2,7.0,2.0,1.4142135623730951
Hf-Ni-Zr,10,baseline_reference,mSUN,2;3,4,2;3;4,partial_fewer_than_three_seeds,2,0.7,0.02000000000000001,0.14142135623730953
Hf-Ni-Zr,10,baseline_reference,AUDC,2;3,4,2;3;4,partial_fewer_than_three_seeds,2,0.8,0.000799999999999997,0.02828427124746185
Hf-Ni-Zr,10,uq_only_support_aware,SUN,2;3,4,2;3;4,partial_fewer_than_three_seeds,2,4.5,0.5,0.7071067811865476
Hf-Ni-Zr,10,uq_only_support_aware,mSUN,2;3,4,2;3;4,partial_fewer_than_three_seeds,2,0.45,0.0049999999999999975,0.07071067811865474
Hf-Ni-Zr,10,uq_only_support_aware,AUDC,2;3,4,2;3;4,partial_fewer_than_three_seeds,2,0.585,0.0004500000000000008,0.021213203435596444
Hf-Ni-Zr,10,es_only_independent,SUN,2;3;4,,2;3;4,complete_three_evaluation_seeds,3,3.3333333333333335,0.33333333333333337,0.5773502691896258
Hf-Ni-Zr,10,es_only_independent,mSUN,2;3;4,,2;3;4,complete_three_evaluation_seeds,3,0.3333333333333333,0.0033333333333333357,0.057735026918962595
Hf-Ni-Zr,10,es_only_independent,AUDC,2;3;4,,2;3;4,complete_three_evaluation_seeds,3,0.4266666666666667,0.006633333333333335,0.08144527815247078
Hf-Ni-Zr,10,full_support_aware,SUN,2,3;4,2;3;4,partial_fewer_than_three_seeds,1,6.0,,
Hf-Ni-Zr,10,full_support_aware,mSUN,2,3;4,2;3;4,partial_fewer_than_three_seeds,1,0.6,,
Hf-Ni-Zr,10,full_support_aware,AUDC,2,3;4,2;3;4,partial_fewer_than_three_seeds,1,0.66,,
Mg-Sn-Sr,10,baseline_reference,SUN,2;3,4,2;3;4,partial_fewer_than_three_seeds,2,6.0,0.0,0.0
Mg-Sn-Sr,10,baseline_reference,mSUN,2;3,4,2;3;4,partial_fewer_than_three_seeds,2,0.6,0.0,0.0
Mg-Sn-Sr,10,baseline_reference,AUDC,2;3,4,2;3;4,partial_fewer_than_three_seeds,2,0.5800000000000001,0.003199999999999997,0.056568542494923775
Mg-Sn-Sr,10,uq_only_support_aware,SUN,2;3,4,2;3;4,partial_fewer_than_three_seeds,2,9.5,0.5,0.7071067811865476
Mg-Sn-Sr,10,uq_only_support_aware,mSUN,2;3,4,2;3;4,partial_fewer_than_three_seeds,2,0.95,0.0049999999999999975,0.07071067811865474
Mg-Sn-Sr,10,uq_only_support_aware,AUDC,2;3,4,2;3;4,partial_fewer_than_three_seeds,2,0.935,0.00845,0.09192388155425117
Mg-Sn-Sr,10,es_only_independent,SUN,2;3;4,,2;3;4,complete_three_evaluation_seeds,3,6.0,3.0,1.7320508075688772
Mg-Sn-Sr,10,es_only_independent,mSUN,2;3;4,,2;3;4,complete_three_evaluation_seeds,3,0.6,0.029999999999999985,0.17320508075688767
Mg-Sn-Sr,10,es_only_independent,AUDC,2;3;4,,2;3;4,complete_three_evaluation_seeds,3,0.6733333333333333,0.0024333333333333316,0.04932882862316246
Mg-Sn-Sr,10,full_support_aware,SUN,2,3;4,2;3;4,partial_fewer_than_three_seeds,1,4.0,,
Mg-Sn-Sr,10,full_support_aware,mSUN,2,3;4,2;3;4,partial_fewer_than_three_seeds,1,0.4,,
Mg-Sn-Sr,10,full_support_aware,AUDC,2,3;4,2;3;4,partial_fewer_than_three_seeds,1,0.64,,
Au-Cr-Cs-Dy,10,baseline_reference,SUN,2;3,4,2;3;4,partial_fewer_than_three_seeds,2,0.0,0.0,0.0
Au-Cr-Cs-Dy,10,baseline_reference,mSUN,2;3,4,2;3;4,partial_fewer_than_three_seeds,2,0.0,0.0,0.0
Au-Cr-Cs-Dy,10,baseline_reference,AUDC,2;3,4,2;3;4,partial_fewer_than_three_seeds,2,0.0,0.0,0.0
Au-Cr-Cs-Dy,10,uq_only_support_aware,SUN,2;3,4,2;3;4,partial_fewer_than_three_seeds,2,0.0,0.0,0.0
Au-Cr-Cs-Dy,10,uq_only_support_aware,mSUN,2;3,4,2;3;4,partial_fewer_than_three_seeds,2,0.0,0.0,0.0
Au-Cr-Cs-Dy,10,uq_only_support_aware,AUDC,2;3,4,2;3;4,partial_fewer_than_three_seeds,2,0.0,0.0,0.0
Au-Cr-Cs-Dy,10,es_only_independent,SUN,2;3,4,2;3;4,partial_fewer_than_three_seeds,2,2.0,8.0,2.8284271247461903
Au-Cr-Cs-Dy,10,es_only_independent,mSUN,2;3,4,2;3;4,partial_fewer_than_three_seeds,2,0.2,0.08000000000000002,0.28284271247461906
Au-Cr-Cs-Dy,10,es_only_independent,AUDC,2;3,4,2;3;4,partial_fewer_than_three_seeds,2,0.29,0.1682,0.41012193308819755
Au-Cr-Cs-Dy,10,full_support_aware,SUN,2,3;4,2;3;4,partial_fewer_than_three_seeds,1,0.0,,
Au-Cr-Cs-Dy,10,full_support_aware,mSUN,2,3;4,2;3;4,partial_fewer_than_three_seeds,1,0.0,,
Au-Cr-Cs-Dy,10,full_support_aware,AUDC,2,3;4,2;3;4,partial_fewer_than_three_seeds,1,0.0,,
Au-Tb-V-Y,10,baseline_reference,SUN,2;3,4,2;3;4,partial_fewer_than_three_seeds,2,1.5,0.5,0.7071067811865476
Au-Tb-V-Y,10,baseline_reference,mSUN,2;3,4,2;3;4,partial_fewer_than_three_seeds,2,0.15000000000000002,0.005000000000000001,0.07071067811865477
Au-Tb-V-Y,10,baseline_reference,AUDC,2;3,4,2;3;4,partial_fewer_than_three_seeds,2,0.145,0.0024499999999999995,0.049497474683058325
Au-Tb-V-Y,10,uq_only_support_aware,SUN,2;3,4,2;3;4,partial_fewer_than_three_seeds,2,1.0,0.0,0.0
Au-Tb-V-Y,10,uq_only_support_aware,mSUN,2;3,4,2;3;4,partial_fewer_than_three_seeds,2,0.1,0.0,0.0
Au-Tb-V-Y,10,uq_only_support_aware,AUDC,2;3,4,2;3;4,partial_fewer_than_three_seeds,2,0.12,0.0002000000000000001,0.014142135623730954
Au-Tb-V-Y,10,es_only_independent,SUN,2;3,4,2;3;4,partial_fewer_than_three_seeds,2,0.5,0.5,0.7071067811865476
Au-Tb-V-Y,10,es_only_independent,mSUN,2;3,4,2;3;4,partial_fewer_than_three_seeds,2,0.05,0.005000000000000001,0.07071067811865477
Au-Tb-V-Y,10,es_only_independent,AUDC,2;3,4,2;3;4,partial_fewer_than_three_seeds,2,0.075,0.01125,0.10606601717798213
Au-Tb-V-Y,10,full_support_aware,SUN,2,3;4,2;3;4,partial_fewer_than_three_seeds,1,0.0,,
Au-Tb-V-Y,10,full_support_aware,mSUN,2,3;4,2;3;4,partial_fewer_than_three_seeds,1,0.0,,
Au-Tb-V-Y,10,full_support_aware,AUDC,2,3;4,2;3;4,partial_fewer_than_three_seeds,1,0.0,,
Ba-Be-Hf-Li,10,baseline_reference,SUN,2;3,4,2;3;4,partial_fewer_than_three_seeds,2,0.0,0.0,0.0
Ba-Be-Hf-Li,10,baseline_reference,mSUN,2;3,4,2;3;4,partial_fewer_than_three_seeds,2,0.0,0.0,0.0
Ba-Be-Hf-Li,10,baseline_reference,AUDC,2;3,4,2;3;4,partial_fewer_than_three_seeds,2,0.0,0.0,0.0
Ba-Be-Hf-Li,10,uq_only_support_aware,SUN,2;3,4,2;3;4,partial_fewer_than_three_seeds,2,0.0,0.0,0.0
Ba-Be-Hf-Li,10,uq_only_support_aware,mSUN,2;3,4,2;3;4,partial_fewer_than_three_seeds,2,0.0,0.0,0.0
Ba-Be-Hf-Li,10,uq_only_support_aware,AUDC,2;3,4,2;3;4,partial_fewer_than_three_seeds,2,0.0,0.0,0.0
Ba-Be-Hf-Li,10,es_only_independent,SUN,2;3,4,2;3;4,partial_fewer_than_three_seeds,2,0.0,0.0,0.0
Ba-Be-Hf-Li,10,es_only_independent,mSUN,2;3,4,2;3;4,partial_fewer_than_three_seeds,2,0.0,0.0,0.0
Ba-Be-Hf-Li,10,es_only_independent,AUDC,2;3,4,2;3;4,partial_fewer_than_three_seeds,2,0.0,0.0,0.0
Ba-Be-Hf-Li,10,full_support_aware,SUN,2,3;4,2;3;4,partial_fewer_than_three_seeds,1,0.0,,
Ba-Be-Hf-Li,10,full_support_aware,mSUN,2,3;4,2;3;4,partial_fewer_than_three_seeds,1,0.0,,
Ba-Be-Hf-Li,10,full_support_aware,AUDC,2,3;4,2;3;4,partial_fewer_than_three_seeds,1,0.0,,
Ba-Nd-Ni-W,10,baseline_reference,SUN,2;3,4,2;3;4,partial_fewer_than_three_seeds,2,0.0,0.0,0.0
Ba-Nd-Ni-W,10,baseline_reference,mSUN,2;3,4,2;3;4,partial_fewer_than_three_seeds,2,0.0,0.0,0.0
Ba-Nd-Ni-W,10,baseline_reference,AUDC,2;3,4,2;3;4,partial_fewer_than_three_seeds,2,0.0,0.0,0.0
Ba-Nd-Ni-W,10,uq_only_support_aware,SUN,2,3;4,2;3;4,partial_fewer_than_three_seeds,1,0.0,,
Ba-Nd-Ni-W,10,uq_only_support_aware,mSUN,2,3;4,2;3;4,partial_fewer_than_three_seeds,1,0.0,,
Ba-Nd-Ni-W,10,uq_only_support_aware,AUDC,2,3;4,2;3;4,partial_fewer_than_three_seeds,1,0.0,,
Ba-Nd-Ni-W,10,es_only_independent,SUN,2;3,4,2;3;4,partial_fewer_than_three_seeds,2,0.0,0.0,0.0
Ba-Nd-Ni-W,10,es_only_independent,mSUN,2;3,4,2;3;4,partial_fewer_than_three_seeds,2,0.0,0.0,0.0
Ba-Nd-Ni-W,10,es_only_independent,AUDC,2;3,4,2;3;4,partial_fewer_than_three_seeds,2,0.0,0.0,0.0
Ba-Nd-Ni-W,10,full_support_aware,SUN,2,3;4,2;3;4,partial_fewer_than_three_seeds,1,0.0,,
Ba-Nd-Ni-W,10,full_support_aware,mSUN,2,3;4,2;3;4,partial_fewer_than_three_seeds,1,0.0,,
Ba-Nd-Ni-W,10,full_support_aware,AUDC,2,3;4,2;3;4,partial_fewer_than_three_seeds,1,0.0,,
Ca-Pd-Sn-W,10,baseline_reference,SUN,2;3,4,2;3;4,partial_fewer_than_three_seeds,2,0.0,0.0,0.0
Ca-Pd-Sn-W,10,baseline_reference,mSUN,2;3,4,2;3;4,partial_fewer_than_three_seeds,2,0.0,0.0,0.0
Ca-Pd-Sn-W,10,baseline_reference,AUDC,2;3,4,2;3;4,partial_fewer_than_three_seeds,2,0.0,0.0,0.0
Ca-Pd-Sn-W,10,uq_only_support_aware,SUN,2,3;4,2;3;4,partial_fewer_than_three_seeds,1,0.0,,
Ca-Pd-Sn-W,10,uq_only_support_aware,mSUN,2,3;4,2;3;4,partial_fewer_than_three_seeds,1,0.0,,
Ca-Pd-Sn-W,10,uq_only_support_aware,AUDC,2,3;4,2;3;4,partial_fewer_than_three_seeds,1,0.0,,
Ca-Pd-Sn-W,10,es_only_independent,SUN,2;3,4,2;3;4,partial_fewer_than_three_seeds,2,0.0,0.0,0.0
Ca-Pd-Sn-W,10,es_only_independent,mSUN,2;3,4,2;3;4,partial_fewer_than_three_seeds,2,0.0,0.0,0.0
Ca-Pd-Sn-W,10,es_only_independent,AUDC,2;3,4,2;3;4,partial_fewer_than_three_seeds,2,0.0,0.0,0.0
Ca-Pd-Sn-W,10,full_support_aware,SUN,2,3;4,2;3;4,partial_fewer_than_three_seeds,1,0.0,,
Ca-Pd-Sn-W,10,full_support_aware,mSUN,2,3;4,2;3;4,partial_fewer_than_three_seeds,1,0.0,,
Ca-Pd-Sn-W,10,full_support_aware,AUDC,2,3;4,2;3;4,partial_fewer_than_three_seeds,1,0.0,,
Ce-Er-Pb-Rh,10,baseline_reference,SUN,2;3,4,2;3;4,partial_fewer_than_three_seeds,2,2.0,2.0,1.4142135623730951
Ce-Er-Pb-Rh,10,baseline_reference,mSUN,2;3,4,2;3;4,partial_fewer_than_three_seeds,2,0.2,0.019999999999999997,0.1414213562373095
Ce-Er-Pb-Rh,10,baseline_reference,AUDC,2;3,4,2;3;4,partial_fewer_than_three_seeds,2,0.24,0.0049999999999999975,0.07071067811865474
Ce-Er-Pb-Rh,10,uq_only_support_aware,SUN,2,3;4,2;3;4,partial_fewer_than_three_seeds,1,1.0,,
Ce-Er-Pb-Rh,10,uq_only_support_aware,mSUN,2,3;4,2;3;4,partial_fewer_than_three_seeds,1,0.1,,
Ce-Er-Pb-Rh,10,uq_only_support_aware,AUDC,2,3;4,2;3;4,partial_fewer_than_three_seeds,1,0.19,,
Ce-Er-Pb-Rh,10,es_only_independent,SUN,2;3,4,2;3;4,partial_fewer_than_three_seeds,2,1.0,0.0,0.0
Ce-Er-Pb-Rh,10,es_only_independent,mSUN,2;3,4,2;3;4,partial_fewer_than_three_seeds,2,0.1,0.0,0.0
Ce-Er-Pb-Rh,10,es_only_independent,AUDC,2;3,4,2;3;4,partial_fewer_than_three_seeds,2,0.19,0.0,0.0
Ce-Er-Pb-Rh,10,full_support_aware,SUN,2,3;4,2;3;4,partial_fewer_than_three_seeds,1,3.0,,
Ce-Er-Pb-Rh,10,full_support_aware,mSUN,2,3;4,2;3;4,partial_fewer_than_three_seeds,1,0.3,,
Ce-Er-Pb-Rh,10,full_support_aware,AUDC,2,3;4,2;3;4,partial_fewer_than_three_seeds,1,0.21,,
Ce-Ir-Pt-Sn,10,baseline_reference,SUN,2;3,4,2;3;4,partial_fewer_than_three_seeds,2,1.0,0.0,0.0
Ce-Ir-Pt-Sn,10,baseline_reference,mSUN,2;3,4,2;3;4,partial_fewer_than_three_seeds,2,0.1,0.0,0.0
Ce-Ir-Pt-Sn,10,baseline_reference,AUDC,2;3,4,2;3;4,partial_fewer_than_three_seeds,2,0.09,0.0007999999999999997,0.028284271247461894
Ce-Ir-Pt-Sn,10,uq_only_support_aware,SUN,2,3;4,2;3;4,partial_fewer_than_three_seeds,1,4.0,,
Ce-Ir-Pt-Sn,10,uq_only_support_aware,mSUN,2,3;4,2;3;4,partial_fewer_than_three_seeds,1,0.4,,
Ce-Ir-Pt-Sn,10,uq_only_support_aware,AUDC,2,3;4,2;3;4,partial_fewer_than_three_seeds,1,0.16,,
Ce-Ir-Pt-Sn,10,es_only_independent,SUN,2;3,4,2;3;4,partial_fewer_than_three_seeds,2,0.0,0.0,0.0
Ce-Ir-Pt-Sn,10,es_only_independent,mSUN,2;3,4,2;3;4,partial_fewer_than_three_seeds,2,0.0,0.0,0.0
Ce-Ir-Pt-Sn,10,es_only_independent,AUDC,2;3,4,2;3;4,partial_fewer_than_three_seeds,2,0.0,0.0,0.0
Ce-Ir-Pt-Sn,10,full_support_aware,SUN,2,3;4,2;3;4,partial_fewer_than_three_seeds,1,0.0,,
Ce-Ir-Pt-Sn,10,full_support_aware,mSUN,2,3;4,2;3;4,partial_fewer_than_three_seeds,1,0.0,,
Ce-Ir-Pt-Sn,10,full_support_aware,AUDC,2,3;4,2;3;4,partial_fewer_than_three_seeds,1,0.0,,
Co-Dy-Ta-Y,10,baseline_reference,SUN,2;3,4,2;3;4,partial_fewer_than_three_seeds,2,0.0,0.0,0.0
Co-Dy-Ta-Y,10,baseline_reference,mSUN,2;3,4,2;3;4,partial_fewer_than_three_seeds,2,0.0,0.0,0.0
Co-Dy-Ta-Y,10,baseline_reference,AUDC,2;3,4,2;3;4,partial_fewer_than_three_seeds,2,0.0,0.0,0.0
Co-Dy-Ta-Y,10,uq_only_support_aware,SUN,2,3;4,2;3;4,partial_fewer_than_three_seeds,1,0.0,,
Co-Dy-Ta-Y,10,uq_only_support_aware,mSUN,2,3;4,2;3;4,partial_fewer_than_three_seeds,1,0.0,,
Co-Dy-Ta-Y,10,uq_only_support_aware,AUDC,2,3;4,2;3;4,partial_fewer_than_three_seeds,1,0.0,,
Co-Dy-Ta-Y,10,es_only_independent,SUN,2;3,4,2;3;4,partial_fewer_than_three_seeds,2,0.0,0.0,0.0
Co-Dy-Ta-Y,10,es_only_independent,mSUN,2;3,4,2;3;4,partial_fewer_than_three_seeds,2,0.0,0.0,0.0
Co-Dy-Ta-Y,10,es_only_independent,AUDC,2;3,4,2;3;4,partial_fewer_than_three_seeds,2,0.0,0.0,0.0
Co-Dy-Ta-Y,10,full_support_aware,SUN,2,3;4,2;3;4,partial_fewer_than_three_seeds,1,0.0,,
Co-Dy-Ta-Y,10,full_support_aware,mSUN,2,3;4,2;3;4,partial_fewer_than_three_seeds,1,0.0,,
Co-Dy-Ta-Y,10,full_support_aware,AUDC,2,3;4,2;3;4,partial_fewer_than_three_seeds,1,0.0,,
Dy-K-Pd-Sm,10,baseline_reference,SUN,2;3,4,2;3;4,partial_fewer_than_three_seeds,2,0.0,0.0,0.0
Dy-K-Pd-Sm,10,baseline_reference,mSUN,2;3,4,2;3;4,partial_fewer_than_three_seeds,2,0.0,0.0,0.0
Dy-K-Pd-Sm,10,baseline_reference,AUDC,2;3,4,2;3;4,partial_fewer_than_three_seeds,2,0.0,0.0,0.0
Dy-K-Pd-Sm,10,uq_only_support_aware,SUN,2,3;4,2;3;4,partial_fewer_than_three_seeds,1,0.0,,
Dy-K-Pd-Sm,10,uq_only_support_aware,mSUN,2,3;4,2;3;4,partial_fewer_than_three_seeds,1,0.0,,
Dy-K-Pd-Sm,10,uq_only_support_aware,AUDC,2,3;4,2;3;4,partial_fewer_than_three_seeds,1,0.0,,
Dy-K-Pd-Sm,10,es_only_independent,SUN,2;3,4,2;3;4,partial_fewer_than_three_seeds,2,0.0,0.0,0.0
Dy-K-Pd-Sm,10,es_only_independent,mSUN,2;3,4,2;3;4,partial_fewer_than_three_seeds,2,0.0,0.0,0.0
Dy-K-Pd-Sm,10,es_only_independent,AUDC,2;3,4,2;3;4,partial_fewer_than_three_seeds,2,0.0,0.0,0.0
Dy-K-Pd-Sm,10,full_support_aware,SUN,2,3;4,2;3;4,partial_fewer_than_three_seeds,1,0.0,,
Dy-K-Pd-Sm,10,full_support_aware,mSUN,2,3;4,2;3;4,partial_fewer_than_three_seeds,1,0.0,,
Dy-K-Pd-Sm,10,full_support_aware,AUDC,2,3;4,2;3;4,partial_fewer_than_three_seeds,1,0.0,,
Eu-Nb-Sn-Tl,10,baseline_reference,SUN,2;3,4,2;3;4,partial_fewer_than_three_seeds,2,0.0,0.0,0.0
Eu-Nb-Sn-Tl,10,baseline_reference,mSUN,2;3,4,2;3;4,partial_fewer_than_three_seeds,2,0.0,0.0,0.0
Eu-Nb-Sn-Tl,10,baseline_reference,AUDC,2;3,4,2;3;4,partial_fewer_than_three_seeds,2,0.0,0.0,0.0
Eu-Nb-Sn-Tl,10,uq_only_support_aware,SUN,2,3;4,2;3;4,partial_fewer_than_three_seeds,1,0.0,,
Eu-Nb-Sn-Tl,10,uq_only_support_aware,mSUN,2,3;4,2;3;4,partial_fewer_than_three_seeds,1,0.0,,
Eu-Nb-Sn-Tl,10,uq_only_support_aware,AUDC,2,3;4,2;3;4,partial_fewer_than_three_seeds,1,0.0,,
Eu-Nb-Sn-Tl,10,es_only_independent,SUN,2;3,4,2;3;4,partial_fewer_than_three_seeds,2,0.0,0.0,0.0
Eu-Nb-Sn-Tl,10,es_only_independent,mSUN,2;3,4,2;3;4,partial_fewer_than_three_seeds,2,0.0,0.0,0.0
Eu-Nb-Sn-Tl,10,es_only_independent,AUDC,2;3,4,2;3;4,partial_fewer_than_three_seeds,2,0.0,0.0,0.0
Eu-Nb-Sn-Tl,10,full_support_aware,SUN,2,3;4,2;3;4,partial_fewer_than_three_seeds,1,0.0,,
Eu-Nb-Sn-Tl,10,full_support_aware,mSUN,2,3;4,2;3;4,partial_fewer_than_three_seeds,1,0.0,,
Eu-Nb-Sn-Tl,10,full_support_aware,AUDC,2,3;4,2;3;4,partial_fewer_than_three_seeds,1,0.0,,
Ag-Nd-Pd-Pt-Tb,10,baseline_reference,SUN,2;3,4,2;3;4,partial_fewer_than_three_seeds,2,3.0,8.0,2.8284271247461903
Ag-Nd-Pd-Pt-Tb,10,baseline_reference,mSUN,2;3,4,2;3;4,partial_fewer_than_three_seeds,2,0.3,0.08,0.282842712474619
Ag-Nd-Pd-Pt-Tb,10,baseline_reference,AUDC,2;3,4,2;3;4,partial_fewer_than_three_seeds,2,0.31,0.0288,0.16970562748477142
Ag-Nd-Pd-Pt-Tb,10,uq_only_support_aware,SUN,2,3;4,2;3;4,partial_fewer_than_three_seeds,1,1.0,,
Ag-Nd-Pd-Pt-Tb,10,uq_only_support_aware,mSUN,2,3;4,2;3;4,partial_fewer_than_three_seeds,1,0.1,,
Ag-Nd-Pd-Pt-Tb,10,uq_only_support_aware,AUDC,2,3;4,2;3;4,partial_fewer_than_three_seeds,1,0.19,,
Ag-Nd-Pd-Pt-Tb,10,es_only_independent,SUN,2;3,4,2;3;4,partial_fewer_than_three_seeds,2,4.5,12.5,3.5355339059327378
Ag-Nd-Pd-Pt-Tb,10,es_only_independent,mSUN,2;3,4,2;3;4,partial_fewer_than_three_seeds,2,0.44999999999999996,0.12499999999999997,0.35355339059327373
Ag-Nd-Pd-Pt-Tb,10,es_only_independent,AUDC,2;3,4,2;3;4,partial_fewer_than_three_seeds,2,0.435,0.09245,0.30405591591021547
Ag-Nd-Pd-Pt-Tb,10,full_support_aware,SUN,2,3;4,2;3;4,partial_fewer_than_three_seeds,1,4.0,,
Ag-Nd-Pd-Pt-Tb,10,full_support_aware,mSUN,2,3;4,2;3;4,partial_fewer_than_three_seeds,1,0.4,,
Ag-Nd-Pd-Pt-Tb,10,full_support_aware,AUDC,2,3;4,2;3;4,partial_fewer_than_three_seeds,1,0.46,,
Al-Hg-K-Mg-W,10,baseline_reference,SUN,2;3,4,2;3;4,partial_fewer_than_three_seeds,2,3.5,24.5,4.949747468305833
Al-Hg-K-Mg-W,10,baseline_reference,mSUN,2;3,4,2;3;4,partial_fewer_than_three_seeds,2,0.35,0.24499999999999997,0.49497474683058323
Al-Hg-K-Mg-W,10,baseline_reference,AUDC,2;3,4,2;3;4,partial_fewer_than_three_seeds,2,0.385,0.29645,0.5444722215136416
Al-Hg-K-Mg-W,10,uq_only_support_aware,SUN,2,3;4,2;3;4,partial_fewer_than_three_seeds,1,3.0,,
Al-Hg-K-Mg-W,10,uq_only_support_aware,mSUN,2,3;4,2;3;4,partial_fewer_than_three_seeds,1,0.3,,
Al-Hg-K-Mg-W,10,uq_only_support_aware,AUDC,2,3;4,2;3;4,partial_fewer_than_three_seeds,1,0.29,,
Al-Hg-K-Mg-W,10,es_only_independent,SUN,2;3,4,2;3;4,partial_fewer_than_three_seeds,2,0.0,0.0,0.0
Al-Hg-K-Mg-W,10,es_only_independent,mSUN,2;3,4,2;3;4,partial_fewer_than_three_seeds,2,0.0,0.0,0.0
Al-Hg-K-Mg-W,10,es_only_independent,AUDC,2;3,4,2;3;4,partial_fewer_than_three_seeds,2,0.0,0.0,0.0
Al-Hg-K-Mg-W,10,full_support_aware,SUN,2,3;4,2;3;4,partial_fewer_than_three_seeds,1,0.0,,
Al-Hg-K-Mg-W,10,full_support_aware,mSUN,2,3;4,2;3;4,partial_fewer_than_three_seeds,1,0.0,,
Al-Hg-K-Mg-W,10,full_support_aware,AUDC,2,3;4,2;3;4,partial_fewer_than_three_seeds,1,0.0,,
Al-Lu-Pt-Rb-Sm,10,baseline_reference,SUN,2;3,4,2;3;4,partial_fewer_than_three_seeds,2,1.5,4.5,2.1213203435596424
Al-Lu-Pt-Rb-Sm,10,baseline_reference,mSUN,2;3,4,2;3;4,partial_fewer_than_three_seeds,2,0.15,0.045,0.21213203435596426
Al-Lu-Pt-Rb-Sm,10,baseline_reference,AUDC,2;3,4,2;3;4,partial_fewer_than_three_seeds,2,0.115,0.02645,0.16263455967290594
Al-Lu-Pt-Rb-Sm,10,uq_only_support_aware,SUN,2,3;4,2;3;4,partial_fewer_than_three_seeds,1,0.0,,
Al-Lu-Pt-Rb-Sm,10,uq_only_support_aware,mSUN,2,3;4,2;3;4,partial_fewer_than_three_seeds,1,0.0,,
Al-Lu-Pt-Rb-Sm,10,uq_only_support_aware,AUDC,2,3;4,2;3;4,partial_fewer_than_three_seeds,1,0.0,,
Al-Lu-Pt-Rb-Sm,10,es_only_independent,SUN,2;3,4,2;3;4,partial_fewer_than_three_seeds,2,0.0,0.0,0.0
Al-Lu-Pt-Rb-Sm,10,es_only_independent,mSUN,2;3,4,2;3;4,partial_fewer_than_three_seeds,2,0.0,0.0,0.0
Al-Lu-Pt-Rb-Sm,10,es_only_independent,AUDC,2;3,4,2;3;4,partial_fewer_than_three_seeds,2,0.0,0.0,0.0
Al-Lu-Pt-Rb-Sm,10,full_support_aware,SUN,,2;3;4,2;3;4,partial_fewer_than_three_seeds,0,,,
Al-Lu-Pt-Rb-Sm,10,full_support_aware,mSUN,,2;3;4,2;3;4,partial_fewer_than_three_seeds,0,,,
Al-Lu-Pt-Rb-Sm,10,full_support_aware,AUDC,,2;3;4,2;3;4,partial_fewer_than_three_seeds,0,,,
Ca-Fe-Gd-Pb-Tb,10,baseline_reference,SUN,2;3,4,2;3;4,partial_fewer_than_three_seeds,2,0.0,0.0,0.0
Ca-Fe-Gd-Pb-Tb,10,baseline_reference,mSUN,2;3,4,2;3;4,partial_fewer_than_three_seeds,2,0.0,0.0,0.0
Ca-Fe-Gd-Pb-Tb,10,baseline_reference,AUDC,2;3,4,2;3;4,partial_fewer_than_three_seeds,2,0.0,0.0,0.0
Ca-Fe-Gd-Pb-Tb,10,uq_only_support_aware,SUN,2,3;4,2;3;4,partial_fewer_than_three_seeds,1,0.0,,
Ca-Fe-Gd-Pb-Tb,10,uq_only_support_aware,mSUN,2,3;4,2;3;4,partial_fewer_than_three_seeds,1,0.0,,
Ca-Fe-Gd-Pb-Tb,10,uq_only_support_aware,AUDC,2,3;4,2;3;4,partial_fewer_than_three_seeds,1,0.0,,
Ca-Fe-Gd-Pb-Tb,10,es_only_independent,SUN,2;3,4,2;3;4,partial_fewer_than_three_seeds,2,0.5,0.5,0.7071067811865476
Ca-Fe-Gd-Pb-Tb,10,es_only_independent,mSUN,2;3,4,2;3;4,partial_fewer_than_three_seeds,2,0.05,0.005000000000000001,0.07071067811865477
Ca-Fe-Gd-Pb-Tb,10,es_only_independent,AUDC,2;3,4,2;3;4,partial_fewer_than_three_seeds,2,0.025,0.0012500000000000002,0.03535533905932738
Ca-Fe-Gd-Pb-Tb,10,full_support_aware,SUN,,2;3;4,2;3;4,partial_fewer_than_three_seeds,0,,,
Ca-Fe-Gd-Pb-Tb,10,full_support_aware,mSUN,,2;3;4,2;3;4,partial_fewer_than_three_seeds,0,,,
Ca-Fe-Gd-Pb-Tb,10,full_support_aware,AUDC,,2;3;4,2;3;4,partial_fewer_than_three_seeds,0,,,
Cd-Gd-Mn-Na-Ta,10,baseline_reference,SUN,2;3,4,2;3;4,partial_fewer_than_three_seeds,2,0.0,0.0,0.0
Cd-Gd-Mn-Na-Ta,10,baseline_reference,mSUN,2;3,4,2;3;4,partial_fewer_than_three_seeds,2,0.0,0.0,0.0
Cd-Gd-Mn-Na-Ta,10,baseline_reference,AUDC,2;3,4,2;3;4,partial_fewer_than_three_seeds,2,0.0,0.0,0.0
Cd-Gd-Mn-Na-Ta,10,uq_only_support_aware,SUN,2,3;4,2;3;4,partial_fewer_than_three_seeds,1,0.0,,
Cd-Gd-Mn-Na-Ta,10,uq_only_support_aware,mSUN,2,3;4,2;3;4,partial_fewer_than_three_seeds,1,0.0,,
Cd-Gd-Mn-Na-Ta,10,uq_only_support_aware,AUDC,2,3;4,2;3;4,partial_fewer_than_three_seeds,1,0.0,,
Cd-Gd-Mn-Na-Ta,10,es_only_independent,SUN,2;3,4,2;3;4,partial_fewer_than_three_seeds,2,0.0,0.0,0.0
Cd-Gd-Mn-Na-Ta,10,es_only_independent,mSUN,2;3,4,2;3;4,partial_fewer_than_three_seeds,2,0.0,0.0,0.0
Cd-Gd-Mn-Na-Ta,10,es_only_independent,AUDC,2;3,4,2;3;4,partial_fewer_than_three_seeds,2,0.0,0.0,0.0
Cd-Gd-Mn-Na-Ta,10,full_support_aware,SUN,,2;3;4,2;3;4,partial_fewer_than_three_seeds,0,,,
Cd-Gd-Mn-Na-Ta,10,full_support_aware,mSUN,,2;3;4,2;3;4,partial_fewer_than_three_seeds,0,,,
Cd-Gd-Mn-Na-Ta,10,full_support_aware,AUDC,,2;3;4,2;3;4,partial_fewer_than_three_seeds,0,,,
Cd-Li-Nd-Ti-W,10,baseline_reference,SUN,2;3,4,2;3;4,partial_fewer_than_three_seeds,2,0.0,0.0,0.0
Cd-Li-Nd-Ti-W,10,baseline_reference,mSUN,2;3,4,2;3;4,partial_fewer_than_three_seeds,2,0.0,0.0,0.0
Cd-Li-Nd-Ti-W,10,baseline_reference,AUDC,2;3,4,2;3;4,partial_fewer_than_three_seeds,2,0.0,0.0,0.0
Cd-Li-Nd-Ti-W,10,uq_only_support_aware,SUN,2,3;4,2;3;4,partial_fewer_than_three_seeds,1,0.0,,
Cd-Li-Nd-Ti-W,10,uq_only_support_aware,mSUN,2,3;4,2;3;4,partial_fewer_than_three_seeds,1,0.0,,
Cd-Li-Nd-Ti-W,10,uq_only_support_aware,AUDC,2,3;4,2;3;4,partial_fewer_than_three_seeds,1,0.0,,
Cd-Li-Nd-Ti-W,10,es_only_independent,SUN,2;3,4,2;3;4,partial_fewer_than_three_seeds,2,0.0,0.0,0.0
Cd-Li-Nd-Ti-W,10,es_only_independent,mSUN,2;3,4,2;3;4,partial_fewer_than_three_seeds,2,0.0,0.0,0.0
Cd-Li-Nd-Ti-W,10,es_only_independent,AUDC,2;3,4,2;3;4,partial_fewer_than_three_seeds,2,0.0,0.0,0.0
Cd-Li-Nd-Ti-W,10,full_support_aware,SUN,,2;3;4,2;3;4,partial_fewer_than_three_seeds,0,,,
Cd-Li-Nd-Ti-W,10,full_support_aware,mSUN,,2;3;4,2;3;4,partial_fewer_than_three_seeds,0,,,
Cd-Li-Nd-Ti-W,10,full_support_aware,AUDC,,2;3;4,2;3;4,partial_fewer_than_three_seeds,0,,,
Co-Hf-In-Ru-Tm,10,baseline_reference,SUN,2;3,4,2;3;4,partial_fewer_than_three_seeds,2,1.5,0.5,0.7071067811865476
Co-Hf-In-Ru-Tm,10,baseline_reference,mSUN,2;3,4,2;3;4,partial_fewer_than_three_seeds,2,0.15000000000000002,0.005000000000000001,0.07071067811865477
Co-Hf-In-Ru-Tm,10,baseline_reference,AUDC,2;3,4,2;3;4,partial_fewer_than_three_seeds,2,0.255,0.014450000000000001,0.12020815280171308
Co-Hf-In-Ru-Tm,10,uq_only_support_aware,SUN,2,3;4,2;3;4,partial_fewer_than_three_seeds,1,3.0,,
Co-Hf-In-Ru-Tm,10,uq_only_support_aware,mSUN,2,3;4,2;3;4,partial_fewer_than_three_seeds,1,0.3,,
Co-Hf-In-Ru-Tm,10,uq_only_support_aware,AUDC,2,3;4,2;3;4,partial_fewer_than_three_seeds,1,0.39,,
Co-Hf-In-Ru-Tm,10,es_only_independent,SUN,2;3,4,2;3;4,partial_fewer_than_three_seeds,2,1.0,2.0,1.4142135623730951
Co-Hf-In-Ru-Tm,10,es_only_independent,mSUN,2;3,4,2;3;4,partial_fewer_than_three_seeds,2,0.1,0.020000000000000004,0.14142135623730953
Co-Hf-In-Ru-Tm,10,es_only_independent,AUDC,2;3,4,2;3;4,partial_fewer_than_three_seeds,2,0.04,0.0032,0.0565685424949238
Co-Hf-In-Ru-Tm,10,full_support_aware,SUN,,2;3;4,2;3;4,partial_fewer_than_three_seeds,0,,,
Co-Hf-In-Ru-Tm,10,full_support_aware,mSUN,,2;3;4,2;3;4,partial_fewer_than_three_seeds,0,,,
Co-Hf-In-Ru-Tm,10,full_support_aware,AUDC,,2;3;4,2;3;4,partial_fewer_than_three_seeds,0,,,
Co-Hg-Mg-Sr-W,10,baseline_reference,SUN,2;3,4,2;3;4,partial_fewer_than_three_seeds,2,0.0,0.0,0.0
Co-Hg-Mg-Sr-W,10,baseline_reference,mSUN,2;3,4,2;3;4,partial_fewer_than_three_seeds,2,0.0,0.0,0.0
Co-Hg-Mg-Sr-W,10,baseline_reference,AUDC,2;3,4,2;3;4,partial_fewer_than_three_seeds,2,0.0,0.0,0.0
Co-Hg-Mg-Sr-W,10,uq_only_support_aware,SUN,2,3;4,2;3;4,partial_fewer_than_three_seeds,1,0.0,,
Co-Hg-Mg-Sr-W,10,uq_only_support_aware,mSUN,2,3;4,2;3;4,partial_fewer_than_three_seeds,1,0.0,,
Co-Hg-Mg-Sr-W,10,uq_only_support_aware,AUDC,2,3;4,2;3;4,partial_fewer_than_three_seeds,1,0.0,,
Co-Hg-Mg-Sr-W,10,es_only_independent,SUN,2;3,4,2;3;4,partial_fewer_than_three_seeds,2,0.0,0.0,0.0
Co-Hg-Mg-Sr-W,10,es_only_independent,mSUN,2;3,4,2;3;4,partial_fewer_than_three_seeds,2,0.0,0.0,0.0
Co-Hg-Mg-Sr-W,10,es_only_independent,AUDC,2;3,4,2;3;4,partial_fewer_than_three_seeds,2,0.0,0.0,0.0
Co-Hg-Mg-Sr-W,10,full_support_aware,SUN,,2;3;4,2;3;4,partial_fewer_than_three_seeds,0,,,
Co-Hg-Mg-Sr-W,10,full_support_aware,mSUN,,2;3;4,2;3;4,partial_fewer_than_three_seeds,0,,,
Co-Hg-Mg-Sr-W,10,full_support_aware,AUDC,,2;3;4,2;3;4,partial_fewer_than_three_seeds,0,,,
Cr-Fe-Lu-Pt-Sc,10,baseline_reference,SUN,2;3,4,2;3;4,partial_fewer_than_three_seeds,2,2.0,8.0,2.8284271247461903
Cr-Fe-Lu-Pt-Sc,10,baseline_reference,mSUN,2;3,4,2;3;4,partial_fewer_than_three_seeds,2,0.2,0.08000000000000002,0.28284271247461906
Cr-Fe-Lu-Pt-Sc,10,baseline_reference,AUDC,2;3,4,2;3;4,partial_fewer_than_three_seeds,2,0.17,0.05780000000000001,0.2404163056034262
Cr-Fe-Lu-Pt-Sc,10,uq_only_support_aware,SUN,2,3;4,2;3;4,partial_fewer_than_three_seeds,1,0.0,,
Cr-Fe-Lu-Pt-Sc,10,uq_only_support_aware,mSUN,2,3;4,2;3;4,partial_fewer_than_three_seeds,1,0.0,,
Cr-Fe-Lu-Pt-Sc,10,uq_only_support_aware,AUDC,2,3;4,2;3;4,partial_fewer_than_three_seeds,1,0.0,,
Cr-Fe-Lu-Pt-Sc,10,es_only_independent,SUN,2;3,4,2;3;4,partial_fewer_than_three_seeds,2,0.0,0.0,0.0
Cr-Fe-Lu-Pt-Sc,10,es_only_independent,mSUN,2;3,4,2;3;4,partial_fewer_than_three_seeds,2,0.0,0.0,0.0
Cr-Fe-Lu-Pt-Sc,10,es_only_independent,AUDC,2;3,4,2;3;4,partial_fewer_than_three_seeds,2,0.0,0.0,0.0
Cr-Fe-Lu-Pt-Sc,10,full_support_aware,SUN,,2;3;4,2;3;4,partial_fewer_than_three_seeds,0,,,
Cr-Fe-Lu-Pt-Sc,10,full_support_aware,mSUN,,2;3;4,2;3;4,partial_fewer_than_three_seeds,0,,,
Cr-Fe-Lu-Pt-Sc,10,full_support_aware,AUDC,,2;3;4,2;3;4,partial_fewer_than_three_seeds,0,,,
Ho-In-Mg-Pd-Zr,10,baseline_reference,SUN,2;3,4,2;3;4,partial_fewer_than_three_seeds,2,1.0,0.0,0.0
Ho-In-Mg-Pd-Zr,10,baseline_reference,mSUN,2;3,4,2;3;4,partial_fewer_than_three_seeds,2,0.1,0.0,0.0
Ho-In-Mg-Pd-Zr,10,baseline_reference,AUDC,2;3,4,2;3;4,partial_fewer_than_three_seeds,2,0.12000000000000001,0.005000000000000001,0.07071067811865477
Ho-In-Mg-Pd-Zr,10,uq_only_support_aware,SUN,2,3;4,2;3;4,partial_fewer_than_three_seeds,1,5.0,,
Ho-In-Mg-Pd-Zr,10,uq_only_support_aware,mSUN,2,3;4,2;3;4,partial_fewer_than_three_seeds,1,0.5,,
Ho-In-Mg-Pd-Zr,10,uq_only_support_aware,AUDC,2,3;4,2;3;4,partial_fewer_than_three_seeds,1,0.45,,
Ho-In-Mg-Pd-Zr,10,es_only_independent,SUN,2;3,4,2;3;4,partial_fewer_than_three_seeds,2,0.0,0.0,0.0
Ho-In-Mg-Pd-Zr,10,es_only_independent,mSUN,2;3,4,2;3;4,partial_fewer_than_three_seeds,2,0.0,0.0,0.0
Ho-In-Mg-Pd-Zr,10,es_only_independent,AUDC,2;3,4,2;3;4,partial_fewer_than_three_seeds,2,0.0,0.0,0.0
Ho-In-Mg-Pd-Zr,10,full_support_aware,SUN,,2;3;4,2;3;4,partial_fewer_than_three_seeds,0,,,
Ho-In-Mg-Pd-Zr,10,full_support_aware,mSUN,,2;3;4,2;3;4,partial_fewer_than_three_seeds,0,,,
Ho-In-Mg-Pd-Zr,10,full_support_aware,AUDC,,2;3;4,2;3;4,partial_fewer_than_three_seeds,0,,,
Al-Li-V,30,baseline_reference,SUN,,2;3;4,2;3;4,partial_fewer_than_three_seeds,0,,,
Al-Li-V,30,baseline_reference,mSUN,,2;3;4,2;3;4,partial_fewer_than_three_seeds,0,,,
Al-Li-V,30,baseline_reference,AUDC,,2;3;4,2;3;4,partial_fewer_than_three_seeds,0,,,
Al-Li-V,30,uq_only_support_aware,SUN,,2;3;4,2;3;4,partial_fewer_than_three_seeds,0,,,
Al-Li-V,30,uq_only_support_aware,mSUN,,2;3;4,2;3;4,partial_fewer_than_three_seeds,0,,,
Al-Li-V,30,uq_only_support_aware,AUDC,,2;3;4,2;3;4,partial_fewer_than_three_seeds,0,,,
Al-Li-V,30,es_only_independent,SUN,,2;3;4,2;3;4,partial_fewer_than_three_seeds,0,,,
Al-Li-V,30,es_only_independent,mSUN,,2;3;4,2;3;4,partial_fewer_than_three_seeds,0,,,
Al-Li-V,30,es_only_independent,AUDC,,2;3;4,2;3;4,partial_fewer_than_three_seeds,0,,,
Al-Li-V,30,full_support_aware,SUN,,2;3;4,2;3;4,partial_fewer_than_three_seeds,0,,,
Al-Li-V,30,full_support_aware,mSUN,,2;3;4,2;3;4,partial_fewer_than_three_seeds,0,,,
Al-Li-V,30,full_support_aware,AUDC,,2;3;4,2;3;4,partial_fewer_than_three_seeds,0,,,
Al-V-Zn,30,baseline_reference,SUN,,2;3;4,2;3;4,partial_fewer_than_three_seeds,0,,,
Al-V-Zn,30,baseline_reference,mSUN,,2;3;4,2;3;4,partial_fewer_than_three_seeds,0,,,
Al-V-Zn,30,baseline_reference,AUDC,,2;3;4,2;3;4,partial_fewer_than_three_seeds,0,,,
Al-V-Zn,30,uq_only_support_aware,SUN,,2;3;4,2;3;4,partial_fewer_than_three_seeds,0,,,
Al-V-Zn,30,uq_only_support_aware,mSUN,,2;3;4,2;3;4,partial_fewer_than_three_seeds,0,,,
Al-V-Zn,30,uq_only_support_aware,AUDC,,2;3;4,2;3;4,partial_fewer_than_three_seeds,0,,,
Al-V-Zn,30,es_only_independent,SUN,,2;3;4,2;3;4,partial_fewer_than_three_seeds,0,,,
Al-V-Zn,30,es_only_independent,mSUN,,2;3;4,2;3;4,partial_fewer_than_three_seeds,0,,,
Al-V-Zn,30,es_only_independent,AUDC,,2;3;4,2;3;4,partial_fewer_than_three_seeds,0,,,
Al-V-Zn,30,full_support_aware,SUN,,2;3;4,2;3;4,partial_fewer_than_three_seeds,0,,,
Al-V-Zn,30,full_support_aware,mSUN,,2;3;4,2;3;4,partial_fewer_than_three_seeds,0,,,
Al-V-Zn,30,full_support_aware,AUDC,,2;3;4,2;3;4,partial_fewer_than_three_seeds,0,,,
Au-K-Tb,30,baseline_reference,SUN,,2;3;4,2;3;4,partial_fewer_than_three_seeds,0,,,
Au-K-Tb,30,baseline_reference,mSUN,,2;3;4,2;3;4,partial_fewer_than_three_seeds,0,,,
Au-K-Tb,30,baseline_reference,AUDC,,2;3;4,2;3;4,partial_fewer_than_three_seeds,0,,,
Au-K-Tb,30,uq_only_support_aware,SUN,,2;3;4,2;3;4,partial_fewer_than_three_seeds,0,,,
Au-K-Tb,30,uq_only_support_aware,mSUN,,2;3;4,2;3;4,partial_fewer_than_three_seeds,0,,,
Au-K-Tb,30,uq_only_support_aware,AUDC,,2;3;4,2;3;4,partial_fewer_than_three_seeds,0,,,
Au-K-Tb,30,es_only_independent,SUN,,2;3;4,2;3;4,partial_fewer_than_three_seeds,0,,,
Au-K-Tb,30,es_only_independent,mSUN,,2;3;4,2;3;4,partial_fewer_than_three_seeds,0,,,
Au-K-Tb,30,es_only_independent,AUDC,,2;3;4,2;3;4,partial_fewer_than_three_seeds,0,,,
Au-K-Tb,30,full_support_aware,SUN,,2;3;4,2;3;4,partial_fewer_than_three_seeds,0,,,
Au-K-Tb,30,full_support_aware,mSUN,,2;3;4,2;3;4,partial_fewer_than_three_seeds,0,,,
Au-K-Tb,30,full_support_aware,AUDC,,2;3;4,2;3;4,partial_fewer_than_three_seeds,0,,,
Co-Dy-W,30,baseline_reference,SUN,,2;3;4,2;3;4,partial_fewer_than_three_seeds,0,,,
Co-Dy-W,30,baseline_reference,mSUN,,2;3;4,2;3;4,partial_fewer_than_three_seeds,0,,,
Co-Dy-W,30,baseline_reference,AUDC,,2;3;4,2;3;4,partial_fewer_than_three_seeds,0,,,
Co-Dy-W,30,uq_only_support_aware,SUN,,2;3;4,2;3;4,partial_fewer_than_three_seeds,0,,,
Co-Dy-W,30,uq_only_support_aware,mSUN,,2;3;4,2;3;4,partial_fewer_than_three_seeds,0,,,
Co-Dy-W,30,uq_only_support_aware,AUDC,,2;3;4,2;3;4,partial_fewer_than_three_seeds,0,,,
Co-Dy-W,30,es_only_independent,SUN,,2;3;4,2;3;4,partial_fewer_than_three_seeds,0,,,
Co-Dy-W,30,es_only_independent,mSUN,,2;3;4,2;3;4,partial_fewer_than_three_seeds,0,,,
Co-Dy-W,30,es_only_independent,AUDC,,2;3;4,2;3;4,partial_fewer_than_three_seeds,0,,,
Co-Dy-W,30,full_support_aware,SUN,,2;3;4,2;3;4,partial_fewer_than_three_seeds,0,,,
Co-Dy-W,30,full_support_aware,mSUN,,2;3;4,2;3;4,partial_fewer_than_three_seeds,0,,,
Co-Dy-W,30,full_support_aware,AUDC,,2;3;4,2;3;4,partial_fewer_than_three_seeds,0,,,
Co-Mg-Na,30,baseline_reference,SUN,,2;3;4,2;3;4,partial_fewer_than_three_seeds,0,,,
Co-Mg-Na,30,baseline_reference,mSUN,,2;3;4,2;3;4,partial_fewer_than_three_seeds,0,,,
Co-Mg-Na,30,baseline_reference,AUDC,,2;3;4,2;3;4,partial_fewer_than_three_seeds,0,,,
Co-Mg-Na,30,uq_only_support_aware,SUN,,2;3;4,2;3;4,partial_fewer_than_three_seeds,0,,,
Co-Mg-Na,30,uq_only_support_aware,mSUN,,2;3;4,2;3;4,partial_fewer_than_three_seeds,0,,,
Co-Mg-Na,30,uq_only_support_aware,AUDC,,2;3;4,2;3;4,partial_fewer_than_three_seeds,0,,,
Co-Mg-Na,30,es_only_independent,SUN,,2;3;4,2;3;4,partial_fewer_than_three_seeds,0,,,
Co-Mg-Na,30,es_only_independent,mSUN,,2;3;4,2;3;4,partial_fewer_than_three_seeds,0,,,
Co-Mg-Na,30,es_only_independent,AUDC,,2;3;4,2;3;4,partial_fewer_than_three_seeds,0,,,
Co-Mg-Na,30,full_support_aware,SUN,,2;3;4,2;3;4,partial_fewer_than_three_seeds,0,,,
Co-Mg-Na,30,full_support_aware,mSUN,,2;3;4,2;3;4,partial_fewer_than_three_seeds,0,,,
Co-Mg-Na,30,full_support_aware,AUDC,,2;3;4,2;3;4,partial_fewer_than_three_seeds,0,,,
Co-Pd-Tl,30,baseline_reference,SUN,,2;3;4,2;3;4,partial_fewer_than_three_seeds,0,,,
Co-Pd-Tl,30,baseline_reference,mSUN,,2;3;4,2;3;4,partial_fewer_than_three_seeds,0,,,
Co-Pd-Tl,30,baseline_reference,AUDC,,2;3;4,2;3;4,partial_fewer_than_three_seeds,0,,,
Co-Pd-Tl,30,uq_only_support_aware,SUN,,2;3;4,2;3;4,partial_fewer_than_three_seeds,0,,,
Co-Pd-Tl,30,uq_only_support_aware,mSUN,,2;3;4,2;3;4,partial_fewer_than_three_seeds,0,,,
Co-Pd-Tl,30,uq_only_support_aware,AUDC,,2;3;4,2;3;4,partial_fewer_than_three_seeds,0,,,
Co-Pd-Tl,30,es_only_independent,SUN,,2;3;4,2;3;4,partial_fewer_than_three_seeds,0,,,
Co-Pd-Tl,30,es_only_independent,mSUN,,2;3;4,2;3;4,partial_fewer_than_three_seeds,0,,,
Co-Pd-Tl,30,es_only_independent,AUDC,,2;3;4,2;3;4,partial_fewer_than_three_seeds,0,,,
Co-Pd-Tl,30,full_support_aware,SUN,,2;3;4,2;3;4,partial_fewer_than_three_seeds,0,,,
Co-Pd-Tl,30,full_support_aware,mSUN,,2;3;4,2;3;4,partial_fewer_than_three_seeds,0,,,
Co-Pd-Tl,30,full_support_aware,AUDC,,2;3;4,2;3;4,partial_fewer_than_three_seeds,0,,,
Ga-Ho-Lu,30,baseline_reference,SUN,,2;3;4,2;3;4,partial_fewer_than_three_seeds,0,,,
Ga-Ho-Lu,30,baseline_reference,mSUN,,2;3;4,2;3;4,partial_fewer_than_three_seeds,0,,,
Ga-Ho-Lu,30,baseline_reference,AUDC,,2;3;4,2;3;4,partial_fewer_than_three_seeds,0,,,
Ga-Ho-Lu,30,uq_only_support_aware,SUN,,2;3;4,2;3;4,partial_fewer_than_three_seeds,0,,,
Ga-Ho-Lu,30,uq_only_support_aware,mSUN,,2;3;4,2;3;4,partial_fewer_than_three_seeds,0,,,
Ga-Ho-Lu,30,uq_only_support_aware,AUDC,,2;3;4,2;3;4,partial_fewer_than_three_seeds,0,,,
Ga-Ho-Lu,30,es_only_independent,SUN,,2;3;4,2;3;4,partial_fewer_than_three_seeds,0,,,
Ga-Ho-Lu,30,es_only_independent,mSUN,,2;3;4,2;3;4,partial_fewer_than_three_seeds,0,,,
Ga-Ho-Lu,30,es_only_independent,AUDC,,2;3;4,2;3;4,partial_fewer_than_three_seeds,0,,,
Ga-Ho-Lu,30,full_support_aware,SUN,,2;3;4,2;3;4,partial_fewer_than_three_seeds,0,,,
Ga-Ho-Lu,30,full_support_aware,mSUN,,2;3;4,2;3;4,partial_fewer_than_three_seeds,0,,,
Ga-Ho-Lu,30,full_support_aware,AUDC,,2;3;4,2;3;4,partial_fewer_than_three_seeds,0,,,
Ga-Pt-Tm,30,baseline_reference,SUN,,2;3;4,2;3;4,partial_fewer_than_three_seeds,0,,,
Ga-Pt-Tm,30,baseline_reference,mSUN,,2;3;4,2;3;4,partial_fewer_than_three_seeds,0,,,
Ga-Pt-Tm,30,baseline_reference,AUDC,,2;3;4,2;3;4,partial_fewer_than_three_seeds,0,,,
Ga-Pt-Tm,30,uq_only_support_aware,SUN,,2;3;4,2;3;4,partial_fewer_than_three_seeds,0,,,
Ga-Pt-Tm,30,uq_only_support_aware,mSUN,,2;3;4,2;3;4,partial_fewer_than_three_seeds,0,,,
Ga-Pt-Tm,30,uq_only_support_aware,AUDC,,2;3;4,2;3;4,partial_fewer_than_three_seeds,0,,,
Ga-Pt-Tm,30,es_only_independent,SUN,,2;3;4,2;3;4,partial_fewer_than_three_seeds,0,,,
Ga-Pt-Tm,30,es_only_independent,mSUN,,2;3;4,2;3;4,partial_fewer_than_three_seeds,0,,,
Ga-Pt-Tm,30,es_only_independent,AUDC,,2;3;4,2;3;4,partial_fewer_than_three_seeds,0,,,
Ga-Pt-Tm,30,full_support_aware,SUN,,2;3;4,2;3;4,partial_fewer_than_three_seeds,0,,,
Ga-Pt-Tm,30,full_support_aware,mSUN,,2;3;4,2;3;4,partial_fewer_than_three_seeds,0,,,
Ga-Pt-Tm,30,full_support_aware,AUDC,,2;3;4,2;3;4,partial_fewer_than_three_seeds,0,,,
Hf-Ni-Zr,30,baseline_reference,SUN,,2;3;4,2;3;4,partial_fewer_than_three_seeds,0,,,
Hf-Ni-Zr,30,baseline_reference,mSUN,,2;3;4,2;3;4,partial_fewer_than_three_seeds,0,,,
Hf-Ni-Zr,30,baseline_reference,AUDC,,2;3;4,2;3;4,partial_fewer_than_three_seeds,0,,,
Hf-Ni-Zr,30,uq_only_support_aware,SUN,,2;3;4,2;3;4,partial_fewer_than_three_seeds,0,,,
Hf-Ni-Zr,30,uq_only_support_aware,mSUN,,2;3;4,2;3;4,partial_fewer_than_three_seeds,0,,,
Hf-Ni-Zr,30,uq_only_support_aware,AUDC,,2;3;4,2;3;4,partial_fewer_than_three_seeds,0,,,
Hf-Ni-Zr,30,es_only_independent,SUN,,2;3;4,2;3;4,partial_fewer_than_three_seeds,0,,,
Hf-Ni-Zr,30,es_only_independent,mSUN,,2;3;4,2;3;4,partial_fewer_than_three_seeds,0,,,
Hf-Ni-Zr,30,es_only_independent,AUDC,,2;3;4,2;3;4,partial_fewer_than_three_seeds,0,,,
Hf-Ni-Zr,30,full_support_aware,SUN,,2;3;4,2;3;4,partial_fewer_than_three_seeds,0,,,
Hf-Ni-Zr,30,full_support_aware,mSUN,,2;3;4,2;3;4,partial_fewer_than_three_seeds,0,,,
Hf-Ni-Zr,30,full_support_aware,AUDC,,2;3;4,2;3;4,partial_fewer_than_three_seeds,0,,,
Mg-Sn-Sr,30,baseline_reference,SUN,,2;3;4,2;3;4,partial_fewer_than_three_seeds,0,,,
Mg-Sn-Sr,30,baseline_reference,mSUN,,2;3;4,2;3;4,partial_fewer_than_three_seeds,0,,,
Mg-Sn-Sr,30,baseline_reference,AUDC,,2;3;4,2;3;4,partial_fewer_than_three_seeds,0,,,
Mg-Sn-Sr,30,uq_only_support_aware,SUN,,2;3;4,2;3;4,partial_fewer_than_three_seeds,0,,,
Mg-Sn-Sr,30,uq_only_support_aware,mSUN,,2;3;4,2;3;4,partial_fewer_than_three_seeds,0,,,
Mg-Sn-Sr,30,uq_only_support_aware,AUDC,,2;3;4,2;3;4,partial_fewer_than_three_seeds,0,,,
Mg-Sn-Sr,30,es_only_independent,SUN,,2;3;4,2;3;4,partial_fewer_than_three_seeds,0,,,
Mg-Sn-Sr,30,es_only_independent,mSUN,,2;3;4,2;3;4,partial_fewer_than_three_seeds,0,,,
Mg-Sn-Sr,30,es_only_independent,AUDC,,2;3;4,2;3;4,partial_fewer_than_three_seeds,0,,,
Mg-Sn-Sr,30,full_support_aware,SUN,,2;3;4,2;3;4,partial_fewer_than_three_seeds,0,,,
Mg-Sn-Sr,30,full_support_aware,mSUN,,2;3;4,2;3;4,partial_fewer_than_three_seeds,0,,,
Mg-Sn-Sr,30,full_support_aware,AUDC,,2;3;4,2;3;4,partial_fewer_than_three_seeds,0,,,
Au-Cr-Cs-Dy,30,baseline_reference,SUN,,2;3;4,2;3;4,partial_fewer_than_three_seeds,0,,,
Au-Cr-Cs-Dy,30,baseline_reference,mSUN,,2;3;4,2;3;4,partial_fewer_than_three_seeds,0,,,
Au-Cr-Cs-Dy,30,baseline_reference,AUDC,,2;3;4,2;3;4,partial_fewer_than_three_seeds,0,,,
Au-Cr-Cs-Dy,30,uq_only_support_aware,SUN,,2;3;4,2;3;4,partial_fewer_than_three_seeds,0,,,
Au-Cr-Cs-Dy,30,uq_only_support_aware,mSUN,,2;3;4,2;3;4,partial_fewer_than_three_seeds,0,,,
Au-Cr-Cs-Dy,30,uq_only_support_aware,AUDC,,2;3;4,2;3;4,partial_fewer_than_three_seeds,0,,,
Au-Cr-Cs-Dy,30,es_only_independent,SUN,,2;3;4,2;3;4,partial_fewer_than_three_seeds,0,,,
Au-Cr-Cs-Dy,30,es_only_independent,mSUN,,2;3;4,2;3;4,partial_fewer_than_three_seeds,0,,,
Au-Cr-Cs-Dy,30,es_only_independent,AUDC,,2;3;4,2;3;4,partial_fewer_than_three_seeds,0,,,
Au-Cr-Cs-Dy,30,full_support_aware,SUN,,2;3;4,2;3;4,partial_fewer_than_three_seeds,0,,,
Au-Cr-Cs-Dy,30,full_support_aware,mSUN,,2;3;4,2;3;4,partial_fewer_than_three_seeds,0,,,
Au-Cr-Cs-Dy,30,full_support_aware,AUDC,,2;3;4,2;3;4,partial_fewer_than_three_seeds,0,,,
Au-Tb-V-Y,30,baseline_reference,SUN,,2;3;4,2;3;4,partial_fewer_than_three_seeds,0,,,
Au-Tb-V-Y,30,baseline_reference,mSUN,,2;3;4,2;3;4,partial_fewer_than_three_seeds,0,,,
Au-Tb-V-Y,30,baseline_reference,AUDC,,2;3;4,2;3;4,partial_fewer_than_three_seeds,0,,,
Au-Tb-V-Y,30,uq_only_support_aware,SUN,,2;3;4,2;3;4,partial_fewer_than_three_seeds,0,,,
Au-Tb-V-Y,30,uq_only_support_aware,mSUN,,2;3;4,2;3;4,partial_fewer_than_three_seeds,0,,,
Au-Tb-V-Y,30,uq_only_support_aware,AUDC,,2;3;4,2;3;4,partial_fewer_than_three_seeds,0,,,
Au-Tb-V-Y,30,es_only_independent,SUN,,2;3;4,2;3;4,partial_fewer_than_three_seeds,0,,,
Au-Tb-V-Y,30,es_only_independent,mSUN,,2;3;4,2;3;4,partial_fewer_than_three_seeds,0,,,
Au-Tb-V-Y,30,es_only_independent,AUDC,,2;3;4,2;3;4,partial_fewer_than_three_seeds,0,,,
Au-Tb-V-Y,30,full_support_aware,SUN,,2;3;4,2;3;4,partial_fewer_than_three_seeds,0,,,
Au-Tb-V-Y,30,full_support_aware,mSUN,,2;3;4,2;3;4,partial_fewer_than_three_seeds,0,,,
Au-Tb-V-Y,30,full_support_aware,AUDC,,2;3;4,2;3;4,partial_fewer_than_three_seeds,0,,,
Ba-Be-Hf-Li,30,baseline_reference,SUN,,2;3;4,2;3;4,partial_fewer_than_three_seeds,0,,,
Ba-Be-Hf-Li,30,baseline_reference,mSUN,,2;3;4,2;3;4,partial_fewer_than_three_seeds,0,,,
Ba-Be-Hf-Li,30,baseline_reference,AUDC,,2;3;4,2;3;4,partial_fewer_than_three_seeds,0,,,
Ba-Be-Hf-Li,30,uq_only_support_aware,SUN,,2;3;4,2;3;4,partial_fewer_than_three_seeds,0,,,
Ba-Be-Hf-Li,30,uq_only_support_aware,mSUN,,2;3;4,2;3;4,partial_fewer_than_three_seeds,0,,,
Ba-Be-Hf-Li,30,uq_only_support_aware,AUDC,,2;3;4,2;3;4,partial_fewer_than_three_seeds,0,,,
Ba-Be-Hf-Li,30,es_only_independent,SUN,,2;3;4,2;3;4,partial_fewer_than_three_seeds,0,,,
Ba-Be-Hf-Li,30,es_only_independent,mSUN,,2;3;4,2;3;4,partial_fewer_than_three_seeds,0,,,
Ba-Be-Hf-Li,30,es_only_independent,AUDC,,2;3;4,2;3;4,partial_fewer_than_three_seeds,0,,,
Ba-Be-Hf-Li,30,full_support_aware,SUN,,2;3;4,2;3;4,partial_fewer_than_three_seeds,0,,,
Ba-Be-Hf-Li,30,full_support_aware,mSUN,,2;3;4,2;3;4,partial_fewer_than_three_seeds,0,,,
Ba-Be-Hf-Li,30,full_support_aware,AUDC,,2;3;4,2;3;4,partial_fewer_than_three_seeds,0,,,
Ba-Nd-Ni-W,30,baseline_reference,SUN,,2;3;4,2;3;4,partial_fewer_than_three_seeds,0,,,
Ba-Nd-Ni-W,30,baseline_reference,mSUN,,2;3;4,2;3;4,partial_fewer_than_three_seeds,0,,,
Ba-Nd-Ni-W,30,baseline_reference,AUDC,,2;3;4,2;3;4,partial_fewer_than_three_seeds,0,,,
Ba-Nd-Ni-W,30,uq_only_support_aware,SUN,,2;3;4,2;3;4,partial_fewer_than_three_seeds,0,,,
Ba-Nd-Ni-W,30,uq_only_support_aware,mSUN,,2;3;4,2;3;4,partial_fewer_than_three_seeds,0,,,
Ba-Nd-Ni-W,30,uq_only_support_aware,AUDC,,2;3;4,2;3;4,partial_fewer_than_three_seeds,0,,,
Ba-Nd-Ni-W,30,es_only_independent,SUN,,2;3;4,2;3;4,partial_fewer_than_three_seeds,0,,,
Ba-Nd-Ni-W,30,es_only_independent,mSUN,,2;3;4,2;3;4,partial_fewer_than_three_seeds,0,,,
Ba-Nd-Ni-W,30,es_only_independent,AUDC,,2;3;4,2;3;4,partial_fewer_than_three_seeds,0,,,
Ba-Nd-Ni-W,30,full_support_aware,SUN,,2;3;4,2;3;4,partial_fewer_than_three_seeds,0,,,
Ba-Nd-Ni-W,30,full_support_aware,mSUN,,2;3;4,2;3;4,partial_fewer_than_three_seeds,0,,,
Ba-Nd-Ni-W,30,full_support_aware,AUDC,,2;3;4,2;3;4,partial_fewer_than_three_seeds,0,,,
Ca-Pd-Sn-W,30,baseline_reference,SUN,,2;3;4,2;3;4,partial_fewer_than_three_seeds,0,,,
Ca-Pd-Sn-W,30,baseline_reference,mSUN,,2;3;4,2;3;4,partial_fewer_than_three_seeds,0,,,
Ca-Pd-Sn-W,30,baseline_reference,AUDC,,2;3;4,2;3;4,partial_fewer_than_three_seeds,0,,,
Ca-Pd-Sn-W,30,uq_only_support_aware,SUN,,2;3;4,2;3;4,partial_fewer_than_three_seeds,0,,,
Ca-Pd-Sn-W,30,uq_only_support_aware,mSUN,,2;3;4,2;3;4,partial_fewer_than_three_seeds,0,,,
Ca-Pd-Sn-W,30,uq_only_support_aware,AUDC,,2;3;4,2;3;4,partial_fewer_than_three_seeds,0,,,
Ca-Pd-Sn-W,30,es_only_independent,SUN,,2;3;4,2;3;4,partial_fewer_than_three_seeds,0,,,
Ca-Pd-Sn-W,30,es_only_independent,mSUN,,2;3;4,2;3;4,partial_fewer_than_three_seeds,0,,,
Ca-Pd-Sn-W,30,es_only_independent,AUDC,,2;3;4,2;3;4,partial_fewer_than_three_seeds,0,,,
Ca-Pd-Sn-W,30,full_support_aware,SUN,,2;3;4,2;3;4,partial_fewer_than_three_seeds,0,,,
Ca-Pd-Sn-W,30,full_support_aware,mSUN,,2;3;4,2;3;4,partial_fewer_than_three_seeds,0,,,
Ca-Pd-Sn-W,30,full_support_aware,AUDC,,2;3;4,2;3;4,partial_fewer_than_three_seeds,0,,,
Ce-Er-Pb-Rh,30,baseline_reference,SUN,,2;3;4,2;3;4,partial_fewer_than_three_seeds,0,,,
Ce-Er-Pb-Rh,30,baseline_reference,mSUN,,2;3;4,2;3;4,partial_fewer_than_three_seeds,0,,,
Ce-Er-Pb-Rh,30,baseline_reference,AUDC,,2;3;4,2;3;4,partial_fewer_than_three_seeds,0,,,
Ce-Er-Pb-Rh,30,uq_only_support_aware,SUN,,2;3;4,2;3;4,partial_fewer_than_three_seeds,0,,,
Ce-Er-Pb-Rh,30,uq_only_support_aware,mSUN,,2;3;4,2;3;4,partial_fewer_than_three_seeds,0,,,
Ce-Er-Pb-Rh,30,uq_only_support_aware,AUDC,,2;3;4,2;3;4,partial_fewer_than_three_seeds,0,,,
Ce-Er-Pb-Rh,30,es_only_independent,SUN,,2;3;4,2;3;4,partial_fewer_than_three_seeds,0,,,
Ce-Er-Pb-Rh,30,es_only_independent,mSUN,,2;3;4,2;3;4,partial_fewer_than_three_seeds,0,,,
Ce-Er-Pb-Rh,30,es_only_independent,AUDC,,2;3;4,2;3;4,partial_fewer_than_three_seeds,0,,,
Ce-Er-Pb-Rh,30,full_support_aware,SUN,,2;3;4,2;3;4,partial_fewer_than_three_seeds,0,,,
Ce-Er-Pb-Rh,30,full_support_aware,mSUN,,2;3;4,2;3;4,partial_fewer_than_three_seeds,0,,,
Ce-Er-Pb-Rh,30,full_support_aware,AUDC,,2;3;4,2;3;4,partial_fewer_than_three_seeds,0,,,
Ce-Ir-Pt-Sn,30,baseline_reference,SUN,,2;3;4,2;3;4,partial_fewer_than_three_seeds,0,,,
Ce-Ir-Pt-Sn,30,baseline_reference,mSUN,,2;3;4,2;3;4,partial_fewer_than_three_seeds,0,,,
Ce-Ir-Pt-Sn,30,baseline_reference,AUDC,,2;3;4,2;3;4,partial_fewer_than_three_seeds,0,,,
Ce-Ir-Pt-Sn,30,uq_only_support_aware,SUN,,2;3;4,2;3;4,partial_fewer_than_three_seeds,0,,,
Ce-Ir-Pt-Sn,30,uq_only_support_aware,mSUN,,2;3;4,2;3;4,partial_fewer_than_three_seeds,0,,,
Ce-Ir-Pt-Sn,30,uq_only_support_aware,AUDC,,2;3;4,2;3;4,partial_fewer_than_three_seeds,0,,,
Ce-Ir-Pt-Sn,30,es_only_independent,SUN,,2;3;4,2;3;4,partial_fewer_than_three_seeds,0,,,
Ce-Ir-Pt-Sn,30,es_only_independent,mSUN,,2;3;4,2;3;4,partial_fewer_than_three_seeds,0,,,
Ce-Ir-Pt-Sn,30,es_only_independent,AUDC,,2;3;4,2;3;4,partial_fewer_than_three_seeds,0,,,
Ce-Ir-Pt-Sn,30,full_support_aware,SUN,,2;3;4,2;3;4,partial_fewer_than_three_seeds,0,,,
Ce-Ir-Pt-Sn,30,full_support_aware,mSUN,,2;3;4,2;3;4,partial_fewer_than_three_seeds,0,,,
Ce-Ir-Pt-Sn,30,full_support_aware,AUDC,,2;3;4,2;3;4,partial_fewer_than_three_seeds,0,,,
Co-Dy-Ta-Y,30,baseline_reference,SUN,,2;3;4,2;3;4,partial_fewer_than_three_seeds,0,,,
Co-Dy-Ta-Y,30,baseline_reference,mSUN,,2;3;4,2;3;4,partial_fewer_than_three_seeds,0,,,
Co-Dy-Ta-Y,30,baseline_reference,AUDC,,2;3;4,2;3;4,partial_fewer_than_three_seeds,0,,,
Co-Dy-Ta-Y,30,uq_only_support_aware,SUN,,2;3;4,2;3;4,partial_fewer_than_three_seeds,0,,,
Co-Dy-Ta-Y,30,uq_only_support_aware,mSUN,,2;3;4,2;3;4,partial_fewer_than_three_seeds,0,,,
Co-Dy-Ta-Y,30,uq_only_support_aware,AUDC,,2;3;4,2;3;4,partial_fewer_than_three_seeds,0,,,
Co-Dy-Ta-Y,30,es_only_independent,SUN,,2;3;4,2;3;4,partial_fewer_than_three_seeds,0,,,
Co-Dy-Ta-Y,30,es_only_independent,mSUN,,2;3;4,2;3;4,partial_fewer_than_three_seeds,0,,,
Co-Dy-Ta-Y,30,es_only_independent,AUDC,,2;3;4,2;3;4,partial_fewer_than_three_seeds,0,,,
Co-Dy-Ta-Y,30,full_support_aware,SUN,,2;3;4,2;3;4,partial_fewer_than_three_seeds,0,,,
Co-Dy-Ta-Y,30,full_support_aware,mSUN,,2;3;4,2;3;4,partial_fewer_than_three_seeds,0,,,
Co-Dy-Ta-Y,30,full_support_aware,AUDC,,2;3;4,2;3;4,partial_fewer_than_three_seeds,0,,,
Dy-K-Pd-Sm,30,baseline_reference,SUN,,2;3;4,2;3;4,partial_fewer_than_three_seeds,0,,,
Dy-K-Pd-Sm,30,baseline_reference,mSUN,,2;3;4,2;3;4,partial_fewer_than_three_seeds,0,,,
Dy-K-Pd-Sm,30,baseline_reference,AUDC,,2;3;4,2;3;4,partial_fewer_than_three_seeds,0,,,
Dy-K-Pd-Sm,30,uq_only_support_aware,SUN,,2;3;4,2;3;4,partial_fewer_than_three_seeds,0,,,
Dy-K-Pd-Sm,30,uq_only_support_aware,mSUN,,2;3;4,2;3;4,partial_fewer_than_three_seeds,0,,,
Dy-K-Pd-Sm,30,uq_only_support_aware,AUDC,,2;3;4,2;3;4,partial_fewer_than_three_seeds,0,,,
Dy-K-Pd-Sm,30,es_only_independent,SUN,,2;3;4,2;3;4,partial_fewer_than_three_seeds,0,,,
Dy-K-Pd-Sm,30,es_only_independent,mSUN,,2;3;4,2;3;4,partial_fewer_than_three_seeds,0,,,
Dy-K-Pd-Sm,30,es_only_independent,AUDC,,2;3;4,2;3;4,partial_fewer_than_three_seeds,0,,,
Dy-K-Pd-Sm,30,full_support_aware,SUN,,2;3;4,2;3;4,partial_fewer_than_three_seeds,0,,,
Dy-K-Pd-Sm,30,full_support_aware,mSUN,,2;3;4,2;3;4,partial_fewer_than_three_seeds,0,,,
Dy-K-Pd-Sm,30,full_support_aware,AUDC,,2;3;4,2;3;4,partial_fewer_than_three_seeds,0,,,
Eu-Nb-Sn-Tl,30,baseline_reference,SUN,,2;3;4,2;3;4,partial_fewer_than_three_seeds,0,,,
Eu-Nb-Sn-Tl,30,baseline_reference,mSUN,,2;3;4,2;3;4,partial_fewer_than_three_seeds,0,,,
Eu-Nb-Sn-Tl,30,baseline_reference,AUDC,,2;3;4,2;3;4,partial_fewer_than_three_seeds,0,,,
Eu-Nb-Sn-Tl,30,uq_only_support_aware,SUN,,2;3;4,2;3;4,partial_fewer_than_three_seeds,0,,,
Eu-Nb-Sn-Tl,30,uq_only_support_aware,mSUN,,2;3;4,2;3;4,partial_fewer_than_three_seeds,0,,,
Eu-Nb-Sn-Tl,30,uq_only_support_aware,AUDC,,2;3;4,2;3;4,partial_fewer_than_three_seeds,0,,,
Eu-Nb-Sn-Tl,30,es_only_independent,SUN,,2;3;4,2;3;4,partial_fewer_than_three_seeds,0,,,
Eu-Nb-Sn-Tl,30,es_only_independent,mSUN,,2;3;4,2;3;4,partial_fewer_than_three_seeds,0,,,
Eu-Nb-Sn-Tl,30,es_only_independent,AUDC,,2;3;4,2;3;4,partial_fewer_than_three_seeds,0,,,
Eu-Nb-Sn-Tl,30,full_support_aware,SUN,,2;3;4,2;3;4,partial_fewer_than_three_seeds,0,,,
Eu-Nb-Sn-Tl,30,full_support_aware,mSUN,,2;3;4,2;3;4,partial_fewer_than_three_seeds,0,,,
Eu-Nb-Sn-Tl,30,full_support_aware,AUDC,,2;3;4,2;3;4,partial_fewer_than_three_seeds,0,,,
Ag-Nd-Pd-Pt-Tb,30,baseline_reference,SUN,,2;3;4,2;3;4,partial_fewer_than_three_seeds,0,,,
Ag-Nd-Pd-Pt-Tb,30,baseline_reference,mSUN,,2;3;4,2;3;4,partial_fewer_than_three_seeds,0,,,
Ag-Nd-Pd-Pt-Tb,30,baseline_reference,AUDC,,2;3;4,2;3;4,partial_fewer_than_three_seeds,0,,,
Ag-Nd-Pd-Pt-Tb,30,uq_only_support_aware,SUN,,2;3;4,2;3;4,partial_fewer_than_three_seeds,0,,,
Ag-Nd-Pd-Pt-Tb,30,uq_only_support_aware,mSUN,,2;3;4,2;3;4,partial_fewer_than_three_seeds,0,,,
Ag-Nd-Pd-Pt-Tb,30,uq_only_support_aware,AUDC,,2;3;4,2;3;4,partial_fewer_than_three_seeds,0,,,
Ag-Nd-Pd-Pt-Tb,30,es_only_independent,SUN,,2;3;4,2;3;4,partial_fewer_than_three_seeds,0,,,
Ag-Nd-Pd-Pt-Tb,30,es_only_independent,mSUN,,2;3;4,2;3;4,partial_fewer_than_three_seeds,0,,,
Ag-Nd-Pd-Pt-Tb,30,es_only_independent,AUDC,,2;3;4,2;3;4,partial_fewer_than_three_seeds,0,,,
Ag-Nd-Pd-Pt-Tb,30,full_support_aware,SUN,,2;3;4,2;3;4,partial_fewer_than_three_seeds,0,,,
Ag-Nd-Pd-Pt-Tb,30,full_support_aware,mSUN,,2;3;4,2;3;4,partial_fewer_than_three_seeds,0,,,
Ag-Nd-Pd-Pt-Tb,30,full_support_aware,AUDC,,2;3;4,2;3;4,partial_fewer_than_three_seeds,0,,,
Al-Hg-K-Mg-W,30,baseline_reference,SUN,,2;3;4,2;3;4,partial_fewer_than_three_seeds,0,,,
Al-Hg-K-Mg-W,30,baseline_reference,mSUN,,2;3;4,2;3;4,partial_fewer_than_three_seeds,0,,,
Al-Hg-K-Mg-W,30,baseline_reference,AUDC,,2;3;4,2;3;4,partial_fewer_than_three_seeds,0,,,
Al-Hg-K-Mg-W,30,uq_only_support_aware,SUN,,2;3;4,2;3;4,partial_fewer_than_three_seeds,0,,,
Al-Hg-K-Mg-W,30,uq_only_support_aware,mSUN,,2;3;4,2;3;4,partial_fewer_than_three_seeds,0,,,
Al-Hg-K-Mg-W,30,uq_only_support_aware,AUDC,,2;3;4,2;3;4,partial_fewer_than_three_seeds,0,,,
Al-Hg-K-Mg-W,30,es_only_independent,SUN,,2;3;4,2;3;4,partial_fewer_than_three_seeds,0,,,
Al-Hg-K-Mg-W,30,es_only_independent,mSUN,,2;3;4,2;3;4,partial_fewer_than_three_seeds,0,,,
Al-Hg-K-Mg-W,30,es_only_independent,AUDC,,2;3;4,2;3;4,partial_fewer_than_three_seeds,0,,,
Al-Hg-K-Mg-W,30,full_support_aware,SUN,,2;3;4,2;3;4,partial_fewer_than_three_seeds,0,,,
Al-Hg-K-Mg-W,30,full_support_aware,mSUN,,2;3;4,2;3;4,partial_fewer_than_three_seeds,0,,,
Al-Hg-K-Mg-W,30,full_support_aware,AUDC,,2;3;4,2;3;4,partial_fewer_than_three_seeds,0,,,
Al-Lu-Pt-Rb-Sm,30,baseline_reference,SUN,,2;3;4,2;3;4,partial_fewer_than_three_seeds,0,,,
Al-Lu-Pt-Rb-Sm,30,baseline_reference,mSUN,,2;3;4,2;3;4,partial_fewer_than_three_seeds,0,,,
Al-Lu-Pt-Rb-Sm,30,baseline_reference,AUDC,,2;3;4,2;3;4,partial_fewer_than_three_seeds,0,,,
Al-Lu-Pt-Rb-Sm,30,uq_only_support_aware,SUN,,2;3;4,2;3;4,partial_fewer_than_three_seeds,0,,,
Al-Lu-Pt-Rb-Sm,30,uq_only_support_aware,mSUN,,2;3;4,2;3;4,partial_fewer_than_three_seeds,0,,,
Al-Lu-Pt-Rb-Sm,30,uq_only_support_aware,AUDC,,2;3;4,2;3;4,partial_fewer_than_three_seeds,0,,,
Al-Lu-Pt-Rb-Sm,30,es_only_independent,SUN,,2;3;4,2;3;4,partial_fewer_than_three_seeds,0,,,
Al-Lu-Pt-Rb-Sm,30,es_only_independent,mSUN,,2;3;4,2;3;4,partial_fewer_than_three_seeds,0,,,
Al-Lu-Pt-Rb-Sm,30,es_only_independent,AUDC,,2;3;4,2;3;4,partial_fewer_than_three_seeds,0,,,
Al-Lu-Pt-Rb-Sm,30,full_support_aware,SUN,,2;3;4,2;3;4,partial_fewer_than_three_seeds,0,,,
Al-Lu-Pt-Rb-Sm,30,full_support_aware,mSUN,,2;3;4,2;3;4,partial_fewer_than_three_seeds,0,,,
Al-Lu-Pt-Rb-Sm,30,full_support_aware,AUDC,,2;3;4,2;3;4,partial_fewer_than_three_seeds,0,,,
Ca-Fe-Gd-Pb-Tb,30,baseline_reference,SUN,,2;3;4,2;3;4,partial_fewer_than_three_seeds,0,,,
Ca-Fe-Gd-Pb-Tb,30,baseline_reference,mSUN,,2;3;4,2;3;4,partial_fewer_than_three_seeds,0,,,
Ca-Fe-Gd-Pb-Tb,30,baseline_reference,AUDC,,2;3;4,2;3;4,partial_fewer_than_three_seeds,0,,,
Ca-Fe-Gd-Pb-Tb,30,uq_only_support_aware,SUN,,2;3;4,2;3;4,partial_fewer_than_three_seeds,0,,,
Ca-Fe-Gd-Pb-Tb,30,uq_only_support_aware,mSUN,,2;3;4,2;3;4,partial_fewer_than_three_seeds,0,,,
Ca-Fe-Gd-Pb-Tb,30,uq_only_support_aware,AUDC,,2;3;4,2;3;4,partial_fewer_than_three_seeds,0,,,
Ca-Fe-Gd-Pb-Tb,30,es_only_independent,SUN,,2;3;4,2;3;4,partial_fewer_than_three_seeds,0,,,
Ca-Fe-Gd-Pb-Tb,30,es_only_independent,mSUN,,2;3;4,2;3;4,partial_fewer_than_three_seeds,0,,,
Ca-Fe-Gd-Pb-Tb,30,es_only_independent,AUDC,,2;3;4,2;3;4,partial_fewer_than_three_seeds,0,,,
Ca-Fe-Gd-Pb-Tb,30,full_support_aware,SUN,,2;3;4,2;3;4,partial_fewer_than_three_seeds,0,,,
Ca-Fe-Gd-Pb-Tb,30,full_support_aware,mSUN,,2;3;4,2;3;4,partial_fewer_than_three_seeds,0,,,
Ca-Fe-Gd-Pb-Tb,30,full_support_aware,AUDC,,2;3;4,2;3;4,partial_fewer_than_three_seeds,0,,,
Cd-Gd-Mn-Na-Ta,30,baseline_reference,SUN,,2;3;4,2;3;4,partial_fewer_than_three_seeds,0,,,
Cd-Gd-Mn-Na-Ta,30,baseline_reference,mSUN,,2;3;4,2;3;4,partial_fewer_than_three_seeds,0,,,
Cd-Gd-Mn-Na-Ta,30,baseline_reference,AUDC,,2;3;4,2;3;4,partial_fewer_than_three_seeds,0,,,
Cd-Gd-Mn-Na-Ta,30,uq_only_support_aware,SUN,,2;3;4,2;3;4,partial_fewer_than_three_seeds,0,,,
Cd-Gd-Mn-Na-Ta,30,uq_only_support_aware,mSUN,,2;3;4,2;3;4,partial_fewer_than_three_seeds,0,,,
Cd-Gd-Mn-Na-Ta,30,uq_only_support_aware,AUDC,,2;3;4,2;3;4,partial_fewer_than_three_seeds,0,,,
Cd-Gd-Mn-Na-Ta,30,es_only_independent,SUN,,2;3;4,2;3;4,partial_fewer_than_three_seeds,0,,,
Cd-Gd-Mn-Na-Ta,30,es_only_independent,mSUN,,2;3;4,2;3;4,partial_fewer_than_three_seeds,0,,,
Cd-Gd-Mn-Na-Ta,30,es_only_independent,AUDC,,2;3;4,2;3;4,partial_fewer_than_three_seeds,0,,,
Cd-Gd-Mn-Na-Ta,30,full_support_aware,SUN,,2;3;4,2;3;4,partial_fewer_than_three_seeds,0,,,
Cd-Gd-Mn-Na-Ta,30,full_support_aware,mSUN,,2;3;4,2;3;4,partial_fewer_than_three_seeds,0,,,
Cd-Gd-Mn-Na-Ta,30,full_support_aware,AUDC,,2;3;4,2;3;4,partial_fewer_than_three_seeds,0,,,
Cd-Li-Nd-Ti-W,30,baseline_reference,SUN,,2;3;4,2;3;4,partial_fewer_than_three_seeds,0,,,
Cd-Li-Nd-Ti-W,30,baseline_reference,mSUN,,2;3;4,2;3;4,partial_fewer_than_three_seeds,0,,,
Cd-Li-Nd-Ti-W,30,baseline_reference,AUDC,,2;3;4,2;3;4,partial_fewer_than_three_seeds,0,,,
Cd-Li-Nd-Ti-W,30,uq_only_support_aware,SUN,,2;3;4,2;3;4,partial_fewer_than_three_seeds,0,,,
Cd-Li-Nd-Ti-W,30,uq_only_support_aware,mSUN,,2;3;4,2;3;4,partial_fewer_than_three_seeds,0,,,
Cd-Li-Nd-Ti-W,30,uq_only_support_aware,AUDC,,2;3;4,2;3;4,partial_fewer_than_three_seeds,0,,,
Cd-Li-Nd-Ti-W,30,es_only_independent,SUN,,2;3;4,2;3;4,partial_fewer_than_three_seeds,0,,,
Cd-Li-Nd-Ti-W,30,es_only_independent,mSUN,,2;3;4,2;3;4,partial_fewer_than_three_seeds,0,,,
Cd-Li-Nd-Ti-W,30,es_only_independent,AUDC,,2;3;4,2;3;4,partial_fewer_than_three_seeds,0,,,
Cd-Li-Nd-Ti-W,30,full_support_aware,SUN,,2;3;4,2;3;4,partial_fewer_than_three_seeds,0,,,
Cd-Li-Nd-Ti-W,30,full_support_aware,mSUN,,2;3;4,2;3;4,partial_fewer_than_three_seeds,0,,,
Cd-Li-Nd-Ti-W,30,full_support_aware,AUDC,,2;3;4,2;3;4,partial_fewer_than_three_seeds,0,,,
Co-Hf-In-Ru-Tm,30,baseline_reference,SUN,,2;3;4,2;3;4,partial_fewer_than_three_seeds,0,,,
Co-Hf-In-Ru-Tm,30,baseline_reference,mSUN,,2;3;4,2;3;4,partial_fewer_than_three_seeds,0,,,
Co-Hf-In-Ru-Tm,30,baseline_reference,AUDC,,2;3;4,2;3;4,partial_fewer_than_three_seeds,0,,,
Co-Hf-In-Ru-Tm,30,uq_only_support_aware,SUN,,2;3;4,2;3;4,partial_fewer_than_three_seeds,0,,,
Co-Hf-In-Ru-Tm,30,uq_only_support_aware,mSUN,,2;3;4,2;3;4,partial_fewer_than_three_seeds,0,,,
Co-Hf-In-Ru-Tm,30,uq_only_support_aware,AUDC,,2;3;4,2;3;4,partial_fewer_than_three_seeds,0,,,
Co-Hf-In-Ru-Tm,30,es_only_independent,SUN,,2;3;4,2;3;4,partial_fewer_than_three_seeds,0,,,
Co-Hf-In-Ru-Tm,30,es_only_independent,mSUN,,2;3;4,2;3;4,partial_fewer_than_three_seeds,0,,,
Co-Hf-In-Ru-Tm,30,es_only_independent,AUDC,,2;3;4,2;3;4,partial_fewer_than_three_seeds,0,,,
Co-Hf-In-Ru-Tm,30,full_support_aware,SUN,,2;3;4,2;3;4,partial_fewer_than_three_seeds,0,,,
Co-Hf-In-Ru-Tm,30,full_support_aware,mSUN,,2;3;4,2;3;4,partial_fewer_than_three_seeds,0,,,
Co-Hf-In-Ru-Tm,30,full_support_aware,AUDC,,2;3;4,2;3;4,partial_fewer_than_three_seeds,0,,,
Co-Hg-Mg-Sr-W,30,baseline_reference,SUN,,2;3;4,2;3;4,partial_fewer_than_three_seeds,0,,,
Co-Hg-Mg-Sr-W,30,baseline_reference,mSUN,,2;3;4,2;3;4,partial_fewer_than_three_seeds,0,,,
Co-Hg-Mg-Sr-W,30,baseline_reference,AUDC,,2;3;4,2;3;4,partial_fewer_than_three_seeds,0,,,
Co-Hg-Mg-Sr-W,30,uq_only_support_aware,SUN,,2;3;4,2;3;4,partial_fewer_than_three_seeds,0,,,
Co-Hg-Mg-Sr-W,30,uq_only_support_aware,mSUN,,2;3;4,2;3;4,partial_fewer_than_three_seeds,0,,,
Co-Hg-Mg-Sr-W,30,uq_only_support_aware,AUDC,,2;3;4,2;3;4,partial_fewer_than_three_seeds,0,,,
Co-Hg-Mg-Sr-W,30,es_only_independent,SUN,,2;3;4,2;3;4,partial_fewer_than_three_seeds,0,,,
Co-Hg-Mg-Sr-W,30,es_only_independent,mSUN,,2;3;4,2;3;4,partial_fewer_than_three_seeds,0,,,
Co-Hg-Mg-Sr-W,30,es_only_independent,AUDC,,2;3;4,2;3;4,partial_fewer_than_three_seeds,0,,,
Co-Hg-Mg-Sr-W,30,full_support_aware,SUN,,2;3;4,2;3;4,partial_fewer_than_three_seeds,0,,,
Co-Hg-Mg-Sr-W,30,full_support_aware,mSUN,,2;3;4,2;3;4,partial_fewer_than_three_seeds,0,,,
Co-Hg-Mg-Sr-W,30,full_support_aware,AUDC,,2;3;4,2;3;4,partial_fewer_than_three_seeds,0,,,
Cr-Fe-Lu-Pt-Sc,30,baseline_reference,SUN,,2;3;4,2;3;4,partial_fewer_than_three_seeds,0,,,
Cr-Fe-Lu-Pt-Sc,30,baseline_reference,mSUN,,2;3;4,2;3;4,partial_fewer_than_three_seeds,0,,,
Cr-Fe-Lu-Pt-Sc,30,baseline_reference,AUDC,,2;3;4,2;3;4,partial_fewer_than_three_seeds,0,,,
Cr-Fe-Lu-Pt-Sc,30,uq_only_support_aware,SUN,,2;3;4,2;3;4,partial_fewer_than_three_seeds,0,,,
Cr-Fe-Lu-Pt-Sc,30,uq_only_support_aware,mSUN,,2;3;4,2;3;4,partial_fewer_than_three_seeds,0,,,
Cr-Fe-Lu-Pt-Sc,30,uq_only_support_aware,AUDC,,2;3;4,2;3;4,partial_fewer_than_three_seeds,0,,,
Cr-Fe-Lu-Pt-Sc,30,es_only_independent,SUN,,2;3;4,2;3;4,partial_fewer_than_three_seeds,0,,,
Cr-Fe-Lu-Pt-Sc,30,es_only_independent,mSUN,,2;3;4,2;3;4,partial_fewer_than_three_seeds,0,,,
Cr-Fe-Lu-Pt-Sc,30,es_only_independent,AUDC,,2;3;4,2;3;4,partial_fewer_than_three_seeds,0,,,
Cr-Fe-Lu-Pt-Sc,30,full_support_aware,SUN,,2;3;4,2;3;4,partial_fewer_than_three_seeds,0,,,
Cr-Fe-Lu-Pt-Sc,30,full_support_aware,mSUN,,2;3;4,2;3;4,partial_fewer_than_three_seeds,0,,,
Cr-Fe-Lu-Pt-Sc,30,full_support_aware,AUDC,,2;3;4,2;3;4,partial_fewer_than_three_seeds,0,,,
Ho-In-Mg-Pd-Zr,30,baseline_reference,SUN,,2;3;4,2;3;4,partial_fewer_than_three_seeds,0,,,
Ho-In-Mg-Pd-Zr,30,baseline_reference,mSUN,,2;3;4,2;3;4,partial_fewer_than_three_seeds,0,,,
Ho-In-Mg-Pd-Zr,30,baseline_reference,AUDC,,2;3;4,2;3;4,partial_fewer_than_three_seeds,0,,,
Ho-In-Mg-Pd-Zr,30,uq_only_support_aware,SUN,,2;3;4,2;3;4,partial_fewer_than_three_seeds,0,,,
Ho-In-Mg-Pd-Zr,30,uq_only_support_aware,mSUN,,2;3;4,2;3;4,partial_fewer_than_three_seeds,0,,,
Ho-In-Mg-Pd-Zr,30,uq_only_support_aware,AUDC,,2;3;4,2;3;4,partial_fewer_than_three_seeds,0,,,
Ho-In-Mg-Pd-Zr,30,es_only_independent,SUN,,2;3;4,2;3;4,partial_fewer_than_three_seeds,0,,,
Ho-In-Mg-Pd-Zr,30,es_only_independent,mSUN,,2;3;4,2;3;4,partial_fewer_than_three_seeds,0,,,
Ho-In-Mg-Pd-Zr,30,es_only_independent,AUDC,,2;3;4,2;3;4,partial_fewer_than_three_seeds,0,,,
Ho-In-Mg-Pd-Zr,30,full_support_aware,SUN,,2;3;4,2;3;4,partial_fewer_than_three_seeds,0,,,
Ho-In-Mg-Pd-Zr,30,full_support_aware,mSUN,,2;3;4,2;3;4,partial_fewer_than_three_seeds,0,,,
Ho-In-Mg-Pd-Zr,30,full_support_aware,AUDC,,2;3;4,2;3;4,partial_fewer_than_three_seeds,0,,,
Al-Li-V,50,baseline_reference,SUN,,2;3;4,2;3;4,partial_fewer_than_three_seeds,0,,,
Al-Li-V,50,baseline_reference,mSUN,,2;3;4,2;3;4,partial_fewer_than_three_seeds,0,,,
Al-Li-V,50,baseline_reference,AUDC,,2;3;4,2;3;4,partial_fewer_than_three_seeds,0,,,
Al-Li-V,50,uq_only_support_aware,SUN,,2;3;4,2;3;4,partial_fewer_than_three_seeds,0,,,
Al-Li-V,50,uq_only_support_aware,mSUN,,2;3;4,2;3;4,partial_fewer_than_three_seeds,0,,,
Al-Li-V,50,uq_only_support_aware,AUDC,,2;3;4,2;3;4,partial_fewer_than_three_seeds,0,,,
Al-Li-V,50,es_only_independent,SUN,,2;3;4,2;3;4,partial_fewer_than_three_seeds,0,,,
Al-Li-V,50,es_only_independent,mSUN,,2;3;4,2;3;4,partial_fewer_than_three_seeds,0,,,
Al-Li-V,50,es_only_independent,AUDC,,2;3;4,2;3;4,partial_fewer_than_three_seeds,0,,,
Al-Li-V,50,full_support_aware,SUN,,2;3;4,2;3;4,partial_fewer_than_three_seeds,0,,,
Al-Li-V,50,full_support_aware,mSUN,,2;3;4,2;3;4,partial_fewer_than_three_seeds,0,,,
Al-Li-V,50,full_support_aware,AUDC,,2;3;4,2;3;4,partial_fewer_than_three_seeds,0,,,
Al-V-Zn,50,baseline_reference,SUN,,2;3;4,2;3;4,partial_fewer_than_three_seeds,0,,,
Al-V-Zn,50,baseline_reference,mSUN,,2;3;4,2;3;4,partial_fewer_than_three_seeds,0,,,
Al-V-Zn,50,baseline_reference,AUDC,,2;3;4,2;3;4,partial_fewer_than_three_seeds,0,,,
Al-V-Zn,50,uq_only_support_aware,SUN,,2;3;4,2;3;4,partial_fewer_than_three_seeds,0,,,
Al-V-Zn,50,uq_only_support_aware,mSUN,,2;3;4,2;3;4,partial_fewer_than_three_seeds,0,,,
Al-V-Zn,50,uq_only_support_aware,AUDC,,2;3;4,2;3;4,partial_fewer_than_three_seeds,0,,,
Al-V-Zn,50,es_only_independent,SUN,,2;3;4,2;3;4,partial_fewer_than_three_seeds,0,,,
Al-V-Zn,50,es_only_independent,mSUN,,2;3;4,2;3;4,partial_fewer_than_three_seeds,0,,,
Al-V-Zn,50,es_only_independent,AUDC,,2;3;4,2;3;4,partial_fewer_than_three_seeds,0,,,
Al-V-Zn,50,full_support_aware,SUN,,2;3;4,2;3;4,partial_fewer_than_three_seeds,0,,,
Al-V-Zn,50,full_support_aware,mSUN,,2;3;4,2;3;4,partial_fewer_than_three_seeds,0,,,
Al-V-Zn,50,full_support_aware,AUDC,,2;3;4,2;3;4,partial_fewer_than_three_seeds,0,,,
Au-K-Tb,50,baseline_reference,SUN,,2;3;4,2;3;4,partial_fewer_than_three_seeds,0,,,
Au-K-Tb,50,baseline_reference,mSUN,,2;3;4,2;3;4,partial_fewer_than_three_seeds,0,,,
Au-K-Tb,50,baseline_reference,AUDC,,2;3;4,2;3;4,partial_fewer_than_three_seeds,0,,,
Au-K-Tb,50,uq_only_support_aware,SUN,,2;3;4,2;3;4,partial_fewer_than_three_seeds,0,,,
Au-K-Tb,50,uq_only_support_aware,mSUN,,2;3;4,2;3;4,partial_fewer_than_three_seeds,0,,,
Au-K-Tb,50,uq_only_support_aware,AUDC,,2;3;4,2;3;4,partial_fewer_than_three_seeds,0,,,
Au-K-Tb,50,es_only_independent,SUN,,2;3;4,2;3;4,partial_fewer_than_three_seeds,0,,,
Au-K-Tb,50,es_only_independent,mSUN,,2;3;4,2;3;4,partial_fewer_than_three_seeds,0,,,
Au-K-Tb,50,es_only_independent,AUDC,,2;3;4,2;3;4,partial_fewer_than_three_seeds,0,,,
Au-K-Tb,50,full_support_aware,SUN,,2;3;4,2;3;4,partial_fewer_than_three_seeds,0,,,
Au-K-Tb,50,full_support_aware,mSUN,,2;3;4,2;3;4,partial_fewer_than_three_seeds,0,,,
Au-K-Tb,50,full_support_aware,AUDC,,2;3;4,2;3;4,partial_fewer_than_three_seeds,0,,,
Co-Dy-W,50,baseline_reference,SUN,,2;3;4,2;3;4,partial_fewer_than_three_seeds,0,,,
Co-Dy-W,50,baseline_reference,mSUN,,2;3;4,2;3;4,partial_fewer_than_three_seeds,0,,,
Co-Dy-W,50,baseline_reference,AUDC,,2;3;4,2;3;4,partial_fewer_than_three_seeds,0,,,
Co-Dy-W,50,uq_only_support_aware,SUN,,2;3;4,2;3;4,partial_fewer_than_three_seeds,0,,,
Co-Dy-W,50,uq_only_support_aware,mSUN,,2;3;4,2;3;4,partial_fewer_than_three_seeds,0,,,
Co-Dy-W,50,uq_only_support_aware,AUDC,,2;3;4,2;3;4,partial_fewer_than_three_seeds,0,,,
Co-Dy-W,50,es_only_independent,SUN,,2;3;4,2;3;4,partial_fewer_than_three_seeds,0,,,
Co-Dy-W,50,es_only_independent,mSUN,,2;3;4,2;3;4,partial_fewer_than_three_seeds,0,,,
Co-Dy-W,50,es_only_independent,AUDC,,2;3;4,2;3;4,partial_fewer_than_three_seeds,0,,,
Co-Dy-W,50,full_support_aware,SUN,,2;3;4,2;3;4,partial_fewer_than_three_seeds,0,,,
Co-Dy-W,50,full_support_aware,mSUN,,2;3;4,2;3;4,partial_fewer_than_three_seeds,0,,,
Co-Dy-W,50,full_support_aware,AUDC,,2;3;4,2;3;4,partial_fewer_than_three_seeds,0,,,
Co-Mg-Na,50,baseline_reference,SUN,,2;3;4,2;3;4,partial_fewer_than_three_seeds,0,,,
Co-Mg-Na,50,baseline_reference,mSUN,,2;3;4,2;3;4,partial_fewer_than_three_seeds,0,,,
Co-Mg-Na,50,baseline_reference,AUDC,,2;3;4,2;3;4,partial_fewer_than_three_seeds,0,,,
Co-Mg-Na,50,uq_only_support_aware,SUN,,2;3;4,2;3;4,partial_fewer_than_three_seeds,0,,,
Co-Mg-Na,50,uq_only_support_aware,mSUN,,2;3;4,2;3;4,partial_fewer_than_three_seeds,0,,,
Co-Mg-Na,50,uq_only_support_aware,AUDC,,2;3;4,2;3;4,partial_fewer_than_three_seeds,0,,,
Co-Mg-Na,50,es_only_independent,SUN,,2;3;4,2;3;4,partial_fewer_than_three_seeds,0,,,
Co-Mg-Na,50,es_only_independent,mSUN,,2;3;4,2;3;4,partial_fewer_than_three_seeds,0,,,
Co-Mg-Na,50,es_only_independent,AUDC,,2;3;4,2;3;4,partial_fewer_than_three_seeds,0,,,
Co-Mg-Na,50,full_support_aware,SUN,,2;3;4,2;3;4,partial_fewer_than_three_seeds,0,,,
Co-Mg-Na,50,full_support_aware,mSUN,,2;3;4,2;3;4,partial_fewer_than_three_seeds,0,,,
Co-Mg-Na,50,full_support_aware,AUDC,,2;3;4,2;3;4,partial_fewer_than_three_seeds,0,,,
Co-Pd-Tl,50,baseline_reference,SUN,,2;3;4,2;3;4,partial_fewer_than_three_seeds,0,,,
Co-Pd-Tl,50,baseline_reference,mSUN,,2;3;4,2;3;4,partial_fewer_than_three_seeds,0,,,
Co-Pd-Tl,50,baseline_reference,AUDC,,2;3;4,2;3;4,partial_fewer_than_three_seeds,0,,,
Co-Pd-Tl,50,uq_only_support_aware,SUN,,2;3;4,2;3;4,partial_fewer_than_three_seeds,0,,,
Co-Pd-Tl,50,uq_only_support_aware,mSUN,,2;3;4,2;3;4,partial_fewer_than_three_seeds,0,,,
Co-Pd-Tl,50,uq_only_support_aware,AUDC,,2;3;4,2;3;4,partial_fewer_than_three_seeds,0,,,
Co-Pd-Tl,50,es_only_independent,SUN,,2;3;4,2;3;4,partial_fewer_than_three_seeds,0,,,
Co-Pd-Tl,50,es_only_independent,mSUN,,2;3;4,2;3;4,partial_fewer_than_three_seeds,0,,,
Co-Pd-Tl,50,es_only_independent,AUDC,,2;3;4,2;3;4,partial_fewer_than_three_seeds,0,,,
Co-Pd-Tl,50,full_support_aware,SUN,,2;3;4,2;3;4,partial_fewer_than_three_seeds,0,,,
Co-Pd-Tl,50,full_support_aware,mSUN,,2;3;4,2;3;4,partial_fewer_than_three_seeds,0,,,
Co-Pd-Tl,50,full_support_aware,AUDC,,2;3;4,2;3;4,partial_fewer_than_three_seeds,0,,,
Ga-Ho-Lu,50,baseline_reference,SUN,,2;3;4,2;3;4,partial_fewer_than_three_seeds,0,,,
Ga-Ho-Lu,50,baseline_reference,mSUN,,2;3;4,2;3;4,partial_fewer_than_three_seeds,0,,,
Ga-Ho-Lu,50,baseline_reference,AUDC,,2;3;4,2;3;4,partial_fewer_than_three_seeds,0,,,
Ga-Ho-Lu,50,uq_only_support_aware,SUN,,2;3;4,2;3;4,partial_fewer_than_three_seeds,0,,,
Ga-Ho-Lu,50,uq_only_support_aware,mSUN,,2;3;4,2;3;4,partial_fewer_than_three_seeds,0,,,
Ga-Ho-Lu,50,uq_only_support_aware,AUDC,,2;3;4,2;3;4,partial_fewer_than_three_seeds,0,,,
Ga-Ho-Lu,50,es_only_independent,SUN,,2;3;4,2;3;4,partial_fewer_than_three_seeds,0,,,
Ga-Ho-Lu,50,es_only_independent,mSUN,,2;3;4,2;3;4,partial_fewer_than_three_seeds,0,,,
Ga-Ho-Lu,50,es_only_independent,AUDC,,2;3;4,2;3;4,partial_fewer_than_three_seeds,0,,,
Ga-Ho-Lu,50,full_support_aware,SUN,,2;3;4,2;3;4,partial_fewer_than_three_seeds,0,,,
Ga-Ho-Lu,50,full_support_aware,mSUN,,2;3;4,2;3;4,partial_fewer_than_three_seeds,0,,,
Ga-Ho-Lu,50,full_support_aware,AUDC,,2;3;4,2;3;4,partial_fewer_than_three_seeds,0,,,
Ga-Pt-Tm,50,baseline_reference,SUN,,2;3;4,2;3;4,partial_fewer_than_three_seeds,0,,,
Ga-Pt-Tm,50,baseline_reference,mSUN,,2;3;4,2;3;4,partial_fewer_than_three_seeds,0,,,
Ga-Pt-Tm,50,baseline_reference,AUDC,,2;3;4,2;3;4,partial_fewer_than_three_seeds,0,,,
Ga-Pt-Tm,50,uq_only_support_aware,SUN,,2;3;4,2;3;4,partial_fewer_than_three_seeds,0,,,
Ga-Pt-Tm,50,uq_only_support_aware,mSUN,,2;3;4,2;3;4,partial_fewer_than_three_seeds,0,,,
Ga-Pt-Tm,50,uq_only_support_aware,AUDC,,2;3;4,2;3;4,partial_fewer_than_three_seeds,0,,,
Ga-Pt-Tm,50,es_only_independent,SUN,,2;3;4,2;3;4,partial_fewer_than_three_seeds,0,,,
Ga-Pt-Tm,50,es_only_independent,mSUN,,2;3;4,2;3;4,partial_fewer_than_three_seeds,0,,,
Ga-Pt-Tm,50,es_only_independent,AUDC,,2;3;4,2;3;4,partial_fewer_than_three_seeds,0,,,
Ga-Pt-Tm,50,full_support_aware,SUN,,2;3;4,2;3;4,partial_fewer_than_three_seeds,0,,,
Ga-Pt-Tm,50,full_support_aware,mSUN,,2;3;4,2;3;4,partial_fewer_than_three_seeds,0,,,
Ga-Pt-Tm,50,full_support_aware,AUDC,,2;3;4,2;3;4,partial_fewer_than_three_seeds,0,,,
Hf-Ni-Zr,50,baseline_reference,SUN,,2;3;4,2;3;4,partial_fewer_than_three_seeds,0,,,
Hf-Ni-Zr,50,baseline_reference,mSUN,,2;3;4,2;3;4,partial_fewer_than_three_seeds,0,,,
Hf-Ni-Zr,50,baseline_reference,AUDC,,2;3;4,2;3;4,partial_fewer_than_three_seeds,0,,,
Hf-Ni-Zr,50,uq_only_support_aware,SUN,,2;3;4,2;3;4,partial_fewer_than_three_seeds,0,,,
Hf-Ni-Zr,50,uq_only_support_aware,mSUN,,2;3;4,2;3;4,partial_fewer_than_three_seeds,0,,,
Hf-Ni-Zr,50,uq_only_support_aware,AUDC,,2;3;4,2;3;4,partial_fewer_than_three_seeds,0,,,
Hf-Ni-Zr,50,es_only_independent,SUN,,2;3;4,2;3;4,partial_fewer_than_three_seeds,0,,,
Hf-Ni-Zr,50,es_only_independent,mSUN,,2;3;4,2;3;4,partial_fewer_than_three_seeds,0,,,
Hf-Ni-Zr,50,es_only_independent,AUDC,,2;3;4,2;3;4,partial_fewer_than_three_seeds,0,,,
Hf-Ni-Zr,50,full_support_aware,SUN,,2;3;4,2;3;4,partial_fewer_than_three_seeds,0,,,
Hf-Ni-Zr,50,full_support_aware,mSUN,,2;3;4,2;3;4,partial_fewer_than_three_seeds,0,,,
Hf-Ni-Zr,50,full_support_aware,AUDC,,2;3;4,2;3;4,partial_fewer_than_three_seeds,0,,,
Mg-Sn-Sr,50,baseline_reference,SUN,,2;3;4,2;3;4,partial_fewer_than_three_seeds,0,,,
Mg-Sn-Sr,50,baseline_reference,mSUN,,2;3;4,2;3;4,partial_fewer_than_three_seeds,0,,,
Mg-Sn-Sr,50,baseline_reference,AUDC,,2;3;4,2;3;4,partial_fewer_than_three_seeds,0,,,
Mg-Sn-Sr,50,uq_only_support_aware,SUN,,2;3;4,2;3;4,partial_fewer_than_three_seeds,0,,,
Mg-Sn-Sr,50,uq_only_support_aware,mSUN,,2;3;4,2;3;4,partial_fewer_than_three_seeds,0,,,
Mg-Sn-Sr,50,uq_only_support_aware,AUDC,,2;3;4,2;3;4,partial_fewer_than_three_seeds,0,,,
Mg-Sn-Sr,50,es_only_independent,SUN,,2;3;4,2;3;4,partial_fewer_than_three_seeds,0,,,
Mg-Sn-Sr,50,es_only_independent,mSUN,,2;3;4,2;3;4,partial_fewer_than_three_seeds,0,,,
Mg-Sn-Sr,50,es_only_independent,AUDC,,2;3;4,2;3;4,partial_fewer_than_three_seeds,0,,,
Mg-Sn-Sr,50,full_support_aware,SUN,,2;3;4,2;3;4,partial_fewer_than_three_seeds,0,,,
Mg-Sn-Sr,50,full_support_aware,mSUN,,2;3;4,2;3;4,partial_fewer_than_three_seeds,0,,,
Mg-Sn-Sr,50,full_support_aware,AUDC,,2;3;4,2;3;4,partial_fewer_than_three_seeds,0,,,
Au-Cr-Cs-Dy,50,baseline_reference,SUN,,2;3;4,2;3;4,partial_fewer_than_three_seeds,0,,,
Au-Cr-Cs-Dy,50,baseline_reference,mSUN,,2;3;4,2;3;4,partial_fewer_than_three_seeds,0,,,
Au-Cr-Cs-Dy,50,baseline_reference,AUDC,,2;3;4,2;3;4,partial_fewer_than_three_seeds,0,,,
Au-Cr-Cs-Dy,50,uq_only_support_aware,SUN,,2;3;4,2;3;4,partial_fewer_than_three_seeds,0,,,
Au-Cr-Cs-Dy,50,uq_only_support_aware,mSUN,,2;3;4,2;3;4,partial_fewer_than_three_seeds,0,,,
Au-Cr-Cs-Dy,50,uq_only_support_aware,AUDC,,2;3;4,2;3;4,partial_fewer_than_three_seeds,0,,,
Au-Cr-Cs-Dy,50,es_only_independent,SUN,,2;3;4,2;3;4,partial_fewer_than_three_seeds,0,,,
Au-Cr-Cs-Dy,50,es_only_independent,mSUN,,2;3;4,2;3;4,partial_fewer_than_three_seeds,0,,,
Au-Cr-Cs-Dy,50,es_only_independent,AUDC,,2;3;4,2;3;4,partial_fewer_than_three_seeds,0,,,
Au-Cr-Cs-Dy,50,full_support_aware,SUN,,2;3;4,2;3;4,partial_fewer_than_three_seeds,0,,,
Au-Cr-Cs-Dy,50,full_support_aware,mSUN,,2;3;4,2;3;4,partial_fewer_than_three_seeds,0,,,
Au-Cr-Cs-Dy,50,full_support_aware,AUDC,,2;3;4,2;3;4,partial_fewer_than_three_seeds,0,,,
Au-Tb-V-Y,50,baseline_reference,SUN,,2;3;4,2;3;4,partial_fewer_than_three_seeds,0,,,
Au-Tb-V-Y,50,baseline_reference,mSUN,,2;3;4,2;3;4,partial_fewer_than_three_seeds,0,,,
Au-Tb-V-Y,50,baseline_reference,AUDC,,2;3;4,2;3;4,partial_fewer_than_three_seeds,0,,,
Au-Tb-V-Y,50,uq_only_support_aware,SUN,,2;3;4,2;3;4,partial_fewer_than_three_seeds,0,,,
Au-Tb-V-Y,50,uq_only_support_aware,mSUN,,2;3;4,2;3;4,partial_fewer_than_three_seeds,0,,,
Au-Tb-V-Y,50,uq_only_support_aware,AUDC,,2;3;4,2;3;4,partial_fewer_than_three_seeds,0,,,
Au-Tb-V-Y,50,es_only_independent,SUN,,2;3;4,2;3;4,partial_fewer_than_three_seeds,0,,,
Au-Tb-V-Y,50,es_only_independent,mSUN,,2;3;4,2;3;4,partial_fewer_than_three_seeds,0,,,
Au-Tb-V-Y,50,es_only_independent,AUDC,,2;3;4,2;3;4,partial_fewer_than_three_seeds,0,,,
Au-Tb-V-Y,50,full_support_aware,SUN,,2;3;4,2;3;4,partial_fewer_than_three_seeds,0,,,
Au-Tb-V-Y,50,full_support_aware,mSUN,,2;3;4,2;3;4,partial_fewer_than_three_seeds,0,,,
Au-Tb-V-Y,50,full_support_aware,AUDC,,2;3;4,2;3;4,partial_fewer_than_three_seeds,0,,,
Ba-Be-Hf-Li,50,baseline_reference,SUN,,2;3;4,2;3;4,partial_fewer_than_three_seeds,0,,,
Ba-Be-Hf-Li,50,baseline_reference,mSUN,,2;3;4,2;3;4,partial_fewer_than_three_seeds,0,,,
Ba-Be-Hf-Li,50,baseline_reference,AUDC,,2;3;4,2;3;4,partial_fewer_than_three_seeds,0,,,
Ba-Be-Hf-Li,50,uq_only_support_aware,SUN,,2;3;4,2;3;4,partial_fewer_than_three_seeds,0,,,
Ba-Be-Hf-Li,50,uq_only_support_aware,mSUN,,2;3;4,2;3;4,partial_fewer_than_three_seeds,0,,,
Ba-Be-Hf-Li,50,uq_only_support_aware,AUDC,,2;3;4,2;3;4,partial_fewer_than_three_seeds,0,,,
Ba-Be-Hf-Li,50,es_only_independent,SUN,,2;3;4,2;3;4,partial_fewer_than_three_seeds,0,,,
Ba-Be-Hf-Li,50,es_only_independent,mSUN,,2;3;4,2;3;4,partial_fewer_than_three_seeds,0,,,
Ba-Be-Hf-Li,50,es_only_independent,AUDC,,2;3;4,2;3;4,partial_fewer_than_three_seeds,0,,,
Ba-Be-Hf-Li,50,full_support_aware,SUN,,2;3;4,2;3;4,partial_fewer_than_three_seeds,0,,,
Ba-Be-Hf-Li,50,full_support_aware,mSUN,,2;3;4,2;3;4,partial_fewer_than_three_seeds,0,,,
Ba-Be-Hf-Li,50,full_support_aware,AUDC,,2;3;4,2;3;4,partial_fewer_than_three_seeds,0,,,
Ba-Nd-Ni-W,50,baseline_reference,SUN,,2;3;4,2;3;4,partial_fewer_than_three_seeds,0,,,
Ba-Nd-Ni-W,50,baseline_reference,mSUN,,2;3;4,2;3;4,partial_fewer_than_three_seeds,0,,,
Ba-Nd-Ni-W,50,baseline_reference,AUDC,,2;3;4,2;3;4,partial_fewer_than_three_seeds,0,,,
Ba-Nd-Ni-W,50,uq_only_support_aware,SUN,,2;3;4,2;3;4,partial_fewer_than_three_seeds,0,,,
Ba-Nd-Ni-W,50,uq_only_support_aware,mSUN,,2;3;4,2;3;4,partial_fewer_than_three_seeds,0,,,
Ba-Nd-Ni-W,50,uq_only_support_aware,AUDC,,2;3;4,2;3;4,partial_fewer_than_three_seeds,0,,,
Ba-Nd-Ni-W,50,es_only_independent,SUN,,2;3;4,2;3;4,partial_fewer_than_three_seeds,0,,,
Ba-Nd-Ni-W,50,es_only_independent,mSUN,,2;3;4,2;3;4,partial_fewer_than_three_seeds,0,,,
Ba-Nd-Ni-W,50,es_only_independent,AUDC,,2;3;4,2;3;4,partial_fewer_than_three_seeds,0,,,
Ba-Nd-Ni-W,50,full_support_aware,SUN,,2;3;4,2;3;4,partial_fewer_than_three_seeds,0,,,
Ba-Nd-Ni-W,50,full_support_aware,mSUN,,2;3;4,2;3;4,partial_fewer_than_three_seeds,0,,,
Ba-Nd-Ni-W,50,full_support_aware,AUDC,,2;3;4,2;3;4,partial_fewer_than_three_seeds,0,,,
Ca-Pd-Sn-W,50,baseline_reference,SUN,,2;3;4,2;3;4,partial_fewer_than_three_seeds,0,,,
Ca-Pd-Sn-W,50,baseline_reference,mSUN,,2;3;4,2;3;4,partial_fewer_than_three_seeds,0,,,
Ca-Pd-Sn-W,50,baseline_reference,AUDC,,2;3;4,2;3;4,partial_fewer_than_three_seeds,0,,,
Ca-Pd-Sn-W,50,uq_only_support_aware,SUN,,2;3;4,2;3;4,partial_fewer_than_three_seeds,0,,,
Ca-Pd-Sn-W,50,uq_only_support_aware,mSUN,,2;3;4,2;3;4,partial_fewer_than_three_seeds,0,,,
Ca-Pd-Sn-W,50,uq_only_support_aware,AUDC,,2;3;4,2;3;4,partial_fewer_than_three_seeds,0,,,
Ca-Pd-Sn-W,50,es_only_independent,SUN,,2;3;4,2;3;4,partial_fewer_than_three_seeds,0,,,
Ca-Pd-Sn-W,50,es_only_independent,mSUN,,2;3;4,2;3;4,partial_fewer_than_three_seeds,0,,,
Ca-Pd-Sn-W,50,es_only_independent,AUDC,,2;3;4,2;3;4,partial_fewer_than_three_seeds,0,,,
Ca-Pd-Sn-W,50,full_support_aware,SUN,,2;3;4,2;3;4,partial_fewer_than_three_seeds,0,,,
Ca-Pd-Sn-W,50,full_support_aware,mSUN,,2;3;4,2;3;4,partial_fewer_than_three_seeds,0,,,
Ca-Pd-Sn-W,50,full_support_aware,AUDC,,2;3;4,2;3;4,partial_fewer_than_three_seeds,0,,,
Ce-Er-Pb-Rh,50,baseline_reference,SUN,,2;3;4,2;3;4,partial_fewer_than_three_seeds,0,,,
Ce-Er-Pb-Rh,50,baseline_reference,mSUN,,2;3;4,2;3;4,partial_fewer_than_three_seeds,0,,,
Ce-Er-Pb-Rh,50,baseline_reference,AUDC,,2;3;4,2;3;4,partial_fewer_than_three_seeds,0,,,
Ce-Er-Pb-Rh,50,uq_only_support_aware,SUN,,2;3;4,2;3;4,partial_fewer_than_three_seeds,0,,,
Ce-Er-Pb-Rh,50,uq_only_support_aware,mSUN,,2;3;4,2;3;4,partial_fewer_than_three_seeds,0,,,
Ce-Er-Pb-Rh,50,uq_only_support_aware,AUDC,,2;3;4,2;3;4,partial_fewer_than_three_seeds,0,,,
Ce-Er-Pb-Rh,50,es_only_independent,SUN,,2;3;4,2;3;4,partial_fewer_than_three_seeds,0,,,
Ce-Er-Pb-Rh,50,es_only_independent,mSUN,,2;3;4,2;3;4,partial_fewer_than_three_seeds,0,,,
Ce-Er-Pb-Rh,50,es_only_independent,AUDC,,2;3;4,2;3;4,partial_fewer_than_three_seeds,0,,,
Ce-Er-Pb-Rh,50,full_support_aware,SUN,,2;3;4,2;3;4,partial_fewer_than_three_seeds,0,,,
Ce-Er-Pb-Rh,50,full_support_aware,mSUN,,2;3;4,2;3;4,partial_fewer_than_three_seeds,0,,,
Ce-Er-Pb-Rh,50,full_support_aware,AUDC,,2;3;4,2;3;4,partial_fewer_than_three_seeds,0,,,
Ce-Ir-Pt-Sn,50,baseline_reference,SUN,,2;3;4,2;3;4,partial_fewer_than_three_seeds,0,,,
Ce-Ir-Pt-Sn,50,baseline_reference,mSUN,,2;3;4,2;3;4,partial_fewer_than_three_seeds,0,,,
Ce-Ir-Pt-Sn,50,baseline_reference,AUDC,,2;3;4,2;3;4,partial_fewer_than_three_seeds,0,,,
Ce-Ir-Pt-Sn,50,uq_only_support_aware,SUN,,2;3;4,2;3;4,partial_fewer_than_three_seeds,0,,,
Ce-Ir-Pt-Sn,50,uq_only_support_aware,mSUN,,2;3;4,2;3;4,partial_fewer_than_three_seeds,0,,,
Ce-Ir-Pt-Sn,50,uq_only_support_aware,AUDC,,2;3;4,2;3;4,partial_fewer_than_three_seeds,0,,,
Ce-Ir-Pt-Sn,50,es_only_independent,SUN,,2;3;4,2;3;4,partial_fewer_than_three_seeds,0,,,
Ce-Ir-Pt-Sn,50,es_only_independent,mSUN,,2;3;4,2;3;4,partial_fewer_than_three_seeds,0,,,
Ce-Ir-Pt-Sn,50,es_only_independent,AUDC,,2;3;4,2;3;4,partial_fewer_than_three_seeds,0,,,
Ce-Ir-Pt-Sn,50,full_support_aware,SUN,,2;3;4,2;3;4,partial_fewer_than_three_seeds,0,,,
Ce-Ir-Pt-Sn,50,full_support_aware,mSUN,,2;3;4,2;3;4,partial_fewer_than_three_seeds,0,,,
Ce-Ir-Pt-Sn,50,full_support_aware,AUDC,,2;3;4,2;3;4,partial_fewer_than_three_seeds,0,,,
Co-Dy-Ta-Y,50,baseline_reference,SUN,,2;3;4,2;3;4,partial_fewer_than_three_seeds,0,,,
Co-Dy-Ta-Y,50,baseline_reference,mSUN,,2;3;4,2;3;4,partial_fewer_than_three_seeds,0,,,
Co-Dy-Ta-Y,50,baseline_reference,AUDC,,2;3;4,2;3;4,partial_fewer_than_three_seeds,0,,,
Co-Dy-Ta-Y,50,uq_only_support_aware,SUN,,2;3;4,2;3;4,partial_fewer_than_three_seeds,0,,,
Co-Dy-Ta-Y,50,uq_only_support_aware,mSUN,,2;3;4,2;3;4,partial_fewer_than_three_seeds,0,,,
Co-Dy-Ta-Y,50,uq_only_support_aware,AUDC,,2;3;4,2;3;4,partial_fewer_than_three_seeds,0,,,
Co-Dy-Ta-Y,50,es_only_independent,SUN,,2;3;4,2;3;4,partial_fewer_than_three_seeds,0,,,
Co-Dy-Ta-Y,50,es_only_independent,mSUN,,2;3;4,2;3;4,partial_fewer_than_three_seeds,0,,,
Co-Dy-Ta-Y,50,es_only_independent,AUDC,,2;3;4,2;3;4,partial_fewer_than_three_seeds,0,,,
Co-Dy-Ta-Y,50,full_support_aware,SUN,,2;3;4,2;3;4,partial_fewer_than_three_seeds,0,,,
Co-Dy-Ta-Y,50,full_support_aware,mSUN,,2;3;4,2;3;4,partial_fewer_than_three_seeds,0,,,
Co-Dy-Ta-Y,50,full_support_aware,AUDC,,2;3;4,2;3;4,partial_fewer_than_three_seeds,0,,,
Dy-K-Pd-Sm,50,baseline_reference,SUN,,2;3;4,2;3;4,partial_fewer_than_three_seeds,0,,,
Dy-K-Pd-Sm,50,baseline_reference,mSUN,,2;3;4,2;3;4,partial_fewer_than_three_seeds,0,,,
Dy-K-Pd-Sm,50,baseline_reference,AUDC,,2;3;4,2;3;4,partial_fewer_than_three_seeds,0,,,
Dy-K-Pd-Sm,50,uq_only_support_aware,SUN,,2;3;4,2;3;4,partial_fewer_than_three_seeds,0,,,
Dy-K-Pd-Sm,50,uq_only_support_aware,mSUN,,2;3;4,2;3;4,partial_fewer_than_three_seeds,0,,,
Dy-K-Pd-Sm,50,uq_only_support_aware,AUDC,,2;3;4,2;3;4,partial_fewer_than_three_seeds,0,,,
Dy-K-Pd-Sm,50,es_only_independent,SUN,,2;3;4,2;3;4,partial_fewer_than_three_seeds,0,,,
Dy-K-Pd-Sm,50,es_only_independent,mSUN,,2;3;4,2;3;4,partial_fewer_than_three_seeds,0,,,
Dy-K-Pd-Sm,50,es_only_independent,AUDC,,2;3;4,2;3;4,partial_fewer_than_three_seeds,0,,,
Dy-K-Pd-Sm,50,full_support_aware,SUN,,2;3;4,2;3;4,partial_fewer_than_three_seeds,0,,,
Dy-K-Pd-Sm,50,full_support_aware,mSUN,,2;3;4,2;3;4,partial_fewer_than_three_seeds,0,,,
Dy-K-Pd-Sm,50,full_support_aware,AUDC,,2;3;4,2;3;4,partial_fewer_than_three_seeds,0,,,
Eu-Nb-Sn-Tl,50,baseline_reference,SUN,,2;3;4,2;3;4,partial_fewer_than_three_seeds,0,,,
Eu-Nb-Sn-Tl,50,baseline_reference,mSUN,,2;3;4,2;3;4,partial_fewer_than_three_seeds,0,,,
Eu-Nb-Sn-Tl,50,baseline_reference,AUDC,,2;3;4,2;3;4,partial_fewer_than_three_seeds,0,,,
Eu-Nb-Sn-Tl,50,uq_only_support_aware,SUN,,2;3;4,2;3;4,partial_fewer_than_three_seeds,0,,,
Eu-Nb-Sn-Tl,50,uq_only_support_aware,mSUN,,2;3;4,2;3;4,partial_fewer_than_three_seeds,0,,,
Eu-Nb-Sn-Tl,50,uq_only_support_aware,AUDC,,2;3;4,2;3;4,partial_fewer_than_three_seeds,0,,,
Eu-Nb-Sn-Tl,50,es_only_independent,SUN,,2;3;4,2;3;4,partial_fewer_than_three_seeds,0,,,
Eu-Nb-Sn-Tl,50,es_only_independent,mSUN,,2;3;4,2;3;4,partial_fewer_than_three_seeds,0,,,
Eu-Nb-Sn-Tl,50,es_only_independent,AUDC,,2;3;4,2;3;4,partial_fewer_than_three_seeds,0,,,
Eu-Nb-Sn-Tl,50,full_support_aware,SUN,,2;3;4,2;3;4,partial_fewer_than_three_seeds,0,,,
Eu-Nb-Sn-Tl,50,full_support_aware,mSUN,,2;3;4,2;3;4,partial_fewer_than_three_seeds,0,,,
Eu-Nb-Sn-Tl,50,full_support_aware,AUDC,,2;3;4,2;3;4,partial_fewer_than_three_seeds,0,,,
Ag-Nd-Pd-Pt-Tb,50,baseline_reference,SUN,,2;3;4,2;3;4,partial_fewer_than_three_seeds,0,,,
Ag-Nd-Pd-Pt-Tb,50,baseline_reference,mSUN,,2;3;4,2;3;4,partial_fewer_than_three_seeds,0,,,
Ag-Nd-Pd-Pt-Tb,50,baseline_reference,AUDC,,2;3;4,2;3;4,partial_fewer_than_three_seeds,0,,,
Ag-Nd-Pd-Pt-Tb,50,uq_only_support_aware,SUN,,2;3;4,2;3;4,partial_fewer_than_three_seeds,0,,,
Ag-Nd-Pd-Pt-Tb,50,uq_only_support_aware,mSUN,,2;3;4,2;3;4,partial_fewer_than_three_seeds,0,,,
Ag-Nd-Pd-Pt-Tb,50,uq_only_support_aware,AUDC,,2;3;4,2;3;4,partial_fewer_than_three_seeds,0,,,
Ag-Nd-Pd-Pt-Tb,50,es_only_independent,SUN,,2;3;4,2;3;4,partial_fewer_than_three_seeds,0,,,
Ag-Nd-Pd-Pt-Tb,50,es_only_independent,mSUN,,2;3;4,2;3;4,partial_fewer_than_three_seeds,0,,,
Ag-Nd-Pd-Pt-Tb,50,es_only_independent,AUDC,,2;3;4,2;3;4,partial_fewer_than_three_seeds,0,,,
Ag-Nd-Pd-Pt-Tb,50,full_support_aware,SUN,,2;3;4,2;3;4,partial_fewer_than_three_seeds,0,,,
Ag-Nd-Pd-Pt-Tb,50,full_support_aware,mSUN,,2;3;4,2;3;4,partial_fewer_than_three_seeds,0,,,
Ag-Nd-Pd-Pt-Tb,50,full_support_aware,AUDC,,2;3;4,2;3;4,partial_fewer_than_three_seeds,0,,,
Al-Hg-K-Mg-W,50,baseline_reference,SUN,,2;3;4,2;3;4,partial_fewer_than_three_seeds,0,,,
Al-Hg-K-Mg-W,50,baseline_reference,mSUN,,2;3;4,2;3;4,partial_fewer_than_three_seeds,0,,,
Al-Hg-K-Mg-W,50,baseline_reference,AUDC,,2;3;4,2;3;4,partial_fewer_than_three_seeds,0,,,
Al-Hg-K-Mg-W,50,uq_only_support_aware,SUN,,2;3;4,2;3;4,partial_fewer_than_three_seeds,0,,,
Al-Hg-K-Mg-W,50,uq_only_support_aware,mSUN,,2;3;4,2;3;4,partial_fewer_than_three_seeds,0,,,
Al-Hg-K-Mg-W,50,uq_only_support_aware,AUDC,,2;3;4,2;3;4,partial_fewer_than_three_seeds,0,,,
Al-Hg-K-Mg-W,50,es_only_independent,SUN,,2;3;4,2;3;4,partial_fewer_than_three_seeds,0,,,
Al-Hg-K-Mg-W,50,es_only_independent,mSUN,,2;3;4,2;3;4,partial_fewer_than_three_seeds,0,,,
Al-Hg-K-Mg-W,50,es_only_independent,AUDC,,2;3;4,2;3;4,partial_fewer_than_three_seeds,0,,,
Al-Hg-K-Mg-W,50,full_support_aware,SUN,,2;3;4,2;3;4,partial_fewer_than_three_seeds,0,,,
Al-Hg-K-Mg-W,50,full_support_aware,mSUN,,2;3;4,2;3;4,partial_fewer_than_three_seeds,0,,,
Al-Hg-K-Mg-W,50,full_support_aware,AUDC,,2;3;4,2;3;4,partial_fewer_than_three_seeds,0,,,
Al-Lu-Pt-Rb-Sm,50,baseline_reference,SUN,,2;3;4,2;3;4,partial_fewer_than_three_seeds,0,,,
Al-Lu-Pt-Rb-Sm,50,baseline_reference,mSUN,,2;3;4,2;3;4,partial_fewer_than_three_seeds,0,,,
Al-Lu-Pt-Rb-Sm,50,baseline_reference,AUDC,,2;3;4,2;3;4,partial_fewer_than_three_seeds,0,,,
Al-Lu-Pt-Rb-Sm,50,uq_only_support_aware,SUN,,2;3;4,2;3;4,partial_fewer_than_three_seeds,0,,,
Al-Lu-Pt-Rb-Sm,50,uq_only_support_aware,mSUN,,2;3;4,2;3;4,partial_fewer_than_three_seeds,0,,,
Al-Lu-Pt-Rb-Sm,50,uq_only_support_aware,AUDC,,2;3;4,2;3;4,partial_fewer_than_three_seeds,0,,,
Al-Lu-Pt-Rb-Sm,50,es_only_independent,SUN,,2;3;4,2;3;4,partial_fewer_than_three_seeds,0,,,
Al-Lu-Pt-Rb-Sm,50,es_only_independent,mSUN,,2;3;4,2;3;4,partial_fewer_than_three_seeds,0,,,
Al-Lu-Pt-Rb-Sm,50,es_only_independent,AUDC,,2;3;4,2;3;4,partial_fewer_than_three_seeds,0,,,
Al-Lu-Pt-Rb-Sm,50,full_support_aware,SUN,,2;3;4,2;3;4,partial_fewer_than_three_seeds,0,,,
Al-Lu-Pt-Rb-Sm,50,full_support_aware,mSUN,,2;3;4,2;3;4,partial_fewer_than_three_seeds,0,,,
Al-Lu-Pt-Rb-Sm,50,full_support_aware,AUDC,,2;3;4,2;3;4,partial_fewer_than_three_seeds,0,,,
Ca-Fe-Gd-Pb-Tb,50,baseline_reference,SUN,,2;3;4,2;3;4,partial_fewer_than_three_seeds,0,,,
Ca-Fe-Gd-Pb-Tb,50,baseline_reference,mSUN,,2;3;4,2;3;4,partial_fewer_than_three_seeds,0,,,
Ca-Fe-Gd-Pb-Tb,50,baseline_reference,AUDC,,2;3;4,2;3;4,partial_fewer_than_three_seeds,0,,,
Ca-Fe-Gd-Pb-Tb,50,uq_only_support_aware,SUN,,2;3;4,2;3;4,partial_fewer_than_three_seeds,0,,,
Ca-Fe-Gd-Pb-Tb,50,uq_only_support_aware,mSUN,,2;3;4,2;3;4,partial_fewer_than_three_seeds,0,,,
Ca-Fe-Gd-Pb-Tb,50,uq_only_support_aware,AUDC,,2;3;4,2;3;4,partial_fewer_than_three_seeds,0,,,
Ca-Fe-Gd-Pb-Tb,50,es_only_independent,SUN,,2;3;4,2;3;4,partial_fewer_than_three_seeds,0,,,
Ca-Fe-Gd-Pb-Tb,50,es_only_independent,mSUN,,2;3;4,2;3;4,partial_fewer_than_three_seeds,0,,,
Ca-Fe-Gd-Pb-Tb,50,es_only_independent,AUDC,,2;3;4,2;3;4,partial_fewer_than_three_seeds,0,,,
Ca-Fe-Gd-Pb-Tb,50,full_support_aware,SUN,,2;3;4,2;3;4,partial_fewer_than_three_seeds,0,,,
Ca-Fe-Gd-Pb-Tb,50,full_support_aware,mSUN,,2;3;4,2;3;4,partial_fewer_than_three_seeds,0,,,
Ca-Fe-Gd-Pb-Tb,50,full_support_aware,AUDC,,2;3;4,2;3;4,partial_fewer_than_three_seeds,0,,,
Cd-Gd-Mn-Na-Ta,50,baseline_reference,SUN,,2;3;4,2;3;4,partial_fewer_than_three_seeds,0,,,
Cd-Gd-Mn-Na-Ta,50,baseline_reference,mSUN,,2;3;4,2;3;4,partial_fewer_than_three_seeds,0,,,
Cd-Gd-Mn-Na-Ta,50,baseline_reference,AUDC,,2;3;4,2;3;4,partial_fewer_than_three_seeds,0,,,
Cd-Gd-Mn-Na-Ta,50,uq_only_support_aware,SUN,,2;3;4,2;3;4,partial_fewer_than_three_seeds,0,,,
Cd-Gd-Mn-Na-Ta,50,uq_only_support_aware,mSUN,,2;3;4,2;3;4,partial_fewer_than_three_seeds,0,,,
Cd-Gd-Mn-Na-Ta,50,uq_only_support_aware,AUDC,,2;3;4,2;3;4,partial_fewer_than_three_seeds,0,,,
Cd-Gd-Mn-Na-Ta,50,es_only_independent,SUN,,2;3;4,2;3;4,partial_fewer_than_three_seeds,0,,,
Cd-Gd-Mn-Na-Ta,50,es_only_independent,mSUN,,2;3;4,2;3;4,partial_fewer_than_three_seeds,0,,,
Cd-Gd-Mn-Na-Ta,50,es_only_independent,AUDC,,2;3;4,2;3;4,partial_fewer_than_three_seeds,0,,,
Cd-Gd-Mn-Na-Ta,50,full_support_aware,SUN,,2;3;4,2;3;4,partial_fewer_than_three_seeds,0,,,
Cd-Gd-Mn-Na-Ta,50,full_support_aware,mSUN,,2;3;4,2;3;4,partial_fewer_than_three_seeds,0,,,
Cd-Gd-Mn-Na-Ta,50,full_support_aware,AUDC,,2;3;4,2;3;4,partial_fewer_than_three_seeds,0,,,
Cd-Li-Nd-Ti-W,50,baseline_reference,SUN,,2;3;4,2;3;4,partial_fewer_than_three_seeds,0,,,
Cd-Li-Nd-Ti-W,50,baseline_reference,mSUN,,2;3;4,2;3;4,partial_fewer_than_three_seeds,0,,,
Cd-Li-Nd-Ti-W,50,baseline_reference,AUDC,,2;3;4,2;3;4,partial_fewer_than_three_seeds,0,,,
Cd-Li-Nd-Ti-W,50,uq_only_support_aware,SUN,,2;3;4,2;3;4,partial_fewer_than_three_seeds,0,,,
Cd-Li-Nd-Ti-W,50,uq_only_support_aware,mSUN,,2;3;4,2;3;4,partial_fewer_than_three_seeds,0,,,
Cd-Li-Nd-Ti-W,50,uq_only_support_aware,AUDC,,2;3;4,2;3;4,partial_fewer_than_three_seeds,0,,,
Cd-Li-Nd-Ti-W,50,es_only_independent,SUN,,2;3;4,2;3;4,partial_fewer_than_three_seeds,0,,,
Cd-Li-Nd-Ti-W,50,es_only_independent,mSUN,,2;3;4,2;3;4,partial_fewer_than_three_seeds,0,,,
Cd-Li-Nd-Ti-W,50,es_only_independent,AUDC,,2;3;4,2;3;4,partial_fewer_than_three_seeds,0,,,
Cd-Li-Nd-Ti-W,50,full_support_aware,SUN,,2;3;4,2;3;4,partial_fewer_than_three_seeds,0,,,
Cd-Li-Nd-Ti-W,50,full_support_aware,mSUN,,2;3;4,2;3;4,partial_fewer_than_three_seeds,0,,,
Cd-Li-Nd-Ti-W,50,full_support_aware,AUDC,,2;3;4,2;3;4,partial_fewer_than_three_seeds,0,,,
Co-Hf-In-Ru-Tm,50,baseline_reference,SUN,,2;3;4,2;3;4,partial_fewer_than_three_seeds,0,,,
Co-Hf-In-Ru-Tm,50,baseline_reference,mSUN,,2;3;4,2;3;4,partial_fewer_than_three_seeds,0,,,
Co-Hf-In-Ru-Tm,50,baseline_reference,AUDC,,2;3;4,2;3;4,partial_fewer_than_three_seeds,0,,,
Co-Hf-In-Ru-Tm,50,uq_only_support_aware,SUN,,2;3;4,2;3;4,partial_fewer_than_three_seeds,0,,,
Co-Hf-In-Ru-Tm,50,uq_only_support_aware,mSUN,,2;3;4,2;3;4,partial_fewer_than_three_seeds,0,,,
Co-Hf-In-Ru-Tm,50,uq_only_support_aware,AUDC,,2;3;4,2;3;4,partial_fewer_than_three_seeds,0,,,
Co-Hf-In-Ru-Tm,50,es_only_independent,SUN,,2;3;4,2;3;4,partial_fewer_than_three_seeds,0,,,
Co-Hf-In-Ru-Tm,50,es_only_independent,mSUN,,2;3;4,2;3;4,partial_fewer_than_three_seeds,0,,,
Co-Hf-In-Ru-Tm,50,es_only_independent,AUDC,,2;3;4,2;3;4,partial_fewer_than_three_seeds,0,,,
Co-Hf-In-Ru-Tm,50,full_support_aware,SUN,,2;3;4,2;3;4,partial_fewer_than_three_seeds,0,,,
Co-Hf-In-Ru-Tm,50,full_support_aware,mSUN,,2;3;4,2;3;4,partial_fewer_than_three_seeds,0,,,
Co-Hf-In-Ru-Tm,50,full_support_aware,AUDC,,2;3;4,2;3;4,partial_fewer_than_three_seeds,0,,,
Co-Hg-Mg-Sr-W,50,baseline_reference,SUN,,2;3;4,2;3;4,partial_fewer_than_three_seeds,0,,,
Co-Hg-Mg-Sr-W,50,baseline_reference,mSUN,,2;3;4,2;3;4,partial_fewer_than_three_seeds,0,,,
Co-Hg-Mg-Sr-W,50,baseline_reference,AUDC,,2;3;4,2;3;4,partial_fewer_than_three_seeds,0,,,
Co-Hg-Mg-Sr-W,50,uq_only_support_aware,SUN,,2;3;4,2;3;4,partial_fewer_than_three_seeds,0,,,
Co-Hg-Mg-Sr-W,50,uq_only_support_aware,mSUN,,2;3;4,2;3;4,partial_fewer_than_three_seeds,0,,,
Co-Hg-Mg-Sr-W,50,uq_only_support_aware,AUDC,,2;3;4,2;3;4,partial_fewer_than_three_seeds,0,,,
Co-Hg-Mg-Sr-W,50,es_only_independent,SUN,,2;3;4,2;3;4,partial_fewer_than_three_seeds,0,,,
Co-Hg-Mg-Sr-W,50,es_only_independent,mSUN,,2;3;4,2;3;4,partial_fewer_than_three_seeds,0,,,
Co-Hg-Mg-Sr-W,50,es_only_independent,AUDC,,2;3;4,2;3;4,partial_fewer_than_three_seeds,0,,,
Co-Hg-Mg-Sr-W,50,full_support_aware,SUN,,2;3;4,2;3;4,partial_fewer_than_three_seeds,0,,,
Co-Hg-Mg-Sr-W,50,full_support_aware,mSUN,,2;3;4,2;3;4,partial_fewer_than_three_seeds,0,,,
Co-Hg-Mg-Sr-W,50,full_support_aware,AUDC,,2;3;4,2;3;4,partial_fewer_than_three_seeds,0,,,
Cr-Fe-Lu-Pt-Sc,50,baseline_reference,SUN,,2;3;4,2;3;4,partial_fewer_than_three_seeds,0,,,
Cr-Fe-Lu-Pt-Sc,50,baseline_reference,mSUN,,2;3;4,2;3;4,partial_fewer_than_three_seeds,0,,,
Cr-Fe-Lu-Pt-Sc,50,baseline_reference,AUDC,,2;3;4,2;3;4,partial_fewer_than_three_seeds,0,,,
Cr-Fe-Lu-Pt-Sc,50,uq_only_support_aware,SUN,,2;3;4,2;3;4,partial_fewer_than_three_seeds,0,,,
Cr-Fe-Lu-Pt-Sc,50,uq_only_support_aware,mSUN,,2;3;4,2;3;4,partial_fewer_than_three_seeds,0,,,
Cr-Fe-Lu-Pt-Sc,50,uq_only_support_aware,AUDC,,2;3;4,2;3;4,partial_fewer_than_three_seeds,0,,,
Cr-Fe-Lu-Pt-Sc,50,es_only_independent,SUN,,2;3;4,2;3;4,partial_fewer_than_three_seeds,0,,,
Cr-Fe-Lu-Pt-Sc,50,es_only_independent,mSUN,,2;3;4,2;3;4,partial_fewer_than_three_seeds,0,,,
Cr-Fe-Lu-Pt-Sc,50,es_only_independent,AUDC,,2;3;4,2;3;4,partial_fewer_than_three_seeds,0,,,
Cr-Fe-Lu-Pt-Sc,50,full_support_aware,SUN,,2;3;4,2;3;4,partial_fewer_than_three_seeds,0,,,
Cr-Fe-Lu-Pt-Sc,50,full_support_aware,mSUN,,2;3;4,2;3;4,partial_fewer_than_three_seeds,0,,,
Cr-Fe-Lu-Pt-Sc,50,full_support_aware,AUDC,,2;3;4,2;3;4,partial_fewer_than_three_seeds,0,,,
Ho-In-Mg-Pd-Zr,50,baseline_reference,SUN,,2;3;4,2;3;4,partial_fewer_than_three_seeds,0,,,
Ho-In-Mg-Pd-Zr,50,baseline_reference,mSUN,,2;3;4,2;3;4,partial_fewer_than_three_seeds,0,,,
Ho-In-Mg-Pd-Zr,50,baseline_reference,AUDC,,2;3;4,2;3;4,partial_fewer_than_three_seeds,0,,,
Ho-In-Mg-Pd-Zr,50,uq_only_support_aware,SUN,,2;3;4,2;3;4,partial_fewer_than_three_seeds,0,,,
Ho-In-Mg-Pd-Zr,50,uq_only_support_aware,mSUN,,2;3;4,2;3;4,partial_fewer_than_three_seeds,0,,,
Ho-In-Mg-Pd-Zr,50,uq_only_support_aware,AUDC,,2;3;4,2;3;4,partial_fewer_than_three_seeds,0,,,
Ho-In-Mg-Pd-Zr,50,es_only_independent,SUN,,2;3;4,2;3;4,partial_fewer_than_three_seeds,0,,,
Ho-In-Mg-Pd-Zr,50,es_only_independent,mSUN,,2;3;4,2;3;4,partial_fewer_than_three_seeds,0,,,
Ho-In-Mg-Pd-Zr,50,es_only_independent,AUDC,,2;3;4,2;3;4,partial_fewer_than_three_seeds,0,,,
Ho-In-Mg-Pd-Zr,50,full_support_aware,SUN,,2;3;4,2;3;4,partial_fewer_than_three_seeds,0,,,
Ho-In-Mg-Pd-Zr,50,full_support_aware,mSUN,,2;3;4,2;3;4,partial_fewer_than_three_seeds,0,,,
Ho-In-Mg-Pd-Zr,50,full_support_aware,AUDC,,2;3;4,2;3;4,partial_fewer_than_three_seeds,0,,,
