job_id,arm,task_id,seed,decision_id,sequence,candidate_index,tool,disposition,generation_success,controller_schema_valid,graph_status,graph_error,support,scalar_NN,scalar_origin,decision_scalar,threshold,controller_enabled,scalar_above_threshold,supported_scalar_above_threshold,request_retry,trigger,trigger_source,triggered_heads,local_schema_issues,has_actual_next_candidate,next_scientific_rpc_id,direct_material_step_rpc_id,label_future_failure,tool_error,received_retry_feedback
component-final-32355a4d9bcc6137d52ada7b,baseline_reference,Al-Li-V,2,component-final-32355a4d9bcc6137d52ada7b:d0000000-c0,0,0,generate_structures,executed,True,,,,,0.49998217821121216,logging_only_entropy_NN,0.49998217821121216,0.6,False,False,False,False,,,[],[],False,4,,1,,
component-final-32355a4d9bcc6137d52ada7b,baseline_reference,Al-Li-V,2,component-final-32355a4d9bcc6137d52ada7b:d0000001-c0,1,0,select_for_evaluation,executed,True,,,,,0.5004896521568298,logging_only_entropy_NN,0.5004896521568298,0.6,False,False,False,False,,,[],[],False,4,4,1,,
component-final-32355a4d9bcc6137d52ada7b,baseline_reference,Al-Li-V,2,component-final-32355a4d9bcc6137d52ada7b:d0000002-c0,2,0,score_buffer,executed,True,,,,,0.5000839233398438,logging_only_entropy_NN,0.5000839233398438,0.6,False,False,False,False,,,[],[],False,8,,1,,
component-final-32355a4d9bcc6137d52ada7b,baseline_reference,Al-Li-V,2,component-final-32355a4d9bcc6137d52ada7b:d0000003-c0,3,0,select_for_evaluation,executed,True,,,,,0.500097393989563,logging_only_entropy_NN,0.500097393989563,0.6,False,False,False,False,,,[],[],False,8,8,1,,
component-final-32355a4d9bcc6137d52ada7b,baseline_reference,Al-Li-V,2,component-final-32355a4d9bcc6137d52ada7b:d0000004-c0,4,0,select_for_evaluation,executed,True,,,,,0.5000537633895874,logging_only_entropy_NN,0.5000537633895874,0.6,False,False,False,False,,,[],[],False,10,10,1,,
component-final-32355a4d9bcc6137d52ada7b,baseline_reference,Al-Li-V,2,component-final-32355a4d9bcc6137d52ada7b:d0000005-c0,5,0,generate_structures,executed,True,,,,,0.4999919533729553,logging_only_entropy_NN,0.4999919533729553,0.6,False,False,False,False,,,[],[],False,16,,1,,
component-final-32355a4d9bcc6137d52ada7b,baseline_reference,Al-Li-V,2,component-final-32355a4d9bcc6137d52ada7b:d0000006-c0,6,0,generate_structures,executed,True,,,,,0.500173807144165,logging_only_entropy_NN,0.500173807144165,0.6,False,False,False,False,,,[],[],False,16,,1,,
component-final-32355a4d9bcc6137d52ada7b,baseline_reference,Al-Li-V,2,component-final-32355a4d9bcc6137d52ada7b:d0000007-c0,7,0,select_for_evaluation,executed,True,,,,,0.49997055530548096,logging_only_entropy_NN,0.49997055530548096,0.6,False,False,False,False,,,[],[],False,16,16,1,,
component-final-32355a4d9bcc6137d52ada7b,baseline_reference,Al-Li-V,2,component-final-32355a4d9bcc6137d52ada7b:d0000008-c0,8,0,score_buffer,executed,True,,,,,0.5006795525550842,logging_only_entropy_NN,0.5006795525550842,0.6,False,False,False,False,,,[],[],False,22,,1,,
component-final-32355a4d9bcc6137d52ada7b,baseline_reference,Al-Li-V,2,component-final-32355a4d9bcc6137d52ada7b:d0000009-c0,9,0,select_for_evaluation,executed,True,,,,,0.49997007846832275,logging_only_entropy_NN,0.49997007846832275,0.6,False,False,False,False,,,[],[],False,22,,1,The selected hash is not in this composition buffer.,
component-final-32355a4d9bcc6137d52ada7b,baseline_reference,Al-Li-V,2,component-final-32355a4d9bcc6137d52ada7b:d0000010-c0,10,0,select_for_evaluation,executed,True,,,,,0.500049352645874,logging_only_entropy_NN,0.500049352645874,0.6,False,False,False,False,,,[],[],False,22,22,1,,
component-final-32355a4d9bcc6137d52ada7b,baseline_reference,Al-Li-V,2,component-final-32355a4d9bcc6137d52ada7b:d0000011-c0,11,0,generate_structures,executed,True,,,,,0.5000503063201904,logging_only_entropy_NN,0.5000503063201904,0.6,False,False,False,False,,,[],[],False,26,,1,,
component-final-32355a4d9bcc6137d52ada7b,baseline_reference,Al-Li-V,2,component-final-32355a4d9bcc6137d52ada7b:d0000012-c0,12,0,select_for_evaluation,executed,True,,,,,0.4999668598175049,logging_only_entropy_NN,0.4999668598175049,0.6,False,False,False,False,,,[],[],False,26,26,1,,
component-final-32355a4d9bcc6137d52ada7b,baseline_reference,Al-Li-V,2,component-final-32355a4d9bcc6137d52ada7b:d0000013-c0,13,0,generate_structures,executed,True,,,,,0.4998978078365326,logging_only_entropy_NN,0.4998978078365326,0.6,False,False,False,False,,,[],[],False,40,,1,,
component-final-32355a4d9bcc6137d52ada7b,baseline_reference,Al-Li-V,2,component-final-32355a4d9bcc6137d52ada7b:d0000014-c0,14,0,generate_structures,executed,True,,,,,0.5001728534698486,logging_only_entropy_NN,0.5001728534698486,0.6,False,False,False,False,,,[],[],False,40,,1,,
component-final-32355a4d9bcc6137d52ada7b,baseline_reference,Al-Li-V,2,component-final-32355a4d9bcc6137d52ada7b:d0000015-c0,15,0,select_for_evaluation,executed,True,,,,,0.5000373125076294,logging_only_entropy_NN,0.5000373125076294,0.6,False,False,False,False,,,[],[],False,40,,1,Select an existing buffer composition.,
component-final-32355a4d9bcc6137d52ada7b,baseline_reference,Al-Li-V,2,component-final-32355a4d9bcc6137d52ada7b:d0000016-c0,16,0,generate_structures,executed,True,,,,,0.5000106692314148,logging_only_entropy_NN,0.5000106692314148,0.6,False,False,False,False,,,[],[],False,40,,1,,
component-final-32355a4d9bcc6137d52ada7b,baseline_reference,Al-Li-V,2,component-final-32355a4d9bcc6137d52ada7b:d0000017-c0,17,0,score_buffer,executed,True,,,,,0.5001431107521057,logging_only_entropy_NN,0.5001431107521057,0.6,False,False,False,False,,,[],[],False,40,,1,,
component-final-32355a4d9bcc6137d52ada7b,baseline_reference,Al-Li-V,2,component-final-32355a4d9bcc6137d52ada7b:d0000018-c0,18,0,select_for_evaluation,executed,True,,,,,0.5001136660575867,logging_only_entropy_NN,0.5001136660575867,0.6,False,False,False,False,,,[],[],False,40,,1,Select an existing buffer composition.,
component-final-32355a4d9bcc6137d52ada7b,baseline_reference,Al-Li-V,2,component-final-32355a4d9bcc6137d52ada7b:d0000019-c0,19,0,select_for_evaluation,executed,True,,,,,0.5000329613685608,logging_only_entropy_NN,0.5000329613685608,0.6,False,False,False,False,,,[],[],False,40,40,1,,
component-final-32355a4d9bcc6137d52ada7b,baseline_reference,Al-Li-V,2,component-final-32355a4d9bcc6137d52ada7b:d0000020-c0,20,0,select_for_evaluation,executed,True,,,,,0.5000508427619934,logging_only_entropy_NN,0.5000508427619934,0.6,False,False,False,False,,,[],[],False,42,42,1,,
component-final-32355a4d9bcc6137d52ada7b,baseline_reference,Al-Li-V,2,component-final-32355a4d9bcc6137d52ada7b:d0000021-c0,21,0,select_for_evaluation,executed,True,,,,,0.5000702142715454,logging_only_entropy_NN,0.5000702142715454,0.6,False,False,False,False,,,[],[],False,44,44,1,,
component-final-32355a4d9bcc6137d52ada7b,baseline_reference,Al-Li-V,2,component-final-32355a4d9bcc6137d52ada7b:d0000022-c0,22,0,score_buffer,executed,True,,,,,0.5000752210617065,logging_only_entropy_NN,0.5000752210617065,0.6,False,False,False,False,,,[],[],False,48,,1,,
component-final-32355a4d9bcc6137d52ada7b,baseline_reference,Al-Li-V,2,component-final-32355a4d9bcc6137d52ada7b:d0000023-c0,23,0,select_for_evaluation,executed,True,,,,,0.5002568364143372,logging_only_entropy_NN,0.5002568364143372,0.6,False,False,False,False,,,[],[],False,48,48,1,,
component-final-10ad51e80000935d29c71786,baseline_reference,Al-Li-V,3,component-final-10ad51e80000935d29c71786:d0000000-c0,0,0,generate_structures,executed,True,,,,,0.4999887943267822,logging_only_entropy_NN,0.4999887943267822,0.6,False,False,False,False,,,[],[],False,4,,1,,
component-final-10ad51e80000935d29c71786,baseline_reference,Al-Li-V,3,component-final-10ad51e80000935d29c71786:d0000001-c0,1,0,select_for_evaluation,executed,True,,,,,0.5000045895576477,logging_only_entropy_NN,0.5000045895576477,0.6,False,False,False,False,,,[],[],False,4,4,1,,
component-final-10ad51e80000935d29c71786,baseline_reference,Al-Li-V,3,component-final-10ad51e80000935d29c71786:d0000002-c0,2,0,generate_structures,executed,True,,,,,0.5000194907188416,logging_only_entropy_NN,0.5000194907188416,0.6,False,False,False,False,,,[],[],False,10,,1,,
component-final-10ad51e80000935d29c71786,baseline_reference,Al-Li-V,3,component-final-10ad51e80000935d29c71786:d0000003-c0,3,0,generate_structures,executed,True,,,,,0.5000530481338501,logging_only_entropy_NN,0.5000530481338501,0.6,False,False,False,False,,,[],[],False,10,,1,,
component-final-10ad51e80000935d29c71786,baseline_reference,Al-Li-V,3,component-final-10ad51e80000935d29c71786:d0000004-c0,4,0,select_for_evaluation,executed,True,,,,,0.5000466108322144,logging_only_entropy_NN,0.5000466108322144,0.6,False,False,False,False,,,[],[],False,10,10,1,,
component-final-10ad51e80000935d29c71786,baseline_reference,Al-Li-V,3,component-final-10ad51e80000935d29c71786:d0000005-c0,5,0,select_for_evaluation,executed,True,,,,,0.5000203847885132,logging_only_entropy_NN,0.5000203847885132,0.6,False,False,False,False,,,[],[],False,12,12,1,,
component-final-10ad51e80000935d29c71786,baseline_reference,Al-Li-V,3,component-final-10ad51e80000935d29c71786:d0000006-c0,6,0,select_for_evaluation,executed,True,,,,,0.5001129508018494,logging_only_entropy_NN,0.5001129508018494,0.6,False,False,False,False,,,[],[],False,14,14,1,,
component-final-10ad51e80000935d29c71786,baseline_reference,Al-Li-V,3,component-final-10ad51e80000935d29c71786:d0000007-c0,7,0,select_for_evaluation,executed,True,,,,,0.5001652836799622,logging_only_entropy_NN,0.5001652836799622,0.6,False,False,False,False,,,[],[],False,16,16,1,,
component-final-10ad51e80000935d29c71786,baseline_reference,Al-Li-V,3,component-final-10ad51e80000935d29c71786:d0000008-c0,8,0,generate_structures,executed,True,,,,,0.5001205205917358,logging_only_entropy_NN,0.5001205205917358,0.6,False,False,False,False,,,[],[],False,20,,1,,
component-final-10ad51e80000935d29c71786,baseline_reference,Al-Li-V,3,component-final-10ad51e80000935d29c71786:d0000009-c0,9,0,select_for_evaluation,executed,True,,,,,0.5000454187393188,logging_only_entropy_NN,0.5000454187393188,0.6,False,False,False,False,,,[],[],False,20,20,1,,
component-final-10ad51e80000935d29c71786,baseline_reference,Al-Li-V,3,component-final-10ad51e80000935d29c71786:d0000010-c0,10,0,generate_structures,executed,True,,,,,0.5001336336135864,logging_only_entropy_NN,0.5001336336135864,0.6,False,False,False,False,,,[],[],False,28,,1,,
component-final-10ad51e80000935d29c71786,baseline_reference,Al-Li-V,3,component-final-10ad51e80000935d29c71786:d0000011-c0,11,0,score_buffer,executed,True,,,,,0.49992215633392334,logging_only_entropy_NN,0.49992215633392334,0.6,False,False,False,False,,,[],[],False,28,,1,,
component-final-10ad51e80000935d29c71786,baseline_reference,Al-Li-V,3,component-final-10ad51e80000935d29c71786:d0000012-c0,12,0,select_for_evaluation,executed,True,,,,,0.5001476407051086,logging_only_entropy_NN,0.5001476407051086,0.6,False,False,False,False,,,[],[],False,28,,1,Select an existing buffer composition.,
component-final-10ad51e80000935d29c71786,baseline_reference,Al-Li-V,3,component-final-10ad51e80000935d29c71786:d0000013-c0,13,0,select_for_evaluation,executed,True,,,,,0.4998568594455719,logging_only_entropy_NN,0.4998568594455719,0.6,False,False,False,False,,,[],[],False,28,28,1,,
component-final-10ad51e80000935d29c71786,baseline_reference,Al-Li-V,3,component-final-10ad51e80000935d29c71786:d0000014-c0,14,0,generate_structures,executed,True,,,,,0.4999982714653015,logging_only_entropy_NN,0.4999982714653015,0.6,False,False,False,False,,,[],[],False,36,,0,,
component-final-10ad51e80000935d29c71786,baseline_reference,Al-Li-V,3,component-final-10ad51e80000935d29c71786:d0000015-c0,15,0,select_for_evaluation,executed,True,,,,,0.499920129776001,logging_only_entropy_NN,0.499920129776001,0.6,False,False,False,False,,,[],[],False,36,,0,The selected hash is not in this composition buffer.,
component-final-10ad51e80000935d29c71786,baseline_reference,Al-Li-V,3,component-final-10ad51e80000935d29c71786:d0000016-c0,16,0,generate_structures,executed,True,,,,,0.49998557567596436,logging_only_entropy_NN,0.49998557567596436,0.6,False,False,False,False,,,[],[],False,36,,0,,
component-final-10ad51e80000935d29c71786,baseline_reference,Al-Li-V,3,component-final-10ad51e80000935d29c71786:d0000017-c0,17,0,select_for_evaluation,executed,True,,,,,0.5000438094139099,logging_only_entropy_NN,0.5000438094139099,0.6,False,False,False,False,,,[],[],False,36,36,0,,
component-final-10ad51e80000935d29c71786,baseline_reference,Al-Li-V,3,component-final-10ad51e80000935d29c71786:d0000018-c0,18,0,score_buffer,executed,True,,,,,0.5004435181617737,logging_only_entropy_NN,0.5004435181617737,0.6,False,False,False,False,,,[],[],False,40,,0,,
component-final-10ad51e80000935d29c71786,baseline_reference,Al-Li-V,3,component-final-10ad51e80000935d29c71786:d0000019-c0,19,0,select_for_evaluation,executed,True,,,,,0.49993300437927246,logging_only_entropy_NN,0.49993300437927246,0.6,False,False,False,False,,,[],[],False,40,40,0,,
component-final-10ad51e80000935d29c71786,baseline_reference,Al-Li-V,3,component-final-10ad51e80000935d29c71786:d0000020-c0,20,0,score_buffer,executed,True,,,,,0.5002350807189941,logging_only_entropy_NN,0.5002350807189941,0.6,False,False,False,False,,,[],[],False,44,,1,,
component-final-10ad51e80000935d29c71786,baseline_reference,Al-Li-V,3,component-final-10ad51e80000935d29c71786:d0000021-c0,21,0,select_for_evaluation,executed,True,,,,,0.4999094307422638,logging_only_entropy_NN,0.4999094307422638,0.6,False,False,False,False,,,[],[],False,44,44,1,,
component-final-a51d66c7e21ca9788f45a008,baseline_reference,Al-Li-V,4,component-final-a51d66c7e21ca9788f45a008:d0000000-c0,0,0,generate_structures,executed,True,,,,,0.500152587890625,logging_only_entropy_NN,0.500152587890625,0.6,False,False,False,False,,,[],[],False,4,,1,,
component-final-a51d66c7e21ca9788f45a008,baseline_reference,Al-Li-V,4,component-final-a51d66c7e21ca9788f45a008:d0000001-c0,1,0,select_for_evaluation,executed,True,,,,,0.5000289082527161,logging_only_entropy_NN,0.5000289082527161,0.6,False,False,False,False,,,[],[],False,4,4,1,,
component-final-a51d66c7e21ca9788f45a008,baseline_reference,Al-Li-V,4,component-final-a51d66c7e21ca9788f45a008:d0000002-c0,2,0,select_for_evaluation,executed,True,,,,,0.5004918575286865,logging_only_entropy_NN,0.5004918575286865,0.6,False,False,False,False,,,[],[],False,8,,1,Select an existing buffer composition.,
component-final-a51d66c7e21ca9788f45a008,baseline_reference,Al-Li-V,4,component-final-a51d66c7e21ca9788f45a008:d0000003-c0,3,0,select_for_evaluation,executed,True,,,,,0.4999648332595825,logging_only_entropy_NN,0.4999648332595825,0.6,False,False,False,False,,,[],[],False,8,8,1,,
component-final-a51d66c7e21ca9788f45a008,baseline_reference,Al-Li-V,4,component-final-a51d66c7e21ca9788f45a008:d0000004-c0,4,0,select_for_evaluation,executed,True,,,,,0.5000084042549133,logging_only_entropy_NN,0.5000084042549133,0.6,False,False,False,False,,,[],[],False,10,10,0,,
component-final-a51d66c7e21ca9788f45a008,baseline_reference,Al-Li-V,4,component-final-a51d66c7e21ca9788f45a008:d0000005-c0,5,0,select_for_evaluation,executed,True,,,,,0.4999549388885498,logging_only_entropy_NN,0.4999549388885498,0.6,False,False,False,False,,,[],[],False,12,12,1,,
component-final-a51d66c7e21ca9788f45a008,baseline_reference,Al-Li-V,4,component-final-a51d66c7e21ca9788f45a008:d0000006-c0,6,0,generate_structures,executed,True,,,,,0.4999616742134094,logging_only_entropy_NN,0.4999616742134094,0.6,False,False,False,False,,,[],[],False,16,,1,,
component-final-a51d66c7e21ca9788f45a008,baseline_reference,Al-Li-V,4,component-final-a51d66c7e21ca9788f45a008:d0000007-c0,7,0,select_for_evaluation,executed,True,,,,,0.5000207424163818,logging_only_entropy_NN,0.5000207424163818,0.6,False,False,False,False,,,[],[],False,16,16,1,,
component-final-a51d66c7e21ca9788f45a008,baseline_reference,Al-Li-V,4,component-final-a51d66c7e21ca9788f45a008:d0000008-c0,8,0,select_for_evaluation,executed,True,,,,,0.50002121925354,logging_only_entropy_NN,0.50002121925354,0.6,False,False,False,False,,,[],[],False,18,18,1,,
component-final-a51d66c7e21ca9788f45a008,baseline_reference,Al-Li-V,4,component-final-a51d66c7e21ca9788f45a008:d0000009-c0,9,0,select_for_evaluation,executed,True,,,,,0.5001416802406311,logging_only_entropy_NN,0.5001416802406311,0.6,False,False,False,False,,,[],[],False,20,20,1,,
component-final-a51d66c7e21ca9788f45a008,baseline_reference,Al-Li-V,4,component-final-a51d66c7e21ca9788f45a008:d0000010-c0,10,0,select_for_evaluation,executed,True,,,,,0.5004101395606995,logging_only_entropy_NN,0.5004101395606995,0.6,False,False,False,False,,,[],[],False,22,22,1,,
component-final-a51d66c7e21ca9788f45a008,baseline_reference,Al-Li-V,4,component-final-a51d66c7e21ca9788f45a008:d0000011-c0,11,0,select_for_evaluation,executed,True,,,,,0.49999481439590454,logging_only_entropy_NN,0.49999481439590454,0.6,False,False,False,False,,,[],[],False,24,24,1,,
component-final-a51d66c7e21ca9788f45a008,baseline_reference,Al-Li-V,4,component-final-a51d66c7e21ca9788f45a008:d0000012-c0,12,0,select_for_evaluation,executed,True,,,,,0.5000314712524414,logging_only_entropy_NN,0.5000314712524414,0.6,False,False,False,False,,,[],[],False,26,26,1,,
component-final-50555fb4776e15c94b4beec9,baseline_reference,Al-V-Zn,2,component-final-50555fb4776e15c94b4beec9:d0000000-c0,0,0,,rejected_not_executed,False,,,,,,forced_generation_invalid_not_scalar_NN,1.0,0.6,False,,False,False,,,[],[],True,,,,,
component-final-50555fb4776e15c94b4beec9,baseline_reference,Al-V-Zn,2,component-final-50555fb4776e15c94b4beec9:d0000000-c1,0,1,generate_structures,executed,True,,,,,0.500119686126709,logging_only_entropy_NN,0.500119686126709,0.6,False,False,False,False,,,[],[],False,4,,0,,
component-final-50555fb4776e15c94b4beec9,baseline_reference,Al-V-Zn,2,component-final-50555fb4776e15c94b4beec9:d0000001-c0,1,0,select_for_evaluation,executed,True,,,,,0.5003326535224915,logging_only_entropy_NN,0.5003326535224915,0.6,False,False,False,False,,,[],[],False,4,4,0,,
component-final-50555fb4776e15c94b4beec9,baseline_reference,Al-V-Zn,2,component-final-50555fb4776e15c94b4beec9:d0000002-c0,2,0,score_buffer,executed,True,,,,,0.5001338124275208,logging_only_entropy_NN,0.5001338124275208,0.6,False,False,False,False,,,[],[],False,8,,0,,
component-final-50555fb4776e15c94b4beec9,baseline_reference,Al-V-Zn,2,component-final-50555fb4776e15c94b4beec9:d0000003-c0,3,0,select_for_evaluation,executed,True,,,,,0.5000457167625427,logging_only_entropy_NN,0.5000457167625427,0.6,False,False,False,False,,,[],[],False,8,8,0,,
component-final-50555fb4776e15c94b4beec9,baseline_reference,Al-V-Zn,2,component-final-50555fb4776e15c94b4beec9:d0000004-c0,4,0,select_for_evaluation,executed,True,,,,,0.5001618266105652,logging_only_entropy_NN,0.5001618266105652,0.6,False,False,False,False,,,[],[],False,10,10,1,,
component-final-50555fb4776e15c94b4beec9,baseline_reference,Al-V-Zn,2,component-final-50555fb4776e15c94b4beec9:d0000005-c0,5,0,generate_structures,executed,True,,,,,0.5000922679901123,logging_only_entropy_NN,0.5000922679901123,0.6,False,False,False,False,,,[],[],False,16,,0,,
component-final-50555fb4776e15c94b4beec9,baseline_reference,Al-V-Zn,2,component-final-50555fb4776e15c94b4beec9:d0000006-c0,6,0,generate_structures,executed,True,,,,,0.5001211762428284,logging_only_entropy_NN,0.5001211762428284,0.6,False,False,False,False,,,[],[],False,16,,0,,
component-final-50555fb4776e15c94b4beec9,baseline_reference,Al-V-Zn,2,component-final-50555fb4776e15c94b4beec9:d0000007-c0,7,0,select_for_evaluation,executed,True,,,,,0.5005806684494019,logging_only_entropy_NN,0.5005806684494019,0.6,False,False,False,False,,,[],[],False,16,16,0,,
component-final-50555fb4776e15c94b4beec9,baseline_reference,Al-V-Zn,2,component-final-50555fb4776e15c94b4beec9:d0000008-c0,8,0,select_for_evaluation,executed,True,,,,,0.5001080632209778,logging_only_entropy_NN,0.5001080632209778,0.6,False,False,False,False,,,[],[],False,18,18,1,,
component-final-50555fb4776e15c94b4beec9,baseline_reference,Al-V-Zn,2,component-final-50555fb4776e15c94b4beec9:d0000009-c0,9,0,score_buffer,executed,True,,,,,0.5003882646560669,logging_only_entropy_NN,0.5003882646560669,0.6,False,False,False,False,,,[],[],False,22,,1,,
component-final-50555fb4776e15c94b4beec9,baseline_reference,Al-V-Zn,2,component-final-50555fb4776e15c94b4beec9:d0000010-c0,10,0,select_for_evaluation,executed,True,,,,,0.5000562071800232,logging_only_entropy_NN,0.5000562071800232,0.6,False,False,False,False,,,[],[],False,22,22,1,,
component-final-50555fb4776e15c94b4beec9,baseline_reference,Al-V-Zn,2,component-final-50555fb4776e15c94b4beec9:d0000011-c0,11,0,generate_structures,executed,True,,,,,0.5000287294387817,logging_only_entropy_NN,0.5000287294387817,0.6,False,False,False,False,,,[],[],False,26,,1,,
component-final-50555fb4776e15c94b4beec9,baseline_reference,Al-V-Zn,2,component-final-50555fb4776e15c94b4beec9:d0000012-c0,12,0,select_for_evaluation,executed,True,,,,,0.5001132488250732,logging_only_entropy_NN,0.5001132488250732,0.6,False,False,False,False,,,[],[],False,26,26,1,,
component-final-50555fb4776e15c94b4beec9,baseline_reference,Al-V-Zn,2,component-final-50555fb4776e15c94b4beec9:d0000013-c0,13,0,generate_structures,executed,True,,,,,0.49994099140167236,logging_only_entropy_NN,0.49994099140167236,0.6,False,False,False,False,,,[],[],False,30,,1,,
component-final-50555fb4776e15c94b4beec9,baseline_reference,Al-V-Zn,2,component-final-50555fb4776e15c94b4beec9:d0000014-c0,14,0,select_for_evaluation,executed,True,,,,,0.499936580657959,logging_only_entropy_NN,0.499936580657959,0.6,False,False,False,False,,,[],[],False,30,30,1,,
component-final-50555fb4776e15c94b4beec9,baseline_reference,Al-V-Zn,2,component-final-50555fb4776e15c94b4beec9:d0000015-c0,15,0,select_for_evaluation,executed,True,,,,,0.5000724196434021,logging_only_entropy_NN,0.5000724196434021,0.6,False,False,False,False,,,[],[],False,34,,0,The selected hash is not in this composition buffer.,
component-final-50555fb4776e15c94b4beec9,baseline_reference,Al-V-Zn,2,component-final-50555fb4776e15c94b4beec9:d0000016-c0,16,0,select_for_evaluation,executed,True,,,,,0.4999591112136841,logging_only_entropy_NN,0.4999591112136841,0.6,False,False,False,False,,,[],[],False,34,34,0,,
component-final-50555fb4776e15c94b4beec9,baseline_reference,Al-V-Zn,2,component-final-50555fb4776e15c94b4beec9:d0000017-c0,17,0,generate_structures,executed,True,,,,,0.4999050199985504,logging_only_entropy_NN,0.4999050199985504,0.6,False,False,False,False,,,[],[],False,38,,0,,
component-final-50555fb4776e15c94b4beec9,baseline_reference,Al-V-Zn,2,component-final-50555fb4776e15c94b4beec9:d0000018-c0,18,0,select_for_evaluation,executed,True,,,,,0.4998779594898224,logging_only_entropy_NN,0.4998779594898224,0.6,False,False,False,False,,,[],[],False,38,38,0,,
component-final-52aa59f42080e58cda2f64b0,baseline_reference,Al-V-Zn,3,component-final-52aa59f42080e58cda2f64b0:d0000000-c0,0,0,,rejected_not_executed,False,,,,,,forced_generation_invalid_not_scalar_NN,1.0,0.6,False,,False,False,,,[],[],True,,,,,
component-final-52aa59f42080e58cda2f64b0,baseline_reference,Al-V-Zn,3,component-final-52aa59f42080e58cda2f64b0:d0000000-c1,0,1,list_compositions,executed,True,,,,,0.49985942244529724,logging_only_entropy_NN,0.49985942244529724,0.6,False,False,False,False,,,[],[],False,6,,0,,
component-final-52aa59f42080e58cda2f64b0,baseline_reference,Al-V-Zn,3,component-final-52aa59f42080e58cda2f64b0:d0000001-c0,1,0,generate_structures,executed,True,,,,,0.49999457597732544,logging_only_entropy_NN,0.49999457597732544,0.6,False,False,False,False,,,[],[],False,6,,0,,
component-final-52aa59f42080e58cda2f64b0,baseline_reference,Al-V-Zn,3,component-final-52aa59f42080e58cda2f64b0:d0000002-c0,2,0,select_for_evaluation,executed,True,,,,,0.49999797344207764,logging_only_entropy_NN,0.49999797344207764,0.6,False,False,False,False,,,[],[],False,6,6,0,,
component-final-52aa59f42080e58cda2f64b0,baseline_reference,Al-V-Zn,3,component-final-52aa59f42080e58cda2f64b0:d0000003-c0,3,0,generate_structures,executed,True,,,,,0.5001968741416931,logging_only_entropy_NN,0.5001968741416931,0.6,False,False,False,False,,,[],[],False,10,,0,,
component-final-52aa59f42080e58cda2f64b0,baseline_reference,Al-V-Zn,3,component-final-52aa59f42080e58cda2f64b0:d0000004-c0,4,0,select_for_evaluation,executed,True,,,,,0.500066876411438,logging_only_entropy_NN,0.500066876411438,0.6,False,False,False,False,,,[],[],False,10,10,0,,
component-final-52aa59f42080e58cda2f64b0,baseline_reference,Al-V-Zn,3,component-final-52aa59f42080e58cda2f64b0:d0000005-c0,5,0,select_for_evaluation,executed,True,,,,,0.5001139640808105,logging_only_entropy_NN,0.5001139640808105,0.6,False,False,False,False,,,[],[],False,12,12,0,,
component-final-52aa59f42080e58cda2f64b0,baseline_reference,Al-V-Zn,3,component-final-52aa59f42080e58cda2f64b0:d0000006-c0,6,0,generate_structures,executed,True,,,,,0.49999845027923584,logging_only_entropy_NN,0.49999845027923584,0.6,False,False,False,False,,,[],[],False,18,,1,,
component-final-52aa59f42080e58cda2f64b0,baseline_reference,Al-V-Zn,3,component-final-52aa59f42080e58cda2f64b0:d0000007-c0,7,0,generate_structures,executed,True,,,,,0.5000801086425781,logging_only_entropy_NN,0.5000801086425781,0.6,False,False,False,False,,,[],[],False,18,,1,,
component-final-52aa59f42080e58cda2f64b0,baseline_reference,Al-V-Zn,3,component-final-52aa59f42080e58cda2f64b0:d0000008-c0,8,0,select_for_evaluation,executed,True,,,,,0.5002878904342651,logging_only_entropy_NN,0.5002878904342651,0.6,False,False,False,False,,,[],[],False,18,18,1,,
component-final-52aa59f42080e58cda2f64b0,baseline_reference,Al-V-Zn,3,component-final-52aa59f42080e58cda2f64b0:d0000009-c0,9,0,select_for_evaluation,executed,True,,,,,0.5000573992729187,logging_only_entropy_NN,0.5000573992729187,0.6,False,False,False,False,,,[],[],False,20,20,0,,
component-final-52aa59f42080e58cda2f64b0,baseline_reference,Al-V-Zn,3,component-final-52aa59f42080e58cda2f64b0:d0000010-c0,10,0,generate_structures,executed,True,,,,,0.500169575214386,logging_only_entropy_NN,0.500169575214386,0.6,False,False,False,False,,,[],[],False,26,,1,,
component-final-52aa59f42080e58cda2f64b0,baseline_reference,Al-V-Zn,3,component-final-52aa59f42080e58cda2f64b0:d0000011-c0,11,0,select_for_evaluation,executed,True,,,,,0.4998947083950043,logging_only_entropy_NN,0.4998947083950043,0.6,False,False,False,False,,,[],[],False,26,,1,Select an existing buffer composition.,
component-final-52aa59f42080e58cda2f64b0,baseline_reference,Al-V-Zn,3,component-final-52aa59f42080e58cda2f64b0:d0000012-c0,12,0,,rejected_not_executed,False,,,,,,forced_generation_invalid_not_scalar_NN,1.0,0.6,False,,False,False,,,[],[],True,,,,,
component-final-52aa59f42080e58cda2f64b0,baseline_reference,Al-V-Zn,3,component-final-52aa59f42080e58cda2f64b0:d0000012-c1,12,1,select_for_evaluation,executed,True,,,,,0.5000234842300415,logging_only_entropy_NN,0.5000234842300415,0.6,False,False,False,False,,,[],[],False,26,26,1,,
component-final-52aa59f42080e58cda2f64b0,baseline_reference,Al-V-Zn,3,component-final-52aa59f42080e58cda2f64b0:d0000013-c0,13,0,select_for_evaluation,executed,True,,,,,0.49998939037323,logging_only_entropy_NN,0.49998939037323,0.6,False,False,False,False,,,[],[],False,28,28,0,,
component-final-52aa59f42080e58cda2f64b0,baseline_reference,Al-V-Zn,3,component-final-52aa59f42080e58cda2f64b0:d0000014-c0,14,0,select_for_evaluation,executed,True,,,,,0.5000734925270081,logging_only_entropy_NN,0.5000734925270081,0.6,False,False,False,False,,,[],[],False,30,30,1,,
component-final-52aa59f42080e58cda2f64b0,baseline_reference,Al-V-Zn,3,component-final-52aa59f42080e58cda2f64b0:d0000015-c0,15,0,select_for_evaluation,executed,True,,,,,0.5000889301300049,logging_only_entropy_NN,0.5000889301300049,0.6,False,False,False,False,,,[],[],False,32,32,1,,
component-final-52aa59f42080e58cda2f64b0,baseline_reference,Al-V-Zn,3,component-final-52aa59f42080e58cda2f64b0:d0000016-c0,16,0,generate_structures,executed,True,,,,,0.5001009702682495,logging_only_entropy_NN,0.5001009702682495,0.6,False,False,False,False,,,[],[],False,42,,1,,
component-final-52aa59f42080e58cda2f64b0,baseline_reference,Al-V-Zn,3,component-final-52aa59f42080e58cda2f64b0:d0000017-c0,17,0,select_for_evaluation,executed,True,,,,,0.49997401237487793,logging_only_entropy_NN,0.49997401237487793,0.6,False,False,False,False,,,[],[],False,42,,1,The selected hash is not in this composition buffer.,
component-final-52aa59f42080e58cda2f64b0,baseline_reference,Al-V-Zn,3,component-final-52aa59f42080e58cda2f64b0:d0000018-c0,18,0,score_buffer,executed,True,,,,,0.5001974105834961,logging_only_entropy_NN,0.5001974105834961,0.6,False,False,False,False,,,[],[],False,42,,1,,
component-final-52aa59f42080e58cda2f64b0,baseline_reference,Al-V-Zn,3,component-final-52aa59f42080e58cda2f64b0:d0000019-c0,19,0,generate_structures,executed,True,,,,,0.5000863075256348,logging_only_entropy_NN,0.5000863075256348,0.6,False,False,False,False,,,[],[],False,42,,1,,
component-final-52aa59f42080e58cda2f64b0,baseline_reference,Al-V-Zn,3,component-final-52aa59f42080e58cda2f64b0:d0000020-c0,20,0,select_for_evaluation,executed,True,,,,,0.5002657771110535,logging_only_entropy_NN,0.5002657771110535,0.6,False,False,False,False,,,[],[],False,42,42,1,,
component-final-70adf56898316f73ea4720ab,baseline_reference,Al-V-Zn,4,component-final-70adf56898316f73ea4720ab:d0000000-c0,0,0,generate_structures,executed,True,,,,,0.5001713037490845,logging_only_entropy_NN,0.5001713037490845,0.6,False,False,False,False,,,[],[],False,4,,0,,
component-final-70adf56898316f73ea4720ab,baseline_reference,Al-V-Zn,4,component-final-70adf56898316f73ea4720ab:d0000001-c0,1,0,select_for_evaluation,executed,True,,,,,0.5001828074455261,logging_only_entropy_NN,0.5001828074455261,0.6,False,False,False,False,,,[],[],False,4,4,0,,
component-final-70adf56898316f73ea4720ab,baseline_reference,Al-V-Zn,4,component-final-70adf56898316f73ea4720ab:d0000002-c0,2,0,generate_structures,executed,True,,,,,0.49997103214263916,logging_only_entropy_NN,0.49997103214263916,0.6,False,False,False,False,,,[],[],False,12,,0,,
component-final-70adf56898316f73ea4720ab,baseline_reference,Al-V-Zn,4,component-final-70adf56898316f73ea4720ab:d0000003-c0,3,0,select_for_evaluation,executed,True,,,,,0.5000381469726562,logging_only_entropy_NN,0.5000381469726562,0.6,False,False,False,False,,,[],[],False,12,,0,Select an existing buffer composition.,
component-final-70adf56898316f73ea4720ab,baseline_reference,Al-V-Zn,4,component-final-70adf56898316f73ea4720ab:d0000004-c0,4,0,generate_structures,executed,True,,,,,0.5000594258308411,logging_only_entropy_NN,0.5000594258308411,0.6,False,False,False,False,,,[],[],False,12,,0,,
component-final-70adf56898316f73ea4720ab,baseline_reference,Al-V-Zn,4,component-final-70adf56898316f73ea4720ab:d0000005-c0,5,0,select_for_evaluation,executed,True,,,,,0.5000354051589966,logging_only_entropy_NN,0.5000354051589966,0.6,False,False,False,False,,,[],[],False,12,12,0,,
component-final-70adf56898316f73ea4720ab,baseline_reference,Al-V-Zn,4,component-final-70adf56898316f73ea4720ab:d0000006-c0,6,0,generate_structures,executed,True,,,,,0.500159740447998,logging_only_entropy_NN,0.500159740447998,0.6,False,False,False,False,,,[],[],False,16,,0,,
component-final-70adf56898316f73ea4720ab,baseline_reference,Al-V-Zn,4,component-final-70adf56898316f73ea4720ab:d0000007-c0,7,0,select_for_evaluation,executed,True,,,,,0.500095546245575,logging_only_entropy_NN,0.500095546245575,0.6,False,False,False,False,,,[],[],False,16,16,0,,
component-final-70adf56898316f73ea4720ab,baseline_reference,Al-V-Zn,4,component-final-70adf56898316f73ea4720ab:d0000008-c0,8,0,select_for_evaluation,executed,True,,,,,0.5000980496406555,logging_only_entropy_NN,0.5000980496406555,0.6,False,False,False,False,,,[],[],False,18,18,1,,
component-final-70adf56898316f73ea4720ab,baseline_reference,Al-V-Zn,4,component-final-70adf56898316f73ea4720ab:d0000009-c0,9,0,select_for_evaluation,executed,True,,,,,0.5000760555267334,logging_only_entropy_NN,0.5000760555267334,0.6,False,False,False,False,,,[],[],False,20,20,1,,
component-final-70adf56898316f73ea4720ab,baseline_reference,Al-V-Zn,4,component-final-70adf56898316f73ea4720ab:d0000010-c0,10,0,select_for_evaluation,executed,True,,,,,0.5000703930854797,logging_only_entropy_NN,0.5000703930854797,0.6,False,False,False,False,,,[],[],False,22,22,1,,
component-final-70adf56898316f73ea4720ab,baseline_reference,Al-V-Zn,4,component-final-70adf56898316f73ea4720ab:d0000011-c0,11,0,select_for_evaluation,executed,True,,,,,0.5000463724136353,logging_only_entropy_NN,0.5000463724136353,0.6,False,False,False,False,,,[],[],False,24,24,0,,
component-final-70adf56898316f73ea4720ab,baseline_reference,Al-V-Zn,4,component-final-70adf56898316f73ea4720ab:d0000012-c0,12,0,select_for_evaluation,executed,True,,,,,0.5000655651092529,logging_only_entropy_NN,0.5000655651092529,0.6,False,False,False,False,,,[],[],False,26,26,0,,
component-final-70adf56898316f73ea4720ab,baseline_reference,Al-V-Zn,4,component-final-70adf56898316f73ea4720ab:d0000013-c0,13,0,select_for_evaluation,executed,True,,,,,0.5002589821815491,logging_only_entropy_NN,0.5002589821815491,0.6,False,False,False,False,,,[],[],False,28,28,0,,
component-final-70adf56898316f73ea4720ab,baseline_reference,Al-V-Zn,4,component-final-70adf56898316f73ea4720ab:d0000014-c0,14,0,generate_structures,executed,True,,,,,0.5000565052032471,logging_only_entropy_NN,0.5000565052032471,0.6,False,False,False,False,,,[],[],False,32,,1,,
component-final-70adf56898316f73ea4720ab,baseline_reference,Al-V-Zn,4,component-final-70adf56898316f73ea4720ab:d0000015-c0,15,0,select_for_evaluation,executed,True,,,,,0.4999057352542877,logging_only_entropy_NN,0.4999057352542877,0.6,False,False,False,False,,,[],[],False,32,32,1,,
component-final-829f81d1c8b6dff9869aa711,baseline_reference,Au-K-Tb,2,component-final-829f81d1c8b6dff9869aa711:d0000000-c0,0,0,generate_structures,executed,True,,,,,0.5003523826599121,logging_only_entropy_NN,0.5003523826599121,0.6,False,False,False,False,,,[],[],False,4,,1,,
component-final-829f81d1c8b6dff9869aa711,baseline_reference,Au-K-Tb,2,component-final-829f81d1c8b6dff9869aa711:d0000001-c0,1,0,select_for_evaluation,executed,True,,,,,0.4999713897705078,logging_only_entropy_NN,0.4999713897705078,0.6,False,False,False,False,,,[],[],False,4,4,1,,
component-final-829f81d1c8b6dff9869aa711,baseline_reference,Au-K-Tb,2,component-final-829f81d1c8b6dff9869aa711:d0000002-c0,2,0,score_buffer,executed,True,,,,,0.5000827312469482,logging_only_entropy_NN,0.5000827312469482,0.6,False,False,False,False,,,[],[],False,8,,1,,
component-final-829f81d1c8b6dff9869aa711,baseline_reference,Au-K-Tb,2,component-final-829f81d1c8b6dff9869aa711:d0000003-c0,3,0,select_for_evaluation,executed,True,,,,,0.49998652935028076,logging_only_entropy_NN,0.49998652935028076,0.6,False,False,False,False,,,[],[],False,8,8,1,,
component-final-829f81d1c8b6dff9869aa711,baseline_reference,Au-K-Tb,2,component-final-829f81d1c8b6dff9869aa711:d0000004-c0,4,0,select_for_evaluation,executed,True,,,,,0.5000783801078796,logging_only_entropy_NN,0.5000783801078796,0.6,False,False,False,False,,,[],[],False,10,10,1,,
component-final-829f81d1c8b6dff9869aa711,baseline_reference,Au-K-Tb,2,component-final-829f81d1c8b6dff9869aa711:d0000005-c0,5,0,select_for_evaluation,executed,True,,,,,0.5000118017196655,logging_only_entropy_NN,0.5000118017196655,0.6,False,False,False,False,,,[],[],False,12,12,0,,
component-final-829f81d1c8b6dff9869aa711,baseline_reference,Au-K-Tb,2,component-final-829f81d1c8b6dff9869aa711:d0000006-c0,6,0,generate_structures,executed,True,,,,,0.5001960396766663,logging_only_entropy_NN,0.5001960396766663,0.6,False,False,False,False,,,[],[],False,16,,1,,
component-final-829f81d1c8b6dff9869aa711,baseline_reference,Au-K-Tb,2,component-final-829f81d1c8b6dff9869aa711:d0000007-c0,7,0,select_for_evaluation,executed,True,,,,,0.500206708908081,logging_only_entropy_NN,0.500206708908081,0.6,False,False,False,False,,,[],[],False,16,16,1,,
component-final-829f81d1c8b6dff9869aa711,baseline_reference,Au-K-Tb,2,component-final-829f81d1c8b6dff9869aa711:d0000008-c0,8,0,score_buffer,executed,True,,,,,0.5001940131187439,logging_only_entropy_NN,0.5001940131187439,0.6,False,False,False,False,,,[],[],False,20,,1,,
component-final-829f81d1c8b6dff9869aa711,baseline_reference,Au-K-Tb,2,component-final-829f81d1c8b6dff9869aa711:d0000009-c0,9,0,select_for_evaluation,executed,True,,,,,0.5000415444374084,logging_only_entropy_NN,0.5000415444374084,0.6,False,False,False,False,,,[],[],False,20,20,1,,
component-final-829f81d1c8b6dff9869aa711,baseline_reference,Au-K-Tb,2,component-final-829f81d1c8b6dff9869aa711:d0000010-c0,10,0,select_for_evaluation,executed,True,,,,,0.5001081824302673,logging_only_entropy_NN,0.5001081824302673,0.6,False,False,False,False,,,[],[],False,26,,0,The selected hash is not in this composition buffer.,
component-final-829f81d1c8b6dff9869aa711,baseline_reference,Au-K-Tb,2,component-final-829f81d1c8b6dff9869aa711:d0000011-c0,11,0,generate_structures,executed,True,,,,,0.5001806616783142,logging_only_entropy_NN,0.5001806616783142,0.6,False,False,False,False,,,[],[],False,26,,0,,
component-final-829f81d1c8b6dff9869aa711,baseline_reference,Au-K-Tb,2,component-final-829f81d1c8b6dff9869aa711:d0000012-c0,12,0,select_for_evaluation,executed,True,,,,,0.5000450015068054,logging_only_entropy_NN,0.5000450015068054,0.6,False,False,False,False,,,[],[],False,26,26,0,,
component-final-829f81d1c8b6dff9869aa711,baseline_reference,Au-K-Tb,2,component-final-829f81d1c8b6dff9869aa711:d0000013-c0,13,0,select_for_evaluation,executed,True,,,,,0.5000762939453125,logging_only_entropy_NN,0.5000762939453125,0.6,False,False,False,False,,,[],[],False,28,28,0,,
component-final-829f81d1c8b6dff9869aa711,baseline_reference,Au-K-Tb,2,component-final-829f81d1c8b6dff9869aa711:d0000014-c0,14,0,,rejected_not_executed,False,,,,,,forced_generation_invalid_not_scalar_NN,1.0,0.6,False,,False,False,,,[],[],True,,,,,
component-final-829f81d1c8b6dff9869aa711,baseline_reference,Au-K-Tb,2,component-final-829f81d1c8b6dff9869aa711:d0000014-c1,14,1,score_buffer,executed,True,,,,,0.5001125931739807,logging_only_entropy_NN,0.5001125931739807,0.6,False,False,False,False,,,[],[],False,32,,1,,
component-final-829f81d1c8b6dff9869aa711,baseline_reference,Au-K-Tb,2,component-final-829f81d1c8b6dff9869aa711:d0000015-c0,15,0,select_for_evaluation,executed,True,,,,,0.49994349479675293,logging_only_entropy_NN,0.49994349479675293,0.6,False,False,False,False,,,[],[],False,32,32,1,,
component-final-829f81d1c8b6dff9869aa711,baseline_reference,Au-K-Tb,2,component-final-829f81d1c8b6dff9869aa711:d0000016-c0,16,0,select_for_evaluation,executed,True,,,,,0.49995923042297363,logging_only_entropy_NN,0.49995923042297363,0.6,False,False,False,False,,,[],[],False,34,34,0,,
component-final-57ec2ac8f1ba4127bcccc073,baseline_reference,Au-K-Tb,3,component-final-57ec2ac8f1ba4127bcccc073:d0000000-c0,0,0,generate_structures,executed,True,,,,,0.5000336170196533,logging_only_entropy_NN,0.5000336170196533,0.6,False,False,False,False,,,[],[],False,4,,1,,
component-final-57ec2ac8f1ba4127bcccc073,baseline_reference,Au-K-Tb,3,component-final-57ec2ac8f1ba4127bcccc073:d0000001-c0,1,0,select_for_evaluation,executed,True,,,,,0.5000120401382446,logging_only_entropy_NN,0.5000120401382446,0.6,False,False,False,False,,,[],[],False,4,4,1,,
component-final-57ec2ac8f1ba4127bcccc073,baseline_reference,Au-K-Tb,3,component-final-57ec2ac8f1ba4127bcccc073:d0000002-c0,2,0,generate_structures,executed,True,,,,,0.5000350475311279,logging_only_entropy_NN,0.5000350475311279,0.6,False,False,False,False,,,[],[],False,10,,1,,
component-final-57ec2ac8f1ba4127bcccc073,baseline_reference,Au-K-Tb,3,component-final-57ec2ac8f1ba4127bcccc073:d0000003-c0,3,0,generate_structures,executed,True,,,,,0.5002585649490356,logging_only_entropy_NN,0.5002585649490356,0.6,False,False,False,False,,,[],[],False,10,,1,,
component-final-57ec2ac8f1ba4127bcccc073,baseline_reference,Au-K-Tb,3,component-final-57ec2ac8f1ba4127bcccc073:d0000004-c0,4,0,select_for_evaluation,executed,True,,,,,0.5000144839286804,logging_only_entropy_NN,0.5000144839286804,0.6,False,False,False,False,,,[],[],False,10,10,1,,
component-final-57ec2ac8f1ba4127bcccc073,baseline_reference,Au-K-Tb,3,component-final-57ec2ac8f1ba4127bcccc073:d0000005-c0,5,0,select_for_evaluation,executed,True,,,,,0.5001000761985779,logging_only_entropy_NN,0.5001000761985779,0.6,False,False,False,False,,,[],[],False,14,,1,The selected hash is not in this composition buffer.,
component-final-57ec2ac8f1ba4127bcccc073,baseline_reference,Au-K-Tb,3,component-final-57ec2ac8f1ba4127bcccc073:d0000006-c0,6,0,select_for_evaluation,executed,True,,,,,0.5000084638595581,logging_only_entropy_NN,0.5000084638595581,0.6,False,False,False,False,,,[],[],False,14,14,1,,
component-final-57ec2ac8f1ba4127bcccc073,baseline_reference,Au-K-Tb,3,component-final-57ec2ac8f1ba4127bcccc073:d0000007-c0,7,0,generate_structures,executed,True,,,,,0.5001309514045715,logging_only_entropy_NN,0.5001309514045715,0.6,False,False,False,False,,,[],[],False,26,,1,,
component-final-57ec2ac8f1ba4127bcccc073,baseline_reference,Au-K-Tb,3,component-final-57ec2ac8f1ba4127bcccc073:d0000008-c0,8,0,generate_structures,executed,True,,,,,0.499991774559021,logging_only_entropy_NN,0.499991774559021,0.6,False,False,False,False,,,[],[],False,26,,1,,
component-final-57ec2ac8f1ba4127bcccc073,baseline_reference,Au-K-Tb,3,component-final-57ec2ac8f1ba4127bcccc073:d0000009-c0,9,0,generate_structures,executed,True,,,,,0.500181257724762,logging_only_entropy_NN,0.500181257724762,0.6,False,False,False,False,,,[],[],False,26,,1,,
component-final-57ec2ac8f1ba4127bcccc073,baseline_reference,Au-K-Tb,3,component-final-57ec2ac8f1ba4127bcccc073:d0000010-c0,10,0,generate_structures,executed,True,,,,,0.5001184940338135,logging_only_entropy_NN,0.5001184940338135,0.6,False,False,False,False,,,[],[],False,26,,1,,
component-final-57ec2ac8f1ba4127bcccc073,baseline_reference,Au-K-Tb,3,component-final-57ec2ac8f1ba4127bcccc073:d0000011-c0,11,0,score_buffer,executed,True,,,,,0.49988964200019836,logging_only_entropy_NN,0.49988964200019836,0.6,False,False,False,False,,,[],[],False,26,,1,,
component-final-57ec2ac8f1ba4127bcccc073,baseline_reference,Au-K-Tb,3,component-final-57ec2ac8f1ba4127bcccc073:d0000012-c0,12,0,select_for_evaluation,executed,True,,,,,0.5000009536743164,logging_only_entropy_NN,0.5000009536743164,0.6,False,False,False,False,,,[],[],False,26,26,1,,
component-final-57ec2ac8f1ba4127bcccc073,baseline_reference,Au-K-Tb,3,component-final-57ec2ac8f1ba4127bcccc073:d0000013-c0,13,0,select_for_evaluation,executed,True,,,,,0.4999772310256958,logging_only_entropy_NN,0.4999772310256958,0.6,False,False,False,False,,,[],[],False,28,28,1,,
component-final-57ec2ac8f1ba4127bcccc073,baseline_reference,Au-K-Tb,3,component-final-57ec2ac8f1ba4127bcccc073:d0000014-c0,14,0,generate_structures,executed,True,,,,,0.5000649094581604,logging_only_entropy_NN,0.5000649094581604,0.6,False,False,False,False,,,[],[],False,32,,1,,
component-final-57ec2ac8f1ba4127bcccc073,baseline_reference,Au-K-Tb,3,component-final-57ec2ac8f1ba4127bcccc073:d0000015-c0,15,0,select_for_evaluation,executed,True,,,,,0.4999709129333496,logging_only_entropy_NN,0.4999709129333496,0.6,False,False,False,False,,,[],[],False,32,32,1,,
component-final-57ec2ac8f1ba4127bcccc073,baseline_reference,Au-K-Tb,3,component-final-57ec2ac8f1ba4127bcccc073:d0000016-c0,16,0,generate_structures,executed,True,,,,,0.5001639723777771,logging_only_entropy_NN,0.5001639723777771,0.6,False,False,False,False,,,[],[],False,36,,1,,
component-final-57ec2ac8f1ba4127bcccc073,baseline_reference,Au-K-Tb,3,component-final-57ec2ac8f1ba4127bcccc073:d0000017-c0,17,0,select_for_evaluation,executed,True,,,,,0.4999839663505554,logging_only_entropy_NN,0.4999839663505554,0.6,False,False,False,False,,,[],[],False,36,36,1,,
component-final-57ec2ac8f1ba4127bcccc073,baseline_reference,Au-K-Tb,3,component-final-57ec2ac8f1ba4127bcccc073:d0000018-c0,18,0,score_buffer,executed,True,,,,,0.5000343322753906,logging_only_entropy_NN,0.5000343322753906,0.6,False,False,False,False,,,[],[],False,40,,1,,
component-final-57ec2ac8f1ba4127bcccc073,baseline_reference,Au-K-Tb,3,component-final-57ec2ac8f1ba4127bcccc073:d0000019-c0,19,0,select_for_evaluation,executed,True,,,,,0.49988117814064026,logging_only_entropy_NN,0.49988117814064026,0.6,False,False,False,False,,,[],[],False,40,40,1,,
component-final-57ec2ac8f1ba4127bcccc073,baseline_reference,Au-K-Tb,3,component-final-57ec2ac8f1ba4127bcccc073:d0000020-c0,20,0,score_buffer,executed,True,,,,,0.5004650354385376,logging_only_entropy_NN,0.5004650354385376,0.6,False,False,False,False,,,[],[],False,46,,1,,
component-final-57ec2ac8f1ba4127bcccc073,baseline_reference,Au-K-Tb,3,component-final-57ec2ac8f1ba4127bcccc073:d0000021-c0,21,0,select_for_evaluation,executed,True,,,,,0.5000065565109253,logging_only_entropy_NN,0.5000065565109253,0.6,False,False,False,False,,,[],[],False,46,,1,The selected hash is not in this composition buffer.,
component-final-57ec2ac8f1ba4127bcccc073,baseline_reference,Au-K-Tb,3,component-final-57ec2ac8f1ba4127bcccc073:d0000022-c0,22,0,select_for_evaluation,executed,True,,,,,0.49990811944007874,logging_only_entropy_NN,0.49990811944007874,0.6,False,False,False,False,,,[],[],False,46,46,1,,
component-final-57ec2ac8f1ba4127bcccc073,baseline_reference,Au-K-Tb,3,component-final-57ec2ac8f1ba4127bcccc073:d0000023-c0,23,0,generate_structures,executed,True,,,,,0.5000523924827576,logging_only_entropy_NN,0.5000523924827576,0.6,False,False,False,False,,,[],[],False,62,,1,,
component-final-57ec2ac8f1ba4127bcccc073,baseline_reference,Au-K-Tb,3,component-final-57ec2ac8f1ba4127bcccc073:d0000024-c0,24,0,generate_structures,executed,True,,,,,0.5000485777854919,logging_only_entropy_NN,0.5000485777854919,0.6,False,False,False,False,,,[],[],False,62,,1,,
component-final-57ec2ac8f1ba4127bcccc073,baseline_reference,Au-K-Tb,3,component-final-57ec2ac8f1ba4127bcccc073:d0000025-c0,25,0,generate_structures,executed,True,,,,,0.4999563694000244,logging_only_entropy_NN,0.4999563694000244,0.6,False,False,False,False,,,[],[],False,62,,1,,
component-final-57ec2ac8f1ba4127bcccc073,baseline_reference,Au-K-Tb,3,component-final-57ec2ac8f1ba4127bcccc073:d0000026-c0,26,0,generate_structures,executed,True,,,,,0.5000279545783997,logging_only_entropy_NN,0.5000279545783997,0.6,False,False,False,False,,,[],[],False,62,,1,,
component-final-57ec2ac8f1ba4127bcccc073,baseline_reference,Au-K-Tb,3,component-final-57ec2ac8f1ba4127bcccc073:d0000027-c0,27,0,select_for_evaluation,executed,True,,,,,0.4998474717140198,logging_only_entropy_NN,0.4998474717140198,0.6,False,False,False,False,,,[],[],False,62,,1,The selected hash is not in this composition buffer.,
component-final-57ec2ac8f1ba4127bcccc073,baseline_reference,Au-K-Tb,3,component-final-57ec2ac8f1ba4127bcccc073:d0000028-c0,28,0,query_structures,executed,True,,,,,0.49996745586395264,logging_only_entropy_NN,0.49996745586395264,0.6,False,False,False,False,,,[],[],False,62,,1,unhashable type: 'list',
component-final-57ec2ac8f1ba4127bcccc073,baseline_reference,Au-K-Tb,3,component-final-57ec2ac8f1ba4127bcccc073:d0000029-c0,29,0,query_structures,executed,True,,,,,0.500249981880188,logging_only_entropy_NN,0.500249981880188,0.6,False,False,False,False,,,[],[],False,62,,1,,
component-final-57ec2ac8f1ba4127bcccc073,baseline_reference,Au-K-Tb,3,component-final-57ec2ac8f1ba4127bcccc073:d0000030-c0,30,0,select_for_evaluation,executed,True,,,,,0.499994158744812,logging_only_entropy_NN,0.499994158744812,0.6,False,False,False,False,,,[],[],False,62,62,1,,
component-final-b1999f2e9c20505d5a373485,baseline_reference,Au-K-Tb,4,component-final-b1999f2e9c20505d5a373485:d0000000-c0,0,0,generate_structures,executed,True,,,,,0.5000584721565247,logging_only_entropy_NN,0.5000584721565247,0.6,False,False,False,False,,,[],[],False,4,,1,,
component-final-b1999f2e9c20505d5a373485,baseline_reference,Au-K-Tb,4,component-final-b1999f2e9c20505d5a373485:d0000001-c0,1,0,select_for_evaluation,executed,True,,,,,0.49996304512023926,logging_only_entropy_NN,0.49996304512023926,0.6,False,False,False,False,,,[],[],False,4,4,1,,
component-final-b1999f2e9c20505d5a373485,baseline_reference,Au-K-Tb,4,component-final-b1999f2e9c20505d5a373485:d0000002-c0,2,0,generate_structures,executed,True,,,,,0.5000680088996887,logging_only_entropy_NN,0.5000680088996887,0.6,False,False,False,False,,,[],[],False,8,,1,,
component-final-b1999f2e9c20505d5a373485,baseline_reference,Au-K-Tb,4,component-final-b1999f2e9c20505d5a373485:d0000003-c0,3,0,select_for_evaluation,executed,True,,,,,0.5001399517059326,logging_only_entropy_NN,0.5001399517059326,0.6,False,False,False,False,,,[],[],False,8,8,1,,
component-final-b1999f2e9c20505d5a373485,baseline_reference,Au-K-Tb,4,component-final-b1999f2e9c20505d5a373485:d0000004-c0,4,0,select_for_evaluation,executed,True,,,,,0.500080406665802,logging_only_entropy_NN,0.500080406665802,0.6,False,False,False,False,,,[],[],False,10,10,1,,
component-final-b1999f2e9c20505d5a373485,baseline_reference,Au-K-Tb,4,component-final-b1999f2e9c20505d5a373485:d0000005-c0,5,0,select_for_evaluation,executed,True,,,,,0.49995577335357666,logging_only_entropy_NN,0.49995577335357666,0.6,False,False,False,False,,,[],[],False,12,12,1,,
component-final-b1999f2e9c20505d5a373485,baseline_reference,Au-K-Tb,4,component-final-b1999f2e9c20505d5a373485:d0000006-c0,6,0,select_for_evaluation,executed,True,,,,,0.5000714659690857,logging_only_entropy_NN,0.5000714659690857,0.6,False,False,False,False,,,[],[],False,14,14,1,,
component-final-b1999f2e9c20505d5a373485,baseline_reference,Au-K-Tb,4,component-final-b1999f2e9c20505d5a373485:d0000007-c0,7,0,generate_structures,executed,True,,,,,0.5001280903816223,logging_only_entropy_NN,0.5001280903816223,0.6,False,False,False,False,,,[],[],False,18,,1,,
component-final-b1999f2e9c20505d5a373485,baseline_reference,Au-K-Tb,4,component-final-b1999f2e9c20505d5a373485:d0000008-c0,8,0,select_for_evaluation,executed,True,,,,,0.5000763535499573,logging_only_entropy_NN,0.5000763535499573,0.6,False,False,False,False,,,[],[],False,18,18,1,,
component-final-b1999f2e9c20505d5a373485,baseline_reference,Au-K-Tb,4,component-final-b1999f2e9c20505d5a373485:d0000009-c0,9,0,select_for_evaluation,executed,True,,,,,0.5001017451286316,logging_only_entropy_NN,0.5001017451286316,0.6,False,False,False,False,,,[],[],False,20,20,1,,
component-final-b1999f2e9c20505d5a373485,baseline_reference,Au-K-Tb,4,component-final-b1999f2e9c20505d5a373485:d0000010-c0,10,0,select_for_evaluation,executed,True,,,,,0.5000641942024231,logging_only_entropy_NN,0.5000641942024231,0.6,False,False,False,False,,,[],[],False,22,22,1,,
component-final-b1999f2e9c20505d5a373485,baseline_reference,Au-K-Tb,4,component-final-b1999f2e9c20505d5a373485:d0000011-c0,11,0,select_for_evaluation,executed,True,,,,,0.49995970726013184,logging_only_entropy_NN,0.49995970726013184,0.6,False,False,False,False,,,[],[],False,24,24,1,,
component-final-b1999f2e9c20505d5a373485,baseline_reference,Au-K-Tb,4,component-final-b1999f2e9c20505d5a373485:d0000012-c0,12,0,select_for_evaluation,executed,True,,,,,0.5001493096351624,logging_only_entropy_NN,0.5001493096351624,0.6,False,False,False,False,,,[],[],False,26,26,1,,
component-final-2dce2a3709aad3945727809d,baseline_reference,Co-Dy-W,2,component-final-2dce2a3709aad3945727809d:d0000000-c0,0,0,,rejected_not_executed,False,,,,,,forced_generation_invalid_not_scalar_NN,1.0,0.6,False,,False,False,,,[],[],True,,,,,
component-final-2dce2a3709aad3945727809d,baseline_reference,Co-Dy-W,2,component-final-2dce2a3709aad3945727809d:d0000000-c1,0,1,generate_structures,executed,True,,,,,0.49993789196014404,logging_only_entropy_NN,0.49993789196014404,0.6,False,False,False,False,,,[],[],False,4,,1,,
component-final-2dce2a3709aad3945727809d,baseline_reference,Co-Dy-W,2,component-final-2dce2a3709aad3945727809d:d0000001-c0,1,0,select_for_evaluation,executed,True,,,,,0.5000474452972412,logging_only_entropy_NN,0.5000474452972412,0.6,False,False,False,False,,,[],[],False,4,4,1,,
component-final-2dce2a3709aad3945727809d,baseline_reference,Co-Dy-W,2,component-final-2dce2a3709aad3945727809d:d0000002-c0,2,0,score_buffer,executed,True,,,,,0.5001853108406067,logging_only_entropy_NN,0.5001853108406067,0.6,False,False,False,False,,,[],[],False,8,,1,,
component-final-2dce2a3709aad3945727809d,baseline_reference,Co-Dy-W,2,component-final-2dce2a3709aad3945727809d:d0000003-c0,3,0,select_for_evaluation,executed,True,,,,,0.5000256896018982,logging_only_entropy_NN,0.5000256896018982,0.6,False,False,False,False,,,[],[],False,8,8,1,,
component-final-2dce2a3709aad3945727809d,baseline_reference,Co-Dy-W,2,component-final-2dce2a3709aad3945727809d:d0000004-c0,4,0,select_for_evaluation,executed,True,,,,,0.5000748634338379,logging_only_entropy_NN,0.5000748634338379,0.6,False,False,False,False,,,[],[],False,18,,1,The selected hash is not in this composition buffer.,
component-final-2dce2a3709aad3945727809d,baseline_reference,Co-Dy-W,2,component-final-2dce2a3709aad3945727809d:d0000005-c0,5,0,generate_structures,executed,True,,,,,0.5000220537185669,logging_only_entropy_NN,0.5000220537185669,0.6,False,False,False,False,,,[],[],False,18,,1,,
component-final-2dce2a3709aad3945727809d,baseline_reference,Co-Dy-W,2,component-final-2dce2a3709aad3945727809d:d0000006-c0,6,0,generate_structures,executed,True,,,,,0.5001373291015625,logging_only_entropy_NN,0.5001373291015625,0.6,False,False,False,False,,,[],[],False,18,,1,,
component-final-2dce2a3709aad3945727809d,baseline_reference,Co-Dy-W,2,component-final-2dce2a3709aad3945727809d:d0000007-c0,7,0,score_buffer,executed,True,,,,,0.5001041889190674,logging_only_entropy_NN,0.5001041889190674,0.6,False,False,False,False,,,[],[],False,18,,1,unhashable type: 'list',
component-final-2dce2a3709aad3945727809d,baseline_reference,Co-Dy-W,2,component-final-2dce2a3709aad3945727809d:d0000008-c0,8,0,select_for_evaluation,executed,True,,,,,0.5000891089439392,logging_only_entropy_NN,0.5000891089439392,0.6,False,False,False,False,,,[],[],False,18,18,1,,
component-final-2dce2a3709aad3945727809d,baseline_reference,Co-Dy-W,2,component-final-2dce2a3709aad3945727809d:d0000009-c0,9,0,score_buffer,executed,True,,,,,0.4999946355819702,logging_only_entropy_NN,0.4999946355819702,0.6,False,False,False,False,,,[],[],False,22,,1,,
component-final-2dce2a3709aad3945727809d,baseline_reference,Co-Dy-W,2,component-final-2dce2a3709aad3945727809d:d0000010-c0,10,0,select_for_evaluation,executed,True,,,,,0.5000359416007996,logging_only_entropy_NN,0.5000359416007996,0.6,False,False,False,False,,,[],[],False,22,22,1,,
component-final-2dce2a3709aad3945727809d,baseline_reference,Co-Dy-W,2,component-final-2dce2a3709aad3945727809d:d0000011-c0,11,0,select_for_evaluation,executed,True,,,,,0.5000266432762146,logging_only_entropy_NN,0.5000266432762146,0.6,False,False,False,False,,,[],[],False,24,24,1,,
component-final-2dce2a3709aad3945727809d,baseline_reference,Co-Dy-W,2,component-final-2dce2a3709aad3945727809d:d0000012-c0,12,0,select_for_evaluation,executed,True,,,,,0.5001563429832458,logging_only_entropy_NN,0.5001563429832458,0.6,False,False,False,False,,,[],[],False,26,26,1,,
component-final-2dce2a3709aad3945727809d,baseline_reference,Co-Dy-W,2,component-final-2dce2a3709aad3945727809d:d0000013-c0,13,0,generate_structures,executed,True,,,,,0.49987486004829407,logging_only_entropy_NN,0.49987486004829407,0.6,False,False,False,False,,,[],[],False,30,,1,,
component-final-2dce2a3709aad3945727809d,baseline_reference,Co-Dy-W,2,component-final-2dce2a3709aad3945727809d:d0000014-c0,14,0,select_for_evaluation,executed,True,,,,,0.5000473260879517,logging_only_entropy_NN,0.5000473260879517,0.6,False,False,False,False,,,[],[],False,30,30,1,,
component-final-2dce2a3709aad3945727809d,baseline_reference,Co-Dy-W,2,component-final-2dce2a3709aad3945727809d:d0000015-c0,15,0,generate_structures,executed,True,,,,,0.5000474452972412,logging_only_entropy_NN,0.5000474452972412,0.6,False,False,False,False,,,[],[],False,34,,1,,
component-final-2dce2a3709aad3945727809d,baseline_reference,Co-Dy-W,2,component-final-2dce2a3709aad3945727809d:d0000016-c0,16,0,select_for_evaluation,executed,True,,,,,0.4999392628669739,logging_only_entropy_NN,0.4999392628669739,0.6,False,False,False,False,,,[],[],False,34,34,1,,
component-final-2dce2a3709aad3945727809d,baseline_reference,Co-Dy-W,2,component-final-2dce2a3709aad3945727809d:d0000017-c0,17,0,score_buffer,executed,True,,,,,0.49989667534828186,logging_only_entropy_NN,0.49989667534828186,0.6,False,False,False,False,,,[],[],False,38,,1,,
component-final-2dce2a3709aad3945727809d,baseline_reference,Co-Dy-W,2,component-final-2dce2a3709aad3945727809d:d0000018-c0,18,0,select_for_evaluation,executed,True,,,,,0.5000039339065552,logging_only_entropy_NN,0.5000039339065552,0.6,False,False,False,False,,,[],[],False,38,38,1,,
component-final-2dce2a3709aad3945727809d,baseline_reference,Co-Dy-W,2,component-final-2dce2a3709aad3945727809d:d0000019-c0,19,0,generate_structures,executed,True,,,,,0.5002313852310181,logging_only_entropy_NN,0.5002313852310181,0.6,False,False,False,False,,,[],[],False,42,,1,,
component-final-2dce2a3709aad3945727809d,baseline_reference,Co-Dy-W,2,component-final-2dce2a3709aad3945727809d:d0000020-c0,20,0,select_for_evaluation,executed,True,,,,,0.5000434517860413,logging_only_entropy_NN,0.5000434517860413,0.6,False,False,False,False,,,[],[],False,42,42,1,,
component-final-3a4b0c1cd037fc1028c65eb5,baseline_reference,Co-Dy-W,3,component-final-3a4b0c1cd037fc1028c65eb5:d0000000-c0,0,0,,rejected_not_executed,False,,,,,,forced_generation_invalid_not_scalar_NN,1.0,0.6,False,,False,False,,,[],[],True,,,,,
component-final-3a4b0c1cd037fc1028c65eb5,baseline_reference,Co-Dy-W,3,component-final-3a4b0c1cd037fc1028c65eb5:d0000000-c1,0,1,generate_structures,executed,True,,,,,0.5000995397567749,logging_only_entropy_NN,0.5000995397567749,0.6,False,False,False,False,,,[],[],False,4,,1,,
component-final-3a4b0c1cd037fc1028c65eb5,baseline_reference,Co-Dy-W,3,component-final-3a4b0c1cd037fc1028c65eb5:d0000001-c0,1,0,select_for_evaluation,executed,True,,,,,0.5000010132789612,logging_only_entropy_NN,0.5000010132789612,0.6,False,False,False,False,,,[],[],False,4,4,1,,
component-final-3a4b0c1cd037fc1028c65eb5,baseline_reference,Co-Dy-W,3,component-final-3a4b0c1cd037fc1028c65eb5:d0000002-c0,2,0,generate_structures,executed,True,,,,,0.5000423789024353,logging_only_entropy_NN,0.5000423789024353,0.6,False,False,False,False,,,[],[],False,10,,1,,
component-final-3a4b0c1cd037fc1028c65eb5,baseline_reference,Co-Dy-W,3,component-final-3a4b0c1cd037fc1028c65eb5:d0000003-c0,3,0,generate_structures,executed,True,,,,,0.5000700950622559,logging_only_entropy_NN,0.5000700950622559,0.6,False,False,False,False,,,[],[],False,10,,1,,
component-final-3a4b0c1cd037fc1028c65eb5,baseline_reference,Co-Dy-W,3,component-final-3a4b0c1cd037fc1028c65eb5:d0000004-c0,4,0,select_for_evaluation,executed,True,,,,,0.5002491474151611,logging_only_entropy_NN,0.5002491474151611,0.6,False,False,False,False,,,[],[],False,10,10,1,,
component-final-3a4b0c1cd037fc1028c65eb5,baseline_reference,Co-Dy-W,3,component-final-3a4b0c1cd037fc1028c65eb5:d0000005-c0,5,0,,rejected_not_executed,False,,,,,,forced_generation_invalid_not_scalar_NN,1.0,0.6,False,,False,False,,,[],[],True,,,,,
component-final-3a4b0c1cd037fc1028c65eb5,baseline_reference,Co-Dy-W,3,component-final-3a4b0c1cd037fc1028c65eb5:d0000005-c1,5,1,select_for_evaluation,executed,True,,,,,0.5000627040863037,logging_only_entropy_NN,0.5000627040863037,0.6,False,False,False,False,,,[],[],False,12,12,1,,
component-final-3a4b0c1cd037fc1028c65eb5,baseline_reference,Co-Dy-W,3,component-final-3a4b0c1cd037fc1028c65eb5:d0000006-c0,6,0,select_for_evaluation,executed,True,,,,,0.5000796318054199,logging_only_entropy_NN,0.5000796318054199,0.6,False,False,False,False,,,[],[],False,14,14,1,,
component-final-3a4b0c1cd037fc1028c65eb5,baseline_reference,Co-Dy-W,3,component-final-3a4b0c1cd037fc1028c65eb5:d0000007-c0,7,0,select_for_evaluation,executed,True,,,,,0.5000913739204407,logging_only_entropy_NN,0.5000913739204407,0.6,False,False,False,False,,,[],[],False,16,16,1,,
component-final-3a4b0c1cd037fc1028c65eb5,baseline_reference,Co-Dy-W,3,component-final-3a4b0c1cd037fc1028c65eb5:d0000008-c0,8,0,generate_structures,executed,True,,,,,0.5000593066215515,logging_only_entropy_NN,0.5000593066215515,0.6,False,False,False,False,,,[],[],False,20,,1,,
component-final-3a4b0c1cd037fc1028c65eb5,baseline_reference,Co-Dy-W,3,component-final-3a4b0c1cd037fc1028c65eb5:d0000009-c0,9,0,select_for_evaluation,executed,True,,,,,0.5000405311584473,logging_only_entropy_NN,0.5000405311584473,0.6,False,False,False,False,,,[],[],False,20,20,1,,
component-final-3a4b0c1cd037fc1028c65eb5,baseline_reference,Co-Dy-W,3,component-final-3a4b0c1cd037fc1028c65eb5:d0000010-c0,10,0,generate_structures,executed,True,,,,,0.5000173449516296,logging_only_entropy_NN,0.5000173449516296,0.6,False,False,False,False,,,[],[],False,26,,1,,
component-final-3a4b0c1cd037fc1028c65eb5,baseline_reference,Co-Dy-W,3,component-final-3a4b0c1cd037fc1028c65eb5:d0000011-c0,11,0,score_buffer,executed,True,,,,,0.49991098046302795,logging_only_entropy_NN,0.49991098046302795,0.6,False,False,False,False,,,[],[],False,26,,1,,
component-final-3a4b0c1cd037fc1028c65eb5,baseline_reference,Co-Dy-W,3,component-final-3a4b0c1cd037fc1028c65eb5:d0000012-c0,12,0,select_for_evaluation,executed,True,,,,,0.5000545382499695,logging_only_entropy_NN,0.5000545382499695,0.6,False,False,False,False,,,[],[],False,26,26,1,,
component-final-3a4b0c1cd037fc1028c65eb5,baseline_reference,Co-Dy-W,3,component-final-3a4b0c1cd037fc1028c65eb5:d0000013-c0,13,0,select_for_evaluation,executed,True,,,,,0.5000119805335999,logging_only_entropy_NN,0.5000119805335999,0.6,False,False,False,False,,,[],[],False,28,28,1,,
component-final-3a4b0c1cd037fc1028c65eb5,baseline_reference,Co-Dy-W,3,component-final-3a4b0c1cd037fc1028c65eb5:d0000014-c0,14,0,generate_structures,executed,True,,,,,0.5000782608985901,logging_only_entropy_NN,0.5000782608985901,0.6,False,False,False,False,,,[],[],False,32,,1,,
component-final-3a4b0c1cd037fc1028c65eb5,baseline_reference,Co-Dy-W,3,component-final-3a4b0c1cd037fc1028c65eb5:d0000015-c0,15,0,select_for_evaluation,executed,True,,,,,0.5000966787338257,logging_only_entropy_NN,0.5000966787338257,0.6,False,False,False,False,,,[],[],False,32,32,1,,
component-final-3a4b0c1cd037fc1028c65eb5,baseline_reference,Co-Dy-W,3,component-final-3a4b0c1cd037fc1028c65eb5:d0000016-c0,16,0,generate_structures,executed,True,,,,,0.4999358654022217,logging_only_entropy_NN,0.4999358654022217,0.6,False,False,False,False,,,[],[],False,44,,1,,
component-final-3a4b0c1cd037fc1028c65eb5,baseline_reference,Co-Dy-W,3,component-final-3a4b0c1cd037fc1028c65eb5:d0000017-c0,17,0,generate_structures,executed,True,,,,,0.49998587369918823,logging_only_entropy_NN,0.49998587369918823,0.6,False,False,False,False,,,[],[],False,44,,1,,
component-final-3a4b0c1cd037fc1028c65eb5,baseline_reference,Co-Dy-W,3,component-final-3a4b0c1cd037fc1028c65eb5:d0000018-c0,18,0,score_buffer,executed,True,,,,,0.5000491142272949,logging_only_entropy_NN,0.5000491142272949,0.6,False,False,False,False,,,[],[],False,44,,1,,
component-final-3a4b0c1cd037fc1028c65eb5,baseline_reference,Co-Dy-W,3,component-final-3a4b0c1cd037fc1028c65eb5:d0000019-c0,19,0,generate_structures,executed,True,,,,,0.4999579191207886,logging_only_entropy_NN,0.4999579191207886,0.6,False,False,False,False,,,[],[],False,44,,1,,
component-final-3a4b0c1cd037fc1028c65eb5,baseline_reference,Co-Dy-W,3,component-final-3a4b0c1cd037fc1028c65eb5:d0000020-c0,20,0,score_buffer,executed,True,,,,,0.500141978263855,logging_only_entropy_NN,0.500141978263855,0.6,False,False,False,False,,,[],[],False,44,,1,,
component-final-3a4b0c1cd037fc1028c65eb5,baseline_reference,Co-Dy-W,3,component-final-3a4b0c1cd037fc1028c65eb5:d0000021-c0,21,0,select_for_evaluation,executed,True,,,,,0.5000416040420532,logging_only_entropy_NN,0.5000416040420532,0.6,False,False,False,False,,,[],[],False,44,44,1,,
component-final-a526e6a613189f807a458cb1,baseline_reference,Co-Dy-W,4,component-final-a526e6a613189f807a458cb1:d0000000-c0,0,0,,rejected_not_executed,False,,,,,,forced_generation_invalid_not_scalar_NN,1.0,0.6,False,,False,False,,,[],[],True,,,,,
component-final-a526e6a613189f807a458cb1,baseline_reference,Co-Dy-W,4,component-final-a526e6a613189f807a458cb1:d0000000-c1,0,1,generate_structures,executed,True,,,,,0.49997687339782715,logging_only_entropy_NN,0.49997687339782715,0.6,False,False,False,False,,,[],[],False,4,,1,,
component-final-a526e6a613189f807a458cb1,baseline_reference,Co-Dy-W,4,component-final-a526e6a613189f807a458cb1:d0000001-c0,1,0,select_for_evaluation,executed,True,,,,,0.5001835227012634,logging_only_entropy_NN,0.5001835227012634,0.6,False,False,False,False,,,[],[],False,4,4,1,,
component-final-a526e6a613189f807a458cb1,baseline_reference,Co-Dy-W,4,component-final-a526e6a613189f807a458cb1:d0000002-c0,2,0,generate_structures,executed,True,,,,,0.5000644326210022,logging_only_entropy_NN,0.5000644326210022,0.6,False,False,False,False,,,[],[],False,12,,1,,
component-final-a526e6a613189f807a458cb1,baseline_reference,Co-Dy-W,4,component-final-a526e6a613189f807a458cb1:d0000003-c0,3,0,select_for_evaluation,executed,True,,,,,0.5001439452171326,logging_only_entropy_NN,0.5001439452171326,0.6,False,False,False,False,,,[],[],False,12,,1,Select an existing buffer composition.,
component-final-a526e6a613189f807a458cb1,baseline_reference,Co-Dy-W,4,component-final-a526e6a613189f807a458cb1:d0000004-c0,4,0,generate_structures,executed,True,,,,,0.5000240206718445,logging_only_entropy_NN,0.5000240206718445,0.6,False,False,False,False,,,[],[],False,12,,1,,
component-final-a526e6a613189f807a458cb1,baseline_reference,Co-Dy-W,4,component-final-a526e6a613189f807a458cb1:d0000005-c0,5,0,select_for_evaluation,executed,True,,,,,0.5000300407409668,logging_only_entropy_NN,0.5000300407409668,0.6,False,False,False,False,,,[],[],False,12,12,1,,
component-final-a526e6a613189f807a458cb1,baseline_reference,Co-Dy-W,4,component-final-a526e6a613189f807a458cb1:d0000006-c0,6,0,generate_structures,executed,True,,,,,0.5000464916229248,logging_only_entropy_NN,0.5000464916229248,0.6,False,False,False,False,,,[],[],False,18,,1,,
component-final-a526e6a613189f807a458cb1,baseline_reference,Co-Dy-W,4,component-final-a526e6a613189f807a458cb1:d0000007-c0,7,0,generate_structures,executed,True,,,,,0.499980092048645,logging_only_entropy_NN,0.499980092048645,0.6,False,False,False,False,,,[],[],False,18,,1,,
component-final-a526e6a613189f807a458cb1,baseline_reference,Co-Dy-W,4,component-final-a526e6a613189f807a458cb1:d0000008-c0,8,0,select_for_evaluation,executed,True,,,,,0.5002123713493347,logging_only_entropy_NN,0.5002123713493347,0.6,False,False,False,False,,,[],[],False,18,18,1,,
component-final-a526e6a613189f807a458cb1,baseline_reference,Co-Dy-W,4,component-final-a526e6a613189f807a458cb1:d0000009-c0,9,0,select_for_evaluation,executed,True,,,,,0.5000096559524536,logging_only_entropy_NN,0.5000096559524536,0.6,False,False,False,False,,,[],[],False,20,20,1,,
component-final-a526e6a613189f807a458cb1,baseline_reference,Co-Dy-W,4,component-final-a526e6a613189f807a458cb1:d0000010-c0,10,0,select_for_evaluation,executed,True,,,,,0.5000739693641663,logging_only_entropy_NN,0.5000739693641663,0.6,False,False,False,False,,,[],[],False,22,22,1,,
component-final-a526e6a613189f807a458cb1,baseline_reference,Co-Dy-W,4,component-final-a526e6a613189f807a458cb1:d0000011-c0,11,0,select_for_evaluation,executed,True,,,,,0.5005589127540588,logging_only_entropy_NN,0.5005589127540588,0.6,False,False,False,False,,,[],[],False,26,,1,Select an existing buffer composition.,
component-final-a526e6a613189f807a458cb1,baseline_reference,Co-Dy-W,4,component-final-a526e6a613189f807a458cb1:d0000012-c0,12,0,select_for_evaluation,executed,True,,,,,0.5000437498092651,logging_only_entropy_NN,0.5000437498092651,0.6,False,False,False,False,,,[],[],False,26,26,1,,
component-final-a526e6a613189f807a458cb1,baseline_reference,Co-Dy-W,4,component-final-a526e6a613189f807a458cb1:d0000013-c0,13,0,select_for_evaluation,executed,True,,,,,0.4999767541885376,logging_only_entropy_NN,0.4999767541885376,0.6,False,False,False,False,,,[],[],False,28,28,1,,
component-final-a526e6a613189f807a458cb1,baseline_reference,Co-Dy-W,4,component-final-a526e6a613189f807a458cb1:d0000014-c0,14,0,generate_structures,executed,True,,,,,0.5000625252723694,logging_only_entropy_NN,0.5000625252723694,0.6,False,False,False,False,,,[],[],False,32,,1,,
component-final-a526e6a613189f807a458cb1,baseline_reference,Co-Dy-W,4,component-final-a526e6a613189f807a458cb1:d0000015-c0,15,0,select_for_evaluation,executed,True,,,,,0.5000187158584595,logging_only_entropy_NN,0.5000187158584595,0.6,False,False,False,False,,,[],[],False,32,32,1,,
component-final-a526e6a613189f807a458cb1,baseline_reference,Co-Dy-W,4,component-final-a526e6a613189f807a458cb1:d0000016-c0,16,0,score_buffer,executed,True,,,,,0.5001863837242126,logging_only_entropy_NN,0.5001863837242126,0.6,False,False,False,False,,,[],[],False,36,,1,,
component-final-a526e6a613189f807a458cb1,baseline_reference,Co-Dy-W,4,component-final-a526e6a613189f807a458cb1:d0000017-c0,17,0,select_for_evaluation,executed,True,,,,,0.5000829696655273,logging_only_entropy_NN,0.5000829696655273,0.6,False,False,False,False,,,[],[],False,36,36,1,,
component-final-a526e6a613189f807a458cb1,baseline_reference,Co-Dy-W,4,component-final-a526e6a613189f807a458cb1:d0000018-c0,18,0,select_for_evaluation,executed,True,,,,,0.5000855922698975,logging_only_entropy_NN,0.5000855922698975,0.6,False,False,False,False,,,[],[],False,38,38,1,,
component-final-a8630b6c09e7eed6994a9658,baseline_reference,Co-Mg-Na,2,component-final-a8630b6c09e7eed6994a9658:d0000000-c0,0,0,,invalid_not_executed,False,,,,,,forced_generation_invalid_not_scalar_NN,1.0,0.6,False,,False,False,,,[],[],True,,,,,
component-final-a8630b6c09e7eed6994a9658,baseline_reference,Co-Mg-Na,2,component-final-a8630b6c09e7eed6994a9658:d0000000-c1,0,1,,invalid_not_executed,False,,,,,,forced_generation_invalid_not_scalar_NN,1.0,0.6,False,,False,False,,,[],[],False,,,,,
component-final-a8630b6c09e7eed6994a9658,baseline_reference,Co-Mg-Na,2,component-final-a8630b6c09e7eed6994a9658:d0000001-c0,1,0,generate_structures,executed,True,,,,,0.5003985166549683,logging_only_entropy_NN,0.5003985166549683,0.6,False,False,False,False,,,[],[],False,6,,1,,
component-final-a8630b6c09e7eed6994a9658,baseline_reference,Co-Mg-Na,2,component-final-a8630b6c09e7eed6994a9658:d0000002-c0,2,0,score_buffer,executed,True,,,,,0.5002385377883911,logging_only_entropy_NN,0.5002385377883911,0.6,False,False,False,False,,,[],[],False,6,,1,,
component-final-a8630b6c09e7eed6994a9658,baseline_reference,Co-Mg-Na,2,component-final-a8630b6c09e7eed6994a9658:d0000003-c0,3,0,select_for_evaluation,executed,True,,,,,0.4999723434448242,logging_only_entropy_NN,0.4999723434448242,0.6,False,False,False,False,,,[],[],False,6,6,1,,
component-final-a8630b6c09e7eed6994a9658,baseline_reference,Co-Mg-Na,2,component-final-a8630b6c09e7eed6994a9658:d0000004-c0,4,0,generate_structures,executed,True,,,,,0.5000940561294556,logging_only_entropy_NN,0.5000940561294556,0.6,False,False,False,False,,,[],[],False,16,,1,,
component-final-a8630b6c09e7eed6994a9658,baseline_reference,Co-Mg-Na,2,component-final-a8630b6c09e7eed6994a9658:d0000005-c0,5,0,generate_structures,executed,True,,,,,0.5000708103179932,logging_only_entropy_NN,0.5000708103179932,0.6,False,False,False,False,,,[],[],False,16,,1,,
component-final-a8630b6c09e7eed6994a9658,baseline_reference,Co-Mg-Na,2,component-final-a8630b6c09e7eed6994a9658:d0000006-c0,6,0,generate_structures,executed,True,,,,,0.49999964237213135,logging_only_entropy_NN,0.49999964237213135,0.6,False,False,False,False,,,[],[],False,16,,1,,
component-final-a8630b6c09e7eed6994a9658,baseline_reference,Co-Mg-Na,2,component-final-a8630b6c09e7eed6994a9658:d0000007-c0,7,0,select_for_evaluation,executed,True,,,,,0.5001072883605957,logging_only_entropy_NN,0.5001072883605957,0.6,False,False,False,False,,,[],[],False,16,,1,The selected hash is not in this composition buffer.,
component-final-a8630b6c09e7eed6994a9658,baseline_reference,Co-Mg-Na,2,component-final-a8630b6c09e7eed6994a9658:d0000008-c0,8,0,select_for_evaluation,executed,True,,,,,0.5001301765441895,logging_only_entropy_NN,0.5001301765441895,0.6,False,False,False,False,,,[],[],False,16,16,1,,
component-final-a8630b6c09e7eed6994a9658,baseline_reference,Co-Mg-Na,2,component-final-a8630b6c09e7eed6994a9658:d0000009-c0,9,0,select_for_evaluation,executed,True,,,,,0.5000432133674622,logging_only_entropy_NN,0.5000432133674622,0.6,False,False,False,False,,,[],[],False,18,18,1,,
component-final-a8630b6c09e7eed6994a9658,baseline_reference,Co-Mg-Na,2,component-final-a8630b6c09e7eed6994a9658:d0000010-c0,10,0,select_for_evaluation,executed,True,,,,,0.5001524090766907,logging_only_entropy_NN,0.5001524090766907,0.6,False,False,False,False,,,[],[],False,20,20,1,,
component-final-a8630b6c09e7eed6994a9658,baseline_reference,Co-Mg-Na,2,component-final-a8630b6c09e7eed6994a9658:d0000011-c0,11,0,generate_structures,executed,True,,,,,0.5000667572021484,logging_only_entropy_NN,0.5000667572021484,0.6,False,False,False,False,,,[],[],False,28,,1,,
component-final-a8630b6c09e7eed6994a9658,baseline_reference,Co-Mg-Na,2,component-final-a8630b6c09e7eed6994a9658:d0000012-c0,12,0,generate_structures,executed,True,,,,,0.5000333189964294,logging_only_entropy_NN,0.5000333189964294,0.6,False,False,False,False,,,[],[],False,28,,1,,
component-final-a8630b6c09e7eed6994a9658,baseline_reference,Co-Mg-Na,2,component-final-a8630b6c09e7eed6994a9658:d0000013-c0,13,0,generate_structures,executed,True,,,,,0.5001623630523682,logging_only_entropy_NN,0.5001623630523682,0.6,False,False,False,False,,,[],[],False,28,,1,,
component-final-a8630b6c09e7eed6994a9658,baseline_reference,Co-Mg-Na,2,component-final-a8630b6c09e7eed6994a9658:d0000014-c0,14,0,select_for_evaluation,executed,True,,,,,0.5000293254852295,logging_only_entropy_NN,0.5000293254852295,0.6,False,False,False,False,,,[],[],False,28,28,1,,
component-final-a8630b6c09e7eed6994a9658,baseline_reference,Co-Mg-Na,2,component-final-a8630b6c09e7eed6994a9658:d0000015-c0,15,0,select_for_evaluation,executed,True,,,,,0.49998486042022705,logging_only_entropy_NN,0.49998486042022705,0.6,False,False,False,False,,,[],[],False,30,30,1,,
component-final-a8630b6c09e7eed6994a9658,baseline_reference,Co-Mg-Na,2,component-final-a8630b6c09e7eed6994a9658:d0000016-c0,16,0,generate_structures,executed,True,,,,,0.49999457597732544,logging_only_entropy_NN,0.49999457597732544,0.6,False,False,False,False,,,[],[],False,36,,1,,
component-final-a8630b6c09e7eed6994a9658,baseline_reference,Co-Mg-Na,2,component-final-a8630b6c09e7eed6994a9658:d0000017-c0,17,0,score_buffer,executed,True,,,,,0.5002001523971558,logging_only_entropy_NN,0.5002001523971558,0.6,False,False,False,False,,,[],[],False,36,,1,,
component-final-a8630b6c09e7eed6994a9658,baseline_reference,Co-Mg-Na,2,component-final-a8630b6c09e7eed6994a9658:d0000018-c0,18,0,select_for_evaluation,executed,True,,,,,0.5002180337905884,logging_only_entropy_NN,0.5002180337905884,0.6,False,False,False,False,,,[],[],False,36,36,1,,
component-final-a8630b6c09e7eed6994a9658,baseline_reference,Co-Mg-Na,2,component-final-a8630b6c09e7eed6994a9658:d0000019-c0,19,0,select_for_evaluation,executed,True,,,,,0.5000878572463989,logging_only_entropy_NN,0.5000878572463989,0.6,False,False,False,False,,,[],[],False,38,38,1,,
component-final-a8630b6c09e7eed6994a9658,baseline_reference,Co-Mg-Na,2,component-final-a8630b6c09e7eed6994a9658:d0000020-c0,20,0,generate_structures,executed,True,,,,,0.5001107454299927,logging_only_entropy_NN,0.5001107454299927,0.6,False,False,False,False,,,[],[],False,42,,1,,
component-final-a8630b6c09e7eed6994a9658,baseline_reference,Co-Mg-Na,2,component-final-a8630b6c09e7eed6994a9658:d0000021-c0,21,0,select_for_evaluation,executed,True,,,,,0.5001976490020752,logging_only_entropy_NN,0.5001976490020752,0.6,False,False,False,False,,,[],[],False,42,42,1,,
component-final-a8630b6c09e7eed6994a9658,baseline_reference,Co-Mg-Na,2,component-final-a8630b6c09e7eed6994a9658:d0000022-c0,22,0,score_buffer,executed,True,,,,,0.5000337958335876,logging_only_entropy_NN,0.5000337958335876,0.6,False,False,False,False,,,[],[],False,46,,1,,
component-final-a8630b6c09e7eed6994a9658,baseline_reference,Co-Mg-Na,2,component-final-a8630b6c09e7eed6994a9658:d0000023-c0,23,0,select_for_evaluation,executed,True,,,,,0.50007164478302,logging_only_entropy_NN,0.50007164478302,0.6,False,False,False,False,,,[],[],False,46,46,1,,
component-final-4b3d96d6b87ab535fb130a5e,baseline_reference,Co-Mg-Na,3,component-final-4b3d96d6b87ab535fb130a5e:d0000000-c0,0,0,generate_structures,executed,True,,,,,0.49995923042297363,logging_only_entropy_NN,0.49995923042297363,0.6,False,False,False,False,,,[],[],False,12,,1,,
component-final-4b3d96d6b87ab535fb130a5e,baseline_reference,Co-Mg-Na,3,component-final-4b3d96d6b87ab535fb130a5e:d0000001-c0,1,0,select_for_evaluation,executed,True,,,,,0.5000047087669373,logging_only_entropy_NN,0.5000047087669373,0.6,False,False,False,False,,,[],[],False,12,,1,The selected hash is not in this composition buffer.,
component-final-4b3d96d6b87ab535fb130a5e,baseline_reference,Co-Mg-Na,3,component-final-4b3d96d6b87ab535fb130a5e:d0000002-c0,2,0,select_for_evaluation,executed,True,,,,,0.5000066757202148,logging_only_entropy_NN,0.5000066757202148,0.6,False,False,False,False,,,[],[],False,12,,1,The selected hash is not in this composition buffer.,
component-final-4b3d96d6b87ab535fb130a5e,baseline_reference,Co-Mg-Na,3,component-final-4b3d96d6b87ab535fb130a5e:d0000003-c0,3,0,select_for_evaluation,executed,True,,,,,0.5000293254852295,logging_only_entropy_NN,0.5000293254852295,0.6,False,False,False,False,,,[],[],False,12,,1,The selected hash is not in this composition buffer.,
component-final-4b3d96d6b87ab535fb130a5e,baseline_reference,Co-Mg-Na,3,component-final-4b3d96d6b87ab535fb130a5e:d0000004-c0,4,0,select_for_evaluation,executed,True,,,,,0.5000321269035339,logging_only_entropy_NN,0.5000321269035339,0.6,False,False,False,False,,,[],[],False,12,,1,The selected hash is not in this composition buffer.,
component-final-4b3d96d6b87ab535fb130a5e,baseline_reference,Co-Mg-Na,3,component-final-4b3d96d6b87ab535fb130a5e:d0000005-c0,5,0,select_for_evaluation,executed,True,,,,,0.5000137090682983,logging_only_entropy_NN,0.5000137090682983,0.6,False,False,False,False,,,[],[],False,12,12,1,,
component-final-4b3d96d6b87ab535fb130a5e,baseline_reference,Co-Mg-Na,3,component-final-4b3d96d6b87ab535fb130a5e:d0000006-c0,6,0,generate_structures,executed,True,,,,,0.5000396966934204,logging_only_entropy_NN,0.5000396966934204,0.6,False,False,False,False,,,[],[],False,28,,1,,
component-final-4b3d96d6b87ab535fb130a5e,baseline_reference,Co-Mg-Na,3,component-final-4b3d96d6b87ab535fb130a5e:d0000007-c0,7,0,generate_structures,executed,True,,,,,0.500069260597229,logging_only_entropy_NN,0.500069260597229,0.6,False,False,False,False,,,[],[],False,28,,1,,
component-final-4b3d96d6b87ab535fb130a5e,baseline_reference,Co-Mg-Na,3,component-final-4b3d96d6b87ab535fb130a5e:d0000008-c0,8,0,generate_structures,executed,True,,,,,0.5000814199447632,logging_only_entropy_NN,0.5000814199447632,0.6,False,False,False,False,,,[],[],False,28,,1,,
component-final-4b3d96d6b87ab535fb130a5e,baseline_reference,Co-Mg-Na,3,component-final-4b3d96d6b87ab535fb130a5e:d0000009-c0,9,0,query_structures,executed,True,,,,,0.5001872181892395,logging_only_entropy_NN,0.5001872181892395,0.6,False,False,False,False,,,[],[],False,28,,1,,
component-final-4b3d96d6b87ab535fb130a5e,baseline_reference,Co-Mg-Na,3,component-final-4b3d96d6b87ab535fb130a5e:d0000010-c0,10,0,generate_structures,executed,True,,,,,0.5000779032707214,logging_only_entropy_NN,0.5000779032707214,0.6,False,False,False,False,,,[],[],False,28,,1,,
component-final-4b3d96d6b87ab535fb130a5e,baseline_reference,Co-Mg-Na,3,component-final-4b3d96d6b87ab535fb130a5e:d0000011-c0,11,0,score_buffer,executed,True,,,,,0.5001623630523682,logging_only_entropy_NN,0.5001623630523682,0.6,False,False,False,False,,,[],[],False,28,,1,,
component-final-4b3d96d6b87ab535fb130a5e,baseline_reference,Co-Mg-Na,3,component-final-4b3d96d6b87ab535fb130a5e:d0000012-c0,12,0,select_for_evaluation,executed,True,,,,,0.5002493858337402,logging_only_entropy_NN,0.5002493858337402,0.6,False,False,False,False,,,[],[],False,28,,1,Select an existing buffer composition.,
component-final-4b3d96d6b87ab535fb130a5e,baseline_reference,Co-Mg-Na,3,component-final-4b3d96d6b87ab535fb130a5e:d0000013-c0,13,0,select_for_evaluation,executed,True,,,,,0.5000371932983398,logging_only_entropy_NN,0.5000371932983398,0.6,False,False,False,False,,,[],[],False,28,28,1,,
component-final-4b3d96d6b87ab535fb130a5e,baseline_reference,Co-Mg-Na,3,component-final-4b3d96d6b87ab535fb130a5e:d0000014-c0,14,0,select_for_evaluation,executed,True,,,,,0.5000430941581726,logging_only_entropy_NN,0.5000430941581726,0.6,False,False,False,False,,,[],[],False,30,30,1,,
component-final-4b3d96d6b87ab535fb130a5e,baseline_reference,Co-Mg-Na,3,component-final-4b3d96d6b87ab535fb130a5e:d0000015-c0,15,0,generate_structures,executed,True,,,,,0.5000739097595215,logging_only_entropy_NN,0.5000739097595215,0.6,False,False,False,False,,,[],[],False,46,,1,,
component-final-4b3d96d6b87ab535fb130a5e,baseline_reference,Co-Mg-Na,3,component-final-4b3d96d6b87ab535fb130a5e:d0000016-c0,16,0,generate_structures,executed,True,,,,,0.5001662969589233,logging_only_entropy_NN,0.5001662969589233,0.6,False,False,False,False,,,[],[],False,46,,1,,
component-final-4b3d96d6b87ab535fb130a5e,baseline_reference,Co-Mg-Na,3,component-final-4b3d96d6b87ab535fb130a5e:d0000017-c0,17,0,generate_structures,executed,True,,,,,0.5001497268676758,logging_only_entropy_NN,0.5001497268676758,0.6,False,False,False,False,,,[],[],False,46,,1,,
component-final-4b3d96d6b87ab535fb130a5e,baseline_reference,Co-Mg-Na,3,component-final-4b3d96d6b87ab535fb130a5e:d0000018-c0,18,0,score_buffer,executed,True,,,,,0.500204861164093,logging_only_entropy_NN,0.500204861164093,0.6,False,False,False,False,,,[],[],False,46,,1,,
component-final-4b3d96d6b87ab535fb130a5e,baseline_reference,Co-Mg-Na,3,component-final-4b3d96d6b87ab535fb130a5e:d0000019-c0,19,0,generate_structures,executed,True,,,,,0.5000161528587341,logging_only_entropy_NN,0.5000161528587341,0.6,False,False,False,False,,,[],[],False,46,,1,,
component-final-4b3d96d6b87ab535fb130a5e,baseline_reference,Co-Mg-Na,3,component-final-4b3d96d6b87ab535fb130a5e:d0000020-c0,20,0,score_buffer,executed,True,,,,,0.5001747608184814,logging_only_entropy_NN,0.5001747608184814,0.6,False,False,False,False,,,[],[],False,46,,1,,
component-final-4b3d96d6b87ab535fb130a5e,baseline_reference,Co-Mg-Na,3,component-final-4b3d96d6b87ab535fb130a5e:d0000021-c0,21,0,generate_structures,executed,True,,,,,0.5000038146972656,logging_only_entropy_NN,0.5000038146972656,0.6,False,False,False,False,,,[],[],False,46,,1,,
component-final-4b3d96d6b87ab535fb130a5e,baseline_reference,Co-Mg-Na,3,component-final-4b3d96d6b87ab535fb130a5e:d0000022-c0,22,0,select_for_evaluation,executed,True,,,,,0.4999169707298279,logging_only_entropy_NN,0.4999169707298279,0.6,False,False,False,False,,,[],[],False,46,46,1,,
component-final-4b3d96d6b87ab535fb130a5e,baseline_reference,Co-Mg-Na,3,component-final-4b3d96d6b87ab535fb130a5e:d0000023-c0,23,0,generate_structures,executed,True,,,,,0.5001199245452881,logging_only_entropy_NN,0.5001199245452881,0.6,False,False,False,False,,,[],[],False,50,,1,,
component-final-4b3d96d6b87ab535fb130a5e,baseline_reference,Co-Mg-Na,3,component-final-4b3d96d6b87ab535fb130a5e:d0000024-c0,24,0,select_for_evaluation,executed,True,,,,,0.4999356269836426,logging_only_entropy_NN,0.4999356269836426,0.6,False,False,False,False,,,[],[],False,50,50,1,,
component-final-4b3d96d6b87ab535fb130a5e,baseline_reference,Co-Mg-Na,3,component-final-4b3d96d6b87ab535fb130a5e:d0000025-c0,25,0,generate_structures,executed,True,,,,,0.4999561905860901,logging_only_entropy_NN,0.4999561905860901,0.6,False,False,False,False,,,[],[],False,54,,1,,
component-final-4b3d96d6b87ab535fb130a5e,baseline_reference,Co-Mg-Na,3,component-final-4b3d96d6b87ab535fb130a5e:d0000026-c0,26,0,select_for_evaluation,executed,True,,,,,0.49989381432533264,logging_only_entropy_NN,0.49989381432533264,0.6,False,False,False,False,,,[],[],False,54,54,1,,
component-final-4b3d96d6b87ab535fb130a5e,baseline_reference,Co-Mg-Na,3,component-final-4b3d96d6b87ab535fb130a5e:d0000027-c0,27,0,generate_structures,executed,True,,,,,0.5000136494636536,logging_only_entropy_NN,0.5000136494636536,0.6,False,False,False,False,,,[],[],False,58,,1,,
component-final-4b3d96d6b87ab535fb130a5e,baseline_reference,Co-Mg-Na,3,component-final-4b3d96d6b87ab535fb130a5e:d0000028-c0,28,0,select_for_evaluation,executed,True,,,,,0.49986889958381653,logging_only_entropy_NN,0.49986889958381653,0.6,False,False,False,False,,,[],[],False,58,58,1,,
component-final-4b3d96d6b87ab535fb130a5e,baseline_reference,Co-Mg-Na,3,component-final-4b3d96d6b87ab535fb130a5e:d0000029-c0,29,0,generate_structures,executed,True,,,,,0.49987974762916565,logging_only_entropy_NN,0.49987974762916565,0.6,False,False,False,False,,,[],[],False,62,,1,,
component-final-4b3d96d6b87ab535fb130a5e,baseline_reference,Co-Mg-Na,3,component-final-4b3d96d6b87ab535fb130a5e:d0000030-c0,30,0,select_for_evaluation,executed,True,,,,,0.49989381432533264,logging_only_entropy_NN,0.49989381432533264,0.6,False,False,False,False,,,[],[],False,62,62,1,,
component-final-4b3d96d6b87ab535fb130a5e,baseline_reference,Co-Mg-Na,3,component-final-4b3d96d6b87ab535fb130a5e:d0000031-c0,31,0,generate_structures,executed,True,,,,,0.499991774559021,logging_only_entropy_NN,0.499991774559021,0.6,False,False,False,False,,,[],[],False,74,,1,,
component-final-4b3d96d6b87ab535fb130a5e,baseline_reference,Co-Mg-Na,3,component-final-4b3d96d6b87ab535fb130a5e:d0000032-c0,32,0,generate_structures,executed,True,,,,,0.4999217987060547,logging_only_entropy_NN,0.4999217987060547,0.6,False,False,False,False,,,[],[],False,74,,1,,
component-final-4b3d96d6b87ab535fb130a5e,baseline_reference,Co-Mg-Na,3,component-final-4b3d96d6b87ab535fb130a5e:d0000033-c0,33,0,generate_structures,executed,True,,,,,0.5004134774208069,logging_only_entropy_NN,0.5004134774208069,0.6,False,False,False,False,,,[],[],False,74,,1,,
component-final-4b3d96d6b87ab535fb130a5e,baseline_reference,Co-Mg-Na,3,component-final-4b3d96d6b87ab535fb130a5e:d0000034-c0,34,0,select_for_evaluation,executed,True,,,,,0.5001856088638306,logging_only_entropy_NN,0.5001856088638306,0.6,False,False,False,False,,,[],[],False,74,,1,Select an existing buffer composition.,
component-final-4b3d96d6b87ab535fb130a5e,baseline_reference,Co-Mg-Na,3,component-final-4b3d96d6b87ab535fb130a5e:d0000035-c0,35,0,generate_structures,executed,True,,,,,0.499944806098938,logging_only_entropy_NN,0.499944806098938,0.6,False,False,False,False,,,[],[],False,74,,1,,
component-final-4b3d96d6b87ab535fb130a5e,baseline_reference,Co-Mg-Na,3,component-final-4b3d96d6b87ab535fb130a5e:d0000036-c0,36,0,select_for_evaluation,executed,True,,,,,0.4999363422393799,logging_only_entropy_NN,0.4999363422393799,0.6,False,False,False,False,,,[],[],False,74,74,1,,
component-final-4b3d96d6b87ab535fb130a5e,baseline_reference,Co-Mg-Na,3,component-final-4b3d96d6b87ab535fb130a5e:d0000037-c0,37,0,select_for_evaluation,executed,True,,,,,0.49987611174583435,logging_only_entropy_NN,0.49987611174583435,0.6,False,False,False,False,,,[],[],False,76,76,1,,
component-final-613da1e8bf281966bbdc66db,baseline_reference,Co-Mg-Na,4,component-final-613da1e8bf281966bbdc66db:d0000000-c0,0,0,generate_structures,executed,True,,,,,0.5002536177635193,logging_only_entropy_NN,0.5002536177635193,0.6,False,False,False,False,,,[],[],False,6,,1,,
component-final-613da1e8bf281966bbdc66db,baseline_reference,Co-Mg-Na,4,component-final-613da1e8bf281966bbdc66db:d0000001-c0,1,0,select_for_evaluation,executed,True,,,,,0.5002460479736328,logging_only_entropy_NN,0.5002460479736328,0.6,False,False,False,False,,,[],[],False,6,,1,Buffer selection index is out of range.,
component-final-613da1e8bf281966bbdc66db,baseline_reference,Co-Mg-Na,4,component-final-613da1e8bf281966bbdc66db:d0000002-c0,2,0,select_for_evaluation,executed,True,,,,,0.5004270672798157,logging_only_entropy_NN,0.5004270672798157,0.6,False,False,False,False,,,[],[],False,6,6,1,,
component-final-613da1e8bf281966bbdc66db,baseline_reference,Co-Mg-Na,4,component-final-613da1e8bf281966bbdc66db:d0000003-c0,3,0,select_for_evaluation,executed,True,,,,,0.49993646144866943,logging_only_entropy_NN,0.49993646144866943,0.6,False,False,False,False,,,[],[],False,8,8,1,,
component-final-613da1e8bf281966bbdc66db,baseline_reference,Co-Mg-Na,4,component-final-613da1e8bf281966bbdc66db:d0000004-c0,4,0,generate_structures,executed,True,,,,,0.49992597103118896,logging_only_entropy_NN,0.49992597103118896,0.6,False,False,False,False,,,[],[],False,20,,1,,
component-final-613da1e8bf281966bbdc66db,baseline_reference,Co-Mg-Na,4,component-final-613da1e8bf281966bbdc66db:d0000005-c0,5,0,generate_structures,executed,True,,,,,0.500065803527832,logging_only_entropy_NN,0.500065803527832,0.6,False,False,False,False,,,[],[],False,20,,1,,
component-final-613da1e8bf281966bbdc66db,baseline_reference,Co-Mg-Na,4,component-final-613da1e8bf281966bbdc66db:d0000006-c0,6,0,generate_structures,executed,True,,,,,0.5000535249710083,logging_only_entropy_NN,0.5000535249710083,0.6,False,False,False,False,,,[],[],False,20,,1,,
component-final-613da1e8bf281966bbdc66db,baseline_reference,Co-Mg-Na,4,component-final-613da1e8bf281966bbdc66db:d0000007-c0,7,0,score_buffer,executed,True,,,,,0.49988946318626404,logging_only_entropy_NN,0.49988946318626404,0.6,False,False,False,False,,,[],[],False,20,,1,,
component-final-613da1e8bf281966bbdc66db,baseline_reference,Co-Mg-Na,4,component-final-613da1e8bf281966bbdc66db:d0000008-c0,8,0,select_for_evaluation,executed,True,,,,,0.4999971389770508,logging_only_entropy_NN,0.4999971389770508,0.6,False,False,False,False,,,[],[],False,20,,1,Select an existing buffer composition.,
component-final-613da1e8bf281966bbdc66db,baseline_reference,Co-Mg-Na,4,component-final-613da1e8bf281966bbdc66db:d0000009-c0,9,0,select_for_evaluation,executed,True,,,,,0.49994075298309326,logging_only_entropy_NN,0.49994075298309326,0.6,False,False,False,False,,,[],[],False,20,20,1,,
component-final-613da1e8bf281966bbdc66db,baseline_reference,Co-Mg-Na,4,component-final-613da1e8bf281966bbdc66db:d0000010-c0,10,0,select_for_evaluation,executed,True,,,,,0.4999687671661377,logging_only_entropy_NN,0.4999687671661377,0.6,False,False,False,False,,,[],[],False,22,22,1,,
component-final-613da1e8bf281966bbdc66db,baseline_reference,Co-Mg-Na,4,component-final-613da1e8bf281966bbdc66db:d0000011-c0,11,0,select_for_evaluation,executed,True,,,,,0.5000542998313904,logging_only_entropy_NN,0.5000542998313904,0.6,False,False,False,False,,,[],[],False,24,24,1,,
component-final-613da1e8bf281966bbdc66db,baseline_reference,Co-Mg-Na,4,component-final-613da1e8bf281966bbdc66db:d0000012-c0,12,0,select_for_evaluation,executed,True,,,,,0.5000038146972656,logging_only_entropy_NN,0.5000038146972656,0.6,False,False,False,False,,,[],[],False,26,26,1,,
component-final-613da1e8bf281966bbdc66db,baseline_reference,Co-Mg-Na,4,component-final-613da1e8bf281966bbdc66db:d0000013-c0,13,0,select_for_evaluation,executed,True,,,,,0.5000084638595581,logging_only_entropy_NN,0.5000084638595581,0.6,False,False,False,False,,,[],[],False,28,28,1,,
component-final-613da1e8bf281966bbdc66db,baseline_reference,Co-Mg-Na,4,component-final-613da1e8bf281966bbdc66db:d0000014-c0,14,0,generate_structures,executed,True,,,,,0.500153660774231,logging_only_entropy_NN,0.500153660774231,0.6,False,False,False,False,,,[],[],False,32,,1,,
component-final-613da1e8bf281966bbdc66db,baseline_reference,Co-Mg-Na,4,component-final-613da1e8bf281966bbdc66db:d0000015-c0,15,0,select_for_evaluation,executed,True,,,,,0.4999118149280548,logging_only_entropy_NN,0.4999118149280548,0.6,False,False,False,False,,,[],[],False,32,32,1,,
component-final-613da1e8bf281966bbdc66db,baseline_reference,Co-Mg-Na,4,component-final-613da1e8bf281966bbdc66db:d0000016-c0,16,0,generate_structures,executed,True,,,,,0.4998936951160431,logging_only_entropy_NN,0.4998936951160431,0.6,False,False,False,False,,,[],[],False,36,,1,,
component-final-613da1e8bf281966bbdc66db,baseline_reference,Co-Mg-Na,4,component-final-613da1e8bf281966bbdc66db:d0000017-c0,17,0,select_for_evaluation,executed,True,,,,,0.5000377893447876,logging_only_entropy_NN,0.5000377893447876,0.6,False,False,False,False,,,[],[],False,36,36,1,,
component-final-613da1e8bf281966bbdc66db,baseline_reference,Co-Mg-Na,4,component-final-613da1e8bf281966bbdc66db:d0000018-c0,18,0,,rejected_not_executed,False,,,,,,forced_generation_invalid_not_scalar_NN,1.0,0.6,False,,False,False,,,[],[],True,,,,,
component-final-613da1e8bf281966bbdc66db,baseline_reference,Co-Mg-Na,4,component-final-613da1e8bf281966bbdc66db:d0000018-c1,18,1,generate_structures,executed,True,,,,,0.5000415444374084,logging_only_entropy_NN,0.5000415444374084,0.6,False,False,False,False,,,[],[],False,40,,1,,
component-final-613da1e8bf281966bbdc66db,baseline_reference,Co-Mg-Na,4,component-final-613da1e8bf281966bbdc66db:d0000019-c0,19,0,select_for_evaluation,executed,True,,,,,0.4998798668384552,logging_only_entropy_NN,0.4998798668384552,0.6,False,False,False,False,,,[],[],False,40,40,1,,
component-final-2e27f5563acb699daae1d131,es_only_independent,Al-Li-V,2,component-final-2e27f5563acb699daae1d131:d0000000-c0,0,0,generate_structures,executed,True,,,,,,unavailable,,0.6,False,,False,False,,,[],[],False,4,,1,,
component-final-2e27f5563acb699daae1d131,es_only_independent,Al-Li-V,2,component-final-2e27f5563acb699daae1d131:d0000001-c0,1,0,select_for_evaluation,executed,True,,,,,,unavailable,,0.6,False,,False,False,,,[],[],False,4,4,1,,
component-final-2e27f5563acb699daae1d131,es_only_independent,Al-Li-V,2,component-final-2e27f5563acb699daae1d131:d0000002-c0,2,0,score_buffer,executed,True,,,,,,unavailable,,0.6,False,,False,False,,,[],[],False,8,,1,,
component-final-2e27f5563acb699daae1d131,es_only_independent,Al-Li-V,2,component-final-2e27f5563acb699daae1d131:d0000003-c0,3,0,select_for_evaluation,executed,True,,,,,,unavailable,,0.6,False,,False,False,,,[],[],False,8,8,1,,
component-final-2e27f5563acb699daae1d131,es_only_independent,Al-Li-V,2,component-final-2e27f5563acb699daae1d131:d0000004-c0,4,0,select_for_evaluation,executed,True,,,,,,unavailable,,0.6,False,,False,False,,,[],[],False,10,10,0,,
component-final-2e27f5563acb699daae1d131,es_only_independent,Al-Li-V,2,component-final-2e27f5563acb699daae1d131:d0000005-c0,5,0,generate_structures,executed,True,,,,,,unavailable,,0.6,False,,False,False,,,[],[],False,14,,1,,
component-final-2e27f5563acb699daae1d131,es_only_independent,Al-Li-V,2,component-final-2e27f5563acb699daae1d131:d0000006-c0,6,0,select_for_evaluation,executed,True,,,,,,unavailable,,0.6,False,,False,False,,,[],[],False,14,14,1,,
component-final-2e27f5563acb699daae1d131,es_only_independent,Al-Li-V,2,component-final-2e27f5563acb699daae1d131:d0000007-c0,7,0,select_for_evaluation,executed,True,,,,,,unavailable,,0.6,False,,False,False,,,[],[],False,16,16,1,,
component-final-2e27f5563acb699daae1d131,es_only_independent,Al-Li-V,2,component-final-2e27f5563acb699daae1d131:d0000008-c0,8,0,generate_structures,executed,True,,,,,,unavailable,,0.6,False,,False,False,,,[],[],False,22,,1,,
component-final-2e27f5563acb699daae1d131,es_only_independent,Al-Li-V,2,component-final-2e27f5563acb699daae1d131:d0000009-c0,9,0,select_for_evaluation,executed,True,,,,,,unavailable,,0.6,False,,False,False,,,[],[],False,22,,1,Select an existing buffer composition.,
component-final-2e27f5563acb699daae1d131,es_only_independent,Al-Li-V,2,component-final-2e27f5563acb699daae1d131:d0000010-c0,10,0,select_for_evaluation,executed,True,,,,,,unavailable,,0.6,False,,False,False,,,[],[],False,22,22,1,,
component-final-2e27f5563acb699daae1d131,es_only_independent,Al-Li-V,2,component-final-2e27f5563acb699daae1d131:d0000011-c0,11,0,generate_structures,executed,True,,,,,,unavailable,,0.6,False,,False,False,,,[],[],False,26,,1,,
component-final-2e27f5563acb699daae1d131,es_only_independent,Al-Li-V,2,component-final-2e27f5563acb699daae1d131:d0000012-c0,12,0,select_for_evaluation,executed,True,,,,,,unavailable,,0.6,False,,False,False,,,[],[],False,26,26,1,,
component-final-2e27f5563acb699daae1d131,es_only_independent,Al-Li-V,2,component-final-2e27f5563acb699daae1d131:d0000013-c0,13,0,,rejected_not_executed,False,,,,,,forced_generation_invalid_not_scalar_NN,1.0,0.6,False,,False,False,,,[],[],True,,,,,
component-final-2e27f5563acb699daae1d131,es_only_independent,Al-Li-V,2,component-final-2e27f5563acb699daae1d131:d0000013-c1,13,1,select_for_evaluation,executed,True,,,,,,unavailable,,0.6,False,,False,False,,,[],[],False,28,28,1,,
component-final-2e27f5563acb699daae1d131,es_only_independent,Al-Li-V,2,component-final-2e27f5563acb699daae1d131:d0000014-c0,14,0,select_for_evaluation,executed,True,,,,,,unavailable,,0.6,False,,False,False,,,[],[],False,30,30,1,,
component-final-2e27f5563acb699daae1d131,es_only_independent,Al-Li-V,2,component-final-2e27f5563acb699daae1d131:d0000015-c0,15,0,select_for_evaluation,executed,True,,,,,,unavailable,,0.6,False,,False,False,,,[],[],False,32,32,1,,
component-final-8e1fbdae4c717bead751ef3f,es_only_independent,Al-Li-V,3,component-final-8e1fbdae4c717bead751ef3f:d0000000-c0,0,0,generate_structures,executed,True,,,,,,unavailable,,0.6,False,,False,False,,,[],[],False,4,,1,,
component-final-8e1fbdae4c717bead751ef3f,es_only_independent,Al-Li-V,3,component-final-8e1fbdae4c717bead751ef3f:d0000001-c0,1,0,select_for_evaluation,executed,True,,,,,,unavailable,,0.6,False,,False,False,,,[],[],False,4,4,1,,
component-final-8e1fbdae4c717bead751ef3f,es_only_independent,Al-Li-V,3,component-final-8e1fbdae4c717bead751ef3f:d0000002-c0,2,0,generate_structures,executed,True,,,,,,unavailable,,0.6,False,,False,False,,,[],[],False,10,,1,,
component-final-8e1fbdae4c717bead751ef3f,es_only_independent,Al-Li-V,3,component-final-8e1fbdae4c717bead751ef3f:d0000003-c0,3,0,generate_structures,executed,True,,,,,,unavailable,,0.6,False,,False,False,,,[],[],False,10,,1,,
component-final-8e1fbdae4c717bead751ef3f,es_only_independent,Al-Li-V,3,component-final-8e1fbdae4c717bead751ef3f:d0000004-c0,4,0,select_for_evaluation,executed,True,,,,,,unavailable,,0.6,False,,False,False,,,[],[],False,10,10,1,,
component-final-8e1fbdae4c717bead751ef3f,es_only_independent,Al-Li-V,3,component-final-8e1fbdae4c717bead751ef3f:d0000005-c0,5,0,select_for_evaluation,executed,True,,,,,,unavailable,,0.6,False,,False,False,,,[],[],False,12,12,1,,
component-final-8e1fbdae4c717bead751ef3f,es_only_independent,Al-Li-V,3,component-final-8e1fbdae4c717bead751ef3f:d0000006-c0,6,0,select_for_evaluation,executed,True,,,,,,unavailable,,0.6,False,,False,False,,,[],[],False,14,14,1,,
component-final-8e1fbdae4c717bead751ef3f,es_only_independent,Al-Li-V,3,component-final-8e1fbdae4c717bead751ef3f:d0000007-c0,7,0,generate_structures,executed,True,,,,,,unavailable,,0.6,False,,False,False,,,[],[],False,20,,1,,
component-final-8e1fbdae4c717bead751ef3f,es_only_independent,Al-Li-V,3,component-final-8e1fbdae4c717bead751ef3f:d0000008-c0,8,0,generate_structures,executed,True,,,,,,unavailable,,0.6,False,,False,False,,,[],[],False,20,,1,,
component-final-8e1fbdae4c717bead751ef3f,es_only_independent,Al-Li-V,3,component-final-8e1fbdae4c717bead751ef3f:d0000009-c0,9,0,select_for_evaluation,executed,True,,,,,,unavailable,,0.6,False,,False,False,,,[],[],False,20,20,1,,
component-final-8e1fbdae4c717bead751ef3f,es_only_independent,Al-Li-V,3,component-final-8e1fbdae4c717bead751ef3f:d0000010-c0,10,0,generate_structures,executed,True,,,,,,unavailable,,0.6,False,,False,False,,,[],[],False,26,,1,,
component-final-8e1fbdae4c717bead751ef3f,es_only_independent,Al-Li-V,3,component-final-8e1fbdae4c717bead751ef3f:d0000011-c0,11,0,select_for_evaluation,executed,True,,,,,,unavailable,,0.6,False,,False,False,,,[],[],False,26,,1,Select an existing buffer composition.,
component-final-8e1fbdae4c717bead751ef3f,es_only_independent,Al-Li-V,3,component-final-8e1fbdae4c717bead751ef3f:d0000012-c0,12,0,select_for_evaluation,executed,True,,,,,,unavailable,,0.6,False,,False,False,,,[],[],False,26,26,1,,
component-final-8e1fbdae4c717bead751ef3f,es_only_independent,Al-Li-V,3,component-final-8e1fbdae4c717bead751ef3f:d0000013-c0,13,0,select_for_evaluation,executed,True,,,,,,unavailable,,0.6,False,,False,False,,,[],[],False,28,28,1,,
component-final-8e1fbdae4c717bead751ef3f,es_only_independent,Al-Li-V,3,component-final-8e1fbdae4c717bead751ef3f:d0000014-c0,14,0,select_for_evaluation,executed,True,,,,,,unavailable,,0.6,False,,False,False,,,[],[],False,30,30,1,,
component-final-8e1fbdae4c717bead751ef3f,es_only_independent,Al-Li-V,3,component-final-8e1fbdae4c717bead751ef3f:d0000015-c0,15,0,select_for_evaluation,executed,True,,,,,,unavailable,,0.6,False,,False,False,,,[],[],False,32,32,1,,
component-final-8e1fbdae4c717bead751ef3f,es_only_independent,Al-Li-V,3,component-final-8e1fbdae4c717bead751ef3f:d0000016-c0,16,0,generate_structures,executed,True,,,,,,unavailable,,0.6,False,,False,False,,,[],[],False,36,,1,,
component-final-8e1fbdae4c717bead751ef3f,es_only_independent,Al-Li-V,3,component-final-8e1fbdae4c717bead751ef3f:d0000017-c0,17,0,select_for_evaluation,executed,True,,,,,,unavailable,,0.6,False,,False,False,,,[],[],False,36,36,1,,
component-final-d183e09d99cadf104f59d07e,es_only_independent,Al-Li-V,4,component-final-d183e09d99cadf104f59d07e:d0000000-c0,0,0,generate_structures,executed,True,,,,,,unavailable,,0.6,False,,False,False,,,[],[],False,4,,1,,
component-final-d183e09d99cadf104f59d07e,es_only_independent,Al-Li-V,4,component-final-d183e09d99cadf104f59d07e:d0000001-c0,1,0,select_for_evaluation,executed,True,,,,,,unavailable,,0.6,False,,False,False,,,[],[],False,4,4,1,,
component-final-d183e09d99cadf104f59d07e,es_only_independent,Al-Li-V,4,component-final-d183e09d99cadf104f59d07e:d0000002-c0,2,0,select_for_evaluation,executed,True,,,,,,unavailable,,0.6,False,,False,False,,,[],[],False,8,,1,The selected hash is not in this composition buffer.,
component-final-d183e09d99cadf104f59d07e,es_only_independent,Al-Li-V,4,component-final-d183e09d99cadf104f59d07e:d0000003-c0,3,0,select_for_evaluation,executed,True,,,,,,unavailable,,0.6,False,,False,False,,,[],[],False,8,8,1,,
component-final-d183e09d99cadf104f59d07e,es_only_independent,Al-Li-V,4,component-final-d183e09d99cadf104f59d07e:d0000004-c0,4,0,generate_structures,executed,True,,,,,,unavailable,,0.6,False,,False,False,,,[],[],False,16,,1,,
component-final-d183e09d99cadf104f59d07e,es_only_independent,Al-Li-V,4,component-final-d183e09d99cadf104f59d07e:d0000005-c0,5,0,generate_structures,executed,True,,,,,,unavailable,,0.6,False,,False,False,,,[],[],False,16,,1,,
component-final-d183e09d99cadf104f59d07e,es_only_independent,Al-Li-V,4,component-final-d183e09d99cadf104f59d07e:d0000006-c0,6,0,generate_structures,executed,True,,,,,,unavailable,,0.6,False,,False,False,,,[],[],False,16,,1,,
component-final-d183e09d99cadf104f59d07e,es_only_independent,Al-Li-V,4,component-final-d183e09d99cadf104f59d07e:d0000007-c0,7,0,select_for_evaluation,executed,True,,,,,,unavailable,,0.6,False,,False,False,,,[],[],False,16,16,1,,
component-final-d183e09d99cadf104f59d07e,es_only_independent,Al-Li-V,4,component-final-d183e09d99cadf104f59d07e:d0000008-c0,8,0,select_for_evaluation,executed,True,,,,,,unavailable,,0.6,False,,False,False,,,[],[],False,22,,1,The selected hash is not in this composition buffer.,
component-final-d183e09d99cadf104f59d07e,es_only_independent,Al-Li-V,4,component-final-d183e09d99cadf104f59d07e:d0000009-c0,9,0,select_for_evaluation,executed,True,,,,,,unavailable,,0.6,False,,False,False,,,[],[],False,22,,1,Buffer selection index is out of range.,
component-final-d183e09d99cadf104f59d07e,es_only_independent,Al-Li-V,4,component-final-d183e09d99cadf104f59d07e:d0000010-c0,10,0,select_for_evaluation,executed,True,,,,,,unavailable,,0.6,False,,False,False,,,[],[],False,22,22,1,,
component-final-d183e09d99cadf104f59d07e,es_only_independent,Al-Li-V,4,component-final-d183e09d99cadf104f59d07e:d0000011-c0,11,0,select_for_evaluation,executed,True,,,,,,unavailable,,0.6,False,,False,False,,,[],[],False,24,24,1,,
component-final-d183e09d99cadf104f59d07e,es_only_independent,Al-Li-V,4,component-final-d183e09d99cadf104f59d07e:d0000012-c0,12,0,select_for_evaluation,executed,True,,,,,,unavailable,,0.6,False,,False,False,,,[],[],False,26,26,1,,
component-final-d183e09d99cadf104f59d07e,es_only_independent,Al-Li-V,4,component-final-d183e09d99cadf104f59d07e:d0000013-c0,13,0,select_for_evaluation,executed,True,,,,,,unavailable,,0.6,False,,False,False,,,[],[],False,28,28,1,,
component-final-d183e09d99cadf104f59d07e,es_only_independent,Al-Li-V,4,component-final-d183e09d99cadf104f59d07e:d0000014-c0,14,0,generate_structures,executed,True,,,,,,unavailable,,0.6,False,,False,False,,,[],[],False,32,,1,,
component-final-d183e09d99cadf104f59d07e,es_only_independent,Al-Li-V,4,component-final-d183e09d99cadf104f59d07e:d0000015-c0,15,0,select_for_evaluation,executed,True,,,,,,unavailable,,0.6,False,,False,False,,,[],[],False,32,32,1,,
component-final-d183e09d99cadf104f59d07e,es_only_independent,Al-Li-V,4,component-final-d183e09d99cadf104f59d07e:d0000016-c0,16,0,score_buffer,executed,True,,,,,,unavailable,,0.6,False,,False,False,,,[],[],False,36,,1,,
component-final-d183e09d99cadf104f59d07e,es_only_independent,Al-Li-V,4,component-final-d183e09d99cadf104f59d07e:d0000017-c0,17,0,select_for_evaluation,executed,True,,,,,,unavailable,,0.6,False,,False,False,,,[],[],False,36,36,1,,
component-final-d183e09d99cadf104f59d07e,es_only_independent,Al-Li-V,4,component-final-d183e09d99cadf104f59d07e:d0000018-c0,18,0,generate_structures,executed,True,,,,,,unavailable,,0.6,False,,False,False,,,[],[],False,40,,1,,
component-final-d183e09d99cadf104f59d07e,es_only_independent,Al-Li-V,4,component-final-d183e09d99cadf104f59d07e:d0000019-c0,19,0,select_for_evaluation,executed,True,,,,,,unavailable,,0.6,False,,False,False,,,[],[],False,40,40,1,,
component-final-b20a8fccedb10da7d5ed97a6,es_only_independent,Al-V-Zn,2,component-final-b20a8fccedb10da7d5ed97a6:d0000000-c0,0,0,,rejected_not_executed,False,,,,,,forced_generation_invalid_not_scalar_NN,1.0,0.6,False,,False,False,,,[],[],True,,,,,
component-final-b20a8fccedb10da7d5ed97a6,es_only_independent,Al-V-Zn,2,component-final-b20a8fccedb10da7d5ed97a6:d0000000-c1,0,1,generate_structures,executed,True,,,,,,unavailable,,0.6,False,,False,False,,,[],[],False,4,,0,,
component-final-b20a8fccedb10da7d5ed97a6,es_only_independent,Al-V-Zn,2,component-final-b20a8fccedb10da7d5ed97a6:d0000001-c0,1,0,select_for_evaluation,executed,True,,,,,,unavailable,,0.6,False,,False,False,,,[],[],False,4,4,0,,
component-final-b20a8fccedb10da7d5ed97a6,es_only_independent,Al-V-Zn,2,component-final-b20a8fccedb10da7d5ed97a6:d0000002-c0,2,0,score_buffer,executed,True,,,,,,unavailable,,0.6,False,,False,False,,,[],[],False,8,,1,,
component-final-b20a8fccedb10da7d5ed97a6,es_only_independent,Al-V-Zn,2,component-final-b20a8fccedb10da7d5ed97a6:d0000003-c0,3,0,select_for_evaluation,executed,True,,,,,,unavailable,,0.6,False,,False,False,,,[],[],False,8,8,1,,
component-final-b20a8fccedb10da7d5ed97a6,es_only_independent,Al-V-Zn,2,component-final-b20a8fccedb10da7d5ed97a6:d0000004-c0,4,0,,rejected_not_executed,False,,,,,,forced_generation_invalid_not_scalar_NN,1.0,0.6,False,,False,False,,,[],[],True,,,,,
component-final-b20a8fccedb10da7d5ed97a6,es_only_independent,Al-V-Zn,2,component-final-b20a8fccedb10da7d5ed97a6:d0000004-c1,4,1,generate_structures,executed,True,,,,,,unavailable,,0.6,False,,False,False,,,[],[],False,12,,0,,
component-final-b20a8fccedb10da7d5ed97a6,es_only_independent,Al-V-Zn,2,component-final-b20a8fccedb10da7d5ed97a6:d0000005-c0,5,0,select_for_evaluation,executed,True,,,,,,unavailable,,0.6,False,,False,False,,,[],[],False,12,12,0,,
component-final-b20a8fccedb10da7d5ed97a6,es_only_independent,Al-V-Zn,2,component-final-b20a8fccedb10da7d5ed97a6:d0000006-c0,6,0,generate_structures,executed,True,,,,,,unavailable,,0.6,False,,False,False,,,[],[],False,16,,1,,
component-final-b20a8fccedb10da7d5ed97a6,es_only_independent,Al-V-Zn,2,component-final-b20a8fccedb10da7d5ed97a6:d0000007-c0,7,0,select_for_evaluation,executed,True,,,,,,unavailable,,0.6,False,,False,False,,,[],[],False,16,16,1,,
component-final-b20a8fccedb10da7d5ed97a6,es_only_independent,Al-V-Zn,2,component-final-b20a8fccedb10da7d5ed97a6:d0000008-c0,8,0,generate_structures,executed,True,,,,,,unavailable,,0.6,False,,False,False,,,[],[],False,26,,1,,
component-final-b20a8fccedb10da7d5ed97a6,es_only_independent,Al-V-Zn,2,component-final-b20a8fccedb10da7d5ed97a6:d0000009-c0,9,0,select_for_evaluation,executed,True,,,,,,unavailable,,0.6,False,,False,False,,,[],[],False,26,,1,The selected hash is not in this composition buffer.,
component-final-b20a8fccedb10da7d5ed97a6,es_only_independent,Al-V-Zn,2,component-final-b20a8fccedb10da7d5ed97a6:d0000010-c0,10,0,select_for_evaluation,executed,True,,,,,,unavailable,,0.6,False,,False,False,,,[],[],False,26,,1,The selected hash is not in this composition buffer.,
component-final-b20a8fccedb10da7d5ed97a6,es_only_independent,Al-V-Zn,2,component-final-b20a8fccedb10da7d5ed97a6:d0000011-c0,11,0,generate_structures,executed,True,,,,,,unavailable,,0.6,False,,False,False,,,[],[],False,26,,1,,
component-final-b20a8fccedb10da7d5ed97a6,es_only_independent,Al-V-Zn,2,component-final-b20a8fccedb10da7d5ed97a6:d0000012-c0,12,0,select_for_evaluation,executed,True,,,,,,unavailable,,0.6,False,,False,False,,,[],[],False,26,26,1,,
component-final-b20a8fccedb10da7d5ed97a6,es_only_independent,Al-V-Zn,2,component-final-b20a8fccedb10da7d5ed97a6:d0000013-c0,13,0,generate_structures,executed,True,,,,,,unavailable,,0.6,False,,False,False,,,[],[],False,30,,1,,
component-final-b20a8fccedb10da7d5ed97a6,es_only_independent,Al-V-Zn,2,component-final-b20a8fccedb10da7d5ed97a6:d0000014-c0,14,0,select_for_evaluation,executed,True,,,,,,unavailable,,0.6,False,,False,False,,,[],[],False,30,30,1,,
component-final-b20a8fccedb10da7d5ed97a6,es_only_independent,Al-V-Zn,2,component-final-b20a8fccedb10da7d5ed97a6:d0000015-c0,15,0,select_for_evaluation,executed,True,,,,,,unavailable,,0.6,False,,False,False,,,[],[],False,32,32,0,,
component-final-b20a8fccedb10da7d5ed97a6,es_only_independent,Al-V-Zn,2,component-final-b20a8fccedb10da7d5ed97a6:d0000016-c0,16,0,select_for_evaluation,executed,True,,,,,,unavailable,,0.6,False,,False,False,,,[],[],False,34,34,0,,
component-final-b20a8fccedb10da7d5ed97a6,es_only_independent,Al-V-Zn,2,component-final-b20a8fccedb10da7d5ed97a6:d0000017-c0,17,0,generate_structures,executed,True,,,,,,unavailable,,0.6,False,,False,False,,,[],[],False,40,,1,,
component-final-b20a8fccedb10da7d5ed97a6,es_only_independent,Al-V-Zn,2,component-final-b20a8fccedb10da7d5ed97a6:d0000018-c0,18,0,select_for_evaluation,executed,True,,,,,,unavailable,,0.6,False,,False,False,,,[],[],False,40,,1,Select an existing buffer composition.,
component-final-b20a8fccedb10da7d5ed97a6,es_only_independent,Al-V-Zn,2,component-final-b20a8fccedb10da7d5ed97a6:d0000019-c0,19,0,select_for_evaluation,executed,True,,,,,,unavailable,,0.6,False,,False,False,,,[],[],False,40,40,1,,
component-final-b20a8fccedb10da7d5ed97a6,es_only_independent,Al-V-Zn,2,component-final-b20a8fccedb10da7d5ed97a6:d0000020-c0,20,0,generate_structures,executed,True,,,,,,unavailable,,0.6,False,,False,False,,,[],[],False,44,,1,,
component-final-b20a8fccedb10da7d5ed97a6,es_only_independent,Al-V-Zn,2,component-final-b20a8fccedb10da7d5ed97a6:d0000021-c0,21,0,select_for_evaluation,executed,True,,,,,,unavailable,,0.6,False,,False,False,,,[],[],False,44,44,1,,
component-final-02fb34c6b01aed253ffa4730,es_only_independent,Al-V-Zn,3,component-final-02fb34c6b01aed253ffa4730:d0000000-c0,0,0,generate_structures,executed,True,,,,,,unavailable,,0.6,False,,False,False,,,[],[],False,4,,0,,
component-final-02fb34c6b01aed253ffa4730,es_only_independent,Al-V-Zn,3,component-final-02fb34c6b01aed253ffa4730:d0000001-c0,1,0,select_for_evaluation,executed,True,,,,,,unavailable,,0.6,False,,False,False,,,[],[],False,4,4,0,,
component-final-02fb34c6b01aed253ffa4730,es_only_independent,Al-V-Zn,3,component-final-02fb34c6b01aed253ffa4730:d0000002-c0,2,0,select_for_evaluation,executed,True,,,,,,unavailable,,0.6,False,,False,False,,,[],[],False,6,6,0,,
component-final-02fb34c6b01aed253ffa4730,es_only_independent,Al-V-Zn,3,component-final-02fb34c6b01aed253ffa4730:d0000003-c0,3,0,generate_structures,executed,True,,,,,,unavailable,,0.6,False,,False,False,,,[],[],False,12,,0,,
component-final-02fb34c6b01aed253ffa4730,es_only_independent,Al-V-Zn,3,component-final-02fb34c6b01aed253ffa4730:d0000004-c0,4,0,generate_structures,executed,True,,,,,,unavailable,,0.6,False,,False,False,,,[],[],False,12,,0,,
component-final-02fb34c6b01aed253ffa4730,es_only_independent,Al-V-Zn,3,component-final-02fb34c6b01aed253ffa4730:d0000005-c0,5,0,select_for_evaluation,executed,True,,,,,,unavailable,,0.6,False,,False,False,,,[],[],False,12,12,0,,
component-final-02fb34c6b01aed253ffa4730,es_only_independent,Al-V-Zn,3,component-final-02fb34c6b01aed253ffa4730:d0000006-c0,6,0,generate_structures,executed,True,,,,,,unavailable,,0.6,False,,False,False,,,[],[],False,20,,0,,
component-final-02fb34c6b01aed253ffa4730,es_only_independent,Al-V-Zn,3,component-final-02fb34c6b01aed253ffa4730:d0000007-c0,7,0,select_for_evaluation,executed,True,,,,,,unavailable,,0.6,False,,False,False,,,[],[],False,20,,0,Select an existing buffer composition.,
component-final-02fb34c6b01aed253ffa4730,es_only_independent,Al-V-Zn,3,component-final-02fb34c6b01aed253ffa4730:d0000008-c0,8,0,generate_structures,executed,True,,,,,,unavailable,,0.6,False,,False,False,,,[],[],False,20,,0,,
component-final-02fb34c6b01aed253ffa4730,es_only_independent,Al-V-Zn,3,component-final-02fb34c6b01aed253ffa4730:d0000009-c0,9,0,select_for_evaluation,executed,True,,,,,,unavailable,,0.6,False,,False,False,,,[],[],False,20,20,0,,
component-final-02fb34c6b01aed253ffa4730,es_only_independent,Al-V-Zn,3,component-final-02fb34c6b01aed253ffa4730:d0000010-c0,10,0,generate_structures,executed,True,,,,,,unavailable,,0.6,False,,False,False,,,[],[],False,28,,1,,
component-final-02fb34c6b01aed253ffa4730,es_only_independent,Al-V-Zn,3,component-final-02fb34c6b01aed253ffa4730:d0000011-c0,11,0,generate_structures,executed,True,,,,,,unavailable,,0.6,False,,False,False,,,[],[],False,28,,1,,
component-final-02fb34c6b01aed253ffa4730,es_only_independent,Al-V-Zn,3,component-final-02fb34c6b01aed253ffa4730:d0000012-c0,12,0,select_for_evaluation,executed,True,,,,,,unavailable,,0.6,False,,False,False,,,[],[],False,28,,1,Select an existing buffer composition.,
component-final-02fb34c6b01aed253ffa4730,es_only_independent,Al-V-Zn,3,component-final-02fb34c6b01aed253ffa4730:d0000013-c0,13,0,select_for_evaluation,executed,True,,,,,,unavailable,,0.6,False,,False,False,,,[],[],False,28,28,1,,
component-final-02fb34c6b01aed253ffa4730,es_only_independent,Al-V-Zn,3,component-final-02fb34c6b01aed253ffa4730:d0000014-c0,14,0,generate_structures,executed,True,,,,,,unavailable,,0.6,False,,False,False,,,[],[],False,36,,0,,
component-final-02fb34c6b01aed253ffa4730,es_only_independent,Al-V-Zn,3,component-final-02fb34c6b01aed253ffa4730:d0000015-c0,15,0,generate_structures,executed,True,,,,,,unavailable,,0.6,False,,False,False,,,[],[],False,36,,0,,
component-final-02fb34c6b01aed253ffa4730,es_only_independent,Al-V-Zn,3,component-final-02fb34c6b01aed253ffa4730:d0000016-c0,16,0,generate_structures,executed,True,,,,,,unavailable,,0.6,False,,False,False,,,[],[],False,36,,0,,
component-final-02fb34c6b01aed253ffa4730,es_only_independent,Al-V-Zn,3,component-final-02fb34c6b01aed253ffa4730:d0000017-c0,17,0,,rejected_not_executed,False,,,,,,forced_generation_invalid_not_scalar_NN,1.0,0.6,False,,False,False,,,[],[],True,,,,,
component-final-02fb34c6b01aed253ffa4730,es_only_independent,Al-V-Zn,3,component-final-02fb34c6b01aed253ffa4730:d0000017-c1,17,1,select_for_evaluation,executed,True,,,,,,unavailable,,0.6,False,,False,False,,,[],[],False,36,36,0,,
component-final-02fb34c6b01aed253ffa4730,es_only_independent,Al-V-Zn,3,component-final-02fb34c6b01aed253ffa4730:d0000018-c0,18,0,score_buffer,executed,True,,,,,,unavailable,,0.6,False,,False,False,,,[],[],False,40,,0,,
component-final-02fb34c6b01aed253ffa4730,es_only_independent,Al-V-Zn,3,component-final-02fb34c6b01aed253ffa4730:d0000019-c0,19,0,select_for_evaluation,executed,True,,,,,,unavailable,,0.6,False,,False,False,,,[],[],False,40,40,0,,
component-final-02fb34c6b01aed253ffa4730,es_only_independent,Al-V-Zn,3,component-final-02fb34c6b01aed253ffa4730:d0000020-c0,20,0,score_buffer,executed,True,,,,,,unavailable,,0.6,False,,False,False,,,[],[],False,44,,1,,
component-final-02fb34c6b01aed253ffa4730,es_only_independent,Al-V-Zn,3,component-final-02fb34c6b01aed253ffa4730:d0000021-c0,21,0,select_for_evaluation,executed,True,,,,,,unavailable,,0.6,False,,False,False,,,[],[],False,44,44,1,,
component-final-02fb34c6b01aed253ffa4730,es_only_independent,Al-V-Zn,3,component-final-02fb34c6b01aed253ffa4730:d0000022-c0,22,0,generate_structures,executed,True,,,,,,unavailable,,0.6,False,,False,False,,,[],[],False,50,,1,,
component-final-02fb34c6b01aed253ffa4730,es_only_independent,Al-V-Zn,3,component-final-02fb34c6b01aed253ffa4730:d0000023-c0,23,0,generate_structures,executed,True,,,,,,unavailable,,0.6,False,,False,False,,,[],[],False,50,,1,,
component-final-02fb34c6b01aed253ffa4730,es_only_independent,Al-V-Zn,3,component-final-02fb34c6b01aed253ffa4730:d0000024-c0,24,0,select_for_evaluation,executed,True,,,,,,unavailable,,0.6,False,,False,False,,,[],[],False,50,50,1,,
component-final-02fb34c6b01aed253ffa4730,es_only_independent,Al-V-Zn,3,component-final-02fb34c6b01aed253ffa4730:d0000025-c0,25,0,generate_structures,executed,True,,,,,,unavailable,,0.6,False,,False,False,,,[],[],False,54,,1,,
component-final-02fb34c6b01aed253ffa4730,es_only_independent,Al-V-Zn,3,component-final-02fb34c6b01aed253ffa4730:d0000026-c0,26,0,select_for_evaluation,executed,True,,,,,,unavailable,,0.6,False,,False,False,,,[],[],False,54,54,1,,
component-final-2ba86fe5167c7c377083c728,es_only_independent,Al-V-Zn,4,component-final-2ba86fe5167c7c377083c728:d0000000-c0,0,0,generate_structures,executed,True,,,,,,unavailable,,0.6,False,,False,False,,,[],[],False,4,,0,,
component-final-2ba86fe5167c7c377083c728,es_only_independent,Al-V-Zn,4,component-final-2ba86fe5167c7c377083c728:d0000001-c0,1,0,select_for_evaluation,executed,True,,,,,,unavailable,,0.6,False,,False,False,,,[],[],False,4,4,0,,
component-final-2ba86fe5167c7c377083c728,es_only_independent,Al-V-Zn,4,component-final-2ba86fe5167c7c377083c728:d0000002-c0,2,0,select_for_evaluation,executed,True,,,,,,unavailable,,0.6,False,,False,False,,,[],[],False,6,6,1,,
component-final-2ba86fe5167c7c377083c728,es_only_independent,Al-V-Zn,4,component-final-2ba86fe5167c7c377083c728:d0000003-c0,3,0,select_for_evaluation,executed,True,,,,,,unavailable,,0.6,False,,False,False,,,[],[],False,8,8,1,,
component-final-2ba86fe5167c7c377083c728,es_only_independent,Al-V-Zn,4,component-final-2ba86fe5167c7c377083c728:d0000004-c0,4,0,generate_structures,executed,True,,,,,,unavailable,,0.6,False,,False,False,,,[],[],False,12,,0,,
component-final-2ba86fe5167c7c377083c728,es_only_independent,Al-V-Zn,4,component-final-2ba86fe5167c7c377083c728:d0000005-c0,5,0,select_for_evaluation,executed,True,,,,,,unavailable,,0.6,False,,False,False,,,[],[],False,12,12,0,,
component-final-2ba86fe5167c7c377083c728,es_only_independent,Al-V-Zn,4,component-final-2ba86fe5167c7c377083c728:d0000006-c0,6,0,generate_structures,executed,True,,,,,,unavailable,,0.6,False,,False,False,,,[],[],False,16,,1,,
component-final-2ba86fe5167c7c377083c728,es_only_independent,Al-V-Zn,4,component-final-2ba86fe5167c7c377083c728:d0000007-c0,7,0,select_for_evaluation,executed,True,,,,,,unavailable,,0.6,False,,False,False,,,[],[],False,16,16,1,,
component-final-2ba86fe5167c7c377083c728,es_only_independent,Al-V-Zn,4,component-final-2ba86fe5167c7c377083c728:d0000008-c0,8,0,select_for_evaluation,executed,True,,,,,,unavailable,,0.6,False,,False,False,,,[],[],False,20,,0,The selected hash is not in this composition buffer.,
component-final-2ba86fe5167c7c377083c728,es_only_independent,Al-V-Zn,4,component-final-2ba86fe5167c7c377083c728:d0000009-c0,9,0,select_for_evaluation,executed,True,,,,,,unavailable,,0.6,False,,False,False,,,[],[],False,20,20,0,,
component-final-2ba86fe5167c7c377083c728,es_only_independent,Al-V-Zn,4,component-final-2ba86fe5167c7c377083c728:d0000010-c0,10,0,select_for_evaluation,executed,True,,,,,,unavailable,,0.6,False,,False,False,,,[],[],False,22,22,0,,
component-final-2ba86fe5167c7c377083c728,es_only_independent,Al-V-Zn,4,component-final-2ba86fe5167c7c377083c728:d0000011-c0,11,0,select_for_evaluation,executed,True,,,,,,unavailable,,0.6,False,,False,False,,,[],[],False,24,24,1,,
component-final-2ba86fe5167c7c377083c728,es_only_independent,Al-V-Zn,4,component-final-2ba86fe5167c7c377083c728:d0000012-c0,12,0,select_for_evaluation,executed,True,,,,,,unavailable,,0.6,False,,False,False,,,[],[],False,26,26,1,,
component-final-2ba86fe5167c7c377083c728,es_only_independent,Al-V-Zn,4,component-final-2ba86fe5167c7c377083c728:d0000013-c0,13,0,score_buffer,executed,True,,,,,,unavailable,,0.6,False,,False,False,,,[],[],False,32,,1,,
component-final-2ba86fe5167c7c377083c728,es_only_independent,Al-V-Zn,4,component-final-2ba86fe5167c7c377083c728:d0000014-c0,14,0,generate_structures,executed,True,,,,,,unavailable,,0.6,False,,False,False,,,[],[],False,32,,1,,
component-final-2ba86fe5167c7c377083c728,es_only_independent,Al-V-Zn,4,component-final-2ba86fe5167c7c377083c728:d0000015-c0,15,0,,rejected_not_executed,False,,,,,,forced_generation_invalid_not_scalar_NN,1.0,0.6,False,,False,False,,,[],[],True,,,,,
component-final-2ba86fe5167c7c377083c728,es_only_independent,Al-V-Zn,4,component-final-2ba86fe5167c7c377083c728:d0000015-c1,15,1,select_for_evaluation,executed,True,,,,,,unavailable,,0.6,False,,False,False,,,[],[],False,32,32,1,,
component-final-637e688029854bff551ffb68,es_only_independent,Au-K-Tb,2,component-final-637e688029854bff551ffb68:d0000000-c0,0,0,,rejected_not_executed,False,,,,,,forced_generation_invalid_not_scalar_NN,1.0,0.6,False,,False,False,,,[],[],True,,,,,
component-final-637e688029854bff551ffb68,es_only_independent,Au-K-Tb,2,component-final-637e688029854bff551ffb68:d0000000-c1,0,1,generate_structures,executed,True,,,,,,unavailable,,0.6,False,,False,False,,,[],[],False,4,,0,,
component-final-637e688029854bff551ffb68,es_only_independent,Au-K-Tb,2,component-final-637e688029854bff551ffb68:d0000001-c0,1,0,select_for_evaluation,executed,True,,,,,,unavailable,,0.6,False,,False,False,,,[],[],False,4,4,0,,
component-final-637e688029854bff551ffb68,es_only_independent,Au-K-Tb,2,component-final-637e688029854bff551ffb68:d0000002-c0,2,0,score_buffer,executed,True,,,,,,unavailable,,0.6,False,,False,False,,,[],[],False,8,,1,,
component-final-637e688029854bff551ffb68,es_only_independent,Au-K-Tb,2,component-final-637e688029854bff551ffb68:d0000003-c0,3,0,select_for_evaluation,executed,True,,,,,,unavailable,,0.6,False,,False,False,,,[],[],False,8,8,1,,
component-final-637e688029854bff551ffb68,es_only_independent,Au-K-Tb,2,component-final-637e688029854bff551ffb68:d0000004-c0,4,0,select_for_evaluation,executed,True,,,,,,unavailable,,0.6,False,,False,False,,,[],[],False,10,10,1,,
component-final-637e688029854bff551ffb68,es_only_independent,Au-K-Tb,2,component-final-637e688029854bff551ffb68:d0000005-c0,5,0,select_for_evaluation,executed,True,,,,,,unavailable,,0.6,False,,False,False,,,[],[],False,12,12,1,,
component-final-637e688029854bff551ffb68,es_only_independent,Au-K-Tb,2,component-final-637e688029854bff551ffb68:d0000006-c0,6,0,generate_structures,executed,True,,,,,,unavailable,,0.6,False,,False,False,,,[],[],False,16,,1,,
component-final-637e688029854bff551ffb68,es_only_independent,Au-K-Tb,2,component-final-637e688029854bff551ffb68:d0000007-c0,7,0,select_for_evaluation,executed,True,,,,,,unavailable,,0.6,False,,False,False,,,[],[],False,16,16,1,,
component-final-637e688029854bff551ffb68,es_only_independent,Au-K-Tb,2,component-final-637e688029854bff551ffb68:d0000008-c0,8,0,score_buffer,executed,True,,,,,,unavailable,,0.6,False,,False,False,,,[],[],False,20,,1,,
component-final-637e688029854bff551ffb68,es_only_independent,Au-K-Tb,2,component-final-637e688029854bff551ffb68:d0000009-c0,9,0,select_for_evaluation,executed,True,,,,,,unavailable,,0.6,False,,False,False,,,[],[],False,20,20,1,,
component-final-637e688029854bff551ffb68,es_only_independent,Au-K-Tb,2,component-final-637e688029854bff551ffb68:d0000010-c0,10,0,generate_structures,executed,True,,,,,,unavailable,,0.6,False,,False,False,,,[],[],False,26,,1,,
component-final-637e688029854bff551ffb68,es_only_independent,Au-K-Tb,2,component-final-637e688029854bff551ffb68:d0000011-c0,11,0,generate_structures,executed,True,,,,,,unavailable,,0.6,False,,False,False,,,[],[],False,26,,1,,
component-final-637e688029854bff551ffb68,es_only_independent,Au-K-Tb,2,component-final-637e688029854bff551ffb68:d0000012-c0,12,0,select_for_evaluation,executed,True,,,,,,unavailable,,0.6,False,,False,False,,,[],[],False,26,26,1,,
component-final-637e688029854bff551ffb68,es_only_independent,Au-K-Tb,2,component-final-637e688029854bff551ffb68:d0000013-c0,13,0,generate_structures,executed,True,,,,,,unavailable,,0.6,False,,False,False,,,[],[],False,30,,1,,
component-final-637e688029854bff551ffb68,es_only_independent,Au-K-Tb,2,component-final-637e688029854bff551ffb68:d0000014-c0,14,0,select_for_evaluation,executed,True,,,,,,unavailable,,0.6,False,,False,False,,,[],[],False,30,30,1,,
component-final-637e688029854bff551ffb68,es_only_independent,Au-K-Tb,2,component-final-637e688029854bff551ffb68:d0000015-c0,15,0,select_for_evaluation,executed,True,,,,,,unavailable,,0.6,False,,False,False,,,[],[],False,34,,1,The selected hash is not in this composition buffer.,
component-final-637e688029854bff551ffb68,es_only_independent,Au-K-Tb,2,component-final-637e688029854bff551ffb68:d0000016-c0,16,0,select_for_evaluation,executed,True,,,,,,unavailable,,0.6,False,,False,False,,,[],[],False,34,34,1,,
component-final-637e688029854bff551ffb68,es_only_independent,Au-K-Tb,2,component-final-637e688029854bff551ffb68:d0000017-c0,17,0,generate_structures,executed,True,,,,,,unavailable,,0.6,False,,False,False,,,[],[],False,40,,1,,
component-final-637e688029854bff551ffb68,es_only_independent,Au-K-Tb,2,component-final-637e688029854bff551ffb68:d0000018-c0,18,0,select_for_evaluation,executed,True,,,,,,unavailable,,0.6,False,,False,False,,,[],[],False,40,,1,Select an existing buffer composition.,
component-final-637e688029854bff551ffb68,es_only_independent,Au-K-Tb,2,component-final-637e688029854bff551ffb68:d0000019-c0,19,0,select_for_evaluation,executed,True,,,,,,unavailable,,0.6,False,,False,False,,,[],[],False,40,40,1,,
component-final-f01350a0031f3cb06d45632e,es_only_independent,Au-K-Tb,3,component-final-f01350a0031f3cb06d45632e:d0000000-c0,0,0,generate_structures,executed,True,,,,,,unavailable,,0.6,False,,False,False,,,[],[],False,4,,1,,
component-final-f01350a0031f3cb06d45632e,es_only_independent,Au-K-Tb,3,component-final-f01350a0031f3cb06d45632e:d0000001-c0,1,0,select_for_evaluation,executed,True,,,,,,unavailable,,0.6,False,,False,False,,,[],[],False,4,4,1,,
component-final-f01350a0031f3cb06d45632e,es_only_independent,Au-K-Tb,3,component-final-f01350a0031f3cb06d45632e:d0000002-c0,2,0,select_for_evaluation,executed,True,,,,,,unavailable,,0.6,False,,False,False,,,[],[],False,6,6,0,,
component-final-f01350a0031f3cb06d45632e,es_only_independent,Au-K-Tb,3,component-final-f01350a0031f3cb06d45632e:d0000003-c0,3,0,generate_structures,executed,True,,,,,,unavailable,,0.6,False,,False,False,,,[],[],False,10,,1,,
component-final-f01350a0031f3cb06d45632e,es_only_independent,Au-K-Tb,3,component-final-f01350a0031f3cb06d45632e:d0000004-c0,4,0,,rejected_not_executed,False,,,,,,forced_generation_invalid_not_scalar_NN,1.0,0.6,False,,False,False,,,[],[],True,,,,,
component-final-f01350a0031f3cb06d45632e,es_only_independent,Au-K-Tb,3,component-final-f01350a0031f3cb06d45632e:d0000004-c1,4,1,select_for_evaluation,executed,True,,,,,,unavailable,,0.6,False,,False,False,,,[],[],False,10,10,1,,
component-final-f01350a0031f3cb06d45632e,es_only_independent,Au-K-Tb,3,component-final-f01350a0031f3cb06d45632e:d0000005-c0,5,0,select_for_evaluation,executed,True,,,,,,unavailable,,0.6,False,,False,False,,,[],[],False,18,,1,The selected hash is not in this composition buffer.,
component-final-f01350a0031f3cb06d45632e,es_only_independent,Au-K-Tb,3,component-final-f01350a0031f3cb06d45632e:d0000006-c0,6,0,select_for_evaluation,executed,True,,,,,,unavailable,,0.6,False,,False,False,,,[],[],False,18,,1,The selected hash is not in this composition buffer.,
component-final-f01350a0031f3cb06d45632e,es_only_independent,Au-K-Tb,3,component-final-f01350a0031f3cb06d45632e:d0000007-c0,7,0,select_for_evaluation,executed,True,,,,,,unavailable,,0.6,False,,False,False,,,[],[],False,18,,1,The selected hash is not in this composition buffer.,
component-final-f01350a0031f3cb06d45632e,es_only_independent,Au-K-Tb,3,component-final-f01350a0031f3cb06d45632e:d0000008-c0,8,0,select_for_evaluation,executed,True,,,,,,unavailable,,0.6,False,,False,False,,,[],[],False,18,18,1,,
component-final-f01350a0031f3cb06d45632e,es_only_independent,Au-K-Tb,3,component-final-f01350a0031f3cb06d45632e:d0000009-c0,9,0,generate_structures,executed,True,,,,,,unavailable,,0.6,False,,False,False,,,[],[],False,26,,1,,
component-final-f01350a0031f3cb06d45632e,es_only_independent,Au-K-Tb,3,component-final-f01350a0031f3cb06d45632e:d0000010-c0,10,0,generate_structures,executed,True,,,,,,unavailable,,0.6,False,,False,False,,,[],[],False,26,,1,,
component-final-f01350a0031f3cb06d45632e,es_only_independent,Au-K-Tb,3,component-final-f01350a0031f3cb06d45632e:d0000011-c0,11,0,generate_structures,executed,True,,,,,,unavailable,,0.6,False,,False,False,,,[],[],False,26,,1,,
component-final-f01350a0031f3cb06d45632e,es_only_independent,Au-K-Tb,3,component-final-f01350a0031f3cb06d45632e:d0000012-c0,12,0,select_for_evaluation,executed,True,,,,,,unavailable,,0.6,False,,False,False,,,[],[],False,26,26,1,,
component-final-f01350a0031f3cb06d45632e,es_only_independent,Au-K-Tb,3,component-final-f01350a0031f3cb06d45632e:d0000013-c0,13,0,select_for_evaluation,executed,True,,,,,,unavailable,,0.6,False,,False,False,,,[],[],False,28,28,1,,
component-final-f01350a0031f3cb06d45632e,es_only_independent,Au-K-Tb,3,component-final-f01350a0031f3cb06d45632e:d0000014-c0,14,0,select_for_evaluation,executed,True,,,,,,unavailable,,0.6,False,,False,False,,,[],[],False,30,30,1,,
component-final-f01350a0031f3cb06d45632e,es_only_independent,Au-K-Tb,3,component-final-f01350a0031f3cb06d45632e:d0000015-c0,15,0,generate_structures,executed,True,,,,,,unavailable,,0.6,False,,False,False,,,[],[],False,38,,1,,
component-final-f01350a0031f3cb06d45632e,es_only_independent,Au-K-Tb,3,component-final-f01350a0031f3cb06d45632e:d0000016-c0,16,0,generate_structures,executed,True,,,,,,unavailable,,0.6,False,,False,False,,,[],[],False,38,,1,,
component-final-f01350a0031f3cb06d45632e,es_only_independent,Au-K-Tb,3,component-final-f01350a0031f3cb06d45632e:d0000017-c0,17,0,generate_structures,executed,True,,,,,,unavailable,,0.6,False,,False,False,,,[],[],False,38,,1,,
component-final-f01350a0031f3cb06d45632e,es_only_independent,Au-K-Tb,3,component-final-f01350a0031f3cb06d45632e:d0000018-c0,18,0,select_for_evaluation,executed,True,,,,,,unavailable,,0.6,False,,False,False,,,[],[],False,38,38,1,,
component-final-f01350a0031f3cb06d45632e,es_only_independent,Au-K-Tb,3,component-final-f01350a0031f3cb06d45632e:d0000019-c0,19,0,generate_structures,executed,True,,,,,,unavailable,,0.6,False,,False,False,,,[],[],False,42,,1,,
component-final-f01350a0031f3cb06d45632e,es_only_independent,Au-K-Tb,3,component-final-f01350a0031f3cb06d45632e:d0000020-c0,20,0,select_for_evaluation,executed,True,,,,,,unavailable,,0.6,False,,False,False,,,[],[],False,42,42,1,,
component-final-f01350a0031f3cb06d45632e,es_only_independent,Au-K-Tb,3,component-final-f01350a0031f3cb06d45632e:d0000021-c0,21,0,generate_structures,executed,True,,,,,,unavailable,,0.6,False,,False,False,,,[],[],False,46,,1,,
component-final-f01350a0031f3cb06d45632e,es_only_independent,Au-K-Tb,3,component-final-f01350a0031f3cb06d45632e:d0000022-c0,22,0,select_for_evaluation,executed,True,,,,,,unavailable,,0.6,False,,False,False,,,[],[],False,46,46,1,,
component-final-fd363bc50f56142b92b62728,es_only_independent,Au-K-Tb,4,component-final-fd363bc50f56142b92b62728:d0000000-c0,0,0,generate_structures,executed,True,,,,,,unavailable,,0.6,False,,False,False,,,[],[],False,14,,1,,
component-final-fd363bc50f56142b92b62728,es_only_independent,Au-K-Tb,4,component-final-fd363bc50f56142b92b62728:d0000001-c0,1,0,select_for_evaluation,executed,True,,,,,,unavailable,,0.6,False,,False,False,,,[],[],False,14,,1,The selected hash is not in this composition buffer.,
component-final-fd363bc50f56142b92b62728,es_only_independent,Au-K-Tb,4,component-final-fd363bc50f56142b92b62728:d0000002-c0,2,0,select_for_evaluation,executed,True,,,,,,unavailable,,0.6,False,,False,False,,,[],[],False,14,,1,The selected hash is not in this composition buffer.,
component-final-fd363bc50f56142b92b62728,es_only_independent,Au-K-Tb,4,component-final-fd363bc50f56142b92b62728:d0000003-c0,3,0,select_for_evaluation,executed,True,,,,,,unavailable,,0.6,False,,False,False,,,[],[],False,14,,1,The selected hash is not in this composition buffer.,
component-final-fd363bc50f56142b92b62728,es_only_independent,Au-K-Tb,4,component-final-fd363bc50f56142b92b62728:d0000004-c0,4,0,select_for_evaluation,executed,True,,,,,,unavailable,,0.6,False,,False,False,,,[],[],False,14,,1,The selected hash is not in this composition buffer.,
component-final-fd363bc50f56142b92b62728,es_only_independent,Au-K-Tb,4,component-final-fd363bc50f56142b92b62728:d0000005-c0,5,0,select_for_evaluation,executed,True,,,,,,unavailable,,0.6,False,,False,False,,,[],[],False,14,,1,The selected hash is not in this composition buffer.,
component-final-fd363bc50f56142b92b62728,es_only_independent,Au-K-Tb,4,component-final-fd363bc50f56142b92b62728:d0000006-c0,6,0,select_for_evaluation,executed,True,,,,,,unavailable,,0.6,False,,False,False,,,[],[],False,14,14,1,,
component-final-fd363bc50f56142b92b62728,es_only_independent,Au-K-Tb,4,component-final-fd363bc50f56142b92b62728:d0000007-c0,7,0,generate_structures,executed,True,,,,,,unavailable,,0.6,False,,False,False,,,[],[],False,18,,1,,
component-final-fd363bc50f56142b92b62728,es_only_independent,Au-K-Tb,4,component-final-fd363bc50f56142b92b62728:d0000008-c0,8,0,select_for_evaluation,executed,True,,,,,,unavailable,,0.6,False,,False,False,,,[],[],False,18,18,1,,
component-final-fd363bc50f56142b92b62728,es_only_independent,Au-K-Tb,4,component-final-fd363bc50f56142b92b62728:d0000009-c0,9,0,select_for_evaluation,executed,True,,,,,,unavailable,,0.6,False,,False,False,,,[],[],False,22,,1,The selected hash is not in this composition buffer.,
component-final-fd363bc50f56142b92b62728,es_only_independent,Au-K-Tb,4,component-final-fd363bc50f56142b92b62728:d0000010-c0,10,0,select_for_evaluation,executed,True,,,,,,unavailable,,0.6,False,,False,False,,,[],[],False,22,22,1,,
component-final-fd363bc50f56142b92b62728,es_only_independent,Au-K-Tb,4,component-final-fd363bc50f56142b92b62728:d0000011-c0,11,0,select_for_evaluation,executed,True,,,,,,unavailable,,0.6,False,,False,False,,,[],[],False,24,24,1,,
component-final-fd363bc50f56142b92b62728,es_only_independent,Au-K-Tb,4,component-final-fd363bc50f56142b92b62728:d0000012-c0,12,0,select_for_evaluation,executed,True,,,,,,unavailable,,0.6,False,,False,False,,,[],[],False,26,26,1,,
component-final-fd363bc50f56142b92b62728,es_only_independent,Au-K-Tb,4,component-final-fd363bc50f56142b92b62728:d0000013-c0,13,0,select_for_evaluation,executed,True,,,,,,unavailable,,0.6,False,,False,False,,,[],[],False,28,28,1,,
component-final-fd363bc50f56142b92b62728,es_only_independent,Au-K-Tb,4,component-final-fd363bc50f56142b92b62728:d0000014-c0,14,0,generate_structures,executed,True,,,,,,unavailable,,0.6,False,,False,False,,,[],[],False,32,,1,,
component-final-fd363bc50f56142b92b62728,es_only_independent,Au-K-Tb,4,component-final-fd363bc50f56142b92b62728:d0000015-c0,15,0,select_for_evaluation,executed,True,,,,,,unavailable,,0.6,False,,False,False,,,[],[],False,32,32,1,,
component-final-fd363bc50f56142b92b62728,es_only_independent,Au-K-Tb,4,component-final-fd363bc50f56142b92b62728:d0000016-c0,16,0,score_buffer,executed,True,,,,,,unavailable,,0.6,False,,False,False,,,[],[],False,36,,1,,
component-final-fd363bc50f56142b92b62728,es_only_independent,Au-K-Tb,4,component-final-fd363bc50f56142b92b62728:d0000017-c0,17,0,select_for_evaluation,executed,True,,,,,,unavailable,,0.6,False,,False,False,,,[],[],False,36,36,1,,
component-final-fd363bc50f56142b92b62728,es_only_independent,Au-K-Tb,4,component-final-fd363bc50f56142b92b62728:d0000018-c0,18,0,,rejected_not_executed,False,,,,,,forced_generation_invalid_not_scalar_NN,1.0,0.6,False,,False,False,,,[],[],True,,,,,
component-final-fd363bc50f56142b92b62728,es_only_independent,Au-K-Tb,4,component-final-fd363bc50f56142b92b62728:d0000018-c1,18,1,generate_structures,executed,True,,,,,,unavailable,,0.6,False,,False,False,,,[],[],False,40,,1,,
component-final-fd363bc50f56142b92b62728,es_only_independent,Au-K-Tb,4,component-final-fd363bc50f56142b92b62728:d0000019-c0,19,0,select_for_evaluation,executed,True,,,,,,unavailable,,0.6,False,,False,False,,,[],[],False,40,40,1,,
component-final-fd363bc50f56142b92b62728,es_only_independent,Au-K-Tb,4,component-final-fd363bc50f56142b92b62728:d0000020-c0,20,0,generate_structures,executed,True,,,,,,unavailable,,0.6,False,,False,False,,,[],[],False,44,,0,,
component-final-fd363bc50f56142b92b62728,es_only_independent,Au-K-Tb,4,component-final-fd363bc50f56142b92b62728:d0000021-c0,21,0,select_for_evaluation,executed,True,,,,,,unavailable,,0.6,False,,False,False,,,[],[],False,44,44,0,,
component-final-309c3c6fb2c047a93c1f8575,es_only_independent,Co-Dy-W,2,component-final-309c3c6fb2c047a93c1f8575:d0000000-c0,0,0,,rejected_not_executed,False,,,,,,forced_generation_invalid_not_scalar_NN,1.0,0.6,False,,False,False,,,[],[],True,,,,,
component-final-309c3c6fb2c047a93c1f8575,es_only_independent,Co-Dy-W,2,component-final-309c3c6fb2c047a93c1f8575:d0000000-c1,0,1,generate_structures,executed,True,,,,,,unavailable,,0.6,False,,False,False,,,[],[],False,4,,1,,
component-final-309c3c6fb2c047a93c1f8575,es_only_independent,Co-Dy-W,2,component-final-309c3c6fb2c047a93c1f8575:d0000001-c0,1,0,select_for_evaluation,executed,True,,,,,,unavailable,,0.6,False,,False,False,,,[],[],False,4,4,1,,
component-final-309c3c6fb2c047a93c1f8575,es_only_independent,Co-Dy-W,2,component-final-309c3c6fb2c047a93c1f8575:d0000002-c0,2,0,score_buffer,executed,True,,,,,,unavailable,,0.6,False,,False,False,,,[],[],False,8,,1,,
component-final-309c3c6fb2c047a93c1f8575,es_only_independent,Co-Dy-W,2,component-final-309c3c6fb2c047a93c1f8575:d0000003-c0,3,0,select_for_evaluation,executed,True,,,,,,unavailable,,0.6,False,,False,False,,,[],[],False,8,8,1,,
component-final-309c3c6fb2c047a93c1f8575,es_only_independent,Co-Dy-W,2,component-final-309c3c6fb2c047a93c1f8575:d0000004-c0,4,0,select_for_evaluation,executed,True,,,,,,unavailable,,0.6,False,,False,False,,,[],[],False,10,10,1,,
component-final-309c3c6fb2c047a93c1f8575,es_only_independent,Co-Dy-W,2,component-final-309c3c6fb2c047a93c1f8575:d0000005-c0,5,0,select_for_evaluation,executed,True,,,,,,unavailable,,0.6,False,,False,False,,,[],[],False,12,12,1,,
component-final-309c3c6fb2c047a93c1f8575,es_only_independent,Co-Dy-W,2,component-final-309c3c6fb2c047a93c1f8575:d0000006-c0,6,0,generate_structures,executed,True,,,,,,unavailable,,0.6,False,,False,False,,,[],[],False,20,,1,,
component-final-309c3c6fb2c047a93c1f8575,es_only_independent,Co-Dy-W,2,component-final-309c3c6fb2c047a93c1f8575:d0000007-c0,7,0,select_for_evaluation,executed,True,,,,,,unavailable,,0.6,False,,False,False,,,[],[],False,20,,1,The selected hash is not in this composition buffer.,
component-final-309c3c6fb2c047a93c1f8575,es_only_independent,Co-Dy-W,2,component-final-309c3c6fb2c047a93c1f8575:d0000008-c0,8,0,select_for_evaluation,executed,True,,,,,,unavailable,,0.6,False,,False,False,,,[],[],False,20,,1,The selected hash is not in this composition buffer.,
component-final-309c3c6fb2c047a93c1f8575,es_only_independent,Co-Dy-W,2,component-final-309c3c6fb2c047a93c1f8575:d0000009-c0,9,0,select_for_evaluation,executed,True,,,,,,unavailable,,0.6,False,,False,False,,,[],[],False,20,20,1,,
component-final-309c3c6fb2c047a93c1f8575,es_only_independent,Co-Dy-W,2,component-final-309c3c6fb2c047a93c1f8575:d0000010-c0,10,0,select_for_evaluation,executed,True,,,,,,unavailable,,0.6,False,,False,False,,,[],[],False,22,22,1,,
component-final-309c3c6fb2c047a93c1f8575,es_only_independent,Co-Dy-W,2,component-final-309c3c6fb2c047a93c1f8575:d0000011-c0,11,0,generate_structures,executed,True,,,,,,unavailable,,0.6,False,,False,False,,,[],[],False,26,,1,,
component-final-309c3c6fb2c047a93c1f8575,es_only_independent,Co-Dy-W,2,component-final-309c3c6fb2c047a93c1f8575:d0000012-c0,12,0,select_for_evaluation,executed,True,,,,,,unavailable,,0.6,False,,False,False,,,[],[],False,26,26,1,,
component-final-309c3c6fb2c047a93c1f8575,es_only_independent,Co-Dy-W,2,component-final-309c3c6fb2c047a93c1f8575:d0000013-c0,13,0,generate_structures,executed,True,,,,,,unavailable,,0.6,False,,False,False,,,[],[],False,30,,1,,
component-final-309c3c6fb2c047a93c1f8575,es_only_independent,Co-Dy-W,2,component-final-309c3c6fb2c047a93c1f8575:d0000014-c0,14,0,select_for_evaluation,executed,True,,,,,,unavailable,,0.6,False,,False,False,,,[],[],False,30,30,1,,
component-final-309c3c6fb2c047a93c1f8575,es_only_independent,Co-Dy-W,2,component-final-309c3c6fb2c047a93c1f8575:d0000015-c0,15,0,,rejected_not_executed,False,,,,,,forced_generation_invalid_not_scalar_NN,1.0,0.6,False,,False,False,,,[],[],True,,,,,
component-final-309c3c6fb2c047a93c1f8575,es_only_independent,Co-Dy-W,2,component-final-309c3c6fb2c047a93c1f8575:d0000015-c1,15,1,generate_structures,executed,True,,,,,,unavailable,,0.6,False,,False,False,,,[],[],False,34,,1,,
component-final-309c3c6fb2c047a93c1f8575,es_only_independent,Co-Dy-W,2,component-final-309c3c6fb2c047a93c1f8575:d0000016-c0,16,0,,rejected_not_executed,False,,,,,,forced_generation_invalid_not_scalar_NN,1.0,0.6,False,,False,False,,,[],[],True,,,,,
component-final-309c3c6fb2c047a93c1f8575,es_only_independent,Co-Dy-W,2,component-final-309c3c6fb2c047a93c1f8575:d0000016-c1,16,1,select_for_evaluation,executed,True,,,,,,unavailable,,0.6,False,,False,False,,,[],[],False,34,34,1,,
component-final-309c3c6fb2c047a93c1f8575,es_only_independent,Co-Dy-W,2,component-final-309c3c6fb2c047a93c1f8575:d0000017-c0,17,0,generate_structures,executed,True,,,,,,unavailable,,0.6,False,,False,False,,,[],[],False,38,,1,,
component-final-309c3c6fb2c047a93c1f8575,es_only_independent,Co-Dy-W,2,component-final-309c3c6fb2c047a93c1f8575:d0000018-c0,18,0,select_for_evaluation,executed,True,,,,,,unavailable,,0.6,False,,False,False,,,[],[],False,38,38,1,,
component-final-ced0af809caafbfd44aa8165,es_only_independent,Co-Dy-W,3,component-final-ced0af809caafbfd44aa8165:d0000000-c0,0,0,generate_structures,executed,True,,,,,,unavailable,,0.6,False,,False,False,,,[],[],False,4,,1,,
component-final-ced0af809caafbfd44aa8165,es_only_independent,Co-Dy-W,3,component-final-ced0af809caafbfd44aa8165:d0000001-c0,1,0,select_for_evaluation,executed,True,,,,,,unavailable,,0.6,False,,False,False,,,[],[],False,4,4,1,,
component-final-ced0af809caafbfd44aa8165,es_only_independent,Co-Dy-W,3,component-final-ced0af809caafbfd44aa8165:d0000002-c0,2,0,generate_structures,executed,True,,,,,,unavailable,,0.6,False,,False,False,,,[],[],False,12,,1,,
component-final-ced0af809caafbfd44aa8165,es_only_independent,Co-Dy-W,3,component-final-ced0af809caafbfd44aa8165:d0000003-c0,3,0,generate_structures,executed,True,,,,,,unavailable,,0.6,False,,False,False,,,[],[],False,12,,1,,
component-final-ced0af809caafbfd44aa8165,es_only_independent,Co-Dy-W,3,component-final-ced0af809caafbfd44aa8165:d0000004-c0,4,0,select_for_evaluation,executed,True,,,,,,unavailable,,0.6,False,,False,False,,,[],[],False,12,,1,The selected hash is not in this composition buffer.,
component-final-ced0af809caafbfd44aa8165,es_only_independent,Co-Dy-W,3,component-final-ced0af809caafbfd44aa8165:d0000005-c0,5,0,select_for_evaluation,executed,True,,,,,,unavailable,,0.6,False,,False,False,,,[],[],False,12,12,1,,
component-final-ced0af809caafbfd44aa8165,es_only_independent,Co-Dy-W,3,component-final-ced0af809caafbfd44aa8165:d0000006-c0,6,0,select_for_evaluation,executed,True,,,,,,unavailable,,0.6,False,,False,False,,,[],[],False,16,,1,The selected hash is not in this composition buffer.,
component-final-ced0af809caafbfd44aa8165,es_only_independent,Co-Dy-W,3,component-final-ced0af809caafbfd44aa8165:d0000007-c0,7,0,select_for_evaluation,executed,True,,,,,,unavailable,,0.6,False,,False,False,,,[],[],False,16,16,1,,
component-final-ced0af809caafbfd44aa8165,es_only_independent,Co-Dy-W,3,component-final-ced0af809caafbfd44aa8165:d0000008-c0,8,0,generate_structures,executed,True,,,,,,unavailable,,0.6,False,,False,False,,,[],[],False,20,,1,,
component-final-ced0af809caafbfd44aa8165,es_only_independent,Co-Dy-W,3,component-final-ced0af809caafbfd44aa8165:d0000009-c0,9,0,select_for_evaluation,executed,True,,,,,,unavailable,,0.6,False,,False,False,,,[],[],False,20,20,1,,
component-final-ced0af809caafbfd44aa8165,es_only_independent,Co-Dy-W,3,component-final-ced0af809caafbfd44aa8165:d0000010-c0,10,0,generate_structures,executed,True,,,,,,unavailable,,0.6,False,,False,False,,,[],[],False,24,,1,,
component-final-ced0af809caafbfd44aa8165,es_only_independent,Co-Dy-W,3,component-final-ced0af809caafbfd44aa8165:d0000011-c0,11,0,select_for_evaluation,executed,True,,,,,,unavailable,,0.6,False,,False,False,,,[],[],False,24,24,1,,
component-final-ced0af809caafbfd44aa8165,es_only_independent,Co-Dy-W,3,component-final-ced0af809caafbfd44aa8165:d0000012-c0,12,0,select_for_evaluation,executed,True,,,,,,unavailable,,0.6,False,,False,False,,,[],[],False,26,26,1,,
component-final-ced0af809caafbfd44aa8165,es_only_independent,Co-Dy-W,3,component-final-ced0af809caafbfd44aa8165:d0000013-c0,13,0,select_for_evaluation,executed,True,,,,,,unavailable,,0.6,False,,False,False,,,[],[],False,28,28,1,,
component-final-ced0af809caafbfd44aa8165,es_only_independent,Co-Dy-W,3,component-final-ced0af809caafbfd44aa8165:d0000014-c0,14,0,generate_structures,executed,True,,,,,,unavailable,,0.6,False,,False,False,,,[],[],False,32,,1,,
component-final-ced0af809caafbfd44aa8165,es_only_independent,Co-Dy-W,3,component-final-ced0af809caafbfd44aa8165:d0000015-c0,15,0,select_for_evaluation,executed,True,,,,,,unavailable,,0.6,False,,False,False,,,[],[],False,32,32,1,,
component-final-ced0af809caafbfd44aa8165,es_only_independent,Co-Dy-W,3,component-final-ced0af809caafbfd44aa8165:d0000016-c0,16,0,generate_structures,executed,True,,,,,,unavailable,,0.6,False,,False,False,,,[],[],False,36,,1,,
component-final-ced0af809caafbfd44aa8165,es_only_independent,Co-Dy-W,3,component-final-ced0af809caafbfd44aa8165:d0000017-c0,17,0,select_for_evaluation,executed,True,,,,,,unavailable,,0.6,False,,False,False,,,[],[],False,36,36,1,,
component-final-ced0af809caafbfd44aa8165,es_only_independent,Co-Dy-W,3,component-final-ced0af809caafbfd44aa8165:d0000018-c0,18,0,score_buffer,executed,True,,,,,,unavailable,,0.6,False,,False,False,,,[],[],False,40,,1,,
component-final-ced0af809caafbfd44aa8165,es_only_independent,Co-Dy-W,3,component-final-ced0af809caafbfd44aa8165:d0000019-c0,19,0,select_for_evaluation,executed,True,,,,,,unavailable,,0.6,False,,False,False,,,[],[],False,40,40,1,,
component-final-60a0f011651058cfacc89f7b,es_only_independent,Co-Dy-W,4,component-final-60a0f011651058cfacc89f7b:d0000000-c0,0,0,generate_structures,executed,True,,,,,,unavailable,,0.6,False,,False,False,,,[],[],False,4,,1,,
component-final-60a0f011651058cfacc89f7b,es_only_independent,Co-Dy-W,4,component-final-60a0f011651058cfacc89f7b:d0000001-c0,1,0,select_for_evaluation,executed,True,,,,,,unavailable,,0.6,False,,False,False,,,[],[],False,4,4,1,,
component-final-60a0f011651058cfacc89f7b,es_only_independent,Co-Dy-W,4,component-final-60a0f011651058cfacc89f7b:d0000002-c0,2,0,select_for_evaluation,executed,True,,,,,,unavailable,,0.6,False,,False,False,,,[],[],False,6,6,1,,
component-final-60a0f011651058cfacc89f7b,es_only_independent,Co-Dy-W,4,component-final-60a0f011651058cfacc89f7b:d0000003-c0,3,0,select_for_evaluation,executed,True,,,,,,unavailable,,0.6,False,,False,False,,,[],[],False,8,8,1,,
component-final-60a0f011651058cfacc89f7b,es_only_independent,Co-Dy-W,4,component-final-60a0f011651058cfacc89f7b:d0000004-c0,4,0,generate_structures,executed,True,,,,,,unavailable,,0.6,False,,False,False,,,[],[],False,16,,1,,
component-final-60a0f011651058cfacc89f7b,es_only_independent,Co-Dy-W,4,component-final-60a0f011651058cfacc89f7b:d0000005-c0,5,0,generate_structures,executed,True,,,,,,unavailable,,0.6,False,,False,False,,,[],[],False,16,,1,,
component-final-60a0f011651058cfacc89f7b,es_only_independent,Co-Dy-W,4,component-final-60a0f011651058cfacc89f7b:d0000006-c0,6,0,generate_structures,executed,True,,,,,,unavailable,,0.6,False,,False,False,,,[],[],False,16,,1,,
component-final-60a0f011651058cfacc89f7b,es_only_independent,Co-Dy-W,4,component-final-60a0f011651058cfacc89f7b:d0000007-c0,7,0,select_for_evaluation,executed,True,,,,,,unavailable,,0.6,False,,False,False,,,[],[],False,16,16,1,,
component-final-60a0f011651058cfacc89f7b,es_only_independent,Co-Dy-W,4,component-final-60a0f011651058cfacc89f7b:d0000008-c0,8,0,select_for_evaluation,executed,True,,,,,,unavailable,,0.6,False,,False,False,,,[],[],False,20,,1,The selected hash is not in this composition buffer.,
component-final-60a0f011651058cfacc89f7b,es_only_independent,Co-Dy-W,4,component-final-60a0f011651058cfacc89f7b:d0000009-c0,9,0,select_for_evaluation,executed,True,,,,,,unavailable,,0.6,False,,False,False,,,[],[],False,20,20,1,,
component-final-60a0f011651058cfacc89f7b,es_only_independent,Co-Dy-W,4,component-final-60a0f011651058cfacc89f7b:d0000010-c0,10,0,select_for_evaluation,executed,True,,,,,,unavailable,,0.6,False,,False,False,,,[],[],False,22,22,1,,
component-final-60a0f011651058cfacc89f7b,es_only_independent,Co-Dy-W,4,component-final-60a0f011651058cfacc89f7b:d0000011-c0,11,0,select_for_evaluation,executed,True,,,,,,unavailable,,0.6,False,,False,False,,,[],[],False,24,24,1,,
component-final-60a0f011651058cfacc89f7b,es_only_independent,Co-Dy-W,4,component-final-60a0f011651058cfacc89f7b:d0000012-c0,12,0,select_for_evaluation,executed,True,,,,,,unavailable,,0.6,False,,False,False,,,[],[],False,26,26,1,,
component-final-60a0f011651058cfacc89f7b,es_only_independent,Co-Dy-W,4,component-final-60a0f011651058cfacc89f7b:d0000013-c0,13,0,score_buffer,executed,True,,,,,,unavailable,,0.6,False,,False,False,,,[],[],False,30,,1,,
component-final-60a0f011651058cfacc89f7b,es_only_independent,Co-Dy-W,4,component-final-60a0f011651058cfacc89f7b:d0000014-c0,14,0,select_for_evaluation,executed,True,,,,,,unavailable,,0.6,False,,False,False,,,[],[],False,30,30,1,,
component-final-60a0f011651058cfacc89f7b,es_only_independent,Co-Dy-W,4,component-final-60a0f011651058cfacc89f7b:d0000015-c0,15,0,select_for_evaluation,executed,True,,,,,,unavailable,,0.6,False,,False,False,,,[],[],False,32,32,1,,
component-final-7cc2c2335ff1e079999ecabb,es_only_independent,Co-Mg-Na,2,component-final-7cc2c2335ff1e079999ecabb:d0000000-c0,0,0,generate_structures,executed,True,,,,,,unavailable,,0.6,False,,False,False,,,[],[],False,4,,1,,
component-final-7cc2c2335ff1e079999ecabb,es_only_independent,Co-Mg-Na,2,component-final-7cc2c2335ff1e079999ecabb:d0000001-c0,1,0,select_for_evaluation,executed,True,,,,,,unavailable,,0.6,False,,False,False,,,[],[],False,4,4,1,,
component-final-7cc2c2335ff1e079999ecabb,es_only_independent,Co-Mg-Na,2,component-final-7cc2c2335ff1e079999ecabb:d0000002-c0,2,0,score_buffer,executed,True,,,,,,unavailable,,0.6,False,,False,False,,,[],[],False,8,,1,,
component-final-7cc2c2335ff1e079999ecabb,es_only_independent,Co-Mg-Na,2,component-final-7cc2c2335ff1e079999ecabb:d0000003-c0,3,0,select_for_evaluation,executed,True,,,,,,unavailable,,0.6,False,,False,False,,,[],[],False,8,8,1,,
component-final-7cc2c2335ff1e079999ecabb,es_only_independent,Co-Mg-Na,2,component-final-7cc2c2335ff1e079999ecabb:d0000004-c0,4,0,select_for_evaluation,executed,True,,,,,,unavailable,,0.6,False,,False,False,,,[],[],False,10,10,1,,
component-final-7cc2c2335ff1e079999ecabb,es_only_independent,Co-Mg-Na,2,component-final-7cc2c2335ff1e079999ecabb:d0000005-c0,5,0,select_for_evaluation,executed,True,,,,,,unavailable,,0.6,False,,False,False,,,[],[],False,12,12,1,,
component-final-7cc2c2335ff1e079999ecabb,es_only_independent,Co-Mg-Na,2,component-final-7cc2c2335ff1e079999ecabb:d0000006-c0,6,0,generate_structures,executed,True,,,,,,unavailable,,0.6,False,,False,False,,,[],[],False,16,,1,,
component-final-7cc2c2335ff1e079999ecabb,es_only_independent,Co-Mg-Na,2,component-final-7cc2c2335ff1e079999ecabb:d0000007-c0,7,0,select_for_evaluation,executed,True,,,,,,unavailable,,0.6,False,,False,False,,,[],[],False,16,16,1,,
component-final-7cc2c2335ff1e079999ecabb,es_only_independent,Co-Mg-Na,2,component-final-7cc2c2335ff1e079999ecabb:d0000008-c0,8,0,score_buffer,executed,True,,,,,,unavailable,,0.6,False,,False,False,,,[],[],False,28,,1,,
component-final-7cc2c2335ff1e079999ecabb,es_only_independent,Co-Mg-Na,2,component-final-7cc2c2335ff1e079999ecabb:d0000009-c0,9,0,select_for_evaluation,executed,True,,,,,,unavailable,,0.6,False,,False,False,,,[],[],False,28,,1,The selected hash is not in this composition buffer.,
component-final-7cc2c2335ff1e079999ecabb,es_only_independent,Co-Mg-Na,2,component-final-7cc2c2335ff1e079999ecabb:d0000010-c0,10,0,select_for_evaluation,executed,True,,,,,,unavailable,,0.6,False,,False,False,,,[],[],False,28,,1,The selected hash is not in this composition buffer.,
component-final-7cc2c2335ff1e079999ecabb,es_only_independent,Co-Mg-Na,2,component-final-7cc2c2335ff1e079999ecabb:d0000011-c0,11,0,select_for_evaluation,executed,True,,,,,,unavailable,,0.6,False,,False,False,,,[],[],False,28,,1,The selected hash is not in this composition buffer.,
component-final-7cc2c2335ff1e079999ecabb,es_only_independent,Co-Mg-Na,2,component-final-7cc2c2335ff1e079999ecabb:d0000012-c0,12,0,select_for_evaluation,executed,True,,,,,,unavailable,,0.6,False,,False,False,,,[],[],False,28,,1,Select an existing buffer composition.,
component-final-7cc2c2335ff1e079999ecabb,es_only_independent,Co-Mg-Na,2,component-final-7cc2c2335ff1e079999ecabb:d0000013-c0,13,0,select_for_evaluation,executed,True,,,,,,unavailable,,0.6,False,,False,False,,,[],[],False,28,28,1,,
component-final-7cc2c2335ff1e079999ecabb,es_only_independent,Co-Mg-Na,2,component-final-7cc2c2335ff1e079999ecabb:d0000014-c0,14,0,select_for_evaluation,executed,True,,,,,,unavailable,,0.6,False,,False,False,,,[],[],False,30,30,1,,
component-final-7cc2c2335ff1e079999ecabb,es_only_independent,Co-Mg-Na,2,component-final-7cc2c2335ff1e079999ecabb:d0000015-c0,15,0,select_for_evaluation,executed,True,,,,,,unavailable,,0.6,False,,False,False,,,[],[],False,32,32,1,,
component-final-7cc2c2335ff1e079999ecabb,es_only_independent,Co-Mg-Na,2,component-final-7cc2c2335ff1e079999ecabb:d0000016-c0,16,0,select_for_evaluation,executed,True,,,,,,unavailable,,0.6,False,,False,False,,,[],[],False,34,34,1,,
component-final-7cc2c2335ff1e079999ecabb,es_only_independent,Co-Mg-Na,2,component-final-7cc2c2335ff1e079999ecabb:d0000017-c0,17,0,select_for_evaluation,executed,True,,,,,,unavailable,,0.6,False,,False,False,,,[],[],False,36,36,1,,
component-final-827fb29e7d467a5c1448a2d5,es_only_independent,Co-Mg-Na,3,component-final-827fb29e7d467a5c1448a2d5:d0000000-c0,0,0,generate_structures,executed,True,,,,,,unavailable,,0.6,False,,False,False,,,[],[],False,4,,1,,
component-final-827fb29e7d467a5c1448a2d5,es_only_independent,Co-Mg-Na,3,component-final-827fb29e7d467a5c1448a2d5:d0000001-c0,1,0,select_for_evaluation,executed,True,,,,,,unavailable,,0.6,False,,False,False,,,[],[],False,4,4,1,,
component-final-827fb29e7d467a5c1448a2d5,es_only_independent,Co-Mg-Na,3,component-final-827fb29e7d467a5c1448a2d5:d0000002-c0,2,0,select_for_evaluation,executed,True,,,,,,unavailable,,0.6,False,,False,False,,,[],[],False,6,6,1,,
component-final-827fb29e7d467a5c1448a2d5,es_only_independent,Co-Mg-Na,3,component-final-827fb29e7d467a5c1448a2d5:d0000003-c0,3,0,generate_structures,executed,True,,,,,,unavailable,,0.6,False,,False,False,,,[],[],False,10,,1,,
component-final-827fb29e7d467a5c1448a2d5,es_only_independent,Co-Mg-Na,3,component-final-827fb29e7d467a5c1448a2d5:d0000004-c0,4,0,select_for_evaluation,executed,True,,,,,,unavailable,,0.6,False,,False,False,,,[],[],False,10,10,1,,
component-final-827fb29e7d467a5c1448a2d5,es_only_independent,Co-Mg-Na,3,component-final-827fb29e7d467a5c1448a2d5:d0000005-c0,5,0,select_for_evaluation,executed,True,,,,,,unavailable,,0.6,False,,False,False,,,[],[],False,14,,1,The selected hash is not in this composition buffer.,
component-final-827fb29e7d467a5c1448a2d5,es_only_independent,Co-Mg-Na,3,component-final-827fb29e7d467a5c1448a2d5:d0000006-c0,6,0,select_for_evaluation,executed,True,,,,,,unavailable,,0.6,False,,False,False,,,[],[],False,14,14,1,,
component-final-827fb29e7d467a5c1448a2d5,es_only_independent,Co-Mg-Na,3,component-final-827fb29e7d467a5c1448a2d5:d0000007-c0,7,0,select_for_evaluation,executed,True,,,,,,unavailable,,0.6,False,,False,False,,,[],[],False,16,16,1,,
component-final-827fb29e7d467a5c1448a2d5,es_only_independent,Co-Mg-Na,3,component-final-827fb29e7d467a5c1448a2d5:d0000008-c0,8,0,generate_structures,executed,True,,,,,,unavailable,,0.6,False,,False,False,,,[],[],False,26,,1,'<' not supported between instances of 'str' and 'float',
component-final-827fb29e7d467a5c1448a2d5,es_only_independent,Co-Mg-Na,3,component-final-827fb29e7d467a5c1448a2d5:d0000009-c0,9,0,generate_structures,executed,True,,,,,,unavailable,,0.6,False,,False,False,,,[],[],False,26,,1,,
component-final-827fb29e7d467a5c1448a2d5,es_only_independent,Co-Mg-Na,3,component-final-827fb29e7d467a5c1448a2d5:d0000010-c0,10,0,generate_structures,executed,True,,,,,,unavailable,,0.6,False,,False,False,,,[],[],False,26,,1,,
component-final-827fb29e7d467a5c1448a2d5,es_only_independent,Co-Mg-Na,3,component-final-827fb29e7d467a5c1448a2d5:d0000011-c0,11,0,score_buffer,executed,True,,,,,,unavailable,,0.6,False,,False,False,,,[],[],False,26,,1,,
component-final-827fb29e7d467a5c1448a2d5,es_only_independent,Co-Mg-Na,3,component-final-827fb29e7d467a5c1448a2d5:d0000012-c0,12,0,select_for_evaluation,executed,True,,,,,,unavailable,,0.6,False,,False,False,,,[],[],False,26,26,1,,
component-final-827fb29e7d467a5c1448a2d5,es_only_independent,Co-Mg-Na,3,component-final-827fb29e7d467a5c1448a2d5:d0000013-c0,13,0,select_for_evaluation,executed,True,,,,,,unavailable,,0.6,False,,False,False,,,[],[],False,28,28,1,,
component-final-827fb29e7d467a5c1448a2d5,es_only_independent,Co-Mg-Na,3,component-final-827fb29e7d467a5c1448a2d5:d0000014-c0,14,0,generate_structures,executed,True,,,,,,unavailable,,0.6,False,,False,False,,,[],[],False,36,,1,,
component-final-827fb29e7d467a5c1448a2d5,es_only_independent,Co-Mg-Na,3,component-final-827fb29e7d467a5c1448a2d5:d0000015-c0,15,0,select_for_evaluation,executed,True,,,,,,unavailable,,0.6,False,,False,False,,,[],[],False,36,,1,Select an existing buffer composition.,
component-final-827fb29e7d467a5c1448a2d5,es_only_independent,Co-Mg-Na,3,component-final-827fb29e7d467a5c1448a2d5:d0000016-c0,16,0,generate_structures,executed,True,,,,,,unavailable,,0.6,False,,False,False,,,[],[],False,36,,1,,
component-final-827fb29e7d467a5c1448a2d5,es_only_independent,Co-Mg-Na,3,component-final-827fb29e7d467a5c1448a2d5:d0000017-c0,17,0,select_for_evaluation,executed,True,,,,,,unavailable,,0.6,False,,False,False,,,[],[],False,36,36,1,,
component-final-827fb29e7d467a5c1448a2d5,es_only_independent,Co-Mg-Na,3,component-final-827fb29e7d467a5c1448a2d5:d0000018-c0,18,0,score_buffer,executed,True,,,,,,unavailable,,0.6,False,,False,False,,,[],[],False,40,,1,,
component-final-827fb29e7d467a5c1448a2d5,es_only_independent,Co-Mg-Na,3,component-final-827fb29e7d467a5c1448a2d5:d0000019-c0,19,0,select_for_evaluation,executed,True,,,,,,unavailable,,0.6,False,,False,False,,,[],[],False,40,40,1,,
component-final-827fb29e7d467a5c1448a2d5,es_only_independent,Co-Mg-Na,3,component-final-827fb29e7d467a5c1448a2d5:d0000020-c0,20,0,score_buffer,executed,True,,,,,,unavailable,,0.6,False,,False,False,,,[],[],False,44,,1,,
component-final-827fb29e7d467a5c1448a2d5,es_only_independent,Co-Mg-Na,3,component-final-827fb29e7d467a5c1448a2d5:d0000021-c0,21,0,select_for_evaluation,executed,True,,,,,,unavailable,,0.6,False,,False,False,,,[],[],False,44,44,1,,
component-final-209f38eb700cca3d60e9efa7,es_only_independent,Co-Mg-Na,4,component-final-209f38eb700cca3d60e9efa7:d0000000-c0,0,0,generate_structures,executed,True,,,,,,unavailable,,0.6,False,,False,False,,,[],[],False,4,,1,,
component-final-209f38eb700cca3d60e9efa7,es_only_independent,Co-Mg-Na,4,component-final-209f38eb700cca3d60e9efa7:d0000001-c0,1,0,select_for_evaluation,executed,True,,,,,,unavailable,,0.6,False,,False,False,,,[],[],False,4,4,1,,
component-final-209f38eb700cca3d60e9efa7,es_only_independent,Co-Mg-Na,4,component-final-209f38eb700cca3d60e9efa7:d0000002-c0,2,0,select_for_evaluation,executed,True,,,,,,unavailable,,0.6,False,,False,False,,,[],[],False,6,6,1,,
component-final-209f38eb700cca3d60e9efa7,es_only_independent,Co-Mg-Na,4,component-final-209f38eb700cca3d60e9efa7:d0000003-c0,3,0,select_for_evaluation,executed,True,,,,,,unavailable,,0.6,False,,False,False,,,[],[],False,8,8,1,,
component-final-209f38eb700cca3d60e9efa7,es_only_independent,Co-Mg-Na,4,component-final-209f38eb700cca3d60e9efa7:d0000004-c0,4,0,generate_structures,executed,True,,,,,,unavailable,,0.6,False,,False,False,,,[],[],False,12,,1,,
component-final-209f38eb700cca3d60e9efa7,es_only_independent,Co-Mg-Na,4,component-final-209f38eb700cca3d60e9efa7:d0000005-c0,5,0,select_for_evaluation,executed,True,,,,,,unavailable,,0.6,False,,False,False,,,[],[],False,12,12,1,,
component-final-209f38eb700cca3d60e9efa7,es_only_independent,Co-Mg-Na,4,component-final-209f38eb700cca3d60e9efa7:d0000006-c0,6,0,select_for_evaluation,executed,True,,,,,,unavailable,,0.6,False,,False,False,,,[],[],False,14,14,1,,
component-final-209f38eb700cca3d60e9efa7,es_only_independent,Co-Mg-Na,4,component-final-209f38eb700cca3d60e9efa7:d0000007-c0,7,0,select_for_evaluation,executed,True,,,,,,unavailable,,0.6,False,,False,False,,,[],[],False,16,16,1,,
component-final-209f38eb700cca3d60e9efa7,es_only_independent,Co-Mg-Na,4,component-final-209f38eb700cca3d60e9efa7:d0000008-c0,8,0,select_for_evaluation,executed,True,,,,,,unavailable,,0.6,False,,False,False,,,[],[],False,18,18,1,,
component-final-209f38eb700cca3d60e9efa7,es_only_independent,Co-Mg-Na,4,component-final-209f38eb700cca3d60e9efa7:d0000009-c0,9,0,score_buffer,executed,True,,,,,,unavailable,,0.6,False,,False,False,,,[],[],False,22,,1,,
component-final-209f38eb700cca3d60e9efa7,es_only_independent,Co-Mg-Na,4,component-final-209f38eb700cca3d60e9efa7:d0000010-c0,10,0,select_for_evaluation,executed,True,,,,,,unavailable,,0.6,False,,False,False,,,[],[],False,22,22,1,,
component-final-209f38eb700cca3d60e9efa7,es_only_independent,Co-Mg-Na,4,component-final-209f38eb700cca3d60e9efa7:d0000011-c0,11,0,select_for_evaluation,executed,True,,,,,,unavailable,,0.6,False,,False,False,,,[],[],False,24,24,1,,
component-final-209f38eb700cca3d60e9efa7,es_only_independent,Co-Mg-Na,4,component-final-209f38eb700cca3d60e9efa7:d0000012-c0,12,0,select_for_evaluation,executed,True,,,,,,unavailable,,0.6,False,,False,False,,,[],[],False,26,26,0,,
support-final-bceab85ac67db411774a2563,full_support_aware,Al-Li-V,2,support-final-bceab85ac67db411774a2563:d0000000-c0,0,0,generate_structures,executed,True,True,succeeded,,True,0.49946722388267517,recorded_diagnostic_scalar_NN,0.49946722388267517,0.6,True,False,False,False,,,[],[],False,4,,1,,
support-final-bceab85ac67db411774a2563,full_support_aware,Al-Li-V,2,support-final-bceab85ac67db411774a2563:d0000001-c0,1,0,select_for_evaluation,executed,True,True,succeeded,,True,0.5006126761436462,recorded_diagnostic_scalar_NN,0.5006126761436462,0.6,True,False,False,False,,,[],[],False,4,4,1,,
support-final-bceab85ac67db411774a2563,full_support_aware,Al-Li-V,2,support-final-bceab85ac67db411774a2563:d0000002-c0,2,0,score_buffer,executed,True,True,succeeded,,True,0.5006564259529114,recorded_diagnostic_scalar_NN,0.5006564259529114,0.6,True,False,False,False,,,[],[],False,8,,1,,
support-final-bceab85ac67db411774a2563,full_support_aware,Al-Li-V,2,support-final-bceab85ac67db411774a2563:d0000003-c0,3,0,select_for_evaluation,executed,True,True,succeeded,,True,0.5011399984359741,recorded_diagnostic_scalar_NN,0.5011399984359741,0.6,True,False,False,False,,,[],[],False,8,8,1,,
support-final-bceab85ac67db411774a2563,full_support_aware,Al-Li-V,2,support-final-bceab85ac67db411774a2563:d0000004-c0,4,0,select_for_evaluation,executed,True,True,succeeded,,True,0.5011362433433533,recorded_diagnostic_scalar_NN,0.5011362433433533,0.6,True,False,False,False,,,[],[],False,10,10,1,,
support-final-bceab85ac67db411774a2563,full_support_aware,Al-Li-V,2,support-final-bceab85ac67db411774a2563:d0000005-c0,5,0,select_for_evaluation,executed,True,True,succeeded,,True,0.5009782314300537,recorded_diagnostic_scalar_NN,0.5009782314300537,0.6,True,False,False,False,,,[],[],False,12,12,1,,
support-final-bceab85ac67db411774a2563,full_support_aware,Al-Li-V,2,support-final-bceab85ac67db411774a2563:d0000006-c0,6,0,generate_structures,executed,True,True,succeeded,,True,0.500893771648407,recorded_diagnostic_scalar_NN,0.500893771648407,0.6,True,False,False,False,,,[],[],False,16,,1,,
support-final-bceab85ac67db411774a2563,full_support_aware,Al-Li-V,2,support-final-bceab85ac67db411774a2563:d0000007-c0,7,0,select_for_evaluation,executed,True,True,succeeded,,True,0.5009227395057678,recorded_diagnostic_scalar_NN,0.5009227395057678,0.6,True,False,False,False,,,[],[],False,16,16,1,,
support-final-bceab85ac67db411774a2563,full_support_aware,Al-Li-V,2,support-final-bceab85ac67db411774a2563:d0000008-c0,8,0,generate_structures,executed,True,True,succeeded,,True,0.5010537505149841,recorded_diagnostic_scalar_NN,0.5010537505149841,0.6,True,False,False,False,,,[],[],False,20,,1,,
support-final-bceab85ac67db411774a2563,full_support_aware,Al-Li-V,2,support-final-bceab85ac67db411774a2563:d0000009-c0,9,0,select_for_evaluation,executed,True,True,succeeded,,True,0.4996519684791565,recorded_diagnostic_scalar_NN,0.4996519684791565,0.6,True,False,False,False,,,[],[],False,20,20,1,,
support-final-bceab85ac67db411774a2563,full_support_aware,Al-Li-V,2,support-final-bceab85ac67db411774a2563:d0000010-c0,10,0,select_for_evaluation,executed,True,True,succeeded,,True,0.49983924627304077,recorded_diagnostic_scalar_NN,0.49983924627304077,0.6,True,False,False,False,,,[],[],False,22,22,1,,
support-final-bceab85ac67db411774a2563,full_support_aware,Al-Li-V,2,support-final-bceab85ac67db411774a2563:d0000011-c0,11,0,,rejected_not_executed,False,False,unavailable,The original parsed emitted action is required; invalid/ambiguous generations have no action target,False,,forced_generation_invalid_not_scalar_NN,,0.6,True,,False,True,generation_invalid,local_schema_validation,[],"[""expected_allowed_tool_and_arguments_object""]",True,,,,,
support-final-bceab85ac67db411774a2563,full_support_aware,Al-Li-V,2,support-final-bceab85ac67db411774a2563:d0000011-c1,11,1,query_structures,executed,True,True,succeeded,,True,0.4997706413269043,recorded_diagnostic_scalar_NN,0.4997706413269043,0.6,True,False,False,False,,,[],[],False,28,,1,,"{""instruction"": ""Repair the JSON/tool/arguments schema. Return one allowed tool with only its documented arguments; do not invent results. Use only the existing retry and tool/query limits."", ""not_a_measured_scientific_result"": true, ""predicted_failure_type"": ""generation_invalid"", ""source"": ""current_candidate_predictions_or_visible_schema_issue"", ""suggested_legal_tool"": {""arguments"": {""composition"": ""Li(AlV)2"", ""k"": 5, ""mode"": ""all""}, ""tool"": ""query_structures""}}"
support-final-bceab85ac67db411774a2563,full_support_aware,Al-Li-V,2,support-final-bceab85ac67db411774a2563:d0000012-c0,12,0,select_for_evaluation,executed,True,True,succeeded,,True,0.499740868806839,recorded_diagnostic_scalar_NN,0.499740868806839,0.6,True,False,False,False,,,[],[],False,28,,1,The selected hash is not in this composition buffer.,
support-final-bceab85ac67db411774a2563,full_support_aware,Al-Li-V,2,support-final-bceab85ac67db411774a2563:d0000013-c0,13,0,select_for_evaluation,executed,True,True,succeeded,,True,0.4998318552970886,recorded_diagnostic_scalar_NN,0.4998318552970886,0.6,True,False,False,False,,,[],[],False,28,28,1,,
support-final-bceab85ac67db411774a2563,full_support_aware,Al-Li-V,2,support-final-bceab85ac67db411774a2563:d0000014-c0,14,0,select_for_evaluation,executed,True,True,succeeded,,True,0.4998475909233093,recorded_diagnostic_scalar_NN,0.4998475909233093,0.6,True,False,False,False,,,[],[],False,32,,1,The selected hash is not in this composition buffer.,
support-final-bceab85ac67db411774a2563,full_support_aware,Al-Li-V,2,support-final-bceab85ac67db411774a2563:d0000015-c0,15,0,select_for_evaluation,executed,True,True,succeeded,,True,0.4998868405818939,recorded_diagnostic_scalar_NN,0.4998868405818939,0.6,True,False,False,False,,,[],[],False,32,32,1,,
support-final-bceab85ac67db411774a2563,full_support_aware,Al-Li-V,2,support-final-bceab85ac67db411774a2563:d0000016-c0,16,0,select_for_evaluation,executed,True,True,succeeded,,True,0.5008798837661743,recorded_diagnostic_scalar_NN,0.5008798837661743,0.6,True,False,False,False,,,[],[],False,34,34,1,,
support-final-2b96c9fd2ded8ff4d3c9fa7b,full_support_aware,Al-Li-V,3,support-final-2b96c9fd2ded8ff4d3c9fa7b:d0000000-c0,0,0,generate_structures,executed,True,True,unavailable,"Current-policy transcoder fidelity gate failed at model.language_model.layers.13.mlp: FVU=0.5107789635658264, defined=True.",False,0.49944666028022766,recorded_diagnostic_scalar_NN,,0.6,True,False,False,False,,,[],[],False,4,,1,,
support-final-2b96c9fd2ded8ff4d3c9fa7b,full_support_aware,Al-Li-V,3,support-final-2b96c9fd2ded8ff4d3c9fa7b:d0000001-c0,1,0,select_for_evaluation,executed,True,True,succeeded,,True,0.5004832744598389,recorded_diagnostic_scalar_NN,0.5004832744598389,0.6,True,False,False,False,,,[],[],False,4,4,1,,
support-final-2b96c9fd2ded8ff4d3c9fa7b,full_support_aware,Al-Li-V,3,support-final-2b96c9fd2ded8ff4d3c9fa7b:d0000002-c0,2,0,select_for_evaluation,executed,True,True,succeeded,,True,0.5007224082946777,recorded_diagnostic_scalar_NN,0.5007224082946777,0.6,True,False,False,False,,,[],[],False,6,6,1,,
support-final-2b96c9fd2ded8ff4d3c9fa7b,full_support_aware,Al-Li-V,3,support-final-2b96c9fd2ded8ff4d3c9fa7b:d0000003-c0,3,0,generate_structures,executed,True,True,succeeded,,True,0.5005048513412476,recorded_diagnostic_scalar_NN,0.5005048513412476,0.6,True,False,False,False,,,[],[],False,10,,1,,
support-final-2b96c9fd2ded8ff4d3c9fa7b,full_support_aware,Al-Li-V,3,support-final-2b96c9fd2ded8ff4d3c9fa7b:d0000004-c0,4,0,select_for_evaluation,executed,True,True,succeeded,,True,0.5007461905479431,recorded_diagnostic_scalar_NN,0.5007461905479431,0.6,True,False,False,False,,,[],[],False,10,10,1,,
support-final-2b96c9fd2ded8ff4d3c9fa7b,full_support_aware,Al-Li-V,3,support-final-2b96c9fd2ded8ff4d3c9fa7b:d0000005-c0,5,0,select_for_evaluation,executed,True,True,succeeded,,True,0.5008957982063293,recorded_diagnostic_scalar_NN,0.5008957982063293,0.6,True,False,False,False,,,[],[],False,12,12,1,,
support-final-2b96c9fd2ded8ff4d3c9fa7b,full_support_aware,Al-Li-V,3,support-final-2b96c9fd2ded8ff4d3c9fa7b:d0000006-c0,6,0,select_for_evaluation,executed,True,True,succeeded,,True,0.5007360577583313,recorded_diagnostic_scalar_NN,0.5007360577583313,0.6,True,False,False,False,,,[],[],False,18,,1,The selected hash is not in this composition buffer.,
support-final-2b96c9fd2ded8ff4d3c9fa7b,full_support_aware,Al-Li-V,3,support-final-2b96c9fd2ded8ff4d3c9fa7b:d0000007-c0,7,0,select_for_evaluation,executed,True,True,succeeded,,True,0.5008349418640137,recorded_diagnostic_scalar_NN,0.5008349418640137,0.6,True,False,False,False,,,[],[],False,18,,1,The selected hash is not in this composition buffer.,
support-final-2b96c9fd2ded8ff4d3c9fa7b,full_support_aware,Al-Li-V,3,support-final-2b96c9fd2ded8ff4d3c9fa7b:d0000008-c0,8,0,select_for_evaluation,executed,True,True,succeeded,,True,0.5005595684051514,recorded_diagnostic_scalar_NN,0.5005595684051514,0.6,True,False,False,False,,,[],[],False,18,18,1,,
support-final-2b96c9fd2ded8ff4d3c9fa7b,full_support_aware,Al-Li-V,3,support-final-2b96c9fd2ded8ff4d3c9fa7b:d0000009-c0,9,0,select_for_evaluation,executed,True,True,succeeded,,True,0.5005133152008057,recorded_diagnostic_scalar_NN,0.5005133152008057,0.6,True,False,False,False,,,[],[],False,20,20,1,,
support-final-2b96c9fd2ded8ff4d3c9fa7b,full_support_aware,Al-Li-V,3,support-final-2b96c9fd2ded8ff4d3c9fa7b:d0000010-c0,10,0,generate_structures,executed,True,True,succeeded,,True,0.500529408454895,recorded_diagnostic_scalar_NN,0.500529408454895,0.6,True,False,False,False,,,[],[],False,24,,1,,
support-final-2b96c9fd2ded8ff4d3c9fa7b,full_support_aware,Al-Li-V,3,support-final-2b96c9fd2ded8ff4d3c9fa7b:d0000011-c0,11,0,select_for_evaluation,executed,True,True,succeeded,,True,0.5009153485298157,recorded_diagnostic_scalar_NN,0.5009153485298157,0.6,True,False,False,False,,,[],[],False,24,24,1,,
support-final-2b96c9fd2ded8ff4d3c9fa7b,full_support_aware,Al-Li-V,3,support-final-2b96c9fd2ded8ff4d3c9fa7b:d0000012-c0,12,0,select_for_evaluation,executed,True,True,succeeded,,True,0.49991846084594727,recorded_diagnostic_scalar_NN,0.49991846084594727,0.6,True,False,False,True,unstable,predicted_failure_type,"[""unstable""]",[],True,28,,1,The selected hash is not in this composition buffer.,
support-final-2b96c9fd2ded8ff4d3c9fa7b,full_support_aware,Al-Li-V,3,support-final-2b96c9fd2ded8ff4d3c9fa7b:d0000012-c1,12,1,generate_structures,rejected_not_executed,True,True,unavailable,"Current-policy transcoder fidelity gate failed at model.language_model.layers.13.mlp: FVU=0.5002838969230652, defined=True.",False,0.5007582306861877,recorded_diagnostic_scalar_NN,,0.6,True,False,False,False,,,[],[],False,,,,,"{""instruction"": ""Compare candidates using finite existing scores, or propose a different valid candidate. Surrogate scores do not establish final stability. Use only the existing retry and tool/query limits."", ""not_a_measured_scientific_result"": true, ""predicted_failure_type"": ""unstable"", ""source"": ""current_candidate_predictions_or_visible_schema_issue"", ""suggested_legal_tool"": {""arguments"": {""composition"": ""Li3AlV2"", ""k"": 5, ""mode"": ""all""}, ""tool"": ""query_structures""}}"
support-final-2b96c9fd2ded8ff4d3c9fa7b,full_support_aware,Al-Li-V,3,support-final-2b96c9fd2ded8ff4d3c9fa7b:d0000013-c0,13,0,select_for_evaluation,executed,True,True,succeeded,,True,0.5005893707275391,recorded_diagnostic_scalar_NN,0.5005893707275391,0.6,True,False,False,False,,,[],[],False,28,28,1,,
support-final-2b96c9fd2ded8ff4d3c9fa7b,full_support_aware,Al-Li-V,3,support-final-2b96c9fd2ded8ff4d3c9fa7b:d0000014-c0,14,0,select_for_evaluation,rejected_not_executed,False,False,unavailable,The exact emitted action JSON span is missing or ambiguous,False,,forced_generation_invalid_not_scalar_NN,,0.6,True,,False,True,generation_invalid,local_schema_validation,[],"[""expected_allowed_tool_and_arguments_object""]",True,,,,,
support-final-2b96c9fd2ded8ff4d3c9fa7b,full_support_aware,Al-Li-V,3,support-final-2b96c9fd2ded8ff4d3c9fa7b:d0000014-c1,14,1,query_structures,executed,True,True,succeeded,,True,0.4996865689754486,recorded_diagnostic_scalar_NN,0.4996865689754486,0.6,True,False,False,False,,,[],[],False,32,,1,,"{""instruction"": ""Repair the JSON/tool/arguments schema. Return one allowed tool with only its documented arguments; do not invent results. Use only the existing retry and tool/query limits."", ""not_a_measured_scientific_result"": true, ""predicted_failure_type"": ""generation_invalid"", ""source"": ""current_candidate_predictions_or_visible_schema_issue"", ""suggested_legal_tool"": {""arguments"": {""composition"": ""Li2AlV"", ""k"": 5, ""mode"": ""all""}, ""tool"": ""query_structures""}}"
support-final-2b96c9fd2ded8ff4d3c9fa7b,full_support_aware,Al-Li-V,3,support-final-2b96c9fd2ded8ff4d3c9fa7b:d0000015-c0,15,0,select_for_evaluation,executed,True,True,succeeded,,True,0.4997304379940033,recorded_diagnostic_scalar_NN,0.4997304379940033,0.6,True,False,False,False,,,[],[],False,32,32,1,,
support-final-2b96c9fd2ded8ff4d3c9fa7b,full_support_aware,Al-Li-V,3,support-final-2b96c9fd2ded8ff4d3c9fa7b:d0000016-c0,16,0,generate_structures,executed,True,True,succeeded,,True,0.4997212588787079,recorded_diagnostic_scalar_NN,0.4997212588787079,0.6,True,False,False,False,,,[],[],False,36,,1,,
support-final-2b96c9fd2ded8ff4d3c9fa7b,full_support_aware,Al-Li-V,3,support-final-2b96c9fd2ded8ff4d3c9fa7b:d0000017-c0,17,0,select_for_evaluation,executed,True,True,succeeded,,True,0.4998401403427124,recorded_diagnostic_scalar_NN,0.4998401403427124,0.6,True,False,False,False,,,[],[],False,36,36,1,,
support-final-cda0e2a385af0e786df7d24a,full_support_aware,Al-Li-V,4,support-final-cda0e2a385af0e786df7d24a:d0000000-c0,0,0,generate_structures,executed,True,True,succeeded,,True,0.49955257773399353,recorded_diagnostic_scalar_NN,0.49955257773399353,0.6,True,False,False,False,,,[],[],False,4,,1,,
support-final-cda0e2a385af0e786df7d24a,full_support_aware,Al-Li-V,4,support-final-cda0e2a385af0e786df7d24a:d0000001-c0,1,0,select_for_evaluation,executed,True,True,succeeded,,True,0.5006508231163025,recorded_diagnostic_scalar_NN,0.5006508231163025,0.6,True,False,False,True,not_new,predicted_failure_type,"[""not_new""]",[],True,4,4,1,,
support-final-cda0e2a385af0e786df7d24a,full_support_aware,Al-Li-V,4,support-final-cda0e2a385af0e786df7d24a:d0000001-c1,1,1,select_for_evaluation,rejected_not_executed,True,True,unavailable,"Current-policy transcoder fidelity gate failed at model.language_model.layers.13.mlp: FVU=0.5015299320220947, defined=True.",False,0.5008736848831177,recorded_diagnostic_scalar_NN,,0.6,True,False,False,False,,,[],[],False,,,,,"{""instruction"": ""Prefer a different buffered structure_hash or generate a new candidate. A different hash alone does not establish scientific novelty. Use only the existing retry and tool/query limits."", ""not_a_measured_scientific_result"": true, ""predicted_failure_type"": ""not_new"", ""source"": ""current_candidate_predictions_or_visible_schema_issue"", ""suggested_legal_tool"": {""arguments"": {""composition"": ""Li2AlV2"", ""structure_hash"": ""36199726228c222dfa943018b5448613bbeb0f6d7c3f85223dee0bb7973ad6e9""}, ""tool"": ""select_for_evaluation""}}"
support-final-cda0e2a385af0e786df7d24a,full_support_aware,Al-Li-V,4,support-final-cda0e2a385af0e786df7d24a:d0000002-c0,2,0,select_for_evaluation,executed,True,True,succeeded,,True,0.5007052421569824,recorded_diagnostic_scalar_NN,0.5007052421569824,0.6,True,False,False,False,,,[],[],False,6,6,1,,
support-final-cda0e2a385af0e786df7d24a,full_support_aware,Al-Li-V,4,support-final-cda0e2a385af0e786df7d24a:d0000003-c0,3,0,select_for_evaluation,executed,True,True,succeeded,,True,0.5006878972053528,recorded_diagnostic_scalar_NN,0.5006878972053528,0.6,True,False,False,False,,,[],[],False,16,,0,The selected hash is not in this composition buffer.,
support-final-cda0e2a385af0e786df7d24a,full_support_aware,Al-Li-V,4,support-final-cda0e2a385af0e786df7d24a:d0000004-c0,4,0,generate_structures,executed,True,True,succeeded,,True,0.5007257461547852,recorded_diagnostic_scalar_NN,0.5007257461547852,0.6,True,False,False,False,,,[],[],False,16,,0,,
support-final-cda0e2a385af0e786df7d24a,full_support_aware,Al-Li-V,4,support-final-cda0e2a385af0e786df7d24a:d0000005-c0,5,0,generate_structures,executed,True,True,succeeded,,True,0.5006732940673828,recorded_diagnostic_scalar_NN,0.5006732940673828,0.6,True,False,False,False,,,[],[],False,16,,0,,
support-final-cda0e2a385af0e786df7d24a,full_support_aware,Al-Li-V,4,support-final-cda0e2a385af0e786df7d24a:d0000006-c0,6,0,generate_structures,executed,True,True,succeeded,,True,0.5008808970451355,recorded_diagnostic_scalar_NN,0.5008808970451355,0.6,True,False,False,False,,,[],[],False,16,,0,,
support-final-cda0e2a385af0e786df7d24a,full_support_aware,Al-Li-V,4,support-final-cda0e2a385af0e786df7d24a:d0000007-c0,7,0,select_for_evaluation,executed,True,True,succeeded,,True,0.5011753439903259,recorded_diagnostic_scalar_NN,0.5011753439903259,0.6,True,False,False,False,,,[],[],False,16,16,0,,
support-final-cda0e2a385af0e786df7d24a,full_support_aware,Al-Li-V,4,support-final-cda0e2a385af0e786df7d24a:d0000008-c0,8,0,select_for_evaluation,executed,True,True,succeeded,,True,0.5012467503547668,recorded_diagnostic_scalar_NN,0.5012467503547668,0.6,True,False,False,False,,,[],[],False,18,18,0,,
support-final-cda0e2a385af0e786df7d24a,full_support_aware,Al-Li-V,4,support-final-cda0e2a385af0e786df7d24a:d0000009-c0,9,0,select_for_evaluation,executed,True,True,succeeded,,True,0.5010692477226257,recorded_diagnostic_scalar_NN,0.5010692477226257,0.6,True,False,False,False,,,[],[],False,20,20,1,,
support-final-cda0e2a385af0e786df7d24a,full_support_aware,Al-Li-V,4,support-final-cda0e2a385af0e786df7d24a:d0000010-c0,10,0,select_for_evaluation,executed,True,True,succeeded,,True,0.5009515285491943,recorded_diagnostic_scalar_NN,0.5009515285491943,0.6,True,False,False,False,,,[],[],False,22,22,1,,
support-final-cda0e2a385af0e786df7d24a,full_support_aware,Al-Li-V,4,support-final-cda0e2a385af0e786df7d24a:d0000011-c0,11,0,select_for_evaluation,executed,True,True,succeeded,,True,0.5007044672966003,recorded_diagnostic_scalar_NN,0.5007044672966003,0.6,True,False,False,False,,,[],[],False,24,24,1,,
support-final-cda0e2a385af0e786df7d24a,full_support_aware,Al-Li-V,4,support-final-cda0e2a385af0e786df7d24a:d0000012-c0,12,0,,rejected_not_executed,False,False,unavailable,The original parsed emitted action is required; invalid/ambiguous generations have no action target,False,,forced_generation_invalid_not_scalar_NN,,0.6,True,,False,True,generation_invalid,local_schema_validation,[],"[""expected_allowed_tool_and_arguments_object""]",True,,,,,
support-final-cda0e2a385af0e786df7d24a,full_support_aware,Al-Li-V,4,support-final-cda0e2a385af0e786df7d24a:d0000012-c1,12,1,query_structures,executed,True,True,unavailable,"Current-policy transcoder fidelity gate failed at model.language_model.layers.13.mlp: FVU=0.5020771622657776, defined=True.",False,0.5006439685821533,recorded_diagnostic_scalar_NN,,0.6,True,False,False,False,,,[],[],False,36,,1,,"{""instruction"": ""Repair the JSON/tool/arguments schema. Return one allowed tool with only its documented arguments; do not invent results. Use only the existing retry and tool/query limits."", ""not_a_measured_scientific_result"": true, ""predicted_failure_type"": ""generation_invalid"", ""source"": ""current_candidate_predictions_or_visible_schema_issue"", ""suggested_legal_tool"": {""arguments"": {""composition"": ""Li2AlV2"", ""k"": 5, ""mode"": ""all""}, ""tool"": ""query_structures""}}"
support-final-cda0e2a385af0e786df7d24a,full_support_aware,Al-Li-V,4,support-final-cda0e2a385af0e786df7d24a:d0000013-c0,13,0,select_for_evaluation,executed,True,True,succeeded,,True,0.49987712502479553,recorded_diagnostic_scalar_NN,0.49987712502479553,0.6,True,False,False,False,,,[],[],False,36,,1,The selected hash is not in this composition buffer.,
support-final-cda0e2a385af0e786df7d24a,full_support_aware,Al-Li-V,4,support-final-cda0e2a385af0e786df7d24a:d0000014-c0,14,0,select_for_evaluation,executed,True,True,succeeded,,True,0.4998161196708679,recorded_diagnostic_scalar_NN,0.4998161196708679,0.6,True,False,False,False,,,[],[],False,36,,1,The selected hash is not in this composition buffer.,
support-final-cda0e2a385af0e786df7d24a,full_support_aware,Al-Li-V,4,support-final-cda0e2a385af0e786df7d24a:d0000015-c0,15,0,select_for_evaluation,executed,True,True,succeeded,,True,0.4998624622821808,recorded_diagnostic_scalar_NN,0.4998624622821808,0.6,True,False,False,False,,,[],[],False,36,,1,The selected hash is not in this composition buffer.,
support-final-cda0e2a385af0e786df7d24a,full_support_aware,Al-Li-V,4,support-final-cda0e2a385af0e786df7d24a:d0000016-c0,16,0,select_for_evaluation,executed,True,True,succeeded,,True,0.49983423948287964,recorded_diagnostic_scalar_NN,0.49983423948287964,0.6,True,False,False,False,,,[],[],False,36,,1,The selected hash is not in this composition buffer.,
support-final-cda0e2a385af0e786df7d24a,full_support_aware,Al-Li-V,4,support-final-cda0e2a385af0e786df7d24a:d0000017-c0,17,0,select_for_evaluation,executed,True,True,succeeded,,True,0.5008009076118469,recorded_diagnostic_scalar_NN,0.5008009076118469,0.6,True,False,False,False,,,[],[],False,36,36,1,,
support-final-cda0e2a385af0e786df7d24a,full_support_aware,Al-Li-V,4,support-final-cda0e2a385af0e786df7d24a:d0000018-c0,18,0,generate_structures,executed,True,True,succeeded,,True,0.500623881816864,recorded_diagnostic_scalar_NN,0.500623881816864,0.6,True,False,False,False,,,[],[],False,40,,1,,
support-final-cda0e2a385af0e786df7d24a,full_support_aware,Al-Li-V,4,support-final-cda0e2a385af0e786df7d24a:d0000019-c0,19,0,select_for_evaluation,executed,True,True,succeeded,,True,0.5008717775344849,recorded_diagnostic_scalar_NN,0.5008717775344849,0.6,True,False,False,False,,,[],[],False,40,40,1,,
support-final-cda0e2a385af0e786df7d24a,full_support_aware,Al-Li-V,4,support-final-cda0e2a385af0e786df7d24a:d0000020-c0,20,0,select_for_evaluation,executed,True,True,succeeded,,True,0.4997902810573578,recorded_diagnostic_scalar_NN,0.4997902810573578,0.6,True,False,False,False,,,[],[],False,42,42,1,,
support-final-ca740c106b65301c3c20f121,full_support_aware,Al-V-Zn,2,support-final-ca740c106b65301c3c20f121:d0000000-c0,0,0,,rejected_not_executed,False,False,unavailable,The original parsed emitted action is required; invalid/ambiguous generations have no action target,False,,forced_generation_invalid_not_scalar_NN,,0.6,True,,False,True,generation_invalid,local_schema_validation,[],"[""expected_allowed_tool_and_arguments_object""]",True,,,,,
support-final-ca740c106b65301c3c20f121,full_support_aware,Al-V-Zn,2,support-final-ca740c106b65301c3c20f121:d0000000-c1,0,1,get_buffer_stats,executed,True,True,unavailable,"Current-policy transcoder fidelity gate failed at model.language_model.layers.12.mlp: FVU=0.5083498954772949, defined=True.",False,0.4996658265590668,recorded_diagnostic_scalar_NN,,0.6,True,False,False,False,,,[],[],False,6,,0,,"{""instruction"": ""Repair the JSON/tool/arguments schema. Return one allowed tool with only its documented arguments; do not invent results. Use only the existing retry and tool/query limits."", ""not_a_measured_scientific_result"": true, ""predicted_failure_type"": ""generation_invalid"", ""source"": ""current_candidate_predictions_or_visible_schema_issue"", ""suggested_legal_tool"": {""arguments"": {}, ""tool"": ""get_buffer_stats""}}"
support-final-ca740c106b65301c3c20f121,full_support_aware,Al-V-Zn,2,support-final-ca740c106b65301c3c20f121:d0000001-c0,1,0,,rejected_not_executed,False,False,unavailable,The original parsed emitted action is required; invalid/ambiguous generations have no action target,False,,forced_generation_invalid_not_scalar_NN,,0.6,True,,False,True,generation_invalid,local_schema_validation,[],"[""expected_allowed_tool_and_arguments_object""]",True,,,,,
support-final-ca740c106b65301c3c20f121,full_support_aware,Al-V-Zn,2,support-final-ca740c106b65301c3c20f121:d0000001-c1,1,1,generate_structures,executed,True,True,unavailable,"Current-policy transcoder fidelity gate failed at model.language_model.layers.12.mlp: FVU=0.524232804775238, defined=True.",False,0.49960798025131226,recorded_diagnostic_scalar_NN,,0.6,True,False,False,False,,,[],[],False,6,,0,,"{""instruction"": ""Repair the JSON/tool/arguments schema. Return one allowed tool with only its documented arguments; do not invent results. Use only the existing retry and tool/query limits."", ""not_a_measured_scientific_result"": true, ""predicted_failure_type"": ""generation_invalid"", ""source"": ""current_candidate_predictions_or_visible_schema_issue"", ""suggested_legal_tool"": {""arguments"": {}, ""tool"": ""get_buffer_stats""}}"
support-final-ca740c106b65301c3c20f121,full_support_aware,Al-V-Zn,2,support-final-ca740c106b65301c3c20f121:d0000002-c0,2,0,select_for_evaluation,executed,True,True,succeeded,,True,0.5008471608161926,recorded_diagnostic_scalar_NN,0.5008471608161926,0.6,True,False,False,False,,,[],[],False,6,6,0,,
support-final-ca740c106b65301c3c20f121,full_support_aware,Al-V-Zn,2,support-final-ca740c106b65301c3c20f121:d0000003-c0,3,0,select_for_evaluation,executed,True,True,succeeded,,True,0.5007485747337341,recorded_diagnostic_scalar_NN,0.5007485747337341,0.6,True,False,False,False,,,[],[],False,8,8,1,,
support-final-ca740c106b65301c3c20f121,full_support_aware,Al-V-Zn,2,support-final-ca740c106b65301c3c20f121:d0000004-c0,4,0,select_for_evaluation,executed,True,True,succeeded,,True,0.5007327198982239,recorded_diagnostic_scalar_NN,0.5007327198982239,0.6,True,False,False,False,,,[],[],False,10,10,1,,
support-final-ca740c106b65301c3c20f121,full_support_aware,Al-V-Zn,2,support-final-ca740c106b65301c3c20f121:d0000005-c0,5,0,select_for_evaluation,executed,True,True,succeeded,,True,0.5005000829696655,recorded_diagnostic_scalar_NN,0.5005000829696655,0.6,True,False,False,False,,,[],[],False,12,12,1,,
support-final-ca740c106b65301c3c20f121,full_support_aware,Al-V-Zn,2,support-final-ca740c106b65301c3c20f121:d0000006-c0,6,0,generate_structures,executed,True,True,succeeded,,True,0.5004857182502747,recorded_diagnostic_scalar_NN,0.5004857182502747,0.6,True,False,False,False,,,[],[],False,16,,0,,
support-final-ca740c106b65301c3c20f121,full_support_aware,Al-V-Zn,2,support-final-ca740c106b65301c3c20f121:d0000007-c0,7,0,select_for_evaluation,executed,True,True,succeeded,,True,0.5006605982780457,recorded_diagnostic_scalar_NN,0.5006605982780457,0.6,True,False,False,False,,,[],[],False,16,16,0,,
support-final-ca740c106b65301c3c20f121,full_support_aware,Al-V-Zn,2,support-final-ca740c106b65301c3c20f121:d0000008-c0,8,0,generate_structures,executed,True,True,succeeded,,True,0.5006742477416992,recorded_diagnostic_scalar_NN,0.5006742477416992,0.6,True,False,False,False,,,[],[],False,20,,1,,
support-final-ca740c106b65301c3c20f121,full_support_aware,Al-V-Zn,2,support-final-ca740c106b65301c3c20f121:d0000009-c0,9,0,select_for_evaluation,executed,True,True,succeeded,,True,0.501052975654602,recorded_diagnostic_scalar_NN,0.501052975654602,0.6,True,False,False,False,,,[],[],False,20,20,1,,
support-final-ca740c106b65301c3c20f121,full_support_aware,Al-V-Zn,2,support-final-ca740c106b65301c3c20f121:d0000010-c0,10,0,select_for_evaluation,executed,True,True,succeeded,,True,0.4997127652168274,recorded_diagnostic_scalar_NN,0.4997127652168274,0.6,True,False,False,False,,,[],[],False,22,22,0,,
support-final-ca740c106b65301c3c20f121,full_support_aware,Al-V-Zn,2,support-final-ca740c106b65301c3c20f121:d0000011-c0,11,0,generate_structures,executed,True,True,succeeded,,True,0.5008577704429626,recorded_diagnostic_scalar_NN,0.5008577704429626,0.6,True,False,False,False,,,[],[],False,26,,0,,
support-final-ca740c106b65301c3c20f121,full_support_aware,Al-V-Zn,2,support-final-ca740c106b65301c3c20f121:d0000012-c0,12,0,select_for_evaluation,executed,True,True,succeeded,,True,0.4995424151420593,recorded_diagnostic_scalar_NN,0.4995424151420593,0.6,True,False,False,False,,,[],[],False,26,26,0,,
support-final-ca740c106b65301c3c20f121,full_support_aware,Al-V-Zn,2,support-final-ca740c106b65301c3c20f121:d0000013-c0,13,0,select_for_evaluation,executed,True,True,succeeded,,True,0.5010510683059692,recorded_diagnostic_scalar_NN,0.5010510683059692,0.6,True,False,False,False,,,[],[],False,28,28,1,,
support-final-ca740c106b65301c3c20f121,full_support_aware,Al-V-Zn,2,support-final-ca740c106b65301c3c20f121:d0000014-c0,14,0,select_for_evaluation,executed,True,True,succeeded,,True,0.5010320544242859,recorded_diagnostic_scalar_NN,0.5010320544242859,0.6,True,False,False,False,,,[],[],False,30,30,1,,
support-final-c3b9e4053e380cd376460042,full_support_aware,Al-V-Zn,3,support-final-c3b9e4053e380cd376460042:d0000000-c0,0,0,generate_structures,executed,True,True,succeeded,,True,0.4990677237510681,recorded_diagnostic_scalar_NN,0.4990677237510681,0.6,True,False,False,False,,,[],[],False,4,,0,,
support-final-c3b9e4053e380cd376460042,full_support_aware,Al-V-Zn,3,support-final-c3b9e4053e380cd376460042:d0000001-c0,1,0,select_for_evaluation,executed,True,True,succeeded,,True,0.5006702542304993,recorded_diagnostic_scalar_NN,0.5006702542304993,0.6,True,False,False,False,,,[],[],False,4,4,0,,
support-final-c3b9e4053e380cd376460042,full_support_aware,Al-V-Zn,3,support-final-c3b9e4053e380cd376460042:d0000002-c0,2,0,select_for_evaluation,executed,True,True,succeeded,,True,0.5009490251541138,recorded_diagnostic_scalar_NN,0.5009490251541138,0.6,True,False,False,False,,,[],[],False,10,,1,The selected hash is not in this composition buffer.,
support-final-c3b9e4053e380cd376460042,full_support_aware,Al-V-Zn,3,support-final-c3b9e4053e380cd376460042:d0000003-c0,3,0,generate_structures,executed,True,True,succeeded,,True,0.5007372498512268,recorded_diagnostic_scalar_NN,0.5007372498512268,0.6,True,False,False,False,,,[],[],False,10,,1,,
support-final-c3b9e4053e380cd376460042,full_support_aware,Al-V-Zn,3,support-final-c3b9e4053e380cd376460042:d0000004-c0,4,0,select_for_evaluation,executed,True,True,succeeded,,True,0.5012062788009644,recorded_diagnostic_scalar_NN,0.5012062788009644,0.6,True,False,False,False,,,[],[],False,10,10,1,,
support-final-c3b9e4053e380cd376460042,full_support_aware,Al-V-Zn,3,support-final-c3b9e4053e380cd376460042:d0000005-c0,5,0,select_for_evaluation,executed,True,True,succeeded,,True,0.500864565372467,recorded_diagnostic_scalar_NN,0.500864565372467,0.6,True,False,False,False,,,[],[],False,16,,0,The selected hash is not in this composition buffer.,
support-final-c3b9e4053e380cd376460042,full_support_aware,Al-V-Zn,3,support-final-c3b9e4053e380cd376460042:d0000006-c0,6,0,generate_structures,executed,True,True,succeeded,,True,0.5008439421653748,recorded_diagnostic_scalar_NN,0.5008439421653748,0.6,True,False,False,False,,,[],[],False,16,,0,,
support-final-c3b9e4053e380cd376460042,full_support_aware,Al-V-Zn,3,support-final-c3b9e4053e380cd376460042:d0000007-c0,7,0,select_for_evaluation,executed,True,True,succeeded,,True,0.5012679100036621,recorded_diagnostic_scalar_NN,0.5012679100036621,0.6,True,False,False,False,,,[],[],False,16,16,0,,
support-final-c3b9e4053e380cd376460042,full_support_aware,Al-V-Zn,3,support-final-c3b9e4053e380cd376460042:d0000008-c0,8,0,generate_structures,executed,True,True,succeeded,,True,0.500815749168396,recorded_diagnostic_scalar_NN,0.500815749168396,0.6,True,False,False,False,,,[],[],False,22,,0,,
support-final-c3b9e4053e380cd376460042,full_support_aware,Al-V-Zn,3,support-final-c3b9e4053e380cd376460042:d0000009-c0,9,0,generate_structures,executed,True,True,succeeded,,True,0.5010110139846802,recorded_diagnostic_scalar_NN,0.5010110139846802,0.6,True,False,False,False,,,[],[],False,22,,0,,
support-final-c3b9e4053e380cd376460042,full_support_aware,Al-V-Zn,3,support-final-c3b9e4053e380cd376460042:d0000010-c0,10,0,select_for_evaluation,executed,True,True,succeeded,,True,0.4997164309024811,recorded_diagnostic_scalar_NN,0.4997164309024811,0.6,True,False,False,False,,,[],[],False,22,22,0,,
support-final-c3b9e4053e380cd376460042,full_support_aware,Al-V-Zn,3,support-final-c3b9e4053e380cd376460042:d0000011-c0,11,0,select_for_evaluation,executed,True,True,succeeded,,True,0.5009039044380188,recorded_diagnostic_scalar_NN,0.5009039044380188,0.6,True,False,False,False,,,[],[],False,24,24,1,,
support-final-c3b9e4053e380cd376460042,full_support_aware,Al-V-Zn,3,support-final-c3b9e4053e380cd376460042:d0000012-c0,12,0,select_for_evaluation,executed,True,True,succeeded,,True,0.5009639859199524,recorded_diagnostic_scalar_NN,0.5009639859199524,0.6,True,False,False,False,,,[],[],False,26,26,0,,
support-final-c3b9e4053e380cd376460042,full_support_aware,Al-V-Zn,3,support-final-c3b9e4053e380cd376460042:d0000013-c0,13,0,select_for_evaluation,executed,True,True,succeeded,,True,0.5009726881980896,recorded_diagnostic_scalar_NN,0.5009726881980896,0.6,True,False,False,False,,,[],[],False,28,28,1,,
support-final-c3b9e4053e380cd376460042,full_support_aware,Al-V-Zn,3,support-final-c3b9e4053e380cd376460042:d0000014-c0,14,0,select_for_evaluation,executed,True,True,succeeded,,True,0.500723123550415,recorded_diagnostic_scalar_NN,0.500723123550415,0.6,True,False,False,False,,,[],[],False,30,30,1,,
support-final-c3b9e4053e380cd376460042,full_support_aware,Al-V-Zn,3,support-final-c3b9e4053e380cd376460042:d0000015-c0,15,0,select_for_evaluation,executed,True,True,unavailable,"Current-policy transcoder fidelity gate failed at model.language_model.layers.16.mlp: FVU=0.5004452466964722, defined=True.",False,0.5007379651069641,recorded_diagnostic_scalar_NN,,0.6,True,False,False,False,,,[],[],False,32,32,1,,
support-final-c3b9e4053e380cd376460042,full_support_aware,Al-V-Zn,3,support-final-c3b9e4053e380cd376460042:d0000016-c0,16,0,generate_structures,executed,True,True,succeeded,,True,0.5006338357925415,recorded_diagnostic_scalar_NN,0.5006338357925415,0.6,True,False,False,False,,,[],[],False,36,,1,,
support-final-c3b9e4053e380cd376460042,full_support_aware,Al-V-Zn,3,support-final-c3b9e4053e380cd376460042:d0000017-c0,17,0,select_for_evaluation,executed,True,True,succeeded,,True,0.5008046627044678,recorded_diagnostic_scalar_NN,0.5008046627044678,0.6,True,False,False,False,,,[],[],False,36,36,1,,
support-final-8d9484c7a3dc0a3085dccdab,full_support_aware,Al-V-Zn,4,support-final-8d9484c7a3dc0a3085dccdab:d0000000-c0,0,0,generate_structures,executed,True,True,succeeded,,True,0.4994620382785797,recorded_diagnostic_scalar_NN,0.4994620382785797,0.6,True,False,False,False,,,[],[],False,4,,0,,
support-final-8d9484c7a3dc0a3085dccdab,full_support_aware,Al-V-Zn,4,support-final-8d9484c7a3dc0a3085dccdab:d0000001-c0,1,0,select_for_evaluation,executed,True,True,succeeded,,True,0.5008561611175537,recorded_diagnostic_scalar_NN,0.5008561611175537,0.6,True,False,False,True,not_new,predicted_failure_type,"[""not_new""]",[],True,4,4,0,,
support-final-8d9484c7a3dc0a3085dccdab,full_support_aware,Al-V-Zn,4,support-final-8d9484c7a3dc0a3085dccdab:d0000001-c1,1,1,select_for_evaluation,rejected_not_executed,True,True,unavailable,"Current-policy transcoder fidelity gate failed at model.language_model.layers.13.mlp: FVU=0.5060874223709106, defined=True.",False,0.5008910894393921,recorded_diagnostic_scalar_NN,,0.6,True,False,False,False,,,[],[],False,,,,,"{""instruction"": ""Prefer a different buffered structure_hash or generate a new candidate. A different hash alone does not establish scientific novelty. Use only the existing retry and tool/query limits."", ""not_a_measured_scientific_result"": true, ""predicted_failure_type"": ""not_new"", ""source"": ""current_candidate_predictions_or_visible_schema_issue"", ""suggested_legal_tool"": {""arguments"": {""composition"": ""Al2VZn"", ""structure_hash"": ""4711b2249a9b85330b207fbff1bcc4d1bc1e4dd8e290a63d88e5531cbeb72426""}, ""tool"": ""select_for_evaluation""}}"
support-final-8d9484c7a3dc0a3085dccdab,full_support_aware,Al-V-Zn,4,support-final-8d9484c7a3dc0a3085dccdab:d0000002-c0,2,0,select_for_evaluation,executed,True,True,succeeded,,True,0.5008061528205872,recorded_diagnostic_scalar_NN,0.5008061528205872,0.6,True,False,False,False,,,[],[],False,6,6,1,,
support-final-8d9484c7a3dc0a3085dccdab,full_support_aware,Al-V-Zn,4,support-final-8d9484c7a3dc0a3085dccdab:d0000003-c0,3,0,select_for_evaluation,executed,True,True,succeeded,,True,0.5006860494613647,recorded_diagnostic_scalar_NN,0.5006860494613647,0.6,True,False,False,False,,,[],[],False,10,,1,The selected hash is not in this composition buffer.,
support-final-8d9484c7a3dc0a3085dccdab,full_support_aware,Al-V-Zn,4,support-final-8d9484c7a3dc0a3085dccdab:d0000004-c0,4,0,select_for_evaluation,executed,True,True,succeeded,,True,0.5006835460662842,recorded_diagnostic_scalar_NN,0.5006835460662842,0.6,True,False,False,False,,,[],[],False,10,10,1,,
support-final-8d9484c7a3dc0a3085dccdab,full_support_aware,Al-V-Zn,4,support-final-8d9484c7a3dc0a3085dccdab:d0000005-c0,5,0,select_for_evaluation,executed,True,True,succeeded,,True,0.5005648136138916,recorded_diagnostic_scalar_NN,0.5005648136138916,0.6,True,False,False,False,,,[],[],False,12,12,1,,
support-final-8d9484c7a3dc0a3085dccdab,full_support_aware,Al-V-Zn,4,support-final-8d9484c7a3dc0a3085dccdab:d0000006-c0,6,0,select_for_evaluation,executed,True,True,succeeded,,True,0.5002908110618591,recorded_diagnostic_scalar_NN,0.5002908110618591,0.6,True,False,False,False,,,[],[],False,14,14,1,,
support-final-8d9484c7a3dc0a3085dccdab,full_support_aware,Al-V-Zn,4,support-final-8d9484c7a3dc0a3085dccdab:d0000007-c0,7,0,select_for_evaluation,executed,True,True,succeeded,,True,0.5005044341087341,recorded_diagnostic_scalar_NN,0.5005044341087341,0.6,True,False,False,False,,,[],[],False,16,16,1,,
support-final-8d9484c7a3dc0a3085dccdab,full_support_aware,Al-V-Zn,4,support-final-8d9484c7a3dc0a3085dccdab:d0000008-c0,8,0,select_for_evaluation,executed,True,True,succeeded,,True,0.5004468560218811,recorded_diagnostic_scalar_NN,0.5004468560218811,0.6,True,False,False,False,,,[],[],False,18,18,0,,
support-final-8d9484c7a3dc0a3085dccdab,full_support_aware,Al-V-Zn,4,support-final-8d9484c7a3dc0a3085dccdab:d0000009-c0,9,0,select_for_evaluation,executed,True,True,succeeded,,True,0.5005655288696289,recorded_diagnostic_scalar_NN,0.5005655288696289,0.6,True,False,False,False,,,[],[],False,20,20,0,,
support-final-8d9484c7a3dc0a3085dccdab,full_support_aware,Al-V-Zn,4,support-final-8d9484c7a3dc0a3085dccdab:d0000010-c0,10,0,select_for_evaluation,executed,True,True,succeeded,,True,0.5005900859832764,recorded_diagnostic_scalar_NN,0.5005900859832764,0.6,True,False,False,False,,,[],[],False,22,22,0,,
support-final-8d9484c7a3dc0a3085dccdab,full_support_aware,Al-V-Zn,4,support-final-8d9484c7a3dc0a3085dccdab:d0000011-c0,11,0,select_for_evaluation,executed,True,True,succeeded,,True,0.500515341758728,recorded_diagnostic_scalar_NN,0.500515341758728,0.6,True,False,False,False,,,[],[],False,24,24,1,,
support-final-68807310bf257b755381e67b,full_support_aware,Au-K-Tb,2,support-final-68807310bf257b755381e67b:d0000000-c0,0,0,generate_structures,executed,True,True,unavailable,"Current-policy transcoder fidelity gate failed at model.language_model.layers.13.mlp: FVU=0.5029786825180054, defined=True.",False,0.4994080662727356,recorded_diagnostic_scalar_NN,,0.6,True,False,False,False,,,[],[],False,8,,1,Compositions need integral allowed-element counts and 1–20 atoms.,
support-final-68807310bf257b755381e67b,full_support_aware,Au-K-Tb,2,support-final-68807310bf257b755381e67b:d0000001-c0,1,0,select_for_evaluation,rejected_not_executed,True,False,unavailable,"Current-policy transcoder fidelity gate failed at model.language_model.layers.6.mlp: FVU=0.530697762966156, defined=True.",False,0.4994266629219055,recorded_diagnostic_scalar_NN,,0.6,True,False,False,True,generation_invalid,local_schema_validation,[],"[""composition_required""]",True,,,,,
support-final-68807310bf257b755381e67b,full_support_aware,Au-K-Tb,2,support-final-68807310bf257b755381e67b:d0000001-c1,1,1,get_buffer_stats,executed,True,True,unavailable,"Current-policy transcoder fidelity gate failed at model.language_model.layers.11.mlp: FVU=0.503439724445343, defined=True.",False,0.4995935261249542,recorded_diagnostic_scalar_NN,,0.6,True,False,False,False,,,[],[],False,8,,1,,"{""instruction"": ""Repair the JSON/tool/arguments schema. Return one allowed tool with only its documented arguments; do not invent results. Use only the existing retry and tool/query limits."", ""not_a_measured_scientific_result"": true, ""predicted_failure_type"": ""generation_invalid"", ""source"": ""current_candidate_predictions_or_visible_schema_issue"", ""suggested_legal_tool"": {""arguments"": {}, ""tool"": ""get_buffer_stats""}}"
support-final-68807310bf257b755381e67b,full_support_aware,Au-K-Tb,2,support-final-68807310bf257b755381e67b:d0000002-c0,2,0,generate_structures,executed,True,True,unavailable,"Current-policy transcoder fidelity gate failed at model.language_model.layers.13.mlp: FVU=0.5196866989135742, defined=True.",False,0.49946674704551697,recorded_diagnostic_scalar_NN,,0.6,True,False,False,False,,,[],[],False,8,,1,,
support-final-68807310bf257b755381e67b,full_support_aware,Au-K-Tb,2,support-final-68807310bf257b755381e67b:d0000003-c0,3,0,select_for_evaluation,executed,True,True,succeeded,,True,0.5005025267601013,recorded_diagnostic_scalar_NN,0.5005025267601013,0.6,True,False,False,True,not_new,predicted_failure_type,"[""not_new""]",[],True,8,8,1,,
support-final-68807310bf257b755381e67b,full_support_aware,Au-K-Tb,2,support-final-68807310bf257b755381e67b:d0000003-c1,3,1,select_for_evaluation,rejected_not_executed,True,True,unavailable,"Current-policy transcoder fidelity gate failed at model.language_model.layers.13.mlp: FVU=0.5206249952316284, defined=True.",False,0.5006542205810547,recorded_diagnostic_scalar_NN,,0.6,True,False,False,False,,,[],[],False,,,,,"{""instruction"": ""Prefer a different buffered structure_hash or generate a new candidate. A different hash alone does not establish scientific novelty. Use only the existing retry and tool/query limits."", ""not_a_measured_scientific_result"": true, ""predicted_failure_type"": ""not_new"", ""source"": ""current_candidate_predictions_or_visible_schema_issue"", ""suggested_legal_tool"": {""arguments"": {""composition"": ""K2TbAu"", ""structure_hash"": ""1ad6cd4037773bcb3f309838bd8ea63c60b94b0600a0c5a7733da41148271068""}, ""tool"": ""select_for_evaluation""}}"
support-final-68807310bf257b755381e67b,full_support_aware,Au-K-Tb,2,support-final-68807310bf257b755381e67b:d0000004-c0,4,0,select_for_evaluation,executed,True,True,succeeded,,True,0.5004826188087463,recorded_diagnostic_scalar_NN,0.5004826188087463,0.6,True,False,False,False,,,[],[],False,10,10,1,,
support-final-68807310bf257b755381e67b,full_support_aware,Au-K-Tb,2,support-final-68807310bf257b755381e67b:d0000005-c0,5,0,generate_structures,executed,True,True,succeeded,,True,0.5004894733428955,recorded_diagnostic_scalar_NN,0.5004894733428955,0.6,True,False,False,True,not_new,predicted_failure_type,"[""not_new""]",[],True,16,,1,,
support-final-68807310bf257b755381e67b,full_support_aware,Au-K-Tb,2,support-final-68807310bf257b755381e67b:d0000005-c1,5,1,select_for_evaluation,rejected_not_executed,True,True,succeeded,,True,0.5005307197570801,recorded_diagnostic_scalar_NN,0.5005307197570801,0.6,True,False,False,True,not_new,predicted_failure_type,"[""not_new""]",[],False,,,,,"{""instruction"": ""Prefer a different buffered structure_hash or generate a new candidate. A different hash alone does not establish scientific novelty. Use only the existing retry and tool/query limits."", ""not_a_measured_scientific_result"": true, ""predicted_failure_type"": ""not_new"", ""source"": ""current_candidate_predictions_or_visible_schema_issue"", ""suggested_legal_tool"": {""arguments"": {""composition"": ""K2TbAu"", ""structure_hash"": ""1ad6cd4037773bcb3f309838bd8ea63c60b94b0600a0c5a7733da41148271068""}, ""tool"": ""select_for_evaluation""}}"
support-final-68807310bf257b755381e67b,full_support_aware,Au-K-Tb,2,support-final-68807310bf257b755381e67b:d0000006-c0,6,0,generate_structures,executed,True,True,succeeded,,True,0.5006857514381409,recorded_diagnostic_scalar_NN,0.5006857514381409,0.6,True,False,False,False,,,[],[],False,16,,1,,
support-final-68807310bf257b755381e67b,full_support_aware,Au-K-Tb,2,support-final-68807310bf257b755381e67b:d0000007-c0,7,0,select_for_evaluation,executed,True,True,succeeded,,True,0.500843346118927,recorded_diagnostic_scalar_NN,0.500843346118927,0.6,True,False,False,False,,,[],[],False,16,16,1,,
support-final-68807310bf257b755381e67b,full_support_aware,Au-K-Tb,2,support-final-68807310bf257b755381e67b:d0000008-c0,8,0,select_for_evaluation,executed,True,True,succeeded,,True,0.5007402300834656,recorded_diagnostic_scalar_NN,0.5007402300834656,0.6,True,False,False,False,,,[],[],False,18,18,1,,
support-final-68807310bf257b755381e67b,full_support_aware,Au-K-Tb,2,support-final-68807310bf257b755381e67b:d0000009-c0,9,0,select_for_evaluation,executed,True,True,succeeded,,True,0.5008220672607422,recorded_diagnostic_scalar_NN,0.5008220672607422,0.6,True,False,False,False,,,[],[],False,20,20,1,,
support-final-68807310bf257b755381e67b,full_support_aware,Au-K-Tb,2,support-final-68807310bf257b755381e67b:d0000010-c0,10,0,select_for_evaluation,executed,True,True,succeeded,,True,0.5006150603294373,recorded_diagnostic_scalar_NN,0.5006150603294373,0.6,True,False,False,False,,,[],[],False,22,22,1,,
support-final-68807310bf257b755381e67b,full_support_aware,Au-K-Tb,2,support-final-68807310bf257b755381e67b:d0000011-c0,11,0,generate_structures,executed,True,True,succeeded,,True,0.5002833008766174,recorded_diagnostic_scalar_NN,0.5002833008766174,0.6,True,False,False,False,,,[],[],False,26,,1,,
support-final-68807310bf257b755381e67b,full_support_aware,Au-K-Tb,2,support-final-68807310bf257b755381e67b:d0000012-c0,12,0,select_for_evaluation,executed,True,True,succeeded,,True,0.500813364982605,recorded_diagnostic_scalar_NN,0.500813364982605,0.6,True,False,False,False,,,[],[],False,26,26,1,,
support-final-68807310bf257b755381e67b,full_support_aware,Au-K-Tb,2,support-final-68807310bf257b755381e67b:d0000013-c0,13,0,generate_structures,executed,True,True,succeeded,,True,0.5007879137992859,recorded_diagnostic_scalar_NN,0.5007879137992859,0.6,True,False,False,False,,,[],[],False,30,,1,,
support-final-68807310bf257b755381e67b,full_support_aware,Au-K-Tb,2,support-final-68807310bf257b755381e67b:d0000014-c0,14,0,select_for_evaluation,executed,True,True,succeeded,,True,0.49977192282676697,recorded_diagnostic_scalar_NN,0.49977192282676697,0.6,True,False,False,False,,,[],[],False,30,30,1,,
support-final-68807310bf257b755381e67b,full_support_aware,Au-K-Tb,2,support-final-68807310bf257b755381e67b:d0000015-c0,15,0,select_for_evaluation,executed,True,True,succeeded,,True,0.4995422959327698,recorded_diagnostic_scalar_NN,0.4995422959327698,0.6,True,False,False,False,,,[],[],False,32,32,1,,
support-final-68807310bf257b755381e67b,full_support_aware,Au-K-Tb,2,support-final-68807310bf257b755381e67b:d0000016-c0,16,0,generate_structures,executed,True,True,succeeded,,True,0.49965429306030273,recorded_diagnostic_scalar_NN,0.49965429306030273,0.6,True,False,False,False,,,[],[],False,36,,1,,
support-final-68807310bf257b755381e67b,full_support_aware,Au-K-Tb,2,support-final-68807310bf257b755381e67b:d0000017-c0,17,0,select_for_evaluation,executed,True,True,succeeded,,True,0.4998093247413635,recorded_diagnostic_scalar_NN,0.4998093247413635,0.6,True,False,False,False,,,[],[],False,36,36,1,,
support-final-5b6d1b84cc2ee0f52bb1c366,full_support_aware,Au-K-Tb,3,support-final-5b6d1b84cc2ee0f52bb1c366:d0000000-c0,0,0,generate_structures,executed,True,True,unavailable,"Current-policy transcoder fidelity gate failed at model.language_model.layers.12.mlp: FVU=0.5221617817878723, defined=True.",False,0.49868762493133545,recorded_diagnostic_scalar_NN,,0.6,True,False,False,False,,,[],[],False,4,,1,,
support-final-5b6d1b84cc2ee0f52bb1c366,full_support_aware,Au-K-Tb,3,support-final-5b6d1b84cc2ee0f52bb1c366:d0000001-c0,1,0,select_for_evaluation,executed,True,True,succeeded,,True,0.5002461075782776,recorded_diagnostic_scalar_NN,0.5002461075782776,0.6,True,False,False,False,,,[],[],False,4,4,1,,
support-final-5b6d1b84cc2ee0f52bb1c366,full_support_aware,Au-K-Tb,3,support-final-5b6d1b84cc2ee0f52bb1c366:d0000002-c0,2,0,select_for_evaluation,executed,True,True,succeeded,,True,0.5003222823143005,recorded_diagnostic_scalar_NN,0.5003222823143005,0.6,True,False,False,False,,,[],[],False,6,6,0,,
support-final-5b6d1b84cc2ee0f52bb1c366,full_support_aware,Au-K-Tb,3,support-final-5b6d1b84cc2ee0f52bb1c366:d0000003-c0,3,0,generate_structures,executed,True,True,unavailable,"Current-policy transcoder fidelity gate failed at model.language_model.layers.16.mlp: FVU=0.5025482177734375, defined=True.",False,0.5003236532211304,recorded_diagnostic_scalar_NN,,0.6,True,False,False,False,,,[],[],False,10,,1,,
support-final-5b6d1b84cc2ee0f52bb1c366,full_support_aware,Au-K-Tb,3,support-final-5b6d1b84cc2ee0f52bb1c366:d0000004-c0,4,0,select_for_evaluation,executed,True,True,succeeded,,True,0.5003595948219299,recorded_diagnostic_scalar_NN,0.5003595948219299,0.6,True,False,False,False,,,[],[],False,10,10,1,,
support-final-5b6d1b84cc2ee0f52bb1c366,full_support_aware,Au-K-Tb,3,support-final-5b6d1b84cc2ee0f52bb1c366:d0000005-c0,5,0,select_for_evaluation,executed,True,True,succeeded,,True,0.5002536773681641,recorded_diagnostic_scalar_NN,0.5002536773681641,0.6,True,False,False,False,,,[],[],False,12,12,1,,
support-final-5b6d1b84cc2ee0f52bb1c366,full_support_aware,Au-K-Tb,3,support-final-5b6d1b84cc2ee0f52bb1c366:d0000006-c0,6,0,select_for_evaluation,executed,True,True,succeeded,,True,0.5002675652503967,recorded_diagnostic_scalar_NN,0.5002675652503967,0.6,True,False,False,False,,,[],[],False,16,,0,The selected hash is not in this composition buffer.,
support-final-5b6d1b84cc2ee0f52bb1c366,full_support_aware,Au-K-Tb,3,support-final-5b6d1b84cc2ee0f52bb1c366:d0000007-c0,7,0,select_for_evaluation,executed,True,True,succeeded,,True,0.500040590763092,recorded_diagnostic_scalar_NN,0.500040590763092,0.6,True,False,False,False,,,[],[],False,16,16,0,,
support-final-5b6d1b84cc2ee0f52bb1c366,full_support_aware,Au-K-Tb,3,support-final-5b6d1b84cc2ee0f52bb1c366:d0000008-c0,8,0,select_for_evaluation,executed,True,True,succeeded,,True,0.49995070695877075,recorded_diagnostic_scalar_NN,0.49995070695877075,0.6,True,False,False,False,,,[],[],False,18,18,0,,
support-final-5b6d1b84cc2ee0f52bb1c366,full_support_aware,Au-K-Tb,3,support-final-5b6d1b84cc2ee0f52bb1c366:d0000009-c0,9,0,select_for_evaluation,executed,True,True,succeeded,,True,0.5001294016838074,recorded_diagnostic_scalar_NN,0.5001294016838074,0.6,True,False,False,False,,,[],[],False,20,20,1,,
support-final-5b6d1b84cc2ee0f52bb1c366,full_support_aware,Au-K-Tb,3,support-final-5b6d1b84cc2ee0f52bb1c366:d0000010-c0,10,0,generate_structures,executed,True,True,succeeded,,True,0.5000706315040588,recorded_diagnostic_scalar_NN,0.5000706315040588,0.6,True,False,False,False,,,[],[],False,24,,1,,
support-final-5b6d1b84cc2ee0f52bb1c366,full_support_aware,Au-K-Tb,3,support-final-5b6d1b84cc2ee0f52bb1c366:d0000011-c0,11,0,select_for_evaluation,executed,True,True,succeeded,,True,0.5005101561546326,recorded_diagnostic_scalar_NN,0.5005101561546326,0.6,True,False,False,False,,,[],[],False,24,24,1,,
support-final-5b6d1b84cc2ee0f52bb1c366,full_support_aware,Au-K-Tb,3,support-final-5b6d1b84cc2ee0f52bb1c366:d0000012-c0,12,0,select_for_evaluation,executed,True,True,succeeded,,True,0.5005512237548828,recorded_diagnostic_scalar_NN,0.5005512237548828,0.6,True,False,False,False,,,[],[],False,26,26,1,,
support-final-5b6d1b84cc2ee0f52bb1c366,full_support_aware,Au-K-Tb,3,support-final-5b6d1b84cc2ee0f52bb1c366:d0000013-c0,13,0,select_for_evaluation,executed,True,True,succeeded,,True,0.5004376173019409,recorded_diagnostic_scalar_NN,0.5004376173019409,0.6,True,False,False,False,,,[],[],False,36,,1,The selected hash is not in this composition buffer.,
support-final-5b6d1b84cc2ee0f52bb1c366,full_support_aware,Au-K-Tb,3,support-final-5b6d1b84cc2ee0f52bb1c366:d0000014-c0,14,0,select_for_evaluation,executed,True,True,succeeded,,True,0.5005151629447937,recorded_diagnostic_scalar_NN,0.5005151629447937,0.6,True,False,False,False,,,[],[],False,36,,1,The selected hash is not in this composition buffer.,
support-final-5b6d1b84cc2ee0f52bb1c366,full_support_aware,Au-K-Tb,3,support-final-5b6d1b84cc2ee0f52bb1c366:d0000015-c0,15,0,generate_structures,executed,True,True,succeeded,,True,0.5001224875450134,recorded_diagnostic_scalar_NN,0.5001224875450134,0.6,True,False,False,False,,,[],[],False,36,,1,,
support-final-5b6d1b84cc2ee0f52bb1c366,full_support_aware,Au-K-Tb,3,support-final-5b6d1b84cc2ee0f52bb1c366:d0000016-c0,16,0,generate_structures,executed,True,True,succeeded,,True,0.5005560517311096,recorded_diagnostic_scalar_NN,0.5005560517311096,0.6,True,False,False,False,,,[],[],False,36,,1,,
support-final-5b6d1b84cc2ee0f52bb1c366,full_support_aware,Au-K-Tb,3,support-final-5b6d1b84cc2ee0f52bb1c366:d0000017-c0,17,0,select_for_evaluation,executed,True,True,succeeded,,True,0.4997180998325348,recorded_diagnostic_scalar_NN,0.4997180998325348,0.6,True,False,False,False,,,[],[],False,36,36,1,,
support-final-17ba56fb5d378648ebbbe7c8,full_support_aware,Au-K-Tb,4,support-final-17ba56fb5d378648ebbbe7c8:d0000000-c0,0,0,generate_structures,executed,True,True,unavailable,"Current-policy transcoder fidelity gate failed at model.language_model.layers.13.mlp: FVU=0.5003026127815247, defined=True.",False,0.49940168857574463,recorded_diagnostic_scalar_NN,,0.6,True,False,False,False,,,[],[],False,4,,1,,
support-final-17ba56fb5d378648ebbbe7c8,full_support_aware,Au-K-Tb,4,support-final-17ba56fb5d378648ebbbe7c8:d0000001-c0,1,0,select_for_evaluation,executed,True,True,succeeded,,True,0.5002407431602478,recorded_diagnostic_scalar_NN,0.5002407431602478,0.6,True,False,False,False,,,[],[],False,4,4,1,,
support-final-17ba56fb5d378648ebbbe7c8,full_support_aware,Au-K-Tb,4,support-final-17ba56fb5d378648ebbbe7c8:d0000002-c0,2,0,select_for_evaluation,executed,True,True,succeeded,,True,0.5000808238983154,recorded_diagnostic_scalar_NN,0.5000808238983154,0.6,True,False,False,False,,,[],[],False,6,6,1,,
support-final-17ba56fb5d378648ebbbe7c8,full_support_aware,Au-K-Tb,4,support-final-17ba56fb5d378648ebbbe7c8:d0000003-c0,3,0,select_for_evaluation,executed,True,True,succeeded,,True,0.5002038478851318,recorded_diagnostic_scalar_NN,0.5002038478851318,0.6,True,False,False,False,,,[],[],False,8,8,1,,
support-final-17ba56fb5d378648ebbbe7c8,full_support_aware,Au-K-Tb,4,support-final-17ba56fb5d378648ebbbe7c8:d0000004-c0,4,0,select_for_evaluation,executed,True,True,succeeded,,True,0.5001317858695984,recorded_diagnostic_scalar_NN,0.5001317858695984,0.6,True,False,False,False,,,[],[],False,10,10,1,,
support-final-17ba56fb5d378648ebbbe7c8,full_support_aware,Au-K-Tb,4,support-final-17ba56fb5d378648ebbbe7c8:d0000005-c0,5,0,generate_structures,executed,True,True,succeeded,,True,0.49990108609199524,recorded_diagnostic_scalar_NN,0.49990108609199524,0.6,True,False,False,False,,,[],[],False,16,,1,,
support-final-17ba56fb5d378648ebbbe7c8,full_support_aware,Au-K-Tb,4,support-final-17ba56fb5d378648ebbbe7c8:d0000006-c0,6,0,generate_structures,executed,True,True,succeeded,,True,0.5000751614570618,recorded_diagnostic_scalar_NN,0.5000751614570618,0.6,True,False,False,False,,,[],[],False,16,,1,,
support-final-17ba56fb5d378648ebbbe7c8,full_support_aware,Au-K-Tb,4,support-final-17ba56fb5d378648ebbbe7c8:d0000007-c0,7,0,select_for_evaluation,executed,True,True,succeeded,,True,0.5004519820213318,recorded_diagnostic_scalar_NN,0.5004519820213318,0.6,True,False,False,False,,,[],[],False,16,16,1,,
support-final-17ba56fb5d378648ebbbe7c8,full_support_aware,Au-K-Tb,4,support-final-17ba56fb5d378648ebbbe7c8:d0000008-c0,8,0,select_for_evaluation,executed,True,True,succeeded,,True,0.5004072189331055,recorded_diagnostic_scalar_NN,0.5004072189331055,0.6,True,False,False,False,,,[],[],False,18,18,1,,
support-final-17ba56fb5d378648ebbbe7c8,full_support_aware,Au-K-Tb,4,support-final-17ba56fb5d378648ebbbe7c8:d0000009-c0,9,0,select_for_evaluation,executed,True,True,succeeded,,True,0.5004513263702393,recorded_diagnostic_scalar_NN,0.5004513263702393,0.6,True,False,False,False,,,[],[],False,20,20,0,,
support-final-17ba56fb5d378648ebbbe7c8,full_support_aware,Au-K-Tb,4,support-final-17ba56fb5d378648ebbbe7c8:d0000010-c0,10,0,select_for_evaluation,executed,True,True,succeeded,,True,0.5002411007881165,recorded_diagnostic_scalar_NN,0.5002411007881165,0.6,True,False,False,False,,,[],[],False,22,22,1,,
support-final-17ba56fb5d378648ebbbe7c8,full_support_aware,Au-K-Tb,4,support-final-17ba56fb5d378648ebbbe7c8:d0000011-c0,11,0,select_for_evaluation,executed,True,True,succeeded,,True,0.500110387802124,recorded_diagnostic_scalar_NN,0.500110387802124,0.6,True,False,False,False,,,[],[],False,24,24,1,,
support-final-17ba56fb5d378648ebbbe7c8,full_support_aware,Au-K-Tb,4,support-final-17ba56fb5d378648ebbbe7c8:d0000012-c0,12,0,generate_structures,executed,True,True,succeeded,,True,0.49997997283935547,recorded_diagnostic_scalar_NN,0.49997997283935547,0.6,True,False,False,False,,,[],[],False,28,,1,,
support-final-17ba56fb5d378648ebbbe7c8,full_support_aware,Au-K-Tb,4,support-final-17ba56fb5d378648ebbbe7c8:d0000013-c0,13,0,select_for_evaluation,executed,True,True,succeeded,,True,0.5006909370422363,recorded_diagnostic_scalar_NN,0.5006909370422363,0.6,True,False,False,False,,,[],[],False,28,28,1,,
support-final-fdb8c5628b1505159c52f7cc,full_support_aware,Co-Dy-W,2,support-final-fdb8c5628b1505159c52f7cc:d0000000-c0,0,0,generate_structures,executed,True,True,unavailable,"Current-policy transcoder fidelity gate failed at model.language_model.layers.13.mlp: FVU=0.5165160894393921, defined=True.",False,0.4993220269680023,recorded_diagnostic_scalar_NN,,0.6,True,False,False,False,,,[],[],False,4,,1,,
support-final-fdb8c5628b1505159c52f7cc,full_support_aware,Co-Dy-W,2,support-final-fdb8c5628b1505159c52f7cc:d0000001-c0,1,0,select_for_evaluation,executed,True,True,succeeded,,True,0.5007284879684448,recorded_diagnostic_scalar_NN,0.5007284879684448,0.6,True,False,False,True,not_new,predicted_failure_type,"[""not_new""]",[],True,4,4,1,,
support-final-fdb8c5628b1505159c52f7cc,full_support_aware,Co-Dy-W,2,support-final-fdb8c5628b1505159c52f7cc:d0000001-c1,1,1,select_for_evaluation,rejected_not_executed,True,True,unavailable,"Current-policy transcoder fidelity gate failed at model.language_model.layers.13.mlp: FVU=0.5073282122612, defined=True.",False,0.5008394718170166,recorded_diagnostic_scalar_NN,,0.6,True,False,False,False,,,[],[],False,,,,,"{""instruction"": ""Prefer a different buffered structure_hash or generate a new candidate. A different hash alone does not establish scientific novelty. Use only the existing retry and tool/query limits."", ""not_a_measured_scientific_result"": true, ""predicted_failure_type"": ""not_new"", ""source"": ""current_candidate_predictions_or_visible_schema_issue"", ""suggested_legal_tool"": {""arguments"": {""composition"": ""Dy2Co2W"", ""structure_hash"": ""24d7f1232c35e8445f6539460c41dd9ede2a29de17c2ba75dc3fe5eb7fb011e9""}, ""tool"": ""select_for_evaluation""}}"
support-final-fdb8c5628b1505159c52f7cc,full_support_aware,Co-Dy-W,2,support-final-fdb8c5628b1505159c52f7cc:d0000002-c0,2,0,score_buffer,executed,True,True,succeeded,,True,0.5006150007247925,recorded_diagnostic_scalar_NN,0.5006150007247925,0.6,True,False,False,False,,,[],[],False,14,,1,,
support-final-fdb8c5628b1505159c52f7cc,full_support_aware,Co-Dy-W,2,support-final-fdb8c5628b1505159c52f7cc:d0000003-c0,3,0,select_for_evaluation,executed,True,True,unavailable,"Current-policy transcoder fidelity gate failed at model.language_model.layers.13.mlp: FVU=0.5130539536476135, defined=True.",False,0.5008540749549866,recorded_diagnostic_scalar_NN,,0.6,True,False,False,False,,,[],[],False,14,,1,The selected hash is not in this composition buffer.,
support-final-fdb8c5628b1505159c52f7cc,full_support_aware,Co-Dy-W,2,support-final-fdb8c5628b1505159c52f7cc:d0000004-c0,4,0,select_for_evaluation,executed,True,True,unavailable,"Current-policy transcoder fidelity gate failed at model.language_model.layers.13.mlp: FVU=0.5168007016181946, defined=True.",False,0.5008226037025452,recorded_diagnostic_scalar_NN,,0.6,True,False,False,False,,,[],[],False,14,,1,The selected hash is not in this composition buffer.,
support-final-fdb8c5628b1505159c52f7cc,full_support_aware,Co-Dy-W,2,support-final-fdb8c5628b1505159c52f7cc:d0000005-c0,5,0,select_for_evaluation,executed,True,True,unavailable,"Current-policy transcoder fidelity gate failed at model.language_model.layers.13.mlp: FVU=0.5180420279502869, defined=True.",False,0.5007266998291016,recorded_diagnostic_scalar_NN,,0.6,True,False,False,False,,,[],[],False,14,,1,The selected hash is not in this composition buffer.,
support-final-fdb8c5628b1505159c52f7cc,full_support_aware,Co-Dy-W,2,support-final-fdb8c5628b1505159c52f7cc:d0000006-c0,6,0,select_for_evaluation,executed,True,True,unavailable,"Current-policy transcoder fidelity gate failed at model.language_model.layers.13.mlp: FVU=0.5211998820304871, defined=True.",False,0.5006577372550964,recorded_diagnostic_scalar_NN,,0.6,True,False,False,False,,,[],[],False,14,14,1,,
support-final-fdb8c5628b1505159c52f7cc,full_support_aware,Co-Dy-W,2,support-final-fdb8c5628b1505159c52f7cc:d0000007-c0,7,0,select_for_evaluation,executed,True,True,succeeded,,True,0.5005838871002197,recorded_diagnostic_scalar_NN,0.5005838871002197,0.6,True,False,False,False,,,[],[],False,16,16,1,,
support-final-fdb8c5628b1505159c52f7cc,full_support_aware,Co-Dy-W,2,support-final-fdb8c5628b1505159c52f7cc:d0000008-c0,8,0,generate_structures,executed,True,True,succeeded,,True,0.5006394386291504,recorded_diagnostic_scalar_NN,0.5006394386291504,0.6,True,False,False,False,,,[],[],False,20,,1,,
support-final-fdb8c5628b1505159c52f7cc,full_support_aware,Co-Dy-W,2,support-final-fdb8c5628b1505159c52f7cc:d0000009-c0,9,0,select_for_evaluation,executed,True,True,succeeded,,True,0.5008083581924438,recorded_diagnostic_scalar_NN,0.5008083581924438,0.6,True,False,False,False,,,[],[],False,20,20,1,,
support-final-fdb8c5628b1505159c52f7cc,full_support_aware,Co-Dy-W,2,support-final-fdb8c5628b1505159c52f7cc:d0000010-c0,10,0,select_for_evaluation,executed,True,True,succeeded,,True,0.5006092190742493,recorded_diagnostic_scalar_NN,0.5006092190742493,0.6,True,False,False,False,,,[],[],False,22,22,1,,
support-final-fdb8c5628b1505159c52f7cc,full_support_aware,Co-Dy-W,2,support-final-fdb8c5628b1505159c52f7cc:d0000011-c0,11,0,select_for_evaluation,executed,True,True,succeeded,,True,0.5007125735282898,recorded_diagnostic_scalar_NN,0.5007125735282898,0.6,True,False,False,False,,,[],[],False,24,24,1,,
support-final-fdb8c5628b1505159c52f7cc,full_support_aware,Co-Dy-W,2,support-final-fdb8c5628b1505159c52f7cc:d0000012-c0,12,0,generate_structures,executed,True,True,succeeded,,True,0.49979081749916077,recorded_diagnostic_scalar_NN,0.49979081749916077,0.6,True,False,False,False,,,[],[],False,28,,1,,
support-final-fdb8c5628b1505159c52f7cc,full_support_aware,Co-Dy-W,2,support-final-fdb8c5628b1505159c52f7cc:d0000013-c0,13,0,select_for_evaluation,executed,True,True,succeeded,,True,0.4996488690376282,recorded_diagnostic_scalar_NN,0.4996488690376282,0.6,True,False,False,False,,,[],[],False,28,28,1,,
support-final-fdb8c5628b1505159c52f7cc,full_support_aware,Co-Dy-W,2,support-final-fdb8c5628b1505159c52f7cc:d0000014-c0,14,0,select_for_evaluation,executed,True,True,succeeded,,True,0.4998590052127838,recorded_diagnostic_scalar_NN,0.4998590052127838,0.6,True,False,False,False,,,[],[],False,30,30,1,,
support-final-fdb8c5628b1505159c52f7cc,full_support_aware,Co-Dy-W,2,support-final-fdb8c5628b1505159c52f7cc:d0000015-c0,15,0,select_for_evaluation,executed,True,True,succeeded,,True,0.49986353516578674,recorded_diagnostic_scalar_NN,0.49986353516578674,0.6,True,False,False,False,,,[],[],False,32,32,1,,
support-final-fdb8c5628b1505159c52f7cc,full_support_aware,Co-Dy-W,2,support-final-fdb8c5628b1505159c52f7cc:d0000016-c0,16,0,select_for_evaluation,executed,True,True,succeeded,,True,0.49978044629096985,recorded_diagnostic_scalar_NN,0.49978044629096985,0.6,True,False,False,False,,,[],[],False,34,34,1,,
support-final-756405aa341c84c08489f23c,full_support_aware,Co-Dy-W,3,support-final-756405aa341c84c08489f23c:d0000000-c0,0,0,generate_structures,executed,True,True,unavailable,"Current-policy transcoder fidelity gate failed at model.language_model.layers.13.mlp: FVU=0.5108274221420288, defined=True.",False,0.4995470643043518,recorded_diagnostic_scalar_NN,,0.6,True,False,False,False,,,[],[],False,4,,1,,
support-final-756405aa341c84c08489f23c,full_support_aware,Co-Dy-W,3,support-final-756405aa341c84c08489f23c:d0000001-c0,1,0,select_for_evaluation,executed,True,True,succeeded,,True,0.5006111860275269,recorded_diagnostic_scalar_NN,0.5006111860275269,0.6,True,False,False,False,,,[],[],False,4,4,1,,
support-final-756405aa341c84c08489f23c,full_support_aware,Co-Dy-W,3,support-final-756405aa341c84c08489f23c:d0000002-c0,2,0,select_for_evaluation,executed,True,True,succeeded,,True,0.5006771683692932,recorded_diagnostic_scalar_NN,0.5006771683692932,0.6,True,False,False,False,,,[],[],False,6,6,1,,
support-final-756405aa341c84c08489f23c,full_support_aware,Co-Dy-W,3,support-final-756405aa341c84c08489f23c:d0000003-c0,3,0,generate_structures,executed,True,True,succeeded,,True,0.5006399750709534,recorded_diagnostic_scalar_NN,0.5006399750709534,0.6,True,False,False,False,,,[],[],False,10,,1,,
support-final-756405aa341c84c08489f23c,full_support_aware,Co-Dy-W,3,support-final-756405aa341c84c08489f23c:d0000004-c0,4,0,select_for_evaluation,executed,True,True,succeeded,,True,0.500760555267334,recorded_diagnostic_scalar_NN,0.500760555267334,0.6,True,False,False,False,,,[],[],False,10,10,1,,
support-final-756405aa341c84c08489f23c,full_support_aware,Co-Dy-W,3,support-final-756405aa341c84c08489f23c:d0000005-c0,5,0,select_for_evaluation,executed,True,True,succeeded,,True,0.500733494758606,recorded_diagnostic_scalar_NN,0.500733494758606,0.6,True,False,False,False,,,[],[],False,12,12,0,,
support-final-756405aa341c84c08489f23c,full_support_aware,Co-Dy-W,3,support-final-756405aa341c84c08489f23c:d0000006-c0,6,0,select_for_evaluation,executed,True,True,succeeded,,True,0.5009475946426392,recorded_diagnostic_scalar_NN,0.5009475946426392,0.6,True,False,False,False,,,[],[],False,14,14,1,,
support-final-756405aa341c84c08489f23c,full_support_aware,Co-Dy-W,3,support-final-756405aa341c84c08489f23c:d0000007-c0,7,0,generate_structures,executed,True,True,succeeded,,True,0.5008087158203125,recorded_diagnostic_scalar_NN,0.5008087158203125,0.6,True,False,False,False,,,[],[],False,20,,1,,
support-final-756405aa341c84c08489f23c,full_support_aware,Co-Dy-W,3,support-final-756405aa341c84c08489f23c:d0000008-c0,8,0,generate_structures,executed,True,True,succeeded,,True,0.5008059740066528,recorded_diagnostic_scalar_NN,0.5008059740066528,0.6,True,False,False,False,,,[],[],False,20,,1,,
support-final-756405aa341c84c08489f23c,full_support_aware,Co-Dy-W,3,support-final-756405aa341c84c08489f23c:d0000009-c0,9,0,select_for_evaluation,executed,True,True,succeeded,,True,0.5009020566940308,recorded_diagnostic_scalar_NN,0.5009020566940308,0.6,True,False,False,False,,,[],[],False,20,20,1,,
support-final-756405aa341c84c08489f23c,full_support_aware,Co-Dy-W,3,support-final-756405aa341c84c08489f23c:d0000010-c0,10,0,generate_structures,executed,True,True,succeeded,,True,0.4997565746307373,recorded_diagnostic_scalar_NN,0.4997565746307373,0.6,True,False,False,False,,,[],[],False,24,,1,,
support-final-756405aa341c84c08489f23c,full_support_aware,Co-Dy-W,3,support-final-756405aa341c84c08489f23c:d0000011-c0,11,0,select_for_evaluation,executed,True,True,succeeded,,True,0.4998835027217865,recorded_diagnostic_scalar_NN,0.4998835027217865,0.6,True,False,False,False,,,[],[],False,24,24,1,,
support-final-756405aa341c84c08489f23c,full_support_aware,Co-Dy-W,3,support-final-756405aa341c84c08489f23c:d0000012-c0,12,0,select_for_evaluation,executed,True,True,succeeded,,True,0.49990639090538025,recorded_diagnostic_scalar_NN,0.49990639090538025,0.6,True,False,False,False,,,[],[],False,26,26,1,,
support-final-756405aa341c84c08489f23c,full_support_aware,Co-Dy-W,3,support-final-756405aa341c84c08489f23c:d0000013-c0,13,0,select_for_evaluation,executed,True,True,succeeded,,True,0.4997659921646118,recorded_diagnostic_scalar_NN,0.4997659921646118,0.6,True,False,False,False,,,[],[],False,28,28,1,,
support-final-756405aa341c84c08489f23c,full_support_aware,Co-Dy-W,3,support-final-756405aa341c84c08489f23c:d0000014-c0,14,0,select_for_evaluation,executed,True,True,succeeded,,True,0.49977239966392517,recorded_diagnostic_scalar_NN,0.49977239966392517,0.6,True,False,False,False,,,[],[],False,30,30,1,,
support-final-f6823e6cdf872a727ba2d1e8,full_support_aware,Co-Dy-W,4,support-final-f6823e6cdf872a727ba2d1e8:d0000000-c0,0,0,generate_structures,executed,True,True,unavailable,"Current-policy transcoder fidelity gate failed at model.language_model.layers.13.mlp: FVU=0.5027865171432495, defined=True.",False,0.4996664226055145,recorded_diagnostic_scalar_NN,,0.6,True,False,False,False,,,[],[],False,4,,1,,
support-final-f6823e6cdf872a727ba2d1e8,full_support_aware,Co-Dy-W,4,support-final-f6823e6cdf872a727ba2d1e8:d0000001-c0,1,0,select_for_evaluation,executed,True,True,succeeded,,True,0.5003111958503723,recorded_diagnostic_scalar_NN,0.5003111958503723,0.6,True,False,False,False,,,[],[],False,4,4,1,,
support-final-f6823e6cdf872a727ba2d1e8,full_support_aware,Co-Dy-W,4,support-final-f6823e6cdf872a727ba2d1e8:d0000002-c0,2,0,select_for_evaluation,executed,True,True,succeeded,,True,0.5003411173820496,recorded_diagnostic_scalar_NN,0.5003411173820496,0.6,True,False,False,False,,,[],[],False,6,6,1,,
support-final-f6823e6cdf872a727ba2d1e8,full_support_aware,Co-Dy-W,4,support-final-f6823e6cdf872a727ba2d1e8:d0000003-c0,3,0,select_for_evaluation,executed,True,True,succeeded,,True,0.5003203749656677,recorded_diagnostic_scalar_NN,0.5003203749656677,0.6,True,False,False,False,,,[],[],False,8,8,1,,
support-final-f6823e6cdf872a727ba2d1e8,full_support_aware,Co-Dy-W,4,support-final-f6823e6cdf872a727ba2d1e8:d0000004-c0,4,0,generate_structures,executed,True,True,succeeded,,True,0.5001908540725708,recorded_diagnostic_scalar_NN,0.5001908540725708,0.6,True,False,False,False,,,[],[],False,12,,1,,
support-final-f6823e6cdf872a727ba2d1e8,full_support_aware,Co-Dy-W,4,support-final-f6823e6cdf872a727ba2d1e8:d0000005-c0,5,0,select_for_evaluation,executed,True,True,succeeded,,True,0.5004314184188843,recorded_diagnostic_scalar_NN,0.5004314184188843,0.6,True,False,False,False,,,[],[],False,12,12,1,,
support-final-f6823e6cdf872a727ba2d1e8,full_support_aware,Co-Dy-W,4,support-final-f6823e6cdf872a727ba2d1e8:d0000006-c0,6,0,generate_structures,executed,True,True,succeeded,,True,0.5003924369812012,recorded_diagnostic_scalar_NN,0.5003924369812012,0.6,True,False,False,False,,,[],[],False,18,,1,,
support-final-f6823e6cdf872a727ba2d1e8,full_support_aware,Co-Dy-W,4,support-final-f6823e6cdf872a727ba2d1e8:d0000007-c0,7,0,select_for_evaluation,executed,True,True,succeeded,,True,0.500624418258667,recorded_diagnostic_scalar_NN,0.500624418258667,0.6,True,False,False,False,,,[],[],False,18,,1,The selected hash is not in this composition buffer.,
support-final-f6823e6cdf872a727ba2d1e8,full_support_aware,Co-Dy-W,4,support-final-f6823e6cdf872a727ba2d1e8:d0000008-c0,8,0,select_for_evaluation,executed,True,True,succeeded,,True,0.5005906820297241,recorded_diagnostic_scalar_NN,0.5005906820297241,0.6,True,False,False,False,,,[],[],False,18,18,1,,
support-final-f6823e6cdf872a727ba2d1e8,full_support_aware,Co-Dy-W,4,support-final-f6823e6cdf872a727ba2d1e8:d0000009-c0,9,0,select_for_evaluation,executed,True,True,succeeded,,True,0.5005046129226685,recorded_diagnostic_scalar_NN,0.5005046129226685,0.6,True,False,False,False,,,[],[],False,20,20,1,,
support-final-f6823e6cdf872a727ba2d1e8,full_support_aware,Co-Dy-W,4,support-final-f6823e6cdf872a727ba2d1e8:d0000010-c0,10,0,select_for_evaluation,executed,True,True,succeeded,,True,0.50045245885849,recorded_diagnostic_scalar_NN,0.50045245885849,0.6,True,False,False,False,,,[],[],False,22,22,1,,
support-final-f6823e6cdf872a727ba2d1e8,full_support_aware,Co-Dy-W,4,support-final-f6823e6cdf872a727ba2d1e8:d0000011-c0,11,0,select_for_evaluation,executed,True,True,succeeded,,True,0.5002855658531189,recorded_diagnostic_scalar_NN,0.5002855658531189,0.6,True,False,False,False,,,[],[],False,24,24,1,,
support-final-f6823e6cdf872a727ba2d1e8,full_support_aware,Co-Dy-W,4,support-final-f6823e6cdf872a727ba2d1e8:d0000012-c0,12,0,,rejected_not_executed,False,False,unavailable,The original parsed emitted action is required; invalid/ambiguous generations have no action target,False,,forced_generation_invalid_not_scalar_NN,,0.6,True,,False,True,generation_invalid,local_schema_validation,[],"[""expected_allowed_tool_and_arguments_object""]",True,,,,,
support-final-f6823e6cdf872a727ba2d1e8,full_support_aware,Co-Dy-W,4,support-final-f6823e6cdf872a727ba2d1e8:d0000012-c1,12,1,query_structures,executed,True,True,unavailable,"Current-policy transcoder fidelity gate failed at model.language_model.layers.13.mlp: FVU=0.5038931965827942, defined=True.",False,0.50035160779953,recorded_diagnostic_scalar_NN,,0.6,True,False,False,False,,,[],[],False,28,,1,,"{""instruction"": ""Repair the JSON/tool/arguments schema. Return one allowed tool with only its documented arguments; do not invent results. Use only the existing retry and tool/query limits."", ""not_a_measured_scientific_result"": true, ""predicted_failure_type"": ""generation_invalid"", ""source"": ""current_candidate_predictions_or_visible_schema_issue"", ""suggested_legal_tool"": {""arguments"": {""composition"": ""Dy2CoW"", ""k"": 5, ""mode"": ""all""}, ""tool"": ""query_structures""}}"
support-final-f6823e6cdf872a727ba2d1e8,full_support_aware,Co-Dy-W,4,support-final-f6823e6cdf872a727ba2d1e8:d0000013-c0,13,0,select_for_evaluation,executed,True,True,unavailable,"Current-policy transcoder fidelity gate failed at model.language_model.layers.13.mlp: FVU=0.5261721014976501, defined=True.",False,0.5002989768981934,recorded_diagnostic_scalar_NN,,0.6,True,False,False,False,,,[],[],False,28,28,1,,
support-final-f6823e6cdf872a727ba2d1e8,full_support_aware,Co-Dy-W,4,support-final-f6823e6cdf872a727ba2d1e8:d0000014-c0,14,0,generate_structures,executed,True,True,unavailable,"Current-policy transcoder fidelity gate failed at model.language_model.layers.13.mlp: FVU=0.5194540619850159, defined=True.",False,0.5003291964530945,recorded_diagnostic_scalar_NN,,0.6,True,False,False,False,,,[],[],False,32,,1,,
support-final-f6823e6cdf872a727ba2d1e8,full_support_aware,Co-Dy-W,4,support-final-f6823e6cdf872a727ba2d1e8:d0000015-c0,15,0,select_for_evaluation,executed,True,True,unavailable,"Current-policy transcoder fidelity gate failed at model.language_model.layers.13.mlp: FVU=0.5175222158432007, defined=True.",False,0.5005095601081848,recorded_diagnostic_scalar_NN,,0.6,True,False,False,False,,,[],[],False,32,32,1,,
support-final-03a88c2191e750bc3ef7d49f,full_support_aware,Co-Mg-Na,2,support-final-03a88c2191e750bc3ef7d49f:d0000000-c0,0,0,generate_structures,executed,True,True,unavailable,"Current-policy transcoder fidelity gate failed at model.language_model.layers.13.mlp: FVU=0.5105360746383667, defined=True.",False,0.4995139241218567,recorded_diagnostic_scalar_NN,,0.6,True,False,False,False,,,[],[],False,4,,1,,
support-final-03a88c2191e750bc3ef7d49f,full_support_aware,Co-Mg-Na,2,support-final-03a88c2191e750bc3ef7d49f:d0000001-c0,1,0,select_for_evaluation,executed,True,True,succeeded,,True,0.5000239014625549,recorded_diagnostic_scalar_NN,0.5000239014625549,0.6,True,False,False,True,not_new,predicted_failure_type,"[""not_new""]",[],True,4,4,1,,
support-final-03a88c2191e750bc3ef7d49f,full_support_aware,Co-Mg-Na,2,support-final-03a88c2191e750bc3ef7d49f:d0000001-c1,1,1,select_for_evaluation,rejected_not_executed,True,True,unavailable,"Current-policy transcoder fidelity gate failed at model.language_model.layers.13.mlp: FVU=0.5113823413848877, defined=True.",False,0.5002802610397339,recorded_diagnostic_scalar_NN,,0.6,True,False,False,False,,,[],[],False,,,,,"{""instruction"": ""Prefer a different buffered structure_hash or generate a new candidate. A different hash alone does not establish scientific novelty. Use only the existing retry and tool/query limits."", ""not_a_measured_scientific_result"": true, ""predicted_failure_type"": ""not_new"", ""source"": ""current_candidate_predictions_or_visible_schema_issue"", ""suggested_legal_tool"": {""arguments"": {""composition"": ""NaMg10Co"", ""structure_hash"": ""15ab0f0f5bf07d4513c9b467ad986a1b50f06d1128debd362267702f853bc93e""}, ""tool"": ""select_for_evaluation""}}"
support-final-03a88c2191e750bc3ef7d49f,full_support_aware,Co-Mg-Na,2,support-final-03a88c2191e750bc3ef7d49f:d0000002-c0,2,0,select_for_evaluation,executed,True,True,succeeded,,True,0.5002546906471252,recorded_diagnostic_scalar_NN,0.5002546906471252,0.6,True,False,False,False,,,[],[],False,6,6,1,,
support-final-03a88c2191e750bc3ef7d49f,full_support_aware,Co-Mg-Na,2,support-final-03a88c2191e750bc3ef7d49f:d0000003-c0,3,0,select_for_evaluation,executed,True,True,succeeded,,True,0.5003340244293213,recorded_diagnostic_scalar_NN,0.5003340244293213,0.6,True,False,False,False,,,[],[],False,8,8,1,,
support-final-03a88c2191e750bc3ef7d49f,full_support_aware,Co-Mg-Na,2,support-final-03a88c2191e750bc3ef7d49f:d0000004-c0,4,0,select_for_evaluation,executed,True,True,succeeded,,True,0.5003490447998047,recorded_diagnostic_scalar_NN,0.5003490447998047,0.6,True,False,False,False,,,[],[],False,10,10,1,,
support-final-03a88c2191e750bc3ef7d49f,full_support_aware,Co-Mg-Na,2,support-final-03a88c2191e750bc3ef7d49f:d0000005-c0,5,0,generate_structures,executed,True,True,succeeded,,True,0.5001437067985535,recorded_diagnostic_scalar_NN,0.5001437067985535,0.6,True,False,False,False,,,[],[],False,16,,1,,
support-final-03a88c2191e750bc3ef7d49f,full_support_aware,Co-Mg-Na,2,support-final-03a88c2191e750bc3ef7d49f:d0000006-c0,6,0,generate_structures,executed,True,True,succeeded,,True,0.50087571144104,recorded_diagnostic_scalar_NN,0.50087571144104,0.6,True,False,False,False,,,[],[],False,16,,1,,
support-final-03a88c2191e750bc3ef7d49f,full_support_aware,Co-Mg-Na,2,support-final-03a88c2191e750bc3ef7d49f:d0000007-c0,7,0,select_for_evaluation,executed,True,True,succeeded,,True,0.5009710788726807,recorded_diagnostic_scalar_NN,0.5009710788726807,0.6,True,False,False,False,,,[],[],False,16,16,1,,
support-final-03a88c2191e750bc3ef7d49f,full_support_aware,Co-Mg-Na,2,support-final-03a88c2191e750bc3ef7d49f:d0000008-c0,8,0,generate_structures,executed,True,True,succeeded,,True,0.4996285140514374,recorded_diagnostic_scalar_NN,0.4996285140514374,0.6,True,False,False,False,,,[],[],False,20,,1,,
support-final-03a88c2191e750bc3ef7d49f,full_support_aware,Co-Mg-Na,2,support-final-03a88c2191e750bc3ef7d49f:d0000009-c0,9,0,select_for_evaluation,executed,True,True,succeeded,,True,0.4998714029788971,recorded_diagnostic_scalar_NN,0.4998714029788971,0.6,True,False,False,False,,,[],[],False,20,20,1,,
support-final-03a88c2191e750bc3ef7d49f,full_support_aware,Co-Mg-Na,2,support-final-03a88c2191e750bc3ef7d49f:d0000010-c0,10,0,select_for_evaluation,executed,True,True,succeeded,,True,0.49962928891181946,recorded_diagnostic_scalar_NN,0.49962928891181946,0.6,True,False,False,False,,,[],[],False,22,22,0,,
support-final-03a88c2191e750bc3ef7d49f,full_support_aware,Co-Mg-Na,2,support-final-03a88c2191e750bc3ef7d49f:d0000011-c0,11,0,select_for_evaluation,executed,True,True,succeeded,,True,0.500885009765625,recorded_diagnostic_scalar_NN,0.500885009765625,0.6,True,False,False,False,,,[],[],False,24,24,1,,
support-final-03a88c2191e750bc3ef7d49f,full_support_aware,Co-Mg-Na,2,support-final-03a88c2191e750bc3ef7d49f:d0000012-c0,12,0,select_for_evaluation,executed,True,True,succeeded,,True,0.4997078776359558,recorded_diagnostic_scalar_NN,0.4997078776359558,0.6,True,False,False,False,,,[],[],False,26,26,1,,
support-final-03a88c2191e750bc3ef7d49f,full_support_aware,Co-Mg-Na,2,support-final-03a88c2191e750bc3ef7d49f:d0000013-c0,13,0,select_for_evaluation,executed,True,True,unavailable,"Current-policy transcoder fidelity gate failed at model.language_model.layers.13.mlp: FVU=0.5019180178642273, defined=True.",False,0.5008415579795837,recorded_diagnostic_scalar_NN,,0.6,True,False,False,False,,,[],[],False,28,28,0,,
support-final-c2968e57d9e2851ad1f9774e,full_support_aware,Co-Mg-Na,3,support-final-c2968e57d9e2851ad1f9774e:d0000000-c0,0,0,generate_structures,executed,True,True,unavailable,"Current-policy transcoder fidelity gate failed at model.language_model.layers.13.mlp: FVU=0.5195333361625671, defined=True.",False,0.49935078620910645,recorded_diagnostic_scalar_NN,,0.6,True,False,False,False,,,[],[],False,4,,1,,
support-final-c2968e57d9e2851ad1f9774e,full_support_aware,Co-Mg-Na,3,support-final-c2968e57d9e2851ad1f9774e:d0000001-c0,1,0,select_for_evaluation,executed,True,True,succeeded,,True,0.5006067156791687,recorded_diagnostic_scalar_NN,0.5006067156791687,0.6,True,False,False,False,,,[],[],False,4,4,1,,
support-final-c2968e57d9e2851ad1f9774e,full_support_aware,Co-Mg-Na,3,support-final-c2968e57d9e2851ad1f9774e:d0000002-c0,2,0,select_for_evaluation,executed,True,True,succeeded,,True,0.5007253885269165,recorded_diagnostic_scalar_NN,0.5007253885269165,0.6,True,False,False,False,,,[],[],False,6,6,1,,
support-final-c2968e57d9e2851ad1f9774e,full_support_aware,Co-Mg-Na,3,support-final-c2968e57d9e2851ad1f9774e:d0000003-c0,3,0,generate_structures,executed,True,True,succeeded,,True,0.5006321668624878,recorded_diagnostic_scalar_NN,0.5006321668624878,0.6,True,False,False,False,,,[],[],False,10,,1,,
support-final-c2968e57d9e2851ad1f9774e,full_support_aware,Co-Mg-Na,3,support-final-c2968e57d9e2851ad1f9774e:d0000004-c0,4,0,select_for_evaluation,executed,True,True,succeeded,,True,0.5009729862213135,recorded_diagnostic_scalar_NN,0.5009729862213135,0.6,True,False,False,False,,,[],[],False,10,10,1,,
support-final-c2968e57d9e2851ad1f9774e,full_support_aware,Co-Mg-Na,3,support-final-c2968e57d9e2851ad1f9774e:d0000005-c0,5,0,select_for_evaluation,executed,True,True,succeeded,,True,0.5008009672164917,recorded_diagnostic_scalar_NN,0.5008009672164917,0.6,True,False,False,False,,,[],[],False,18,,1,The selected hash is not in this composition buffer.,
support-final-c2968e57d9e2851ad1f9774e,full_support_aware,Co-Mg-Na,3,support-final-c2968e57d9e2851ad1f9774e:d0000006-c0,6,0,generate_structures,executed,True,True,succeeded,,True,0.5006617903709412,recorded_diagnostic_scalar_NN,0.5006617903709412,0.6,True,False,False,False,,,[],[],False,18,,1,,
support-final-c2968e57d9e2851ad1f9774e,full_support_aware,Co-Mg-Na,3,support-final-c2968e57d9e2851ad1f9774e:d0000007-c0,7,0,select_for_evaluation,executed,True,True,succeeded,,True,0.5009732246398926,recorded_diagnostic_scalar_NN,0.5009732246398926,0.6,True,False,False,False,,,[],[],False,18,,1,The selected hash is not in this composition buffer.,
support-final-c2968e57d9e2851ad1f9774e,full_support_aware,Co-Mg-Na,3,support-final-c2968e57d9e2851ad1f9774e:d0000008-c0,8,0,select_for_evaluation,executed,True,True,succeeded,,True,0.5005576014518738,recorded_diagnostic_scalar_NN,0.5005576014518738,0.6,True,False,False,False,,,[],[],False,18,18,1,,
support-final-c2968e57d9e2851ad1f9774e,full_support_aware,Co-Mg-Na,3,support-final-c2968e57d9e2851ad1f9774e:d0000009-c0,9,0,select_for_evaluation,rejected_not_executed,False,False,succeeded,,True,,forced_generation_invalid_not_scalar_NN,1.0,0.6,True,,False,True,generation_invalid,local_schema_validation,"[""not_new""]","[""unknown_tool_arguments""]",True,,,,,
support-final-c2968e57d9e2851ad1f9774e,full_support_aware,Co-Mg-Na,3,support-final-c2968e57d9e2851ad1f9774e:d0000009-c1,9,1,query_structures,executed,True,True,unavailable,"Current-policy transcoder fidelity gate failed at model.language_model.layers.13.mlp: FVU=0.5042843222618103, defined=True.",False,0.5007394552230835,recorded_diagnostic_scalar_NN,,0.6,True,False,False,False,,,[],[],False,26,,1,,"{""instruction"": ""Repair the JSON/tool/arguments schema. Return one allowed tool with only its documented arguments; do not invent results. Use only the existing retry and tool/query limits."", ""not_a_measured_scientific_result"": true, ""predicted_failure_type"": ""generation_invalid"", ""source"": ""current_candidate_predictions_or_visible_schema_issue"", ""suggested_legal_tool"": {""arguments"": {""composition"": ""NaMgCo3"", ""k"": 5, ""mode"": ""all""}, ""tool"": ""query_structures""}}"
support-final-c2968e57d9e2851ad1f9774e,full_support_aware,Co-Mg-Na,3,support-final-c2968e57d9e2851ad1f9774e:d0000010-c0,10,0,generate_structures,executed,True,True,unavailable,"Current-policy transcoder fidelity gate failed at model.language_model.layers.13.mlp: FVU=0.5200823545455933, defined=True.",False,0.5006914734840393,recorded_diagnostic_scalar_NN,,0.6,True,False,False,False,,,[],[],False,26,,1,,
support-final-c2968e57d9e2851ad1f9774e,full_support_aware,Co-Mg-Na,3,support-final-c2968e57d9e2851ad1f9774e:d0000011-c0,11,0,score_buffer,executed,True,True,unavailable,"Current-policy transcoder fidelity gate failed at model.language_model.layers.12.mlp: FVU=0.5055587291717529, defined=True.",False,0.5006335377693176,recorded_diagnostic_scalar_NN,,0.6,True,False,False,False,,,[],[],False,26,,1,,
support-final-c2968e57d9e2851ad1f9774e,full_support_aware,Co-Mg-Na,3,support-final-c2968e57d9e2851ad1f9774e:d0000012-c0,12,0,select_for_evaluation,executed,True,True,succeeded,,True,0.4996170997619629,recorded_diagnostic_scalar_NN,0.4996170997619629,0.6,True,False,False,False,,,[],[],False,26,26,1,,
support-final-c2968e57d9e2851ad1f9774e,full_support_aware,Co-Mg-Na,3,support-final-c2968e57d9e2851ad1f9774e:d0000013-c0,13,0,select_for_evaluation,executed,True,True,succeeded,,True,0.49969977140426636,recorded_diagnostic_scalar_NN,0.49969977140426636,0.6,True,False,False,False,,,[],[],False,28,28,1,,
support-final-c2968e57d9e2851ad1f9774e,full_support_aware,Co-Mg-Na,3,support-final-c2968e57d9e2851ad1f9774e:d0000014-c0,14,0,select_for_evaluation,executed,True,True,succeeded,,True,0.5008978843688965,recorded_diagnostic_scalar_NN,0.5008978843688965,0.6,True,False,False,False,,,[],[],False,30,30,1,,
support-final-c2968e57d9e2851ad1f9774e,full_support_aware,Co-Mg-Na,3,support-final-c2968e57d9e2851ad1f9774e:d0000015-c0,15,0,select_for_evaluation,executed,True,True,succeeded,,True,0.50089430809021,recorded_diagnostic_scalar_NN,0.50089430809021,0.6,True,False,False,False,,,[],[],False,32,32,1,,
support-final-c2968e57d9e2851ad1f9774e,full_support_aware,Co-Mg-Na,3,support-final-c2968e57d9e2851ad1f9774e:d0000016-c0,16,0,select_for_evaluation,executed,True,True,succeeded,,True,0.500806450843811,recorded_diagnostic_scalar_NN,0.500806450843811,0.6,True,False,False,False,,,[],[],False,34,34,1,,
support-final-c2968e57d9e2851ad1f9774e,full_support_aware,Co-Mg-Na,3,support-final-c2968e57d9e2851ad1f9774e:d0000017-c0,17,0,select_for_evaluation,executed,True,True,succeeded,,True,0.5008642077445984,recorded_diagnostic_scalar_NN,0.5008642077445984,0.6,True,False,False,False,,,[],[],False,36,36,1,,
support-final-32b9c75a950dc72b690b9f75,full_support_aware,Co-Mg-Na,4,support-final-32b9c75a950dc72b690b9f75:d0000000-c0,0,0,generate_structures,executed,True,True,unavailable,"Current-policy transcoder fidelity gate failed at model.language_model.layers.12.mlp: FVU=0.5243229269981384, defined=True.",False,0.4989382028579712,recorded_diagnostic_scalar_NN,,0.6,True,False,False,False,,,[],[],False,4,,1,,
support-final-32b9c75a950dc72b690b9f75,full_support_aware,Co-Mg-Na,4,support-final-32b9c75a950dc72b690b9f75:d0000001-c0,1,0,select_for_evaluation,executed,True,True,succeeded,,True,0.49972662329673767,recorded_diagnostic_scalar_NN,0.49972662329673767,0.6,True,False,False,False,,,[],[],False,4,4,1,,
support-final-32b9c75a950dc72b690b9f75,full_support_aware,Co-Mg-Na,4,support-final-32b9c75a950dc72b690b9f75:d0000002-c0,2,0,select_for_evaluation,executed,True,True,succeeded,,True,0.4998742640018463,recorded_diagnostic_scalar_NN,0.4998742640018463,0.6,True,False,False,False,,,[],[],False,6,6,1,,
support-final-32b9c75a950dc72b690b9f75,full_support_aware,Co-Mg-Na,4,support-final-32b9c75a950dc72b690b9f75:d0000003-c0,3,0,select_for_evaluation,executed,True,True,succeeded,,True,0.5001097321510315,recorded_diagnostic_scalar_NN,0.5001097321510315,0.6,True,False,False,False,,,[],[],False,12,,1,Select an existing buffer composition.,
support-final-32b9c75a950dc72b690b9f75,full_support_aware,Co-Mg-Na,4,support-final-32b9c75a950dc72b690b9f75:d0000004-c0,4,0,generate_structures,executed,True,True,succeeded,,True,0.4998582899570465,recorded_diagnostic_scalar_NN,0.4998582899570465,0.6,True,False,False,False,,,[],[],False,12,,1,,
support-final-32b9c75a950dc72b690b9f75,full_support_aware,Co-Mg-Na,4,support-final-32b9c75a950dc72b690b9f75:d0000005-c0,5,0,select_for_evaluation,executed,True,True,succeeded,,True,0.5000669360160828,recorded_diagnostic_scalar_NN,0.5000669360160828,0.6,True,False,False,False,,,[],[],False,12,12,1,,
support-final-32b9c75a950dc72b690b9f75,full_support_aware,Co-Mg-Na,4,support-final-32b9c75a950dc72b690b9f75:d0000006-c0,6,0,generate_structures,executed,True,True,succeeded,,True,0.4999762773513794,recorded_diagnostic_scalar_NN,0.4999762773513794,0.6,True,False,False,False,,,[],[],False,20,,1,,
support-final-32b9c75a950dc72b690b9f75,full_support_aware,Co-Mg-Na,4,support-final-32b9c75a950dc72b690b9f75:d0000007-c0,7,0,generate_structures,executed,True,True,succeeded,,True,0.5002266764640808,recorded_diagnostic_scalar_NN,0.5002266764640808,0.6,True,False,False,False,,,[],[],False,20,,1,,
support-final-32b9c75a950dc72b690b9f75,full_support_aware,Co-Mg-Na,4,support-final-32b9c75a950dc72b690b9f75:d0000008-c0,8,0,select_for_evaluation,executed,True,True,succeeded,,True,0.5003891587257385,recorded_diagnostic_scalar_NN,0.5003891587257385,0.6,True,False,False,False,,,[],[],False,20,,1,The selected hash is not in this composition buffer.,
support-final-32b9c75a950dc72b690b9f75,full_support_aware,Co-Mg-Na,4,support-final-32b9c75a950dc72b690b9f75:d0000009-c0,9,0,select_for_evaluation,executed,True,True,succeeded,,True,0.5003463625907898,recorded_diagnostic_scalar_NN,0.5003463625907898,0.6,True,False,False,False,,,[],[],False,20,20,1,,
support-final-32b9c75a950dc72b690b9f75,full_support_aware,Co-Mg-Na,4,support-final-32b9c75a950dc72b690b9f75:d0000010-c0,10,0,select_for_evaluation,executed,True,True,succeeded,,True,0.5002154111862183,recorded_diagnostic_scalar_NN,0.5002154111862183,0.6,True,False,False,False,,,[],[],False,22,22,1,,
support-final-32b9c75a950dc72b690b9f75,full_support_aware,Co-Mg-Na,4,support-final-32b9c75a950dc72b690b9f75:d0000011-c0,11,0,select_for_evaluation,executed,True,True,succeeded,,True,0.5002310276031494,recorded_diagnostic_scalar_NN,0.5002310276031494,0.6,True,False,False,False,,,[],[],False,24,24,1,,
support-final-32b9c75a950dc72b690b9f75,full_support_aware,Co-Mg-Na,4,support-final-32b9c75a950dc72b690b9f75:d0000012-c0,12,0,select_for_evaluation,executed,True,True,succeeded,,True,0.4998995363712311,recorded_diagnostic_scalar_NN,0.4998995363712311,0.6,True,False,False,True,tool_execution_failure,predicted_failure_type,"[""tool_execution_failure""]",[],True,26,26,1,,
support-final-32b9c75a950dc72b690b9f75,full_support_aware,Co-Mg-Na,4,support-final-32b9c75a950dc72b690b9f75:d0000012-c1,12,1,query_structures,rejected_not_executed,True,True,unavailable,"Current-policy transcoder fidelity gate failed at model.language_model.layers.13.mlp: FVU=0.5042399168014526, defined=True.",False,0.5000173449516296,recorded_diagnostic_scalar_NN,,0.6,True,False,False,False,,,[],[],False,,,,,"{""instruction"": ""Repair the tool arguments. Use an actual visible composition/hash and documented modes or scorers; do not repeat an invalid call. Use only the existing retry and tool/query limits."", ""not_a_measured_scientific_result"": true, ""predicted_failure_type"": ""tool_execution_failure"", ""source"": ""current_candidate_predictions_or_visible_schema_issue"", ""suggested_legal_tool"": {""arguments"": {""composition"": ""Mg3Co4"", ""k"": 5, ""mode"": ""all""}, ""tool"": ""query_structures""}}"
support-final-32b9c75a950dc72b690b9f75,full_support_aware,Co-Mg-Na,4,support-final-32b9c75a950dc72b690b9f75:d0000013-c0,13,0,score_buffer,executed,True,True,succeeded,,True,0.5001673102378845,recorded_diagnostic_scalar_NN,0.5001673102378845,0.6,True,False,False,False,,,[],[],False,30,,1,,
support-final-32b9c75a950dc72b690b9f75,full_support_aware,Co-Mg-Na,4,support-final-32b9c75a950dc72b690b9f75:d0000014-c0,14,0,select_for_evaluation,executed,True,True,succeeded,,True,0.5002335906028748,recorded_diagnostic_scalar_NN,0.5002335906028748,0.6,True,False,False,False,,,[],[],False,30,30,1,,
support-final-32b9c75a950dc72b690b9f75,full_support_aware,Co-Mg-Na,4,support-final-32b9c75a950dc72b690b9f75:d0000015-c0,15,0,select_for_evaluation,executed,True,True,unavailable,"Current-policy transcoder fidelity gate failed at model.language_model.layers.13.mlp: FVU=0.5006840229034424, defined=True.",False,0.5003509521484375,recorded_diagnostic_scalar_NN,,0.6,True,False,False,False,,,[],[],False,32,32,1,,
support-final-32b9c75a950dc72b690b9f75,full_support_aware,Co-Mg-Na,4,support-final-32b9c75a950dc72b690b9f75:d0000016-c0,16,0,score_buffer,executed,True,True,succeeded,,True,0.5005338788032532,recorded_diagnostic_scalar_NN,0.5005338788032532,0.6,True,False,False,False,,,[],[],False,36,,1,,
support-final-32b9c75a950dc72b690b9f75,full_support_aware,Co-Mg-Na,4,support-final-32b9c75a950dc72b690b9f75:d0000017-c0,17,0,select_for_evaluation,executed,True,True,unavailable,"Current-policy transcoder fidelity gate failed at model.language_model.layers.13.mlp: FVU=0.5055037140846252, defined=True.",False,0.5005891919136047,recorded_diagnostic_scalar_NN,,0.6,True,False,False,False,,,[],[],False,36,36,1,,
support-final-ccd9a242b4945d6cfcdb68dc,uq_only_support_aware,Al-Li-V,2,support-final-ccd9a242b4945d6cfcdb68dc:d0000000-c0,0,0,generate_structures,executed,True,True,succeeded,,True,0.4989717900753021,recorded_diagnostic_scalar_NN,0.4989717900753021,0.6,True,False,False,False,,,[],[],False,4,,1,,
support-final-ccd9a242b4945d6cfcdb68dc,uq_only_support_aware,Al-Li-V,2,support-final-ccd9a242b4945d6cfcdb68dc:d0000001-c0,1,0,select_for_evaluation,executed,True,True,succeeded,,True,0.5008566975593567,recorded_diagnostic_scalar_NN,0.5008566975593567,0.6,True,False,False,False,,,[],[],False,4,4,1,,
support-final-ccd9a242b4945d6cfcdb68dc,uq_only_support_aware,Al-Li-V,2,support-final-ccd9a242b4945d6cfcdb68dc:d0000002-c0,2,0,score_buffer,executed,True,True,succeeded,,True,0.5006164908409119,recorded_diagnostic_scalar_NN,0.5006164908409119,0.6,True,False,False,False,,,[],[],False,8,,1,,
support-final-ccd9a242b4945d6cfcdb68dc,uq_only_support_aware,Al-Li-V,2,support-final-ccd9a242b4945d6cfcdb68dc:d0000003-c0,3,0,select_for_evaluation,executed,True,True,succeeded,,True,0.5008159875869751,recorded_diagnostic_scalar_NN,0.5008159875869751,0.6,True,False,False,False,,,[],[],False,8,8,1,,
support-final-ccd9a242b4945d6cfcdb68dc,uq_only_support_aware,Al-Li-V,2,support-final-ccd9a242b4945d6cfcdb68dc:d0000004-c0,4,0,select_for_evaluation,executed,True,True,succeeded,,True,0.5010538697242737,recorded_diagnostic_scalar_NN,0.5010538697242737,0.6,True,False,False,False,,,[],[],False,10,10,1,,
support-final-ccd9a242b4945d6cfcdb68dc,uq_only_support_aware,Al-Li-V,2,support-final-ccd9a242b4945d6cfcdb68dc:d0000005-c0,5,0,generate_structures,executed,True,True,succeeded,,True,0.5008034706115723,recorded_diagnostic_scalar_NN,0.5008034706115723,0.6,True,False,False,False,,,[],[],False,16,,1,,
support-final-ccd9a242b4945d6cfcdb68dc,uq_only_support_aware,Al-Li-V,2,support-final-ccd9a242b4945d6cfcdb68dc:d0000006-c0,6,0,generate_structures,executed,True,True,succeeded,,True,0.5008277893066406,recorded_diagnostic_scalar_NN,0.5008277893066406,0.6,True,False,False,False,,,[],[],False,16,,1,,
support-final-ccd9a242b4945d6cfcdb68dc,uq_only_support_aware,Al-Li-V,2,support-final-ccd9a242b4945d6cfcdb68dc:d0000007-c0,7,0,select_for_evaluation,executed,True,True,succeeded,,True,0.5010794997215271,recorded_diagnostic_scalar_NN,0.5010794997215271,0.6,True,False,False,False,,,[],[],False,16,16,1,,
support-final-ccd9a242b4945d6cfcdb68dc,uq_only_support_aware,Al-Li-V,2,support-final-ccd9a242b4945d6cfcdb68dc:d0000008-c0,8,0,score_buffer,executed,True,True,succeeded,,True,0.49988964200019836,recorded_diagnostic_scalar_NN,0.49988964200019836,0.6,True,False,False,False,,,[],[],False,20,,1,,
support-final-ccd9a242b4945d6cfcdb68dc,uq_only_support_aware,Al-Li-V,2,support-final-ccd9a242b4945d6cfcdb68dc:d0000009-c0,9,0,select_for_evaluation,executed,True,True,succeeded,,True,0.4999035894870758,recorded_diagnostic_scalar_NN,0.4999035894870758,0.6,True,False,False,False,,,[],[],False,20,20,1,,
support-final-ccd9a242b4945d6cfcdb68dc,uq_only_support_aware,Al-Li-V,2,support-final-ccd9a242b4945d6cfcdb68dc:d0000010-c0,10,0,generate_structures,executed,True,True,succeeded,,True,0.4998233914375305,recorded_diagnostic_scalar_NN,0.4998233914375305,0.6,True,False,False,False,,,[],[],False,28,,1,,
support-final-ccd9a242b4945d6cfcdb68dc,uq_only_support_aware,Al-Li-V,2,support-final-ccd9a242b4945d6cfcdb68dc:d0000011-c0,11,0,generate_structures,executed,True,True,succeeded,,True,0.49977412819862366,recorded_diagnostic_scalar_NN,0.49977412819862366,0.6,True,False,False,False,,,[],[],False,28,,1,,
support-final-ccd9a242b4945d6cfcdb68dc,uq_only_support_aware,Al-Li-V,2,support-final-ccd9a242b4945d6cfcdb68dc:d0000012-c0,12,0,,rejected_not_executed,False,False,unavailable,The original parsed emitted action is required; invalid/ambiguous generations have no action target,False,,forced_generation_invalid_not_scalar_NN,,0.6,True,,False,True,generation_invalid,local_schema_validation,[],"[""expected_allowed_tool_and_arguments_object""]",True,,,,,
support-final-ccd9a242b4945d6cfcdb68dc,uq_only_support_aware,Al-Li-V,2,support-final-ccd9a242b4945d6cfcdb68dc:d0000012-c1,12,1,query_structures,executed,True,True,succeeded,,True,0.49969667196273804,recorded_diagnostic_scalar_NN,0.49969667196273804,0.6,True,False,False,False,,,[],[],False,28,,1,,"{""instruction"": ""Repair the JSON/tool/arguments schema. Return one allowed tool with only its documented arguments; do not invent results. Use only the existing retry and tool/query limits."", ""not_a_measured_scientific_result"": true, ""predicted_failure_type"": ""generation_invalid"", ""source"": ""current_candidate_predictions_or_visible_schema_issue"", ""suggested_legal_tool"": {""arguments"": {""composition"": ""Li3Al3V2"", ""k"": 5, ""mode"": ""all""}, ""tool"": ""query_structures""}}"
support-final-ccd9a242b4945d6cfcdb68dc,uq_only_support_aware,Al-Li-V,2,support-final-ccd9a242b4945d6cfcdb68dc:d0000013-c0,13,0,select_for_evaluation,executed,True,True,succeeded,,True,0.49949535727500916,recorded_diagnostic_scalar_NN,0.49949535727500916,0.6,True,False,False,False,,,[],[],False,28,28,1,,
support-final-ccd9a242b4945d6cfcdb68dc,uq_only_support_aware,Al-Li-V,2,support-final-ccd9a242b4945d6cfcdb68dc:d0000014-c0,14,0,generate_structures,executed,True,True,succeeded,,True,0.4997619390487671,recorded_diagnostic_scalar_NN,0.4997619390487671,0.6,True,False,False,False,,,[],[],False,32,,1,,
support-final-ccd9a242b4945d6cfcdb68dc,uq_only_support_aware,Al-Li-V,2,support-final-ccd9a242b4945d6cfcdb68dc:d0000015-c0,15,0,select_for_evaluation,executed,True,True,succeeded,,True,0.49977347254753113,recorded_diagnostic_scalar_NN,0.49977347254753113,0.6,True,False,False,False,,,[],[],False,32,32,1,,
support-final-ccd9a242b4945d6cfcdb68dc,uq_only_support_aware,Al-Li-V,2,support-final-ccd9a242b4945d6cfcdb68dc:d0000016-c0,16,0,generate_structures,executed,True,True,succeeded,,True,0.4998069703578949,recorded_diagnostic_scalar_NN,0.4998069703578949,0.6,True,False,False,False,,,[],[],False,38,,1,,
support-final-ccd9a242b4945d6cfcdb68dc,uq_only_support_aware,Al-Li-V,2,support-final-ccd9a242b4945d6cfcdb68dc:d0000017-c0,17,0,score_buffer,executed,True,True,succeeded,,True,0.49980825185775757,recorded_diagnostic_scalar_NN,0.49980825185775757,0.6,True,False,False,False,,,[],[],False,38,,1,,
support-final-ccd9a242b4945d6cfcdb68dc,uq_only_support_aware,Al-Li-V,2,support-final-ccd9a242b4945d6cfcdb68dc:d0000018-c0,18,0,select_for_evaluation,executed,True,True,succeeded,,True,0.4998279809951782,recorded_diagnostic_scalar_NN,0.4998279809951782,0.6,True,False,False,False,,,[],[],False,38,38,1,,
support-final-ccd9a242b4945d6cfcdb68dc,uq_only_support_aware,Al-Li-V,2,support-final-ccd9a242b4945d6cfcdb68dc:d0000019-c0,19,0,generate_structures,executed,True,True,succeeded,,True,0.4997219145298004,recorded_diagnostic_scalar_NN,0.4997219145298004,0.6,True,False,False,False,,,[],[],False,42,,1,,
support-final-ccd9a242b4945d6cfcdb68dc,uq_only_support_aware,Al-Li-V,2,support-final-ccd9a242b4945d6cfcdb68dc:d0000020-c0,20,0,select_for_evaluation,executed,True,True,succeeded,,True,0.49989035725593567,recorded_diagnostic_scalar_NN,0.49989035725593567,0.6,True,False,False,False,,,[],[],False,42,42,1,,
support-final-ccd9a242b4945d6cfcdb68dc,uq_only_support_aware,Al-Li-V,2,support-final-ccd9a242b4945d6cfcdb68dc:d0000021-c0,21,0,select_for_evaluation,executed,True,True,succeeded,,True,0.4997306168079376,recorded_diagnostic_scalar_NN,0.4997306168079376,0.6,True,False,False,False,,,[],[],False,44,44,1,,
support-final-2cd11ff827dc56a49263e71d,uq_only_support_aware,Al-Li-V,3,support-final-2cd11ff827dc56a49263e71d:d0000000-c0,0,0,generate_structures,executed,True,True,succeeded,,True,0.499053955078125,recorded_diagnostic_scalar_NN,0.499053955078125,0.6,True,False,False,False,,,[],[],False,4,,1,,
support-final-2cd11ff827dc56a49263e71d,uq_only_support_aware,Al-Li-V,3,support-final-2cd11ff827dc56a49263e71d:d0000001-c0,1,0,select_for_evaluation,executed,True,True,succeeded,,True,0.5004788041114807,recorded_diagnostic_scalar_NN,0.5004788041114807,0.6,True,False,False,False,,,[],[],False,4,4,1,,
support-final-2cd11ff827dc56a49263e71d,uq_only_support_aware,Al-Li-V,3,support-final-2cd11ff827dc56a49263e71d:d0000002-c0,2,0,generate_structures,executed,True,True,succeeded,,True,0.5006157159805298,recorded_diagnostic_scalar_NN,0.5006157159805298,0.6,True,False,False,False,,,[],[],False,10,,1,,
support-final-2cd11ff827dc56a49263e71d,uq_only_support_aware,Al-Li-V,3,support-final-2cd11ff827dc56a49263e71d:d0000003-c0,3,0,generate_structures,executed,True,True,succeeded,,True,0.5009316802024841,recorded_diagnostic_scalar_NN,0.5009316802024841,0.6,True,False,False,False,,,[],[],False,10,,1,,
support-final-2cd11ff827dc56a49263e71d,uq_only_support_aware,Al-Li-V,3,support-final-2cd11ff827dc56a49263e71d:d0000004-c0,4,0,select_for_evaluation,executed,True,True,succeeded,,True,0.5012179017066956,recorded_diagnostic_scalar_NN,0.5012179017066956,0.6,True,False,False,False,,,[],[],False,10,10,1,,
support-final-2cd11ff827dc56a49263e71d,uq_only_support_aware,Al-Li-V,3,support-final-2cd11ff827dc56a49263e71d:d0000005-c0,5,0,select_for_evaluation,executed,True,True,succeeded,,True,0.5010553002357483,recorded_diagnostic_scalar_NN,0.5010553002357483,0.6,True,False,False,False,,,[],[],False,12,12,1,,
support-final-2cd11ff827dc56a49263e71d,uq_only_support_aware,Al-Li-V,3,support-final-2cd11ff827dc56a49263e71d:d0000006-c0,6,0,select_for_evaluation,executed,True,True,succeeded,,True,0.5010753870010376,recorded_diagnostic_scalar_NN,0.5010753870010376,0.6,True,False,False,False,,,[],[],False,14,14,1,,
support-final-2cd11ff827dc56a49263e71d,uq_only_support_aware,Al-Li-V,3,support-final-2cd11ff827dc56a49263e71d:d0000007-c0,7,0,generate_structures,executed,True,True,succeeded,,True,0.5008004307746887,recorded_diagnostic_scalar_NN,0.5008004307746887,0.6,True,False,False,False,,,[],[],False,20,,1,,
support-final-2cd11ff827dc56a49263e71d,uq_only_support_aware,Al-Li-V,3,support-final-2cd11ff827dc56a49263e71d:d0000008-c0,8,0,generate_structures,executed,True,True,succeeded,,True,0.5007625818252563,recorded_diagnostic_scalar_NN,0.5007625818252563,0.6,True,False,False,False,,,[],[],False,20,,1,,
support-final-2cd11ff827dc56a49263e71d,uq_only_support_aware,Al-Li-V,3,support-final-2cd11ff827dc56a49263e71d:d0000009-c0,9,0,select_for_evaluation,executed,True,True,succeeded,,True,0.5011695027351379,recorded_diagnostic_scalar_NN,0.5011695027351379,0.6,True,False,False,False,,,[],[],False,20,20,1,,
support-final-2cd11ff827dc56a49263e71d,uq_only_support_aware,Al-Li-V,3,support-final-2cd11ff827dc56a49263e71d:d0000010-c0,10,0,generate_structures,executed,True,True,succeeded,,True,0.49974435567855835,recorded_diagnostic_scalar_NN,0.49974435567855835,0.6,True,False,False,False,,,[],[],False,26,,0,,
support-final-2cd11ff827dc56a49263e71d,uq_only_support_aware,Al-Li-V,3,support-final-2cd11ff827dc56a49263e71d:d0000011-c0,11,0,score_buffer,executed,True,True,succeeded,,True,0.4998491406440735,recorded_diagnostic_scalar_NN,0.4998491406440735,0.6,True,False,False,False,,,[],[],False,26,,0,,
support-final-2cd11ff827dc56a49263e71d,uq_only_support_aware,Al-Li-V,3,support-final-2cd11ff827dc56a49263e71d:d0000012-c0,12,0,select_for_evaluation,executed,True,True,succeeded,,True,0.49969160556793213,recorded_diagnostic_scalar_NN,0.49969160556793213,0.6,True,False,False,False,,,[],[],False,26,26,0,,
support-final-2cd11ff827dc56a49263e71d,uq_only_support_aware,Al-Li-V,3,support-final-2cd11ff827dc56a49263e71d:d0000013-c0,13,0,select_for_evaluation,executed,True,True,succeeded,,True,0.5008935332298279,recorded_diagnostic_scalar_NN,0.5008935332298279,0.6,True,False,False,False,,,[],[],False,28,28,1,,
support-final-2cd11ff827dc56a49263e71d,uq_only_support_aware,Al-Li-V,3,support-final-2cd11ff827dc56a49263e71d:d0000014-c0,14,0,generate_structures,executed,True,True,succeeded,,True,0.4997836649417877,recorded_diagnostic_scalar_NN,0.4997836649417877,0.6,True,False,False,False,,,[],[],False,32,,1,,
support-final-2cd11ff827dc56a49263e71d,uq_only_support_aware,Al-Li-V,3,support-final-2cd11ff827dc56a49263e71d:d0000015-c0,15,0,select_for_evaluation,executed,True,True,succeeded,,True,0.4997960031032562,recorded_diagnostic_scalar_NN,0.4997960031032562,0.6,True,False,False,False,,,[],[],False,32,32,1,,
support-final-2cd11ff827dc56a49263e71d,uq_only_support_aware,Al-Li-V,3,support-final-2cd11ff827dc56a49263e71d:d0000016-c0,16,0,generate_structures,executed,True,True,succeeded,,True,0.49960318207740784,recorded_diagnostic_scalar_NN,0.49960318207740784,0.6,True,False,False,False,,,[],[],False,38,,1,,
support-final-2cd11ff827dc56a49263e71d,uq_only_support_aware,Al-Li-V,3,support-final-2cd11ff827dc56a49263e71d:d0000017-c0,17,0,select_for_evaluation,executed,True,True,succeeded,,True,0.49986615777015686,recorded_diagnostic_scalar_NN,0.49986615777015686,0.6,True,False,False,False,,,[],[],False,38,,1,The selected hash is not in this composition buffer.,
support-final-2cd11ff827dc56a49263e71d,uq_only_support_aware,Al-Li-V,3,support-final-2cd11ff827dc56a49263e71d:d0000018-c0,18,0,select_for_evaluation,executed,True,True,succeeded,,True,0.49968191981315613,recorded_diagnostic_scalar_NN,0.49968191981315613,0.6,True,False,False,False,,,[],[],False,38,38,1,,
support-final-2cd11ff827dc56a49263e71d,uq_only_support_aware,Al-Li-V,3,support-final-2cd11ff827dc56a49263e71d:d0000019-c0,19,0,generate_structures,executed,True,True,succeeded,,True,0.499632865190506,recorded_diagnostic_scalar_NN,0.499632865190506,0.6,True,False,False,False,,,[],[],False,44,,1,,
support-final-2cd11ff827dc56a49263e71d,uq_only_support_aware,Al-Li-V,3,support-final-2cd11ff827dc56a49263e71d:d0000020-c0,20,0,score_buffer,executed,True,True,succeeded,,True,0.49977514147758484,recorded_diagnostic_scalar_NN,0.49977514147758484,0.6,True,False,False,False,,,[],[],False,44,,1,,
support-final-2cd11ff827dc56a49263e71d,uq_only_support_aware,Al-Li-V,3,support-final-2cd11ff827dc56a49263e71d:d0000021-c0,21,0,select_for_evaluation,executed,True,True,succeeded,,True,0.49971163272857666,recorded_diagnostic_scalar_NN,0.49971163272857666,0.6,True,False,False,False,,,[],[],False,44,44,1,,
support-final-4a84dce05fdc57c5272bb199,uq_only_support_aware,Al-Li-V,4,support-final-4a84dce05fdc57c5272bb199:d0000000-c0,0,0,generate_structures,executed,True,True,succeeded,,True,0.49927982687950134,recorded_diagnostic_scalar_NN,0.49927982687950134,0.6,True,False,False,False,,,[],[],False,4,,1,,
support-final-4a84dce05fdc57c5272bb199,uq_only_support_aware,Al-Li-V,4,support-final-4a84dce05fdc57c5272bb199:d0000001-c0,1,0,select_for_evaluation,executed,True,True,succeeded,,True,0.4999068081378937,recorded_diagnostic_scalar_NN,0.4999068081378937,0.6,True,False,False,False,,,[],[],False,4,4,1,,
support-final-4a84dce05fdc57c5272bb199,uq_only_support_aware,Al-Li-V,4,support-final-4a84dce05fdc57c5272bb199:d0000002-c0,2,0,select_for_evaluation,executed,True,True,succeeded,,True,0.5001727342605591,recorded_diagnostic_scalar_NN,0.5001727342605591,0.6,True,False,False,False,,,[],[],False,8,,1,Select an existing buffer composition.,
support-final-4a84dce05fdc57c5272bb199,uq_only_support_aware,Al-Li-V,4,support-final-4a84dce05fdc57c5272bb199:d0000003-c0,3,0,select_for_evaluation,executed,True,True,succeeded,,True,0.5000333189964294,recorded_diagnostic_scalar_NN,0.5000333189964294,0.6,True,False,False,False,,,[],[],False,8,8,1,,
support-final-4a84dce05fdc57c5272bb199,uq_only_support_aware,Al-Li-V,4,support-final-4a84dce05fdc57c5272bb199:d0000004-c0,4,0,select_for_evaluation,executed,True,True,succeeded,,True,0.5001654028892517,recorded_diagnostic_scalar_NN,0.5001654028892517,0.6,True,False,False,False,,,[],[],False,16,,1,Buffer selection index is out of range.,
support-final-4a84dce05fdc57c5272bb199,uq_only_support_aware,Al-Li-V,4,support-final-4a84dce05fdc57c5272bb199:d0000005-c0,5,0,query_structures,rejected_not_executed,True,False,succeeded,,True,0.49982720613479614,recorded_diagnostic_scalar_NN,0.49982720613479614,0.6,True,False,False,True,generation_invalid,local_schema_validation,[],"[""composition_required""]",True,,,,,
support-final-4a84dce05fdc57c5272bb199,uq_only_support_aware,Al-Li-V,4,support-final-4a84dce05fdc57c5272bb199:d0000005-c1,5,1,query_structures,executed,True,True,succeeded,,True,0.4995975196361542,recorded_diagnostic_scalar_NN,0.4995975196361542,0.6,True,False,False,False,,,[],[],False,16,,1,,"{""instruction"": ""Repair the JSON/tool/arguments schema. Return one allowed tool with only its documented arguments; do not invent results. Use only the existing retry and tool/query limits."", ""not_a_measured_scientific_result"": true, ""predicted_failure_type"": ""generation_invalid"", ""source"": ""current_candidate_predictions_or_visible_schema_issue"", ""suggested_legal_tool"": {""arguments"": {""composition"": ""Li(AlV)2"", ""k"": 5, ""mode"": ""all""}, ""tool"": ""query_structures""}}"
support-final-4a84dce05fdc57c5272bb199,uq_only_support_aware,Al-Li-V,4,support-final-4a84dce05fdc57c5272bb199:d0000006-c0,6,0,generate_structures,executed,True,True,succeeded,,True,0.4998432993888855,recorded_diagnostic_scalar_NN,0.4998432993888855,0.6,True,False,False,False,,,[],[],False,16,,1,,
support-final-4a84dce05fdc57c5272bb199,uq_only_support_aware,Al-Li-V,4,support-final-4a84dce05fdc57c5272bb199:d0000007-c0,7,0,select_for_evaluation,executed,True,True,succeeded,,True,0.5007720589637756,recorded_diagnostic_scalar_NN,0.5007720589637756,0.6,True,False,False,False,,,[],[],False,16,16,1,,
support-final-4a84dce05fdc57c5272bb199,uq_only_support_aware,Al-Li-V,4,support-final-4a84dce05fdc57c5272bb199:d0000008-c0,8,0,select_for_evaluation,executed,True,True,succeeded,,True,0.5007486939430237,recorded_diagnostic_scalar_NN,0.5007486939430237,0.6,True,False,False,False,,,[],[],False,22,,1,The selected hash is not in this composition buffer.,
support-final-4a84dce05fdc57c5272bb199,uq_only_support_aware,Al-Li-V,4,support-final-4a84dce05fdc57c5272bb199:d0000009-c0,9,0,select_for_evaluation,executed,True,True,succeeded,,True,0.5007606148719788,recorded_diagnostic_scalar_NN,0.5007606148719788,0.6,True,False,False,False,,,[],[],False,22,,1,The selected hash is not in this composition buffer.,
support-final-4a84dce05fdc57c5272bb199,uq_only_support_aware,Al-Li-V,4,support-final-4a84dce05fdc57c5272bb199:d0000010-c0,10,0,select_for_evaluation,executed,True,True,succeeded,,True,0.5008413791656494,recorded_diagnostic_scalar_NN,0.5008413791656494,0.6,True,False,False,False,,,[],[],False,22,22,1,,
support-final-4a84dce05fdc57c5272bb199,uq_only_support_aware,Al-Li-V,4,support-final-4a84dce05fdc57c5272bb199:d0000011-c0,11,0,select_for_evaluation,executed,True,True,succeeded,,True,0.5006453394889832,recorded_diagnostic_scalar_NN,0.5006453394889832,0.6,True,False,False,False,,,[],[],False,24,24,1,,
support-final-4a84dce05fdc57c5272bb199,uq_only_support_aware,Al-Li-V,4,support-final-4a84dce05fdc57c5272bb199:d0000012-c0,12,0,select_for_evaluation,executed,True,True,succeeded,,True,0.5007898211479187,recorded_diagnostic_scalar_NN,0.5007898211479187,0.6,True,False,False,False,,,[],[],False,26,26,1,,
support-final-4a84dce05fdc57c5272bb199,uq_only_support_aware,Al-Li-V,4,support-final-4a84dce05fdc57c5272bb199:d0000013-c0,13,0,select_for_evaluation,executed,True,True,succeeded,,True,0.5007824301719666,recorded_diagnostic_scalar_NN,0.5007824301719666,0.6,True,False,False,False,,,[],[],False,28,28,1,,
support-final-4a84dce05fdc57c5272bb199,uq_only_support_aware,Al-Li-V,4,support-final-4a84dce05fdc57c5272bb199:d0000014-c0,14,0,select_for_evaluation,executed,True,True,succeeded,,True,0.5007611513137817,recorded_diagnostic_scalar_NN,0.5007611513137817,0.6,True,False,False,False,,,[],[],False,30,30,1,,
support-final-4a84dce05fdc57c5272bb199,uq_only_support_aware,Al-Li-V,4,support-final-4a84dce05fdc57c5272bb199:d0000015-c0,15,0,select_for_evaluation,executed,True,True,succeeded,,True,0.5007656812667847,recorded_diagnostic_scalar_NN,0.5007656812667847,0.6,True,False,False,False,,,[],[],False,32,32,1,,
support-final-4a84dce05fdc57c5272bb199,uq_only_support_aware,Al-Li-V,4,support-final-4a84dce05fdc57c5272bb199:d0000016-c0,16,0,select_for_evaluation,executed,True,True,succeeded,,True,0.5007452368736267,recorded_diagnostic_scalar_NN,0.5007452368736267,0.6,True,False,False,False,,,[],[],False,34,34,1,,
support-final-50481d7de104501120b84fb5,uq_only_support_aware,Al-V-Zn,2,support-final-50481d7de104501120b84fb5:d0000000-c0,0,0,,rejected_not_executed,False,False,unavailable,The original parsed emitted action is required; invalid/ambiguous generations have no action target,False,,forced_generation_invalid_not_scalar_NN,,0.6,True,,False,True,generation_invalid,local_schema_validation,[],"[""expected_allowed_tool_and_arguments_object""]",True,,,,,
support-final-50481d7de104501120b84fb5,uq_only_support_aware,Al-V-Zn,2,support-final-50481d7de104501120b84fb5:d0000000-c1,0,1,get_buffer_stats,executed,True,True,succeeded,,True,0.49952706694602966,recorded_diagnostic_scalar_NN,0.49952706694602966,0.6,True,False,False,False,,,[],[],False,10,,0,,"{""instruction"": ""Repair the JSON/tool/arguments schema. Return one allowed tool with only its documented arguments; do not invent results. Use only the existing retry and tool/query limits."", ""not_a_measured_scientific_result"": true, ""predicted_failure_type"": ""generation_invalid"", ""source"": ""current_candidate_predictions_or_visible_schema_issue"", ""suggested_legal_tool"": {""arguments"": {}, ""tool"": ""get_buffer_stats""}}"
support-final-50481d7de104501120b84fb5,uq_only_support_aware,Al-V-Zn,2,support-final-50481d7de104501120b84fb5:d0000001-c0,1,0,,rejected_not_executed,False,False,unavailable,The original parsed emitted action is required; invalid/ambiguous generations have no action target,False,,forced_generation_invalid_not_scalar_NN,,0.6,True,,False,True,generation_invalid,local_schema_validation,[],"[""expected_allowed_tool_and_arguments_object""]",True,,,,,
support-final-50481d7de104501120b84fb5,uq_only_support_aware,Al-V-Zn,2,support-final-50481d7de104501120b84fb5:d0000001-c1,1,1,generate_structures,executed,True,True,unavailable,"Current-policy transcoder fidelity gate failed at model.language_model.layers.12.mlp: FVU=0.5012614130973816, defined=True.",False,0.4996570348739624,recorded_diagnostic_scalar_NN,,0.6,True,False,False,False,,,[],[],False,10,,0,Compositions need integral allowed-element counts and 1–20 atoms.,"{""instruction"": ""Repair the JSON/tool/arguments schema. Return one allowed tool with only its documented arguments; do not invent results. Use only the existing retry and tool/query limits."", ""not_a_measured_scientific_result"": true, ""predicted_failure_type"": ""generation_invalid"", ""source"": ""current_candidate_predictions_or_visible_schema_issue"", ""suggested_legal_tool"": {""arguments"": {}, ""tool"": ""get_buffer_stats""}}"
support-final-50481d7de104501120b84fb5,uq_only_support_aware,Al-V-Zn,2,support-final-50481d7de104501120b84fb5:d0000002-c0,2,0,generate_structures,executed,True,True,succeeded,,True,0.4994548559188843,recorded_diagnostic_scalar_NN,0.4994548559188843,0.6,True,False,False,False,,,[],[],False,10,,0,,
support-final-50481d7de104501120b84fb5,uq_only_support_aware,Al-V-Zn,2,support-final-50481d7de104501120b84fb5:d0000003-c0,3,0,select_for_evaluation,rejected_not_executed,True,False,succeeded,,True,0.5006978511810303,recorded_diagnostic_scalar_NN,0.5006978511810303,0.6,True,False,False,True,generation_invalid,local_schema_validation,[],"[""composition_required""]",True,,,,,
support-final-50481d7de104501120b84fb5,uq_only_support_aware,Al-V-Zn,2,support-final-50481d7de104501120b84fb5:d0000003-c1,3,1,query_structures,executed,True,True,succeeded,,True,0.5004574060440063,recorded_diagnostic_scalar_NN,0.5004574060440063,0.6,True,False,False,True,not_new,predicted_failure_type,"[""not_new""]",[],False,10,,0,,"{""instruction"": ""Repair the JSON/tool/arguments schema. Return one allowed tool with only its documented arguments; do not invent results. Use only the existing retry and tool/query limits."", ""not_a_measured_scientific_result"": true, ""predicted_failure_type"": ""generation_invalid"", ""source"": ""current_candidate_predictions_or_visible_schema_issue"", ""suggested_legal_tool"": {""arguments"": {""composition"": ""Al2V2Zn"", ""k"": 5, ""mode"": ""all""}, ""tool"": ""query_structures""}}"
support-final-50481d7de104501120b84fb5,uq_only_support_aware,Al-V-Zn,2,support-final-50481d7de104501120b84fb5:d0000004-c0,4,0,select_for_evaluation,executed,True,True,unavailable,"Current-policy transcoder fidelity gate failed at model.language_model.layers.13.mlp: FVU=0.5079683661460876, defined=True.",False,0.5006415247917175,recorded_diagnostic_scalar_NN,,0.6,True,False,False,False,,,[],[],False,10,10,0,,
support-final-50481d7de104501120b84fb5,uq_only_support_aware,Al-V-Zn,2,support-final-50481d7de104501120b84fb5:d0000005-c0,5,0,generate_structures,executed,True,True,succeeded,,True,0.500636875629425,recorded_diagnostic_scalar_NN,0.500636875629425,0.6,True,False,False,False,,,[],[],False,16,,0,,
support-final-50481d7de104501120b84fb5,uq_only_support_aware,Al-V-Zn,2,support-final-50481d7de104501120b84fb5:d0000006-c0,6,0,select_for_evaluation,executed,True,True,succeeded,,True,0.49986502528190613,recorded_diagnostic_scalar_NN,0.49986502528190613,0.6,True,False,False,False,,,[],[],False,16,,0,The selected hash is not in this composition buffer.,
support-final-50481d7de104501120b84fb5,uq_only_support_aware,Al-V-Zn,2,support-final-50481d7de104501120b84fb5:d0000007-c0,7,0,select_for_evaluation,executed,True,True,succeeded,,True,0.5009163618087769,recorded_diagnostic_scalar_NN,0.5009163618087769,0.6,True,False,False,False,,,[],[],False,16,16,0,,
support-final-50481d7de104501120b84fb5,uq_only_support_aware,Al-V-Zn,2,support-final-50481d7de104501120b84fb5:d0000008-c0,8,0,score_buffer,executed,True,True,succeeded,,True,0.5007543563842773,recorded_diagnostic_scalar_NN,0.5007543563842773,0.6,True,False,False,False,,,[],[],False,20,,0,,
support-final-50481d7de104501120b84fb5,uq_only_support_aware,Al-V-Zn,2,support-final-50481d7de104501120b84fb5:d0000009-c0,9,0,select_for_evaluation,executed,True,True,succeeded,,True,0.5007203817367554,recorded_diagnostic_scalar_NN,0.5007203817367554,0.6,True,False,False,False,,,[],[],False,20,20,0,,
support-final-50481d7de104501120b84fb5,uq_only_support_aware,Al-V-Zn,2,support-final-50481d7de104501120b84fb5:d0000010-c0,10,0,select_for_evaluation,executed,True,True,succeeded,,True,0.5006536245346069,recorded_diagnostic_scalar_NN,0.5006536245346069,0.6,True,False,False,False,,,[],[],False,22,22,1,,
support-final-50481d7de104501120b84fb5,uq_only_support_aware,Al-V-Zn,2,support-final-50481d7de104501120b84fb5:d0000011-c0,11,0,generate_structures,executed,True,True,succeeded,,True,0.5006560683250427,recorded_diagnostic_scalar_NN,0.5006560683250427,0.6,True,False,False,False,,,[],[],False,26,,0,,
support-final-50481d7de104501120b84fb5,uq_only_support_aware,Al-V-Zn,2,support-final-50481d7de104501120b84fb5:d0000012-c0,12,0,select_for_evaluation,executed,True,True,succeeded,,True,0.5008055567741394,recorded_diagnostic_scalar_NN,0.5008055567741394,0.6,True,False,False,False,,,[],[],False,26,26,0,,
support-final-50481d7de104501120b84fb5,uq_only_support_aware,Al-V-Zn,2,support-final-50481d7de104501120b84fb5:d0000013-c0,13,0,select_for_evaluation,executed,True,True,succeeded,,True,0.5009214282035828,recorded_diagnostic_scalar_NN,0.5009214282035828,0.6,True,False,False,False,,,[],[],False,28,28,0,,
support-final-50481d7de104501120b84fb5,uq_only_support_aware,Al-V-Zn,2,support-final-50481d7de104501120b84fb5:d0000014-c0,14,0,select_for_evaluation,executed,True,True,succeeded,,True,0.5006207823753357,recorded_diagnostic_scalar_NN,0.5006207823753357,0.6,True,False,False,False,,,[],[],False,30,30,1,,
support-final-50481d7de104501120b84fb5,uq_only_support_aware,Al-V-Zn,2,support-final-50481d7de104501120b84fb5:d0000015-c0,15,0,select_for_evaluation,executed,True,True,succeeded,,True,0.5008493065834045,recorded_diagnostic_scalar_NN,0.5008493065834045,0.6,True,False,False,False,,,[],[],False,32,32,1,,
support-final-50481d7de104501120b84fb5,uq_only_support_aware,Al-V-Zn,2,support-final-50481d7de104501120b84fb5:d0000016-c0,16,0,generate_structures,executed,True,True,succeeded,,True,0.5005528330802917,recorded_diagnostic_scalar_NN,0.5005528330802917,0.6,True,False,False,False,,,[],[],False,38,,1,,
support-final-50481d7de104501120b84fb5,uq_only_support_aware,Al-V-Zn,2,support-final-50481d7de104501120b84fb5:d0000017-c0,17,0,score_buffer,executed,True,True,succeeded,,True,0.4997870624065399,recorded_diagnostic_scalar_NN,0.4997870624065399,0.6,True,False,False,False,,,[],[],False,38,,1,,
support-final-50481d7de104501120b84fb5,uq_only_support_aware,Al-V-Zn,2,support-final-50481d7de104501120b84fb5:d0000018-c0,18,0,select_for_evaluation,executed,True,True,succeeded,,True,0.4997043013572693,recorded_diagnostic_scalar_NN,0.4997043013572693,0.6,True,False,False,False,,,[],[],False,38,38,1,,
support-final-50481d7de104501120b84fb5,uq_only_support_aware,Al-V-Zn,2,support-final-50481d7de104501120b84fb5:d0000019-c0,19,0,generate_structures,executed,True,True,succeeded,,True,0.4997653365135193,recorded_diagnostic_scalar_NN,0.4997653365135193,0.6,True,False,False,False,,,[],[],False,42,,1,,
support-final-50481d7de104501120b84fb5,uq_only_support_aware,Al-V-Zn,2,support-final-50481d7de104501120b84fb5:d0000020-c0,20,0,select_for_evaluation,executed,True,True,succeeded,,True,0.49981361627578735,recorded_diagnostic_scalar_NN,0.49981361627578735,0.6,True,False,False,False,,,[],[],False,42,42,1,,
support-final-5d1cc6924d5efee9cbf9f4a0,uq_only_support_aware,Al-V-Zn,3,support-final-5d1cc6924d5efee9cbf9f4a0:d0000000-c0,0,0,,rejected_not_executed,False,False,unavailable,The original parsed emitted action is required; invalid/ambiguous generations have no action target,False,,forced_generation_invalid_not_scalar_NN,,0.6,True,,False,True,generation_invalid,local_schema_validation,[],"[""expected_allowed_tool_and_arguments_object""]",True,,,,,
support-final-5d1cc6924d5efee9cbf9f4a0,uq_only_support_aware,Al-V-Zn,3,support-final-5d1cc6924d5efee9cbf9f4a0:d0000000-c1,0,1,get_buffer_stats,executed,True,True,succeeded,,True,0.49949362874031067,recorded_diagnostic_scalar_NN,0.49949362874031067,0.6,True,False,False,False,,,[],[],False,8,,0,,"{""instruction"": ""Repair the JSON/tool/arguments schema. Return one allowed tool with only its documented arguments; do not invent results. Use only the existing retry and tool/query limits."", ""not_a_measured_scientific_result"": true, ""predicted_failure_type"": ""generation_invalid"", ""source"": ""current_candidate_predictions_or_visible_schema_issue"", ""suggested_legal_tool"": {""arguments"": {}, ""tool"": ""get_buffer_stats""}}"
support-final-5d1cc6924d5efee9cbf9f4a0,uq_only_support_aware,Al-V-Zn,3,support-final-5d1cc6924d5efee9cbf9f4a0:d0000001-c0,1,0,generate_structures,executed,True,True,succeeded,,True,0.49955764412879944,recorded_diagnostic_scalar_NN,0.49955764412879944,0.6,True,False,False,False,,,[],[],False,8,,0,,
support-final-5d1cc6924d5efee9cbf9f4a0,uq_only_support_aware,Al-V-Zn,3,support-final-5d1cc6924d5efee9cbf9f4a0:d0000002-c0,2,0,select_for_evaluation,rejected_not_executed,True,False,succeeded,,True,0.5003321170806885,recorded_diagnostic_scalar_NN,0.5003321170806885,0.6,True,False,False,True,generation_invalid,local_schema_validation,[],"[""composition_required""]",True,,,,,
support-final-5d1cc6924d5efee9cbf9f4a0,uq_only_support_aware,Al-V-Zn,3,support-final-5d1cc6924d5efee9cbf9f4a0:d0000002-c1,2,1,query_structures,executed,True,True,succeeded,,True,0.500187337398529,recorded_diagnostic_scalar_NN,0.500187337398529,0.6,True,False,False,True,not_new,predicted_failure_type,"[""not_new""]",[],False,8,,0,,"{""instruction"": ""Repair the JSON/tool/arguments schema. Return one allowed tool with only its documented arguments; do not invent results. Use only the existing retry and tool/query limits."", ""not_a_measured_scientific_result"": true, ""predicted_failure_type"": ""generation_invalid"", ""source"": ""current_candidate_predictions_or_visible_schema_issue"", ""suggested_legal_tool"": {""arguments"": {""composition"": ""Al2VZn"", ""k"": 5, ""mode"": ""all""}, ""tool"": ""query_structures""}}"
support-final-5d1cc6924d5efee9cbf9f4a0,uq_only_support_aware,Al-V-Zn,3,support-final-5d1cc6924d5efee9cbf9f4a0:d0000003-c0,3,0,select_for_evaluation,executed,True,True,succeeded,,True,0.5004143118858337,recorded_diagnostic_scalar_NN,0.5004143118858337,0.6,True,False,False,False,,,[],[],False,8,8,0,,
support-final-5d1cc6924d5efee9cbf9f4a0,uq_only_support_aware,Al-V-Zn,3,support-final-5d1cc6924d5efee9cbf9f4a0:d0000004-c0,4,0,generate_structures,executed,True,True,succeeded,,True,0.5002745985984802,recorded_diagnostic_scalar_NN,0.5002745985984802,0.6,True,False,False,False,,,[],[],False,12,,0,,
support-final-5d1cc6924d5efee9cbf9f4a0,uq_only_support_aware,Al-V-Zn,3,support-final-5d1cc6924d5efee9cbf9f4a0:d0000005-c0,5,0,select_for_evaluation,executed,True,True,succeeded,,True,0.49991917610168457,recorded_diagnostic_scalar_NN,0.49991917610168457,0.6,True,False,False,False,,,[],[],False,12,12,0,,
support-final-5d1cc6924d5efee9cbf9f4a0,uq_only_support_aware,Al-V-Zn,3,support-final-5d1cc6924d5efee9cbf9f4a0:d0000006-c0,6,0,select_for_evaluation,executed,True,True,succeeded,,True,0.5006996989250183,recorded_diagnostic_scalar_NN,0.5006996989250183,0.6,True,False,False,False,,,[],[],False,14,14,1,,
support-final-5d1cc6924d5efee9cbf9f4a0,uq_only_support_aware,Al-V-Zn,3,support-final-5d1cc6924d5efee9cbf9f4a0:d0000007-c0,7,0,select_for_evaluation,executed,True,True,succeeded,,True,0.5007761120796204,recorded_diagnostic_scalar_NN,0.5007761120796204,0.6,True,False,False,False,,,[],[],False,16,16,0,,
support-final-5d1cc6924d5efee9cbf9f4a0,uq_only_support_aware,Al-V-Zn,3,support-final-5d1cc6924d5efee9cbf9f4a0:d0000008-c0,8,0,select_for_evaluation,executed,True,True,succeeded,,True,0.5006495118141174,recorded_diagnostic_scalar_NN,0.5006495118141174,0.6,True,False,False,False,,,[],[],False,18,18,1,,
support-final-5d1cc6924d5efee9cbf9f4a0,uq_only_support_aware,Al-V-Zn,3,support-final-5d1cc6924d5efee9cbf9f4a0:d0000009-c0,9,0,select_for_evaluation,executed,True,True,succeeded,,True,0.5005398392677307,recorded_diagnostic_scalar_NN,0.5005398392677307,0.6,True,False,False,False,,,[],[],False,20,20,0,,
support-final-5d1cc6924d5efee9cbf9f4a0,uq_only_support_aware,Al-V-Zn,3,support-final-5d1cc6924d5efee9cbf9f4a0:d0000010-c0,10,0,generate_structures,executed,True,True,succeeded,,True,0.5005494356155396,recorded_diagnostic_scalar_NN,0.5005494356155396,0.6,True,False,False,False,,,[],[],False,24,,0,,
support-final-5d1cc6924d5efee9cbf9f4a0,uq_only_support_aware,Al-V-Zn,3,support-final-5d1cc6924d5efee9cbf9f4a0:d0000011-c0,11,0,select_for_evaluation,executed,True,True,succeeded,,True,0.5007635354995728,recorded_diagnostic_scalar_NN,0.5007635354995728,0.6,True,False,False,False,,,[],[],False,24,24,0,,
support-final-5d1cc6924d5efee9cbf9f4a0,uq_only_support_aware,Al-V-Zn,3,support-final-5d1cc6924d5efee9cbf9f4a0:d0000012-c0,12,0,select_for_evaluation,executed,True,True,succeeded,,True,0.5009390711784363,recorded_diagnostic_scalar_NN,0.5009390711784363,0.6,True,False,False,False,,,[],[],False,26,26,0,,
support-final-5d1cc6924d5efee9cbf9f4a0,uq_only_support_aware,Al-V-Zn,3,support-final-5d1cc6924d5efee9cbf9f4a0:d0000013-c0,13,0,select_for_evaluation,executed,True,True,succeeded,,True,0.5008634924888611,recorded_diagnostic_scalar_NN,0.5008634924888611,0.6,True,False,False,False,,,[],[],False,28,28,0,,
support-final-5d1cc6924d5efee9cbf9f4a0,uq_only_support_aware,Al-V-Zn,3,support-final-5d1cc6924d5efee9cbf9f4a0:d0000014-c0,14,0,generate_structures,executed,True,True,succeeded,,True,0.5008763074874878,recorded_diagnostic_scalar_NN,0.5008763074874878,0.6,True,False,False,False,,,[],[],False,32,,1,,
support-final-5d1cc6924d5efee9cbf9f4a0,uq_only_support_aware,Al-V-Zn,3,support-final-5d1cc6924d5efee9cbf9f4a0:d0000015-c0,15,0,select_for_evaluation,executed,True,True,succeeded,,True,0.5009446740150452,recorded_diagnostic_scalar_NN,0.5009446740150452,0.6,True,False,False,False,,,[],[],False,32,32,1,,
support-final-b8ea68c4cba1f93c238e3acd,uq_only_support_aware,Al-V-Zn,4,support-final-b8ea68c4cba1f93c238e3acd:d0000000-c0,0,0,generate_structures,executed,True,True,succeeded,,True,0.49901530146598816,recorded_diagnostic_scalar_NN,0.49901530146598816,0.6,True,False,False,False,,,[],[],False,4,,0,,
support-final-b8ea68c4cba1f93c238e3acd,uq_only_support_aware,Al-V-Zn,4,support-final-b8ea68c4cba1f93c238e3acd:d0000001-c0,1,0,select_for_evaluation,executed,True,True,succeeded,,True,0.5001468658447266,recorded_diagnostic_scalar_NN,0.5001468658447266,0.6,True,False,False,False,,,[],[],False,4,4,0,,
support-final-b8ea68c4cba1f93c238e3acd,uq_only_support_aware,Al-V-Zn,4,support-final-b8ea68c4cba1f93c238e3acd:d0000002-c0,2,0,generate_structures,executed,True,True,succeeded,,True,0.5000526309013367,recorded_diagnostic_scalar_NN,0.5000526309013367,0.6,True,False,False,False,,,[],[],False,8,,0,,
support-final-b8ea68c4cba1f93c238e3acd,uq_only_support_aware,Al-V-Zn,4,support-final-b8ea68c4cba1f93c238e3acd:d0000003-c0,3,0,select_for_evaluation,executed,True,True,succeeded,,True,0.5007806420326233,recorded_diagnostic_scalar_NN,0.5007806420326233,0.6,True,False,False,False,,,[],[],False,8,8,0,,
support-final-b8ea68c4cba1f93c238e3acd,uq_only_support_aware,Al-V-Zn,4,support-final-b8ea68c4cba1f93c238e3acd:d0000004-c0,4,0,generate_structures,executed,True,True,succeeded,,True,0.5009089112281799,recorded_diagnostic_scalar_NN,0.5009089112281799,0.6,True,False,False,False,,,[],[],False,16,,1,,
support-final-b8ea68c4cba1f93c238e3acd,uq_only_support_aware,Al-V-Zn,4,support-final-b8ea68c4cba1f93c238e3acd:d0000005-c0,5,0,generate_structures,executed,True,True,succeeded,,True,0.5008837580680847,recorded_diagnostic_scalar_NN,0.5008837580680847,0.6,True,False,False,False,,,[],[],False,16,,1,,
support-final-b8ea68c4cba1f93c238e3acd,uq_only_support_aware,Al-V-Zn,4,support-final-b8ea68c4cba1f93c238e3acd:d0000006-c0,6,0,generate_structures,executed,True,True,succeeded,,True,0.501150369644165,recorded_diagnostic_scalar_NN,0.501150369644165,0.6,True,False,False,False,,,[],[],False,16,,1,,
support-final-b8ea68c4cba1f93c238e3acd,uq_only_support_aware,Al-V-Zn,4,support-final-b8ea68c4cba1f93c238e3acd:d0000007-c0,7,0,select_for_evaluation,executed,True,True,succeeded,,True,0.501041829586029,recorded_diagnostic_scalar_NN,0.501041829586029,0.6,True,False,False,False,,,[],[],False,16,16,1,,
support-final-b8ea68c4cba1f93c238e3acd,uq_only_support_aware,Al-V-Zn,4,support-final-b8ea68c4cba1f93c238e3acd:d0000008-c0,8,0,select_for_evaluation,executed,True,True,succeeded,,True,0.5010813474655151,recorded_diagnostic_scalar_NN,0.5010813474655151,0.6,True,False,False,False,,,[],[],False,18,18,1,,
support-final-b8ea68c4cba1f93c238e3acd,uq_only_support_aware,Al-V-Zn,4,support-final-b8ea68c4cba1f93c238e3acd:d0000009-c0,9,0,select_for_evaluation,executed,True,True,succeeded,,True,0.5009494423866272,recorded_diagnostic_scalar_NN,0.5009494423866272,0.6,True,False,False,False,,,[],[],False,20,20,1,,
support-final-b8ea68c4cba1f93c238e3acd,uq_only_support_aware,Al-V-Zn,4,support-final-b8ea68c4cba1f93c238e3acd:d0000010-c0,10,0,select_for_evaluation,executed,True,True,succeeded,,True,0.5007104873657227,recorded_diagnostic_scalar_NN,0.5007104873657227,0.6,True,False,False,False,,,[],[],False,22,22,1,,
support-final-b8ea68c4cba1f93c238e3acd,uq_only_support_aware,Al-V-Zn,4,support-final-b8ea68c4cba1f93c238e3acd:d0000011-c0,11,0,select_for_evaluation,executed,True,True,succeeded,,True,0.5005316734313965,recorded_diagnostic_scalar_NN,0.5005316734313965,0.6,True,False,False,False,,,[],[],False,24,24,1,,
support-final-b8ea68c4cba1f93c238e3acd,uq_only_support_aware,Al-V-Zn,4,support-final-b8ea68c4cba1f93c238e3acd:d0000012-c0,12,0,select_for_evaluation,executed,True,True,succeeded,,True,0.5005011558532715,recorded_diagnostic_scalar_NN,0.5005011558532715,0.6,True,False,False,False,,,[],[],False,26,26,0,,
support-final-b8ea68c4cba1f93c238e3acd,uq_only_support_aware,Al-V-Zn,4,support-final-b8ea68c4cba1f93c238e3acd:d0000013-c0,13,0,select_for_evaluation,executed,True,True,succeeded,,True,0.5004918575286865,recorded_diagnostic_scalar_NN,0.5004918575286865,0.6,True,False,False,False,,,[],[],False,28,28,1,,
support-final-b8ea68c4cba1f93c238e3acd,uq_only_support_aware,Al-V-Zn,4,support-final-b8ea68c4cba1f93c238e3acd:d0000014-c0,14,0,generate_structures,executed,True,True,succeeded,,True,0.500601589679718,recorded_diagnostic_scalar_NN,0.500601589679718,0.6,True,False,False,False,,,[],[],False,38,,1,,
support-final-b8ea68c4cba1f93c238e3acd,uq_only_support_aware,Al-V-Zn,4,support-final-b8ea68c4cba1f93c238e3acd:d0000015-c0,15,0,select_for_evaluation,executed,True,True,succeeded,,True,0.5008310079574585,recorded_diagnostic_scalar_NN,0.5008310079574585,0.6,True,False,False,False,,,[],[],False,38,,1,Select an existing buffer composition.,
support-final-b8ea68c4cba1f93c238e3acd,uq_only_support_aware,Al-V-Zn,4,support-final-b8ea68c4cba1f93c238e3acd:d0000016-c0,16,0,select_for_evaluation,executed,True,True,succeeded,,True,0.5008840560913086,recorded_diagnostic_scalar_NN,0.5008840560913086,0.6,True,False,False,False,,,[],[],False,38,,1,Select an existing buffer composition.,
support-final-b8ea68c4cba1f93c238e3acd,uq_only_support_aware,Al-V-Zn,4,support-final-b8ea68c4cba1f93c238e3acd:d0000017-c0,17,0,select_for_evaluation,executed,True,True,succeeded,,True,0.5008978247642517,recorded_diagnostic_scalar_NN,0.5008978247642517,0.6,True,False,False,False,,,[],[],False,38,,1,Select an existing buffer composition.,
support-final-b8ea68c4cba1f93c238e3acd,uq_only_support_aware,Al-V-Zn,4,support-final-b8ea68c4cba1f93c238e3acd:d0000018-c0,18,0,select_for_evaluation,executed,True,True,succeeded,,True,0.5008031725883484,recorded_diagnostic_scalar_NN,0.5008031725883484,0.6,True,False,False,False,,,[],[],False,38,38,1,,
support-final-38ae55456a55c01858bdaca6,uq_only_support_aware,Au-K-Tb,2,support-final-38ae55456a55c01858bdaca6:d0000000-c0,0,0,,rejected_not_executed,False,False,unavailable,The original parsed emitted action is required; invalid/ambiguous generations have no action target,False,,forced_generation_invalid_not_scalar_NN,,0.6,True,,False,True,generation_invalid,local_schema_validation,[],"[""expected_allowed_tool_and_arguments_object""]",True,,,,,
support-final-38ae55456a55c01858bdaca6,uq_only_support_aware,Au-K-Tb,2,support-final-38ae55456a55c01858bdaca6:d0000000-c1,0,1,get_buffer_stats,executed,True,True,unavailable,"Current-policy transcoder fidelity gate failed at model.language_model.layers.13.mlp: FVU=0.5059149861335754, defined=True.",False,0.4996349513530731,recorded_diagnostic_scalar_NN,,0.6,True,False,False,False,,,[],[],False,8,,1,,"{""instruction"": ""Repair the JSON/tool/arguments schema. Return one allowed tool with only its documented arguments; do not invent results. Use only the existing retry and tool/query limits."", ""not_a_measured_scientific_result"": true, ""predicted_failure_type"": ""generation_invalid"", ""source"": ""current_candidate_predictions_or_visible_schema_issue"", ""suggested_legal_tool"": {""arguments"": {}, ""tool"": ""get_buffer_stats""}}"
support-final-38ae55456a55c01858bdaca6,uq_only_support_aware,Au-K-Tb,2,support-final-38ae55456a55c01858bdaca6:d0000001-c0,1,0,generate_structures,executed,True,True,succeeded,,True,0.4992731809616089,recorded_diagnostic_scalar_NN,0.4992731809616089,0.6,True,False,False,False,,,[],[],False,8,,1,,
support-final-38ae55456a55c01858bdaca6,uq_only_support_aware,Au-K-Tb,2,support-final-38ae55456a55c01858bdaca6:d0000002-c0,2,0,score_buffer,executed,True,True,succeeded,,True,0.500319242477417,recorded_diagnostic_scalar_NN,0.500319242477417,0.6,True,False,False,False,,,[],[],False,8,,1,,
support-final-38ae55456a55c01858bdaca6,uq_only_support_aware,Au-K-Tb,2,support-final-38ae55456a55c01858bdaca6:d0000003-c0,3,0,select_for_evaluation,executed,True,True,succeeded,,True,0.5002737045288086,recorded_diagnostic_scalar_NN,0.5002737045288086,0.6,True,False,False,False,,,[],[],False,8,8,1,,
support-final-38ae55456a55c01858bdaca6,uq_only_support_aware,Au-K-Tb,2,support-final-38ae55456a55c01858bdaca6:d0000004-c0,4,0,generate_structures,executed,True,True,succeeded,,True,0.5003851652145386,recorded_diagnostic_scalar_NN,0.5003851652145386,0.6,True,False,False,False,,,[],[],False,16,,1,,
support-final-38ae55456a55c01858bdaca6,uq_only_support_aware,Au-K-Tb,2,support-final-38ae55456a55c01858bdaca6:d0000005-c0,5,0,generate_structures,executed,True,True,succeeded,,True,0.5004858374595642,recorded_diagnostic_scalar_NN,0.5004858374595642,0.6,True,False,False,False,,,[],[],False,16,,1,,
support-final-38ae55456a55c01858bdaca6,uq_only_support_aware,Au-K-Tb,2,support-final-38ae55456a55c01858bdaca6:d0000006-c0,6,0,generate_structures,executed,True,True,succeeded,,True,0.5008330345153809,recorded_diagnostic_scalar_NN,0.5008330345153809,0.6,True,False,False,False,,,[],[],False,16,,1,,
support-final-38ae55456a55c01858bdaca6,uq_only_support_aware,Au-K-Tb,2,support-final-38ae55456a55c01858bdaca6:d0000007-c0,7,0,select_for_evaluation,executed,True,True,succeeded,,True,0.5007144808769226,recorded_diagnostic_scalar_NN,0.5007144808769226,0.6,True,False,False,False,,,[],[],False,16,16,1,,
support-final-38ae55456a55c01858bdaca6,uq_only_support_aware,Au-K-Tb,2,support-final-38ae55456a55c01858bdaca6:d0000008-c0,8,0,score_buffer,executed,True,True,succeeded,,True,0.5008449554443359,recorded_diagnostic_scalar_NN,0.5008449554443359,0.6,True,False,False,False,,,[],[],False,20,,1,,
support-final-38ae55456a55c01858bdaca6,uq_only_support_aware,Au-K-Tb,2,support-final-38ae55456a55c01858bdaca6:d0000009-c0,9,0,select_for_evaluation,executed,True,True,succeeded,,True,0.5009292364120483,recorded_diagnostic_scalar_NN,0.5009292364120483,0.6,True,False,False,False,,,[],[],False,20,20,1,,
support-final-38ae55456a55c01858bdaca6,uq_only_support_aware,Au-K-Tb,2,support-final-38ae55456a55c01858bdaca6:d0000010-c0,10,0,select_for_evaluation,executed,True,True,succeeded,,True,0.5007246732711792,recorded_diagnostic_scalar_NN,0.5007246732711792,0.6,True,False,False,False,,,[],[],False,22,22,1,,
support-final-38ae55456a55c01858bdaca6,uq_only_support_aware,Au-K-Tb,2,support-final-38ae55456a55c01858bdaca6:d0000011-c0,11,0,generate_structures,executed,True,True,succeeded,,True,0.500417947769165,recorded_diagnostic_scalar_NN,0.500417947769165,0.6,True,False,False,False,,,[],[],False,30,,0,,
support-final-38ae55456a55c01858bdaca6,uq_only_support_aware,Au-K-Tb,2,support-final-38ae55456a55c01858bdaca6:d0000012-c0,12,0,generate_structures,executed,True,True,succeeded,,True,0.500645637512207,recorded_diagnostic_scalar_NN,0.500645637512207,0.6,True,False,False,False,,,[],[],False,30,,0,,
support-final-38ae55456a55c01858bdaca6,uq_only_support_aware,Au-K-Tb,2,support-final-38ae55456a55c01858bdaca6:d0000013-c0,13,0,generate_structures,executed,True,True,succeeded,,True,0.5006765127182007,recorded_diagnostic_scalar_NN,0.5006765127182007,0.6,True,False,False,False,,,[],[],False,30,,0,,
support-final-38ae55456a55c01858bdaca6,uq_only_support_aware,Au-K-Tb,2,support-final-38ae55456a55c01858bdaca6:d0000014-c0,14,0,select_for_evaluation,executed,True,True,succeeded,,True,0.4997282922267914,recorded_diagnostic_scalar_NN,0.4997282922267914,0.6,True,False,False,False,,,[],[],False,30,30,0,,
support-final-38ae55456a55c01858bdaca6,uq_only_support_aware,Au-K-Tb,2,support-final-38ae55456a55c01858bdaca6:d0000015-c0,15,0,select_for_evaluation,executed,True,True,succeeded,,True,0.4998031556606293,recorded_diagnostic_scalar_NN,0.4998031556606293,0.6,True,False,False,False,,,[],[],False,32,32,0,,
support-final-38ae55456a55c01858bdaca6,uq_only_support_aware,Au-K-Tb,2,support-final-38ae55456a55c01858bdaca6:d0000016-c0,16,0,generate_structures,executed,True,True,succeeded,,True,0.49968788027763367,recorded_diagnostic_scalar_NN,0.49968788027763367,0.6,True,False,False,False,,,[],[],False,36,,1,,
support-final-38ae55456a55c01858bdaca6,uq_only_support_aware,Au-K-Tb,2,support-final-38ae55456a55c01858bdaca6:d0000017-c0,17,0,select_for_evaluation,executed,True,True,succeeded,,True,0.4997134208679199,recorded_diagnostic_scalar_NN,0.4997134208679199,0.6,True,False,False,False,,,[],[],False,36,36,1,,
support-final-38ae55456a55c01858bdaca6,uq_only_support_aware,Au-K-Tb,2,support-final-38ae55456a55c01858bdaca6:d0000018-c0,18,0,select_for_evaluation,executed,True,True,succeeded,,True,0.500754714012146,recorded_diagnostic_scalar_NN,0.500754714012146,0.6,True,False,False,False,,,[],[],False,38,38,0,,
support-final-38ae55456a55c01858bdaca6,uq_only_support_aware,Au-K-Tb,2,support-final-38ae55456a55c01858bdaca6:d0000019-c0,19,0,select_for_evaluation,executed,True,True,succeeded,,True,0.5008693933486938,recorded_diagnostic_scalar_NN,0.5008693933486938,0.6,True,False,False,False,,,[],[],False,40,40,1,,
support-final-38ae55456a55c01858bdaca6,uq_only_support_aware,Au-K-Tb,2,support-final-38ae55456a55c01858bdaca6:d0000020-c0,20,0,generate_structures,executed,True,True,succeeded,,True,0.5006908774375916,recorded_diagnostic_scalar_NN,0.5006908774375916,0.6,True,False,False,False,,,[],[],False,46,,1,,
support-final-38ae55456a55c01858bdaca6,uq_only_support_aware,Au-K-Tb,2,support-final-38ae55456a55c01858bdaca6:d0000021-c0,21,0,generate_structures,executed,True,True,succeeded,,True,0.5006884932518005,recorded_diagnostic_scalar_NN,0.5006884932518005,0.6,True,False,False,False,,,[],[],False,46,,1,,
support-final-38ae55456a55c01858bdaca6,uq_only_support_aware,Au-K-Tb,2,support-final-38ae55456a55c01858bdaca6:d0000022-c0,22,0,select_for_evaluation,executed,True,True,succeeded,,True,0.49984079599380493,recorded_diagnostic_scalar_NN,0.49984079599380493,0.6,True,False,False,False,,,[],[],False,46,46,1,,
support-final-2b6cfd7c97c158c305971c45,uq_only_support_aware,Au-K-Tb,3,support-final-2b6cfd7c97c158c305971c45:d0000000-c0,0,0,,rejected_not_executed,False,False,unavailable,The original parsed emitted action is required; invalid/ambiguous generations have no action target,False,,forced_generation_invalid_not_scalar_NN,,0.6,True,,False,True,generation_invalid,local_schema_validation,[],"[""expected_allowed_tool_and_arguments_object""]",True,,,,,
support-final-2b6cfd7c97c158c305971c45,uq_only_support_aware,Au-K-Tb,3,support-final-2b6cfd7c97c158c305971c45:d0000000-c1,0,1,get_buffer_stats,executed,True,True,unavailable,"Current-policy transcoder fidelity gate failed at model.language_model.layers.13.mlp: FVU=0.5059149861335754, defined=True.",False,0.4996349513530731,recorded_diagnostic_scalar_NN,,0.6,True,False,False,False,,,[],[],False,8,,0,,"{""instruction"": ""Repair the JSON/tool/arguments schema. Return one allowed tool with only its documented arguments; do not invent results. Use only the existing retry and tool/query limits."", ""not_a_measured_scientific_result"": true, ""predicted_failure_type"": ""generation_invalid"", ""source"": ""current_candidate_predictions_or_visible_schema_issue"", ""suggested_legal_tool"": {""arguments"": {}, ""tool"": ""get_buffer_stats""}}"
support-final-2b6cfd7c97c158c305971c45,uq_only_support_aware,Au-K-Tb,3,support-final-2b6cfd7c97c158c305971c45:d0000001-c0,1,0,,invalid_not_executed,False,False,unavailable,The original parsed emitted action is required; invalid/ambiguous generations have no action target,False,,forced_generation_invalid_not_scalar_NN,,0.6,True,,False,True,generation_invalid,local_schema_validation,[],"[""expected_allowed_tool_and_arguments_object""]",True,,,,,
support-final-2b6cfd7c97c158c305971c45,uq_only_support_aware,Au-K-Tb,3,support-final-2b6cfd7c97c158c305971c45:d0000001-c1,1,1,,invalid_not_executed,False,False,unavailable,The original parsed emitted action is required; invalid/ambiguous generations have no action target,False,,forced_generation_invalid_not_scalar_NN,,0.6,True,,False,True,generation_invalid,local_schema_validation,[],"[""expected_allowed_tool_and_arguments_object""]",False,,,,,"{""instruction"": ""Repair the JSON/tool/arguments schema. Return one allowed tool with only its documented arguments; do not invent results. Use only the existing retry and tool/query limits."", ""not_a_measured_scientific_result"": true, ""predicted_failure_type"": ""generation_invalid"", ""source"": ""current_candidate_predictions_or_visible_schema_issue"", ""suggested_legal_tool"": {""arguments"": {}, ""tool"": ""get_buffer_stats""}}"
support-final-2b6cfd7c97c158c305971c45,uq_only_support_aware,Au-K-Tb,3,support-final-2b6cfd7c97c158c305971c45:d0000002-c0,2,0,generate_structures,executed,True,True,succeeded,,True,0.49894627928733826,recorded_diagnostic_scalar_NN,0.49894627928733826,0.6,True,False,False,False,,,[],[],False,8,,0,,
support-final-2b6cfd7c97c158c305971c45,uq_only_support_aware,Au-K-Tb,3,support-final-2b6cfd7c97c158c305971c45:d0000003-c0,3,0,score_buffer,executed,True,True,succeeded,,True,0.5005810856819153,recorded_diagnostic_scalar_NN,0.5005810856819153,0.6,True,False,False,False,,,[],[],False,8,,0,,
support-final-2b6cfd7c97c158c305971c45,uq_only_support_aware,Au-K-Tb,3,support-final-2b6cfd7c97c158c305971c45:d0000004-c0,4,0,select_for_evaluation,executed,True,True,succeeded,,True,0.500867486000061,recorded_diagnostic_scalar_NN,0.500867486000061,0.6,True,False,False,False,,,[],[],False,8,8,0,,
support-final-2b6cfd7c97c158c305971c45,uq_only_support_aware,Au-K-Tb,3,support-final-2b6cfd7c97c158c305971c45:d0000005-c0,5,0,generate_structures,executed,True,True,succeeded,,True,0.5008272528648376,recorded_diagnostic_scalar_NN,0.5008272528648376,0.6,True,False,False,False,,,[],[],False,12,,0,,
support-final-2b6cfd7c97c158c305971c45,uq_only_support_aware,Au-K-Tb,3,support-final-2b6cfd7c97c158c305971c45:d0000006-c0,6,0,select_for_evaluation,executed,True,True,succeeded,,True,0.50115567445755,recorded_diagnostic_scalar_NN,0.50115567445755,0.6,True,False,False,False,,,[],[],False,12,12,0,,
support-final-2b6cfd7c97c158c305971c45,uq_only_support_aware,Au-K-Tb,3,support-final-2b6cfd7c97c158c305971c45:d0000007-c0,7,0,generate_structures,executed,True,True,succeeded,,True,0.500844419002533,recorded_diagnostic_scalar_NN,0.500844419002533,0.6,True,False,False,False,,,[],[],False,18,,1,,
support-final-2b6cfd7c97c158c305971c45,uq_only_support_aware,Au-K-Tb,3,support-final-2b6cfd7c97c158c305971c45:d0000008-c0,8,0,generate_structures,executed,True,True,succeeded,,True,0.5010359287261963,recorded_diagnostic_scalar_NN,0.5010359287261963,0.6,True,False,False,False,,,[],[],False,18,,1,,
support-final-2b6cfd7c97c158c305971c45,uq_only_support_aware,Au-K-Tb,3,support-final-2b6cfd7c97c158c305971c45:d0000009-c0,9,0,select_for_evaluation,executed,True,True,succeeded,,True,0.4998861849308014,recorded_diagnostic_scalar_NN,0.4998861849308014,0.6,True,False,False,False,,,[],[],False,18,18,1,,
support-final-2b6cfd7c97c158c305971c45,uq_only_support_aware,Au-K-Tb,3,support-final-2b6cfd7c97c158c305971c45:d0000010-c0,10,0,generate_structures,executed,True,True,succeeded,,True,0.4997920095920563,recorded_diagnostic_scalar_NN,0.4997920095920563,0.6,True,False,False,False,,,[],[],False,24,,1,,
support-final-2b6cfd7c97c158c305971c45,uq_only_support_aware,Au-K-Tb,3,support-final-2b6cfd7c97c158c305971c45:d0000011-c0,11,0,score_buffer,executed,True,True,succeeded,,True,0.49986734986305237,recorded_diagnostic_scalar_NN,0.49986734986305237,0.6,True,False,False,False,,,[],[],False,24,,1,,
support-final-2b6cfd7c97c158c305971c45,uq_only_support_aware,Au-K-Tb,3,support-final-2b6cfd7c97c158c305971c45:d0000012-c0,12,0,select_for_evaluation,executed,True,True,succeeded,,True,0.4997754991054535,recorded_diagnostic_scalar_NN,0.4997754991054535,0.6,True,False,False,False,,,[],[],False,24,24,1,,
support-final-2b6cfd7c97c158c305971c45,uq_only_support_aware,Au-K-Tb,3,support-final-2b6cfd7c97c158c305971c45:d0000013-c0,13,0,select_for_evaluation,executed,True,True,succeeded,,True,0.5008672475814819,recorded_diagnostic_scalar_NN,0.5008672475814819,0.6,True,False,False,False,,,[],[],False,26,26,1,,
support-final-2b6cfd7c97c158c305971c45,uq_only_support_aware,Au-K-Tb,3,support-final-2b6cfd7c97c158c305971c45:d0000014-c0,14,0,select_for_evaluation,executed,True,True,succeeded,,True,0.500740647315979,recorded_diagnostic_scalar_NN,0.500740647315979,0.6,True,False,False,False,,,[],[],False,28,28,1,,
support-final-2b6cfd7c97c158c305971c45,uq_only_support_aware,Au-K-Tb,3,support-final-2b6cfd7c97c158c305971c45:d0000015-c0,15,0,select_for_evaluation,executed,True,True,succeeded,,True,0.5007387399673462,recorded_diagnostic_scalar_NN,0.5007387399673462,0.6,True,False,False,False,,,[],[],False,30,30,1,,
support-final-2b6cfd7c97c158c305971c45,uq_only_support_aware,Au-K-Tb,3,support-final-2b6cfd7c97c158c305971c45:d0000016-c0,16,0,generate_structures,executed,True,True,succeeded,,True,0.5005363821983337,recorded_diagnostic_scalar_NN,0.5005363821983337,0.6,True,False,False,False,,,[],[],False,34,,1,,
support-final-2b6cfd7c97c158c305971c45,uq_only_support_aware,Au-K-Tb,3,support-final-2b6cfd7c97c158c305971c45:d0000017-c0,17,0,select_for_evaluation,executed,True,True,succeeded,,True,0.5008153915405273,recorded_diagnostic_scalar_NN,0.5008153915405273,0.6,True,False,False,False,,,[],[],False,34,34,1,,
support-final-2b6cfd7c97c158c305971c45,uq_only_support_aware,Au-K-Tb,3,support-final-2b6cfd7c97c158c305971c45:d0000018-c0,18,0,score_buffer,executed,True,True,succeeded,,True,0.5008290410041809,recorded_diagnostic_scalar_NN,0.5008290410041809,0.6,True,False,False,False,,,[],[],False,38,,1,,
support-final-2b6cfd7c97c158c305971c45,uq_only_support_aware,Au-K-Tb,3,support-final-2b6cfd7c97c158c305971c45:d0000019-c0,19,0,select_for_evaluation,executed,True,True,succeeded,,True,0.5007947683334351,recorded_diagnostic_scalar_NN,0.5007947683334351,0.6,True,False,False,False,,,[],[],False,38,38,1,,
support-final-2b6cfd7c97c158c305971c45,uq_only_support_aware,Au-K-Tb,3,support-final-2b6cfd7c97c158c305971c45:d0000020-c0,20,0,score_buffer,executed,True,True,succeeded,,True,0.5006686449050903,recorded_diagnostic_scalar_NN,0.5006686449050903,0.6,True,False,False,False,,,[],[],False,42,,0,,
support-final-2b6cfd7c97c158c305971c45,uq_only_support_aware,Au-K-Tb,3,support-final-2b6cfd7c97c158c305971c45:d0000021-c0,21,0,select_for_evaluation,executed,True,True,succeeded,,True,0.5007914900779724,recorded_diagnostic_scalar_NN,0.5007914900779724,0.6,True,False,False,False,,,[],[],False,42,42,0,,
support-final-3e91e70d18721910fb699c2a,uq_only_support_aware,Au-K-Tb,4,support-final-3e91e70d18721910fb699c2a:d0000000-c0,0,0,generate_structures,executed,True,True,unavailable,"Current-policy transcoder fidelity gate failed at model.language_model.layers.13.mlp: FVU=0.5007053017616272, defined=True.",False,0.4989052712917328,recorded_diagnostic_scalar_NN,,0.6,True,False,False,False,,,[],[],False,4,,1,,
support-final-3e91e70d18721910fb699c2a,uq_only_support_aware,Au-K-Tb,4,support-final-3e91e70d18721910fb699c2a:d0000001-c0,1,0,select_for_evaluation,executed,True,True,succeeded,,True,0.5003416538238525,recorded_diagnostic_scalar_NN,0.5003416538238525,0.6,True,False,False,False,,,[],[],False,4,4,1,,
support-final-3e91e70d18721910fb699c2a,uq_only_support_aware,Au-K-Tb,4,support-final-3e91e70d18721910fb699c2a:d0000002-c0,2,0,generate_structures,executed,True,True,succeeded,,True,0.5002398490905762,recorded_diagnostic_scalar_NN,0.5002398490905762,0.6,True,False,False,False,,,[],[],False,8,,1,,
support-final-3e91e70d18721910fb699c2a,uq_only_support_aware,Au-K-Tb,4,support-final-3e91e70d18721910fb699c2a:d0000003-c0,3,0,select_for_evaluation,executed,True,True,succeeded,,True,0.5008450746536255,recorded_diagnostic_scalar_NN,0.5008450746536255,0.6,True,False,False,False,,,[],[],False,8,8,1,,
support-final-3e91e70d18721910fb699c2a,uq_only_support_aware,Au-K-Tb,4,support-final-3e91e70d18721910fb699c2a:d0000004-c0,4,0,select_for_evaluation,executed,True,True,succeeded,,True,0.5008952021598816,recorded_diagnostic_scalar_NN,0.5008952021598816,0.6,True,False,False,False,,,[],[],False,10,10,1,,
support-final-3e91e70d18721910fb699c2a,uq_only_support_aware,Au-K-Tb,4,support-final-3e91e70d18721910fb699c2a:d0000005-c0,5,0,select_for_evaluation,executed,True,True,succeeded,,True,0.5007035136222839,recorded_diagnostic_scalar_NN,0.5007035136222839,0.6,True,False,False,False,,,[],[],False,12,12,1,,
support-final-3e91e70d18721910fb699c2a,uq_only_support_aware,Au-K-Tb,4,support-final-3e91e70d18721910fb699c2a:d0000006-c0,6,0,generate_structures,executed,True,True,succeeded,,True,0.5006670355796814,recorded_diagnostic_scalar_NN,0.5006670355796814,0.6,True,False,False,False,,,[],[],False,16,,1,,
support-final-3e91e70d18721910fb699c2a,uq_only_support_aware,Au-K-Tb,4,support-final-3e91e70d18721910fb699c2a:d0000007-c0,7,0,select_for_evaluation,executed,True,True,succeeded,,True,0.5007330775260925,recorded_diagnostic_scalar_NN,0.5007330775260925,0.6,True,False,False,False,,,[],[],False,16,16,1,,
support-final-3e91e70d18721910fb699c2a,uq_only_support_aware,Au-K-Tb,4,support-final-3e91e70d18721910fb699c2a:d0000008-c0,8,0,select_for_evaluation,executed,True,True,succeeded,,True,0.5006834864616394,recorded_diagnostic_scalar_NN,0.5006834864616394,0.6,True,False,False,False,,,[],[],False,18,18,1,,
support-final-3e91e70d18721910fb699c2a,uq_only_support_aware,Au-K-Tb,4,support-final-3e91e70d18721910fb699c2a:d0000009-c0,9,0,select_for_evaluation,executed,True,True,succeeded,,True,0.5006138682365417,recorded_diagnostic_scalar_NN,0.5006138682365417,0.6,True,False,False,False,,,[],[],False,20,20,1,,
support-final-3e91e70d18721910fb699c2a,uq_only_support_aware,Au-K-Tb,4,support-final-3e91e70d18721910fb699c2a:d0000010-c0,10,0,select_for_evaluation,executed,True,True,succeeded,,True,0.500700831413269,recorded_diagnostic_scalar_NN,0.500700831413269,0.6,True,False,False,False,,,[],[],False,22,22,1,,
support-final-3e91e70d18721910fb699c2a,uq_only_support_aware,Au-K-Tb,4,support-final-3e91e70d18721910fb699c2a:d0000011-c0,11,0,select_for_evaluation,executed,True,True,succeeded,,True,0.5005943775177002,recorded_diagnostic_scalar_NN,0.5005943775177002,0.6,True,False,False,False,,,[],[],False,24,24,1,,
support-final-3e91e70d18721910fb699c2a,uq_only_support_aware,Au-K-Tb,4,support-final-3e91e70d18721910fb699c2a:d0000012-c0,12,0,select_for_evaluation,executed,True,True,succeeded,,True,0.5006069540977478,recorded_diagnostic_scalar_NN,0.5006069540977478,0.6,True,False,False,False,,,[],[],False,26,26,1,,
support-final-5eccea7f5a24da2f5b31b4ab,uq_only_support_aware,Co-Dy-W,2,support-final-5eccea7f5a24da2f5b31b4ab:d0000000-c0,0,0,,rejected_not_executed,False,False,unavailable,The original parsed emitted action is required; invalid/ambiguous generations have no action target,False,,forced_generation_invalid_not_scalar_NN,,0.6,True,,False,True,generation_invalid,local_schema_validation,[],"[""expected_allowed_tool_and_arguments_object""]",True,,,,,
support-final-5eccea7f5a24da2f5b31b4ab,uq_only_support_aware,Co-Dy-W,2,support-final-5eccea7f5a24da2f5b31b4ab:d0000000-c1,0,1,get_buffer_stats,executed,True,True,unavailable,"Current-policy transcoder fidelity gate failed at model.language_model.layers.13.mlp: FVU=0.5157679915428162, defined=True.",False,0.4997655153274536,recorded_diagnostic_scalar_NN,,0.6,True,False,False,False,,,[],[],False,6,,1,,"{""instruction"": ""Repair the JSON/tool/arguments schema. Return one allowed tool with only its documented arguments; do not invent results. Use only the existing retry and tool/query limits."", ""not_a_measured_scientific_result"": true, ""predicted_failure_type"": ""generation_invalid"", ""source"": ""current_candidate_predictions_or_visible_schema_issue"", ""suggested_legal_tool"": {""arguments"": {}, ""tool"": ""get_buffer_stats""}}"
support-final-5eccea7f5a24da2f5b31b4ab,uq_only_support_aware,Co-Dy-W,2,support-final-5eccea7f5a24da2f5b31b4ab:d0000001-c0,1,0,generate_structures,executed,True,True,succeeded,,True,0.4995023310184479,recorded_diagnostic_scalar_NN,0.4995023310184479,0.6,True,False,False,False,,,[],[],False,6,,1,,
support-final-5eccea7f5a24da2f5b31b4ab,uq_only_support_aware,Co-Dy-W,2,support-final-5eccea7f5a24da2f5b31b4ab:d0000002-c0,2,0,select_for_evaluation,executed,True,True,succeeded,,True,0.5007948279380798,recorded_diagnostic_scalar_NN,0.5007948279380798,0.6,True,False,False,False,,,[],[],False,6,6,1,,
support-final-5eccea7f5a24da2f5b31b4ab,uq_only_support_aware,Co-Dy-W,2,support-final-5eccea7f5a24da2f5b31b4ab:d0000003-c0,3,0,select_for_evaluation,executed,True,True,succeeded,,True,0.5006170868873596,recorded_diagnostic_scalar_NN,0.5006170868873596,0.6,True,False,False,False,,,[],[],False,8,8,1,,
support-final-5eccea7f5a24da2f5b31b4ab,uq_only_support_aware,Co-Dy-W,2,support-final-5eccea7f5a24da2f5b31b4ab:d0000004-c0,4,0,select_for_evaluation,executed,True,True,succeeded,,True,0.5006064772605896,recorded_diagnostic_scalar_NN,0.5006064772605896,0.6,True,False,False,False,,,[],[],False,10,10,0,,
support-final-5eccea7f5a24da2f5b31b4ab,uq_only_support_aware,Co-Dy-W,2,support-final-5eccea7f5a24da2f5b31b4ab:d0000005-c0,5,0,select_for_evaluation,executed,True,True,succeeded,,True,0.5007244944572449,recorded_diagnostic_scalar_NN,0.5007244944572449,0.6,True,False,False,False,,,[],[],False,12,12,1,,
support-final-5eccea7f5a24da2f5b31b4ab,uq_only_support_aware,Co-Dy-W,2,support-final-5eccea7f5a24da2f5b31b4ab:d0000006-c0,6,0,generate_structures,executed,True,True,succeeded,,True,0.5005518198013306,recorded_diagnostic_scalar_NN,0.5005518198013306,0.6,True,False,False,False,,,[],[],False,20,,1,,
support-final-5eccea7f5a24da2f5b31b4ab,uq_only_support_aware,Co-Dy-W,2,support-final-5eccea7f5a24da2f5b31b4ab:d0000007-c0,7,0,generate_structures,executed,True,True,succeeded,,True,0.5007981061935425,recorded_diagnostic_scalar_NN,0.5007981061935425,0.6,True,False,False,False,,,[],[],False,20,,1,,
support-final-5eccea7f5a24da2f5b31b4ab,uq_only_support_aware,Co-Dy-W,2,support-final-5eccea7f5a24da2f5b31b4ab:d0000008-c0,8,0,score_buffer,executed,True,True,succeeded,,True,0.5007851123809814,recorded_diagnostic_scalar_NN,0.5007851123809814,0.6,True,False,False,False,,,[],[],False,20,,1,,
support-final-5eccea7f5a24da2f5b31b4ab,uq_only_support_aware,Co-Dy-W,2,support-final-5eccea7f5a24da2f5b31b4ab:d0000009-c0,9,0,select_for_evaluation,executed,True,True,succeeded,,True,0.4998275637626648,recorded_diagnostic_scalar_NN,0.4998275637626648,0.6,True,False,False,False,,,[],[],False,20,20,1,,
support-final-5eccea7f5a24da2f5b31b4ab,uq_only_support_aware,Co-Dy-W,2,support-final-5eccea7f5a24da2f5b31b4ab:d0000010-c0,10,0,generate_structures,executed,True,True,succeeded,,True,0.4999198913574219,recorded_diagnostic_scalar_NN,0.4999198913574219,0.6,True,False,False,False,,,[],[],False,26,,1,,
support-final-5eccea7f5a24da2f5b31b4ab,uq_only_support_aware,Co-Dy-W,2,support-final-5eccea7f5a24da2f5b31b4ab:d0000011-c0,11,0,generate_structures,executed,True,True,succeeded,,True,0.4999004900455475,recorded_diagnostic_scalar_NN,0.4999004900455475,0.6,True,False,False,False,,,[],[],False,26,,1,,
support-final-5eccea7f5a24da2f5b31b4ab,uq_only_support_aware,Co-Dy-W,2,support-final-5eccea7f5a24da2f5b31b4ab:d0000012-c0,12,0,select_for_evaluation,executed,True,True,succeeded,,True,0.4998111128807068,recorded_diagnostic_scalar_NN,0.4998111128807068,0.6,True,False,False,False,,,[],[],False,26,26,1,,
support-final-5eccea7f5a24da2f5b31b4ab,uq_only_support_aware,Co-Dy-W,2,support-final-5eccea7f5a24da2f5b31b4ab:d0000013-c0,13,0,generate_structures,executed,True,True,succeeded,,True,0.49972036480903625,recorded_diagnostic_scalar_NN,0.49972036480903625,0.6,True,False,False,False,,,[],[],False,30,,1,,
support-final-5eccea7f5a24da2f5b31b4ab,uq_only_support_aware,Co-Dy-W,2,support-final-5eccea7f5a24da2f5b31b4ab:d0000014-c0,14,0,select_for_evaluation,executed,True,True,succeeded,,True,0.4998839795589447,recorded_diagnostic_scalar_NN,0.4998839795589447,0.6,True,False,False,False,,,[],[],False,30,30,1,,
support-final-5eccea7f5a24da2f5b31b4ab,uq_only_support_aware,Co-Dy-W,2,support-final-5eccea7f5a24da2f5b31b4ab:d0000015-c0,15,0,select_for_evaluation,executed,True,True,succeeded,,True,0.49978652596473694,recorded_diagnostic_scalar_NN,0.49978652596473694,0.6,True,False,False,False,,,[],[],False,32,32,1,,
support-final-5eccea7f5a24da2f5b31b4ab,uq_only_support_aware,Co-Dy-W,2,support-final-5eccea7f5a24da2f5b31b4ab:d0000016-c0,16,0,select_for_evaluation,executed,True,True,succeeded,,True,0.49997782707214355,recorded_diagnostic_scalar_NN,0.49997782707214355,0.6,True,False,False,False,,,[],[],False,34,34,1,,
support-final-5eccea7f5a24da2f5b31b4ab,uq_only_support_aware,Co-Dy-W,2,support-final-5eccea7f5a24da2f5b31b4ab:d0000017-c0,17,0,score_buffer,executed,True,True,succeeded,,True,0.4998270869255066,recorded_diagnostic_scalar_NN,0.4998270869255066,0.6,True,False,False,False,,,[],[],False,40,,0,,
support-final-5eccea7f5a24da2f5b31b4ab,uq_only_support_aware,Co-Dy-W,2,support-final-5eccea7f5a24da2f5b31b4ab:d0000018-c0,18,0,select_for_evaluation,rejected_not_executed,True,False,succeeded,,True,0.4999535083770752,recorded_diagnostic_scalar_NN,0.4999535083770752,0.6,True,False,False,True,generation_invalid,local_schema_validation,[],"[""composition_required""]",True,,,,,
support-final-5eccea7f5a24da2f5b31b4ab,uq_only_support_aware,Co-Dy-W,2,support-final-5eccea7f5a24da2f5b31b4ab:d0000018-c1,18,1,query_structures,executed,True,True,succeeded,,True,0.4999023973941803,recorded_diagnostic_scalar_NN,0.4999023973941803,0.6,True,False,False,False,,,[],[],False,40,,0,,"{""instruction"": ""Repair the JSON/tool/arguments schema. Return one allowed tool with only its documented arguments; do not invent results. Use only the existing retry and tool/query limits."", ""not_a_measured_scientific_result"": true, ""predicted_failure_type"": ""generation_invalid"", ""source"": ""current_candidate_predictions_or_visible_schema_issue"", ""suggested_legal_tool"": {""arguments"": {""composition"": ""Co3W4"", ""k"": 5, ""mode"": ""all""}, ""tool"": ""query_structures""}}"
support-final-5eccea7f5a24da2f5b31b4ab,uq_only_support_aware,Co-Dy-W,2,support-final-5eccea7f5a24da2f5b31b4ab:d0000019-c0,19,0,select_for_evaluation,executed,True,True,succeeded,,True,0.49976587295532227,recorded_diagnostic_scalar_NN,0.49976587295532227,0.6,True,False,False,False,,,[],[],False,40,40,0,,
support-final-97076161f2eb1dff20b02ffe,uq_only_support_aware,Co-Dy-W,3,support-final-97076161f2eb1dff20b02ffe:d0000000-c0,0,0,,rejected_not_executed,False,False,unavailable,The original parsed emitted action is required; invalid/ambiguous generations have no action target,False,,forced_generation_invalid_not_scalar_NN,,0.6,True,,False,True,generation_invalid,local_schema_validation,[],"[""expected_allowed_tool_and_arguments_object""]",True,,,,,
support-final-97076161f2eb1dff20b02ffe,uq_only_support_aware,Co-Dy-W,3,support-final-97076161f2eb1dff20b02ffe:d0000000-c1,0,1,get_buffer_stats,executed,True,True,unavailable,"Current-policy transcoder fidelity gate failed at model.language_model.layers.13.mlp: FVU=0.5157679915428162, defined=True.",False,0.4997655153274536,recorded_diagnostic_scalar_NN,,0.6,True,False,False,False,,,[],[],False,8,,1,,"{""instruction"": ""Repair the JSON/tool/arguments schema. Return one allowed tool with only its documented arguments; do not invent results. Use only the existing retry and tool/query limits."", ""not_a_measured_scientific_result"": true, ""predicted_failure_type"": ""generation_invalid"", ""source"": ""current_candidate_predictions_or_visible_schema_issue"", ""suggested_legal_tool"": {""arguments"": {}, ""tool"": ""get_buffer_stats""}}"
support-final-97076161f2eb1dff20b02ffe,uq_only_support_aware,Co-Dy-W,3,support-final-97076161f2eb1dff20b02ffe:d0000001-c0,1,0,generate_structures,executed,True,True,succeeded,,True,0.4996183514595032,recorded_diagnostic_scalar_NN,0.4996183514595032,0.6,True,False,False,False,,,[],[],False,8,,1,,
support-final-97076161f2eb1dff20b02ffe,uq_only_support_aware,Co-Dy-W,3,support-final-97076161f2eb1dff20b02ffe:d0000002-c0,2,0,select_for_evaluation,rejected_not_executed,True,False,succeeded,,True,0.5004557371139526,recorded_diagnostic_scalar_NN,0.5004557371139526,0.6,True,False,False,True,generation_invalid,local_schema_validation,[],"[""composition_required""]",True,,,,,
support-final-97076161f2eb1dff20b02ffe,uq_only_support_aware,Co-Dy-W,3,support-final-97076161f2eb1dff20b02ffe:d0000002-c1,2,1,query_structures,executed,True,True,succeeded,,True,0.5002937912940979,recorded_diagnostic_scalar_NN,0.5002937912940979,0.6,True,False,False,True,not_new,predicted_failure_type,"[""not_new""]",[],False,8,,1,,"{""instruction"": ""Repair the JSON/tool/arguments schema. Return one allowed tool with only its documented arguments; do not invent results. Use only the existing retry and tool/query limits."", ""not_a_measured_scientific_result"": true, ""predicted_failure_type"": ""generation_invalid"", ""source"": ""current_candidate_predictions_or_visible_schema_issue"", ""suggested_legal_tool"": {""arguments"": {""composition"": ""Dy(CoW)2"", ""k"": 5, ""mode"": ""all""}, ""tool"": ""query_structures""}}"
support-final-97076161f2eb1dff20b02ffe,uq_only_support_aware,Co-Dy-W,3,support-final-97076161f2eb1dff20b02ffe:d0000003-c0,3,0,select_for_evaluation,executed,True,True,unavailable,"Current-policy transcoder fidelity gate failed at model.language_model.layers.13.mlp: FVU=0.5015436410903931, defined=True.",False,0.5005050897598267,recorded_diagnostic_scalar_NN,,0.6,True,False,False,False,,,[],[],False,8,8,1,,
support-final-97076161f2eb1dff20b02ffe,uq_only_support_aware,Co-Dy-W,3,support-final-97076161f2eb1dff20b02ffe:d0000004-c0,4,0,select_for_evaluation,executed,True,True,succeeded,,True,0.500339925289154,recorded_diagnostic_scalar_NN,0.500339925289154,0.6,True,False,False,False,,,[],[],False,10,10,1,,
support-final-97076161f2eb1dff20b02ffe,uq_only_support_aware,Co-Dy-W,3,support-final-97076161f2eb1dff20b02ffe:d0000005-c0,5,0,select_for_evaluation,executed,True,True,succeeded,,True,0.5003421902656555,recorded_diagnostic_scalar_NN,0.5003421902656555,0.6,True,False,False,False,,,[],[],False,12,12,1,,
support-final-97076161f2eb1dff20b02ffe,uq_only_support_aware,Co-Dy-W,3,support-final-97076161f2eb1dff20b02ffe:d0000006-c0,6,0,generate_structures,executed,True,True,succeeded,,True,0.500050961971283,recorded_diagnostic_scalar_NN,0.500050961971283,0.6,True,False,False,False,,,[],[],False,16,,1,,
support-final-97076161f2eb1dff20b02ffe,uq_only_support_aware,Co-Dy-W,3,support-final-97076161f2eb1dff20b02ffe:d0000007-c0,7,0,select_for_evaluation,executed,True,True,succeeded,,True,0.5006014108657837,recorded_diagnostic_scalar_NN,0.5006014108657837,0.6,True,False,False,False,,,[],[],False,16,16,1,,
support-final-97076161f2eb1dff20b02ffe,uq_only_support_aware,Co-Dy-W,3,support-final-97076161f2eb1dff20b02ffe:d0000008-c0,8,0,generate_structures,executed,True,True,succeeded,,True,0.5007256865501404,recorded_diagnostic_scalar_NN,0.5007256865501404,0.6,True,False,False,False,,,[],[],False,20,,1,,
support-final-97076161f2eb1dff20b02ffe,uq_only_support_aware,Co-Dy-W,3,support-final-97076161f2eb1dff20b02ffe:d0000009-c0,9,0,select_for_evaluation,executed,True,True,succeeded,,True,0.5009261965751648,recorded_diagnostic_scalar_NN,0.5009261965751648,0.6,True,False,False,False,,,[],[],False,20,20,1,,
support-final-97076161f2eb1dff20b02ffe,uq_only_support_aware,Co-Dy-W,3,support-final-97076161f2eb1dff20b02ffe:d0000010-c0,10,0,generate_structures,executed,True,True,succeeded,,True,0.5008688569068909,recorded_diagnostic_scalar_NN,0.5008688569068909,0.6,True,False,False,False,,,[],[],False,32,,1,,
support-final-97076161f2eb1dff20b02ffe,uq_only_support_aware,Co-Dy-W,3,support-final-97076161f2eb1dff20b02ffe:d0000011-c0,11,0,score_buffer,executed,True,True,succeeded,,True,0.4997722804546356,recorded_diagnostic_scalar_NN,0.4997722804546356,0.6,True,False,False,False,,,[],[],False,32,,1,,
support-final-97076161f2eb1dff20b02ffe,uq_only_support_aware,Co-Dy-W,3,support-final-97076161f2eb1dff20b02ffe:d0000012-c0,12,0,select_for_evaluation,rejected_not_executed,True,False,succeeded,,True,0.4997800290584564,recorded_diagnostic_scalar_NN,0.4997800290584564,0.6,True,False,False,True,generation_invalid,local_schema_validation,[],"[""composition_required""]",True,,,,,
support-final-97076161f2eb1dff20b02ffe,uq_only_support_aware,Co-Dy-W,3,support-final-97076161f2eb1dff20b02ffe:d0000012-c1,12,1,query_structures,executed,True,True,succeeded,,True,0.4997413754463196,recorded_diagnostic_scalar_NN,0.4997413754463196,0.6,True,False,False,False,,,[],[],False,32,,1,,"{""instruction"": ""Repair the JSON/tool/arguments schema. Return one allowed tool with only its documented arguments; do not invent results. Use only the existing retry and tool/query limits."", ""not_a_measured_scientific_result"": true, ""predicted_failure_type"": ""generation_invalid"", ""source"": ""current_candidate_predictions_or_visible_schema_issue"", ""suggested_legal_tool"": {""arguments"": {""composition"": ""Dy2CoW2"", ""k"": 5, ""mode"": ""all""}, ""tool"": ""query_structures""}}"
support-final-97076161f2eb1dff20b02ffe,uq_only_support_aware,Co-Dy-W,3,support-final-97076161f2eb1dff20b02ffe:d0000013-c0,13,0,select_for_evaluation,executed,True,True,succeeded,,True,0.49965035915374756,recorded_diagnostic_scalar_NN,0.49965035915374756,0.6,True,False,False,False,,,[],[],False,32,,1,The selected hash is not in this composition buffer.,
support-final-97076161f2eb1dff20b02ffe,uq_only_support_aware,Co-Dy-W,3,support-final-97076161f2eb1dff20b02ffe:d0000014-c0,14,0,generate_structures,executed,True,True,succeeded,,True,0.49964702129364014,recorded_diagnostic_scalar_NN,0.49964702129364014,0.6,True,False,False,False,,,[],[],False,32,,1,,
support-final-97076161f2eb1dff20b02ffe,uq_only_support_aware,Co-Dy-W,3,support-final-97076161f2eb1dff20b02ffe:d0000015-c0,15,0,select_for_evaluation,executed,True,True,succeeded,,True,0.49988189339637756,recorded_diagnostic_scalar_NN,0.49988189339637756,0.6,True,False,False,False,,,[],[],False,32,32,1,,
support-final-97076161f2eb1dff20b02ffe,uq_only_support_aware,Co-Dy-W,3,support-final-97076161f2eb1dff20b02ffe:d0000016-c0,16,0,generate_structures,executed,True,True,succeeded,,True,0.49983131885528564,recorded_diagnostic_scalar_NN,0.49983131885528564,0.6,True,False,False,False,,,[],[],False,36,,1,,
support-final-97076161f2eb1dff20b02ffe,uq_only_support_aware,Co-Dy-W,3,support-final-97076161f2eb1dff20b02ffe:d0000017-c0,17,0,select_for_evaluation,executed,True,True,succeeded,,True,0.49979791045188904,recorded_diagnostic_scalar_NN,0.49979791045188904,0.6,True,False,False,False,,,[],[],False,36,36,1,,
support-final-97076161f2eb1dff20b02ffe,uq_only_support_aware,Co-Dy-W,3,support-final-97076161f2eb1dff20b02ffe:d0000018-c0,18,0,score_buffer,executed,True,True,succeeded,,True,0.4996832311153412,recorded_diagnostic_scalar_NN,0.4996832311153412,0.6,True,False,False,False,,,[],[],False,40,,1,,
support-final-97076161f2eb1dff20b02ffe,uq_only_support_aware,Co-Dy-W,3,support-final-97076161f2eb1dff20b02ffe:d0000019-c0,19,0,select_for_evaluation,executed,True,True,succeeded,,True,0.4996965527534485,recorded_diagnostic_scalar_NN,0.4996965527534485,0.6,True,False,False,False,,,[],[],False,40,40,1,,
support-final-97076161f2eb1dff20b02ffe,uq_only_support_aware,Co-Dy-W,3,support-final-97076161f2eb1dff20b02ffe:d0000020-c0,20,0,score_buffer,executed,True,True,succeeded,,True,0.4997122883796692,recorded_diagnostic_scalar_NN,0.4997122883796692,0.6,True,False,False,False,,,[],[],False,44,,1,,
support-final-97076161f2eb1dff20b02ffe,uq_only_support_aware,Co-Dy-W,3,support-final-97076161f2eb1dff20b02ffe:d0000021-c0,21,0,select_for_evaluation,executed,True,True,succeeded,,True,0.49971476197242737,recorded_diagnostic_scalar_NN,0.49971476197242737,0.6,True,False,False,False,,,[],[],False,44,44,1,,
support-final-97076161f2eb1dff20b02ffe,uq_only_support_aware,Co-Dy-W,3,support-final-97076161f2eb1dff20b02ffe:d0000022-c0,22,0,generate_structures,executed,True,True,succeeded,,True,0.49986544251441956,recorded_diagnostic_scalar_NN,0.49986544251441956,0.6,True,False,False,False,,,[],[],False,50,,1,,
support-final-97076161f2eb1dff20b02ffe,uq_only_support_aware,Co-Dy-W,3,support-final-97076161f2eb1dff20b02ffe:d0000023-c0,23,0,generate_structures,executed,True,True,succeeded,,True,0.499643474817276,recorded_diagnostic_scalar_NN,0.499643474817276,0.6,True,False,False,False,,,[],[],False,50,,1,,
support-final-97076161f2eb1dff20b02ffe,uq_only_support_aware,Co-Dy-W,3,support-final-97076161f2eb1dff20b02ffe:d0000024-c0,24,0,select_for_evaluation,executed,True,True,succeeded,,True,0.4996204972267151,recorded_diagnostic_scalar_NN,0.4996204972267151,0.6,True,False,False,False,,,[],[],False,50,50,1,,
support-final-c16688941b047acff551e984,uq_only_support_aware,Co-Dy-W,4,support-final-c16688941b047acff551e984:d0000000-c0,0,0,,rejected_not_executed,False,False,unavailable,The original parsed emitted action is required; invalid/ambiguous generations have no action target,False,,forced_generation_invalid_not_scalar_NN,,0.6,True,,False,True,generation_invalid,local_schema_validation,[],"[""expected_allowed_tool_and_arguments_object""]",True,,,,,
support-final-c16688941b047acff551e984,uq_only_support_aware,Co-Dy-W,4,support-final-c16688941b047acff551e984:d0000000-c1,0,1,get_buffer_stats,executed,True,True,unavailable,"Current-policy transcoder fidelity gate failed at model.language_model.layers.13.mlp: FVU=0.5157679915428162, defined=True.",False,0.4997655153274536,recorded_diagnostic_scalar_NN,,0.6,True,False,False,False,,,[],[],False,6,,1,,"{""instruction"": ""Repair the JSON/tool/arguments schema. Return one allowed tool with only its documented arguments; do not invent results. Use only the existing retry and tool/query limits."", ""not_a_measured_scientific_result"": true, ""predicted_failure_type"": ""generation_invalid"", ""source"": ""current_candidate_predictions_or_visible_schema_issue"", ""suggested_legal_tool"": {""arguments"": {}, ""tool"": ""get_buffer_stats""}}"
support-final-c16688941b047acff551e984,uq_only_support_aware,Co-Dy-W,4,support-final-c16688941b047acff551e984:d0000001-c0,1,0,generate_structures,executed,True,True,succeeded,,True,0.4995105266571045,recorded_diagnostic_scalar_NN,0.4995105266571045,0.6,True,False,False,False,,,[],[],False,6,,1,,
support-final-c16688941b047acff551e984,uq_only_support_aware,Co-Dy-W,4,support-final-c16688941b047acff551e984:d0000002-c0,2,0,select_for_evaluation,rejected_not_executed,True,False,succeeded,,True,0.5003555417060852,recorded_diagnostic_scalar_NN,0.5003555417060852,0.6,True,False,False,True,generation_invalid,local_schema_validation,[],"[""composition_required""]",True,,,,,
support-final-c16688941b047acff551e984,uq_only_support_aware,Co-Dy-W,4,support-final-c16688941b047acff551e984:d0000002-c1,2,1,select_for_evaluation,executed,True,True,succeeded,,True,0.5001732110977173,recorded_diagnostic_scalar_NN,0.5001732110977173,0.6,True,False,False,False,,,[],[],False,6,6,1,,"{""instruction"": ""Repair the JSON/tool/arguments schema. Return one allowed tool with only its documented arguments; do not invent results. Use only the existing retry and tool/query limits."", ""not_a_measured_scientific_result"": true, ""predicted_failure_type"": ""generation_invalid"", ""source"": ""current_candidate_predictions_or_visible_schema_issue"", ""suggested_legal_tool"": {""arguments"": {""composition"": ""Dy2CoW"", ""k"": 5, ""mode"": ""all""}, ""tool"": ""query_structures""}}"
support-final-c16688941b047acff551e984,uq_only_support_aware,Co-Dy-W,4,support-final-c16688941b047acff551e984:d0000003-c0,3,0,select_for_evaluation,executed,True,True,succeeded,,True,0.5005420446395874,recorded_diagnostic_scalar_NN,0.5005420446395874,0.6,True,False,False,False,,,[],[],False,8,8,0,,
support-final-c16688941b047acff551e984,uq_only_support_aware,Co-Dy-W,4,support-final-c16688941b047acff551e984:d0000004-c0,4,0,generate_structures,executed,True,True,succeeded,,True,0.500653862953186,recorded_diagnostic_scalar_NN,0.500653862953186,0.6,True,False,False,False,,,[],[],False,16,,1,,
support-final-c16688941b047acff551e984,uq_only_support_aware,Co-Dy-W,4,support-final-c16688941b047acff551e984:d0000005-c0,5,0,generate_structures,executed,True,True,succeeded,,True,0.500713586807251,recorded_diagnostic_scalar_NN,0.500713586807251,0.6,True,False,False,False,,,[],[],False,16,,1,,
support-final-c16688941b047acff551e984,uq_only_support_aware,Co-Dy-W,4,support-final-c16688941b047acff551e984:d0000006-c0,6,0,generate_structures,executed,True,True,succeeded,,True,0.5008133053779602,recorded_diagnostic_scalar_NN,0.5008133053779602,0.6,True,False,False,False,,,[],[],False,16,,1,,
support-final-c16688941b047acff551e984,uq_only_support_aware,Co-Dy-W,4,support-final-c16688941b047acff551e984:d0000007-c0,7,0,select_for_evaluation,executed,True,True,succeeded,,True,0.5010083317756653,recorded_diagnostic_scalar_NN,0.5010083317756653,0.6,True,False,False,False,,,[],[],False,16,16,1,,
support-final-c16688941b047acff551e984,uq_only_support_aware,Co-Dy-W,4,support-final-c16688941b047acff551e984:d0000008-c0,8,0,select_for_evaluation,executed,True,True,succeeded,,True,0.5007889270782471,recorded_diagnostic_scalar_NN,0.5007889270782471,0.6,True,False,False,False,,,[],[],False,18,18,1,,
support-final-c16688941b047acff551e984,uq_only_support_aware,Co-Dy-W,4,support-final-c16688941b047acff551e984:d0000009-c0,9,0,select_for_evaluation,executed,True,True,succeeded,,True,0.5006881356239319,recorded_diagnostic_scalar_NN,0.5006881356239319,0.6,True,False,False,False,,,[],[],False,20,20,1,,
support-final-c16688941b047acff551e984,uq_only_support_aware,Co-Dy-W,4,support-final-c16688941b047acff551e984:d0000010-c0,10,0,generate_structures,executed,True,True,succeeded,,True,0.5005310773849487,recorded_diagnostic_scalar_NN,0.5005310773849487,0.6,True,False,False,False,,,[],[],False,24,,1,,
support-final-c16688941b047acff551e984,uq_only_support_aware,Co-Dy-W,4,support-final-c16688941b047acff551e984:d0000011-c0,11,0,select_for_evaluation,executed,True,True,succeeded,,True,0.5008577704429626,recorded_diagnostic_scalar_NN,0.5008577704429626,0.6,True,False,False,False,,,[],[],False,24,24,1,,
support-final-c16688941b047acff551e984,uq_only_support_aware,Co-Dy-W,4,support-final-c16688941b047acff551e984:d0000012-c0,12,0,select_for_evaluation,executed,True,True,succeeded,,True,0.5008684396743774,recorded_diagnostic_scalar_NN,0.5008684396743774,0.6,True,False,False,False,,,[],[],False,26,26,1,,
support-final-c16688941b047acff551e984,uq_only_support_aware,Co-Dy-W,4,support-final-c16688941b047acff551e984:d0000013-c0,13,0,select_for_evaluation,executed,True,True,succeeded,,True,0.5009434223175049,recorded_diagnostic_scalar_NN,0.5009434223175049,0.6,True,False,False,False,,,[],[],False,28,28,1,,
support-final-c16688941b047acff551e984,uq_only_support_aware,Co-Dy-W,4,support-final-c16688941b047acff551e984:d0000014-c0,14,0,generate_structures,executed,True,True,succeeded,,True,0.4997043013572693,recorded_diagnostic_scalar_NN,0.4997043013572693,0.6,True,False,False,False,,,[],[],False,32,,1,,
support-final-c16688941b047acff551e984,uq_only_support_aware,Co-Dy-W,4,support-final-c16688941b047acff551e984:d0000015-c0,15,0,select_for_evaluation,executed,True,True,succeeded,,True,0.499825656414032,recorded_diagnostic_scalar_NN,0.499825656414032,0.6,True,False,False,False,,,[],[],False,32,32,1,,
support-final-c16688941b047acff551e984,uq_only_support_aware,Co-Dy-W,4,support-final-c16688941b047acff551e984:d0000016-c0,16,0,score_buffer,executed,True,True,succeeded,,True,0.4998326897621155,recorded_diagnostic_scalar_NN,0.4998326897621155,0.6,True,False,False,False,,,[],[],False,36,,1,,
support-final-c16688941b047acff551e984,uq_only_support_aware,Co-Dy-W,4,support-final-c16688941b047acff551e984:d0000017-c0,17,0,select_for_evaluation,executed,True,True,succeeded,,True,0.49979957938194275,recorded_diagnostic_scalar_NN,0.49979957938194275,0.6,True,False,False,False,,,[],[],False,36,36,1,,
support-final-fbf58f289d7058d1b56ff33f,uq_only_support_aware,Co-Mg-Na,2,support-final-fbf58f289d7058d1b56ff33f:d0000000-c0,0,0,,rejected_not_executed,False,False,unavailable,The original parsed emitted action is required; invalid/ambiguous generations have no action target,False,,forced_generation_invalid_not_scalar_NN,,0.6,True,,False,True,generation_invalid,local_schema_validation,[],"[""expected_allowed_tool_and_arguments_object""]",True,,,,,
support-final-fbf58f289d7058d1b56ff33f,uq_only_support_aware,Co-Mg-Na,2,support-final-fbf58f289d7058d1b56ff33f:d0000000-c1,0,1,get_buffer_stats,executed,True,True,unavailable,"Current-policy transcoder fidelity gate failed at model.language_model.layers.12.mlp: FVU=0.5017634034156799, defined=True.",False,0.49954962730407715,recorded_diagnostic_scalar_NN,,0.6,True,False,False,False,,,[],[],False,10,,1,,"{""instruction"": ""Repair the JSON/tool/arguments schema. Return one allowed tool with only its documented arguments; do not invent results. Use only the existing retry and tool/query limits."", ""not_a_measured_scientific_result"": true, ""predicted_failure_type"": ""generation_invalid"", ""source"": ""current_candidate_predictions_or_visible_schema_issue"", ""suggested_legal_tool"": {""arguments"": {}, ""tool"": ""get_buffer_stats""}}"
support-final-fbf58f289d7058d1b56ff33f,uq_only_support_aware,Co-Mg-Na,2,support-final-fbf58f289d7058d1b56ff33f:d0000001-c0,1,0,,rejected_not_executed,False,False,unavailable,The original parsed emitted action is required; invalid/ambiguous generations have no action target,False,,forced_generation_invalid_not_scalar_NN,,0.6,True,,False,True,generation_invalid,local_schema_validation,[],"[""expected_allowed_tool_and_arguments_object""]",True,,,,,
support-final-fbf58f289d7058d1b56ff33f,uq_only_support_aware,Co-Mg-Na,2,support-final-fbf58f289d7058d1b56ff33f:d0000001-c1,1,1,generate_structures,executed,True,True,unavailable,"Current-policy transcoder fidelity gate failed at model.language_model.layers.12.mlp: FVU=0.5073535442352295, defined=True.",False,0.49947264790534973,recorded_diagnostic_scalar_NN,,0.6,True,False,False,False,,,[],[],False,10,,1,,"{""instruction"": ""Repair the JSON/tool/arguments schema. Return one allowed tool with only its documented arguments; do not invent results. Use only the existing retry and tool/query limits."", ""not_a_measured_scientific_result"": true, ""predicted_failure_type"": ""generation_invalid"", ""source"": ""current_candidate_predictions_or_visible_schema_issue"", ""suggested_legal_tool"": {""arguments"": {}, ""tool"": ""get_buffer_stats""}}"
support-final-fbf58f289d7058d1b56ff33f,uq_only_support_aware,Co-Mg-Na,2,support-final-fbf58f289d7058d1b56ff33f:d0000002-c0,2,0,score_buffer,executed,True,True,succeeded,,True,0.5004140138626099,recorded_diagnostic_scalar_NN,0.5004140138626099,0.6,True,False,False,False,,,[],[],False,10,,1,,
support-final-fbf58f289d7058d1b56ff33f,uq_only_support_aware,Co-Mg-Na,2,support-final-fbf58f289d7058d1b56ff33f:d0000003-c0,3,0,select_for_evaluation,rejected_not_executed,True,False,succeeded,,True,0.5006959438323975,recorded_diagnostic_scalar_NN,0.5006959438323975,0.6,True,False,False,True,generation_invalid,local_schema_validation,[],"[""composition_required""]",True,,,,,
support-final-fbf58f289d7058d1b56ff33f,uq_only_support_aware,Co-Mg-Na,2,support-final-fbf58f289d7058d1b56ff33f:d0000003-c1,3,1,query_structures,executed,True,True,unavailable,"Current-policy transcoder fidelity gate failed at model.language_model.layers.13.mlp: FVU=0.5042710900306702, defined=True.",False,0.5005970001220703,recorded_diagnostic_scalar_NN,,0.6,True,False,False,False,,,[],[],False,10,,1,,"{""instruction"": ""Repair the JSON/tool/arguments schema. Return one allowed tool with only its documented arguments; do not invent results. Use only the existing retry and tool/query limits."", ""not_a_measured_scientific_result"": true, ""predicted_failure_type"": ""generation_invalid"", ""source"": ""current_candidate_predictions_or_visible_schema_issue"", ""suggested_legal_tool"": {""arguments"": {""composition"": ""NaMg2Co3"", ""k"": 5, ""mode"": ""all""}, ""tool"": ""query_structures""}}"
support-final-fbf58f289d7058d1b56ff33f,uq_only_support_aware,Co-Mg-Na,2,support-final-fbf58f289d7058d1b56ff33f:d0000004-c0,4,0,select_for_evaluation,executed,True,True,unavailable,"Current-policy transcoder fidelity gate failed at model.language_model.layers.13.mlp: FVU=0.5269137620925903, defined=True.",False,0.5005525946617126,recorded_diagnostic_scalar_NN,,0.6,True,False,False,False,,,[],[],False,10,10,1,,
support-final-fbf58f289d7058d1b56ff33f,uq_only_support_aware,Co-Mg-Na,2,support-final-fbf58f289d7058d1b56ff33f:d0000005-c0,5,0,select_for_evaluation,executed,True,True,unavailable,"Current-policy transcoder fidelity gate failed at model.language_model.layers.13.mlp: FVU=0.5032268166542053, defined=True.",False,0.5006963014602661,recorded_diagnostic_scalar_NN,,0.6,True,False,False,False,,,[],[],False,12,12,1,,
support-final-fbf58f289d7058d1b56ff33f,uq_only_support_aware,Co-Mg-Na,2,support-final-fbf58f289d7058d1b56ff33f:d0000006-c0,6,0,generate_structures,executed,True,True,unavailable,"Current-policy transcoder fidelity gate failed at model.language_model.layers.16.mlp: FVU=0.5007936954498291, defined=True.",False,0.5004351735115051,recorded_diagnostic_scalar_NN,,0.6,True,False,False,False,,,[],[],False,16,,1,,
support-final-fbf58f289d7058d1b56ff33f,uq_only_support_aware,Co-Mg-Na,2,support-final-fbf58f289d7058d1b56ff33f:d0000007-c0,7,0,select_for_evaluation,executed,True,True,succeeded,,True,0.5005916357040405,recorded_diagnostic_scalar_NN,0.5005916357040405,0.6,True,False,False,False,,,[],[],False,16,16,1,,
support-final-fbf58f289d7058d1b56ff33f,uq_only_support_aware,Co-Mg-Na,2,support-final-fbf58f289d7058d1b56ff33f:d0000008-c0,8,0,select_for_evaluation,executed,True,True,succeeded,,True,0.5006529092788696,recorded_diagnostic_scalar_NN,0.5006529092788696,0.6,True,False,False,False,,,[],[],False,18,18,1,,
support-final-fbf58f289d7058d1b56ff33f,uq_only_support_aware,Co-Mg-Na,2,support-final-fbf58f289d7058d1b56ff33f:d0000009-c0,9,0,select_for_evaluation,executed,True,True,succeeded,,True,0.5007767081260681,recorded_diagnostic_scalar_NN,0.5007767081260681,0.6,True,False,False,False,,,[],[],False,20,20,1,,
support-final-fbf58f289d7058d1b56ff33f,uq_only_support_aware,Co-Mg-Na,2,support-final-fbf58f289d7058d1b56ff33f:d0000010-c0,10,0,select_for_evaluation,executed,True,True,succeeded,,True,0.5007987022399902,recorded_diagnostic_scalar_NN,0.5007987022399902,0.6,True,False,False,False,,,[],[],False,22,22,1,,
support-final-fbf58f289d7058d1b56ff33f,uq_only_support_aware,Co-Mg-Na,2,support-final-fbf58f289d7058d1b56ff33f:d0000011-c0,11,0,generate_structures,executed,True,True,succeeded,,True,0.5005472898483276,recorded_diagnostic_scalar_NN,0.5005472898483276,0.6,True,False,False,False,,,[],[],False,26,,1,,
support-final-fbf58f289d7058d1b56ff33f,uq_only_support_aware,Co-Mg-Na,2,support-final-fbf58f289d7058d1b56ff33f:d0000012-c0,12,0,select_for_evaluation,executed,True,True,succeeded,,True,0.5007615685462952,recorded_diagnostic_scalar_NN,0.5007615685462952,0.6,True,False,False,False,,,[],[],False,26,26,1,,
support-final-fbf58f289d7058d1b56ff33f,uq_only_support_aware,Co-Mg-Na,2,support-final-fbf58f289d7058d1b56ff33f:d0000013-c0,13,0,select_for_evaluation,executed,True,True,succeeded,,True,0.5006632208824158,recorded_diagnostic_scalar_NN,0.5006632208824158,0.6,True,False,False,False,,,[],[],False,28,28,1,,
support-final-fbf58f289d7058d1b56ff33f,uq_only_support_aware,Co-Mg-Na,2,support-final-fbf58f289d7058d1b56ff33f:d0000014-c0,14,0,select_for_evaluation,executed,True,True,succeeded,,True,0.4997516870498657,recorded_diagnostic_scalar_NN,0.4997516870498657,0.6,True,False,False,False,,,[],[],False,30,30,1,,
support-final-fbf58f289d7058d1b56ff33f,uq_only_support_aware,Co-Mg-Na,2,support-final-fbf58f289d7058d1b56ff33f:d0000015-c0,15,0,select_for_evaluation,executed,True,True,succeeded,,True,0.49974822998046875,recorded_diagnostic_scalar_NN,0.49974822998046875,0.6,True,False,False,False,,,[],[],False,32,32,1,,
support-final-8f46b298f45606301f129592,uq_only_support_aware,Co-Mg-Na,3,support-final-8f46b298f45606301f129592:d0000000-c0,0,0,generate_structures,executed,True,True,succeeded,,True,0.4989633560180664,recorded_diagnostic_scalar_NN,0.4989633560180664,0.6,True,False,False,False,,,[],[],False,4,,1,,
support-final-8f46b298f45606301f129592,uq_only_support_aware,Co-Mg-Na,3,support-final-8f46b298f45606301f129592:d0000001-c0,1,0,select_for_evaluation,executed,True,True,succeeded,,True,0.5007156133651733,recorded_diagnostic_scalar_NN,0.5007156133651733,0.6,True,False,False,False,,,[],[],False,4,4,1,,
support-final-8f46b298f45606301f129592,uq_only_support_aware,Co-Mg-Na,3,support-final-8f46b298f45606301f129592:d0000002-c0,2,0,generate_structures,executed,True,True,succeeded,,True,0.5007603764533997,recorded_diagnostic_scalar_NN,0.5007603764533997,0.6,True,False,False,False,,,[],[],False,12,,1,,
support-final-8f46b298f45606301f129592,uq_only_support_aware,Co-Mg-Na,3,support-final-8f46b298f45606301f129592:d0000003-c0,3,0,generate_structures,executed,True,True,succeeded,,True,0.500816822052002,recorded_diagnostic_scalar_NN,0.500816822052002,0.6,True,False,False,False,,,[],[],False,12,,1,,
support-final-8f46b298f45606301f129592,uq_only_support_aware,Co-Mg-Na,3,support-final-8f46b298f45606301f129592:d0000004-c0,4,0,score_buffer,executed,True,True,succeeded,,True,0.5010398030281067,recorded_diagnostic_scalar_NN,0.5010398030281067,0.6,True,False,False,False,,,[],[],False,12,,1,,
support-final-8f46b298f45606301f129592,uq_only_support_aware,Co-Mg-Na,3,support-final-8f46b298f45606301f129592:d0000005-c0,5,0,select_for_evaluation,executed,True,True,succeeded,,True,0.4997195303440094,recorded_diagnostic_scalar_NN,0.4997195303440094,0.6,True,False,False,False,,,[],[],False,12,12,1,,
support-final-8f46b298f45606301f129592,uq_only_support_aware,Co-Mg-Na,3,support-final-8f46b298f45606301f129592:d0000006-c0,6,0,generate_structures,executed,True,True,succeeded,,True,0.4997163712978363,recorded_diagnostic_scalar_NN,0.4997163712978363,0.6,True,False,False,False,,,[],[],False,26,,1,,
support-final-8f46b298f45606301f129592,uq_only_support_aware,Co-Mg-Na,3,support-final-8f46b298f45606301f129592:d0000007-c0,7,0,select_for_evaluation,rejected_not_executed,True,False,succeeded,,True,0.49983030557632446,recorded_diagnostic_scalar_NN,0.49983030557632446,0.6,True,False,False,True,generation_invalid,local_schema_validation,[],"[""composition_required""]",True,,,,,
support-final-8f46b298f45606301f129592,uq_only_support_aware,Co-Mg-Na,3,support-final-8f46b298f45606301f129592:d0000007-c1,7,1,query_structures,executed,True,True,succeeded,,True,0.4997628331184387,recorded_diagnostic_scalar_NN,0.4997628331184387,0.6,True,False,False,False,,,[],[],False,26,,1,,"{""instruction"": ""Repair the JSON/tool/arguments schema. Return one allowed tool with only its documented arguments; do not invent results. Use only the existing retry and tool/query limits."", ""not_a_measured_scientific_result"": true, ""predicted_failure_type"": ""generation_invalid"", ""source"": ""current_candidate_predictions_or_visible_schema_issue"", ""suggested_legal_tool"": {""arguments"": {""composition"": ""Na4MgCo4"", ""k"": 5, ""mode"": ""all""}, ""tool"": ""query_structures""}}"
support-final-8f46b298f45606301f129592,uq_only_support_aware,Co-Mg-Na,3,support-final-8f46b298f45606301f129592:d0000008-c0,8,0,select_for_evaluation,executed,True,True,succeeded,,True,0.4994540214538574,recorded_diagnostic_scalar_NN,0.4994540214538574,0.6,True,False,False,False,,,[],[],False,26,,1,The selected hash is not in this composition buffer.,
support-final-8f46b298f45606301f129592,uq_only_support_aware,Co-Mg-Na,3,support-final-8f46b298f45606301f129592:d0000009-c0,9,0,generate_structures,executed,True,True,succeeded,,True,0.4996570944786072,recorded_diagnostic_scalar_NN,0.4996570944786072,0.6,True,False,False,False,,,[],[],False,26,,1,,
support-final-8f46b298f45606301f129592,uq_only_support_aware,Co-Mg-Na,3,support-final-8f46b298f45606301f129592:d0000010-c0,10,0,generate_structures,executed,True,True,succeeded,,True,0.49968060851097107,recorded_diagnostic_scalar_NN,0.49968060851097107,0.6,True,False,False,False,,,[],[],False,26,,1,,
support-final-8f46b298f45606301f129592,uq_only_support_aware,Co-Mg-Na,3,support-final-8f46b298f45606301f129592:d0000011-c0,11,0,score_buffer,executed,True,True,succeeded,,True,0.49992799758911133,recorded_diagnostic_scalar_NN,0.49992799758911133,0.6,True,False,False,False,,,[],[],False,26,,1,,
support-final-8f46b298f45606301f129592,uq_only_support_aware,Co-Mg-Na,3,support-final-8f46b298f45606301f129592:d0000012-c0,12,0,select_for_evaluation,executed,True,True,succeeded,,True,0.49993884563446045,recorded_diagnostic_scalar_NN,0.49993884563446045,0.6,True,False,False,False,,,[],[],False,26,26,1,,
support-final-8f46b298f45606301f129592,uq_only_support_aware,Co-Mg-Na,3,support-final-8f46b298f45606301f129592:d0000013-c0,13,0,select_for_evaluation,executed,True,True,succeeded,,True,0.49982142448425293,recorded_diagnostic_scalar_NN,0.49982142448425293,0.6,True,False,False,False,,,[],[],False,28,28,1,,
support-final-8f46b298f45606301f129592,uq_only_support_aware,Co-Mg-Na,3,support-final-8f46b298f45606301f129592:d0000014-c0,14,0,generate_structures,executed,True,True,succeeded,,True,0.4998016059398651,recorded_diagnostic_scalar_NN,0.4998016059398651,0.6,True,False,False,False,,,[],[],False,40,,1,,
support-final-8f46b298f45606301f129592,uq_only_support_aware,Co-Mg-Na,3,support-final-8f46b298f45606301f129592:d0000015-c0,15,0,generate_structures,executed,True,True,succeeded,,True,0.5008022785186768,recorded_diagnostic_scalar_NN,0.5008022785186768,0.6,True,False,False,False,,,[],[],False,40,,1,,
support-final-8f46b298f45606301f129592,uq_only_support_aware,Co-Mg-Na,3,support-final-8f46b298f45606301f129592:d0000016-c0,16,0,generate_structures,executed,True,True,succeeded,,True,0.4997612237930298,recorded_diagnostic_scalar_NN,0.4997612237930298,0.6,True,False,False,False,,,[],[],False,40,,1,,
support-final-8f46b298f45606301f129592,uq_only_support_aware,Co-Mg-Na,3,support-final-8f46b298f45606301f129592:d0000017-c0,17,0,generate_structures,executed,True,True,succeeded,,True,0.4997687339782715,recorded_diagnostic_scalar_NN,0.4997687339782715,0.6,True,False,False,False,,,[],[],False,40,,1,,
support-final-8f46b298f45606301f129592,uq_only_support_aware,Co-Mg-Na,3,support-final-8f46b298f45606301f129592:d0000018-c0,18,0,score_buffer,executed,True,True,succeeded,,True,0.49987098574638367,recorded_diagnostic_scalar_NN,0.49987098574638367,0.6,True,False,False,False,,,[],[],False,40,,1,,
support-final-8f46b298f45606301f129592,uq_only_support_aware,Co-Mg-Na,3,support-final-8f46b298f45606301f129592:d0000019-c0,19,0,select_for_evaluation,executed,True,True,succeeded,,True,0.49974238872528076,recorded_diagnostic_scalar_NN,0.49974238872528076,0.6,True,False,False,False,,,[],[],False,40,40,1,,
support-final-8f46b298f45606301f129592,uq_only_support_aware,Co-Mg-Na,3,support-final-8f46b298f45606301f129592:d0000020-c0,20,0,score_buffer,executed,True,True,succeeded,,True,0.49979016184806824,recorded_diagnostic_scalar_NN,0.49979016184806824,0.6,True,False,False,False,,,[],[],False,46,,1,,
support-final-8f46b298f45606301f129592,uq_only_support_aware,Co-Mg-Na,3,support-final-8f46b298f45606301f129592:d0000021-c0,21,0,generate_structures,executed,True,True,succeeded,,True,0.499682754278183,recorded_diagnostic_scalar_NN,0.499682754278183,0.6,True,False,False,False,,,[],[],False,46,,1,,
support-final-8f46b298f45606301f129592,uq_only_support_aware,Co-Mg-Na,3,support-final-8f46b298f45606301f129592:d0000022-c0,22,0,select_for_evaluation,executed,True,True,succeeded,,True,0.4999035894870758,recorded_diagnostic_scalar_NN,0.4999035894870758,0.6,True,False,False,False,,,[],[],False,46,46,1,,
support-final-8f46b298f45606301f129592,uq_only_support_aware,Co-Mg-Na,3,support-final-8f46b298f45606301f129592:d0000023-c0,23,0,generate_structures,executed,True,True,succeeded,,True,0.49984806776046753,recorded_diagnostic_scalar_NN,0.49984806776046753,0.6,True,False,False,False,,,[],[],False,54,,1,,
support-final-8f46b298f45606301f129592,uq_only_support_aware,Co-Mg-Na,3,support-final-8f46b298f45606301f129592:d0000024-c0,24,0,generate_structures,executed,True,True,succeeded,,True,0.49970442056655884,recorded_diagnostic_scalar_NN,0.49970442056655884,0.6,True,False,False,False,,,[],[],False,54,,1,,
support-final-8f46b298f45606301f129592,uq_only_support_aware,Co-Mg-Na,3,support-final-8f46b298f45606301f129592:d0000025-c0,25,0,generate_structures,executed,True,True,succeeded,,True,0.4997331202030182,recorded_diagnostic_scalar_NN,0.4997331202030182,0.6,True,False,False,False,,,[],[],False,54,,1,,
support-final-8f46b298f45606301f129592,uq_only_support_aware,Co-Mg-Na,3,support-final-8f46b298f45606301f129592:d0000026-c0,26,0,select_for_evaluation,executed,True,True,succeeded,,True,0.4998811185359955,recorded_diagnostic_scalar_NN,0.4998811185359955,0.6,True,False,False,False,,,[],[],False,54,54,1,,
support-final-8f46b298f45606301f129592,uq_only_support_aware,Co-Mg-Na,3,support-final-8f46b298f45606301f129592:d0000027-c0,27,0,generate_structures,executed,True,True,succeeded,,True,0.4996451139450073,recorded_diagnostic_scalar_NN,0.4996451139450073,0.6,True,False,False,False,,,[],[],False,58,,1,,
support-final-8f46b298f45606301f129592,uq_only_support_aware,Co-Mg-Na,3,support-final-8f46b298f45606301f129592:d0000028-c0,28,0,select_for_evaluation,executed,True,True,succeeded,,True,0.49976497888565063,recorded_diagnostic_scalar_NN,0.49976497888565063,0.6,True,False,False,False,,,[],[],False,58,58,1,,
support-final-8f46b298f45606301f129592,uq_only_support_aware,Co-Mg-Na,3,support-final-8f46b298f45606301f129592:d0000029-c0,29,0,generate_structures,executed,True,True,succeeded,,True,0.49962061643600464,recorded_diagnostic_scalar_NN,0.49962061643600464,0.6,True,False,False,False,,,[],[],False,64,,1,,
support-final-8f46b298f45606301f129592,uq_only_support_aware,Co-Mg-Na,3,support-final-8f46b298f45606301f129592:d0000030-c0,30,0,select_for_evaluation,rejected_not_executed,True,False,succeeded,,True,0.49990394711494446,recorded_diagnostic_scalar_NN,0.49990394711494446,0.6,True,False,False,True,generation_invalid,local_schema_validation,[],"[""composition_required""]",True,,,,,
support-final-8f46b298f45606301f129592,uq_only_support_aware,Co-Mg-Na,3,support-final-8f46b298f45606301f129592:d0000030-c1,30,1,query_structures,executed,True,True,succeeded,,True,0.4997851550579071,recorded_diagnostic_scalar_NN,0.4997851550579071,0.6,True,False,False,False,,,[],[],False,64,,1,,"{""instruction"": ""Repair the JSON/tool/arguments schema. Return one allowed tool with only its documented arguments; do not invent results. Use only the existing retry and tool/query limits."", ""not_a_measured_scientific_result"": true, ""predicted_failure_type"": ""generation_invalid"", ""source"": ""current_candidate_predictions_or_visible_schema_issue"", ""suggested_legal_tool"": {""arguments"": {""composition"": ""Na2MgCo5"", ""k"": 5, ""mode"": ""all""}, ""tool"": ""query_structures""}}"
support-final-8f46b298f45606301f129592,uq_only_support_aware,Co-Mg-Na,3,support-final-8f46b298f45606301f129592:d0000031-c0,31,0,select_for_evaluation,executed,True,True,succeeded,,True,0.4996543526649475,recorded_diagnostic_scalar_NN,0.4996543526649475,0.6,True,False,False,False,,,[],[],False,64,64,1,,
support-final-8f46b298f45606301f129592,uq_only_support_aware,Co-Mg-Na,3,support-final-8f46b298f45606301f129592:d0000032-c0,32,0,generate_structures,executed,True,True,succeeded,,True,0.4997444152832031,recorded_diagnostic_scalar_NN,0.4997444152832031,0.6,True,False,False,False,,,[],[],False,74,,1,,
support-final-8f46b298f45606301f129592,uq_only_support_aware,Co-Mg-Na,3,support-final-8f46b298f45606301f129592:d0000033-c0,33,0,generate_structures,executed,True,True,succeeded,,True,0.49979838728904724,recorded_diagnostic_scalar_NN,0.49979838728904724,0.6,True,False,False,False,,,[],[],False,74,,1,,
support-final-8f46b298f45606301f129592,uq_only_support_aware,Co-Mg-Na,3,support-final-8f46b298f45606301f129592:d0000034-c0,34,0,generate_structures,executed,True,True,succeeded,,True,0.49977418780326843,recorded_diagnostic_scalar_NN,0.49977418780326843,0.6,True,False,False,False,,,[],[],False,74,,1,,
support-final-8f46b298f45606301f129592,uq_only_support_aware,Co-Mg-Na,3,support-final-8f46b298f45606301f129592:d0000035-c0,35,0,generate_structures,executed,True,True,succeeded,,True,0.4997360408306122,recorded_diagnostic_scalar_NN,0.4997360408306122,0.6,True,False,False,False,,,[],[],False,74,,1,,
support-final-8f46b298f45606301f129592,uq_only_support_aware,Co-Mg-Na,3,support-final-8f46b298f45606301f129592:d0000036-c0,36,0,select_for_evaluation,executed,True,True,succeeded,,True,0.49974822998046875,recorded_diagnostic_scalar_NN,0.49974822998046875,0.6,True,False,False,False,,,[],[],False,74,74,1,,
support-final-d5b33bead70e71d6523996b6,uq_only_support_aware,Co-Mg-Na,4,support-final-d5b33bead70e71d6523996b6:d0000000-c0,0,0,generate_structures,executed,True,True,unavailable,"Current-policy transcoder fidelity gate failed at model.language_model.layers.13.mlp: FVU=0.519054114818573, defined=True.",False,0.4993034303188324,recorded_diagnostic_scalar_NN,,0.6,True,False,False,False,,,[],[],False,8,,1,,
support-final-d5b33bead70e71d6523996b6,uq_only_support_aware,Co-Mg-Na,4,support-final-d5b33bead70e71d6523996b6:d0000001-c0,1,0,select_for_evaluation,executed,True,True,succeeded,,True,0.5000146627426147,recorded_diagnostic_scalar_NN,0.5000146627426147,0.6,True,False,False,False,,,[],[],False,8,,1,The selected hash is not in this composition buffer.,
support-final-d5b33bead70e71d6523996b6,uq_only_support_aware,Co-Mg-Na,4,support-final-d5b33bead70e71d6523996b6:d0000002-c0,2,0,select_for_evaluation,executed,True,True,succeeded,,True,0.4998233914375305,recorded_diagnostic_scalar_NN,0.4998233914375305,0.6,True,False,False,False,,,[],[],False,8,,1,The selected hash is not in this composition buffer.,
support-final-d5b33bead70e71d6523996b6,uq_only_support_aware,Co-Mg-Na,4,support-final-d5b33bead70e71d6523996b6:d0000003-c0,3,0,select_for_evaluation,executed,True,True,succeeded,,True,0.4998343586921692,recorded_diagnostic_scalar_NN,0.4998343586921692,0.6,True,False,False,False,,,[],[],False,8,8,1,,
support-final-d5b33bead70e71d6523996b6,uq_only_support_aware,Co-Mg-Na,4,support-final-d5b33bead70e71d6523996b6:d0000004-c0,4,0,generate_structures,executed,True,True,succeeded,,True,0.49979183077812195,recorded_diagnostic_scalar_NN,0.49979183077812195,0.6,True,False,False,False,,,[],[],False,18,,1,,
support-final-d5b33bead70e71d6523996b6,uq_only_support_aware,Co-Mg-Na,4,support-final-d5b33bead70e71d6523996b6:d0000005-c0,5,0,generate_structures,executed,True,True,succeeded,,True,0.5000712275505066,recorded_diagnostic_scalar_NN,0.5000712275505066,0.6,True,False,False,False,,,[],[],False,18,,1,,
support-final-d5b33bead70e71d6523996b6,uq_only_support_aware,Co-Mg-Na,4,support-final-d5b33bead70e71d6523996b6:d0000006-c0,6,0,generate_structures,executed,True,True,succeeded,,True,0.5007726550102234,recorded_diagnostic_scalar_NN,0.5007726550102234,0.6,True,False,False,False,,,[],[],False,18,,1,,
support-final-d5b33bead70e71d6523996b6,uq_only_support_aware,Co-Mg-Na,4,support-final-d5b33bead70e71d6523996b6:d0000007-c0,7,0,,rejected_not_executed,False,False,unavailable,The exact emitted action JSON span is missing or ambiguous,False,,forced_generation_invalid_not_scalar_NN,,0.6,True,,False,True,generation_invalid,local_schema_validation,[],"[""expected_allowed_tool_and_arguments_object""]",True,,,,,
support-final-d5b33bead70e71d6523996b6,uq_only_support_aware,Co-Mg-Na,4,support-final-d5b33bead70e71d6523996b6:d0000007-c1,7,1,query_structures,executed,True,True,succeeded,,True,0.5010034441947937,recorded_diagnostic_scalar_NN,0.5010034441947937,0.6,True,False,False,False,,,[],[],False,18,,1,,"{""instruction"": ""Repair the JSON/tool/arguments schema. Return one allowed tool with only its documented arguments; do not invent results. Use only the existing retry and tool/query limits."", ""not_a_measured_scientific_result"": true, ""predicted_failure_type"": ""generation_invalid"", ""source"": ""current_candidate_predictions_or_visible_schema_issue"", ""suggested_legal_tool"": {""arguments"": {""composition"": ""Na2MgCo2"", ""k"": 5, ""mode"": ""all""}, ""tool"": ""query_structures""}}"
support-final-d5b33bead70e71d6523996b6,uq_only_support_aware,Co-Mg-Na,4,support-final-d5b33bead70e71d6523996b6:d0000008-c0,8,0,select_for_evaluation,executed,True,True,succeeded,,True,0.49962934851646423,recorded_diagnostic_scalar_NN,0.49962934851646423,0.6,True,False,False,False,,,[],[],False,18,18,1,,
support-final-d5b33bead70e71d6523996b6,uq_only_support_aware,Co-Mg-Na,4,support-final-d5b33bead70e71d6523996b6:d0000009-c0,9,0,generate_structures,executed,True,True,succeeded,,True,0.49968138337135315,recorded_diagnostic_scalar_NN,0.49968138337135315,0.6,True,False,False,False,,,[],[],False,22,,1,,
support-final-d5b33bead70e71d6523996b6,uq_only_support_aware,Co-Mg-Na,4,support-final-d5b33bead70e71d6523996b6:d0000010-c0,10,0,select_for_evaluation,executed,True,True,succeeded,,True,0.49979981780052185,recorded_diagnostic_scalar_NN,0.49979981780052185,0.6,True,False,False,False,,,[],[],False,22,22,1,,
support-final-d5b33bead70e71d6523996b6,uq_only_support_aware,Co-Mg-Na,4,support-final-d5b33bead70e71d6523996b6:d0000011-c0,11,0,select_for_evaluation,executed,True,True,succeeded,,True,0.49971306324005127,recorded_diagnostic_scalar_NN,0.49971306324005127,0.6,True,False,False,False,,,[],[],False,24,24,1,,
support-final-d5b33bead70e71d6523996b6,uq_only_support_aware,Co-Mg-Na,4,support-final-d5b33bead70e71d6523996b6:d0000012-c0,12,0,select_for_evaluation,executed,True,True,succeeded,,True,0.5008744597434998,recorded_diagnostic_scalar_NN,0.5008744597434998,0.6,True,False,False,False,,,[],[],False,26,26,1,,
support-final-d5b33bead70e71d6523996b6,uq_only_support_aware,Co-Mg-Na,4,support-final-d5b33bead70e71d6523996b6:d0000013-c0,13,0,select_for_evaluation,rejected_not_executed,True,False,succeeded,,True,0.5008308291435242,recorded_diagnostic_scalar_NN,0.5008308291435242,0.6,True,False,False,True,generation_invalid,local_schema_validation,[],"[""composition_required""]",True,,,,,
support-final-d5b33bead70e71d6523996b6,uq_only_support_aware,Co-Mg-Na,4,support-final-d5b33bead70e71d6523996b6:d0000013-c1,13,1,query_structures,executed,True,True,succeeded,,True,0.5007544159889221,recorded_diagnostic_scalar_NN,0.5007544159889221,0.6,True,False,False,False,,,[],[],False,32,,1,,"{""instruction"": ""Repair the JSON/tool/arguments schema. Return one allowed tool with only its documented arguments; do not invent results. Use only the existing retry and tool/query limits."", ""not_a_measured_scientific_result"": true, ""predicted_failure_type"": ""generation_invalid"", ""source"": ""current_candidate_predictions_or_visible_schema_issue"", ""suggested_legal_tool"": {""arguments"": {""composition"": ""Na2MgCo2"", ""k"": 5, ""mode"": ""all""}, ""tool"": ""query_structures""}}"
support-final-d5b33bead70e71d6523996b6,uq_only_support_aware,Co-Mg-Na,4,support-final-d5b33bead70e71d6523996b6:d0000014-c0,14,0,generate_structures,executed,True,True,succeeded,,True,0.5005173683166504,recorded_diagnostic_scalar_NN,0.5005173683166504,0.6,True,False,False,False,,,[],[],False,32,,1,,
support-final-d5b33bead70e71d6523996b6,uq_only_support_aware,Co-Mg-Na,4,support-final-d5b33bead70e71d6523996b6:d0000015-c0,15,0,select_for_evaluation,executed,True,True,succeeded,,True,0.4998610317707062,recorded_diagnostic_scalar_NN,0.4998610317707062,0.6,True,False,False,False,,,[],[],False,32,32,1,,
support-final-d5b33bead70e71d6523996b6,uq_only_support_aware,Co-Mg-Na,4,support-final-d5b33bead70e71d6523996b6:d0000016-c0,16,0,score_buffer,executed,True,True,succeeded,,True,0.4997877776622772,recorded_diagnostic_scalar_NN,0.4997877776622772,0.6,True,False,False,False,,,[],[],False,36,,1,,
support-final-d5b33bead70e71d6523996b6,uq_only_support_aware,Co-Mg-Na,4,support-final-d5b33bead70e71d6523996b6:d0000017-c0,17,0,select_for_evaluation,executed,True,True,succeeded,,True,0.4997374713420868,recorded_diagnostic_scalar_NN,0.4997374713420868,0.6,True,False,False,False,,,[],[],False,36,36,1,,
support-final-d5b33bead70e71d6523996b6,uq_only_support_aware,Co-Mg-Na,4,support-final-d5b33bead70e71d6523996b6:d0000018-c0,18,0,generate_structures,executed,True,True,succeeded,,True,0.49971145391464233,recorded_diagnostic_scalar_NN,0.49971145391464233,0.6,True,False,False,False,,,[],[],False,40,,1,,
support-final-d5b33bead70e71d6523996b6,uq_only_support_aware,Co-Mg-Na,4,support-final-d5b33bead70e71d6523996b6:d0000019-c0,19,0,select_for_evaluation,executed,True,True,succeeded,,True,0.4997892677783966,recorded_diagnostic_scalar_NN,0.4997892677783966,0.6,True,False,False,False,,,[],[],False,40,40,1,,
support-final-d5b33bead70e71d6523996b6,uq_only_support_aware,Co-Mg-Na,4,support-final-d5b33bead70e71d6523996b6:d0000020-c0,20,0,generate_structures,executed,True,True,succeeded,,True,0.4997504949569702,recorded_diagnostic_scalar_NN,0.4997504949569702,0.6,True,False,False,False,,,[],[],False,44,,1,,
support-final-d5b33bead70e71d6523996b6,uq_only_support_aware,Co-Mg-Na,4,support-final-d5b33bead70e71d6523996b6:d0000021-c0,21,0,select_for_evaluation,executed,True,True,succeeded,,True,0.49974584579467773,recorded_diagnostic_scalar_NN,0.49974584579467773,0.6,True,False,False,False,,,[],[],False,44,44,1,,
support-final-d5b33bead70e71d6523996b6,uq_only_support_aware,Co-Mg-Na,4,support-final-d5b33bead70e71d6523996b6:d0000022-c0,22,0,generate_structures,executed,True,True,succeeded,,True,0.49967995285987854,recorded_diagnostic_scalar_NN,0.49967995285987854,0.6,True,False,False,False,,,[],[],False,48,,1,,
support-final-d5b33bead70e71d6523996b6,uq_only_support_aware,Co-Mg-Na,4,support-final-d5b33bead70e71d6523996b6:d0000023-c0,23,0,select_for_evaluation,executed,True,True,succeeded,,True,0.49989160895347595,recorded_diagnostic_scalar_NN,0.49989160895347595,0.6,True,False,False,False,,,[],[],False,48,48,1,,
