job_id,arm,task_id,seed,sequence,decision_ids,proposal_count,chosen_index,first_trigger,first_trigger_source,generation_success,controller_schema_valid,graph_statuses,candidate_tools,controller_valid_indices,type_signals_used,ranking_rule,common_heads,selection_changed_from_first_controller_valid,chosen_decision_id,actual_next_candidate,second_feedback
component-final-32355a4d9bcc6137d52ada7b,baseline_reference,Al-Li-V,2,0,"[""component-final-32355a4d9bcc6137d52ada7b:d0000000-c0""]",1,0,,,[true],[null],[null],"[""generate_structures""]",[],,,,False,component-final-32355a4d9bcc6137d52ada7b:d0000000-c0,False,
component-final-32355a4d9bcc6137d52ada7b,baseline_reference,Al-Li-V,2,1,"[""component-final-32355a4d9bcc6137d52ada7b:d0000001-c0""]",1,0,,,[true],[null],[null],"[""select_for_evaluation""]",[],,,,False,component-final-32355a4d9bcc6137d52ada7b:d0000001-c0,False,
component-final-32355a4d9bcc6137d52ada7b,baseline_reference,Al-Li-V,2,2,"[""component-final-32355a4d9bcc6137d52ada7b:d0000002-c0""]",1,0,,,[true],[null],[null],"[""score_buffer""]",[],,,,False,component-final-32355a4d9bcc6137d52ada7b:d0000002-c0,False,
component-final-32355a4d9bcc6137d52ada7b,baseline_reference,Al-Li-V,2,3,"[""component-final-32355a4d9bcc6137d52ada7b:d0000003-c0""]",1,0,,,[true],[null],[null],"[""select_for_evaluation""]",[],,,,False,component-final-32355a4d9bcc6137d52ada7b:d0000003-c0,False,
component-final-32355a4d9bcc6137d52ada7b,baseline_reference,Al-Li-V,2,4,"[""component-final-32355a4d9bcc6137d52ada7b:d0000004-c0""]",1,0,,,[true],[null],[null],"[""select_for_evaluation""]",[],,,,False,component-final-32355a4d9bcc6137d52ada7b:d0000004-c0,False,
component-final-32355a4d9bcc6137d52ada7b,baseline_reference,Al-Li-V,2,5,"[""component-final-32355a4d9bcc6137d52ada7b:d0000005-c0""]",1,0,,,[true],[null],[null],"[""generate_structures""]",[],,,,False,component-final-32355a4d9bcc6137d52ada7b:d0000005-c0,False,
component-final-32355a4d9bcc6137d52ada7b,baseline_reference,Al-Li-V,2,6,"[""component-final-32355a4d9bcc6137d52ada7b:d0000006-c0""]",1,0,,,[true],[null],[null],"[""generate_structures""]",[],,,,False,component-final-32355a4d9bcc6137d52ada7b:d0000006-c0,False,
component-final-32355a4d9bcc6137d52ada7b,baseline_reference,Al-Li-V,2,7,"[""component-final-32355a4d9bcc6137d52ada7b:d0000007-c0""]",1,0,,,[true],[null],[null],"[""select_for_evaluation""]",[],,,,False,component-final-32355a4d9bcc6137d52ada7b:d0000007-c0,False,
component-final-32355a4d9bcc6137d52ada7b,baseline_reference,Al-Li-V,2,8,"[""component-final-32355a4d9bcc6137d52ada7b:d0000008-c0""]",1,0,,,[true],[null],[null],"[""score_buffer""]",[],,,,False,component-final-32355a4d9bcc6137d52ada7b:d0000008-c0,False,
component-final-32355a4d9bcc6137d52ada7b,baseline_reference,Al-Li-V,2,9,"[""component-final-32355a4d9bcc6137d52ada7b:d0000009-c0""]",1,0,,,[true],[null],[null],"[""select_for_evaluation""]",[],,,,False,component-final-32355a4d9bcc6137d52ada7b:d0000009-c0,False,
component-final-32355a4d9bcc6137d52ada7b,baseline_reference,Al-Li-V,2,10,"[""component-final-32355a4d9bcc6137d52ada7b:d0000010-c0""]",1,0,,,[true],[null],[null],"[""select_for_evaluation""]",[],,,,False,component-final-32355a4d9bcc6137d52ada7b:d0000010-c0,False,
component-final-32355a4d9bcc6137d52ada7b,baseline_reference,Al-Li-V,2,11,"[""component-final-32355a4d9bcc6137d52ada7b:d0000011-c0""]",1,0,,,[true],[null],[null],"[""generate_structures""]",[],,,,False,component-final-32355a4d9bcc6137d52ada7b:d0000011-c0,False,
component-final-32355a4d9bcc6137d52ada7b,baseline_reference,Al-Li-V,2,12,"[""component-final-32355a4d9bcc6137d52ada7b:d0000012-c0""]",1,0,,,[true],[null],[null],"[""select_for_evaluation""]",[],,,,False,component-final-32355a4d9bcc6137d52ada7b:d0000012-c0,False,
component-final-32355a4d9bcc6137d52ada7b,baseline_reference,Al-Li-V,2,13,"[""component-final-32355a4d9bcc6137d52ada7b:d0000013-c0""]",1,0,,,[true],[null],[null],"[""generate_structures""]",[],,,,False,component-final-32355a4d9bcc6137d52ada7b:d0000013-c0,False,
component-final-32355a4d9bcc6137d52ada7b,baseline_reference,Al-Li-V,2,14,"[""component-final-32355a4d9bcc6137d52ada7b:d0000014-c0""]",1,0,,,[true],[null],[null],"[""generate_structures""]",[],,,,False,component-final-32355a4d9bcc6137d52ada7b:d0000014-c0,False,
component-final-32355a4d9bcc6137d52ada7b,baseline_reference,Al-Li-V,2,15,"[""component-final-32355a4d9bcc6137d52ada7b:d0000015-c0""]",1,0,,,[true],[null],[null],"[""select_for_evaluation""]",[],,,,False,component-final-32355a4d9bcc6137d52ada7b:d0000015-c0,False,
component-final-32355a4d9bcc6137d52ada7b,baseline_reference,Al-Li-V,2,16,"[""component-final-32355a4d9bcc6137d52ada7b:d0000016-c0""]",1,0,,,[true],[null],[null],"[""generate_structures""]",[],,,,False,component-final-32355a4d9bcc6137d52ada7b:d0000016-c0,False,
component-final-32355a4d9bcc6137d52ada7b,baseline_reference,Al-Li-V,2,17,"[""component-final-32355a4d9bcc6137d52ada7b:d0000017-c0""]",1,0,,,[true],[null],[null],"[""score_buffer""]",[],,,,False,component-final-32355a4d9bcc6137d52ada7b:d0000017-c0,False,
component-final-32355a4d9bcc6137d52ada7b,baseline_reference,Al-Li-V,2,18,"[""component-final-32355a4d9bcc6137d52ada7b:d0000018-c0""]",1,0,,,[true],[null],[null],"[""select_for_evaluation""]",[],,,,False,component-final-32355a4d9bcc6137d52ada7b:d0000018-c0,False,
component-final-32355a4d9bcc6137d52ada7b,baseline_reference,Al-Li-V,2,19,"[""component-final-32355a4d9bcc6137d52ada7b:d0000019-c0""]",1,0,,,[true],[null],[null],"[""select_for_evaluation""]",[],,,,False,component-final-32355a4d9bcc6137d52ada7b:d0000019-c0,False,
component-final-32355a4d9bcc6137d52ada7b,baseline_reference,Al-Li-V,2,20,"[""component-final-32355a4d9bcc6137d52ada7b:d0000020-c0""]",1,0,,,[true],[null],[null],"[""select_for_evaluation""]",[],,,,False,component-final-32355a4d9bcc6137d52ada7b:d0000020-c0,False,
component-final-32355a4d9bcc6137d52ada7b,baseline_reference,Al-Li-V,2,21,"[""component-final-32355a4d9bcc6137d52ada7b:d0000021-c0""]",1,0,,,[true],[null],[null],"[""select_for_evaluation""]",[],,,,False,component-final-32355a4d9bcc6137d52ada7b:d0000021-c0,False,
component-final-32355a4d9bcc6137d52ada7b,baseline_reference,Al-Li-V,2,22,"[""component-final-32355a4d9bcc6137d52ada7b:d0000022-c0""]",1,0,,,[true],[null],[null],"[""score_buffer""]",[],,,,False,component-final-32355a4d9bcc6137d52ada7b:d0000022-c0,False,
component-final-32355a4d9bcc6137d52ada7b,baseline_reference,Al-Li-V,2,23,"[""component-final-32355a4d9bcc6137d52ada7b:d0000023-c0""]",1,0,,,[true],[null],[null],"[""select_for_evaluation""]",[],,,,False,component-final-32355a4d9bcc6137d52ada7b:d0000023-c0,False,
component-final-10ad51e80000935d29c71786,baseline_reference,Al-Li-V,3,0,"[""component-final-10ad51e80000935d29c71786:d0000000-c0""]",1,0,,,[true],[null],[null],"[""generate_structures""]",[],,,,False,component-final-10ad51e80000935d29c71786:d0000000-c0,False,
component-final-10ad51e80000935d29c71786,baseline_reference,Al-Li-V,3,1,"[""component-final-10ad51e80000935d29c71786:d0000001-c0""]",1,0,,,[true],[null],[null],"[""select_for_evaluation""]",[],,,,False,component-final-10ad51e80000935d29c71786:d0000001-c0,False,
component-final-10ad51e80000935d29c71786,baseline_reference,Al-Li-V,3,2,"[""component-final-10ad51e80000935d29c71786:d0000002-c0""]",1,0,,,[true],[null],[null],"[""generate_structures""]",[],,,,False,component-final-10ad51e80000935d29c71786:d0000002-c0,False,
component-final-10ad51e80000935d29c71786,baseline_reference,Al-Li-V,3,3,"[""component-final-10ad51e80000935d29c71786:d0000003-c0""]",1,0,,,[true],[null],[null],"[""generate_structures""]",[],,,,False,component-final-10ad51e80000935d29c71786:d0000003-c0,False,
component-final-10ad51e80000935d29c71786,baseline_reference,Al-Li-V,3,4,"[""component-final-10ad51e80000935d29c71786:d0000004-c0""]",1,0,,,[true],[null],[null],"[""select_for_evaluation""]",[],,,,False,component-final-10ad51e80000935d29c71786:d0000004-c0,False,
component-final-10ad51e80000935d29c71786,baseline_reference,Al-Li-V,3,5,"[""component-final-10ad51e80000935d29c71786:d0000005-c0""]",1,0,,,[true],[null],[null],"[""select_for_evaluation""]",[],,,,False,component-final-10ad51e80000935d29c71786:d0000005-c0,False,
component-final-10ad51e80000935d29c71786,baseline_reference,Al-Li-V,3,6,"[""component-final-10ad51e80000935d29c71786:d0000006-c0""]",1,0,,,[true],[null],[null],"[""select_for_evaluation""]",[],,,,False,component-final-10ad51e80000935d29c71786:d0000006-c0,False,
component-final-10ad51e80000935d29c71786,baseline_reference,Al-Li-V,3,7,"[""component-final-10ad51e80000935d29c71786:d0000007-c0""]",1,0,,,[true],[null],[null],"[""select_for_evaluation""]",[],,,,False,component-final-10ad51e80000935d29c71786:d0000007-c0,False,
component-final-10ad51e80000935d29c71786,baseline_reference,Al-Li-V,3,8,"[""component-final-10ad51e80000935d29c71786:d0000008-c0""]",1,0,,,[true],[null],[null],"[""generate_structures""]",[],,,,False,component-final-10ad51e80000935d29c71786:d0000008-c0,False,
component-final-10ad51e80000935d29c71786,baseline_reference,Al-Li-V,3,9,"[""component-final-10ad51e80000935d29c71786:d0000009-c0""]",1,0,,,[true],[null],[null],"[""select_for_evaluation""]",[],,,,False,component-final-10ad51e80000935d29c71786:d0000009-c0,False,
component-final-10ad51e80000935d29c71786,baseline_reference,Al-Li-V,3,10,"[""component-final-10ad51e80000935d29c71786:d0000010-c0""]",1,0,,,[true],[null],[null],"[""generate_structures""]",[],,,,False,component-final-10ad51e80000935d29c71786:d0000010-c0,False,
component-final-10ad51e80000935d29c71786,baseline_reference,Al-Li-V,3,11,"[""component-final-10ad51e80000935d29c71786:d0000011-c0""]",1,0,,,[true],[null],[null],"[""score_buffer""]",[],,,,False,component-final-10ad51e80000935d29c71786:d0000011-c0,False,
component-final-10ad51e80000935d29c71786,baseline_reference,Al-Li-V,3,12,"[""component-final-10ad51e80000935d29c71786:d0000012-c0""]",1,0,,,[true],[null],[null],"[""select_for_evaluation""]",[],,,,False,component-final-10ad51e80000935d29c71786:d0000012-c0,False,
component-final-10ad51e80000935d29c71786,baseline_reference,Al-Li-V,3,13,"[""component-final-10ad51e80000935d29c71786:d0000013-c0""]",1,0,,,[true],[null],[null],"[""select_for_evaluation""]",[],,,,False,component-final-10ad51e80000935d29c71786:d0000013-c0,False,
component-final-10ad51e80000935d29c71786,baseline_reference,Al-Li-V,3,14,"[""component-final-10ad51e80000935d29c71786:d0000014-c0""]",1,0,,,[true],[null],[null],"[""generate_structures""]",[],,,,False,component-final-10ad51e80000935d29c71786:d0000014-c0,False,
component-final-10ad51e80000935d29c71786,baseline_reference,Al-Li-V,3,15,"[""component-final-10ad51e80000935d29c71786:d0000015-c0""]",1,0,,,[true],[null],[null],"[""select_for_evaluation""]",[],,,,False,component-final-10ad51e80000935d29c71786:d0000015-c0,False,
component-final-10ad51e80000935d29c71786,baseline_reference,Al-Li-V,3,16,"[""component-final-10ad51e80000935d29c71786:d0000016-c0""]",1,0,,,[true],[null],[null],"[""generate_structures""]",[],,,,False,component-final-10ad51e80000935d29c71786:d0000016-c0,False,
component-final-10ad51e80000935d29c71786,baseline_reference,Al-Li-V,3,17,"[""component-final-10ad51e80000935d29c71786:d0000017-c0""]",1,0,,,[true],[null],[null],"[""select_for_evaluation""]",[],,,,False,component-final-10ad51e80000935d29c71786:d0000017-c0,False,
component-final-10ad51e80000935d29c71786,baseline_reference,Al-Li-V,3,18,"[""component-final-10ad51e80000935d29c71786:d0000018-c0""]",1,0,,,[true],[null],[null],"[""score_buffer""]",[],,,,False,component-final-10ad51e80000935d29c71786:d0000018-c0,False,
component-final-10ad51e80000935d29c71786,baseline_reference,Al-Li-V,3,19,"[""component-final-10ad51e80000935d29c71786:d0000019-c0""]",1,0,,,[true],[null],[null],"[""select_for_evaluation""]",[],,,,False,component-final-10ad51e80000935d29c71786:d0000019-c0,False,
component-final-10ad51e80000935d29c71786,baseline_reference,Al-Li-V,3,20,"[""component-final-10ad51e80000935d29c71786:d0000020-c0""]",1,0,,,[true],[null],[null],"[""score_buffer""]",[],,,,False,component-final-10ad51e80000935d29c71786:d0000020-c0,False,
component-final-10ad51e80000935d29c71786,baseline_reference,Al-Li-V,3,21,"[""component-final-10ad51e80000935d29c71786:d0000021-c0""]",1,0,,,[true],[null],[null],"[""select_for_evaluation""]",[],,,,False,component-final-10ad51e80000935d29c71786:d0000021-c0,False,
component-final-a51d66c7e21ca9788f45a008,baseline_reference,Al-Li-V,4,0,"[""component-final-a51d66c7e21ca9788f45a008:d0000000-c0""]",1,0,,,[true],[null],[null],"[""generate_structures""]",[],,,,False,component-final-a51d66c7e21ca9788f45a008:d0000000-c0,False,
component-final-a51d66c7e21ca9788f45a008,baseline_reference,Al-Li-V,4,1,"[""component-final-a51d66c7e21ca9788f45a008:d0000001-c0""]",1,0,,,[true],[null],[null],"[""select_for_evaluation""]",[],,,,False,component-final-a51d66c7e21ca9788f45a008:d0000001-c0,False,
component-final-a51d66c7e21ca9788f45a008,baseline_reference,Al-Li-V,4,2,"[""component-final-a51d66c7e21ca9788f45a008:d0000002-c0""]",1,0,,,[true],[null],[null],"[""select_for_evaluation""]",[],,,,False,component-final-a51d66c7e21ca9788f45a008:d0000002-c0,False,
component-final-a51d66c7e21ca9788f45a008,baseline_reference,Al-Li-V,4,3,"[""component-final-a51d66c7e21ca9788f45a008:d0000003-c0""]",1,0,,,[true],[null],[null],"[""select_for_evaluation""]",[],,,,False,component-final-a51d66c7e21ca9788f45a008:d0000003-c0,False,
component-final-a51d66c7e21ca9788f45a008,baseline_reference,Al-Li-V,4,4,"[""component-final-a51d66c7e21ca9788f45a008:d0000004-c0""]",1,0,,,[true],[null],[null],"[""select_for_evaluation""]",[],,,,False,component-final-a51d66c7e21ca9788f45a008:d0000004-c0,False,
component-final-a51d66c7e21ca9788f45a008,baseline_reference,Al-Li-V,4,5,"[""component-final-a51d66c7e21ca9788f45a008:d0000005-c0""]",1,0,,,[true],[null],[null],"[""select_for_evaluation""]",[],,,,False,component-final-a51d66c7e21ca9788f45a008:d0000005-c0,False,
component-final-a51d66c7e21ca9788f45a008,baseline_reference,Al-Li-V,4,6,"[""component-final-a51d66c7e21ca9788f45a008:d0000006-c0""]",1,0,,,[true],[null],[null],"[""generate_structures""]",[],,,,False,component-final-a51d66c7e21ca9788f45a008:d0000006-c0,False,
component-final-a51d66c7e21ca9788f45a008,baseline_reference,Al-Li-V,4,7,"[""component-final-a51d66c7e21ca9788f45a008:d0000007-c0""]",1,0,,,[true],[null],[null],"[""select_for_evaluation""]",[],,,,False,component-final-a51d66c7e21ca9788f45a008:d0000007-c0,False,
component-final-a51d66c7e21ca9788f45a008,baseline_reference,Al-Li-V,4,8,"[""component-final-a51d66c7e21ca9788f45a008:d0000008-c0""]",1,0,,,[true],[null],[null],"[""select_for_evaluation""]",[],,,,False,component-final-a51d66c7e21ca9788f45a008:d0000008-c0,False,
component-final-a51d66c7e21ca9788f45a008,baseline_reference,Al-Li-V,4,9,"[""component-final-a51d66c7e21ca9788f45a008:d0000009-c0""]",1,0,,,[true],[null],[null],"[""select_for_evaluation""]",[],,,,False,component-final-a51d66c7e21ca9788f45a008:d0000009-c0,False,
component-final-a51d66c7e21ca9788f45a008,baseline_reference,Al-Li-V,4,10,"[""component-final-a51d66c7e21ca9788f45a008:d0000010-c0""]",1,0,,,[true],[null],[null],"[""select_for_evaluation""]",[],,,,False,component-final-a51d66c7e21ca9788f45a008:d0000010-c0,False,
component-final-a51d66c7e21ca9788f45a008,baseline_reference,Al-Li-V,4,11,"[""component-final-a51d66c7e21ca9788f45a008:d0000011-c0""]",1,0,,,[true],[null],[null],"[""select_for_evaluation""]",[],,,,False,component-final-a51d66c7e21ca9788f45a008:d0000011-c0,False,
component-final-a51d66c7e21ca9788f45a008,baseline_reference,Al-Li-V,4,12,"[""component-final-a51d66c7e21ca9788f45a008:d0000012-c0""]",1,0,,,[true],[null],[null],"[""select_for_evaluation""]",[],,,,False,component-final-a51d66c7e21ca9788f45a008:d0000012-c0,False,
component-final-50555fb4776e15c94b4beec9,baseline_reference,Al-V-Zn,2,0,"[""component-final-50555fb4776e15c94b4beec9:d0000000-c0"", ""component-final-50555fb4776e15c94b4beec9:d0000000-c1""]",2,1,,,"[false, true]","[null, null]","[null, null]","[null, ""generate_structures""]",[],,,,False,component-final-50555fb4776e15c94b4beec9:d0000000-c1,True,
component-final-50555fb4776e15c94b4beec9,baseline_reference,Al-V-Zn,2,1,"[""component-final-50555fb4776e15c94b4beec9:d0000001-c0""]",1,0,,,[true],[null],[null],"[""select_for_evaluation""]",[],,,,False,component-final-50555fb4776e15c94b4beec9:d0000001-c0,False,
component-final-50555fb4776e15c94b4beec9,baseline_reference,Al-V-Zn,2,2,"[""component-final-50555fb4776e15c94b4beec9:d0000002-c0""]",1,0,,,[true],[null],[null],"[""score_buffer""]",[],,,,False,component-final-50555fb4776e15c94b4beec9:d0000002-c0,False,
component-final-50555fb4776e15c94b4beec9,baseline_reference,Al-V-Zn,2,3,"[""component-final-50555fb4776e15c94b4beec9:d0000003-c0""]",1,0,,,[true],[null],[null],"[""select_for_evaluation""]",[],,,,False,component-final-50555fb4776e15c94b4beec9:d0000003-c0,False,
component-final-50555fb4776e15c94b4beec9,baseline_reference,Al-V-Zn,2,4,"[""component-final-50555fb4776e15c94b4beec9:d0000004-c0""]",1,0,,,[true],[null],[null],"[""select_for_evaluation""]",[],,,,False,component-final-50555fb4776e15c94b4beec9:d0000004-c0,False,
component-final-50555fb4776e15c94b4beec9,baseline_reference,Al-V-Zn,2,5,"[""component-final-50555fb4776e15c94b4beec9:d0000005-c0""]",1,0,,,[true],[null],[null],"[""generate_structures""]",[],,,,False,component-final-50555fb4776e15c94b4beec9:d0000005-c0,False,
component-final-50555fb4776e15c94b4beec9,baseline_reference,Al-V-Zn,2,6,"[""component-final-50555fb4776e15c94b4beec9:d0000006-c0""]",1,0,,,[true],[null],[null],"[""generate_structures""]",[],,,,False,component-final-50555fb4776e15c94b4beec9:d0000006-c0,False,
component-final-50555fb4776e15c94b4beec9,baseline_reference,Al-V-Zn,2,7,"[""component-final-50555fb4776e15c94b4beec9:d0000007-c0""]",1,0,,,[true],[null],[null],"[""select_for_evaluation""]",[],,,,False,component-final-50555fb4776e15c94b4beec9:d0000007-c0,False,
component-final-50555fb4776e15c94b4beec9,baseline_reference,Al-V-Zn,2,8,"[""component-final-50555fb4776e15c94b4beec9:d0000008-c0""]",1,0,,,[true],[null],[null],"[""select_for_evaluation""]",[],,,,False,component-final-50555fb4776e15c94b4beec9:d0000008-c0,False,
component-final-50555fb4776e15c94b4beec9,baseline_reference,Al-V-Zn,2,9,"[""component-final-50555fb4776e15c94b4beec9:d0000009-c0""]",1,0,,,[true],[null],[null],"[""score_buffer""]",[],,,,False,component-final-50555fb4776e15c94b4beec9:d0000009-c0,False,
component-final-50555fb4776e15c94b4beec9,baseline_reference,Al-V-Zn,2,10,"[""component-final-50555fb4776e15c94b4beec9:d0000010-c0""]",1,0,,,[true],[null],[null],"[""select_for_evaluation""]",[],,,,False,component-final-50555fb4776e15c94b4beec9:d0000010-c0,False,
component-final-50555fb4776e15c94b4beec9,baseline_reference,Al-V-Zn,2,11,"[""component-final-50555fb4776e15c94b4beec9:d0000011-c0""]",1,0,,,[true],[null],[null],"[""generate_structures""]",[],,,,False,component-final-50555fb4776e15c94b4beec9:d0000011-c0,False,
component-final-50555fb4776e15c94b4beec9,baseline_reference,Al-V-Zn,2,12,"[""component-final-50555fb4776e15c94b4beec9:d0000012-c0""]",1,0,,,[true],[null],[null],"[""select_for_evaluation""]",[],,,,False,component-final-50555fb4776e15c94b4beec9:d0000012-c0,False,
component-final-50555fb4776e15c94b4beec9,baseline_reference,Al-V-Zn,2,13,"[""component-final-50555fb4776e15c94b4beec9:d0000013-c0""]",1,0,,,[true],[null],[null],"[""generate_structures""]",[],,,,False,component-final-50555fb4776e15c94b4beec9:d0000013-c0,False,
component-final-50555fb4776e15c94b4beec9,baseline_reference,Al-V-Zn,2,14,"[""component-final-50555fb4776e15c94b4beec9:d0000014-c0""]",1,0,,,[true],[null],[null],"[""select_for_evaluation""]",[],,,,False,component-final-50555fb4776e15c94b4beec9:d0000014-c0,False,
component-final-50555fb4776e15c94b4beec9,baseline_reference,Al-V-Zn,2,15,"[""component-final-50555fb4776e15c94b4beec9:d0000015-c0""]",1,0,,,[true],[null],[null],"[""select_for_evaluation""]",[],,,,False,component-final-50555fb4776e15c94b4beec9:d0000015-c0,False,
component-final-50555fb4776e15c94b4beec9,baseline_reference,Al-V-Zn,2,16,"[""component-final-50555fb4776e15c94b4beec9:d0000016-c0""]",1,0,,,[true],[null],[null],"[""select_for_evaluation""]",[],,,,False,component-final-50555fb4776e15c94b4beec9:d0000016-c0,False,
component-final-50555fb4776e15c94b4beec9,baseline_reference,Al-V-Zn,2,17,"[""component-final-50555fb4776e15c94b4beec9:d0000017-c0""]",1,0,,,[true],[null],[null],"[""generate_structures""]",[],,,,False,component-final-50555fb4776e15c94b4beec9:d0000017-c0,False,
component-final-50555fb4776e15c94b4beec9,baseline_reference,Al-V-Zn,2,18,"[""component-final-50555fb4776e15c94b4beec9:d0000018-c0""]",1,0,,,[true],[null],[null],"[""select_for_evaluation""]",[],,,,False,component-final-50555fb4776e15c94b4beec9:d0000018-c0,False,
component-final-52aa59f42080e58cda2f64b0,baseline_reference,Al-V-Zn,3,0,"[""component-final-52aa59f42080e58cda2f64b0:d0000000-c0"", ""component-final-52aa59f42080e58cda2f64b0:d0000000-c1""]",2,1,,,"[false, true]","[null, null]","[null, null]","[null, ""list_compositions""]",[],,,,False,component-final-52aa59f42080e58cda2f64b0:d0000000-c1,True,
component-final-52aa59f42080e58cda2f64b0,baseline_reference,Al-V-Zn,3,1,"[""component-final-52aa59f42080e58cda2f64b0:d0000001-c0""]",1,0,,,[true],[null],[null],"[""generate_structures""]",[],,,,False,component-final-52aa59f42080e58cda2f64b0:d0000001-c0,False,
component-final-52aa59f42080e58cda2f64b0,baseline_reference,Al-V-Zn,3,2,"[""component-final-52aa59f42080e58cda2f64b0:d0000002-c0""]",1,0,,,[true],[null],[null],"[""select_for_evaluation""]",[],,,,False,component-final-52aa59f42080e58cda2f64b0:d0000002-c0,False,
component-final-52aa59f42080e58cda2f64b0,baseline_reference,Al-V-Zn,3,3,"[""component-final-52aa59f42080e58cda2f64b0:d0000003-c0""]",1,0,,,[true],[null],[null],"[""generate_structures""]",[],,,,False,component-final-52aa59f42080e58cda2f64b0:d0000003-c0,False,
component-final-52aa59f42080e58cda2f64b0,baseline_reference,Al-V-Zn,3,4,"[""component-final-52aa59f42080e58cda2f64b0:d0000004-c0""]",1,0,,,[true],[null],[null],"[""select_for_evaluation""]",[],,,,False,component-final-52aa59f42080e58cda2f64b0:d0000004-c0,False,
component-final-52aa59f42080e58cda2f64b0,baseline_reference,Al-V-Zn,3,5,"[""component-final-52aa59f42080e58cda2f64b0:d0000005-c0""]",1,0,,,[true],[null],[null],"[""select_for_evaluation""]",[],,,,False,component-final-52aa59f42080e58cda2f64b0:d0000005-c0,False,
component-final-52aa59f42080e58cda2f64b0,baseline_reference,Al-V-Zn,3,6,"[""component-final-52aa59f42080e58cda2f64b0:d0000006-c0""]",1,0,,,[true],[null],[null],"[""generate_structures""]",[],,,,False,component-final-52aa59f42080e58cda2f64b0:d0000006-c0,False,
component-final-52aa59f42080e58cda2f64b0,baseline_reference,Al-V-Zn,3,7,"[""component-final-52aa59f42080e58cda2f64b0:d0000007-c0""]",1,0,,,[true],[null],[null],"[""generate_structures""]",[],,,,False,component-final-52aa59f42080e58cda2f64b0:d0000007-c0,False,
component-final-52aa59f42080e58cda2f64b0,baseline_reference,Al-V-Zn,3,8,"[""component-final-52aa59f42080e58cda2f64b0:d0000008-c0""]",1,0,,,[true],[null],[null],"[""select_for_evaluation""]",[],,,,False,component-final-52aa59f42080e58cda2f64b0:d0000008-c0,False,
component-final-52aa59f42080e58cda2f64b0,baseline_reference,Al-V-Zn,3,9,"[""component-final-52aa59f42080e58cda2f64b0:d0000009-c0""]",1,0,,,[true],[null],[null],"[""select_for_evaluation""]",[],,,,False,component-final-52aa59f42080e58cda2f64b0:d0000009-c0,False,
component-final-52aa59f42080e58cda2f64b0,baseline_reference,Al-V-Zn,3,10,"[""component-final-52aa59f42080e58cda2f64b0:d0000010-c0""]",1,0,,,[true],[null],[null],"[""generate_structures""]",[],,,,False,component-final-52aa59f42080e58cda2f64b0:d0000010-c0,False,
component-final-52aa59f42080e58cda2f64b0,baseline_reference,Al-V-Zn,3,11,"[""component-final-52aa59f42080e58cda2f64b0:d0000011-c0""]",1,0,,,[true],[null],[null],"[""select_for_evaluation""]",[],,,,False,component-final-52aa59f42080e58cda2f64b0:d0000011-c0,False,
component-final-52aa59f42080e58cda2f64b0,baseline_reference,Al-V-Zn,3,12,"[""component-final-52aa59f42080e58cda2f64b0:d0000012-c0"", ""component-final-52aa59f42080e58cda2f64b0:d0000012-c1""]",2,1,,,"[false, true]","[null, null]","[null, null]","[null, ""select_for_evaluation""]",[],,,,False,component-final-52aa59f42080e58cda2f64b0:d0000012-c1,True,
component-final-52aa59f42080e58cda2f64b0,baseline_reference,Al-V-Zn,3,13,"[""component-final-52aa59f42080e58cda2f64b0:d0000013-c0""]",1,0,,,[true],[null],[null],"[""select_for_evaluation""]",[],,,,False,component-final-52aa59f42080e58cda2f64b0:d0000013-c0,False,
component-final-52aa59f42080e58cda2f64b0,baseline_reference,Al-V-Zn,3,14,"[""component-final-52aa59f42080e58cda2f64b0:d0000014-c0""]",1,0,,,[true],[null],[null],"[""select_for_evaluation""]",[],,,,False,component-final-52aa59f42080e58cda2f64b0:d0000014-c0,False,
component-final-52aa59f42080e58cda2f64b0,baseline_reference,Al-V-Zn,3,15,"[""component-final-52aa59f42080e58cda2f64b0:d0000015-c0""]",1,0,,,[true],[null],[null],"[""select_for_evaluation""]",[],,,,False,component-final-52aa59f42080e58cda2f64b0:d0000015-c0,False,
component-final-52aa59f42080e58cda2f64b0,baseline_reference,Al-V-Zn,3,16,"[""component-final-52aa59f42080e58cda2f64b0:d0000016-c0""]",1,0,,,[true],[null],[null],"[""generate_structures""]",[],,,,False,component-final-52aa59f42080e58cda2f64b0:d0000016-c0,False,
component-final-52aa59f42080e58cda2f64b0,baseline_reference,Al-V-Zn,3,17,"[""component-final-52aa59f42080e58cda2f64b0:d0000017-c0""]",1,0,,,[true],[null],[null],"[""select_for_evaluation""]",[],,,,False,component-final-52aa59f42080e58cda2f64b0:d0000017-c0,False,
component-final-52aa59f42080e58cda2f64b0,baseline_reference,Al-V-Zn,3,18,"[""component-final-52aa59f42080e58cda2f64b0:d0000018-c0""]",1,0,,,[true],[null],[null],"[""score_buffer""]",[],,,,False,component-final-52aa59f42080e58cda2f64b0:d0000018-c0,False,
component-final-52aa59f42080e58cda2f64b0,baseline_reference,Al-V-Zn,3,19,"[""component-final-52aa59f42080e58cda2f64b0:d0000019-c0""]",1,0,,,[true],[null],[null],"[""generate_structures""]",[],,,,False,component-final-52aa59f42080e58cda2f64b0:d0000019-c0,False,
component-final-52aa59f42080e58cda2f64b0,baseline_reference,Al-V-Zn,3,20,"[""component-final-52aa59f42080e58cda2f64b0:d0000020-c0""]",1,0,,,[true],[null],[null],"[""select_for_evaluation""]",[],,,,False,component-final-52aa59f42080e58cda2f64b0:d0000020-c0,False,
component-final-70adf56898316f73ea4720ab,baseline_reference,Al-V-Zn,4,0,"[""component-final-70adf56898316f73ea4720ab:d0000000-c0""]",1,0,,,[true],[null],[null],"[""generate_structures""]",[],,,,False,component-final-70adf56898316f73ea4720ab:d0000000-c0,False,
component-final-70adf56898316f73ea4720ab,baseline_reference,Al-V-Zn,4,1,"[""component-final-70adf56898316f73ea4720ab:d0000001-c0""]",1,0,,,[true],[null],[null],"[""select_for_evaluation""]",[],,,,False,component-final-70adf56898316f73ea4720ab:d0000001-c0,False,
component-final-70adf56898316f73ea4720ab,baseline_reference,Al-V-Zn,4,2,"[""component-final-70adf56898316f73ea4720ab:d0000002-c0""]",1,0,,,[true],[null],[null],"[""generate_structures""]",[],,,,False,component-final-70adf56898316f73ea4720ab:d0000002-c0,False,
component-final-70adf56898316f73ea4720ab,baseline_reference,Al-V-Zn,4,3,"[""component-final-70adf56898316f73ea4720ab:d0000003-c0""]",1,0,,,[true],[null],[null],"[""select_for_evaluation""]",[],,,,False,component-final-70adf56898316f73ea4720ab:d0000003-c0,False,
component-final-70adf56898316f73ea4720ab,baseline_reference,Al-V-Zn,4,4,"[""component-final-70adf56898316f73ea4720ab:d0000004-c0""]",1,0,,,[true],[null],[null],"[""generate_structures""]",[],,,,False,component-final-70adf56898316f73ea4720ab:d0000004-c0,False,
component-final-70adf56898316f73ea4720ab,baseline_reference,Al-V-Zn,4,5,"[""component-final-70adf56898316f73ea4720ab:d0000005-c0""]",1,0,,,[true],[null],[null],"[""select_for_evaluation""]",[],,,,False,component-final-70adf56898316f73ea4720ab:d0000005-c0,False,
component-final-70adf56898316f73ea4720ab,baseline_reference,Al-V-Zn,4,6,"[""component-final-70adf56898316f73ea4720ab:d0000006-c0""]",1,0,,,[true],[null],[null],"[""generate_structures""]",[],,,,False,component-final-70adf56898316f73ea4720ab:d0000006-c0,False,
component-final-70adf56898316f73ea4720ab,baseline_reference,Al-V-Zn,4,7,"[""component-final-70adf56898316f73ea4720ab:d0000007-c0""]",1,0,,,[true],[null],[null],"[""select_for_evaluation""]",[],,,,False,component-final-70adf56898316f73ea4720ab:d0000007-c0,False,
component-final-70adf56898316f73ea4720ab,baseline_reference,Al-V-Zn,4,8,"[""component-final-70adf56898316f73ea4720ab:d0000008-c0""]",1,0,,,[true],[null],[null],"[""select_for_evaluation""]",[],,,,False,component-final-70adf56898316f73ea4720ab:d0000008-c0,False,
component-final-70adf56898316f73ea4720ab,baseline_reference,Al-V-Zn,4,9,"[""component-final-70adf56898316f73ea4720ab:d0000009-c0""]",1,0,,,[true],[null],[null],"[""select_for_evaluation""]",[],,,,False,component-final-70adf56898316f73ea4720ab:d0000009-c0,False,
component-final-70adf56898316f73ea4720ab,baseline_reference,Al-V-Zn,4,10,"[""component-final-70adf56898316f73ea4720ab:d0000010-c0""]",1,0,,,[true],[null],[null],"[""select_for_evaluation""]",[],,,,False,component-final-70adf56898316f73ea4720ab:d0000010-c0,False,
component-final-70adf56898316f73ea4720ab,baseline_reference,Al-V-Zn,4,11,"[""component-final-70adf56898316f73ea4720ab:d0000011-c0""]",1,0,,,[true],[null],[null],"[""select_for_evaluation""]",[],,,,False,component-final-70adf56898316f73ea4720ab:d0000011-c0,False,
component-final-70adf56898316f73ea4720ab,baseline_reference,Al-V-Zn,4,12,"[""component-final-70adf56898316f73ea4720ab:d0000012-c0""]",1,0,,,[true],[null],[null],"[""select_for_evaluation""]",[],,,,False,component-final-70adf56898316f73ea4720ab:d0000012-c0,False,
component-final-70adf56898316f73ea4720ab,baseline_reference,Al-V-Zn,4,13,"[""component-final-70adf56898316f73ea4720ab:d0000013-c0""]",1,0,,,[true],[null],[null],"[""select_for_evaluation""]",[],,,,False,component-final-70adf56898316f73ea4720ab:d0000013-c0,False,
component-final-70adf56898316f73ea4720ab,baseline_reference,Al-V-Zn,4,14,"[""component-final-70adf56898316f73ea4720ab:d0000014-c0""]",1,0,,,[true],[null],[null],"[""generate_structures""]",[],,,,False,component-final-70adf56898316f73ea4720ab:d0000014-c0,False,
component-final-70adf56898316f73ea4720ab,baseline_reference,Al-V-Zn,4,15,"[""component-final-70adf56898316f73ea4720ab:d0000015-c0""]",1,0,,,[true],[null],[null],"[""select_for_evaluation""]",[],,,,False,component-final-70adf56898316f73ea4720ab:d0000015-c0,False,
component-final-829f81d1c8b6dff9869aa711,baseline_reference,Au-K-Tb,2,0,"[""component-final-829f81d1c8b6dff9869aa711:d0000000-c0""]",1,0,,,[true],[null],[null],"[""generate_structures""]",[],,,,False,component-final-829f81d1c8b6dff9869aa711:d0000000-c0,False,
component-final-829f81d1c8b6dff9869aa711,baseline_reference,Au-K-Tb,2,1,"[""component-final-829f81d1c8b6dff9869aa711:d0000001-c0""]",1,0,,,[true],[null],[null],"[""select_for_evaluation""]",[],,,,False,component-final-829f81d1c8b6dff9869aa711:d0000001-c0,False,
component-final-829f81d1c8b6dff9869aa711,baseline_reference,Au-K-Tb,2,2,"[""component-final-829f81d1c8b6dff9869aa711:d0000002-c0""]",1,0,,,[true],[null],[null],"[""score_buffer""]",[],,,,False,component-final-829f81d1c8b6dff9869aa711:d0000002-c0,False,
component-final-829f81d1c8b6dff9869aa711,baseline_reference,Au-K-Tb,2,3,"[""component-final-829f81d1c8b6dff9869aa711:d0000003-c0""]",1,0,,,[true],[null],[null],"[""select_for_evaluation""]",[],,,,False,component-final-829f81d1c8b6dff9869aa711:d0000003-c0,False,
component-final-829f81d1c8b6dff9869aa711,baseline_reference,Au-K-Tb,2,4,"[""component-final-829f81d1c8b6dff9869aa711:d0000004-c0""]",1,0,,,[true],[null],[null],"[""select_for_evaluation""]",[],,,,False,component-final-829f81d1c8b6dff9869aa711:d0000004-c0,False,
component-final-829f81d1c8b6dff9869aa711,baseline_reference,Au-K-Tb,2,5,"[""component-final-829f81d1c8b6dff9869aa711:d0000005-c0""]",1,0,,,[true],[null],[null],"[""select_for_evaluation""]",[],,,,False,component-final-829f81d1c8b6dff9869aa711:d0000005-c0,False,
component-final-829f81d1c8b6dff9869aa711,baseline_reference,Au-K-Tb,2,6,"[""component-final-829f81d1c8b6dff9869aa711:d0000006-c0""]",1,0,,,[true],[null],[null],"[""generate_structures""]",[],,,,False,component-final-829f81d1c8b6dff9869aa711:d0000006-c0,False,
component-final-829f81d1c8b6dff9869aa711,baseline_reference,Au-K-Tb,2,7,"[""component-final-829f81d1c8b6dff9869aa711:d0000007-c0""]",1,0,,,[true],[null],[null],"[""select_for_evaluation""]",[],,,,False,component-final-829f81d1c8b6dff9869aa711:d0000007-c0,False,
component-final-829f81d1c8b6dff9869aa711,baseline_reference,Au-K-Tb,2,8,"[""component-final-829f81d1c8b6dff9869aa711:d0000008-c0""]",1,0,,,[true],[null],[null],"[""score_buffer""]",[],,,,False,component-final-829f81d1c8b6dff9869aa711:d0000008-c0,False,
component-final-829f81d1c8b6dff9869aa711,baseline_reference,Au-K-Tb,2,9,"[""component-final-829f81d1c8b6dff9869aa711:d0000009-c0""]",1,0,,,[true],[null],[null],"[""select_for_evaluation""]",[],,,,False,component-final-829f81d1c8b6dff9869aa711:d0000009-c0,False,
component-final-829f81d1c8b6dff9869aa711,baseline_reference,Au-K-Tb,2,10,"[""component-final-829f81d1c8b6dff9869aa711:d0000010-c0""]",1,0,,,[true],[null],[null],"[""select_for_evaluation""]",[],,,,False,component-final-829f81d1c8b6dff9869aa711:d0000010-c0,False,
component-final-829f81d1c8b6dff9869aa711,baseline_reference,Au-K-Tb,2,11,"[""component-final-829f81d1c8b6dff9869aa711:d0000011-c0""]",1,0,,,[true],[null],[null],"[""generate_structures""]",[],,,,False,component-final-829f81d1c8b6dff9869aa711:d0000011-c0,False,
component-final-829f81d1c8b6dff9869aa711,baseline_reference,Au-K-Tb,2,12,"[""component-final-829f81d1c8b6dff9869aa711:d0000012-c0""]",1,0,,,[true],[null],[null],"[""select_for_evaluation""]",[],,,,False,component-final-829f81d1c8b6dff9869aa711:d0000012-c0,False,
component-final-829f81d1c8b6dff9869aa711,baseline_reference,Au-K-Tb,2,13,"[""component-final-829f81d1c8b6dff9869aa711:d0000013-c0""]",1,0,,,[true],[null],[null],"[""select_for_evaluation""]",[],,,,False,component-final-829f81d1c8b6dff9869aa711:d0000013-c0,False,
component-final-829f81d1c8b6dff9869aa711,baseline_reference,Au-K-Tb,2,14,"[""component-final-829f81d1c8b6dff9869aa711:d0000014-c0"", ""component-final-829f81d1c8b6dff9869aa711:d0000014-c1""]",2,1,,,"[false, true]","[null, null]","[null, null]","[null, ""score_buffer""]",[],,,,False,component-final-829f81d1c8b6dff9869aa711:d0000014-c1,True,
component-final-829f81d1c8b6dff9869aa711,baseline_reference,Au-K-Tb,2,15,"[""component-final-829f81d1c8b6dff9869aa711:d0000015-c0""]",1,0,,,[true],[null],[null],"[""select_for_evaluation""]",[],,,,False,component-final-829f81d1c8b6dff9869aa711:d0000015-c0,False,
component-final-829f81d1c8b6dff9869aa711,baseline_reference,Au-K-Tb,2,16,"[""component-final-829f81d1c8b6dff9869aa711:d0000016-c0""]",1,0,,,[true],[null],[null],"[""select_for_evaluation""]",[],,,,False,component-final-829f81d1c8b6dff9869aa711:d0000016-c0,False,
component-final-57ec2ac8f1ba4127bcccc073,baseline_reference,Au-K-Tb,3,0,"[""component-final-57ec2ac8f1ba4127bcccc073:d0000000-c0""]",1,0,,,[true],[null],[null],"[""generate_structures""]",[],,,,False,component-final-57ec2ac8f1ba4127bcccc073:d0000000-c0,False,
component-final-57ec2ac8f1ba4127bcccc073,baseline_reference,Au-K-Tb,3,1,"[""component-final-57ec2ac8f1ba4127bcccc073:d0000001-c0""]",1,0,,,[true],[null],[null],"[""select_for_evaluation""]",[],,,,False,component-final-57ec2ac8f1ba4127bcccc073:d0000001-c0,False,
component-final-57ec2ac8f1ba4127bcccc073,baseline_reference,Au-K-Tb,3,2,"[""component-final-57ec2ac8f1ba4127bcccc073:d0000002-c0""]",1,0,,,[true],[null],[null],"[""generate_structures""]",[],,,,False,component-final-57ec2ac8f1ba4127bcccc073:d0000002-c0,False,
component-final-57ec2ac8f1ba4127bcccc073,baseline_reference,Au-K-Tb,3,3,"[""component-final-57ec2ac8f1ba4127bcccc073:d0000003-c0""]",1,0,,,[true],[null],[null],"[""generate_structures""]",[],,,,False,component-final-57ec2ac8f1ba4127bcccc073:d0000003-c0,False,
component-final-57ec2ac8f1ba4127bcccc073,baseline_reference,Au-K-Tb,3,4,"[""component-final-57ec2ac8f1ba4127bcccc073:d0000004-c0""]",1,0,,,[true],[null],[null],"[""select_for_evaluation""]",[],,,,False,component-final-57ec2ac8f1ba4127bcccc073:d0000004-c0,False,
component-final-57ec2ac8f1ba4127bcccc073,baseline_reference,Au-K-Tb,3,5,"[""component-final-57ec2ac8f1ba4127bcccc073:d0000005-c0""]",1,0,,,[true],[null],[null],"[""select_for_evaluation""]",[],,,,False,component-final-57ec2ac8f1ba4127bcccc073:d0000005-c0,False,
component-final-57ec2ac8f1ba4127bcccc073,baseline_reference,Au-K-Tb,3,6,"[""component-final-57ec2ac8f1ba4127bcccc073:d0000006-c0""]",1,0,,,[true],[null],[null],"[""select_for_evaluation""]",[],,,,False,component-final-57ec2ac8f1ba4127bcccc073:d0000006-c0,False,
component-final-57ec2ac8f1ba4127bcccc073,baseline_reference,Au-K-Tb,3,7,"[""component-final-57ec2ac8f1ba4127bcccc073:d0000007-c0""]",1,0,,,[true],[null],[null],"[""generate_structures""]",[],,,,False,component-final-57ec2ac8f1ba4127bcccc073:d0000007-c0,False,
component-final-57ec2ac8f1ba4127bcccc073,baseline_reference,Au-K-Tb,3,8,"[""component-final-57ec2ac8f1ba4127bcccc073:d0000008-c0""]",1,0,,,[true],[null],[null],"[""generate_structures""]",[],,,,False,component-final-57ec2ac8f1ba4127bcccc073:d0000008-c0,False,
component-final-57ec2ac8f1ba4127bcccc073,baseline_reference,Au-K-Tb,3,9,"[""component-final-57ec2ac8f1ba4127bcccc073:d0000009-c0""]",1,0,,,[true],[null],[null],"[""generate_structures""]",[],,,,False,component-final-57ec2ac8f1ba4127bcccc073:d0000009-c0,False,
component-final-57ec2ac8f1ba4127bcccc073,baseline_reference,Au-K-Tb,3,10,"[""component-final-57ec2ac8f1ba4127bcccc073:d0000010-c0""]",1,0,,,[true],[null],[null],"[""generate_structures""]",[],,,,False,component-final-57ec2ac8f1ba4127bcccc073:d0000010-c0,False,
component-final-57ec2ac8f1ba4127bcccc073,baseline_reference,Au-K-Tb,3,11,"[""component-final-57ec2ac8f1ba4127bcccc073:d0000011-c0""]",1,0,,,[true],[null],[null],"[""score_buffer""]",[],,,,False,component-final-57ec2ac8f1ba4127bcccc073:d0000011-c0,False,
component-final-57ec2ac8f1ba4127bcccc073,baseline_reference,Au-K-Tb,3,12,"[""component-final-57ec2ac8f1ba4127bcccc073:d0000012-c0""]",1,0,,,[true],[null],[null],"[""select_for_evaluation""]",[],,,,False,component-final-57ec2ac8f1ba4127bcccc073:d0000012-c0,False,
component-final-57ec2ac8f1ba4127bcccc073,baseline_reference,Au-K-Tb,3,13,"[""component-final-57ec2ac8f1ba4127bcccc073:d0000013-c0""]",1,0,,,[true],[null],[null],"[""select_for_evaluation""]",[],,,,False,component-final-57ec2ac8f1ba4127bcccc073:d0000013-c0,False,
component-final-57ec2ac8f1ba4127bcccc073,baseline_reference,Au-K-Tb,3,14,"[""component-final-57ec2ac8f1ba4127bcccc073:d0000014-c0""]",1,0,,,[true],[null],[null],"[""generate_structures""]",[],,,,False,component-final-57ec2ac8f1ba4127bcccc073:d0000014-c0,False,
component-final-57ec2ac8f1ba4127bcccc073,baseline_reference,Au-K-Tb,3,15,"[""component-final-57ec2ac8f1ba4127bcccc073:d0000015-c0""]",1,0,,,[true],[null],[null],"[""select_for_evaluation""]",[],,,,False,component-final-57ec2ac8f1ba4127bcccc073:d0000015-c0,False,
component-final-57ec2ac8f1ba4127bcccc073,baseline_reference,Au-K-Tb,3,16,"[""component-final-57ec2ac8f1ba4127bcccc073:d0000016-c0""]",1,0,,,[true],[null],[null],"[""generate_structures""]",[],,,,False,component-final-57ec2ac8f1ba4127bcccc073:d0000016-c0,False,
component-final-57ec2ac8f1ba4127bcccc073,baseline_reference,Au-K-Tb,3,17,"[""component-final-57ec2ac8f1ba4127bcccc073:d0000017-c0""]",1,0,,,[true],[null],[null],"[""select_for_evaluation""]",[],,,,False,component-final-57ec2ac8f1ba4127bcccc073:d0000017-c0,False,
component-final-57ec2ac8f1ba4127bcccc073,baseline_reference,Au-K-Tb,3,18,"[""component-final-57ec2ac8f1ba4127bcccc073:d0000018-c0""]",1,0,,,[true],[null],[null],"[""score_buffer""]",[],,,,False,component-final-57ec2ac8f1ba4127bcccc073:d0000018-c0,False,
component-final-57ec2ac8f1ba4127bcccc073,baseline_reference,Au-K-Tb,3,19,"[""component-final-57ec2ac8f1ba4127bcccc073:d0000019-c0""]",1,0,,,[true],[null],[null],"[""select_for_evaluation""]",[],,,,False,component-final-57ec2ac8f1ba4127bcccc073:d0000019-c0,False,
component-final-57ec2ac8f1ba4127bcccc073,baseline_reference,Au-K-Tb,3,20,"[""component-final-57ec2ac8f1ba4127bcccc073:d0000020-c0""]",1,0,,,[true],[null],[null],"[""score_buffer""]",[],,,,False,component-final-57ec2ac8f1ba4127bcccc073:d0000020-c0,False,
component-final-57ec2ac8f1ba4127bcccc073,baseline_reference,Au-K-Tb,3,21,"[""component-final-57ec2ac8f1ba4127bcccc073:d0000021-c0""]",1,0,,,[true],[null],[null],"[""select_for_evaluation""]",[],,,,False,component-final-57ec2ac8f1ba4127bcccc073:d0000021-c0,False,
component-final-57ec2ac8f1ba4127bcccc073,baseline_reference,Au-K-Tb,3,22,"[""component-final-57ec2ac8f1ba4127bcccc073:d0000022-c0""]",1,0,,,[true],[null],[null],"[""select_for_evaluation""]",[],,,,False,component-final-57ec2ac8f1ba4127bcccc073:d0000022-c0,False,
component-final-57ec2ac8f1ba4127bcccc073,baseline_reference,Au-K-Tb,3,23,"[""component-final-57ec2ac8f1ba4127bcccc073:d0000023-c0""]",1,0,,,[true],[null],[null],"[""generate_structures""]",[],,,,False,component-final-57ec2ac8f1ba4127bcccc073:d0000023-c0,False,
component-final-57ec2ac8f1ba4127bcccc073,baseline_reference,Au-K-Tb,3,24,"[""component-final-57ec2ac8f1ba4127bcccc073:d0000024-c0""]",1,0,,,[true],[null],[null],"[""generate_structures""]",[],,,,False,component-final-57ec2ac8f1ba4127bcccc073:d0000024-c0,False,
component-final-57ec2ac8f1ba4127bcccc073,baseline_reference,Au-K-Tb,3,25,"[""component-final-57ec2ac8f1ba4127bcccc073:d0000025-c0""]",1,0,,,[true],[null],[null],"[""generate_structures""]",[],,,,False,component-final-57ec2ac8f1ba4127bcccc073:d0000025-c0,False,
component-final-57ec2ac8f1ba4127bcccc073,baseline_reference,Au-K-Tb,3,26,"[""component-final-57ec2ac8f1ba4127bcccc073:d0000026-c0""]",1,0,,,[true],[null],[null],"[""generate_structures""]",[],,,,False,component-final-57ec2ac8f1ba4127bcccc073:d0000026-c0,False,
component-final-57ec2ac8f1ba4127bcccc073,baseline_reference,Au-K-Tb,3,27,"[""component-final-57ec2ac8f1ba4127bcccc073:d0000027-c0""]",1,0,,,[true],[null],[null],"[""select_for_evaluation""]",[],,,,False,component-final-57ec2ac8f1ba4127bcccc073:d0000027-c0,False,
component-final-57ec2ac8f1ba4127bcccc073,baseline_reference,Au-K-Tb,3,28,"[""component-final-57ec2ac8f1ba4127bcccc073:d0000028-c0""]",1,0,,,[true],[null],[null],"[""query_structures""]",[],,,,False,component-final-57ec2ac8f1ba4127bcccc073:d0000028-c0,False,
component-final-57ec2ac8f1ba4127bcccc073,baseline_reference,Au-K-Tb,3,29,"[""component-final-57ec2ac8f1ba4127bcccc073:d0000029-c0""]",1,0,,,[true],[null],[null],"[""query_structures""]",[],,,,False,component-final-57ec2ac8f1ba4127bcccc073:d0000029-c0,False,
component-final-57ec2ac8f1ba4127bcccc073,baseline_reference,Au-K-Tb,3,30,"[""component-final-57ec2ac8f1ba4127bcccc073:d0000030-c0""]",1,0,,,[true],[null],[null],"[""select_for_evaluation""]",[],,,,False,component-final-57ec2ac8f1ba4127bcccc073:d0000030-c0,False,
component-final-b1999f2e9c20505d5a373485,baseline_reference,Au-K-Tb,4,0,"[""component-final-b1999f2e9c20505d5a373485:d0000000-c0""]",1,0,,,[true],[null],[null],"[""generate_structures""]",[],,,,False,component-final-b1999f2e9c20505d5a373485:d0000000-c0,False,
component-final-b1999f2e9c20505d5a373485,baseline_reference,Au-K-Tb,4,1,"[""component-final-b1999f2e9c20505d5a373485:d0000001-c0""]",1,0,,,[true],[null],[null],"[""select_for_evaluation""]",[],,,,False,component-final-b1999f2e9c20505d5a373485:d0000001-c0,False,
component-final-b1999f2e9c20505d5a373485,baseline_reference,Au-K-Tb,4,2,"[""component-final-b1999f2e9c20505d5a373485:d0000002-c0""]",1,0,,,[true],[null],[null],"[""generate_structures""]",[],,,,False,component-final-b1999f2e9c20505d5a373485:d0000002-c0,False,
component-final-b1999f2e9c20505d5a373485,baseline_reference,Au-K-Tb,4,3,"[""component-final-b1999f2e9c20505d5a373485:d0000003-c0""]",1,0,,,[true],[null],[null],"[""select_for_evaluation""]",[],,,,False,component-final-b1999f2e9c20505d5a373485:d0000003-c0,False,
component-final-b1999f2e9c20505d5a373485,baseline_reference,Au-K-Tb,4,4,"[""component-final-b1999f2e9c20505d5a373485:d0000004-c0""]",1,0,,,[true],[null],[null],"[""select_for_evaluation""]",[],,,,False,component-final-b1999f2e9c20505d5a373485:d0000004-c0,False,
component-final-b1999f2e9c20505d5a373485,baseline_reference,Au-K-Tb,4,5,"[""component-final-b1999f2e9c20505d5a373485:d0000005-c0""]",1,0,,,[true],[null],[null],"[""select_for_evaluation""]",[],,,,False,component-final-b1999f2e9c20505d5a373485:d0000005-c0,False,
component-final-b1999f2e9c20505d5a373485,baseline_reference,Au-K-Tb,4,6,"[""component-final-b1999f2e9c20505d5a373485:d0000006-c0""]",1,0,,,[true],[null],[null],"[""select_for_evaluation""]",[],,,,False,component-final-b1999f2e9c20505d5a373485:d0000006-c0,False,
component-final-b1999f2e9c20505d5a373485,baseline_reference,Au-K-Tb,4,7,"[""component-final-b1999f2e9c20505d5a373485:d0000007-c0""]",1,0,,,[true],[null],[null],"[""generate_structures""]",[],,,,False,component-final-b1999f2e9c20505d5a373485:d0000007-c0,False,
component-final-b1999f2e9c20505d5a373485,baseline_reference,Au-K-Tb,4,8,"[""component-final-b1999f2e9c20505d5a373485:d0000008-c0""]",1,0,,,[true],[null],[null],"[""select_for_evaluation""]",[],,,,False,component-final-b1999f2e9c20505d5a373485:d0000008-c0,False,
component-final-b1999f2e9c20505d5a373485,baseline_reference,Au-K-Tb,4,9,"[""component-final-b1999f2e9c20505d5a373485:d0000009-c0""]",1,0,,,[true],[null],[null],"[""select_for_evaluation""]",[],,,,False,component-final-b1999f2e9c20505d5a373485:d0000009-c0,False,
component-final-b1999f2e9c20505d5a373485,baseline_reference,Au-K-Tb,4,10,"[""component-final-b1999f2e9c20505d5a373485:d0000010-c0""]",1,0,,,[true],[null],[null],"[""select_for_evaluation""]",[],,,,False,component-final-b1999f2e9c20505d5a373485:d0000010-c0,False,
component-final-b1999f2e9c20505d5a373485,baseline_reference,Au-K-Tb,4,11,"[""component-final-b1999f2e9c20505d5a373485:d0000011-c0""]",1,0,,,[true],[null],[null],"[""select_for_evaluation""]",[],,,,False,component-final-b1999f2e9c20505d5a373485:d0000011-c0,False,
component-final-b1999f2e9c20505d5a373485,baseline_reference,Au-K-Tb,4,12,"[""component-final-b1999f2e9c20505d5a373485:d0000012-c0""]",1,0,,,[true],[null],[null],"[""select_for_evaluation""]",[],,,,False,component-final-b1999f2e9c20505d5a373485:d0000012-c0,False,
component-final-2dce2a3709aad3945727809d,baseline_reference,Co-Dy-W,2,0,"[""component-final-2dce2a3709aad3945727809d:d0000000-c0"", ""component-final-2dce2a3709aad3945727809d:d0000000-c1""]",2,1,,,"[false, true]","[null, null]","[null, null]","[null, ""generate_structures""]",[],,,,False,component-final-2dce2a3709aad3945727809d:d0000000-c1,True,
component-final-2dce2a3709aad3945727809d,baseline_reference,Co-Dy-W,2,1,"[""component-final-2dce2a3709aad3945727809d:d0000001-c0""]",1,0,,,[true],[null],[null],"[""select_for_evaluation""]",[],,,,False,component-final-2dce2a3709aad3945727809d:d0000001-c0,False,
component-final-2dce2a3709aad3945727809d,baseline_reference,Co-Dy-W,2,2,"[""component-final-2dce2a3709aad3945727809d:d0000002-c0""]",1,0,,,[true],[null],[null],"[""score_buffer""]",[],,,,False,component-final-2dce2a3709aad3945727809d:d0000002-c0,False,
component-final-2dce2a3709aad3945727809d,baseline_reference,Co-Dy-W,2,3,"[""component-final-2dce2a3709aad3945727809d:d0000003-c0""]",1,0,,,[true],[null],[null],"[""select_for_evaluation""]",[],,,,False,component-final-2dce2a3709aad3945727809d:d0000003-c0,False,
component-final-2dce2a3709aad3945727809d,baseline_reference,Co-Dy-W,2,4,"[""component-final-2dce2a3709aad3945727809d:d0000004-c0""]",1,0,,,[true],[null],[null],"[""select_for_evaluation""]",[],,,,False,component-final-2dce2a3709aad3945727809d:d0000004-c0,False,
component-final-2dce2a3709aad3945727809d,baseline_reference,Co-Dy-W,2,5,"[""component-final-2dce2a3709aad3945727809d:d0000005-c0""]",1,0,,,[true],[null],[null],"[""generate_structures""]",[],,,,False,component-final-2dce2a3709aad3945727809d:d0000005-c0,False,
component-final-2dce2a3709aad3945727809d,baseline_reference,Co-Dy-W,2,6,"[""component-final-2dce2a3709aad3945727809d:d0000006-c0""]",1,0,,,[true],[null],[null],"[""generate_structures""]",[],,,,False,component-final-2dce2a3709aad3945727809d:d0000006-c0,False,
component-final-2dce2a3709aad3945727809d,baseline_reference,Co-Dy-W,2,7,"[""component-final-2dce2a3709aad3945727809d:d0000007-c0""]",1,0,,,[true],[null],[null],"[""score_buffer""]",[],,,,False,component-final-2dce2a3709aad3945727809d:d0000007-c0,False,
component-final-2dce2a3709aad3945727809d,baseline_reference,Co-Dy-W,2,8,"[""component-final-2dce2a3709aad3945727809d:d0000008-c0""]",1,0,,,[true],[null],[null],"[""select_for_evaluation""]",[],,,,False,component-final-2dce2a3709aad3945727809d:d0000008-c0,False,
component-final-2dce2a3709aad3945727809d,baseline_reference,Co-Dy-W,2,9,"[""component-final-2dce2a3709aad3945727809d:d0000009-c0""]",1,0,,,[true],[null],[null],"[""score_buffer""]",[],,,,False,component-final-2dce2a3709aad3945727809d:d0000009-c0,False,
component-final-2dce2a3709aad3945727809d,baseline_reference,Co-Dy-W,2,10,"[""component-final-2dce2a3709aad3945727809d:d0000010-c0""]",1,0,,,[true],[null],[null],"[""select_for_evaluation""]",[],,,,False,component-final-2dce2a3709aad3945727809d:d0000010-c0,False,
component-final-2dce2a3709aad3945727809d,baseline_reference,Co-Dy-W,2,11,"[""component-final-2dce2a3709aad3945727809d:d0000011-c0""]",1,0,,,[true],[null],[null],"[""select_for_evaluation""]",[],,,,False,component-final-2dce2a3709aad3945727809d:d0000011-c0,False,
component-final-2dce2a3709aad3945727809d,baseline_reference,Co-Dy-W,2,12,"[""component-final-2dce2a3709aad3945727809d:d0000012-c0""]",1,0,,,[true],[null],[null],"[""select_for_evaluation""]",[],,,,False,component-final-2dce2a3709aad3945727809d:d0000012-c0,False,
component-final-2dce2a3709aad3945727809d,baseline_reference,Co-Dy-W,2,13,"[""component-final-2dce2a3709aad3945727809d:d0000013-c0""]",1,0,,,[true],[null],[null],"[""generate_structures""]",[],,,,False,component-final-2dce2a3709aad3945727809d:d0000013-c0,False,
component-final-2dce2a3709aad3945727809d,baseline_reference,Co-Dy-W,2,14,"[""component-final-2dce2a3709aad3945727809d:d0000014-c0""]",1,0,,,[true],[null],[null],"[""select_for_evaluation""]",[],,,,False,component-final-2dce2a3709aad3945727809d:d0000014-c0,False,
component-final-2dce2a3709aad3945727809d,baseline_reference,Co-Dy-W,2,15,"[""component-final-2dce2a3709aad3945727809d:d0000015-c0""]",1,0,,,[true],[null],[null],"[""generate_structures""]",[],,,,False,component-final-2dce2a3709aad3945727809d:d0000015-c0,False,
component-final-2dce2a3709aad3945727809d,baseline_reference,Co-Dy-W,2,16,"[""component-final-2dce2a3709aad3945727809d:d0000016-c0""]",1,0,,,[true],[null],[null],"[""select_for_evaluation""]",[],,,,False,component-final-2dce2a3709aad3945727809d:d0000016-c0,False,
component-final-2dce2a3709aad3945727809d,baseline_reference,Co-Dy-W,2,17,"[""component-final-2dce2a3709aad3945727809d:d0000017-c0""]",1,0,,,[true],[null],[null],"[""score_buffer""]",[],,,,False,component-final-2dce2a3709aad3945727809d:d0000017-c0,False,
component-final-2dce2a3709aad3945727809d,baseline_reference,Co-Dy-W,2,18,"[""component-final-2dce2a3709aad3945727809d:d0000018-c0""]",1,0,,,[true],[null],[null],"[""select_for_evaluation""]",[],,,,False,component-final-2dce2a3709aad3945727809d:d0000018-c0,False,
component-final-2dce2a3709aad3945727809d,baseline_reference,Co-Dy-W,2,19,"[""component-final-2dce2a3709aad3945727809d:d0000019-c0""]",1,0,,,[true],[null],[null],"[""generate_structures""]",[],,,,False,component-final-2dce2a3709aad3945727809d:d0000019-c0,False,
component-final-2dce2a3709aad3945727809d,baseline_reference,Co-Dy-W,2,20,"[""component-final-2dce2a3709aad3945727809d:d0000020-c0""]",1,0,,,[true],[null],[null],"[""select_for_evaluation""]",[],,,,False,component-final-2dce2a3709aad3945727809d:d0000020-c0,False,
component-final-3a4b0c1cd037fc1028c65eb5,baseline_reference,Co-Dy-W,3,0,"[""component-final-3a4b0c1cd037fc1028c65eb5:d0000000-c0"", ""component-final-3a4b0c1cd037fc1028c65eb5:d0000000-c1""]",2,1,,,"[false, true]","[null, null]","[null, null]","[null, ""generate_structures""]",[],,,,False,component-final-3a4b0c1cd037fc1028c65eb5:d0000000-c1,True,
component-final-3a4b0c1cd037fc1028c65eb5,baseline_reference,Co-Dy-W,3,1,"[""component-final-3a4b0c1cd037fc1028c65eb5:d0000001-c0""]",1,0,,,[true],[null],[null],"[""select_for_evaluation""]",[],,,,False,component-final-3a4b0c1cd037fc1028c65eb5:d0000001-c0,False,
component-final-3a4b0c1cd037fc1028c65eb5,baseline_reference,Co-Dy-W,3,2,"[""component-final-3a4b0c1cd037fc1028c65eb5:d0000002-c0""]",1,0,,,[true],[null],[null],"[""generate_structures""]",[],,,,False,component-final-3a4b0c1cd037fc1028c65eb5:d0000002-c0,False,
component-final-3a4b0c1cd037fc1028c65eb5,baseline_reference,Co-Dy-W,3,3,"[""component-final-3a4b0c1cd037fc1028c65eb5:d0000003-c0""]",1,0,,,[true],[null],[null],"[""generate_structures""]",[],,,,False,component-final-3a4b0c1cd037fc1028c65eb5:d0000003-c0,False,
component-final-3a4b0c1cd037fc1028c65eb5,baseline_reference,Co-Dy-W,3,4,"[""component-final-3a4b0c1cd037fc1028c65eb5:d0000004-c0""]",1,0,,,[true],[null],[null],"[""select_for_evaluation""]",[],,,,False,component-final-3a4b0c1cd037fc1028c65eb5:d0000004-c0,False,
component-final-3a4b0c1cd037fc1028c65eb5,baseline_reference,Co-Dy-W,3,5,"[""component-final-3a4b0c1cd037fc1028c65eb5:d0000005-c0"", ""component-final-3a4b0c1cd037fc1028c65eb5:d0000005-c1""]",2,1,,,"[false, true]","[null, null]","[null, null]","[null, ""select_for_evaluation""]",[],,,,False,component-final-3a4b0c1cd037fc1028c65eb5:d0000005-c1,True,
component-final-3a4b0c1cd037fc1028c65eb5,baseline_reference,Co-Dy-W,3,6,"[""component-final-3a4b0c1cd037fc1028c65eb5:d0000006-c0""]",1,0,,,[true],[null],[null],"[""select_for_evaluation""]",[],,,,False,component-final-3a4b0c1cd037fc1028c65eb5:d0000006-c0,False,
component-final-3a4b0c1cd037fc1028c65eb5,baseline_reference,Co-Dy-W,3,7,"[""component-final-3a4b0c1cd037fc1028c65eb5:d0000007-c0""]",1,0,,,[true],[null],[null],"[""select_for_evaluation""]",[],,,,False,component-final-3a4b0c1cd037fc1028c65eb5:d0000007-c0,False,
component-final-3a4b0c1cd037fc1028c65eb5,baseline_reference,Co-Dy-W,3,8,"[""component-final-3a4b0c1cd037fc1028c65eb5:d0000008-c0""]",1,0,,,[true],[null],[null],"[""generate_structures""]",[],,,,False,component-final-3a4b0c1cd037fc1028c65eb5:d0000008-c0,False,
component-final-3a4b0c1cd037fc1028c65eb5,baseline_reference,Co-Dy-W,3,9,"[""component-final-3a4b0c1cd037fc1028c65eb5:d0000009-c0""]",1,0,,,[true],[null],[null],"[""select_for_evaluation""]",[],,,,False,component-final-3a4b0c1cd037fc1028c65eb5:d0000009-c0,False,
component-final-3a4b0c1cd037fc1028c65eb5,baseline_reference,Co-Dy-W,3,10,"[""component-final-3a4b0c1cd037fc1028c65eb5:d0000010-c0""]",1,0,,,[true],[null],[null],"[""generate_structures""]",[],,,,False,component-final-3a4b0c1cd037fc1028c65eb5:d0000010-c0,False,
component-final-3a4b0c1cd037fc1028c65eb5,baseline_reference,Co-Dy-W,3,11,"[""component-final-3a4b0c1cd037fc1028c65eb5:d0000011-c0""]",1,0,,,[true],[null],[null],"[""score_buffer""]",[],,,,False,component-final-3a4b0c1cd037fc1028c65eb5:d0000011-c0,False,
component-final-3a4b0c1cd037fc1028c65eb5,baseline_reference,Co-Dy-W,3,12,"[""component-final-3a4b0c1cd037fc1028c65eb5:d0000012-c0""]",1,0,,,[true],[null],[null],"[""select_for_evaluation""]",[],,,,False,component-final-3a4b0c1cd037fc1028c65eb5:d0000012-c0,False,
component-final-3a4b0c1cd037fc1028c65eb5,baseline_reference,Co-Dy-W,3,13,"[""component-final-3a4b0c1cd037fc1028c65eb5:d0000013-c0""]",1,0,,,[true],[null],[null],"[""select_for_evaluation""]",[],,,,False,component-final-3a4b0c1cd037fc1028c65eb5:d0000013-c0,False,
component-final-3a4b0c1cd037fc1028c65eb5,baseline_reference,Co-Dy-W,3,14,"[""component-final-3a4b0c1cd037fc1028c65eb5:d0000014-c0""]",1,0,,,[true],[null],[null],"[""generate_structures""]",[],,,,False,component-final-3a4b0c1cd037fc1028c65eb5:d0000014-c0,False,
component-final-3a4b0c1cd037fc1028c65eb5,baseline_reference,Co-Dy-W,3,15,"[""component-final-3a4b0c1cd037fc1028c65eb5:d0000015-c0""]",1,0,,,[true],[null],[null],"[""select_for_evaluation""]",[],,,,False,component-final-3a4b0c1cd037fc1028c65eb5:d0000015-c0,False,
component-final-3a4b0c1cd037fc1028c65eb5,baseline_reference,Co-Dy-W,3,16,"[""component-final-3a4b0c1cd037fc1028c65eb5:d0000016-c0""]",1,0,,,[true],[null],[null],"[""generate_structures""]",[],,,,False,component-final-3a4b0c1cd037fc1028c65eb5:d0000016-c0,False,
component-final-3a4b0c1cd037fc1028c65eb5,baseline_reference,Co-Dy-W,3,17,"[""component-final-3a4b0c1cd037fc1028c65eb5:d0000017-c0""]",1,0,,,[true],[null],[null],"[""generate_structures""]",[],,,,False,component-final-3a4b0c1cd037fc1028c65eb5:d0000017-c0,False,
component-final-3a4b0c1cd037fc1028c65eb5,baseline_reference,Co-Dy-W,3,18,"[""component-final-3a4b0c1cd037fc1028c65eb5:d0000018-c0""]",1,0,,,[true],[null],[null],"[""score_buffer""]",[],,,,False,component-final-3a4b0c1cd037fc1028c65eb5:d0000018-c0,False,
component-final-3a4b0c1cd037fc1028c65eb5,baseline_reference,Co-Dy-W,3,19,"[""component-final-3a4b0c1cd037fc1028c65eb5:d0000019-c0""]",1,0,,,[true],[null],[null],"[""generate_structures""]",[],,,,False,component-final-3a4b0c1cd037fc1028c65eb5:d0000019-c0,False,
component-final-3a4b0c1cd037fc1028c65eb5,baseline_reference,Co-Dy-W,3,20,"[""component-final-3a4b0c1cd037fc1028c65eb5:d0000020-c0""]",1,0,,,[true],[null],[null],"[""score_buffer""]",[],,,,False,component-final-3a4b0c1cd037fc1028c65eb5:d0000020-c0,False,
component-final-3a4b0c1cd037fc1028c65eb5,baseline_reference,Co-Dy-W,3,21,"[""component-final-3a4b0c1cd037fc1028c65eb5:d0000021-c0""]",1,0,,,[true],[null],[null],"[""select_for_evaluation""]",[],,,,False,component-final-3a4b0c1cd037fc1028c65eb5:d0000021-c0,False,
component-final-a526e6a613189f807a458cb1,baseline_reference,Co-Dy-W,4,0,"[""component-final-a526e6a613189f807a458cb1:d0000000-c0"", ""component-final-a526e6a613189f807a458cb1:d0000000-c1""]",2,1,,,"[false, true]","[null, null]","[null, null]","[null, ""generate_structures""]",[],,,,False,component-final-a526e6a613189f807a458cb1:d0000000-c1,True,
component-final-a526e6a613189f807a458cb1,baseline_reference,Co-Dy-W,4,1,"[""component-final-a526e6a613189f807a458cb1:d0000001-c0""]",1,0,,,[true],[null],[null],"[""select_for_evaluation""]",[],,,,False,component-final-a526e6a613189f807a458cb1:d0000001-c0,False,
component-final-a526e6a613189f807a458cb1,baseline_reference,Co-Dy-W,4,2,"[""component-final-a526e6a613189f807a458cb1:d0000002-c0""]",1,0,,,[true],[null],[null],"[""generate_structures""]",[],,,,False,component-final-a526e6a613189f807a458cb1:d0000002-c0,False,
component-final-a526e6a613189f807a458cb1,baseline_reference,Co-Dy-W,4,3,"[""component-final-a526e6a613189f807a458cb1:d0000003-c0""]",1,0,,,[true],[null],[null],"[""select_for_evaluation""]",[],,,,False,component-final-a526e6a613189f807a458cb1:d0000003-c0,False,
component-final-a526e6a613189f807a458cb1,baseline_reference,Co-Dy-W,4,4,"[""component-final-a526e6a613189f807a458cb1:d0000004-c0""]",1,0,,,[true],[null],[null],"[""generate_structures""]",[],,,,False,component-final-a526e6a613189f807a458cb1:d0000004-c0,False,
component-final-a526e6a613189f807a458cb1,baseline_reference,Co-Dy-W,4,5,"[""component-final-a526e6a613189f807a458cb1:d0000005-c0""]",1,0,,,[true],[null],[null],"[""select_for_evaluation""]",[],,,,False,component-final-a526e6a613189f807a458cb1:d0000005-c0,False,
component-final-a526e6a613189f807a458cb1,baseline_reference,Co-Dy-W,4,6,"[""component-final-a526e6a613189f807a458cb1:d0000006-c0""]",1,0,,,[true],[null],[null],"[""generate_structures""]",[],,,,False,component-final-a526e6a613189f807a458cb1:d0000006-c0,False,
component-final-a526e6a613189f807a458cb1,baseline_reference,Co-Dy-W,4,7,"[""component-final-a526e6a613189f807a458cb1:d0000007-c0""]",1,0,,,[true],[null],[null],"[""generate_structures""]",[],,,,False,component-final-a526e6a613189f807a458cb1:d0000007-c0,False,
component-final-a526e6a613189f807a458cb1,baseline_reference,Co-Dy-W,4,8,"[""component-final-a526e6a613189f807a458cb1:d0000008-c0""]",1,0,,,[true],[null],[null],"[""select_for_evaluation""]",[],,,,False,component-final-a526e6a613189f807a458cb1:d0000008-c0,False,
component-final-a526e6a613189f807a458cb1,baseline_reference,Co-Dy-W,4,9,"[""component-final-a526e6a613189f807a458cb1:d0000009-c0""]",1,0,,,[true],[null],[null],"[""select_for_evaluation""]",[],,,,False,component-final-a526e6a613189f807a458cb1:d0000009-c0,False,
component-final-a526e6a613189f807a458cb1,baseline_reference,Co-Dy-W,4,10,"[""component-final-a526e6a613189f807a458cb1:d0000010-c0""]",1,0,,,[true],[null],[null],"[""select_for_evaluation""]",[],,,,False,component-final-a526e6a613189f807a458cb1:d0000010-c0,False,
component-final-a526e6a613189f807a458cb1,baseline_reference,Co-Dy-W,4,11,"[""component-final-a526e6a613189f807a458cb1:d0000011-c0""]",1,0,,,[true],[null],[null],"[""select_for_evaluation""]",[],,,,False,component-final-a526e6a613189f807a458cb1:d0000011-c0,False,
component-final-a526e6a613189f807a458cb1,baseline_reference,Co-Dy-W,4,12,"[""component-final-a526e6a613189f807a458cb1:d0000012-c0""]",1,0,,,[true],[null],[null],"[""select_for_evaluation""]",[],,,,False,component-final-a526e6a613189f807a458cb1:d0000012-c0,False,
component-final-a526e6a613189f807a458cb1,baseline_reference,Co-Dy-W,4,13,"[""component-final-a526e6a613189f807a458cb1:d0000013-c0""]",1,0,,,[true],[null],[null],"[""select_for_evaluation""]",[],,,,False,component-final-a526e6a613189f807a458cb1:d0000013-c0,False,
component-final-a526e6a613189f807a458cb1,baseline_reference,Co-Dy-W,4,14,"[""component-final-a526e6a613189f807a458cb1:d0000014-c0""]",1,0,,,[true],[null],[null],"[""generate_structures""]",[],,,,False,component-final-a526e6a613189f807a458cb1:d0000014-c0,False,
component-final-a526e6a613189f807a458cb1,baseline_reference,Co-Dy-W,4,15,"[""component-final-a526e6a613189f807a458cb1:d0000015-c0""]",1,0,,,[true],[null],[null],"[""select_for_evaluation""]",[],,,,False,component-final-a526e6a613189f807a458cb1:d0000015-c0,False,
component-final-a526e6a613189f807a458cb1,baseline_reference,Co-Dy-W,4,16,"[""component-final-a526e6a613189f807a458cb1:d0000016-c0""]",1,0,,,[true],[null],[null],"[""score_buffer""]",[],,,,False,component-final-a526e6a613189f807a458cb1:d0000016-c0,False,
component-final-a526e6a613189f807a458cb1,baseline_reference,Co-Dy-W,4,17,"[""component-final-a526e6a613189f807a458cb1:d0000017-c0""]",1,0,,,[true],[null],[null],"[""select_for_evaluation""]",[],,,,False,component-final-a526e6a613189f807a458cb1:d0000017-c0,False,
component-final-a526e6a613189f807a458cb1,baseline_reference,Co-Dy-W,4,18,"[""component-final-a526e6a613189f807a458cb1:d0000018-c0""]",1,0,,,[true],[null],[null],"[""select_for_evaluation""]",[],,,,False,component-final-a526e6a613189f807a458cb1:d0000018-c0,False,
component-final-a8630b6c09e7eed6994a9658,baseline_reference,Co-Mg-Na,2,0,"[""component-final-a8630b6c09e7eed6994a9658:d0000000-c0"", ""component-final-a8630b6c09e7eed6994a9658:d0000000-c1""]",2,,,,"[false, false]","[null, null]","[null, null]","[null, null]",[],,,,False,,True,
component-final-a8630b6c09e7eed6994a9658,baseline_reference,Co-Mg-Na,2,1,"[""component-final-a8630b6c09e7eed6994a9658:d0000001-c0""]",1,0,,,[true],[null],[null],"[""generate_structures""]",[],,,,False,component-final-a8630b6c09e7eed6994a9658:d0000001-c0,False,
component-final-a8630b6c09e7eed6994a9658,baseline_reference,Co-Mg-Na,2,2,"[""component-final-a8630b6c09e7eed6994a9658:d0000002-c0""]",1,0,,,[true],[null],[null],"[""score_buffer""]",[],,,,False,component-final-a8630b6c09e7eed6994a9658:d0000002-c0,False,
component-final-a8630b6c09e7eed6994a9658,baseline_reference,Co-Mg-Na,2,3,"[""component-final-a8630b6c09e7eed6994a9658:d0000003-c0""]",1,0,,,[true],[null],[null],"[""select_for_evaluation""]",[],,,,False,component-final-a8630b6c09e7eed6994a9658:d0000003-c0,False,
component-final-a8630b6c09e7eed6994a9658,baseline_reference,Co-Mg-Na,2,4,"[""component-final-a8630b6c09e7eed6994a9658:d0000004-c0""]",1,0,,,[true],[null],[null],"[""generate_structures""]",[],,,,False,component-final-a8630b6c09e7eed6994a9658:d0000004-c0,False,
component-final-a8630b6c09e7eed6994a9658,baseline_reference,Co-Mg-Na,2,5,"[""component-final-a8630b6c09e7eed6994a9658:d0000005-c0""]",1,0,,,[true],[null],[null],"[""generate_structures""]",[],,,,False,component-final-a8630b6c09e7eed6994a9658:d0000005-c0,False,
component-final-a8630b6c09e7eed6994a9658,baseline_reference,Co-Mg-Na,2,6,"[""component-final-a8630b6c09e7eed6994a9658:d0000006-c0""]",1,0,,,[true],[null],[null],"[""generate_structures""]",[],,,,False,component-final-a8630b6c09e7eed6994a9658:d0000006-c0,False,
component-final-a8630b6c09e7eed6994a9658,baseline_reference,Co-Mg-Na,2,7,"[""component-final-a8630b6c09e7eed6994a9658:d0000007-c0""]",1,0,,,[true],[null],[null],"[""select_for_evaluation""]",[],,,,False,component-final-a8630b6c09e7eed6994a9658:d0000007-c0,False,
component-final-a8630b6c09e7eed6994a9658,baseline_reference,Co-Mg-Na,2,8,"[""component-final-a8630b6c09e7eed6994a9658:d0000008-c0""]",1,0,,,[true],[null],[null],"[""select_for_evaluation""]",[],,,,False,component-final-a8630b6c09e7eed6994a9658:d0000008-c0,False,
component-final-a8630b6c09e7eed6994a9658,baseline_reference,Co-Mg-Na,2,9,"[""component-final-a8630b6c09e7eed6994a9658:d0000009-c0""]",1,0,,,[true],[null],[null],"[""select_for_evaluation""]",[],,,,False,component-final-a8630b6c09e7eed6994a9658:d0000009-c0,False,
component-final-a8630b6c09e7eed6994a9658,baseline_reference,Co-Mg-Na,2,10,"[""component-final-a8630b6c09e7eed6994a9658:d0000010-c0""]",1,0,,,[true],[null],[null],"[""select_for_evaluation""]",[],,,,False,component-final-a8630b6c09e7eed6994a9658:d0000010-c0,False,
component-final-a8630b6c09e7eed6994a9658,baseline_reference,Co-Mg-Na,2,11,"[""component-final-a8630b6c09e7eed6994a9658:d0000011-c0""]",1,0,,,[true],[null],[null],"[""generate_structures""]",[],,,,False,component-final-a8630b6c09e7eed6994a9658:d0000011-c0,False,
component-final-a8630b6c09e7eed6994a9658,baseline_reference,Co-Mg-Na,2,12,"[""component-final-a8630b6c09e7eed6994a9658:d0000012-c0""]",1,0,,,[true],[null],[null],"[""generate_structures""]",[],,,,False,component-final-a8630b6c09e7eed6994a9658:d0000012-c0,False,
component-final-a8630b6c09e7eed6994a9658,baseline_reference,Co-Mg-Na,2,13,"[""component-final-a8630b6c09e7eed6994a9658:d0000013-c0""]",1,0,,,[true],[null],[null],"[""generate_structures""]",[],,,,False,component-final-a8630b6c09e7eed6994a9658:d0000013-c0,False,
component-final-a8630b6c09e7eed6994a9658,baseline_reference,Co-Mg-Na,2,14,"[""component-final-a8630b6c09e7eed6994a9658:d0000014-c0""]",1,0,,,[true],[null],[null],"[""select_for_evaluation""]",[],,,,False,component-final-a8630b6c09e7eed6994a9658:d0000014-c0,False,
component-final-a8630b6c09e7eed6994a9658,baseline_reference,Co-Mg-Na,2,15,"[""component-final-a8630b6c09e7eed6994a9658:d0000015-c0""]",1,0,,,[true],[null],[null],"[""select_for_evaluation""]",[],,,,False,component-final-a8630b6c09e7eed6994a9658:d0000015-c0,False,
component-final-a8630b6c09e7eed6994a9658,baseline_reference,Co-Mg-Na,2,16,"[""component-final-a8630b6c09e7eed6994a9658:d0000016-c0""]",1,0,,,[true],[null],[null],"[""generate_structures""]",[],,,,False,component-final-a8630b6c09e7eed6994a9658:d0000016-c0,False,
component-final-a8630b6c09e7eed6994a9658,baseline_reference,Co-Mg-Na,2,17,"[""component-final-a8630b6c09e7eed6994a9658:d0000017-c0""]",1,0,,,[true],[null],[null],"[""score_buffer""]",[],,,,False,component-final-a8630b6c09e7eed6994a9658:d0000017-c0,False,
component-final-a8630b6c09e7eed6994a9658,baseline_reference,Co-Mg-Na,2,18,"[""component-final-a8630b6c09e7eed6994a9658:d0000018-c0""]",1,0,,,[true],[null],[null],"[""select_for_evaluation""]",[],,,,False,component-final-a8630b6c09e7eed6994a9658:d0000018-c0,False,
component-final-a8630b6c09e7eed6994a9658,baseline_reference,Co-Mg-Na,2,19,"[""component-final-a8630b6c09e7eed6994a9658:d0000019-c0""]",1,0,,,[true],[null],[null],"[""select_for_evaluation""]",[],,,,False,component-final-a8630b6c09e7eed6994a9658:d0000019-c0,False,
component-final-a8630b6c09e7eed6994a9658,baseline_reference,Co-Mg-Na,2,20,"[""component-final-a8630b6c09e7eed6994a9658:d0000020-c0""]",1,0,,,[true],[null],[null],"[""generate_structures""]",[],,,,False,component-final-a8630b6c09e7eed6994a9658:d0000020-c0,False,
component-final-a8630b6c09e7eed6994a9658,baseline_reference,Co-Mg-Na,2,21,"[""component-final-a8630b6c09e7eed6994a9658:d0000021-c0""]",1,0,,,[true],[null],[null],"[""select_for_evaluation""]",[],,,,False,component-final-a8630b6c09e7eed6994a9658:d0000021-c0,False,
component-final-a8630b6c09e7eed6994a9658,baseline_reference,Co-Mg-Na,2,22,"[""component-final-a8630b6c09e7eed6994a9658:d0000022-c0""]",1,0,,,[true],[null],[null],"[""score_buffer""]",[],,,,False,component-final-a8630b6c09e7eed6994a9658:d0000022-c0,False,
component-final-a8630b6c09e7eed6994a9658,baseline_reference,Co-Mg-Na,2,23,"[""component-final-a8630b6c09e7eed6994a9658:d0000023-c0""]",1,0,,,[true],[null],[null],"[""select_for_evaluation""]",[],,,,False,component-final-a8630b6c09e7eed6994a9658:d0000023-c0,False,
component-final-4b3d96d6b87ab535fb130a5e,baseline_reference,Co-Mg-Na,3,0,"[""component-final-4b3d96d6b87ab535fb130a5e:d0000000-c0""]",1,0,,,[true],[null],[null],"[""generate_structures""]",[],,,,False,component-final-4b3d96d6b87ab535fb130a5e:d0000000-c0,False,
component-final-4b3d96d6b87ab535fb130a5e,baseline_reference,Co-Mg-Na,3,1,"[""component-final-4b3d96d6b87ab535fb130a5e:d0000001-c0""]",1,0,,,[true],[null],[null],"[""select_for_evaluation""]",[],,,,False,component-final-4b3d96d6b87ab535fb130a5e:d0000001-c0,False,
component-final-4b3d96d6b87ab535fb130a5e,baseline_reference,Co-Mg-Na,3,2,"[""component-final-4b3d96d6b87ab535fb130a5e:d0000002-c0""]",1,0,,,[true],[null],[null],"[""select_for_evaluation""]",[],,,,False,component-final-4b3d96d6b87ab535fb130a5e:d0000002-c0,False,
component-final-4b3d96d6b87ab535fb130a5e,baseline_reference,Co-Mg-Na,3,3,"[""component-final-4b3d96d6b87ab535fb130a5e:d0000003-c0""]",1,0,,,[true],[null],[null],"[""select_for_evaluation""]",[],,,,False,component-final-4b3d96d6b87ab535fb130a5e:d0000003-c0,False,
component-final-4b3d96d6b87ab535fb130a5e,baseline_reference,Co-Mg-Na,3,4,"[""component-final-4b3d96d6b87ab535fb130a5e:d0000004-c0""]",1,0,,,[true],[null],[null],"[""select_for_evaluation""]",[],,,,False,component-final-4b3d96d6b87ab535fb130a5e:d0000004-c0,False,
component-final-4b3d96d6b87ab535fb130a5e,baseline_reference,Co-Mg-Na,3,5,"[""component-final-4b3d96d6b87ab535fb130a5e:d0000005-c0""]",1,0,,,[true],[null],[null],"[""select_for_evaluation""]",[],,,,False,component-final-4b3d96d6b87ab535fb130a5e:d0000005-c0,False,
component-final-4b3d96d6b87ab535fb130a5e,baseline_reference,Co-Mg-Na,3,6,"[""component-final-4b3d96d6b87ab535fb130a5e:d0000006-c0""]",1,0,,,[true],[null],[null],"[""generate_structures""]",[],,,,False,component-final-4b3d96d6b87ab535fb130a5e:d0000006-c0,False,
component-final-4b3d96d6b87ab535fb130a5e,baseline_reference,Co-Mg-Na,3,7,"[""component-final-4b3d96d6b87ab535fb130a5e:d0000007-c0""]",1,0,,,[true],[null],[null],"[""generate_structures""]",[],,,,False,component-final-4b3d96d6b87ab535fb130a5e:d0000007-c0,False,
component-final-4b3d96d6b87ab535fb130a5e,baseline_reference,Co-Mg-Na,3,8,"[""component-final-4b3d96d6b87ab535fb130a5e:d0000008-c0""]",1,0,,,[true],[null],[null],"[""generate_structures""]",[],,,,False,component-final-4b3d96d6b87ab535fb130a5e:d0000008-c0,False,
component-final-4b3d96d6b87ab535fb130a5e,baseline_reference,Co-Mg-Na,3,9,"[""component-final-4b3d96d6b87ab535fb130a5e:d0000009-c0""]",1,0,,,[true],[null],[null],"[""query_structures""]",[],,,,False,component-final-4b3d96d6b87ab535fb130a5e:d0000009-c0,False,
component-final-4b3d96d6b87ab535fb130a5e,baseline_reference,Co-Mg-Na,3,10,"[""component-final-4b3d96d6b87ab535fb130a5e:d0000010-c0""]",1,0,,,[true],[null],[null],"[""generate_structures""]",[],,,,False,component-final-4b3d96d6b87ab535fb130a5e:d0000010-c0,False,
component-final-4b3d96d6b87ab535fb130a5e,baseline_reference,Co-Mg-Na,3,11,"[""component-final-4b3d96d6b87ab535fb130a5e:d0000011-c0""]",1,0,,,[true],[null],[null],"[""score_buffer""]",[],,,,False,component-final-4b3d96d6b87ab535fb130a5e:d0000011-c0,False,
component-final-4b3d96d6b87ab535fb130a5e,baseline_reference,Co-Mg-Na,3,12,"[""component-final-4b3d96d6b87ab535fb130a5e:d0000012-c0""]",1,0,,,[true],[null],[null],"[""select_for_evaluation""]",[],,,,False,component-final-4b3d96d6b87ab535fb130a5e:d0000012-c0,False,
component-final-4b3d96d6b87ab535fb130a5e,baseline_reference,Co-Mg-Na,3,13,"[""component-final-4b3d96d6b87ab535fb130a5e:d0000013-c0""]",1,0,,,[true],[null],[null],"[""select_for_evaluation""]",[],,,,False,component-final-4b3d96d6b87ab535fb130a5e:d0000013-c0,False,
component-final-4b3d96d6b87ab535fb130a5e,baseline_reference,Co-Mg-Na,3,14,"[""component-final-4b3d96d6b87ab535fb130a5e:d0000014-c0""]",1,0,,,[true],[null],[null],"[""select_for_evaluation""]",[],,,,False,component-final-4b3d96d6b87ab535fb130a5e:d0000014-c0,False,
component-final-4b3d96d6b87ab535fb130a5e,baseline_reference,Co-Mg-Na,3,15,"[""component-final-4b3d96d6b87ab535fb130a5e:d0000015-c0""]",1,0,,,[true],[null],[null],"[""generate_structures""]",[],,,,False,component-final-4b3d96d6b87ab535fb130a5e:d0000015-c0,False,
component-final-4b3d96d6b87ab535fb130a5e,baseline_reference,Co-Mg-Na,3,16,"[""component-final-4b3d96d6b87ab535fb130a5e:d0000016-c0""]",1,0,,,[true],[null],[null],"[""generate_structures""]",[],,,,False,component-final-4b3d96d6b87ab535fb130a5e:d0000016-c0,False,
component-final-4b3d96d6b87ab535fb130a5e,baseline_reference,Co-Mg-Na,3,17,"[""component-final-4b3d96d6b87ab535fb130a5e:d0000017-c0""]",1,0,,,[true],[null],[null],"[""generate_structures""]",[],,,,False,component-final-4b3d96d6b87ab535fb130a5e:d0000017-c0,False,
component-final-4b3d96d6b87ab535fb130a5e,baseline_reference,Co-Mg-Na,3,18,"[""component-final-4b3d96d6b87ab535fb130a5e:d0000018-c0""]",1,0,,,[true],[null],[null],"[""score_buffer""]",[],,,,False,component-final-4b3d96d6b87ab535fb130a5e:d0000018-c0,False,
component-final-4b3d96d6b87ab535fb130a5e,baseline_reference,Co-Mg-Na,3,19,"[""component-final-4b3d96d6b87ab535fb130a5e:d0000019-c0""]",1,0,,,[true],[null],[null],"[""generate_structures""]",[],,,,False,component-final-4b3d96d6b87ab535fb130a5e:d0000019-c0,False,
component-final-4b3d96d6b87ab535fb130a5e,baseline_reference,Co-Mg-Na,3,20,"[""component-final-4b3d96d6b87ab535fb130a5e:d0000020-c0""]",1,0,,,[true],[null],[null],"[""score_buffer""]",[],,,,False,component-final-4b3d96d6b87ab535fb130a5e:d0000020-c0,False,
component-final-4b3d96d6b87ab535fb130a5e,baseline_reference,Co-Mg-Na,3,21,"[""component-final-4b3d96d6b87ab535fb130a5e:d0000021-c0""]",1,0,,,[true],[null],[null],"[""generate_structures""]",[],,,,False,component-final-4b3d96d6b87ab535fb130a5e:d0000021-c0,False,
component-final-4b3d96d6b87ab535fb130a5e,baseline_reference,Co-Mg-Na,3,22,"[""component-final-4b3d96d6b87ab535fb130a5e:d0000022-c0""]",1,0,,,[true],[null],[null],"[""select_for_evaluation""]",[],,,,False,component-final-4b3d96d6b87ab535fb130a5e:d0000022-c0,False,
component-final-4b3d96d6b87ab535fb130a5e,baseline_reference,Co-Mg-Na,3,23,"[""component-final-4b3d96d6b87ab535fb130a5e:d0000023-c0""]",1,0,,,[true],[null],[null],"[""generate_structures""]",[],,,,False,component-final-4b3d96d6b87ab535fb130a5e:d0000023-c0,False,
component-final-4b3d96d6b87ab535fb130a5e,baseline_reference,Co-Mg-Na,3,24,"[""component-final-4b3d96d6b87ab535fb130a5e:d0000024-c0""]",1,0,,,[true],[null],[null],"[""select_for_evaluation""]",[],,,,False,component-final-4b3d96d6b87ab535fb130a5e:d0000024-c0,False,
component-final-4b3d96d6b87ab535fb130a5e,baseline_reference,Co-Mg-Na,3,25,"[""component-final-4b3d96d6b87ab535fb130a5e:d0000025-c0""]",1,0,,,[true],[null],[null],"[""generate_structures""]",[],,,,False,component-final-4b3d96d6b87ab535fb130a5e:d0000025-c0,False,
component-final-4b3d96d6b87ab535fb130a5e,baseline_reference,Co-Mg-Na,3,26,"[""component-final-4b3d96d6b87ab535fb130a5e:d0000026-c0""]",1,0,,,[true],[null],[null],"[""select_for_evaluation""]",[],,,,False,component-final-4b3d96d6b87ab535fb130a5e:d0000026-c0,False,
component-final-4b3d96d6b87ab535fb130a5e,baseline_reference,Co-Mg-Na,3,27,"[""component-final-4b3d96d6b87ab535fb130a5e:d0000027-c0""]",1,0,,,[true],[null],[null],"[""generate_structures""]",[],,,,False,component-final-4b3d96d6b87ab535fb130a5e:d0000027-c0,False,
component-final-4b3d96d6b87ab535fb130a5e,baseline_reference,Co-Mg-Na,3,28,"[""component-final-4b3d96d6b87ab535fb130a5e:d0000028-c0""]",1,0,,,[true],[null],[null],"[""select_for_evaluation""]",[],,,,False,component-final-4b3d96d6b87ab535fb130a5e:d0000028-c0,False,
component-final-4b3d96d6b87ab535fb130a5e,baseline_reference,Co-Mg-Na,3,29,"[""component-final-4b3d96d6b87ab535fb130a5e:d0000029-c0""]",1,0,,,[true],[null],[null],"[""generate_structures""]",[],,,,False,component-final-4b3d96d6b87ab535fb130a5e:d0000029-c0,False,
component-final-4b3d96d6b87ab535fb130a5e,baseline_reference,Co-Mg-Na,3,30,"[""component-final-4b3d96d6b87ab535fb130a5e:d0000030-c0""]",1,0,,,[true],[null],[null],"[""select_for_evaluation""]",[],,,,False,component-final-4b3d96d6b87ab535fb130a5e:d0000030-c0,False,
component-final-4b3d96d6b87ab535fb130a5e,baseline_reference,Co-Mg-Na,3,31,"[""component-final-4b3d96d6b87ab535fb130a5e:d0000031-c0""]",1,0,,,[true],[null],[null],"[""generate_structures""]",[],,,,False,component-final-4b3d96d6b87ab535fb130a5e:d0000031-c0,False,
component-final-4b3d96d6b87ab535fb130a5e,baseline_reference,Co-Mg-Na,3,32,"[""component-final-4b3d96d6b87ab535fb130a5e:d0000032-c0""]",1,0,,,[true],[null],[null],"[""generate_structures""]",[],,,,False,component-final-4b3d96d6b87ab535fb130a5e:d0000032-c0,False,
component-final-4b3d96d6b87ab535fb130a5e,baseline_reference,Co-Mg-Na,3,33,"[""component-final-4b3d96d6b87ab535fb130a5e:d0000033-c0""]",1,0,,,[true],[null],[null],"[""generate_structures""]",[],,,,False,component-final-4b3d96d6b87ab535fb130a5e:d0000033-c0,False,
component-final-4b3d96d6b87ab535fb130a5e,baseline_reference,Co-Mg-Na,3,34,"[""component-final-4b3d96d6b87ab535fb130a5e:d0000034-c0""]",1,0,,,[true],[null],[null],"[""select_for_evaluation""]",[],,,,False,component-final-4b3d96d6b87ab535fb130a5e:d0000034-c0,False,
component-final-4b3d96d6b87ab535fb130a5e,baseline_reference,Co-Mg-Na,3,35,"[""component-final-4b3d96d6b87ab535fb130a5e:d0000035-c0""]",1,0,,,[true],[null],[null],"[""generate_structures""]",[],,,,False,component-final-4b3d96d6b87ab535fb130a5e:d0000035-c0,False,
component-final-4b3d96d6b87ab535fb130a5e,baseline_reference,Co-Mg-Na,3,36,"[""component-final-4b3d96d6b87ab535fb130a5e:d0000036-c0""]",1,0,,,[true],[null],[null],"[""select_for_evaluation""]",[],,,,False,component-final-4b3d96d6b87ab535fb130a5e:d0000036-c0,False,
component-final-4b3d96d6b87ab535fb130a5e,baseline_reference,Co-Mg-Na,3,37,"[""component-final-4b3d96d6b87ab535fb130a5e:d0000037-c0""]",1,0,,,[true],[null],[null],"[""select_for_evaluation""]",[],,,,False,component-final-4b3d96d6b87ab535fb130a5e:d0000037-c0,False,
component-final-613da1e8bf281966bbdc66db,baseline_reference,Co-Mg-Na,4,0,"[""component-final-613da1e8bf281966bbdc66db:d0000000-c0""]",1,0,,,[true],[null],[null],"[""generate_structures""]",[],,,,False,component-final-613da1e8bf281966bbdc66db:d0000000-c0,False,
component-final-613da1e8bf281966bbdc66db,baseline_reference,Co-Mg-Na,4,1,"[""component-final-613da1e8bf281966bbdc66db:d0000001-c0""]",1,0,,,[true],[null],[null],"[""select_for_evaluation""]",[],,,,False,component-final-613da1e8bf281966bbdc66db:d0000001-c0,False,
component-final-613da1e8bf281966bbdc66db,baseline_reference,Co-Mg-Na,4,2,"[""component-final-613da1e8bf281966bbdc66db:d0000002-c0""]",1,0,,,[true],[null],[null],"[""select_for_evaluation""]",[],,,,False,component-final-613da1e8bf281966bbdc66db:d0000002-c0,False,
component-final-613da1e8bf281966bbdc66db,baseline_reference,Co-Mg-Na,4,3,"[""component-final-613da1e8bf281966bbdc66db:d0000003-c0""]",1,0,,,[true],[null],[null],"[""select_for_evaluation""]",[],,,,False,component-final-613da1e8bf281966bbdc66db:d0000003-c0,False,
component-final-613da1e8bf281966bbdc66db,baseline_reference,Co-Mg-Na,4,4,"[""component-final-613da1e8bf281966bbdc66db:d0000004-c0""]",1,0,,,[true],[null],[null],"[""generate_structures""]",[],,,,False,component-final-613da1e8bf281966bbdc66db:d0000004-c0,False,
component-final-613da1e8bf281966bbdc66db,baseline_reference,Co-Mg-Na,4,5,"[""component-final-613da1e8bf281966bbdc66db:d0000005-c0""]",1,0,,,[true],[null],[null],"[""generate_structures""]",[],,,,False,component-final-613da1e8bf281966bbdc66db:d0000005-c0,False,
component-final-613da1e8bf281966bbdc66db,baseline_reference,Co-Mg-Na,4,6,"[""component-final-613da1e8bf281966bbdc66db:d0000006-c0""]",1,0,,,[true],[null],[null],"[""generate_structures""]",[],,,,False,component-final-613da1e8bf281966bbdc66db:d0000006-c0,False,
component-final-613da1e8bf281966bbdc66db,baseline_reference,Co-Mg-Na,4,7,"[""component-final-613da1e8bf281966bbdc66db:d0000007-c0""]",1,0,,,[true],[null],[null],"[""score_buffer""]",[],,,,False,component-final-613da1e8bf281966bbdc66db:d0000007-c0,False,
component-final-613da1e8bf281966bbdc66db,baseline_reference,Co-Mg-Na,4,8,"[""component-final-613da1e8bf281966bbdc66db:d0000008-c0""]",1,0,,,[true],[null],[null],"[""select_for_evaluation""]",[],,,,False,component-final-613da1e8bf281966bbdc66db:d0000008-c0,False,
component-final-613da1e8bf281966bbdc66db,baseline_reference,Co-Mg-Na,4,9,"[""component-final-613da1e8bf281966bbdc66db:d0000009-c0""]",1,0,,,[true],[null],[null],"[""select_for_evaluation""]",[],,,,False,component-final-613da1e8bf281966bbdc66db:d0000009-c0,False,
component-final-613da1e8bf281966bbdc66db,baseline_reference,Co-Mg-Na,4,10,"[""component-final-613da1e8bf281966bbdc66db:d0000010-c0""]",1,0,,,[true],[null],[null],"[""select_for_evaluation""]",[],,,,False,component-final-613da1e8bf281966bbdc66db:d0000010-c0,False,
component-final-613da1e8bf281966bbdc66db,baseline_reference,Co-Mg-Na,4,11,"[""component-final-613da1e8bf281966bbdc66db:d0000011-c0""]",1,0,,,[true],[null],[null],"[""select_for_evaluation""]",[],,,,False,component-final-613da1e8bf281966bbdc66db:d0000011-c0,False,
component-final-613da1e8bf281966bbdc66db,baseline_reference,Co-Mg-Na,4,12,"[""component-final-613da1e8bf281966bbdc66db:d0000012-c0""]",1,0,,,[true],[null],[null],"[""select_for_evaluation""]",[],,,,False,component-final-613da1e8bf281966bbdc66db:d0000012-c0,False,
component-final-613da1e8bf281966bbdc66db,baseline_reference,Co-Mg-Na,4,13,"[""component-final-613da1e8bf281966bbdc66db:d0000013-c0""]",1,0,,,[true],[null],[null],"[""select_for_evaluation""]",[],,,,False,component-final-613da1e8bf281966bbdc66db:d0000013-c0,False,
component-final-613da1e8bf281966bbdc66db,baseline_reference,Co-Mg-Na,4,14,"[""component-final-613da1e8bf281966bbdc66db:d0000014-c0""]",1,0,,,[true],[null],[null],"[""generate_structures""]",[],,,,False,component-final-613da1e8bf281966bbdc66db:d0000014-c0,False,
component-final-613da1e8bf281966bbdc66db,baseline_reference,Co-Mg-Na,4,15,"[""component-final-613da1e8bf281966bbdc66db:d0000015-c0""]",1,0,,,[true],[null],[null],"[""select_for_evaluation""]",[],,,,False,component-final-613da1e8bf281966bbdc66db:d0000015-c0,False,
component-final-613da1e8bf281966bbdc66db,baseline_reference,Co-Mg-Na,4,16,"[""component-final-613da1e8bf281966bbdc66db:d0000016-c0""]",1,0,,,[true],[null],[null],"[""generate_structures""]",[],,,,False,component-final-613da1e8bf281966bbdc66db:d0000016-c0,False,
component-final-613da1e8bf281966bbdc66db,baseline_reference,Co-Mg-Na,4,17,"[""component-final-613da1e8bf281966bbdc66db:d0000017-c0""]",1,0,,,[true],[null],[null],"[""select_for_evaluation""]",[],,,,False,component-final-613da1e8bf281966bbdc66db:d0000017-c0,False,
component-final-613da1e8bf281966bbdc66db,baseline_reference,Co-Mg-Na,4,18,"[""component-final-613da1e8bf281966bbdc66db:d0000018-c0"", ""component-final-613da1e8bf281966bbdc66db:d0000018-c1""]",2,1,,,"[false, true]","[null, null]","[null, null]","[null, ""generate_structures""]",[],,,,False,component-final-613da1e8bf281966bbdc66db:d0000018-c1,True,
component-final-613da1e8bf281966bbdc66db,baseline_reference,Co-Mg-Na,4,19,"[""component-final-613da1e8bf281966bbdc66db:d0000019-c0""]",1,0,,,[true],[null],[null],"[""select_for_evaluation""]",[],,,,False,component-final-613da1e8bf281966bbdc66db:d0000019-c0,False,
component-final-2e27f5563acb699daae1d131,es_only_independent,Al-Li-V,2,0,"[""component-final-2e27f5563acb699daae1d131:d0000000-c0""]",1,0,,,[true],[null],[null],"[""generate_structures""]",[],,,,False,component-final-2e27f5563acb699daae1d131:d0000000-c0,False,
component-final-2e27f5563acb699daae1d131,es_only_independent,Al-Li-V,2,1,"[""component-final-2e27f5563acb699daae1d131:d0000001-c0""]",1,0,,,[true],[null],[null],"[""select_for_evaluation""]",[],,,,False,component-final-2e27f5563acb699daae1d131:d0000001-c0,False,
component-final-2e27f5563acb699daae1d131,es_only_independent,Al-Li-V,2,2,"[""component-final-2e27f5563acb699daae1d131:d0000002-c0""]",1,0,,,[true],[null],[null],"[""score_buffer""]",[],,,,False,component-final-2e27f5563acb699daae1d131:d0000002-c0,False,
component-final-2e27f5563acb699daae1d131,es_only_independent,Al-Li-V,2,3,"[""component-final-2e27f5563acb699daae1d131:d0000003-c0""]",1,0,,,[true],[null],[null],"[""select_for_evaluation""]",[],,,,False,component-final-2e27f5563acb699daae1d131:d0000003-c0,False,
component-final-2e27f5563acb699daae1d131,es_only_independent,Al-Li-V,2,4,"[""component-final-2e27f5563acb699daae1d131:d0000004-c0""]",1,0,,,[true],[null],[null],"[""select_for_evaluation""]",[],,,,False,component-final-2e27f5563acb699daae1d131:d0000004-c0,False,
component-final-2e27f5563acb699daae1d131,es_only_independent,Al-Li-V,2,5,"[""component-final-2e27f5563acb699daae1d131:d0000005-c0""]",1,0,,,[true],[null],[null],"[""generate_structures""]",[],,,,False,component-final-2e27f5563acb699daae1d131:d0000005-c0,False,
component-final-2e27f5563acb699daae1d131,es_only_independent,Al-Li-V,2,6,"[""component-final-2e27f5563acb699daae1d131:d0000006-c0""]",1,0,,,[true],[null],[null],"[""select_for_evaluation""]",[],,,,False,component-final-2e27f5563acb699daae1d131:d0000006-c0,False,
component-final-2e27f5563acb699daae1d131,es_only_independent,Al-Li-V,2,7,"[""component-final-2e27f5563acb699daae1d131:d0000007-c0""]",1,0,,,[true],[null],[null],"[""select_for_evaluation""]",[],,,,False,component-final-2e27f5563acb699daae1d131:d0000007-c0,False,
component-final-2e27f5563acb699daae1d131,es_only_independent,Al-Li-V,2,8,"[""component-final-2e27f5563acb699daae1d131:d0000008-c0""]",1,0,,,[true],[null],[null],"[""generate_structures""]",[],,,,False,component-final-2e27f5563acb699daae1d131:d0000008-c0,False,
component-final-2e27f5563acb699daae1d131,es_only_independent,Al-Li-V,2,9,"[""component-final-2e27f5563acb699daae1d131:d0000009-c0""]",1,0,,,[true],[null],[null],"[""select_for_evaluation""]",[],,,,False,component-final-2e27f5563acb699daae1d131:d0000009-c0,False,
component-final-2e27f5563acb699daae1d131,es_only_independent,Al-Li-V,2,10,"[""component-final-2e27f5563acb699daae1d131:d0000010-c0""]",1,0,,,[true],[null],[null],"[""select_for_evaluation""]",[],,,,False,component-final-2e27f5563acb699daae1d131:d0000010-c0,False,
component-final-2e27f5563acb699daae1d131,es_only_independent,Al-Li-V,2,11,"[""component-final-2e27f5563acb699daae1d131:d0000011-c0""]",1,0,,,[true],[null],[null],"[""generate_structures""]",[],,,,False,component-final-2e27f5563acb699daae1d131:d0000011-c0,False,
component-final-2e27f5563acb699daae1d131,es_only_independent,Al-Li-V,2,12,"[""component-final-2e27f5563acb699daae1d131:d0000012-c0""]",1,0,,,[true],[null],[null],"[""select_for_evaluation""]",[],,,,False,component-final-2e27f5563acb699daae1d131:d0000012-c0,False,
component-final-2e27f5563acb699daae1d131,es_only_independent,Al-Li-V,2,13,"[""component-final-2e27f5563acb699daae1d131:d0000013-c0"", ""component-final-2e27f5563acb699daae1d131:d0000013-c1""]",2,1,,,"[false, true]","[null, null]","[null, null]","[null, ""select_for_evaluation""]",[],,,,False,component-final-2e27f5563acb699daae1d131:d0000013-c1,True,
component-final-2e27f5563acb699daae1d131,es_only_independent,Al-Li-V,2,14,"[""component-final-2e27f5563acb699daae1d131:d0000014-c0""]",1,0,,,[true],[null],[null],"[""select_for_evaluation""]",[],,,,False,component-final-2e27f5563acb699daae1d131:d0000014-c0,False,
component-final-2e27f5563acb699daae1d131,es_only_independent,Al-Li-V,2,15,"[""component-final-2e27f5563acb699daae1d131:d0000015-c0""]",1,0,,,[true],[null],[null],"[""select_for_evaluation""]",[],,,,False,component-final-2e27f5563acb699daae1d131:d0000015-c0,False,
component-final-8e1fbdae4c717bead751ef3f,es_only_independent,Al-Li-V,3,0,"[""component-final-8e1fbdae4c717bead751ef3f:d0000000-c0""]",1,0,,,[true],[null],[null],"[""generate_structures""]",[],,,,False,component-final-8e1fbdae4c717bead751ef3f:d0000000-c0,False,
component-final-8e1fbdae4c717bead751ef3f,es_only_independent,Al-Li-V,3,1,"[""component-final-8e1fbdae4c717bead751ef3f:d0000001-c0""]",1,0,,,[true],[null],[null],"[""select_for_evaluation""]",[],,,,False,component-final-8e1fbdae4c717bead751ef3f:d0000001-c0,False,
component-final-8e1fbdae4c717bead751ef3f,es_only_independent,Al-Li-V,3,2,"[""component-final-8e1fbdae4c717bead751ef3f:d0000002-c0""]",1,0,,,[true],[null],[null],"[""generate_structures""]",[],,,,False,component-final-8e1fbdae4c717bead751ef3f:d0000002-c0,False,
component-final-8e1fbdae4c717bead751ef3f,es_only_independent,Al-Li-V,3,3,"[""component-final-8e1fbdae4c717bead751ef3f:d0000003-c0""]",1,0,,,[true],[null],[null],"[""generate_structures""]",[],,,,False,component-final-8e1fbdae4c717bead751ef3f:d0000003-c0,False,
component-final-8e1fbdae4c717bead751ef3f,es_only_independent,Al-Li-V,3,4,"[""component-final-8e1fbdae4c717bead751ef3f:d0000004-c0""]",1,0,,,[true],[null],[null],"[""select_for_evaluation""]",[],,,,False,component-final-8e1fbdae4c717bead751ef3f:d0000004-c0,False,
component-final-8e1fbdae4c717bead751ef3f,es_only_independent,Al-Li-V,3,5,"[""component-final-8e1fbdae4c717bead751ef3f:d0000005-c0""]",1,0,,,[true],[null],[null],"[""select_for_evaluation""]",[],,,,False,component-final-8e1fbdae4c717bead751ef3f:d0000005-c0,False,
component-final-8e1fbdae4c717bead751ef3f,es_only_independent,Al-Li-V,3,6,"[""component-final-8e1fbdae4c717bead751ef3f:d0000006-c0""]",1,0,,,[true],[null],[null],"[""select_for_evaluation""]",[],,,,False,component-final-8e1fbdae4c717bead751ef3f:d0000006-c0,False,
component-final-8e1fbdae4c717bead751ef3f,es_only_independent,Al-Li-V,3,7,"[""component-final-8e1fbdae4c717bead751ef3f:d0000007-c0""]",1,0,,,[true],[null],[null],"[""generate_structures""]",[],,,,False,component-final-8e1fbdae4c717bead751ef3f:d0000007-c0,False,
component-final-8e1fbdae4c717bead751ef3f,es_only_independent,Al-Li-V,3,8,"[""component-final-8e1fbdae4c717bead751ef3f:d0000008-c0""]",1,0,,,[true],[null],[null],"[""generate_structures""]",[],,,,False,component-final-8e1fbdae4c717bead751ef3f:d0000008-c0,False,
component-final-8e1fbdae4c717bead751ef3f,es_only_independent,Al-Li-V,3,9,"[""component-final-8e1fbdae4c717bead751ef3f:d0000009-c0""]",1,0,,,[true],[null],[null],"[""select_for_evaluation""]",[],,,,False,component-final-8e1fbdae4c717bead751ef3f:d0000009-c0,False,
component-final-8e1fbdae4c717bead751ef3f,es_only_independent,Al-Li-V,3,10,"[""component-final-8e1fbdae4c717bead751ef3f:d0000010-c0""]",1,0,,,[true],[null],[null],"[""generate_structures""]",[],,,,False,component-final-8e1fbdae4c717bead751ef3f:d0000010-c0,False,
component-final-8e1fbdae4c717bead751ef3f,es_only_independent,Al-Li-V,3,11,"[""component-final-8e1fbdae4c717bead751ef3f:d0000011-c0""]",1,0,,,[true],[null],[null],"[""select_for_evaluation""]",[],,,,False,component-final-8e1fbdae4c717bead751ef3f:d0000011-c0,False,
component-final-8e1fbdae4c717bead751ef3f,es_only_independent,Al-Li-V,3,12,"[""component-final-8e1fbdae4c717bead751ef3f:d0000012-c0""]",1,0,,,[true],[null],[null],"[""select_for_evaluation""]",[],,,,False,component-final-8e1fbdae4c717bead751ef3f:d0000012-c0,False,
component-final-8e1fbdae4c717bead751ef3f,es_only_independent,Al-Li-V,3,13,"[""component-final-8e1fbdae4c717bead751ef3f:d0000013-c0""]",1,0,,,[true],[null],[null],"[""select_for_evaluation""]",[],,,,False,component-final-8e1fbdae4c717bead751ef3f:d0000013-c0,False,
component-final-8e1fbdae4c717bead751ef3f,es_only_independent,Al-Li-V,3,14,"[""component-final-8e1fbdae4c717bead751ef3f:d0000014-c0""]",1,0,,,[true],[null],[null],"[""select_for_evaluation""]",[],,,,False,component-final-8e1fbdae4c717bead751ef3f:d0000014-c0,False,
component-final-8e1fbdae4c717bead751ef3f,es_only_independent,Al-Li-V,3,15,"[""component-final-8e1fbdae4c717bead751ef3f:d0000015-c0""]",1,0,,,[true],[null],[null],"[""select_for_evaluation""]",[],,,,False,component-final-8e1fbdae4c717bead751ef3f:d0000015-c0,False,
component-final-8e1fbdae4c717bead751ef3f,es_only_independent,Al-Li-V,3,16,"[""component-final-8e1fbdae4c717bead751ef3f:d0000016-c0""]",1,0,,,[true],[null],[null],"[""generate_structures""]",[],,,,False,component-final-8e1fbdae4c717bead751ef3f:d0000016-c0,False,
component-final-8e1fbdae4c717bead751ef3f,es_only_independent,Al-Li-V,3,17,"[""component-final-8e1fbdae4c717bead751ef3f:d0000017-c0""]",1,0,,,[true],[null],[null],"[""select_for_evaluation""]",[],,,,False,component-final-8e1fbdae4c717bead751ef3f:d0000017-c0,False,
component-final-d183e09d99cadf104f59d07e,es_only_independent,Al-Li-V,4,0,"[""component-final-d183e09d99cadf104f59d07e:d0000000-c0""]",1,0,,,[true],[null],[null],"[""generate_structures""]",[],,,,False,component-final-d183e09d99cadf104f59d07e:d0000000-c0,False,
component-final-d183e09d99cadf104f59d07e,es_only_independent,Al-Li-V,4,1,"[""component-final-d183e09d99cadf104f59d07e:d0000001-c0""]",1,0,,,[true],[null],[null],"[""select_for_evaluation""]",[],,,,False,component-final-d183e09d99cadf104f59d07e:d0000001-c0,False,
component-final-d183e09d99cadf104f59d07e,es_only_independent,Al-Li-V,4,2,"[""component-final-d183e09d99cadf104f59d07e:d0000002-c0""]",1,0,,,[true],[null],[null],"[""select_for_evaluation""]",[],,,,False,component-final-d183e09d99cadf104f59d07e:d0000002-c0,False,
component-final-d183e09d99cadf104f59d07e,es_only_independent,Al-Li-V,4,3,"[""component-final-d183e09d99cadf104f59d07e:d0000003-c0""]",1,0,,,[true],[null],[null],"[""select_for_evaluation""]",[],,,,False,component-final-d183e09d99cadf104f59d07e:d0000003-c0,False,
component-final-d183e09d99cadf104f59d07e,es_only_independent,Al-Li-V,4,4,"[""component-final-d183e09d99cadf104f59d07e:d0000004-c0""]",1,0,,,[true],[null],[null],"[""generate_structures""]",[],,,,False,component-final-d183e09d99cadf104f59d07e:d0000004-c0,False,
component-final-d183e09d99cadf104f59d07e,es_only_independent,Al-Li-V,4,5,"[""component-final-d183e09d99cadf104f59d07e:d0000005-c0""]",1,0,,,[true],[null],[null],"[""generate_structures""]",[],,,,False,component-final-d183e09d99cadf104f59d07e:d0000005-c0,False,
component-final-d183e09d99cadf104f59d07e,es_only_independent,Al-Li-V,4,6,"[""component-final-d183e09d99cadf104f59d07e:d0000006-c0""]",1,0,,,[true],[null],[null],"[""generate_structures""]",[],,,,False,component-final-d183e09d99cadf104f59d07e:d0000006-c0,False,
component-final-d183e09d99cadf104f59d07e,es_only_independent,Al-Li-V,4,7,"[""component-final-d183e09d99cadf104f59d07e:d0000007-c0""]",1,0,,,[true],[null],[null],"[""select_for_evaluation""]",[],,,,False,component-final-d183e09d99cadf104f59d07e:d0000007-c0,False,
component-final-d183e09d99cadf104f59d07e,es_only_independent,Al-Li-V,4,8,"[""component-final-d183e09d99cadf104f59d07e:d0000008-c0""]",1,0,,,[true],[null],[null],"[""select_for_evaluation""]",[],,,,False,component-final-d183e09d99cadf104f59d07e:d0000008-c0,False,
component-final-d183e09d99cadf104f59d07e,es_only_independent,Al-Li-V,4,9,"[""component-final-d183e09d99cadf104f59d07e:d0000009-c0""]",1,0,,,[true],[null],[null],"[""select_for_evaluation""]",[],,,,False,component-final-d183e09d99cadf104f59d07e:d0000009-c0,False,
component-final-d183e09d99cadf104f59d07e,es_only_independent,Al-Li-V,4,10,"[""component-final-d183e09d99cadf104f59d07e:d0000010-c0""]",1,0,,,[true],[null],[null],"[""select_for_evaluation""]",[],,,,False,component-final-d183e09d99cadf104f59d07e:d0000010-c0,False,
component-final-d183e09d99cadf104f59d07e,es_only_independent,Al-Li-V,4,11,"[""component-final-d183e09d99cadf104f59d07e:d0000011-c0""]",1,0,,,[true],[null],[null],"[""select_for_evaluation""]",[],,,,False,component-final-d183e09d99cadf104f59d07e:d0000011-c0,False,
component-final-d183e09d99cadf104f59d07e,es_only_independent,Al-Li-V,4,12,"[""component-final-d183e09d99cadf104f59d07e:d0000012-c0""]",1,0,,,[true],[null],[null],"[""select_for_evaluation""]",[],,,,False,component-final-d183e09d99cadf104f59d07e:d0000012-c0,False,
component-final-d183e09d99cadf104f59d07e,es_only_independent,Al-Li-V,4,13,"[""component-final-d183e09d99cadf104f59d07e:d0000013-c0""]",1,0,,,[true],[null],[null],"[""select_for_evaluation""]",[],,,,False,component-final-d183e09d99cadf104f59d07e:d0000013-c0,False,
component-final-d183e09d99cadf104f59d07e,es_only_independent,Al-Li-V,4,14,"[""component-final-d183e09d99cadf104f59d07e:d0000014-c0""]",1,0,,,[true],[null],[null],"[""generate_structures""]",[],,,,False,component-final-d183e09d99cadf104f59d07e:d0000014-c0,False,
component-final-d183e09d99cadf104f59d07e,es_only_independent,Al-Li-V,4,15,"[""component-final-d183e09d99cadf104f59d07e:d0000015-c0""]",1,0,,,[true],[null],[null],"[""select_for_evaluation""]",[],,,,False,component-final-d183e09d99cadf104f59d07e:d0000015-c0,False,
component-final-d183e09d99cadf104f59d07e,es_only_independent,Al-Li-V,4,16,"[""component-final-d183e09d99cadf104f59d07e:d0000016-c0""]",1,0,,,[true],[null],[null],"[""score_buffer""]",[],,,,False,component-final-d183e09d99cadf104f59d07e:d0000016-c0,False,
component-final-d183e09d99cadf104f59d07e,es_only_independent,Al-Li-V,4,17,"[""component-final-d183e09d99cadf104f59d07e:d0000017-c0""]",1,0,,,[true],[null],[null],"[""select_for_evaluation""]",[],,,,False,component-final-d183e09d99cadf104f59d07e:d0000017-c0,False,
component-final-d183e09d99cadf104f59d07e,es_only_independent,Al-Li-V,4,18,"[""component-final-d183e09d99cadf104f59d07e:d0000018-c0""]",1,0,,,[true],[null],[null],"[""generate_structures""]",[],,,,False,component-final-d183e09d99cadf104f59d07e:d0000018-c0,False,
component-final-d183e09d99cadf104f59d07e,es_only_independent,Al-Li-V,4,19,"[""component-final-d183e09d99cadf104f59d07e:d0000019-c0""]",1,0,,,[true],[null],[null],"[""select_for_evaluation""]",[],,,,False,component-final-d183e09d99cadf104f59d07e:d0000019-c0,False,
component-final-b20a8fccedb10da7d5ed97a6,es_only_independent,Al-V-Zn,2,0,"[""component-final-b20a8fccedb10da7d5ed97a6:d0000000-c0"", ""component-final-b20a8fccedb10da7d5ed97a6:d0000000-c1""]",2,1,,,"[false, true]","[null, null]","[null, null]","[null, ""generate_structures""]",[],,,,False,component-final-b20a8fccedb10da7d5ed97a6:d0000000-c1,True,
component-final-b20a8fccedb10da7d5ed97a6,es_only_independent,Al-V-Zn,2,1,"[""component-final-b20a8fccedb10da7d5ed97a6:d0000001-c0""]",1,0,,,[true],[null],[null],"[""select_for_evaluation""]",[],,,,False,component-final-b20a8fccedb10da7d5ed97a6:d0000001-c0,False,
component-final-b20a8fccedb10da7d5ed97a6,es_only_independent,Al-V-Zn,2,2,"[""component-final-b20a8fccedb10da7d5ed97a6:d0000002-c0""]",1,0,,,[true],[null],[null],"[""score_buffer""]",[],,,,False,component-final-b20a8fccedb10da7d5ed97a6:d0000002-c0,False,
component-final-b20a8fccedb10da7d5ed97a6,es_only_independent,Al-V-Zn,2,3,"[""component-final-b20a8fccedb10da7d5ed97a6:d0000003-c0""]",1,0,,,[true],[null],[null],"[""select_for_evaluation""]",[],,,,False,component-final-b20a8fccedb10da7d5ed97a6:d0000003-c0,False,
component-final-b20a8fccedb10da7d5ed97a6,es_only_independent,Al-V-Zn,2,4,"[""component-final-b20a8fccedb10da7d5ed97a6:d0000004-c0"", ""component-final-b20a8fccedb10da7d5ed97a6:d0000004-c1""]",2,1,,,"[false, true]","[null, null]","[null, null]","[null, ""generate_structures""]",[],,,,False,component-final-b20a8fccedb10da7d5ed97a6:d0000004-c1,True,
component-final-b20a8fccedb10da7d5ed97a6,es_only_independent,Al-V-Zn,2,5,"[""component-final-b20a8fccedb10da7d5ed97a6:d0000005-c0""]",1,0,,,[true],[null],[null],"[""select_for_evaluation""]",[],,,,False,component-final-b20a8fccedb10da7d5ed97a6:d0000005-c0,False,
component-final-b20a8fccedb10da7d5ed97a6,es_only_independent,Al-V-Zn,2,6,"[""component-final-b20a8fccedb10da7d5ed97a6:d0000006-c0""]",1,0,,,[true],[null],[null],"[""generate_structures""]",[],,,,False,component-final-b20a8fccedb10da7d5ed97a6:d0000006-c0,False,
component-final-b20a8fccedb10da7d5ed97a6,es_only_independent,Al-V-Zn,2,7,"[""component-final-b20a8fccedb10da7d5ed97a6:d0000007-c0""]",1,0,,,[true],[null],[null],"[""select_for_evaluation""]",[],,,,False,component-final-b20a8fccedb10da7d5ed97a6:d0000007-c0,False,
component-final-b20a8fccedb10da7d5ed97a6,es_only_independent,Al-V-Zn,2,8,"[""component-final-b20a8fccedb10da7d5ed97a6:d0000008-c0""]",1,0,,,[true],[null],[null],"[""generate_structures""]",[],,,,False,component-final-b20a8fccedb10da7d5ed97a6:d0000008-c0,False,
component-final-b20a8fccedb10da7d5ed97a6,es_only_independent,Al-V-Zn,2,9,"[""component-final-b20a8fccedb10da7d5ed97a6:d0000009-c0""]",1,0,,,[true],[null],[null],"[""select_for_evaluation""]",[],,,,False,component-final-b20a8fccedb10da7d5ed97a6:d0000009-c0,False,
component-final-b20a8fccedb10da7d5ed97a6,es_only_independent,Al-V-Zn,2,10,"[""component-final-b20a8fccedb10da7d5ed97a6:d0000010-c0""]",1,0,,,[true],[null],[null],"[""select_for_evaluation""]",[],,,,False,component-final-b20a8fccedb10da7d5ed97a6:d0000010-c0,False,
component-final-b20a8fccedb10da7d5ed97a6,es_only_independent,Al-V-Zn,2,11,"[""component-final-b20a8fccedb10da7d5ed97a6:d0000011-c0""]",1,0,,,[true],[null],[null],"[""generate_structures""]",[],,,,False,component-final-b20a8fccedb10da7d5ed97a6:d0000011-c0,False,
component-final-b20a8fccedb10da7d5ed97a6,es_only_independent,Al-V-Zn,2,12,"[""component-final-b20a8fccedb10da7d5ed97a6:d0000012-c0""]",1,0,,,[true],[null],[null],"[""select_for_evaluation""]",[],,,,False,component-final-b20a8fccedb10da7d5ed97a6:d0000012-c0,False,
component-final-b20a8fccedb10da7d5ed97a6,es_only_independent,Al-V-Zn,2,13,"[""component-final-b20a8fccedb10da7d5ed97a6:d0000013-c0""]",1,0,,,[true],[null],[null],"[""generate_structures""]",[],,,,False,component-final-b20a8fccedb10da7d5ed97a6:d0000013-c0,False,
component-final-b20a8fccedb10da7d5ed97a6,es_only_independent,Al-V-Zn,2,14,"[""component-final-b20a8fccedb10da7d5ed97a6:d0000014-c0""]",1,0,,,[true],[null],[null],"[""select_for_evaluation""]",[],,,,False,component-final-b20a8fccedb10da7d5ed97a6:d0000014-c0,False,
component-final-b20a8fccedb10da7d5ed97a6,es_only_independent,Al-V-Zn,2,15,"[""component-final-b20a8fccedb10da7d5ed97a6:d0000015-c0""]",1,0,,,[true],[null],[null],"[""select_for_evaluation""]",[],,,,False,component-final-b20a8fccedb10da7d5ed97a6:d0000015-c0,False,
component-final-b20a8fccedb10da7d5ed97a6,es_only_independent,Al-V-Zn,2,16,"[""component-final-b20a8fccedb10da7d5ed97a6:d0000016-c0""]",1,0,,,[true],[null],[null],"[""select_for_evaluation""]",[],,,,False,component-final-b20a8fccedb10da7d5ed97a6:d0000016-c0,False,
component-final-b20a8fccedb10da7d5ed97a6,es_only_independent,Al-V-Zn,2,17,"[""component-final-b20a8fccedb10da7d5ed97a6:d0000017-c0""]",1,0,,,[true],[null],[null],"[""generate_structures""]",[],,,,False,component-final-b20a8fccedb10da7d5ed97a6:d0000017-c0,False,
component-final-b20a8fccedb10da7d5ed97a6,es_only_independent,Al-V-Zn,2,18,"[""component-final-b20a8fccedb10da7d5ed97a6:d0000018-c0""]",1,0,,,[true],[null],[null],"[""select_for_evaluation""]",[],,,,False,component-final-b20a8fccedb10da7d5ed97a6:d0000018-c0,False,
component-final-b20a8fccedb10da7d5ed97a6,es_only_independent,Al-V-Zn,2,19,"[""component-final-b20a8fccedb10da7d5ed97a6:d0000019-c0""]",1,0,,,[true],[null],[null],"[""select_for_evaluation""]",[],,,,False,component-final-b20a8fccedb10da7d5ed97a6:d0000019-c0,False,
component-final-b20a8fccedb10da7d5ed97a6,es_only_independent,Al-V-Zn,2,20,"[""component-final-b20a8fccedb10da7d5ed97a6:d0000020-c0""]",1,0,,,[true],[null],[null],"[""generate_structures""]",[],,,,False,component-final-b20a8fccedb10da7d5ed97a6:d0000020-c0,False,
component-final-b20a8fccedb10da7d5ed97a6,es_only_independent,Al-V-Zn,2,21,"[""component-final-b20a8fccedb10da7d5ed97a6:d0000021-c0""]",1,0,,,[true],[null],[null],"[""select_for_evaluation""]",[],,,,False,component-final-b20a8fccedb10da7d5ed97a6:d0000021-c0,False,
component-final-02fb34c6b01aed253ffa4730,es_only_independent,Al-V-Zn,3,0,"[""component-final-02fb34c6b01aed253ffa4730:d0000000-c0""]",1,0,,,[true],[null],[null],"[""generate_structures""]",[],,,,False,component-final-02fb34c6b01aed253ffa4730:d0000000-c0,False,
component-final-02fb34c6b01aed253ffa4730,es_only_independent,Al-V-Zn,3,1,"[""component-final-02fb34c6b01aed253ffa4730:d0000001-c0""]",1,0,,,[true],[null],[null],"[""select_for_evaluation""]",[],,,,False,component-final-02fb34c6b01aed253ffa4730:d0000001-c0,False,
component-final-02fb34c6b01aed253ffa4730,es_only_independent,Al-V-Zn,3,2,"[""component-final-02fb34c6b01aed253ffa4730:d0000002-c0""]",1,0,,,[true],[null],[null],"[""select_for_evaluation""]",[],,,,False,component-final-02fb34c6b01aed253ffa4730:d0000002-c0,False,
component-final-02fb34c6b01aed253ffa4730,es_only_independent,Al-V-Zn,3,3,"[""component-final-02fb34c6b01aed253ffa4730:d0000003-c0""]",1,0,,,[true],[null],[null],"[""generate_structures""]",[],,,,False,component-final-02fb34c6b01aed253ffa4730:d0000003-c0,False,
component-final-02fb34c6b01aed253ffa4730,es_only_independent,Al-V-Zn,3,4,"[""component-final-02fb34c6b01aed253ffa4730:d0000004-c0""]",1,0,,,[true],[null],[null],"[""generate_structures""]",[],,,,False,component-final-02fb34c6b01aed253ffa4730:d0000004-c0,False,
component-final-02fb34c6b01aed253ffa4730,es_only_independent,Al-V-Zn,3,5,"[""component-final-02fb34c6b01aed253ffa4730:d0000005-c0""]",1,0,,,[true],[null],[null],"[""select_for_evaluation""]",[],,,,False,component-final-02fb34c6b01aed253ffa4730:d0000005-c0,False,
component-final-02fb34c6b01aed253ffa4730,es_only_independent,Al-V-Zn,3,6,"[""component-final-02fb34c6b01aed253ffa4730:d0000006-c0""]",1,0,,,[true],[null],[null],"[""generate_structures""]",[],,,,False,component-final-02fb34c6b01aed253ffa4730:d0000006-c0,False,
component-final-02fb34c6b01aed253ffa4730,es_only_independent,Al-V-Zn,3,7,"[""component-final-02fb34c6b01aed253ffa4730:d0000007-c0""]",1,0,,,[true],[null],[null],"[""select_for_evaluation""]",[],,,,False,component-final-02fb34c6b01aed253ffa4730:d0000007-c0,False,
component-final-02fb34c6b01aed253ffa4730,es_only_independent,Al-V-Zn,3,8,"[""component-final-02fb34c6b01aed253ffa4730:d0000008-c0""]",1,0,,,[true],[null],[null],"[""generate_structures""]",[],,,,False,component-final-02fb34c6b01aed253ffa4730:d0000008-c0,False,
component-final-02fb34c6b01aed253ffa4730,es_only_independent,Al-V-Zn,3,9,"[""component-final-02fb34c6b01aed253ffa4730:d0000009-c0""]",1,0,,,[true],[null],[null],"[""select_for_evaluation""]",[],,,,False,component-final-02fb34c6b01aed253ffa4730:d0000009-c0,False,
component-final-02fb34c6b01aed253ffa4730,es_only_independent,Al-V-Zn,3,10,"[""component-final-02fb34c6b01aed253ffa4730:d0000010-c0""]",1,0,,,[true],[null],[null],"[""generate_structures""]",[],,,,False,component-final-02fb34c6b01aed253ffa4730:d0000010-c0,False,
component-final-02fb34c6b01aed253ffa4730,es_only_independent,Al-V-Zn,3,11,"[""component-final-02fb34c6b01aed253ffa4730:d0000011-c0""]",1,0,,,[true],[null],[null],"[""generate_structures""]",[],,,,False,component-final-02fb34c6b01aed253ffa4730:d0000011-c0,False,
component-final-02fb34c6b01aed253ffa4730,es_only_independent,Al-V-Zn,3,12,"[""component-final-02fb34c6b01aed253ffa4730:d0000012-c0""]",1,0,,,[true],[null],[null],"[""select_for_evaluation""]",[],,,,False,component-final-02fb34c6b01aed253ffa4730:d0000012-c0,False,
component-final-02fb34c6b01aed253ffa4730,es_only_independent,Al-V-Zn,3,13,"[""component-final-02fb34c6b01aed253ffa4730:d0000013-c0""]",1,0,,,[true],[null],[null],"[""select_for_evaluation""]",[],,,,False,component-final-02fb34c6b01aed253ffa4730:d0000013-c0,False,
component-final-02fb34c6b01aed253ffa4730,es_only_independent,Al-V-Zn,3,14,"[""component-final-02fb34c6b01aed253ffa4730:d0000014-c0""]",1,0,,,[true],[null],[null],"[""generate_structures""]",[],,,,False,component-final-02fb34c6b01aed253ffa4730:d0000014-c0,False,
component-final-02fb34c6b01aed253ffa4730,es_only_independent,Al-V-Zn,3,15,"[""component-final-02fb34c6b01aed253ffa4730:d0000015-c0""]",1,0,,,[true],[null],[null],"[""generate_structures""]",[],,,,False,component-final-02fb34c6b01aed253ffa4730:d0000015-c0,False,
component-final-02fb34c6b01aed253ffa4730,es_only_independent,Al-V-Zn,3,16,"[""component-final-02fb34c6b01aed253ffa4730:d0000016-c0""]",1,0,,,[true],[null],[null],"[""generate_structures""]",[],,,,False,component-final-02fb34c6b01aed253ffa4730:d0000016-c0,False,
component-final-02fb34c6b01aed253ffa4730,es_only_independent,Al-V-Zn,3,17,"[""component-final-02fb34c6b01aed253ffa4730:d0000017-c0"", ""component-final-02fb34c6b01aed253ffa4730:d0000017-c1""]",2,1,,,"[false, true]","[null, null]","[null, null]","[null, ""select_for_evaluation""]",[],,,,False,component-final-02fb34c6b01aed253ffa4730:d0000017-c1,True,
component-final-02fb34c6b01aed253ffa4730,es_only_independent,Al-V-Zn,3,18,"[""component-final-02fb34c6b01aed253ffa4730:d0000018-c0""]",1,0,,,[true],[null],[null],"[""score_buffer""]",[],,,,False,component-final-02fb34c6b01aed253ffa4730:d0000018-c0,False,
component-final-02fb34c6b01aed253ffa4730,es_only_independent,Al-V-Zn,3,19,"[""component-final-02fb34c6b01aed253ffa4730:d0000019-c0""]",1,0,,,[true],[null],[null],"[""select_for_evaluation""]",[],,,,False,component-final-02fb34c6b01aed253ffa4730:d0000019-c0,False,
component-final-02fb34c6b01aed253ffa4730,es_only_independent,Al-V-Zn,3,20,"[""component-final-02fb34c6b01aed253ffa4730:d0000020-c0""]",1,0,,,[true],[null],[null],"[""score_buffer""]",[],,,,False,component-final-02fb34c6b01aed253ffa4730:d0000020-c0,False,
component-final-02fb34c6b01aed253ffa4730,es_only_independent,Al-V-Zn,3,21,"[""component-final-02fb34c6b01aed253ffa4730:d0000021-c0""]",1,0,,,[true],[null],[null],"[""select_for_evaluation""]",[],,,,False,component-final-02fb34c6b01aed253ffa4730:d0000021-c0,False,
component-final-02fb34c6b01aed253ffa4730,es_only_independent,Al-V-Zn,3,22,"[""component-final-02fb34c6b01aed253ffa4730:d0000022-c0""]",1,0,,,[true],[null],[null],"[""generate_structures""]",[],,,,False,component-final-02fb34c6b01aed253ffa4730:d0000022-c0,False,
component-final-02fb34c6b01aed253ffa4730,es_only_independent,Al-V-Zn,3,23,"[""component-final-02fb34c6b01aed253ffa4730:d0000023-c0""]",1,0,,,[true],[null],[null],"[""generate_structures""]",[],,,,False,component-final-02fb34c6b01aed253ffa4730:d0000023-c0,False,
component-final-02fb34c6b01aed253ffa4730,es_only_independent,Al-V-Zn,3,24,"[""component-final-02fb34c6b01aed253ffa4730:d0000024-c0""]",1,0,,,[true],[null],[null],"[""select_for_evaluation""]",[],,,,False,component-final-02fb34c6b01aed253ffa4730:d0000024-c0,False,
component-final-02fb34c6b01aed253ffa4730,es_only_independent,Al-V-Zn,3,25,"[""component-final-02fb34c6b01aed253ffa4730:d0000025-c0""]",1,0,,,[true],[null],[null],"[""generate_structures""]",[],,,,False,component-final-02fb34c6b01aed253ffa4730:d0000025-c0,False,
component-final-02fb34c6b01aed253ffa4730,es_only_independent,Al-V-Zn,3,26,"[""component-final-02fb34c6b01aed253ffa4730:d0000026-c0""]",1,0,,,[true],[null],[null],"[""select_for_evaluation""]",[],,,,False,component-final-02fb34c6b01aed253ffa4730:d0000026-c0,False,
component-final-2ba86fe5167c7c377083c728,es_only_independent,Al-V-Zn,4,0,"[""component-final-2ba86fe5167c7c377083c728:d0000000-c0""]",1,0,,,[true],[null],[null],"[""generate_structures""]",[],,,,False,component-final-2ba86fe5167c7c377083c728:d0000000-c0,False,
component-final-2ba86fe5167c7c377083c728,es_only_independent,Al-V-Zn,4,1,"[""component-final-2ba86fe5167c7c377083c728:d0000001-c0""]",1,0,,,[true],[null],[null],"[""select_for_evaluation""]",[],,,,False,component-final-2ba86fe5167c7c377083c728:d0000001-c0,False,
component-final-2ba86fe5167c7c377083c728,es_only_independent,Al-V-Zn,4,2,"[""component-final-2ba86fe5167c7c377083c728:d0000002-c0""]",1,0,,,[true],[null],[null],"[""select_for_evaluation""]",[],,,,False,component-final-2ba86fe5167c7c377083c728:d0000002-c0,False,
component-final-2ba86fe5167c7c377083c728,es_only_independent,Al-V-Zn,4,3,"[""component-final-2ba86fe5167c7c377083c728:d0000003-c0""]",1,0,,,[true],[null],[null],"[""select_for_evaluation""]",[],,,,False,component-final-2ba86fe5167c7c377083c728:d0000003-c0,False,
component-final-2ba86fe5167c7c377083c728,es_only_independent,Al-V-Zn,4,4,"[""component-final-2ba86fe5167c7c377083c728:d0000004-c0""]",1,0,,,[true],[null],[null],"[""generate_structures""]",[],,,,False,component-final-2ba86fe5167c7c377083c728:d0000004-c0,False,
component-final-2ba86fe5167c7c377083c728,es_only_independent,Al-V-Zn,4,5,"[""component-final-2ba86fe5167c7c377083c728:d0000005-c0""]",1,0,,,[true],[null],[null],"[""select_for_evaluation""]",[],,,,False,component-final-2ba86fe5167c7c377083c728:d0000005-c0,False,
component-final-2ba86fe5167c7c377083c728,es_only_independent,Al-V-Zn,4,6,"[""component-final-2ba86fe5167c7c377083c728:d0000006-c0""]",1,0,,,[true],[null],[null],"[""generate_structures""]",[],,,,False,component-final-2ba86fe5167c7c377083c728:d0000006-c0,False,
component-final-2ba86fe5167c7c377083c728,es_only_independent,Al-V-Zn,4,7,"[""component-final-2ba86fe5167c7c377083c728:d0000007-c0""]",1,0,,,[true],[null],[null],"[""select_for_evaluation""]",[],,,,False,component-final-2ba86fe5167c7c377083c728:d0000007-c0,False,
component-final-2ba86fe5167c7c377083c728,es_only_independent,Al-V-Zn,4,8,"[""component-final-2ba86fe5167c7c377083c728:d0000008-c0""]",1,0,,,[true],[null],[null],"[""select_for_evaluation""]",[],,,,False,component-final-2ba86fe5167c7c377083c728:d0000008-c0,False,
component-final-2ba86fe5167c7c377083c728,es_only_independent,Al-V-Zn,4,9,"[""component-final-2ba86fe5167c7c377083c728:d0000009-c0""]",1,0,,,[true],[null],[null],"[""select_for_evaluation""]",[],,,,False,component-final-2ba86fe5167c7c377083c728:d0000009-c0,False,
component-final-2ba86fe5167c7c377083c728,es_only_independent,Al-V-Zn,4,10,"[""component-final-2ba86fe5167c7c377083c728:d0000010-c0""]",1,0,,,[true],[null],[null],"[""select_for_evaluation""]",[],,,,False,component-final-2ba86fe5167c7c377083c728:d0000010-c0,False,
component-final-2ba86fe5167c7c377083c728,es_only_independent,Al-V-Zn,4,11,"[""component-final-2ba86fe5167c7c377083c728:d0000011-c0""]",1,0,,,[true],[null],[null],"[""select_for_evaluation""]",[],,,,False,component-final-2ba86fe5167c7c377083c728:d0000011-c0,False,
component-final-2ba86fe5167c7c377083c728,es_only_independent,Al-V-Zn,4,12,"[""component-final-2ba86fe5167c7c377083c728:d0000012-c0""]",1,0,,,[true],[null],[null],"[""select_for_evaluation""]",[],,,,False,component-final-2ba86fe5167c7c377083c728:d0000012-c0,False,
component-final-2ba86fe5167c7c377083c728,es_only_independent,Al-V-Zn,4,13,"[""component-final-2ba86fe5167c7c377083c728:d0000013-c0""]",1,0,,,[true],[null],[null],"[""score_buffer""]",[],,,,False,component-final-2ba86fe5167c7c377083c728:d0000013-c0,False,
component-final-2ba86fe5167c7c377083c728,es_only_independent,Al-V-Zn,4,14,"[""component-final-2ba86fe5167c7c377083c728:d0000014-c0""]",1,0,,,[true],[null],[null],"[""generate_structures""]",[],,,,False,component-final-2ba86fe5167c7c377083c728:d0000014-c0,False,
component-final-2ba86fe5167c7c377083c728,es_only_independent,Al-V-Zn,4,15,"[""component-final-2ba86fe5167c7c377083c728:d0000015-c0"", ""component-final-2ba86fe5167c7c377083c728:d0000015-c1""]",2,1,,,"[false, true]","[null, null]","[null, null]","[null, ""select_for_evaluation""]",[],,,,False,component-final-2ba86fe5167c7c377083c728:d0000015-c1,True,
component-final-637e688029854bff551ffb68,es_only_independent,Au-K-Tb,2,0,"[""component-final-637e688029854bff551ffb68:d0000000-c0"", ""component-final-637e688029854bff551ffb68:d0000000-c1""]",2,1,,,"[false, true]","[null, null]","[null, null]","[null, ""generate_structures""]",[],,,,False,component-final-637e688029854bff551ffb68:d0000000-c1,True,
component-final-637e688029854bff551ffb68,es_only_independent,Au-K-Tb,2,1,"[""component-final-637e688029854bff551ffb68:d0000001-c0""]",1,0,,,[true],[null],[null],"[""select_for_evaluation""]",[],,,,False,component-final-637e688029854bff551ffb68:d0000001-c0,False,
component-final-637e688029854bff551ffb68,es_only_independent,Au-K-Tb,2,2,"[""component-final-637e688029854bff551ffb68:d0000002-c0""]",1,0,,,[true],[null],[null],"[""score_buffer""]",[],,,,False,component-final-637e688029854bff551ffb68:d0000002-c0,False,
component-final-637e688029854bff551ffb68,es_only_independent,Au-K-Tb,2,3,"[""component-final-637e688029854bff551ffb68:d0000003-c0""]",1,0,,,[true],[null],[null],"[""select_for_evaluation""]",[],,,,False,component-final-637e688029854bff551ffb68:d0000003-c0,False,
component-final-637e688029854bff551ffb68,es_only_independent,Au-K-Tb,2,4,"[""component-final-637e688029854bff551ffb68:d0000004-c0""]",1,0,,,[true],[null],[null],"[""select_for_evaluation""]",[],,,,False,component-final-637e688029854bff551ffb68:d0000004-c0,False,
component-final-637e688029854bff551ffb68,es_only_independent,Au-K-Tb,2,5,"[""component-final-637e688029854bff551ffb68:d0000005-c0""]",1,0,,,[true],[null],[null],"[""select_for_evaluation""]",[],,,,False,component-final-637e688029854bff551ffb68:d0000005-c0,False,
component-final-637e688029854bff551ffb68,es_only_independent,Au-K-Tb,2,6,"[""component-final-637e688029854bff551ffb68:d0000006-c0""]",1,0,,,[true],[null],[null],"[""generate_structures""]",[],,,,False,component-final-637e688029854bff551ffb68:d0000006-c0,False,
component-final-637e688029854bff551ffb68,es_only_independent,Au-K-Tb,2,7,"[""component-final-637e688029854bff551ffb68:d0000007-c0""]",1,0,,,[true],[null],[null],"[""select_for_evaluation""]",[],,,,False,component-final-637e688029854bff551ffb68:d0000007-c0,False,
component-final-637e688029854bff551ffb68,es_only_independent,Au-K-Tb,2,8,"[""component-final-637e688029854bff551ffb68:d0000008-c0""]",1,0,,,[true],[null],[null],"[""score_buffer""]",[],,,,False,component-final-637e688029854bff551ffb68:d0000008-c0,False,
component-final-637e688029854bff551ffb68,es_only_independent,Au-K-Tb,2,9,"[""component-final-637e688029854bff551ffb68:d0000009-c0""]",1,0,,,[true],[null],[null],"[""select_for_evaluation""]",[],,,,False,component-final-637e688029854bff551ffb68:d0000009-c0,False,
component-final-637e688029854bff551ffb68,es_only_independent,Au-K-Tb,2,10,"[""component-final-637e688029854bff551ffb68:d0000010-c0""]",1,0,,,[true],[null],[null],"[""generate_structures""]",[],,,,False,component-final-637e688029854bff551ffb68:d0000010-c0,False,
component-final-637e688029854bff551ffb68,es_only_independent,Au-K-Tb,2,11,"[""component-final-637e688029854bff551ffb68:d0000011-c0""]",1,0,,,[true],[null],[null],"[""generate_structures""]",[],,,,False,component-final-637e688029854bff551ffb68:d0000011-c0,False,
component-final-637e688029854bff551ffb68,es_only_independent,Au-K-Tb,2,12,"[""component-final-637e688029854bff551ffb68:d0000012-c0""]",1,0,,,[true],[null],[null],"[""select_for_evaluation""]",[],,,,False,component-final-637e688029854bff551ffb68:d0000012-c0,False,
component-final-637e688029854bff551ffb68,es_only_independent,Au-K-Tb,2,13,"[""component-final-637e688029854bff551ffb68:d0000013-c0""]",1,0,,,[true],[null],[null],"[""generate_structures""]",[],,,,False,component-final-637e688029854bff551ffb68:d0000013-c0,False,
component-final-637e688029854bff551ffb68,es_only_independent,Au-K-Tb,2,14,"[""component-final-637e688029854bff551ffb68:d0000014-c0""]",1,0,,,[true],[null],[null],"[""select_for_evaluation""]",[],,,,False,component-final-637e688029854bff551ffb68:d0000014-c0,False,
component-final-637e688029854bff551ffb68,es_only_independent,Au-K-Tb,2,15,"[""component-final-637e688029854bff551ffb68:d0000015-c0""]",1,0,,,[true],[null],[null],"[""select_for_evaluation""]",[],,,,False,component-final-637e688029854bff551ffb68:d0000015-c0,False,
component-final-637e688029854bff551ffb68,es_only_independent,Au-K-Tb,2,16,"[""component-final-637e688029854bff551ffb68:d0000016-c0""]",1,0,,,[true],[null],[null],"[""select_for_evaluation""]",[],,,,False,component-final-637e688029854bff551ffb68:d0000016-c0,False,
component-final-637e688029854bff551ffb68,es_only_independent,Au-K-Tb,2,17,"[""component-final-637e688029854bff551ffb68:d0000017-c0""]",1,0,,,[true],[null],[null],"[""generate_structures""]",[],,,,False,component-final-637e688029854bff551ffb68:d0000017-c0,False,
component-final-637e688029854bff551ffb68,es_only_independent,Au-K-Tb,2,18,"[""component-final-637e688029854bff551ffb68:d0000018-c0""]",1,0,,,[true],[null],[null],"[""select_for_evaluation""]",[],,,,False,component-final-637e688029854bff551ffb68:d0000018-c0,False,
component-final-637e688029854bff551ffb68,es_only_independent,Au-K-Tb,2,19,"[""component-final-637e688029854bff551ffb68:d0000019-c0""]",1,0,,,[true],[null],[null],"[""select_for_evaluation""]",[],,,,False,component-final-637e688029854bff551ffb68:d0000019-c0,False,
component-final-f01350a0031f3cb06d45632e,es_only_independent,Au-K-Tb,3,0,"[""component-final-f01350a0031f3cb06d45632e:d0000000-c0""]",1,0,,,[true],[null],[null],"[""generate_structures""]",[],,,,False,component-final-f01350a0031f3cb06d45632e:d0000000-c0,False,
component-final-f01350a0031f3cb06d45632e,es_only_independent,Au-K-Tb,3,1,"[""component-final-f01350a0031f3cb06d45632e:d0000001-c0""]",1,0,,,[true],[null],[null],"[""select_for_evaluation""]",[],,,,False,component-final-f01350a0031f3cb06d45632e:d0000001-c0,False,
component-final-f01350a0031f3cb06d45632e,es_only_independent,Au-K-Tb,3,2,"[""component-final-f01350a0031f3cb06d45632e:d0000002-c0""]",1,0,,,[true],[null],[null],"[""select_for_evaluation""]",[],,,,False,component-final-f01350a0031f3cb06d45632e:d0000002-c0,False,
component-final-f01350a0031f3cb06d45632e,es_only_independent,Au-K-Tb,3,3,"[""component-final-f01350a0031f3cb06d45632e:d0000003-c0""]",1,0,,,[true],[null],[null],"[""generate_structures""]",[],,,,False,component-final-f01350a0031f3cb06d45632e:d0000003-c0,False,
component-final-f01350a0031f3cb06d45632e,es_only_independent,Au-K-Tb,3,4,"[""component-final-f01350a0031f3cb06d45632e:d0000004-c0"", ""component-final-f01350a0031f3cb06d45632e:d0000004-c1""]",2,1,,,"[false, true]","[null, null]","[null, null]","[null, ""select_for_evaluation""]",[],,,,False,component-final-f01350a0031f3cb06d45632e:d0000004-c1,True,
component-final-f01350a0031f3cb06d45632e,es_only_independent,Au-K-Tb,3,5,"[""component-final-f01350a0031f3cb06d45632e:d0000005-c0""]",1,0,,,[true],[null],[null],"[""select_for_evaluation""]",[],,,,False,component-final-f01350a0031f3cb06d45632e:d0000005-c0,False,
component-final-f01350a0031f3cb06d45632e,es_only_independent,Au-K-Tb,3,6,"[""component-final-f01350a0031f3cb06d45632e:d0000006-c0""]",1,0,,,[true],[null],[null],"[""select_for_evaluation""]",[],,,,False,component-final-f01350a0031f3cb06d45632e:d0000006-c0,False,
component-final-f01350a0031f3cb06d45632e,es_only_independent,Au-K-Tb,3,7,"[""component-final-f01350a0031f3cb06d45632e:d0000007-c0""]",1,0,,,[true],[null],[null],"[""select_for_evaluation""]",[],,,,False,component-final-f01350a0031f3cb06d45632e:d0000007-c0,False,
component-final-f01350a0031f3cb06d45632e,es_only_independent,Au-K-Tb,3,8,"[""component-final-f01350a0031f3cb06d45632e:d0000008-c0""]",1,0,,,[true],[null],[null],"[""select_for_evaluation""]",[],,,,False,component-final-f01350a0031f3cb06d45632e:d0000008-c0,False,
component-final-f01350a0031f3cb06d45632e,es_only_independent,Au-K-Tb,3,9,"[""component-final-f01350a0031f3cb06d45632e:d0000009-c0""]",1,0,,,[true],[null],[null],"[""generate_structures""]",[],,,,False,component-final-f01350a0031f3cb06d45632e:d0000009-c0,False,
component-final-f01350a0031f3cb06d45632e,es_only_independent,Au-K-Tb,3,10,"[""component-final-f01350a0031f3cb06d45632e:d0000010-c0""]",1,0,,,[true],[null],[null],"[""generate_structures""]",[],,,,False,component-final-f01350a0031f3cb06d45632e:d0000010-c0,False,
component-final-f01350a0031f3cb06d45632e,es_only_independent,Au-K-Tb,3,11,"[""component-final-f01350a0031f3cb06d45632e:d0000011-c0""]",1,0,,,[true],[null],[null],"[""generate_structures""]",[],,,,False,component-final-f01350a0031f3cb06d45632e:d0000011-c0,False,
component-final-f01350a0031f3cb06d45632e,es_only_independent,Au-K-Tb,3,12,"[""component-final-f01350a0031f3cb06d45632e:d0000012-c0""]",1,0,,,[true],[null],[null],"[""select_for_evaluation""]",[],,,,False,component-final-f01350a0031f3cb06d45632e:d0000012-c0,False,
component-final-f01350a0031f3cb06d45632e,es_only_independent,Au-K-Tb,3,13,"[""component-final-f01350a0031f3cb06d45632e:d0000013-c0""]",1,0,,,[true],[null],[null],"[""select_for_evaluation""]",[],,,,False,component-final-f01350a0031f3cb06d45632e:d0000013-c0,False,
component-final-f01350a0031f3cb06d45632e,es_only_independent,Au-K-Tb,3,14,"[""component-final-f01350a0031f3cb06d45632e:d0000014-c0""]",1,0,,,[true],[null],[null],"[""select_for_evaluation""]",[],,,,False,component-final-f01350a0031f3cb06d45632e:d0000014-c0,False,
component-final-f01350a0031f3cb06d45632e,es_only_independent,Au-K-Tb,3,15,"[""component-final-f01350a0031f3cb06d45632e:d0000015-c0""]",1,0,,,[true],[null],[null],"[""generate_structures""]",[],,,,False,component-final-f01350a0031f3cb06d45632e:d0000015-c0,False,
component-final-f01350a0031f3cb06d45632e,es_only_independent,Au-K-Tb,3,16,"[""component-final-f01350a0031f3cb06d45632e:d0000016-c0""]",1,0,,,[true],[null],[null],"[""generate_structures""]",[],,,,False,component-final-f01350a0031f3cb06d45632e:d0000016-c0,False,
component-final-f01350a0031f3cb06d45632e,es_only_independent,Au-K-Tb,3,17,"[""component-final-f01350a0031f3cb06d45632e:d0000017-c0""]",1,0,,,[true],[null],[null],"[""generate_structures""]",[],,,,False,component-final-f01350a0031f3cb06d45632e:d0000017-c0,False,
component-final-f01350a0031f3cb06d45632e,es_only_independent,Au-K-Tb,3,18,"[""component-final-f01350a0031f3cb06d45632e:d0000018-c0""]",1,0,,,[true],[null],[null],"[""select_for_evaluation""]",[],,,,False,component-final-f01350a0031f3cb06d45632e:d0000018-c0,False,
component-final-f01350a0031f3cb06d45632e,es_only_independent,Au-K-Tb,3,19,"[""component-final-f01350a0031f3cb06d45632e:d0000019-c0""]",1,0,,,[true],[null],[null],"[""generate_structures""]",[],,,,False,component-final-f01350a0031f3cb06d45632e:d0000019-c0,False,
component-final-f01350a0031f3cb06d45632e,es_only_independent,Au-K-Tb,3,20,"[""component-final-f01350a0031f3cb06d45632e:d0000020-c0""]",1,0,,,[true],[null],[null],"[""select_for_evaluation""]",[],,,,False,component-final-f01350a0031f3cb06d45632e:d0000020-c0,False,
component-final-f01350a0031f3cb06d45632e,es_only_independent,Au-K-Tb,3,21,"[""component-final-f01350a0031f3cb06d45632e:d0000021-c0""]",1,0,,,[true],[null],[null],"[""generate_structures""]",[],,,,False,component-final-f01350a0031f3cb06d45632e:d0000021-c0,False,
component-final-f01350a0031f3cb06d45632e,es_only_independent,Au-K-Tb,3,22,"[""component-final-f01350a0031f3cb06d45632e:d0000022-c0""]",1,0,,,[true],[null],[null],"[""select_for_evaluation""]",[],,,,False,component-final-f01350a0031f3cb06d45632e:d0000022-c0,False,
component-final-fd363bc50f56142b92b62728,es_only_independent,Au-K-Tb,4,0,"[""component-final-fd363bc50f56142b92b62728:d0000000-c0""]",1,0,,,[true],[null],[null],"[""generate_structures""]",[],,,,False,component-final-fd363bc50f56142b92b62728:d0000000-c0,False,
component-final-fd363bc50f56142b92b62728,es_only_independent,Au-K-Tb,4,1,"[""component-final-fd363bc50f56142b92b62728:d0000001-c0""]",1,0,,,[true],[null],[null],"[""select_for_evaluation""]",[],,,,False,component-final-fd363bc50f56142b92b62728:d0000001-c0,False,
component-final-fd363bc50f56142b92b62728,es_only_independent,Au-K-Tb,4,2,"[""component-final-fd363bc50f56142b92b62728:d0000002-c0""]",1,0,,,[true],[null],[null],"[""select_for_evaluation""]",[],,,,False,component-final-fd363bc50f56142b92b62728:d0000002-c0,False,
component-final-fd363bc50f56142b92b62728,es_only_independent,Au-K-Tb,4,3,"[""component-final-fd363bc50f56142b92b62728:d0000003-c0""]",1,0,,,[true],[null],[null],"[""select_for_evaluation""]",[],,,,False,component-final-fd363bc50f56142b92b62728:d0000003-c0,False,
component-final-fd363bc50f56142b92b62728,es_only_independent,Au-K-Tb,4,4,"[""component-final-fd363bc50f56142b92b62728:d0000004-c0""]",1,0,,,[true],[null],[null],"[""select_for_evaluation""]",[],,,,False,component-final-fd363bc50f56142b92b62728:d0000004-c0,False,
component-final-fd363bc50f56142b92b62728,es_only_independent,Au-K-Tb,4,5,"[""component-final-fd363bc50f56142b92b62728:d0000005-c0""]",1,0,,,[true],[null],[null],"[""select_for_evaluation""]",[],,,,False,component-final-fd363bc50f56142b92b62728:d0000005-c0,False,
component-final-fd363bc50f56142b92b62728,es_only_independent,Au-K-Tb,4,6,"[""component-final-fd363bc50f56142b92b62728:d0000006-c0""]",1,0,,,[true],[null],[null],"[""select_for_evaluation""]",[],,,,False,component-final-fd363bc50f56142b92b62728:d0000006-c0,False,
component-final-fd363bc50f56142b92b62728,es_only_independent,Au-K-Tb,4,7,"[""component-final-fd363bc50f56142b92b62728:d0000007-c0""]",1,0,,,[true],[null],[null],"[""generate_structures""]",[],,,,False,component-final-fd363bc50f56142b92b62728:d0000007-c0,False,
component-final-fd363bc50f56142b92b62728,es_only_independent,Au-K-Tb,4,8,"[""component-final-fd363bc50f56142b92b62728:d0000008-c0""]",1,0,,,[true],[null],[null],"[""select_for_evaluation""]",[],,,,False,component-final-fd363bc50f56142b92b62728:d0000008-c0,False,
component-final-fd363bc50f56142b92b62728,es_only_independent,Au-K-Tb,4,9,"[""component-final-fd363bc50f56142b92b62728:d0000009-c0""]",1,0,,,[true],[null],[null],"[""select_for_evaluation""]",[],,,,False,component-final-fd363bc50f56142b92b62728:d0000009-c0,False,
component-final-fd363bc50f56142b92b62728,es_only_independent,Au-K-Tb,4,10,"[""component-final-fd363bc50f56142b92b62728:d0000010-c0""]",1,0,,,[true],[null],[null],"[""select_for_evaluation""]",[],,,,False,component-final-fd363bc50f56142b92b62728:d0000010-c0,False,
component-final-fd363bc50f56142b92b62728,es_only_independent,Au-K-Tb,4,11,"[""component-final-fd363bc50f56142b92b62728:d0000011-c0""]",1,0,,,[true],[null],[null],"[""select_for_evaluation""]",[],,,,False,component-final-fd363bc50f56142b92b62728:d0000011-c0,False,
component-final-fd363bc50f56142b92b62728,es_only_independent,Au-K-Tb,4,12,"[""component-final-fd363bc50f56142b92b62728:d0000012-c0""]",1,0,,,[true],[null],[null],"[""select_for_evaluation""]",[],,,,False,component-final-fd363bc50f56142b92b62728:d0000012-c0,False,
component-final-fd363bc50f56142b92b62728,es_only_independent,Au-K-Tb,4,13,"[""component-final-fd363bc50f56142b92b62728:d0000013-c0""]",1,0,,,[true],[null],[null],"[""select_for_evaluation""]",[],,,,False,component-final-fd363bc50f56142b92b62728:d0000013-c0,False,
component-final-fd363bc50f56142b92b62728,es_only_independent,Au-K-Tb,4,14,"[""component-final-fd363bc50f56142b92b62728:d0000014-c0""]",1,0,,,[true],[null],[null],"[""generate_structures""]",[],,,,False,component-final-fd363bc50f56142b92b62728:d0000014-c0,False,
component-final-fd363bc50f56142b92b62728,es_only_independent,Au-K-Tb,4,15,"[""component-final-fd363bc50f56142b92b62728:d0000015-c0""]",1,0,,,[true],[null],[null],"[""select_for_evaluation""]",[],,,,False,component-final-fd363bc50f56142b92b62728:d0000015-c0,False,
component-final-fd363bc50f56142b92b62728,es_only_independent,Au-K-Tb,4,16,"[""component-final-fd363bc50f56142b92b62728:d0000016-c0""]",1,0,,,[true],[null],[null],"[""score_buffer""]",[],,,,False,component-final-fd363bc50f56142b92b62728:d0000016-c0,False,
component-final-fd363bc50f56142b92b62728,es_only_independent,Au-K-Tb,4,17,"[""component-final-fd363bc50f56142b92b62728:d0000017-c0""]",1,0,,,[true],[null],[null],"[""select_for_evaluation""]",[],,,,False,component-final-fd363bc50f56142b92b62728:d0000017-c0,False,
component-final-fd363bc50f56142b92b62728,es_only_independent,Au-K-Tb,4,18,"[""component-final-fd363bc50f56142b92b62728:d0000018-c0"", ""component-final-fd363bc50f56142b92b62728:d0000018-c1""]",2,1,,,"[false, true]","[null, null]","[null, null]","[null, ""generate_structures""]",[],,,,False,component-final-fd363bc50f56142b92b62728:d0000018-c1,True,
component-final-fd363bc50f56142b92b62728,es_only_independent,Au-K-Tb,4,19,"[""component-final-fd363bc50f56142b92b62728:d0000019-c0""]",1,0,,,[true],[null],[null],"[""select_for_evaluation""]",[],,,,False,component-final-fd363bc50f56142b92b62728:d0000019-c0,False,
component-final-fd363bc50f56142b92b62728,es_only_independent,Au-K-Tb,4,20,"[""component-final-fd363bc50f56142b92b62728:d0000020-c0""]",1,0,,,[true],[null],[null],"[""generate_structures""]",[],,,,False,component-final-fd363bc50f56142b92b62728:d0000020-c0,False,
component-final-fd363bc50f56142b92b62728,es_only_independent,Au-K-Tb,4,21,"[""component-final-fd363bc50f56142b92b62728:d0000021-c0""]",1,0,,,[true],[null],[null],"[""select_for_evaluation""]",[],,,,False,component-final-fd363bc50f56142b92b62728:d0000021-c0,False,
component-final-309c3c6fb2c047a93c1f8575,es_only_independent,Co-Dy-W,2,0,"[""component-final-309c3c6fb2c047a93c1f8575:d0000000-c0"", ""component-final-309c3c6fb2c047a93c1f8575:d0000000-c1""]",2,1,,,"[false, true]","[null, null]","[null, null]","[null, ""generate_structures""]",[],,,,False,component-final-309c3c6fb2c047a93c1f8575:d0000000-c1,True,
component-final-309c3c6fb2c047a93c1f8575,es_only_independent,Co-Dy-W,2,1,"[""component-final-309c3c6fb2c047a93c1f8575:d0000001-c0""]",1,0,,,[true],[null],[null],"[""select_for_evaluation""]",[],,,,False,component-final-309c3c6fb2c047a93c1f8575:d0000001-c0,False,
component-final-309c3c6fb2c047a93c1f8575,es_only_independent,Co-Dy-W,2,2,"[""component-final-309c3c6fb2c047a93c1f8575:d0000002-c0""]",1,0,,,[true],[null],[null],"[""score_buffer""]",[],,,,False,component-final-309c3c6fb2c047a93c1f8575:d0000002-c0,False,
component-final-309c3c6fb2c047a93c1f8575,es_only_independent,Co-Dy-W,2,3,"[""component-final-309c3c6fb2c047a93c1f8575:d0000003-c0""]",1,0,,,[true],[null],[null],"[""select_for_evaluation""]",[],,,,False,component-final-309c3c6fb2c047a93c1f8575:d0000003-c0,False,
component-final-309c3c6fb2c047a93c1f8575,es_only_independent,Co-Dy-W,2,4,"[""component-final-309c3c6fb2c047a93c1f8575:d0000004-c0""]",1,0,,,[true],[null],[null],"[""select_for_evaluation""]",[],,,,False,component-final-309c3c6fb2c047a93c1f8575:d0000004-c0,False,
component-final-309c3c6fb2c047a93c1f8575,es_only_independent,Co-Dy-W,2,5,"[""component-final-309c3c6fb2c047a93c1f8575:d0000005-c0""]",1,0,,,[true],[null],[null],"[""select_for_evaluation""]",[],,,,False,component-final-309c3c6fb2c047a93c1f8575:d0000005-c0,False,
component-final-309c3c6fb2c047a93c1f8575,es_only_independent,Co-Dy-W,2,6,"[""component-final-309c3c6fb2c047a93c1f8575:d0000006-c0""]",1,0,,,[true],[null],[null],"[""generate_structures""]",[],,,,False,component-final-309c3c6fb2c047a93c1f8575:d0000006-c0,False,
component-final-309c3c6fb2c047a93c1f8575,es_only_independent,Co-Dy-W,2,7,"[""component-final-309c3c6fb2c047a93c1f8575:d0000007-c0""]",1,0,,,[true],[null],[null],"[""select_for_evaluation""]",[],,,,False,component-final-309c3c6fb2c047a93c1f8575:d0000007-c0,False,
component-final-309c3c6fb2c047a93c1f8575,es_only_independent,Co-Dy-W,2,8,"[""component-final-309c3c6fb2c047a93c1f8575:d0000008-c0""]",1,0,,,[true],[null],[null],"[""select_for_evaluation""]",[],,,,False,component-final-309c3c6fb2c047a93c1f8575:d0000008-c0,False,
component-final-309c3c6fb2c047a93c1f8575,es_only_independent,Co-Dy-W,2,9,"[""component-final-309c3c6fb2c047a93c1f8575:d0000009-c0""]",1,0,,,[true],[null],[null],"[""select_for_evaluation""]",[],,,,False,component-final-309c3c6fb2c047a93c1f8575:d0000009-c0,False,
component-final-309c3c6fb2c047a93c1f8575,es_only_independent,Co-Dy-W,2,10,"[""component-final-309c3c6fb2c047a93c1f8575:d0000010-c0""]",1,0,,,[true],[null],[null],"[""select_for_evaluation""]",[],,,,False,component-final-309c3c6fb2c047a93c1f8575:d0000010-c0,False,
component-final-309c3c6fb2c047a93c1f8575,es_only_independent,Co-Dy-W,2,11,"[""component-final-309c3c6fb2c047a93c1f8575:d0000011-c0""]",1,0,,,[true],[null],[null],"[""generate_structures""]",[],,,,False,component-final-309c3c6fb2c047a93c1f8575:d0000011-c0,False,
component-final-309c3c6fb2c047a93c1f8575,es_only_independent,Co-Dy-W,2,12,"[""component-final-309c3c6fb2c047a93c1f8575:d0000012-c0""]",1,0,,,[true],[null],[null],"[""select_for_evaluation""]",[],,,,False,component-final-309c3c6fb2c047a93c1f8575:d0000012-c0,False,
component-final-309c3c6fb2c047a93c1f8575,es_only_independent,Co-Dy-W,2,13,"[""component-final-309c3c6fb2c047a93c1f8575:d0000013-c0""]",1,0,,,[true],[null],[null],"[""generate_structures""]",[],,,,False,component-final-309c3c6fb2c047a93c1f8575:d0000013-c0,False,
component-final-309c3c6fb2c047a93c1f8575,es_only_independent,Co-Dy-W,2,14,"[""component-final-309c3c6fb2c047a93c1f8575:d0000014-c0""]",1,0,,,[true],[null],[null],"[""select_for_evaluation""]",[],,,,False,component-final-309c3c6fb2c047a93c1f8575:d0000014-c0,False,
component-final-309c3c6fb2c047a93c1f8575,es_only_independent,Co-Dy-W,2,15,"[""component-final-309c3c6fb2c047a93c1f8575:d0000015-c0"", ""component-final-309c3c6fb2c047a93c1f8575:d0000015-c1""]",2,1,,,"[false, true]","[null, null]","[null, null]","[null, ""generate_structures""]",[],,,,False,component-final-309c3c6fb2c047a93c1f8575:d0000015-c1,True,
component-final-309c3c6fb2c047a93c1f8575,es_only_independent,Co-Dy-W,2,16,"[""component-final-309c3c6fb2c047a93c1f8575:d0000016-c0"", ""component-final-309c3c6fb2c047a93c1f8575:d0000016-c1""]",2,1,,,"[false, true]","[null, null]","[null, null]","[null, ""select_for_evaluation""]",[],,,,False,component-final-309c3c6fb2c047a93c1f8575:d0000016-c1,True,
component-final-309c3c6fb2c047a93c1f8575,es_only_independent,Co-Dy-W,2,17,"[""component-final-309c3c6fb2c047a93c1f8575:d0000017-c0""]",1,0,,,[true],[null],[null],"[""generate_structures""]",[],,,,False,component-final-309c3c6fb2c047a93c1f8575:d0000017-c0,False,
component-final-309c3c6fb2c047a93c1f8575,es_only_independent,Co-Dy-W,2,18,"[""component-final-309c3c6fb2c047a93c1f8575:d0000018-c0""]",1,0,,,[true],[null],[null],"[""select_for_evaluation""]",[],,,,False,component-final-309c3c6fb2c047a93c1f8575:d0000018-c0,False,
component-final-ced0af809caafbfd44aa8165,es_only_independent,Co-Dy-W,3,0,"[""component-final-ced0af809caafbfd44aa8165:d0000000-c0""]",1,0,,,[true],[null],[null],"[""generate_structures""]",[],,,,False,component-final-ced0af809caafbfd44aa8165:d0000000-c0,False,
component-final-ced0af809caafbfd44aa8165,es_only_independent,Co-Dy-W,3,1,"[""component-final-ced0af809caafbfd44aa8165:d0000001-c0""]",1,0,,,[true],[null],[null],"[""select_for_evaluation""]",[],,,,False,component-final-ced0af809caafbfd44aa8165:d0000001-c0,False,
component-final-ced0af809caafbfd44aa8165,es_only_independent,Co-Dy-W,3,2,"[""component-final-ced0af809caafbfd44aa8165:d0000002-c0""]",1,0,,,[true],[null],[null],"[""generate_structures""]",[],,,,False,component-final-ced0af809caafbfd44aa8165:d0000002-c0,False,
component-final-ced0af809caafbfd44aa8165,es_only_independent,Co-Dy-W,3,3,"[""component-final-ced0af809caafbfd44aa8165:d0000003-c0""]",1,0,,,[true],[null],[null],"[""generate_structures""]",[],,,,False,component-final-ced0af809caafbfd44aa8165:d0000003-c0,False,
component-final-ced0af809caafbfd44aa8165,es_only_independent,Co-Dy-W,3,4,"[""component-final-ced0af809caafbfd44aa8165:d0000004-c0""]",1,0,,,[true],[null],[null],"[""select_for_evaluation""]",[],,,,False,component-final-ced0af809caafbfd44aa8165:d0000004-c0,False,
component-final-ced0af809caafbfd44aa8165,es_only_independent,Co-Dy-W,3,5,"[""component-final-ced0af809caafbfd44aa8165:d0000005-c0""]",1,0,,,[true],[null],[null],"[""select_for_evaluation""]",[],,,,False,component-final-ced0af809caafbfd44aa8165:d0000005-c0,False,
component-final-ced0af809caafbfd44aa8165,es_only_independent,Co-Dy-W,3,6,"[""component-final-ced0af809caafbfd44aa8165:d0000006-c0""]",1,0,,,[true],[null],[null],"[""select_for_evaluation""]",[],,,,False,component-final-ced0af809caafbfd44aa8165:d0000006-c0,False,
component-final-ced0af809caafbfd44aa8165,es_only_independent,Co-Dy-W,3,7,"[""component-final-ced0af809caafbfd44aa8165:d0000007-c0""]",1,0,,,[true],[null],[null],"[""select_for_evaluation""]",[],,,,False,component-final-ced0af809caafbfd44aa8165:d0000007-c0,False,
component-final-ced0af809caafbfd44aa8165,es_only_independent,Co-Dy-W,3,8,"[""component-final-ced0af809caafbfd44aa8165:d0000008-c0""]",1,0,,,[true],[null],[null],"[""generate_structures""]",[],,,,False,component-final-ced0af809caafbfd44aa8165:d0000008-c0,False,
component-final-ced0af809caafbfd44aa8165,es_only_independent,Co-Dy-W,3,9,"[""component-final-ced0af809caafbfd44aa8165:d0000009-c0""]",1,0,,,[true],[null],[null],"[""select_for_evaluation""]",[],,,,False,component-final-ced0af809caafbfd44aa8165:d0000009-c0,False,
component-final-ced0af809caafbfd44aa8165,es_only_independent,Co-Dy-W,3,10,"[""component-final-ced0af809caafbfd44aa8165:d0000010-c0""]",1,0,,,[true],[null],[null],"[""generate_structures""]",[],,,,False,component-final-ced0af809caafbfd44aa8165:d0000010-c0,False,
component-final-ced0af809caafbfd44aa8165,es_only_independent,Co-Dy-W,3,11,"[""component-final-ced0af809caafbfd44aa8165:d0000011-c0""]",1,0,,,[true],[null],[null],"[""select_for_evaluation""]",[],,,,False,component-final-ced0af809caafbfd44aa8165:d0000011-c0,False,
component-final-ced0af809caafbfd44aa8165,es_only_independent,Co-Dy-W,3,12,"[""component-final-ced0af809caafbfd44aa8165:d0000012-c0""]",1,0,,,[true],[null],[null],"[""select_for_evaluation""]",[],,,,False,component-final-ced0af809caafbfd44aa8165:d0000012-c0,False,
component-final-ced0af809caafbfd44aa8165,es_only_independent,Co-Dy-W,3,13,"[""component-final-ced0af809caafbfd44aa8165:d0000013-c0""]",1,0,,,[true],[null],[null],"[""select_for_evaluation""]",[],,,,False,component-final-ced0af809caafbfd44aa8165:d0000013-c0,False,
component-final-ced0af809caafbfd44aa8165,es_only_independent,Co-Dy-W,3,14,"[""component-final-ced0af809caafbfd44aa8165:d0000014-c0""]",1,0,,,[true],[null],[null],"[""generate_structures""]",[],,,,False,component-final-ced0af809caafbfd44aa8165:d0000014-c0,False,
component-final-ced0af809caafbfd44aa8165,es_only_independent,Co-Dy-W,3,15,"[""component-final-ced0af809caafbfd44aa8165:d0000015-c0""]",1,0,,,[true],[null],[null],"[""select_for_evaluation""]",[],,,,False,component-final-ced0af809caafbfd44aa8165:d0000015-c0,False,
component-final-ced0af809caafbfd44aa8165,es_only_independent,Co-Dy-W,3,16,"[""component-final-ced0af809caafbfd44aa8165:d0000016-c0""]",1,0,,,[true],[null],[null],"[""generate_structures""]",[],,,,False,component-final-ced0af809caafbfd44aa8165:d0000016-c0,False,
component-final-ced0af809caafbfd44aa8165,es_only_independent,Co-Dy-W,3,17,"[""component-final-ced0af809caafbfd44aa8165:d0000017-c0""]",1,0,,,[true],[null],[null],"[""select_for_evaluation""]",[],,,,False,component-final-ced0af809caafbfd44aa8165:d0000017-c0,False,
component-final-ced0af809caafbfd44aa8165,es_only_independent,Co-Dy-W,3,18,"[""component-final-ced0af809caafbfd44aa8165:d0000018-c0""]",1,0,,,[true],[null],[null],"[""score_buffer""]",[],,,,False,component-final-ced0af809caafbfd44aa8165:d0000018-c0,False,
component-final-ced0af809caafbfd44aa8165,es_only_independent,Co-Dy-W,3,19,"[""component-final-ced0af809caafbfd44aa8165:d0000019-c0""]",1,0,,,[true],[null],[null],"[""select_for_evaluation""]",[],,,,False,component-final-ced0af809caafbfd44aa8165:d0000019-c0,False,
component-final-60a0f011651058cfacc89f7b,es_only_independent,Co-Dy-W,4,0,"[""component-final-60a0f011651058cfacc89f7b:d0000000-c0""]",1,0,,,[true],[null],[null],"[""generate_structures""]",[],,,,False,component-final-60a0f011651058cfacc89f7b:d0000000-c0,False,
component-final-60a0f011651058cfacc89f7b,es_only_independent,Co-Dy-W,4,1,"[""component-final-60a0f011651058cfacc89f7b:d0000001-c0""]",1,0,,,[true],[null],[null],"[""select_for_evaluation""]",[],,,,False,component-final-60a0f011651058cfacc89f7b:d0000001-c0,False,
component-final-60a0f011651058cfacc89f7b,es_only_independent,Co-Dy-W,4,2,"[""component-final-60a0f011651058cfacc89f7b:d0000002-c0""]",1,0,,,[true],[null],[null],"[""select_for_evaluation""]",[],,,,False,component-final-60a0f011651058cfacc89f7b:d0000002-c0,False,
component-final-60a0f011651058cfacc89f7b,es_only_independent,Co-Dy-W,4,3,"[""component-final-60a0f011651058cfacc89f7b:d0000003-c0""]",1,0,,,[true],[null],[null],"[""select_for_evaluation""]",[],,,,False,component-final-60a0f011651058cfacc89f7b:d0000003-c0,False,
component-final-60a0f011651058cfacc89f7b,es_only_independent,Co-Dy-W,4,4,"[""component-final-60a0f011651058cfacc89f7b:d0000004-c0""]",1,0,,,[true],[null],[null],"[""generate_structures""]",[],,,,False,component-final-60a0f011651058cfacc89f7b:d0000004-c0,False,
component-final-60a0f011651058cfacc89f7b,es_only_independent,Co-Dy-W,4,5,"[""component-final-60a0f011651058cfacc89f7b:d0000005-c0""]",1,0,,,[true],[null],[null],"[""generate_structures""]",[],,,,False,component-final-60a0f011651058cfacc89f7b:d0000005-c0,False,
component-final-60a0f011651058cfacc89f7b,es_only_independent,Co-Dy-W,4,6,"[""component-final-60a0f011651058cfacc89f7b:d0000006-c0""]",1,0,,,[true],[null],[null],"[""generate_structures""]",[],,,,False,component-final-60a0f011651058cfacc89f7b:d0000006-c0,False,
component-final-60a0f011651058cfacc89f7b,es_only_independent,Co-Dy-W,4,7,"[""component-final-60a0f011651058cfacc89f7b:d0000007-c0""]",1,0,,,[true],[null],[null],"[""select_for_evaluation""]",[],,,,False,component-final-60a0f011651058cfacc89f7b:d0000007-c0,False,
component-final-60a0f011651058cfacc89f7b,es_only_independent,Co-Dy-W,4,8,"[""component-final-60a0f011651058cfacc89f7b:d0000008-c0""]",1,0,,,[true],[null],[null],"[""select_for_evaluation""]",[],,,,False,component-final-60a0f011651058cfacc89f7b:d0000008-c0,False,
component-final-60a0f011651058cfacc89f7b,es_only_independent,Co-Dy-W,4,9,"[""component-final-60a0f011651058cfacc89f7b:d0000009-c0""]",1,0,,,[true],[null],[null],"[""select_for_evaluation""]",[],,,,False,component-final-60a0f011651058cfacc89f7b:d0000009-c0,False,
component-final-60a0f011651058cfacc89f7b,es_only_independent,Co-Dy-W,4,10,"[""component-final-60a0f011651058cfacc89f7b:d0000010-c0""]",1,0,,,[true],[null],[null],"[""select_for_evaluation""]",[],,,,False,component-final-60a0f011651058cfacc89f7b:d0000010-c0,False,
component-final-60a0f011651058cfacc89f7b,es_only_independent,Co-Dy-W,4,11,"[""component-final-60a0f011651058cfacc89f7b:d0000011-c0""]",1,0,,,[true],[null],[null],"[""select_for_evaluation""]",[],,,,False,component-final-60a0f011651058cfacc89f7b:d0000011-c0,False,
component-final-60a0f011651058cfacc89f7b,es_only_independent,Co-Dy-W,4,12,"[""component-final-60a0f011651058cfacc89f7b:d0000012-c0""]",1,0,,,[true],[null],[null],"[""select_for_evaluation""]",[],,,,False,component-final-60a0f011651058cfacc89f7b:d0000012-c0,False,
component-final-60a0f011651058cfacc89f7b,es_only_independent,Co-Dy-W,4,13,"[""component-final-60a0f011651058cfacc89f7b:d0000013-c0""]",1,0,,,[true],[null],[null],"[""score_buffer""]",[],,,,False,component-final-60a0f011651058cfacc89f7b:d0000013-c0,False,
component-final-60a0f011651058cfacc89f7b,es_only_independent,Co-Dy-W,4,14,"[""component-final-60a0f011651058cfacc89f7b:d0000014-c0""]",1,0,,,[true],[null],[null],"[""select_for_evaluation""]",[],,,,False,component-final-60a0f011651058cfacc89f7b:d0000014-c0,False,
component-final-60a0f011651058cfacc89f7b,es_only_independent,Co-Dy-W,4,15,"[""component-final-60a0f011651058cfacc89f7b:d0000015-c0""]",1,0,,,[true],[null],[null],"[""select_for_evaluation""]",[],,,,False,component-final-60a0f011651058cfacc89f7b:d0000015-c0,False,
component-final-7cc2c2335ff1e079999ecabb,es_only_independent,Co-Mg-Na,2,0,"[""component-final-7cc2c2335ff1e079999ecabb:d0000000-c0""]",1,0,,,[true],[null],[null],"[""generate_structures""]",[],,,,False,component-final-7cc2c2335ff1e079999ecabb:d0000000-c0,False,
component-final-7cc2c2335ff1e079999ecabb,es_only_independent,Co-Mg-Na,2,1,"[""component-final-7cc2c2335ff1e079999ecabb:d0000001-c0""]",1,0,,,[true],[null],[null],"[""select_for_evaluation""]",[],,,,False,component-final-7cc2c2335ff1e079999ecabb:d0000001-c0,False,
component-final-7cc2c2335ff1e079999ecabb,es_only_independent,Co-Mg-Na,2,2,"[""component-final-7cc2c2335ff1e079999ecabb:d0000002-c0""]",1,0,,,[true],[null],[null],"[""score_buffer""]",[],,,,False,component-final-7cc2c2335ff1e079999ecabb:d0000002-c0,False,
component-final-7cc2c2335ff1e079999ecabb,es_only_independent,Co-Mg-Na,2,3,"[""component-final-7cc2c2335ff1e079999ecabb:d0000003-c0""]",1,0,,,[true],[null],[null],"[""select_for_evaluation""]",[],,,,False,component-final-7cc2c2335ff1e079999ecabb:d0000003-c0,False,
component-final-7cc2c2335ff1e079999ecabb,es_only_independent,Co-Mg-Na,2,4,"[""component-final-7cc2c2335ff1e079999ecabb:d0000004-c0""]",1,0,,,[true],[null],[null],"[""select_for_evaluation""]",[],,,,False,component-final-7cc2c2335ff1e079999ecabb:d0000004-c0,False,
component-final-7cc2c2335ff1e079999ecabb,es_only_independent,Co-Mg-Na,2,5,"[""component-final-7cc2c2335ff1e079999ecabb:d0000005-c0""]",1,0,,,[true],[null],[null],"[""select_for_evaluation""]",[],,,,False,component-final-7cc2c2335ff1e079999ecabb:d0000005-c0,False,
component-final-7cc2c2335ff1e079999ecabb,es_only_independent,Co-Mg-Na,2,6,"[""component-final-7cc2c2335ff1e079999ecabb:d0000006-c0""]",1,0,,,[true],[null],[null],"[""generate_structures""]",[],,,,False,component-final-7cc2c2335ff1e079999ecabb:d0000006-c0,False,
component-final-7cc2c2335ff1e079999ecabb,es_only_independent,Co-Mg-Na,2,7,"[""component-final-7cc2c2335ff1e079999ecabb:d0000007-c0""]",1,0,,,[true],[null],[null],"[""select_for_evaluation""]",[],,,,False,component-final-7cc2c2335ff1e079999ecabb:d0000007-c0,False,
component-final-7cc2c2335ff1e079999ecabb,es_only_independent,Co-Mg-Na,2,8,"[""component-final-7cc2c2335ff1e079999ecabb:d0000008-c0""]",1,0,,,[true],[null],[null],"[""score_buffer""]",[],,,,False,component-final-7cc2c2335ff1e079999ecabb:d0000008-c0,False,
component-final-7cc2c2335ff1e079999ecabb,es_only_independent,Co-Mg-Na,2,9,"[""component-final-7cc2c2335ff1e079999ecabb:d0000009-c0""]",1,0,,,[true],[null],[null],"[""select_for_evaluation""]",[],,,,False,component-final-7cc2c2335ff1e079999ecabb:d0000009-c0,False,
component-final-7cc2c2335ff1e079999ecabb,es_only_independent,Co-Mg-Na,2,10,"[""component-final-7cc2c2335ff1e079999ecabb:d0000010-c0""]",1,0,,,[true],[null],[null],"[""select_for_evaluation""]",[],,,,False,component-final-7cc2c2335ff1e079999ecabb:d0000010-c0,False,
component-final-7cc2c2335ff1e079999ecabb,es_only_independent,Co-Mg-Na,2,11,"[""component-final-7cc2c2335ff1e079999ecabb:d0000011-c0""]",1,0,,,[true],[null],[null],"[""select_for_evaluation""]",[],,,,False,component-final-7cc2c2335ff1e079999ecabb:d0000011-c0,False,
component-final-7cc2c2335ff1e079999ecabb,es_only_independent,Co-Mg-Na,2,12,"[""component-final-7cc2c2335ff1e079999ecabb:d0000012-c0""]",1,0,,,[true],[null],[null],"[""select_for_evaluation""]",[],,,,False,component-final-7cc2c2335ff1e079999ecabb:d0000012-c0,False,
component-final-7cc2c2335ff1e079999ecabb,es_only_independent,Co-Mg-Na,2,13,"[""component-final-7cc2c2335ff1e079999ecabb:d0000013-c0""]",1,0,,,[true],[null],[null],"[""select_for_evaluation""]",[],,,,False,component-final-7cc2c2335ff1e079999ecabb:d0000013-c0,False,
component-final-7cc2c2335ff1e079999ecabb,es_only_independent,Co-Mg-Na,2,14,"[""component-final-7cc2c2335ff1e079999ecabb:d0000014-c0""]",1,0,,,[true],[null],[null],"[""select_for_evaluation""]",[],,,,False,component-final-7cc2c2335ff1e079999ecabb:d0000014-c0,False,
component-final-7cc2c2335ff1e079999ecabb,es_only_independent,Co-Mg-Na,2,15,"[""component-final-7cc2c2335ff1e079999ecabb:d0000015-c0""]",1,0,,,[true],[null],[null],"[""select_for_evaluation""]",[],,,,False,component-final-7cc2c2335ff1e079999ecabb:d0000015-c0,False,
component-final-7cc2c2335ff1e079999ecabb,es_only_independent,Co-Mg-Na,2,16,"[""component-final-7cc2c2335ff1e079999ecabb:d0000016-c0""]",1,0,,,[true],[null],[null],"[""select_for_evaluation""]",[],,,,False,component-final-7cc2c2335ff1e079999ecabb:d0000016-c0,False,
component-final-7cc2c2335ff1e079999ecabb,es_only_independent,Co-Mg-Na,2,17,"[""component-final-7cc2c2335ff1e079999ecabb:d0000017-c0""]",1,0,,,[true],[null],[null],"[""select_for_evaluation""]",[],,,,False,component-final-7cc2c2335ff1e079999ecabb:d0000017-c0,False,
component-final-827fb29e7d467a5c1448a2d5,es_only_independent,Co-Mg-Na,3,0,"[""component-final-827fb29e7d467a5c1448a2d5:d0000000-c0""]",1,0,,,[true],[null],[null],"[""generate_structures""]",[],,,,False,component-final-827fb29e7d467a5c1448a2d5:d0000000-c0,False,
component-final-827fb29e7d467a5c1448a2d5,es_only_independent,Co-Mg-Na,3,1,"[""component-final-827fb29e7d467a5c1448a2d5:d0000001-c0""]",1,0,,,[true],[null],[null],"[""select_for_evaluation""]",[],,,,False,component-final-827fb29e7d467a5c1448a2d5:d0000001-c0,False,
component-final-827fb29e7d467a5c1448a2d5,es_only_independent,Co-Mg-Na,3,2,"[""component-final-827fb29e7d467a5c1448a2d5:d0000002-c0""]",1,0,,,[true],[null],[null],"[""select_for_evaluation""]",[],,,,False,component-final-827fb29e7d467a5c1448a2d5:d0000002-c0,False,
component-final-827fb29e7d467a5c1448a2d5,es_only_independent,Co-Mg-Na,3,3,"[""component-final-827fb29e7d467a5c1448a2d5:d0000003-c0""]",1,0,,,[true],[null],[null],"[""generate_structures""]",[],,,,False,component-final-827fb29e7d467a5c1448a2d5:d0000003-c0,False,
component-final-827fb29e7d467a5c1448a2d5,es_only_independent,Co-Mg-Na,3,4,"[""component-final-827fb29e7d467a5c1448a2d5:d0000004-c0""]",1,0,,,[true],[null],[null],"[""select_for_evaluation""]",[],,,,False,component-final-827fb29e7d467a5c1448a2d5:d0000004-c0,False,
component-final-827fb29e7d467a5c1448a2d5,es_only_independent,Co-Mg-Na,3,5,"[""component-final-827fb29e7d467a5c1448a2d5:d0000005-c0""]",1,0,,,[true],[null],[null],"[""select_for_evaluation""]",[],,,,False,component-final-827fb29e7d467a5c1448a2d5:d0000005-c0,False,
component-final-827fb29e7d467a5c1448a2d5,es_only_independent,Co-Mg-Na,3,6,"[""component-final-827fb29e7d467a5c1448a2d5:d0000006-c0""]",1,0,,,[true],[null],[null],"[""select_for_evaluation""]",[],,,,False,component-final-827fb29e7d467a5c1448a2d5:d0000006-c0,False,
component-final-827fb29e7d467a5c1448a2d5,es_only_independent,Co-Mg-Na,3,7,"[""component-final-827fb29e7d467a5c1448a2d5:d0000007-c0""]",1,0,,,[true],[null],[null],"[""select_for_evaluation""]",[],,,,False,component-final-827fb29e7d467a5c1448a2d5:d0000007-c0,False,
component-final-827fb29e7d467a5c1448a2d5,es_only_independent,Co-Mg-Na,3,8,"[""component-final-827fb29e7d467a5c1448a2d5:d0000008-c0""]",1,0,,,[true],[null],[null],"[""generate_structures""]",[],,,,False,component-final-827fb29e7d467a5c1448a2d5:d0000008-c0,False,
component-final-827fb29e7d467a5c1448a2d5,es_only_independent,Co-Mg-Na,3,9,"[""component-final-827fb29e7d467a5c1448a2d5:d0000009-c0""]",1,0,,,[true],[null],[null],"[""generate_structures""]",[],,,,False,component-final-827fb29e7d467a5c1448a2d5:d0000009-c0,False,
component-final-827fb29e7d467a5c1448a2d5,es_only_independent,Co-Mg-Na,3,10,"[""component-final-827fb29e7d467a5c1448a2d5:d0000010-c0""]",1,0,,,[true],[null],[null],"[""generate_structures""]",[],,,,False,component-final-827fb29e7d467a5c1448a2d5:d0000010-c0,False,
component-final-827fb29e7d467a5c1448a2d5,es_only_independent,Co-Mg-Na,3,11,"[""component-final-827fb29e7d467a5c1448a2d5:d0000011-c0""]",1,0,,,[true],[null],[null],"[""score_buffer""]",[],,,,False,component-final-827fb29e7d467a5c1448a2d5:d0000011-c0,False,
component-final-827fb29e7d467a5c1448a2d5,es_only_independent,Co-Mg-Na,3,12,"[""component-final-827fb29e7d467a5c1448a2d5:d0000012-c0""]",1,0,,,[true],[null],[null],"[""select_for_evaluation""]",[],,,,False,component-final-827fb29e7d467a5c1448a2d5:d0000012-c0,False,
component-final-827fb29e7d467a5c1448a2d5,es_only_independent,Co-Mg-Na,3,13,"[""component-final-827fb29e7d467a5c1448a2d5:d0000013-c0""]",1,0,,,[true],[null],[null],"[""select_for_evaluation""]",[],,,,False,component-final-827fb29e7d467a5c1448a2d5:d0000013-c0,False,
component-final-827fb29e7d467a5c1448a2d5,es_only_independent,Co-Mg-Na,3,14,"[""component-final-827fb29e7d467a5c1448a2d5:d0000014-c0""]",1,0,,,[true],[null],[null],"[""generate_structures""]",[],,,,False,component-final-827fb29e7d467a5c1448a2d5:d0000014-c0,False,
component-final-827fb29e7d467a5c1448a2d5,es_only_independent,Co-Mg-Na,3,15,"[""component-final-827fb29e7d467a5c1448a2d5:d0000015-c0""]",1,0,,,[true],[null],[null],"[""select_for_evaluation""]",[],,,,False,component-final-827fb29e7d467a5c1448a2d5:d0000015-c0,False,
component-final-827fb29e7d467a5c1448a2d5,es_only_independent,Co-Mg-Na,3,16,"[""component-final-827fb29e7d467a5c1448a2d5:d0000016-c0""]",1,0,,,[true],[null],[null],"[""generate_structures""]",[],,,,False,component-final-827fb29e7d467a5c1448a2d5:d0000016-c0,False,
component-final-827fb29e7d467a5c1448a2d5,es_only_independent,Co-Mg-Na,3,17,"[""component-final-827fb29e7d467a5c1448a2d5:d0000017-c0""]",1,0,,,[true],[null],[null],"[""select_for_evaluation""]",[],,,,False,component-final-827fb29e7d467a5c1448a2d5:d0000017-c0,False,
component-final-827fb29e7d467a5c1448a2d5,es_only_independent,Co-Mg-Na,3,18,"[""component-final-827fb29e7d467a5c1448a2d5:d0000018-c0""]",1,0,,,[true],[null],[null],"[""score_buffer""]",[],,,,False,component-final-827fb29e7d467a5c1448a2d5:d0000018-c0,False,
component-final-827fb29e7d467a5c1448a2d5,es_only_independent,Co-Mg-Na,3,19,"[""component-final-827fb29e7d467a5c1448a2d5:d0000019-c0""]",1,0,,,[true],[null],[null],"[""select_for_evaluation""]",[],,,,False,component-final-827fb29e7d467a5c1448a2d5:d0000019-c0,False,
component-final-827fb29e7d467a5c1448a2d5,es_only_independent,Co-Mg-Na,3,20,"[""component-final-827fb29e7d467a5c1448a2d5:d0000020-c0""]",1,0,,,[true],[null],[null],"[""score_buffer""]",[],,,,False,component-final-827fb29e7d467a5c1448a2d5:d0000020-c0,False,
component-final-827fb29e7d467a5c1448a2d5,es_only_independent,Co-Mg-Na,3,21,"[""component-final-827fb29e7d467a5c1448a2d5:d0000021-c0""]",1,0,,,[true],[null],[null],"[""select_for_evaluation""]",[],,,,False,component-final-827fb29e7d467a5c1448a2d5:d0000021-c0,False,
component-final-209f38eb700cca3d60e9efa7,es_only_independent,Co-Mg-Na,4,0,"[""component-final-209f38eb700cca3d60e9efa7:d0000000-c0""]",1,0,,,[true],[null],[null],"[""generate_structures""]",[],,,,False,component-final-209f38eb700cca3d60e9efa7:d0000000-c0,False,
component-final-209f38eb700cca3d60e9efa7,es_only_independent,Co-Mg-Na,4,1,"[""component-final-209f38eb700cca3d60e9efa7:d0000001-c0""]",1,0,,,[true],[null],[null],"[""select_for_evaluation""]",[],,,,False,component-final-209f38eb700cca3d60e9efa7:d0000001-c0,False,
component-final-209f38eb700cca3d60e9efa7,es_only_independent,Co-Mg-Na,4,2,"[""component-final-209f38eb700cca3d60e9efa7:d0000002-c0""]",1,0,,,[true],[null],[null],"[""select_for_evaluation""]",[],,,,False,component-final-209f38eb700cca3d60e9efa7:d0000002-c0,False,
component-final-209f38eb700cca3d60e9efa7,es_only_independent,Co-Mg-Na,4,3,"[""component-final-209f38eb700cca3d60e9efa7:d0000003-c0""]",1,0,,,[true],[null],[null],"[""select_for_evaluation""]",[],,,,False,component-final-209f38eb700cca3d60e9efa7:d0000003-c0,False,
component-final-209f38eb700cca3d60e9efa7,es_only_independent,Co-Mg-Na,4,4,"[""component-final-209f38eb700cca3d60e9efa7:d0000004-c0""]",1,0,,,[true],[null],[null],"[""generate_structures""]",[],,,,False,component-final-209f38eb700cca3d60e9efa7:d0000004-c0,False,
component-final-209f38eb700cca3d60e9efa7,es_only_independent,Co-Mg-Na,4,5,"[""component-final-209f38eb700cca3d60e9efa7:d0000005-c0""]",1,0,,,[true],[null],[null],"[""select_for_evaluation""]",[],,,,False,component-final-209f38eb700cca3d60e9efa7:d0000005-c0,False,
component-final-209f38eb700cca3d60e9efa7,es_only_independent,Co-Mg-Na,4,6,"[""component-final-209f38eb700cca3d60e9efa7:d0000006-c0""]",1,0,,,[true],[null],[null],"[""select_for_evaluation""]",[],,,,False,component-final-209f38eb700cca3d60e9efa7:d0000006-c0,False,
component-final-209f38eb700cca3d60e9efa7,es_only_independent,Co-Mg-Na,4,7,"[""component-final-209f38eb700cca3d60e9efa7:d0000007-c0""]",1,0,,,[true],[null],[null],"[""select_for_evaluation""]",[],,,,False,component-final-209f38eb700cca3d60e9efa7:d0000007-c0,False,
component-final-209f38eb700cca3d60e9efa7,es_only_independent,Co-Mg-Na,4,8,"[""component-final-209f38eb700cca3d60e9efa7:d0000008-c0""]",1,0,,,[true],[null],[null],"[""select_for_evaluation""]",[],,,,False,component-final-209f38eb700cca3d60e9efa7:d0000008-c0,False,
component-final-209f38eb700cca3d60e9efa7,es_only_independent,Co-Mg-Na,4,9,"[""component-final-209f38eb700cca3d60e9efa7:d0000009-c0""]",1,0,,,[true],[null],[null],"[""score_buffer""]",[],,,,False,component-final-209f38eb700cca3d60e9efa7:d0000009-c0,False,
component-final-209f38eb700cca3d60e9efa7,es_only_independent,Co-Mg-Na,4,10,"[""component-final-209f38eb700cca3d60e9efa7:d0000010-c0""]",1,0,,,[true],[null],[null],"[""select_for_evaluation""]",[],,,,False,component-final-209f38eb700cca3d60e9efa7:d0000010-c0,False,
component-final-209f38eb700cca3d60e9efa7,es_only_independent,Co-Mg-Na,4,11,"[""component-final-209f38eb700cca3d60e9efa7:d0000011-c0""]",1,0,,,[true],[null],[null],"[""select_for_evaluation""]",[],,,,False,component-final-209f38eb700cca3d60e9efa7:d0000011-c0,False,
component-final-209f38eb700cca3d60e9efa7,es_only_independent,Co-Mg-Na,4,12,"[""component-final-209f38eb700cca3d60e9efa7:d0000012-c0""]",1,0,,,[true],[null],[null],"[""select_for_evaluation""]",[],,,,False,component-final-209f38eb700cca3d60e9efa7:d0000012-c0,False,
support-final-bceab85ac67db411774a2563,full_support_aware,Al-Li-V,2,0,"[""support-final-bceab85ac67db411774a2563:d0000000-c0""]",1,0,,,[true],[true],"[""succeeded""]","[""generate_structures""]",[0],True,"valid_first; common_head_max, common_head_weighted_mean, known_overall_then_probability, original_index","[""generation_invalid"", ""tool_execution_failure"", ""unstable"", ""not_new""]",False,support-final-bceab85ac67db411774a2563:d0000000-c0,False,
support-final-bceab85ac67db411774a2563,full_support_aware,Al-Li-V,2,1,"[""support-final-bceab85ac67db411774a2563:d0000001-c0""]",1,0,,,[true],[true],"[""succeeded""]","[""select_for_evaluation""]",[0],True,"valid_first; common_head_max, common_head_weighted_mean, known_overall_then_probability, original_index","[""generation_invalid"", ""tool_execution_failure"", ""unstable"", ""not_new""]",False,support-final-bceab85ac67db411774a2563:d0000001-c0,False,
support-final-bceab85ac67db411774a2563,full_support_aware,Al-Li-V,2,2,"[""support-final-bceab85ac67db411774a2563:d0000002-c0""]",1,0,,,[true],[true],"[""succeeded""]","[""score_buffer""]",[0],True,"valid_first; common_head_max, common_head_weighted_mean, known_overall_then_probability, original_index","[""generation_invalid"", ""tool_execution_failure"", ""unstable"", ""not_new""]",False,support-final-bceab85ac67db411774a2563:d0000002-c0,False,
support-final-bceab85ac67db411774a2563,full_support_aware,Al-Li-V,2,3,"[""support-final-bceab85ac67db411774a2563:d0000003-c0""]",1,0,,,[true],[true],"[""succeeded""]","[""select_for_evaluation""]",[0],True,"valid_first; common_head_max, common_head_weighted_mean, known_overall_then_probability, original_index","[""generation_invalid"", ""tool_execution_failure"", ""unstable"", ""not_new""]",False,support-final-bceab85ac67db411774a2563:d0000003-c0,False,
support-final-bceab85ac67db411774a2563,full_support_aware,Al-Li-V,2,4,"[""support-final-bceab85ac67db411774a2563:d0000004-c0""]",1,0,,,[true],[true],"[""succeeded""]","[""select_for_evaluation""]",[0],True,"valid_first; common_head_max, common_head_weighted_mean, known_overall_then_probability, original_index","[""generation_invalid"", ""tool_execution_failure"", ""unstable"", ""not_new""]",False,support-final-bceab85ac67db411774a2563:d0000004-c0,False,
support-final-bceab85ac67db411774a2563,full_support_aware,Al-Li-V,2,5,"[""support-final-bceab85ac67db411774a2563:d0000005-c0""]",1,0,,,[true],[true],"[""succeeded""]","[""select_for_evaluation""]",[0],True,"valid_first; common_head_max, common_head_weighted_mean, known_overall_then_probability, original_index","[""generation_invalid"", ""tool_execution_failure"", ""unstable"", ""not_new""]",False,support-final-bceab85ac67db411774a2563:d0000005-c0,False,
support-final-bceab85ac67db411774a2563,full_support_aware,Al-Li-V,2,6,"[""support-final-bceab85ac67db411774a2563:d0000006-c0""]",1,0,,,[true],[true],"[""succeeded""]","[""generate_structures""]",[0],True,"valid_first; common_head_max, common_head_weighted_mean, known_overall_then_probability, original_index","[""generation_invalid"", ""tool_execution_failure"", ""unstable"", ""not_new""]",False,support-final-bceab85ac67db411774a2563:d0000006-c0,False,
support-final-bceab85ac67db411774a2563,full_support_aware,Al-Li-V,2,7,"[""support-final-bceab85ac67db411774a2563:d0000007-c0""]",1,0,,,[true],[true],"[""succeeded""]","[""select_for_evaluation""]",[0],True,"valid_first; common_head_max, common_head_weighted_mean, known_overall_then_probability, original_index","[""generation_invalid"", ""tool_execution_failure"", ""unstable"", ""not_new""]",False,support-final-bceab85ac67db411774a2563:d0000007-c0,False,
support-final-bceab85ac67db411774a2563,full_support_aware,Al-Li-V,2,8,"[""support-final-bceab85ac67db411774a2563:d0000008-c0""]",1,0,,,[true],[true],"[""succeeded""]","[""generate_structures""]",[0],True,"valid_first; common_head_max, common_head_weighted_mean, known_overall_then_probability, original_index","[""generation_invalid"", ""tool_execution_failure"", ""unstable"", ""not_new""]",False,support-final-bceab85ac67db411774a2563:d0000008-c0,False,
support-final-bceab85ac67db411774a2563,full_support_aware,Al-Li-V,2,9,"[""support-final-bceab85ac67db411774a2563:d0000009-c0""]",1,0,,,[true],[true],"[""succeeded""]","[""select_for_evaluation""]",[0],True,"valid_first; common_head_max, common_head_weighted_mean, known_overall_then_probability, original_index","[""generation_invalid"", ""tool_execution_failure"", ""unstable"", ""not_new""]",False,support-final-bceab85ac67db411774a2563:d0000009-c0,False,
support-final-bceab85ac67db411774a2563,full_support_aware,Al-Li-V,2,10,"[""support-final-bceab85ac67db411774a2563:d0000010-c0""]",1,0,,,[true],[true],"[""succeeded""]","[""select_for_evaluation""]",[0],True,"valid_first; common_head_max, common_head_weighted_mean, known_overall_then_probability, original_index","[""generation_invalid"", ""tool_execution_failure"", ""unstable"", ""not_new""]",False,support-final-bceab85ac67db411774a2563:d0000010-c0,False,
support-final-bceab85ac67db411774a2563,full_support_aware,Al-Li-V,2,11,"[""support-final-bceab85ac67db411774a2563:d0000011-c0"", ""support-final-bceab85ac67db411774a2563:d0000011-c1""]",2,1,generation_invalid,local_schema_validation,"[false, true]","[false, true]","[""unavailable"", ""succeeded""]","[null, ""query_structures""]",[1],False,valid_first; original_index_when_any_native_support_unknown,[],False,support-final-bceab85ac67db411774a2563:d0000011-c1,True,"{""instruction"": ""Repair the JSON/tool/arguments schema. Return one allowed tool with only its documented arguments; do not invent results. Use only the existing retry and tool/query limits."", ""not_a_measured_scientific_result"": true, ""predicted_failure_type"": ""generation_invalid"", ""source"": ""current_candidate_predictions_or_visible_schema_issue"", ""suggested_legal_tool"": {""arguments"": {""composition"": ""Li(AlV)2"", ""k"": 5, ""mode"": ""all""}, ""tool"": ""query_structures""}}"
support-final-bceab85ac67db411774a2563,full_support_aware,Al-Li-V,2,12,"[""support-final-bceab85ac67db411774a2563:d0000012-c0""]",1,0,,,[true],[true],"[""succeeded""]","[""select_for_evaluation""]",[0],True,"valid_first; common_head_max, common_head_weighted_mean, known_overall_then_probability, original_index","[""generation_invalid"", ""tool_execution_failure"", ""unstable"", ""not_new""]",False,support-final-bceab85ac67db411774a2563:d0000012-c0,False,
support-final-bceab85ac67db411774a2563,full_support_aware,Al-Li-V,2,13,"[""support-final-bceab85ac67db411774a2563:d0000013-c0""]",1,0,,,[true],[true],"[""succeeded""]","[""select_for_evaluation""]",[0],True,"valid_first; common_head_max, common_head_weighted_mean, known_overall_then_probability, original_index","[""generation_invalid"", ""tool_execution_failure"", ""unstable"", ""not_new""]",False,support-final-bceab85ac67db411774a2563:d0000013-c0,False,
support-final-bceab85ac67db411774a2563,full_support_aware,Al-Li-V,2,14,"[""support-final-bceab85ac67db411774a2563:d0000014-c0""]",1,0,,,[true],[true],"[""succeeded""]","[""select_for_evaluation""]",[0],True,"valid_first; common_head_max, common_head_weighted_mean, known_overall_then_probability, original_index","[""generation_invalid"", ""tool_execution_failure"", ""unstable"", ""not_new""]",False,support-final-bceab85ac67db411774a2563:d0000014-c0,False,
support-final-bceab85ac67db411774a2563,full_support_aware,Al-Li-V,2,15,"[""support-final-bceab85ac67db411774a2563:d0000015-c0""]",1,0,,,[true],[true],"[""succeeded""]","[""select_for_evaluation""]",[0],True,"valid_first; common_head_max, common_head_weighted_mean, known_overall_then_probability, original_index","[""generation_invalid"", ""tool_execution_failure"", ""unstable"", ""not_new""]",False,support-final-bceab85ac67db411774a2563:d0000015-c0,False,
support-final-bceab85ac67db411774a2563,full_support_aware,Al-Li-V,2,16,"[""support-final-bceab85ac67db411774a2563:d0000016-c0""]",1,0,,,[true],[true],"[""succeeded""]","[""select_for_evaluation""]",[0],True,"valid_first; common_head_max, common_head_weighted_mean, known_overall_then_probability, original_index","[""generation_invalid"", ""tool_execution_failure"", ""unstable"", ""not_new""]",False,support-final-bceab85ac67db411774a2563:d0000016-c0,False,
support-final-2b96c9fd2ded8ff4d3c9fa7b,full_support_aware,Al-Li-V,3,0,"[""support-final-2b96c9fd2ded8ff4d3c9fa7b:d0000000-c0""]",1,0,,,[true],[true],"[""unavailable""]","[""generate_structures""]",[0],False,valid_first; original_index_when_any_native_support_unknown,[],False,support-final-2b96c9fd2ded8ff4d3c9fa7b:d0000000-c0,False,
support-final-2b96c9fd2ded8ff4d3c9fa7b,full_support_aware,Al-Li-V,3,1,"[""support-final-2b96c9fd2ded8ff4d3c9fa7b:d0000001-c0""]",1,0,,,[true],[true],"[""succeeded""]","[""select_for_evaluation""]",[0],True,"valid_first; common_head_max, common_head_weighted_mean, known_overall_then_probability, original_index","[""generation_invalid"", ""tool_execution_failure"", ""unstable"", ""not_new""]",False,support-final-2b96c9fd2ded8ff4d3c9fa7b:d0000001-c0,False,
support-final-2b96c9fd2ded8ff4d3c9fa7b,full_support_aware,Al-Li-V,3,2,"[""support-final-2b96c9fd2ded8ff4d3c9fa7b:d0000002-c0""]",1,0,,,[true],[true],"[""succeeded""]","[""select_for_evaluation""]",[0],True,"valid_first; common_head_max, common_head_weighted_mean, known_overall_then_probability, original_index","[""generation_invalid"", ""tool_execution_failure"", ""unstable"", ""not_new""]",False,support-final-2b96c9fd2ded8ff4d3c9fa7b:d0000002-c0,False,
support-final-2b96c9fd2ded8ff4d3c9fa7b,full_support_aware,Al-Li-V,3,3,"[""support-final-2b96c9fd2ded8ff4d3c9fa7b:d0000003-c0""]",1,0,,,[true],[true],"[""succeeded""]","[""generate_structures""]",[0],True,"valid_first; common_head_max, common_head_weighted_mean, known_overall_then_probability, original_index","[""generation_invalid"", ""tool_execution_failure"", ""unstable"", ""not_new""]",False,support-final-2b96c9fd2ded8ff4d3c9fa7b:d0000003-c0,False,
support-final-2b96c9fd2ded8ff4d3c9fa7b,full_support_aware,Al-Li-V,3,4,"[""support-final-2b96c9fd2ded8ff4d3c9fa7b:d0000004-c0""]",1,0,,,[true],[true],"[""succeeded""]","[""select_for_evaluation""]",[0],True,"valid_first; common_head_max, common_head_weighted_mean, known_overall_then_probability, original_index","[""generation_invalid"", ""tool_execution_failure"", ""unstable"", ""not_new""]",False,support-final-2b96c9fd2ded8ff4d3c9fa7b:d0000004-c0,False,
support-final-2b96c9fd2ded8ff4d3c9fa7b,full_support_aware,Al-Li-V,3,5,"[""support-final-2b96c9fd2ded8ff4d3c9fa7b:d0000005-c0""]",1,0,,,[true],[true],"[""succeeded""]","[""select_for_evaluation""]",[0],True,"valid_first; common_head_max, common_head_weighted_mean, known_overall_then_probability, original_index","[""generation_invalid"", ""tool_execution_failure"", ""unstable"", ""not_new""]",False,support-final-2b96c9fd2ded8ff4d3c9fa7b:d0000005-c0,False,
support-final-2b96c9fd2ded8ff4d3c9fa7b,full_support_aware,Al-Li-V,3,6,"[""support-final-2b96c9fd2ded8ff4d3c9fa7b:d0000006-c0""]",1,0,,,[true],[true],"[""succeeded""]","[""select_for_evaluation""]",[0],True,"valid_first; common_head_max, common_head_weighted_mean, known_overall_then_probability, original_index","[""generation_invalid"", ""tool_execution_failure"", ""unstable"", ""not_new""]",False,support-final-2b96c9fd2ded8ff4d3c9fa7b:d0000006-c0,False,
support-final-2b96c9fd2ded8ff4d3c9fa7b,full_support_aware,Al-Li-V,3,7,"[""support-final-2b96c9fd2ded8ff4d3c9fa7b:d0000007-c0""]",1,0,,,[true],[true],"[""succeeded""]","[""select_for_evaluation""]",[0],True,"valid_first; common_head_max, common_head_weighted_mean, known_overall_then_probability, original_index","[""generation_invalid"", ""tool_execution_failure"", ""unstable"", ""not_new""]",False,support-final-2b96c9fd2ded8ff4d3c9fa7b:d0000007-c0,False,
support-final-2b96c9fd2ded8ff4d3c9fa7b,full_support_aware,Al-Li-V,3,8,"[""support-final-2b96c9fd2ded8ff4d3c9fa7b:d0000008-c0""]",1,0,,,[true],[true],"[""succeeded""]","[""select_for_evaluation""]",[0],True,"valid_first; common_head_max, common_head_weighted_mean, known_overall_then_probability, original_index","[""generation_invalid"", ""tool_execution_failure"", ""unstable"", ""not_new""]",False,support-final-2b96c9fd2ded8ff4d3c9fa7b:d0000008-c0,False,
support-final-2b96c9fd2ded8ff4d3c9fa7b,full_support_aware,Al-Li-V,3,9,"[""support-final-2b96c9fd2ded8ff4d3c9fa7b:d0000009-c0""]",1,0,,,[true],[true],"[""succeeded""]","[""select_for_evaluation""]",[0],True,"valid_first; common_head_max, common_head_weighted_mean, known_overall_then_probability, original_index","[""generation_invalid"", ""tool_execution_failure"", ""unstable"", ""not_new""]",False,support-final-2b96c9fd2ded8ff4d3c9fa7b:d0000009-c0,False,
support-final-2b96c9fd2ded8ff4d3c9fa7b,full_support_aware,Al-Li-V,3,10,"[""support-final-2b96c9fd2ded8ff4d3c9fa7b:d0000010-c0""]",1,0,,,[true],[true],"[""succeeded""]","[""generate_structures""]",[0],True,"valid_first; common_head_max, common_head_weighted_mean, known_overall_then_probability, original_index","[""generation_invalid"", ""tool_execution_failure"", ""unstable"", ""not_new""]",False,support-final-2b96c9fd2ded8ff4d3c9fa7b:d0000010-c0,False,
support-final-2b96c9fd2ded8ff4d3c9fa7b,full_support_aware,Al-Li-V,3,11,"[""support-final-2b96c9fd2ded8ff4d3c9fa7b:d0000011-c0""]",1,0,,,[true],[true],"[""succeeded""]","[""select_for_evaluation""]",[0],True,"valid_first; common_head_max, common_head_weighted_mean, known_overall_then_probability, original_index","[""generation_invalid"", ""tool_execution_failure"", ""unstable"", ""not_new""]",False,support-final-2b96c9fd2ded8ff4d3c9fa7b:d0000011-c0,False,
support-final-2b96c9fd2ded8ff4d3c9fa7b,full_support_aware,Al-Li-V,3,12,"[""support-final-2b96c9fd2ded8ff4d3c9fa7b:d0000012-c0"", ""support-final-2b96c9fd2ded8ff4d3c9fa7b:d0000012-c1""]",2,0,unstable,predicted_failure_type,"[true, true]","[true, true]","[""succeeded"", ""unavailable""]","[""select_for_evaluation"", ""generate_structures""]","[0, 1]",False,valid_first; original_index_when_any_native_support_unknown,[],False,support-final-2b96c9fd2ded8ff4d3c9fa7b:d0000012-c0,True,"{""instruction"": ""Compare candidates using finite existing scores, or propose a different valid candidate. Surrogate scores do not establish final stability. Use only the existing retry and tool/query limits."", ""not_a_measured_scientific_result"": true, ""predicted_failure_type"": ""unstable"", ""source"": ""current_candidate_predictions_or_visible_schema_issue"", ""suggested_legal_tool"": {""arguments"": {""composition"": ""Li3AlV2"", ""k"": 5, ""mode"": ""all""}, ""tool"": ""query_structures""}}"
support-final-2b96c9fd2ded8ff4d3c9fa7b,full_support_aware,Al-Li-V,3,13,"[""support-final-2b96c9fd2ded8ff4d3c9fa7b:d0000013-c0""]",1,0,,,[true],[true],"[""succeeded""]","[""select_for_evaluation""]",[0],True,"valid_first; common_head_max, common_head_weighted_mean, known_overall_then_probability, original_index","[""generation_invalid"", ""tool_execution_failure"", ""unstable"", ""not_new""]",False,support-final-2b96c9fd2ded8ff4d3c9fa7b:d0000013-c0,False,
support-final-2b96c9fd2ded8ff4d3c9fa7b,full_support_aware,Al-Li-V,3,14,"[""support-final-2b96c9fd2ded8ff4d3c9fa7b:d0000014-c0"", ""support-final-2b96c9fd2ded8ff4d3c9fa7b:d0000014-c1""]",2,1,generation_invalid,local_schema_validation,"[false, true]","[false, true]","[""unavailable"", ""succeeded""]","[""select_for_evaluation"", ""query_structures""]",[1],False,valid_first; original_index_when_any_native_support_unknown,[],False,support-final-2b96c9fd2ded8ff4d3c9fa7b:d0000014-c1,True,"{""instruction"": ""Repair the JSON/tool/arguments schema. Return one allowed tool with only its documented arguments; do not invent results. Use only the existing retry and tool/query limits."", ""not_a_measured_scientific_result"": true, ""predicted_failure_type"": ""generation_invalid"", ""source"": ""current_candidate_predictions_or_visible_schema_issue"", ""suggested_legal_tool"": {""arguments"": {""composition"": ""Li2AlV"", ""k"": 5, ""mode"": ""all""}, ""tool"": ""query_structures""}}"
support-final-2b96c9fd2ded8ff4d3c9fa7b,full_support_aware,Al-Li-V,3,15,"[""support-final-2b96c9fd2ded8ff4d3c9fa7b:d0000015-c0""]",1,0,,,[true],[true],"[""succeeded""]","[""select_for_evaluation""]",[0],True,"valid_first; common_head_max, common_head_weighted_mean, known_overall_then_probability, original_index","[""generation_invalid"", ""tool_execution_failure"", ""unstable"", ""not_new""]",False,support-final-2b96c9fd2ded8ff4d3c9fa7b:d0000015-c0,False,
support-final-2b96c9fd2ded8ff4d3c9fa7b,full_support_aware,Al-Li-V,3,16,"[""support-final-2b96c9fd2ded8ff4d3c9fa7b:d0000016-c0""]",1,0,,,[true],[true],"[""succeeded""]","[""generate_structures""]",[0],True,"valid_first; common_head_max, common_head_weighted_mean, known_overall_then_probability, original_index","[""generation_invalid"", ""tool_execution_failure"", ""unstable"", ""not_new""]",False,support-final-2b96c9fd2ded8ff4d3c9fa7b:d0000016-c0,False,
support-final-2b96c9fd2ded8ff4d3c9fa7b,full_support_aware,Al-Li-V,3,17,"[""support-final-2b96c9fd2ded8ff4d3c9fa7b:d0000017-c0""]",1,0,,,[true],[true],"[""succeeded""]","[""select_for_evaluation""]",[0],True,"valid_first; common_head_max, common_head_weighted_mean, known_overall_then_probability, original_index","[""generation_invalid"", ""tool_execution_failure"", ""unstable"", ""not_new""]",False,support-final-2b96c9fd2ded8ff4d3c9fa7b:d0000017-c0,False,
support-final-cda0e2a385af0e786df7d24a,full_support_aware,Al-Li-V,4,0,"[""support-final-cda0e2a385af0e786df7d24a:d0000000-c0""]",1,0,,,[true],[true],"[""succeeded""]","[""generate_structures""]",[0],True,"valid_first; common_head_max, common_head_weighted_mean, known_overall_then_probability, original_index","[""generation_invalid"", ""tool_execution_failure"", ""unstable"", ""not_new""]",False,support-final-cda0e2a385af0e786df7d24a:d0000000-c0,False,
support-final-cda0e2a385af0e786df7d24a,full_support_aware,Al-Li-V,4,1,"[""support-final-cda0e2a385af0e786df7d24a:d0000001-c0"", ""support-final-cda0e2a385af0e786df7d24a:d0000001-c1""]",2,0,not_new,predicted_failure_type,"[true, true]","[true, true]","[""succeeded"", ""unavailable""]","[""select_for_evaluation"", ""select_for_evaluation""]","[0, 1]",False,valid_first; original_index_when_any_native_support_unknown,[],False,support-final-cda0e2a385af0e786df7d24a:d0000001-c0,True,"{""instruction"": ""Prefer a different buffered structure_hash or generate a new candidate. A different hash alone does not establish scientific novelty. Use only the existing retry and tool/query limits."", ""not_a_measured_scientific_result"": true, ""predicted_failure_type"": ""not_new"", ""source"": ""current_candidate_predictions_or_visible_schema_issue"", ""suggested_legal_tool"": {""arguments"": {""composition"": ""Li2AlV2"", ""structure_hash"": ""36199726228c222dfa943018b5448613bbeb0f6d7c3f85223dee0bb7973ad6e9""}, ""tool"": ""select_for_evaluation""}}"
support-final-cda0e2a385af0e786df7d24a,full_support_aware,Al-Li-V,4,2,"[""support-final-cda0e2a385af0e786df7d24a:d0000002-c0""]",1,0,,,[true],[true],"[""succeeded""]","[""select_for_evaluation""]",[0],True,"valid_first; common_head_max, common_head_weighted_mean, known_overall_then_probability, original_index","[""generation_invalid"", ""tool_execution_failure"", ""unstable"", ""not_new""]",False,support-final-cda0e2a385af0e786df7d24a:d0000002-c0,False,
support-final-cda0e2a385af0e786df7d24a,full_support_aware,Al-Li-V,4,3,"[""support-final-cda0e2a385af0e786df7d24a:d0000003-c0""]",1,0,,,[true],[true],"[""succeeded""]","[""select_for_evaluation""]",[0],True,"valid_first; common_head_max, common_head_weighted_mean, known_overall_then_probability, original_index","[""generation_invalid"", ""tool_execution_failure"", ""unstable"", ""not_new""]",False,support-final-cda0e2a385af0e786df7d24a:d0000003-c0,False,
support-final-cda0e2a385af0e786df7d24a,full_support_aware,Al-Li-V,4,4,"[""support-final-cda0e2a385af0e786df7d24a:d0000004-c0""]",1,0,,,[true],[true],"[""succeeded""]","[""generate_structures""]",[0],True,"valid_first; common_head_max, common_head_weighted_mean, known_overall_then_probability, original_index","[""generation_invalid"", ""tool_execution_failure"", ""unstable"", ""not_new""]",False,support-final-cda0e2a385af0e786df7d24a:d0000004-c0,False,
support-final-cda0e2a385af0e786df7d24a,full_support_aware,Al-Li-V,4,5,"[""support-final-cda0e2a385af0e786df7d24a:d0000005-c0""]",1,0,,,[true],[true],"[""succeeded""]","[""generate_structures""]",[0],True,"valid_first; common_head_max, common_head_weighted_mean, known_overall_then_probability, original_index","[""generation_invalid"", ""tool_execution_failure"", ""unstable"", ""not_new""]",False,support-final-cda0e2a385af0e786df7d24a:d0000005-c0,False,
support-final-cda0e2a385af0e786df7d24a,full_support_aware,Al-Li-V,4,6,"[""support-final-cda0e2a385af0e786df7d24a:d0000006-c0""]",1,0,,,[true],[true],"[""succeeded""]","[""generate_structures""]",[0],True,"valid_first; common_head_max, common_head_weighted_mean, known_overall_then_probability, original_index","[""generation_invalid"", ""tool_execution_failure"", ""unstable"", ""not_new""]",False,support-final-cda0e2a385af0e786df7d24a:d0000006-c0,False,
support-final-cda0e2a385af0e786df7d24a,full_support_aware,Al-Li-V,4,7,"[""support-final-cda0e2a385af0e786df7d24a:d0000007-c0""]",1,0,,,[true],[true],"[""succeeded""]","[""select_for_evaluation""]",[0],True,"valid_first; common_head_max, common_head_weighted_mean, known_overall_then_probability, original_index","[""generation_invalid"", ""tool_execution_failure"", ""unstable"", ""not_new""]",False,support-final-cda0e2a385af0e786df7d24a:d0000007-c0,False,
support-final-cda0e2a385af0e786df7d24a,full_support_aware,Al-Li-V,4,8,"[""support-final-cda0e2a385af0e786df7d24a:d0000008-c0""]",1,0,,,[true],[true],"[""succeeded""]","[""select_for_evaluation""]",[0],True,"valid_first; common_head_max, common_head_weighted_mean, known_overall_then_probability, original_index","[""generation_invalid"", ""tool_execution_failure"", ""unstable"", ""not_new""]",False,support-final-cda0e2a385af0e786df7d24a:d0000008-c0,False,
support-final-cda0e2a385af0e786df7d24a,full_support_aware,Al-Li-V,4,9,"[""support-final-cda0e2a385af0e786df7d24a:d0000009-c0""]",1,0,,,[true],[true],"[""succeeded""]","[""select_for_evaluation""]",[0],True,"valid_first; common_head_max, common_head_weighted_mean, known_overall_then_probability, original_index","[""generation_invalid"", ""tool_execution_failure"", ""unstable"", ""not_new""]",False,support-final-cda0e2a385af0e786df7d24a:d0000009-c0,False,
support-final-cda0e2a385af0e786df7d24a,full_support_aware,Al-Li-V,4,10,"[""support-final-cda0e2a385af0e786df7d24a:d0000010-c0""]",1,0,,,[true],[true],"[""succeeded""]","[""select_for_evaluation""]",[0],True,"valid_first; common_head_max, common_head_weighted_mean, known_overall_then_probability, original_index","[""generation_invalid"", ""tool_execution_failure"", ""unstable"", ""not_new""]",False,support-final-cda0e2a385af0e786df7d24a:d0000010-c0,False,
support-final-cda0e2a385af0e786df7d24a,full_support_aware,Al-Li-V,4,11,"[""support-final-cda0e2a385af0e786df7d24a:d0000011-c0""]",1,0,,,[true],[true],"[""succeeded""]","[""select_for_evaluation""]",[0],True,"valid_first; common_head_max, common_head_weighted_mean, known_overall_then_probability, original_index","[""generation_invalid"", ""tool_execution_failure"", ""unstable"", ""not_new""]",False,support-final-cda0e2a385af0e786df7d24a:d0000011-c0,False,
support-final-cda0e2a385af0e786df7d24a,full_support_aware,Al-Li-V,4,12,"[""support-final-cda0e2a385af0e786df7d24a:d0000012-c0"", ""support-final-cda0e2a385af0e786df7d24a:d0000012-c1""]",2,1,generation_invalid,local_schema_validation,"[false, true]","[false, true]","[""unavailable"", ""unavailable""]","[null, ""query_structures""]",[1],False,valid_first; original_index_when_any_native_support_unknown,[],False,support-final-cda0e2a385af0e786df7d24a:d0000012-c1,True,"{""instruction"": ""Repair the JSON/tool/arguments schema. Return one allowed tool with only its documented arguments; do not invent results. Use only the existing retry and tool/query limits."", ""not_a_measured_scientific_result"": true, ""predicted_failure_type"": ""generation_invalid"", ""source"": ""current_candidate_predictions_or_visible_schema_issue"", ""suggested_legal_tool"": {""arguments"": {""composition"": ""Li2AlV2"", ""k"": 5, ""mode"": ""all""}, ""tool"": ""query_structures""}}"
support-final-cda0e2a385af0e786df7d24a,full_support_aware,Al-Li-V,4,13,"[""support-final-cda0e2a385af0e786df7d24a:d0000013-c0""]",1,0,,,[true],[true],"[""succeeded""]","[""select_for_evaluation""]",[0],True,"valid_first; common_head_max, common_head_weighted_mean, known_overall_then_probability, original_index","[""generation_invalid"", ""tool_execution_failure"", ""unstable"", ""not_new""]",False,support-final-cda0e2a385af0e786df7d24a:d0000013-c0,False,
support-final-cda0e2a385af0e786df7d24a,full_support_aware,Al-Li-V,4,14,"[""support-final-cda0e2a385af0e786df7d24a:d0000014-c0""]",1,0,,,[true],[true],"[""succeeded""]","[""select_for_evaluation""]",[0],True,"valid_first; common_head_max, common_head_weighted_mean, known_overall_then_probability, original_index","[""generation_invalid"", ""tool_execution_failure"", ""unstable"", ""not_new""]",False,support-final-cda0e2a385af0e786df7d24a:d0000014-c0,False,
support-final-cda0e2a385af0e786df7d24a,full_support_aware,Al-Li-V,4,15,"[""support-final-cda0e2a385af0e786df7d24a:d0000015-c0""]",1,0,,,[true],[true],"[""succeeded""]","[""select_for_evaluation""]",[0],True,"valid_first; common_head_max, common_head_weighted_mean, known_overall_then_probability, original_index","[""generation_invalid"", ""tool_execution_failure"", ""unstable"", ""not_new""]",False,support-final-cda0e2a385af0e786df7d24a:d0000015-c0,False,
support-final-cda0e2a385af0e786df7d24a,full_support_aware,Al-Li-V,4,16,"[""support-final-cda0e2a385af0e786df7d24a:d0000016-c0""]",1,0,,,[true],[true],"[""succeeded""]","[""select_for_evaluation""]",[0],True,"valid_first; common_head_max, common_head_weighted_mean, known_overall_then_probability, original_index","[""generation_invalid"", ""tool_execution_failure"", ""unstable"", ""not_new""]",False,support-final-cda0e2a385af0e786df7d24a:d0000016-c0,False,
support-final-cda0e2a385af0e786df7d24a,full_support_aware,Al-Li-V,4,17,"[""support-final-cda0e2a385af0e786df7d24a:d0000017-c0""]",1,0,,,[true],[true],"[""succeeded""]","[""select_for_evaluation""]",[0],True,"valid_first; common_head_max, common_head_weighted_mean, known_overall_then_probability, original_index","[""generation_invalid"", ""tool_execution_failure"", ""unstable"", ""not_new""]",False,support-final-cda0e2a385af0e786df7d24a:d0000017-c0,False,
support-final-cda0e2a385af0e786df7d24a,full_support_aware,Al-Li-V,4,18,"[""support-final-cda0e2a385af0e786df7d24a:d0000018-c0""]",1,0,,,[true],[true],"[""succeeded""]","[""generate_structures""]",[0],True,"valid_first; common_head_max, common_head_weighted_mean, known_overall_then_probability, original_index","[""generation_invalid"", ""tool_execution_failure"", ""unstable"", ""not_new""]",False,support-final-cda0e2a385af0e786df7d24a:d0000018-c0,False,
support-final-cda0e2a385af0e786df7d24a,full_support_aware,Al-Li-V,4,19,"[""support-final-cda0e2a385af0e786df7d24a:d0000019-c0""]",1,0,,,[true],[true],"[""succeeded""]","[""select_for_evaluation""]",[0],True,"valid_first; common_head_max, common_head_weighted_mean, known_overall_then_probability, original_index","[""generation_invalid"", ""tool_execution_failure"", ""unstable"", ""not_new""]",False,support-final-cda0e2a385af0e786df7d24a:d0000019-c0,False,
support-final-cda0e2a385af0e786df7d24a,full_support_aware,Al-Li-V,4,20,"[""support-final-cda0e2a385af0e786df7d24a:d0000020-c0""]",1,0,,,[true],[true],"[""succeeded""]","[""select_for_evaluation""]",[0],True,"valid_first; common_head_max, common_head_weighted_mean, known_overall_then_probability, original_index","[""generation_invalid"", ""tool_execution_failure"", ""unstable"", ""not_new""]",False,support-final-cda0e2a385af0e786df7d24a:d0000020-c0,False,
support-final-ca740c106b65301c3c20f121,full_support_aware,Al-V-Zn,2,0,"[""support-final-ca740c106b65301c3c20f121:d0000000-c0"", ""support-final-ca740c106b65301c3c20f121:d0000000-c1""]",2,1,generation_invalid,local_schema_validation,"[false, true]","[false, true]","[""unavailable"", ""unavailable""]","[null, ""get_buffer_stats""]",[1],False,valid_first; original_index_when_any_native_support_unknown,[],False,support-final-ca740c106b65301c3c20f121:d0000000-c1,True,"{""instruction"": ""Repair the JSON/tool/arguments schema. Return one allowed tool with only its documented arguments; do not invent results. Use only the existing retry and tool/query limits."", ""not_a_measured_scientific_result"": true, ""predicted_failure_type"": ""generation_invalid"", ""source"": ""current_candidate_predictions_or_visible_schema_issue"", ""suggested_legal_tool"": {""arguments"": {}, ""tool"": ""get_buffer_stats""}}"
support-final-ca740c106b65301c3c20f121,full_support_aware,Al-V-Zn,2,1,"[""support-final-ca740c106b65301c3c20f121:d0000001-c0"", ""support-final-ca740c106b65301c3c20f121:d0000001-c1""]",2,1,generation_invalid,local_schema_validation,"[false, true]","[false, true]","[""unavailable"", ""unavailable""]","[null, ""generate_structures""]",[1],False,valid_first; original_index_when_any_native_support_unknown,[],False,support-final-ca740c106b65301c3c20f121:d0000001-c1,True,"{""instruction"": ""Repair the JSON/tool/arguments schema. Return one allowed tool with only its documented arguments; do not invent results. Use only the existing retry and tool/query limits."", ""not_a_measured_scientific_result"": true, ""predicted_failure_type"": ""generation_invalid"", ""source"": ""current_candidate_predictions_or_visible_schema_issue"", ""suggested_legal_tool"": {""arguments"": {}, ""tool"": ""get_buffer_stats""}}"
support-final-ca740c106b65301c3c20f121,full_support_aware,Al-V-Zn,2,2,"[""support-final-ca740c106b65301c3c20f121:d0000002-c0""]",1,0,,,[true],[true],"[""succeeded""]","[""select_for_evaluation""]",[0],True,"valid_first; common_head_max, common_head_weighted_mean, known_overall_then_probability, original_index","[""generation_invalid"", ""tool_execution_failure"", ""unstable"", ""not_new""]",False,support-final-ca740c106b65301c3c20f121:d0000002-c0,False,
support-final-ca740c106b65301c3c20f121,full_support_aware,Al-V-Zn,2,3,"[""support-final-ca740c106b65301c3c20f121:d0000003-c0""]",1,0,,,[true],[true],"[""succeeded""]","[""select_for_evaluation""]",[0],True,"valid_first; common_head_max, common_head_weighted_mean, known_overall_then_probability, original_index","[""generation_invalid"", ""tool_execution_failure"", ""unstable"", ""not_new""]",False,support-final-ca740c106b65301c3c20f121:d0000003-c0,False,
support-final-ca740c106b65301c3c20f121,full_support_aware,Al-V-Zn,2,4,"[""support-final-ca740c106b65301c3c20f121:d0000004-c0""]",1,0,,,[true],[true],"[""succeeded""]","[""select_for_evaluation""]",[0],True,"valid_first; common_head_max, common_head_weighted_mean, known_overall_then_probability, original_index","[""generation_invalid"", ""tool_execution_failure"", ""unstable"", ""not_new""]",False,support-final-ca740c106b65301c3c20f121:d0000004-c0,False,
support-final-ca740c106b65301c3c20f121,full_support_aware,Al-V-Zn,2,5,"[""support-final-ca740c106b65301c3c20f121:d0000005-c0""]",1,0,,,[true],[true],"[""succeeded""]","[""select_for_evaluation""]",[0],True,"valid_first; common_head_max, common_head_weighted_mean, known_overall_then_probability, original_index","[""generation_invalid"", ""tool_execution_failure"", ""unstable"", ""not_new""]",False,support-final-ca740c106b65301c3c20f121:d0000005-c0,False,
support-final-ca740c106b65301c3c20f121,full_support_aware,Al-V-Zn,2,6,"[""support-final-ca740c106b65301c3c20f121:d0000006-c0""]",1,0,,,[true],[true],"[""succeeded""]","[""generate_structures""]",[0],True,"valid_first; common_head_max, common_head_weighted_mean, known_overall_then_probability, original_index","[""generation_invalid"", ""tool_execution_failure"", ""unstable"", ""not_new""]",False,support-final-ca740c106b65301c3c20f121:d0000006-c0,False,
support-final-ca740c106b65301c3c20f121,full_support_aware,Al-V-Zn,2,7,"[""support-final-ca740c106b65301c3c20f121:d0000007-c0""]",1,0,,,[true],[true],"[""succeeded""]","[""select_for_evaluation""]",[0],True,"valid_first; common_head_max, common_head_weighted_mean, known_overall_then_probability, original_index","[""generation_invalid"", ""tool_execution_failure"", ""unstable"", ""not_new""]",False,support-final-ca740c106b65301c3c20f121:d0000007-c0,False,
support-final-ca740c106b65301c3c20f121,full_support_aware,Al-V-Zn,2,8,"[""support-final-ca740c106b65301c3c20f121:d0000008-c0""]",1,0,,,[true],[true],"[""succeeded""]","[""generate_structures""]",[0],True,"valid_first; common_head_max, common_head_weighted_mean, known_overall_then_probability, original_index","[""generation_invalid"", ""tool_execution_failure"", ""unstable"", ""not_new""]",False,support-final-ca740c106b65301c3c20f121:d0000008-c0,False,
support-final-ca740c106b65301c3c20f121,full_support_aware,Al-V-Zn,2,9,"[""support-final-ca740c106b65301c3c20f121:d0000009-c0""]",1,0,,,[true],[true],"[""succeeded""]","[""select_for_evaluation""]",[0],True,"valid_first; common_head_max, common_head_weighted_mean, known_overall_then_probability, original_index","[""generation_invalid"", ""tool_execution_failure"", ""unstable"", ""not_new""]",False,support-final-ca740c106b65301c3c20f121:d0000009-c0,False,
support-final-ca740c106b65301c3c20f121,full_support_aware,Al-V-Zn,2,10,"[""support-final-ca740c106b65301c3c20f121:d0000010-c0""]",1,0,,,[true],[true],"[""succeeded""]","[""select_for_evaluation""]",[0],True,"valid_first; common_head_max, common_head_weighted_mean, known_overall_then_probability, original_index","[""generation_invalid"", ""tool_execution_failure"", ""unstable"", ""not_new""]",False,support-final-ca740c106b65301c3c20f121:d0000010-c0,False,
support-final-ca740c106b65301c3c20f121,full_support_aware,Al-V-Zn,2,11,"[""support-final-ca740c106b65301c3c20f121:d0000011-c0""]",1,0,,,[true],[true],"[""succeeded""]","[""generate_structures""]",[0],True,"valid_first; common_head_max, common_head_weighted_mean, known_overall_then_probability, original_index","[""generation_invalid"", ""tool_execution_failure"", ""unstable"", ""not_new""]",False,support-final-ca740c106b65301c3c20f121:d0000011-c0,False,
support-final-ca740c106b65301c3c20f121,full_support_aware,Al-V-Zn,2,12,"[""support-final-ca740c106b65301c3c20f121:d0000012-c0""]",1,0,,,[true],[true],"[""succeeded""]","[""select_for_evaluation""]",[0],True,"valid_first; common_head_max, common_head_weighted_mean, known_overall_then_probability, original_index","[""generation_invalid"", ""tool_execution_failure"", ""unstable"", ""not_new""]",False,support-final-ca740c106b65301c3c20f121:d0000012-c0,False,
support-final-ca740c106b65301c3c20f121,full_support_aware,Al-V-Zn,2,13,"[""support-final-ca740c106b65301c3c20f121:d0000013-c0""]",1,0,,,[true],[true],"[""succeeded""]","[""select_for_evaluation""]",[0],True,"valid_first; common_head_max, common_head_weighted_mean, known_overall_then_probability, original_index","[""generation_invalid"", ""tool_execution_failure"", ""unstable"", ""not_new""]",False,support-final-ca740c106b65301c3c20f121:d0000013-c0,False,
support-final-ca740c106b65301c3c20f121,full_support_aware,Al-V-Zn,2,14,"[""support-final-ca740c106b65301c3c20f121:d0000014-c0""]",1,0,,,[true],[true],"[""succeeded""]","[""select_for_evaluation""]",[0],True,"valid_first; common_head_max, common_head_weighted_mean, known_overall_then_probability, original_index","[""generation_invalid"", ""tool_execution_failure"", ""unstable"", ""not_new""]",False,support-final-ca740c106b65301c3c20f121:d0000014-c0,False,
support-final-c3b9e4053e380cd376460042,full_support_aware,Al-V-Zn,3,0,"[""support-final-c3b9e4053e380cd376460042:d0000000-c0""]",1,0,,,[true],[true],"[""succeeded""]","[""generate_structures""]",[0],True,"valid_first; common_head_max, common_head_weighted_mean, known_overall_then_probability, original_index","[""generation_invalid"", ""tool_execution_failure"", ""unstable"", ""not_new""]",False,support-final-c3b9e4053e380cd376460042:d0000000-c0,False,
support-final-c3b9e4053e380cd376460042,full_support_aware,Al-V-Zn,3,1,"[""support-final-c3b9e4053e380cd376460042:d0000001-c0""]",1,0,,,[true],[true],"[""succeeded""]","[""select_for_evaluation""]",[0],True,"valid_first; common_head_max, common_head_weighted_mean, known_overall_then_probability, original_index","[""generation_invalid"", ""tool_execution_failure"", ""unstable"", ""not_new""]",False,support-final-c3b9e4053e380cd376460042:d0000001-c0,False,
support-final-c3b9e4053e380cd376460042,full_support_aware,Al-V-Zn,3,2,"[""support-final-c3b9e4053e380cd376460042:d0000002-c0""]",1,0,,,[true],[true],"[""succeeded""]","[""select_for_evaluation""]",[0],True,"valid_first; common_head_max, common_head_weighted_mean, known_overall_then_probability, original_index","[""generation_invalid"", ""tool_execution_failure"", ""unstable"", ""not_new""]",False,support-final-c3b9e4053e380cd376460042:d0000002-c0,False,
support-final-c3b9e4053e380cd376460042,full_support_aware,Al-V-Zn,3,3,"[""support-final-c3b9e4053e380cd376460042:d0000003-c0""]",1,0,,,[true],[true],"[""succeeded""]","[""generate_structures""]",[0],True,"valid_first; common_head_max, common_head_weighted_mean, known_overall_then_probability, original_index","[""generation_invalid"", ""tool_execution_failure"", ""unstable"", ""not_new""]",False,support-final-c3b9e4053e380cd376460042:d0000003-c0,False,
support-final-c3b9e4053e380cd376460042,full_support_aware,Al-V-Zn,3,4,"[""support-final-c3b9e4053e380cd376460042:d0000004-c0""]",1,0,,,[true],[true],"[""succeeded""]","[""select_for_evaluation""]",[0],True,"valid_first; common_head_max, common_head_weighted_mean, known_overall_then_probability, original_index","[""generation_invalid"", ""tool_execution_failure"", ""unstable"", ""not_new""]",False,support-final-c3b9e4053e380cd376460042:d0000004-c0,False,
support-final-c3b9e4053e380cd376460042,full_support_aware,Al-V-Zn,3,5,"[""support-final-c3b9e4053e380cd376460042:d0000005-c0""]",1,0,,,[true],[true],"[""succeeded""]","[""select_for_evaluation""]",[0],True,"valid_first; common_head_max, common_head_weighted_mean, known_overall_then_probability, original_index","[""generation_invalid"", ""tool_execution_failure"", ""unstable"", ""not_new""]",False,support-final-c3b9e4053e380cd376460042:d0000005-c0,False,
support-final-c3b9e4053e380cd376460042,full_support_aware,Al-V-Zn,3,6,"[""support-final-c3b9e4053e380cd376460042:d0000006-c0""]",1,0,,,[true],[true],"[""succeeded""]","[""generate_structures""]",[0],True,"valid_first; common_head_max, common_head_weighted_mean, known_overall_then_probability, original_index","[""generation_invalid"", ""tool_execution_failure"", ""unstable"", ""not_new""]",False,support-final-c3b9e4053e380cd376460042:d0000006-c0,False,
support-final-c3b9e4053e380cd376460042,full_support_aware,Al-V-Zn,3,7,"[""support-final-c3b9e4053e380cd376460042:d0000007-c0""]",1,0,,,[true],[true],"[""succeeded""]","[""select_for_evaluation""]",[0],True,"valid_first; common_head_max, common_head_weighted_mean, known_overall_then_probability, original_index","[""generation_invalid"", ""tool_execution_failure"", ""unstable"", ""not_new""]",False,support-final-c3b9e4053e380cd376460042:d0000007-c0,False,
support-final-c3b9e4053e380cd376460042,full_support_aware,Al-V-Zn,3,8,"[""support-final-c3b9e4053e380cd376460042:d0000008-c0""]",1,0,,,[true],[true],"[""succeeded""]","[""generate_structures""]",[0],True,"valid_first; common_head_max, common_head_weighted_mean, known_overall_then_probability, original_index","[""generation_invalid"", ""tool_execution_failure"", ""unstable"", ""not_new""]",False,support-final-c3b9e4053e380cd376460042:d0000008-c0,False,
support-final-c3b9e4053e380cd376460042,full_support_aware,Al-V-Zn,3,9,"[""support-final-c3b9e4053e380cd376460042:d0000009-c0""]",1,0,,,[true],[true],"[""succeeded""]","[""generate_structures""]",[0],True,"valid_first; common_head_max, common_head_weighted_mean, known_overall_then_probability, original_index","[""generation_invalid"", ""tool_execution_failure"", ""unstable"", ""not_new""]",False,support-final-c3b9e4053e380cd376460042:d0000009-c0,False,
support-final-c3b9e4053e380cd376460042,full_support_aware,Al-V-Zn,3,10,"[""support-final-c3b9e4053e380cd376460042:d0000010-c0""]",1,0,,,[true],[true],"[""succeeded""]","[""select_for_evaluation""]",[0],True,"valid_first; common_head_max, common_head_weighted_mean, known_overall_then_probability, original_index","[""generation_invalid"", ""tool_execution_failure"", ""unstable"", ""not_new""]",False,support-final-c3b9e4053e380cd376460042:d0000010-c0,False,
support-final-c3b9e4053e380cd376460042,full_support_aware,Al-V-Zn,3,11,"[""support-final-c3b9e4053e380cd376460042:d0000011-c0""]",1,0,,,[true],[true],"[""succeeded""]","[""select_for_evaluation""]",[0],True,"valid_first; common_head_max, common_head_weighted_mean, known_overall_then_probability, original_index","[""generation_invalid"", ""tool_execution_failure"", ""unstable"", ""not_new""]",False,support-final-c3b9e4053e380cd376460042:d0000011-c0,False,
support-final-c3b9e4053e380cd376460042,full_support_aware,Al-V-Zn,3,12,"[""support-final-c3b9e4053e380cd376460042:d0000012-c0""]",1,0,,,[true],[true],"[""succeeded""]","[""select_for_evaluation""]",[0],True,"valid_first; common_head_max, common_head_weighted_mean, known_overall_then_probability, original_index","[""generation_invalid"", ""tool_execution_failure"", ""unstable"", ""not_new""]",False,support-final-c3b9e4053e380cd376460042:d0000012-c0,False,
support-final-c3b9e4053e380cd376460042,full_support_aware,Al-V-Zn,3,13,"[""support-final-c3b9e4053e380cd376460042:d0000013-c0""]",1,0,,,[true],[true],"[""succeeded""]","[""select_for_evaluation""]",[0],True,"valid_first; common_head_max, common_head_weighted_mean, known_overall_then_probability, original_index","[""generation_invalid"", ""tool_execution_failure"", ""unstable"", ""not_new""]",False,support-final-c3b9e4053e380cd376460042:d0000013-c0,False,
support-final-c3b9e4053e380cd376460042,full_support_aware,Al-V-Zn,3,14,"[""support-final-c3b9e4053e380cd376460042:d0000014-c0""]",1,0,,,[true],[true],"[""succeeded""]","[""select_for_evaluation""]",[0],True,"valid_first; common_head_max, common_head_weighted_mean, known_overall_then_probability, original_index","[""generation_invalid"", ""tool_execution_failure"", ""unstable"", ""not_new""]",False,support-final-c3b9e4053e380cd376460042:d0000014-c0,False,
support-final-c3b9e4053e380cd376460042,full_support_aware,Al-V-Zn,3,15,"[""support-final-c3b9e4053e380cd376460042:d0000015-c0""]",1,0,,,[true],[true],"[""unavailable""]","[""select_for_evaluation""]",[0],False,valid_first; original_index_when_any_native_support_unknown,[],False,support-final-c3b9e4053e380cd376460042:d0000015-c0,False,
support-final-c3b9e4053e380cd376460042,full_support_aware,Al-V-Zn,3,16,"[""support-final-c3b9e4053e380cd376460042:d0000016-c0""]",1,0,,,[true],[true],"[""succeeded""]","[""generate_structures""]",[0],True,"valid_first; common_head_max, common_head_weighted_mean, known_overall_then_probability, original_index","[""generation_invalid"", ""tool_execution_failure"", ""unstable"", ""not_new""]",False,support-final-c3b9e4053e380cd376460042:d0000016-c0,False,
support-final-c3b9e4053e380cd376460042,full_support_aware,Al-V-Zn,3,17,"[""support-final-c3b9e4053e380cd376460042:d0000017-c0""]",1,0,,,[true],[true],"[""succeeded""]","[""select_for_evaluation""]",[0],True,"valid_first; common_head_max, common_head_weighted_mean, known_overall_then_probability, original_index","[""generation_invalid"", ""tool_execution_failure"", ""unstable"", ""not_new""]",False,support-final-c3b9e4053e380cd376460042:d0000017-c0,False,
support-final-8d9484c7a3dc0a3085dccdab,full_support_aware,Al-V-Zn,4,0,"[""support-final-8d9484c7a3dc0a3085dccdab:d0000000-c0""]",1,0,,,[true],[true],"[""succeeded""]","[""generate_structures""]",[0],True,"valid_first; common_head_max, common_head_weighted_mean, known_overall_then_probability, original_index","[""generation_invalid"", ""tool_execution_failure"", ""unstable"", ""not_new""]",False,support-final-8d9484c7a3dc0a3085dccdab:d0000000-c0,False,
support-final-8d9484c7a3dc0a3085dccdab,full_support_aware,Al-V-Zn,4,1,"[""support-final-8d9484c7a3dc0a3085dccdab:d0000001-c0"", ""support-final-8d9484c7a3dc0a3085dccdab:d0000001-c1""]",2,0,not_new,predicted_failure_type,"[true, true]","[true, true]","[""succeeded"", ""unavailable""]","[""select_for_evaluation"", ""select_for_evaluation""]","[0, 1]",False,valid_first; original_index_when_any_native_support_unknown,[],False,support-final-8d9484c7a3dc0a3085dccdab:d0000001-c0,True,"{""instruction"": ""Prefer a different buffered structure_hash or generate a new candidate. A different hash alone does not establish scientific novelty. Use only the existing retry and tool/query limits."", ""not_a_measured_scientific_result"": true, ""predicted_failure_type"": ""not_new"", ""source"": ""current_candidate_predictions_or_visible_schema_issue"", ""suggested_legal_tool"": {""arguments"": {""composition"": ""Al2VZn"", ""structure_hash"": ""4711b2249a9b85330b207fbff1bcc4d1bc1e4dd8e290a63d88e5531cbeb72426""}, ""tool"": ""select_for_evaluation""}}"
support-final-8d9484c7a3dc0a3085dccdab,full_support_aware,Al-V-Zn,4,2,"[""support-final-8d9484c7a3dc0a3085dccdab:d0000002-c0""]",1,0,,,[true],[true],"[""succeeded""]","[""select_for_evaluation""]",[0],True,"valid_first; common_head_max, common_head_weighted_mean, known_overall_then_probability, original_index","[""generation_invalid"", ""tool_execution_failure"", ""unstable"", ""not_new""]",False,support-final-8d9484c7a3dc0a3085dccdab:d0000002-c0,False,
support-final-8d9484c7a3dc0a3085dccdab,full_support_aware,Al-V-Zn,4,3,"[""support-final-8d9484c7a3dc0a3085dccdab:d0000003-c0""]",1,0,,,[true],[true],"[""succeeded""]","[""select_for_evaluation""]",[0],True,"valid_first; common_head_max, common_head_weighted_mean, known_overall_then_probability, original_index","[""generation_invalid"", ""tool_execution_failure"", ""unstable"", ""not_new""]",False,support-final-8d9484c7a3dc0a3085dccdab:d0000003-c0,False,
support-final-8d9484c7a3dc0a3085dccdab,full_support_aware,Al-V-Zn,4,4,"[""support-final-8d9484c7a3dc0a3085dccdab:d0000004-c0""]",1,0,,,[true],[true],"[""succeeded""]","[""select_for_evaluation""]",[0],True,"valid_first; common_head_max, common_head_weighted_mean, known_overall_then_probability, original_index","[""generation_invalid"", ""tool_execution_failure"", ""unstable"", ""not_new""]",False,support-final-8d9484c7a3dc0a3085dccdab:d0000004-c0,False,
support-final-8d9484c7a3dc0a3085dccdab,full_support_aware,Al-V-Zn,4,5,"[""support-final-8d9484c7a3dc0a3085dccdab:d0000005-c0""]",1,0,,,[true],[true],"[""succeeded""]","[""select_for_evaluation""]",[0],True,"valid_first; common_head_max, common_head_weighted_mean, known_overall_then_probability, original_index","[""generation_invalid"", ""tool_execution_failure"", ""unstable"", ""not_new""]",False,support-final-8d9484c7a3dc0a3085dccdab:d0000005-c0,False,
support-final-8d9484c7a3dc0a3085dccdab,full_support_aware,Al-V-Zn,4,6,"[""support-final-8d9484c7a3dc0a3085dccdab:d0000006-c0""]",1,0,,,[true],[true],"[""succeeded""]","[""select_for_evaluation""]",[0],True,"valid_first; common_head_max, common_head_weighted_mean, known_overall_then_probability, original_index","[""generation_invalid"", ""tool_execution_failure"", ""unstable"", ""not_new""]",False,support-final-8d9484c7a3dc0a3085dccdab:d0000006-c0,False,
support-final-8d9484c7a3dc0a3085dccdab,full_support_aware,Al-V-Zn,4,7,"[""support-final-8d9484c7a3dc0a3085dccdab:d0000007-c0""]",1,0,,,[true],[true],"[""succeeded""]","[""select_for_evaluation""]",[0],True,"valid_first; common_head_max, common_head_weighted_mean, known_overall_then_probability, original_index","[""generation_invalid"", ""tool_execution_failure"", ""unstable"", ""not_new""]",False,support-final-8d9484c7a3dc0a3085dccdab:d0000007-c0,False,
support-final-8d9484c7a3dc0a3085dccdab,full_support_aware,Al-V-Zn,4,8,"[""support-final-8d9484c7a3dc0a3085dccdab:d0000008-c0""]",1,0,,,[true],[true],"[""succeeded""]","[""select_for_evaluation""]",[0],True,"valid_first; common_head_max, common_head_weighted_mean, known_overall_then_probability, original_index","[""generation_invalid"", ""tool_execution_failure"", ""unstable"", ""not_new""]",False,support-final-8d9484c7a3dc0a3085dccdab:d0000008-c0,False,
support-final-8d9484c7a3dc0a3085dccdab,full_support_aware,Al-V-Zn,4,9,"[""support-final-8d9484c7a3dc0a3085dccdab:d0000009-c0""]",1,0,,,[true],[true],"[""succeeded""]","[""select_for_evaluation""]",[0],True,"valid_first; common_head_max, common_head_weighted_mean, known_overall_then_probability, original_index","[""generation_invalid"", ""tool_execution_failure"", ""unstable"", ""not_new""]",False,support-final-8d9484c7a3dc0a3085dccdab:d0000009-c0,False,
support-final-8d9484c7a3dc0a3085dccdab,full_support_aware,Al-V-Zn,4,10,"[""support-final-8d9484c7a3dc0a3085dccdab:d0000010-c0""]",1,0,,,[true],[true],"[""succeeded""]","[""select_for_evaluation""]",[0],True,"valid_first; common_head_max, common_head_weighted_mean, known_overall_then_probability, original_index","[""generation_invalid"", ""tool_execution_failure"", ""unstable"", ""not_new""]",False,support-final-8d9484c7a3dc0a3085dccdab:d0000010-c0,False,
support-final-8d9484c7a3dc0a3085dccdab,full_support_aware,Al-V-Zn,4,11,"[""support-final-8d9484c7a3dc0a3085dccdab:d0000011-c0""]",1,0,,,[true],[true],"[""succeeded""]","[""select_for_evaluation""]",[0],True,"valid_first; common_head_max, common_head_weighted_mean, known_overall_then_probability, original_index","[""generation_invalid"", ""tool_execution_failure"", ""unstable"", ""not_new""]",False,support-final-8d9484c7a3dc0a3085dccdab:d0000011-c0,False,
support-final-68807310bf257b755381e67b,full_support_aware,Au-K-Tb,2,0,"[""support-final-68807310bf257b755381e67b:d0000000-c0""]",1,0,,,[true],[true],"[""unavailable""]","[""generate_structures""]",[0],False,valid_first; original_index_when_any_native_support_unknown,[],False,support-final-68807310bf257b755381e67b:d0000000-c0,False,
support-final-68807310bf257b755381e67b,full_support_aware,Au-K-Tb,2,1,"[""support-final-68807310bf257b755381e67b:d0000001-c0"", ""support-final-68807310bf257b755381e67b:d0000001-c1""]",2,1,generation_invalid,local_schema_validation,"[true, true]","[false, true]","[""unavailable"", ""unavailable""]","[""select_for_evaluation"", ""get_buffer_stats""]",[1],False,valid_first; original_index_when_any_native_support_unknown,[],False,support-final-68807310bf257b755381e67b:d0000001-c1,True,"{""instruction"": ""Repair the JSON/tool/arguments schema. Return one allowed tool with only its documented arguments; do not invent results. Use only the existing retry and tool/query limits."", ""not_a_measured_scientific_result"": true, ""predicted_failure_type"": ""generation_invalid"", ""source"": ""current_candidate_predictions_or_visible_schema_issue"", ""suggested_legal_tool"": {""arguments"": {}, ""tool"": ""get_buffer_stats""}}"
support-final-68807310bf257b755381e67b,full_support_aware,Au-K-Tb,2,2,"[""support-final-68807310bf257b755381e67b:d0000002-c0""]",1,0,,,[true],[true],"[""unavailable""]","[""generate_structures""]",[0],False,valid_first; original_index_when_any_native_support_unknown,[],False,support-final-68807310bf257b755381e67b:d0000002-c0,False,
support-final-68807310bf257b755381e67b,full_support_aware,Au-K-Tb,2,3,"[""support-final-68807310bf257b755381e67b:d0000003-c0"", ""support-final-68807310bf257b755381e67b:d0000003-c1""]",2,0,not_new,predicted_failure_type,"[true, true]","[true, true]","[""succeeded"", ""unavailable""]","[""select_for_evaluation"", ""select_for_evaluation""]","[0, 1]",False,valid_first; original_index_when_any_native_support_unknown,[],False,support-final-68807310bf257b755381e67b:d0000003-c0,True,"{""instruction"": ""Prefer a different buffered structure_hash or generate a new candidate. A different hash alone does not establish scientific novelty. Use only the existing retry and tool/query limits."", ""not_a_measured_scientific_result"": true, ""predicted_failure_type"": ""not_new"", ""source"": ""current_candidate_predictions_or_visible_schema_issue"", ""suggested_legal_tool"": {""arguments"": {""composition"": ""K2TbAu"", ""structure_hash"": ""1ad6cd4037773bcb3f309838bd8ea63c60b94b0600a0c5a7733da41148271068""}, ""tool"": ""select_for_evaluation""}}"
support-final-68807310bf257b755381e67b,full_support_aware,Au-K-Tb,2,4,"[""support-final-68807310bf257b755381e67b:d0000004-c0""]",1,0,,,[true],[true],"[""succeeded""]","[""select_for_evaluation""]",[0],True,"valid_first; common_head_max, common_head_weighted_mean, known_overall_then_probability, original_index","[""generation_invalid"", ""tool_execution_failure"", ""unstable"", ""not_new""]",False,support-final-68807310bf257b755381e67b:d0000004-c0,False,
support-final-68807310bf257b755381e67b,full_support_aware,Au-K-Tb,2,5,"[""support-final-68807310bf257b755381e67b:d0000005-c0"", ""support-final-68807310bf257b755381e67b:d0000005-c1""]",2,0,not_new,predicted_failure_type,"[true, true]","[true, true]","[""succeeded"", ""succeeded""]","[""generate_structures"", ""select_for_evaluation""]","[0, 1]",True,"valid_first; common_head_max, common_head_weighted_mean, known_overall_then_probability, original_index","[""generation_invalid"", ""tool_execution_failure"", ""unstable"", ""not_new""]",False,support-final-68807310bf257b755381e67b:d0000005-c0,True,"{""instruction"": ""Prefer a different buffered structure_hash or generate a new candidate. A different hash alone does not establish scientific novelty. Use only the existing retry and tool/query limits."", ""not_a_measured_scientific_result"": true, ""predicted_failure_type"": ""not_new"", ""source"": ""current_candidate_predictions_or_visible_schema_issue"", ""suggested_legal_tool"": {""arguments"": {""composition"": ""K2TbAu"", ""structure_hash"": ""1ad6cd4037773bcb3f309838bd8ea63c60b94b0600a0c5a7733da41148271068""}, ""tool"": ""select_for_evaluation""}}"
support-final-68807310bf257b755381e67b,full_support_aware,Au-K-Tb,2,6,"[""support-final-68807310bf257b755381e67b:d0000006-c0""]",1,0,,,[true],[true],"[""succeeded""]","[""generate_structures""]",[0],True,"valid_first; common_head_max, common_head_weighted_mean, known_overall_then_probability, original_index","[""generation_invalid"", ""tool_execution_failure"", ""unstable"", ""not_new""]",False,support-final-68807310bf257b755381e67b:d0000006-c0,False,
support-final-68807310bf257b755381e67b,full_support_aware,Au-K-Tb,2,7,"[""support-final-68807310bf257b755381e67b:d0000007-c0""]",1,0,,,[true],[true],"[""succeeded""]","[""select_for_evaluation""]",[0],True,"valid_first; common_head_max, common_head_weighted_mean, known_overall_then_probability, original_index","[""generation_invalid"", ""tool_execution_failure"", ""unstable"", ""not_new""]",False,support-final-68807310bf257b755381e67b:d0000007-c0,False,
support-final-68807310bf257b755381e67b,full_support_aware,Au-K-Tb,2,8,"[""support-final-68807310bf257b755381e67b:d0000008-c0""]",1,0,,,[true],[true],"[""succeeded""]","[""select_for_evaluation""]",[0],True,"valid_first; common_head_max, common_head_weighted_mean, known_overall_then_probability, original_index","[""generation_invalid"", ""tool_execution_failure"", ""unstable"", ""not_new""]",False,support-final-68807310bf257b755381e67b:d0000008-c0,False,
support-final-68807310bf257b755381e67b,full_support_aware,Au-K-Tb,2,9,"[""support-final-68807310bf257b755381e67b:d0000009-c0""]",1,0,,,[true],[true],"[""succeeded""]","[""select_for_evaluation""]",[0],True,"valid_first; common_head_max, common_head_weighted_mean, known_overall_then_probability, original_index","[""generation_invalid"", ""tool_execution_failure"", ""unstable"", ""not_new""]",False,support-final-68807310bf257b755381e67b:d0000009-c0,False,
support-final-68807310bf257b755381e67b,full_support_aware,Au-K-Tb,2,10,"[""support-final-68807310bf257b755381e67b:d0000010-c0""]",1,0,,,[true],[true],"[""succeeded""]","[""select_for_evaluation""]",[0],True,"valid_first; common_head_max, common_head_weighted_mean, known_overall_then_probability, original_index","[""generation_invalid"", ""tool_execution_failure"", ""unstable"", ""not_new""]",False,support-final-68807310bf257b755381e67b:d0000010-c0,False,
support-final-68807310bf257b755381e67b,full_support_aware,Au-K-Tb,2,11,"[""support-final-68807310bf257b755381e67b:d0000011-c0""]",1,0,,,[true],[true],"[""succeeded""]","[""generate_structures""]",[0],True,"valid_first; common_head_max, common_head_weighted_mean, known_overall_then_probability, original_index","[""generation_invalid"", ""tool_execution_failure"", ""unstable"", ""not_new""]",False,support-final-68807310bf257b755381e67b:d0000011-c0,False,
support-final-68807310bf257b755381e67b,full_support_aware,Au-K-Tb,2,12,"[""support-final-68807310bf257b755381e67b:d0000012-c0""]",1,0,,,[true],[true],"[""succeeded""]","[""select_for_evaluation""]",[0],True,"valid_first; common_head_max, common_head_weighted_mean, known_overall_then_probability, original_index","[""generation_invalid"", ""tool_execution_failure"", ""unstable"", ""not_new""]",False,support-final-68807310bf257b755381e67b:d0000012-c0,False,
support-final-68807310bf257b755381e67b,full_support_aware,Au-K-Tb,2,13,"[""support-final-68807310bf257b755381e67b:d0000013-c0""]",1,0,,,[true],[true],"[""succeeded""]","[""generate_structures""]",[0],True,"valid_first; common_head_max, common_head_weighted_mean, known_overall_then_probability, original_index","[""generation_invalid"", ""tool_execution_failure"", ""unstable"", ""not_new""]",False,support-final-68807310bf257b755381e67b:d0000013-c0,False,
support-final-68807310bf257b755381e67b,full_support_aware,Au-K-Tb,2,14,"[""support-final-68807310bf257b755381e67b:d0000014-c0""]",1,0,,,[true],[true],"[""succeeded""]","[""select_for_evaluation""]",[0],True,"valid_first; common_head_max, common_head_weighted_mean, known_overall_then_probability, original_index","[""generation_invalid"", ""tool_execution_failure"", ""unstable"", ""not_new""]",False,support-final-68807310bf257b755381e67b:d0000014-c0,False,
support-final-68807310bf257b755381e67b,full_support_aware,Au-K-Tb,2,15,"[""support-final-68807310bf257b755381e67b:d0000015-c0""]",1,0,,,[true],[true],"[""succeeded""]","[""select_for_evaluation""]",[0],True,"valid_first; common_head_max, common_head_weighted_mean, known_overall_then_probability, original_index","[""generation_invalid"", ""tool_execution_failure"", ""unstable"", ""not_new""]",False,support-final-68807310bf257b755381e67b:d0000015-c0,False,
support-final-68807310bf257b755381e67b,full_support_aware,Au-K-Tb,2,16,"[""support-final-68807310bf257b755381e67b:d0000016-c0""]",1,0,,,[true],[true],"[""succeeded""]","[""generate_structures""]",[0],True,"valid_first; common_head_max, common_head_weighted_mean, known_overall_then_probability, original_index","[""generation_invalid"", ""tool_execution_failure"", ""unstable"", ""not_new""]",False,support-final-68807310bf257b755381e67b:d0000016-c0,False,
support-final-68807310bf257b755381e67b,full_support_aware,Au-K-Tb,2,17,"[""support-final-68807310bf257b755381e67b:d0000017-c0""]",1,0,,,[true],[true],"[""succeeded""]","[""select_for_evaluation""]",[0],True,"valid_first; common_head_max, common_head_weighted_mean, known_overall_then_probability, original_index","[""generation_invalid"", ""tool_execution_failure"", ""unstable"", ""not_new""]",False,support-final-68807310bf257b755381e67b:d0000017-c0,False,
support-final-5b6d1b84cc2ee0f52bb1c366,full_support_aware,Au-K-Tb,3,0,"[""support-final-5b6d1b84cc2ee0f52bb1c366:d0000000-c0""]",1,0,,,[true],[true],"[""unavailable""]","[""generate_structures""]",[0],False,valid_first; original_index_when_any_native_support_unknown,[],False,support-final-5b6d1b84cc2ee0f52bb1c366:d0000000-c0,False,
support-final-5b6d1b84cc2ee0f52bb1c366,full_support_aware,Au-K-Tb,3,1,"[""support-final-5b6d1b84cc2ee0f52bb1c366:d0000001-c0""]",1,0,,,[true],[true],"[""succeeded""]","[""select_for_evaluation""]",[0],True,"valid_first; common_head_max, common_head_weighted_mean, known_overall_then_probability, original_index","[""generation_invalid"", ""tool_execution_failure"", ""unstable"", ""not_new""]",False,support-final-5b6d1b84cc2ee0f52bb1c366:d0000001-c0,False,
support-final-5b6d1b84cc2ee0f52bb1c366,full_support_aware,Au-K-Tb,3,2,"[""support-final-5b6d1b84cc2ee0f52bb1c366:d0000002-c0""]",1,0,,,[true],[true],"[""succeeded""]","[""select_for_evaluation""]",[0],True,"valid_first; common_head_max, common_head_weighted_mean, known_overall_then_probability, original_index","[""generation_invalid"", ""tool_execution_failure"", ""unstable"", ""not_new""]",False,support-final-5b6d1b84cc2ee0f52bb1c366:d0000002-c0,False,
support-final-5b6d1b84cc2ee0f52bb1c366,full_support_aware,Au-K-Tb,3,3,"[""support-final-5b6d1b84cc2ee0f52bb1c366:d0000003-c0""]",1,0,,,[true],[true],"[""unavailable""]","[""generate_structures""]",[0],False,valid_first; original_index_when_any_native_support_unknown,[],False,support-final-5b6d1b84cc2ee0f52bb1c366:d0000003-c0,False,
support-final-5b6d1b84cc2ee0f52bb1c366,full_support_aware,Au-K-Tb,3,4,"[""support-final-5b6d1b84cc2ee0f52bb1c366:d0000004-c0""]",1,0,,,[true],[true],"[""succeeded""]","[""select_for_evaluation""]",[0],True,"valid_first; common_head_max, common_head_weighted_mean, known_overall_then_probability, original_index","[""generation_invalid"", ""tool_execution_failure"", ""unstable"", ""not_new""]",False,support-final-5b6d1b84cc2ee0f52bb1c366:d0000004-c0,False,
support-final-5b6d1b84cc2ee0f52bb1c366,full_support_aware,Au-K-Tb,3,5,"[""support-final-5b6d1b84cc2ee0f52bb1c366:d0000005-c0""]",1,0,,,[true],[true],"[""succeeded""]","[""select_for_evaluation""]",[0],True,"valid_first; common_head_max, common_head_weighted_mean, known_overall_then_probability, original_index","[""generation_invalid"", ""tool_execution_failure"", ""unstable"", ""not_new""]",False,support-final-5b6d1b84cc2ee0f52bb1c366:d0000005-c0,False,
support-final-5b6d1b84cc2ee0f52bb1c366,full_support_aware,Au-K-Tb,3,6,"[""support-final-5b6d1b84cc2ee0f52bb1c366:d0000006-c0""]",1,0,,,[true],[true],"[""succeeded""]","[""select_for_evaluation""]",[0],True,"valid_first; common_head_max, common_head_weighted_mean, known_overall_then_probability, original_index","[""generation_invalid"", ""tool_execution_failure"", ""unstable"", ""not_new""]",False,support-final-5b6d1b84cc2ee0f52bb1c366:d0000006-c0,False,
support-final-5b6d1b84cc2ee0f52bb1c366,full_support_aware,Au-K-Tb,3,7,"[""support-final-5b6d1b84cc2ee0f52bb1c366:d0000007-c0""]",1,0,,,[true],[true],"[""succeeded""]","[""select_for_evaluation""]",[0],True,"valid_first; common_head_max, common_head_weighted_mean, known_overall_then_probability, original_index","[""generation_invalid"", ""tool_execution_failure"", ""unstable"", ""not_new""]",False,support-final-5b6d1b84cc2ee0f52bb1c366:d0000007-c0,False,
support-final-5b6d1b84cc2ee0f52bb1c366,full_support_aware,Au-K-Tb,3,8,"[""support-final-5b6d1b84cc2ee0f52bb1c366:d0000008-c0""]",1,0,,,[true],[true],"[""succeeded""]","[""select_for_evaluation""]",[0],True,"valid_first; common_head_max, common_head_weighted_mean, known_overall_then_probability, original_index","[""generation_invalid"", ""tool_execution_failure"", ""unstable"", ""not_new""]",False,support-final-5b6d1b84cc2ee0f52bb1c366:d0000008-c0,False,
support-final-5b6d1b84cc2ee0f52bb1c366,full_support_aware,Au-K-Tb,3,9,"[""support-final-5b6d1b84cc2ee0f52bb1c366:d0000009-c0""]",1,0,,,[true],[true],"[""succeeded""]","[""select_for_evaluation""]",[0],True,"valid_first; common_head_max, common_head_weighted_mean, known_overall_then_probability, original_index","[""generation_invalid"", ""tool_execution_failure"", ""unstable"", ""not_new""]",False,support-final-5b6d1b84cc2ee0f52bb1c366:d0000009-c0,False,
support-final-5b6d1b84cc2ee0f52bb1c366,full_support_aware,Au-K-Tb,3,10,"[""support-final-5b6d1b84cc2ee0f52bb1c366:d0000010-c0""]",1,0,,,[true],[true],"[""succeeded""]","[""generate_structures""]",[0],True,"valid_first; common_head_max, common_head_weighted_mean, known_overall_then_probability, original_index","[""generation_invalid"", ""tool_execution_failure"", ""unstable"", ""not_new""]",False,support-final-5b6d1b84cc2ee0f52bb1c366:d0000010-c0,False,
support-final-5b6d1b84cc2ee0f52bb1c366,full_support_aware,Au-K-Tb,3,11,"[""support-final-5b6d1b84cc2ee0f52bb1c366:d0000011-c0""]",1,0,,,[true],[true],"[""succeeded""]","[""select_for_evaluation""]",[0],True,"valid_first; common_head_max, common_head_weighted_mean, known_overall_then_probability, original_index","[""generation_invalid"", ""tool_execution_failure"", ""unstable"", ""not_new""]",False,support-final-5b6d1b84cc2ee0f52bb1c366:d0000011-c0,False,
support-final-5b6d1b84cc2ee0f52bb1c366,full_support_aware,Au-K-Tb,3,12,"[""support-final-5b6d1b84cc2ee0f52bb1c366:d0000012-c0""]",1,0,,,[true],[true],"[""succeeded""]","[""select_for_evaluation""]",[0],True,"valid_first; common_head_max, common_head_weighted_mean, known_overall_then_probability, original_index","[""generation_invalid"", ""tool_execution_failure"", ""unstable"", ""not_new""]",False,support-final-5b6d1b84cc2ee0f52bb1c366:d0000012-c0,False,
support-final-5b6d1b84cc2ee0f52bb1c366,full_support_aware,Au-K-Tb,3,13,"[""support-final-5b6d1b84cc2ee0f52bb1c366:d0000013-c0""]",1,0,,,[true],[true],"[""succeeded""]","[""select_for_evaluation""]",[0],True,"valid_first; common_head_max, common_head_weighted_mean, known_overall_then_probability, original_index","[""generation_invalid"", ""tool_execution_failure"", ""unstable"", ""not_new""]",False,support-final-5b6d1b84cc2ee0f52bb1c366:d0000013-c0,False,
support-final-5b6d1b84cc2ee0f52bb1c366,full_support_aware,Au-K-Tb,3,14,"[""support-final-5b6d1b84cc2ee0f52bb1c366:d0000014-c0""]",1,0,,,[true],[true],"[""succeeded""]","[""select_for_evaluation""]",[0],True,"valid_first; common_head_max, common_head_weighted_mean, known_overall_then_probability, original_index","[""generation_invalid"", ""tool_execution_failure"", ""unstable"", ""not_new""]",False,support-final-5b6d1b84cc2ee0f52bb1c366:d0000014-c0,False,
support-final-5b6d1b84cc2ee0f52bb1c366,full_support_aware,Au-K-Tb,3,15,"[""support-final-5b6d1b84cc2ee0f52bb1c366:d0000015-c0""]",1,0,,,[true],[true],"[""succeeded""]","[""generate_structures""]",[0],True,"valid_first; common_head_max, common_head_weighted_mean, known_overall_then_probability, original_index","[""generation_invalid"", ""tool_execution_failure"", ""unstable"", ""not_new""]",False,support-final-5b6d1b84cc2ee0f52bb1c366:d0000015-c0,False,
support-final-5b6d1b84cc2ee0f52bb1c366,full_support_aware,Au-K-Tb,3,16,"[""support-final-5b6d1b84cc2ee0f52bb1c366:d0000016-c0""]",1,0,,,[true],[true],"[""succeeded""]","[""generate_structures""]",[0],True,"valid_first; common_head_max, common_head_weighted_mean, known_overall_then_probability, original_index","[""generation_invalid"", ""tool_execution_failure"", ""unstable"", ""not_new""]",False,support-final-5b6d1b84cc2ee0f52bb1c366:d0000016-c0,False,
support-final-5b6d1b84cc2ee0f52bb1c366,full_support_aware,Au-K-Tb,3,17,"[""support-final-5b6d1b84cc2ee0f52bb1c366:d0000017-c0""]",1,0,,,[true],[true],"[""succeeded""]","[""select_for_evaluation""]",[0],True,"valid_first; common_head_max, common_head_weighted_mean, known_overall_then_probability, original_index","[""generation_invalid"", ""tool_execution_failure"", ""unstable"", ""not_new""]",False,support-final-5b6d1b84cc2ee0f52bb1c366:d0000017-c0,False,
support-final-17ba56fb5d378648ebbbe7c8,full_support_aware,Au-K-Tb,4,0,"[""support-final-17ba56fb5d378648ebbbe7c8:d0000000-c0""]",1,0,,,[true],[true],"[""unavailable""]","[""generate_structures""]",[0],False,valid_first; original_index_when_any_native_support_unknown,[],False,support-final-17ba56fb5d378648ebbbe7c8:d0000000-c0,False,
support-final-17ba56fb5d378648ebbbe7c8,full_support_aware,Au-K-Tb,4,1,"[""support-final-17ba56fb5d378648ebbbe7c8:d0000001-c0""]",1,0,,,[true],[true],"[""succeeded""]","[""select_for_evaluation""]",[0],True,"valid_first; common_head_max, common_head_weighted_mean, known_overall_then_probability, original_index","[""generation_invalid"", ""tool_execution_failure"", ""unstable"", ""not_new""]",False,support-final-17ba56fb5d378648ebbbe7c8:d0000001-c0,False,
support-final-17ba56fb5d378648ebbbe7c8,full_support_aware,Au-K-Tb,4,2,"[""support-final-17ba56fb5d378648ebbbe7c8:d0000002-c0""]",1,0,,,[true],[true],"[""succeeded""]","[""select_for_evaluation""]",[0],True,"valid_first; common_head_max, common_head_weighted_mean, known_overall_then_probability, original_index","[""generation_invalid"", ""tool_execution_failure"", ""unstable"", ""not_new""]",False,support-final-17ba56fb5d378648ebbbe7c8:d0000002-c0,False,
support-final-17ba56fb5d378648ebbbe7c8,full_support_aware,Au-K-Tb,4,3,"[""support-final-17ba56fb5d378648ebbbe7c8:d0000003-c0""]",1,0,,,[true],[true],"[""succeeded""]","[""select_for_evaluation""]",[0],True,"valid_first; common_head_max, common_head_weighted_mean, known_overall_then_probability, original_index","[""generation_invalid"", ""tool_execution_failure"", ""unstable"", ""not_new""]",False,support-final-17ba56fb5d378648ebbbe7c8:d0000003-c0,False,
support-final-17ba56fb5d378648ebbbe7c8,full_support_aware,Au-K-Tb,4,4,"[""support-final-17ba56fb5d378648ebbbe7c8:d0000004-c0""]",1,0,,,[true],[true],"[""succeeded""]","[""select_for_evaluation""]",[0],True,"valid_first; common_head_max, common_head_weighted_mean, known_overall_then_probability, original_index","[""generation_invalid"", ""tool_execution_failure"", ""unstable"", ""not_new""]",False,support-final-17ba56fb5d378648ebbbe7c8:d0000004-c0,False,
support-final-17ba56fb5d378648ebbbe7c8,full_support_aware,Au-K-Tb,4,5,"[""support-final-17ba56fb5d378648ebbbe7c8:d0000005-c0""]",1,0,,,[true],[true],"[""succeeded""]","[""generate_structures""]",[0],True,"valid_first; common_head_max, common_head_weighted_mean, known_overall_then_probability, original_index","[""generation_invalid"", ""tool_execution_failure"", ""unstable"", ""not_new""]",False,support-final-17ba56fb5d378648ebbbe7c8:d0000005-c0,False,
support-final-17ba56fb5d378648ebbbe7c8,full_support_aware,Au-K-Tb,4,6,"[""support-final-17ba56fb5d378648ebbbe7c8:d0000006-c0""]",1,0,,,[true],[true],"[""succeeded""]","[""generate_structures""]",[0],True,"valid_first; common_head_max, common_head_weighted_mean, known_overall_then_probability, original_index","[""generation_invalid"", ""tool_execution_failure"", ""unstable"", ""not_new""]",False,support-final-17ba56fb5d378648ebbbe7c8:d0000006-c0,False,
support-final-17ba56fb5d378648ebbbe7c8,full_support_aware,Au-K-Tb,4,7,"[""support-final-17ba56fb5d378648ebbbe7c8:d0000007-c0""]",1,0,,,[true],[true],"[""succeeded""]","[""select_for_evaluation""]",[0],True,"valid_first; common_head_max, common_head_weighted_mean, known_overall_then_probability, original_index","[""generation_invalid"", ""tool_execution_failure"", ""unstable"", ""not_new""]",False,support-final-17ba56fb5d378648ebbbe7c8:d0000007-c0,False,
support-final-17ba56fb5d378648ebbbe7c8,full_support_aware,Au-K-Tb,4,8,"[""support-final-17ba56fb5d378648ebbbe7c8:d0000008-c0""]",1,0,,,[true],[true],"[""succeeded""]","[""select_for_evaluation""]",[0],True,"valid_first; common_head_max, common_head_weighted_mean, known_overall_then_probability, original_index","[""generation_invalid"", ""tool_execution_failure"", ""unstable"", ""not_new""]",False,support-final-17ba56fb5d378648ebbbe7c8:d0000008-c0,False,
support-final-17ba56fb5d378648ebbbe7c8,full_support_aware,Au-K-Tb,4,9,"[""support-final-17ba56fb5d378648ebbbe7c8:d0000009-c0""]",1,0,,,[true],[true],"[""succeeded""]","[""select_for_evaluation""]",[0],True,"valid_first; common_head_max, common_head_weighted_mean, known_overall_then_probability, original_index","[""generation_invalid"", ""tool_execution_failure"", ""unstable"", ""not_new""]",False,support-final-17ba56fb5d378648ebbbe7c8:d0000009-c0,False,
support-final-17ba56fb5d378648ebbbe7c8,full_support_aware,Au-K-Tb,4,10,"[""support-final-17ba56fb5d378648ebbbe7c8:d0000010-c0""]",1,0,,,[true],[true],"[""succeeded""]","[""select_for_evaluation""]",[0],True,"valid_first; common_head_max, common_head_weighted_mean, known_overall_then_probability, original_index","[""generation_invalid"", ""tool_execution_failure"", ""unstable"", ""not_new""]",False,support-final-17ba56fb5d378648ebbbe7c8:d0000010-c0,False,
support-final-17ba56fb5d378648ebbbe7c8,full_support_aware,Au-K-Tb,4,11,"[""support-final-17ba56fb5d378648ebbbe7c8:d0000011-c0""]",1,0,,,[true],[true],"[""succeeded""]","[""select_for_evaluation""]",[0],True,"valid_first; common_head_max, common_head_weighted_mean, known_overall_then_probability, original_index","[""generation_invalid"", ""tool_execution_failure"", ""unstable"", ""not_new""]",False,support-final-17ba56fb5d378648ebbbe7c8:d0000011-c0,False,
support-final-17ba56fb5d378648ebbbe7c8,full_support_aware,Au-K-Tb,4,12,"[""support-final-17ba56fb5d378648ebbbe7c8:d0000012-c0""]",1,0,,,[true],[true],"[""succeeded""]","[""generate_structures""]",[0],True,"valid_first; common_head_max, common_head_weighted_mean, known_overall_then_probability, original_index","[""generation_invalid"", ""tool_execution_failure"", ""unstable"", ""not_new""]",False,support-final-17ba56fb5d378648ebbbe7c8:d0000012-c0,False,
support-final-17ba56fb5d378648ebbbe7c8,full_support_aware,Au-K-Tb,4,13,"[""support-final-17ba56fb5d378648ebbbe7c8:d0000013-c0""]",1,0,,,[true],[true],"[""succeeded""]","[""select_for_evaluation""]",[0],True,"valid_first; common_head_max, common_head_weighted_mean, known_overall_then_probability, original_index","[""generation_invalid"", ""tool_execution_failure"", ""unstable"", ""not_new""]",False,support-final-17ba56fb5d378648ebbbe7c8:d0000013-c0,False,
support-final-fdb8c5628b1505159c52f7cc,full_support_aware,Co-Dy-W,2,0,"[""support-final-fdb8c5628b1505159c52f7cc:d0000000-c0""]",1,0,,,[true],[true],"[""unavailable""]","[""generate_structures""]",[0],False,valid_first; original_index_when_any_native_support_unknown,[],False,support-final-fdb8c5628b1505159c52f7cc:d0000000-c0,False,
support-final-fdb8c5628b1505159c52f7cc,full_support_aware,Co-Dy-W,2,1,"[""support-final-fdb8c5628b1505159c52f7cc:d0000001-c0"", ""support-final-fdb8c5628b1505159c52f7cc:d0000001-c1""]",2,0,not_new,predicted_failure_type,"[true, true]","[true, true]","[""succeeded"", ""unavailable""]","[""select_for_evaluation"", ""select_for_evaluation""]","[0, 1]",False,valid_first; original_index_when_any_native_support_unknown,[],False,support-final-fdb8c5628b1505159c52f7cc:d0000001-c0,True,"{""instruction"": ""Prefer a different buffered structure_hash or generate a new candidate. A different hash alone does not establish scientific novelty. Use only the existing retry and tool/query limits."", ""not_a_measured_scientific_result"": true, ""predicted_failure_type"": ""not_new"", ""source"": ""current_candidate_predictions_or_visible_schema_issue"", ""suggested_legal_tool"": {""arguments"": {""composition"": ""Dy2Co2W"", ""structure_hash"": ""24d7f1232c35e8445f6539460c41dd9ede2a29de17c2ba75dc3fe5eb7fb011e9""}, ""tool"": ""select_for_evaluation""}}"
support-final-fdb8c5628b1505159c52f7cc,full_support_aware,Co-Dy-W,2,2,"[""support-final-fdb8c5628b1505159c52f7cc:d0000002-c0""]",1,0,,,[true],[true],"[""succeeded""]","[""score_buffer""]",[0],True,"valid_first; common_head_max, common_head_weighted_mean, known_overall_then_probability, original_index","[""generation_invalid"", ""tool_execution_failure"", ""unstable"", ""not_new""]",False,support-final-fdb8c5628b1505159c52f7cc:d0000002-c0,False,
support-final-fdb8c5628b1505159c52f7cc,full_support_aware,Co-Dy-W,2,3,"[""support-final-fdb8c5628b1505159c52f7cc:d0000003-c0""]",1,0,,,[true],[true],"[""unavailable""]","[""select_for_evaluation""]",[0],False,valid_first; original_index_when_any_native_support_unknown,[],False,support-final-fdb8c5628b1505159c52f7cc:d0000003-c0,False,
support-final-fdb8c5628b1505159c52f7cc,full_support_aware,Co-Dy-W,2,4,"[""support-final-fdb8c5628b1505159c52f7cc:d0000004-c0""]",1,0,,,[true],[true],"[""unavailable""]","[""select_for_evaluation""]",[0],False,valid_first; original_index_when_any_native_support_unknown,[],False,support-final-fdb8c5628b1505159c52f7cc:d0000004-c0,False,
support-final-fdb8c5628b1505159c52f7cc,full_support_aware,Co-Dy-W,2,5,"[""support-final-fdb8c5628b1505159c52f7cc:d0000005-c0""]",1,0,,,[true],[true],"[""unavailable""]","[""select_for_evaluation""]",[0],False,valid_first; original_index_when_any_native_support_unknown,[],False,support-final-fdb8c5628b1505159c52f7cc:d0000005-c0,False,
support-final-fdb8c5628b1505159c52f7cc,full_support_aware,Co-Dy-W,2,6,"[""support-final-fdb8c5628b1505159c52f7cc:d0000006-c0""]",1,0,,,[true],[true],"[""unavailable""]","[""select_for_evaluation""]",[0],False,valid_first; original_index_when_any_native_support_unknown,[],False,support-final-fdb8c5628b1505159c52f7cc:d0000006-c0,False,
support-final-fdb8c5628b1505159c52f7cc,full_support_aware,Co-Dy-W,2,7,"[""support-final-fdb8c5628b1505159c52f7cc:d0000007-c0""]",1,0,,,[true],[true],"[""succeeded""]","[""select_for_evaluation""]",[0],True,"valid_first; common_head_max, common_head_weighted_mean, known_overall_then_probability, original_index","[""generation_invalid"", ""tool_execution_failure"", ""unstable"", ""not_new""]",False,support-final-fdb8c5628b1505159c52f7cc:d0000007-c0,False,
support-final-fdb8c5628b1505159c52f7cc,full_support_aware,Co-Dy-W,2,8,"[""support-final-fdb8c5628b1505159c52f7cc:d0000008-c0""]",1,0,,,[true],[true],"[""succeeded""]","[""generate_structures""]",[0],True,"valid_first; common_head_max, common_head_weighted_mean, known_overall_then_probability, original_index","[""generation_invalid"", ""tool_execution_failure"", ""unstable"", ""not_new""]",False,support-final-fdb8c5628b1505159c52f7cc:d0000008-c0,False,
support-final-fdb8c5628b1505159c52f7cc,full_support_aware,Co-Dy-W,2,9,"[""support-final-fdb8c5628b1505159c52f7cc:d0000009-c0""]",1,0,,,[true],[true],"[""succeeded""]","[""select_for_evaluation""]",[0],True,"valid_first; common_head_max, common_head_weighted_mean, known_overall_then_probability, original_index","[""generation_invalid"", ""tool_execution_failure"", ""unstable"", ""not_new""]",False,support-final-fdb8c5628b1505159c52f7cc:d0000009-c0,False,
support-final-fdb8c5628b1505159c52f7cc,full_support_aware,Co-Dy-W,2,10,"[""support-final-fdb8c5628b1505159c52f7cc:d0000010-c0""]",1,0,,,[true],[true],"[""succeeded""]","[""select_for_evaluation""]",[0],True,"valid_first; common_head_max, common_head_weighted_mean, known_overall_then_probability, original_index","[""generation_invalid"", ""tool_execution_failure"", ""unstable"", ""not_new""]",False,support-final-fdb8c5628b1505159c52f7cc:d0000010-c0,False,
support-final-fdb8c5628b1505159c52f7cc,full_support_aware,Co-Dy-W,2,11,"[""support-final-fdb8c5628b1505159c52f7cc:d0000011-c0""]",1,0,,,[true],[true],"[""succeeded""]","[""select_for_evaluation""]",[0],True,"valid_first; common_head_max, common_head_weighted_mean, known_overall_then_probability, original_index","[""generation_invalid"", ""tool_execution_failure"", ""unstable"", ""not_new""]",False,support-final-fdb8c5628b1505159c52f7cc:d0000011-c0,False,
support-final-fdb8c5628b1505159c52f7cc,full_support_aware,Co-Dy-W,2,12,"[""support-final-fdb8c5628b1505159c52f7cc:d0000012-c0""]",1,0,,,[true],[true],"[""succeeded""]","[""generate_structures""]",[0],True,"valid_first; common_head_max, common_head_weighted_mean, known_overall_then_probability, original_index","[""generation_invalid"", ""tool_execution_failure"", ""unstable"", ""not_new""]",False,support-final-fdb8c5628b1505159c52f7cc:d0000012-c0,False,
support-final-fdb8c5628b1505159c52f7cc,full_support_aware,Co-Dy-W,2,13,"[""support-final-fdb8c5628b1505159c52f7cc:d0000013-c0""]",1,0,,,[true],[true],"[""succeeded""]","[""select_for_evaluation""]",[0],True,"valid_first; common_head_max, common_head_weighted_mean, known_overall_then_probability, original_index","[""generation_invalid"", ""tool_execution_failure"", ""unstable"", ""not_new""]",False,support-final-fdb8c5628b1505159c52f7cc:d0000013-c0,False,
support-final-fdb8c5628b1505159c52f7cc,full_support_aware,Co-Dy-W,2,14,"[""support-final-fdb8c5628b1505159c52f7cc:d0000014-c0""]",1,0,,,[true],[true],"[""succeeded""]","[""select_for_evaluation""]",[0],True,"valid_first; common_head_max, common_head_weighted_mean, known_overall_then_probability, original_index","[""generation_invalid"", ""tool_execution_failure"", ""unstable"", ""not_new""]",False,support-final-fdb8c5628b1505159c52f7cc:d0000014-c0,False,
support-final-fdb8c5628b1505159c52f7cc,full_support_aware,Co-Dy-W,2,15,"[""support-final-fdb8c5628b1505159c52f7cc:d0000015-c0""]",1,0,,,[true],[true],"[""succeeded""]","[""select_for_evaluation""]",[0],True,"valid_first; common_head_max, common_head_weighted_mean, known_overall_then_probability, original_index","[""generation_invalid"", ""tool_execution_failure"", ""unstable"", ""not_new""]",False,support-final-fdb8c5628b1505159c52f7cc:d0000015-c0,False,
support-final-fdb8c5628b1505159c52f7cc,full_support_aware,Co-Dy-W,2,16,"[""support-final-fdb8c5628b1505159c52f7cc:d0000016-c0""]",1,0,,,[true],[true],"[""succeeded""]","[""select_for_evaluation""]",[0],True,"valid_first; common_head_max, common_head_weighted_mean, known_overall_then_probability, original_index","[""generation_invalid"", ""tool_execution_failure"", ""unstable"", ""not_new""]",False,support-final-fdb8c5628b1505159c52f7cc:d0000016-c0,False,
support-final-756405aa341c84c08489f23c,full_support_aware,Co-Dy-W,3,0,"[""support-final-756405aa341c84c08489f23c:d0000000-c0""]",1,0,,,[true],[true],"[""unavailable""]","[""generate_structures""]",[0],False,valid_first; original_index_when_any_native_support_unknown,[],False,support-final-756405aa341c84c08489f23c:d0000000-c0,False,
support-final-756405aa341c84c08489f23c,full_support_aware,Co-Dy-W,3,1,"[""support-final-756405aa341c84c08489f23c:d0000001-c0""]",1,0,,,[true],[true],"[""succeeded""]","[""select_for_evaluation""]",[0],True,"valid_first; common_head_max, common_head_weighted_mean, known_overall_then_probability, original_index","[""generation_invalid"", ""tool_execution_failure"", ""unstable"", ""not_new""]",False,support-final-756405aa341c84c08489f23c:d0000001-c0,False,
support-final-756405aa341c84c08489f23c,full_support_aware,Co-Dy-W,3,2,"[""support-final-756405aa341c84c08489f23c:d0000002-c0""]",1,0,,,[true],[true],"[""succeeded""]","[""select_for_evaluation""]",[0],True,"valid_first; common_head_max, common_head_weighted_mean, known_overall_then_probability, original_index","[""generation_invalid"", ""tool_execution_failure"", ""unstable"", ""not_new""]",False,support-final-756405aa341c84c08489f23c:d0000002-c0,False,
support-final-756405aa341c84c08489f23c,full_support_aware,Co-Dy-W,3,3,"[""support-final-756405aa341c84c08489f23c:d0000003-c0""]",1,0,,,[true],[true],"[""succeeded""]","[""generate_structures""]",[0],True,"valid_first; common_head_max, common_head_weighted_mean, known_overall_then_probability, original_index","[""generation_invalid"", ""tool_execution_failure"", ""unstable"", ""not_new""]",False,support-final-756405aa341c84c08489f23c:d0000003-c0,False,
support-final-756405aa341c84c08489f23c,full_support_aware,Co-Dy-W,3,4,"[""support-final-756405aa341c84c08489f23c:d0000004-c0""]",1,0,,,[true],[true],"[""succeeded""]","[""select_for_evaluation""]",[0],True,"valid_first; common_head_max, common_head_weighted_mean, known_overall_then_probability, original_index","[""generation_invalid"", ""tool_execution_failure"", ""unstable"", ""not_new""]",False,support-final-756405aa341c84c08489f23c:d0000004-c0,False,
support-final-756405aa341c84c08489f23c,full_support_aware,Co-Dy-W,3,5,"[""support-final-756405aa341c84c08489f23c:d0000005-c0""]",1,0,,,[true],[true],"[""succeeded""]","[""select_for_evaluation""]",[0],True,"valid_first; common_head_max, common_head_weighted_mean, known_overall_then_probability, original_index","[""generation_invalid"", ""tool_execution_failure"", ""unstable"", ""not_new""]",False,support-final-756405aa341c84c08489f23c:d0000005-c0,False,
support-final-756405aa341c84c08489f23c,full_support_aware,Co-Dy-W,3,6,"[""support-final-756405aa341c84c08489f23c:d0000006-c0""]",1,0,,,[true],[true],"[""succeeded""]","[""select_for_evaluation""]",[0],True,"valid_first; common_head_max, common_head_weighted_mean, known_overall_then_probability, original_index","[""generation_invalid"", ""tool_execution_failure"", ""unstable"", ""not_new""]",False,support-final-756405aa341c84c08489f23c:d0000006-c0,False,
support-final-756405aa341c84c08489f23c,full_support_aware,Co-Dy-W,3,7,"[""support-final-756405aa341c84c08489f23c:d0000007-c0""]",1,0,,,[true],[true],"[""succeeded""]","[""generate_structures""]",[0],True,"valid_first; common_head_max, common_head_weighted_mean, known_overall_then_probability, original_index","[""generation_invalid"", ""tool_execution_failure"", ""unstable"", ""not_new""]",False,support-final-756405aa341c84c08489f23c:d0000007-c0,False,
support-final-756405aa341c84c08489f23c,full_support_aware,Co-Dy-W,3,8,"[""support-final-756405aa341c84c08489f23c:d0000008-c0""]",1,0,,,[true],[true],"[""succeeded""]","[""generate_structures""]",[0],True,"valid_first; common_head_max, common_head_weighted_mean, known_overall_then_probability, original_index","[""generation_invalid"", ""tool_execution_failure"", ""unstable"", ""not_new""]",False,support-final-756405aa341c84c08489f23c:d0000008-c0,False,
support-final-756405aa341c84c08489f23c,full_support_aware,Co-Dy-W,3,9,"[""support-final-756405aa341c84c08489f23c:d0000009-c0""]",1,0,,,[true],[true],"[""succeeded""]","[""select_for_evaluation""]",[0],True,"valid_first; common_head_max, common_head_weighted_mean, known_overall_then_probability, original_index","[""generation_invalid"", ""tool_execution_failure"", ""unstable"", ""not_new""]",False,support-final-756405aa341c84c08489f23c:d0000009-c0,False,
support-final-756405aa341c84c08489f23c,full_support_aware,Co-Dy-W,3,10,"[""support-final-756405aa341c84c08489f23c:d0000010-c0""]",1,0,,,[true],[true],"[""succeeded""]","[""generate_structures""]",[0],True,"valid_first; common_head_max, common_head_weighted_mean, known_overall_then_probability, original_index","[""generation_invalid"", ""tool_execution_failure"", ""unstable"", ""not_new""]",False,support-final-756405aa341c84c08489f23c:d0000010-c0,False,
support-final-756405aa341c84c08489f23c,full_support_aware,Co-Dy-W,3,11,"[""support-final-756405aa341c84c08489f23c:d0000011-c0""]",1,0,,,[true],[true],"[""succeeded""]","[""select_for_evaluation""]",[0],True,"valid_first; common_head_max, common_head_weighted_mean, known_overall_then_probability, original_index","[""generation_invalid"", ""tool_execution_failure"", ""unstable"", ""not_new""]",False,support-final-756405aa341c84c08489f23c:d0000011-c0,False,
support-final-756405aa341c84c08489f23c,full_support_aware,Co-Dy-W,3,12,"[""support-final-756405aa341c84c08489f23c:d0000012-c0""]",1,0,,,[true],[true],"[""succeeded""]","[""select_for_evaluation""]",[0],True,"valid_first; common_head_max, common_head_weighted_mean, known_overall_then_probability, original_index","[""generation_invalid"", ""tool_execution_failure"", ""unstable"", ""not_new""]",False,support-final-756405aa341c84c08489f23c:d0000012-c0,False,
support-final-756405aa341c84c08489f23c,full_support_aware,Co-Dy-W,3,13,"[""support-final-756405aa341c84c08489f23c:d0000013-c0""]",1,0,,,[true],[true],"[""succeeded""]","[""select_for_evaluation""]",[0],True,"valid_first; common_head_max, common_head_weighted_mean, known_overall_then_probability, original_index","[""generation_invalid"", ""tool_execution_failure"", ""unstable"", ""not_new""]",False,support-final-756405aa341c84c08489f23c:d0000013-c0,False,
support-final-756405aa341c84c08489f23c,full_support_aware,Co-Dy-W,3,14,"[""support-final-756405aa341c84c08489f23c:d0000014-c0""]",1,0,,,[true],[true],"[""succeeded""]","[""select_for_evaluation""]",[0],True,"valid_first; common_head_max, common_head_weighted_mean, known_overall_then_probability, original_index","[""generation_invalid"", ""tool_execution_failure"", ""unstable"", ""not_new""]",False,support-final-756405aa341c84c08489f23c:d0000014-c0,False,
support-final-f6823e6cdf872a727ba2d1e8,full_support_aware,Co-Dy-W,4,0,"[""support-final-f6823e6cdf872a727ba2d1e8:d0000000-c0""]",1,0,,,[true],[true],"[""unavailable""]","[""generate_structures""]",[0],False,valid_first; original_index_when_any_native_support_unknown,[],False,support-final-f6823e6cdf872a727ba2d1e8:d0000000-c0,False,
support-final-f6823e6cdf872a727ba2d1e8,full_support_aware,Co-Dy-W,4,1,"[""support-final-f6823e6cdf872a727ba2d1e8:d0000001-c0""]",1,0,,,[true],[true],"[""succeeded""]","[""select_for_evaluation""]",[0],True,"valid_first; common_head_max, common_head_weighted_mean, known_overall_then_probability, original_index","[""generation_invalid"", ""tool_execution_failure"", ""unstable"", ""not_new""]",False,support-final-f6823e6cdf872a727ba2d1e8:d0000001-c0,False,
support-final-f6823e6cdf872a727ba2d1e8,full_support_aware,Co-Dy-W,4,2,"[""support-final-f6823e6cdf872a727ba2d1e8:d0000002-c0""]",1,0,,,[true],[true],"[""succeeded""]","[""select_for_evaluation""]",[0],True,"valid_first; common_head_max, common_head_weighted_mean, known_overall_then_probability, original_index","[""generation_invalid"", ""tool_execution_failure"", ""unstable"", ""not_new""]",False,support-final-f6823e6cdf872a727ba2d1e8:d0000002-c0,False,
support-final-f6823e6cdf872a727ba2d1e8,full_support_aware,Co-Dy-W,4,3,"[""support-final-f6823e6cdf872a727ba2d1e8:d0000003-c0""]",1,0,,,[true],[true],"[""succeeded""]","[""select_for_evaluation""]",[0],True,"valid_first; common_head_max, common_head_weighted_mean, known_overall_then_probability, original_index","[""generation_invalid"", ""tool_execution_failure"", ""unstable"", ""not_new""]",False,support-final-f6823e6cdf872a727ba2d1e8:d0000003-c0,False,
support-final-f6823e6cdf872a727ba2d1e8,full_support_aware,Co-Dy-W,4,4,"[""support-final-f6823e6cdf872a727ba2d1e8:d0000004-c0""]",1,0,,,[true],[true],"[""succeeded""]","[""generate_structures""]",[0],True,"valid_first; common_head_max, common_head_weighted_mean, known_overall_then_probability, original_index","[""generation_invalid"", ""tool_execution_failure"", ""unstable"", ""not_new""]",False,support-final-f6823e6cdf872a727ba2d1e8:d0000004-c0,False,
support-final-f6823e6cdf872a727ba2d1e8,full_support_aware,Co-Dy-W,4,5,"[""support-final-f6823e6cdf872a727ba2d1e8:d0000005-c0""]",1,0,,,[true],[true],"[""succeeded""]","[""select_for_evaluation""]",[0],True,"valid_first; common_head_max, common_head_weighted_mean, known_overall_then_probability, original_index","[""generation_invalid"", ""tool_execution_failure"", ""unstable"", ""not_new""]",False,support-final-f6823e6cdf872a727ba2d1e8:d0000005-c0,False,
support-final-f6823e6cdf872a727ba2d1e8,full_support_aware,Co-Dy-W,4,6,"[""support-final-f6823e6cdf872a727ba2d1e8:d0000006-c0""]",1,0,,,[true],[true],"[""succeeded""]","[""generate_structures""]",[0],True,"valid_first; common_head_max, common_head_weighted_mean, known_overall_then_probability, original_index","[""generation_invalid"", ""tool_execution_failure"", ""unstable"", ""not_new""]",False,support-final-f6823e6cdf872a727ba2d1e8:d0000006-c0,False,
support-final-f6823e6cdf872a727ba2d1e8,full_support_aware,Co-Dy-W,4,7,"[""support-final-f6823e6cdf872a727ba2d1e8:d0000007-c0""]",1,0,,,[true],[true],"[""succeeded""]","[""select_for_evaluation""]",[0],True,"valid_first; common_head_max, common_head_weighted_mean, known_overall_then_probability, original_index","[""generation_invalid"", ""tool_execution_failure"", ""unstable"", ""not_new""]",False,support-final-f6823e6cdf872a727ba2d1e8:d0000007-c0,False,
support-final-f6823e6cdf872a727ba2d1e8,full_support_aware,Co-Dy-W,4,8,"[""support-final-f6823e6cdf872a727ba2d1e8:d0000008-c0""]",1,0,,,[true],[true],"[""succeeded""]","[""select_for_evaluation""]",[0],True,"valid_first; common_head_max, common_head_weighted_mean, known_overall_then_probability, original_index","[""generation_invalid"", ""tool_execution_failure"", ""unstable"", ""not_new""]",False,support-final-f6823e6cdf872a727ba2d1e8:d0000008-c0,False,
support-final-f6823e6cdf872a727ba2d1e8,full_support_aware,Co-Dy-W,4,9,"[""support-final-f6823e6cdf872a727ba2d1e8:d0000009-c0""]",1,0,,,[true],[true],"[""succeeded""]","[""select_for_evaluation""]",[0],True,"valid_first; common_head_max, common_head_weighted_mean, known_overall_then_probability, original_index","[""generation_invalid"", ""tool_execution_failure"", ""unstable"", ""not_new""]",False,support-final-f6823e6cdf872a727ba2d1e8:d0000009-c0,False,
support-final-f6823e6cdf872a727ba2d1e8,full_support_aware,Co-Dy-W,4,10,"[""support-final-f6823e6cdf872a727ba2d1e8:d0000010-c0""]",1,0,,,[true],[true],"[""succeeded""]","[""select_for_evaluation""]",[0],True,"valid_first; common_head_max, common_head_weighted_mean, known_overall_then_probability, original_index","[""generation_invalid"", ""tool_execution_failure"", ""unstable"", ""not_new""]",False,support-final-f6823e6cdf872a727ba2d1e8:d0000010-c0,False,
support-final-f6823e6cdf872a727ba2d1e8,full_support_aware,Co-Dy-W,4,11,"[""support-final-f6823e6cdf872a727ba2d1e8:d0000011-c0""]",1,0,,,[true],[true],"[""succeeded""]","[""select_for_evaluation""]",[0],True,"valid_first; common_head_max, common_head_weighted_mean, known_overall_then_probability, original_index","[""generation_invalid"", ""tool_execution_failure"", ""unstable"", ""not_new""]",False,support-final-f6823e6cdf872a727ba2d1e8:d0000011-c0,False,
support-final-f6823e6cdf872a727ba2d1e8,full_support_aware,Co-Dy-W,4,12,"[""support-final-f6823e6cdf872a727ba2d1e8:d0000012-c0"", ""support-final-f6823e6cdf872a727ba2d1e8:d0000012-c1""]",2,1,generation_invalid,local_schema_validation,"[false, true]","[false, true]","[""unavailable"", ""unavailable""]","[null, ""query_structures""]",[1],False,valid_first; original_index_when_any_native_support_unknown,[],False,support-final-f6823e6cdf872a727ba2d1e8:d0000012-c1,True,"{""instruction"": ""Repair the JSON/tool/arguments schema. Return one allowed tool with only its documented arguments; do not invent results. Use only the existing retry and tool/query limits."", ""not_a_measured_scientific_result"": true, ""predicted_failure_type"": ""generation_invalid"", ""source"": ""current_candidate_predictions_or_visible_schema_issue"", ""suggested_legal_tool"": {""arguments"": {""composition"": ""Dy2CoW"", ""k"": 5, ""mode"": ""all""}, ""tool"": ""query_structures""}}"
support-final-f6823e6cdf872a727ba2d1e8,full_support_aware,Co-Dy-W,4,13,"[""support-final-f6823e6cdf872a727ba2d1e8:d0000013-c0""]",1,0,,,[true],[true],"[""unavailable""]","[""select_for_evaluation""]",[0],False,valid_first; original_index_when_any_native_support_unknown,[],False,support-final-f6823e6cdf872a727ba2d1e8:d0000013-c0,False,
support-final-f6823e6cdf872a727ba2d1e8,full_support_aware,Co-Dy-W,4,14,"[""support-final-f6823e6cdf872a727ba2d1e8:d0000014-c0""]",1,0,,,[true],[true],"[""unavailable""]","[""generate_structures""]",[0],False,valid_first; original_index_when_any_native_support_unknown,[],False,support-final-f6823e6cdf872a727ba2d1e8:d0000014-c0,False,
support-final-f6823e6cdf872a727ba2d1e8,full_support_aware,Co-Dy-W,4,15,"[""support-final-f6823e6cdf872a727ba2d1e8:d0000015-c0""]",1,0,,,[true],[true],"[""unavailable""]","[""select_for_evaluation""]",[0],False,valid_first; original_index_when_any_native_support_unknown,[],False,support-final-f6823e6cdf872a727ba2d1e8:d0000015-c0,False,
support-final-03a88c2191e750bc3ef7d49f,full_support_aware,Co-Mg-Na,2,0,"[""support-final-03a88c2191e750bc3ef7d49f:d0000000-c0""]",1,0,,,[true],[true],"[""unavailable""]","[""generate_structures""]",[0],False,valid_first; original_index_when_any_native_support_unknown,[],False,support-final-03a88c2191e750bc3ef7d49f:d0000000-c0,False,
support-final-03a88c2191e750bc3ef7d49f,full_support_aware,Co-Mg-Na,2,1,"[""support-final-03a88c2191e750bc3ef7d49f:d0000001-c0"", ""support-final-03a88c2191e750bc3ef7d49f:d0000001-c1""]",2,0,not_new,predicted_failure_type,"[true, true]","[true, true]","[""succeeded"", ""unavailable""]","[""select_for_evaluation"", ""select_for_evaluation""]","[0, 1]",False,valid_first; original_index_when_any_native_support_unknown,[],False,support-final-03a88c2191e750bc3ef7d49f:d0000001-c0,True,"{""instruction"": ""Prefer a different buffered structure_hash or generate a new candidate. A different hash alone does not establish scientific novelty. Use only the existing retry and tool/query limits."", ""not_a_measured_scientific_result"": true, ""predicted_failure_type"": ""not_new"", ""source"": ""current_candidate_predictions_or_visible_schema_issue"", ""suggested_legal_tool"": {""arguments"": {""composition"": ""NaMg10Co"", ""structure_hash"": ""15ab0f0f5bf07d4513c9b467ad986a1b50f06d1128debd362267702f853bc93e""}, ""tool"": ""select_for_evaluation""}}"
support-final-03a88c2191e750bc3ef7d49f,full_support_aware,Co-Mg-Na,2,2,"[""support-final-03a88c2191e750bc3ef7d49f:d0000002-c0""]",1,0,,,[true],[true],"[""succeeded""]","[""select_for_evaluation""]",[0],True,"valid_first; common_head_max, common_head_weighted_mean, known_overall_then_probability, original_index","[""generation_invalid"", ""tool_execution_failure"", ""unstable"", ""not_new""]",False,support-final-03a88c2191e750bc3ef7d49f:d0000002-c0,False,
support-final-03a88c2191e750bc3ef7d49f,full_support_aware,Co-Mg-Na,2,3,"[""support-final-03a88c2191e750bc3ef7d49f:d0000003-c0""]",1,0,,,[true],[true],"[""succeeded""]","[""select_for_evaluation""]",[0],True,"valid_first; common_head_max, common_head_weighted_mean, known_overall_then_probability, original_index","[""generation_invalid"", ""tool_execution_failure"", ""unstable"", ""not_new""]",False,support-final-03a88c2191e750bc3ef7d49f:d0000003-c0,False,
support-final-03a88c2191e750bc3ef7d49f,full_support_aware,Co-Mg-Na,2,4,"[""support-final-03a88c2191e750bc3ef7d49f:d0000004-c0""]",1,0,,,[true],[true],"[""succeeded""]","[""select_for_evaluation""]",[0],True,"valid_first; common_head_max, common_head_weighted_mean, known_overall_then_probability, original_index","[""generation_invalid"", ""tool_execution_failure"", ""unstable"", ""not_new""]",False,support-final-03a88c2191e750bc3ef7d49f:d0000004-c0,False,
support-final-03a88c2191e750bc3ef7d49f,full_support_aware,Co-Mg-Na,2,5,"[""support-final-03a88c2191e750bc3ef7d49f:d0000005-c0""]",1,0,,,[true],[true],"[""succeeded""]","[""generate_structures""]",[0],True,"valid_first; common_head_max, common_head_weighted_mean, known_overall_then_probability, original_index","[""generation_invalid"", ""tool_execution_failure"", ""unstable"", ""not_new""]",False,support-final-03a88c2191e750bc3ef7d49f:d0000005-c0,False,
support-final-03a88c2191e750bc3ef7d49f,full_support_aware,Co-Mg-Na,2,6,"[""support-final-03a88c2191e750bc3ef7d49f:d0000006-c0""]",1,0,,,[true],[true],"[""succeeded""]","[""generate_structures""]",[0],True,"valid_first; common_head_max, common_head_weighted_mean, known_overall_then_probability, original_index","[""generation_invalid"", ""tool_execution_failure"", ""unstable"", ""not_new""]",False,support-final-03a88c2191e750bc3ef7d49f:d0000006-c0,False,
support-final-03a88c2191e750bc3ef7d49f,full_support_aware,Co-Mg-Na,2,7,"[""support-final-03a88c2191e750bc3ef7d49f:d0000007-c0""]",1,0,,,[true],[true],"[""succeeded""]","[""select_for_evaluation""]",[0],True,"valid_first; common_head_max, common_head_weighted_mean, known_overall_then_probability, original_index","[""generation_invalid"", ""tool_execution_failure"", ""unstable"", ""not_new""]",False,support-final-03a88c2191e750bc3ef7d49f:d0000007-c0,False,
support-final-03a88c2191e750bc3ef7d49f,full_support_aware,Co-Mg-Na,2,8,"[""support-final-03a88c2191e750bc3ef7d49f:d0000008-c0""]",1,0,,,[true],[true],"[""succeeded""]","[""generate_structures""]",[0],True,"valid_first; common_head_max, common_head_weighted_mean, known_overall_then_probability, original_index","[""generation_invalid"", ""tool_execution_failure"", ""unstable"", ""not_new""]",False,support-final-03a88c2191e750bc3ef7d49f:d0000008-c0,False,
support-final-03a88c2191e750bc3ef7d49f,full_support_aware,Co-Mg-Na,2,9,"[""support-final-03a88c2191e750bc3ef7d49f:d0000009-c0""]",1,0,,,[true],[true],"[""succeeded""]","[""select_for_evaluation""]",[0],True,"valid_first; common_head_max, common_head_weighted_mean, known_overall_then_probability, original_index","[""generation_invalid"", ""tool_execution_failure"", ""unstable"", ""not_new""]",False,support-final-03a88c2191e750bc3ef7d49f:d0000009-c0,False,
support-final-03a88c2191e750bc3ef7d49f,full_support_aware,Co-Mg-Na,2,10,"[""support-final-03a88c2191e750bc3ef7d49f:d0000010-c0""]",1,0,,,[true],[true],"[""succeeded""]","[""select_for_evaluation""]",[0],True,"valid_first; common_head_max, common_head_weighted_mean, known_overall_then_probability, original_index","[""generation_invalid"", ""tool_execution_failure"", ""unstable"", ""not_new""]",False,support-final-03a88c2191e750bc3ef7d49f:d0000010-c0,False,
support-final-03a88c2191e750bc3ef7d49f,full_support_aware,Co-Mg-Na,2,11,"[""support-final-03a88c2191e750bc3ef7d49f:d0000011-c0""]",1,0,,,[true],[true],"[""succeeded""]","[""select_for_evaluation""]",[0],True,"valid_first; common_head_max, common_head_weighted_mean, known_overall_then_probability, original_index","[""generation_invalid"", ""tool_execution_failure"", ""unstable"", ""not_new""]",False,support-final-03a88c2191e750bc3ef7d49f:d0000011-c0,False,
support-final-03a88c2191e750bc3ef7d49f,full_support_aware,Co-Mg-Na,2,12,"[""support-final-03a88c2191e750bc3ef7d49f:d0000012-c0""]",1,0,,,[true],[true],"[""succeeded""]","[""select_for_evaluation""]",[0],True,"valid_first; common_head_max, common_head_weighted_mean, known_overall_then_probability, original_index","[""generation_invalid"", ""tool_execution_failure"", ""unstable"", ""not_new""]",False,support-final-03a88c2191e750bc3ef7d49f:d0000012-c0,False,
support-final-03a88c2191e750bc3ef7d49f,full_support_aware,Co-Mg-Na,2,13,"[""support-final-03a88c2191e750bc3ef7d49f:d0000013-c0""]",1,0,,,[true],[true],"[""unavailable""]","[""select_for_evaluation""]",[0],False,valid_first; original_index_when_any_native_support_unknown,[],False,support-final-03a88c2191e750bc3ef7d49f:d0000013-c0,False,
support-final-c2968e57d9e2851ad1f9774e,full_support_aware,Co-Mg-Na,3,0,"[""support-final-c2968e57d9e2851ad1f9774e:d0000000-c0""]",1,0,,,[true],[true],"[""unavailable""]","[""generate_structures""]",[0],False,valid_first; original_index_when_any_native_support_unknown,[],False,support-final-c2968e57d9e2851ad1f9774e:d0000000-c0,False,
support-final-c2968e57d9e2851ad1f9774e,full_support_aware,Co-Mg-Na,3,1,"[""support-final-c2968e57d9e2851ad1f9774e:d0000001-c0""]",1,0,,,[true],[true],"[""succeeded""]","[""select_for_evaluation""]",[0],True,"valid_first; common_head_max, common_head_weighted_mean, known_overall_then_probability, original_index","[""generation_invalid"", ""tool_execution_failure"", ""unstable"", ""not_new""]",False,support-final-c2968e57d9e2851ad1f9774e:d0000001-c0,False,
support-final-c2968e57d9e2851ad1f9774e,full_support_aware,Co-Mg-Na,3,2,"[""support-final-c2968e57d9e2851ad1f9774e:d0000002-c0""]",1,0,,,[true],[true],"[""succeeded""]","[""select_for_evaluation""]",[0],True,"valid_first; common_head_max, common_head_weighted_mean, known_overall_then_probability, original_index","[""generation_invalid"", ""tool_execution_failure"", ""unstable"", ""not_new""]",False,support-final-c2968e57d9e2851ad1f9774e:d0000002-c0,False,
support-final-c2968e57d9e2851ad1f9774e,full_support_aware,Co-Mg-Na,3,3,"[""support-final-c2968e57d9e2851ad1f9774e:d0000003-c0""]",1,0,,,[true],[true],"[""succeeded""]","[""generate_structures""]",[0],True,"valid_first; common_head_max, common_head_weighted_mean, known_overall_then_probability, original_index","[""generation_invalid"", ""tool_execution_failure"", ""unstable"", ""not_new""]",False,support-final-c2968e57d9e2851ad1f9774e:d0000003-c0,False,
support-final-c2968e57d9e2851ad1f9774e,full_support_aware,Co-Mg-Na,3,4,"[""support-final-c2968e57d9e2851ad1f9774e:d0000004-c0""]",1,0,,,[true],[true],"[""succeeded""]","[""select_for_evaluation""]",[0],True,"valid_first; common_head_max, common_head_weighted_mean, known_overall_then_probability, original_index","[""generation_invalid"", ""tool_execution_failure"", ""unstable"", ""not_new""]",False,support-final-c2968e57d9e2851ad1f9774e:d0000004-c0,False,
support-final-c2968e57d9e2851ad1f9774e,full_support_aware,Co-Mg-Na,3,5,"[""support-final-c2968e57d9e2851ad1f9774e:d0000005-c0""]",1,0,,,[true],[true],"[""succeeded""]","[""select_for_evaluation""]",[0],True,"valid_first; common_head_max, common_head_weighted_mean, known_overall_then_probability, original_index","[""generation_invalid"", ""tool_execution_failure"", ""unstable"", ""not_new""]",False,support-final-c2968e57d9e2851ad1f9774e:d0000005-c0,False,
support-final-c2968e57d9e2851ad1f9774e,full_support_aware,Co-Mg-Na,3,6,"[""support-final-c2968e57d9e2851ad1f9774e:d0000006-c0""]",1,0,,,[true],[true],"[""succeeded""]","[""generate_structures""]",[0],True,"valid_first; common_head_max, common_head_weighted_mean, known_overall_then_probability, original_index","[""generation_invalid"", ""tool_execution_failure"", ""unstable"", ""not_new""]",False,support-final-c2968e57d9e2851ad1f9774e:d0000006-c0,False,
support-final-c2968e57d9e2851ad1f9774e,full_support_aware,Co-Mg-Na,3,7,"[""support-final-c2968e57d9e2851ad1f9774e:d0000007-c0""]",1,0,,,[true],[true],"[""succeeded""]","[""select_for_evaluation""]",[0],True,"valid_first; common_head_max, common_head_weighted_mean, known_overall_then_probability, original_index","[""generation_invalid"", ""tool_execution_failure"", ""unstable"", ""not_new""]",False,support-final-c2968e57d9e2851ad1f9774e:d0000007-c0,False,
support-final-c2968e57d9e2851ad1f9774e,full_support_aware,Co-Mg-Na,3,8,"[""support-final-c2968e57d9e2851ad1f9774e:d0000008-c0""]",1,0,,,[true],[true],"[""succeeded""]","[""select_for_evaluation""]",[0],True,"valid_first; common_head_max, common_head_weighted_mean, known_overall_then_probability, original_index","[""generation_invalid"", ""tool_execution_failure"", ""unstable"", ""not_new""]",False,support-final-c2968e57d9e2851ad1f9774e:d0000008-c0,False,
support-final-c2968e57d9e2851ad1f9774e,full_support_aware,Co-Mg-Na,3,9,"[""support-final-c2968e57d9e2851ad1f9774e:d0000009-c0"", ""support-final-c2968e57d9e2851ad1f9774e:d0000009-c1""]",2,1,generation_invalid,local_schema_validation,"[false, true]","[false, true]","[""succeeded"", ""unavailable""]","[""select_for_evaluation"", ""query_structures""]",[1],False,valid_first; original_index_when_any_native_support_unknown,[],False,support-final-c2968e57d9e2851ad1f9774e:d0000009-c1,True,"{""instruction"": ""Repair the JSON/tool/arguments schema. Return one allowed tool with only its documented arguments; do not invent results. Use only the existing retry and tool/query limits."", ""not_a_measured_scientific_result"": true, ""predicted_failure_type"": ""generation_invalid"", ""source"": ""current_candidate_predictions_or_visible_schema_issue"", ""suggested_legal_tool"": {""arguments"": {""composition"": ""NaMgCo3"", ""k"": 5, ""mode"": ""all""}, ""tool"": ""query_structures""}}"
support-final-c2968e57d9e2851ad1f9774e,full_support_aware,Co-Mg-Na,3,10,"[""support-final-c2968e57d9e2851ad1f9774e:d0000010-c0""]",1,0,,,[true],[true],"[""unavailable""]","[""generate_structures""]",[0],False,valid_first; original_index_when_any_native_support_unknown,[],False,support-final-c2968e57d9e2851ad1f9774e:d0000010-c0,False,
support-final-c2968e57d9e2851ad1f9774e,full_support_aware,Co-Mg-Na,3,11,"[""support-final-c2968e57d9e2851ad1f9774e:d0000011-c0""]",1,0,,,[true],[true],"[""unavailable""]","[""score_buffer""]",[0],False,valid_first; original_index_when_any_native_support_unknown,[],False,support-final-c2968e57d9e2851ad1f9774e:d0000011-c0,False,
support-final-c2968e57d9e2851ad1f9774e,full_support_aware,Co-Mg-Na,3,12,"[""support-final-c2968e57d9e2851ad1f9774e:d0000012-c0""]",1,0,,,[true],[true],"[""succeeded""]","[""select_for_evaluation""]",[0],True,"valid_first; common_head_max, common_head_weighted_mean, known_overall_then_probability, original_index","[""generation_invalid"", ""tool_execution_failure"", ""unstable"", ""not_new""]",False,support-final-c2968e57d9e2851ad1f9774e:d0000012-c0,False,
support-final-c2968e57d9e2851ad1f9774e,full_support_aware,Co-Mg-Na,3,13,"[""support-final-c2968e57d9e2851ad1f9774e:d0000013-c0""]",1,0,,,[true],[true],"[""succeeded""]","[""select_for_evaluation""]",[0],True,"valid_first; common_head_max, common_head_weighted_mean, known_overall_then_probability, original_index","[""generation_invalid"", ""tool_execution_failure"", ""unstable"", ""not_new""]",False,support-final-c2968e57d9e2851ad1f9774e:d0000013-c0,False,
support-final-c2968e57d9e2851ad1f9774e,full_support_aware,Co-Mg-Na,3,14,"[""support-final-c2968e57d9e2851ad1f9774e:d0000014-c0""]",1,0,,,[true],[true],"[""succeeded""]","[""select_for_evaluation""]",[0],True,"valid_first; common_head_max, common_head_weighted_mean, known_overall_then_probability, original_index","[""generation_invalid"", ""tool_execution_failure"", ""unstable"", ""not_new""]",False,support-final-c2968e57d9e2851ad1f9774e:d0000014-c0,False,
support-final-c2968e57d9e2851ad1f9774e,full_support_aware,Co-Mg-Na,3,15,"[""support-final-c2968e57d9e2851ad1f9774e:d0000015-c0""]",1,0,,,[true],[true],"[""succeeded""]","[""select_for_evaluation""]",[0],True,"valid_first; common_head_max, common_head_weighted_mean, known_overall_then_probability, original_index","[""generation_invalid"", ""tool_execution_failure"", ""unstable"", ""not_new""]",False,support-final-c2968e57d9e2851ad1f9774e:d0000015-c0,False,
support-final-c2968e57d9e2851ad1f9774e,full_support_aware,Co-Mg-Na,3,16,"[""support-final-c2968e57d9e2851ad1f9774e:d0000016-c0""]",1,0,,,[true],[true],"[""succeeded""]","[""select_for_evaluation""]",[0],True,"valid_first; common_head_max, common_head_weighted_mean, known_overall_then_probability, original_index","[""generation_invalid"", ""tool_execution_failure"", ""unstable"", ""not_new""]",False,support-final-c2968e57d9e2851ad1f9774e:d0000016-c0,False,
support-final-c2968e57d9e2851ad1f9774e,full_support_aware,Co-Mg-Na,3,17,"[""support-final-c2968e57d9e2851ad1f9774e:d0000017-c0""]",1,0,,,[true],[true],"[""succeeded""]","[""select_for_evaluation""]",[0],True,"valid_first; common_head_max, common_head_weighted_mean, known_overall_then_probability, original_index","[""generation_invalid"", ""tool_execution_failure"", ""unstable"", ""not_new""]",False,support-final-c2968e57d9e2851ad1f9774e:d0000017-c0,False,
support-final-32b9c75a950dc72b690b9f75,full_support_aware,Co-Mg-Na,4,0,"[""support-final-32b9c75a950dc72b690b9f75:d0000000-c0""]",1,0,,,[true],[true],"[""unavailable""]","[""generate_structures""]",[0],False,valid_first; original_index_when_any_native_support_unknown,[],False,support-final-32b9c75a950dc72b690b9f75:d0000000-c0,False,
support-final-32b9c75a950dc72b690b9f75,full_support_aware,Co-Mg-Na,4,1,"[""support-final-32b9c75a950dc72b690b9f75:d0000001-c0""]",1,0,,,[true],[true],"[""succeeded""]","[""select_for_evaluation""]",[0],True,"valid_first; common_head_max, common_head_weighted_mean, known_overall_then_probability, original_index","[""generation_invalid"", ""tool_execution_failure"", ""unstable"", ""not_new""]",False,support-final-32b9c75a950dc72b690b9f75:d0000001-c0,False,
support-final-32b9c75a950dc72b690b9f75,full_support_aware,Co-Mg-Na,4,2,"[""support-final-32b9c75a950dc72b690b9f75:d0000002-c0""]",1,0,,,[true],[true],"[""succeeded""]","[""select_for_evaluation""]",[0],True,"valid_first; common_head_max, common_head_weighted_mean, known_overall_then_probability, original_index","[""generation_invalid"", ""tool_execution_failure"", ""unstable"", ""not_new""]",False,support-final-32b9c75a950dc72b690b9f75:d0000002-c0,False,
support-final-32b9c75a950dc72b690b9f75,full_support_aware,Co-Mg-Na,4,3,"[""support-final-32b9c75a950dc72b690b9f75:d0000003-c0""]",1,0,,,[true],[true],"[""succeeded""]","[""select_for_evaluation""]",[0],True,"valid_first; common_head_max, common_head_weighted_mean, known_overall_then_probability, original_index","[""generation_invalid"", ""tool_execution_failure"", ""unstable"", ""not_new""]",False,support-final-32b9c75a950dc72b690b9f75:d0000003-c0,False,
support-final-32b9c75a950dc72b690b9f75,full_support_aware,Co-Mg-Na,4,4,"[""support-final-32b9c75a950dc72b690b9f75:d0000004-c0""]",1,0,,,[true],[true],"[""succeeded""]","[""generate_structures""]",[0],True,"valid_first; common_head_max, common_head_weighted_mean, known_overall_then_probability, original_index","[""generation_invalid"", ""tool_execution_failure"", ""unstable"", ""not_new""]",False,support-final-32b9c75a950dc72b690b9f75:d0000004-c0,False,
support-final-32b9c75a950dc72b690b9f75,full_support_aware,Co-Mg-Na,4,5,"[""support-final-32b9c75a950dc72b690b9f75:d0000005-c0""]",1,0,,,[true],[true],"[""succeeded""]","[""select_for_evaluation""]",[0],True,"valid_first; common_head_max, common_head_weighted_mean, known_overall_then_probability, original_index","[""generation_invalid"", ""tool_execution_failure"", ""unstable"", ""not_new""]",False,support-final-32b9c75a950dc72b690b9f75:d0000005-c0,False,
support-final-32b9c75a950dc72b690b9f75,full_support_aware,Co-Mg-Na,4,6,"[""support-final-32b9c75a950dc72b690b9f75:d0000006-c0""]",1,0,,,[true],[true],"[""succeeded""]","[""generate_structures""]",[0],True,"valid_first; common_head_max, common_head_weighted_mean, known_overall_then_probability, original_index","[""generation_invalid"", ""tool_execution_failure"", ""unstable"", ""not_new""]",False,support-final-32b9c75a950dc72b690b9f75:d0000006-c0,False,
support-final-32b9c75a950dc72b690b9f75,full_support_aware,Co-Mg-Na,4,7,"[""support-final-32b9c75a950dc72b690b9f75:d0000007-c0""]",1,0,,,[true],[true],"[""succeeded""]","[""generate_structures""]",[0],True,"valid_first; common_head_max, common_head_weighted_mean, known_overall_then_probability, original_index","[""generation_invalid"", ""tool_execution_failure"", ""unstable"", ""not_new""]",False,support-final-32b9c75a950dc72b690b9f75:d0000007-c0,False,
support-final-32b9c75a950dc72b690b9f75,full_support_aware,Co-Mg-Na,4,8,"[""support-final-32b9c75a950dc72b690b9f75:d0000008-c0""]",1,0,,,[true],[true],"[""succeeded""]","[""select_for_evaluation""]",[0],True,"valid_first; common_head_max, common_head_weighted_mean, known_overall_then_probability, original_index","[""generation_invalid"", ""tool_execution_failure"", ""unstable"", ""not_new""]",False,support-final-32b9c75a950dc72b690b9f75:d0000008-c0,False,
support-final-32b9c75a950dc72b690b9f75,full_support_aware,Co-Mg-Na,4,9,"[""support-final-32b9c75a950dc72b690b9f75:d0000009-c0""]",1,0,,,[true],[true],"[""succeeded""]","[""select_for_evaluation""]",[0],True,"valid_first; common_head_max, common_head_weighted_mean, known_overall_then_probability, original_index","[""generation_invalid"", ""tool_execution_failure"", ""unstable"", ""not_new""]",False,support-final-32b9c75a950dc72b690b9f75:d0000009-c0,False,
support-final-32b9c75a950dc72b690b9f75,full_support_aware,Co-Mg-Na,4,10,"[""support-final-32b9c75a950dc72b690b9f75:d0000010-c0""]",1,0,,,[true],[true],"[""succeeded""]","[""select_for_evaluation""]",[0],True,"valid_first; common_head_max, common_head_weighted_mean, known_overall_then_probability, original_index","[""generation_invalid"", ""tool_execution_failure"", ""unstable"", ""not_new""]",False,support-final-32b9c75a950dc72b690b9f75:d0000010-c0,False,
support-final-32b9c75a950dc72b690b9f75,full_support_aware,Co-Mg-Na,4,11,"[""support-final-32b9c75a950dc72b690b9f75:d0000011-c0""]",1,0,,,[true],[true],"[""succeeded""]","[""select_for_evaluation""]",[0],True,"valid_first; common_head_max, common_head_weighted_mean, known_overall_then_probability, original_index","[""generation_invalid"", ""tool_execution_failure"", ""unstable"", ""not_new""]",False,support-final-32b9c75a950dc72b690b9f75:d0000011-c0,False,
support-final-32b9c75a950dc72b690b9f75,full_support_aware,Co-Mg-Na,4,12,"[""support-final-32b9c75a950dc72b690b9f75:d0000012-c0"", ""support-final-32b9c75a950dc72b690b9f75:d0000012-c1""]",2,0,tool_execution_failure,predicted_failure_type,"[true, true]","[true, true]","[""succeeded"", ""unavailable""]","[""select_for_evaluation"", ""query_structures""]","[0, 1]",False,valid_first; original_index_when_any_native_support_unknown,[],False,support-final-32b9c75a950dc72b690b9f75:d0000012-c0,True,"{""instruction"": ""Repair the tool arguments. Use an actual visible composition/hash and documented modes or scorers; do not repeat an invalid call. Use only the existing retry and tool/query limits."", ""not_a_measured_scientific_result"": true, ""predicted_failure_type"": ""tool_execution_failure"", ""source"": ""current_candidate_predictions_or_visible_schema_issue"", ""suggested_legal_tool"": {""arguments"": {""composition"": ""Mg3Co4"", ""k"": 5, ""mode"": ""all""}, ""tool"": ""query_structures""}}"
support-final-32b9c75a950dc72b690b9f75,full_support_aware,Co-Mg-Na,4,13,"[""support-final-32b9c75a950dc72b690b9f75:d0000013-c0""]",1,0,,,[true],[true],"[""succeeded""]","[""score_buffer""]",[0],True,"valid_first; common_head_max, common_head_weighted_mean, known_overall_then_probability, original_index","[""generation_invalid"", ""tool_execution_failure"", ""unstable"", ""not_new""]",False,support-final-32b9c75a950dc72b690b9f75:d0000013-c0,False,
support-final-32b9c75a950dc72b690b9f75,full_support_aware,Co-Mg-Na,4,14,"[""support-final-32b9c75a950dc72b690b9f75:d0000014-c0""]",1,0,,,[true],[true],"[""succeeded""]","[""select_for_evaluation""]",[0],True,"valid_first; common_head_max, common_head_weighted_mean, known_overall_then_probability, original_index","[""generation_invalid"", ""tool_execution_failure"", ""unstable"", ""not_new""]",False,support-final-32b9c75a950dc72b690b9f75:d0000014-c0,False,
support-final-32b9c75a950dc72b690b9f75,full_support_aware,Co-Mg-Na,4,15,"[""support-final-32b9c75a950dc72b690b9f75:d0000015-c0""]",1,0,,,[true],[true],"[""unavailable""]","[""select_for_evaluation""]",[0],False,valid_first; original_index_when_any_native_support_unknown,[],False,support-final-32b9c75a950dc72b690b9f75:d0000015-c0,False,
support-final-32b9c75a950dc72b690b9f75,full_support_aware,Co-Mg-Na,4,16,"[""support-final-32b9c75a950dc72b690b9f75:d0000016-c0""]",1,0,,,[true],[true],"[""succeeded""]","[""score_buffer""]",[0],True,"valid_first; common_head_max, common_head_weighted_mean, known_overall_then_probability, original_index","[""generation_invalid"", ""tool_execution_failure"", ""unstable"", ""not_new""]",False,support-final-32b9c75a950dc72b690b9f75:d0000016-c0,False,
support-final-32b9c75a950dc72b690b9f75,full_support_aware,Co-Mg-Na,4,17,"[""support-final-32b9c75a950dc72b690b9f75:d0000017-c0""]",1,0,,,[true],[true],"[""unavailable""]","[""select_for_evaluation""]",[0],False,valid_first; original_index_when_any_native_support_unknown,[],False,support-final-32b9c75a950dc72b690b9f75:d0000017-c0,False,
support-final-ccd9a242b4945d6cfcdb68dc,uq_only_support_aware,Al-Li-V,2,0,"[""support-final-ccd9a242b4945d6cfcdb68dc:d0000000-c0""]",1,0,,,[true],[true],"[""succeeded""]","[""generate_structures""]",[0],True,"valid_first; common_head_max, common_head_weighted_mean, known_overall_then_probability, original_index","[""generation_invalid"", ""tool_execution_failure"", ""unstable"", ""not_new""]",False,support-final-ccd9a242b4945d6cfcdb68dc:d0000000-c0,False,
support-final-ccd9a242b4945d6cfcdb68dc,uq_only_support_aware,Al-Li-V,2,1,"[""support-final-ccd9a242b4945d6cfcdb68dc:d0000001-c0""]",1,0,,,[true],[true],"[""succeeded""]","[""select_for_evaluation""]",[0],True,"valid_first; common_head_max, common_head_weighted_mean, known_overall_then_probability, original_index","[""generation_invalid"", ""tool_execution_failure"", ""unstable"", ""not_new""]",False,support-final-ccd9a242b4945d6cfcdb68dc:d0000001-c0,False,
support-final-ccd9a242b4945d6cfcdb68dc,uq_only_support_aware,Al-Li-V,2,2,"[""support-final-ccd9a242b4945d6cfcdb68dc:d0000002-c0""]",1,0,,,[true],[true],"[""succeeded""]","[""score_buffer""]",[0],True,"valid_first; common_head_max, common_head_weighted_mean, known_overall_then_probability, original_index","[""generation_invalid"", ""tool_execution_failure"", ""unstable"", ""not_new""]",False,support-final-ccd9a242b4945d6cfcdb68dc:d0000002-c0,False,
support-final-ccd9a242b4945d6cfcdb68dc,uq_only_support_aware,Al-Li-V,2,3,"[""support-final-ccd9a242b4945d6cfcdb68dc:d0000003-c0""]",1,0,,,[true],[true],"[""succeeded""]","[""select_for_evaluation""]",[0],True,"valid_first; common_head_max, common_head_weighted_mean, known_overall_then_probability, original_index","[""generation_invalid"", ""tool_execution_failure"", ""unstable"", ""not_new""]",False,support-final-ccd9a242b4945d6cfcdb68dc:d0000003-c0,False,
support-final-ccd9a242b4945d6cfcdb68dc,uq_only_support_aware,Al-Li-V,2,4,"[""support-final-ccd9a242b4945d6cfcdb68dc:d0000004-c0""]",1,0,,,[true],[true],"[""succeeded""]","[""select_for_evaluation""]",[0],True,"valid_first; common_head_max, common_head_weighted_mean, known_overall_then_probability, original_index","[""generation_invalid"", ""tool_execution_failure"", ""unstable"", ""not_new""]",False,support-final-ccd9a242b4945d6cfcdb68dc:d0000004-c0,False,
support-final-ccd9a242b4945d6cfcdb68dc,uq_only_support_aware,Al-Li-V,2,5,"[""support-final-ccd9a242b4945d6cfcdb68dc:d0000005-c0""]",1,0,,,[true],[true],"[""succeeded""]","[""generate_structures""]",[0],True,"valid_first; common_head_max, common_head_weighted_mean, known_overall_then_probability, original_index","[""generation_invalid"", ""tool_execution_failure"", ""unstable"", ""not_new""]",False,support-final-ccd9a242b4945d6cfcdb68dc:d0000005-c0,False,
support-final-ccd9a242b4945d6cfcdb68dc,uq_only_support_aware,Al-Li-V,2,6,"[""support-final-ccd9a242b4945d6cfcdb68dc:d0000006-c0""]",1,0,,,[true],[true],"[""succeeded""]","[""generate_structures""]",[0],True,"valid_first; common_head_max, common_head_weighted_mean, known_overall_then_probability, original_index","[""generation_invalid"", ""tool_execution_failure"", ""unstable"", ""not_new""]",False,support-final-ccd9a242b4945d6cfcdb68dc:d0000006-c0,False,
support-final-ccd9a242b4945d6cfcdb68dc,uq_only_support_aware,Al-Li-V,2,7,"[""support-final-ccd9a242b4945d6cfcdb68dc:d0000007-c0""]",1,0,,,[true],[true],"[""succeeded""]","[""select_for_evaluation""]",[0],True,"valid_first; common_head_max, common_head_weighted_mean, known_overall_then_probability, original_index","[""generation_invalid"", ""tool_execution_failure"", ""unstable"", ""not_new""]",False,support-final-ccd9a242b4945d6cfcdb68dc:d0000007-c0,False,
support-final-ccd9a242b4945d6cfcdb68dc,uq_only_support_aware,Al-Li-V,2,8,"[""support-final-ccd9a242b4945d6cfcdb68dc:d0000008-c0""]",1,0,,,[true],[true],"[""succeeded""]","[""score_buffer""]",[0],True,"valid_first; common_head_max, common_head_weighted_mean, known_overall_then_probability, original_index","[""generation_invalid"", ""tool_execution_failure"", ""unstable"", ""not_new""]",False,support-final-ccd9a242b4945d6cfcdb68dc:d0000008-c0,False,
support-final-ccd9a242b4945d6cfcdb68dc,uq_only_support_aware,Al-Li-V,2,9,"[""support-final-ccd9a242b4945d6cfcdb68dc:d0000009-c0""]",1,0,,,[true],[true],"[""succeeded""]","[""select_for_evaluation""]",[0],True,"valid_first; common_head_max, common_head_weighted_mean, known_overall_then_probability, original_index","[""generation_invalid"", ""tool_execution_failure"", ""unstable"", ""not_new""]",False,support-final-ccd9a242b4945d6cfcdb68dc:d0000009-c0,False,
support-final-ccd9a242b4945d6cfcdb68dc,uq_only_support_aware,Al-Li-V,2,10,"[""support-final-ccd9a242b4945d6cfcdb68dc:d0000010-c0""]",1,0,,,[true],[true],"[""succeeded""]","[""generate_structures""]",[0],True,"valid_first; common_head_max, common_head_weighted_mean, known_overall_then_probability, original_index","[""generation_invalid"", ""tool_execution_failure"", ""unstable"", ""not_new""]",False,support-final-ccd9a242b4945d6cfcdb68dc:d0000010-c0,False,
support-final-ccd9a242b4945d6cfcdb68dc,uq_only_support_aware,Al-Li-V,2,11,"[""support-final-ccd9a242b4945d6cfcdb68dc:d0000011-c0""]",1,0,,,[true],[true],"[""succeeded""]","[""generate_structures""]",[0],True,"valid_first; common_head_max, common_head_weighted_mean, known_overall_then_probability, original_index","[""generation_invalid"", ""tool_execution_failure"", ""unstable"", ""not_new""]",False,support-final-ccd9a242b4945d6cfcdb68dc:d0000011-c0,False,
support-final-ccd9a242b4945d6cfcdb68dc,uq_only_support_aware,Al-Li-V,2,12,"[""support-final-ccd9a242b4945d6cfcdb68dc:d0000012-c0"", ""support-final-ccd9a242b4945d6cfcdb68dc:d0000012-c1""]",2,1,generation_invalid,local_schema_validation,"[false, true]","[false, true]","[""unavailable"", ""succeeded""]","[null, ""query_structures""]",[1],False,valid_first; original_index_when_any_native_support_unknown,[],False,support-final-ccd9a242b4945d6cfcdb68dc:d0000012-c1,True,"{""instruction"": ""Repair the JSON/tool/arguments schema. Return one allowed tool with only its documented arguments; do not invent results. Use only the existing retry and tool/query limits."", ""not_a_measured_scientific_result"": true, ""predicted_failure_type"": ""generation_invalid"", ""source"": ""current_candidate_predictions_or_visible_schema_issue"", ""suggested_legal_tool"": {""arguments"": {""composition"": ""Li3Al3V2"", ""k"": 5, ""mode"": ""all""}, ""tool"": ""query_structures""}}"
support-final-ccd9a242b4945d6cfcdb68dc,uq_only_support_aware,Al-Li-V,2,13,"[""support-final-ccd9a242b4945d6cfcdb68dc:d0000013-c0""]",1,0,,,[true],[true],"[""succeeded""]","[""select_for_evaluation""]",[0],True,"valid_first; common_head_max, common_head_weighted_mean, known_overall_then_probability, original_index","[""generation_invalid"", ""tool_execution_failure"", ""unstable"", ""not_new""]",False,support-final-ccd9a242b4945d6cfcdb68dc:d0000013-c0,False,
support-final-ccd9a242b4945d6cfcdb68dc,uq_only_support_aware,Al-Li-V,2,14,"[""support-final-ccd9a242b4945d6cfcdb68dc:d0000014-c0""]",1,0,,,[true],[true],"[""succeeded""]","[""generate_structures""]",[0],True,"valid_first; common_head_max, common_head_weighted_mean, known_overall_then_probability, original_index","[""generation_invalid"", ""tool_execution_failure"", ""unstable"", ""not_new""]",False,support-final-ccd9a242b4945d6cfcdb68dc:d0000014-c0,False,
support-final-ccd9a242b4945d6cfcdb68dc,uq_only_support_aware,Al-Li-V,2,15,"[""support-final-ccd9a242b4945d6cfcdb68dc:d0000015-c0""]",1,0,,,[true],[true],"[""succeeded""]","[""select_for_evaluation""]",[0],True,"valid_first; common_head_max, common_head_weighted_mean, known_overall_then_probability, original_index","[""generation_invalid"", ""tool_execution_failure"", ""unstable"", ""not_new""]",False,support-final-ccd9a242b4945d6cfcdb68dc:d0000015-c0,False,
support-final-ccd9a242b4945d6cfcdb68dc,uq_only_support_aware,Al-Li-V,2,16,"[""support-final-ccd9a242b4945d6cfcdb68dc:d0000016-c0""]",1,0,,,[true],[true],"[""succeeded""]","[""generate_structures""]",[0],True,"valid_first; common_head_max, common_head_weighted_mean, known_overall_then_probability, original_index","[""generation_invalid"", ""tool_execution_failure"", ""unstable"", ""not_new""]",False,support-final-ccd9a242b4945d6cfcdb68dc:d0000016-c0,False,
support-final-ccd9a242b4945d6cfcdb68dc,uq_only_support_aware,Al-Li-V,2,17,"[""support-final-ccd9a242b4945d6cfcdb68dc:d0000017-c0""]",1,0,,,[true],[true],"[""succeeded""]","[""score_buffer""]",[0],True,"valid_first; common_head_max, common_head_weighted_mean, known_overall_then_probability, original_index","[""generation_invalid"", ""tool_execution_failure"", ""unstable"", ""not_new""]",False,support-final-ccd9a242b4945d6cfcdb68dc:d0000017-c0,False,
support-final-ccd9a242b4945d6cfcdb68dc,uq_only_support_aware,Al-Li-V,2,18,"[""support-final-ccd9a242b4945d6cfcdb68dc:d0000018-c0""]",1,0,,,[true],[true],"[""succeeded""]","[""select_for_evaluation""]",[0],True,"valid_first; common_head_max, common_head_weighted_mean, known_overall_then_probability, original_index","[""generation_invalid"", ""tool_execution_failure"", ""unstable"", ""not_new""]",False,support-final-ccd9a242b4945d6cfcdb68dc:d0000018-c0,False,
support-final-ccd9a242b4945d6cfcdb68dc,uq_only_support_aware,Al-Li-V,2,19,"[""support-final-ccd9a242b4945d6cfcdb68dc:d0000019-c0""]",1,0,,,[true],[true],"[""succeeded""]","[""generate_structures""]",[0],True,"valid_first; common_head_max, common_head_weighted_mean, known_overall_then_probability, original_index","[""generation_invalid"", ""tool_execution_failure"", ""unstable"", ""not_new""]",False,support-final-ccd9a242b4945d6cfcdb68dc:d0000019-c0,False,
support-final-ccd9a242b4945d6cfcdb68dc,uq_only_support_aware,Al-Li-V,2,20,"[""support-final-ccd9a242b4945d6cfcdb68dc:d0000020-c0""]",1,0,,,[true],[true],"[""succeeded""]","[""select_for_evaluation""]",[0],True,"valid_first; common_head_max, common_head_weighted_mean, known_overall_then_probability, original_index","[""generation_invalid"", ""tool_execution_failure"", ""unstable"", ""not_new""]",False,support-final-ccd9a242b4945d6cfcdb68dc:d0000020-c0,False,
support-final-ccd9a242b4945d6cfcdb68dc,uq_only_support_aware,Al-Li-V,2,21,"[""support-final-ccd9a242b4945d6cfcdb68dc:d0000021-c0""]",1,0,,,[true],[true],"[""succeeded""]","[""select_for_evaluation""]",[0],True,"valid_first; common_head_max, common_head_weighted_mean, known_overall_then_probability, original_index","[""generation_invalid"", ""tool_execution_failure"", ""unstable"", ""not_new""]",False,support-final-ccd9a242b4945d6cfcdb68dc:d0000021-c0,False,
support-final-2cd11ff827dc56a49263e71d,uq_only_support_aware,Al-Li-V,3,0,"[""support-final-2cd11ff827dc56a49263e71d:d0000000-c0""]",1,0,,,[true],[true],"[""succeeded""]","[""generate_structures""]",[0],True,"valid_first; common_head_max, common_head_weighted_mean, known_overall_then_probability, original_index","[""generation_invalid"", ""tool_execution_failure"", ""unstable"", ""not_new""]",False,support-final-2cd11ff827dc56a49263e71d:d0000000-c0,False,
support-final-2cd11ff827dc56a49263e71d,uq_only_support_aware,Al-Li-V,3,1,"[""support-final-2cd11ff827dc56a49263e71d:d0000001-c0""]",1,0,,,[true],[true],"[""succeeded""]","[""select_for_evaluation""]",[0],True,"valid_first; common_head_max, common_head_weighted_mean, known_overall_then_probability, original_index","[""generation_invalid"", ""tool_execution_failure"", ""unstable"", ""not_new""]",False,support-final-2cd11ff827dc56a49263e71d:d0000001-c0,False,
support-final-2cd11ff827dc56a49263e71d,uq_only_support_aware,Al-Li-V,3,2,"[""support-final-2cd11ff827dc56a49263e71d:d0000002-c0""]",1,0,,,[true],[true],"[""succeeded""]","[""generate_structures""]",[0],True,"valid_first; common_head_max, common_head_weighted_mean, known_overall_then_probability, original_index","[""generation_invalid"", ""tool_execution_failure"", ""unstable"", ""not_new""]",False,support-final-2cd11ff827dc56a49263e71d:d0000002-c0,False,
support-final-2cd11ff827dc56a49263e71d,uq_only_support_aware,Al-Li-V,3,3,"[""support-final-2cd11ff827dc56a49263e71d:d0000003-c0""]",1,0,,,[true],[true],"[""succeeded""]","[""generate_structures""]",[0],True,"valid_first; common_head_max, common_head_weighted_mean, known_overall_then_probability, original_index","[""generation_invalid"", ""tool_execution_failure"", ""unstable"", ""not_new""]",False,support-final-2cd11ff827dc56a49263e71d:d0000003-c0,False,
support-final-2cd11ff827dc56a49263e71d,uq_only_support_aware,Al-Li-V,3,4,"[""support-final-2cd11ff827dc56a49263e71d:d0000004-c0""]",1,0,,,[true],[true],"[""succeeded""]","[""select_for_evaluation""]",[0],True,"valid_first; common_head_max, common_head_weighted_mean, known_overall_then_probability, original_index","[""generation_invalid"", ""tool_execution_failure"", ""unstable"", ""not_new""]",False,support-final-2cd11ff827dc56a49263e71d:d0000004-c0,False,
support-final-2cd11ff827dc56a49263e71d,uq_only_support_aware,Al-Li-V,3,5,"[""support-final-2cd11ff827dc56a49263e71d:d0000005-c0""]",1,0,,,[true],[true],"[""succeeded""]","[""select_for_evaluation""]",[0],True,"valid_first; common_head_max, common_head_weighted_mean, known_overall_then_probability, original_index","[""generation_invalid"", ""tool_execution_failure"", ""unstable"", ""not_new""]",False,support-final-2cd11ff827dc56a49263e71d:d0000005-c0,False,
support-final-2cd11ff827dc56a49263e71d,uq_only_support_aware,Al-Li-V,3,6,"[""support-final-2cd11ff827dc56a49263e71d:d0000006-c0""]",1,0,,,[true],[true],"[""succeeded""]","[""select_for_evaluation""]",[0],True,"valid_first; common_head_max, common_head_weighted_mean, known_overall_then_probability, original_index","[""generation_invalid"", ""tool_execution_failure"", ""unstable"", ""not_new""]",False,support-final-2cd11ff827dc56a49263e71d:d0000006-c0,False,
support-final-2cd11ff827dc56a49263e71d,uq_only_support_aware,Al-Li-V,3,7,"[""support-final-2cd11ff827dc56a49263e71d:d0000007-c0""]",1,0,,,[true],[true],"[""succeeded""]","[""generate_structures""]",[0],True,"valid_first; common_head_max, common_head_weighted_mean, known_overall_then_probability, original_index","[""generation_invalid"", ""tool_execution_failure"", ""unstable"", ""not_new""]",False,support-final-2cd11ff827dc56a49263e71d:d0000007-c0,False,
support-final-2cd11ff827dc56a49263e71d,uq_only_support_aware,Al-Li-V,3,8,"[""support-final-2cd11ff827dc56a49263e71d:d0000008-c0""]",1,0,,,[true],[true],"[""succeeded""]","[""generate_structures""]",[0],True,"valid_first; common_head_max, common_head_weighted_mean, known_overall_then_probability, original_index","[""generation_invalid"", ""tool_execution_failure"", ""unstable"", ""not_new""]",False,support-final-2cd11ff827dc56a49263e71d:d0000008-c0,False,
support-final-2cd11ff827dc56a49263e71d,uq_only_support_aware,Al-Li-V,3,9,"[""support-final-2cd11ff827dc56a49263e71d:d0000009-c0""]",1,0,,,[true],[true],"[""succeeded""]","[""select_for_evaluation""]",[0],True,"valid_first; common_head_max, common_head_weighted_mean, known_overall_then_probability, original_index","[""generation_invalid"", ""tool_execution_failure"", ""unstable"", ""not_new""]",False,support-final-2cd11ff827dc56a49263e71d:d0000009-c0,False,
support-final-2cd11ff827dc56a49263e71d,uq_only_support_aware,Al-Li-V,3,10,"[""support-final-2cd11ff827dc56a49263e71d:d0000010-c0""]",1,0,,,[true],[true],"[""succeeded""]","[""generate_structures""]",[0],True,"valid_first; common_head_max, common_head_weighted_mean, known_overall_then_probability, original_index","[""generation_invalid"", ""tool_execution_failure"", ""unstable"", ""not_new""]",False,support-final-2cd11ff827dc56a49263e71d:d0000010-c0,False,
support-final-2cd11ff827dc56a49263e71d,uq_only_support_aware,Al-Li-V,3,11,"[""support-final-2cd11ff827dc56a49263e71d:d0000011-c0""]",1,0,,,[true],[true],"[""succeeded""]","[""score_buffer""]",[0],True,"valid_first; common_head_max, common_head_weighted_mean, known_overall_then_probability, original_index","[""generation_invalid"", ""tool_execution_failure"", ""unstable"", ""not_new""]",False,support-final-2cd11ff827dc56a49263e71d:d0000011-c0,False,
support-final-2cd11ff827dc56a49263e71d,uq_only_support_aware,Al-Li-V,3,12,"[""support-final-2cd11ff827dc56a49263e71d:d0000012-c0""]",1,0,,,[true],[true],"[""succeeded""]","[""select_for_evaluation""]",[0],True,"valid_first; common_head_max, common_head_weighted_mean, known_overall_then_probability, original_index","[""generation_invalid"", ""tool_execution_failure"", ""unstable"", ""not_new""]",False,support-final-2cd11ff827dc56a49263e71d:d0000012-c0,False,
support-final-2cd11ff827dc56a49263e71d,uq_only_support_aware,Al-Li-V,3,13,"[""support-final-2cd11ff827dc56a49263e71d:d0000013-c0""]",1,0,,,[true],[true],"[""succeeded""]","[""select_for_evaluation""]",[0],True,"valid_first; common_head_max, common_head_weighted_mean, known_overall_then_probability, original_index","[""generation_invalid"", ""tool_execution_failure"", ""unstable"", ""not_new""]",False,support-final-2cd11ff827dc56a49263e71d:d0000013-c0,False,
support-final-2cd11ff827dc56a49263e71d,uq_only_support_aware,Al-Li-V,3,14,"[""support-final-2cd11ff827dc56a49263e71d:d0000014-c0""]",1,0,,,[true],[true],"[""succeeded""]","[""generate_structures""]",[0],True,"valid_first; common_head_max, common_head_weighted_mean, known_overall_then_probability, original_index","[""generation_invalid"", ""tool_execution_failure"", ""unstable"", ""not_new""]",False,support-final-2cd11ff827dc56a49263e71d:d0000014-c0,False,
support-final-2cd11ff827dc56a49263e71d,uq_only_support_aware,Al-Li-V,3,15,"[""support-final-2cd11ff827dc56a49263e71d:d0000015-c0""]",1,0,,,[true],[true],"[""succeeded""]","[""select_for_evaluation""]",[0],True,"valid_first; common_head_max, common_head_weighted_mean, known_overall_then_probability, original_index","[""generation_invalid"", ""tool_execution_failure"", ""unstable"", ""not_new""]",False,support-final-2cd11ff827dc56a49263e71d:d0000015-c0,False,
support-final-2cd11ff827dc56a49263e71d,uq_only_support_aware,Al-Li-V,3,16,"[""support-final-2cd11ff827dc56a49263e71d:d0000016-c0""]",1,0,,,[true],[true],"[""succeeded""]","[""generate_structures""]",[0],True,"valid_first; common_head_max, common_head_weighted_mean, known_overall_then_probability, original_index","[""generation_invalid"", ""tool_execution_failure"", ""unstable"", ""not_new""]",False,support-final-2cd11ff827dc56a49263e71d:d0000016-c0,False,
support-final-2cd11ff827dc56a49263e71d,uq_only_support_aware,Al-Li-V,3,17,"[""support-final-2cd11ff827dc56a49263e71d:d0000017-c0""]",1,0,,,[true],[true],"[""succeeded""]","[""select_for_evaluation""]",[0],True,"valid_first; common_head_max, common_head_weighted_mean, known_overall_then_probability, original_index","[""generation_invalid"", ""tool_execution_failure"", ""unstable"", ""not_new""]",False,support-final-2cd11ff827dc56a49263e71d:d0000017-c0,False,
support-final-2cd11ff827dc56a49263e71d,uq_only_support_aware,Al-Li-V,3,18,"[""support-final-2cd11ff827dc56a49263e71d:d0000018-c0""]",1,0,,,[true],[true],"[""succeeded""]","[""select_for_evaluation""]",[0],True,"valid_first; common_head_max, common_head_weighted_mean, known_overall_then_probability, original_index","[""generation_invalid"", ""tool_execution_failure"", ""unstable"", ""not_new""]",False,support-final-2cd11ff827dc56a49263e71d:d0000018-c0,False,
support-final-2cd11ff827dc56a49263e71d,uq_only_support_aware,Al-Li-V,3,19,"[""support-final-2cd11ff827dc56a49263e71d:d0000019-c0""]",1,0,,,[true],[true],"[""succeeded""]","[""generate_structures""]",[0],True,"valid_first; common_head_max, common_head_weighted_mean, known_overall_then_probability, original_index","[""generation_invalid"", ""tool_execution_failure"", ""unstable"", ""not_new""]",False,support-final-2cd11ff827dc56a49263e71d:d0000019-c0,False,
support-final-2cd11ff827dc56a49263e71d,uq_only_support_aware,Al-Li-V,3,20,"[""support-final-2cd11ff827dc56a49263e71d:d0000020-c0""]",1,0,,,[true],[true],"[""succeeded""]","[""score_buffer""]",[0],True,"valid_first; common_head_max, common_head_weighted_mean, known_overall_then_probability, original_index","[""generation_invalid"", ""tool_execution_failure"", ""unstable"", ""not_new""]",False,support-final-2cd11ff827dc56a49263e71d:d0000020-c0,False,
support-final-2cd11ff827dc56a49263e71d,uq_only_support_aware,Al-Li-V,3,21,"[""support-final-2cd11ff827dc56a49263e71d:d0000021-c0""]",1,0,,,[true],[true],"[""succeeded""]","[""select_for_evaluation""]",[0],True,"valid_first; common_head_max, common_head_weighted_mean, known_overall_then_probability, original_index","[""generation_invalid"", ""tool_execution_failure"", ""unstable"", ""not_new""]",False,support-final-2cd11ff827dc56a49263e71d:d0000021-c0,False,
support-final-4a84dce05fdc57c5272bb199,uq_only_support_aware,Al-Li-V,4,0,"[""support-final-4a84dce05fdc57c5272bb199:d0000000-c0""]",1,0,,,[true],[true],"[""succeeded""]","[""generate_structures""]",[0],True,"valid_first; common_head_max, common_head_weighted_mean, known_overall_then_probability, original_index","[""generation_invalid"", ""tool_execution_failure"", ""unstable"", ""not_new""]",False,support-final-4a84dce05fdc57c5272bb199:d0000000-c0,False,
support-final-4a84dce05fdc57c5272bb199,uq_only_support_aware,Al-Li-V,4,1,"[""support-final-4a84dce05fdc57c5272bb199:d0000001-c0""]",1,0,,,[true],[true],"[""succeeded""]","[""select_for_evaluation""]",[0],True,"valid_first; common_head_max, common_head_weighted_mean, known_overall_then_probability, original_index","[""generation_invalid"", ""tool_execution_failure"", ""unstable"", ""not_new""]",False,support-final-4a84dce05fdc57c5272bb199:d0000001-c0,False,
support-final-4a84dce05fdc57c5272bb199,uq_only_support_aware,Al-Li-V,4,2,"[""support-final-4a84dce05fdc57c5272bb199:d0000002-c0""]",1,0,,,[true],[true],"[""succeeded""]","[""select_for_evaluation""]",[0],True,"valid_first; common_head_max, common_head_weighted_mean, known_overall_then_probability, original_index","[""generation_invalid"", ""tool_execution_failure"", ""unstable"", ""not_new""]",False,support-final-4a84dce05fdc57c5272bb199:d0000002-c0,False,
support-final-4a84dce05fdc57c5272bb199,uq_only_support_aware,Al-Li-V,4,3,"[""support-final-4a84dce05fdc57c5272bb199:d0000003-c0""]",1,0,,,[true],[true],"[""succeeded""]","[""select_for_evaluation""]",[0],True,"valid_first; common_head_max, common_head_weighted_mean, known_overall_then_probability, original_index","[""generation_invalid"", ""tool_execution_failure"", ""unstable"", ""not_new""]",False,support-final-4a84dce05fdc57c5272bb199:d0000003-c0,False,
support-final-4a84dce05fdc57c5272bb199,uq_only_support_aware,Al-Li-V,4,4,"[""support-final-4a84dce05fdc57c5272bb199:d0000004-c0""]",1,0,,,[true],[true],"[""succeeded""]","[""select_for_evaluation""]",[0],True,"valid_first; common_head_max, common_head_weighted_mean, known_overall_then_probability, original_index","[""generation_invalid"", ""tool_execution_failure"", ""unstable"", ""not_new""]",False,support-final-4a84dce05fdc57c5272bb199:d0000004-c0,False,
support-final-4a84dce05fdc57c5272bb199,uq_only_support_aware,Al-Li-V,4,5,"[""support-final-4a84dce05fdc57c5272bb199:d0000005-c0"", ""support-final-4a84dce05fdc57c5272bb199:d0000005-c1""]",2,1,generation_invalid,local_schema_validation,"[true, true]","[false, true]","[""succeeded"", ""succeeded""]","[""query_structures"", ""query_structures""]",[1],True,"valid_first; common_head_max, common_head_weighted_mean, known_overall_then_probability, original_index","[""generation_invalid"", ""tool_execution_failure"", ""unstable"", ""not_new""]",False,support-final-4a84dce05fdc57c5272bb199:d0000005-c1,True,"{""instruction"": ""Repair the JSON/tool/arguments schema. Return one allowed tool with only its documented arguments; do not invent results. Use only the existing retry and tool/query limits."", ""not_a_measured_scientific_result"": true, ""predicted_failure_type"": ""generation_invalid"", ""source"": ""current_candidate_predictions_or_visible_schema_issue"", ""suggested_legal_tool"": {""arguments"": {""composition"": ""Li(AlV)2"", ""k"": 5, ""mode"": ""all""}, ""tool"": ""query_structures""}}"
support-final-4a84dce05fdc57c5272bb199,uq_only_support_aware,Al-Li-V,4,6,"[""support-final-4a84dce05fdc57c5272bb199:d0000006-c0""]",1,0,,,[true],[true],"[""succeeded""]","[""generate_structures""]",[0],True,"valid_first; common_head_max, common_head_weighted_mean, known_overall_then_probability, original_index","[""generation_invalid"", ""tool_execution_failure"", ""unstable"", ""not_new""]",False,support-final-4a84dce05fdc57c5272bb199:d0000006-c0,False,
support-final-4a84dce05fdc57c5272bb199,uq_only_support_aware,Al-Li-V,4,7,"[""support-final-4a84dce05fdc57c5272bb199:d0000007-c0""]",1,0,,,[true],[true],"[""succeeded""]","[""select_for_evaluation""]",[0],True,"valid_first; common_head_max, common_head_weighted_mean, known_overall_then_probability, original_index","[""generation_invalid"", ""tool_execution_failure"", ""unstable"", ""not_new""]",False,support-final-4a84dce05fdc57c5272bb199:d0000007-c0,False,
support-final-4a84dce05fdc57c5272bb199,uq_only_support_aware,Al-Li-V,4,8,"[""support-final-4a84dce05fdc57c5272bb199:d0000008-c0""]",1,0,,,[true],[true],"[""succeeded""]","[""select_for_evaluation""]",[0],True,"valid_first; common_head_max, common_head_weighted_mean, known_overall_then_probability, original_index","[""generation_invalid"", ""tool_execution_failure"", ""unstable"", ""not_new""]",False,support-final-4a84dce05fdc57c5272bb199:d0000008-c0,False,
support-final-4a84dce05fdc57c5272bb199,uq_only_support_aware,Al-Li-V,4,9,"[""support-final-4a84dce05fdc57c5272bb199:d0000009-c0""]",1,0,,,[true],[true],"[""succeeded""]","[""select_for_evaluation""]",[0],True,"valid_first; common_head_max, common_head_weighted_mean, known_overall_then_probability, original_index","[""generation_invalid"", ""tool_execution_failure"", ""unstable"", ""not_new""]",False,support-final-4a84dce05fdc57c5272bb199:d0000009-c0,False,
support-final-4a84dce05fdc57c5272bb199,uq_only_support_aware,Al-Li-V,4,10,"[""support-final-4a84dce05fdc57c5272bb199:d0000010-c0""]",1,0,,,[true],[true],"[""succeeded""]","[""select_for_evaluation""]",[0],True,"valid_first; common_head_max, common_head_weighted_mean, known_overall_then_probability, original_index","[""generation_invalid"", ""tool_execution_failure"", ""unstable"", ""not_new""]",False,support-final-4a84dce05fdc57c5272bb199:d0000010-c0,False,
support-final-4a84dce05fdc57c5272bb199,uq_only_support_aware,Al-Li-V,4,11,"[""support-final-4a84dce05fdc57c5272bb199:d0000011-c0""]",1,0,,,[true],[true],"[""succeeded""]","[""select_for_evaluation""]",[0],True,"valid_first; common_head_max, common_head_weighted_mean, known_overall_then_probability, original_index","[""generation_invalid"", ""tool_execution_failure"", ""unstable"", ""not_new""]",False,support-final-4a84dce05fdc57c5272bb199:d0000011-c0,False,
support-final-4a84dce05fdc57c5272bb199,uq_only_support_aware,Al-Li-V,4,12,"[""support-final-4a84dce05fdc57c5272bb199:d0000012-c0""]",1,0,,,[true],[true],"[""succeeded""]","[""select_for_evaluation""]",[0],True,"valid_first; common_head_max, common_head_weighted_mean, known_overall_then_probability, original_index","[""generation_invalid"", ""tool_execution_failure"", ""unstable"", ""not_new""]",False,support-final-4a84dce05fdc57c5272bb199:d0000012-c0,False,
support-final-4a84dce05fdc57c5272bb199,uq_only_support_aware,Al-Li-V,4,13,"[""support-final-4a84dce05fdc57c5272bb199:d0000013-c0""]",1,0,,,[true],[true],"[""succeeded""]","[""select_for_evaluation""]",[0],True,"valid_first; common_head_max, common_head_weighted_mean, known_overall_then_probability, original_index","[""generation_invalid"", ""tool_execution_failure"", ""unstable"", ""not_new""]",False,support-final-4a84dce05fdc57c5272bb199:d0000013-c0,False,
support-final-4a84dce05fdc57c5272bb199,uq_only_support_aware,Al-Li-V,4,14,"[""support-final-4a84dce05fdc57c5272bb199:d0000014-c0""]",1,0,,,[true],[true],"[""succeeded""]","[""select_for_evaluation""]",[0],True,"valid_first; common_head_max, common_head_weighted_mean, known_overall_then_probability, original_index","[""generation_invalid"", ""tool_execution_failure"", ""unstable"", ""not_new""]",False,support-final-4a84dce05fdc57c5272bb199:d0000014-c0,False,
support-final-4a84dce05fdc57c5272bb199,uq_only_support_aware,Al-Li-V,4,15,"[""support-final-4a84dce05fdc57c5272bb199:d0000015-c0""]",1,0,,,[true],[true],"[""succeeded""]","[""select_for_evaluation""]",[0],True,"valid_first; common_head_max, common_head_weighted_mean, known_overall_then_probability, original_index","[""generation_invalid"", ""tool_execution_failure"", ""unstable"", ""not_new""]",False,support-final-4a84dce05fdc57c5272bb199:d0000015-c0,False,
support-final-4a84dce05fdc57c5272bb199,uq_only_support_aware,Al-Li-V,4,16,"[""support-final-4a84dce05fdc57c5272bb199:d0000016-c0""]",1,0,,,[true],[true],"[""succeeded""]","[""select_for_evaluation""]",[0],True,"valid_first; common_head_max, common_head_weighted_mean, known_overall_then_probability, original_index","[""generation_invalid"", ""tool_execution_failure"", ""unstable"", ""not_new""]",False,support-final-4a84dce05fdc57c5272bb199:d0000016-c0,False,
support-final-50481d7de104501120b84fb5,uq_only_support_aware,Al-V-Zn,2,0,"[""support-final-50481d7de104501120b84fb5:d0000000-c0"", ""support-final-50481d7de104501120b84fb5:d0000000-c1""]",2,1,generation_invalid,local_schema_validation,"[false, true]","[false, true]","[""unavailable"", ""succeeded""]","[null, ""get_buffer_stats""]",[1],False,valid_first; original_index_when_any_native_support_unknown,[],False,support-final-50481d7de104501120b84fb5:d0000000-c1,True,"{""instruction"": ""Repair the JSON/tool/arguments schema. Return one allowed tool with only its documented arguments; do not invent results. Use only the existing retry and tool/query limits."", ""not_a_measured_scientific_result"": true, ""predicted_failure_type"": ""generation_invalid"", ""source"": ""current_candidate_predictions_or_visible_schema_issue"", ""suggested_legal_tool"": {""arguments"": {}, ""tool"": ""get_buffer_stats""}}"
support-final-50481d7de104501120b84fb5,uq_only_support_aware,Al-V-Zn,2,1,"[""support-final-50481d7de104501120b84fb5:d0000001-c0"", ""support-final-50481d7de104501120b84fb5:d0000001-c1""]",2,1,generation_invalid,local_schema_validation,"[false, true]","[false, true]","[""unavailable"", ""unavailable""]","[null, ""generate_structures""]",[1],False,valid_first; original_index_when_any_native_support_unknown,[],False,support-final-50481d7de104501120b84fb5:d0000001-c1,True,"{""instruction"": ""Repair the JSON/tool/arguments schema. Return one allowed tool with only its documented arguments; do not invent results. Use only the existing retry and tool/query limits."", ""not_a_measured_scientific_result"": true, ""predicted_failure_type"": ""generation_invalid"", ""source"": ""current_candidate_predictions_or_visible_schema_issue"", ""suggested_legal_tool"": {""arguments"": {}, ""tool"": ""get_buffer_stats""}}"
support-final-50481d7de104501120b84fb5,uq_only_support_aware,Al-V-Zn,2,2,"[""support-final-50481d7de104501120b84fb5:d0000002-c0""]",1,0,,,[true],[true],"[""succeeded""]","[""generate_structures""]",[0],True,"valid_first; common_head_max, common_head_weighted_mean, known_overall_then_probability, original_index","[""generation_invalid"", ""tool_execution_failure"", ""unstable"", ""not_new""]",False,support-final-50481d7de104501120b84fb5:d0000002-c0,False,
support-final-50481d7de104501120b84fb5,uq_only_support_aware,Al-V-Zn,2,3,"[""support-final-50481d7de104501120b84fb5:d0000003-c0"", ""support-final-50481d7de104501120b84fb5:d0000003-c1""]",2,1,generation_invalid,local_schema_validation,"[true, true]","[false, true]","[""succeeded"", ""succeeded""]","[""select_for_evaluation"", ""query_structures""]",[1],True,"valid_first; common_head_max, common_head_weighted_mean, known_overall_then_probability, original_index","[""generation_invalid"", ""tool_execution_failure"", ""unstable"", ""not_new""]",False,support-final-50481d7de104501120b84fb5:d0000003-c1,True,"{""instruction"": ""Repair the JSON/tool/arguments schema. Return one allowed tool with only its documented arguments; do not invent results. Use only the existing retry and tool/query limits."", ""not_a_measured_scientific_result"": true, ""predicted_failure_type"": ""generation_invalid"", ""source"": ""current_candidate_predictions_or_visible_schema_issue"", ""suggested_legal_tool"": {""arguments"": {""composition"": ""Al2V2Zn"", ""k"": 5, ""mode"": ""all""}, ""tool"": ""query_structures""}}"
support-final-50481d7de104501120b84fb5,uq_only_support_aware,Al-V-Zn,2,4,"[""support-final-50481d7de104501120b84fb5:d0000004-c0""]",1,0,,,[true],[true],"[""unavailable""]","[""select_for_evaluation""]",[0],False,valid_first; original_index_when_any_native_support_unknown,[],False,support-final-50481d7de104501120b84fb5:d0000004-c0,False,
support-final-50481d7de104501120b84fb5,uq_only_support_aware,Al-V-Zn,2,5,"[""support-final-50481d7de104501120b84fb5:d0000005-c0""]",1,0,,,[true],[true],"[""succeeded""]","[""generate_structures""]",[0],True,"valid_first; common_head_max, common_head_weighted_mean, known_overall_then_probability, original_index","[""generation_invalid"", ""tool_execution_failure"", ""unstable"", ""not_new""]",False,support-final-50481d7de104501120b84fb5:d0000005-c0,False,
support-final-50481d7de104501120b84fb5,uq_only_support_aware,Al-V-Zn,2,6,"[""support-final-50481d7de104501120b84fb5:d0000006-c0""]",1,0,,,[true],[true],"[""succeeded""]","[""select_for_evaluation""]",[0],True,"valid_first; common_head_max, common_head_weighted_mean, known_overall_then_probability, original_index","[""generation_invalid"", ""tool_execution_failure"", ""unstable"", ""not_new""]",False,support-final-50481d7de104501120b84fb5:d0000006-c0,False,
support-final-50481d7de104501120b84fb5,uq_only_support_aware,Al-V-Zn,2,7,"[""support-final-50481d7de104501120b84fb5:d0000007-c0""]",1,0,,,[true],[true],"[""succeeded""]","[""select_for_evaluation""]",[0],True,"valid_first; common_head_max, common_head_weighted_mean, known_overall_then_probability, original_index","[""generation_invalid"", ""tool_execution_failure"", ""unstable"", ""not_new""]",False,support-final-50481d7de104501120b84fb5:d0000007-c0,False,
support-final-50481d7de104501120b84fb5,uq_only_support_aware,Al-V-Zn,2,8,"[""support-final-50481d7de104501120b84fb5:d0000008-c0""]",1,0,,,[true],[true],"[""succeeded""]","[""score_buffer""]",[0],True,"valid_first; common_head_max, common_head_weighted_mean, known_overall_then_probability, original_index","[""generation_invalid"", ""tool_execution_failure"", ""unstable"", ""not_new""]",False,support-final-50481d7de104501120b84fb5:d0000008-c0,False,
support-final-50481d7de104501120b84fb5,uq_only_support_aware,Al-V-Zn,2,9,"[""support-final-50481d7de104501120b84fb5:d0000009-c0""]",1,0,,,[true],[true],"[""succeeded""]","[""select_for_evaluation""]",[0],True,"valid_first; common_head_max, common_head_weighted_mean, known_overall_then_probability, original_index","[""generation_invalid"", ""tool_execution_failure"", ""unstable"", ""not_new""]",False,support-final-50481d7de104501120b84fb5:d0000009-c0,False,
support-final-50481d7de104501120b84fb5,uq_only_support_aware,Al-V-Zn,2,10,"[""support-final-50481d7de104501120b84fb5:d0000010-c0""]",1,0,,,[true],[true],"[""succeeded""]","[""select_for_evaluation""]",[0],True,"valid_first; common_head_max, common_head_weighted_mean, known_overall_then_probability, original_index","[""generation_invalid"", ""tool_execution_failure"", ""unstable"", ""not_new""]",False,support-final-50481d7de104501120b84fb5:d0000010-c0,False,
support-final-50481d7de104501120b84fb5,uq_only_support_aware,Al-V-Zn,2,11,"[""support-final-50481d7de104501120b84fb5:d0000011-c0""]",1,0,,,[true],[true],"[""succeeded""]","[""generate_structures""]",[0],True,"valid_first; common_head_max, common_head_weighted_mean, known_overall_then_probability, original_index","[""generation_invalid"", ""tool_execution_failure"", ""unstable"", ""not_new""]",False,support-final-50481d7de104501120b84fb5:d0000011-c0,False,
support-final-50481d7de104501120b84fb5,uq_only_support_aware,Al-V-Zn,2,12,"[""support-final-50481d7de104501120b84fb5:d0000012-c0""]",1,0,,,[true],[true],"[""succeeded""]","[""select_for_evaluation""]",[0],True,"valid_first; common_head_max, common_head_weighted_mean, known_overall_then_probability, original_index","[""generation_invalid"", ""tool_execution_failure"", ""unstable"", ""not_new""]",False,support-final-50481d7de104501120b84fb5:d0000012-c0,False,
support-final-50481d7de104501120b84fb5,uq_only_support_aware,Al-V-Zn,2,13,"[""support-final-50481d7de104501120b84fb5:d0000013-c0""]",1,0,,,[true],[true],"[""succeeded""]","[""select_for_evaluation""]",[0],True,"valid_first; common_head_max, common_head_weighted_mean, known_overall_then_probability, original_index","[""generation_invalid"", ""tool_execution_failure"", ""unstable"", ""not_new""]",False,support-final-50481d7de104501120b84fb5:d0000013-c0,False,
support-final-50481d7de104501120b84fb5,uq_only_support_aware,Al-V-Zn,2,14,"[""support-final-50481d7de104501120b84fb5:d0000014-c0""]",1,0,,,[true],[true],"[""succeeded""]","[""select_for_evaluation""]",[0],True,"valid_first; common_head_max, common_head_weighted_mean, known_overall_then_probability, original_index","[""generation_invalid"", ""tool_execution_failure"", ""unstable"", ""not_new""]",False,support-final-50481d7de104501120b84fb5:d0000014-c0,False,
support-final-50481d7de104501120b84fb5,uq_only_support_aware,Al-V-Zn,2,15,"[""support-final-50481d7de104501120b84fb5:d0000015-c0""]",1,0,,,[true],[true],"[""succeeded""]","[""select_for_evaluation""]",[0],True,"valid_first; common_head_max, common_head_weighted_mean, known_overall_then_probability, original_index","[""generation_invalid"", ""tool_execution_failure"", ""unstable"", ""not_new""]",False,support-final-50481d7de104501120b84fb5:d0000015-c0,False,
support-final-50481d7de104501120b84fb5,uq_only_support_aware,Al-V-Zn,2,16,"[""support-final-50481d7de104501120b84fb5:d0000016-c0""]",1,0,,,[true],[true],"[""succeeded""]","[""generate_structures""]",[0],True,"valid_first; common_head_max, common_head_weighted_mean, known_overall_then_probability, original_index","[""generation_invalid"", ""tool_execution_failure"", ""unstable"", ""not_new""]",False,support-final-50481d7de104501120b84fb5:d0000016-c0,False,
support-final-50481d7de104501120b84fb5,uq_only_support_aware,Al-V-Zn,2,17,"[""support-final-50481d7de104501120b84fb5:d0000017-c0""]",1,0,,,[true],[true],"[""succeeded""]","[""score_buffer""]",[0],True,"valid_first; common_head_max, common_head_weighted_mean, known_overall_then_probability, original_index","[""generation_invalid"", ""tool_execution_failure"", ""unstable"", ""not_new""]",False,support-final-50481d7de104501120b84fb5:d0000017-c0,False,
support-final-50481d7de104501120b84fb5,uq_only_support_aware,Al-V-Zn,2,18,"[""support-final-50481d7de104501120b84fb5:d0000018-c0""]",1,0,,,[true],[true],"[""succeeded""]","[""select_for_evaluation""]",[0],True,"valid_first; common_head_max, common_head_weighted_mean, known_overall_then_probability, original_index","[""generation_invalid"", ""tool_execution_failure"", ""unstable"", ""not_new""]",False,support-final-50481d7de104501120b84fb5:d0000018-c0,False,
support-final-50481d7de104501120b84fb5,uq_only_support_aware,Al-V-Zn,2,19,"[""support-final-50481d7de104501120b84fb5:d0000019-c0""]",1,0,,,[true],[true],"[""succeeded""]","[""generate_structures""]",[0],True,"valid_first; common_head_max, common_head_weighted_mean, known_overall_then_probability, original_index","[""generation_invalid"", ""tool_execution_failure"", ""unstable"", ""not_new""]",False,support-final-50481d7de104501120b84fb5:d0000019-c0,False,
support-final-50481d7de104501120b84fb5,uq_only_support_aware,Al-V-Zn,2,20,"[""support-final-50481d7de104501120b84fb5:d0000020-c0""]",1,0,,,[true],[true],"[""succeeded""]","[""select_for_evaluation""]",[0],True,"valid_first; common_head_max, common_head_weighted_mean, known_overall_then_probability, original_index","[""generation_invalid"", ""tool_execution_failure"", ""unstable"", ""not_new""]",False,support-final-50481d7de104501120b84fb5:d0000020-c0,False,
support-final-5d1cc6924d5efee9cbf9f4a0,uq_only_support_aware,Al-V-Zn,3,0,"[""support-final-5d1cc6924d5efee9cbf9f4a0:d0000000-c0"", ""support-final-5d1cc6924d5efee9cbf9f4a0:d0000000-c1""]",2,1,generation_invalid,local_schema_validation,"[false, true]","[false, true]","[""unavailable"", ""succeeded""]","[null, ""get_buffer_stats""]",[1],False,valid_first; original_index_when_any_native_support_unknown,[],False,support-final-5d1cc6924d5efee9cbf9f4a0:d0000000-c1,True,"{""instruction"": ""Repair the JSON/tool/arguments schema. Return one allowed tool with only its documented arguments; do not invent results. Use only the existing retry and tool/query limits."", ""not_a_measured_scientific_result"": true, ""predicted_failure_type"": ""generation_invalid"", ""source"": ""current_candidate_predictions_or_visible_schema_issue"", ""suggested_legal_tool"": {""arguments"": {}, ""tool"": ""get_buffer_stats""}}"
support-final-5d1cc6924d5efee9cbf9f4a0,uq_only_support_aware,Al-V-Zn,3,1,"[""support-final-5d1cc6924d5efee9cbf9f4a0:d0000001-c0""]",1,0,,,[true],[true],"[""succeeded""]","[""generate_structures""]",[0],True,"valid_first; common_head_max, common_head_weighted_mean, known_overall_then_probability, original_index","[""generation_invalid"", ""tool_execution_failure"", ""unstable"", ""not_new""]",False,support-final-5d1cc6924d5efee9cbf9f4a0:d0000001-c0,False,
support-final-5d1cc6924d5efee9cbf9f4a0,uq_only_support_aware,Al-V-Zn,3,2,"[""support-final-5d1cc6924d5efee9cbf9f4a0:d0000002-c0"", ""support-final-5d1cc6924d5efee9cbf9f4a0:d0000002-c1""]",2,1,generation_invalid,local_schema_validation,"[true, true]","[false, true]","[""succeeded"", ""succeeded""]","[""select_for_evaluation"", ""query_structures""]",[1],True,"valid_first; common_head_max, common_head_weighted_mean, known_overall_then_probability, original_index","[""generation_invalid"", ""tool_execution_failure"", ""unstable"", ""not_new""]",False,support-final-5d1cc6924d5efee9cbf9f4a0:d0000002-c1,True,"{""instruction"": ""Repair the JSON/tool/arguments schema. Return one allowed tool with only its documented arguments; do not invent results. Use only the existing retry and tool/query limits."", ""not_a_measured_scientific_result"": true, ""predicted_failure_type"": ""generation_invalid"", ""source"": ""current_candidate_predictions_or_visible_schema_issue"", ""suggested_legal_tool"": {""arguments"": {""composition"": ""Al2VZn"", ""k"": 5, ""mode"": ""all""}, ""tool"": ""query_structures""}}"
support-final-5d1cc6924d5efee9cbf9f4a0,uq_only_support_aware,Al-V-Zn,3,3,"[""support-final-5d1cc6924d5efee9cbf9f4a0:d0000003-c0""]",1,0,,,[true],[true],"[""succeeded""]","[""select_for_evaluation""]",[0],True,"valid_first; common_head_max, common_head_weighted_mean, known_overall_then_probability, original_index","[""generation_invalid"", ""tool_execution_failure"", ""unstable"", ""not_new""]",False,support-final-5d1cc6924d5efee9cbf9f4a0:d0000003-c0,False,
support-final-5d1cc6924d5efee9cbf9f4a0,uq_only_support_aware,Al-V-Zn,3,4,"[""support-final-5d1cc6924d5efee9cbf9f4a0:d0000004-c0""]",1,0,,,[true],[true],"[""succeeded""]","[""generate_structures""]",[0],True,"valid_first; common_head_max, common_head_weighted_mean, known_overall_then_probability, original_index","[""generation_invalid"", ""tool_execution_failure"", ""unstable"", ""not_new""]",False,support-final-5d1cc6924d5efee9cbf9f4a0:d0000004-c0,False,
support-final-5d1cc6924d5efee9cbf9f4a0,uq_only_support_aware,Al-V-Zn,3,5,"[""support-final-5d1cc6924d5efee9cbf9f4a0:d0000005-c0""]",1,0,,,[true],[true],"[""succeeded""]","[""select_for_evaluation""]",[0],True,"valid_first; common_head_max, common_head_weighted_mean, known_overall_then_probability, original_index","[""generation_invalid"", ""tool_execution_failure"", ""unstable"", ""not_new""]",False,support-final-5d1cc6924d5efee9cbf9f4a0:d0000005-c0,False,
support-final-5d1cc6924d5efee9cbf9f4a0,uq_only_support_aware,Al-V-Zn,3,6,"[""support-final-5d1cc6924d5efee9cbf9f4a0:d0000006-c0""]",1,0,,,[true],[true],"[""succeeded""]","[""select_for_evaluation""]",[0],True,"valid_first; common_head_max, common_head_weighted_mean, known_overall_then_probability, original_index","[""generation_invalid"", ""tool_execution_failure"", ""unstable"", ""not_new""]",False,support-final-5d1cc6924d5efee9cbf9f4a0:d0000006-c0,False,
support-final-5d1cc6924d5efee9cbf9f4a0,uq_only_support_aware,Al-V-Zn,3,7,"[""support-final-5d1cc6924d5efee9cbf9f4a0:d0000007-c0""]",1,0,,,[true],[true],"[""succeeded""]","[""select_for_evaluation""]",[0],True,"valid_first; common_head_max, common_head_weighted_mean, known_overall_then_probability, original_index","[""generation_invalid"", ""tool_execution_failure"", ""unstable"", ""not_new""]",False,support-final-5d1cc6924d5efee9cbf9f4a0:d0000007-c0,False,
support-final-5d1cc6924d5efee9cbf9f4a0,uq_only_support_aware,Al-V-Zn,3,8,"[""support-final-5d1cc6924d5efee9cbf9f4a0:d0000008-c0""]",1,0,,,[true],[true],"[""succeeded""]","[""select_for_evaluation""]",[0],True,"valid_first; common_head_max, common_head_weighted_mean, known_overall_then_probability, original_index","[""generation_invalid"", ""tool_execution_failure"", ""unstable"", ""not_new""]",False,support-final-5d1cc6924d5efee9cbf9f4a0:d0000008-c0,False,
support-final-5d1cc6924d5efee9cbf9f4a0,uq_only_support_aware,Al-V-Zn,3,9,"[""support-final-5d1cc6924d5efee9cbf9f4a0:d0000009-c0""]",1,0,,,[true],[true],"[""succeeded""]","[""select_for_evaluation""]",[0],True,"valid_first; common_head_max, common_head_weighted_mean, known_overall_then_probability, original_index","[""generation_invalid"", ""tool_execution_failure"", ""unstable"", ""not_new""]",False,support-final-5d1cc6924d5efee9cbf9f4a0:d0000009-c0,False,
support-final-5d1cc6924d5efee9cbf9f4a0,uq_only_support_aware,Al-V-Zn,3,10,"[""support-final-5d1cc6924d5efee9cbf9f4a0:d0000010-c0""]",1,0,,,[true],[true],"[""succeeded""]","[""generate_structures""]",[0],True,"valid_first; common_head_max, common_head_weighted_mean, known_overall_then_probability, original_index","[""generation_invalid"", ""tool_execution_failure"", ""unstable"", ""not_new""]",False,support-final-5d1cc6924d5efee9cbf9f4a0:d0000010-c0,False,
support-final-5d1cc6924d5efee9cbf9f4a0,uq_only_support_aware,Al-V-Zn,3,11,"[""support-final-5d1cc6924d5efee9cbf9f4a0:d0000011-c0""]",1,0,,,[true],[true],"[""succeeded""]","[""select_for_evaluation""]",[0],True,"valid_first; common_head_max, common_head_weighted_mean, known_overall_then_probability, original_index","[""generation_invalid"", ""tool_execution_failure"", ""unstable"", ""not_new""]",False,support-final-5d1cc6924d5efee9cbf9f4a0:d0000011-c0,False,
support-final-5d1cc6924d5efee9cbf9f4a0,uq_only_support_aware,Al-V-Zn,3,12,"[""support-final-5d1cc6924d5efee9cbf9f4a0:d0000012-c0""]",1,0,,,[true],[true],"[""succeeded""]","[""select_for_evaluation""]",[0],True,"valid_first; common_head_max, common_head_weighted_mean, known_overall_then_probability, original_index","[""generation_invalid"", ""tool_execution_failure"", ""unstable"", ""not_new""]",False,support-final-5d1cc6924d5efee9cbf9f4a0:d0000012-c0,False,
support-final-5d1cc6924d5efee9cbf9f4a0,uq_only_support_aware,Al-V-Zn,3,13,"[""support-final-5d1cc6924d5efee9cbf9f4a0:d0000013-c0""]",1,0,,,[true],[true],"[""succeeded""]","[""select_for_evaluation""]",[0],True,"valid_first; common_head_max, common_head_weighted_mean, known_overall_then_probability, original_index","[""generation_invalid"", ""tool_execution_failure"", ""unstable"", ""not_new""]",False,support-final-5d1cc6924d5efee9cbf9f4a0:d0000013-c0,False,
support-final-5d1cc6924d5efee9cbf9f4a0,uq_only_support_aware,Al-V-Zn,3,14,"[""support-final-5d1cc6924d5efee9cbf9f4a0:d0000014-c0""]",1,0,,,[true],[true],"[""succeeded""]","[""generate_structures""]",[0],True,"valid_first; common_head_max, common_head_weighted_mean, known_overall_then_probability, original_index","[""generation_invalid"", ""tool_execution_failure"", ""unstable"", ""not_new""]",False,support-final-5d1cc6924d5efee9cbf9f4a0:d0000014-c0,False,
support-final-5d1cc6924d5efee9cbf9f4a0,uq_only_support_aware,Al-V-Zn,3,15,"[""support-final-5d1cc6924d5efee9cbf9f4a0:d0000015-c0""]",1,0,,,[true],[true],"[""succeeded""]","[""select_for_evaluation""]",[0],True,"valid_first; common_head_max, common_head_weighted_mean, known_overall_then_probability, original_index","[""generation_invalid"", ""tool_execution_failure"", ""unstable"", ""not_new""]",False,support-final-5d1cc6924d5efee9cbf9f4a0:d0000015-c0,False,
support-final-b8ea68c4cba1f93c238e3acd,uq_only_support_aware,Al-V-Zn,4,0,"[""support-final-b8ea68c4cba1f93c238e3acd:d0000000-c0""]",1,0,,,[true],[true],"[""succeeded""]","[""generate_structures""]",[0],True,"valid_first; common_head_max, common_head_weighted_mean, known_overall_then_probability, original_index","[""generation_invalid"", ""tool_execution_failure"", ""unstable"", ""not_new""]",False,support-final-b8ea68c4cba1f93c238e3acd:d0000000-c0,False,
support-final-b8ea68c4cba1f93c238e3acd,uq_only_support_aware,Al-V-Zn,4,1,"[""support-final-b8ea68c4cba1f93c238e3acd:d0000001-c0""]",1,0,,,[true],[true],"[""succeeded""]","[""select_for_evaluation""]",[0],True,"valid_first; common_head_max, common_head_weighted_mean, known_overall_then_probability, original_index","[""generation_invalid"", ""tool_execution_failure"", ""unstable"", ""not_new""]",False,support-final-b8ea68c4cba1f93c238e3acd:d0000001-c0,False,
support-final-b8ea68c4cba1f93c238e3acd,uq_only_support_aware,Al-V-Zn,4,2,"[""support-final-b8ea68c4cba1f93c238e3acd:d0000002-c0""]",1,0,,,[true],[true],"[""succeeded""]","[""generate_structures""]",[0],True,"valid_first; common_head_max, common_head_weighted_mean, known_overall_then_probability, original_index","[""generation_invalid"", ""tool_execution_failure"", ""unstable"", ""not_new""]",False,support-final-b8ea68c4cba1f93c238e3acd:d0000002-c0,False,
support-final-b8ea68c4cba1f93c238e3acd,uq_only_support_aware,Al-V-Zn,4,3,"[""support-final-b8ea68c4cba1f93c238e3acd:d0000003-c0""]",1,0,,,[true],[true],"[""succeeded""]","[""select_for_evaluation""]",[0],True,"valid_first; common_head_max, common_head_weighted_mean, known_overall_then_probability, original_index","[""generation_invalid"", ""tool_execution_failure"", ""unstable"", ""not_new""]",False,support-final-b8ea68c4cba1f93c238e3acd:d0000003-c0,False,
support-final-b8ea68c4cba1f93c238e3acd,uq_only_support_aware,Al-V-Zn,4,4,"[""support-final-b8ea68c4cba1f93c238e3acd:d0000004-c0""]",1,0,,,[true],[true],"[""succeeded""]","[""generate_structures""]",[0],True,"valid_first; common_head_max, common_head_weighted_mean, known_overall_then_probability, original_index","[""generation_invalid"", ""tool_execution_failure"", ""unstable"", ""not_new""]",False,support-final-b8ea68c4cba1f93c238e3acd:d0000004-c0,False,
support-final-b8ea68c4cba1f93c238e3acd,uq_only_support_aware,Al-V-Zn,4,5,"[""support-final-b8ea68c4cba1f93c238e3acd:d0000005-c0""]",1,0,,,[true],[true],"[""succeeded""]","[""generate_structures""]",[0],True,"valid_first; common_head_max, common_head_weighted_mean, known_overall_then_probability, original_index","[""generation_invalid"", ""tool_execution_failure"", ""unstable"", ""not_new""]",False,support-final-b8ea68c4cba1f93c238e3acd:d0000005-c0,False,
support-final-b8ea68c4cba1f93c238e3acd,uq_only_support_aware,Al-V-Zn,4,6,"[""support-final-b8ea68c4cba1f93c238e3acd:d0000006-c0""]",1,0,,,[true],[true],"[""succeeded""]","[""generate_structures""]",[0],True,"valid_first; common_head_max, common_head_weighted_mean, known_overall_then_probability, original_index","[""generation_invalid"", ""tool_execution_failure"", ""unstable"", ""not_new""]",False,support-final-b8ea68c4cba1f93c238e3acd:d0000006-c0,False,
support-final-b8ea68c4cba1f93c238e3acd,uq_only_support_aware,Al-V-Zn,4,7,"[""support-final-b8ea68c4cba1f93c238e3acd:d0000007-c0""]",1,0,,,[true],[true],"[""succeeded""]","[""select_for_evaluation""]",[0],True,"valid_first; common_head_max, common_head_weighted_mean, known_overall_then_probability, original_index","[""generation_invalid"", ""tool_execution_failure"", ""unstable"", ""not_new""]",False,support-final-b8ea68c4cba1f93c238e3acd:d0000007-c0,False,
support-final-b8ea68c4cba1f93c238e3acd,uq_only_support_aware,Al-V-Zn,4,8,"[""support-final-b8ea68c4cba1f93c238e3acd:d0000008-c0""]",1,0,,,[true],[true],"[""succeeded""]","[""select_for_evaluation""]",[0],True,"valid_first; common_head_max, common_head_weighted_mean, known_overall_then_probability, original_index","[""generation_invalid"", ""tool_execution_failure"", ""unstable"", ""not_new""]",False,support-final-b8ea68c4cba1f93c238e3acd:d0000008-c0,False,
support-final-b8ea68c4cba1f93c238e3acd,uq_only_support_aware,Al-V-Zn,4,9,"[""support-final-b8ea68c4cba1f93c238e3acd:d0000009-c0""]",1,0,,,[true],[true],"[""succeeded""]","[""select_for_evaluation""]",[0],True,"valid_first; common_head_max, common_head_weighted_mean, known_overall_then_probability, original_index","[""generation_invalid"", ""tool_execution_failure"", ""unstable"", ""not_new""]",False,support-final-b8ea68c4cba1f93c238e3acd:d0000009-c0,False,
support-final-b8ea68c4cba1f93c238e3acd,uq_only_support_aware,Al-V-Zn,4,10,"[""support-final-b8ea68c4cba1f93c238e3acd:d0000010-c0""]",1,0,,,[true],[true],"[""succeeded""]","[""select_for_evaluation""]",[0],True,"valid_first; common_head_max, common_head_weighted_mean, known_overall_then_probability, original_index","[""generation_invalid"", ""tool_execution_failure"", ""unstable"", ""not_new""]",False,support-final-b8ea68c4cba1f93c238e3acd:d0000010-c0,False,
support-final-b8ea68c4cba1f93c238e3acd,uq_only_support_aware,Al-V-Zn,4,11,"[""support-final-b8ea68c4cba1f93c238e3acd:d0000011-c0""]",1,0,,,[true],[true],"[""succeeded""]","[""select_for_evaluation""]",[0],True,"valid_first; common_head_max, common_head_weighted_mean, known_overall_then_probability, original_index","[""generation_invalid"", ""tool_execution_failure"", ""unstable"", ""not_new""]",False,support-final-b8ea68c4cba1f93c238e3acd:d0000011-c0,False,
support-final-b8ea68c4cba1f93c238e3acd,uq_only_support_aware,Al-V-Zn,4,12,"[""support-final-b8ea68c4cba1f93c238e3acd:d0000012-c0""]",1,0,,,[true],[true],"[""succeeded""]","[""select_for_evaluation""]",[0],True,"valid_first; common_head_max, common_head_weighted_mean, known_overall_then_probability, original_index","[""generation_invalid"", ""tool_execution_failure"", ""unstable"", ""not_new""]",False,support-final-b8ea68c4cba1f93c238e3acd:d0000012-c0,False,
support-final-b8ea68c4cba1f93c238e3acd,uq_only_support_aware,Al-V-Zn,4,13,"[""support-final-b8ea68c4cba1f93c238e3acd:d0000013-c0""]",1,0,,,[true],[true],"[""succeeded""]","[""select_for_evaluation""]",[0],True,"valid_first; common_head_max, common_head_weighted_mean, known_overall_then_probability, original_index","[""generation_invalid"", ""tool_execution_failure"", ""unstable"", ""not_new""]",False,support-final-b8ea68c4cba1f93c238e3acd:d0000013-c0,False,
support-final-b8ea68c4cba1f93c238e3acd,uq_only_support_aware,Al-V-Zn,4,14,"[""support-final-b8ea68c4cba1f93c238e3acd:d0000014-c0""]",1,0,,,[true],[true],"[""succeeded""]","[""generate_structures""]",[0],True,"valid_first; common_head_max, common_head_weighted_mean, known_overall_then_probability, original_index","[""generation_invalid"", ""tool_execution_failure"", ""unstable"", ""not_new""]",False,support-final-b8ea68c4cba1f93c238e3acd:d0000014-c0,False,
support-final-b8ea68c4cba1f93c238e3acd,uq_only_support_aware,Al-V-Zn,4,15,"[""support-final-b8ea68c4cba1f93c238e3acd:d0000015-c0""]",1,0,,,[true],[true],"[""succeeded""]","[""select_for_evaluation""]",[0],True,"valid_first; common_head_max, common_head_weighted_mean, known_overall_then_probability, original_index","[""generation_invalid"", ""tool_execution_failure"", ""unstable"", ""not_new""]",False,support-final-b8ea68c4cba1f93c238e3acd:d0000015-c0,False,
support-final-b8ea68c4cba1f93c238e3acd,uq_only_support_aware,Al-V-Zn,4,16,"[""support-final-b8ea68c4cba1f93c238e3acd:d0000016-c0""]",1,0,,,[true],[true],"[""succeeded""]","[""select_for_evaluation""]",[0],True,"valid_first; common_head_max, common_head_weighted_mean, known_overall_then_probability, original_index","[""generation_invalid"", ""tool_execution_failure"", ""unstable"", ""not_new""]",False,support-final-b8ea68c4cba1f93c238e3acd:d0000016-c0,False,
support-final-b8ea68c4cba1f93c238e3acd,uq_only_support_aware,Al-V-Zn,4,17,"[""support-final-b8ea68c4cba1f93c238e3acd:d0000017-c0""]",1,0,,,[true],[true],"[""succeeded""]","[""select_for_evaluation""]",[0],True,"valid_first; common_head_max, common_head_weighted_mean, known_overall_then_probability, original_index","[""generation_invalid"", ""tool_execution_failure"", ""unstable"", ""not_new""]",False,support-final-b8ea68c4cba1f93c238e3acd:d0000017-c0,False,
support-final-b8ea68c4cba1f93c238e3acd,uq_only_support_aware,Al-V-Zn,4,18,"[""support-final-b8ea68c4cba1f93c238e3acd:d0000018-c0""]",1,0,,,[true],[true],"[""succeeded""]","[""select_for_evaluation""]",[0],True,"valid_first; common_head_max, common_head_weighted_mean, known_overall_then_probability, original_index","[""generation_invalid"", ""tool_execution_failure"", ""unstable"", ""not_new""]",False,support-final-b8ea68c4cba1f93c238e3acd:d0000018-c0,False,
support-final-38ae55456a55c01858bdaca6,uq_only_support_aware,Au-K-Tb,2,0,"[""support-final-38ae55456a55c01858bdaca6:d0000000-c0"", ""support-final-38ae55456a55c01858bdaca6:d0000000-c1""]",2,1,generation_invalid,local_schema_validation,"[false, true]","[false, true]","[""unavailable"", ""unavailable""]","[null, ""get_buffer_stats""]",[1],False,valid_first; original_index_when_any_native_support_unknown,[],False,support-final-38ae55456a55c01858bdaca6:d0000000-c1,True,"{""instruction"": ""Repair the JSON/tool/arguments schema. Return one allowed tool with only its documented arguments; do not invent results. Use only the existing retry and tool/query limits."", ""not_a_measured_scientific_result"": true, ""predicted_failure_type"": ""generation_invalid"", ""source"": ""current_candidate_predictions_or_visible_schema_issue"", ""suggested_legal_tool"": {""arguments"": {}, ""tool"": ""get_buffer_stats""}}"
support-final-38ae55456a55c01858bdaca6,uq_only_support_aware,Au-K-Tb,2,1,"[""support-final-38ae55456a55c01858bdaca6:d0000001-c0""]",1,0,,,[true],[true],"[""succeeded""]","[""generate_structures""]",[0],True,"valid_first; common_head_max, common_head_weighted_mean, known_overall_then_probability, original_index","[""generation_invalid"", ""tool_execution_failure"", ""unstable"", ""not_new""]",False,support-final-38ae55456a55c01858bdaca6:d0000001-c0,False,
support-final-38ae55456a55c01858bdaca6,uq_only_support_aware,Au-K-Tb,2,2,"[""support-final-38ae55456a55c01858bdaca6:d0000002-c0""]",1,0,,,[true],[true],"[""succeeded""]","[""score_buffer""]",[0],True,"valid_first; common_head_max, common_head_weighted_mean, known_overall_then_probability, original_index","[""generation_invalid"", ""tool_execution_failure"", ""unstable"", ""not_new""]",False,support-final-38ae55456a55c01858bdaca6:d0000002-c0,False,
support-final-38ae55456a55c01858bdaca6,uq_only_support_aware,Au-K-Tb,2,3,"[""support-final-38ae55456a55c01858bdaca6:d0000003-c0""]",1,0,,,[true],[true],"[""succeeded""]","[""select_for_evaluation""]",[0],True,"valid_first; common_head_max, common_head_weighted_mean, known_overall_then_probability, original_index","[""generation_invalid"", ""tool_execution_failure"", ""unstable"", ""not_new""]",False,support-final-38ae55456a55c01858bdaca6:d0000003-c0,False,
support-final-38ae55456a55c01858bdaca6,uq_only_support_aware,Au-K-Tb,2,4,"[""support-final-38ae55456a55c01858bdaca6:d0000004-c0""]",1,0,,,[true],[true],"[""succeeded""]","[""generate_structures""]",[0],True,"valid_first; common_head_max, common_head_weighted_mean, known_overall_then_probability, original_index","[""generation_invalid"", ""tool_execution_failure"", ""unstable"", ""not_new""]",False,support-final-38ae55456a55c01858bdaca6:d0000004-c0,False,
support-final-38ae55456a55c01858bdaca6,uq_only_support_aware,Au-K-Tb,2,5,"[""support-final-38ae55456a55c01858bdaca6:d0000005-c0""]",1,0,,,[true],[true],"[""succeeded""]","[""generate_structures""]",[0],True,"valid_first; common_head_max, common_head_weighted_mean, known_overall_then_probability, original_index","[""generation_invalid"", ""tool_execution_failure"", ""unstable"", ""not_new""]",False,support-final-38ae55456a55c01858bdaca6:d0000005-c0,False,
support-final-38ae55456a55c01858bdaca6,uq_only_support_aware,Au-K-Tb,2,6,"[""support-final-38ae55456a55c01858bdaca6:d0000006-c0""]",1,0,,,[true],[true],"[""succeeded""]","[""generate_structures""]",[0],True,"valid_first; common_head_max, common_head_weighted_mean, known_overall_then_probability, original_index","[""generation_invalid"", ""tool_execution_failure"", ""unstable"", ""not_new""]",False,support-final-38ae55456a55c01858bdaca6:d0000006-c0,False,
support-final-38ae55456a55c01858bdaca6,uq_only_support_aware,Au-K-Tb,2,7,"[""support-final-38ae55456a55c01858bdaca6:d0000007-c0""]",1,0,,,[true],[true],"[""succeeded""]","[""select_for_evaluation""]",[0],True,"valid_first; common_head_max, common_head_weighted_mean, known_overall_then_probability, original_index","[""generation_invalid"", ""tool_execution_failure"", ""unstable"", ""not_new""]",False,support-final-38ae55456a55c01858bdaca6:d0000007-c0,False,
support-final-38ae55456a55c01858bdaca6,uq_only_support_aware,Au-K-Tb,2,8,"[""support-final-38ae55456a55c01858bdaca6:d0000008-c0""]",1,0,,,[true],[true],"[""succeeded""]","[""score_buffer""]",[0],True,"valid_first; common_head_max, common_head_weighted_mean, known_overall_then_probability, original_index","[""generation_invalid"", ""tool_execution_failure"", ""unstable"", ""not_new""]",False,support-final-38ae55456a55c01858bdaca6:d0000008-c0,False,
support-final-38ae55456a55c01858bdaca6,uq_only_support_aware,Au-K-Tb,2,9,"[""support-final-38ae55456a55c01858bdaca6:d0000009-c0""]",1,0,,,[true],[true],"[""succeeded""]","[""select_for_evaluation""]",[0],True,"valid_first; common_head_max, common_head_weighted_mean, known_overall_then_probability, original_index","[""generation_invalid"", ""tool_execution_failure"", ""unstable"", ""not_new""]",False,support-final-38ae55456a55c01858bdaca6:d0000009-c0,False,
support-final-38ae55456a55c01858bdaca6,uq_only_support_aware,Au-K-Tb,2,10,"[""support-final-38ae55456a55c01858bdaca6:d0000010-c0""]",1,0,,,[true],[true],"[""succeeded""]","[""select_for_evaluation""]",[0],True,"valid_first; common_head_max, common_head_weighted_mean, known_overall_then_probability, original_index","[""generation_invalid"", ""tool_execution_failure"", ""unstable"", ""not_new""]",False,support-final-38ae55456a55c01858bdaca6:d0000010-c0,False,
support-final-38ae55456a55c01858bdaca6,uq_only_support_aware,Au-K-Tb,2,11,"[""support-final-38ae55456a55c01858bdaca6:d0000011-c0""]",1,0,,,[true],[true],"[""succeeded""]","[""generate_structures""]",[0],True,"valid_first; common_head_max, common_head_weighted_mean, known_overall_then_probability, original_index","[""generation_invalid"", ""tool_execution_failure"", ""unstable"", ""not_new""]",False,support-final-38ae55456a55c01858bdaca6:d0000011-c0,False,
support-final-38ae55456a55c01858bdaca6,uq_only_support_aware,Au-K-Tb,2,12,"[""support-final-38ae55456a55c01858bdaca6:d0000012-c0""]",1,0,,,[true],[true],"[""succeeded""]","[""generate_structures""]",[0],True,"valid_first; common_head_max, common_head_weighted_mean, known_overall_then_probability, original_index","[""generation_invalid"", ""tool_execution_failure"", ""unstable"", ""not_new""]",False,support-final-38ae55456a55c01858bdaca6:d0000012-c0,False,
support-final-38ae55456a55c01858bdaca6,uq_only_support_aware,Au-K-Tb,2,13,"[""support-final-38ae55456a55c01858bdaca6:d0000013-c0""]",1,0,,,[true],[true],"[""succeeded""]","[""generate_structures""]",[0],True,"valid_first; common_head_max, common_head_weighted_mean, known_overall_then_probability, original_index","[""generation_invalid"", ""tool_execution_failure"", ""unstable"", ""not_new""]",False,support-final-38ae55456a55c01858bdaca6:d0000013-c0,False,
support-final-38ae55456a55c01858bdaca6,uq_only_support_aware,Au-K-Tb,2,14,"[""support-final-38ae55456a55c01858bdaca6:d0000014-c0""]",1,0,,,[true],[true],"[""succeeded""]","[""select_for_evaluation""]",[0],True,"valid_first; common_head_max, common_head_weighted_mean, known_overall_then_probability, original_index","[""generation_invalid"", ""tool_execution_failure"", ""unstable"", ""not_new""]",False,support-final-38ae55456a55c01858bdaca6:d0000014-c0,False,
support-final-38ae55456a55c01858bdaca6,uq_only_support_aware,Au-K-Tb,2,15,"[""support-final-38ae55456a55c01858bdaca6:d0000015-c0""]",1,0,,,[true],[true],"[""succeeded""]","[""select_for_evaluation""]",[0],True,"valid_first; common_head_max, common_head_weighted_mean, known_overall_then_probability, original_index","[""generation_invalid"", ""tool_execution_failure"", ""unstable"", ""not_new""]",False,support-final-38ae55456a55c01858bdaca6:d0000015-c0,False,
support-final-38ae55456a55c01858bdaca6,uq_only_support_aware,Au-K-Tb,2,16,"[""support-final-38ae55456a55c01858bdaca6:d0000016-c0""]",1,0,,,[true],[true],"[""succeeded""]","[""generate_structures""]",[0],True,"valid_first; common_head_max, common_head_weighted_mean, known_overall_then_probability, original_index","[""generation_invalid"", ""tool_execution_failure"", ""unstable"", ""not_new""]",False,support-final-38ae55456a55c01858bdaca6:d0000016-c0,False,
support-final-38ae55456a55c01858bdaca6,uq_only_support_aware,Au-K-Tb,2,17,"[""support-final-38ae55456a55c01858bdaca6:d0000017-c0""]",1,0,,,[true],[true],"[""succeeded""]","[""select_for_evaluation""]",[0],True,"valid_first; common_head_max, common_head_weighted_mean, known_overall_then_probability, original_index","[""generation_invalid"", ""tool_execution_failure"", ""unstable"", ""not_new""]",False,support-final-38ae55456a55c01858bdaca6:d0000017-c0,False,
support-final-38ae55456a55c01858bdaca6,uq_only_support_aware,Au-K-Tb,2,18,"[""support-final-38ae55456a55c01858bdaca6:d0000018-c0""]",1,0,,,[true],[true],"[""succeeded""]","[""select_for_evaluation""]",[0],True,"valid_first; common_head_max, common_head_weighted_mean, known_overall_then_probability, original_index","[""generation_invalid"", ""tool_execution_failure"", ""unstable"", ""not_new""]",False,support-final-38ae55456a55c01858bdaca6:d0000018-c0,False,
support-final-38ae55456a55c01858bdaca6,uq_only_support_aware,Au-K-Tb,2,19,"[""support-final-38ae55456a55c01858bdaca6:d0000019-c0""]",1,0,,,[true],[true],"[""succeeded""]","[""select_for_evaluation""]",[0],True,"valid_first; common_head_max, common_head_weighted_mean, known_overall_then_probability, original_index","[""generation_invalid"", ""tool_execution_failure"", ""unstable"", ""not_new""]",False,support-final-38ae55456a55c01858bdaca6:d0000019-c0,False,
support-final-38ae55456a55c01858bdaca6,uq_only_support_aware,Au-K-Tb,2,20,"[""support-final-38ae55456a55c01858bdaca6:d0000020-c0""]",1,0,,,[true],[true],"[""succeeded""]","[""generate_structures""]",[0],True,"valid_first; common_head_max, common_head_weighted_mean, known_overall_then_probability, original_index","[""generation_invalid"", ""tool_execution_failure"", ""unstable"", ""not_new""]",False,support-final-38ae55456a55c01858bdaca6:d0000020-c0,False,
support-final-38ae55456a55c01858bdaca6,uq_only_support_aware,Au-K-Tb,2,21,"[""support-final-38ae55456a55c01858bdaca6:d0000021-c0""]",1,0,,,[true],[true],"[""succeeded""]","[""generate_structures""]",[0],True,"valid_first; common_head_max, common_head_weighted_mean, known_overall_then_probability, original_index","[""generation_invalid"", ""tool_execution_failure"", ""unstable"", ""not_new""]",False,support-final-38ae55456a55c01858bdaca6:d0000021-c0,False,
support-final-38ae55456a55c01858bdaca6,uq_only_support_aware,Au-K-Tb,2,22,"[""support-final-38ae55456a55c01858bdaca6:d0000022-c0""]",1,0,,,[true],[true],"[""succeeded""]","[""select_for_evaluation""]",[0],True,"valid_first; common_head_max, common_head_weighted_mean, known_overall_then_probability, original_index","[""generation_invalid"", ""tool_execution_failure"", ""unstable"", ""not_new""]",False,support-final-38ae55456a55c01858bdaca6:d0000022-c0,False,
support-final-2b6cfd7c97c158c305971c45,uq_only_support_aware,Au-K-Tb,3,0,"[""support-final-2b6cfd7c97c158c305971c45:d0000000-c0"", ""support-final-2b6cfd7c97c158c305971c45:d0000000-c1""]",2,1,generation_invalid,local_schema_validation,"[false, true]","[false, true]","[""unavailable"", ""unavailable""]","[null, ""get_buffer_stats""]",[1],False,valid_first; original_index_when_any_native_support_unknown,[],False,support-final-2b6cfd7c97c158c305971c45:d0000000-c1,True,"{""instruction"": ""Repair the JSON/tool/arguments schema. Return one allowed tool with only its documented arguments; do not invent results. Use only the existing retry and tool/query limits."", ""not_a_measured_scientific_result"": true, ""predicted_failure_type"": ""generation_invalid"", ""source"": ""current_candidate_predictions_or_visible_schema_issue"", ""suggested_legal_tool"": {""arguments"": {}, ""tool"": ""get_buffer_stats""}}"
support-final-2b6cfd7c97c158c305971c45,uq_only_support_aware,Au-K-Tb,3,1,"[""support-final-2b6cfd7c97c158c305971c45:d0000001-c0"", ""support-final-2b6cfd7c97c158c305971c45:d0000001-c1""]",2,,generation_invalid,local_schema_validation,"[false, false]","[false, false]","[""unavailable"", ""unavailable""]","[null, null]",[],,,,False,,True,"{""instruction"": ""Repair the JSON/tool/arguments schema. Return one allowed tool with only its documented arguments; do not invent results. Use only the existing retry and tool/query limits."", ""not_a_measured_scientific_result"": true, ""predicted_failure_type"": ""generation_invalid"", ""source"": ""current_candidate_predictions_or_visible_schema_issue"", ""suggested_legal_tool"": {""arguments"": {}, ""tool"": ""get_buffer_stats""}}"
support-final-2b6cfd7c97c158c305971c45,uq_only_support_aware,Au-K-Tb,3,2,"[""support-final-2b6cfd7c97c158c305971c45:d0000002-c0""]",1,0,,,[true],[true],"[""succeeded""]","[""generate_structures""]",[0],True,"valid_first; common_head_max, common_head_weighted_mean, known_overall_then_probability, original_index","[""generation_invalid"", ""tool_execution_failure"", ""unstable"", ""not_new""]",False,support-final-2b6cfd7c97c158c305971c45:d0000002-c0,False,
support-final-2b6cfd7c97c158c305971c45,uq_only_support_aware,Au-K-Tb,3,3,"[""support-final-2b6cfd7c97c158c305971c45:d0000003-c0""]",1,0,,,[true],[true],"[""succeeded""]","[""score_buffer""]",[0],True,"valid_first; common_head_max, common_head_weighted_mean, known_overall_then_probability, original_index","[""generation_invalid"", ""tool_execution_failure"", ""unstable"", ""not_new""]",False,support-final-2b6cfd7c97c158c305971c45:d0000003-c0,False,
support-final-2b6cfd7c97c158c305971c45,uq_only_support_aware,Au-K-Tb,3,4,"[""support-final-2b6cfd7c97c158c305971c45:d0000004-c0""]",1,0,,,[true],[true],"[""succeeded""]","[""select_for_evaluation""]",[0],True,"valid_first; common_head_max, common_head_weighted_mean, known_overall_then_probability, original_index","[""generation_invalid"", ""tool_execution_failure"", ""unstable"", ""not_new""]",False,support-final-2b6cfd7c97c158c305971c45:d0000004-c0,False,
support-final-2b6cfd7c97c158c305971c45,uq_only_support_aware,Au-K-Tb,3,5,"[""support-final-2b6cfd7c97c158c305971c45:d0000005-c0""]",1,0,,,[true],[true],"[""succeeded""]","[""generate_structures""]",[0],True,"valid_first; common_head_max, common_head_weighted_mean, known_overall_then_probability, original_index","[""generation_invalid"", ""tool_execution_failure"", ""unstable"", ""not_new""]",False,support-final-2b6cfd7c97c158c305971c45:d0000005-c0,False,
support-final-2b6cfd7c97c158c305971c45,uq_only_support_aware,Au-K-Tb,3,6,"[""support-final-2b6cfd7c97c158c305971c45:d0000006-c0""]",1,0,,,[true],[true],"[""succeeded""]","[""select_for_evaluation""]",[0],True,"valid_first; common_head_max, common_head_weighted_mean, known_overall_then_probability, original_index","[""generation_invalid"", ""tool_execution_failure"", ""unstable"", ""not_new""]",False,support-final-2b6cfd7c97c158c305971c45:d0000006-c0,False,
support-final-2b6cfd7c97c158c305971c45,uq_only_support_aware,Au-K-Tb,3,7,"[""support-final-2b6cfd7c97c158c305971c45:d0000007-c0""]",1,0,,,[true],[true],"[""succeeded""]","[""generate_structures""]",[0],True,"valid_first; common_head_max, common_head_weighted_mean, known_overall_then_probability, original_index","[""generation_invalid"", ""tool_execution_failure"", ""unstable"", ""not_new""]",False,support-final-2b6cfd7c97c158c305971c45:d0000007-c0,False,
support-final-2b6cfd7c97c158c305971c45,uq_only_support_aware,Au-K-Tb,3,8,"[""support-final-2b6cfd7c97c158c305971c45:d0000008-c0""]",1,0,,,[true],[true],"[""succeeded""]","[""generate_structures""]",[0],True,"valid_first; common_head_max, common_head_weighted_mean, known_overall_then_probability, original_index","[""generation_invalid"", ""tool_execution_failure"", ""unstable"", ""not_new""]",False,support-final-2b6cfd7c97c158c305971c45:d0000008-c0,False,
support-final-2b6cfd7c97c158c305971c45,uq_only_support_aware,Au-K-Tb,3,9,"[""support-final-2b6cfd7c97c158c305971c45:d0000009-c0""]",1,0,,,[true],[true],"[""succeeded""]","[""select_for_evaluation""]",[0],True,"valid_first; common_head_max, common_head_weighted_mean, known_overall_then_probability, original_index","[""generation_invalid"", ""tool_execution_failure"", ""unstable"", ""not_new""]",False,support-final-2b6cfd7c97c158c305971c45:d0000009-c0,False,
support-final-2b6cfd7c97c158c305971c45,uq_only_support_aware,Au-K-Tb,3,10,"[""support-final-2b6cfd7c97c158c305971c45:d0000010-c0""]",1,0,,,[true],[true],"[""succeeded""]","[""generate_structures""]",[0],True,"valid_first; common_head_max, common_head_weighted_mean, known_overall_then_probability, original_index","[""generation_invalid"", ""tool_execution_failure"", ""unstable"", ""not_new""]",False,support-final-2b6cfd7c97c158c305971c45:d0000010-c0,False,
support-final-2b6cfd7c97c158c305971c45,uq_only_support_aware,Au-K-Tb,3,11,"[""support-final-2b6cfd7c97c158c305971c45:d0000011-c0""]",1,0,,,[true],[true],"[""succeeded""]","[""score_buffer""]",[0],True,"valid_first; common_head_max, common_head_weighted_mean, known_overall_then_probability, original_index","[""generation_invalid"", ""tool_execution_failure"", ""unstable"", ""not_new""]",False,support-final-2b6cfd7c97c158c305971c45:d0000011-c0,False,
support-final-2b6cfd7c97c158c305971c45,uq_only_support_aware,Au-K-Tb,3,12,"[""support-final-2b6cfd7c97c158c305971c45:d0000012-c0""]",1,0,,,[true],[true],"[""succeeded""]","[""select_for_evaluation""]",[0],True,"valid_first; common_head_max, common_head_weighted_mean, known_overall_then_probability, original_index","[""generation_invalid"", ""tool_execution_failure"", ""unstable"", ""not_new""]",False,support-final-2b6cfd7c97c158c305971c45:d0000012-c0,False,
support-final-2b6cfd7c97c158c305971c45,uq_only_support_aware,Au-K-Tb,3,13,"[""support-final-2b6cfd7c97c158c305971c45:d0000013-c0""]",1,0,,,[true],[true],"[""succeeded""]","[""select_for_evaluation""]",[0],True,"valid_first; common_head_max, common_head_weighted_mean, known_overall_then_probability, original_index","[""generation_invalid"", ""tool_execution_failure"", ""unstable"", ""not_new""]",False,support-final-2b6cfd7c97c158c305971c45:d0000013-c0,False,
support-final-2b6cfd7c97c158c305971c45,uq_only_support_aware,Au-K-Tb,3,14,"[""support-final-2b6cfd7c97c158c305971c45:d0000014-c0""]",1,0,,,[true],[true],"[""succeeded""]","[""select_for_evaluation""]",[0],True,"valid_first; common_head_max, common_head_weighted_mean, known_overall_then_probability, original_index","[""generation_invalid"", ""tool_execution_failure"", ""unstable"", ""not_new""]",False,support-final-2b6cfd7c97c158c305971c45:d0000014-c0,False,
support-final-2b6cfd7c97c158c305971c45,uq_only_support_aware,Au-K-Tb,3,15,"[""support-final-2b6cfd7c97c158c305971c45:d0000015-c0""]",1,0,,,[true],[true],"[""succeeded""]","[""select_for_evaluation""]",[0],True,"valid_first; common_head_max, common_head_weighted_mean, known_overall_then_probability, original_index","[""generation_invalid"", ""tool_execution_failure"", ""unstable"", ""not_new""]",False,support-final-2b6cfd7c97c158c305971c45:d0000015-c0,False,
support-final-2b6cfd7c97c158c305971c45,uq_only_support_aware,Au-K-Tb,3,16,"[""support-final-2b6cfd7c97c158c305971c45:d0000016-c0""]",1,0,,,[true],[true],"[""succeeded""]","[""generate_structures""]",[0],True,"valid_first; common_head_max, common_head_weighted_mean, known_overall_then_probability, original_index","[""generation_invalid"", ""tool_execution_failure"", ""unstable"", ""not_new""]",False,support-final-2b6cfd7c97c158c305971c45:d0000016-c0,False,
support-final-2b6cfd7c97c158c305971c45,uq_only_support_aware,Au-K-Tb,3,17,"[""support-final-2b6cfd7c97c158c305971c45:d0000017-c0""]",1,0,,,[true],[true],"[""succeeded""]","[""select_for_evaluation""]",[0],True,"valid_first; common_head_max, common_head_weighted_mean, known_overall_then_probability, original_index","[""generation_invalid"", ""tool_execution_failure"", ""unstable"", ""not_new""]",False,support-final-2b6cfd7c97c158c305971c45:d0000017-c0,False,
support-final-2b6cfd7c97c158c305971c45,uq_only_support_aware,Au-K-Tb,3,18,"[""support-final-2b6cfd7c97c158c305971c45:d0000018-c0""]",1,0,,,[true],[true],"[""succeeded""]","[""score_buffer""]",[0],True,"valid_first; common_head_max, common_head_weighted_mean, known_overall_then_probability, original_index","[""generation_invalid"", ""tool_execution_failure"", ""unstable"", ""not_new""]",False,support-final-2b6cfd7c97c158c305971c45:d0000018-c0,False,
support-final-2b6cfd7c97c158c305971c45,uq_only_support_aware,Au-K-Tb,3,19,"[""support-final-2b6cfd7c97c158c305971c45:d0000019-c0""]",1,0,,,[true],[true],"[""succeeded""]","[""select_for_evaluation""]",[0],True,"valid_first; common_head_max, common_head_weighted_mean, known_overall_then_probability, original_index","[""generation_invalid"", ""tool_execution_failure"", ""unstable"", ""not_new""]",False,support-final-2b6cfd7c97c158c305971c45:d0000019-c0,False,
support-final-2b6cfd7c97c158c305971c45,uq_only_support_aware,Au-K-Tb,3,20,"[""support-final-2b6cfd7c97c158c305971c45:d0000020-c0""]",1,0,,,[true],[true],"[""succeeded""]","[""score_buffer""]",[0],True,"valid_first; common_head_max, common_head_weighted_mean, known_overall_then_probability, original_index","[""generation_invalid"", ""tool_execution_failure"", ""unstable"", ""not_new""]",False,support-final-2b6cfd7c97c158c305971c45:d0000020-c0,False,
support-final-2b6cfd7c97c158c305971c45,uq_only_support_aware,Au-K-Tb,3,21,"[""support-final-2b6cfd7c97c158c305971c45:d0000021-c0""]",1,0,,,[true],[true],"[""succeeded""]","[""select_for_evaluation""]",[0],True,"valid_first; common_head_max, common_head_weighted_mean, known_overall_then_probability, original_index","[""generation_invalid"", ""tool_execution_failure"", ""unstable"", ""not_new""]",False,support-final-2b6cfd7c97c158c305971c45:d0000021-c0,False,
support-final-3e91e70d18721910fb699c2a,uq_only_support_aware,Au-K-Tb,4,0,"[""support-final-3e91e70d18721910fb699c2a:d0000000-c0""]",1,0,,,[true],[true],"[""unavailable""]","[""generate_structures""]",[0],False,valid_first; original_index_when_any_native_support_unknown,[],False,support-final-3e91e70d18721910fb699c2a:d0000000-c0,False,
support-final-3e91e70d18721910fb699c2a,uq_only_support_aware,Au-K-Tb,4,1,"[""support-final-3e91e70d18721910fb699c2a:d0000001-c0""]",1,0,,,[true],[true],"[""succeeded""]","[""select_for_evaluation""]",[0],True,"valid_first; common_head_max, common_head_weighted_mean, known_overall_then_probability, original_index","[""generation_invalid"", ""tool_execution_failure"", ""unstable"", ""not_new""]",False,support-final-3e91e70d18721910fb699c2a:d0000001-c0,False,
support-final-3e91e70d18721910fb699c2a,uq_only_support_aware,Au-K-Tb,4,2,"[""support-final-3e91e70d18721910fb699c2a:d0000002-c0""]",1,0,,,[true],[true],"[""succeeded""]","[""generate_structures""]",[0],True,"valid_first; common_head_max, common_head_weighted_mean, known_overall_then_probability, original_index","[""generation_invalid"", ""tool_execution_failure"", ""unstable"", ""not_new""]",False,support-final-3e91e70d18721910fb699c2a:d0000002-c0,False,
support-final-3e91e70d18721910fb699c2a,uq_only_support_aware,Au-K-Tb,4,3,"[""support-final-3e91e70d18721910fb699c2a:d0000003-c0""]",1,0,,,[true],[true],"[""succeeded""]","[""select_for_evaluation""]",[0],True,"valid_first; common_head_max, common_head_weighted_mean, known_overall_then_probability, original_index","[""generation_invalid"", ""tool_execution_failure"", ""unstable"", ""not_new""]",False,support-final-3e91e70d18721910fb699c2a:d0000003-c0,False,
support-final-3e91e70d18721910fb699c2a,uq_only_support_aware,Au-K-Tb,4,4,"[""support-final-3e91e70d18721910fb699c2a:d0000004-c0""]",1,0,,,[true],[true],"[""succeeded""]","[""select_for_evaluation""]",[0],True,"valid_first; common_head_max, common_head_weighted_mean, known_overall_then_probability, original_index","[""generation_invalid"", ""tool_execution_failure"", ""unstable"", ""not_new""]",False,support-final-3e91e70d18721910fb699c2a:d0000004-c0,False,
support-final-3e91e70d18721910fb699c2a,uq_only_support_aware,Au-K-Tb,4,5,"[""support-final-3e91e70d18721910fb699c2a:d0000005-c0""]",1,0,,,[true],[true],"[""succeeded""]","[""select_for_evaluation""]",[0],True,"valid_first; common_head_max, common_head_weighted_mean, known_overall_then_probability, original_index","[""generation_invalid"", ""tool_execution_failure"", ""unstable"", ""not_new""]",False,support-final-3e91e70d18721910fb699c2a:d0000005-c0,False,
support-final-3e91e70d18721910fb699c2a,uq_only_support_aware,Au-K-Tb,4,6,"[""support-final-3e91e70d18721910fb699c2a:d0000006-c0""]",1,0,,,[true],[true],"[""succeeded""]","[""generate_structures""]",[0],True,"valid_first; common_head_max, common_head_weighted_mean, known_overall_then_probability, original_index","[""generation_invalid"", ""tool_execution_failure"", ""unstable"", ""not_new""]",False,support-final-3e91e70d18721910fb699c2a:d0000006-c0,False,
support-final-3e91e70d18721910fb699c2a,uq_only_support_aware,Au-K-Tb,4,7,"[""support-final-3e91e70d18721910fb699c2a:d0000007-c0""]",1,0,,,[true],[true],"[""succeeded""]","[""select_for_evaluation""]",[0],True,"valid_first; common_head_max, common_head_weighted_mean, known_overall_then_probability, original_index","[""generation_invalid"", ""tool_execution_failure"", ""unstable"", ""not_new""]",False,support-final-3e91e70d18721910fb699c2a:d0000007-c0,False,
support-final-3e91e70d18721910fb699c2a,uq_only_support_aware,Au-K-Tb,4,8,"[""support-final-3e91e70d18721910fb699c2a:d0000008-c0""]",1,0,,,[true],[true],"[""succeeded""]","[""select_for_evaluation""]",[0],True,"valid_first; common_head_max, common_head_weighted_mean, known_overall_then_probability, original_index","[""generation_invalid"", ""tool_execution_failure"", ""unstable"", ""not_new""]",False,support-final-3e91e70d18721910fb699c2a:d0000008-c0,False,
support-final-3e91e70d18721910fb699c2a,uq_only_support_aware,Au-K-Tb,4,9,"[""support-final-3e91e70d18721910fb699c2a:d0000009-c0""]",1,0,,,[true],[true],"[""succeeded""]","[""select_for_evaluation""]",[0],True,"valid_first; common_head_max, common_head_weighted_mean, known_overall_then_probability, original_index","[""generation_invalid"", ""tool_execution_failure"", ""unstable"", ""not_new""]",False,support-final-3e91e70d18721910fb699c2a:d0000009-c0,False,
support-final-3e91e70d18721910fb699c2a,uq_only_support_aware,Au-K-Tb,4,10,"[""support-final-3e91e70d18721910fb699c2a:d0000010-c0""]",1,0,,,[true],[true],"[""succeeded""]","[""select_for_evaluation""]",[0],True,"valid_first; common_head_max, common_head_weighted_mean, known_overall_then_probability, original_index","[""generation_invalid"", ""tool_execution_failure"", ""unstable"", ""not_new""]",False,support-final-3e91e70d18721910fb699c2a:d0000010-c0,False,
support-final-3e91e70d18721910fb699c2a,uq_only_support_aware,Au-K-Tb,4,11,"[""support-final-3e91e70d18721910fb699c2a:d0000011-c0""]",1,0,,,[true],[true],"[""succeeded""]","[""select_for_evaluation""]",[0],True,"valid_first; common_head_max, common_head_weighted_mean, known_overall_then_probability, original_index","[""generation_invalid"", ""tool_execution_failure"", ""unstable"", ""not_new""]",False,support-final-3e91e70d18721910fb699c2a:d0000011-c0,False,
support-final-3e91e70d18721910fb699c2a,uq_only_support_aware,Au-K-Tb,4,12,"[""support-final-3e91e70d18721910fb699c2a:d0000012-c0""]",1,0,,,[true],[true],"[""succeeded""]","[""select_for_evaluation""]",[0],True,"valid_first; common_head_max, common_head_weighted_mean, known_overall_then_probability, original_index","[""generation_invalid"", ""tool_execution_failure"", ""unstable"", ""not_new""]",False,support-final-3e91e70d18721910fb699c2a:d0000012-c0,False,
support-final-5eccea7f5a24da2f5b31b4ab,uq_only_support_aware,Co-Dy-W,2,0,"[""support-final-5eccea7f5a24da2f5b31b4ab:d0000000-c0"", ""support-final-5eccea7f5a24da2f5b31b4ab:d0000000-c1""]",2,1,generation_invalid,local_schema_validation,"[false, true]","[false, true]","[""unavailable"", ""unavailable""]","[null, ""get_buffer_stats""]",[1],False,valid_first; original_index_when_any_native_support_unknown,[],False,support-final-5eccea7f5a24da2f5b31b4ab:d0000000-c1,True,"{""instruction"": ""Repair the JSON/tool/arguments schema. Return one allowed tool with only its documented arguments; do not invent results. Use only the existing retry and tool/query limits."", ""not_a_measured_scientific_result"": true, ""predicted_failure_type"": ""generation_invalid"", ""source"": ""current_candidate_predictions_or_visible_schema_issue"", ""suggested_legal_tool"": {""arguments"": {}, ""tool"": ""get_buffer_stats""}}"
support-final-5eccea7f5a24da2f5b31b4ab,uq_only_support_aware,Co-Dy-W,2,1,"[""support-final-5eccea7f5a24da2f5b31b4ab:d0000001-c0""]",1,0,,,[true],[true],"[""succeeded""]","[""generate_structures""]",[0],True,"valid_first; common_head_max, common_head_weighted_mean, known_overall_then_probability, original_index","[""generation_invalid"", ""tool_execution_failure"", ""unstable"", ""not_new""]",False,support-final-5eccea7f5a24da2f5b31b4ab:d0000001-c0,False,
support-final-5eccea7f5a24da2f5b31b4ab,uq_only_support_aware,Co-Dy-W,2,2,"[""support-final-5eccea7f5a24da2f5b31b4ab:d0000002-c0""]",1,0,,,[true],[true],"[""succeeded""]","[""select_for_evaluation""]",[0],True,"valid_first; common_head_max, common_head_weighted_mean, known_overall_then_probability, original_index","[""generation_invalid"", ""tool_execution_failure"", ""unstable"", ""not_new""]",False,support-final-5eccea7f5a24da2f5b31b4ab:d0000002-c0,False,
support-final-5eccea7f5a24da2f5b31b4ab,uq_only_support_aware,Co-Dy-W,2,3,"[""support-final-5eccea7f5a24da2f5b31b4ab:d0000003-c0""]",1,0,,,[true],[true],"[""succeeded""]","[""select_for_evaluation""]",[0],True,"valid_first; common_head_max, common_head_weighted_mean, known_overall_then_probability, original_index","[""generation_invalid"", ""tool_execution_failure"", ""unstable"", ""not_new""]",False,support-final-5eccea7f5a24da2f5b31b4ab:d0000003-c0,False,
support-final-5eccea7f5a24da2f5b31b4ab,uq_only_support_aware,Co-Dy-W,2,4,"[""support-final-5eccea7f5a24da2f5b31b4ab:d0000004-c0""]",1,0,,,[true],[true],"[""succeeded""]","[""select_for_evaluation""]",[0],True,"valid_first; common_head_max, common_head_weighted_mean, known_overall_then_probability, original_index","[""generation_invalid"", ""tool_execution_failure"", ""unstable"", ""not_new""]",False,support-final-5eccea7f5a24da2f5b31b4ab:d0000004-c0,False,
support-final-5eccea7f5a24da2f5b31b4ab,uq_only_support_aware,Co-Dy-W,2,5,"[""support-final-5eccea7f5a24da2f5b31b4ab:d0000005-c0""]",1,0,,,[true],[true],"[""succeeded""]","[""select_for_evaluation""]",[0],True,"valid_first; common_head_max, common_head_weighted_mean, known_overall_then_probability, original_index","[""generation_invalid"", ""tool_execution_failure"", ""unstable"", ""not_new""]",False,support-final-5eccea7f5a24da2f5b31b4ab:d0000005-c0,False,
support-final-5eccea7f5a24da2f5b31b4ab,uq_only_support_aware,Co-Dy-W,2,6,"[""support-final-5eccea7f5a24da2f5b31b4ab:d0000006-c0""]",1,0,,,[true],[true],"[""succeeded""]","[""generate_structures""]",[0],True,"valid_first; common_head_max, common_head_weighted_mean, known_overall_then_probability, original_index","[""generation_invalid"", ""tool_execution_failure"", ""unstable"", ""not_new""]",False,support-final-5eccea7f5a24da2f5b31b4ab:d0000006-c0,False,
support-final-5eccea7f5a24da2f5b31b4ab,uq_only_support_aware,Co-Dy-W,2,7,"[""support-final-5eccea7f5a24da2f5b31b4ab:d0000007-c0""]",1,0,,,[true],[true],"[""succeeded""]","[""generate_structures""]",[0],True,"valid_first; common_head_max, common_head_weighted_mean, known_overall_then_probability, original_index","[""generation_invalid"", ""tool_execution_failure"", ""unstable"", ""not_new""]",False,support-final-5eccea7f5a24da2f5b31b4ab:d0000007-c0,False,
support-final-5eccea7f5a24da2f5b31b4ab,uq_only_support_aware,Co-Dy-W,2,8,"[""support-final-5eccea7f5a24da2f5b31b4ab:d0000008-c0""]",1,0,,,[true],[true],"[""succeeded""]","[""score_buffer""]",[0],True,"valid_first; common_head_max, common_head_weighted_mean, known_overall_then_probability, original_index","[""generation_invalid"", ""tool_execution_failure"", ""unstable"", ""not_new""]",False,support-final-5eccea7f5a24da2f5b31b4ab:d0000008-c0,False,
support-final-5eccea7f5a24da2f5b31b4ab,uq_only_support_aware,Co-Dy-W,2,9,"[""support-final-5eccea7f5a24da2f5b31b4ab:d0000009-c0""]",1,0,,,[true],[true],"[""succeeded""]","[""select_for_evaluation""]",[0],True,"valid_first; common_head_max, common_head_weighted_mean, known_overall_then_probability, original_index","[""generation_invalid"", ""tool_execution_failure"", ""unstable"", ""not_new""]",False,support-final-5eccea7f5a24da2f5b31b4ab:d0000009-c0,False,
support-final-5eccea7f5a24da2f5b31b4ab,uq_only_support_aware,Co-Dy-W,2,10,"[""support-final-5eccea7f5a24da2f5b31b4ab:d0000010-c0""]",1,0,,,[true],[true],"[""succeeded""]","[""generate_structures""]",[0],True,"valid_first; common_head_max, common_head_weighted_mean, known_overall_then_probability, original_index","[""generation_invalid"", ""tool_execution_failure"", ""unstable"", ""not_new""]",False,support-final-5eccea7f5a24da2f5b31b4ab:d0000010-c0,False,
support-final-5eccea7f5a24da2f5b31b4ab,uq_only_support_aware,Co-Dy-W,2,11,"[""support-final-5eccea7f5a24da2f5b31b4ab:d0000011-c0""]",1,0,,,[true],[true],"[""succeeded""]","[""generate_structures""]",[0],True,"valid_first; common_head_max, common_head_weighted_mean, known_overall_then_probability, original_index","[""generation_invalid"", ""tool_execution_failure"", ""unstable"", ""not_new""]",False,support-final-5eccea7f5a24da2f5b31b4ab:d0000011-c0,False,
support-final-5eccea7f5a24da2f5b31b4ab,uq_only_support_aware,Co-Dy-W,2,12,"[""support-final-5eccea7f5a24da2f5b31b4ab:d0000012-c0""]",1,0,,,[true],[true],"[""succeeded""]","[""select_for_evaluation""]",[0],True,"valid_first; common_head_max, common_head_weighted_mean, known_overall_then_probability, original_index","[""generation_invalid"", ""tool_execution_failure"", ""unstable"", ""not_new""]",False,support-final-5eccea7f5a24da2f5b31b4ab:d0000012-c0,False,
support-final-5eccea7f5a24da2f5b31b4ab,uq_only_support_aware,Co-Dy-W,2,13,"[""support-final-5eccea7f5a24da2f5b31b4ab:d0000013-c0""]",1,0,,,[true],[true],"[""succeeded""]","[""generate_structures""]",[0],True,"valid_first; common_head_max, common_head_weighted_mean, known_overall_then_probability, original_index","[""generation_invalid"", ""tool_execution_failure"", ""unstable"", ""not_new""]",False,support-final-5eccea7f5a24da2f5b31b4ab:d0000013-c0,False,
support-final-5eccea7f5a24da2f5b31b4ab,uq_only_support_aware,Co-Dy-W,2,14,"[""support-final-5eccea7f5a24da2f5b31b4ab:d0000014-c0""]",1,0,,,[true],[true],"[""succeeded""]","[""select_for_evaluation""]",[0],True,"valid_first; common_head_max, common_head_weighted_mean, known_overall_then_probability, original_index","[""generation_invalid"", ""tool_execution_failure"", ""unstable"", ""not_new""]",False,support-final-5eccea7f5a24da2f5b31b4ab:d0000014-c0,False,
support-final-5eccea7f5a24da2f5b31b4ab,uq_only_support_aware,Co-Dy-W,2,15,"[""support-final-5eccea7f5a24da2f5b31b4ab:d0000015-c0""]",1,0,,,[true],[true],"[""succeeded""]","[""select_for_evaluation""]",[0],True,"valid_first; common_head_max, common_head_weighted_mean, known_overall_then_probability, original_index","[""generation_invalid"", ""tool_execution_failure"", ""unstable"", ""not_new""]",False,support-final-5eccea7f5a24da2f5b31b4ab:d0000015-c0,False,
support-final-5eccea7f5a24da2f5b31b4ab,uq_only_support_aware,Co-Dy-W,2,16,"[""support-final-5eccea7f5a24da2f5b31b4ab:d0000016-c0""]",1,0,,,[true],[true],"[""succeeded""]","[""select_for_evaluation""]",[0],True,"valid_first; common_head_max, common_head_weighted_mean, known_overall_then_probability, original_index","[""generation_invalid"", ""tool_execution_failure"", ""unstable"", ""not_new""]",False,support-final-5eccea7f5a24da2f5b31b4ab:d0000016-c0,False,
support-final-5eccea7f5a24da2f5b31b4ab,uq_only_support_aware,Co-Dy-W,2,17,"[""support-final-5eccea7f5a24da2f5b31b4ab:d0000017-c0""]",1,0,,,[true],[true],"[""succeeded""]","[""score_buffer""]",[0],True,"valid_first; common_head_max, common_head_weighted_mean, known_overall_then_probability, original_index","[""generation_invalid"", ""tool_execution_failure"", ""unstable"", ""not_new""]",False,support-final-5eccea7f5a24da2f5b31b4ab:d0000017-c0,False,
support-final-5eccea7f5a24da2f5b31b4ab,uq_only_support_aware,Co-Dy-W,2,18,"[""support-final-5eccea7f5a24da2f5b31b4ab:d0000018-c0"", ""support-final-5eccea7f5a24da2f5b31b4ab:d0000018-c1""]",2,1,generation_invalid,local_schema_validation,"[true, true]","[false, true]","[""succeeded"", ""succeeded""]","[""select_for_evaluation"", ""query_structures""]",[1],True,"valid_first; common_head_max, common_head_weighted_mean, known_overall_then_probability, original_index","[""generation_invalid"", ""tool_execution_failure"", ""unstable"", ""not_new""]",False,support-final-5eccea7f5a24da2f5b31b4ab:d0000018-c1,True,"{""instruction"": ""Repair the JSON/tool/arguments schema. Return one allowed tool with only its documented arguments; do not invent results. Use only the existing retry and tool/query limits."", ""not_a_measured_scientific_result"": true, ""predicted_failure_type"": ""generation_invalid"", ""source"": ""current_candidate_predictions_or_visible_schema_issue"", ""suggested_legal_tool"": {""arguments"": {""composition"": ""Co3W4"", ""k"": 5, ""mode"": ""all""}, ""tool"": ""query_structures""}}"
support-final-5eccea7f5a24da2f5b31b4ab,uq_only_support_aware,Co-Dy-W,2,19,"[""support-final-5eccea7f5a24da2f5b31b4ab:d0000019-c0""]",1,0,,,[true],[true],"[""succeeded""]","[""select_for_evaluation""]",[0],True,"valid_first; common_head_max, common_head_weighted_mean, known_overall_then_probability, original_index","[""generation_invalid"", ""tool_execution_failure"", ""unstable"", ""not_new""]",False,support-final-5eccea7f5a24da2f5b31b4ab:d0000019-c0,False,
support-final-97076161f2eb1dff20b02ffe,uq_only_support_aware,Co-Dy-W,3,0,"[""support-final-97076161f2eb1dff20b02ffe:d0000000-c0"", ""support-final-97076161f2eb1dff20b02ffe:d0000000-c1""]",2,1,generation_invalid,local_schema_validation,"[false, true]","[false, true]","[""unavailable"", ""unavailable""]","[null, ""get_buffer_stats""]",[1],False,valid_first; original_index_when_any_native_support_unknown,[],False,support-final-97076161f2eb1dff20b02ffe:d0000000-c1,True,"{""instruction"": ""Repair the JSON/tool/arguments schema. Return one allowed tool with only its documented arguments; do not invent results. Use only the existing retry and tool/query limits."", ""not_a_measured_scientific_result"": true, ""predicted_failure_type"": ""generation_invalid"", ""source"": ""current_candidate_predictions_or_visible_schema_issue"", ""suggested_legal_tool"": {""arguments"": {}, ""tool"": ""get_buffer_stats""}}"
support-final-97076161f2eb1dff20b02ffe,uq_only_support_aware,Co-Dy-W,3,1,"[""support-final-97076161f2eb1dff20b02ffe:d0000001-c0""]",1,0,,,[true],[true],"[""succeeded""]","[""generate_structures""]",[0],True,"valid_first; common_head_max, common_head_weighted_mean, known_overall_then_probability, original_index","[""generation_invalid"", ""tool_execution_failure"", ""unstable"", ""not_new""]",False,support-final-97076161f2eb1dff20b02ffe:d0000001-c0,False,
support-final-97076161f2eb1dff20b02ffe,uq_only_support_aware,Co-Dy-W,3,2,"[""support-final-97076161f2eb1dff20b02ffe:d0000002-c0"", ""support-final-97076161f2eb1dff20b02ffe:d0000002-c1""]",2,1,generation_invalid,local_schema_validation,"[true, true]","[false, true]","[""succeeded"", ""succeeded""]","[""select_for_evaluation"", ""query_structures""]",[1],True,"valid_first; common_head_max, common_head_weighted_mean, known_overall_then_probability, original_index","[""generation_invalid"", ""tool_execution_failure"", ""unstable"", ""not_new""]",False,support-final-97076161f2eb1dff20b02ffe:d0000002-c1,True,"{""instruction"": ""Repair the JSON/tool/arguments schema. Return one allowed tool with only its documented arguments; do not invent results. Use only the existing retry and tool/query limits."", ""not_a_measured_scientific_result"": true, ""predicted_failure_type"": ""generation_invalid"", ""source"": ""current_candidate_predictions_or_visible_schema_issue"", ""suggested_legal_tool"": {""arguments"": {""composition"": ""Dy(CoW)2"", ""k"": 5, ""mode"": ""all""}, ""tool"": ""query_structures""}}"
support-final-97076161f2eb1dff20b02ffe,uq_only_support_aware,Co-Dy-W,3,3,"[""support-final-97076161f2eb1dff20b02ffe:d0000003-c0""]",1,0,,,[true],[true],"[""unavailable""]","[""select_for_evaluation""]",[0],False,valid_first; original_index_when_any_native_support_unknown,[],False,support-final-97076161f2eb1dff20b02ffe:d0000003-c0,False,
support-final-97076161f2eb1dff20b02ffe,uq_only_support_aware,Co-Dy-W,3,4,"[""support-final-97076161f2eb1dff20b02ffe:d0000004-c0""]",1,0,,,[true],[true],"[""succeeded""]","[""select_for_evaluation""]",[0],True,"valid_first; common_head_max, common_head_weighted_mean, known_overall_then_probability, original_index","[""generation_invalid"", ""tool_execution_failure"", ""unstable"", ""not_new""]",False,support-final-97076161f2eb1dff20b02ffe:d0000004-c0,False,
support-final-97076161f2eb1dff20b02ffe,uq_only_support_aware,Co-Dy-W,3,5,"[""support-final-97076161f2eb1dff20b02ffe:d0000005-c0""]",1,0,,,[true],[true],"[""succeeded""]","[""select_for_evaluation""]",[0],True,"valid_first; common_head_max, common_head_weighted_mean, known_overall_then_probability, original_index","[""generation_invalid"", ""tool_execution_failure"", ""unstable"", ""not_new""]",False,support-final-97076161f2eb1dff20b02ffe:d0000005-c0,False,
support-final-97076161f2eb1dff20b02ffe,uq_only_support_aware,Co-Dy-W,3,6,"[""support-final-97076161f2eb1dff20b02ffe:d0000006-c0""]",1,0,,,[true],[true],"[""succeeded""]","[""generate_structures""]",[0],True,"valid_first; common_head_max, common_head_weighted_mean, known_overall_then_probability, original_index","[""generation_invalid"", ""tool_execution_failure"", ""unstable"", ""not_new""]",False,support-final-97076161f2eb1dff20b02ffe:d0000006-c0,False,
support-final-97076161f2eb1dff20b02ffe,uq_only_support_aware,Co-Dy-W,3,7,"[""support-final-97076161f2eb1dff20b02ffe:d0000007-c0""]",1,0,,,[true],[true],"[""succeeded""]","[""select_for_evaluation""]",[0],True,"valid_first; common_head_max, common_head_weighted_mean, known_overall_then_probability, original_index","[""generation_invalid"", ""tool_execution_failure"", ""unstable"", ""not_new""]",False,support-final-97076161f2eb1dff20b02ffe:d0000007-c0,False,
support-final-97076161f2eb1dff20b02ffe,uq_only_support_aware,Co-Dy-W,3,8,"[""support-final-97076161f2eb1dff20b02ffe:d0000008-c0""]",1,0,,,[true],[true],"[""succeeded""]","[""generate_structures""]",[0],True,"valid_first; common_head_max, common_head_weighted_mean, known_overall_then_probability, original_index","[""generation_invalid"", ""tool_execution_failure"", ""unstable"", ""not_new""]",False,support-final-97076161f2eb1dff20b02ffe:d0000008-c0,False,
support-final-97076161f2eb1dff20b02ffe,uq_only_support_aware,Co-Dy-W,3,9,"[""support-final-97076161f2eb1dff20b02ffe:d0000009-c0""]",1,0,,,[true],[true],"[""succeeded""]","[""select_for_evaluation""]",[0],True,"valid_first; common_head_max, common_head_weighted_mean, known_overall_then_probability, original_index","[""generation_invalid"", ""tool_execution_failure"", ""unstable"", ""not_new""]",False,support-final-97076161f2eb1dff20b02ffe:d0000009-c0,False,
support-final-97076161f2eb1dff20b02ffe,uq_only_support_aware,Co-Dy-W,3,10,"[""support-final-97076161f2eb1dff20b02ffe:d0000010-c0""]",1,0,,,[true],[true],"[""succeeded""]","[""generate_structures""]",[0],True,"valid_first; common_head_max, common_head_weighted_mean, known_overall_then_probability, original_index","[""generation_invalid"", ""tool_execution_failure"", ""unstable"", ""not_new""]",False,support-final-97076161f2eb1dff20b02ffe:d0000010-c0,False,
support-final-97076161f2eb1dff20b02ffe,uq_only_support_aware,Co-Dy-W,3,11,"[""support-final-97076161f2eb1dff20b02ffe:d0000011-c0""]",1,0,,,[true],[true],"[""succeeded""]","[""score_buffer""]",[0],True,"valid_first; common_head_max, common_head_weighted_mean, known_overall_then_probability, original_index","[""generation_invalid"", ""tool_execution_failure"", ""unstable"", ""not_new""]",False,support-final-97076161f2eb1dff20b02ffe:d0000011-c0,False,
support-final-97076161f2eb1dff20b02ffe,uq_only_support_aware,Co-Dy-W,3,12,"[""support-final-97076161f2eb1dff20b02ffe:d0000012-c0"", ""support-final-97076161f2eb1dff20b02ffe:d0000012-c1""]",2,1,generation_invalid,local_schema_validation,"[true, true]","[false, true]","[""succeeded"", ""succeeded""]","[""select_for_evaluation"", ""query_structures""]",[1],True,"valid_first; common_head_max, common_head_weighted_mean, known_overall_then_probability, original_index","[""generation_invalid"", ""tool_execution_failure"", ""unstable"", ""not_new""]",False,support-final-97076161f2eb1dff20b02ffe:d0000012-c1,True,"{""instruction"": ""Repair the JSON/tool/arguments schema. Return one allowed tool with only its documented arguments; do not invent results. Use only the existing retry and tool/query limits."", ""not_a_measured_scientific_result"": true, ""predicted_failure_type"": ""generation_invalid"", ""source"": ""current_candidate_predictions_or_visible_schema_issue"", ""suggested_legal_tool"": {""arguments"": {""composition"": ""Dy2CoW2"", ""k"": 5, ""mode"": ""all""}, ""tool"": ""query_structures""}}"
support-final-97076161f2eb1dff20b02ffe,uq_only_support_aware,Co-Dy-W,3,13,"[""support-final-97076161f2eb1dff20b02ffe:d0000013-c0""]",1,0,,,[true],[true],"[""succeeded""]","[""select_for_evaluation""]",[0],True,"valid_first; common_head_max, common_head_weighted_mean, known_overall_then_probability, original_index","[""generation_invalid"", ""tool_execution_failure"", ""unstable"", ""not_new""]",False,support-final-97076161f2eb1dff20b02ffe:d0000013-c0,False,
support-final-97076161f2eb1dff20b02ffe,uq_only_support_aware,Co-Dy-W,3,14,"[""support-final-97076161f2eb1dff20b02ffe:d0000014-c0""]",1,0,,,[true],[true],"[""succeeded""]","[""generate_structures""]",[0],True,"valid_first; common_head_max, common_head_weighted_mean, known_overall_then_probability, original_index","[""generation_invalid"", ""tool_execution_failure"", ""unstable"", ""not_new""]",False,support-final-97076161f2eb1dff20b02ffe:d0000014-c0,False,
support-final-97076161f2eb1dff20b02ffe,uq_only_support_aware,Co-Dy-W,3,15,"[""support-final-97076161f2eb1dff20b02ffe:d0000015-c0""]",1,0,,,[true],[true],"[""succeeded""]","[""select_for_evaluation""]",[0],True,"valid_first; common_head_max, common_head_weighted_mean, known_overall_then_probability, original_index","[""generation_invalid"", ""tool_execution_failure"", ""unstable"", ""not_new""]",False,support-final-97076161f2eb1dff20b02ffe:d0000015-c0,False,
support-final-97076161f2eb1dff20b02ffe,uq_only_support_aware,Co-Dy-W,3,16,"[""support-final-97076161f2eb1dff20b02ffe:d0000016-c0""]",1,0,,,[true],[true],"[""succeeded""]","[""generate_structures""]",[0],True,"valid_first; common_head_max, common_head_weighted_mean, known_overall_then_probability, original_index","[""generation_invalid"", ""tool_execution_failure"", ""unstable"", ""not_new""]",False,support-final-97076161f2eb1dff20b02ffe:d0000016-c0,False,
support-final-97076161f2eb1dff20b02ffe,uq_only_support_aware,Co-Dy-W,3,17,"[""support-final-97076161f2eb1dff20b02ffe:d0000017-c0""]",1,0,,,[true],[true],"[""succeeded""]","[""select_for_evaluation""]",[0],True,"valid_first; common_head_max, common_head_weighted_mean, known_overall_then_probability, original_index","[""generation_invalid"", ""tool_execution_failure"", ""unstable"", ""not_new""]",False,support-final-97076161f2eb1dff20b02ffe:d0000017-c0,False,
support-final-97076161f2eb1dff20b02ffe,uq_only_support_aware,Co-Dy-W,3,18,"[""support-final-97076161f2eb1dff20b02ffe:d0000018-c0""]",1,0,,,[true],[true],"[""succeeded""]","[""score_buffer""]",[0],True,"valid_first; common_head_max, common_head_weighted_mean, known_overall_then_probability, original_index","[""generation_invalid"", ""tool_execution_failure"", ""unstable"", ""not_new""]",False,support-final-97076161f2eb1dff20b02ffe:d0000018-c0,False,
support-final-97076161f2eb1dff20b02ffe,uq_only_support_aware,Co-Dy-W,3,19,"[""support-final-97076161f2eb1dff20b02ffe:d0000019-c0""]",1,0,,,[true],[true],"[""succeeded""]","[""select_for_evaluation""]",[0],True,"valid_first; common_head_max, common_head_weighted_mean, known_overall_then_probability, original_index","[""generation_invalid"", ""tool_execution_failure"", ""unstable"", ""not_new""]",False,support-final-97076161f2eb1dff20b02ffe:d0000019-c0,False,
support-final-97076161f2eb1dff20b02ffe,uq_only_support_aware,Co-Dy-W,3,20,"[""support-final-97076161f2eb1dff20b02ffe:d0000020-c0""]",1,0,,,[true],[true],"[""succeeded""]","[""score_buffer""]",[0],True,"valid_first; common_head_max, common_head_weighted_mean, known_overall_then_probability, original_index","[""generation_invalid"", ""tool_execution_failure"", ""unstable"", ""not_new""]",False,support-final-97076161f2eb1dff20b02ffe:d0000020-c0,False,
support-final-97076161f2eb1dff20b02ffe,uq_only_support_aware,Co-Dy-W,3,21,"[""support-final-97076161f2eb1dff20b02ffe:d0000021-c0""]",1,0,,,[true],[true],"[""succeeded""]","[""select_for_evaluation""]",[0],True,"valid_first; common_head_max, common_head_weighted_mean, known_overall_then_probability, original_index","[""generation_invalid"", ""tool_execution_failure"", ""unstable"", ""not_new""]",False,support-final-97076161f2eb1dff20b02ffe:d0000021-c0,False,
support-final-97076161f2eb1dff20b02ffe,uq_only_support_aware,Co-Dy-W,3,22,"[""support-final-97076161f2eb1dff20b02ffe:d0000022-c0""]",1,0,,,[true],[true],"[""succeeded""]","[""generate_structures""]",[0],True,"valid_first; common_head_max, common_head_weighted_mean, known_overall_then_probability, original_index","[""generation_invalid"", ""tool_execution_failure"", ""unstable"", ""not_new""]",False,support-final-97076161f2eb1dff20b02ffe:d0000022-c0,False,
support-final-97076161f2eb1dff20b02ffe,uq_only_support_aware,Co-Dy-W,3,23,"[""support-final-97076161f2eb1dff20b02ffe:d0000023-c0""]",1,0,,,[true],[true],"[""succeeded""]","[""generate_structures""]",[0],True,"valid_first; common_head_max, common_head_weighted_mean, known_overall_then_probability, original_index","[""generation_invalid"", ""tool_execution_failure"", ""unstable"", ""not_new""]",False,support-final-97076161f2eb1dff20b02ffe:d0000023-c0,False,
support-final-97076161f2eb1dff20b02ffe,uq_only_support_aware,Co-Dy-W,3,24,"[""support-final-97076161f2eb1dff20b02ffe:d0000024-c0""]",1,0,,,[true],[true],"[""succeeded""]","[""select_for_evaluation""]",[0],True,"valid_first; common_head_max, common_head_weighted_mean, known_overall_then_probability, original_index","[""generation_invalid"", ""tool_execution_failure"", ""unstable"", ""not_new""]",False,support-final-97076161f2eb1dff20b02ffe:d0000024-c0,False,
support-final-c16688941b047acff551e984,uq_only_support_aware,Co-Dy-W,4,0,"[""support-final-c16688941b047acff551e984:d0000000-c0"", ""support-final-c16688941b047acff551e984:d0000000-c1""]",2,1,generation_invalid,local_schema_validation,"[false, true]","[false, true]","[""unavailable"", ""unavailable""]","[null, ""get_buffer_stats""]",[1],False,valid_first; original_index_when_any_native_support_unknown,[],False,support-final-c16688941b047acff551e984:d0000000-c1,True,"{""instruction"": ""Repair the JSON/tool/arguments schema. Return one allowed tool with only its documented arguments; do not invent results. Use only the existing retry and tool/query limits."", ""not_a_measured_scientific_result"": true, ""predicted_failure_type"": ""generation_invalid"", ""source"": ""current_candidate_predictions_or_visible_schema_issue"", ""suggested_legal_tool"": {""arguments"": {}, ""tool"": ""get_buffer_stats""}}"
support-final-c16688941b047acff551e984,uq_only_support_aware,Co-Dy-W,4,1,"[""support-final-c16688941b047acff551e984:d0000001-c0""]",1,0,,,[true],[true],"[""succeeded""]","[""generate_structures""]",[0],True,"valid_first; common_head_max, common_head_weighted_mean, known_overall_then_probability, original_index","[""generation_invalid"", ""tool_execution_failure"", ""unstable"", ""not_new""]",False,support-final-c16688941b047acff551e984:d0000001-c0,False,
support-final-c16688941b047acff551e984,uq_only_support_aware,Co-Dy-W,4,2,"[""support-final-c16688941b047acff551e984:d0000002-c0"", ""support-final-c16688941b047acff551e984:d0000002-c1""]",2,1,generation_invalid,local_schema_validation,"[true, true]","[false, true]","[""succeeded"", ""succeeded""]","[""select_for_evaluation"", ""select_for_evaluation""]",[1],True,"valid_first; common_head_max, common_head_weighted_mean, known_overall_then_probability, original_index","[""generation_invalid"", ""tool_execution_failure"", ""unstable"", ""not_new""]",False,support-final-c16688941b047acff551e984:d0000002-c1,True,"{""instruction"": ""Repair the JSON/tool/arguments schema. Return one allowed tool with only its documented arguments; do not invent results. Use only the existing retry and tool/query limits."", ""not_a_measured_scientific_result"": true, ""predicted_failure_type"": ""generation_invalid"", ""source"": ""current_candidate_predictions_or_visible_schema_issue"", ""suggested_legal_tool"": {""arguments"": {""composition"": ""Dy2CoW"", ""k"": 5, ""mode"": ""all""}, ""tool"": ""query_structures""}}"
support-final-c16688941b047acff551e984,uq_only_support_aware,Co-Dy-W,4,3,"[""support-final-c16688941b047acff551e984:d0000003-c0""]",1,0,,,[true],[true],"[""succeeded""]","[""select_for_evaluation""]",[0],True,"valid_first; common_head_max, common_head_weighted_mean, known_overall_then_probability, original_index","[""generation_invalid"", ""tool_execution_failure"", ""unstable"", ""not_new""]",False,support-final-c16688941b047acff551e984:d0000003-c0,False,
support-final-c16688941b047acff551e984,uq_only_support_aware,Co-Dy-W,4,4,"[""support-final-c16688941b047acff551e984:d0000004-c0""]",1,0,,,[true],[true],"[""succeeded""]","[""generate_structures""]",[0],True,"valid_first; common_head_max, common_head_weighted_mean, known_overall_then_probability, original_index","[""generation_invalid"", ""tool_execution_failure"", ""unstable"", ""not_new""]",False,support-final-c16688941b047acff551e984:d0000004-c0,False,
support-final-c16688941b047acff551e984,uq_only_support_aware,Co-Dy-W,4,5,"[""support-final-c16688941b047acff551e984:d0000005-c0""]",1,0,,,[true],[true],"[""succeeded""]","[""generate_structures""]",[0],True,"valid_first; common_head_max, common_head_weighted_mean, known_overall_then_probability, original_index","[""generation_invalid"", ""tool_execution_failure"", ""unstable"", ""not_new""]",False,support-final-c16688941b047acff551e984:d0000005-c0,False,
support-final-c16688941b047acff551e984,uq_only_support_aware,Co-Dy-W,4,6,"[""support-final-c16688941b047acff551e984:d0000006-c0""]",1,0,,,[true],[true],"[""succeeded""]","[""generate_structures""]",[0],True,"valid_first; common_head_max, common_head_weighted_mean, known_overall_then_probability, original_index","[""generation_invalid"", ""tool_execution_failure"", ""unstable"", ""not_new""]",False,support-final-c16688941b047acff551e984:d0000006-c0,False,
support-final-c16688941b047acff551e984,uq_only_support_aware,Co-Dy-W,4,7,"[""support-final-c16688941b047acff551e984:d0000007-c0""]",1,0,,,[true],[true],"[""succeeded""]","[""select_for_evaluation""]",[0],True,"valid_first; common_head_max, common_head_weighted_mean, known_overall_then_probability, original_index","[""generation_invalid"", ""tool_execution_failure"", ""unstable"", ""not_new""]",False,support-final-c16688941b047acff551e984:d0000007-c0,False,
support-final-c16688941b047acff551e984,uq_only_support_aware,Co-Dy-W,4,8,"[""support-final-c16688941b047acff551e984:d0000008-c0""]",1,0,,,[true],[true],"[""succeeded""]","[""select_for_evaluation""]",[0],True,"valid_first; common_head_max, common_head_weighted_mean, known_overall_then_probability, original_index","[""generation_invalid"", ""tool_execution_failure"", ""unstable"", ""not_new""]",False,support-final-c16688941b047acff551e984:d0000008-c0,False,
support-final-c16688941b047acff551e984,uq_only_support_aware,Co-Dy-W,4,9,"[""support-final-c16688941b047acff551e984:d0000009-c0""]",1,0,,,[true],[true],"[""succeeded""]","[""select_for_evaluation""]",[0],True,"valid_first; common_head_max, common_head_weighted_mean, known_overall_then_probability, original_index","[""generation_invalid"", ""tool_execution_failure"", ""unstable"", ""not_new""]",False,support-final-c16688941b047acff551e984:d0000009-c0,False,
support-final-c16688941b047acff551e984,uq_only_support_aware,Co-Dy-W,4,10,"[""support-final-c16688941b047acff551e984:d0000010-c0""]",1,0,,,[true],[true],"[""succeeded""]","[""generate_structures""]",[0],True,"valid_first; common_head_max, common_head_weighted_mean, known_overall_then_probability, original_index","[""generation_invalid"", ""tool_execution_failure"", ""unstable"", ""not_new""]",False,support-final-c16688941b047acff551e984:d0000010-c0,False,
support-final-c16688941b047acff551e984,uq_only_support_aware,Co-Dy-W,4,11,"[""support-final-c16688941b047acff551e984:d0000011-c0""]",1,0,,,[true],[true],"[""succeeded""]","[""select_for_evaluation""]",[0],True,"valid_first; common_head_max, common_head_weighted_mean, known_overall_then_probability, original_index","[""generation_invalid"", ""tool_execution_failure"", ""unstable"", ""not_new""]",False,support-final-c16688941b047acff551e984:d0000011-c0,False,
support-final-c16688941b047acff551e984,uq_only_support_aware,Co-Dy-W,4,12,"[""support-final-c16688941b047acff551e984:d0000012-c0""]",1,0,,,[true],[true],"[""succeeded""]","[""select_for_evaluation""]",[0],True,"valid_first; common_head_max, common_head_weighted_mean, known_overall_then_probability, original_index","[""generation_invalid"", ""tool_execution_failure"", ""unstable"", ""not_new""]",False,support-final-c16688941b047acff551e984:d0000012-c0,False,
support-final-c16688941b047acff551e984,uq_only_support_aware,Co-Dy-W,4,13,"[""support-final-c16688941b047acff551e984:d0000013-c0""]",1,0,,,[true],[true],"[""succeeded""]","[""select_for_evaluation""]",[0],True,"valid_first; common_head_max, common_head_weighted_mean, known_overall_then_probability, original_index","[""generation_invalid"", ""tool_execution_failure"", ""unstable"", ""not_new""]",False,support-final-c16688941b047acff551e984:d0000013-c0,False,
support-final-c16688941b047acff551e984,uq_only_support_aware,Co-Dy-W,4,14,"[""support-final-c16688941b047acff551e984:d0000014-c0""]",1,0,,,[true],[true],"[""succeeded""]","[""generate_structures""]",[0],True,"valid_first; common_head_max, common_head_weighted_mean, known_overall_then_probability, original_index","[""generation_invalid"", ""tool_execution_failure"", ""unstable"", ""not_new""]",False,support-final-c16688941b047acff551e984:d0000014-c0,False,
support-final-c16688941b047acff551e984,uq_only_support_aware,Co-Dy-W,4,15,"[""support-final-c16688941b047acff551e984:d0000015-c0""]",1,0,,,[true],[true],"[""succeeded""]","[""select_for_evaluation""]",[0],True,"valid_first; common_head_max, common_head_weighted_mean, known_overall_then_probability, original_index","[""generation_invalid"", ""tool_execution_failure"", ""unstable"", ""not_new""]",False,support-final-c16688941b047acff551e984:d0000015-c0,False,
support-final-c16688941b047acff551e984,uq_only_support_aware,Co-Dy-W,4,16,"[""support-final-c16688941b047acff551e984:d0000016-c0""]",1,0,,,[true],[true],"[""succeeded""]","[""score_buffer""]",[0],True,"valid_first; common_head_max, common_head_weighted_mean, known_overall_then_probability, original_index","[""generation_invalid"", ""tool_execution_failure"", ""unstable"", ""not_new""]",False,support-final-c16688941b047acff551e984:d0000016-c0,False,
support-final-c16688941b047acff551e984,uq_only_support_aware,Co-Dy-W,4,17,"[""support-final-c16688941b047acff551e984:d0000017-c0""]",1,0,,,[true],[true],"[""succeeded""]","[""select_for_evaluation""]",[0],True,"valid_first; common_head_max, common_head_weighted_mean, known_overall_then_probability, original_index","[""generation_invalid"", ""tool_execution_failure"", ""unstable"", ""not_new""]",False,support-final-c16688941b047acff551e984:d0000017-c0,False,
support-final-fbf58f289d7058d1b56ff33f,uq_only_support_aware,Co-Mg-Na,2,0,"[""support-final-fbf58f289d7058d1b56ff33f:d0000000-c0"", ""support-final-fbf58f289d7058d1b56ff33f:d0000000-c1""]",2,1,generation_invalid,local_schema_validation,"[false, true]","[false, true]","[""unavailable"", ""unavailable""]","[null, ""get_buffer_stats""]",[1],False,valid_first; original_index_when_any_native_support_unknown,[],False,support-final-fbf58f289d7058d1b56ff33f:d0000000-c1,True,"{""instruction"": ""Repair the JSON/tool/arguments schema. Return one allowed tool with only its documented arguments; do not invent results. Use only the existing retry and tool/query limits."", ""not_a_measured_scientific_result"": true, ""predicted_failure_type"": ""generation_invalid"", ""source"": ""current_candidate_predictions_or_visible_schema_issue"", ""suggested_legal_tool"": {""arguments"": {}, ""tool"": ""get_buffer_stats""}}"
support-final-fbf58f289d7058d1b56ff33f,uq_only_support_aware,Co-Mg-Na,2,1,"[""support-final-fbf58f289d7058d1b56ff33f:d0000001-c0"", ""support-final-fbf58f289d7058d1b56ff33f:d0000001-c1""]",2,1,generation_invalid,local_schema_validation,"[false, true]","[false, true]","[""unavailable"", ""unavailable""]","[null, ""generate_structures""]",[1],False,valid_first; original_index_when_any_native_support_unknown,[],False,support-final-fbf58f289d7058d1b56ff33f:d0000001-c1,True,"{""instruction"": ""Repair the JSON/tool/arguments schema. Return one allowed tool with only its documented arguments; do not invent results. Use only the existing retry and tool/query limits."", ""not_a_measured_scientific_result"": true, ""predicted_failure_type"": ""generation_invalid"", ""source"": ""current_candidate_predictions_or_visible_schema_issue"", ""suggested_legal_tool"": {""arguments"": {}, ""tool"": ""get_buffer_stats""}}"
support-final-fbf58f289d7058d1b56ff33f,uq_only_support_aware,Co-Mg-Na,2,2,"[""support-final-fbf58f289d7058d1b56ff33f:d0000002-c0""]",1,0,,,[true],[true],"[""succeeded""]","[""score_buffer""]",[0],True,"valid_first; common_head_max, common_head_weighted_mean, known_overall_then_probability, original_index","[""generation_invalid"", ""tool_execution_failure"", ""unstable"", ""not_new""]",False,support-final-fbf58f289d7058d1b56ff33f:d0000002-c0,False,
support-final-fbf58f289d7058d1b56ff33f,uq_only_support_aware,Co-Mg-Na,2,3,"[""support-final-fbf58f289d7058d1b56ff33f:d0000003-c0"", ""support-final-fbf58f289d7058d1b56ff33f:d0000003-c1""]",2,1,generation_invalid,local_schema_validation,"[true, true]","[false, true]","[""succeeded"", ""unavailable""]","[""select_for_evaluation"", ""query_structures""]",[1],False,valid_first; original_index_when_any_native_support_unknown,[],False,support-final-fbf58f289d7058d1b56ff33f:d0000003-c1,True,"{""instruction"": ""Repair the JSON/tool/arguments schema. Return one allowed tool with only its documented arguments; do not invent results. Use only the existing retry and tool/query limits."", ""not_a_measured_scientific_result"": true, ""predicted_failure_type"": ""generation_invalid"", ""source"": ""current_candidate_predictions_or_visible_schema_issue"", ""suggested_legal_tool"": {""arguments"": {""composition"": ""NaMg2Co3"", ""k"": 5, ""mode"": ""all""}, ""tool"": ""query_structures""}}"
support-final-fbf58f289d7058d1b56ff33f,uq_only_support_aware,Co-Mg-Na,2,4,"[""support-final-fbf58f289d7058d1b56ff33f:d0000004-c0""]",1,0,,,[true],[true],"[""unavailable""]","[""select_for_evaluation""]",[0],False,valid_first; original_index_when_any_native_support_unknown,[],False,support-final-fbf58f289d7058d1b56ff33f:d0000004-c0,False,
support-final-fbf58f289d7058d1b56ff33f,uq_only_support_aware,Co-Mg-Na,2,5,"[""support-final-fbf58f289d7058d1b56ff33f:d0000005-c0""]",1,0,,,[true],[true],"[""unavailable""]","[""select_for_evaluation""]",[0],False,valid_first; original_index_when_any_native_support_unknown,[],False,support-final-fbf58f289d7058d1b56ff33f:d0000005-c0,False,
support-final-fbf58f289d7058d1b56ff33f,uq_only_support_aware,Co-Mg-Na,2,6,"[""support-final-fbf58f289d7058d1b56ff33f:d0000006-c0""]",1,0,,,[true],[true],"[""unavailable""]","[""generate_structures""]",[0],False,valid_first; original_index_when_any_native_support_unknown,[],False,support-final-fbf58f289d7058d1b56ff33f:d0000006-c0,False,
support-final-fbf58f289d7058d1b56ff33f,uq_only_support_aware,Co-Mg-Na,2,7,"[""support-final-fbf58f289d7058d1b56ff33f:d0000007-c0""]",1,0,,,[true],[true],"[""succeeded""]","[""select_for_evaluation""]",[0],True,"valid_first; common_head_max, common_head_weighted_mean, known_overall_then_probability, original_index","[""generation_invalid"", ""tool_execution_failure"", ""unstable"", ""not_new""]",False,support-final-fbf58f289d7058d1b56ff33f:d0000007-c0,False,
support-final-fbf58f289d7058d1b56ff33f,uq_only_support_aware,Co-Mg-Na,2,8,"[""support-final-fbf58f289d7058d1b56ff33f:d0000008-c0""]",1,0,,,[true],[true],"[""succeeded""]","[""select_for_evaluation""]",[0],True,"valid_first; common_head_max, common_head_weighted_mean, known_overall_then_probability, original_index","[""generation_invalid"", ""tool_execution_failure"", ""unstable"", ""not_new""]",False,support-final-fbf58f289d7058d1b56ff33f:d0000008-c0,False,
support-final-fbf58f289d7058d1b56ff33f,uq_only_support_aware,Co-Mg-Na,2,9,"[""support-final-fbf58f289d7058d1b56ff33f:d0000009-c0""]",1,0,,,[true],[true],"[""succeeded""]","[""select_for_evaluation""]",[0],True,"valid_first; common_head_max, common_head_weighted_mean, known_overall_then_probability, original_index","[""generation_invalid"", ""tool_execution_failure"", ""unstable"", ""not_new""]",False,support-final-fbf58f289d7058d1b56ff33f:d0000009-c0,False,
support-final-fbf58f289d7058d1b56ff33f,uq_only_support_aware,Co-Mg-Na,2,10,"[""support-final-fbf58f289d7058d1b56ff33f:d0000010-c0""]",1,0,,,[true],[true],"[""succeeded""]","[""select_for_evaluation""]",[0],True,"valid_first; common_head_max, common_head_weighted_mean, known_overall_then_probability, original_index","[""generation_invalid"", ""tool_execution_failure"", ""unstable"", ""not_new""]",False,support-final-fbf58f289d7058d1b56ff33f:d0000010-c0,False,
support-final-fbf58f289d7058d1b56ff33f,uq_only_support_aware,Co-Mg-Na,2,11,"[""support-final-fbf58f289d7058d1b56ff33f:d0000011-c0""]",1,0,,,[true],[true],"[""succeeded""]","[""generate_structures""]",[0],True,"valid_first; common_head_max, common_head_weighted_mean, known_overall_then_probability, original_index","[""generation_invalid"", ""tool_execution_failure"", ""unstable"", ""not_new""]",False,support-final-fbf58f289d7058d1b56ff33f:d0000011-c0,False,
support-final-fbf58f289d7058d1b56ff33f,uq_only_support_aware,Co-Mg-Na,2,12,"[""support-final-fbf58f289d7058d1b56ff33f:d0000012-c0""]",1,0,,,[true],[true],"[""succeeded""]","[""select_for_evaluation""]",[0],True,"valid_first; common_head_max, common_head_weighted_mean, known_overall_then_probability, original_index","[""generation_invalid"", ""tool_execution_failure"", ""unstable"", ""not_new""]",False,support-final-fbf58f289d7058d1b56ff33f:d0000012-c0,False,
support-final-fbf58f289d7058d1b56ff33f,uq_only_support_aware,Co-Mg-Na,2,13,"[""support-final-fbf58f289d7058d1b56ff33f:d0000013-c0""]",1,0,,,[true],[true],"[""succeeded""]","[""select_for_evaluation""]",[0],True,"valid_first; common_head_max, common_head_weighted_mean, known_overall_then_probability, original_index","[""generation_invalid"", ""tool_execution_failure"", ""unstable"", ""not_new""]",False,support-final-fbf58f289d7058d1b56ff33f:d0000013-c0,False,
support-final-fbf58f289d7058d1b56ff33f,uq_only_support_aware,Co-Mg-Na,2,14,"[""support-final-fbf58f289d7058d1b56ff33f:d0000014-c0""]",1,0,,,[true],[true],"[""succeeded""]","[""select_for_evaluation""]",[0],True,"valid_first; common_head_max, common_head_weighted_mean, known_overall_then_probability, original_index","[""generation_invalid"", ""tool_execution_failure"", ""unstable"", ""not_new""]",False,support-final-fbf58f289d7058d1b56ff33f:d0000014-c0,False,
support-final-fbf58f289d7058d1b56ff33f,uq_only_support_aware,Co-Mg-Na,2,15,"[""support-final-fbf58f289d7058d1b56ff33f:d0000015-c0""]",1,0,,,[true],[true],"[""succeeded""]","[""select_for_evaluation""]",[0],True,"valid_first; common_head_max, common_head_weighted_mean, known_overall_then_probability, original_index","[""generation_invalid"", ""tool_execution_failure"", ""unstable"", ""not_new""]",False,support-final-fbf58f289d7058d1b56ff33f:d0000015-c0,False,
support-final-8f46b298f45606301f129592,uq_only_support_aware,Co-Mg-Na,3,0,"[""support-final-8f46b298f45606301f129592:d0000000-c0""]",1,0,,,[true],[true],"[""succeeded""]","[""generate_structures""]",[0],True,"valid_first; common_head_max, common_head_weighted_mean, known_overall_then_probability, original_index","[""generation_invalid"", ""tool_execution_failure"", ""unstable"", ""not_new""]",False,support-final-8f46b298f45606301f129592:d0000000-c0,False,
support-final-8f46b298f45606301f129592,uq_only_support_aware,Co-Mg-Na,3,1,"[""support-final-8f46b298f45606301f129592:d0000001-c0""]",1,0,,,[true],[true],"[""succeeded""]","[""select_for_evaluation""]",[0],True,"valid_first; common_head_max, common_head_weighted_mean, known_overall_then_probability, original_index","[""generation_invalid"", ""tool_execution_failure"", ""unstable"", ""not_new""]",False,support-final-8f46b298f45606301f129592:d0000001-c0,False,
support-final-8f46b298f45606301f129592,uq_only_support_aware,Co-Mg-Na,3,2,"[""support-final-8f46b298f45606301f129592:d0000002-c0""]",1,0,,,[true],[true],"[""succeeded""]","[""generate_structures""]",[0],True,"valid_first; common_head_max, common_head_weighted_mean, known_overall_then_probability, original_index","[""generation_invalid"", ""tool_execution_failure"", ""unstable"", ""not_new""]",False,support-final-8f46b298f45606301f129592:d0000002-c0,False,
support-final-8f46b298f45606301f129592,uq_only_support_aware,Co-Mg-Na,3,3,"[""support-final-8f46b298f45606301f129592:d0000003-c0""]",1,0,,,[true],[true],"[""succeeded""]","[""generate_structures""]",[0],True,"valid_first; common_head_max, common_head_weighted_mean, known_overall_then_probability, original_index","[""generation_invalid"", ""tool_execution_failure"", ""unstable"", ""not_new""]",False,support-final-8f46b298f45606301f129592:d0000003-c0,False,
support-final-8f46b298f45606301f129592,uq_only_support_aware,Co-Mg-Na,3,4,"[""support-final-8f46b298f45606301f129592:d0000004-c0""]",1,0,,,[true],[true],"[""succeeded""]","[""score_buffer""]",[0],True,"valid_first; common_head_max, common_head_weighted_mean, known_overall_then_probability, original_index","[""generation_invalid"", ""tool_execution_failure"", ""unstable"", ""not_new""]",False,support-final-8f46b298f45606301f129592:d0000004-c0,False,
support-final-8f46b298f45606301f129592,uq_only_support_aware,Co-Mg-Na,3,5,"[""support-final-8f46b298f45606301f129592:d0000005-c0""]",1,0,,,[true],[true],"[""succeeded""]","[""select_for_evaluation""]",[0],True,"valid_first; common_head_max, common_head_weighted_mean, known_overall_then_probability, original_index","[""generation_invalid"", ""tool_execution_failure"", ""unstable"", ""not_new""]",False,support-final-8f46b298f45606301f129592:d0000005-c0,False,
support-final-8f46b298f45606301f129592,uq_only_support_aware,Co-Mg-Na,3,6,"[""support-final-8f46b298f45606301f129592:d0000006-c0""]",1,0,,,[true],[true],"[""succeeded""]","[""generate_structures""]",[0],True,"valid_first; common_head_max, common_head_weighted_mean, known_overall_then_probability, original_index","[""generation_invalid"", ""tool_execution_failure"", ""unstable"", ""not_new""]",False,support-final-8f46b298f45606301f129592:d0000006-c0,False,
support-final-8f46b298f45606301f129592,uq_only_support_aware,Co-Mg-Na,3,7,"[""support-final-8f46b298f45606301f129592:d0000007-c0"", ""support-final-8f46b298f45606301f129592:d0000007-c1""]",2,1,generation_invalid,local_schema_validation,"[true, true]","[false, true]","[""succeeded"", ""succeeded""]","[""select_for_evaluation"", ""query_structures""]",[1],True,"valid_first; common_head_max, common_head_weighted_mean, known_overall_then_probability, original_index","[""generation_invalid"", ""tool_execution_failure"", ""unstable"", ""not_new""]",False,support-final-8f46b298f45606301f129592:d0000007-c1,True,"{""instruction"": ""Repair the JSON/tool/arguments schema. Return one allowed tool with only its documented arguments; do not invent results. Use only the existing retry and tool/query limits."", ""not_a_measured_scientific_result"": true, ""predicted_failure_type"": ""generation_invalid"", ""source"": ""current_candidate_predictions_or_visible_schema_issue"", ""suggested_legal_tool"": {""arguments"": {""composition"": ""Na4MgCo4"", ""k"": 5, ""mode"": ""all""}, ""tool"": ""query_structures""}}"
support-final-8f46b298f45606301f129592,uq_only_support_aware,Co-Mg-Na,3,8,"[""support-final-8f46b298f45606301f129592:d0000008-c0""]",1,0,,,[true],[true],"[""succeeded""]","[""select_for_evaluation""]",[0],True,"valid_first; common_head_max, common_head_weighted_mean, known_overall_then_probability, original_index","[""generation_invalid"", ""tool_execution_failure"", ""unstable"", ""not_new""]",False,support-final-8f46b298f45606301f129592:d0000008-c0,False,
support-final-8f46b298f45606301f129592,uq_only_support_aware,Co-Mg-Na,3,9,"[""support-final-8f46b298f45606301f129592:d0000009-c0""]",1,0,,,[true],[true],"[""succeeded""]","[""generate_structures""]",[0],True,"valid_first; common_head_max, common_head_weighted_mean, known_overall_then_probability, original_index","[""generation_invalid"", ""tool_execution_failure"", ""unstable"", ""not_new""]",False,support-final-8f46b298f45606301f129592:d0000009-c0,False,
support-final-8f46b298f45606301f129592,uq_only_support_aware,Co-Mg-Na,3,10,"[""support-final-8f46b298f45606301f129592:d0000010-c0""]",1,0,,,[true],[true],"[""succeeded""]","[""generate_structures""]",[0],True,"valid_first; common_head_max, common_head_weighted_mean, known_overall_then_probability, original_index","[""generation_invalid"", ""tool_execution_failure"", ""unstable"", ""not_new""]",False,support-final-8f46b298f45606301f129592:d0000010-c0,False,
support-final-8f46b298f45606301f129592,uq_only_support_aware,Co-Mg-Na,3,11,"[""support-final-8f46b298f45606301f129592:d0000011-c0""]",1,0,,,[true],[true],"[""succeeded""]","[""score_buffer""]",[0],True,"valid_first; common_head_max, common_head_weighted_mean, known_overall_then_probability, original_index","[""generation_invalid"", ""tool_execution_failure"", ""unstable"", ""not_new""]",False,support-final-8f46b298f45606301f129592:d0000011-c0,False,
support-final-8f46b298f45606301f129592,uq_only_support_aware,Co-Mg-Na,3,12,"[""support-final-8f46b298f45606301f129592:d0000012-c0""]",1,0,,,[true],[true],"[""succeeded""]","[""select_for_evaluation""]",[0],True,"valid_first; common_head_max, common_head_weighted_mean, known_overall_then_probability, original_index","[""generation_invalid"", ""tool_execution_failure"", ""unstable"", ""not_new""]",False,support-final-8f46b298f45606301f129592:d0000012-c0,False,
support-final-8f46b298f45606301f129592,uq_only_support_aware,Co-Mg-Na,3,13,"[""support-final-8f46b298f45606301f129592:d0000013-c0""]",1,0,,,[true],[true],"[""succeeded""]","[""select_for_evaluation""]",[0],True,"valid_first; common_head_max, common_head_weighted_mean, known_overall_then_probability, original_index","[""generation_invalid"", ""tool_execution_failure"", ""unstable"", ""not_new""]",False,support-final-8f46b298f45606301f129592:d0000013-c0,False,
support-final-8f46b298f45606301f129592,uq_only_support_aware,Co-Mg-Na,3,14,"[""support-final-8f46b298f45606301f129592:d0000014-c0""]",1,0,,,[true],[true],"[""succeeded""]","[""generate_structures""]",[0],True,"valid_first; common_head_max, common_head_weighted_mean, known_overall_then_probability, original_index","[""generation_invalid"", ""tool_execution_failure"", ""unstable"", ""not_new""]",False,support-final-8f46b298f45606301f129592:d0000014-c0,False,
support-final-8f46b298f45606301f129592,uq_only_support_aware,Co-Mg-Na,3,15,"[""support-final-8f46b298f45606301f129592:d0000015-c0""]",1,0,,,[true],[true],"[""succeeded""]","[""generate_structures""]",[0],True,"valid_first; common_head_max, common_head_weighted_mean, known_overall_then_probability, original_index","[""generation_invalid"", ""tool_execution_failure"", ""unstable"", ""not_new""]",False,support-final-8f46b298f45606301f129592:d0000015-c0,False,
support-final-8f46b298f45606301f129592,uq_only_support_aware,Co-Mg-Na,3,16,"[""support-final-8f46b298f45606301f129592:d0000016-c0""]",1,0,,,[true],[true],"[""succeeded""]","[""generate_structures""]",[0],True,"valid_first; common_head_max, common_head_weighted_mean, known_overall_then_probability, original_index","[""generation_invalid"", ""tool_execution_failure"", ""unstable"", ""not_new""]",False,support-final-8f46b298f45606301f129592:d0000016-c0,False,
support-final-8f46b298f45606301f129592,uq_only_support_aware,Co-Mg-Na,3,17,"[""support-final-8f46b298f45606301f129592:d0000017-c0""]",1,0,,,[true],[true],"[""succeeded""]","[""generate_structures""]",[0],True,"valid_first; common_head_max, common_head_weighted_mean, known_overall_then_probability, original_index","[""generation_invalid"", ""tool_execution_failure"", ""unstable"", ""not_new""]",False,support-final-8f46b298f45606301f129592:d0000017-c0,False,
support-final-8f46b298f45606301f129592,uq_only_support_aware,Co-Mg-Na,3,18,"[""support-final-8f46b298f45606301f129592:d0000018-c0""]",1,0,,,[true],[true],"[""succeeded""]","[""score_buffer""]",[0],True,"valid_first; common_head_max, common_head_weighted_mean, known_overall_then_probability, original_index","[""generation_invalid"", ""tool_execution_failure"", ""unstable"", ""not_new""]",False,support-final-8f46b298f45606301f129592:d0000018-c0,False,
support-final-8f46b298f45606301f129592,uq_only_support_aware,Co-Mg-Na,3,19,"[""support-final-8f46b298f45606301f129592:d0000019-c0""]",1,0,,,[true],[true],"[""succeeded""]","[""select_for_evaluation""]",[0],True,"valid_first; common_head_max, common_head_weighted_mean, known_overall_then_probability, original_index","[""generation_invalid"", ""tool_execution_failure"", ""unstable"", ""not_new""]",False,support-final-8f46b298f45606301f129592:d0000019-c0,False,
support-final-8f46b298f45606301f129592,uq_only_support_aware,Co-Mg-Na,3,20,"[""support-final-8f46b298f45606301f129592:d0000020-c0""]",1,0,,,[true],[true],"[""succeeded""]","[""score_buffer""]",[0],True,"valid_first; common_head_max, common_head_weighted_mean, known_overall_then_probability, original_index","[""generation_invalid"", ""tool_execution_failure"", ""unstable"", ""not_new""]",False,support-final-8f46b298f45606301f129592:d0000020-c0,False,
support-final-8f46b298f45606301f129592,uq_only_support_aware,Co-Mg-Na,3,21,"[""support-final-8f46b298f45606301f129592:d0000021-c0""]",1,0,,,[true],[true],"[""succeeded""]","[""generate_structures""]",[0],True,"valid_first; common_head_max, common_head_weighted_mean, known_overall_then_probability, original_index","[""generation_invalid"", ""tool_execution_failure"", ""unstable"", ""not_new""]",False,support-final-8f46b298f45606301f129592:d0000021-c0,False,
support-final-8f46b298f45606301f129592,uq_only_support_aware,Co-Mg-Na,3,22,"[""support-final-8f46b298f45606301f129592:d0000022-c0""]",1,0,,,[true],[true],"[""succeeded""]","[""select_for_evaluation""]",[0],True,"valid_first; common_head_max, common_head_weighted_mean, known_overall_then_probability, original_index","[""generation_invalid"", ""tool_execution_failure"", ""unstable"", ""not_new""]",False,support-final-8f46b298f45606301f129592:d0000022-c0,False,
support-final-8f46b298f45606301f129592,uq_only_support_aware,Co-Mg-Na,3,23,"[""support-final-8f46b298f45606301f129592:d0000023-c0""]",1,0,,,[true],[true],"[""succeeded""]","[""generate_structures""]",[0],True,"valid_first; common_head_max, common_head_weighted_mean, known_overall_then_probability, original_index","[""generation_invalid"", ""tool_execution_failure"", ""unstable"", ""not_new""]",False,support-final-8f46b298f45606301f129592:d0000023-c0,False,
support-final-8f46b298f45606301f129592,uq_only_support_aware,Co-Mg-Na,3,24,"[""support-final-8f46b298f45606301f129592:d0000024-c0""]",1,0,,,[true],[true],"[""succeeded""]","[""generate_structures""]",[0],True,"valid_first; common_head_max, common_head_weighted_mean, known_overall_then_probability, original_index","[""generation_invalid"", ""tool_execution_failure"", ""unstable"", ""not_new""]",False,support-final-8f46b298f45606301f129592:d0000024-c0,False,
support-final-8f46b298f45606301f129592,uq_only_support_aware,Co-Mg-Na,3,25,"[""support-final-8f46b298f45606301f129592:d0000025-c0""]",1,0,,,[true],[true],"[""succeeded""]","[""generate_structures""]",[0],True,"valid_first; common_head_max, common_head_weighted_mean, known_overall_then_probability, original_index","[""generation_invalid"", ""tool_execution_failure"", ""unstable"", ""not_new""]",False,support-final-8f46b298f45606301f129592:d0000025-c0,False,
support-final-8f46b298f45606301f129592,uq_only_support_aware,Co-Mg-Na,3,26,"[""support-final-8f46b298f45606301f129592:d0000026-c0""]",1,0,,,[true],[true],"[""succeeded""]","[""select_for_evaluation""]",[0],True,"valid_first; common_head_max, common_head_weighted_mean, known_overall_then_probability, original_index","[""generation_invalid"", ""tool_execution_failure"", ""unstable"", ""not_new""]",False,support-final-8f46b298f45606301f129592:d0000026-c0,False,
support-final-8f46b298f45606301f129592,uq_only_support_aware,Co-Mg-Na,3,27,"[""support-final-8f46b298f45606301f129592:d0000027-c0""]",1,0,,,[true],[true],"[""succeeded""]","[""generate_structures""]",[0],True,"valid_first; common_head_max, common_head_weighted_mean, known_overall_then_probability, original_index","[""generation_invalid"", ""tool_execution_failure"", ""unstable"", ""not_new""]",False,support-final-8f46b298f45606301f129592:d0000027-c0,False,
support-final-8f46b298f45606301f129592,uq_only_support_aware,Co-Mg-Na,3,28,"[""support-final-8f46b298f45606301f129592:d0000028-c0""]",1,0,,,[true],[true],"[""succeeded""]","[""select_for_evaluation""]",[0],True,"valid_first; common_head_max, common_head_weighted_mean, known_overall_then_probability, original_index","[""generation_invalid"", ""tool_execution_failure"", ""unstable"", ""not_new""]",False,support-final-8f46b298f45606301f129592:d0000028-c0,False,
support-final-8f46b298f45606301f129592,uq_only_support_aware,Co-Mg-Na,3,29,"[""support-final-8f46b298f45606301f129592:d0000029-c0""]",1,0,,,[true],[true],"[""succeeded""]","[""generate_structures""]",[0],True,"valid_first; common_head_max, common_head_weighted_mean, known_overall_then_probability, original_index","[""generation_invalid"", ""tool_execution_failure"", ""unstable"", ""not_new""]",False,support-final-8f46b298f45606301f129592:d0000029-c0,False,
support-final-8f46b298f45606301f129592,uq_only_support_aware,Co-Mg-Na,3,30,"[""support-final-8f46b298f45606301f129592:d0000030-c0"", ""support-final-8f46b298f45606301f129592:d0000030-c1""]",2,1,generation_invalid,local_schema_validation,"[true, true]","[false, true]","[""succeeded"", ""succeeded""]","[""select_for_evaluation"", ""query_structures""]",[1],True,"valid_first; common_head_max, common_head_weighted_mean, known_overall_then_probability, original_index","[""generation_invalid"", ""tool_execution_failure"", ""unstable"", ""not_new""]",False,support-final-8f46b298f45606301f129592:d0000030-c1,True,"{""instruction"": ""Repair the JSON/tool/arguments schema. Return one allowed tool with only its documented arguments; do not invent results. Use only the existing retry and tool/query limits."", ""not_a_measured_scientific_result"": true, ""predicted_failure_type"": ""generation_invalid"", ""source"": ""current_candidate_predictions_or_visible_schema_issue"", ""suggested_legal_tool"": {""arguments"": {""composition"": ""Na2MgCo5"", ""k"": 5, ""mode"": ""all""}, ""tool"": ""query_structures""}}"
support-final-8f46b298f45606301f129592,uq_only_support_aware,Co-Mg-Na,3,31,"[""support-final-8f46b298f45606301f129592:d0000031-c0""]",1,0,,,[true],[true],"[""succeeded""]","[""select_for_evaluation""]",[0],True,"valid_first; common_head_max, common_head_weighted_mean, known_overall_then_probability, original_index","[""generation_invalid"", ""tool_execution_failure"", ""unstable"", ""not_new""]",False,support-final-8f46b298f45606301f129592:d0000031-c0,False,
support-final-8f46b298f45606301f129592,uq_only_support_aware,Co-Mg-Na,3,32,"[""support-final-8f46b298f45606301f129592:d0000032-c0""]",1,0,,,[true],[true],"[""succeeded""]","[""generate_structures""]",[0],True,"valid_first; common_head_max, common_head_weighted_mean, known_overall_then_probability, original_index","[""generation_invalid"", ""tool_execution_failure"", ""unstable"", ""not_new""]",False,support-final-8f46b298f45606301f129592:d0000032-c0,False,
support-final-8f46b298f45606301f129592,uq_only_support_aware,Co-Mg-Na,3,33,"[""support-final-8f46b298f45606301f129592:d0000033-c0""]",1,0,,,[true],[true],"[""succeeded""]","[""generate_structures""]",[0],True,"valid_first; common_head_max, common_head_weighted_mean, known_overall_then_probability, original_index","[""generation_invalid"", ""tool_execution_failure"", ""unstable"", ""not_new""]",False,support-final-8f46b298f45606301f129592:d0000033-c0,False,
support-final-8f46b298f45606301f129592,uq_only_support_aware,Co-Mg-Na,3,34,"[""support-final-8f46b298f45606301f129592:d0000034-c0""]",1,0,,,[true],[true],"[""succeeded""]","[""generate_structures""]",[0],True,"valid_first; common_head_max, common_head_weighted_mean, known_overall_then_probability, original_index","[""generation_invalid"", ""tool_execution_failure"", ""unstable"", ""not_new""]",False,support-final-8f46b298f45606301f129592:d0000034-c0,False,
support-final-8f46b298f45606301f129592,uq_only_support_aware,Co-Mg-Na,3,35,"[""support-final-8f46b298f45606301f129592:d0000035-c0""]",1,0,,,[true],[true],"[""succeeded""]","[""generate_structures""]",[0],True,"valid_first; common_head_max, common_head_weighted_mean, known_overall_then_probability, original_index","[""generation_invalid"", ""tool_execution_failure"", ""unstable"", ""not_new""]",False,support-final-8f46b298f45606301f129592:d0000035-c0,False,
support-final-8f46b298f45606301f129592,uq_only_support_aware,Co-Mg-Na,3,36,"[""support-final-8f46b298f45606301f129592:d0000036-c0""]",1,0,,,[true],[true],"[""succeeded""]","[""select_for_evaluation""]",[0],True,"valid_first; common_head_max, common_head_weighted_mean, known_overall_then_probability, original_index","[""generation_invalid"", ""tool_execution_failure"", ""unstable"", ""not_new""]",False,support-final-8f46b298f45606301f129592:d0000036-c0,False,
support-final-d5b33bead70e71d6523996b6,uq_only_support_aware,Co-Mg-Na,4,0,"[""support-final-d5b33bead70e71d6523996b6:d0000000-c0""]",1,0,,,[true],[true],"[""unavailable""]","[""generate_structures""]",[0],False,valid_first; original_index_when_any_native_support_unknown,[],False,support-final-d5b33bead70e71d6523996b6:d0000000-c0,False,
support-final-d5b33bead70e71d6523996b6,uq_only_support_aware,Co-Mg-Na,4,1,"[""support-final-d5b33bead70e71d6523996b6:d0000001-c0""]",1,0,,,[true],[true],"[""succeeded""]","[""select_for_evaluation""]",[0],True,"valid_first; common_head_max, common_head_weighted_mean, known_overall_then_probability, original_index","[""generation_invalid"", ""tool_execution_failure"", ""unstable"", ""not_new""]",False,support-final-d5b33bead70e71d6523996b6:d0000001-c0,False,
support-final-d5b33bead70e71d6523996b6,uq_only_support_aware,Co-Mg-Na,4,2,"[""support-final-d5b33bead70e71d6523996b6:d0000002-c0""]",1,0,,,[true],[true],"[""succeeded""]","[""select_for_evaluation""]",[0],True,"valid_first; common_head_max, common_head_weighted_mean, known_overall_then_probability, original_index","[""generation_invalid"", ""tool_execution_failure"", ""unstable"", ""not_new""]",False,support-final-d5b33bead70e71d6523996b6:d0000002-c0,False,
support-final-d5b33bead70e71d6523996b6,uq_only_support_aware,Co-Mg-Na,4,3,"[""support-final-d5b33bead70e71d6523996b6:d0000003-c0""]",1,0,,,[true],[true],"[""succeeded""]","[""select_for_evaluation""]",[0],True,"valid_first; common_head_max, common_head_weighted_mean, known_overall_then_probability, original_index","[""generation_invalid"", ""tool_execution_failure"", ""unstable"", ""not_new""]",False,support-final-d5b33bead70e71d6523996b6:d0000003-c0,False,
support-final-d5b33bead70e71d6523996b6,uq_only_support_aware,Co-Mg-Na,4,4,"[""support-final-d5b33bead70e71d6523996b6:d0000004-c0""]",1,0,,,[true],[true],"[""succeeded""]","[""generate_structures""]",[0],True,"valid_first; common_head_max, common_head_weighted_mean, known_overall_then_probability, original_index","[""generation_invalid"", ""tool_execution_failure"", ""unstable"", ""not_new""]",False,support-final-d5b33bead70e71d6523996b6:d0000004-c0,False,
support-final-d5b33bead70e71d6523996b6,uq_only_support_aware,Co-Mg-Na,4,5,"[""support-final-d5b33bead70e71d6523996b6:d0000005-c0""]",1,0,,,[true],[true],"[""succeeded""]","[""generate_structures""]",[0],True,"valid_first; common_head_max, common_head_weighted_mean, known_overall_then_probability, original_index","[""generation_invalid"", ""tool_execution_failure"", ""unstable"", ""not_new""]",False,support-final-d5b33bead70e71d6523996b6:d0000005-c0,False,
support-final-d5b33bead70e71d6523996b6,uq_only_support_aware,Co-Mg-Na,4,6,"[""support-final-d5b33bead70e71d6523996b6:d0000006-c0""]",1,0,,,[true],[true],"[""succeeded""]","[""generate_structures""]",[0],True,"valid_first; common_head_max, common_head_weighted_mean, known_overall_then_probability, original_index","[""generation_invalid"", ""tool_execution_failure"", ""unstable"", ""not_new""]",False,support-final-d5b33bead70e71d6523996b6:d0000006-c0,False,
support-final-d5b33bead70e71d6523996b6,uq_only_support_aware,Co-Mg-Na,4,7,"[""support-final-d5b33bead70e71d6523996b6:d0000007-c0"", ""support-final-d5b33bead70e71d6523996b6:d0000007-c1""]",2,1,generation_invalid,local_schema_validation,"[false, true]","[false, true]","[""unavailable"", ""succeeded""]","[null, ""query_structures""]",[1],False,valid_first; original_index_when_any_native_support_unknown,[],False,support-final-d5b33bead70e71d6523996b6:d0000007-c1,True,"{""instruction"": ""Repair the JSON/tool/arguments schema. Return one allowed tool with only its documented arguments; do not invent results. Use only the existing retry and tool/query limits."", ""not_a_measured_scientific_result"": true, ""predicted_failure_type"": ""generation_invalid"", ""source"": ""current_candidate_predictions_or_visible_schema_issue"", ""suggested_legal_tool"": {""arguments"": {""composition"": ""Na2MgCo2"", ""k"": 5, ""mode"": ""all""}, ""tool"": ""query_structures""}}"
support-final-d5b33bead70e71d6523996b6,uq_only_support_aware,Co-Mg-Na,4,8,"[""support-final-d5b33bead70e71d6523996b6:d0000008-c0""]",1,0,,,[true],[true],"[""succeeded""]","[""select_for_evaluation""]",[0],True,"valid_first; common_head_max, common_head_weighted_mean, known_overall_then_probability, original_index","[""generation_invalid"", ""tool_execution_failure"", ""unstable"", ""not_new""]",False,support-final-d5b33bead70e71d6523996b6:d0000008-c0,False,
support-final-d5b33bead70e71d6523996b6,uq_only_support_aware,Co-Mg-Na,4,9,"[""support-final-d5b33bead70e71d6523996b6:d0000009-c0""]",1,0,,,[true],[true],"[""succeeded""]","[""generate_structures""]",[0],True,"valid_first; common_head_max, common_head_weighted_mean, known_overall_then_probability, original_index","[""generation_invalid"", ""tool_execution_failure"", ""unstable"", ""not_new""]",False,support-final-d5b33bead70e71d6523996b6:d0000009-c0,False,
support-final-d5b33bead70e71d6523996b6,uq_only_support_aware,Co-Mg-Na,4,10,"[""support-final-d5b33bead70e71d6523996b6:d0000010-c0""]",1,0,,,[true],[true],"[""succeeded""]","[""select_for_evaluation""]",[0],True,"valid_first; common_head_max, common_head_weighted_mean, known_overall_then_probability, original_index","[""generation_invalid"", ""tool_execution_failure"", ""unstable"", ""not_new""]",False,support-final-d5b33bead70e71d6523996b6:d0000010-c0,False,
support-final-d5b33bead70e71d6523996b6,uq_only_support_aware,Co-Mg-Na,4,11,"[""support-final-d5b33bead70e71d6523996b6:d0000011-c0""]",1,0,,,[true],[true],"[""succeeded""]","[""select_for_evaluation""]",[0],True,"valid_first; common_head_max, common_head_weighted_mean, known_overall_then_probability, original_index","[""generation_invalid"", ""tool_execution_failure"", ""unstable"", ""not_new""]",False,support-final-d5b33bead70e71d6523996b6:d0000011-c0,False,
support-final-d5b33bead70e71d6523996b6,uq_only_support_aware,Co-Mg-Na,4,12,"[""support-final-d5b33bead70e71d6523996b6:d0000012-c0""]",1,0,,,[true],[true],"[""succeeded""]","[""select_for_evaluation""]",[0],True,"valid_first; common_head_max, common_head_weighted_mean, known_overall_then_probability, original_index","[""generation_invalid"", ""tool_execution_failure"", ""unstable"", ""not_new""]",False,support-final-d5b33bead70e71d6523996b6:d0000012-c0,False,
support-final-d5b33bead70e71d6523996b6,uq_only_support_aware,Co-Mg-Na,4,13,"[""support-final-d5b33bead70e71d6523996b6:d0000013-c0"", ""support-final-d5b33bead70e71d6523996b6:d0000013-c1""]",2,1,generation_invalid,local_schema_validation,"[true, true]","[false, true]","[""succeeded"", ""succeeded""]","[""select_for_evaluation"", ""query_structures""]",[1],True,"valid_first; common_head_max, common_head_weighted_mean, known_overall_then_probability, original_index","[""generation_invalid"", ""tool_execution_failure"", ""unstable"", ""not_new""]",False,support-final-d5b33bead70e71d6523996b6:d0000013-c1,True,"{""instruction"": ""Repair the JSON/tool/arguments schema. Return one allowed tool with only its documented arguments; do not invent results. Use only the existing retry and tool/query limits."", ""not_a_measured_scientific_result"": true, ""predicted_failure_type"": ""generation_invalid"", ""source"": ""current_candidate_predictions_or_visible_schema_issue"", ""suggested_legal_tool"": {""arguments"": {""composition"": ""Na2MgCo2"", ""k"": 5, ""mode"": ""all""}, ""tool"": ""query_structures""}}"
support-final-d5b33bead70e71d6523996b6,uq_only_support_aware,Co-Mg-Na,4,14,"[""support-final-d5b33bead70e71d6523996b6:d0000014-c0""]",1,0,,,[true],[true],"[""succeeded""]","[""generate_structures""]",[0],True,"valid_first; common_head_max, common_head_weighted_mean, known_overall_then_probability, original_index","[""generation_invalid"", ""tool_execution_failure"", ""unstable"", ""not_new""]",False,support-final-d5b33bead70e71d6523996b6:d0000014-c0,False,
support-final-d5b33bead70e71d6523996b6,uq_only_support_aware,Co-Mg-Na,4,15,"[""support-final-d5b33bead70e71d6523996b6:d0000015-c0""]",1,0,,,[true],[true],"[""succeeded""]","[""select_for_evaluation""]",[0],True,"valid_first; common_head_max, common_head_weighted_mean, known_overall_then_probability, original_index","[""generation_invalid"", ""tool_execution_failure"", ""unstable"", ""not_new""]",False,support-final-d5b33bead70e71d6523996b6:d0000015-c0,False,
support-final-d5b33bead70e71d6523996b6,uq_only_support_aware,Co-Mg-Na,4,16,"[""support-final-d5b33bead70e71d6523996b6:d0000016-c0""]",1,0,,,[true],[true],"[""succeeded""]","[""score_buffer""]",[0],True,"valid_first; common_head_max, common_head_weighted_mean, known_overall_then_probability, original_index","[""generation_invalid"", ""tool_execution_failure"", ""unstable"", ""not_new""]",False,support-final-d5b33bead70e71d6523996b6:d0000016-c0,False,
support-final-d5b33bead70e71d6523996b6,uq_only_support_aware,Co-Mg-Na,4,17,"[""support-final-d5b33bead70e71d6523996b6:d0000017-c0""]",1,0,,,[true],[true],"[""succeeded""]","[""select_for_evaluation""]",[0],True,"valid_first; common_head_max, common_head_weighted_mean, known_overall_then_probability, original_index","[""generation_invalid"", ""tool_execution_failure"", ""unstable"", ""not_new""]",False,support-final-d5b33bead70e71d6523996b6:d0000017-c0,False,
support-final-d5b33bead70e71d6523996b6,uq_only_support_aware,Co-Mg-Na,4,18,"[""support-final-d5b33bead70e71d6523996b6:d0000018-c0""]",1,0,,,[true],[true],"[""succeeded""]","[""generate_structures""]",[0],True,"valid_first; common_head_max, common_head_weighted_mean, known_overall_then_probability, original_index","[""generation_invalid"", ""tool_execution_failure"", ""unstable"", ""not_new""]",False,support-final-d5b33bead70e71d6523996b6:d0000018-c0,False,
support-final-d5b33bead70e71d6523996b6,uq_only_support_aware,Co-Mg-Na,4,19,"[""support-final-d5b33bead70e71d6523996b6:d0000019-c0""]",1,0,,,[true],[true],"[""succeeded""]","[""select_for_evaluation""]",[0],True,"valid_first; common_head_max, common_head_weighted_mean, known_overall_then_probability, original_index","[""generation_invalid"", ""tool_execution_failure"", ""unstable"", ""not_new""]",False,support-final-d5b33bead70e71d6523996b6:d0000019-c0,False,
support-final-d5b33bead70e71d6523996b6,uq_only_support_aware,Co-Mg-Na,4,20,"[""support-final-d5b33bead70e71d6523996b6:d0000020-c0""]",1,0,,,[true],[true],"[""succeeded""]","[""generate_structures""]",[0],True,"valid_first; common_head_max, common_head_weighted_mean, known_overall_then_probability, original_index","[""generation_invalid"", ""tool_execution_failure"", ""unstable"", ""not_new""]",False,support-final-d5b33bead70e71d6523996b6:d0000020-c0,False,
support-final-d5b33bead70e71d6523996b6,uq_only_support_aware,Co-Mg-Na,4,21,"[""support-final-d5b33bead70e71d6523996b6:d0000021-c0""]",1,0,,,[true],[true],"[""succeeded""]","[""select_for_evaluation""]",[0],True,"valid_first; common_head_max, common_head_weighted_mean, known_overall_then_probability, original_index","[""generation_invalid"", ""tool_execution_failure"", ""unstable"", ""not_new""]",False,support-final-d5b33bead70e71d6523996b6:d0000021-c0,False,
support-final-d5b33bead70e71d6523996b6,uq_only_support_aware,Co-Mg-Na,4,22,"[""support-final-d5b33bead70e71d6523996b6:d0000022-c0""]",1,0,,,[true],[true],"[""succeeded""]","[""generate_structures""]",[0],True,"valid_first; common_head_max, common_head_weighted_mean, known_overall_then_probability, original_index","[""generation_invalid"", ""tool_execution_failure"", ""unstable"", ""not_new""]",False,support-final-d5b33bead70e71d6523996b6:d0000022-c0,False,
support-final-d5b33bead70e71d6523996b6,uq_only_support_aware,Co-Mg-Na,4,23,"[""support-final-d5b33bead70e71d6523996b6:d0000023-c0""]",1,0,,,[true],[true],"[""succeeded""]","[""select_for_evaluation""]",[0],True,"valid_first; common_head_max, common_head_weighted_mean, known_overall_then_probability, original_index","[""generation_invalid"", ""tool_execution_failure"", ""unstable"", ""not_new""]",False,support-final-d5b33bead70e71d6523996b6:d0000023-c0,False,
