feature,family,cohort,n,train_mean,train_std,normalizer_std,std_floor_applied,mean,standardized_mean,max_abs_z,outside_train_range,abs_z_above3,abs_z_above5
graph.activation_max,graph,dev,50,8.245211232503255,0.6796557435094005,0.6796557435094005,False,8.044701509475708,-0.2950165947133997,2.3731880813718824,1,0,0
graph.activation_max,graph,train,75,8.245211232503255,0.6796557435094005,0.6796557435094005,False,8.245211232503255,7.444276676575138e-17,3.150068304775752,0,1,0
graph.activation_max,graph,all_scored_candidates,239,8.245211232503255,0.6796557435094005,0.6796557435094005,False,8.69828786012019,0.6666266443618584,7.058751510719662,34,25,20
graph.activation_max,graph,selected,224,8.245211232503255,0.6796557435094005,0.6796557435094005,False,8.743020406791143,0.7324431214506488,7.058751510719662,32,25,20
graph.activation_max,graph,first_scored,219,8.245211232503255,0.6796557435094005,0.6796557435094005,False,8.681168199129845,0.641437920285242,7.058751510719662,29,21,16
graph.activation_mean,graph,dev,50,7.485324392137073,0.3651202200733402,0.3651202200733402,False,7.325292966161455,-0.43829790073930464,2.5589287941907313,1,0,0
graph.activation_mean,graph,train,75,7.485324392137073,0.3651202200733402,0.3651202200733402,False,7.485324392137073,-3.728498991032817e-17,2.506905307506296,0,0,0
graph.activation_mean,graph,all_scored_candidates,239,7.485324392137073,0.3651202200733402,0.3651202200733402,False,7.576349125107486,0.24930071786254016,6.725735258824782,30,13,4
graph.activation_mean,graph,selected,224,7.485324392137073,0.3651202200733402,0.3651202200733402,False,7.602216443275851,0.3201467481458524,6.725735258824782,28,13,4
graph.activation_mean,graph,first_scored,219,7.485324392137073,0.3651202200733402,0.3651202200733402,False,7.580520573409388,0.2607255803395195,6.725735258824782,27,11,4
graph.activation_missing,graph,dev,50,0.0,0.0,1.0,True,0.0,0.0,0.0,0,0,0
graph.activation_missing,graph,train,75,0.0,0.0,1.0,True,0.0,0.0,0.0,0,0,0
graph.activation_missing,graph,all_scored_candidates,239,0.0,0.0,1.0,True,0.0,0.0,0.0,0,0,0
graph.activation_missing,graph,selected,224,0.0,0.0,1.0,True,0.0,0.0,0.0,0,0,0
graph.activation_missing,graph,first_scored,219,0.0,0.0,1.0,True,0.0,0.0,0.0,0,0,0
graph.activation_q50,graph,dev,50,7.381662359237671,0.41376001127503154,0.41376001127503154,False,7.248902826309204,-0.3208611980634834,1.9755977181138287,0,0,0
graph.activation_q50,graph,train,75,7.381662359237671,0.41376001127503154,0.41376001127503154,False,7.381662359237671,-5.214925713481478e-16,2.554537248257423,0,0,0
graph.activation_q50,graph,all_scored_candidates,239,7.381662359237671,0.41376001127503154,0.41376001127503154,False,7.4088894233544,0.0658040008091332,5.718067512888472,12,7,1
graph.activation_q50,graph,selected,224,7.381662359237671,0.41376001127503154,0.41376001127503154,False,7.427933997341564,0.11183206893605836,5.718067512888472,12,7,1
graph.activation_q50,graph,first_scored,219,7.381662359237671,0.41376001127503154,0.41376001127503154,False,7.42805181137503,0.1121168089550426,5.718067512888472,12,7,1
graph.activation_q90,graph,dev,50,8.062553998947143,0.592817220762437,0.592817220762437,False,7.87433442401886,-0.31750018106122047,2.422617717500188,1,0,0
graph.activation_q90,graph,train,75,8.062553998947143,0.592817220762437,0.592817220762437,False,8.062553998947143,8.378945685431442e-16,2.9908229977770917,0,0,0
graph.activation_q90,graph,all_scored_candidates,239,8.062553998947143,0.592817220762437,0.592817220762437,False,8.40093788003323,0.5708064294267341,6.964722165653287,34,24,11
graph.activation_q90,graph,selected,224,8.062553998947143,0.592817220762437,0.592817220762437,False,8.446374371009213,0.6474514548825515,6.964722165653287,32,24,11
graph.activation_q90,graph,first_scored,219,8.062553998947143,0.592817220762437,0.592817220762437,False,8.391236046568988,0.5544407890160797,6.964722165653287,29,20,8
graph.activation_q99,graph,dev,50,8.226945509147644,0.6696431086169945,0.6696431086169945,False,8.027664800930022,-0.29759241251536594,2.38227310732688,1,0,0
graph.activation_q99,graph,train,75,8.226945509147644,0.6696431086169945,0.6696431086169945,False,8.226945509147644,2.9513428737952077e-16,3.1422214682208165,0,1,0
graph.activation_q99,graph,all_scored_candidates,239,8.226945509147644,0.6696431086169945,0.6696431086169945,False,8.668552862111495,0.6594667327733678,7.0627258553103305,34,25,20
graph.activation_q99,graph,selected,224,8.226945509147644,0.6696431086169945,0.6696431086169945,False,8.713355803212949,0.726372433026127,7.0627258553103305,32,25,20
graph.activation_q99,graph,first_scored,219,8.226945509147644,0.6696431086169945,0.6696431086169945,False,8.65217498387376,0.635009110456369,7.0627258553103305,29,21,16
graph.activation_std,graph,dev,50,0.5386711278447336,0.2670414361257541,0.2670414361257541,False,0.5105022421863451,-0.1054850740284491,2.017181811406469,0,0,0
graph.activation_std,graph,train,75,0.5386711278447336,0.2670414361257541,0.2670414361257541,False,0.5386711278447336,-1.697253448895708e-16,2.9945116039451936,0,0,0
graph.activation_std,graph,all_scored_candidates,239,0.5386711278447336,0.2670414361257541,0.2670414361257541,False,0.7433001144616991,0.7662817785349328,7.423440787759792,26,26,20
graph.activation_std,graph,selected,224,0.5386711278447336,0.2670414361257541,0.2670414361257541,False,0.7619967946357583,0.83629593231313,7.423440787759792,26,26,20
graph.activation_std,graph,first_scored,219,0.5386711278447336,0.2670414361257541,0.2670414361257541,False,0.7339241408850173,0.7311712214891476,7.137938641094235,22,22,16
graph.degree_max,graph,dev,50,470.8,36.95077807029237,36.95077807029237,False,469.18,-0.043842107923092864,3.5777325107610096,5,3,0
graph.degree_max,graph,train,75,470.8,36.95077807029237,36.95077807029237,False,470.8,-3.0106704166736148e-16,2.5764004162212415,0,0,0
graph.degree_max,graph,all_scored_candidates,239,470.8,36.95077807029237,36.95077807029237,False,578.9665271966527,2.927313925322083,8.313762687638292,131,96,16
graph.degree_max,graph,selected,224,470.8,36.95077807029237,36.95077807029237,False,576.6875,2.8656365448805325,8.313762687638292,121,88,11
graph.degree_max,graph,first_scored,219,470.8,36.95077807029237,36.95077807029237,False,575.5844748858448,2.8357853435862883,6.906485149366185,116,81,12
graph.degree_mean,graph,dev,50,4.729549345759665,1.1866037338805964,1.1866037338805964,False,5.165155548529287,0.36710334742082945,2.192854506912836,1,0,0
graph.degree_mean,graph,train,75,4.729549345759665,1.1866037338805964,1.1866037338805964,False,4.729549345759665,1.410908427127803e-17,3.1926567631463834,0,1,0
graph.degree_mean,graph,all_scored_candidates,239,4.729549345759665,1.1866037338805964,1.1866037338805964,False,4.980746755904885,0.2116944376398677,3.9831361158634335,6,2,0
graph.degree_mean,graph,selected,224,4.729549345759665,1.1866037338805964,1.1866037338805964,False,5.033963474503556,0.2565423654519899,3.9831361158634335,5,2,0
graph.degree_mean,graph,first_scored,219,4.729549345759665,1.1866037338805964,1.1866037338805964,False,5.013865907467427,0.23960531522848882,3.9831361158634335,6,2,0
graph.degree_std,graph,dev,50,31.0651576659005,3.930761790737412,3.930761790737412,False,32.29618738422457,0.3131784076117032,2.4919633033827893,0,0,0
graph.degree_std,graph,train,75,31.0651576659005,3.930761790737412,3.930761790737412,False,31.0651576659005,-4.2831479104184685e-16,2.895110223364243,0,0,0
graph.degree_std,graph,all_scored_candidates,239,31.0651576659005,3.930761790737412,3.930761790737412,False,35.097558195186444,1.0258572622711544,4.94224080995182,16,10,0
graph.degree_std,graph,selected,224,31.0651576659005,3.930761790737412,3.930761790737412,False,35.32437402433367,1.0835600286106741,4.94224080995182,15,10,0
graph.degree_std,graph,first_scored,219,31.0651576659005,3.930761790737412,3.930761790737412,False,35.14093773426735,1.036893173728095,4.94224080995182,16,10,0
graph.density,graph,dev,50,0.0028280398151986114,0.0007912820035540041,0.0007912820035540041,False,0.003053740881204356,0.2852346761230754,1.9666558607258249,0,0,0
graph.density,graph,train,75,0.0028280398151986114,0.0007912820035540041,0.0007912820035540041,False,0.0028280398151986114,-2.6080989220152635e-16,3.1038988553519844,0,1,0
graph.density,graph,all_scored_candidates,239,0.0028280398151986114,0.0007912820035540041,0.0007912820035540041,False,0.002385150138932406,-0.5597115494564372,2.7062781330984165,5,0,0
graph.density,graph,selected,224,0.0028280398151986114,0.0007912820035540041,0.0007912820035540041,False,0.0024231984856710152,-0.5116271161346664,2.3240277108738145,3,0,0
graph.density,graph,first_scored,219,0.0028280398151986114,0.0007912820035540041,0.0007912820035540041,False,0.0024185738347616377,-0.5174716202287901,2.7062781330984165,5,0,0
graph.edge_abs_effective_count,graph,dev,50,199.94392495768082,62.19431095019961,62.19431095019961,False,231.27948097838396,0.5038331567945855,2.568614116035937,1,0,0
graph.edge_abs_effective_count,graph,train,75,199.94392495768082,62.19431095019961,62.19431095019961,False,199.94392495768082,-1.271957076702061e-16,3.350209336451093,0,1,0
graph.edge_abs_effective_count,graph,all_scored_candidates,239,199.94392495768082,62.19431095019961,62.19431095019961,False,229.91185405288104,0.4818435743937452,4.0984773417603995,5,5,0
graph.edge_abs_effective_count,graph,selected,224,199.94392495768082,62.19431095019961,62.19431095019961,False,231.5718704442028,0.5085343820570212,4.0984773417603995,5,5,0
graph.edge_abs_effective_count,graph,first_scored,219,199.94392495768082,62.19431095019961,62.19431095019961,False,230.68391352317133,0.4942572414718882,4.0984773417603995,5,5,0
graph.edge_abs_hhi,graph,dev,50,0.005540402321503671,0.001967955460525497,0.001967955460525497,False,0.004855733965345128,-0.3479084612899311,5.389682274550571,1,1,1
graph.edge_abs_hhi,graph,train,75,0.005540402321503671,0.001967955460525497,0.001967955460525497,False,0.005540402321503671,-6.147859998861804e-17,5.157399549545011,0,1,1
graph.edge_abs_hhi,graph,all_scored_candidates,239,0.005540402321503671,0.001967955460525497,0.001967955460525497,False,0.004901483301507457,-0.3246613212605966,5.715184801045961,5,4,3
graph.edge_abs_hhi,graph,selected,224,0.005540402321503671,0.001967955460525497,0.001967955460525497,False,0.004848491069011709,-0.35158887808731387,5.715184801045961,5,3,3
graph.edge_abs_hhi,graph,first_scored,219,0.005540402321503671,0.001967955460525497,0.001967955460525497,False,0.004917984199186389,-0.3162765290181311,5.715184801045961,5,4,3
graph.edge_abs_sum,graph,dev,50,89.43371834926249,34.287218372457026,34.287218372457026,False,106.10203368729911,0.4861378708815384,2.861511418093127,1,0,0
graph.edge_abs_sum,graph,train,75,89.43371834926249,34.287218372457026,34.287218372457026,False,89.43371834926249,-4.464021744846984e-17,3.4569839431397154,0,1,0
graph.edge_abs_sum,graph,all_scored_candidates,239,89.43371834926249,34.287218372457026,34.287218372457026,False,105.29285647232122,0.46253790408960094,3.8554536044493264,2,3,0
graph.edge_abs_sum,graph,selected,224,89.43371834926249,34.287218372457026,34.287218372457026,False,106.18598915866129,0.4885864647117573,3.8554536044493264,1,3,0
graph.edge_abs_sum,graph,first_scored,219,89.43371834926249,34.287218372457026,34.287218372457026,False,105.79646954064361,0.47722597422849994,3.8554536044493264,2,3,0
graph.edge_abs_top10_share,graph,dev,50,0.14663139604940917,0.037582764510809094,0.037582764510809094,False,0.13084280541800652,-0.42010189609286763,4.563156735711405,1,1,0
graph.edge_abs_top10_share,graph,train,75,0.14663139604940917,0.037582764510809094,0.037582764510809094,False,0.14663139604940917,-1.230034592699288e-16,4.320492506802305,0,1,0
graph.edge_abs_top10_share,graph,all_scored_candidates,239,0.14663139604940917,0.037582764510809094,0.037582764510809094,False,0.13331984419507598,-0.3541929931872015,4.3072289007060744,2,4,0
graph.edge_abs_top10_share,graph,selected,224,0.14663139604940917,0.037582764510809094,0.037582764510809094,False,0.1320542281390281,-0.38786843118442144,4.3072289007060744,2,3,0
graph.edge_abs_top10_share,graph,first_scored,219,0.14663139604940917,0.037582764510809094,0.037582764510809094,False,0.13337468248713827,-0.35273385911933547,4.3072289007060744,2,4,0
graph.edge_abs_top1_share,graph,dev,50,0.021240935260637295,0.007133332006385886,0.007133332006385886,False,0.018442074074129986,-0.39236379072244465,4.104385706399244,0,1,0
graph.edge_abs_top1_share,graph,train,75,0.021240935260637295,0.007133332006385886,0.007133332006385886,False,0.021240935260637295,-3.7003097345481945e-17,4.499457114272361,0,1,0
graph.edge_abs_top1_share,graph,all_scored_candidates,239,0.021240935260637295,0.007133332006385886,0.007133332006385886,False,0.019459232071736193,-0.24977152154225954,8.011770466941776,6,5,3
graph.edge_abs_top1_share,graph,selected,224,0.021240935260637295,0.007133332006385886,0.007133332006385886,False,0.019267150495111473,-0.2766988503771946,8.011770466941776,6,4,3
graph.edge_abs_top1_share,graph,first_scored,219,0.021240935260637295,0.007133332006385886,0.007133332006385886,False,0.019523976902368397,-0.2406951417278554,8.011770466941776,6,5,3
graph.edge_count,graph,dev,50,1995.9066666666668,494.51533642098053,494.51533642098053,False,2206.14,0.42513005735045956,2.540049298418567,0,0,0
graph.edge_count,graph,train,75,1995.9066666666668,494.51533642098053,494.51533642098053,False,1995.9066666666668,-1.7395807017095422e-16,2.9141529639164347,0,0,0
graph.edge_count,graph,all_scored_candidates,239,1995.9066666666668,494.51533642098053,494.51533642098053,False,2616.0376569037658,1.2540177110082222,5.840250282702459,34,31,3
graph.edge_count,graph,selected,224,1995.9066666666668,494.51533642098053,494.51533642098053,False,2627.6026785714284,1.2774042893727353,5.840250282702459,34,31,3
graph.edge_count,graph,first_scored,219,1995.9066666666668,494.51533642098053,494.51533642098053,False,2610.744292237443,1.243313564389367,5.840250282702459,32,29,3
graph.edge_negative_abs_sum,graph,dev,50,45.4711311361116,17.862057222168538,17.862057222168538,False,53.998047111517806,0.4773759186496996,2.869718839242455,1,0,0
graph.edge_negative_abs_sum,graph,train,75,45.4711311361116,17.862057222168538,17.862057222168538,False,45.4711311361116,1.5404344466674047e-16,3.368857530734533,0,1,0
graph.edge_negative_abs_sum,graph,all_scored_candidates,239,45.4711311361116,17.862057222168538,17.862057222168538,False,55.68349575240728,0.5717350744807351,3.923388755337304,7,5,0
graph.edge_negative_abs_sum,graph,selected,224,45.4711311361116,17.862057222168538,17.862057222168538,False,56.27534914543977,0.6048697456818743,3.923388755337304,6,5,0
graph.edge_negative_abs_sum,graph,first_scored,219,45.4711311361116,17.862057222168538,17.862057222168538,False,55.88499036631724,0.5830156683901466,3.923388755337304,7,5,0
graph.edge_negative_fraction,graph,dev,50,0.5015891747259534,0.019646380340309896,0.019646380340309896,False,0.49727288391795954,-0.21969903530462753,1.9853092547699673,0,0,0
graph.edge_negative_fraction,graph,train,75,0.5015891747259534,0.019646380340309896,0.019646380340309896,False,0.5015891747259534,2.2627964317104937e-15,2.057945912141524,0,0,0
graph.edge_negative_fraction,graph,all_scored_candidates,239,0.5015891747259534,0.019646380340309896,0.019646380340309896,False,0.50515431736081,0.18146562232340155,2.9985587295780367,10,0,0
graph.edge_negative_fraction,graph,selected,224,0.5015891747259534,0.019646380340309896,0.019646380340309896,False,0.5050687057533864,0.17710799481437708,2.9985587295780367,8,0,0
graph.edge_negative_fraction,graph,first_scored,219,0.5015891747259534,0.019646380340309896,0.019646380340309896,False,0.5053708469350878,0.192486969285392,2.9985587295780367,8,0,0
graph.edge_positive_sum,graph,dev,50,43.96258721315088,16.74157283818869,16.74157283818869,False,52.103986575781306,0.4862983568699907,2.79867281301532,1,0,0
graph.edge_positive_sum,graph,train,75,43.96258721315088,16.74157283818869,16.74157283818869,False,43.96258721315088,1.618612651318093e-16,3.485672340658585,0,1,0
graph.edge_positive_sum,graph,all_scored_candidates,239,43.96258721315088,16.74157283818869,16.74157283818869,False,49.60936071991394,0.3372905019940763,3.7101045289065713,1,2,0
graph.edge_positive_sum,graph,selected,224,43.96258721315088,16.74157283818869,16.74157283818869,False,49.91064001322151,0.3552863794555018,3.7101045289065713,1,2,0
graph.edge_positive_sum,graph,first_scored,219,43.96258721315088,16.74157283818869,16.74157283818869,False,49.91147917432638,0.35533650384423043,3.7101045289065713,1,2,0
graph.edge_signed_mean,graph,dev,50,-0.000745401013351347,0.0022860991090754602,0.0022860991090754602,False,-0.0007573728752751908,-0.005236807921545219,2.064505598017578,0,0,0
graph.edge_signed_mean,graph,train,75,-0.000745401013351347,0.0022860991090754602,0.0022860991090754602,False,-0.000745401013351347,5.088522196198634e-19,3.0482069914958916,0,1,0
graph.edge_signed_mean,graph,all_scored_candidates,239,-0.000745401013351347,0.0022860991090754602,0.0022860991090754602,False,-0.0021185344211236148,-0.6006447412192849,4.005284116356073,14,12,0
graph.edge_signed_mean,graph,selected,224,-0.000745401013351347,0.0022860991090754602,0.0022860991090754602,False,-0.002227216013028722,-0.6481849338004632,4.005284116356073,14,12,0
graph.edge_signed_mean,graph,first_scored,219,-0.000745401013351347,0.0022860991090754602,0.0022860991090754602,False,-0.0020828121237738825,-0.5850188669044224,4.005284116356073,13,11,0
graph.edge_signed_std,graph,dev,50,0.138703332977763,0.02558500611081406,0.02558500611081406,False,0.1457745079161723,0.2763796462577559,2.1642477877516066,1,0,0
graph.edge_signed_std,graph,train,75,0.138703332977763,0.02558500611081406,0.02558500611081406,False,0.138703332977763,-3.9946055722476597e-16,2.1713351305793718,0,0,0
graph.edge_signed_std,graph,all_scored_candidates,239,0.138703332977763,0.02558500611081406,0.02558500611081406,False,0.1338756016469415,-0.1886937728258328,2.44465197712646,7,0,0
graph.edge_signed_std,graph,selected,224,0.138703332977763,0.02558500611081406,0.02558500611081406,False,0.13441537613455068,-0.16759647524179871,2.2284122188368225,4,0,0
graph.edge_signed_std,graph,first_scored,219,0.138703332977763,0.02558500611081406,0.02558500611081406,False,0.13429704068158796,-0.17222166283996437,2.44465197712646,7,0,0
graph.edge_signed_sum,graph,dev,50,-1.5085439229607194,4.801390932661744,4.801390932661744,False,-1.8940605357364984,-0.08029269396775836,2.404278742228928,0,0,0
graph.edge_signed_sum,graph,train,75,-1.5085439229607194,4.801390932661744,4.801390932661744,False,-1.5085439229607194,-5.116277771814263e-17,3.935262347490745,0,1,0
graph.edge_signed_sum,graph,all_scored_candidates,239,-1.5085439229607194,4.801390932661744,4.801390932661744,False,-6.074135032493344,-0.9508892680400013,5.53860010379865,10,23,1
graph.edge_signed_sum,graph,selected,224,-1.5085439229607194,4.801390932661744,4.801390932661744,False,-6.36470913221826,-1.0114080018402984,5.53860010379865,10,22,1
graph.edge_signed_sum,graph,first_scored,219,-1.5085439229607194,4.801390932661744,4.801390932661744,False,-5.973511191990855,-0.9299320408711012,5.53860010379865,9,19,1
graph.empty_after_pruning,graph,dev,50,0.0,0.0,1.0,True,0.0,0.0,0.0,0,0,0
graph.empty_after_pruning,graph,train,75,0.0,0.0,1.0,True,0.0,0.0,0.0,0,0,0
graph.empty_after_pruning,graph,all_scored_candidates,239,0.0,0.0,1.0,True,0.0,0.0,0.0,0,0,0
graph.empty_after_pruning,graph,selected,224,0.0,0.0,1.0,True,0.0,0.0,0.0,0,0,0
graph.empty_after_pruning,graph,first_scored,219,0.0,0.0,1.0,True,0.0,0.0,0.0,0,0,0
graph.error_influence_fraction,graph,dev,50,0.40541803746157806,0.011722965115680753,0.011722965115680753,False,0.40754741696872,0.181641716590423,3.0929688527987773,1,1,0
graph.error_influence_fraction,graph,train,75,0.40541803746157806,0.011722965115680753,0.011722965115680753,False,0.40541803746157806,-1.2621732362975517e-15,3.3867455816576735,0,1,0
graph.error_influence_fraction,graph,all_scored_candidates,239,0.40541803746157806,0.011722965115680753,0.011722965115680753,False,0.40510848985899733,-0.02640523105939085,3.4634744005714615,2,2,0
graph.error_influence_fraction,graph,selected,224,0.40541803746157806,0.011722965115680753,0.011722965115680753,False,0.40498140153404466,-0.0372462020678855,3.4634744005714615,1,2,0
graph.error_influence_fraction,graph,first_scored,219,0.40541803746157806,0.011722965115680753,0.011722965115680753,False,0.40528123434898183,-0.01166966814677778,3.031551084326068,0,1,0
graph.error_node_count,graph,dev,50,96.0,0.0,1.0,True,96.0,0.0,0.0,0,0,0
graph.error_node_count,graph,train,75,96.0,0.0,1.0,True,96.0,0.0,0.0,0,0,0
graph.error_node_count,graph,all_scored_candidates,239,96.0,0.0,1.0,True,96.0,0.0,0.0,0,0,0
graph.error_node_count,graph,selected,224,96.0,0.0,1.0,True,96.0,0.0,0.0,0,0,0
graph.error_node_count,graph,first_scored,219,96.0,0.0,1.0,True,96.0,0.0,0.0,0,0,0
graph.feature_node_count,graph,dev,50,3.8666666666666667,1.2364824660660938,1.2364824660660938,False,4.4,0.43133109281375365,2.5340701702808026,0,0,0
graph.feature_node_count,graph,train,75,3.8666666666666667,1.2364824660660938,1.2364824660660938,False,3.8666666666666667,-2.590520390792032e-17,2.5340701702808026,0,0,0
graph.feature_node_count,graph,all_scored_candidates,239,3.8666666666666667,1.2364824660660938,1.2364824660660938,False,4.518828451882845,0.5274331040787427,4.960307567358167,16,16,0
graph.feature_node_count,graph,selected,224,3.8666666666666667,1.2364824660660938,1.2364824660660938,False,4.459821428571429,0.4797114218626177,4.960307567358167,10,10,0
graph.feature_node_count,graph,first_scored,219,3.8666666666666667,1.2364824660660938,1.2364824660660938,False,4.525114155251141,0.5325166402717746,4.960307567358167,14,14,0
graph.graph_missing,graph,dev,50,0.0,0.0,1.0,True,0.0,0.0,0.0,0,0,0
graph.graph_missing,graph,train,75,0.0,0.0,1.0,True,0.0,0.0,0.0,0,0,0
graph.graph_missing,graph,all_scored_candidates,239,0.0,0.0,1.0,True,0.0,0.0,0.0,0,0,0
graph.graph_missing,graph,selected,224,0.0,0.0,1.0,True,0.0,0.0,0.0,0,0,0
graph.graph_missing,graph,first_scored,219,0.0,0.0,1.0,True,0.0,0.0,0.0,0,0,0
graph.input_logit_min_hops,graph,dev,50,1.0,0.0,1.0,True,1.0,0.0,0.0,0,0,0
graph.input_logit_min_hops,graph,train,75,1.0,0.0,1.0,True,1.0,0.0,0.0,0,0,0
graph.input_logit_min_hops,graph,all_scored_candidates,239,1.0,0.0,1.0,True,1.0,0.0,0.0,0,0,0
graph.input_logit_min_hops,graph,selected,224,1.0,0.0,1.0,True,1.0,0.0,0.0,0,0,0
graph.input_logit_min_hops,graph,first_scored,219,1.0,0.0,1.0,True,1.0,0.0,0.0,0,0,0
graph.input_logit_min_positive_distance,graph,dev,50,77.05227181470661,32.10128552691214,32.10128552691214,False,77.3831388024982,0.01030697002816905,2.9447406089775168,0,0,0
graph.input_logit_min_positive_distance,graph,train,75,77.05227181470661,32.10128552691214,32.10128552691214,False,77.05227181470661,-3.2725558374302463e-17,5.325913177630962,0,1,1
graph.input_logit_min_positive_distance,graph,all_scored_candidates,239,77.05227181470661,32.10128552691214,32.10128552691214,False,92.57453037589445,0.4835400921304146,6.529138520768154,7,17,4
graph.input_logit_min_positive_distance,graph,selected,224,77.05227181470661,32.10128552691214,32.10128552691214,False,93.11825041145262,0.5004777326838541,6.529138520768154,7,16,4
graph.input_logit_min_positive_distance,graph,first_scored,219,77.05227181470661,32.10128552691214,32.10128552691214,False,93.08778312155786,0.49952863393610414,6.529138520768154,7,15,3
graph.input_logit_path_missing,graph,dev,50,0.0,0.0,1.0,True,0.0,0.0,0.0,0,0,0
graph.input_logit_path_missing,graph,train,75,0.0,0.0,1.0,True,0.0,0.0,0.0,0,0,0
graph.input_logit_path_missing,graph,all_scored_candidates,239,0.0,0.0,1.0,True,0.0,0.0,0.0,0,0,0
graph.input_logit_path_missing,graph,selected,224,0.0,0.0,1.0,True,0.0,0.0,0.0,0,0,0
graph.input_logit_path_missing,graph,first_scored,219,0.0,0.0,1.0,True,0.0,0.0,0.0,0,0,0
graph.input_logit_reachability_missing,graph,dev,50,0.0,0.0,1.0,True,0.0,0.0,0.0,0,0,0
graph.input_logit_reachability_missing,graph,train,75,0.0,0.0,1.0,True,0.0,0.0,0.0,0,0,0
graph.input_logit_reachability_missing,graph,all_scored_candidates,239,0.0,0.0,1.0,True,0.0,0.0,0.0,0,0,0
graph.input_logit_reachability_missing,graph,selected,224,0.0,0.0,1.0,True,0.0,0.0,0.0,0,0,0
graph.input_logit_reachability_missing,graph,first_scored,219,0.0,0.0,1.0,True,0.0,0.0,0.0,0,0,0
graph.input_logit_reachable_logit_fraction,graph,dev,50,1.0,0.0,1.0,True,1.0,0.0,0.0,0,0,0
graph.input_logit_reachable_logit_fraction,graph,train,75,1.0,0.0,1.0,True,1.0,0.0,0.0,0,0,0
graph.input_logit_reachable_logit_fraction,graph,all_scored_candidates,239,1.0,0.0,1.0,True,1.0,0.0,0.0,0,0,0
graph.input_logit_reachable_logit_fraction,graph,selected,224,1.0,0.0,1.0,True,1.0,0.0,0.0,0,0,0
graph.input_logit_reachable_logit_fraction,graph,first_scored,219,1.0,0.0,1.0,True,1.0,0.0,0.0,0,0,0
graph.layer_0_activation_mean,graph,dev,50,0.0,0.0,1.0,True,0.0,0.0,0.0,0,0,0
graph.layer_0_activation_mean,graph,train,75,0.0,0.0,1.0,True,0.0,0.0,0.0,0,0,0
graph.layer_0_activation_mean,graph,all_scored_candidates,239,0.0,0.0,1.0,True,0.0,0.0,0.0,0,0,0
graph.layer_0_activation_mean,graph,selected,224,0.0,0.0,1.0,True,0.0,0.0,0.0,0,0,0
graph.layer_0_activation_mean,graph,first_scored,219,0.0,0.0,1.0,True,0.0,0.0,0.0,0,0,0
graph.layer_0_feature_count,graph,dev,50,0.0,0.0,1.0,True,0.0,0.0,0.0,0,0,0
graph.layer_0_feature_count,graph,train,75,0.0,0.0,1.0,True,0.0,0.0,0.0,0,0,0
graph.layer_0_feature_count,graph,all_scored_candidates,239,0.0,0.0,1.0,True,0.0,0.0,0.0,0,0,0
graph.layer_0_feature_count,graph,selected,224,0.0,0.0,1.0,True,0.0,0.0,0.0,0,0,0
graph.layer_0_feature_count,graph,first_scored,219,0.0,0.0,1.0,True,0.0,0.0,0.0,0,0,0
graph.layer_0_feature_fraction,graph,dev,50,0.0,0.0,1.0,True,0.0,0.0,0.0,0,0,0
graph.layer_0_feature_fraction,graph,train,75,0.0,0.0,1.0,True,0.0,0.0,0.0,0,0,0
graph.layer_0_feature_fraction,graph,all_scored_candidates,239,0.0,0.0,1.0,True,0.0,0.0,0.0,0,0,0
graph.layer_0_feature_fraction,graph,selected,224,0.0,0.0,1.0,True,0.0,0.0,0.0,0,0,0
graph.layer_0_feature_fraction,graph,first_scored,219,0.0,0.0,1.0,True,0.0,0.0,0.0,0,0,0
graph.layer_10_activation_mean,graph,dev,50,0.0,0.0,1.0,True,0.0,0.0,0.0,0,0,0
graph.layer_10_activation_mean,graph,train,75,0.0,0.0,1.0,True,0.0,0.0,0.0,0,0,0
graph.layer_10_activation_mean,graph,all_scored_candidates,239,0.0,0.0,1.0,True,0.0,0.0,0.0,0,0,0
graph.layer_10_activation_mean,graph,selected,224,0.0,0.0,1.0,True,0.0,0.0,0.0,0,0,0
graph.layer_10_activation_mean,graph,first_scored,219,0.0,0.0,1.0,True,0.0,0.0,0.0,0,0,0
graph.layer_10_feature_count,graph,dev,50,0.0,0.0,1.0,True,0.0,0.0,0.0,0,0,0
graph.layer_10_feature_count,graph,train,75,0.0,0.0,1.0,True,0.0,0.0,0.0,0,0,0
graph.layer_10_feature_count,graph,all_scored_candidates,239,0.0,0.0,1.0,True,0.0,0.0,0.0,0,0,0
graph.layer_10_feature_count,graph,selected,224,0.0,0.0,1.0,True,0.0,0.0,0.0,0,0,0
graph.layer_10_feature_count,graph,first_scored,219,0.0,0.0,1.0,True,0.0,0.0,0.0,0,0,0
graph.layer_10_feature_fraction,graph,dev,50,0.0,0.0,1.0,True,0.0,0.0,0.0,0,0,0
graph.layer_10_feature_fraction,graph,train,75,0.0,0.0,1.0,True,0.0,0.0,0.0,0,0,0
graph.layer_10_feature_fraction,graph,all_scored_candidates,239,0.0,0.0,1.0,True,0.0,0.0,0.0,0,0,0
graph.layer_10_feature_fraction,graph,selected,224,0.0,0.0,1.0,True,0.0,0.0,0.0,0,0,0
graph.layer_10_feature_fraction,graph,first_scored,219,0.0,0.0,1.0,True,0.0,0.0,0.0,0,0,0
graph.layer_11_activation_mean,graph,dev,50,0.0,0.0,1.0,True,0.0,0.0,0.0,0,0,0
graph.layer_11_activation_mean,graph,train,75,0.0,0.0,1.0,True,0.0,0.0,0.0,0,0,0
graph.layer_11_activation_mean,graph,all_scored_candidates,239,0.0,0.0,1.0,True,0.0,0.0,0.0,0,0,0
graph.layer_11_activation_mean,graph,selected,224,0.0,0.0,1.0,True,0.0,0.0,0.0,0,0,0
graph.layer_11_activation_mean,graph,first_scored,219,0.0,0.0,1.0,True,0.0,0.0,0.0,0,0,0
graph.layer_11_feature_count,graph,dev,50,0.0,0.0,1.0,True,0.0,0.0,0.0,0,0,0
graph.layer_11_feature_count,graph,train,75,0.0,0.0,1.0,True,0.0,0.0,0.0,0,0,0
graph.layer_11_feature_count,graph,all_scored_candidates,239,0.0,0.0,1.0,True,0.0,0.0,0.0,0,0,0
graph.layer_11_feature_count,graph,selected,224,0.0,0.0,1.0,True,0.0,0.0,0.0,0,0,0
graph.layer_11_feature_count,graph,first_scored,219,0.0,0.0,1.0,True,0.0,0.0,0.0,0,0,0
graph.layer_11_feature_fraction,graph,dev,50,0.0,0.0,1.0,True,0.0,0.0,0.0,0,0,0
graph.layer_11_feature_fraction,graph,train,75,0.0,0.0,1.0,True,0.0,0.0,0.0,0,0,0
graph.layer_11_feature_fraction,graph,all_scored_candidates,239,0.0,0.0,1.0,True,0.0,0.0,0.0,0,0,0
graph.layer_11_feature_fraction,graph,selected,224,0.0,0.0,1.0,True,0.0,0.0,0.0,0,0,0
graph.layer_11_feature_fraction,graph,first_scored,219,0.0,0.0,1.0,True,0.0,0.0,0.0,0,0,0
graph.layer_12_activation_mean,graph,dev,50,0.0,0.0,1.0,True,0.0,0.0,0.0,0,0,0
graph.layer_12_activation_mean,graph,train,75,0.0,0.0,1.0,True,0.0,0.0,0.0,0,0,0
graph.layer_12_activation_mean,graph,all_scored_candidates,239,0.0,0.0,1.0,True,0.0,0.0,0.0,0,0,0
graph.layer_12_activation_mean,graph,selected,224,0.0,0.0,1.0,True,0.0,0.0,0.0,0,0,0
graph.layer_12_activation_mean,graph,first_scored,219,0.0,0.0,1.0,True,0.0,0.0,0.0,0,0,0
graph.layer_12_feature_count,graph,dev,50,0.0,0.0,1.0,True,0.0,0.0,0.0,0,0,0
graph.layer_12_feature_count,graph,train,75,0.0,0.0,1.0,True,0.0,0.0,0.0,0,0,0
graph.layer_12_feature_count,graph,all_scored_candidates,239,0.0,0.0,1.0,True,0.0,0.0,0.0,0,0,0
graph.layer_12_feature_count,graph,selected,224,0.0,0.0,1.0,True,0.0,0.0,0.0,0,0,0
graph.layer_12_feature_count,graph,first_scored,219,0.0,0.0,1.0,True,0.0,0.0,0.0,0,0,0
graph.layer_12_feature_fraction,graph,dev,50,0.0,0.0,1.0,True,0.0,0.0,0.0,0,0,0
graph.layer_12_feature_fraction,graph,train,75,0.0,0.0,1.0,True,0.0,0.0,0.0,0,0,0
graph.layer_12_feature_fraction,graph,all_scored_candidates,239,0.0,0.0,1.0,True,0.0,0.0,0.0,0,0,0
graph.layer_12_feature_fraction,graph,selected,224,0.0,0.0,1.0,True,0.0,0.0,0.0,0,0,0
graph.layer_12_feature_fraction,graph,first_scored,219,0.0,0.0,1.0,True,0.0,0.0,0.0,0,0,0
graph.layer_13_activation_mean,graph,dev,50,0.0,0.0,1.0,True,0.0,0.0,0.0,0,0,0
graph.layer_13_activation_mean,graph,train,75,0.0,0.0,1.0,True,0.0,0.0,0.0,0,0,0
graph.layer_13_activation_mean,graph,all_scored_candidates,239,0.0,0.0,1.0,True,0.0,0.0,0.0,0,0,0
graph.layer_13_activation_mean,graph,selected,224,0.0,0.0,1.0,True,0.0,0.0,0.0,0,0,0
graph.layer_13_activation_mean,graph,first_scored,219,0.0,0.0,1.0,True,0.0,0.0,0.0,0,0,0
graph.layer_13_feature_count,graph,dev,50,0.0,0.0,1.0,True,0.0,0.0,0.0,0,0,0
graph.layer_13_feature_count,graph,train,75,0.0,0.0,1.0,True,0.0,0.0,0.0,0,0,0
graph.layer_13_feature_count,graph,all_scored_candidates,239,0.0,0.0,1.0,True,0.0,0.0,0.0,0,0,0
graph.layer_13_feature_count,graph,selected,224,0.0,0.0,1.0,True,0.0,0.0,0.0,0,0,0
graph.layer_13_feature_count,graph,first_scored,219,0.0,0.0,1.0,True,0.0,0.0,0.0,0,0,0
graph.layer_13_feature_fraction,graph,dev,50,0.0,0.0,1.0,True,0.0,0.0,0.0,0,0,0
graph.layer_13_feature_fraction,graph,train,75,0.0,0.0,1.0,True,0.0,0.0,0.0,0,0,0
graph.layer_13_feature_fraction,graph,all_scored_candidates,239,0.0,0.0,1.0,True,0.0,0.0,0.0,0,0,0
graph.layer_13_feature_fraction,graph,selected,224,0.0,0.0,1.0,True,0.0,0.0,0.0,0,0,0
graph.layer_13_feature_fraction,graph,first_scored,219,0.0,0.0,1.0,True,0.0,0.0,0.0,0,0,0
graph.layer_14_activation_mean,graph,dev,50,0.0,0.0,1.0,True,0.0,0.0,0.0,0,0,0
graph.layer_14_activation_mean,graph,train,75,0.0,0.0,1.0,True,0.0,0.0,0.0,0,0,0
graph.layer_14_activation_mean,graph,all_scored_candidates,239,0.0,0.0,1.0,True,0.0,0.0,0.0,0,0,0
graph.layer_14_activation_mean,graph,selected,224,0.0,0.0,1.0,True,0.0,0.0,0.0,0,0,0
graph.layer_14_activation_mean,graph,first_scored,219,0.0,0.0,1.0,True,0.0,0.0,0.0,0,0,0
graph.layer_14_feature_count,graph,dev,50,0.0,0.0,1.0,True,0.0,0.0,0.0,0,0,0
graph.layer_14_feature_count,graph,train,75,0.0,0.0,1.0,True,0.0,0.0,0.0,0,0,0
graph.layer_14_feature_count,graph,all_scored_candidates,239,0.0,0.0,1.0,True,0.0,0.0,0.0,0,0,0
graph.layer_14_feature_count,graph,selected,224,0.0,0.0,1.0,True,0.0,0.0,0.0,0,0,0
graph.layer_14_feature_count,graph,first_scored,219,0.0,0.0,1.0,True,0.0,0.0,0.0,0,0,0
graph.layer_14_feature_fraction,graph,dev,50,0.0,0.0,1.0,True,0.0,0.0,0.0,0,0,0
graph.layer_14_feature_fraction,graph,train,75,0.0,0.0,1.0,True,0.0,0.0,0.0,0,0,0
graph.layer_14_feature_fraction,graph,all_scored_candidates,239,0.0,0.0,1.0,True,0.0,0.0,0.0,0,0,0
graph.layer_14_feature_fraction,graph,selected,224,0.0,0.0,1.0,True,0.0,0.0,0.0,0,0,0
graph.layer_14_feature_fraction,graph,first_scored,219,0.0,0.0,1.0,True,0.0,0.0,0.0,0,0,0
graph.layer_15_activation_mean,graph,dev,50,0.0,0.0,1.0,True,0.0,0.0,0.0,0,0,0
graph.layer_15_activation_mean,graph,train,75,0.0,0.0,1.0,True,0.0,0.0,0.0,0,0,0
graph.layer_15_activation_mean,graph,all_scored_candidates,239,0.0,0.0,1.0,True,0.0,0.0,0.0,0,0,0
graph.layer_15_activation_mean,graph,selected,224,0.0,0.0,1.0,True,0.0,0.0,0.0,0,0,0
graph.layer_15_activation_mean,graph,first_scored,219,0.0,0.0,1.0,True,0.0,0.0,0.0,0,0,0
graph.layer_15_feature_count,graph,dev,50,0.0,0.0,1.0,True,0.0,0.0,0.0,0,0,0
graph.layer_15_feature_count,graph,train,75,0.0,0.0,1.0,True,0.0,0.0,0.0,0,0,0
graph.layer_15_feature_count,graph,all_scored_candidates,239,0.0,0.0,1.0,True,0.0,0.0,0.0,0,0,0
graph.layer_15_feature_count,graph,selected,224,0.0,0.0,1.0,True,0.0,0.0,0.0,0,0,0
graph.layer_15_feature_count,graph,first_scored,219,0.0,0.0,1.0,True,0.0,0.0,0.0,0,0,0
graph.layer_15_feature_fraction,graph,dev,50,0.0,0.0,1.0,True,0.0,0.0,0.0,0,0,0
graph.layer_15_feature_fraction,graph,train,75,0.0,0.0,1.0,True,0.0,0.0,0.0,0,0,0
graph.layer_15_feature_fraction,graph,all_scored_candidates,239,0.0,0.0,1.0,True,0.0,0.0,0.0,0,0,0
graph.layer_15_feature_fraction,graph,selected,224,0.0,0.0,1.0,True,0.0,0.0,0.0,0,0,0
graph.layer_15_feature_fraction,graph,first_scored,219,0.0,0.0,1.0,True,0.0,0.0,0.0,0,0,0
graph.layer_16_activation_mean,graph,dev,50,0.0,0.0,1.0,True,0.0,0.0,0.0,0,0,0
graph.layer_16_activation_mean,graph,train,75,0.0,0.0,1.0,True,0.0,0.0,0.0,0,0,0
graph.layer_16_activation_mean,graph,all_scored_candidates,239,0.0,0.0,1.0,True,0.0,0.0,0.0,0,0,0
graph.layer_16_activation_mean,graph,selected,224,0.0,0.0,1.0,True,0.0,0.0,0.0,0,0,0
graph.layer_16_activation_mean,graph,first_scored,219,0.0,0.0,1.0,True,0.0,0.0,0.0,0,0,0
graph.layer_16_feature_count,graph,dev,50,0.0,0.0,1.0,True,0.0,0.0,0.0,0,0,0
graph.layer_16_feature_count,graph,train,75,0.0,0.0,1.0,True,0.0,0.0,0.0,0,0,0
graph.layer_16_feature_count,graph,all_scored_candidates,239,0.0,0.0,1.0,True,0.0,0.0,0.0,0,0,0
graph.layer_16_feature_count,graph,selected,224,0.0,0.0,1.0,True,0.0,0.0,0.0,0,0,0
graph.layer_16_feature_count,graph,first_scored,219,0.0,0.0,1.0,True,0.0,0.0,0.0,0,0,0
graph.layer_16_feature_fraction,graph,dev,50,0.0,0.0,1.0,True,0.0,0.0,0.0,0,0,0
graph.layer_16_feature_fraction,graph,train,75,0.0,0.0,1.0,True,0.0,0.0,0.0,0,0,0
graph.layer_16_feature_fraction,graph,all_scored_candidates,239,0.0,0.0,1.0,True,0.0,0.0,0.0,0,0,0
graph.layer_16_feature_fraction,graph,selected,224,0.0,0.0,1.0,True,0.0,0.0,0.0,0,0,0
graph.layer_16_feature_fraction,graph,first_scored,219,0.0,0.0,1.0,True,0.0,0.0,0.0,0,0,0
graph.layer_17_activation_mean,graph,dev,50,0.0,0.0,1.0,True,0.0,0.0,0.0,0,0,0
graph.layer_17_activation_mean,graph,train,75,0.0,0.0,1.0,True,0.0,0.0,0.0,0,0,0
graph.layer_17_activation_mean,graph,all_scored_candidates,239,0.0,0.0,1.0,True,0.0,0.0,0.0,0,0,0
graph.layer_17_activation_mean,graph,selected,224,0.0,0.0,1.0,True,0.0,0.0,0.0,0,0,0
graph.layer_17_activation_mean,graph,first_scored,219,0.0,0.0,1.0,True,0.0,0.0,0.0,0,0,0
graph.layer_17_feature_count,graph,dev,50,0.0,0.0,1.0,True,0.0,0.0,0.0,0,0,0
graph.layer_17_feature_count,graph,train,75,0.0,0.0,1.0,True,0.0,0.0,0.0,0,0,0
graph.layer_17_feature_count,graph,all_scored_candidates,239,0.0,0.0,1.0,True,0.0,0.0,0.0,0,0,0
graph.layer_17_feature_count,graph,selected,224,0.0,0.0,1.0,True,0.0,0.0,0.0,0,0,0
graph.layer_17_feature_count,graph,first_scored,219,0.0,0.0,1.0,True,0.0,0.0,0.0,0,0,0
graph.layer_17_feature_fraction,graph,dev,50,0.0,0.0,1.0,True,0.0,0.0,0.0,0,0,0
graph.layer_17_feature_fraction,graph,train,75,0.0,0.0,1.0,True,0.0,0.0,0.0,0,0,0
graph.layer_17_feature_fraction,graph,all_scored_candidates,239,0.0,0.0,1.0,True,0.0,0.0,0.0,0,0,0
graph.layer_17_feature_fraction,graph,selected,224,0.0,0.0,1.0,True,0.0,0.0,0.0,0,0,0
graph.layer_17_feature_fraction,graph,first_scored,219,0.0,0.0,1.0,True,0.0,0.0,0.0,0,0,0
graph.layer_18_activation_mean,graph,dev,50,0.0,0.0,1.0,True,0.0,0.0,0.0,0,0,0
graph.layer_18_activation_mean,graph,train,75,0.0,0.0,1.0,True,0.0,0.0,0.0,0,0,0
graph.layer_18_activation_mean,graph,all_scored_candidates,239,0.0,0.0,1.0,True,0.0,0.0,0.0,0,0,0
graph.layer_18_activation_mean,graph,selected,224,0.0,0.0,1.0,True,0.0,0.0,0.0,0,0,0
graph.layer_18_activation_mean,graph,first_scored,219,0.0,0.0,1.0,True,0.0,0.0,0.0,0,0,0
graph.layer_18_feature_count,graph,dev,50,0.0,0.0,1.0,True,0.0,0.0,0.0,0,0,0
graph.layer_18_feature_count,graph,train,75,0.0,0.0,1.0,True,0.0,0.0,0.0,0,0,0
graph.layer_18_feature_count,graph,all_scored_candidates,239,0.0,0.0,1.0,True,0.0,0.0,0.0,0,0,0
graph.layer_18_feature_count,graph,selected,224,0.0,0.0,1.0,True,0.0,0.0,0.0,0,0,0
graph.layer_18_feature_count,graph,first_scored,219,0.0,0.0,1.0,True,0.0,0.0,0.0,0,0,0
graph.layer_18_feature_fraction,graph,dev,50,0.0,0.0,1.0,True,0.0,0.0,0.0,0,0,0
graph.layer_18_feature_fraction,graph,train,75,0.0,0.0,1.0,True,0.0,0.0,0.0,0,0,0
graph.layer_18_feature_fraction,graph,all_scored_candidates,239,0.0,0.0,1.0,True,0.0,0.0,0.0,0,0,0
graph.layer_18_feature_fraction,graph,selected,224,0.0,0.0,1.0,True,0.0,0.0,0.0,0,0,0
graph.layer_18_feature_fraction,graph,first_scored,219,0.0,0.0,1.0,True,0.0,0.0,0.0,0,0,0
graph.layer_19_activation_mean,graph,dev,50,0.0,0.0,1.0,True,0.0,0.0,0.0,0,0,0
graph.layer_19_activation_mean,graph,train,75,0.0,0.0,1.0,True,0.0,0.0,0.0,0,0,0
graph.layer_19_activation_mean,graph,all_scored_candidates,239,0.0,0.0,1.0,True,0.0,0.0,0.0,0,0,0
graph.layer_19_activation_mean,graph,selected,224,0.0,0.0,1.0,True,0.0,0.0,0.0,0,0,0
graph.layer_19_activation_mean,graph,first_scored,219,0.0,0.0,1.0,True,0.0,0.0,0.0,0,0,0
graph.layer_19_feature_count,graph,dev,50,0.0,0.0,1.0,True,0.0,0.0,0.0,0,0,0
graph.layer_19_feature_count,graph,train,75,0.0,0.0,1.0,True,0.0,0.0,0.0,0,0,0
graph.layer_19_feature_count,graph,all_scored_candidates,239,0.0,0.0,1.0,True,0.0,0.0,0.0,0,0,0
graph.layer_19_feature_count,graph,selected,224,0.0,0.0,1.0,True,0.0,0.0,0.0,0,0,0
graph.layer_19_feature_count,graph,first_scored,219,0.0,0.0,1.0,True,0.0,0.0,0.0,0,0,0
graph.layer_19_feature_fraction,graph,dev,50,0.0,0.0,1.0,True,0.0,0.0,0.0,0,0,0
graph.layer_19_feature_fraction,graph,train,75,0.0,0.0,1.0,True,0.0,0.0,0.0,0,0,0
graph.layer_19_feature_fraction,graph,all_scored_candidates,239,0.0,0.0,1.0,True,0.0,0.0,0.0,0,0,0
graph.layer_19_feature_fraction,graph,selected,224,0.0,0.0,1.0,True,0.0,0.0,0.0,0,0,0
graph.layer_19_feature_fraction,graph,first_scored,219,0.0,0.0,1.0,True,0.0,0.0,0.0,0,0,0
graph.layer_1_activation_mean,graph,dev,50,0.0,0.0,1.0,True,0.0,0.0,0.0,0,0,0
graph.layer_1_activation_mean,graph,train,75,0.0,0.0,1.0,True,0.0,0.0,0.0,0,0,0
graph.layer_1_activation_mean,graph,all_scored_candidates,239,0.0,0.0,1.0,True,0.0,0.0,0.0,0,0,0
graph.layer_1_activation_mean,graph,selected,224,0.0,0.0,1.0,True,0.0,0.0,0.0,0,0,0
graph.layer_1_activation_mean,graph,first_scored,219,0.0,0.0,1.0,True,0.0,0.0,0.0,0,0,0
graph.layer_1_feature_count,graph,dev,50,0.0,0.0,1.0,True,0.0,0.0,0.0,0,0,0
graph.layer_1_feature_count,graph,train,75,0.0,0.0,1.0,True,0.0,0.0,0.0,0,0,0
graph.layer_1_feature_count,graph,all_scored_candidates,239,0.0,0.0,1.0,True,0.0,0.0,0.0,0,0,0
graph.layer_1_feature_count,graph,selected,224,0.0,0.0,1.0,True,0.0,0.0,0.0,0,0,0
graph.layer_1_feature_count,graph,first_scored,219,0.0,0.0,1.0,True,0.0,0.0,0.0,0,0,0
graph.layer_1_feature_fraction,graph,dev,50,0.0,0.0,1.0,True,0.0,0.0,0.0,0,0,0
graph.layer_1_feature_fraction,graph,train,75,0.0,0.0,1.0,True,0.0,0.0,0.0,0,0,0
graph.layer_1_feature_fraction,graph,all_scored_candidates,239,0.0,0.0,1.0,True,0.0,0.0,0.0,0,0,0
graph.layer_1_feature_fraction,graph,selected,224,0.0,0.0,1.0,True,0.0,0.0,0.0,0,0,0
graph.layer_1_feature_fraction,graph,first_scored,219,0.0,0.0,1.0,True,0.0,0.0,0.0,0,0,0
graph.layer_20_activation_mean,graph,dev,50,0.0,0.0,1.0,True,0.0,0.0,0.0,0,0,0
graph.layer_20_activation_mean,graph,train,75,0.0,0.0,1.0,True,0.0,0.0,0.0,0,0,0
graph.layer_20_activation_mean,graph,all_scored_candidates,239,0.0,0.0,1.0,True,0.0,0.0,0.0,0,0,0
graph.layer_20_activation_mean,graph,selected,224,0.0,0.0,1.0,True,0.0,0.0,0.0,0,0,0
graph.layer_20_activation_mean,graph,first_scored,219,0.0,0.0,1.0,True,0.0,0.0,0.0,0,0,0
graph.layer_20_feature_count,graph,dev,50,0.0,0.0,1.0,True,0.0,0.0,0.0,0,0,0
graph.layer_20_feature_count,graph,train,75,0.0,0.0,1.0,True,0.0,0.0,0.0,0,0,0
graph.layer_20_feature_count,graph,all_scored_candidates,239,0.0,0.0,1.0,True,0.0,0.0,0.0,0,0,0
graph.layer_20_feature_count,graph,selected,224,0.0,0.0,1.0,True,0.0,0.0,0.0,0,0,0
graph.layer_20_feature_count,graph,first_scored,219,0.0,0.0,1.0,True,0.0,0.0,0.0,0,0,0
graph.layer_20_feature_fraction,graph,dev,50,0.0,0.0,1.0,True,0.0,0.0,0.0,0,0,0
graph.layer_20_feature_fraction,graph,train,75,0.0,0.0,1.0,True,0.0,0.0,0.0,0,0,0
graph.layer_20_feature_fraction,graph,all_scored_candidates,239,0.0,0.0,1.0,True,0.0,0.0,0.0,0,0,0
graph.layer_20_feature_fraction,graph,selected,224,0.0,0.0,1.0,True,0.0,0.0,0.0,0,0,0
graph.layer_20_feature_fraction,graph,first_scored,219,0.0,0.0,1.0,True,0.0,0.0,0.0,0,0,0
graph.layer_21_activation_mean,graph,dev,50,0.0,0.0,1.0,True,0.0,0.0,0.0,0,0,0
graph.layer_21_activation_mean,graph,train,75,0.0,0.0,1.0,True,0.0,0.0,0.0,0,0,0
graph.layer_21_activation_mean,graph,all_scored_candidates,239,0.0,0.0,1.0,True,0.0,0.0,0.0,0,0,0
graph.layer_21_activation_mean,graph,selected,224,0.0,0.0,1.0,True,0.0,0.0,0.0,0,0,0
graph.layer_21_activation_mean,graph,first_scored,219,0.0,0.0,1.0,True,0.0,0.0,0.0,0,0,0
graph.layer_21_feature_count,graph,dev,50,0.0,0.0,1.0,True,0.0,0.0,0.0,0,0,0
graph.layer_21_feature_count,graph,train,75,0.0,0.0,1.0,True,0.0,0.0,0.0,0,0,0
graph.layer_21_feature_count,graph,all_scored_candidates,239,0.0,0.0,1.0,True,0.0,0.0,0.0,0,0,0
graph.layer_21_feature_count,graph,selected,224,0.0,0.0,1.0,True,0.0,0.0,0.0,0,0,0
graph.layer_21_feature_count,graph,first_scored,219,0.0,0.0,1.0,True,0.0,0.0,0.0,0,0,0
graph.layer_21_feature_fraction,graph,dev,50,0.0,0.0,1.0,True,0.0,0.0,0.0,0,0,0
graph.layer_21_feature_fraction,graph,train,75,0.0,0.0,1.0,True,0.0,0.0,0.0,0,0,0
graph.layer_21_feature_fraction,graph,all_scored_candidates,239,0.0,0.0,1.0,True,0.0,0.0,0.0,0,0,0
graph.layer_21_feature_fraction,graph,selected,224,0.0,0.0,1.0,True,0.0,0.0,0.0,0,0,0
graph.layer_21_feature_fraction,graph,first_scored,219,0.0,0.0,1.0,True,0.0,0.0,0.0,0,0,0
graph.layer_22_activation_mean,graph,dev,50,0.17572084426879883,1.061621519909432,1.061621519909432,False,0.0,-0.16552117772046457,0.16552117772046457,0,0,0
graph.layer_22_activation_mean,graph,train,75,0.17572084426879883,1.061621519909432,1.061621519909432,False,0.17572084426879883,-2.590520390792032e-18,6.0415250080137195,0,2,2
graph.layer_22_activation_mean,graph,all_scored_candidates,239,0.17572084426879883,1.061621519909432,1.061621519909432,False,0.19299860479442643,0.016274877818133898,6.041515575668826,0,7,7
graph.layer_22_activation_mean,graph,selected,224,0.17572084426879883,1.061621519909432,1.061621519909432,False,0.20592261850833893,0.02844872082295076,6.041515575668826,0,7,7
graph.layer_22_activation_mean,graph,first_scored,219,0.17572084426879883,1.061621519909432,1.061621519909432,False,0.21062404815464802,0.03287725731937577,6.041515575668826,0,7,7
graph.layer_22_feature_count,graph,dev,50,0.02666666666666667,0.16110727964792765,0.16110727964792765,False,0.0,-0.1655211777204736,0.1655211777204736,0,0,0
graph.layer_22_feature_count,graph,train,75,0.02666666666666667,0.16110727964792765,0.16110727964792765,False,0.02666666666666667,-1.924386576016938e-17,6.041522986797285,0,2,2
graph.layer_22_feature_count,graph,all_scored_candidates,239,0.02666666666666667,0.16110727964792765,0.16110727964792765,False,0.029288702928870293,0.016275094880464955,6.041522986797285,0,7,7
graph.layer_22_feature_count,graph,selected,224,0.02666666666666667,0.16110727964792765,0.16110727964792765,False,0.03125,0.028448952420706376,6.041522986797285,0,7,7
graph.layer_22_feature_count,graph,first_scored,219,0.02666666666666667,0.16110727964792765,0.16110727964792765,False,0.0319634703196347,0.03287749420475158,6.041522986797285,0,7,7
graph.layer_22_feature_fraction,graph,dev,50,0.0041269841269841265,0.02500894271902366,0.02500894271902366,False,0.0,-0.1650203358594938,0.1650203358594938,0,0,0
graph.layer_22_feature_fraction,graph,train,75,0.0041269841269841265,0.02500894271902366,0.02500894271902366,False,0.0041269841269841265,3.14563190310461e-17,6.499262458466219,0,2,2
graph.layer_22_feature_fraction,graph,all_scored_candidates,239,0.0041269841269841265,0.02500894271902366,0.02500894271902366,False,0.004380022580859401,0.01011791888678264,7.832119017331362,2,7,4
graph.layer_22_feature_fraction,graph,selected,224,0.0041269841269841265,0.02500894271902366,0.02500894271902366,False,0.004673327664399093,0.021845927017113652,7.832119017331362,2,7,4
graph.layer_22_feature_fraction,graph,first_scored,219,0.0041269841269841265,0.02500894271902366,0.02500894271902366,False,0.004780024643038342,0.02611228005082615,7.832119017331362,2,7,4
graph.layer_23_activation_mean,graph,dev,50,0.0,0.0,1.0,True,0.0,0.0,0.0,0,0,0
graph.layer_23_activation_mean,graph,train,75,0.0,0.0,1.0,True,0.0,0.0,0.0,0,0,0
graph.layer_23_activation_mean,graph,all_scored_candidates,239,0.0,0.0,1.0,True,0.0,0.0,0.0,0,0,0
graph.layer_23_activation_mean,graph,selected,224,0.0,0.0,1.0,True,0.0,0.0,0.0,0,0,0
graph.layer_23_activation_mean,graph,first_scored,219,0.0,0.0,1.0,True,0.0,0.0,0.0,0,0,0
graph.layer_23_feature_count,graph,dev,50,0.0,0.0,1.0,True,0.0,0.0,0.0,0,0,0
graph.layer_23_feature_count,graph,train,75,0.0,0.0,1.0,True,0.0,0.0,0.0,0,0,0
graph.layer_23_feature_count,graph,all_scored_candidates,239,0.0,0.0,1.0,True,0.0,0.0,0.0,0,0,0
graph.layer_23_feature_count,graph,selected,224,0.0,0.0,1.0,True,0.0,0.0,0.0,0,0,0
graph.layer_23_feature_count,graph,first_scored,219,0.0,0.0,1.0,True,0.0,0.0,0.0,0,0,0
graph.layer_23_feature_fraction,graph,dev,50,0.0,0.0,1.0,True,0.0,0.0,0.0,0,0,0
graph.layer_23_feature_fraction,graph,train,75,0.0,0.0,1.0,True,0.0,0.0,0.0,0,0,0
graph.layer_23_feature_fraction,graph,all_scored_candidates,239,0.0,0.0,1.0,True,0.0,0.0,0.0,0,0,0
graph.layer_23_feature_fraction,graph,selected,224,0.0,0.0,1.0,True,0.0,0.0,0.0,0,0,0
graph.layer_23_feature_fraction,graph,first_scored,219,0.0,0.0,1.0,True,0.0,0.0,0.0,0,0,0
graph.layer_24_activation_mean,graph,dev,50,0.0,0.0,1.0,True,0.0,0.0,0.0,0,0,0
graph.layer_24_activation_mean,graph,train,75,0.0,0.0,1.0,True,0.0,0.0,0.0,0,0,0
graph.layer_24_activation_mean,graph,all_scored_candidates,239,0.0,0.0,1.0,True,0.0,0.0,0.0,0,0,0
graph.layer_24_activation_mean,graph,selected,224,0.0,0.0,1.0,True,0.0,0.0,0.0,0,0,0
graph.layer_24_activation_mean,graph,first_scored,219,0.0,0.0,1.0,True,0.0,0.0,0.0,0,0,0
graph.layer_24_feature_count,graph,dev,50,0.0,0.0,1.0,True,0.0,0.0,0.0,0,0,0
graph.layer_24_feature_count,graph,train,75,0.0,0.0,1.0,True,0.0,0.0,0.0,0,0,0
graph.layer_24_feature_count,graph,all_scored_candidates,239,0.0,0.0,1.0,True,0.0,0.0,0.0,0,0,0
graph.layer_24_feature_count,graph,selected,224,0.0,0.0,1.0,True,0.0,0.0,0.0,0,0,0
graph.layer_24_feature_count,graph,first_scored,219,0.0,0.0,1.0,True,0.0,0.0,0.0,0,0,0
graph.layer_24_feature_fraction,graph,dev,50,0.0,0.0,1.0,True,0.0,0.0,0.0,0,0,0
graph.layer_24_feature_fraction,graph,train,75,0.0,0.0,1.0,True,0.0,0.0,0.0,0,0,0
graph.layer_24_feature_fraction,graph,all_scored_candidates,239,0.0,0.0,1.0,True,0.0,0.0,0.0,0,0,0
graph.layer_24_feature_fraction,graph,selected,224,0.0,0.0,1.0,True,0.0,0.0,0.0,0,0,0
graph.layer_24_feature_fraction,graph,first_scored,219,0.0,0.0,1.0,True,0.0,0.0,0.0,0,0,0
graph.layer_25_activation_mean,graph,dev,50,0.0,0.0,1.0,True,0.0,0.0,0.0,0,0,0
graph.layer_25_activation_mean,graph,train,75,0.0,0.0,1.0,True,0.0,0.0,0.0,0,0,0
graph.layer_25_activation_mean,graph,all_scored_candidates,239,0.0,0.0,1.0,True,0.0,0.0,0.0,0,0,0
graph.layer_25_activation_mean,graph,selected,224,0.0,0.0,1.0,True,0.0,0.0,0.0,0,0,0
graph.layer_25_activation_mean,graph,first_scored,219,0.0,0.0,1.0,True,0.0,0.0,0.0,0,0,0
graph.layer_25_feature_count,graph,dev,50,0.0,0.0,1.0,True,0.0,0.0,0.0,0,0,0
graph.layer_25_feature_count,graph,train,75,0.0,0.0,1.0,True,0.0,0.0,0.0,0,0,0
graph.layer_25_feature_count,graph,all_scored_candidates,239,0.0,0.0,1.0,True,0.0,0.0,0.0,0,0,0
graph.layer_25_feature_count,graph,selected,224,0.0,0.0,1.0,True,0.0,0.0,0.0,0,0,0
graph.layer_25_feature_count,graph,first_scored,219,0.0,0.0,1.0,True,0.0,0.0,0.0,0,0,0
graph.layer_25_feature_fraction,graph,dev,50,0.0,0.0,1.0,True,0.0,0.0,0.0,0,0,0
graph.layer_25_feature_fraction,graph,train,75,0.0,0.0,1.0,True,0.0,0.0,0.0,0,0,0
graph.layer_25_feature_fraction,graph,all_scored_candidates,239,0.0,0.0,1.0,True,0.0,0.0,0.0,0,0,0
graph.layer_25_feature_fraction,graph,selected,224,0.0,0.0,1.0,True,0.0,0.0,0.0,0,0,0
graph.layer_25_feature_fraction,graph,first_scored,219,0.0,0.0,1.0,True,0.0,0.0,0.0,0,0,0
graph.layer_26_activation_mean,graph,dev,50,0.39387998580932615,1.6605523823303365,1.6605523823303365,False,0.1437797164916992,-0.15061269489532675,4.092075571406981,0,1,0
graph.layer_26_activation_mean,graph,train,75,0.39387998580932615,1.6605523823303365,1.6605523823303365,False,0.39387998580932615,1.924386576016938e-17,4.366342906106992,0,4,0
graph.layer_26_activation_mean,graph,all_scored_candidates,239,0.39387998580932615,1.6605523823303365,1.6605523823303365,False,1.165931035617738,0.4649362814589166,4.3663391730822925,0,39,0
graph.layer_26_activation_mean,graph,selected,224,0.39387998580932615,1.6605523823303365,1.6605523823303365,False,1.0261743409293038,0.3807735075677934,4.3663391730822925,0,32,0
graph.layer_26_activation_mean,graph,first_scored,219,0.39387998580932615,1.6605523823303365,1.6605523823303365,False,1.2083735687366177,0.49049556737515976,4.3663391730822925,0,37,0
graph.layer_26_feature_count,graph,dev,50,0.05333333333333334,0.2246973272847029,0.2246973272847029,False,0.04,-0.059339082909692684,8.663506104815129,1,1,1
graph.layer_26_feature_count,graph,train,75,0.05333333333333334,0.2246973272847029,0.2246973272847029,False,0.05333333333333334,-1.4802973661668755e-18,4.2130748865881795,0,4,0
graph.layer_26_feature_count,graph,all_scored_candidates,239,0.05333333333333334,0.2246973272847029,0.2246973272847029,False,0.401673640167364,1.5502645761009248,17.56436854126903,28,39,28
graph.layer_26_feature_count,graph,selected,224,0.05333333333333334,0.2246973272847029,0.2246973272847029,False,0.32142857142857145,1.1931394170770346,17.56436854126903,22,32,22
graph.layer_26_feature_count,graph,first_scored,219,0.05333333333333334,0.2246973272847029,0.2246973272847029,False,0.4018264840182648,1.5509447971464878,17.56436854126903,26,37,26
graph.layer_26_feature_fraction,graph,dev,50,0.010444444444444444,0.044702583679853684,0.044702583679853684,False,0.005714285714285714,-0.10581398972450201,6.157806073162129,1,1,1
graph.layer_26_feature_fraction,graph,train,75,0.010444444444444444,0.044702583679853684,0.044702583679853684,False,0.010444444444444444,5.921189464667502e-18,5.358874942691895,0,4,1
graph.layer_26_feature_fraction,graph,all_scored_candidates,239,0.010444444444444444,0.044702583679853684,0.044702583679853684,False,0.05649365743508003,1.0301241941724455,12.549255116923995,27,36,30
graph.layer_26_feature_fraction,graph,selected,224,0.010444444444444444,0.044702583679853684,0.044702583679853684,False,0.04757830215419501,0.8306870577256109,12.549255116923995,21,29,24
graph.layer_26_feature_fraction,graph,first_scored,219,0.010444444444444444,0.044702583679853684,0.044702583679853684,False,0.05708668551134304,1.0433902747307886,12.549255116923995,25,34,28
graph.layer_27_activation_mean,graph,dev,50,0.0,0.0,1.0,True,0.0,0.0,0.0,0,0,0
graph.layer_27_activation_mean,graph,train,75,0.0,0.0,1.0,True,0.0,0.0,0.0,0,0,0
graph.layer_27_activation_mean,graph,all_scored_candidates,239,0.0,0.0,1.0,True,0.0,0.0,0.0,0,0,0
graph.layer_27_activation_mean,graph,selected,224,0.0,0.0,1.0,True,0.0,0.0,0.0,0,0,0
graph.layer_27_activation_mean,graph,first_scored,219,0.0,0.0,1.0,True,0.0,0.0,0.0,0,0,0
graph.layer_27_feature_count,graph,dev,50,0.0,0.0,1.0,True,0.0,0.0,0.0,0,0,0
graph.layer_27_feature_count,graph,train,75,0.0,0.0,1.0,True,0.0,0.0,0.0,0,0,0
graph.layer_27_feature_count,graph,all_scored_candidates,239,0.0,0.0,1.0,True,0.0,0.0,0.0,0,0,0
graph.layer_27_feature_count,graph,selected,224,0.0,0.0,1.0,True,0.0,0.0,0.0,0,0,0
graph.layer_27_feature_count,graph,first_scored,219,0.0,0.0,1.0,True,0.0,0.0,0.0,0,0,0
graph.layer_27_feature_fraction,graph,dev,50,0.0,0.0,1.0,True,0.0,0.0,0.0,0,0,0
graph.layer_27_feature_fraction,graph,train,75,0.0,0.0,1.0,True,0.0,0.0,0.0,0,0,0
graph.layer_27_feature_fraction,graph,all_scored_candidates,239,0.0,0.0,1.0,True,0.0,0.0,0.0,0,0,0
graph.layer_27_feature_fraction,graph,selected,224,0.0,0.0,1.0,True,0.0,0.0,0.0,0,0,0
graph.layer_27_feature_fraction,graph,first_scored,219,0.0,0.0,1.0,True,0.0,0.0,0.0,0,0,0
graph.layer_28_activation_mean,graph,dev,50,0.0,0.0,1.0,True,0.0,0.0,0.0,0,0,0
graph.layer_28_activation_mean,graph,train,75,0.0,0.0,1.0,True,0.0,0.0,0.0,0,0,0
graph.layer_28_activation_mean,graph,all_scored_candidates,239,0.0,0.0,1.0,True,0.0,0.0,0.0,0,0,0
graph.layer_28_activation_mean,graph,selected,224,0.0,0.0,1.0,True,0.0,0.0,0.0,0,0,0
graph.layer_28_activation_mean,graph,first_scored,219,0.0,0.0,1.0,True,0.0,0.0,0.0,0,0,0
graph.layer_28_feature_count,graph,dev,50,0.0,0.0,1.0,True,0.0,0.0,0.0,0,0,0
graph.layer_28_feature_count,graph,train,75,0.0,0.0,1.0,True,0.0,0.0,0.0,0,0,0
graph.layer_28_feature_count,graph,all_scored_candidates,239,0.0,0.0,1.0,True,0.0,0.0,0.0,0,0,0
graph.layer_28_feature_count,graph,selected,224,0.0,0.0,1.0,True,0.0,0.0,0.0,0,0,0
graph.layer_28_feature_count,graph,first_scored,219,0.0,0.0,1.0,True,0.0,0.0,0.0,0,0,0
graph.layer_28_feature_fraction,graph,dev,50,0.0,0.0,1.0,True,0.0,0.0,0.0,0,0,0
graph.layer_28_feature_fraction,graph,train,75,0.0,0.0,1.0,True,0.0,0.0,0.0,0,0,0
graph.layer_28_feature_fraction,graph,all_scored_candidates,239,0.0,0.0,1.0,True,0.0,0.0,0.0,0,0,0
graph.layer_28_feature_fraction,graph,selected,224,0.0,0.0,1.0,True,0.0,0.0,0.0,0,0,0
graph.layer_28_feature_fraction,graph,first_scored,219,0.0,0.0,1.0,True,0.0,0.0,0.0,0,0,0
graph.layer_29_activation_mean,graph,dev,50,0.36572832107543946,1.5408440316387473,1.5408440316387473,False,0.13724274635314943,-0.14828598484383054,4.216136651853626,0,1,0
graph.layer_29_activation_mean,graph,train,75,0.36572832107543946,1.5408440316387473,1.5408440316387473,False,0.36572832107543946,-1.8133642735544223e-17,4.224106611122834,0,4,0
graph.layer_29_activation_mean,graph,all_scored_candidates,239,0.36572832107543946,1.5408440316387473,1.5408440316387473,False,0.8097627123030658,0.28817607889578456,4.429984950135983,12,28,0
graph.layer_29_activation_mean,graph,selected,224,0.36572832107543946,1.5408440316387473,1.5408440316387473,False,0.6747455362762723,0.20055061307677008,4.429984950135983,7,22,0
graph.layer_29_activation_mean,graph,first_scored,219,0.36572832107543946,1.5408440316387473,1.5408440316387473,False,0.7885983229772141,0.27444049703851986,4.429984950135983,11,25,0
graph.layer_29_feature_count,graph,dev,50,0.05333333333333334,0.2246973272847029,0.2246973272847029,False,0.02,-0.1483477072742317,4.2130748865881795,0,1,0
graph.layer_29_feature_count,graph,train,75,0.05333333333333334,0.2246973272847029,0.2246973272847029,False,0.05333333333333334,-1.4802973661668755e-18,4.2130748865881795,0,4,0
graph.layer_29_feature_count,graph,all_scored_candidates,239,0.05333333333333334,0.2246973272847029,0.2246973272847029,False,0.1506276150627615,0.4330015087636151,8.663506104815129,8,28,8
graph.layer_29_feature_count,graph,selected,224,0.05333333333333334,0.2246973272847029,0.2246973272847029,False,0.125,0.31894757063959805,8.663506104815129,6,22,6
graph.layer_29_feature_count,graph,first_scored,219,0.05333333333333334,0.2246973272847029,0.2246973272847029,False,0.1506849315068493,0.43325659165570124,8.663506104815129,8,25,8
graph.layer_29_feature_fraction,graph,dev,50,0.009682539682539681,0.04186205134614802,0.04186205134614802,False,0.002857142857142857,-0.1630449680776303,3.181272749235624,0,1,0
graph.layer_29_feature_fraction,graph,train,75,0.009682539682539681,0.04186205134614802,0.04186205134614802,False,0.009682539682539681,1.4062824978585317e-17,5.740699573710054,0,4,1
graph.layer_29_feature_fraction,graph,all_scored_candidates,239,0.009682539682539681,0.04186205134614802,0.04186205134614802,False,0.022761838347612407,0.3124380732545308,7.73136488163461,5,22,10
graph.layer_29_feature_fraction,graph,selected,224,0.009682539682539681,0.04186205134614802,0.04186205134614802,False,0.019933390022675735,0.2448721457860258,7.73136488163461,5,19,8
graph.layer_29_feature_fraction,graph,first_scored,219,0.009682539682539681,0.04186205134614802,0.04186205134614802,False,0.021986663767485686,0.2939207155236118,7.73136488163461,4,20,9
graph.layer_2_activation_mean,graph,dev,50,0.0,0.0,1.0,True,0.0,0.0,0.0,0,0,0
graph.layer_2_activation_mean,graph,train,75,0.0,0.0,1.0,True,0.0,0.0,0.0,0,0,0
graph.layer_2_activation_mean,graph,all_scored_candidates,239,0.0,0.0,1.0,True,0.0,0.0,0.0,0,0,0
graph.layer_2_activation_mean,graph,selected,224,0.0,0.0,1.0,True,0.0,0.0,0.0,0,0,0
graph.layer_2_activation_mean,graph,first_scored,219,0.0,0.0,1.0,True,0.0,0.0,0.0,0,0,0
graph.layer_2_feature_count,graph,dev,50,0.0,0.0,1.0,True,0.0,0.0,0.0,0,0,0
graph.layer_2_feature_count,graph,train,75,0.0,0.0,1.0,True,0.0,0.0,0.0,0,0,0
graph.layer_2_feature_count,graph,all_scored_candidates,239,0.0,0.0,1.0,True,0.0,0.0,0.0,0,0,0
graph.layer_2_feature_count,graph,selected,224,0.0,0.0,1.0,True,0.0,0.0,0.0,0,0,0
graph.layer_2_feature_count,graph,first_scored,219,0.0,0.0,1.0,True,0.0,0.0,0.0,0,0,0
graph.layer_2_feature_fraction,graph,dev,50,0.0,0.0,1.0,True,0.0,0.0,0.0,0,0,0
graph.layer_2_feature_fraction,graph,train,75,0.0,0.0,1.0,True,0.0,0.0,0.0,0,0,0
graph.layer_2_feature_fraction,graph,all_scored_candidates,239,0.0,0.0,1.0,True,0.0,0.0,0.0,0,0,0
graph.layer_2_feature_fraction,graph,selected,224,0.0,0.0,1.0,True,0.0,0.0,0.0,0,0,0
graph.layer_2_feature_fraction,graph,first_scored,219,0.0,0.0,1.0,True,0.0,0.0,0.0,0,0,0
graph.layer_30_activation_mean,graph,dev,50,0.2964148775736491,1.463463342295628,1.463463342295628,False,0.0,-0.2025434249064857,0.2025434249064857,0,0,0
graph.layer_30_activation_mean,graph,train,75,0.2964148775736491,1.463463342295628,1.463463342295628,False,0.2964148775736491,-1.1842378929335004e-17,5.719569228302535,0,3,1
graph.layer_30_activation_mean,graph,all_scored_candidates,239,0.2964148775736491,1.463463342295628,1.463463342295628,False,0.34770425493248336,0.03504657470844496,5.125566865403696,0,12,1
graph.layer_30_activation_mean,graph,selected,224,0.2964148775736491,1.463463342295628,1.463463342295628,False,0.2115234544589406,-0.058007208422143,4.939299972398958,0,7,0
graph.layer_30_activation_mean,graph,first_scored,219,0.2964148775736491,1.463463342295628,1.463463342295628,False,0.31581980234956086,0.013259590599292161,5.125566865403696,0,10,1
graph.layer_30_feature_count,graph,dev,50,0.04,0.19595917942265423,0.19595917942265423,False,0.0,-0.20412414523193154,0.20412414523193154,0,0,0
graph.layer_30_feature_count,graph,train,75,0.04,0.19595917942265423,0.19595917942265423,False,0.04,-8.881784197001253e-18,4.898979485566357,0,3,0
graph.layer_30_feature_count,graph,all_scored_candidates,239,0.04,0.19595917942265423,0.19595917942265423,False,0.08368200836820083,0.22291381550432687,15.105186747162932,6,12,6
graph.layer_30_feature_count,graph,selected,224,0.04,0.19595917942265423,0.19595917942265423,False,0.044642857142857144,0.02369298114299204,15.105186747162932,2,7,2
graph.layer_30_feature_count,graph,first_scored,219,0.04,0.19595917942265423,0.19595917942265423,False,0.0776255707762557,0.19200718683916845,15.105186747162932,5,10,5
graph.layer_30_feature_fraction,graph,dev,50,0.00857142857142857,0.04528235095083033,0.04528235095083033,False,0.0,-0.18928850626010613,0.18928850626010613,0,0,0
graph.layer_30_feature_fraction,graph,train,75,0.00857142857142857,0.04528235095083033,0.04528235095083033,False,0.00857142857142857,3.552713678800501e-17,7.171931181632911,0,2,1
graph.layer_30_feature_fraction,graph,all_scored_candidates,239,0.00857142857142857,0.04528235095083033,0.04528235095083033,False,0.009832635983263598,0.02785207449154983,6.435809212843609,0,8,4
graph.layer_30_feature_fraction,graph,selected,224,0.00857142857142857,0.04528235095083033,0.04528235095083033,False,0.005493551587301587,-0.06797078595740498,6.435809212843609,0,4,2
graph.layer_30_feature_fraction,graph,first_scored,219,0.00857142857142857,0.04528235095083033,0.04528235095083033,False,0.009018264840182647,0.009867779816451538,6.435809212843609,0,7,3
graph.layer_31_activation_mean,graph,dev,50,7.500353242889283,0.3674475992546741,0.3674475992546741,False,7.333805697441101,-0.4532552281903739,2.5836214392603924,1,0,0
graph.layer_31_activation_mean,graph,train,75,7.500353242889283,0.3674475992546741,0.3674475992546741,False,7.500353242889283,-5.818493834889675e-16,2.4501261367706744,0,0,0
graph.layer_31_activation_mean,graph,all_scored_candidates,239,7.500353242889283,0.3674475992546741,0.3674475992546741,False,7.643074273580953,0.3884119286155711,6.642234408540286,33,14,4
graph.layer_31_activation_mean,graph,selected,224,7.500353242889283,0.3674475992546741,0.3674475992546741,False,7.651154297607995,0.41040152398490215,6.642234408540286,30,13,4
graph.layer_31_activation_mean,graph,first_scored,219,7.500353242889283,0.3674475992546741,0.3674475992546741,False,7.642067134634363,0.38567102365760625,6.642234408540286,28,10,4
graph.layer_31_feature_count,graph,dev,50,3.6933333333333334,1.1310565365572531,1.1310565365572531,False,4.34,0.5717368193061434,2.38125438144002,0,0,0
graph.layer_31_feature_count,graph,train,75,3.6933333333333334,1.1310565365572531,1.1310565365572531,False,3.6933333333333334,-2.960594732333751e-17,2.9235202306788364,0,0,0
graph.layer_31_feature_count,graph,all_scored_candidates,239,3.6933333333333334,1.1310565365572531,1.1310565365572531,False,3.8535564853556483,0.14165795152027294,3.807649332698646,2,2,0
graph.layer_31_feature_count,graph,selected,224,3.6933333333333334,1.1310565365572531,1.1310565365572531,False,3.9375,0.2158748557431701,3.807649332698646,2,2,0
graph.layer_31_feature_count,graph,first_scored,219,3.6933333333333334,1.1310565365572531,1.1310565365572531,False,3.863013698630137,0.15001934900025624,3.807649332698646,2,2,0
graph.layer_31_feature_fraction,graph,dev,50,0.9671746031746031,0.10910914832600105,0.10910914832600105,False,0.9914285714285714,0.22229087685206048,3.627065537745786,0,1,0
graph.layer_31_feature_fraction,graph,train,75,0.9671746031746031,0.10910914832600105,0.10910914832600105,False,0.9671746031746031,4.085620730620576e-16,4.281717989208005,0,3,0
graph.layer_31_feature_fraction,graph,all_scored_candidates,239,0.9671746031746031,0.10910914832600105,0.10910914832600105,False,0.9065318456531846,-0.555799018247558,7.031258285349324,18,29,15
graph.layer_31_feature_fraction,graph,selected,224,0.9671746031746031,0.10910914832600105,0.10910914832600105,False,0.9223214285714286,-0.41108536993763617,6.57300156932577,12,23,9
graph.layer_31_feature_fraction,graph,first_scored,219,0.9671746031746031,0.10910914832600105,0.10910914832600105,False,0.9071283612379503,-0.5503318727889258,7.031258285349324,16,27,13
graph.layer_3_activation_mean,graph,dev,50,0.0,0.0,1.0,True,0.0,0.0,0.0,0,0,0
graph.layer_3_activation_mean,graph,train,75,0.0,0.0,1.0,True,0.0,0.0,0.0,0,0,0
graph.layer_3_activation_mean,graph,all_scored_candidates,239,0.0,0.0,1.0,True,0.0,0.0,0.0,0,0,0
graph.layer_3_activation_mean,graph,selected,224,0.0,0.0,1.0,True,0.0,0.0,0.0,0,0,0
graph.layer_3_activation_mean,graph,first_scored,219,0.0,0.0,1.0,True,0.0,0.0,0.0,0,0,0
graph.layer_3_feature_count,graph,dev,50,0.0,0.0,1.0,True,0.0,0.0,0.0,0,0,0
graph.layer_3_feature_count,graph,train,75,0.0,0.0,1.0,True,0.0,0.0,0.0,0,0,0
graph.layer_3_feature_count,graph,all_scored_candidates,239,0.0,0.0,1.0,True,0.0,0.0,0.0,0,0,0
graph.layer_3_feature_count,graph,selected,224,0.0,0.0,1.0,True,0.0,0.0,0.0,0,0,0
graph.layer_3_feature_count,graph,first_scored,219,0.0,0.0,1.0,True,0.0,0.0,0.0,0,0,0
graph.layer_3_feature_fraction,graph,dev,50,0.0,0.0,1.0,True,0.0,0.0,0.0,0,0,0
graph.layer_3_feature_fraction,graph,train,75,0.0,0.0,1.0,True,0.0,0.0,0.0,0,0,0
graph.layer_3_feature_fraction,graph,all_scored_candidates,239,0.0,0.0,1.0,True,0.0,0.0,0.0,0,0,0
graph.layer_3_feature_fraction,graph,selected,224,0.0,0.0,1.0,True,0.0,0.0,0.0,0,0,0
graph.layer_3_feature_fraction,graph,first_scored,219,0.0,0.0,1.0,True,0.0,0.0,0.0,0,0,0
graph.layer_4_activation_mean,graph,dev,50,0.0,0.0,1.0,True,0.0,0.0,0.0,0,0,0
graph.layer_4_activation_mean,graph,train,75,0.0,0.0,1.0,True,0.0,0.0,0.0,0,0,0
graph.layer_4_activation_mean,graph,all_scored_candidates,239,0.0,0.0,1.0,True,0.0,0.0,0.0,0,0,0
graph.layer_4_activation_mean,graph,selected,224,0.0,0.0,1.0,True,0.0,0.0,0.0,0,0,0
graph.layer_4_activation_mean,graph,first_scored,219,0.0,0.0,1.0,True,0.0,0.0,0.0,0,0,0
graph.layer_4_feature_count,graph,dev,50,0.0,0.0,1.0,True,0.0,0.0,0.0,0,0,0
graph.layer_4_feature_count,graph,train,75,0.0,0.0,1.0,True,0.0,0.0,0.0,0,0,0
graph.layer_4_feature_count,graph,all_scored_candidates,239,0.0,0.0,1.0,True,0.0,0.0,0.0,0,0,0
graph.layer_4_feature_count,graph,selected,224,0.0,0.0,1.0,True,0.0,0.0,0.0,0,0,0
graph.layer_4_feature_count,graph,first_scored,219,0.0,0.0,1.0,True,0.0,0.0,0.0,0,0,0
graph.layer_4_feature_fraction,graph,dev,50,0.0,0.0,1.0,True,0.0,0.0,0.0,0,0,0
graph.layer_4_feature_fraction,graph,train,75,0.0,0.0,1.0,True,0.0,0.0,0.0,0,0,0
graph.layer_4_feature_fraction,graph,all_scored_candidates,239,0.0,0.0,1.0,True,0.0,0.0,0.0,0,0,0
graph.layer_4_feature_fraction,graph,selected,224,0.0,0.0,1.0,True,0.0,0.0,0.0,0,0,0
graph.layer_4_feature_fraction,graph,first_scored,219,0.0,0.0,1.0,True,0.0,0.0,0.0,0,0,0
graph.layer_5_activation_mean,graph,dev,50,0.0,0.0,1.0,True,0.0,0.0,0.0,0,0,0
graph.layer_5_activation_mean,graph,train,75,0.0,0.0,1.0,True,0.0,0.0,0.0,0,0,0
graph.layer_5_activation_mean,graph,all_scored_candidates,239,0.0,0.0,1.0,True,0.0,0.0,0.0,0,0,0
graph.layer_5_activation_mean,graph,selected,224,0.0,0.0,1.0,True,0.0,0.0,0.0,0,0,0
graph.layer_5_activation_mean,graph,first_scored,219,0.0,0.0,1.0,True,0.0,0.0,0.0,0,0,0
graph.layer_5_feature_count,graph,dev,50,0.0,0.0,1.0,True,0.0,0.0,0.0,0,0,0
graph.layer_5_feature_count,graph,train,75,0.0,0.0,1.0,True,0.0,0.0,0.0,0,0,0
graph.layer_5_feature_count,graph,all_scored_candidates,239,0.0,0.0,1.0,True,0.0,0.0,0.0,0,0,0
graph.layer_5_feature_count,graph,selected,224,0.0,0.0,1.0,True,0.0,0.0,0.0,0,0,0
graph.layer_5_feature_count,graph,first_scored,219,0.0,0.0,1.0,True,0.0,0.0,0.0,0,0,0
graph.layer_5_feature_fraction,graph,dev,50,0.0,0.0,1.0,True,0.0,0.0,0.0,0,0,0
graph.layer_5_feature_fraction,graph,train,75,0.0,0.0,1.0,True,0.0,0.0,0.0,0,0,0
graph.layer_5_feature_fraction,graph,all_scored_candidates,239,0.0,0.0,1.0,True,0.0,0.0,0.0,0,0,0
graph.layer_5_feature_fraction,graph,selected,224,0.0,0.0,1.0,True,0.0,0.0,0.0,0,0,0
graph.layer_5_feature_fraction,graph,first_scored,219,0.0,0.0,1.0,True,0.0,0.0,0.0,0,0,0
graph.layer_6_activation_mean,graph,dev,50,0.0,0.0,1.0,True,0.0,0.0,0.0,0,0,0
graph.layer_6_activation_mean,graph,train,75,0.0,0.0,1.0,True,0.0,0.0,0.0,0,0,0
graph.layer_6_activation_mean,graph,all_scored_candidates,239,0.0,0.0,1.0,True,0.0,0.0,0.0,0,0,0
graph.layer_6_activation_mean,graph,selected,224,0.0,0.0,1.0,True,0.0,0.0,0.0,0,0,0
graph.layer_6_activation_mean,graph,first_scored,219,0.0,0.0,1.0,True,0.0,0.0,0.0,0,0,0
graph.layer_6_feature_count,graph,dev,50,0.0,0.0,1.0,True,0.0,0.0,0.0,0,0,0
graph.layer_6_feature_count,graph,train,75,0.0,0.0,1.0,True,0.0,0.0,0.0,0,0,0
graph.layer_6_feature_count,graph,all_scored_candidates,239,0.0,0.0,1.0,True,0.0,0.0,0.0,0,0,0
graph.layer_6_feature_count,graph,selected,224,0.0,0.0,1.0,True,0.0,0.0,0.0,0,0,0
graph.layer_6_feature_count,graph,first_scored,219,0.0,0.0,1.0,True,0.0,0.0,0.0,0,0,0
graph.layer_6_feature_fraction,graph,dev,50,0.0,0.0,1.0,True,0.0,0.0,0.0,0,0,0
graph.layer_6_feature_fraction,graph,train,75,0.0,0.0,1.0,True,0.0,0.0,0.0,0,0,0
graph.layer_6_feature_fraction,graph,all_scored_candidates,239,0.0,0.0,1.0,True,0.0,0.0,0.0,0,0,0
graph.layer_6_feature_fraction,graph,selected,224,0.0,0.0,1.0,True,0.0,0.0,0.0,0,0,0
graph.layer_6_feature_fraction,graph,first_scored,219,0.0,0.0,1.0,True,0.0,0.0,0.0,0,0,0
graph.layer_7_activation_mean,graph,dev,50,0.0,0.0,1.0,True,0.0,0.0,0.0,0,0,0
graph.layer_7_activation_mean,graph,train,75,0.0,0.0,1.0,True,0.0,0.0,0.0,0,0,0
graph.layer_7_activation_mean,graph,all_scored_candidates,239,0.0,0.0,1.0,True,0.0,0.0,0.0,0,0,0
graph.layer_7_activation_mean,graph,selected,224,0.0,0.0,1.0,True,0.0,0.0,0.0,0,0,0
graph.layer_7_activation_mean,graph,first_scored,219,0.0,0.0,1.0,True,0.0,0.0,0.0,0,0,0
graph.layer_7_feature_count,graph,dev,50,0.0,0.0,1.0,True,0.0,0.0,0.0,0,0,0
graph.layer_7_feature_count,graph,train,75,0.0,0.0,1.0,True,0.0,0.0,0.0,0,0,0
graph.layer_7_feature_count,graph,all_scored_candidates,239,0.0,0.0,1.0,True,0.0,0.0,0.0,0,0,0
graph.layer_7_feature_count,graph,selected,224,0.0,0.0,1.0,True,0.0,0.0,0.0,0,0,0
graph.layer_7_feature_count,graph,first_scored,219,0.0,0.0,1.0,True,0.0,0.0,0.0,0,0,0
graph.layer_7_feature_fraction,graph,dev,50,0.0,0.0,1.0,True,0.0,0.0,0.0,0,0,0
graph.layer_7_feature_fraction,graph,train,75,0.0,0.0,1.0,True,0.0,0.0,0.0,0,0,0
graph.layer_7_feature_fraction,graph,all_scored_candidates,239,0.0,0.0,1.0,True,0.0,0.0,0.0,0,0,0
graph.layer_7_feature_fraction,graph,selected,224,0.0,0.0,1.0,True,0.0,0.0,0.0,0,0,0
graph.layer_7_feature_fraction,graph,first_scored,219,0.0,0.0,1.0,True,0.0,0.0,0.0,0,0,0
graph.layer_8_activation_mean,graph,dev,50,0.0,0.0,1.0,True,0.0,0.0,0.0,0,0,0
graph.layer_8_activation_mean,graph,train,75,0.0,0.0,1.0,True,0.0,0.0,0.0,0,0,0
graph.layer_8_activation_mean,graph,all_scored_candidates,239,0.0,0.0,1.0,True,0.0,0.0,0.0,0,0,0
graph.layer_8_activation_mean,graph,selected,224,0.0,0.0,1.0,True,0.0,0.0,0.0,0,0,0
graph.layer_8_activation_mean,graph,first_scored,219,0.0,0.0,1.0,True,0.0,0.0,0.0,0,0,0
graph.layer_8_feature_count,graph,dev,50,0.0,0.0,1.0,True,0.0,0.0,0.0,0,0,0
graph.layer_8_feature_count,graph,train,75,0.0,0.0,1.0,True,0.0,0.0,0.0,0,0,0
graph.layer_8_feature_count,graph,all_scored_candidates,239,0.0,0.0,1.0,True,0.0,0.0,0.0,0,0,0
graph.layer_8_feature_count,graph,selected,224,0.0,0.0,1.0,True,0.0,0.0,0.0,0,0,0
graph.layer_8_feature_count,graph,first_scored,219,0.0,0.0,1.0,True,0.0,0.0,0.0,0,0,0
graph.layer_8_feature_fraction,graph,dev,50,0.0,0.0,1.0,True,0.0,0.0,0.0,0,0,0
graph.layer_8_feature_fraction,graph,train,75,0.0,0.0,1.0,True,0.0,0.0,0.0,0,0,0
graph.layer_8_feature_fraction,graph,all_scored_candidates,239,0.0,0.0,1.0,True,0.0,0.0,0.0,0,0,0
graph.layer_8_feature_fraction,graph,selected,224,0.0,0.0,1.0,True,0.0,0.0,0.0,0,0,0
graph.layer_8_feature_fraction,graph,first_scored,219,0.0,0.0,1.0,True,0.0,0.0,0.0,0,0,0
graph.layer_9_activation_mean,graph,dev,50,0.0,0.0,1.0,True,0.0,0.0,0.0,0,0,0
graph.layer_9_activation_mean,graph,train,75,0.0,0.0,1.0,True,0.0,0.0,0.0,0,0,0
graph.layer_9_activation_mean,graph,all_scored_candidates,239,0.0,0.0,1.0,True,0.0,0.0,0.0,0,0,0
graph.layer_9_activation_mean,graph,selected,224,0.0,0.0,1.0,True,0.0,0.0,0.0,0,0,0
graph.layer_9_activation_mean,graph,first_scored,219,0.0,0.0,1.0,True,0.0,0.0,0.0,0,0,0
graph.layer_9_feature_count,graph,dev,50,0.0,0.0,1.0,True,0.0,0.0,0.0,0,0,0
graph.layer_9_feature_count,graph,train,75,0.0,0.0,1.0,True,0.0,0.0,0.0,0,0,0
graph.layer_9_feature_count,graph,all_scored_candidates,239,0.0,0.0,1.0,True,0.0,0.0,0.0,0,0,0
graph.layer_9_feature_count,graph,selected,224,0.0,0.0,1.0,True,0.0,0.0,0.0,0,0,0
graph.layer_9_feature_count,graph,first_scored,219,0.0,0.0,1.0,True,0.0,0.0,0.0,0,0,0
graph.layer_9_feature_fraction,graph,dev,50,0.0,0.0,1.0,True,0.0,0.0,0.0,0,0,0
graph.layer_9_feature_fraction,graph,train,75,0.0,0.0,1.0,True,0.0,0.0,0.0,0,0,0
graph.layer_9_feature_fraction,graph,all_scored_candidates,239,0.0,0.0,1.0,True,0.0,0.0,0.0,0,0,0
graph.layer_9_feature_fraction,graph,selected,224,0.0,0.0,1.0,True,0.0,0.0,0.0,0,0,0
graph.layer_9_feature_fraction,graph,first_scored,219,0.0,0.0,1.0,True,0.0,0.0,0.0,0,0,0
graph.layer_metadata_missing,graph,dev,50,0.0,0.0,1.0,True,0.0,0.0,0.0,0,0,0
graph.layer_metadata_missing,graph,train,75,0.0,0.0,1.0,True,0.0,0.0,0.0,0,0,0
graph.layer_metadata_missing,graph,all_scored_candidates,239,0.0,0.0,1.0,True,0.0,0.0,0.0,0,0,0
graph.layer_metadata_missing,graph,selected,224,0.0,0.0,1.0,True,0.0,0.0,0.0,0,0,0
graph.layer_metadata_missing,graph,first_scored,219,0.0,0.0,1.0,True,0.0,0.0,0.0,0,0,0
graph.logit_node_count,graph,dev,50,0.0,0.0,1.0,True,0.0,0.0,0.0,0,0,0
graph.logit_node_count,graph,train,75,0.0,0.0,1.0,True,0.0,0.0,0.0,0,0,0
graph.logit_node_count,graph,all_scored_candidates,239,0.0,0.0,1.0,True,0.0,0.0,0.0,0,0,0
graph.logit_node_count,graph,selected,224,0.0,0.0,1.0,True,0.0,0.0,0.0,0,0,0
graph.logit_node_count,graph,first_scored,219,0.0,0.0,1.0,True,0.0,0.0,0.0,0,0,0
graph.logit_probabilities_missing,graph,dev,50,1.0,0.0,1.0,True,1.0,0.0,0.0,0,0,0
graph.logit_probabilities_missing,graph,train,75,1.0,0.0,1.0,True,1.0,0.0,0.0,0,0,0
graph.logit_probabilities_missing,graph,all_scored_candidates,239,1.0,0.0,1.0,True,1.0,0.0,0.0,0,0,0
graph.logit_probabilities_missing,graph,selected,224,1.0,0.0,1.0,True,1.0,0.0,0.0,0,0,0
graph.logit_probabilities_missing,graph,first_scored,219,1.0,0.0,1.0,True,1.0,0.0,0.0,0,0,0
graph.node_count,graph,dev,50,849.1066666666667,88.12348507760132,88.12348507760132,False,853.02,0.04440738277528681,2.9491949064936764,1,0,0
graph.node_count,graph,train,75,849.1066666666667,88.12348507760132,88.12348507760132,False,849.1066666666667,-1.9040324872321436e-16,2.8243700656432105,0,0,0
graph.node_count,graph,all_scored_candidates,239,849.1066666666667,88.12348507760132,88.12348507760132,False,1051.949790794979,2.301805516993447,5.434344010698409,36,35,9
graph.node_count,graph,selected,224,849.1066666666667,88.12348507760132,88.12348507760132,False,1043.1517857142858,2.201968282084434,5.434344010698409,26,25,5
graph.node_count,graph,first_scored,219,849.1066666666667,88.12348507760132,88.12348507760132,False,1042.0,2.1888981485862926,5.4116485850892335,24,23,5
graph.node_influence_effective_count,graph,dev,50,3.9790886565934374,0.033100205360208954,0.033100205360208954,False,3.984676848667889,0.16882650767991106,2.041069457589653,1,0,0
graph.node_influence_effective_count,graph,train,75,3.9790886565934374,0.033100205360208954,0.033100205360208954,False,3.9790886565934374,4.471238194507047e-15,2.8932025271104242,0,0,0
graph.node_influence_effective_count,graph,all_scored_candidates,239,3.9790886565934374,0.033100205360208954,0.033100205360208954,False,3.9643682167380527,-0.44472352044922975,2.050087884800456,1,0,0
graph.node_influence_effective_count,graph,selected,224,3.9790886565934374,0.033100205360208954,0.033100205360208954,False,3.964688605580319,-0.4350441592857724,2.050087884800456,1,0,0
graph.node_influence_effective_count,graph,first_scored,219,3.9790886565934374,0.033100205360208954,0.033100205360208954,False,3.963600879078204,-0.4679057832629644,2.050087884800456,1,0,0
graph.node_influence_hhi,graph,dev,50,0.2513311041358594,0.0020770128388203175,0.0020770128388203175,False,0.2509741735902133,-0.17184802085711587,2.0815513104431647,1,0,0
graph.node_influence_hhi,graph,train,75,0.2513311041358594,0.0020770128388203175,0.0020770128388203175,False,0.2513311041358594,1.2413912490553495e-15,2.8519582657964473,0,0,0
graph.node_influence_hhi,graph,all_scored_candidates,239,0.2513311041358594,0.0020770128388203175,0.0020770128388203175,False,0.2522546228756602,0.4446379543447182,2.0909455662811585,1,0,0
graph.node_influence_hhi,graph,selected,224,0.2513311041358594,0.0020770128388203175,0.0020770128388203175,False,0.2522342133172629,0.4348115546153616,2.0909455662811585,1,0,0
graph.node_influence_hhi,graph,first_scored,219,0.2513311041358594,0.0020770128388203175,0.0020770128388203175,False,0.2523033857582995,0.46811536465627746,2.0909455662811585,1,0,0
graph.node_influence_missing,graph,dev,50,0.0,0.0,1.0,True,0.0,0.0,0.0,0,0,0
graph.node_influence_missing,graph,train,75,0.0,0.0,1.0,True,0.0,0.0,0.0,0,0,0
graph.node_influence_missing,graph,all_scored_candidates,239,0.0,0.0,1.0,True,0.0,0.0,0.0,0,0,0
graph.node_influence_missing,graph,selected,224,0.0,0.0,1.0,True,0.0,0.0,0.0,0,0,0
graph.node_influence_missing,graph,first_scored,219,0.0,0.0,1.0,True,0.0,0.0,0.0,0,0,0
graph.node_influence_top10_share,graph,dev,50,0.6475238751520984,0.01755950116634069,0.01755950116634069,False,0.6474881166200918,-0.0020364207199250572,2.4579803105896265,0,0,0
graph.node_influence_top10_share,graph,train,75,0.6475238751520984,0.01755950116634069,0.01755950116634069,False,0.6475238751520984,1.2648215808042096e-15,3.0073770481958424,0,1,0
graph.node_influence_top10_share,graph,all_scored_candidates,239,0.6475238751520984,0.01755950116634069,0.01755950116634069,False,0.64402289496601,-0.1993781117654637,2.3956156921753533,9,0,0
graph.node_influence_top10_share,graph,selected,224,0.6475238751520984,0.01755950116634069,0.01755950116634069,False,0.6439960445338154,-0.20090722309614006,2.3956156921753533,9,0,0
graph.node_influence_top10_share,graph,first_scored,219,0.6475238751520984,0.01755950116634069,0.01755950116634069,False,0.6445957648797337,-0.16675361359225419,2.3956156921753533,9,0,0
graph.node_influence_top1_share,graph,dev,50,0.49710292255030014,0.001797712336513956,0.001797712336513956,False,0.4967264479255625,-0.20941872461515545,2.0918655404378947,0,0,0
graph.node_influence_top1_share,graph,train,75,0.49710292255030014,0.001797712336513956,0.001797712336513956,False,0.49710292255030014,3.292967750330907e-15,2.991115926835178,0,0,0
graph.node_influence_top1_share,graph,all_scored_candidates,239,0.49710292255030014,0.001797712336513956,0.001797712336513956,False,0.4982408871920807,0.6330070827612114,1.8830990343542078,9,0,0
graph.node_influence_top1_share,graph,selected,224,0.49710292255030014,0.001797712336513956,0.001797712336513956,False,0.49821930343467313,0.6210008474091218,1.8830990343542078,4,0,0
graph.node_influence_top1_share,graph,first_scored,219,0.49710292255030014,0.001797712336513956,0.001797712336513956,False,0.4982671210937925,0.64760001911647,1.8830990343542078,8,0,0
graph.path_budget_exhausted,graph,dev,50,0.0,0.0,1.0,True,0.0,0.0,0.0,0,0,0
graph.path_budget_exhausted,graph,train,75,0.0,0.0,1.0,True,0.0,0.0,0.0,0,0,0
graph.path_budget_exhausted,graph,all_scored_candidates,239,0.0,0.0,1.0,True,0.0,0.0,0.0,0,0,0
graph.path_budget_exhausted,graph,selected,224,0.0,0.0,1.0,True,0.0,0.0,0.0,0,0,0
graph.path_budget_exhausted,graph,first_scored,219,0.0,0.0,1.0,True,0.0,0.0,0.0,0,0,0
graph.sampled_hop_statistics_missing,graph,dev,50,0.0,0.0,1.0,True,0.0,0.0,0.0,0,0,0
graph.sampled_hop_statistics_missing,graph,train,75,0.0,0.0,1.0,True,0.0,0.0,0.0,0,0,0
graph.sampled_hop_statistics_missing,graph,all_scored_candidates,239,0.0,0.0,1.0,True,0.0,0.0,0.0,0,0,0
graph.sampled_hop_statistics_missing,graph,selected,224,0.0,0.0,1.0,True,0.0,0.0,0.0,0,0,0
graph.sampled_hop_statistics_missing,graph,first_scored,219,0.0,0.0,1.0,True,0.0,0.0,0.0,0,0,0
graph.sampled_path_missing,graph,dev,50,0.0,0.0,1.0,True,0.0,0.0,0.0,0,0,0
graph.sampled_path_missing,graph,train,75,0.0,0.0,1.0,True,0.0,0.0,0.0,0,0,0
graph.sampled_path_missing,graph,all_scored_candidates,239,0.0,0.0,1.0,True,0.0,0.0,0.0,0,0,0
graph.sampled_path_missing,graph,selected,224,0.0,0.0,1.0,True,0.0,0.0,0.0,0,0,0
graph.sampled_path_missing,graph,first_scored,219,0.0,0.0,1.0,True,0.0,0.0,0.0,0,0,0
graph.sampled_path_source_count,graph,dev,50,16.0,0.0,1.0,True,16.0,0.0,0.0,0,0,0
graph.sampled_path_source_count,graph,train,75,16.0,0.0,1.0,True,16.0,0.0,0.0,0,0,0
graph.sampled_path_source_count,graph,all_scored_candidates,239,16.0,0.0,1.0,True,16.0,0.0,0.0,0,0,0
graph.sampled_path_source_count,graph,selected,224,16.0,0.0,1.0,True,16.0,0.0,0.0,0,0,0
graph.sampled_path_source_count,graph,first_scored,219,16.0,0.0,1.0,True,16.0,0.0,0.0,0,0,0
graph.sampled_reachable_max_hops,graph,dev,50,1.96,0.19595917942265426,0.19595917942265426,False,2.0,0.20412414523193168,0.20412414523193168,0,0,0
graph.sampled_reachable_max_hops,graph,train,75,1.96,0.19595917942265426,0.19595917942265426,False,1.96,1.7763568394002506e-16,4.898979485566356,0,3,0
graph.sampled_reachable_max_hops,graph,all_scored_candidates,239,1.96,0.19595917942265426,0.19595917942265426,False,1.99581589958159,0.18277224719511875,4.898979485566356,0,1,0
graph.sampled_reachable_max_hops,graph,selected,224,1.96,0.19595917942265426,0.19595917942265426,False,1.9955357142857142,0.18134243259443933,4.898979485566356,0,1,0
graph.sampled_reachable_max_hops,graph,first_scored,219,1.96,0.19595917942265426,0.19595917942265426,False,1.995433789954338,0.1808223021689258,4.898979485566356,0,1,0
graph.sampled_reachable_mean_hops,graph,dev,50,1.3291293891293892,0.13058461704339974,0.13058461704339974,False,1.3558978243978244,0.20498919301910393,2.584816536430912,3,0,0
graph.sampled_reachable_mean_hops,graph,train,75,1.3291293891293892,0.13058461704339974,0.13058461704339974,False,1.3291293891293892,-2.0391096218948708e-16,2.5204300214013964,0,0,0
graph.sampled_reachable_mean_hops,graph,all_scored_candidates,239,1.3291293891293892,0.13058461704339974,0.13058461704339974,False,1.3111634646153474,-0.13758071142537978,2.584816536430912,2,0,0
graph.sampled_reachable_mean_hops,graph,selected,224,1.3291293891293892,0.13058461704339974,0.13058461704339974,False,1.3164250803759732,-0.09728794279952337,2.584816536430912,2,0,0
graph.sampled_reachable_mean_hops,graph,first_scored,219,1.3291293891293892,0.13058461704339974,0.13058461704339974,False,1.3127599189243024,-0.12535527212708597,2.584816536430912,2,0,0
graph.sampled_reachable_pair_fraction,graph,dev,50,0.72,0.0980858467534095,0.0980858467534095,False,0.72875,0.08920756958950221,2.242933178250334,0,0,0
graph.sampled_reachable_pair_fraction,graph,train,75,0.72,0.0980858467534095,0.0980858467534095,False,0.72,2.7607545879012227e-16,2.242933178250334,0,0,0
graph.sampled_reachable_pair_fraction,graph,all_scored_candidates,239,0.72,0.0980858467534095,0.0980858467534095,False,0.7722280334728033,0.5324726777769078,4.154523955168233,5,2,0
graph.sampled_reachable_pair_fraction,graph,selected,224,0.72,0.0980858467534095,0.0980858467534095,False,0.7801339285714286,0.6130744705972406,3.517327029528933,4,1,0
graph.sampled_reachable_pair_fraction,graph,first_scored,219,0.72,0.0980858467534095,0.0980858467534095,False,0.7759703196347032,0.5706258495725091,4.154523955168233,4,1,0
graph.score_node_count,graph,dev,50,1.0,0.0,1.0,True,1.0,0.0,0.0,0,0,0
graph.score_node_count,graph,train,75,1.0,0.0,1.0,True,1.0,0.0,0.0,0,0,0
graph.score_node_count,graph,all_scored_candidates,239,1.0,0.0,1.0,True,1.0,0.0,0.0,0,0,0
graph.score_node_count,graph,selected,224,1.0,0.0,1.0,True,1.0,0.0,0.0,0,0,0
graph.score_node_count,graph,first_scored,219,1.0,0.0,1.0,True,1.0,0.0,0.0,0,0,0
graph.selected_logit_entropy,graph,dev,50,0.0,0.0,1.0,True,0.0,0.0,0.0,0,0,0
graph.selected_logit_entropy,graph,train,75,0.0,0.0,1.0,True,0.0,0.0,0.0,0,0,0
graph.selected_logit_entropy,graph,all_scored_candidates,239,0.0,0.0,1.0,True,0.0,0.0,0.0,0,0,0
graph.selected_logit_entropy,graph,selected,224,0.0,0.0,1.0,True,0.0,0.0,0.0,0,0,0
graph.selected_logit_entropy,graph,first_scored,219,0.0,0.0,1.0,True,0.0,0.0,0.0,0,0,0
graph.selected_logit_probability_mass,graph,dev,50,0.0,0.0,1.0,True,0.0,0.0,0.0,0,0,0
graph.selected_logit_probability_mass,graph,train,75,0.0,0.0,1.0,True,0.0,0.0,0.0,0,0,0
graph.selected_logit_probability_mass,graph,all_scored_candidates,239,0.0,0.0,1.0,True,0.0,0.0,0.0,0,0,0
graph.selected_logit_probability_mass,graph,selected,224,0.0,0.0,1.0,True,0.0,0.0,0.0,0,0,0
graph.selected_logit_probability_mass,graph,first_scored,219,0.0,0.0,1.0,True,0.0,0.0,0.0,0,0,0
graph.token_node_count,graph,dev,50,748.24,88.23692953255646,88.23692953255646,False,751.62,0.03830595667716299,2.932558979225657,1,0,0
graph.token_node_count,graph,train,75,748.24,88.23692953255646,88.23692953255646,False,748.24,-1.012153324116601e-16,2.8418939930075195,0,0,0
graph.token_node_count,graph,all_scored_candidates,239,748.24,88.23692953255646,88.23692953255646,False,950.4309623430962,2.2914551017835967,5.425846100224438,35,35,9
graph.token_node_count,graph,selected,224,748.24,88.23692953255646,88.23692953255646,False,941.6919642857143,2.1924149594794886,5.425846100224438,25,25,5
graph.token_node_count,graph,first_scored,219,748.24,88.23692953255646,88.23692953255646,False,940.4748858447489,2.1786216594699233,5.4145129769471705,23,23,5
graph.top_logit_probability,graph,dev,50,0.0,0.0,1.0,True,0.0,0.0,0.0,0,0,0
graph.top_logit_probability,graph,train,75,0.0,0.0,1.0,True,0.0,0.0,0.0,0,0,0
graph.top_logit_probability,graph,all_scored_candidates,239,0.0,0.0,1.0,True,0.0,0.0,0.0,0,0,0
graph.top_logit_probability,graph,selected,224,0.0,0.0,1.0,True,0.0,0.0,0.0,0,0,0
graph.top_logit_probability,graph,first_scored,219,0.0,0.0,1.0,True,0.0,0.0,0.0,0,0,0
graph.weak_components,graph,dev,50,202.12,66.45298287762057,66.45298287762057,False,205.12,0.04514470035942222,2.556393899019552,0,0,0
graph.weak_components,graph,train,75,202.12,66.45298287762057,66.45298287762057,False,202.12,-7.39454793693047e-17,3.068033836426338,0,1,0
graph.weak_components,graph,all_scored_candidates,239,202.12,66.45298287762057,66.45298287762057,False,237.94979079497907,0.5391750564600389,5.295172387491171,9,8,1
graph.weak_components,graph,selected,224,202.12,66.45298287762057,66.45298287762057,False,229.76785714285714,0.4160514087647995,3.4743361396611387,4,3,0
graph.weak_components,graph,first_scored,219,202.12,66.45298287762057,66.45298287762057,False,231.05479452054794,0.43541754286386347,5.295172387491171,6,5,1
graph.weighted_path_budget_exhausted,graph,dev,50,0.0,0.0,1.0,True,0.0,0.0,0.0,0,0,0
graph.weighted_path_budget_exhausted,graph,train,75,0.0,0.0,1.0,True,0.0,0.0,0.0,0,0,0
graph.weighted_path_budget_exhausted,graph,all_scored_candidates,239,0.0,0.0,1.0,True,0.0,0.0,0.0,0,0,0
graph.weighted_path_budget_exhausted,graph,selected,224,0.0,0.0,1.0,True,0.0,0.0,0.0,0,0,0
graph.weighted_path_budget_exhausted,graph,first_scored,219,0.0,0.0,1.0,True,0.0,0.0,0.0,0,0,0
graph.weighted_path_missing,graph,dev,50,0.0,0.0,1.0,True,0.0,0.0,0.0,0,0,0
graph.weighted_path_missing,graph,train,75,0.0,0.0,1.0,True,0.0,0.0,0.0,0,0,0
graph.weighted_path_missing,graph,all_scored_candidates,239,0.0,0.0,1.0,True,0.0,0.0,0.0,0,0,0
graph.weighted_path_missing,graph,selected,224,0.0,0.0,1.0,True,0.0,0.0,0.0,0,0,0
graph.weighted_path_missing,graph,first_scored,219,0.0,0.0,1.0,True,0.0,0.0,0.0,0,0,0
hidden.layer_0.input_mean,hidden,dev,50,0.0002978477913226622,0.00016410114146329466,0.00016410114146329466,False,0.0003041934337488783,0.03866909376517332,3.3237146927145984,4,1,0
hidden.layer_0.input_mean,hidden,train,75,0.0002978477913226622,0.00016410114146329466,0.00016410114146329466,False,0.0002978477913226622,-4.239375054707987e-17,2.7577254782953267,0,0,0
hidden.layer_0.input_mean,hidden,all_scored_candidates,239,0.0002978477913226622,0.00016410114146329466,0.00016410114146329466,False,0.000498240192203537,1.221151779286664,2.2695700477502303,111,0,0
hidden.layer_0.input_mean,hidden,selected,224,0.0002978477913226622,0.00016410114146329466,0.00016410114146329466,False,0.0005115081647610557,1.3020041879853963,2.2695700477502303,109,0,0
hidden.layer_0.input_mean,hidden,first_scored,219,0.0002978477913226622,0.00016410114146329466,0.00016410114146329466,False,0.0005138383228054055,1.3162037116667775,2.2695700477502303,107,0,0
hidden.layer_0.input_rms,hidden,dev,50,0.267161922454834,0.005504320406158466,0.005504320406158466,False,0.2669065326452255,-0.0463980638414025,2.5886746049714797,0,0,0
hidden.layer_0.input_rms,hidden,train,75,0.267161922454834,0.005504320406158466,0.005504320406158466,False,0.267161922454834,-2.8240373003048566e-15,2.63357040299993,0,0,0
hidden.layer_0.input_rms,hidden,all_scored_candidates,239,0.267161922454834,0.005504320406158466,0.005504320406158466,False,0.2665044505725845,-0.11944651359937716,2.412708199288334,0,0,0
hidden.layer_0.input_rms,hidden,selected,224,0.267161922454834,0.005504320406158466,0.005504320406158466,False,0.2669162324496678,-0.04463584730484025,2.412708199288334,0,0,0
hidden.layer_0.input_rms,hidden,first_scored,219,0.267161922454834,0.005504320406158466,0.005504320406158466,False,0.26699248609477527,-0.030782430446665524,2.412708199288334,0,0,0
hidden.layer_0.output_mean,hidden,dev,50,5.9800702341211336e-05,5.390606493219762e-06,5.390606493219762e-06,False,5.866443891136441e-05,-0.21078582368720486,2.8160930006693947,1,0,0
hidden.layer_0.output_mean,hidden,train,75,5.9800702341211336e-05,5.390606493219762e-06,5.390606493219762e-06,False,5.9800702341211336e-05,4.935866530312676e-16,2.6093251818128906,0,0,0
hidden.layer_0.output_mean,hidden,all_scored_candidates,239,5.9800702341211336e-05,5.390606493219762e-06,5.390606493219762e-06,False,7.93243775794002e-05,3.621795666729801,5.115949354443787,238,232,1
hidden.layer_0.output_mean,hidden,selected,224,5.9800702341211336e-05,5.390606493219762e-06,5.390606493219762e-06,False,7.913356223200805e-05,3.5863979155431487,5.115949354443787,223,217,1
hidden.layer_0.output_mean,hidden,first_scored,219,5.9800702341211336e-05,5.390606493219762e-06,5.390606493219762e-06,False,7.917656755653214e-05,3.5943757422641642,5.115949354443787,218,213,1
hidden.layer_0.output_rms,hidden,dev,50,0.011332078116635481,0.0004208353929734549,0.0004208353929734549,False,0.011315911188721656,-0.03841627435277142,2.533994001365183,0,0,0
hidden.layer_0.output_rms,hidden,train,75,0.011332078116635481,0.0004208353929734549,0.0004208353929734549,False,0.011332078116635481,2.2352490229119817e-16,2.553906871495188,0,0,0
hidden.layer_0.output_rms,hidden,all_scored_candidates,239,0.011332078116635481,0.0004208353929734549,0.0004208353929734549,False,0.011253227043320196,-0.1873679700705691,2.414443750499101,0,0,0
hidden.layer_0.output_rms,hidden,selected,224,0.011332078116635481,0.0004208353929734549,0.0004208353929734549,False,0.01128541467811114,-0.11088287559331923,2.414443750499101,0,0,0
hidden.layer_0.output_rms,hidden,first_scored,219,0.011332078116635481,0.0004208353929734549,0.0004208353929734549,False,0.011290909913815048,-0.09782495367025976,2.414443750499101,0,0,0
hidden.layer_1.input_mean,hidden,dev,50,0.0014498109370470046,0.00028109783724418106,0.00028109783724418106,False,0.0014669369487091898,0.06092544798666824,2.6953932073926645,1,0,0
hidden.layer_1.input_mean,hidden,train,75,0.0014498109370470046,0.00028109783724418106,0.00028109783724418106,False,0.0014498109370470046,3.2802464448404104e-16,2.6207716958112726,0,0,0
hidden.layer_1.input_mean,hidden,all_scored_candidates,239,0.0014498109370470046,0.00028109783724418106,0.00028109783724418106,False,0.0016208424541717355,0.6084412416740197,2.7145747567727563,2,0,0
hidden.layer_1.input_mean,hidden,selected,224,0.0014498109370470046,0.00028109783724418106,0.00028109783724418106,False,0.0016064117938055591,0.5571044526483498,2.7145747567727563,2,0,0
hidden.layer_1.input_mean,hidden,first_scored,219,0.0014498109370470046,0.00028109783724418106,0.00028109783724418106,False,0.001604114900466446,0.5489332999933478,2.7033563914215186,1,0,0
hidden.layer_1.input_rms,hidden,dev,50,0.3630569477876027,0.0028177970453298717,0.0028177970453298717,False,0.36288685739040377,-0.06036289855611814,2.85720643636388,1,0,0
hidden.layer_1.input_rms,hidden,train,75,0.3630569477876027,0.0028177970453298717,0.0028177970453298717,False,0.3630569477876027,6.571225045585531e-15,2.576369650168785,0,0,0
hidden.layer_1.input_rms,hidden,all_scored_candidates,239,0.3630569477876027,0.0028177970453298717,0.0028177970453298717,False,0.36141133046549234,-0.5840084632205056,2.9426748229583346,16,0,0
hidden.layer_1.input_rms,hidden,selected,224,0.3630569477876027,0.0028177970453298717,0.0028177970453298717,False,0.36161861116332666,-0.5104472043719067,2.9426748229583346,11,0,0
hidden.layer_1.input_rms,hidden,first_scored,219,0.3630569477876027,0.0028177970453298717,0.0028177970453298717,False,0.36166748622236733,-0.49310207331584277,2.935387640881416,9,0,0
hidden.layer_1.output_mean,hidden,dev,50,4.609561461469032e-06,9.76550123481921e-06,9.76550123481921e-06,False,3.9479608983583606e-06,-0.06774875628008872,2.45551099766535,0,0,0
hidden.layer_1.output_mean,hidden,train,75,4.609561461469032e-06,9.76550123481921e-06,9.76550123481921e-06,False,4.609561461469032e-06,6.136313245724833e-18,2.9746609946187443,0,0,0
hidden.layer_1.output_mean,hidden,all_scored_candidates,239,4.609561461469032e-06,9.76550123481921e-06,9.76550123481921e-06,False,2.024268921747637e-05,1.6008525707074737,3.1874227638037724,138,3,0
hidden.layer_1.output_mean,hidden,selected,224,4.609561461469032e-06,9.76550123481921e-06,9.76550123481921e-06,False,2.141386114524429e-05,1.7207820960442852,3.1874227638037724,136,3,0
hidden.layer_1.output_mean,hidden,first_scored,219,4.609561461469032e-06,9.76550123481921e-06,9.76550123481921e-06,False,2.1641020708914487e-05,1.7440435301691672,3.1874227638037724,133,3,0
hidden.layer_1.output_rms,hidden,dev,50,0.01719377433260282,0.00026582755519651577,0.00026582755519651577,False,0.01721360791474581,0.0746107081650234,2.6188213708539863,2,0,0
hidden.layer_1.output_rms,hidden,train,75,0.01719377433260282,0.00026582755519651577,0.00026582755519651577,False,0.01719377433260282,1.7911598130619192e-16,2.6099085076706707,0,0,0
hidden.layer_1.output_rms,hidden,all_scored_candidates,239,0.01719377433260282,0.00026582755519651577,0.00026582755519651577,False,0.016997786698605726,-0.7372735826886265,3.234369487935664,19,4,0
hidden.layer_1.output_rms,hidden,selected,224,0.01719377433260282,0.00026582755519651577,0.00026582755519651577,False,0.017017258663794825,-0.6640232186520456,3.234369487935664,13,2,0
hidden.layer_1.output_rms,hidden,first_scored,219,0.01719377433260282,0.00026582755519651577,0.00026582755519651577,False,0.017021439927013497,-0.648293986911633,3.1878222001001575,11,3,0
hidden.layer_10.input_mean,hidden,dev,50,0.01066096432507038,0.0005632065996978863,0.0005632065996978863,False,0.010668649673461914,0.013645700166965513,2.3780191994396715,1,0,0
hidden.layer_10.input_mean,hidden,train,75,0.01066096432507038,0.0005632065996978863,0.0005632065996978863,False,0.01066096432507038,1.1132067490038367e-15,2.4223028043576202,0,0,0
hidden.layer_10.input_mean,hidden,all_scored_candidates,239,0.01066096432507038,0.0005632065996978863,0.0005632065996978863,False,0.011672651406891924,1.7962983430311903,4.511056932516954,99,47,0
hidden.layer_10.input_mean,hidden,selected,224,0.01066096432507038,0.0005632065996978863,0.0005632065996978863,False,0.011754134254130934,1.9409749986007774,4.511056932516954,99,47,0
hidden.layer_10.input_mean,hidden,first_scored,219,0.01066096432507038,0.0005632065996978863,0.0005632065996978863,False,0.011768566278664216,1.9665997418850787,4.511056932516954,99,47,0
hidden.layer_10.input_rms,hidden,dev,50,0.8395499380429586,0.002686624500146695,0.002686624500146695,False,0.8390339708328247,-0.1920503628645359,2.43143408424169,1,0,0
hidden.layer_10.input_rms,hidden,train,75,0.8395499380429586,0.002686624500146695,0.002686624500146695,False,0.8395499380429586,-2.0392507127375836e-14,2.3073494649692323,0,0,0
hidden.layer_10.input_rms,hidden,all_scored_candidates,239,0.8395499380429586,0.002686624500146695,0.002686624500146695,False,0.8393593123767167,-0.07095359482933994,2.5621744134697595,20,0,0
hidden.layer_10.input_rms,hidden,selected,224,0.8395499380429586,0.002686624500146695,0.002686624500146695,False,0.839635831969125,0.031970945757997825,2.5621744134697595,14,0,0
hidden.layer_10.input_rms,hidden,first_scored,219,0.8395499380429586,0.002686624500146695,0.002686624500146695,False,0.8396822899988253,0.04926328776478564,2.5621744134697595,13,0,0
hidden.layer_10.output_mean,hidden,dev,50,-8.343467350641732e-05,4.875057628649827e-05,4.875057628649827e-05,False,-9.122504467086401e-05,-0.15980059637990934,2.8458463295202474,2,0,0
hidden.layer_10.output_mean,hidden,train,75,-8.343467350641732e-05,4.875057628649827e-05,4.875057628649827e-05,False,-8.343467350641732e-05,1.273980920757367e-16,2.732116770041175,0,0,0
hidden.layer_10.output_mean,hidden,all_scored_candidates,239,-8.343467350641732e-05,4.875057628649827e-05,4.875057628649827e-05,False,-0.00016605897404002143,-1.694837411726912,4.214672247897209,25,18,0
hidden.layer_10.output_mean,hidden,selected,224,-8.343467350641732e-05,4.875057628649827e-05,4.875057628649827e-05,False,-0.0001625111351261564,-1.6220620891745177,4.1127640768547,17,12,0
hidden.layer_10.output_mean,hidden,first_scored,219,-8.343467350641732e-05,4.875057628649827e-05,4.875057628649827e-05,False,-0.00016165462752578772,-1.6044929101901473,4.1127640768547,14,10,0
hidden.layer_10.output_rms,hidden,dev,50,0.05719986731807391,0.0010497557679932268,0.0010497557679932268,False,0.057071491926908496,-0.1222907223561397,2.4527036974162826,1,0,0
hidden.layer_10.output_rms,hidden,train,75,0.05719986731807391,0.0010497557679932268,0.0010497557679932268,False,0.05719986731807391,-4.3946328058079115e-16,2.396846829480341,0,0,0
hidden.layer_10.output_rms,hidden,all_scored_candidates,239,0.05719986731807391,0.0010497557679932268,0.0010497557679932268,False,0.05690207251320324,-0.2836800844066317,2.8991256969464967,20,0,0
hidden.layer_10.output_rms,hidden,selected,224,0.05719986731807391,0.0010497557679932268,0.0010497557679932268,False,0.057005996350198984,-0.18468197440395076,2.8991256969464967,13,0,0
hidden.layer_10.output_rms,hidden,first_scored,219,0.05719986731807391,0.0010497557679932268,0.0010497557679932268,False,0.057022884420063945,-0.16859435633137562,2.8848030591453875,12,0,0
hidden.layer_11.input_mean,hidden,dev,50,0.014676020530362923,0.0004025697927250865,0.0004025697927250865,False,0.014702476263046264,0.06571713318144504,2.9537889210023116,5,0,0
hidden.layer_11.input_mean,hidden,train,75,0.014676020530362923,0.0004025697927250865,0.0004025697927250865,False,0.014676020530362923,1.3288675715372732e-15,2.312666318696331,0,0,0
hidden.layer_11.input_mean,hidden,all_scored_candidates,239,0.014676020530362923,0.0004025697927250865,0.0004025697927250865,False,0.01516662637808333,1.2186851984084122,4.594792989711353,77,30,0
hidden.layer_11.input_mean,hidden,selected,224,0.014676020530362923,0.0004025697927250865,0.0004025697927250865,False,0.01522235744050704,1.3571234603715225,4.594792989711353,73,30,0
hidden.layer_11.input_mean,hidden,first_scored,219,0.014676020530362923,0.0004025697927250865,0.0004025697927250865,False,0.01523416937163023,1.3864647853706835,4.594792989711353,74,30,0
hidden.layer_11.input_rms,hidden,dev,50,0.8383716742197672,0.0030739183234957945,0.0030739183234957945,False,0.837714980840683,-0.2136339713598544,2.6262354332769533,2,0,0
hidden.layer_11.input_rms,hidden,train,75,0.8383716742197672,0.0030739183234957945,0.0030739183234957945,False,0.8383716742197672,1.2044005838947787e-14,2.4107688063072055,0,0,0
hidden.layer_11.input_rms,hidden,all_scored_candidates,239,0.8383716742197672,0.0030739183234957945,0.0030739183234957945,False,0.8402230799447542,0.602295028737631,3.1836460977199534,17,1,0
hidden.layer_11.input_rms,hidden,selected,224,0.8383716742197672,0.0030739183234957945,0.0030739183234957945,False,0.8405644648841449,0.713353587704948,3.1836460977199534,17,1,0
hidden.layer_11.input_rms,hidden,first_scored,219,0.8383716742197672,0.0030739183234957945,0.0030739183234957945,False,0.8406279601462899,0.7340097195415457,3.1836460977199534,17,1,0
hidden.layer_11.output_mean,hidden,dev,50,-0.0005258626809033255,6.558549896553315e-05,6.558549896553315e-05,False,-0.0005342237267177552,-0.12748314713323564,2.846607263157727,4,0,0
hidden.layer_11.output_mean,hidden,train,75,-0.0005258626809033255,6.558549896553315e-05,6.558549896553315e-05,False,-0.0005258626809033255,-2.1658600838729096e-16,2.3666056127882498,0,0,0
hidden.layer_11.output_mean,hidden,all_scored_candidates,239,-0.0005258626809033255,6.558549896553315e-05,6.558549896553315e-05,False,-0.00045487531397499486,1.0823637549153398,3.5624096066763875,18,4,0
hidden.layer_11.output_mean,hidden,selected,224,-0.0005258626809033255,6.558549896553315e-05,6.558549896553315e-05,False,-0.00045895113505269237,1.0202185987148904,3.5624096066763875,13,2,0
hidden.layer_11.output_mean,hidden,first_scored,219,-0.0005258626809033255,6.558549896553315e-05,6.558549896553315e-05,False,-0.00045986857066424264,1.0062302075915348,3.538392750255014,9,2,0
hidden.layer_11.output_rms,hidden,dev,50,0.06244444782535235,0.001329973305715714,0.001329973305715714,False,0.0622496897727251,-0.14643756516784856,2.648955360239533,2,0,0
hidden.layer_11.output_rms,hidden,train,75,0.06244444782535235,0.001329973305715714,0.001329973305715714,False,0.06244444782535235,1.3059923513007258e-15,2.5157861636108354,0,0,0
hidden.layer_11.output_rms,hidden,all_scored_candidates,239,0.06244444782535235,0.001329973305715714,0.001329973305715714,False,0.06294210406339817,0.3741851328196479,2.332853932522692,9,0,0
hidden.layer_11.output_rms,hidden,selected,224,0.06244444782535235,0.001329973305715714,0.001329973305715714,False,0.06308031118740993,0.47810234936662527,2.332853932522692,9,0,0
hidden.layer_11.output_rms,hidden,first_scored,219,0.06244444782535235,0.001329973305715714,0.001329973305715714,False,0.06310216526258482,0.4945343146406406,2.299325646893987,9,0,0
hidden.layer_12.input_mean,hidden,dev,50,0.011277459959189096,0.0004019138458834097,0.0004019138458834097,False,0.011345926225185394,0.17035060299007268,2.1322367955863375,0,0,0
hidden.layer_12.input_mean,hidden,train,75,0.011277459959189096,0.0004019138458834097,0.0004019138458834097,False,0.011277459959189096,1.9600177962135014e-15,2.3077406783245893,0,0,0
hidden.layer_12.input_mean,hidden,all_scored_candidates,239,0.011277459959189096,0.0004019138458834097,0.0004019138458834097,False,0.01214292734689917,2.153365445292809,4.66471930358825,123,69,0
hidden.layer_12.input_mean,hidden,selected,224,0.011277459959189096,0.0004019138458834097,0.0004019138458834097,False,0.012187276526154684,2.2637104351700152,4.66471930358825,122,68,0
hidden.layer_12.input_mean,hidden,first_scored,219,0.011277459959189096,0.0004019138458834097,0.0004019138458834097,False,0.012193204843562488,2.2784606545728154,4.66471930358825,121,68,0
hidden.layer_12.input_rms,hidden,dev,50,0.8386124308904012,0.003263267772209226,0.003263267772209226,False,0.8378978598117829,-0.21897408625298356,2.687704020575245,2,0,0
hidden.layer_12.input_rms,hidden,train,75,0.8386124308904012,0.003263267772209226,0.003263267772209226,False,0.8386124308904012,1.3150984930672867e-14,2.475643603181488,0,0,0
hidden.layer_12.input_rms,hidden,all_scored_candidates,239,0.8386124308904012,0.003263267772209226,0.003263267772209226,False,0.840882915582617,0.6957702679356534,2.8970650665462414,17,0,0
hidden.layer_12.input_rms,hidden,selected,224,0.8386124308904012,0.003263267772209226,0.003263267772209226,False,0.8412516604044608,0.8087689084346443,2.8970650665462414,17,0,0
hidden.layer_12.input_rms,hidden,first_scored,219,0.8386124308904012,0.003263267772209226,0.003263267772209226,False,0.841314448341387,0.8280097250973142,2.8970650665462414,17,0,0
hidden.layer_12.output_mean,hidden,dev,50,0.000327376244822517,0.00011316855165181372,0.00011316855165181372,False,0.00033181015838636087,0.03917973234724861,2.9688899553777413,2,0,0
hidden.layer_12.output_mean,hidden,train,75,0.000327376244822517,0.00011316855165181372,0.00011316855165181372,False,0.000327376244822517,2.2190582704695317e-16,2.6160432210532973,0,0,0
hidden.layer_12.output_mean,hidden,all_scored_candidates,239,0.000327376244822517,0.00011316855165181372,0.00011316855165181372,False,0.00030366372973190535,-0.20953272569545722,2.091805469508951,1,0,0
hidden.layer_12.output_mean,hidden,selected,224,0.000327376244822517,0.00011316855165181372,0.00011316855165181372,False,0.0002964566223064529,-0.2732174448180152,2.0469401975579467,1,0,0
hidden.layer_12.output_mean,hidden,first_scored,219,0.000327376244822517,0.00011316855165181372,0.00011316855165181372,False,0.0002951797484111925,-0.2845003840853562,2.091805469508951,1,0,0
hidden.layer_12.output_rms,hidden,dev,50,0.05982863028844198,0.0014524633592831718,0.0014524633592831718,False,0.05962648764252663,-0.13917228591233818,2.746088223039037,2,0,0
hidden.layer_12.output_rms,hidden,train,75,0.05982863028844198,0.0014524633592831718,0.0014524633592831718,False,0.05982863028844198,-2.355153109571499e-15,2.528497568492964,0,0,0
hidden.layer_12.output_rms,hidden,all_scored_candidates,239,0.05982863028844198,0.0014524633592831718,0.0014524633592831718,False,0.060530373226523895,0.4831398558847275,2.2938099008134216,14,0,0
hidden.layer_12.output_rms,hidden,selected,224,0.05982863028844198,0.0014524633592831718,0.0014524633592831718,False,0.06068102875724435,0.5868640082067542,2.2938099008134216,14,0,0
hidden.layer_12.output_rms,hidden,first_scored,219,0.05982863028844198,0.0014524633592831718,0.0014524633592831718,False,0.06070581835494738,0.603931287422161,2.2425881112411874,14,0,0
hidden.layer_13.input_mean,hidden,dev,50,0.012796161559720834,0.0007768703047415786,0.0007768703047415786,False,0.012723183371126651,-0.0939387027007787,2.0451843228510653,2,0,0
hidden.layer_13.input_mean,hidden,train,75,0.012796161559720834,0.0007768703047415786,0.0007768703047415786,False,0.012796161559720834,-1.9734214262712158e-16,2.1245445748013294,0,0,0
hidden.layer_13.input_mean,hidden,all_scored_candidates,239,0.012796161559720834,0.0007768703047415786,0.0007768703047415786,False,0.014217759887824248,1.829904321772603,3.0764959660332476,79,1,0
hidden.layer_13.input_mean,hidden,selected,224,0.012796161559720834,0.0007768703047415786,0.0007768703047415786,False,0.014214897690440662,1.8262200550859788,3.0764959660332476,71,1,0
hidden.layer_13.input_mean,hidden,first_scored,219,0.012796161559720834,0.0007768703047415786,0.0007768703047415786,False,0.014210985522700227,1.8211842496026744,3.0764959660332476,67,1,0
hidden.layer_13.input_rms,hidden,dev,50,0.8418665440877279,0.0032535584078158494,0.0032535584078158494,False,0.8411466336250305,-0.221268645728921,2.7568572936827938,2,0,0
hidden.layer_13.input_rms,hidden,train,75,0.8418665440877279,0.0032535584078158494,0.0032535584078158494,False,0.8418665440877279,-3.1859237470399647e-15,2.373917836764795,0,0,0
hidden.layer_13.input_rms,hidden,all_scored_candidates,239,0.8418665440877279,0.0032535584078158494,0.0032535584078158494,False,0.8444108813377604,0.7820167739790325,3.1110766271955304,20,1,0
hidden.layer_13.input_rms,hidden,selected,224,0.8418665440877279,0.0032535584078158494,0.0032535584078158494,False,0.8447799554892949,0.8954538497198213,3.1110766271955304,20,1,0
hidden.layer_13.input_rms,hidden,first_scored,219,0.8418665440877279,0.0032535584078158494,0.0032535584078158494,False,0.8448463569493054,0.9158627226175825,3.1110766271955304,20,1,0
hidden.layer_13.output_mean,hidden,dev,50,1.2813394660042832e-05,6.506421386730872e-05,6.506421386730872e-05,False,1.0973825933433545e-05,-0.028273126151356933,2.10215165648859,0,0,0
hidden.layer_13.output_mean,hidden,train,75,1.2813394660042832e-05,6.506421386730872e-05,6.506421386730872e-05,False,1.2813394660042832e-05,-1.5496863052059476e-18,2.1048746520859347,0,0,0
hidden.layer_13.output_mean,hidden,all_scored_candidates,239,1.2813394660042832e-05,6.506421386730872e-05,6.506421386730872e-05,False,-8.317601697766591e-05,-1.4753027191486328,3.0169869260913336,43,1,0
hidden.layer_13.output_mean,hidden,selected,224,1.2813394660042832e-05,6.506421386730872e-05,6.506421386730872e-05,False,-8.048461629783787e-05,-1.433937419856508,3.0169869260913336,33,1,0
hidden.layer_13.output_mean,hidden,first_scored,219,1.2813394660042832e-05,6.506421386730872e-05,6.506421386730872e-05,False,-7.996581919616976e-05,-1.4259638031656778,3.0169869260913336,31,1,0
hidden.layer_13.output_rms,hidden,dev,50,0.059606197128693264,0.0012175731072954442,0.0012175731072954442,False,0.05941602222621441,-0.1561917730765954,2.696644434096513,2,0,0
hidden.layer_13.output_rms,hidden,train,75,0.059606197128693264,0.0012175731072954442,0.0012175731072954442,False,0.059606197128693264,-1.0700815233910532e-15,2.5022372612163113,0,0,0
hidden.layer_13.output_rms,hidden,all_scored_candidates,239,0.059606197128693264,0.0012175731072954442,0.0012175731072954442,False,0.060099299264502824,0.40498770287795893,2.2706528526158176,15,0,0
hidden.layer_13.output_rms,hidden,selected,224,0.059606197128693264,0.0012175731072954442,0.0012175731072954442,False,0.060218501154200306,0.5028889204584471,2.2706528526158176,15,0,0
hidden.layer_13.output_rms,hidden,first_scored,219,0.059606197128693264,0.0012175731072954442,0.0012175731072954442,False,0.06024090022052804,0.5212854062164877,2.2706528526158176,15,0,0
hidden.layer_14.input_mean,hidden,dev,50,0.009303528554737569,0.0004832753505018032,0.0004832753505018032,False,0.009127366431057453,-0.3645170884407813,3.6293499651193866,2,1,0
hidden.layer_14.input_mean,hidden,train,75,0.009303528554737569,0.0004832753505018032,0.0004832753505018032,False,0.009303528554737569,-1.3023609968243477e-15,2.8432605159842574,0,0,0
hidden.layer_14.input_mean,hidden,all_scored_candidates,239,0.009303528554737569,0.0004832753505018032,0.0004832753505018032,False,0.010016061225321502,1.4743823988624374,5.0077729766437225,88,21,1
hidden.layer_14.input_mean,hidden,selected,224,0.009303528554737569,0.0004832753505018032,0.0004832753505018032,False,0.010049264994449914,1.5430880944745442,5.0077729766437225,87,21,1
hidden.layer_14.input_mean,hidden,first_scored,219,0.009303528554737569,0.0004832753505018032,0.0004832753505018032,False,0.010049888630265787,1.5443785302793618,5.0077729766437225,86,20,1
hidden.layer_14.input_rms,hidden,dev,50,0.8680764945348104,0.0026711901805771135,0.0026711901805771135,False,0.8675074112415314,-0.21304484323765796,2.599944288421714,2,0,0
hidden.layer_14.input_rms,hidden,train,75,0.8680764945348104,0.0026711901805771135,0.0026711901805771135,False,0.8680764945348104,-3.871460443893859e-15,2.3119389057612567,0,0,0
hidden.layer_14.input_rms,hidden,all_scored_candidates,239,0.8680764945348104,0.0026711901805771135,0.0026711901805771135,False,0.8700484446401875,0.7382290185534833,3.2790294586459723,17,1,0
hidden.layer_14.input_rms,hidden,selected,224,0.8680764945348104,0.0026711901805771135,0.0026711901805771135,False,0.8703543884413583,0.8527636568564196,3.2790294586459723,17,1,0
hidden.layer_14.input_rms,hidden,first_scored,219,0.8680764945348104,0.0026711901805771135,0.0026711901805771135,False,0.8704080453746394,0.8728509324354337,3.2790294586459723,17,1,0
hidden.layer_14.output_mean,hidden,dev,50,-1.9229311512087103e-05,7.264377998646286e-05,7.264377998646286e-05,False,-3.559114439553923e-05,-0.22523377619530746,3.4146559465946558,3,2,0
hidden.layer_14.output_mean,hidden,train,75,-1.9229311512087103e-05,7.264377998646286e-05,7.264377998646286e-05,False,-1.9229311512087103e-05,-3.4509432348765284e-17,2.6182332476415353,0,0,0
hidden.layer_14.output_mean,hidden,all_scored_candidates,239,-1.9229311512087103e-05,7.264377998646286e-05,7.264377998646286e-05,False,-8.236735379528732e-05,-0.8691458827578352,2.8431814505111404,7,0,0
hidden.layer_14.output_mean,hidden,selected,224,-1.9229311512087103e-05,7.264377998646286e-05,7.264377998646286e-05,False,-7.822296432959317e-05,-0.8120950317907399,2.8431814505111404,4,0,0
hidden.layer_14.output_mean,hidden,first_scored,219,-1.9229311512087103e-05,7.264377998646286e-05,7.264377998646286e-05,False,-7.68980616114197e-05,-0.7938566813301724,2.826675781900625,4,0,0
hidden.layer_14.output_rms,hidden,dev,50,0.06143372183044751,0.0013271603410639173,0.0013271603410639173,False,0.061241730749607086,-0.14466306361032252,2.5179727189634256,2,0,0
hidden.layer_14.output_rms,hidden,train,75,0.06143372183044751,0.0013271603410639173,0.0013271603410639173,False,0.06143372183044751,1.389903094238069e-15,2.3021116314458014,0,0,0
hidden.layer_14.output_rms,hidden,all_scored_candidates,239,0.06143372183044751,0.0013271603410639173,0.0013271603410639173,False,0.06196303897884101,0.3988343623719013,2.3789655365883995,8,0,0
hidden.layer_14.output_rms,hidden,selected,224,0.06143372183044751,0.0013271603410639173,0.0013271603410639173,False,0.062106026303289194,0.506573661101662,2.3789655365883995,8,0,0
hidden.layer_14.output_rms,hidden,first_scored,219,0.06143372183044751,0.0013271603410639173,0.0013271603410639173,False,0.06213183207735079,0.5260180140280849,2.3789655365883995,8,0,0
hidden.layer_15.input_mean,hidden,dev,50,0.011234341164429982,0.0006346325138980192,0.0006346325138980192,False,0.011077846512198447,-0.2465909779351161,2.7558412659581277,6,0,0
hidden.layer_15.input_mean,hidden,train,75,0.011234341164429982,0.0006346325138980192,0.0006346325138980192,False,0.011234341164429982,9.533115038114677e-16,2.2581772159657048,0,0,0
hidden.layer_15.input_mean,hidden,all_scored_candidates,239,0.011234341164429982,0.0006346325138980192,0.0006346325138980192,False,0.011040512710092706,-0.30541841158869865,2.169601833522862,19,0,0
hidden.layer_15.input_mean,hidden,selected,224,0.011234341164429982,0.0006346325138980192,0.0006346325138980192,False,0.011059504413944004,-0.27549289810586836,2.169601833522862,17,0,0
hidden.layer_15.input_mean,hidden,first_scored,219,0.011234341164429982,0.0006346325138980192,0.0006346325138980192,False,0.011065961376308851,-0.2653185653645675,2.169601833522862,16,0,0
hidden.layer_15.input_rms,hidden,dev,50,0.8884186681111653,0.0038612124676946436,0.0038612124676946436,False,0.8876180565357208,-0.2073471952509533,2.384871100593328,2,0,0
hidden.layer_15.input_rms,hidden,train,75,0.8884186681111653,0.0038612124676946436,0.0038612124676946436,False,0.8884186681111653,1.1127947521782921e-14,2.3027199093571777,0,0,0
hidden.layer_15.input_rms,hidden,all_scored_candidates,239,0.8884186681111653,0.0038612124676946436,0.0038612124676946436,False,0.8923538267363066,1.0191510200656557,3.984247152342545,23,3,0
hidden.layer_15.input_rms,hidden,selected,224,0.8884186681111653,0.0038612124676946436,0.0038612124676946436,False,0.8928300932581935,1.1424973849372508,3.984247152342545,23,3,0
hidden.layer_15.input_rms,hidden,first_scored,219,0.8884186681111653,0.0038612124676946436,0.0038612124676946436,False,0.8929075585108369,1.1625598014169207,3.984247152342545,23,3,0
hidden.layer_15.output_mean,hidden,dev,50,0.000320703925875326,6.0581494799969445e-05,6.0581494799969445e-05,False,0.0003463038188056089,0.42256951590266506,3.0144420613683054,1,1,0
hidden.layer_15.output_mean,hidden,train,75,0.000320703925875326,6.0581494799969445e-05,6.0581494799969445e-05,False,0.000320703925875326,1.5764877829097893e-16,2.908519786724665,0,0,0
hidden.layer_15.output_mean,hidden,all_scored_candidates,239,0.000320703925875326,6.0581494799969445e-05,6.0581494799969445e-05,False,0.00034675237912174206,0.42997376232501283,3.169757944836185,2,2,0
hidden.layer_15.output_mean,hidden,selected,224,0.000320703925875326,6.0581494799969445e-05,6.0581494799969445e-05,False,0.00034207195689564936,0.3527154800467907,3.169757944836185,1,1,0
hidden.layer_15.output_mean,hidden,first_scored,219,0.000320703925875326,6.0581494799969445e-05,6.0581494799969445e-05,False,0.00034109492385951315,0.3365878978641093,3.145493501154788,1,1,0
hidden.layer_15.output_rms,hidden,dev,50,0.06860123773415884,0.0015921537319961224,0.0015921537319961224,False,0.06828325539827347,-0.19971836230079992,2.1970879198679882,2,0,0
hidden.layer_15.output_rms,hidden,train,75,0.06860123773415884,0.0015921537319961224,0.0015921537319961224,False,0.06860123773415884,-4.068227236568115e-15,2.2079607239925934,0,0,0
hidden.layer_15.output_rms,hidden,all_scored_candidates,239,0.06860123773415884,0.0015921537319961224,0.0015921537319961224,False,0.07035459369171614,1.101247902336082,4.251646705052166,25,4,0
hidden.layer_15.output_rms,hidden,selected,224,0.06860123773415884,0.0015921537319961224,0.0015921537319961224,False,0.0705439684513424,1.220190411354262,4.251646705052166,25,4,0
hidden.layer_15.output_rms,hidden,first_scored,219,0.06860123773415884,0.0015921537319961224,0.0015921537319961224,False,0.07057327348483752,1.2385963183381097,4.251646705052166,25,4,0
hidden.layer_16.input_mean,hidden,dev,50,0.007908809836953879,0.000695531659079898,0.000695531659079898,False,0.007816216517239809,-0.13312595983992903,2.252191524401067,4,0,0
hidden.layer_16.input_mean,hidden,train,75,0.007908809836953879,0.000695531659079898,0.000695531659079898,False,0.007908809836953879,-5.017976774842244e-16,2.4180453612727253,0,0,0
hidden.layer_16.input_mean,hidden,all_scored_candidates,239,0.007908809836953879,0.000695531659079898,0.000695531659079898,False,0.00767522754545117,-0.33583272372059797,2.4037625628163735,19,0,0
hidden.layer_16.input_mean,hidden,selected,224,0.007908809836953879,0.000695531659079898,0.000695531659079898,False,0.007721409979110051,-0.2694339724114557,2.4037625628163735,14,0,0
hidden.layer_16.input_mean,hidden,first_scored,219,0.007908809836953879,0.000695531659079898,0.000695531659079898,False,0.0077301280500716,-0.25689957394412893,2.3793524438611846,12,0,0
hidden.layer_16.input_rms,hidden,dev,50,0.8924583141009013,0.005381339349848013,0.005381339349848013,False,0.8914875590801239,-0.1803928274482036,2.3169571065885775,2,0,0
hidden.layer_16.input_rms,hidden,train,75,0.8924583141009013,0.005381339349848013,0.005381339349848013,False,0.8924583141009013,4.393042642621599e-15,2.124132013533615,0,0,0
hidden.layer_16.input_rms,hidden,all_scored_candidates,239,0.8924583141009013,0.005381339349848013,0.005381339349848013,False,0.8982621932628264,1.0785194511268106,3.990790414445633,30,3,0
hidden.layer_16.input_rms,hidden,selected,224,0.8924583141009013,0.005381339349848013,0.005381339349848013,False,0.8989306427538395,1.202735644820658,3.990790414445633,30,3,0
hidden.layer_16.input_rms,hidden,first_scored,219,0.8924583141009013,0.005381339349848013,0.005381339349848013,False,0.899033362190473,1.221823724935218,3.990790414445633,30,3,0
hidden.layer_16.output_mean,hidden,dev,50,4.1560420722817074e-05,8.963308825762892e-05,8.963308825762892e-05,False,2.3508201453523726e-05,-0.20140128629068937,2.1691362829883056,2,0,0
hidden.layer_16.output_mean,hidden,train,75,4.1560420722817074e-05,8.963308825762892e-05,8.963308825762892e-05,False,4.1560420722817074e-05,-3.735437884936725e-17,2.3871880376286203,0,0,0
hidden.layer_16.output_mean,hidden,all_scored_candidates,239,4.1560420722817074e-05,8.963308825762892e-05,8.963308825762892e-05,False,0.00014127034226963192,1.112423140662324,3.8885143731153806,23,11,0
hidden.layer_16.output_mean,hidden,selected,224,4.1560420722817074e-05,8.963308825762892e-05,8.963308825762892e-05,False,0.000151996014015562,1.2320851087415863,3.8885143731153806,23,11,0
hidden.layer_16.output_mean,hidden,first_scored,219,4.1560420722817074e-05,8.963308825762892e-05,8.963308825762892e-05,False,0.00015371332462094887,1.2512444464233456,3.8885143731153806,23,11,0
hidden.layer_16.output_rms,hidden,dev,50,0.06956715613603592,0.0020827469003935634,0.0020827469003935634,False,0.06927871346473694,-0.13849146588309888,2.1826509325258274,2,0,0
hidden.layer_16.output_rms,hidden,train,75,0.06956715613603592,0.0020827469003935634,0.0020827469003935634,False,0.06956715613603592,-2.1383358047207443e-15,2.1389533866853787,0,0,0
hidden.layer_16.output_rms,hidden,all_scored_candidates,239,0.06956715613603592,0.0020827469003935634,0.0020827469003935634,False,0.07166813027160437,1.0087515363347506,3.7735690229188736,24,3,0
hidden.layer_16.output_rms,hidden,selected,224,0.06956715613603592,0.0020827469003935634,0.0020827469003935634,False,0.07192372118255921,1.1314697172652082,3.7735690229188736,24,3,0
hidden.layer_16.output_rms,hidden,first_scored,219,0.06956715613603592,0.0020827469003935634,0.0020827469003935634,False,0.07195873592542187,1.148281526158566,3.7735690229188736,24,3,0
hidden.layer_17.input_mean,hidden,dev,50,0.011368300095200538,0.00071057421072688,0.00071057421072688,False,0.011213064175099135,-0.21846545759464786,2.632082163213485,2,0,0
hidden.layer_17.input_mean,hidden,train,75,0.011368300095200538,0.00071057421072688,0.00071057421072688,False,0.011368300095200538,8.811470072108326e-16,2.267506392931513,0,0,0
hidden.layer_17.input_mean,hidden,all_scored_candidates,239,0.011368300095200538,0.00071057421072688,0.00071057421072688,False,0.011313200133334393,-0.07754286749272869,2.5647566572934544,9,0,0
hidden.layer_17.input_mean,hidden,selected,224,0.011368300095200538,0.00071057421072688,0.00071057421072688,False,0.01136787616581257,-0.0005966011453403971,2.5647566572934544,7,0,0
hidden.layer_17.input_mean,hidden,first_scored,219,0.011368300095200538,0.00071057421072688,0.00071057421072688,False,0.011380935011252966,0.017781275849431896,2.5647566572934544,7,0,0
hidden.layer_17.input_rms,hidden,dev,50,0.9105797346433003,0.004794037504336779,0.004794037504336779,False,0.9097338616847992,-0.1764427077877351,2.178572426445609,2,0,0
hidden.layer_17.input_rms,hidden,train,75,0.9105797346433003,0.004794037504336779,0.004794037504336779,False,0.9105797346433003,8.954954833217955e-15,2.059600297975659,0,0,0
hidden.layer_17.input_rms,hidden,all_scored_candidates,239,0.9105797346433003,0.004794037504336779,0.004794037504336779,False,0.915858897454569,1.1011934734538615,4.001289257741721,33,3,0
hidden.layer_17.input_rms,hidden,selected,224,0.9105797346433003,0.004794037504336779,0.004794037504336779,False,0.916444508092744,1.223347427745046,4.001289257741721,33,3,0
hidden.layer_17.input_rms,hidden,first_scored,219,0.9105797346433003,0.004794037504336779,0.004794037504336779,False,0.9165331027279161,1.2418275992272232,4.001289257741721,33,3,0
hidden.layer_17.output_mean,hidden,dev,50,-0.0007274135978271564,9.274675037814727e-05,9.274675037814727e-05,False,-0.0007218716025818139,0.059754063864734946,2.2447025780541034,0,0,0
hidden.layer_17.output_mean,hidden,train,75,-0.0007274135978271564,9.274675037814727e-05,9.274675037814727e-05,False,-0.0007274135978271564,-1.2564023895341354e-16,3.0229728617670104,0,1,0
hidden.layer_17.output_mean,hidden,all_scored_candidates,239,-0.0007274135978271564,9.274675037814727e-05,9.274675037814727e-05,False,-0.0007276861528012605,-0.0029387010649203783,2.220946116727167,3,0,0
hidden.layer_17.output_mean,hidden,selected,224,-0.0007274135978271564,9.274675037814727e-05,9.274675037814727e-05,False,-0.0007205360834632302,0.07415369633852599,2.220946116727167,3,0,0
hidden.layer_17.output_mean,hidden,first_scored,219,-0.0007274135978271564,9.274675037814727e-05,9.274675037814727e-05,False,-0.0007202397406284089,0.07734887928146467,2.1920232113426112,3,0,0
hidden.layer_17.output_rms,hidden,dev,50,0.07628523806730907,0.0017863696924995762,0.0017863696924995762,False,0.07603960603475571,-0.13750347063359494,2.3115265152278566,3,0,0
hidden.layer_17.output_rms,hidden,train,75,0.07628523806730907,0.0017863696924995762,0.0017863696924995762,False,0.07628523806730907,-2.591491835938579e-15,2.2105515843337193,0,0,0
hidden.layer_17.output_rms,hidden,all_scored_candidates,239,0.07628523806730907,0.0017863696924995762,0.0017863696924995762,False,0.077630385226535,0.7530060350182816,3.476518350444357,20,1,0
hidden.layer_17.output_rms,hidden,selected,224,0.07628523806730907,0.0017863696924995762,0.0017863696924995762,False,0.07783802874785449,0.8692437444864399,3.476518350444357,20,1,0
hidden.layer_17.output_rms,hidden,first_scored,219,0.07628523806730907,0.0017863696924995762,0.0017863696924995762,False,0.07786829507650306,0.8861866700049638,3.476518350444357,20,1,0
hidden.layer_18.input_mean,hidden,dev,50,0.008966190063705047,0.0008997431767796293,0.0008997431767796293,False,0.008904738212004304,-0.06829932505928221,2.5636037577822046,3,0,0
hidden.layer_18.input_mean,hidden,train,75,0.008966190063705047,0.0008997431767796293,0.0008997431767796293,False,0.008966190063705047,-9.695947748393033e-17,2.156465463549881,0,0,0
hidden.layer_18.input_mean,hidden,all_scored_candidates,239,0.008966190063705047,0.0008997431767796293,0.0008997431767796293,False,0.008820977200321448,-0.1613936811428197,2.692992589857016,11,0,0
hidden.layer_18.input_mean,hidden,selected,224,0.008966190063705047,0.0008997431767796293,0.0008997431767796293,False,0.0088845628155728,-0.09072283095761596,2.692992589857016,9,0,0
hidden.layer_18.input_mean,hidden,first_scored,219,0.008966190063705047,0.0008997431767796293,0.0008997431767796293,False,0.008900205734436778,-0.07333684874881763,2.692992589857016,9,0,0
hidden.layer_18.input_rms,hidden,dev,50,0.9774692757924398,0.002356766705877278,0.002356766705877278,False,0.9769683730602264,-0.21253810611131804,2.1303542548192653,1,0,0
hidden.layer_18.input_rms,hidden,train,75,0.9774692757924398,0.002356766705877278,0.002356766705877278,False,0.9774692757924398,-1.1931208336128188e-14,2.226147245658197,0,0,0
hidden.layer_18.input_rms,hidden,all_scored_candidates,239,0.9774692757924398,0.002356766705877278,0.002356766705877278,False,0.9794853895777937,0.8554575131794792,4.07369477731387,22,3,0
hidden.layer_18.input_rms,hidden,selected,224,0.9774692757924398,0.002356766705877278,0.002356766705877278,False,0.979776409853782,0.9789403658786682,4.07369477731387,22,3,0
hidden.layer_18.input_rms,hidden,first_scored,219,0.9774692757924398,0.002356766705877278,0.002356766705877278,False,0.9798158597728434,0.9956793663758157,4.07369477731387,22,3,0
hidden.layer_18.output_mean,hidden,dev,50,-0.001514845973191162,0.0001768999957927906,0.0001768999957927906,False,-0.0015353848366066814,-0.11610437481059847,2.837454194071103,2,0,0
hidden.layer_18.output_mean,hidden,train,75,-0.001514845973191162,0.0001768999957927906,0.0001768999957927906,False,-0.001514845973191162,-3.001765502830267e-16,2.487221092037193,0,0,0
hidden.layer_18.output_mean,hidden,all_scored_candidates,239,-0.001514845973191162,0.0001768999957927906,0.0001768999957927906,False,-0.0015770209355038204,-0.35146955224061394,3.068788356839935,15,2,0
hidden.layer_18.output_mean,hidden,selected,224,-0.001514845973191162,0.0001768999957927906,0.0001768999957927906,False,-0.0015586510801637945,-0.2476263878713884,3.068788356839935,9,1,0
hidden.layer_18.output_mean,hidden,first_scored,219,-0.001514845973191162,0.0001768999957927906,0.0001768999957927906,False,-0.001556208198273461,-0.2338169930243982,3.068788356839935,9,1,0
hidden.layer_18.output_rms,hidden,dev,50,0.10902619491020839,0.0003970083537313561,0.0003970083537313561,False,0.10897423923015595,-0.13086797686781113,2.0651341235189826,0,0,0
hidden.layer_18.output_rms,hidden,train,75,0.10902619491020839,0.0003970083537313561,0.0003970083537313561,False,0.10902619491020839,-8.85652662319103e-15,3.027646307616757,0,1,0
hidden.layer_18.output_rms,hidden,all_scored_candidates,239,0.10902619491020839,0.0003970083537313561,0.0003970083537313561,False,0.10904003820035248,0.034869014754941044,3.2565075633700005,5,1,0
hidden.layer_18.output_rms,hidden,selected,224,0.10902619491020839,0.0003970083537313561,0.0003970083537313561,False,0.10906026785128883,0.08582424213546393,3.2565075633700005,4,1,0
hidden.layer_18.output_rms,hidden,first_scored,219,0.10902619491020839,0.0003970083537313561,0.0003970083537313561,False,0.10906010362655605,0.08541058652535416,3.2565075633700005,4,1,0
hidden.layer_19.input_mean,hidden,dev,50,0.0018337409570570646,0.000901935745071486,0.000901935745071486,False,0.0017985529635916465,-0.03901385842361671,3.1755678072496956,4,2,0
hidden.layer_19.input_mean,hidden,train,75,0.0018337409570570646,0.000901935745071486,0.000901935745071486,False,0.0018337409570570646,1.086630785351872e-16,2.1301887336858463,0,0,0
hidden.layer_19.input_mean,hidden,all_scored_candidates,239,0.0018337409570570646,0.000901935745071486,0.000901935745071486,False,0.0016357553625818114,-0.21951186163440187,3.3791958083072386,45,8,0
hidden.layer_19.input_mean,hidden,selected,224,0.0018337409570570646,0.000901935745071486,0.000901935745071486,False,0.0017410991887995156,-0.10271437712029735,3.3791958083072386,35,5,0
hidden.layer_19.input_mean,hidden,first_scored,219,0.0018337409570570646,0.000901935745071486,0.000901935745071486,False,0.0017561842930458272,-0.08598912332174001,3.3791958083072386,34,5,0
hidden.layer_19.input_rms,hidden,dev,50,1.0193670654296876,0.002583075905000182,0.002583075905000182,False,1.0185945749282836,-0.29905838225990267,1.5829162406681008,0,0,0
hidden.layer_19.input_rms,hidden,train,75,1.0193670654296876,0.002583075905000182,0.002583075905000182,False,1.0193670654296876,-3.0950149850402414e-14,2.842168695613821,0,0,0
hidden.layer_19.input_rms,hidden,all_scored_candidates,239,1.0193670654296876,0.002583075905000182,0.002583075905000182,False,1.0230325395592088,1.4190346177693371,4.9269085309602625,26,23,0
hidden.layer_19.input_rms,hidden,selected,224,1.0193670654296876,0.002583075905000182,0.002583075905000182,False,1.0233592199427741,1.5455041430872043,4.9269085309602625,26,23,0
hidden.layer_19.input_rms,hidden,first_scored,219,1.0193670654296876,0.002583075905000182,0.002583075905000182,False,1.0233987782099476,1.560818546778127,4.9269085309602625,26,23,0
hidden.layer_19.output_mean,hidden,dev,50,0.0005943208079164226,7.991235954478764e-05,7.991235954478764e-05,False,0.0005651317781303078,-0.36526302004329597,2.310784113332896,1,0,0
hidden.layer_19.output_mean,hidden,train,75,0.0005943208079164226,7.991235954478764e-05,7.991235954478764e-05,False,0.0005943208079164226,6.270909717424426e-16,2.4950429593300996,0,0,0
hidden.layer_19.output_mean,hidden,all_scored_candidates,239,0.0005943208079164226,7.991235954478764e-05,7.991235954478764e-05,False,0.0007059123626691932,1.3964242250940926,5.058108957227811,45,20,1
hidden.layer_19.output_mean,hidden,selected,224,0.0005943208079164226,7.991235954478764e-05,7.991235954478764e-05,False,0.0007112716560056599,1.4634888614907071,5.058108957227811,45,20,1
hidden.layer_19.output_mean,hidden,first_scored,219,0.0005943208079164226,7.991235954478764e-05,7.991235954478764e-05,False,0.0007132326992181848,1.4880287852734084,5.058108957227811,45,20,1
hidden.layer_19.output_rms,hidden,dev,50,0.12577495902776717,0.0016463435512170197,0.0016463435512170197,False,0.12542809098958968,-0.21068994859612636,2.0326257289686196,0,0,0
hidden.layer_19.output_rms,hidden,train,75,0.12577495902776717,0.0016463435512170197,0.0016463435512170197,False,0.12577495902776717,7.417492546106056e-15,2.6205490090725743,0,0,0
hidden.layer_19.output_rms,hidden,all_scored_candidates,239,0.12577495902776717,0.0016463435512170197,0.0016463435512170197,False,0.12781646878898892,1.2400265787250866,4.270992465644631,22,11,0
hidden.layer_19.output_rms,hidden,selected,224,0.12577495902776717,0.0016463435512170197,0.0016463435512170197,False,0.12802296664033616,1.3654547441858162,4.270992465644631,22,11,0
hidden.layer_19.output_rms,hidden,first_scored,219,0.12577495902776717,0.0016463435512170197,0.0016463435512170197,False,0.1280497009079206,1.381693315755315,4.270992465644631,22,11,0
hidden.layer_2.input_mean,hidden,dev,50,0.0019363682282467682,0.00036336377243454976,0.00036336377243454976,False,0.001989596283528954,0.14648696243314455,2.4707952236971518,2,0,0
hidden.layer_2.input_mean,hidden,train,75,0.0019363682282467682,0.00036336377243454976,0.00036336377243454976,False,0.0019363682282467682,2.6955289852044945e-16,2.322925976094375,0,0,0
hidden.layer_2.input_mean,hidden,all_scored_candidates,239,0.0019363682282467682,0.00036336377243454976,0.00036336377243454976,False,0.002272720195384205,0.9256618096071251,2.9143215894008083,11,0,0
hidden.layer_2.input_mean,hidden,selected,224,0.0019363682282467682,0.00036336377243454976,0.00036336377243454976,False,0.002251977482436424,0.868576556421856,2.9143215894008083,7,0,0
hidden.layer_2.input_mean,hidden,first_scored,219,0.0019363682282467682,0.00036336377243454976,0.00036336377243454976,False,0.002251573324790352,0.8674642891108787,2.7957705262416988,7,0,0
hidden.layer_2.input_rms,hidden,dev,50,0.438709210952123,0.004489558729458088,0.004489558729458088,False,0.43859829306602477,-0.02470574343318942,2.49009525634693,0,0,0
hidden.layer_2.input_rms,hidden,train,75,0.438709210952123,0.004489558729458088,0.004489558729458088,False,0.438709210952123,-3.334369817290887e-16,2.558056540515732,0,0,0
hidden.layer_2.input_rms,hidden,all_scored_candidates,239,0.438709210952123,0.004489558729458088,0.004489558729458088,False,0.43324648922457354,-1.2167613916499154,3.3214692700086843,23,9,0
hidden.layer_2.input_rms,hidden,selected,224,0.438709210952123,0.004489558729458088,0.004489558729458088,False,0.4335333952414138,-1.1528562209796411,3.2035493391652983,15,5,0
hidden.layer_2.input_rms,hidden,first_scored,219,0.438709210952123,0.004489558729458088,0.004489558729458088,False,0.43358631874328335,-1.1410680909965556,3.3214692700086843,14,5,0
hidden.layer_2.output_mean,hidden,dev,50,-0.00044963008374907074,8.2518156668469e-06,8.2518156668469e-06,False,-0.00045190775650553403,-0.27602079935137913,2.5458730333125827,0,0,0
hidden.layer_2.output_mean,hidden,train,75,-0.00044963008374907074,8.2518156668469e-06,8.2518156668469e-06,False,-0.00044963008374907074,-3.1497952394469546e-15,2.6555756223031763,0,0,0
hidden.layer_2.output_mean,hidden,all_scored_candidates,239,-0.00044963008374907074,8.2518156668469e-06,8.2518156668469e-06,False,-0.00046092074519806544,-1.3682638954668978,2.9651792960034165,5,0,0
hidden.layer_2.output_mean,hidden,selected,224,-0.00044963008374907074,8.2518156668469e-06,8.2518156668469e-06,False,-0.00046078763248910297,-1.352132571848352,2.8957299107213377,3,0,0
hidden.layer_2.output_mean,hidden,first_scored,219,-0.00044963008374907074,8.2518156668469e-06,8.2518156668469e-06,False,-0.0004608794047707717,-1.3632540371565849,2.9651792960034165,4,0,0
hidden.layer_2.output_rms,hidden,dev,50,0.034284996936718624,0.00010521990351936196,0.00010521990351936196,False,0.03430063940584659,0.1486645454402352,2.7417406435010627,3,0,0
hidden.layer_2.output_rms,hidden,train,75,0.034284996936718624,0.00010521990351936196,0.00010521990351936196,False,0.034284996936718624,-1.494568357962578e-14,2.6086893815880186,0,0,0
hidden.layer_2.output_rms,hidden,all_scored_candidates,239,0.034284996936718624,0.00010521990351936196,0.00010521990351936196,False,0.0336124153503813,-6.392151711235501,9.164951404221743,239,239,229
hidden.layer_2.output_rms,hidden,selected,224,0.034284996936718624,0.00010521990351936196,0.00010521990351936196,False,0.03361624131710934,-6.3557900857248555,9.164951404221743,224,224,215
hidden.layer_2.output_rms,hidden,first_scored,219,0.034284996936718624,0.00010521990351936196,0.00010521990351936196,False,0.03361900720626252,-6.329503337109162,9.085963281462828,219,219,209
hidden.layer_20.input_mean,hidden,dev,50,0.0010067986454426621,0.0008511090017485785,0.0008511090017485785,False,0.0008824501253184281,-0.1461017564950714,3.0333863389848017,3,1,0
hidden.layer_20.input_mean,hidden,train,75,0.0010067986454426621,0.0008511090017485785,0.0008511090017485785,False,0.0010067986454426621,8.0953762212251e-19,2.284015324105738,0,0,0
hidden.layer_20.input_mean,hidden,all_scored_candidates,239,0.0010067986454426621,0.0008511090017485785,0.0008511090017485785,False,0.0012547537347676416,0.29133176692475693,4.308478172299807,44,3,0
hidden.layer_20.input_mean,hidden,selected,224,0.0010067986454426621,0.0008511090017485785,0.0008511090017485785,False,0.0013531014737639322,0.40688422706116506,4.308478172299807,40,3,0
hidden.layer_20.input_mean,hidden,first_scored,219,0.0010067986454426621,0.0008511090017485785,0.0008511090017485785,False,0.0013740752578394585,0.4315271153779802,4.308478172299807,39,3,0
hidden.layer_20.input_rms,hidden,dev,50,1.0399661207199096,0.005498460306417281,0.005498460306417281,False,1.0388420033454895,-0.20444220959604006,1.8199492857093658,0,0,0
hidden.layer_20.input_rms,hidden,train,75,1.0399661207199096,0.005498460306417281,0.005498460306417281,False,1.0399661207199096,1.7769246722180534e-14,2.219840639470463,0,0,0
hidden.layer_20.input_rms,hidden,all_scored_candidates,239,1.0399661207199096,0.005498460306417281,0.005498460306417281,False,1.04481957896484,0.8826940587833022,3.649950511767034,23,3,0
hidden.layer_20.input_rms,hidden,selected,224,1.0399661207199096,0.005498460306417281,0.005498460306417281,False,1.045492337750537,1.0050480903131753,3.649950511767034,23,3,0
hidden.layer_20.input_rms,hidden,first_scored,219,1.0399661207199096,0.005498460306417281,0.005498460306417281,False,1.0455603419917903,1.0174159601282817,3.649950511767034,23,3,0
hidden.layer_20.output_mean,hidden,dev,50,0.0011344460506613056,7.96663707969995e-05,7.96663707969995e-05,False,0.0011385214584879576,0.05115593676329052,2.742682045678398,2,0,0
hidden.layer_20.output_mean,hidden,train,75,0.0011344460506613056,7.96663707969995e-05,7.96663707969995e-05,False,0.0011344460506613056,3.9987689085900037e-16,2.2784301437813927,0,0,0
hidden.layer_20.output_mean,hidden,all_scored_candidates,239,0.0011344460506613056,7.96663707969995e-05,7.96663707969995e-05,False,0.001005653690870181,-1.6166465034450304,3.3953977753726945,103,4,0
hidden.layer_20.output_mean,hidden,selected,224,0.0011344460506613056,7.96663707969995e-05,7.96663707969995e-05,False,0.0009995120186171594,-1.6937389100851095,3.3953977753726945,100,4,0
hidden.layer_20.output_mean,hidden,first_scored,219,0.0011344460506613056,7.96663707969995e-05,7.96663707969995e-05,False,0.0009988754087757131,-1.7017298582741311,3.3953977753726945,98,4,0
hidden.layer_20.output_rms,hidden,dev,50,0.10638347595930099,0.0026484000164936567,0.0026484000164936567,False,0.10592539504170417,-0.17296515433619744,2.0316882437987904,0,0,0
hidden.layer_20.output_rms,hidden,train,75,0.10638347595930099,0.0026484000164936567,0.0026484000164936567,False,0.10638347595930099,1.4773194241997819e-15,2.3473589102365118,0,0,0
hidden.layer_20.output_rms,hidden,all_scored_candidates,239,0.10638347595930099,0.0026484000164936567,0.0026484000164936567,False,0.10797508600241969,0.6009704097592858,2.7183888192897263,11,0,0
hidden.layer_20.output_rms,hidden,selected,224,0.10638347595930099,0.0026484000164936567,0.0026484000164936567,False,0.10827771783806384,0.7152400947613353,2.7183888192897263,11,0,0
hidden.layer_20.output_rms,hidden,first_scored,219,0.10638347595930099,0.0026484000164936567,0.0026484000164936567,False,0.10830970686864635,0.7273187197361484,2.7183888192897263,11,0,0
hidden.layer_21.input_mean,hidden,dev,50,0.004376260206724206,0.0008574277914066087,0.0008574277914066087,False,0.004259069601539522,-0.13667693811560835,2.9718668013429057,3,0,0
hidden.layer_21.input_mean,hidden,train,75,0.004376260206724206,0.0008574277914066087,0.0008574277914066087,False,0.004376260206724206,4.715672297095352e-16,2.669053534970861,0,0,0
hidden.layer_21.input_mean,hidden,all_scored_candidates,239,0.004376260206724206,0.0008574277914066087,0.0008574277914066087,False,0.003993857543327101,-0.44598818376270966,3.488964347303321,33,12,0
hidden.layer_21.input_mean,hidden,selected,224,0.004376260206724206,0.0008574277914066087,0.0008574277914066087,False,0.00409268518238345,-0.3307275868391805,3.488964347303321,26,7,0
hidden.layer_21.input_mean,hidden,first_scored,219,0.004376260206724206,0.0008574277914066087,0.0008574277914066087,False,0.004112361940942263,-0.3077789971666526,3.488964347303321,25,7,0
hidden.layer_21.input_rms,hidden,dev,50,1.0448405520121256,0.005831193718351505,0.005831193718351505,False,1.0436026120185853,-0.2122961529548225,1.8380192924821566,0,0,0
hidden.layer_21.input_rms,hidden,train,75,1.0448405520121256,0.005831193718351505,0.005831193718351505,False,1.0448405520121256,1.624086860367117e-14,2.3891599160026673,0,0,0
hidden.layer_21.input_rms,hidden,all_scored_candidates,239,1.0448405520121256,0.005831193718351505,0.005831193718351505,False,1.0501413579765224,0.9090430228230185,3.7881819542251334,22,4,0
hidden.layer_21.input_rms,hidden,selected,224,1.0448405520121256,0.005831193718351505,0.005831193718351505,False,1.05087026315076,1.0340440448168073,3.7881819542251334,22,4,0
hidden.layer_21.input_rms,hidden,first_scored,219,1.0448405520121256,0.005831193718351505,0.005831193718351505,False,1.0509399387934437,1.0459928234115348,3.7881819542251334,22,4,0
hidden.layer_21.output_mean,hidden,dev,50,-0.00036904071806930004,6.657001317809312e-05,6.657001317809312e-05,False,-0.0003590911891660653,0.14945962045428782,3.364930034534913,4,1,0
hidden.layer_21.output_mean,hidden,train,75,-0.00036904071806930004,6.657001317809312e-05,6.657001317809312e-05,False,-0.00036904071806930004,-1.8522220794163027e-16,2.363153392257459,0,0,0
hidden.layer_21.output_mean,hidden,all_scored_candidates,239,-0.00036904071806930004,6.657001317809312e-05,6.657001317809312e-05,False,-0.00044922439649868677,-1.204501465470246,3.5758494786342285,28,5,0
hidden.layer_21.output_mean,hidden,selected,224,-0.00036904071806930004,6.657001317809312e-05,6.657001317809312e-05,False,-0.00045447629716883445,-1.283394354616856,3.5758494786342285,28,5,0
hidden.layer_21.output_mean,hidden,first_scored,219,-0.00036904071806930004,6.657001317809312e-05,6.657001317809312e-05,False,-0.00045507901242389833,-1.2924482097430587,3.5758494786342285,28,5,0
hidden.layer_21.output_rms,hidden,dev,50,0.11073999832073847,0.002973614100044824,0.002973614100044824,False,0.1105973769724369,-0.0479622921815628,2.298862468614944,0,0,0
hidden.layer_21.output_rms,hidden,train,75,0.11073999832073847,0.002973614100044824,0.002973614100044824,False,0.11073999832073847,1.6139867220488213e-15,2.426087494540231,0,0,0
hidden.layer_21.output_rms,hidden,all_scored_candidates,239,0.11073999832073847,0.002973614100044824,0.002973614100044824,False,0.1123965980804615,0.5570997795907858,2.5766469721223126,22,0,0
hidden.layer_21.output_rms,hidden,selected,224,0.11073999832073847,0.002973614100044824,0.002973614100044824,False,0.11274522093922965,0.6743385493299031,2.5766469721223126,22,0,0
hidden.layer_21.output_rms,hidden,first_scored,219,0.11073999832073847,0.002973614100044824,0.002973614100044824,False,0.11278710735442976,0.6884245785828199,2.5766469721223126,22,0,0
hidden.layer_22.input_mean,hidden,dev,50,0.0037337991129606962,0.0004641893677435751,0.0004641893677435751,False,0.003782900930382311,0.1057797115438018,2.437444033382153,1,0,0
hidden.layer_22.input_mean,hidden,train,75,0.0037337991129606962,0.0004641893677435751,0.0004641893677435751,False,0.0037337991129606962,-3.594347042223944e-17,2.488944903677644,0,0,0
hidden.layer_22.input_mean,hidden,all_scored_candidates,239,0.0037337991129606962,0.0004641893677435751,0.0004641893677435751,False,0.0028383835534483317,-1.9289876540364983,4.725168936091395,91,56,0
hidden.layer_22.input_mean,hidden,selected,224,0.0037337991129606962,0.0004641893677435751,0.0004641893677435751,False,0.0028714235985327313,-1.8578097094726083,4.725168936091395,80,49,0
hidden.layer_22.input_mean,hidden,first_scored,219,0.0037337991129606962,0.0004641893677435751,0.0004641893677435751,False,0.002880137252672384,-1.8390379435831612,4.725168936091395,75,46,0
hidden.layer_22.input_rms,hidden,dev,50,1.1409174696604412,0.0034243143297244434,0.0034243143297244434,False,1.140269591808319,-0.1891992935631604,1.7826344865206853,0,0,0
hidden.layer_22.input_rms,hidden,train,75,1.1409174696604412,0.0034243143297244434,0.0034243143297244434,False,1.1409174696604412,-2.420573001297536e-14,2.7022441629567977,0,0,0
hidden.layer_22.input_rms,hidden,all_scored_candidates,239,1.1409174696604412,0.0034243143297244434,0.0034243143297244434,False,1.1442786016224817,0.9815488995459812,4.309681216248781,17,10,0
hidden.layer_22.input_rms,hidden,selected,224,1.1409174696604412,0.0034243143297244434,0.0034243143297244434,False,1.1446995799030577,1.1044868777922114,4.309681216248781,17,10,0
hidden.layer_22.input_rms,hidden,first_scored,219,1.1409174696604412,0.0034243143297244434,0.0034243143297244434,False,1.1447329711696328,1.1142381048584216,4.309681216248781,17,10,0
hidden.layer_22.output_mean,hidden,dev,50,-3.519392339512706e-07,0.0001508404067069147,0.0001508404067069147,False,4.154561371251475e-05,0.27776080601448944,2.196190746141011,2,0,0
hidden.layer_22.output_mean,hidden,train,75,-3.519392339512706e-07,0.0001508404067069147,0.0001508404067069147,False,-3.519392339512706e-07,-1.3785269222429026e-17,2.3092141752393682,0,0,0
hidden.layer_22.output_mean,hidden,all_scored_candidates,239,-3.519392339512706e-07,0.0001508404067069147,0.0001508404067069147,False,-0.00037647543004256084,-2.493519468821266,3.8583906474646437,162,46,0
hidden.layer_22.output_mean,hidden,selected,224,-3.519392339512706e-07,0.0001508404067069147,0.0001508404067069147,False,-0.00037811468532059474,-2.5043869499811318,3.8583906474646437,153,43,0
hidden.layer_22.output_mean,hidden,first_scored,219,-3.519392339512706e-07,0.0001508404067069147,0.0001508404067069147,False,-0.0003785528242588043,-2.5072916023072214,3.8583906474646437,149,42,0
hidden.layer_22.output_rms,hidden,dev,50,0.1531747978925705,0.004378235219382376,0.004378235219382376,False,0.15275304317474364,-0.09632984449070656,2.3425990304923374,0,0,0
hidden.layer_22.output_rms,hidden,train,75,0.1531747978925705,0.004378235219382376,0.004378235219382376,False,0.1531747978925705,1.0197398481182063e-15,2.402935621015173,0,0,0
hidden.layer_22.output_rms,hidden,all_scored_candidates,239,0.1531747978925705,0.004378235219382376,0.004378235219382376,False,0.15401350921916163,0.1915637887334567,2.377593436164483,2,0,0
hidden.layer_22.output_rms,hidden,selected,224,0.1531747978925705,0.004378235219382376,0.004378235219382376,False,0.1544745964264231,0.2968772733128701,2.3761809990555607,2,0,0
hidden.layer_22.output_rms,hidden,first_scored,219,0.1531747978925705,0.004378235219382376,0.004378235219382376,False,0.15454032329936004,0.3118894573650149,2.377593436164483,2,0,0
hidden.layer_23.input_mean,hidden,dev,50,0.0014139673609073118,0.0009267293961174867,0.0009267293961174867,False,0.001499079027271364,0.09184090492934147,2.760259056302878,6,0,0
hidden.layer_23.input_mean,hidden,train,75,0.0014139673609073118,0.0009267293961174867,0.0009267293961174867,False,0.0014139673609073118,1.1095291352347658e-16,2.665066452053773,0,0,0
hidden.layer_23.input_mean,hidden,all_scored_candidates,239,0.0014139673609073118,0.0009267293961174867,0.0009267293961174867,False,-0.0007190317527902648,-2.3016417981707833,4.579581123717664,77,38,0
hidden.layer_23.input_mean,hidden,selected,224,0.0014139673609073118,0.0009267293961174867,0.0009267293961174867,False,-0.0006787488001975817,-2.2581739285192457,4.579581123717664,68,30,0
hidden.layer_23.input_mean,hidden,first_scored,219,0.0014139673609073118,0.0009267293961174867,0.0009267293961174867,False,-0.0006687760756679767,-2.2474127240388597,4.579581123717664,65,28,0
hidden.layer_23.input_rms,hidden,dev,50,1.0882454601923626,0.007533237598197847,0.007533237598197847,False,1.0870880794525146,-0.1536365639290066,1.9511629039534164,0,0,0
hidden.layer_23.input_rms,hidden,train,75,1.0882454601923626,0.007533237598197847,0.007533237598197847,False,1.0882454601923626,-1.3368869813262796e-14,2.236461788170899,0,0,0
hidden.layer_23.input_rms,hidden,all_scored_candidates,239,1.0882454601923626,0.007533237598197847,0.007533237598197847,False,1.0940796590749189,0.7744610211089218,3.31234752754777,19,2,0
hidden.layer_23.input_rms,hidden,selected,224,1.0882454601923626,0.007533237598197847,0.007533237598197847,False,1.095016204885074,0.8987828413020249,3.31234752754777,19,2,0
hidden.layer_23.input_rms,hidden,first_scored,219,1.0882454601923626,0.007533237598197847,0.007533237598197847,False,1.0951109373406187,0.9113581058293783,3.31234752754777,19,2,0
hidden.layer_23.output_mean,hidden,dev,50,0.001641622077052792,7.872657761319954e-05,7.872657761319954e-05,False,0.0016573060886003077,0.19922130521886242,1.8281796461861608,0,0,0
hidden.layer_23.output_mean,hidden,train,75,0.001641622077052792,7.872657761319954e-05,7.872657761319954e-05,False,0.001641622077052792,-1.2856917498231073e-15,2.500087766240111,0,0,0
hidden.layer_23.output_mean,hidden,all_scored_candidates,239,0.001641622077052792,7.872657761319954e-05,7.872657761319954e-05,False,0.001807493797238433,2.1069342173186296,4.492770561536538,74,46,0
hidden.layer_23.output_mean,hidden,selected,224,0.001641622077052792,7.872657761319954e-05,7.872657761319954e-05,False,0.0018090414679526085,2.1265930258315517,4.492770561536538,71,43,0
hidden.layer_23.output_mean,hidden,first_scored,219,0.001641622077052792,7.872657761319954e-05,7.872657761319954e-05,False,0.0018097765331228847,2.1359299637826417,4.492770561536538,71,43,0
hidden.layer_23.output_rms,hidden,dev,50,0.13592991987864175,0.0035703362725789927,0.0035703362725789927,False,0.13569806456565858,-0.06493934892460575,2.1384971460621878,0,0,0
hidden.layer_23.output_rms,hidden,train,75,0.13592991987864175,0.0035703362725789927,0.0035703362725789927,False,0.13592991987864175,3.2114820062526897e-15,2.4344347149928964,0,0,0
hidden.layer_23.output_rms,hidden,all_scored_candidates,239,0.13592991987864175,0.0035703362725789927,0.0035703362725789927,False,0.13735913594397542,0.4003029284133165,2.31464817535816,8,0,0
hidden.layer_23.output_rms,hidden,selected,224,0.13592991987864175,0.0035703362725789927,0.0035703362725789927,False,0.137772317177483,0.5160290679035747,2.3126614853466685,8,0,0
hidden.layer_23.output_rms,hidden,first_scored,219,0.13592991987864175,0.0035703362725789927,0.0035703362725789927,False,0.137817724110329,0.5287468987686139,2.3126614853466685,8,0,0
hidden.layer_24.input_mean,hidden,dev,50,0.005512580197925369,0.0008454712491020437,0.0008454712491020437,False,0.005588660775683821,0.08998600229073965,2.6937176224338684,0,0,0
hidden.layer_24.input_mean,hidden,train,75,0.005512580197925369,0.0008454712491020437,0.0008454712491020437,False,0.005512580197925369,-3.34038352534094e-16,2.8108944889572243,0,0,0
hidden.layer_24.input_mean,hidden,all_scored_candidates,239,0.005512580197925369,0.0008454712491020437,0.0008454712491020437,False,0.003865645417094106,-1.9479488895458437,4.1135476164849285,30,25,0
hidden.layer_24.input_mean,hidden,selected,224,0.005512580197925369,0.0008454712491020437,0.0008454712491020437,False,0.003903667129634414,-1.9029778599801548,4.1135476164849285,22,18,0
hidden.layer_24.input_mean,hidden,first_scored,219,0.005512580197925369,0.0008454712491020437,0.0008454712491020437,False,0.0039139584697714955,-1.8908055476182484,4.1135476164849285,20,15,0
hidden.layer_24.input_rms,hidden,dev,50,1.0931486654281617,0.010417836929907744,0.010417836929907744,False,1.091779155731201,-0.131458162205333,2.0688895793165964,0,0,0
hidden.layer_24.input_rms,hidden,train,75,1.0931486654281617,0.010417836929907744,0.010417836929907744,False,1.0931486654281617,-6.82979136209146e-15,2.3592050167285787,0,0,0
hidden.layer_24.input_rms,hidden,all_scored_candidates,239,1.0931486654281617,0.010417836929907744,0.010417836929907744,False,1.0992323728784856,0.5839703089284031,2.942784931579719,18,0,0
hidden.layer_24.input_rms,hidden,selected,224,1.0931486654281617,0.010417836929907744,0.010417836929907744,False,1.1004836511399065,0.7040795283219832,2.942784931579719,18,0,0
hidden.layer_24.input_rms,hidden,first_scored,219,1.0931486654281617,0.010417836929907744,0.010417836929907744,False,1.1006059178478642,0.7158158137697501,2.942784931579719,18,0,0
hidden.layer_24.output_mean,hidden,dev,50,0.001102850098007669,8.406714398018856e-05,8.406714398018856e-05,False,0.0010536223812960088,-0.585576176148691,2.720590138362063,1,0,0
hidden.layer_24.output_mean,hidden,train,75,0.001102850098007669,8.406714398018856e-05,8.406714398018856e-05,False,0.001102850098007669,-4.841844517914732e-16,2.440080196553759,0,0,0
hidden.layer_24.output_mean,hidden,all_scored_candidates,239,0.001102850098007669,8.406714398018856e-05,8.406714398018856e-05,False,0.001201906872018938,1.1783054511119437,3.36741102437461,75,4,0
hidden.layer_24.output_mean,hidden,selected,224,0.001102850098007669,8.406714398018856e-05,8.406714398018856e-05,False,0.001211277705806424,1.2897738957839116,3.36741102437461,75,4,0
hidden.layer_24.output_mean,hidden,first_scored,219,0.001102850098007669,8.406714398018856e-05,8.406714398018856e-05,False,0.0012121297273950727,1.2999089086832396,3.36741102437461,75,4,0
hidden.layer_24.output_rms,hidden,dev,50,0.1177938217918078,0.004582418379941756,0.004582418379941756,False,0.11723718002438545,-0.1214733621571738,2.2358775773864514,0,0,0
hidden.layer_24.output_rms,hidden,train,75,0.1177938217918078,0.004582418379941756,0.004582418379941756,False,0.1177938217918078,8.15366293001792e-16,2.39723246843595,0,0,0
hidden.layer_24.output_rms,hidden,all_scored_candidates,239,0.1177938217918078,0.004582418379941756,0.004582418379941756,False,0.12016031286332397,0.5164284173341348,2.6173292763612697,19,0,0
hidden.layer_24.output_rms,hidden,selected,224,0.1177938217918078,0.004582418379941756,0.004582418379941756,False,0.12071225931867957,0.6368771432234127,2.6173292763612697,19,0,0
hidden.layer_24.output_rms,hidden,first_scored,219,0.1177938217918078,0.004582418379941756,0.004582418379941756,False,0.12077228844029718,0.6499770212005902,2.6173292763612697,19,0,0
hidden.layer_25.input_mean,hidden,dev,50,0.00850503363336126,0.0009519407806945865,0.0009519407806945865,False,0.008412285447120667,-0.0974306260657508,2.7287104158393536,3,0,0
hidden.layer_25.input_mean,hidden,train,75,0.00850503363336126,0.0009519407806945865,0.0009519407806945865,False,0.00850503363336126,4.630641934714556e-16,2.8260768562215506,0,0,0
hidden.layer_25.input_mean,hidden,all_scored_candidates,239,0.00850503363336126,0.0009519407806945865,0.0009519407806945865,False,0.007173509516258369,-1.398746796130889,3.680520641235876,21,17,0
hidden.layer_25.input_mean,hidden,selected,224,0.00850503363336126,0.0009519407806945865,0.0009519407806945865,False,0.00723687099941474,-1.332186475949902,3.6451130175236086,14,11,0
hidden.layer_25.input_mean,hidden,first_scored,219,0.00850503363336126,0.0009519407806945865,0.0009519407806945865,False,0.0072482664852517925,-1.3202156831567433,3.680520641235876,12,11,0
hidden.layer_25.input_rms,hidden,dev,50,1.1339244492848715,0.01121226256458823,0.01121226256458823,False,1.1325482392311097,-0.12274151143305685,2.1330404457627,0,0,0
hidden.layer_25.input_rms,hidden,train,75,1.1339244492848715,0.01121226256458823,0.01121226256458823,False,1.1339244492848715,-3.699494414514485e-15,2.3357510317378747,0,0,0
hidden.layer_25.input_rms,hidden,all_scored_candidates,239,1.1339244492848715,0.01121226256458823,0.01121226256458823,False,1.139952933439151,0.5376688353088839,2.9585187222053833,17,0,0
hidden.layer_25.input_rms,hidden,selected,224,1.1339244492848715,0.01121226256458823,0.01121226256458823,False,1.1413009901131903,0.6578994012873159,2.9585187222053833,17,0,0
hidden.layer_25.input_rms,hidden,first_scored,219,1.1339244492848715,0.01121226256458823,0.01121226256458823,False,1.1414389599403834,0.6702046631734345,2.9585187222053833,17,0,0
hidden.layer_25.output_mean,hidden,dev,50,0.00010299655878649597,0.0001638237687070823,0.0001638237687070823,False,0.00010685103335902114,0.023528176667800736,2.35548839991875,0,0,0
hidden.layer_25.output_mean,hidden,train,75,0.00010299655878649597,0.0001638237687070823,0.0001638237687070823,False,0.00010299655878649597,3.4231876592608995e-17,2.4360616255085557,0,0,0
hidden.layer_25.output_mean,hidden,all_scored_candidates,239,0.00010299655878649597,0.0001638237687070823,0.0001638237687070823,False,0.00015608859234436377,0.32408016234076886,2.412635908215068,0,0,0
hidden.layer_25.output_mean,hidden,selected,224,0.00010299655878649597,0.0001638237687070823,0.0001638237687070823,False,0.0001452213284208272,0.2577450755014024,2.412635908215068,0,0,0
hidden.layer_25.output_mean,hidden,first_scored,219,0.00010299655878649597,0.0001638237687070823,0.0001638237687070823,False,0.00014330367361000264,0.24603947975080456,2.412635908215068,0,0,0
hidden.layer_25.output_rms,hidden,dev,50,0.12301377912362417,0.004248112201021396,0.004248112201021396,False,0.12256578102707863,-0.10545816008292508,2.249994771522654,0,0,0
hidden.layer_25.output_rms,hidden,train,75,0.12301377912362417,0.004248112201021396,0.004248112201021396,False,0.12301377912362417,-9.993857593334118e-16,2.3582656151880617,0,0,0
hidden.layer_25.output_rms,hidden,all_scored_candidates,239,0.12301377912362417,0.004248112201021396,0.004248112201021396,False,0.12417888728644559,0.27426492232038563,2.325493046469033,3,0,0
hidden.layer_25.output_rms,hidden,selected,224,0.12301377912362417,0.004248112201021396,0.004248112201021396,False,0.12465022397892815,0.38521695705460135,2.325493046469033,3,0,0
hidden.layer_25.output_rms,hidden,first_scored,219,0.12301377912362417,0.004248112201021396,0.004248112201021396,False,0.12469927415455857,0.39676330359851397,2.325493046469033,3,0,0
hidden.layer_26.input_mean,hidden,dev,50,0.008305949761221806,0.0005782267631490211,0.0005782267631490211,False,0.00829259186051786,-0.023101491586448718,2.294169367210055,0,0,0
hidden.layer_26.input_mean,hidden,train,75,0.008305949761221806,0.0005782267631490211,0.0005782267631490211,False,0.008305949761221806,2.790823128151487e-16,2.8778490156738514,0,0,0
hidden.layer_26.input_mean,hidden,all_scored_candidates,239,0.008305949761221806,0.0005782267631490211,0.0005782267631490211,False,0.0072456538155051455,-1.8337026462460717,4.213886819053221,55,25,0
hidden.layer_26.input_mean,hidden,selected,224,0.008305949761221806,0.0005782267631490211,0.0005782267631490211,False,0.007251509885203892,-1.8235750110829154,4.213886819053221,52,24,0
hidden.layer_26.input_mean,hidden,first_scored,219,0.008305949761221806,0.0005782267631490211,0.0005782267631490211,False,0.007254858616076104,-1.817783631150975,4.213886819053221,51,23,0
hidden.layer_26.input_rms,hidden,dev,50,1.1946025133132934,0.010794784069712742,0.010794784069712742,False,1.193272249698639,-0.12323207264393678,2.107481289437664,0,0,0
hidden.layer_26.input_rms,hidden,train,75,1.1946025133132934,0.010794784069712742,0.010794784069712742,False,1.1946025133132934,8.22097020088582e-15,2.2843165407265262,0,0,0
hidden.layer_26.input_rms,hidden,all_scored_candidates,239,1.1946025133132934,0.010794784069712742,0.010794784069712742,False,1.2018995953404255,0.675982213262216,3.2335992673824707,25,2,0
hidden.layer_26.input_rms,hidden,selected,224,1.1946025133132934,0.010794784069712742,0.010794784069712742,False,1.203221836792571,0.7984711341713019,3.2335992673824707,25,2,0
hidden.layer_26.input_rms,hidden,first_scored,219,1.1946025133132934,0.010794784069712742,0.010794784069712742,False,1.2033685636302651,0.8120635170060508,3.2335992673824707,25,2,0
hidden.layer_26.output_mean,hidden,dev,50,-0.0008572662788598488,0.00025556325622599733,0.00025556325622599733,False,-0.0009130602807272225,-0.21831777655092371,2.219809436953264,0,0,0
hidden.layer_26.output_mean,hidden,train,75,-0.0008572662788598488,0.00025556325622599733,0.00025556325622599733,False,-0.0008572662788598488,1.4612154079311305e-16,2.5566251555374713,0,0,0
hidden.layer_26.output_mean,hidden,all_scored_candidates,239,-0.0008572662788598488,0.00025556325622599733,0.00025556325622599733,False,-0.0009737565414980054,-0.45581772731500564,3.1457996192059183,16,5,0
hidden.layer_26.output_mean,hidden,selected,224,-0.0008572662788598488,0.00025556325622599733,0.00025556325622599733,False,-0.0009468846094802887,-0.35066985741169854,3.1457996192059183,9,3,0
hidden.layer_26.output_mean,hidden,first_scored,219,-0.0008572662788598488,0.00025556325622599733,0.00025556325622599733,False,-0.000944846830932534,-0.3426961816265043,3.06604821368247,9,3,0
hidden.layer_26.output_rms,hidden,dev,50,0.18313751498858133,0.006113252259621886,0.006113252259621886,False,0.18299779146909714,-0.022855840647549832,2.5791975137745493,0,0,0
hidden.layer_26.output_rms,hidden,train,75,0.18313751498858133,0.006113252259621886,0.006113252259621886,False,0.18313751498858133,1.701971896750365e-15,2.6541170608508593,0,0,0
hidden.layer_26.output_rms,hidden,all_scored_candidates,239,0.18313751498858133,0.006113252259621886,0.006113252259621886,False,0.18142115053522037,-0.28076126756580255,2.7471498026930488,13,0,0
hidden.layer_26.output_rms,hidden,selected,224,0.18313751498858133,0.006113252259621886,0.006113252259621886,False,0.18201440586043255,-0.18371712477283547,2.7471498026930488,8,0,0
hidden.layer_26.output_rms,hidden,first_scored,219,0.18313751498858133,0.006113252259621886,0.006113252259621886,False,0.1820931230505852,-0.1708406415508758,2.7471498026930488,7,0,0
hidden.layer_27.input_mean,hidden,dev,50,0.014273303101460138,0.001198622735728371,0.001198622735728371,False,0.014173424541950226,-0.08332776989184915,2.390239586210258,0,0,0
hidden.layer_27.input_mean,hidden,train,75,0.014273303101460138,0.001198622735728371,0.001198622735728371,False,0.014273303101460138,5.926509283327164e-16,2.733140987737899,0,0,0
hidden.layer_27.input_mean,hidden,all_scored_candidates,239,0.014273303101460138,0.001198622735728371,0.001198622735728371,False,0.013273971198150054,-0.833733478868826,3.294012492842891,7,6,0
hidden.layer_27.input_mean,hidden,selected,224,0.014273303101460138,0.001198622735728371,0.001198622735728371,False,0.01336330097650976,-0.7592064607362832,3.294012492842891,5,4,0
hidden.layer_27.input_mean,hidden,first_scored,219,0.014273303101460138,0.001198622735728371,0.001198622735728371,False,0.013376428022742543,-0.7482546859688822,3.2712792048149932,5,4,0
hidden.layer_27.input_rms,hidden,dev,50,1.2209172391891479,0.010324714846640059,0.010324714846640059,False,1.2196058821678162,-0.12701145172628572,2.1481370629093077,0,0,0
hidden.layer_27.input_rms,hidden,train,75,1.2209172391891479,0.010324714846640059,0.010324714846640059,False,1.2209172391891479,9.454589888768794e-15,2.2767019151947845,0,0,0
hidden.layer_27.input_rms,hidden,all_scored_candidates,239,1.2209172391891479,0.010324714846640059,0.010324714846640059,False,1.2280426743639064,0.6901338468516999,3.1129422116398584,27,1,0
hidden.layer_27.input_rms,hidden,selected,224,1.2209172391891479,0.010324714846640059,0.010324714846640059,False,1.229302370654685,0.8121416998035595,3.1129422116398584,27,1,0
hidden.layer_27.input_rms,hidden,first_scored,219,1.2209172391891479,0.010324714846640059,0.010324714846640059,False,1.229448299974067,0.8262756804073298,3.1129422116398584,27,1,0
hidden.layer_27.output_mean,hidden,dev,50,0.00178252543322742,0.00024220593414823628,0.00024220593414823628,False,0.0018000455317087472,0.07233554595984609,2.210008487246712,0,0,0
hidden.layer_27.output_mean,hidden,train,75,0.00178252543322742,0.00024220593414823628,0.00024220593414823628,False,0.00178252543322742,-3.917699498146021e-16,2.675343061856418,0,0,0
hidden.layer_27.output_mean,hidden,all_scored_candidates,239,0.00178252543322742,0.00024220593414823628,0.00024220593414823628,False,0.0019323960293442884,0.6187734278431996,2.253048897715171,28,0,0
hidden.layer_27.output_mean,hidden,selected,224,0.00178252543322742,0.00024220593414823628,0.00024220593414823628,False,0.0019579759625360437,0.7243857584481949,2.253048897715171,28,0,0
hidden.layer_27.output_mean,hidden,first_scored,219,0.00178252543322742,0.00024220593414823628,0.00024220593414823628,False,0.00196141553468594,0.7385867818954207,2.253048897715171,28,0,0
hidden.layer_27.output_rms,hidden,dev,50,0.1851596744855245,0.006266495221639716,0.006266495221639716,False,0.18439909428358078,-0.12137250170035385,2.2769733891066877,0,0,0
hidden.layer_27.output_rms,hidden,train,75,0.1851596744855245,0.006266495221639716,0.006266495221639716,False,0.1851596744855245,-1.6486349322756648e-15,2.3744272716371624,0,0,0
hidden.layer_27.output_rms,hidden,all_scored_candidates,239,0.1851596744855245,0.006266495221639716,0.006266495221639716,False,0.18678049942688962,0.2586493540708393,2.3646734972884365,11,0,0
hidden.layer_27.output_rms,hidden,selected,224,0.1851596744855245,0.006266495221639716,0.006266495221639716,False,0.187487998179027,0.3715511799103021,2.3646734972884365,11,0,0
hidden.layer_27.output_rms,hidden,first_scored,219,0.1851596744855245,0.006266495221639716,0.006266495221639716,False,0.1875743295095827,0.38532783296790896,2.3646734972884365,11,0,0
hidden.layer_28.input_mean,hidden,dev,50,0.013340488051374753,0.0022742490445105488,0.0022742490445105488,False,0.013125982126221061,-0.09431945268767024,2.491267116564178,0,0,0
hidden.layer_28.input_mean,hidden,train,75,0.013340488051374753,0.0022742490445105488,0.0022742490445105488,False,0.013340488051374753,2.648575803121389e-16,2.640815655747844,0,0,0
hidden.layer_28.input_mean,hidden,all_scored_candidates,239,0.013340488051374753,0.0022742490445105488,0.0022742490445105488,False,0.01305844992103063,-0.12401374028270605,2.6390246736696445,2,0,0
hidden.layer_28.input_mean,hidden,selected,224,0.013340488051374753,0.0022742490445105488,0.0022742490445105488,False,0.013270532333990559,-0.030759919434966376,2.638418397468256,2,0,0
hidden.layer_28.input_mean,hidden,first_scored,219,0.013340488051374753,0.0022742490445105488,0.0022742490445105488,False,0.013301588371651222,-0.017104406317076354,2.6390246736696445,2,0,0
hidden.layer_28.input_rms,hidden,dev,50,1.2145106410980224,0.009244868608972995,0.009244868608972995,False,1.2133670949935913,-0.12369522518916062,2.1500101305457053,0,0,0
hidden.layer_28.input_rms,hidden,train,75,1.2145106410980224,0.009244868608972995,0.009244868608972995,False,1.2145106410980224,3.8331606407500845e-15,2.327788587390556,0,0,0
hidden.layer_28.input_rms,hidden,all_scored_candidates,239,1.2145106410980224,0.009244868608972995,0.009244868608972995,False,1.2192978459920842,0.5178229238883373,2.8861865037916514,14,0,0
hidden.layer_28.input_rms,hidden,selected,224,1.2145106410980224,0.009244868608972995,0.009244868608972995,False,1.2204093454139573,0.6380517198708117,2.8861865037916514,14,0,0
hidden.layer_28.input_rms,hidden,first_scored,219,1.2145106410980224,0.009244868608972995,0.009244868608972995,False,1.2205233949504486,0.6503882431157858,2.8861865037916514,14,0,0
hidden.layer_28.output_mean,hidden,dev,50,-0.00023650811214489902,0.00010979245589410694,0.00010979245589410694,False,-0.00025426365220482694,-0.16171912646760409,2.5598090568457867,2,0,0
hidden.layer_28.output_mean,hidden,train,75,-0.00023650811214489902,0.00010979245589410694,0.00010979245589410694,False,-0.00023650811214489902,7.66053886991358e-17,2.091426370414959,0,0,0
hidden.layer_28.output_mean,hidden,all_scored_candidates,239,-0.00023650811214489902,0.00010979245589410694,0.00010979245589410694,False,-0.00016999236911668727,0.6058316346650002,2.3981974432969544,5,0,0
hidden.layer_28.output_mean,hidden,selected,224,-0.00023650811214489902,0.00010979245589410694,0.00010979245589410694,False,-0.00017208727283803325,0.5867510548174515,2.3527936072366127,4,0,0
hidden.layer_28.output_mean,hidden,first_scored,219,-0.00023650811214489902,0.00010979245589410694,0.00010979245589410694,False,-0.00017329942741912106,0.5757106370472458,2.3527936072366127,3,0,0
hidden.layer_28.output_rms,hidden,dev,50,0.19870111207167307,0.004032688354337793,0.004032688354337793,False,0.19823101669549942,-0.11657121375818379,2.0552440078288066,0,0,0
hidden.layer_28.output_rms,hidden,train,75,0.19870111207167307,0.004032688354337793,0.004032688354337793,False,0.19870111207167307,1.4565663490155126e-15,2.4400917082049185,0,0,0
hidden.layer_28.output_rms,hidden,all_scored_candidates,239,0.19870111207167307,0.004032688354337793,0.004032688354337793,False,0.19927930108672903,0.14337557585724142,2.665278106379886,4,0,0
hidden.layer_28.output_rms,hidden,selected,224,0.19870111207167307,0.004032688354337793,0.004032688354337793,False,0.199716739689133,0.2518487738749908,2.589037238775539,3,0,0
hidden.layer_28.output_rms,hidden,first_scored,219,0.19870111207167307,0.004032688354337793,0.004032688354337793,False,0.19974265577586275,0.25827527759970037,2.665278106379886,3,0,0
hidden.layer_29.input_mean,hidden,dev,50,0.015334002847472827,0.001264704053475919,0.001264704053475919,False,0.015169041771441698,-0.13043452780731543,2.125823443235421,0,0,0
hidden.layer_29.input_mean,hidden,train,75,0.015334002847472827,0.001264704053475919,0.001264704053475919,False,0.015334002847472827,-5.912168902592422e-16,2.70027317792001,0,0,0
hidden.layer_29.input_mean,hidden,all_scored_candidates,239,0.015334002847472827,0.001264704053475919,0.001264704053475919,False,0.014585187284579835,-0.5920875803591704,3.038309713915645,6,1,0
hidden.layer_29.input_mean,hidden,selected,224,0.015334002847472827,0.001264704053475919,0.001264704053475919,False,0.014687073138442688,-0.5115265561552632,2.9558959937637823,4,0,0
hidden.layer_29.input_mean,hidden,first_scored,219,0.015334002847472827,0.001264704053475919,0.001264704053475919,False,0.014698958891915949,-0.5021285049348272,3.038309713915645,4,1,0
hidden.layer_29.input_rms,hidden,dev,50,1.2732515907287598,0.006261367355229436,0.006261367355229436,False,1.2724780869483947,-0.12353592058754073,2.0771105661142935,0,0,0
hidden.layer_29.input_rms,hidden,train,75,1.2732515907287598,0.006261367355229436,0.006261367355229436,False,1.2732515907287598,-8.517029674119196e-15,2.2585318525016294,0,0,0
hidden.layer_29.input_rms,hidden,all_scored_candidates,239,1.2732515907287598,0.006261367355229436,0.006261367355229436,False,1.2767540311214813,0.5593730880198856,3.1037056380151045,17,1,0
hidden.layer_29.input_rms,hidden,selected,224,1.2732515907287598,0.006261367355229436,0.006261367355229436,False,1.277507670223713,0.6797364303179663,3.1037056380151045,17,1,0
hidden.layer_29.input_rms,hidden,first_scored,219,1.2732515907287598,0.006261367355229436,0.006261367355229436,False,1.2775820422934614,0.691614358177678,3.1037056380151045,17,1,0
hidden.layer_29.output_mean,hidden,dev,50,-0.0015289027290418743,0.00015619038397062207,0.00015619038397062207,False,-0.0015271655237302185,0.011122357647719773,1.9242851899555782,0,0,0
hidden.layer_29.output_mean,hidden,train,75,-0.0015289027290418743,0.00015619038397062207,0.00015619038397062207,False,-0.0015289027290418743,-3.776348446911844e-16,2.4284699366203615,0,0,0
hidden.layer_29.output_mean,hidden,all_scored_candidates,239,-0.0015289027290418743,0.00015619038397062207,0.00015619038397062207,False,-0.00124886212992252,1.7929439188268308,4.629127685778857,73,14,0
hidden.layer_29.output_mean,hidden,selected,224,-0.0015289027290418743,0.00015619038397062207,0.00015619038397062207,False,-0.0012462450667953817,1.809699515814353,4.629127685778857,73,14,0
hidden.layer_29.output_mean,hidden,first_scored,219,-0.0015289027290418743,0.00015619038397062207,0.00015619038397062207,False,-0.0012440549974652969,1.8237213094383242,4.629127685778857,72,14,0
hidden.layer_29.output_rms,hidden,dev,50,0.24338285942872365,0.005324461963474705,0.005324461963474705,False,0.24282438337802886,-0.10488872951405587,2.3016524402861145,0,0,0
hidden.layer_29.output_rms,hidden,train,75,0.24338285942872365,0.005324461963474705,0.005324461963474705,False,0.24338285942872365,1.1824048684605515e-15,2.471822705865515,0,0,0
hidden.layer_29.output_rms,hidden,all_scored_candidates,239,0.24338285942872365,0.005324461963474705,0.005324461963474705,False,0.24388873583352716,0.09500986358316961,2.608860074903603,8,0,0
hidden.layer_29.output_rms,hidden,selected,224,0.24338285942872365,0.005324461963474705,0.005324461963474705,False,0.2445189108672951,0.21336455145414712,2.608860074903603,4,0,0
hidden.layer_29.output_rms,hidden,first_scored,219,0.24338285942872365,0.005324461963474705,0.005324461963474705,False,0.24457076940362313,0.2231042278165231,2.608860074903603,5,0,0
hidden.layer_3.input_mean,hidden,dev,50,-9.202902115248434e-05,0.00029718085154797983,0.00029718085154797983,False,-0.0001664121799331042,-0.2502959339175683,2.5311813304681228,4,0,0
hidden.layer_3.input_mean,hidden,train,75,-9.202902115248434e-05,0.00029718085154797983,0.00029718085154797983,False,-9.202902115248434e-05,1.3739009929736312e-17,2.2566040570050605,0,0,0
hidden.layer_3.input_mean,hidden,all_scored_candidates,239,-9.202902115248434e-05,0.00029718085154797983,0.00029718085154797983,False,0.0001481926238495634,0.8083348699983921,2.6939047500651325,8,0,0
hidden.layer_3.input_mean,hidden,selected,224,-9.202902115248434e-05,0.00029718085154797983,0.00029718085154797983,False,0.00013979874640110808,0.7800898555409242,2.6939047500651325,5,0,0
hidden.layer_3.input_mean,hidden,first_scored,219,-9.202902115248434e-05,0.00029718085154797983,0.00029718085154797983,False,0.00014297228689675012,0.7907686744456801,2.459135111363095,6,0,0
hidden.layer_3.input_rms,hidden,dev,50,0.4905005184809367,0.007529978160663248,0.007529978160663248,False,0.4901051014661789,-0.05251237205752442,2.5347573776965304,1,0,0
hidden.layer_3.input_rms,hidden,train,75,0.4905005184809367,0.007529978160663248,0.007529978160663248,False,0.4905005184809367,1.3774166992182775e-15,2.524973638704133,0,0,0
hidden.layer_3.input_rms,hidden,all_scored_candidates,239,0.4905005184809367,0.007529978160663248,0.007529978160663248,False,0.4835257129938533,-0.9262716754638058,3.1468545273200093,22,5,0
hidden.layer_3.input_rms,hidden,selected,224,0.4905005184809367,0.007529978160663248,0.007529978160663248,False,0.48409176404987064,-0.8510986744351406,3.0731756903125365,15,3,0
hidden.layer_3.input_rms,hidden,first_scored,219,0.4905005184809367,0.007529978160663248,0.007529978160663248,False,0.4841771089050868,-0.8397646634466367,3.1468545273200093,13,3,0
hidden.layer_3.output_mean,hidden,dev,50,-0.00015114718708597746,2.287797415157223e-05,2.287797415157223e-05,False,-0.00015560430532786994,-0.19482136890106558,2.7260202716064486,2,0,0
hidden.layer_3.output_mean,hidden,train,75,-0.00015114718708597746,2.287797415157223e-05,2.287797415157223e-05,False,-0.00015114718708597746,4.66325473606292e-16,2.94436985004435,0,0,0
hidden.layer_3.output_mean,hidden,all_scored_candidates,239,-0.00015114718708597746,2.287797415157223e-05,2.287797415157223e-05,False,-0.00012837562068422991,0.9953488998143057,2.9106570481229923,0,0,0
hidden.layer_3.output_mean,hidden,selected,224,-0.00015114718708597746,2.287797415157223e-05,2.287797415157223e-05,False,-0.00012972632745394158,0.9363092855214095,2.8598540907655376,0,0,0
hidden.layer_3.output_mean,hidden,first_scored,219,-0.00015114718708597746,2.287797415157223e-05,2.287797415157223e-05,False,-0.0001298715893036184,0.9299598662627625,2.9106570481229923,0,0,0
hidden.layer_3.output_rms,hidden,dev,50,0.028419707790017127,0.0009264225567166697,0.0009264225567166697,False,0.028387309424579142,-0.0349714773275884,2.4871506604647786,0,0,0
hidden.layer_3.output_rms,hidden,train,75,0.028419707790017127,0.0009264225567166697,0.0009264225567166697,False,0.028419707790017127,1.0613732115416497e-15,2.560036136768463,0,0,0
hidden.layer_3.output_rms,hidden,all_scored_candidates,239,0.028419707790017127,0.0009264225567166697,0.0009264225567166697,False,0.027634568621548648,-0.8474957380691235,3.0182750942117855,19,2,0
hidden.layer_3.output_rms,hidden,selected,224,0.028419707790017127,0.0009264225567166697,0.0009264225567166697,False,0.02770413154004408,-0.7724080602151139,2.946525594684234,12,0,0
hidden.layer_3.output_rms,hidden,first_scored,219,0.028419707790017127,0.0009264225567166697,0.0009264225567166697,False,0.027713890719019113,-0.7618737970926525,3.0182750942117855,11,2,0
hidden.layer_30.input_mean,hidden,dev,50,0.011990353365739186,0.0012229832763282235,0.0012229832763282235,False,0.011877367086708546,-0.09238579236329399,1.9127608434533119,1,0,0
hidden.layer_30.input_mean,hidden,train,75,0.011990353365739186,0.0012229832763282235,0.0012229832763282235,False,0.011990353365739186,5.456052276642253e-16,2.6960024163879774,0,0,0
hidden.layer_30.input_mean,hidden,all_scored_candidates,239,0.011990353365739186,0.0012229832763282235,0.0012229832763282235,False,0.01151270886968868,-0.39055685003685653,2.8801714990054506,5,0,0
hidden.layer_30.input_mean,hidden,selected,224,0.011990353365739186,0.0012229832763282235,0.0012229832763282235,False,0.011618365059673254,-0.3041646711496797,2.8755627980275476,3,0,0
hidden.layer_30.input_mean,hidden,first_scored,219,0.011990353365739186,0.0012229832763282235,0.0012229832763282235,False,0.011628013172242196,-0.296275673192236,2.8801714990054506,2,0,0
hidden.layer_30.input_rms,hidden,dev,50,1.255721114476522,0.004516627632941505,0.004516627632941505,False,1.2551771068572999,-0.12044553224942496,1.93968439790811,0,0,0
hidden.layer_30.input_rms,hidden,train,75,1.255721114476522,0.004516627632941505,0.004516627632941505,False,1.255721114476522,-2.0982990825915937e-14,2.1595845925780544,0,0,0
hidden.layer_30.input_rms,hidden,all_scored_candidates,239,1.255721114476522,0.004516627632941505,0.004516627632941505,False,1.2584655180137028,0.6076222704667701,3.170927994830581,21,1,0
hidden.layer_30.input_rms,hidden,selected,224,1.255721114476522,0.004516627632941505,0.004516627632941505,False,1.2590336395161492,0.7334067159904488,3.170927994830581,20,1,0
hidden.layer_30.input_rms,hidden,first_scored,219,1.255721114476522,0.004516627632941505,0.004516627632941505,False,1.2590846149888757,0.7446928960498107,3.170927994830581,20,1,0
hidden.layer_30.output_mean,hidden,dev,50,-0.003233285527676344,0.00030894866686665556,0.00030894866686665556,False,-0.003174285963177681,0.19096882694796508,2.3468063080892136,2,0,0
hidden.layer_30.output_mean,hidden,train,75,-0.003233285527676344,0.00030894866686665556,0.00030894866686665556,False,-0.003233285527676344,-2.7806749958170227e-16,2.6419292208931773,0,0,0
hidden.layer_30.output_mean,hidden,all_scored_candidates,239,-0.003233285527676344,0.00030894866686665556,0.00030894866686665556,False,-0.003822016298856633,-1.905594146597789,4.414120586100071,67,35,0
hidden.layer_30.output_mean,hidden,selected,224,-0.003233285527676344,0.00030894866686665556,0.00030894866686665556,False,-0.003861626183996642,-2.033802776017463,4.414120586100071,67,35,0
hidden.layer_30.output_mean,hidden,first_scored,219,-0.003233285527676344,0.00030894866686665556,0.00030894866686665556,False,-0.003868796294937803,-2.0570108740289546,4.414120586100071,66,35,0
hidden.layer_30.output_rms,hidden,dev,50,0.33211739977200827,0.00645325793716883,0.00645325793716883,False,0.33181097865104675,-0.04748316647884532,1.998138398677098,0,0,0
hidden.layer_30.output_rms,hidden,train,75,0.33211739977200827,0.00645325793716883,0.00645325793716883,False,0.33211739977200827,-1.6053131046689372e-15,2.2467813404246684,0,0,0
hidden.layer_30.output_rms,hidden,all_scored_candidates,239,0.33211739977200827,0.00645325793716883,0.00645325793716883,False,0.33646313864815686,0.6734178175520333,2.8869241701977297,4,0,0
hidden.layer_30.output_rms,hidden,selected,224,0.33211739977200827,0.00645325793716883,0.00645325793716883,False,0.33721129197095123,0.789352021651522,2.8869241701977297,4,0,0
hidden.layer_30.output_rms,hidden,first_scored,219,0.33211739977200827,0.00645325793716883,0.00645325793716883,False,0.3373037859729436,0.8036849373497517,2.8869241701977297,4,0,0
hidden.layer_31.input_mean,hidden,dev,50,0.012861126425365606,0.0005109848504057537,0.0005109848504057537,False,0.012931378073990345,0.13748284037962133,2.8656162605978515,3,0,0
hidden.layer_31.input_mean,hidden,train,75,0.012861126425365606,0.0005109848504057537,0.0005109848504057537,False,0.012861126425365606,1.6775469902086115e-15,2.598038076247959,0,0,0
hidden.layer_31.input_mean,hidden,all_scored_candidates,239,0.012861126425365606,0.0005109848504057537,0.0005109848504057537,False,0.0117115191219055,-2.249787449759511,4.070542259145456,93,55,0
hidden.layer_31.input_mean,hidden,selected,224,0.012861126425365606,0.0005109848504057537,0.0005109848504057537,False,0.01167888956427175,-2.313643663124428,4.070542259145456,93,55,0
hidden.layer_31.input_mean,hidden,first_scored,219,0.012861126425365606,0.0005109848504057537,0.0005109848504057537,False,0.011671192922786762,-2.3287060303920213,4.070542259145456,92,54,0
hidden.layer_31.input_rms,hidden,dev,50,1.1598361937204997,0.004270980543155581,0.004270980543155581,False,1.1594097328186035,-0.09985081823414904,2.1941244685715087,0,0,0
hidden.layer_31.input_rms,hidden,train,75,1.1598361937204997,0.004270980543155581,0.004270980543155581,False,1.1598361937204997,-1.3170228796433036e-14,2.256478663390594,0,0,0
hidden.layer_31.input_rms,hidden,all_scored_candidates,239,1.1598361937204997,0.004270980543155581,0.004270980543155581,False,1.1623694737087233,0.5931377964910968,2.7768781021913607,20,0,0
hidden.layer_31.input_rms,hidden,selected,224,1.1598361937204997,0.004270980543155581,0.004270980543155581,False,1.1628765660737241,0.7118675260876078,2.7768781021913607,20,0,0
hidden.layer_31.input_rms,hidden,first_scored,219,1.1598361937204997,0.004270980543155581,0.004270980543155581,False,1.1629390188548119,0.7264901122728193,2.7768781021913607,20,0,0
hidden.layer_31.output_mean,hidden,dev,50,-0.017125686258077623,0.0003757791279335939,0.0003757791279335939,False,-0.017129906937479972,-0.011231809029840136,1.8332222075351412,0,0,0
hidden.layer_31.output_mean,hidden,train,75,-0.017125686258077623,0.0003757791279335939,0.0003757791279335939,False,-0.017125686258077623,3.692582987065614e-15,3.121661329135472,0,1,0
hidden.layer_31.output_mean,hidden,all_scored_candidates,239,-0.017125686258077623,0.0003757791279335939,0.0003757791279335939,False,-0.015792584272732793,3.5475679361851316,6.743647119723705,199,163,30
hidden.layer_31.output_mean,hidden,selected,224,-0.017125686258077623,0.0003757791279335939,0.0003757791279335939,False,-0.01576067620356168,3.6324797016324997,6.743647119723705,193,160,30
hidden.layer_31.output_mean,hidden,first_scored,219,-0.017125686258077623,0.0003757791279335939,0.0003757791279335939,False,-0.015753133549912063,3.652551741532892,6.743647119723705,191,157,30
hidden.layer_31.output_rms,hidden,dev,50,0.925669503211975,0.036388849724205675,0.036388849724205675,False,0.9287107169628144,0.08357542966839861,2.4723438489752962,0,0,0
hidden.layer_31.output_rms,hidden,train,75,0.925669503211975,0.036388849724205675,0.036388849724205675,False,0.925669503211975,1.2204126598192033e-15,2.806350073891898,0,0,0
hidden.layer_31.output_rms,hidden,all_scored_candidates,239,0.925669503211975,0.036388849724205675,0.036388849724205675,False,0.8924229279721632,-0.9136473258097105,2.6372034851010304,41,0,0
hidden.layer_31.output_rms,hidden,selected,224,0.925669503211975,0.036388849724205675,0.036388849724205675,False,0.888524606557829,-1.0207768845586076,2.6372034851010304,41,0,0
hidden.layer_31.output_rms,hidden,first_scored,219,0.925669503211975,0.036388849724205675,0.036388849724205675,False,0.8879516611904859,-1.0365219650347863,2.6372034851010304,41,0,0
hidden.layer_4.input_mean,hidden,dev,50,0.005845567292223374,0.00023345247610004902,0.00023345247610004902,False,0.0057486844621598724,-0.4150002248079898,2.1454882837899714,1,0,0
hidden.layer_4.input_mean,hidden,train,75,0.005845567292223374,0.00023345247610004902,0.00023345247610004902,False,0.005845567292223374,-9.457828039257285e-16,2.750011061236721,0,0,0
hidden.layer_4.input_mean,hidden,all_scored_candidates,239,0.005845567292223374,0.00023345247610004902,0.00023345247610004902,False,0.0063671147407940495,2.2340626121573415,5.465287237335284,69,51,1
hidden.layer_4.input_mean,hidden,selected,224,0.005845567292223374,0.00023345247610004902,0.00023345247610004902,False,0.006373581987905449,2.261765240201554,5.465287237335284,65,48,1
hidden.layer_4.input_mean,hidden,first_scored,219,0.005845567292223374,0.00023345247610004902,0.00023345247610004902,False,0.006378719489596206,2.2837718677455463,5.465287237335284,66,49,1
hidden.layer_4.input_rms,hidden,dev,50,0.6647371451059977,0.004273949175461925,0.004273949175461925,False,0.6643700718879699,-0.08588619165974071,2.6878146762483444,1,0,0
hidden.layer_4.input_rms,hidden,train,75,0.6647371451059977,0.004273949175461925,0.004273949175461925,False,0.6647371451059977,8.662700186808555e-15,2.6502161658970635,0,0,0
hidden.layer_4.input_rms,hidden,all_scored_candidates,239,0.6647371451059977,0.004273949175461925,0.004273949175461925,False,0.6592049456540511,-1.2943999155883021,3.413343200920092,25,16,0
hidden.layer_4.input_rms,hidden,selected,224,0.6647371451059977,0.004273949175461925,0.004273949175461925,False,0.659499607448067,-1.225456233312515,3.361422112627132,17,10,0
hidden.layer_4.input_rms,hidden,first_scored,219,0.6647371451059977,0.004273949175461925,0.004273949175461925,False,0.6595435771223617,-1.2151684005635548,3.413343200920092,16,10,0
hidden.layer_4.output_mean,hidden,dev,50,-0.00018324796285014598,2.162961639782823e-05,2.162961639782823e-05,False,-0.00017792509199352936,0.2460917826148359,2.163664033349695,2,0,0
hidden.layer_4.output_mean,hidden,train,75,-0.00018324796285014598,2.162961639782823e-05,2.162961639782823e-05,False,-0.00018324796285014598,-5.518733618240882e-16,2.69914364441601,0,0,0
hidden.layer_4.output_mean,hidden,all_scored_candidates,239,-0.00018324796285014598,2.162961639782823e-05,2.162961639782823e-05,False,-0.00010086227888236539,3.8089294998339738,7.569369035187742,186,171,49
hidden.layer_4.output_mean,hidden,selected,224,-0.00018324796285014598,2.162961639782823e-05,2.162961639782823e-05,False,-9.83010155388391e-05,3.927344144662509,7.569369035187742,183,170,49
hidden.layer_4.output_mean,hidden,first_scored,219,-0.00018324796285014598,2.162961639782823e-05,2.162961639782823e-05,False,-9.82405967012656e-05,3.930137483039956,7.569369035187742,179,166,49
hidden.layer_4.output_rms,hidden,dev,50,0.03257601961493492,0.0009758595826359651,0.0009758595826359651,False,0.03248557239770889,-0.09268466369076768,2.546039913308743,0,0,0
hidden.layer_4.output_rms,hidden,train,75,0.03257601961493492,0.0009758595826359651,0.0009758595826359651,False,0.03257601961493492,1.1420494179977444e-15,2.5861421731847325,0,0,0
hidden.layer_4.output_rms,hidden,all_scored_candidates,239,0.03257601961493492,0.0009758595826359651,0.0009758595826359651,False,0.03171772225350765,-0.8795295723887455,3.0773366406291385,21,4,0
hidden.layer_4.output_rms,hidden,selected,224,0.03257601961493492,0.0009758595826359651,0.0009758595826359651,False,0.031794882570726,-0.8004604946327786,3.016494201990059,14,2,0
hidden.layer_4.output_rms,hidden,first_scored,219,0.03257601961493492,0.0009758595826359651,0.0009758595826359651,False,0.03180593486075804,-0.7891347975461257,3.0773366406291385,12,3,0
hidden.layer_5.input_mean,hidden,dev,50,0.0011156961151088279,0.0005496627766367654,0.0005496627766367654,False,0.0010434231505496428,-0.13148600856947854,2.5330024098742503,7,0,0
hidden.layer_5.input_mean,hidden,train,75,0.0011156961151088279,0.0005496627766367654,0.0005496627766367654,False,0.0011156961151088279,-1.9373391779708983e-16,2.2628001826860156,0,0,0
hidden.layer_5.input_mean,hidden,all_scored_candidates,239,0.0011156961151088279,0.0005496627766367654,0.0005496627766367654,False,0.0019818819807472183,1.5758495980723712,3.524884067692554,45,8,0
hidden.layer_5.input_mean,hidden,selected,224,0.0011156961151088279,0.0005496627766367654,0.0005496627766367654,False,0.001971122534866611,1.5562749673388854,3.524884067692554,37,6,0
hidden.layer_5.input_mean,hidden,first_scored,219,0.0011156961151088279,0.0005496627766367654,0.0005496627766367654,False,0.0019709458747415136,1.5559535700520282,3.524884067692554,35,6,0
hidden.layer_5.input_rms,hidden,dev,50,0.7431793276468913,0.003502288314404346,0.003502288314404346,False,0.7424720418453217,-0.20194962209727607,2.683045190000832,0,0,0
hidden.layer_5.input_rms,hidden,train,75,0.7431793276468913,0.003502288314404346,0.003502288314404346,False,0.7431793276468913,-1.2247332777567029e-14,2.7089988166364876,0,0,0
hidden.layer_5.input_rms,hidden,all_scored_candidates,239,0.7431793276468913,0.003502288314404346,0.003502288314404346,False,0.7387956121476624,-1.2516717944663136,3.475983794727701,23,15,0
hidden.layer_5.input_rms,hidden,selected,224,0.7431793276468913,0.003502288314404346,0.003502288314404346,False,0.7390579496111188,-1.1767672064067072,3.409253191423828,15,10,0
hidden.layer_5.input_rms,hidden,first_scored,219,0.7431793276468913,0.003502288314404346,0.003502288314404346,False,0.7390981060729179,-1.165301427980099,3.475983794727701,14,9,0
hidden.layer_5.output_mean,hidden,dev,50,0.00016951067966147092,8.108631881095176e-05,8.108631881095176e-05,False,0.00016061382759744447,-0.10972075430836822,2.44144175730488,0,0,0
hidden.layer_5.output_mean,hidden,train,75,0.00016951067966147092,8.108631881095176e-05,8.108631881095176e-05,False,0.00016951067966147092,7.49180087180242e-17,2.596587353616081,0,0,0
hidden.layer_5.output_mean,hidden,all_scored_candidates,239,0.00016951067966147092,8.108631881095176e-05,8.108631881095176e-05,False,0.00020202465263963513,0.40097976397188184,2.2916950966482976,5,0,0
hidden.layer_5.output_mean,hidden,selected,224,0.00016951067966147092,8.108631881095176e-05,8.108631881095176e-05,False,0.0002101036112112098,0.5006138167941626,2.2900688117492765,5,0,0
hidden.layer_5.output_mean,hidden,first_scored,219,0.00016951067966147092,8.108631881095176e-05,8.108631881095176e-05,False,0.00021117684160125585,0.5138494699324957,2.2900688117492765,5,0,0
hidden.layer_5.output_rms,hidden,dev,50,0.04267110298077265,0.001387107684781286,0.001387107684781286,False,0.042532405629754064,-0.09999032702385745,2.5619493651022887,0,0,0
hidden.layer_5.output_rms,hidden,train,75,0.04267110298077265,0.001387107684781286,0.001387107684781286,False,0.04267110298077265,8.741155947215399e-16,2.591593605968063,0,0,0
hidden.layer_5.output_rms,hidden,all_scored_candidates,239,0.04267110298077265,0.001387107684781286,0.001387107684781286,False,0.0420927887774661,-0.41692091367638834,2.6464212176073794,5,0,0
hidden.layer_5.output_rms,hidden,selected,224,0.04267110298077265,0.001387107684781286,0.001387107684781286,False,0.04220951217160161,-0.33277215189232007,2.6384851121753843,2,0,0
hidden.layer_5.output_rms,hidden,first_scored,219,0.04267110298077265,0.001387107684781286,0.001387107684781286,False,0.0422267530572741,-0.32034277394160393,2.6464212176073794,4,0,0
hidden.layer_6.input_mean,hidden,dev,50,0.011613898935417335,0.00047735633747167383,0.00047735633747167383,False,0.01161518856883049,0.0027016157782377846,2.560442716330776,1,0,0
hidden.layer_6.input_mean,hidden,train,75,0.011613898935417335,0.00047735633747167383,0.00047735633747167383,False,0.011613898935417335,-1.2540894248994997e-15,2.671325789163759,0,0,0
hidden.layer_6.input_mean,hidden,all_scored_candidates,239,0.011613898935417335,0.00047735633747167383,0.00047735633747167383,False,0.012659715698977395,2.1908513231420503,5.112386717294495,96,67,1
hidden.layer_6.input_mean,hidden,selected,224,0.011613898935417335,0.00047735633747167383,0.00047735633747167383,False,0.01271590734333066,2.3085655754569676,5.112386717294495,95,66,1
hidden.layer_6.input_mean,hidden,first_scored,219,0.011613898935417335,0.00047735633747167383,0.00047735633747167383,False,0.012727771936724447,2.333420369375968,5.112386717294495,94,66,1
hidden.layer_6.input_rms,hidden,dev,50,0.8637316354115804,0.0025434404501416055,0.0025434404501416055,False,0.8633244407176971,-0.1600960202785815,2.5382591521693403,0,0,0
hidden.layer_6.input_rms,hidden,train,75,0.8637316354115804,0.0025434404501416055,0.0025434404501416055,False,0.8637316354115804,9.891994630824759e-15,2.60082967609941,0,0,0
hidden.layer_6.input_rms,hidden,all_scored_candidates,239,0.8637316354115804,0.0025434404501416055,0.0025434404501416055,False,0.862125747872197,-0.6313839741339301,3.0919965716238798,19,2,0
hidden.layer_6.input_rms,hidden,selected,224,0.8637316354115804,0.0025434404501416055,0.0025434404501416055,False,0.862360429284828,-0.5391146966605753,3.0919965716238798,12,1,0
hidden.layer_6.input_rms,hidden,first_scored,219,0.8637316354115804,0.0025434404501416055,0.0025434404501416055,False,0.8623961221137547,-0.5250814100055945,3.0919965716238798,11,2,0
hidden.layer_6.output_mean,hidden,dev,50,0.0002809383069203856,6.628125473437473e-05,6.628125473437473e-05,False,0.00027777001625509004,-0.047800704407191016,2.5642915703914837,1,0,0
hidden.layer_6.output_mean,hidden,train,75,0.0002809383069203856,6.628125473437473e-05,6.628125473437473e-05,False,0.0002809383069203856,2.828466627580184e-16,2.494838666378635,0,0,0
hidden.layer_6.output_mean,hidden,all_scored_candidates,239,0.0002809383069203856,6.628125473437473e-05,6.628125473437473e-05,False,0.0002848501514780304,0.059018866998244185,2.582623277397483,3,0,0
hidden.layer_6.output_mean,hidden,selected,224,0.0002809383069203856,6.628125473437473e-05,6.628125473437473e-05,False,0.00029087547773087863,0.14992430137776844,2.582623277397483,2,0,0
hidden.layer_6.output_mean,hidden,first_scored,219,0.0002809383069203856,6.628125473437473e-05,6.628125473437473e-05,False,0.00029177555034163547,0.16350389660969242,2.582623277397483,2,0,0
hidden.layer_6.output_rms,hidden,dev,50,0.055059663355350494,0.0008818177571479517,0.0008818177571479517,False,0.05497477807104587,-0.09626170897166023,2.6239399175365046,1,0,0
hidden.layer_6.output_rms,hidden,train,75,0.055059663355350494,0.0008818177571479517,0.0008818177571479517,False,0.055059663355350494,6.276460832547552e-16,2.5851077800048077,0,0,0
hidden.layer_6.output_rms,hidden,all_scored_candidates,239,0.055059663355350494,0.0008818177571479517,0.0008818177571479517,False,0.05389767797920993,-1.3177160095967582,3.722067310688355,29,25,0
hidden.layer_6.output_rms,hidden,selected,224,0.055059663355350494,0.0008818177571479517,0.0008818177571479517,False,0.0539764913264662,-1.228340005748553,3.722067310688355,19,17,0
hidden.layer_6.output_rms,hidden,first_scored,219,0.055059663355350494,0.0008818177571479517,0.0008818177571479517,False,0.053989556605276996,-1.213523703054615,3.722067310688355,18,15,0
hidden.layer_7.input_mean,hidden,dev,50,0.011352589515348276,0.0003085719225954517,0.0003085719225954517,False,0.011436564233154058,0.2721398534884725,2.18335585645996,0,0,0
hidden.layer_7.input_mean,hidden,train,75,0.011352589515348276,0.0003085719225954517,0.0003085719225954517,False,0.011352589515348276,-1.4283481804729566e-15,2.5900331607846767,0,0,0
hidden.layer_7.input_mean,hidden,all_scored_candidates,239,0.011352589515348276,0.0003085719225954517,0.0003085719225954517,False,0.012202432581757402,2.754116639196947,6.053866347527619,129,92,8
hidden.layer_7.input_mean,hidden,selected,224,0.011352589515348276,0.0003085719225954517,0.0003085719225954517,False,0.012201288739951062,2.7504097503889198,6.053866347527619,119,87,8
hidden.layer_7.input_mean,hidden,first_scored,219,0.011352589515348276,0.0003085719225954517,0.0003085719225954517,False,0.012209282924323321,2.7763167878958313,6.053866347527619,119,88,8
hidden.layer_7.input_rms,hidden,dev,50,0.8131042496363322,0.005155008662047574,0.005155008662047574,False,0.8124787080287933,-0.1213463737014187,2.377239984801895,0,0,0
hidden.layer_7.input_rms,hidden,train,75,0.8131042496363322,0.005155008662047574,0.005155008662047574,False,0.8131042496363322,-3.157196726277789e-15,2.458281353035945,0,0,0
hidden.layer_7.input_rms,hidden,all_scored_candidates,239,0.8131042496363322,0.005155008662047574,0.005155008662047574,False,0.8114752415333831,-0.3160049206012393,2.777394025584316,16,0,0
hidden.layer_7.input_rms,hidden,selected,224,0.8131042496363322,0.005155008662047574,0.005155008662047574,False,0.8119784287576165,-0.21839359592241334,2.777394025584316,10,0,0
hidden.layer_7.input_rms,hidden,first_scored,219,0.8131042496363322,0.005155008662047574,0.005155008662047574,False,0.812054192911,-0.2036964036671695,2.777394025584316,9,0,0
hidden.layer_7.output_mean,hidden,dev,50,0.00012425320967546818,5.08179582590046e-05,5.08179582590046e-05,False,0.00010902627542236587,-0.2996368759149075,1.8956772105480364,1,0,0
hidden.layer_7.output_mean,hidden,train,75,0.00012425320967546818,5.08179582590046e-05,5.08179582590046e-05,False,0.00012425320967546818,2.44156546832149e-16,3.032663789651896,0,1,0
hidden.layer_7.output_mean,hidden,all_scored_candidates,239,0.00012425320967546818,5.08179582590046e-05,5.08179582590046e-05,False,0.00014693825284959689,0.4463981622108771,3.751622572816604,6,3,0
hidden.layer_7.output_mean,hidden,selected,224,0.00012425320967546818,5.08179582590046e-05,5.08179582590046e-05,False,0.00015220577453029755,0.5500528909950125,3.751622572816604,5,3,0
hidden.layer_7.output_mean,hidden,first_scored,219,0.00012425320967546818,5.08179582590046e-05,5.08179582590046e-05,False,0.00015229131196110965,0.5517361036572794,3.751622572816604,5,3,0
hidden.layer_7.output_rms,hidden,dev,50,0.055863034725189206,0.001916237887921228,0.001916237887921228,False,0.05565615154802799,-0.10796320147163192,2.3366319322889546,0,0,0
hidden.layer_7.output_rms,hidden,train,75,0.055863034725189206,0.001916237887921228,0.001916237887921228,False,0.055863034725189206,1.4455103780619538e-15,2.3974636585918025,0,0,0
hidden.layer_7.output_rms,hidden,all_scored_candidates,239,0.055863034725189206,0.001916237887921228,0.001916237887921228,False,0.05594084533438024,0.040605923555475605,2.4610423482152832,9,0,0
hidden.layer_7.output_rms,hidden,selected,224,0.055863034725189206,0.001916237887921228,0.001916237887921228,False,0.05613630737311074,0.14260893683611608,2.4562521729696787,6,0,0
hidden.layer_7.output_rms,hidden,first_scored,219,0.055863034725189206,0.001916237887921228,0.001916237887921228,False,0.05616459541328966,0.15737121680001365,2.4562521729696787,7,0,0
hidden.layer_8.input_mean,hidden,dev,50,0.014402501011888186,0.0011091714969977784,0.0011091714969977784,False,0.014376060459762812,-0.023838109973923858,2.012034835751983,0,0,0
hidden.layer_8.input_mean,hidden,train,75,0.014402501011888186,0.0011091714969977784,0.0011091714969977784,False,0.014402501011888186,-2.9294853579979e-16,2.2471872340128844,0,0,0
hidden.layer_8.input_mean,hidden,all_scored_candidates,239,0.014402501011888186,0.0011091714969977784,0.0011091714969977784,False,0.016140168478174687,1.5666355211884628,4.022611088160276,96,16,0
hidden.layer_8.input_mean,hidden,selected,224,0.014402501011888186,0.0011091714969977784,0.0011091714969977784,False,0.01627436891430989,1.6876271230268116,4.022611088160276,96,16,0
hidden.layer_8.input_mean,hidden,first_scored,219,0.014402501011888186,0.0011091714969977784,0.0011091714969977784,False,0.01629633623596332,1.707432285450196,4.022611088160276,95,16,0
hidden.layer_8.input_rms,hidden,dev,50,0.8134884683291117,0.005012871910434507,0.005012871910434507,False,0.8127956175804139,-0.1382143332359412,2.329227195061155,0,0,0
hidden.layer_8.input_rms,hidden,train,75,0.8134884683291117,0.005012871910434507,0.005012871910434507,False,0.8134884683291117,6.493405350453211e-15,2.3500471431600607,0,0,0
hidden.layer_8.input_rms,hidden,all_scored_candidates,239,0.8134884683291117,0.005012871910434507,0.005012871910434507,False,0.8140576120201015,0.11353645198974822,2.4492303161279074,12,0,0
hidden.layer_8.input_rms,hidden,selected,224,0.8134884683291117,0.005012871910434507,0.005012871910434507,False,0.8145913572183677,0.2200113844840719,2.4492303161279074,9,0,0
hidden.layer_8.input_rms,hidden,first_scored,219,0.8134884683291117,0.005012871910434507,0.005012871910434507,False,0.8146721818675734,0.23613480647644447,2.4492303161279074,9,0,0
hidden.layer_8.output_mean,hidden,dev,50,-0.0005199722926287601,7.092310352987426e-05,7.092310352987426e-05,False,-0.0004991852969396859,0.2930920201527602,2.63237548713862,2,0,0
hidden.layer_8.output_mean,hidden,train,75,-0.0005199722926287601,7.092310352987426e-05,7.092310352987426e-05,False,-0.0005199722926287601,1.0563309486381437e-16,2.4877736963833135,0,0,0
hidden.layer_8.output_mean,hidden,all_scored_candidates,239,-0.0005199722926287601,7.092310352987426e-05,7.092310352987426e-05,False,-0.0004700670216308525,0.703653231656544,2.7388156678902926,7,0,0
hidden.layer_8.output_mean,hidden,selected,224,-0.0005199722926287601,7.092310352987426e-05,7.092310352987426e-05,False,-0.0004744367893830973,0.6420404773528048,2.7388156678902926,4,0,0
hidden.layer_8.output_mean,hidden,first_scored,219,-0.0005199722926287601,7.092310352987426e-05,7.092310352987426e-05,False,-0.0004751532511056303,0.6319385262695272,2.7388156678902926,4,0,0
hidden.layer_8.output_rms,hidden,dev,50,0.052289139082034426,0.0017223853709140207,0.0017223853709140207,False,0.05207441195845604,-0.12466845527400018,2.3547259346267597,0,0,0
hidden.layer_8.output_rms,hidden,train,75,0.052289139082034426,0.0017223853709140207,0.0017223853709140207,False,0.052289139082034426,1.558568089402949e-15,2.413045477572263,0,0,0
hidden.layer_8.output_rms,hidden,all_scored_candidates,239,0.052289139082034426,0.0017223853709140207,0.0017223853709140207,False,0.05203047818718595,-0.15017597061406324,2.6567313648510043,17,0,0
hidden.layer_8.output_rms,hidden,selected,224,0.052289139082034426,0.0017223853709140207,0.0017223853709140207,False,0.05220536290601428,-0.048639623533081884,2.652280184781955,11,0,0
hidden.layer_8.output_rms,hidden,first_scored,219,0.052289139082034426,0.0017223853709140207,0.0017223853709140207,False,0.052230978631265634,-0.03376738548233871,2.6567313648510043,10,0,0
hidden.layer_9.input_mean,hidden,dev,50,0.009701442619164785,0.0003784556720567144,0.0003784556720567144,False,0.009788714982569217,0.23060128265524976,3.6751544660006235,2,2,0
hidden.layer_9.input_mean,hidden,train,75,0.009701442619164785,0.0003784556720567144,0.0003784556720567144,False,0.009701442619164785,-7.489379486950535e-17,2.645598881023724,0,0,0
hidden.layer_9.input_mean,hidden,all_scored_candidates,239,0.009701442619164785,0.0003784556720567144,0.0003784556720567144,False,0.011098810304034205,3.6922889205899243,6.724523910064738,186,163,43
hidden.layer_9.input_mean,hidden,selected,224,0.009701442619164785,0.0003784556720567144,0.0003784556720567144,False,0.011133710005586701,3.7845050085741088,6.724523910064738,181,161,43
hidden.layer_9.input_mean,hidden,first_scored,219,0.009701442619164785,0.0003784556720567144,0.0003784556720567144,False,0.011139832109587106,3.8006815503792137,6.724523910064738,178,158,42
hidden.layer_9.input_rms,hidden,dev,50,0.8078120772043864,0.004856687250352858,0.004856687250352858,False,0.8070606768131257,-0.1547145929988,2.296990946916915,0,0,0
hidden.layer_9.input_rms,hidden,train,75,0.8078120772043864,0.004856687250352858,0.004856687250352858,False,0.8078120772043864,-4.26611581709017e-15,2.3623553242608892,0,0,0
hidden.layer_9.input_rms,hidden,all_scored_candidates,239,0.8078120772043864,0.004856687250352858,0.004856687250352858,False,0.8081404354781785,0.06760951588312723,2.5199612825506583,13,0,0
hidden.layer_9.input_rms,hidden,selected,224,0.8078120772043864,0.004856687250352858,0.004856687250352858,False,0.808662229350635,0.17504774395073566,2.5199612825506583,10,0,0
hidden.layer_9.input_rms,hidden,first_scored,219,0.8078120772043864,0.004856687250352858,0.004856687250352858,False,0.8087420191394684,0.19147659446558343,2.5199612825506583,9,0,0
hidden.layer_9.output_mean,hidden,dev,50,0.0002855187198535229,6.3296444111089e-05,6.3296444111089e-05,False,0.0002781634929124266,-0.1162028459005918,2.4839185935660675,2,0,0
hidden.layer_9.output_mean,hidden,train,75,0.0002855187198535229,6.3296444111089e-05,6.3296444111089e-05,False,0.0002855187198535229,-1.5709655798445965e-16,2.393880859151008,0,0,0
hidden.layer_9.output_mean,hidden,all_scored_candidates,239,0.0002855187198535229,6.3296444111089e-05,6.3296444111089e-05,False,0.0003202233212550899,0.5482867464190948,3.2430852191549153,13,1,0
hidden.layer_9.output_mean,hidden,selected,224,0.0002855187198535229,6.3296444111089e-05,6.3296444111089e-05,False,0.00032794803291835706,0.670326961659461,3.2430852191549153,13,1,0
hidden.layer_9.output_mean,hidden,first_scored,219,0.0002855187198535229,6.3296444111089e-05,6.3296444111089e-05,False,0.0003291679912094733,0.6896006871941075,3.2430852191549153,13,1,0
hidden.layer_9.output_rms,hidden,dev,50,0.05171863853931427,0.0014249672999065836,0.0014249672999065836,False,0.051535230875015256,-0.1287100864076221,2.2153001229080145,0,0,0
hidden.layer_9.output_rms,hidden,train,75,0.05171863853931427,0.0014249672999065836,0.0014249672999065836,False,0.05171863853931427,-7.69939667577546e-16,2.362825004044576,0,0,0
hidden.layer_9.output_rms,hidden,all_scored_candidates,239,0.05171863853931427,0.0014249672999065836,0.0014249672999065836,False,0.05135325135109814,-0.25641794603994655,2.69982903341817,21,0,0
hidden.layer_9.output_rms,hidden,selected,224,0.05171863853931427,0.0014249672999065836,0.0014249672999065836,False,0.05149569561971085,-0.1564547618868394,2.69982903341817,14,0,0
hidden.layer_9.output_rms,hidden,first_scored,219,0.05171863853931427,0.0014249672999065836,0.0014249672999065836,False,0.051517243747977906,-0.1413329213586644,2.69982903341817,13,0,0
sampling.completion_count,sampling,dev,50,43.013333333333335,6.944529421702301,6.944529421702301,False,44.02,0.14495822618603038,1.5859005937703488,0,0,0
sampling.completion_count,sampling,train,75,43.013333333333335,6.944529421702301,6.944529421702301,False,43.013333333333335,-2.7581525026872574e-16,1.5859005937703488,0,0,0
sampling.completion_count,sampling,all_scored_candidates,239,43.013333333333335,6.944529421702301,6.944529421702301,False,37.98326359832636,-0.7243211785218361,1.8738970696366348,44,0,0
sampling.completion_count,sampling,selected,224,43.013333333333335,6.944529421702301,6.944529421702301,False,38.200892857142854,-0.6929829487295646,1.8738970696366348,38,0,0
sampling.completion_count,sampling,first_scored,219,43.013333333333335,6.944529421702301,6.944529421702301,False,37.90867579908676,-0.7350616901836499,1.8738970696366348,41,0,0
sampling.mean_entropy,sampling,dev,50,0.13755091513578066,0.0393296002573718,0.0393296002573718,False,0.13889250217573615,0.03411138255095874,2.068245967263189,0,0,0
sampling.mean_entropy,sampling,train,75,0.13755091513578066,0.0393296002573718,0.0393296002573718,False,0.13755091513578066,-2.409068315204858e-16,2.4200379739282094,0,0,0
sampling.mean_entropy,sampling,all_scored_candidates,239,0.13755091513578066,0.0393296002573718,0.0393296002573718,False,0.1382896603873518,0.018783441650482482,3.1019506285149587,7,1,0
sampling.mean_entropy,sampling,selected,224,0.13755091513578066,0.0393296002573718,0.0393296002573718,False,0.13783653007615052,0.0072620860242873595,3.1019506285149587,7,1,0
sampling.mean_entropy,sampling,first_scored,219,0.13755091513578066,0.0393296002573718,0.0393296002573718,False,0.137438848438975,-0.002849423743752548,3.1019506285149587,6,1,0
sampling.mean_logprob,sampling,dev,50,-0.1384292938129714,0.05090621975741189,0.05090621975741189,False,-0.14779546141789723,-0.18398866876305697,2.99031824971267,1,0,0
sampling.mean_logprob,sampling,train,75,-0.1384292938129714,0.05090621975741189,0.05090621975741189,False,-0.1384292938129714,-1.4118336129816575e-16,2.6340610917941154,0,0,0
sampling.mean_logprob,sampling,all_scored_candidates,239,-0.1384292938129714,0.05090621975741189,0.05090621975741189,False,-0.13784347533273233,0.011507797731410844,5.097383339141049,18,7,1
sampling.mean_logprob,sampling,selected,224,-0.1384292938129714,0.05090621975741189,0.05090621975741189,False,-0.1380565894985842,0.007321390513050538,5.097383339141049,17,7,1
sampling.mean_logprob,sampling,first_scored,219,-0.1384292938129714,0.05090621975741189,0.05090621975741189,False,-0.13581557528177032,0.05134379538799917,5.097383339141049,17,7,1
sampling.min_logprob,sampling,dev,50,-1.8859320378303528,0.701261368364233,0.701261368364233,False,-1.9534001386165618,-0.0962096357077043,1.6949600553862942,1,0,0
sampling.min_logprob,sampling,train,75,-1.8859320378303528,0.701261368364233,0.701261368364233,False,-1.8859320378303528,2.4153133197183745e-17,2.7263375184541925,0,0,0
sampling.min_logprob,sampling,all_scored_candidates,239,-1.8859320378303528,0.701261368364233,0.701261368364233,False,-1.697199792667413,0.26913252843683383,2.4082985796741836,22,0,0
sampling.min_logprob,sampling,selected,224,-1.8859320378303528,0.701261368364233,0.701261368364233,False,-1.7014470647222228,0.263075910681435,2.4082985796741836,21,0,0
sampling.min_logprob,sampling,first_scored,219,-1.8859320378303528,0.701261368364233,0.701261368364233,False,-1.6774336163583956,0.29731913217792394,2.4082985796741836,21,0,0
