population,feature,family,finite_n,missing_rate,train_min,train_p25,train_p50,train_p75,train_max,target_min,target_p25,target_p50,target_p75,target_max,median_shift_in_training_IQR,outside_training_range_n,outside_training_range_rate_among_finite,constant_training_feature
dev,graph.activation_max,graph,50,0.0,6.879843235015869,7.823474407196045,8.186887741088867,8.555687427520752,10.386173248291016,6.632260322570801,7.8051289319992065,8.085540771484375,8.395129442214966,9.22197151184082,-0.1384118648416671,1,0.02,False
dev,graph.activation_mean,graph,50,0.0,6.692624409993489,7.260957309177943,7.438002872467041,7.699861749013265,8.400646209716797,6.5510077476501465,7.148779213428497,7.282238026460012,7.464937806129456,8.003759145736694,-0.3548946692484401,1,0.02,False
dev,graph.activation_missing,graph,50,0.0,0.0,0.0,0.0,0.0,0.0,0.0,0.0,0.0,0.0,0.0,,0,0.0,True
dev,graph.activation_q50,graph,50,0.0,6.534737586975098,7.045977354049683,7.379246711730957,7.66068172454834,8.43862771987915,6.564239025115967,6.996246576309204,7.153021454811096,7.518479824066162,8.105449914932251,-0.36802285419956193,0,0.0,False
dev,graph.activation_q90,graph,50,0.0,6.842477321624756,7.694790196418762,8.064454364776612,8.263207721710206,9.835565376281739,6.626384496688843,7.689239966869354,7.8711401462554935,8.096547245979309,9.02539873123169,-0.3400919393222455,1,0.02,False
dev,graph.activation_q99,graph,50,0.0,6.876106643676758,7.811902914047241,8.17111415863037,8.544005966186523,10.331112461090088,6.631672739982605,7.793630917072296,8.070717182159424,8.36408819437027,9.148353443145751,-0.13713503335025887,1,0.02,False
dev,graph.activation_std,graph,50,0.0,0.0,0.3702107800870539,0.5234408813695781,0.6573177856540461,1.3383298070574934,0.0,0.3977165696610377,0.5435191749546284,0.6095635241441749,0.9304643359782454,0.06993313710823171,0,0.0,False
dev,graph.degree_max,graph,50,0.0,413.0,445.0,462.0,490.5,566.0,373.0,440.25,462.0,480.0,603.0,0.0,5,0.1,False
dev,graph.degree_mean,graph,50,0.0,2.131812420785805,3.9597723699246483,4.810752688172043,5.439000429790631,8.517967781908302,2.1275,4.596746981990897,5.365248248571724,5.969845204708486,7.163814180929095,0.37485467957518237,1,0.02,False
dev,graph.degree_std,graph,50,0.0,21.189120397136776,28.38649762695087,30.998353968190802,33.08902378121156,42.44514631187392,21.26984352904365,30.257579973433756,33.216166087926325,35.00251241566583,39.29716212643887,0.47162143217982766,0,0.0,False
dev,graph.density,graph,50,0.0,0.0012159537163951935,0.0023577314812156997,0.0026722826722826725,0.0033294598389032944,0.00528409912029051,0.001331351689612015,0.0024522057400444028,0.003162712782570379,0.0036159451105760524,0.004384219204974967,0.5046987734872477,0,0.0,False
dev,graph.edge_abs_effective_count,graph,50,0.0,63.735127305726955,151.91938808310016,194.4104572219177,240.4586867717731,408.307886177182,61.93079029685248,194.75347361919438,238.43721079293698,270.83742635432077,359.697110001492,0.4972566331909711,1,0.02,False
dev,graph.edge_abs_hhi,graph,50,0.0,0.0024491322206940127,0.00415872070495234,0.005143756227364403,0.00658250130668423,0.015689934927142515,0.0027801168599765847,0.003692252970548416,0.004194310251938646,0.005136645643982865,0.016147056984202948,-0.39172108842992587,1,0.02,False
dev,graph.edge_abs_sum,graph,50,0.0,21.06572769957711,66.14592803421692,87.04732276244613,108.28738190051081,207.96408171777148,19.130673626670614,88.08183576021838,109.6636986132944,128.69892092679947,187.5469852167007,0.5366776362914615,1,0.02,False
dev,graph.edge_abs_top10_share,graph,50,0.0,0.07500045744676678,0.12038390205150434,0.1381740958670518,0.1706262329824837,0.30900744850327544,0.08063994086240708,0.10626534115783103,0.12158795789130253,0.14215482894116807,0.3181274410735632,-0.33012278030122744,1,0.02,False
dev,graph.edge_abs_top1_share,graph,50,0.0,0.009326836934978024,0.016150994824215503,0.01980054003794312,0.02423867289383109,0.05333705670523701,0.01135072243267101,0.013929147674565583,0.016767997485880884,0.02026682752684092,0.05051888118664776,-0.3749583657953852,0,0.0,False
dev,graph.edge_count,graph,50,0.0,841.0,1609.5,1975.0,2263.0,3437.0,851.0,1966.75,2301.5,2493.0,3252.0,0.4996174445294568,0,0.0,False
dev,graph.edge_negative_abs_sum,graph,50,0.0,10.724576044274727,34.263029113033554,43.57617456233129,56.5085974085232,105.64585712342523,9.389026124816155,43.6971731669837,55.32410852181056,66.17372808280197,96.7302132541954,0.5281022180881392,1,0.02,False
dev,graph.edge_negative_fraction,graph,50,0.0,0.4611579866162351,0.4876523672741428,0.5022727272727273,0.5166900101910162,0.5333653384541527,0.46258503401360546,0.4864466700907379,0.4959666710611037,0.5075858304472218,0.5311398354876615,-0.2171683228448007,0,0.0,False
dev,graph.edge_positive_sum,graph,50,0.0,10.341151655302383,32.60238956033572,43.159833651880035,53.30887921321846,102.31822459434625,9.741647501854459,42.22352136511472,53.5072329330942,63.98442050895392,90.8167719625053,0.4997176950161425,1,0.02,False
dev,graph.edge_signed_mean,graph,50,0.0,-0.007713904300887694,-0.0022067991469228126,-0.0005694853999423646,0.0009608090877023138,0.003907687470578262,-0.0054650654216606325,-0.002043825132651417,-0.0005514439113310675,0.0006610095749760095,0.0034286126891505315,0.0056956186734475655,0,0.0,False
dev,graph.edge_signed_std,graph,50,0.0,0.08314971039326452,0.12204744876822966,0.13853561613559584,0.15990547674276795,0.1832323065017943,0.08333104010282233,0.1322753981151103,0.1471406279759869,0.1607518208844392,0.19241833046469467,0.2272968852518791,1,0.02,False
dev,graph.edge_signed_sum,graph,50,0.0,-20.40327687584795,-4.423975394049194,-1.1336887072829995,1.9849084141897038,9.744925454171607,-13.052426075490075,-4.74463792876486,-1.2920544049411546,1.381937161400856,8.537298216164345,-0.02471033995881922,0,0.0,False
dev,graph.empty_after_pruning,graph,50,0.0,0.0,0.0,0.0,0.0,0.0,0.0,0.0,0.0,0.0,0.0,,0,0.0,True
dev,graph.error_influence_fraction,graph,50,0.0,0.36571533715211924,0.39979109277507263,0.40596307643505064,0.4130495276278836,0.4294728149030215,0.3908091134966629,0.39926002731082233,0.40821039422236116,0.4142919342287334,0.44167680342682525,0.16950098652361353,1,0.02,False
dev,graph.error_node_count,graph,50,0.0,96.0,96.0,96.0,96.0,96.0,96.0,96.0,96.0,96.0,96.0,,0,0.0,True
dev,graph.feature_node_count,graph,50,0.0,1.0,3.0,4.0,5.0,7.0,1.0,4.0,5.0,5.0,7.0,0.5,0,0.0,False
dev,graph.graph_missing,graph,50,0.0,0.0,0.0,0.0,0.0,0.0,0.0,0.0,0.0,0.0,0.0,,0,0.0,True
dev,graph.input_logit_min_hops,graph,50,0.0,1.0,1.0,1.0,1.0,1.0,1.0,1.0,1.0,1.0,1.0,,0,0.0,True
dev,graph.input_logit_min_positive_distance,graph,50,0.0,33.859847040023865,55.0456677959885,70.60465613147294,85.04694261443913,248.02093142138207,35.627110943246706,56.879229135692235,67.5148489875086,96.77658791831811,171.58223090618702,-0.10298919504794243,0,0.0,False
dev,graph.input_logit_path_missing,graph,50,0.0,0.0,0.0,0.0,0.0,0.0,0.0,0.0,0.0,0.0,0.0,,0,0.0,True
dev,graph.input_logit_reachability_missing,graph,50,0.0,0.0,0.0,0.0,0.0,0.0,0.0,0.0,0.0,0.0,0.0,,0,0.0,True
dev,graph.input_logit_reachable_logit_fraction,graph,50,0.0,1.0,1.0,1.0,1.0,1.0,1.0,1.0,1.0,1.0,1.0,,0,0.0,True
dev,graph.layer_0_activation_mean,graph,50,0.0,0.0,0.0,0.0,0.0,0.0,0.0,0.0,0.0,0.0,0.0,,0,0.0,True
dev,graph.layer_0_feature_count,graph,50,0.0,0.0,0.0,0.0,0.0,0.0,0.0,0.0,0.0,0.0,0.0,,0,0.0,True
dev,graph.layer_0_feature_fraction,graph,50,0.0,0.0,0.0,0.0,0.0,0.0,0.0,0.0,0.0,0.0,0.0,,0,0.0,True
dev,graph.layer_10_activation_mean,graph,50,0.0,0.0,0.0,0.0,0.0,0.0,0.0,0.0,0.0,0.0,0.0,,0,0.0,True
dev,graph.layer_10_feature_count,graph,50,0.0,0.0,0.0,0.0,0.0,0.0,0.0,0.0,0.0,0.0,0.0,,0,0.0,True
dev,graph.layer_10_feature_fraction,graph,50,0.0,0.0,0.0,0.0,0.0,0.0,0.0,0.0,0.0,0.0,0.0,,0,0.0,True
dev,graph.layer_11_activation_mean,graph,50,0.0,0.0,0.0,0.0,0.0,0.0,0.0,0.0,0.0,0.0,0.0,,0,0.0,True
dev,graph.layer_11_feature_count,graph,50,0.0,0.0,0.0,0.0,0.0,0.0,0.0,0.0,0.0,0.0,0.0,,0,0.0,True
dev,graph.layer_11_feature_fraction,graph,50,0.0,0.0,0.0,0.0,0.0,0.0,0.0,0.0,0.0,0.0,0.0,,0,0.0,True
dev,graph.layer_12_activation_mean,graph,50,0.0,0.0,0.0,0.0,0.0,0.0,0.0,0.0,0.0,0.0,0.0,,0,0.0,True
dev,graph.layer_12_feature_count,graph,50,0.0,0.0,0.0,0.0,0.0,0.0,0.0,0.0,0.0,0.0,0.0,,0,0.0,True
dev,graph.layer_12_feature_fraction,graph,50,0.0,0.0,0.0,0.0,0.0,0.0,0.0,0.0,0.0,0.0,0.0,,0,0.0,True
dev,graph.layer_13_activation_mean,graph,50,0.0,0.0,0.0,0.0,0.0,0.0,0.0,0.0,0.0,0.0,0.0,,0,0.0,True
dev,graph.layer_13_feature_count,graph,50,0.0,0.0,0.0,0.0,0.0,0.0,0.0,0.0,0.0,0.0,0.0,,0,0.0,True
dev,graph.layer_13_feature_fraction,graph,50,0.0,0.0,0.0,0.0,0.0,0.0,0.0,0.0,0.0,0.0,0.0,,0,0.0,True
dev,graph.layer_14_activation_mean,graph,50,0.0,0.0,0.0,0.0,0.0,0.0,0.0,0.0,0.0,0.0,0.0,,0,0.0,True
dev,graph.layer_14_feature_count,graph,50,0.0,0.0,0.0,0.0,0.0,0.0,0.0,0.0,0.0,0.0,0.0,,0,0.0,True
dev,graph.layer_14_feature_fraction,graph,50,0.0,0.0,0.0,0.0,0.0,0.0,0.0,0.0,0.0,0.0,0.0,,0,0.0,True
dev,graph.layer_15_activation_mean,graph,50,0.0,0.0,0.0,0.0,0.0,0.0,0.0,0.0,0.0,0.0,0.0,,0,0.0,True
dev,graph.layer_15_feature_count,graph,50,0.0,0.0,0.0,0.0,0.0,0.0,0.0,0.0,0.0,0.0,0.0,,0,0.0,True
dev,graph.layer_15_feature_fraction,graph,50,0.0,0.0,0.0,0.0,0.0,0.0,0.0,0.0,0.0,0.0,0.0,,0,0.0,True
dev,graph.layer_16_activation_mean,graph,50,0.0,0.0,0.0,0.0,0.0,0.0,0.0,0.0,0.0,0.0,0.0,,0,0.0,True
dev,graph.layer_16_feature_count,graph,50,0.0,0.0,0.0,0.0,0.0,0.0,0.0,0.0,0.0,0.0,0.0,,0,0.0,True
dev,graph.layer_16_feature_fraction,graph,50,0.0,0.0,0.0,0.0,0.0,0.0,0.0,0.0,0.0,0.0,0.0,,0,0.0,True
dev,graph.layer_17_activation_mean,graph,50,0.0,0.0,0.0,0.0,0.0,0.0,0.0,0.0,0.0,0.0,0.0,,0,0.0,True
dev,graph.layer_17_feature_count,graph,50,0.0,0.0,0.0,0.0,0.0,0.0,0.0,0.0,0.0,0.0,0.0,,0,0.0,True
dev,graph.layer_17_feature_fraction,graph,50,0.0,0.0,0.0,0.0,0.0,0.0,0.0,0.0,0.0,0.0,0.0,,0,0.0,True
dev,graph.layer_18_activation_mean,graph,50,0.0,0.0,0.0,0.0,0.0,0.0,0.0,0.0,0.0,0.0,0.0,,0,0.0,True
dev,graph.layer_18_feature_count,graph,50,0.0,0.0,0.0,0.0,0.0,0.0,0.0,0.0,0.0,0.0,0.0,,0,0.0,True
dev,graph.layer_18_feature_fraction,graph,50,0.0,0.0,0.0,0.0,0.0,0.0,0.0,0.0,0.0,0.0,0.0,,0,0.0,True
dev,graph.layer_19_activation_mean,graph,50,0.0,0.0,0.0,0.0,0.0,0.0,0.0,0.0,0.0,0.0,0.0,,0,0.0,True
dev,graph.layer_19_feature_count,graph,50,0.0,0.0,0.0,0.0,0.0,0.0,0.0,0.0,0.0,0.0,0.0,,0,0.0,True
dev,graph.layer_19_feature_fraction,graph,50,0.0,0.0,0.0,0.0,0.0,0.0,0.0,0.0,0.0,0.0,0.0,,0,0.0,True
dev,graph.layer_1_activation_mean,graph,50,0.0,0.0,0.0,0.0,0.0,0.0,0.0,0.0,0.0,0.0,0.0,,0,0.0,True
dev,graph.layer_1_feature_count,graph,50,0.0,0.0,0.0,0.0,0.0,0.0,0.0,0.0,0.0,0.0,0.0,,0,0.0,True
dev,graph.layer_1_feature_fraction,graph,50,0.0,0.0,0.0,0.0,0.0,0.0,0.0,0.0,0.0,0.0,0.0,,0,0.0,True
dev,graph.layer_20_activation_mean,graph,50,0.0,0.0,0.0,0.0,0.0,0.0,0.0,0.0,0.0,0.0,0.0,,0,0.0,True
dev,graph.layer_20_feature_count,graph,50,0.0,0.0,0.0,0.0,0.0,0.0,0.0,0.0,0.0,0.0,0.0,,0,0.0,True
dev,graph.layer_20_feature_fraction,graph,50,0.0,0.0,0.0,0.0,0.0,0.0,0.0,0.0,0.0,0.0,0.0,,0,0.0,True
dev,graph.layer_21_activation_mean,graph,50,0.0,0.0,0.0,0.0,0.0,0.0,0.0,0.0,0.0,0.0,0.0,,0,0.0,True
dev,graph.layer_21_feature_count,graph,50,0.0,0.0,0.0,0.0,0.0,0.0,0.0,0.0,0.0,0.0,0.0,,0,0.0,True
dev,graph.layer_21_feature_fraction,graph,50,0.0,0.0,0.0,0.0,0.0,0.0,0.0,0.0,0.0,0.0,0.0,,0,0.0,True
dev,graph.layer_22_activation_mean,graph,50,0.0,0.0,0.0,0.0,0.0,6.589533805847168,0.0,0.0,0.0,0.0,0.0,,0,0.0,False
dev,graph.layer_22_feature_count,graph,50,0.0,0.0,0.0,0.0,0.0,1.0,0.0,0.0,0.0,0.0,0.0,,0,0.0,False
dev,graph.layer_22_feature_fraction,graph,50,0.0,0.0,0.0,0.0,0.0,0.16666666666666666,0.0,0.0,0.0,0.0,0.0,,0,0.0,False
dev,graph.layer_23_activation_mean,graph,50,0.0,0.0,0.0,0.0,0.0,0.0,0.0,0.0,0.0,0.0,0.0,,0,0.0,True
dev,graph.layer_23_feature_count,graph,50,0.0,0.0,0.0,0.0,0.0,0.0,0.0,0.0,0.0,0.0,0.0,,0,0.0,True
dev,graph.layer_23_feature_fraction,graph,50,0.0,0.0,0.0,0.0,0.0,0.0,0.0,0.0,0.0,0.0,0.0,,0,0.0,True
dev,graph.layer_24_activation_mean,graph,50,0.0,0.0,0.0,0.0,0.0,0.0,0.0,0.0,0.0,0.0,0.0,,0,0.0,True
dev,graph.layer_24_feature_count,graph,50,0.0,0.0,0.0,0.0,0.0,0.0,0.0,0.0,0.0,0.0,0.0,,0,0.0,True
dev,graph.layer_24_feature_fraction,graph,50,0.0,0.0,0.0,0.0,0.0,0.0,0.0,0.0,0.0,0.0,0.0,,0,0.0,True
dev,graph.layer_25_activation_mean,graph,50,0.0,0.0,0.0,0.0,0.0,0.0,0.0,0.0,0.0,0.0,0.0,,0,0.0,True
dev,graph.layer_25_feature_count,graph,50,0.0,0.0,0.0,0.0,0.0,0.0,0.0,0.0,0.0,0.0,0.0,,0,0.0,True
dev,graph.layer_25_feature_fraction,graph,50,0.0,0.0,0.0,0.0,0.0,0.0,0.0,0.0,0.0,0.0,0.0,,0,0.0,True
dev,graph.layer_26_activation_mean,graph,50,0.0,0.0,0.0,0.0,0.0,7.644421100616455,0.0,0.0,0.0,0.0,7.188985824584961,,0,0.0,False
dev,graph.layer_26_feature_count,graph,50,0.0,0.0,0.0,0.0,0.0,1.0,0.0,0.0,0.0,0.0,2.0,,1,0.02,False
dev,graph.layer_26_feature_fraction,graph,50,0.0,0.0,0.0,0.0,0.0,0.25,0.0,0.0,0.0,0.0,0.2857142857142857,,1,0.02,False
dev,graph.layer_27_activation_mean,graph,50,0.0,0.0,0.0,0.0,0.0,0.0,0.0,0.0,0.0,0.0,0.0,,0,0.0,True
dev,graph.layer_27_feature_count,graph,50,0.0,0.0,0.0,0.0,0.0,0.0,0.0,0.0,0.0,0.0,0.0,,0,0.0,True
dev,graph.layer_27_feature_fraction,graph,50,0.0,0.0,0.0,0.0,0.0,0.0,0.0,0.0,0.0,0.0,0.0,,0,0.0,True
dev,graph.layer_28_activation_mean,graph,50,0.0,0.0,0.0,0.0,0.0,0.0,0.0,0.0,0.0,0.0,0.0,,0,0.0,True
dev,graph.layer_28_feature_count,graph,50,0.0,0.0,0.0,0.0,0.0,0.0,0.0,0.0,0.0,0.0,0.0,,0,0.0,True
dev,graph.layer_28_feature_fraction,graph,50,0.0,0.0,0.0,0.0,0.0,0.0,0.0,0.0,0.0,0.0,0.0,,0,0.0,True
dev,graph.layer_29_activation_mean,graph,50,0.0,0.0,0.0,0.0,0.0,6.874417781829834,0.0,0.0,0.0,0.0,6.862137317657471,,0,0.0,False
dev,graph.layer_29_feature_count,graph,50,0.0,0.0,0.0,0.0,0.0,1.0,0.0,0.0,0.0,0.0,1.0,,0,0.0,False
dev,graph.layer_29_feature_fraction,graph,50,0.0,0.0,0.0,0.0,0.0,0.25,0.0,0.0,0.0,0.0,0.14285714285714285,,0,0.0,False
dev,graph.layer_2_activation_mean,graph,50,0.0,0.0,0.0,0.0,0.0,0.0,0.0,0.0,0.0,0.0,0.0,,0,0.0,True
dev,graph.layer_2_feature_count,graph,50,0.0,0.0,0.0,0.0,0.0,0.0,0.0,0.0,0.0,0.0,0.0,,0,0.0,True
dev,graph.layer_2_feature_fraction,graph,50,0.0,0.0,0.0,0.0,0.0,0.0,0.0,0.0,0.0,0.0,0.0,,0,0.0,True
dev,graph.layer_30_activation_mean,graph,50,0.0,0.0,0.0,0.0,0.0,8.666794776916504,0.0,0.0,0.0,0.0,0.0,,0,0.0,False
dev,graph.layer_30_feature_count,graph,50,0.0,0.0,0.0,0.0,0.0,1.0,0.0,0.0,0.0,0.0,0.0,,0,0.0,False
dev,graph.layer_30_feature_fraction,graph,50,0.0,0.0,0.0,0.0,0.0,0.3333333333333333,0.0,0.0,0.0,0.0,0.0,,0,0.0,False
dev,graph.layer_31_activation_mean,graph,50,0.0,6.692624409993489,7.281009614467621,7.505127906799316,7.710054779052735,8.400646209716797,6.5510077476501465,7.148779213428497,7.282238026460012,7.464937806129456,8.073188304901123,-0.5195021380903762,1,0.02,False
dev,graph.layer_31_feature_count,graph,50,0.0,1.0,3.0,4.0,4.0,7.0,1.0,4.0,5.0,5.0,6.0,1.0,0,0.0,False
dev,graph.layer_31_feature_fraction,graph,50,0.0,0.5,1.0,1.0,1.0,1.0,0.5714285714285714,1.0,1.0,1.0,1.0,,0,0.0,False
dev,graph.layer_3_activation_mean,graph,50,0.0,0.0,0.0,0.0,0.0,0.0,0.0,0.0,0.0,0.0,0.0,,0,0.0,True
dev,graph.layer_3_feature_count,graph,50,0.0,0.0,0.0,0.0,0.0,0.0,0.0,0.0,0.0,0.0,0.0,,0,0.0,True
dev,graph.layer_3_feature_fraction,graph,50,0.0,0.0,0.0,0.0,0.0,0.0,0.0,0.0,0.0,0.0,0.0,,0,0.0,True
dev,graph.layer_4_activation_mean,graph,50,0.0,0.0,0.0,0.0,0.0,0.0,0.0,0.0,0.0,0.0,0.0,,0,0.0,True
dev,graph.layer_4_feature_count,graph,50,0.0,0.0,0.0,0.0,0.0,0.0,0.0,0.0,0.0,0.0,0.0,,0,0.0,True
dev,graph.layer_4_feature_fraction,graph,50,0.0,0.0,0.0,0.0,0.0,0.0,0.0,0.0,0.0,0.0,0.0,,0,0.0,True
dev,graph.layer_5_activation_mean,graph,50,0.0,0.0,0.0,0.0,0.0,0.0,0.0,0.0,0.0,0.0,0.0,,0,0.0,True
dev,graph.layer_5_feature_count,graph,50,0.0,0.0,0.0,0.0,0.0,0.0,0.0,0.0,0.0,0.0,0.0,,0,0.0,True
dev,graph.layer_5_feature_fraction,graph,50,0.0,0.0,0.0,0.0,0.0,0.0,0.0,0.0,0.0,0.0,0.0,,0,0.0,True
dev,graph.layer_6_activation_mean,graph,50,0.0,0.0,0.0,0.0,0.0,0.0,0.0,0.0,0.0,0.0,0.0,,0,0.0,True
dev,graph.layer_6_feature_count,graph,50,0.0,0.0,0.0,0.0,0.0,0.0,0.0,0.0,0.0,0.0,0.0,,0,0.0,True
dev,graph.layer_6_feature_fraction,graph,50,0.0,0.0,0.0,0.0,0.0,0.0,0.0,0.0,0.0,0.0,0.0,,0,0.0,True
dev,graph.layer_7_activation_mean,graph,50,0.0,0.0,0.0,0.0,0.0,0.0,0.0,0.0,0.0,0.0,0.0,,0,0.0,True
dev,graph.layer_7_feature_count,graph,50,0.0,0.0,0.0,0.0,0.0,0.0,0.0,0.0,0.0,0.0,0.0,,0,0.0,True
dev,graph.layer_7_feature_fraction,graph,50,0.0,0.0,0.0,0.0,0.0,0.0,0.0,0.0,0.0,0.0,0.0,,0,0.0,True
dev,graph.layer_8_activation_mean,graph,50,0.0,0.0,0.0,0.0,0.0,0.0,0.0,0.0,0.0,0.0,0.0,,0,0.0,True
dev,graph.layer_8_feature_count,graph,50,0.0,0.0,0.0,0.0,0.0,0.0,0.0,0.0,0.0,0.0,0.0,,0,0.0,True
dev,graph.layer_8_feature_fraction,graph,50,0.0,0.0,0.0,0.0,0.0,0.0,0.0,0.0,0.0,0.0,0.0,,0,0.0,True
dev,graph.layer_9_activation_mean,graph,50,0.0,0.0,0.0,0.0,0.0,0.0,0.0,0.0,0.0,0.0,0.0,,0,0.0,True
dev,graph.layer_9_feature_count,graph,50,0.0,0.0,0.0,0.0,0.0,0.0,0.0,0.0,0.0,0.0,0.0,,0,0.0,True
dev,graph.layer_9_feature_fraction,graph,50,0.0,0.0,0.0,0.0,0.0,0.0,0.0,0.0,0.0,0.0,0.0,,0,0.0,True
dev,graph.layer_metadata_missing,graph,50,0.0,0.0,0.0,0.0,0.0,0.0,0.0,0.0,0.0,0.0,0.0,,0,0.0,True
dev,graph.logit_node_count,graph,50,0.0,0.0,0.0,0.0,0.0,0.0,0.0,0.0,0.0,0.0,0.0,,0,0.0,True
dev,graph.logit_probabilities_missing,graph,50,0.0,1.0,1.0,1.0,1.0,1.0,1.0,1.0,1.0,1.0,1.0,,0,0.0,True
dev,graph.node_count,graph,50,0.0,789.0,801.0,809.0,816.0,1098.0,791.0,803.75,812.5,819.75,1109.0,0.23333333333333334,1,0.02,False
dev,graph.node_influence_effective_count,graph,50,0.0,3.9224764937916277,3.9567665826787013,3.9730457950144884,3.9953779550915893,4.074854254389468,3.9115288383927695,3.9648371397683055,3.9834412744837358,4.00318217780026,4.046451759390827,0.2692336174452441,1,0.02,False
dev,graph.node_influence_hhi,graph,50,0.0,0.24540755020202046,0.250289232230703,0.25169606684494644,0.2527316393294743,0.25494097965475854,0.2471300930943373,0.24980140673528944,0.251039222455431,0.25221718310407265,0.2556545129323131,-0.26893321340488335,1,0.02,False
dev,graph.node_influence_missing,graph,50,0.0,0.0,0.0,0.0,0.0,0.0,0.0,0.0,0.0,0.0,0.0,,0,0.0,True
dev,graph.node_influence_top10_share,graph,50,0.0,0.6179505694460953,0.6349773816190112,0.6446933514414687,0.6589557951328329,0.7003319159375195,0.6246847626179743,0.6370140870237097,0.6454601909876417,0.6572897040129582,0.6906847832827394,0.03198041212072047,0,0.0,False
dev,graph.node_influence_top1_share,graph,50,0.0,0.49172575654868517,0.49615106455938873,0.4975696946728226,0.49843079999067563,0.49970017285642654,0.4933423500619265,0.495222881919021,0.4969815555887487,0.49802179904921906,0.4994990951510953,-0.2579856750052353,0,0.0,False
dev,graph.path_budget_exhausted,graph,50,0.0,0.0,0.0,0.0,0.0,0.0,0.0,0.0,0.0,0.0,0.0,,0,0.0,True
dev,graph.sampled_hop_statistics_missing,graph,50,0.0,0.0,0.0,0.0,0.0,0.0,0.0,0.0,0.0,0.0,0.0,,0,0.0,True
dev,graph.sampled_path_missing,graph,50,0.0,0.0,0.0,0.0,0.0,0.0,0.0,0.0,0.0,0.0,0.0,,0,0.0,True
dev,graph.sampled_path_source_count,graph,50,0.0,16.0,16.0,16.0,16.0,16.0,16.0,16.0,16.0,16.0,16.0,,0,0.0,True
dev,graph.sampled_reachable_max_hops,graph,50,0.0,1.0,2.0,2.0,2.0,2.0,2.0,2.0,2.0,2.0,2.0,,0,0.0,False
dev,graph.sampled_reachable_mean_hops,graph,50,0.0,1.0,1.25,1.3076923076923077,1.4166666666666667,1.6153846153846154,1.0909090909090908,1.25,1.3603896103896105,1.4285714285714286,1.6666666666666667,0.31618381618381647,3,0.06,False
dev,graph.sampled_reachable_pair_fraction,graph,50,0.0,0.5,0.625,0.75,0.8125,0.9375,0.5,0.6875,0.75,0.8125,0.9375,0.0,0,0.0,False
dev,graph.score_node_count,graph,50,0.0,1.0,1.0,1.0,1.0,1.0,1.0,1.0,1.0,1.0,1.0,,0,0.0,True
dev,graph.selected_logit_entropy,graph,50,0.0,0.0,0.0,0.0,0.0,0.0,0.0,0.0,0.0,0.0,0.0,,0,0.0,True
dev,graph.selected_logit_probability_mass,graph,50,0.0,0.0,0.0,0.0,0.0,0.0,0.0,0.0,0.0,0.0,0.0,,0,0.0,True
dev,graph.token_node_count,graph,50,0.0,691.0,700.5,708.0,715.0,999.0,692.0,703.25,711.0,717.0,1007.0,0.20689655172413793,1,0.02,False
dev,graph.top_logit_probability,graph,50,0.0,0.0,0.0,0.0,0.0,0.0,0.0,0.0,0.0,0.0,0.0,,0,0.0,True
dev,graph.weak_components,graph,50,0.0,116.0,160.5,179.0,216.0,406.0,129.0,168.25,188.5,231.25,372.0,0.17117117117117117,0,0.0,False
dev,graph.weighted_path_budget_exhausted,graph,50,0.0,0.0,0.0,0.0,0.0,0.0,0.0,0.0,0.0,0.0,0.0,,0,0.0,True
dev,graph.weighted_path_missing,graph,50,0.0,0.0,0.0,0.0,0.0,0.0,0.0,0.0,0.0,0.0,0.0,,0,0.0,True
dev,hidden.layer_0.input_mean,hidden,50,0.0,-0.00015469810750801116,0.00027606192452367395,0.0003436254628468305,0.0003984055801993236,0.0005447062430903316,-0.00024757758365012705,0.0002326831418031361,0.00034894801501650363,0.0004352342293714173,0.0005614106194116175,0.04350492994736061,4,0.08,False
dev,hidden.layer_0.input_rms,hidden,50,0.0,0.2526659071445465,0.26904064416885376,0.269583523273468,0.2701318562030792,0.2713736891746521,0.2529130280017853,0.26873989403247833,0.26943325996398926,0.2699630409479141,0.2712244689464569,-0.13770312713368837,0,0.0,False
dev,hidden.layer_0.output_mean,hidden,50,0.0,5.0744361942633986e-05,5.597196286544204e-05,5.885311111342162e-05,6.121420119598042e-05,7.386654760921374e-05,5.1938459364464507e-05,5.5418916417693254e-05,5.677671651937999e-05,5.869656888535246e-05,7.49811515561305e-05,-0.39608931588358026,1,0.02,False
dev,hidden.layer_0.output_rms,hidden,50,0.0,0.010257303714752197,0.011477196123450994,0.011527479626238346,0.011561455205082893,0.01162585150450468,0.010265683755278587,0.011473947670310736,0.011512679513543844,0.011542880907654762,0.011615650728344917,-0.17565005941031805,0,0.0,False
dev,hidden.layer_1.input_mean,hidden,50,0.0,0.0010187756270170212,0.0012885220348834991,0.0013608202571049333,0.0014923750422894955,0.002186504192650318,0.0011735542211681604,0.0013067525869701058,0.001370132842566818,0.0015077476273290813,0.002207480138167739,0.04568284559735569,1,0.02,False
dev,hidden.layer_1.input_rms,hidden,50,0.0,0.35579726099967957,0.3635186702013016,0.3641526699066162,0.36457309126853943,0.3658079504966736,0.3550059199333191,0.36348962038755417,0.3642137199640274,0.36465390026569366,0.3656613826751709,0.057899125224346745,1,0.02,False
dev,hidden.layer_1.output_mean,hidden,50,0.0,-2.4439494154648855e-05,4.3116690449096495e-06,8.807319318293594e-06,1.0209065294475295e-05,2.3288241209229454e-05,-1.9369734218344092e-05,-6.856002272570549e-07,6.539019750562147e-06,1.084463497136312e-05,1.4852284039079677e-05,-0.38462729512172616,0,0.0,False
dev,hidden.layer_1.output_rms,hidden,50,0.0,0.016499988734722137,0.01723355334252119,0.017300650477409363,0.017338812351226807,0.017461257055401802,0.016497619450092316,0.017266815528273582,0.0173142459243536,0.017384481616318226,0.017474519088864326,0.12916183718070093,2,0.04,False
dev,hidden.layer_10.input_mean,hidden,50,0.0,0.009467734023928642,0.010278740432113409,0.010660490021109581,0.0110874786041677,0.01202522125095129,0.009389414452016354,0.010283472016453743,0.010574265848845243,0.010963701410219073,0.012000280432403088,-0.10661568260753407,1,0.02,False
dev,hidden.layer_10.input_rms,hidden,50,0.0,0.8333509564399719,0.8393421173095703,0.8399445414543152,0.841044157743454,0.8443419337272644,0.8330175876617432,0.8391527384519577,0.8396210670471191,0.8399892151355743,0.842222273349762,-0.19005095340652414,1,0.02,False
dev,hidden.layer_10.output_mean,hidden,50,0.0,-0.00021662694052793086,-9.553430209052749e-05,-6.982676131883636e-05,-5.38204640179174e-05,-1.394703213009052e-05,-0.00022217132209334522,-0.00010172376642003655,-7.090251165209338e-05,-5.302855333866319e-05,-3.2353418646380305e-05,-0.025788812129550188,2,0.04,False
dev,hidden.layer_10.output_rms,hidden,50,0.0,0.05468376353383064,0.057219794020056725,0.05751146748661995,0.05776733346283436,0.058629997074604034,0.05462512746453285,0.057242835871875286,0.057390378788113594,0.057576301507651806,0.058190472424030304,-0.22115064056770015,1,0.02,False
dev,hidden.layer_11.input_mean,hidden,50,0.0,0.013909938745200634,0.01434213388711214,0.014635832980275154,0.01497260807082057,0.015607030130922794,0.013486914336681366,0.014330413425341249,0.014666155446320772,0.015028106281533837,0.015652844682335854,0.04809469892527917,5,0.1,False
dev,hidden.layer_11.input_rms,hidden,50,0.0,0.8309611678123474,0.8380435109138489,0.8387242555618286,0.8400869965553284,0.8440743684768677,0.8302988409996033,0.8377482295036316,0.8382849991321564,0.8390140682458878,0.8415594100952148,-0.21495449772488626,2,0.04,False
dev,hidden.layer_11.output_mean,hidden,50,0.0,-0.0006217194604687393,-0.0005739488988183439,-0.000545042974408716,-0.0004928263078909367,-0.00037064767093397677,-0.0006369738257490098,-0.0005827421409776434,-0.0005481485859490931,-0.0005216730933170766,-0.00033916652319021523,-0.038282943195887424,4,0.08,False
dev,hidden.layer_11.output_rms,hidden,50,0.0,0.05909851938486099,0.06258859857916832,0.06283003836870193,0.06321501359343529,0.0644388273358345,0.05892140790820122,0.06249629333615303,0.06274354457855225,0.06295881047844887,0.06350219249725342,-0.1380774537323374,2,0.04,False
dev,hidden.layer_12.input_mean,hidden,50,0.0,0.010349947027862072,0.010961925610899925,0.0112818144261837,0.01152446772903204,0.012202305719256401,0.010420484468340874,0.01112184370867908,0.011319239158183336,0.011482309084385633,0.01212043222039938,0.0665278755018418,0,0.0,False
dev,hidden.layer_12.input_rms,hidden,50,0.0,0.8305337429046631,0.8383629322052002,0.8390642404556274,0.8402676582336426,0.8446863889694214,0.8298417329788208,0.8380898088216782,0.8385871946811676,0.839501217007637,0.841562032699585,-0.25045374890474403,2,0.04,False
dev,hidden.layer_12.output_mean,hidden,50,0.0,0.00018390572222415358,0.00025543608353473246,0.00028771316283382475,0.00034484836214687675,0.0006234300672076643,0.00021299112995620817,0.0002617409481899813,0.00029476794588845223,0.0003370561098563485,0.0006633612210862339,0.07890172540205538,2,0.04,False
dev,hidden.layer_12.output_rms,hidden,50,0.0,0.05615608021616936,0.059977851808071136,0.06024615094065666,0.0605428796261549,0.06199919804930687,0.055840037763118744,0.05977323278784752,0.06017605774104595,0.06041186489164829,0.06102893501520157,-0.12405265257279617,2,0.04,False
dev,hidden.layer_13.input_mean,hidden,50,0.0,0.011333080939948559,0.012172429356724024,0.012753484770655632,0.013218329288065434,0.01444665715098381,0.011229511350393295,0.012159560108557343,0.012599081732332706,0.013266786700114608,0.01438500452786684,-0.14762697051227197,2,0.04,False
dev,hidden.layer_13.input_rms,hidden,50,0.0,0.8341428637504578,0.8416203856468201,0.842161238193512,0.843756765127182,0.8480729460716248,0.8328969478607178,0.8411325216293335,0.8418889045715332,0.8425662666559219,0.8450105786323547,-0.12747436702238962,2,0.04,False
dev,hidden.layer_13.output_mean,hidden,50,0.0,-0.00012413861986715347,-3.725921851582825e-05,1.6423658962594345e-05,5.890548163733911e-05,0.00014166887558531016,-0.0001239614502992481,-3.732693721758551e-05,1.7660560843069106e-05,6.627140646742191e-05,0.00013823597691953182,0.012862327636904938,0,0.0,False
dev,hidden.layer_13.output_rms,hidden,50,0.0,0.05655954033136368,0.059602513909339905,0.059904973953962326,0.06031922250986099,0.06130259484052658,0.05632283538579941,0.059555040672421455,0.059820156544446945,0.06002793088555336,0.060911696404218674,-0.1183429492177348,2,0.04,False
dev,hidden.layer_14.input_mean,hidden,50,0.0,0.007929450832307339,0.008984627667814493,0.009376599453389645,0.00962737062945962,0.010213238187134266,0.00754955317825079,0.008810417028144002,0.009124267380684614,0.009606573497876525,0.009981777518987656,-0.39258628684035124,2,0.04,False
dev,hidden.layer_14.input_rms,hidden,50,0.0,0.8619008660316467,0.8678495585918427,0.8685198426246643,0.8697302937507629,0.8733075857162476,0.8611315488815308,0.8673042804002762,0.8681944608688354,0.8687004745006561,0.8708425760269165,-0.17300774874419636,2,0.04,False
dev,hidden.layer_14.output_mean,hidden,50,0.0,-0.00020942767150700092,-6.156206291052513e-05,-2.573122628746205e-06,2.526109619793715e-05,0.00011488430754980072,-0.00026728282682597637,-5.5122306548582856e-05,-7.0359483288484626e-06,2.0411504010553472e-05,7.470975106116384e-05,-0.051401328239244926,3,0.06,False
dev,hidden.layer_14.output_rms,hidden,50,0.0,0.05837845057249069,0.06138516403734684,0.06177351251244545,0.062272099778056145,0.06364436447620392,0.058091968297958374,0.061216503381729126,0.06169775314629078,0.061930921860039234,0.0629645586013794,-0.08541697292983598,2,0.04,False
dev,hidden.layer_15.input_mean,hidden,50,0.0,0.010223852470517159,0.010692091658711433,0.011074532754719257,0.011679855640977621,0.012667453847825527,0.009485394693911076,0.010578354820609093,0.011096128262579441,0.01149448286741972,0.012839303351938725,0.021863024212158456,6,0.12,False
dev,hidden.layer_15.input_rms,hidden,50,0.0,0.8801658153533936,0.8876829743385315,0.8886169195175171,0.8907442688941956,0.8973099589347839,0.8792101740837097,0.8869553506374359,0.8882865011692047,0.8893322348594666,0.8929369449615479,-0.10793419003115265,2,0.04,False
dev,hidden.layer_15.output_mean,hidden,50,0.0,0.00014450144954025745,0.00028927433595526963,0.0003194150049239397,0.0003425588656682521,0.0004967488930560648,0.00020392997248563915,0.0003026201229658909,0.00033251283457502723,0.000379715085728094,0.0005033233319409192,0.2458092380966686,1,0.02,False
dev,hidden.layer_15.output_rms,hidden,50,0.0,0.06547394394874573,0.0682448297739029,0.06868351995944977,0.06953374668955803,0.07211665064096451,0.06510313600301743,0.06798726879060268,0.06864867731928825,0.06887301243841648,0.07045397162437439,-0.027032495064900533,2,0.04,False
dev,hidden.layer_16.input_mean,hidden,50,0.0,0.006555717904120684,0.00743234483525157,0.007945787161588669,0.008385952562093735,0.009590636938810349,0.00634233932942152,0.007185973459854722,0.007951389066874981,0.00839109718799591,0.009244139306247234,0.005874433615237783,4,0.08,False
dev,hidden.layer_16.input_rms,hidden,50,0.0,0.8810276389122009,0.891566127538681,0.8928647041320801,0.8957252502441406,0.9035944938659668,0.8799899816513062,0.8906553089618683,0.8923014104366302,0.8938276469707489,0.898291826248169,-0.13543570010819952,2,0.04,False
dev,hidden.layer_16.output_mean,hidden,50,0.0,-0.000133611261844635,-4.6168925109668635e-06,2.969641354866326e-05,0.00010283073788741603,0.0002555314567871392,-0.00015286596317309886,-1.428262771696609e-05,3.1140156352194026e-05,5.4227990403887816e-05,0.00018087157513946295,0.013436711430282935,2,0.04,False
dev,hidden.layer_16.output_rms,hidden,50,0.0,0.06520029902458191,0.06929149851202965,0.06983976811170578,0.0706912912428379,0.07402205467224121,0.06502124667167664,0.06919264048337936,0.06979148462414742,0.07023432664573193,0.0715903490781784,-0.03449331211377657,2,0.04,False
dev,hidden.layer_17.input_mean,hidden,50,0.0,0.009847516193985939,0.010856135282665491,0.011344549246132374,0.011793233919888735,0.012979531660676003,0.009498010389506817,0.010646121809259057,0.011246206238865852,0.011816802900284529,0.01293938234448433,-0.1049441364656401,2,0.04,False
dev,hidden.layer_17.input_rms,hidden,50,0.0,0.9007059335708618,0.9097682237625122,0.9109198451042175,0.9135888516902924,0.9203144311904907,0.9001355767250061,0.9088827967643738,0.910601794719696,0.9118330925703049,0.9158137440681458,-0.08324557913868283,2,0.04,False
dev,hidden.layer_17.output_mean,hidden,50,0.0,-0.0010077845072373748,-0.0007642224372830242,-0.0007106965640559793,-0.0006602386420127004,-0.0005836086347699165,-0.000935602467507124,-0.0007250064518302679,-0.000697632844094187,-0.000664205159409903,-0.0006215428584255278,0.12563226729540738,0,0.0,False
dev,hidden.layer_17.output_rms,hidden,50,0.0,0.07233637571334839,0.07615521177649498,0.07659237086772919,0.07718724757432938,0.07990412414073944,0.07215599715709686,0.07590599358081818,0.07649588957428932,0.07695861160755157,0.07816661894321442,-0.09348638258703774,3,0.06,False
dev,hidden.layer_18.input_mean,hidden,50,0.0,0.007025924976915121,0.008518969640135765,0.009182720445096493,0.009606835432350636,0.010427698493003845,0.006659605074673891,0.0082835853099823,0.009163311682641506,0.00962671055458486,0.01058141514658928,-0.017841136833129725,3,0.06,False
dev,hidden.layer_18.input_rms,hidden,50,0.0,0.9725770354270935,0.9767622649669647,0.9775177240371704,0.9787860214710236,0.9827157855033875,0.9724485278129578,0.976288914680481,0.9772598743438721,0.9780032336711884,0.9804953932762146,-0.12741142167113362,1,0.02,False
dev,hidden.layer_18.output_mean,hidden,50,0.0,-0.0019548353739082813,-0.0015432813088409603,-0.0014881107490509748,-0.001416080805938691,-0.001103971735574305,-0.002016791608184576,-0.0015485867334064096,-0.001478776102885604,-0.001438129460439086,-0.0012928058858960867,0.07338529292248894,2,0.04,False
dev,hidden.layer_18.output_rms,hidden,50,0.0,0.10824823379516602,0.10876719281077385,0.10895057767629623,0.10925145819783211,0.11022819578647614,0.10834238678216934,0.10871244966983795,0.10896396264433861,0.10923577100038528,0.1098460704088211,0.02763973721864086,0,0.0,False
dev,hidden.layer_19.input_mean,hidden,50,0.0,-8.755240560276434e-05,0.0014834817848168314,0.001934881554916501,0.0024934719549492,0.003420294262468815,-0.0010304171591997147,0.001516234187874943,0.002006777096539736,0.002412550267763436,0.00380767066963017,0.0711843973826123,4,0.08,False
dev,hidden.layer_19.input_rms,hidden,50,0.0,1.0149654150009155,1.0178481936454773,1.0188990831375122,1.0208503603935242,1.0267086029052734,1.0154290199279785,1.0172787010669708,1.0182337164878845,1.0196251273155212,1.0234558582305908,-0.22162881194409148,0,0.0,False
dev,hidden.layer_19.output_mean,hidden,50,0.0,0.00042650458635762334,0.000540639681275934,0.0005962576251477003,0.0006358948012348264,0.0007937055779621005,0.000419240997871384,0.0005292793794069439,0.0005593630485236645,0.000606799716479145,0.0007789810188114643,-0.3873238167140807,1,0.02,False
dev,hidden.layer_19.output_rms,hidden,50,0.0,0.12241172045469284,0.12522108107805252,0.12572331726551056,0.12690308690071106,0.13008928298950195,0.12242855876684189,0.1250600963830948,0.12573421746492386,0.12614857032895088,0.1274937093257904,0.006480476622887644,0,0.0,False
dev,hidden.layer_2.input_mean,hidden,50,0.0,0.0013042022474110126,0.0017001688247546554,0.0018412285717204213,0.002037556143477559,0.002780435374006629,0.0015553213888779283,0.001744820678140968,0.001877762086223811,0.002103470964357257,0.0028341657016426325,0.10828360307577115,2,0.04,False
dev,hidden.layer_2.input_rms,hidden,50,0.0,0.42722466588020325,0.4395347982645035,0.44084998965263367,0.4413689523935318,0.44230079650878906,0.42752978205680847,0.43989161401987076,0.4403950870037079,0.4411926344037056,0.4420159161090851,-0.2480176784089432,0,0.0,False
dev,hidden.layer_2.output_mean,hidden,50,0.0,-0.0004715434042736888,-0.000452921973192133,-0.000447877828264609,-0.0004435341397766024,-0.0004362208128441125,-0.00047063815873116255,-0.0004556702479021624,-0.00045124953612685204,-0.0004460480122361332,-0.0004418145981617272,-0.3591571892046062,0,0.0,False
dev,hidden.layer_2.output_rms,hidden,50,0.0,0.03401051089167595,0.03422984294593334,0.03427816182374954,0.034344734624028206,0.034497544169425964,0.03399651125073433,0.034246115013957024,0.03431270271539688,0.03437285125255585,0.034529909491539,0.30063876009208523,3,0.06,False
dev,hidden.layer_20.input_mean,hidden,50,0.0,-0.0009371473570354283,0.0006891657831147313,0.001164839486591518,0.0015450259088538587,0.002279470907524228,-0.0015749437734484673,0.0006594980222871527,0.0010241307318210602,0.0014406316040549427,0.0025930660776793957,-0.16440625113705418,3,0.06,False
dev,hidden.layer_20.input_rms,hidden,50,0.0,1.0280393362045288,1.0384051203727722,1.0397825241088867,1.0434457659721375,1.0521718263626099,1.0299592018127441,1.0376166701316833,1.0390313267707825,1.041204035282135,1.0479174852371216,-0.14902800113518117,0,0.0,False
dev,hidden.layer_20.output_mean,hidden,50,0.0,0.0009800863917917013,0.0010730845388025045,0.00111389032099396,0.0011888411245308816,0.001315960311330855,0.0010071528377011418,0.001078092842362821,0.0011297528981231153,0.0011698436283040792,0.001352945575490594,0.13703390635913315,2,0.04,False
dev,hidden.layer_20.output_rms,hidden,50,0.0,0.10016673058271408,0.10603898391127586,0.10659554600715637,0.10810285806655884,0.11160538345575333,0.1010027527809143,0.1056555937975645,0.10627312958240509,0.10682179220020771,0.1092856153845787,-0.1562190329899624,0,0.0,False
dev,hidden.layer_21.input_mean,hidden,50,0.0,0.0020877395290881395,0.004132671281695366,0.004521530121564865,0.004957330180332065,0.005796828772872686,0.001828099018894136,0.0040057842852547765,0.004403790226206183,0.004779224982485175,0.005814129486680031,-0.1427740554953396,3,0.06,False
dev,hidden.layer_21.input_rms,hidden,50,0.0,1.0326532125473022,1.0428133606910706,1.044257402420044,1.0485925674438477,1.0587722063064575,1.0341227054595947,1.0419644713401794,1.0437228679656982,1.0460579097270966,1.0531986951828003,-0.09249270310131086,0,0.0,False
dev,hidden.layer_21.output_mean,hidden,50,0.0,-0.0005263558705337346,-0.00041820456681307405,-0.0003588708641473204,-0.0003155401354888454,-0.00024031239445321262,-0.0005930441548116505,-0.00041496468475088477,-0.00035584317811299115,-0.00030623667407780886,-0.00018538588483352214,0.029491090490409277,4,0.08,False
dev,hidden.layer_21.output_rms,hidden,50,0.0,0.10352575033903122,0.11042290180921555,0.11117473989725113,0.11257476732134819,0.11580333858728409,0.10390406847000122,0.11057262867689133,0.11132947728037834,0.11206270754337311,0.11403769254684448,0.0719084823167491,0,0.0,False
dev,hidden.layer_22.input_mean,hidden,50,0.0,0.0025784573517739773,0.0034711749758571386,0.003842471167445183,0.004029586678370833,0.004824896343052387,0.002751449588686228,0.0034939853940159082,0.003742824075743556,0.004092538496479392,0.0048652347177267075,-0.17844735569305692,1,0.02,False
dev,hidden.layer_22.input_rms,hidden,50,0.0,1.134577751159668,1.1389331221580505,1.1399834156036377,1.1429604887962341,1.1501708030700684,1.135216236114502,1.1388192772865295,1.1397714018821716,1.1412662863731384,1.147021770477295,-0.052643263083116267,0,0.0,False
dev,hidden.layer_22.output_mean,hidden,50,0.0,-0.00034867474460043013,-0.00014626572374254465,5.449487434816547e-05,0.00011038069351343438,0.0002190487866755575,-0.00033162624458782375,-1.6012373180274153e-05,7.502226071665064e-05,0.00013446592129184864,0.00024401737027801573,0.0799831401815797,2,0.04,False
dev,hidden.layer_22.output_rms,hidden,50,0.0,0.1426541805267334,0.15351445972919464,0.15429818630218506,0.1557316780090332,0.15996548533439636,0.14291834831237793,0.15305441617965698,0.1541263610124588,0.15478084236383438,0.15801770985126495,-0.07749588359823918,0,0.0,False
dev,hidden.layer_23.input_mean,hidden,50,0.0,-0.0010558280628174543,0.0010641245753504336,0.0016841505421325564,0.002093614893965423,0.0026496511418372393,-0.0011440458474680781,0.0011745052761398256,0.0016794923576526344,0.0021466391044668853,0.0028489744290709496,-0.0045247482134546735,6,0.12,False
dev,hidden.layer_23.input_rms,hidden,50,0.0,1.0713976621627808,1.0868685841560364,1.0879110097885132,1.0931200981140137,1.1048585176467896,1.0735468864440918,1.0852906703948975,1.0872195959091187,1.0905292928218842,1.0972861051559448,-0.1105994298408703,0,0.0,False
dev,hidden.layer_23.output_mean,hidden,50,0.0,0.0014725819928571582,0.001583718170877546,0.0016494746087118983,0.0017057909863069654,0.0018384454306215048,0.001502415630966425,0.0016250808839686215,0.0016641211113892496,0.0016950051067396998,0.0017855484038591385,0.11998168982855671,0,0.0,False
dev,hidden.layer_23.output_rms,hidden,50,0.0,0.1272381693124771,0.13557660579681396,0.13638697564601898,0.13778913021087646,0.1426144689321518,0.12829476594924927,0.13551099970936775,0.13621384650468826,0.13719581440091133,0.14125670492649078,-0.07824959590517241,0,0.0,False
dev,hidden.layer_24.input_mean,hidden,50,0.0,0.003136049723252654,0.005333917681127787,0.00568504398688674,0.006058766273781657,0.0069514852948486805,0.0032351193949580193,0.0053875192534178495,0.005711025791242719,0.006103999796323478,0.006894246209412813,0.03584445720016151,0,0.0,False
dev,hidden.layer_24.input_rms,hidden,50,0.0,1.068570852279663,1.0917954444885254,1.0932999849319458,1.0994775891304016,1.1136791706085205,1.071595311164856,1.0902958512306213,1.0924306511878967,1.096480280160904,1.1053098440170288,-0.11316289715637971,0,0.0,False
dev,hidden.layer_24.output_mean,hidden,50,0.0,0.0008977195248007774,0.0010383419576101005,0.0011209814110770822,0.0011615768307819963,0.001257411320693791,0.0008741378551349044,0.0010168717126362026,0.001060890092048794,0.0011124821030534804,0.001171164563857019,-0.48761618754188985,1,0.02,False
dev,hidden.layer_24.output_rms,hidden,50,0.0,0.10680869966745377,0.11758450791239738,0.11864861845970154,0.119814682751894,0.12571893632411957,0.10754809528589249,0.11759867519140244,0.11825137585401535,0.11909208819270134,0.12296771258115768,-0.1781217322745207,0,0.0,False
dev,hidden.layer_25.input_mean,hidden,50,0.0,0.005814775824546814,0.008448425214737654,0.008809832856059074,0.009089411236345768,0.009741958230733871,0.005907462909817696,0.008205119287595153,0.0086091966368258,0.009045583195984364,0.009965525940060616,-0.31301184810538557,3,0.06,False
dev,hidden.layer_25.input_rms,hidden,50,0.0,1.1077353954315186,1.1325042843818665,1.1344773769378662,1.1407087445259094,1.155854344367981,1.1100082397460938,1.130976915359497,1.133619785308838,1.1375400125980377,1.1476075649261475,-0.10452749041032199,0,0.0,False
dev,hidden.layer_25.output_mean,hidden,50,0.0,-7.652192289242521e-05,-6.004041097185109e-06,3.859703065245412e-05,0.00011788684787461534,0.0005020813550800085,-5.9190144384047017e-05,1.0833100532181561e-05,5.56133618374588e-05,0.0001134608519350877,0.0004888815456070006,0.13734933477535918,0,0.0,False
dev,hidden.layer_25.output_rms,hidden,50,0.0,0.11299560219049454,0.12238699942827225,0.1236809566617012,0.12505073472857475,0.13098159432411194,0.11345554888248444,0.12271653860807419,0.12340586259961128,0.12423412688076496,0.1283210813999176,-0.1032737982856927,0,0.0,False
dev,hidden.layer_26.input_mean,hidden,50,0.0,0.006831065285950899,0.007988860365003347,0.008317832835018635,0.008641093503683805,0.009969999082386494,0.00715550547465682,0.007881264667958021,0.008286291267722845,0.008572002872824669,0.009632499888539314,-0.04835934488027073,0,0.0,False
dev,hidden.layer_26.input_rms,hidden,50,0.0,1.1699438095092773,1.1929125785827637,1.1949266195297241,1.2010117173194885,1.2159603834152222,1.171852707862854,1.1917859315872192,1.1943548321723938,1.1981291770935059,1.2083097696304321,-0.07059853842700599,0,0.0,False
dev,hidden.layer_26.output_mean,hidden,50,0.0,-0.001510645728558302,-0.0009195145103149116,-0.0007947142003104091,-0.0006832073850091547,-0.00045750977005809546,-0.0014245680067688227,-0.0009577879391144961,-0.0008445274143014103,-0.0007720695866737515,-0.0006284161354415119,-0.21079861187659116,0,0.0,False
dev,hidden.layer_26.output_rms,hidden,50,0.0,0.1669122278690338,0.1838701143860817,0.1852511763572693,0.1867080107331276,0.19059480726718903,0.16737022995948792,0.18412131071090698,0.18534234911203384,0.18599943071603775,0.18926791846752167,0.032126879778207176,0,0.0,False
dev,hidden.layer_27.input_mean,hidden,50,0.0,0.010997298173606396,0.014224173035472631,0.014626768417656422,0.0149450171738863,0.016149844974279404,0.01140830758959055,0.013927236665040255,0.014351310674101114,0.01487893145531416,0.0159240011125803,-0.3821321820851537,0,0.0,False
dev,hidden.layer_27.input_rms,hidden,50,0.0,1.1974109411239624,1.2197732329368591,1.2214897871017456,1.2273346781730652,1.2404340505599976,1.1987383365631104,1.2186996638774872,1.2210503816604614,1.2237522304058075,1.2330284118652344,-0.05811130379946398,0,0.0,False
dev,hidden.layer_27.output_mean,hidden,50,0.0,0.0011345414677634835,0.0017521375557407737,0.0018461088184267282,0.001944141578860581,0.0021346586290746927,0.0012472482630982995,0.0017597880505491048,0.001868666906375438,0.0019514768209774047,0.0020958806853741407,0.11748757959427686,0,0.0,False
dev,hidden.layer_27.output_rms,hidden,50,0.0,0.1702803373336792,0.1848875656723976,0.1865260750055313,0.18848637491464615,0.19577039778232574,0.17089103162288666,0.18524279817938805,0.1860513612627983,0.18713613972067833,0.19071067869663239,-0.13190855940905627,0,0.0,False
dev,hidden.layer_28.input_mean,hidden,50,0.0,0.00733461556956172,0.013404519762843847,0.014043333940207958,0.014776112046092749,0.016123274341225624,0.007674726191908121,0.013005269225686789,0.01384192518889904,0.014350496465340257,0.015665166079998016,-0.1468430187080373,0,0.0,False
dev,hidden.layer_28.input_rms,hidden,50,0.0,1.1929905414581299,1.213077962398529,1.2145767211914062,1.2196998000144958,1.2325772047042847,1.1946340799331665,1.2124169170856476,1.2144526839256287,1.2168543338775635,1.2264630794525146,-0.018731547490458703,0,0.0,False
dev,hidden.layer_28.output_mean,hidden,50,0.0,-0.00045278447214514017,-0.00031516022863797843,-0.00023856840562075377,-0.0001584060228196904,-6.885274615342496e-06,-0.00046653798199258745,-0.00034014522680081427,-0.00027137211873196065,-0.00020956875960109755,4.453961082617752e-05,-0.20926847187266845,2,0.04,False
dev,hidden.layer_28.output_rms,hidden,50,0.0,0.18886098265647888,0.1969112902879715,0.19880719482898712,0.2007116973400116,0.20753440260887146,0.1904129534959793,0.19709893688559532,0.19834650307893753,0.19977489486336708,0.2064225673675537,-0.12122168592500814,0,0.0,False
dev,hidden.layer_29.input_mean,hidden,50,0.0,0.01191895641386509,0.015099974814802408,0.015541130676865578,0.016105052083730698,0.017169149592518806,0.012645465321838856,0.015044179279357195,0.01525958115234971,0.0157851604744792,0.01709393970668316,-0.2801272431681622,0,0.0,False
dev,hidden.layer_29.input_rms,hidden,50,0.0,1.2591100931167603,1.2718724012374878,1.2729936838150024,1.2768608331680298,1.285902976989746,1.2602460384368896,1.2715978622436523,1.2730643153190613,1.2746941149234772,1.2820194959640503,0.014159059408306649,0,0.0,False
dev,hidden.layer_29.output_mean,hidden,50,0.0,-0.0019082063809037209,-0.0016457302845083177,-0.001534022274427116,-0.0014221244491636753,-0.0011985055170953274,-0.0017420403892174363,-0.001621732342755422,-0.0015426450408995152,-0.0014255214191507548,-0.0012283478863537312,-0.038562349945425234,0,0.0,False
dev,hidden.layer_29.output_rms,hidden,50,0.0,0.2302217334508896,0.24221106618642807,0.24337048828601837,0.2467590570449829,0.2537587583065033,0.2311277985572815,0.24183420836925507,0.2432565987110138,0.24450479075312614,0.25285640358924866,-0.02504173349213084,0,0.0,False
dev,hidden.layer_3.input_mean,hidden,50,0.0,-0.0006360083934850991,-0.00029336492298170924,-0.00017704462516121566,0.00011794645615736954,0.0005785904941149056,-0.0006677244673483074,-0.0004026727983728051,-0.0001808336455724202,-6.221794137672987e-05,0.0006601896020583808,-0.009212048592322913,4,0.08,False
dev,hidden.layer_3.input_rms,hidden,50,0.0,0.47148752212524414,0.4929482191801071,0.4940246045589447,0.4947569817304611,0.49608972668647766,0.47141385078430176,0.4927680864930153,0.49364885687828064,0.49409034103155136,0.49509114027023315,-0.20773742832663283,1,0.02,False
dev,hidden.layer_3.output_mean,hidden,50,0.0,-0.00018052925588563085,-0.0001622829440748319,-0.00015850274940021336,-0.00014856384950689971,-8.378596976399422e-05,-0.0001830904366215691,-0.0001723298992146738,-0.00016520769713679329,-0.0001455473611713387,-8.878136577550322e-05,-0.4887310677376961,2,0.04,False
dev,hidden.layer_3.output_rms,hidden,50,0.0,0.02604803256690502,0.028770148754119873,0.028879616409540176,0.02893116232007742,0.029030805453658104,0.026115555316209793,0.02871124166995287,0.02882188931107521,0.028889525216072798,0.029005777090787888,-0.3585231972328747,0,0.0,False
dev,hidden.layer_30.input_mean,hidden,50,0.0,0.00869318749755621,0.011755803599953651,0.012252576649188995,0.012721359729766846,0.013672319240868092,0.009651078842580318,0.011624041246250272,0.011918832082301378,0.01245852978900075,0.013697633519768715,-0.3456500938502524,1,0.02,False
dev,hidden.layer_30.input_rms,hidden,50,0.0,1.2460150718688965,1.254260003566742,1.255365252494812,1.2582951784133911,1.2654751539230347,1.2469602823257446,1.2541840374469757,1.255169153213501,1.2563591599464417,1.262325406074524,-0.04859746820484793,0,0.0,False
dev,hidden.layer_30.output_mean,hidden,50,0.0,-0.004049506038427353,-0.0034375902032479644,-0.0031864179763942957,-0.003015393507666886,-0.002682256978005171,-0.0038536798674613237,-0.003350177896209061,-0.0031564851524308324,-0.0029796771705150604,-0.0025082428473979235,0.07089781676823904,2,0.04,False
dev,hidden.layer_30.output_rms,hidden,50,0.0,0.31761834025382996,0.3302784860134125,0.3321262001991272,0.33619843423366547,0.3464723825454712,0.31922289729118347,0.3313395231962204,0.3322088122367859,0.3340074494481087,0.3412114679813385,0.013954858148262816,0,0.0,False
dev,hidden.layer_31.input_mean,hidden,50,0.0,0.01160159520804882,0.012573609594255686,0.012957804836332798,0.013135001994669437,0.014188684523105621,0.011434240266680717,0.012649364303797483,0.01296249683946371,0.013184316689148545,0.014325412921607494,0.00835779595066611,3,0.06,False
dev,hidden.layer_31.input_rms,hidden,50,0.0,1.1501988172531128,1.15951007604599,1.1603517532348633,1.1623538136482239,1.1676989793777466,1.1504651308059692,1.159397155046463,1.1601890921592712,1.1609781980514526,1.164397954940796,-0.057199748480402435,0,0.0,False
dev,hidden.layer_31.output_mean,hidden,50,0.0,-0.018298741430044174,-0.017335357144474983,-0.017146088182926178,-0.016926213167607784,-0.01629401184618473,-0.017814572900533676,-0.017267475370317698,-0.017122454941272736,-0.01694137044250965,-0.01661224104464054,0.05776265322149255,0,0.0,False
dev,hidden.layer_31.output_rms,hidden,50,0.0,0.8634429574012756,0.9062467813491821,0.9158471822738647,0.9345691800117493,1.0277893543243408,0.8932185769081116,0.9080773591995239,0.9175816476345062,0.9288252145051956,1.0156352519989014,0.06124005884197478,0,0.0,False
dev,hidden.layer_4.input_mean,hidden,50,0.0,0.005359018221497536,0.005687035387381911,0.005827572662383318,0.0059662023559212685,0.00648756418377161,0.005344697739928961,0.005592631874606013,0.00573518848977983,0.005877160467207432,0.006291283294558525,-0.33092802163112495,1,0.02,False
dev,hidden.layer_4.input_rms,hidden,50,0.0,0.6534102559089661,0.665865033864975,0.6666445732116699,0.6670963764190674,0.6683295369148254,0.6532495617866516,0.665547326207161,0.6661418974399567,0.6668021827936172,0.6674740314483643,-0.4082338988793959,1,0.02,False
dev,hidden.layer_4.output_mean,hidden,50,0.0,-0.00021560571622103453,-0.0002021967084147036,-0.00018540123710408807,-0.00016649490862619132,-0.0001248665212187916,-0.0002183561446145177,-0.00019130398868583143,-0.00018276979244546965,-0.00016330203652614728,-0.00013644873979501426,0.07370621857179133,2,0.04,False
dev,hidden.layer_4.output_rms,hidden,50,0.0,0.0300523079931736,0.03285310044884682,0.033011969178915024,0.033134449273347855,0.033340729773044586,0.03009144216775894,0.03272247314453125,0.03291257098317146,0.032999093644320965,0.033234644681215286,-0.3532916688734707,0,0.0,False
dev,hidden.layer_5.input_mean,hidden,50,0.0,0.00046443904284387827,0.000702495570294559,0.000901755120139569,0.0014465265558101237,0.0023594731464982033,0.00026938709197565913,0.0006959426827961579,0.0009146193915512413,0.0011688187660183758,0.0025079932529479265,0.017289967302582348,7,0.14,False
dev,hidden.layer_5.input_rms,hidden,50,0.0,0.7336916327476501,0.7431568503379822,0.7443750500679016,0.7454254031181335,0.7471150159835815,0.7337825298309326,0.7428837418556213,0.743632972240448,0.7444510012865067,0.7450684905052185,-0.32711508145034157,0,0.0,False
dev,hidden.layer_5.output_mean,hidden,50,0.0,-4.103703031432815e-05,0.00016325381875503808,0.00018569020903669298,0.00022867163352202624,0.0002850224555004388,-2.84568450297229e-05,0.00016063464499893598,0.00017639070574659854,0.00021008369731134735,0.0002683938655536622,-0.1421555171663614,0,0.0,False
dev,hidden.layer_5.output_rms,hidden,50,0.0,0.03907628357410431,0.04288272559642792,0.04306385666131973,0.0435190387070179,0.044519275426864624,0.03911740332841873,0.04285898059606552,0.043017974123358727,0.04314898047596216,0.04374826326966286,-0.07210685619610208,0,0.0,False
dev,hidden.layer_6.input_mean,hidden,50,0.0,0.010400746949017048,0.011413180734962225,0.011620225384831429,0.011929251719266176,0.012889073230326176,0.010391655378043652,0.011349886888638139,0.011628359090536833,0.011855707503855228,0.012801616452634335,0.015760827391554644,1,0.02,False
dev,hidden.layer_6.input_rms,hidden,50,0.0,0.8571165800094604,0.8638999462127686,0.8642386198043823,0.8653826117515564,0.8676528930664062,0.8572757244110107,0.8637662976980209,0.8641344904899597,0.8644930422306061,0.8654932379722595,-0.07023115577889447,0,0.0,False
dev,hidden.layer_6.output_mean,hidden,50,0.0,0.00011557726975297555,0.0002773238666122779,0.00029839761555194855,0.00032078096410259604,0.00037778011756017804,0.00011097384413005784,0.0002691295667318627,0.00029467244166880846,0.0003102773189311847,0.00035076687345281243,-0.08572072453688434,1,0.02,False
dev,hidden.layer_6.output_rms,hidden,50,0.0,0.052780069410800934,0.05513560399413109,0.05529684200882912,0.05555386655032635,0.05636122077703476,0.05274582654237747,0.05508892051875591,0.055288828909397125,0.05545506626367569,0.055822115391492844,-0.01915806068055203,1,0.02,False
dev,hidden.layer_7.input_mean,hidden,50,0.0,0.010747207328677177,0.011138095986098051,0.01134984940290451,0.011550260707736015,0.012151801027357578,0.010989075526595116,0.011262641288340092,0.01143721491098404,0.011579615529626608,0.012026311829686165,0.2119674574095854,0,0.0,False
dev,hidden.layer_7.input_rms,hidden,50,0.0,0.8004317879676819,0.8133310377597809,0.8139351010322571,0.8163359463214874,0.8213615417480469,0.8008495569229126,0.8135239034891129,0.8139997124671936,0.8146308660507202,0.8175553679466248,0.02150196374023089,0,0.0,False
dev,hidden.layer_7.output_mean,hidden,50,0.0,3.002694393217098e-05,9.556959048495628e-05,0.00012341364345047623,0.00014085967268329114,0.00027836699155159295,2.791876431729179e-05,9.76505998551147e-05,0.00010715177995734848,0.00012134314238210209,0.0001569597516208887,-0.359060145263451,1,0.02,False
dev,hidden.layer_7.output_rms,hidden,50,0.0,0.05126892402768135,0.05602676793932915,0.05626598000526428,0.05708114989101887,0.0587373785674572,0.05138549208641052,0.05610198341310024,0.0562953595072031,0.05641085095703602,0.05733894184231758,0.02786419275456792,0,0.0,False
dev,hidden.layer_8.input_mean,hidden,50,0.0,0.011909984983503819,0.014167943503707647,0.014540664851665497,0.015065734274685383,0.016576169058680534,0.01217080932110548,0.014193852664902806,0.014520502183586359,0.014845958910882473,0.016034144908189774,-0.02245809238736073,0,0.0,False
dev,hidden.layer_8.input_rms,hidden,50,0.0,0.8017079830169678,0.813208669424057,0.8141544461250305,0.816489964723587,0.8224071860313416,0.8018123507499695,0.8135421872138977,0.8140425086021423,0.8145455867052078,0.8181763291358948,-0.034113821728942256,0,0.0,False
dev,hidden.layer_8.output_mean,hidden,50,0.0,-0.0006269069854170084,-0.0005645703931804746,-0.0005422308458946645,-0.000499302870593965,-0.00034353166120126843,-0.0005744976224377751,-0.0005435414932435378,-0.0005221070896368474,-0.0004819354726350866,-0.0003332760534249246,0.3083272577282811,2,0.04,False
dev,hidden.layer_8.output_rms,hidden,50,0.0,0.048132944852113724,0.05238802172243595,0.05270380526781082,0.05330408364534378,0.05487363040447235,0.04823339357972145,0.05242368299514055,0.05259489826858044,0.052812227979302406,0.053745534271001816,-0.11888606709542565,0,0.0,False
dev,hidden.layer_9.input_mean,hidden,50,0.0,0.009025119245052338,0.009449031203985214,0.009627606719732285,0.009982443880289793,0.01070268452167511,0.009124018251895905,0.009451319463551044,0.00968970824033022,0.010023501934483647,0.011092325672507286,0.11642303109136225,2,0.04,False
dev,hidden.layer_9.input_rms,hidden,50,0.0,0.7963388562202454,0.8077427446842194,0.8085591793060303,0.8106754124164581,0.8163716197013855,0.7966563105583191,0.80789515376091,0.8082892894744873,0.8087175637483597,0.8120913505554199,-0.09202877931791391,0,0.0,False
dev,hidden.layer_9.output_mean,hidden,50,0.0,0.00013399457384366542,0.0002617973805172369,0.00030406954465433955,0.0003230220318073407,0.0004163836420048028,0.0001282955054193735,0.00025886793446261436,0.0002994714741362259,0.0003181581196258776,0.0003735529608093202,-0.07510162036409825,2,0.04,False
dev,hidden.layer_9.output_rms,hidden,50,0.0,0.04835169017314911,0.051797691732645035,0.052035167813301086,0.0524956788867712,0.053984902799129486,0.048561908304691315,0.051828556694090366,0.05195629596710205,0.05212171096354723,0.05287209898233414,-0.11299899393962036,0,0.0,False
dev,sampling.completion_count,sampling,50,0.0,32.0,36.0,45.0,50.0,52.0,32.0,40.0,46.0,50.0,52.0,0.07142857142857142,0,0.0,False
dev,sampling.mean_entropy,sampling,50,0.0,0.05376614660632854,0.1118442034234806,0.13376716509157296,0.16394540993725415,0.2327300412580371,0.056281160490185604,0.11704370162703774,0.14192401530409682,0.15635644068080995,0.21889420226216316,0.1565577989133034,0,0.0,False
dev,sampling.mean_logprob,sampling,50,0.0,-0.27251938660629094,-0.16931669902169344,-0.12901574525297904,-0.10883393921642279,-0.03762569810662951,-0.29065509177744386,-0.1765407641555952,-0.14147053729742765,-0.10951543780005708,-0.07132381409406661,-0.20592301152506692,1,0.02,False
dev,sampling.min_logprob,sampling,50,0.0,-3.797807216644287,-2.3335742950439453,-1.8626413345336914,-1.2920029163360596,-0.7570966482162476,-3.0745420455932617,-2.4625682830810547,-2.023610234260559,-1.4267680644989014,-0.7043346762657166,-0.15454428089849834,1,0.02,False
full_all_candidates,graph.activation_max,graph,239,0.036290322580645164,6.879843235015869,7.823474407196045,8.186887741088867,8.555687427520752,10.386173248291016,6.456315994262695,7.922881126403809,8.507219314575195,8.942124366760254,13.042732238769531,0.4374841263328996,34,0.14225941422594143,False
full_all_candidates,graph.activation_mean,graph,239,0.036290322580645164,6.692624409993489,7.260957309177943,7.438002872467041,7.699861749013265,8.400646209716797,6.456315994262695,7.211528480052948,7.499136845270793,7.848805606365204,9.941026329994202,0.13928766094662823,30,0.12552301255230125,False
full_all_candidates,graph.activation_missing,graph,239,0.036290322580645164,0.0,0.0,0.0,0.0,0.0,0.0,0.0,0.0,0.0,0.0,,0,0.0,True
full_all_candidates,graph.activation_q50,graph,239,0.036290322580645164,6.534737586975098,7.045977354049683,7.379246711730957,7.66068172454834,8.43862771987915,6.456315994262695,7.080253720283508,7.364563465118408,7.665085554122925,9.747570037841797,-0.023886680032285376,12,0.0502092050209205,False
full_all_candidates,graph.activation_q90,graph,239,0.036290322580645164,6.842477321624756,7.694790196418762,8.064454364776612,8.263207721710206,9.835565376281739,6.456315994262695,7.73988242149353,8.253876686096191,8.696603441238404,12.191361236572266,0.3332450406458831,34,0.14225941422594143,False
full_all_candidates,graph.activation_q99,graph,239,0.036290322580645164,6.876106643676758,7.811902914047241,8.17111415863037,8.544005966186523,10.331112461090088,6.456315994262695,7.910374386310577,8.486931219100953,8.89599264383316,12.956451206207275,0.4313833408394239,34,0.14225941422594143,False
full_all_candidates,graph.activation_std,graph,239,0.036290322580645164,0.0,0.3702107800870539,0.5234408813695781,0.6573177856540461,1.3383298070574934,0.0,0.43897760008662146,0.6326614792760196,0.8264422762253636,2.5210374168026077,0.38041773899159154,26,0.1087866108786611,False
full_all_candidates,graph.degree_max,graph,239,0.036290322580645164,413.0,445.0,462.0,490.5,566.0,479.0,546.0,570.0,604.0,778.0,2.3736263736263736,131,0.5481171548117155,False
full_all_candidates,graph.degree_mean,graph,239,0.036290322580645164,2.131812420785805,3.9597723699246483,4.810752688172043,5.439000429790631,8.517967781908302,1.691808596918086,4.080313726393058,4.890424481737414,5.913359152498668,9.45595353339787,0.05386038551255529,6,0.02510460251046025,False
full_all_candidates,graph.degree_std,graph,239,0.036290322580645164,21.189120397136776,28.38649762695087,30.998353968190802,33.08902378121156,42.44514631187392,21.02423749533385,32.1671141263232,34.70589416148629,38.376668825953004,50.491929002282234,0.7884145822211538,16,0.06694560669456066,False
full_all_candidates,graph.density,graph,239,0.036290322580645164,0.0012159537163951935,0.0023577314812156997,0.0026722826722826725,0.0033294598389032944,0.00528409912029051,0.0006866106318661064,0.0019660491307481997,0.002376037500537565,0.002807718878588157,0.0045813728359485805,-0.3048641828772775,5,0.02092050209205021,False
full_all_candidates,graph.edge_abs_effective_count,graph,239,0.036290322580645164,63.735127305726955,151.91938808310016,194.4104572219177,240.4586867717731,408.307886177182,59.567664590687045,184.01277311085977,229.26163985836203,271.1728575309446,454.8458991734746,0.39362388399969245,5,0.02092050209205021,False
full_all_candidates,graph.edge_abs_hhi,graph,239,0.036290322580645164,0.0024491322206940127,0.00415872070495234,0.005143756227364403,0.00658250130668423,0.015689934927142515,0.0021985468085282396,0.0036876848952077136,0.0043618286976303605,0.0054344355150699065,0.016787631458634395,-0.3226065631416156,5,0.02092050209205021,False
full_all_candidates,graph.edge_abs_sum,graph,239,0.036290322580645164,21.06572769957711,66.14592803421692,87.04732276244613,108.28738190051081,207.96408171777148,20.494988416990964,79.75662486061628,106.15244678490853,135.60138333466602,221.6264980098931,0.4533570218787185,2,0.008368200836820083,False
full_all_candidates,graph.edge_abs_top10_share,graph,239,0.036290322580645164,0.07500045744676678,0.12038390205150434,0.1381740958670518,0.1706262329824837,0.30900744850327544,0.07291468602451927,0.10951840837409649,0.1251441841650798,0.1496270838006028,0.3085089655187967,-0.25934130563870317,2,0.008368200836820083,False
full_all_candidates,graph.edge_abs_top1_share,graph,239,0.036290322580645164,0.009326836934978024,0.016150994824215503,0.01980054003794312,0.02423867289383109,0.05333705670523701,0.008423826829959532,0.014559386874643627,0.017715330347828556,0.02135356859445539,0.07839155396029025,-0.25782550593209697,6,0.02510460251046025,False
full_all_candidates,graph.edge_count,graph,239,0.036290322580645164,841.0,1609.5,1975.0,2263.0,3437.0,998.0,2093.0,2521.0,3118.0,4884.0,0.8355011476664116,34,0.14225941422594143,False
full_all_candidates,graph.edge_negative_abs_sum,graph,239,0.036290322580645164,10.724576044274727,34.263029113033554,43.57617456233129,56.5085974085232,105.64585712342523,8.793995836516842,41.02751344410353,56.09267705048842,73.25216956985241,115.55092558875913,0.5626515053200456,7,0.029288702928870293,False
full_all_candidates,graph.edge_negative_fraction,graph,239,0.036290322580645164,0.4611579866162351,0.4876523672741428,0.5022727272727273,0.5166900101910162,0.5333653384541527,0.4593392630241423,0.49360248940118806,0.5055334218680833,0.5174469002445603,0.5605,0.11229198611920348,10,0.04184100418410042,False
full_all_candidates,graph.edge_positive_sum,graph,239,0.036290322580645164,10.341151655302383,32.60238956033572,43.159833651880035,53.30887921321846,102.31822459434625,10.413691112073138,38.02110391260794,49.64466184130288,61.8659188705642,106.07557242113398,0.31317853958505376,1,0.0041841004184100415,False
full_all_candidates,graph.edge_signed_mean,graph,239,0.036290322580645164,-0.007713904300887694,-0.0022067991469228126,-0.0005694853999423646,0.0009608090877023138,0.003907687470578262,-0.009901877463347059,-0.0039982903966213675,-0.002129605554276459,-0.0001640299189451822,0.006953059134676724,-0.4925230769640073,14,0.058577405857740586,False
full_all_candidates,graph.edge_signed_std,graph,239,0.036290322580645164,0.08314971039326452,0.12204744876822966,0.13853561613559584,0.15990547674276795,0.1832323065017943,0.07615689720416884,0.11378287776115693,0.13734808935110385,0.15021201785997615,0.19513889065047813,-0.03136789864730075,7,0.029288702928870293,False
full_all_candidates,graph.edge_signed_sum,graph,239,0.036290322580645164,-20.40327687584795,-4.423975394049194,-1.1336887072829995,1.9849084141897038,9.744925454171607,-28.10152824097895,-11.308025017642649,-5.158423351414967,-0.4139631381840445,6.946106075542048,-0.6279930740760189,10,0.04184100418410042,False
full_all_candidates,graph.empty_after_pruning,graph,239,0.036290322580645164,0.0,0.0,0.0,0.0,0.0,0.0,0.0,0.0,0.0,0.0,,0,0.0,True
full_all_candidates,graph.error_influence_fraction,graph,239,0.036290322580645164,0.36571533715211924,0.39979109277507263,0.40596307643505064,0.4130495276278836,0.4294728149030215,0.3648158478846255,0.3984263099533484,0.4063690289098942,0.41299672850409036,0.4330237252975926,0.030618431161010908,2,0.008368200836820083,False
full_all_candidates,graph.error_node_count,graph,239,0.036290322580645164,96.0,96.0,96.0,96.0,96.0,96.0,96.0,96.0,96.0,96.0,,0,0.0,True
full_all_candidates,graph.feature_node_count,graph,239,0.036290322580645164,1.0,3.0,4.0,5.0,7.0,1.0,3.0,4.0,6.0,10.0,0.0,16,0.06694560669456066,False
full_all_candidates,graph.graph_missing,graph,239,0.036290322580645164,0.0,0.0,0.0,0.0,0.0,0.0,0.0,0.0,0.0,0.0,,0,0.0,True
full_all_candidates,graph.input_logit_min_hops,graph,239,0.036290322580645164,1.0,1.0,1.0,1.0,1.0,1.0,1.0,1.0,1.0,1.0,,0,0.0,True
full_all_candidates,graph.input_logit_min_positive_distance,graph,239,0.036290322580645164,33.859847040023865,55.0456677959885,70.60465613147294,85.04694261443913,248.02093142138207,25.15636202161933,61.688034208790874,81.8608101732735,113.15600397038912,286.6460117146459,0.3751891914565608,7,0.029288702928870293,False
full_all_candidates,graph.input_logit_path_missing,graph,239,0.036290322580645164,0.0,0.0,0.0,0.0,0.0,0.0,0.0,0.0,0.0,0.0,,0,0.0,True
full_all_candidates,graph.input_logit_reachability_missing,graph,239,0.036290322580645164,0.0,0.0,0.0,0.0,0.0,0.0,0.0,0.0,0.0,0.0,,0,0.0,True
full_all_candidates,graph.input_logit_reachable_logit_fraction,graph,239,0.036290322580645164,1.0,1.0,1.0,1.0,1.0,1.0,1.0,1.0,1.0,1.0,,0,0.0,True
full_all_candidates,graph.layer_0_activation_mean,graph,239,0.036290322580645164,0.0,0.0,0.0,0.0,0.0,0.0,0.0,0.0,0.0,0.0,,0,0.0,True
full_all_candidates,graph.layer_0_feature_count,graph,239,0.036290322580645164,0.0,0.0,0.0,0.0,0.0,0.0,0.0,0.0,0.0,0.0,,0,0.0,True
full_all_candidates,graph.layer_0_feature_fraction,graph,239,0.036290322580645164,0.0,0.0,0.0,0.0,0.0,0.0,0.0,0.0,0.0,0.0,,0,0.0,True
full_all_candidates,graph.layer_10_activation_mean,graph,239,0.036290322580645164,0.0,0.0,0.0,0.0,0.0,0.0,0.0,0.0,0.0,0.0,,0,0.0,True
full_all_candidates,graph.layer_10_feature_count,graph,239,0.036290322580645164,0.0,0.0,0.0,0.0,0.0,0.0,0.0,0.0,0.0,0.0,,0,0.0,True
full_all_candidates,graph.layer_10_feature_fraction,graph,239,0.036290322580645164,0.0,0.0,0.0,0.0,0.0,0.0,0.0,0.0,0.0,0.0,,0,0.0,True
full_all_candidates,graph.layer_11_activation_mean,graph,239,0.036290322580645164,0.0,0.0,0.0,0.0,0.0,0.0,0.0,0.0,0.0,0.0,,0,0.0,True
full_all_candidates,graph.layer_11_feature_count,graph,239,0.036290322580645164,0.0,0.0,0.0,0.0,0.0,0.0,0.0,0.0,0.0,0.0,,0,0.0,True
full_all_candidates,graph.layer_11_feature_fraction,graph,239,0.036290322580645164,0.0,0.0,0.0,0.0,0.0,0.0,0.0,0.0,0.0,0.0,,0,0.0,True
full_all_candidates,graph.layer_12_activation_mean,graph,239,0.036290322580645164,0.0,0.0,0.0,0.0,0.0,0.0,0.0,0.0,0.0,0.0,,0,0.0,True
full_all_candidates,graph.layer_12_feature_count,graph,239,0.036290322580645164,0.0,0.0,0.0,0.0,0.0,0.0,0.0,0.0,0.0,0.0,,0,0.0,True
full_all_candidates,graph.layer_12_feature_fraction,graph,239,0.036290322580645164,0.0,0.0,0.0,0.0,0.0,0.0,0.0,0.0,0.0,0.0,,0,0.0,True
full_all_candidates,graph.layer_13_activation_mean,graph,239,0.036290322580645164,0.0,0.0,0.0,0.0,0.0,0.0,0.0,0.0,0.0,0.0,,0,0.0,True
full_all_candidates,graph.layer_13_feature_count,graph,239,0.036290322580645164,0.0,0.0,0.0,0.0,0.0,0.0,0.0,0.0,0.0,0.0,,0,0.0,True
full_all_candidates,graph.layer_13_feature_fraction,graph,239,0.036290322580645164,0.0,0.0,0.0,0.0,0.0,0.0,0.0,0.0,0.0,0.0,,0,0.0,True
full_all_candidates,graph.layer_14_activation_mean,graph,239,0.036290322580645164,0.0,0.0,0.0,0.0,0.0,0.0,0.0,0.0,0.0,0.0,,0,0.0,True
full_all_candidates,graph.layer_14_feature_count,graph,239,0.036290322580645164,0.0,0.0,0.0,0.0,0.0,0.0,0.0,0.0,0.0,0.0,,0,0.0,True
full_all_candidates,graph.layer_14_feature_fraction,graph,239,0.036290322580645164,0.0,0.0,0.0,0.0,0.0,0.0,0.0,0.0,0.0,0.0,,0,0.0,True
full_all_candidates,graph.layer_15_activation_mean,graph,239,0.036290322580645164,0.0,0.0,0.0,0.0,0.0,0.0,0.0,0.0,0.0,0.0,,0,0.0,True
full_all_candidates,graph.layer_15_feature_count,graph,239,0.036290322580645164,0.0,0.0,0.0,0.0,0.0,0.0,0.0,0.0,0.0,0.0,,0,0.0,True
full_all_candidates,graph.layer_15_feature_fraction,graph,239,0.036290322580645164,0.0,0.0,0.0,0.0,0.0,0.0,0.0,0.0,0.0,0.0,,0,0.0,True
full_all_candidates,graph.layer_16_activation_mean,graph,239,0.036290322580645164,0.0,0.0,0.0,0.0,0.0,0.0,0.0,0.0,0.0,0.0,,0,0.0,True
full_all_candidates,graph.layer_16_feature_count,graph,239,0.036290322580645164,0.0,0.0,0.0,0.0,0.0,0.0,0.0,0.0,0.0,0.0,,0,0.0,True
full_all_candidates,graph.layer_16_feature_fraction,graph,239,0.036290322580645164,0.0,0.0,0.0,0.0,0.0,0.0,0.0,0.0,0.0,0.0,,0,0.0,True
full_all_candidates,graph.layer_17_activation_mean,graph,239,0.036290322580645164,0.0,0.0,0.0,0.0,0.0,0.0,0.0,0.0,0.0,0.0,,0,0.0,True
full_all_candidates,graph.layer_17_feature_count,graph,239,0.036290322580645164,0.0,0.0,0.0,0.0,0.0,0.0,0.0,0.0,0.0,0.0,,0,0.0,True
full_all_candidates,graph.layer_17_feature_fraction,graph,239,0.036290322580645164,0.0,0.0,0.0,0.0,0.0,0.0,0.0,0.0,0.0,0.0,,0,0.0,True
full_all_candidates,graph.layer_18_activation_mean,graph,239,0.036290322580645164,0.0,0.0,0.0,0.0,0.0,0.0,0.0,0.0,0.0,0.0,,0,0.0,True
full_all_candidates,graph.layer_18_feature_count,graph,239,0.036290322580645164,0.0,0.0,0.0,0.0,0.0,0.0,0.0,0.0,0.0,0.0,,0,0.0,True
full_all_candidates,graph.layer_18_feature_fraction,graph,239,0.036290322580645164,0.0,0.0,0.0,0.0,0.0,0.0,0.0,0.0,0.0,0.0,,0,0.0,True
full_all_candidates,graph.layer_19_activation_mean,graph,239,0.036290322580645164,0.0,0.0,0.0,0.0,0.0,0.0,0.0,0.0,0.0,0.0,,0,0.0,True
full_all_candidates,graph.layer_19_feature_count,graph,239,0.036290322580645164,0.0,0.0,0.0,0.0,0.0,0.0,0.0,0.0,0.0,0.0,,0,0.0,True
full_all_candidates,graph.layer_19_feature_fraction,graph,239,0.036290322580645164,0.0,0.0,0.0,0.0,0.0,0.0,0.0,0.0,0.0,0.0,,0,0.0,True
full_all_candidates,graph.layer_1_activation_mean,graph,239,0.036290322580645164,0.0,0.0,0.0,0.0,0.0,0.0,0.0,0.0,0.0,0.0,,0,0.0,True
full_all_candidates,graph.layer_1_feature_count,graph,239,0.036290322580645164,0.0,0.0,0.0,0.0,0.0,0.0,0.0,0.0,0.0,0.0,,0,0.0,True
full_all_candidates,graph.layer_1_feature_fraction,graph,239,0.036290322580645164,0.0,0.0,0.0,0.0,0.0,0.0,0.0,0.0,0.0,0.0,,0,0.0,True
full_all_candidates,graph.layer_20_activation_mean,graph,239,0.036290322580645164,0.0,0.0,0.0,0.0,0.0,0.0,0.0,0.0,0.0,0.0,,0,0.0,True
full_all_candidates,graph.layer_20_feature_count,graph,239,0.036290322580645164,0.0,0.0,0.0,0.0,0.0,0.0,0.0,0.0,0.0,0.0,,0,0.0,True
full_all_candidates,graph.layer_20_feature_fraction,graph,239,0.036290322580645164,0.0,0.0,0.0,0.0,0.0,0.0,0.0,0.0,0.0,0.0,,0,0.0,True
full_all_candidates,graph.layer_21_activation_mean,graph,239,0.036290322580645164,0.0,0.0,0.0,0.0,0.0,0.0,0.0,0.0,0.0,0.0,,0,0.0,True
full_all_candidates,graph.layer_21_feature_count,graph,239,0.036290322580645164,0.0,0.0,0.0,0.0,0.0,0.0,0.0,0.0,0.0,0.0,,0,0.0,True
full_all_candidates,graph.layer_21_feature_fraction,graph,239,0.036290322580645164,0.0,0.0,0.0,0.0,0.0,0.0,0.0,0.0,0.0,0.0,,0,0.0,True
full_all_candidates,graph.layer_22_activation_mean,graph,239,0.036290322580645164,0.0,0.0,0.0,0.0,6.589533805847168,0.0,0.0,0.0,0.0,6.589523792266846,,0,0.0,False
full_all_candidates,graph.layer_22_feature_count,graph,239,0.036290322580645164,0.0,0.0,0.0,0.0,1.0,0.0,0.0,0.0,0.0,1.0,,0,0.0,False
full_all_candidates,graph.layer_22_feature_fraction,graph,239,0.036290322580645164,0.0,0.0,0.0,0.0,0.16666666666666666,0.0,0.0,0.0,0.0,0.2,,2,0.008368200836820083,False
full_all_candidates,graph.layer_23_activation_mean,graph,239,0.036290322580645164,0.0,0.0,0.0,0.0,0.0,0.0,0.0,0.0,0.0,0.0,,0,0.0,True
full_all_candidates,graph.layer_23_feature_count,graph,239,0.036290322580645164,0.0,0.0,0.0,0.0,0.0,0.0,0.0,0.0,0.0,0.0,,0,0.0,True
full_all_candidates,graph.layer_23_feature_fraction,graph,239,0.036290322580645164,0.0,0.0,0.0,0.0,0.0,0.0,0.0,0.0,0.0,0.0,,0,0.0,True
full_all_candidates,graph.layer_24_activation_mean,graph,239,0.036290322580645164,0.0,0.0,0.0,0.0,0.0,0.0,0.0,0.0,0.0,0.0,,0,0.0,True
full_all_candidates,graph.layer_24_feature_count,graph,239,0.036290322580645164,0.0,0.0,0.0,0.0,0.0,0.0,0.0,0.0,0.0,0.0,,0,0.0,True
full_all_candidates,graph.layer_24_feature_fraction,graph,239,0.036290322580645164,0.0,0.0,0.0,0.0,0.0,0.0,0.0,0.0,0.0,0.0,,0,0.0,True
full_all_candidates,graph.layer_25_activation_mean,graph,239,0.036290322580645164,0.0,0.0,0.0,0.0,0.0,0.0,0.0,0.0,0.0,0.0,,0,0.0,True
full_all_candidates,graph.layer_25_feature_count,graph,239,0.036290322580645164,0.0,0.0,0.0,0.0,0.0,0.0,0.0,0.0,0.0,0.0,,0,0.0,True
full_all_candidates,graph.layer_25_feature_fraction,graph,239,0.036290322580645164,0.0,0.0,0.0,0.0,0.0,0.0,0.0,0.0,0.0,0.0,,0,0.0,True
full_all_candidates,graph.layer_26_activation_mean,graph,239,0.036290322580645164,0.0,0.0,0.0,0.0,7.644421100616455,0.0,0.0,0.0,0.0,7.644414901733398,,0,0.0,False
full_all_candidates,graph.layer_26_feature_count,graph,239,0.036290322580645164,0.0,0.0,0.0,0.0,1.0,0.0,0.0,0.0,0.0,4.0,,28,0.11715481171548117,False
full_all_candidates,graph.layer_26_feature_fraction,graph,239,0.036290322580645164,0.0,0.0,0.0,0.0,0.25,0.0,0.0,0.0,0.0,0.5714285714285714,,27,0.11297071129707113,False
full_all_candidates,graph.layer_27_activation_mean,graph,239,0.036290322580645164,0.0,0.0,0.0,0.0,0.0,0.0,0.0,0.0,0.0,0.0,,0,0.0,True
full_all_candidates,graph.layer_27_feature_count,graph,239,0.036290322580645164,0.0,0.0,0.0,0.0,0.0,0.0,0.0,0.0,0.0,0.0,,0,0.0,True
full_all_candidates,graph.layer_27_feature_fraction,graph,239,0.036290322580645164,0.0,0.0,0.0,0.0,0.0,0.0,0.0,0.0,0.0,0.0,,0,0.0,True
full_all_candidates,graph.layer_28_activation_mean,graph,239,0.036290322580645164,0.0,0.0,0.0,0.0,0.0,0.0,0.0,0.0,0.0,0.0,,0,0.0,True
full_all_candidates,graph.layer_28_feature_count,graph,239,0.036290322580645164,0.0,0.0,0.0,0.0,0.0,0.0,0.0,0.0,0.0,0.0,,0,0.0,True
full_all_candidates,graph.layer_28_feature_fraction,graph,239,0.036290322580645164,0.0,0.0,0.0,0.0,0.0,0.0,0.0,0.0,0.0,0.0,,0,0.0,True
full_all_candidates,graph.layer_29_activation_mean,graph,239,0.036290322580645164,0.0,0.0,0.0,0.0,6.874417781829834,0.0,0.0,0.0,0.0,7.191644191741943,,12,0.0502092050209205,False
full_all_candidates,graph.layer_29_feature_count,graph,239,0.036290322580645164,0.0,0.0,0.0,0.0,1.0,0.0,0.0,0.0,0.0,2.0,,8,0.03347280334728033,False
full_all_candidates,graph.layer_29_feature_fraction,graph,239,0.036290322580645164,0.0,0.0,0.0,0.0,0.25,0.0,0.0,0.0,0.0,0.3333333333333333,,5,0.02092050209205021,False
full_all_candidates,graph.layer_2_activation_mean,graph,239,0.036290322580645164,0.0,0.0,0.0,0.0,0.0,0.0,0.0,0.0,0.0,0.0,,0,0.0,True
full_all_candidates,graph.layer_2_feature_count,graph,239,0.036290322580645164,0.0,0.0,0.0,0.0,0.0,0.0,0.0,0.0,0.0,0.0,,0,0.0,True
full_all_candidates,graph.layer_2_feature_fraction,graph,239,0.036290322580645164,0.0,0.0,0.0,0.0,0.0,0.0,0.0,0.0,0.0,0.0,,0,0.0,True
full_all_candidates,graph.layer_30_activation_mean,graph,239,0.036290322580645164,0.0,0.0,0.0,0.0,8.666794776916504,0.0,0.0,0.0,0.0,7.797494093577067,,0,0.0,False
full_all_candidates,graph.layer_30_feature_count,graph,239,0.036290322580645164,0.0,0.0,0.0,0.0,1.0,0.0,0.0,0.0,0.0,3.0,,6,0.02510460251046025,False
full_all_candidates,graph.layer_30_feature_fraction,graph,239,0.036290322580645164,0.0,0.0,0.0,0.0,0.3333333333333333,0.0,0.0,0.0,0.0,0.3,,0,0.0,False
full_all_candidates,graph.layer_31_activation_mean,graph,239,0.036290322580645164,6.692624409993489,7.281009614467621,7.505127906799316,7.710054779052735,8.400646209716797,6.456315994262695,7.261887311935425,7.57436736424764,7.937820816040039,9.941026329994202,0.16138034678768082,33,0.13807531380753138,False
full_all_candidates,graph.layer_31_feature_count,graph,239,0.036290322580645164,1.0,3.0,4.0,4.0,7.0,1.0,3.0,4.0,5.0,8.0,0.0,2,0.008368200836820083,False
full_all_candidates,graph.layer_31_feature_fraction,graph,239,0.036290322580645164,0.5,1.0,1.0,1.0,1.0,0.2,1.0,1.0,1.0,1.0,,18,0.07531380753138076,False
full_all_candidates,graph.layer_3_activation_mean,graph,239,0.036290322580645164,0.0,0.0,0.0,0.0,0.0,0.0,0.0,0.0,0.0,0.0,,0,0.0,True
full_all_candidates,graph.layer_3_feature_count,graph,239,0.036290322580645164,0.0,0.0,0.0,0.0,0.0,0.0,0.0,0.0,0.0,0.0,,0,0.0,True
full_all_candidates,graph.layer_3_feature_fraction,graph,239,0.036290322580645164,0.0,0.0,0.0,0.0,0.0,0.0,0.0,0.0,0.0,0.0,,0,0.0,True
full_all_candidates,graph.layer_4_activation_mean,graph,239,0.036290322580645164,0.0,0.0,0.0,0.0,0.0,0.0,0.0,0.0,0.0,0.0,,0,0.0,True
full_all_candidates,graph.layer_4_feature_count,graph,239,0.036290322580645164,0.0,0.0,0.0,0.0,0.0,0.0,0.0,0.0,0.0,0.0,,0,0.0,True
full_all_candidates,graph.layer_4_feature_fraction,graph,239,0.036290322580645164,0.0,0.0,0.0,0.0,0.0,0.0,0.0,0.0,0.0,0.0,,0,0.0,True
full_all_candidates,graph.layer_5_activation_mean,graph,239,0.036290322580645164,0.0,0.0,0.0,0.0,0.0,0.0,0.0,0.0,0.0,0.0,,0,0.0,True
full_all_candidates,graph.layer_5_feature_count,graph,239,0.036290322580645164,0.0,0.0,0.0,0.0,0.0,0.0,0.0,0.0,0.0,0.0,,0,0.0,True
full_all_candidates,graph.layer_5_feature_fraction,graph,239,0.036290322580645164,0.0,0.0,0.0,0.0,0.0,0.0,0.0,0.0,0.0,0.0,,0,0.0,True
full_all_candidates,graph.layer_6_activation_mean,graph,239,0.036290322580645164,0.0,0.0,0.0,0.0,0.0,0.0,0.0,0.0,0.0,0.0,,0,0.0,True
full_all_candidates,graph.layer_6_feature_count,graph,239,0.036290322580645164,0.0,0.0,0.0,0.0,0.0,0.0,0.0,0.0,0.0,0.0,,0,0.0,True
full_all_candidates,graph.layer_6_feature_fraction,graph,239,0.036290322580645164,0.0,0.0,0.0,0.0,0.0,0.0,0.0,0.0,0.0,0.0,,0,0.0,True
full_all_candidates,graph.layer_7_activation_mean,graph,239,0.036290322580645164,0.0,0.0,0.0,0.0,0.0,0.0,0.0,0.0,0.0,0.0,,0,0.0,True
full_all_candidates,graph.layer_7_feature_count,graph,239,0.036290322580645164,0.0,0.0,0.0,0.0,0.0,0.0,0.0,0.0,0.0,0.0,,0,0.0,True
full_all_candidates,graph.layer_7_feature_fraction,graph,239,0.036290322580645164,0.0,0.0,0.0,0.0,0.0,0.0,0.0,0.0,0.0,0.0,,0,0.0,True
full_all_candidates,graph.layer_8_activation_mean,graph,239,0.036290322580645164,0.0,0.0,0.0,0.0,0.0,0.0,0.0,0.0,0.0,0.0,,0,0.0,True
full_all_candidates,graph.layer_8_feature_count,graph,239,0.036290322580645164,0.0,0.0,0.0,0.0,0.0,0.0,0.0,0.0,0.0,0.0,,0,0.0,True
full_all_candidates,graph.layer_8_feature_fraction,graph,239,0.036290322580645164,0.0,0.0,0.0,0.0,0.0,0.0,0.0,0.0,0.0,0.0,,0,0.0,True
full_all_candidates,graph.layer_9_activation_mean,graph,239,0.036290322580645164,0.0,0.0,0.0,0.0,0.0,0.0,0.0,0.0,0.0,0.0,,0,0.0,True
full_all_candidates,graph.layer_9_feature_count,graph,239,0.036290322580645164,0.0,0.0,0.0,0.0,0.0,0.0,0.0,0.0,0.0,0.0,,0,0.0,True
full_all_candidates,graph.layer_9_feature_fraction,graph,239,0.036290322580645164,0.0,0.0,0.0,0.0,0.0,0.0,0.0,0.0,0.0,0.0,,0,0.0,True
full_all_candidates,graph.layer_metadata_missing,graph,239,0.036290322580645164,0.0,0.0,0.0,0.0,0.0,0.0,0.0,0.0,0.0,0.0,,0,0.0,True
full_all_candidates,graph.logit_node_count,graph,239,0.036290322580645164,0.0,0.0,0.0,0.0,0.0,0.0,0.0,0.0,0.0,0.0,,0,0.0,True
full_all_candidates,graph.logit_probabilities_missing,graph,239,0.036290322580645164,1.0,1.0,1.0,1.0,1.0,1.0,1.0,1.0,1.0,1.0,,0,0.0,True
full_all_candidates,graph.node_count,graph,239,0.036290322580645164,789.0,801.0,809.0,816.0,1098.0,997.0,1012.0,1017.0,1026.0,1328.0,13.866666666666667,36,0.1506276150627615,False
full_all_candidates,graph.node_influence_effective_count,graph,239,0.036290322580645164,3.9224764937916277,3.9567665826787013,3.9730457950144884,3.9953779550915893,4.074854254389468,3.911230326600066,3.9486658273109922,3.959505554662394,3.9757028492355686,4.042710861449202,-0.35068011070165894,1,0.0041841004184100415,False
full_all_candidates,graph.node_influence_hhi,graph,239,0.036290322580645164,0.24540755020202046,0.250289232230703,0.25169606684494644,0.2527316393294743,0.25494097965475854,0.24735877342500004,0.25152785351330414,0.2525567867489113,0.25325009606317483,0.2556740249222998,0.35240640448427185,1,0.0041841004184100415,False
full_all_candidates,graph.node_influence_missing,graph,239,0.036290322580645164,0.0,0.0,0.0,0.0,0.0,0.0,0.0,0.0,0.0,0.0,,0,0.0,True
full_all_candidates,graph.node_influence_top10_share,graph,239,0.036290322580645164,0.6179505694460953,0.6349773816190112,0.6446933514414687,0.6589557951328329,0.7003319159375195,0.6072748964120414,0.6324424551870861,0.6436069737240596,0.6548394431572065,0.6895896916929556,-0.045306488554083715,9,0.03765690376569038,False
full_all_candidates,graph.node_influence_top1_share,graph,239,0.036290322580645164,0.49172575654868517,0.49615106455938873,0.4975696946728226,0.49843079999067563,0.49970017285642654,0.49371765218536406,0.4977213395731551,0.4985388593803265,0.49906719467298133,0.4997745452112924,0.4251215707766678,9,0.03765690376569038,False
full_all_candidates,graph.path_budget_exhausted,graph,239,0.036290322580645164,0.0,0.0,0.0,0.0,0.0,0.0,0.0,0.0,0.0,0.0,,0,0.0,True
full_all_candidates,graph.sampled_hop_statistics_missing,graph,239,0.036290322580645164,0.0,0.0,0.0,0.0,0.0,0.0,0.0,0.0,0.0,0.0,,0,0.0,True
full_all_candidates,graph.sampled_path_missing,graph,239,0.036290322580645164,0.0,0.0,0.0,0.0,0.0,0.0,0.0,0.0,0.0,0.0,,0,0.0,True
full_all_candidates,graph.sampled_path_source_count,graph,239,0.036290322580645164,16.0,16.0,16.0,16.0,16.0,16.0,16.0,16.0,16.0,16.0,,0,0.0,True
full_all_candidates,graph.sampled_reachable_max_hops,graph,239,0.036290322580645164,1.0,2.0,2.0,2.0,2.0,1.0,2.0,2.0,2.0,2.0,,0,0.0,False
full_all_candidates,graph.sampled_reachable_mean_hops,graph,239,0.036290322580645164,1.0,1.25,1.3076923076923077,1.4166666666666667,1.6153846153846154,1.0,1.2222222222222223,1.3076923076923077,1.4,1.6666666666666667,0.0,2,0.008368200836820083,False
full_all_candidates,graph.sampled_reachable_pair_fraction,graph,239,0.036290322580645164,0.5,0.625,0.75,0.8125,0.9375,0.3125,0.6875,0.75,0.8125,1.0,0.0,5,0.02092050209205021,False
full_all_candidates,graph.score_node_count,graph,239,0.036290322580645164,1.0,1.0,1.0,1.0,1.0,1.0,1.0,1.0,1.0,1.0,,0,0.0,True
full_all_candidates,graph.selected_logit_entropy,graph,239,0.036290322580645164,0.0,0.0,0.0,0.0,0.0,0.0,0.0,0.0,0.0,0.0,,0,0.0,True
full_all_candidates,graph.selected_logit_probability_mass,graph,239,0.036290322580645164,0.0,0.0,0.0,0.0,0.0,0.0,0.0,0.0,0.0,0.0,,0,0.0,True
full_all_candidates,graph.token_node_count,graph,239,0.036290322580645164,691.0,700.5,708.0,715.0,999.0,897.0,911.0,915.0,924.0,1227.0,14.275862068965518,35,0.14644351464435146,False
full_all_candidates,graph.top_logit_probability,graph,239,0.036290322580645164,0.0,0.0,0.0,0.0,0.0,0.0,0.0,0.0,0.0,0.0,,0,0.0,True
full_all_candidates,graph.weak_components,graph,239,0.036290322580645164,116.0,160.5,179.0,216.0,406.0,93.0,185.0,226.0,269.0,554.0,0.8468468468468469,9,0.03765690376569038,False
full_all_candidates,graph.weighted_path_budget_exhausted,graph,239,0.036290322580645164,0.0,0.0,0.0,0.0,0.0,0.0,0.0,0.0,0.0,0.0,,0,0.0,True
full_all_candidates,graph.weighted_path_missing,graph,239,0.036290322580645164,0.0,0.0,0.0,0.0,0.0,0.0,0.0,0.0,0.0,0.0,,0,0.0,True
full_all_candidates,hidden.layer_0.input_mean,hidden,239,0.036290322580645164,-0.00015469810750801116,0.00027606192452367395,0.0003436254628468305,0.0003984055801993236,0.0005447062430903316,3.7672161852242425e-05,0.0004887284740107134,0.0005377076449804008,0.0005792040610685945,0.0006702868267893791,1.58636899528415,111,0.46443514644351463,False
full_all_candidates,hidden.layer_0.input_rms,hidden,239,0.036290322580645164,0.2526659071445465,0.26904064416885376,0.269583523273468,0.2701318562030792,0.2713736891746521,0.2538816034793854,0.26758943498134613,0.26817119121551514,0.2685800641775131,0.26952317357063293,-1.2942783012426602,0,0.0,False
full_all_candidates,hidden.layer_0.output_mean,hidden,239,0.036290322580645164,5.0744361942633986e-05,5.597196286544204e-05,5.885311111342162e-05,6.121420119598042e-05,7.386654760921374e-05,7.31200270820409e-05,7.792553878971376e-05,7.881059718783945e-05,8.023330883588642e-05,8.737877215025946e-05,3.8070543184113816,238,0.99581589958159,False
full_all_candidates,hidden.layer_0.output_rms,hidden,239,0.036290322580645164,0.010257303714752197,0.011477196123450994,0.011527479626238346,0.011561455205082893,0.01162585150450468,0.01031599473208189,0.01134754391387105,0.011383275501430035,0.011405495926737785,0.011468402110040188,-1.711437177042748,0,0.0,False
full_all_candidates,hidden.layer_1.input_mean,hidden,239,0.036290322580645164,0.0010187756270170212,0.0012885220348834991,0.0013608202571049333,0.0014923750422894955,0.002186504192650318,0.0013119590003043413,0.001513616181910038,0.0015802608104422688,0.0016410862444899976,0.0022128720302134752,1.0764646356199932,2,0.008368200836820083,False
full_all_candidates,hidden.layer_1.input_rms,hidden,239,0.036290322580645164,0.35579726099967957,0.3635186702013016,0.3641526699066162,0.36457309126853943,0.3658079504966736,0.3547650873661041,0.3616577982902527,0.3622044026851654,0.36262156069278717,0.36377909779548645,-1.8477127231101877,16,0.06694560669456066,False
full_all_candidates,hidden.layer_1.output_mean,hidden,239,0.036290322580645164,-2.4439494154648855e-05,4.3116690449096495e-06,8.807319318293594e-06,1.0209065294475295e-05,2.3288241209229454e-05,-1.5147704289120156e-05,1.9252462152508087e-05,2.431017128401436e-05,2.723972011153819e-05,3.5736342397285625e-05,2.6287621366569325,138,0.5774058577405857,False
full_all_candidates,hidden.layer_1.output_rms,hidden,239,0.036290322580645164,0.016499988734722137,0.01723355334252119,0.017300650477409363,0.017338812351226807,0.017461257055401802,0.016333989799022675,0.017018307000398636,0.01707255281507969,0.01711338199675083,0.01722041890025139,-2.167013209934437,19,0.0794979079497908,False
full_all_candidates,hidden.layer_10.input_mean,hidden,239,0.036290322580645164,0.009467734023928642,0.010278740432113409,0.010660490021109581,0.0110874786041677,0.01202522125095129,0.009711500257253647,0.011275341734290123,0.01191491074860096,0.012251099105924368,0.013201621361076832,1.551083862290068,99,0.41422594142259417,False
full_all_candidates,hidden.layer_10.input_rms,hidden,239,0.036290322580645164,0.8333509564399719,0.8393421173095703,0.8399445414543152,0.841044157743454,0.8443419337272644,0.8326663374900818,0.8385106921195984,0.8397924900054932,0.8409308791160583,0.8463871479034424,-0.08933480415331548,20,0.08368200836820083,False
full_all_candidates,hidden.layer_10.output_mean,hidden,239,0.036290322580645164,-0.00021662694052793086,-9.553430209052749e-05,-6.982676131883636e-05,-5.38204640179174e-05,-1.394703213009052e-05,-0.00028890237445011735,-0.0001805012725526467,-0.0001626872835913673,-0.00014406121044885367,-4.645317676477134e-05,-2.2261322995714585,25,0.10460251046025104,False
full_all_candidates,hidden.layer_10.output_rms,hidden,239,0.036290322580645164,0.05468376353383064,0.057219794020056725,0.05751146748661995,0.05776733346283436,0.058629997074604034,0.05415649339556694,0.05685701034963131,0.05720116198062897,0.057480862364172935,0.058662038296461105,-0.5667272195347635,20,0.08368200836820083,False
full_all_candidates,hidden.layer_11.input_mean,hidden,239,0.036290322580645164,0.013909938745200634,0.01434213388711214,0.014635832980275154,0.01497260807082057,0.015607030130922794,0.01366680022329092,0.014732941519469023,0.015280877240002155,0.015669713728129864,0.016525745391845703,1.0231097107463958,77,0.32217573221757323,False
full_all_candidates,hidden.layer_11.input_rms,hidden,239,0.036290322580645164,0.8309611678123474,0.8380435109138489,0.8387242555618286,0.8400869965553284,0.8440743684768677,0.8315733075141907,0.8393727540969849,0.8408134579658508,0.8421240448951721,0.8481579422950745,1.0223719519309298,17,0.07112970711297072,False
full_all_candidates,hidden.layer_11.output_mean,hidden,239,0.036290322580645164,-0.0006217194604687393,-0.0005739488988183439,-0.000545042974408716,-0.0004928263078909367,-0.00037064767093397677,-0.0005939578404650092,-0.000491290062200278,-0.0004604703572113067,-0.0004185494763078168,-0.0002922202693298459,1.0425285513019351,18,0.07531380753138076,False
full_all_candidates,hidden.layer_11.output_rms,hidden,239,0.036290322580645164,0.05909851938486099,0.06258859857916832,0.06283003836870193,0.06321501359343529,0.0644388273358345,0.05934181436896324,0.06278979778289795,0.0633009821176529,0.06364671140909195,0.06512767821550369,0.7518078881012418,9,0.03765690376569038,False
full_all_candidates,hidden.layer_12.input_mean,hidden,239,0.036290322580645164,0.010349947027862072,0.010961925610899925,0.0112818144261837,0.01152446772903204,0.012202305719256401,0.010923052206635475,0.011808502022176981,0.01221427507698536,0.012530573178082705,0.01315227523446083,1.6575837092835561,123,0.5146443514644351,False
full_all_candidates,hidden.layer_12.input_rms,hidden,239,0.036290322580645164,0.8305337429046631,0.8383629322052002,0.8390642404556274,0.8402676582336426,0.8446863889694214,0.8315025568008423,0.8400270342826843,0.8416380882263184,0.8430843651294708,0.8480663299560547,1.3512955313556139,17,0.07112970711297072,False
full_all_candidates,hidden.layer_12.output_mean,hidden,239,0.036290322580645164,0.00018390572222415358,0.00025543608353473246,0.00028771316283382475,0.00034484836214687675,0.0006234300672076643,0.00017235564882867038,0.00025723401631694287,0.0002845862472895533,0.00031298925750888884,0.0005641028401441872,-0.03497188073950685,1,0.0041841004184100415,False
full_all_candidates,hidden.layer_12.output_rms,hidden,239,0.036290322580645164,0.05615608021616936,0.059977851808071136,0.06024615094065666,0.0605428796261549,0.06199919804930687,0.05649695545434952,0.060373879969120026,0.06095878407359123,0.061310673132538795,0.0629657432436943,1.261235482796929,14,0.058577405857740586,False
full_all_candidates,hidden.layer_13.input_mean,hidden,239,0.036290322580645164,0.011333080939948559,0.012172429356724024,0.012753484770655632,0.013218329288065434,0.01444665715098381,0.013107267208397388,0.013993718661367893,0.014265540987253189,0.014532757923007011,0.01518619991838932,1.4456987435292044,79,0.3305439330543933,False
full_all_candidates,hidden.layer_13.input_rms,hidden,239,0.036290322580645164,0.8341428637504578,0.8416203856468201,0.842161238193512,0.843756765127182,0.8480729460716248,0.8351086378097534,0.8435007035732269,0.8452492952346802,0.8464958369731903,0.8519886136054993,1.4454627885889657,20,0.08368200836820083,False
full_all_candidates,hidden.layer_13.output_mean,hidden,239,0.036290322580645164,-0.00012413861986715347,-3.725921851582825e-05,1.6423658962594345e-05,5.890548163733911e-05,0.00014166887558531016,-0.00018348448793403804,-0.0001095688458008226,-7.96180684119463e-05,-5.689077079296112e-05,4.378128869575448e-05,-0.9987212274521643,43,0.1799163179916318,False
full_all_candidates,hidden.layer_13.output_rms,hidden,239,0.036290322580645164,0.05655954033136368,0.059602513909339905,0.059904973953962326,0.06031922250986099,0.06130259484052658,0.05684151127934456,0.05998272821307182,0.06046837568283081,0.0607192050665617,0.06227387487888336,0.7860959509330007,15,0.06276150627615062,False
full_all_candidates,hidden.layer_14.input_mean,hidden,239,0.036290322580645164,0.007929450832307339,0.008984627667814493,0.009376599453389645,0.00962737062945962,0.010213238187134266,0.008695176802575588,0.009611673653125763,0.010022415779531002,0.010378992650657892,0.011723661795258522,1.0047816385081287,88,0.3682008368200837,False
full_all_candidates,hidden.layer_14.input_rms,hidden,239,0.036290322580645164,0.8619008660316467,0.8678495585918427,0.8685198426246643,0.8697302937507629,0.8733075857162476,0.8627655506134033,0.869255542755127,0.8706774115562439,0.8717612326145172,0.8768354058265686,1.147194447525631,17,0.07112970711297072,False
full_all_candidates,hidden.layer_14.output_mean,hidden,239,0.036290322580645164,-0.00020942767150700092,-6.156206291052513e-05,-2.573122628746205e-06,2.526109619793715e-05,0.00011488430754980072,-0.0002257687592646107,-0.00010726778782554902,-7.163698319345713e-05,-4.4124659325461835e-05,4.50859843112994e-05,-0.7954543611852931,7,0.029288702928870293,False
full_all_candidates,hidden.layer_14.output_rms,hidden,239,0.036290322580645164,0.05837845057249069,0.06138516403734684,0.06177351251244545,0.062272099778056145,0.06364436447620392,0.05856762081384659,0.0616436842828989,0.0623413622379303,0.0628000870347023,0.06459099054336548,0.6402377302223996,8,0.03347280334728033,False
full_all_candidates,hidden.layer_15.input_mean,hidden,239,0.036290322580645164,0.010223852470517159,0.010692091658711433,0.011074532754719257,0.011679855640977621,0.012667453847825527,0.009857441298663616,0.01070453180000186,0.011096416972577572,0.011403094045817852,0.012268275953829288,0.022155310632107097,19,0.0794979079497908,False
full_all_candidates,hidden.layer_15.input_rms,hidden,239,0.036290322580645164,0.8801658153533936,0.8876829743385315,0.8886169195175171,0.8907442688941956,0.8973099589347839,0.8813728094100952,0.8905104100704193,0.8930771946907043,0.8954654335975647,0.9038026928901672,1.4569898753894082,23,0.09623430962343096,False
full_all_candidates,hidden.layer_15.output_mean,hidden,239,0.036290322580645164,0.00014450144954025745,0.00028927433595526963,0.0003194150049239397,0.0003425588656682521,0.0004967488930560648,0.00017044901323970407,0.00030501979927066714,0.00034444453194737434,0.00038453425804618746,0.0005127326003275812,0.4697334697004248,2,0.008368200836820083,False
full_all_candidates,hidden.layer_15.output_rms,hidden,239,0.036290322580645164,0.06547394394874573,0.0682448297739029,0.06868351995944977,0.06953374668955803,0.07211665064096451,0.06607574224472046,0.06972691416740417,0.0706421509385109,0.071529321372509,0.07537051290273666,1.5195944403178117,25,0.10460251046025104,False
full_all_candidates,hidden.layer_16.input_mean,hidden,239,0.036290322580645164,0.006555717904120684,0.00743234483525157,0.007945787161588669,0.008385952562093735,0.009590636938810349,0.006236916873604059,0.007335367379710078,0.007821866311132908,0.008086469490081072,0.009261886589229107,-0.12994950331004557,19,0.0794979079497908,False
full_all_candidates,hidden.layer_16.input_rms,hidden,239,0.036290322580645164,0.8810276389122009,0.891566127538681,0.8928647041320801,0.8957252502441406,0.9035944938659668,0.8830584287643433,0.8958931565284729,0.899351954460144,0.9024983644485474,0.9139341115951538,1.559764110721784,30,0.12552301255230125,False
full_all_candidates,hidden.layer_16.output_mean,hidden,239,0.036290322580645164,-0.000133611261844635,-4.6168925109668635e-06,2.969641354866326e-05,0.00010283073788741603,0.0002555314567871392,-0.00012322529801167548,8.219011215260252e-05,0.00016270695778075606,0.00022155913757160306,0.0003900999727193266,1.2379104475262084,23,0.09623430962343096,False
full_all_candidates,hidden.layer_16.output_rms,hidden,239,0.036290322580645164,0.06520029902458191,0.06929149851202965,0.06983976811170578,0.0706912912428379,0.07402205467224121,0.06593967229127884,0.07085970044136047,0.0721135064959526,0.0732562355697155,0.07742654532194138,1.624339328390383,24,0.100418410041841,False
full_all_candidates,hidden.layer_17.input_mean,hidden,239,0.036290322580645164,0.009847516193985939,0.010856135282665491,0.011344549246132374,0.011793233919888735,0.012979531660676003,0.009583301842212677,0.010958627797663212,0.01141060795634985,0.011799182742834091,0.013190750032663345,0.07049280363187511,9,0.03765690376569038,False
full_all_candidates,hidden.layer_17.input_rms,hidden,239,0.036290322580645164,0.9007059335708618,0.9097682237625122,0.9109198451042175,0.9135888516902924,0.9203144311904907,0.9028641581535339,0.9137909412384033,0.9168524146080017,0.9195851385593414,0.929762065410614,1.5527734225695988,33,0.13807531380753138,False
full_all_candidates,hidden.layer_17.output_mean,hidden,239,0.036290322580645164,-0.0010077845072373748,-0.0007642224372830242,-0.0007106965640559793,-0.0006602386420127004,-0.0005836086347699165,-0.0009333991329185665,-0.0007561559323221445,-0.0007154882769100368,-0.000686177983880043,-0.0005241105682216585,-0.04608134220914585,3,0.012552301255230125,False
full_all_candidates,hidden.layer_17.output_rms,hidden,239,0.036290322580645164,0.07233637571334839,0.07615521177649498,0.07659237086772919,0.07718724757432938,0.07990412414073944,0.07289566099643707,0.07682759314775467,0.0779876857995987,0.07895775511860847,0.08249558508396149,1.3520024545635028,20,0.08368200836820083,False
full_all_candidates,hidden.layer_18.input_mean,hidden,239,0.036290322580645164,0.007025924976915121,0.008518969640135765,0.009182720445096493,0.009606835432350636,0.010427698493003845,0.006543188355863094,0.008463769219815731,0.008998285979032516,0.009382612071931362,0.010534322820603848,-0.16953788544860102,11,0.04602510460251046,False
full_all_candidates,hidden.layer_18.input_rms,hidden,239,0.036290322580645164,0.9725770354270935,0.9767622649669647,0.9775177240371704,0.9787860214710236,0.9827157855033875,0.9732543230056763,0.9781048893928528,0.9799264073371887,0.9813846945762634,0.9870700240135193,1.1902041056754926,22,0.09205020920502092,False
full_all_candidates,hidden.layer_18.output_mean,hidden,239,0.036290322580645164,-0.0019548353739082813,-0.0015432813088409603,-0.0014881107490509748,-0.001416080805938691,-0.001103971735574305,-0.002057714620605111,-0.0016356264823116362,-0.0015399489784613252,-0.001462854736018926,-0.0012903662864118814,-0.4075316388503483,15,0.06276150627615062,False
full_all_candidates,hidden.layer_18.output_rms,hidden,239,0.036290322580645164,0.10824823379516602,0.10876719281077385,0.10895057767629623,0.10925145819783211,0.11022819578647614,0.10814855247735977,0.10873382166028023,0.10899770259857178,0.10925547778606415,0.11031905561685562,0.09731218363924489,5,0.02092050209205021,False
full_all_candidates,hidden.layer_19.input_mean,hidden,239,0.036290322580645164,-8.755240560276434e-05,0.0014834817848168314,0.001934881554916501,0.0024934719549492,0.003420294262468815,-0.0012140765320509672,0.0010569091537036002,0.0018892057705670595,0.0024098645662888885,0.0041557783260941505,-0.04522398900521506,45,0.18828451882845187,False
full_all_candidates,hidden.layer_19.input_rms,hidden,239,0.036290322580645164,1.0149654150009155,1.0178481936454773,1.0188990831375122,1.0208503603935242,1.0267086029052734,1.0166306495666504,1.0206658840179443,1.023244857788086,1.0253688097000122,1.0320936441421509,1.4475460609911055,26,0.1087866108786611,False
full_all_candidates,hidden.layer_19.output_mean,hidden,239,0.036290322580645164,0.00042650458635762334,0.000540639681275934,0.0005962576251477003,0.0006358948012348264,0.0007937055779621005,0.00046025420306250453,0.0006435118848457932,0.0007021616911515594,0.0007753217360004783,0.0009985262295231223,1.1117939492340376,45,0.18828451882845187,False
full_all_candidates,hidden.layer_19.output_rms,hidden,239,0.036290322580645164,0.12241172045469284,0.12522108107805252,0.12572331726551056,0.12690308690071106,0.13008928298950195,0.12310101836919785,0.1268102005124092,0.1280592978000641,0.1292164921760559,0.13280647993087769,1.3888064494695578,22,0.09205020920502092,False
full_all_candidates,hidden.layer_2.input_mean,hidden,239,0.036290322580645164,0.0013042022474110126,0.0017001688247546554,0.0018412285717204213,0.002037556143477559,0.002780435374006629,0.0019445274956524372,0.0021401027915999293,0.0022211901377886534,0.0023263514740392566,0.002995327115058899,1.126188048520859,11,0.04602510460251046,False
full_all_candidates,hidden.layer_2.input_rms,hidden,239,0.036290322580645164,0.42722466588020325,0.4395347982645035,0.44084998965263367,0.4413689523935318,0.44230079650878906,0.42379727959632874,0.43360626697540283,0.4343397617340088,0.43487025797367096,0.4360610842704773,-3.5494443000129987,23,0.09623430962343096,False
full_all_candidates,hidden.layer_2.output_mean,hidden,239,0.036290322580645164,-0.0004715434042736888,-0.000452921973192133,-0.000447877828264609,-0.0004435341397766024,-0.0004362208128441125,-0.0004740981967188418,-0.0004636817902792245,-0.0004607830778695643,-0.0004582239198498428,-0.00044795783469453454,-1.3746781641444243,5,0.02092050209205021,False
full_all_candidates,hidden.layer_2.output_rms,hidden,239,0.036290322580645164,0.03401051089167595,0.03422984294593334,0.03427816182374954,0.034344734624028206,0.034497544169425964,0.03332066163420677,0.03355211392045021,0.033622659742832184,0.03367699310183525,0.03385285660624504,-5.705392172757044,239,1.0,False
full_all_candidates,hidden.layer_20.input_mean,hidden,239,0.036290322580645164,-0.0009371473570354283,0.0006891657831147313,0.001164839486591518,0.0015450259088538587,0.002279470907524228,-0.0012652553850784898,0.0007204432040452957,0.0014052235055714846,0.0018973361002281308,0.004673783201724291,0.28086834723415716,44,0.18410041841004185,False
full_all_candidates,hidden.layer_20.input_rms,hidden,239,0.036290322580645164,1.0280393362045288,1.0384051203727722,1.0397825241088867,1.0434457659721375,1.0521718263626099,1.0304619073867798,1.041310727596283,1.0458617210388184,1.049099087715149,1.060035228729248,1.206035379812695,23,0.09623430962343096,False
full_all_candidates,hidden.layer_20.output_mean,hidden,239,0.036290322580645164,0.0009800863917917013,0.0010730845388025045,0.00111389032099396,0.0011888411245308816,0.001315960311330855,0.0008639470324851573,0.0009602812642697245,0.0009903254685923457,0.0010402761399745941,0.0012411477509886026,-1.0674541895314638,103,0.4309623430962343,False
full_all_candidates,hidden.layer_20.output_rms,hidden,239,0.036290322580645164,0.10016673058271408,0.10603898391127586,0.10659554600715637,0.10810285806655884,0.11160538345575333,0.10108131915330887,0.10673853009939194,0.10854323953390121,0.10990254580974579,0.11358285695314407,0.94370750356036,11,0.04602510460251046,False
full_all_candidates,hidden.layer_21.input_mean,hidden,239,0.036290322580645164,0.0020877395290881395,0.004132671281695366,0.004521530121564865,0.004957330180332065,0.005796828772872686,0.0013847252121195197,0.003375121741555631,0.0041715605184435844,0.004693783586844802,0.007271729409694672,-0.42438104251326203,33,0.13807531380753138,False
full_all_candidates,hidden.layer_21.input_rms,hidden,239,0.036290322580645164,1.0326532125473022,1.0428133606910706,1.044257402420044,1.0485925674438477,1.0587722063064575,1.034680724143982,1.0460442900657654,1.051108956336975,1.0549083352088928,1.0669301748275757,1.1855526562773957,22,0.09205020920502092,False
full_all_candidates,hidden.layer_21.output_mean,hidden,239,0.036290322580645164,-0.0005263558705337346,-0.00041820456681307405,-0.0003588708641473204,-0.0003155401354888454,-0.00024031239445321262,-0.000607085064984858,-0.0004981962847523391,-0.00046041476889513433,-0.0004116238560527563,-0.0002723809448070824,-0.9890855424613816,28,0.11715481171548117,False
full_all_candidates,hidden.layer_21.output_rms,hidden,239,0.036290322580645164,0.10352575033903122,0.11042290180921555,0.11117473989725113,0.11257476732134819,0.11580333858728409,0.1042335107922554,0.11133658140897751,0.11314564198255539,0.1143777035176754,0.11840195208787918,0.9159039327466904,22,0.09205020920502092,False
full_all_candidates,hidden.layer_22.input_mean,hidden,239,0.036290322580645164,0.0025784573517739773,0.0034711749758571386,0.003842471167445183,0.004029586678370833,0.004824896343052387,0.0015404259320348501,0.0023670652881264687,0.002787041710689664,0.0031852712854743004,0.0055533587001264095,-1.8900561216831502,91,0.3807531380753138,False
full_all_candidates,hidden.layer_22.input_rms,hidden,239,0.036290322580645164,1.134577751159668,1.1389331221580505,1.1399834156036377,1.1429604887962341,1.1501708030700684,1.1356912851333618,1.1410385370254517,1.1446667909622192,1.1470468640327454,1.1556751728057861,1.1628877575183518,17,0.07112970711297072,False
full_all_candidates,hidden.layer_22.output_mean,hidden,239,0.036290322580645164,-0.00034867474460043013,-0.00014626572374254465,5.449487434816547e-05,0.00011038069351343438,0.0002190487866755575,-0.000582353153731674,-0.0004415775620145723,-0.0003864688624162227,-0.00033038291439879686,-0.00011893108603544533,-1.718176086302312,162,0.6778242677824268,False
full_all_candidates,hidden.layer_22.output_rms,hidden,239,0.036290322580645164,0.1426541805267334,0.15351445972919464,0.15429818630218506,0.1557316780090332,0.15996548533439636,0.1427651345729828,0.15290281176567078,0.1550249308347702,0.1567227616906166,0.16090834140777588,0.3277731106556,2,0.008368200836820083,False
full_all_candidates,hidden.layer_23.input_mean,hidden,239,0.036290322580645164,-0.0010558280628174543,0.0010641245753504336,0.0016841505421325564,0.002093614893965423,0.0026496511418372393,-0.0028300650883466005,-0.0011633002432063222,-0.0007024733349680901,-0.00021440439741127193,0.001798124983906746,-2.3182577183547077,77,0.32217573221757323,False
full_all_candidates,hidden.layer_23.input_rms,hidden,239,0.036290322580645164,1.0713976621627808,1.0868685841560364,1.0879110097885132,1.0931200981140137,1.1048585176467896,1.0736008882522583,1.089016318321228,1.0955586433410645,1.1000316143035889,1.113198161125183,1.2233250383760952,19,0.0794979079497908,False
full_all_candidates,hidden.layer_23.output_mean,hidden,239,0.036290322580645164,0.0014725819928571582,0.001583718170877546,0.0016494746087118983,0.0017057909863069654,0.0018384454306215048,0.001534210634417832,0.0017641228041611612,0.0018058459972962737,0.0018560761818662286,0.0019953225273638964,1.2809681503150636,74,0.30962343096234307,False
full_all_candidates,hidden.layer_23.output_rms,hidden,239,0.036290322580645164,0.1272381693124771,0.13557660579681396,0.13638697564601898,0.13778913021087646,0.1426144689321518,0.12766584753990173,0.13585680723190308,0.13794194161891937,0.13999579101800919,0.14418689906597137,0.7028017241379311,8,0.03347280334728033,False
full_all_candidates,hidden.layer_24.input_mean,hidden,239,0.036290322580645164,0.003136049723252654,0.005333917681127787,0.00568504398688674,0.006058766273781657,0.0069514852948486805,0.002034693956375122,0.0034468426601961255,0.0038829112891107798,0.004318146267905831,0.005710467230528593,-2.4862194892009866,30,0.12552301255230125,False
full_all_candidates,hidden.layer_24.input_rms,hidden,239,0.036290322580645164,1.068570852279663,1.0917954444885254,1.0932999849319458,1.0994775891304016,1.1136791706085205,1.0712703466415405,1.0939671397209167,1.1014273166656494,1.1067096590995789,1.123806118965149,1.05795088644916,18,0.07531380753138076,False
full_all_candidates,hidden.layer_24.output_mean,hidden,239,0.036290322580645164,0.0008977195248007774,0.0010383419576101005,0.0011209814110770822,0.0011615768307819963,0.001257411320693791,0.000923803832847625,0.001154585974290967,0.0012121087638661265,0.0012705287663266063,0.0013859387254342437,0.7394607584975904,75,0.3138075313807531,False
full_all_candidates,hidden.layer_24.output_rms,hidden,239,0.036290322580645164,0.10680869966745377,0.11758450791239738,0.11864861845970154,0.119814682751894,0.12571893632411957,0.10747919976711273,0.11858190968632698,0.12158588320016861,0.12330981716513634,0.12978751957416534,1.3170558148391904,19,0.0794979079497908,False
full_all_candidates,hidden.layer_25.input_mean,hidden,239,0.036290322580645164,0.005814775824546814,0.008448425214737654,0.008809832856059074,0.009089411236345768,0.009741958230733871,0.00500139594078064,0.006729503395035863,0.00727997999638319,0.007761550135910511,0.009532731026411057,-2.3867179752809102,21,0.08786610878661087,False
full_all_candidates,hidden.layer_25.input_rms,hidden,239,0.036290322580645164,1.1077353954315186,1.1325042843818665,1.1344773769378662,1.1407087445259094,1.155854344367981,1.1096826791763306,1.1342521905899048,1.1423885822296143,1.1480467915534973,1.1670961380004883,0.9642566546553528,17,0.07112970711297072,False
full_all_candidates,hidden.layer_25.output_mean,hidden,239,0.036290322580645164,-7.652192289242521e-05,-6.004041097185109e-06,3.859703065245412e-05,0.00011788684787461534,0.0005020813550800085,-4.379864185466431e-05,8.551267092116177e-05,0.00012326589785516262,0.0001892877189675346,0.0004982436657883227,0.6834148007605344,0,0.0,False
full_all_candidates,hidden.layer_25.output_rms,hidden,239,0.036290322580645164,0.11299560219049454,0.12238699942827225,0.1236809566617012,0.12505073472857475,0.13098159432411194,0.11313482373952866,0.12276360765099525,0.12530875205993652,0.12692777812480927,0.13250602781772614,0.6110950281172688,3,0.012552301255230125,False
full_all_candidates,hidden.layer_26.input_mean,hidden,239,0.036290322580645164,0.006831065285950899,0.007988860365003347,0.008317832835018635,0.008641093503683805,0.009969999082386494,0.005869367625564337,0.0068788493517786264,0.007210718933492899,0.0076279721688479185,0.008707446977496147,-1.6974205017634543,55,0.2301255230125523,False
full_all_candidates,hidden.layer_26.input_rms,hidden,239,0.036290322580645164,1.1699438095092773,1.1929125785827637,1.1949266195297241,1.2010117173194885,1.2159603834152222,1.1718388795852661,1.1963383555412292,1.2042889595031738,1.2101153135299683,1.2295085191726685,1.1559673537875053,25,0.10460251046025104,False
full_all_candidates,hidden.layer_26.output_mean,hidden,239,0.036290322580645164,-0.001510645728558302,-0.0009195145103149116,-0.0007947142003104091,-0.0006832073850091547,-0.00045750977005809546,-0.0016612170729786158,-0.0010387453949078918,-0.0009045562474057078,-0.0008165012404788285,-0.0005754805752076209,-0.4648274864889264,16,0.06694560669456066,False
full_all_candidates,hidden.layer_26.output_rms,hidden,239,0.036290322580645164,0.1669122278690338,0.1838701143860817,0.1852511763572693,0.1867080107331276,0.19059480726718903,0.16634349524974823,0.1809886321425438,0.1831430196762085,0.18460025638341904,0.18893322348594666,-0.7428589431235822,13,0.05439330543933055,False
full_all_candidates,hidden.layer_27.input_mean,hidden,239,0.036290322580645164,0.010997298173606396,0.014224173035472631,0.014626768417656422,0.0149450171738863,0.016149844974279404,0.010325024835765362,0.012895481195300817,0.013429484330117702,0.01392247574403882,0.01525065116584301,-1.6609472474500986,7,0.029288702928870293,False
full_all_candidates,hidden.layer_27.input_rms,hidden,239,0.036290322580645164,1.1974109411239624,1.2197732329368591,1.2214897871017456,1.2273346781730652,1.2404340505599976,1.1990514993667603,1.2233260869979858,1.2304960489273071,1.2357402443885803,1.2530574798583984,1.1910767775500553,27,0.11297071129707113,False
full_all_candidates,hidden.layer_27.output_mean,hidden,239,0.036290322580645164,0.0011345414677634835,0.0017521375557407737,0.0018461088184267282,0.001944141578860581,0.0021346586290746927,0.001236823620274663,0.001893437234684825,0.0020034178160130978,0.0020714510465040803,0.0022556562907993793,0.8193005283447179,28,0.11715481171548117,False
full_all_candidates,hidden.layer_27.output_rms,hidden,239,0.036290322580645164,0.1702803373336792,0.1848875656723976,0.1865260750055313,0.18848637491464615,0.19577039778232574,0.17049627006053925,0.18453063070774078,0.18817369639873505,0.1911846622824669,0.19997788965702057,0.4578240418695551,11,0.04602510460251046,False
full_all_candidates,hidden.layer_28.input_mean,hidden,239,0.036290322580645164,0.00733461556956172,0.013404519762843847,0.014043333940207958,0.014776112046092749,0.016123274341225624,0.007338688708841801,0.012676496990025043,0.013641680590808392,0.014243961311876774,0.016599491238594055,-0.2928372770136671,2,0.008368200836820083,False
full_all_candidates,hidden.layer_28.input_rms,hidden,239,0.036290322580645164,1.1929905414581299,1.213077962398529,1.2145767211914062,1.2196998000144958,1.2325772047042847,1.1937248706817627,1.2147047519683838,1.2212108373641968,1.225682556629181,1.2411930561065674,1.0018542521782963,14,0.058577405857740586,False
full_all_candidates,hidden.layer_28.output_mean,hidden,239,0.036290322580645164,-0.00045278447214514017,-0.00031516022863797843,-0.00023856840562075377,-0.0001584060228196904,-6.885274615342496e-06,-0.00037480765604414046,-0.00022288136096904054,-0.00017349552945233881,-0.00011323779472149909,2.679587487364188e-05,0.41512682756243535,5,0.02092050209205021,False
full_all_candidates,hidden.layer_28.output_rms,hidden,239,0.036290322580645164,0.18886098265647888,0.1969112902879715,0.19880719482898712,0.2007116973400116,0.20753440260887146,0.18795287609100342,0.197605162858963,0.200099378824234,0.20212990790605545,0.20800459384918213,0.3400119980708984,4,0.016736401673640166,False
full_all_candidates,hidden.layer_29.input_mean,hidden,239,0.036290322580645164,0.01191895641386509,0.015099974814802408,0.015541130676865578,0.016105052083730698,0.017169149592518806,0.011491440236568451,0.014159168116748333,0.014735264703631401,0.015298213344067335,0.0167783722281456,-0.801795044169558,6,0.02510460251046025,False
full_all_candidates,hidden.layer_29.input_rms,hidden,239,0.036290322580645164,1.2591100931167603,1.2718724012374878,1.2729936838150024,1.2768608331680298,1.285902976989746,1.259263277053833,1.2734296917915344,1.2780393362045288,1.2810765504837036,1.2926850318908691,1.0114706304067294,17,0.07112970711297072,False
full_all_candidates,hidden.layer_29.output_mean,hidden,239,0.036290322580645164,-0.0019082063809037209,-0.0016457302845083177,-0.001534022274427116,-0.0014221244491636753,-0.0011985055170953274,-0.0015230579301714897,-0.0013248518807813525,-0.0012539249146357179,-0.0011838845093734562,-0.0008058774983510375,1.2526388649906457,73,0.3054393305439331,False
full_all_candidates,hidden.layer_29.output_rms,hidden,239,0.036290322580645164,0.2302217334508896,0.24221106618642807,0.24337048828601837,0.2467590570449829,0.2537587583065033,0.22949208319187164,0.2412169724702835,0.24522390961647034,0.24744253605604172,0.2549242377281189,0.40752529811392463,8,0.03347280334728033,False
full_all_candidates,hidden.layer_3.input_mean,hidden,239,0.036290322580645164,-0.0006360083934850991,-0.00029336492298170924,-0.00017704462516121566,0.00011794645615736954,0.0005785904941149056,-0.00032822979846969247,7.617417054461839e-06,0.0001409655815223232,0.0002604944456834346,0.0007085478864610195,0.7731617037903745,8,0.03347280334728033,False
full_all_candidates,hidden.layer_3.input_rms,hidden,239,0.036290322580645164,0.47148752212524414,0.4929482191801071,0.4940246045589447,0.4947569817304611,0.49608972668647766,0.46680477261543274,0.48455609381198883,0.4855930209159851,0.48633037507534027,0.4886569678783417,-4.6615204639820735,22,0.09205020920502092,False
full_all_candidates,hidden.layer_3.output_mean,hidden,239,0.036290322580645164,-0.00018052925588563085,-0.0001622829440748319,-0.00015850274940021336,-0.00014856384950689971,-8.378596976399422e-05,-0.00015529728261753917,-0.00013595462223747745,-0.00013172946637496352,-0.00012706354027613997,-8.455725037492812e-05,1.951534257066153,0,0.0,False
full_all_candidates,hidden.layer_3.output_rms,hidden,239,0.036290322580645164,0.02604803256690502,0.028770148754119873,0.028879616409540176,0.02893116232007742,0.029030805453658104,0.025623509660363197,0.027782670222222805,0.027883432805538177,0.02796511072665453,0.0282568521797657,-6.186954484721234,19,0.0794979079497908,False
full_all_candidates,hidden.layer_30.input_mean,hidden,239,0.036290322580645164,0.00869318749755621,0.011755803599953651,0.012252576649188995,0.012721359729766846,0.013672319240868092,0.00846795178949833,0.011171682272106409,0.011766178533434868,0.012160830665379763,0.013221373781561852,-0.5037491873706303,5,0.02092050209205021,False
full_all_candidates,hidden.layer_30.input_rms,hidden,239,0.036290322580645164,1.2460150718688965,1.254260003566742,1.255365252494812,1.2582951784133911,1.2654751539230347,1.2456059455871582,1.2556878924369812,1.2594000101089478,1.2619078755378723,1.2700430154800415,0.999896601131479,21,0.08786610878661087,False
full_all_candidates,hidden.layer_30.output_mean,hidden,239,0.036290322580645164,-0.004049506038427353,-0.0034375902032479644,-0.0031864179763942957,-0.003015393507666886,-0.002682256978005171,-0.004597022198140621,-0.004066538996994495,-0.003913139458745718,-0.0036842558765783906,-0.002709898864850402,-1.7212865234561339,67,0.2803347280334728,False
full_all_candidates,hidden.layer_30.output_rms,hidden,239,0.036290322580645164,0.31761834025382996,0.3302784860134125,0.3321262001991272,0.33619843423366547,0.3464723825454712,0.3177591860294342,0.3336886167526245,0.338005930185318,0.341025248169899,0.3507474660873413,0.9932063199599276,4,0.016736401673640166,False
full_all_candidates,hidden.layer_31.input_mean,hidden,239,0.036290322580645164,0.01160159520804882,0.012573609594255686,0.012957804836332798,0.013135001994669437,0.014188684523105621,0.010781140998005867,0.011368222534656525,0.011712896637618542,0.012003967072814703,0.01319693773984909,-2.217536606831063,93,0.3891213389121339,False
full_all_candidates,hidden.layer_31.input_rms,hidden,239,0.036290322580645164,1.1501988172531128,1.15951007604599,1.1603517532348633,1.1623538136482239,1.1676989793777466,1.1503878831863403,1.1607124209403992,1.1632728576660156,1.1654424667358398,1.1716961860656738,1.0272060364703417,20,0.08368200836820083,False
full_all_candidates,hidden.layer_31.output_mean,hidden,239,0.036290322580645164,-0.018298741430044174,-0.017335357144474983,-0.017146088182926178,-0.016926213167607784,-0.01629401184618473,-0.016853176057338715,-0.016097824089229107,-0.015785491093993187,-0.015499977394938469,-0.014591564424335957,3.325472610769038,199,0.8326359832635983,False
full_all_candidates,hidden.layer_31.output_rms,hidden,239,0.036290322580645164,0.8634429574012756,0.9062467813491821,0.9158471822738647,0.9345691800117493,1.0277893543243408,0.8297047019004822,0.8686138987541199,0.8820559978485107,0.9006194770336151,0.9938538670539856,-1.1930904874245272,41,0.17154811715481172,False
full_all_candidates,hidden.layer_4.input_mean,hidden,239,0.036290322580645164,0.005359018221497536,0.005687035387381911,0.005827572662383318,0.0059662023559212685,0.00648756418377161,0.005845355335623026,0.006199368275702,0.006373923737555742,0.006516584428027272,0.007121452130377293,1.9570763619743905,69,0.28870292887029286,False
full_all_candidates,hidden.layer_4.input_rms,hidden,239,0.036290322580645164,0.6534102559089661,0.665865033864975,0.6666445732116699,0.6670963764190674,0.6683295369148254,0.6501486897468567,0.6596063077449799,0.660253643989563,0.6607253849506378,0.6619153022766113,-5.190212261296803,25,0.10460251046025104,False
full_all_candidates,hidden.layer_4.output_mean,hidden,239,0.036290322580645164,-0.00021560571622103453,-0.0002021967084147036,-0.00018540123710408807,-0.00016649490862619132,-0.0001248665212187916,-0.00016399887681473047,-0.00012260911898920313,-9.887370106298476e-05,-7.936796100693755e-05,-1.9525414245435968e-05,2.4236183204675616,186,0.7782426778242678,False
full_all_candidates,hidden.layer_4.output_rms,hidden,239,0.036290322580645164,0.0300523079931736,0.03285310044884682,0.033011969178915024,0.033134449273347855,0.033340729773044586,0.029572971165180206,0.03179992735385895,0.03197517991065979,0.03211190365254879,0.03250565007328987,-3.685066998569991,21,0.08786610878661087,False
full_all_candidates,hidden.layer_5.input_mean,hidden,239,0.036290322580645164,0.00046443904284387827,0.000702495570294559,0.000901755120139569,0.0014465265558101237,0.0023594731464982033,0.0009371782070957124,0.0017188791534863412,0.0019156909547746181,0.0022533342707902193,0.0030531936790794134,1.3627602268908976,45,0.18828451882845187,False
full_all_candidates,hidden.layer_5.input_rms,hidden,239,0.036290322580645164,0.7336916327476501,0.7431568503379822,0.7443750500679016,0.7454254031181335,0.7471150159835815,0.7310054302215576,0.7385661602020264,0.7395672798156738,0.7403045892715454,0.7428484559059143,-2.119311613242249,23,0.09623430962343096,False
full_all_candidates,hidden.layer_5.output_mean,hidden,239,0.036290322580645164,-4.103703031432815e-05,0.00016325381875503808,0.00018569020903669298,0.00022867163352202624,0.0002850224555004388,-1.6314439562847838e-05,0.00018967840151162818,0.0002244610950583592,0.00025197504146490246,0.00029455803451128304,0.5926655630391251,5,0.02092050209205021,False
full_all_candidates,hidden.layer_5.output_rms,hidden,239,0.036290322580645164,0.03907628357410431,0.04288272559642792,0.04306385666131973,0.0435190387070179,0.044519275426864624,0.03900023177266121,0.041973698884248734,0.04242926836013794,0.042689019814133644,0.04442373663187027,-0.997289369998068,5,0.02092050209205021,False
full_all_candidates,hidden.layer_6.input_mean,hidden,239,0.036290322580645164,0.010400746949017048,0.011413180734962225,0.011620225384831429,0.011929251719266176,0.012889073230326176,0.010892357677221298,0.012328273616731167,0.012777927331626415,0.013082032557576895,0.014054329134523869,2.2432998211601314,96,0.401673640167364,False
full_all_candidates,hidden.layer_6.input_rms,hidden,239,0.036290322580645164,0.8571165800094604,0.8638999462127686,0.8642386198043823,0.8653826117515564,0.8676528930664062,0.855867326259613,0.8618057668209076,0.862669825553894,0.8634582757949829,0.8674891591072083,-1.0580904522613066,19,0.0794979079497908,False
full_all_candidates,hidden.layer_6.output_mean,hidden,239,0.036290322580645164,0.00011557726975297555,0.0002773238666122779,0.00029839761555194855,0.00032078096410259604,0.00037778011756017804,0.00010975879558827728,0.0002699103788472712,0.00030135660199448466,0.0003219996142433956,0.00036806639400310814,0.06808983142961522,3,0.012552301255230125,False
full_all_candidates,hidden.layer_6.output_rms,hidden,239,0.036290322580645164,0.052780069410800934,0.05513560399413109,0.05529684200882912,0.05555386655032635,0.05636122077703476,0.05177747830748558,0.05381727032363415,0.054121289402246475,0.05433026701211929,0.055799517780542374,-2.8105614264783814,29,0.12133891213389121,False
full_all_candidates,hidden.layer_7.input_mean,hidden,239,0.036290322580645164,0.010747207328677177,0.011138095986098051,0.01134984940290451,0.011550260707736015,0.012151801027357578,0.011263175867497921,0.011946136131882668,0.012179559096693993,0.012426400557160378,0.013220642693340778,2.013053641495983,129,0.5397489539748954,False
full_all_candidates,hidden.layer_7.input_rms,hidden,239,0.036290322580645164,0.8004317879676819,0.8133310377597809,0.8139351010322571,0.8163359463214874,0.8213615417480469,0.7987867593765259,0.8105410039424896,0.8125523328781128,0.8142145276069641,0.8236215114593506,-0.4601697941048122,16,0.06694560669456066,False
full_all_candidates,hidden.layer_7.output_mean,hidden,239,0.036290322580645164,3.002694393217098e-05,9.556959048495628e-05,0.00012341364345047623,0.00014085967268329114,0.00027836699155159295,2.3733275156700984e-05,0.00010619675231282599,0.0001471974974265322,0.00018308162543689832,0.0003149030089844018,0.5251448622217432,6,0.02510460251046025,False
full_all_candidates,hidden.layer_7.output_rms,hidden,239,0.036290322580645164,0.05126892402768135,0.05602676793932915,0.05626598000526428,0.05708114989101887,0.0587373785674572,0.05114709213376045,0.055655183270573616,0.05641894415020943,0.05702972784638405,0.0599401630461216,0.14507469963802871,9,0.03765690376569038,False
full_all_candidates,hidden.layer_8.input_mean,hidden,239,0.036290322580645164,0.011909984983503819,0.014167943503707647,0.014540664851665497,0.015065734274685383,0.016576169058680534,0.012608423829078674,0.01563236303627491,0.016416382044553757,0.017018399201333523,0.018864266574382782,2.0892587154193145,96,0.401673640167364,False
full_all_candidates,hidden.layer_8.input_rms,hidden,239,0.036290322580645164,0.8017079830169678,0.813208669424057,0.8141544461250305,0.816489964723587,0.8224071860313416,0.8012158870697021,0.8127579092979431,0.8152251243591309,0.8171118497848511,0.8257661461830139,0.3262974332891319,12,0.0502092050209205,False
full_all_candidates,hidden.layer_8.output_mean,hidden,239,0.036290322580645164,-0.0006269069854170084,-0.0005645703931804746,-0.0005422308458946645,-0.000499302870593965,-0.00034353166120126843,-0.0005611352971754968,-0.000499994377605617,-0.0004796745197381824,-0.00045952793152537197,-0.0003257269854657352,0.9584602521654794,7,0.029288702928870293,False
full_all_candidates,hidden.layer_8.output_rms,hidden,239,0.036290322580645164,0.048132944852113724,0.05238802172243595,0.05270380526781082,0.05330408364534378,0.05487363040447235,0.04771322384476662,0.051795339211821556,0.05244067683815956,0.05298488587141037,0.05525483936071396,-0.28723869322722123,17,0.07112970711297072,False
full_all_candidates,hidden.layer_9.input_mean,hidden,239,0.036290322580645164,0.009025119245052338,0.009449031203985214,0.009627606719732285,0.009982443880289793,0.01070268452167511,0.009967566467821598,0.010752462781965733,0.011088140308856964,0.011481186375021935,0.01224637683480978,2.738093138774067,186,0.7782426778242678,False
full_all_candidates,hidden.layer_9.input_rms,hidden,239,0.036290322580645164,0.7963388562202454,0.8077427446842194,0.8085591793060303,0.8106754124164581,0.8163716197013855,0.7955734133720398,0.8068171143531799,0.8092061877250671,0.811253160238266,0.8194887638092041,0.2206211129628877,13,0.05439330543933055,False
full_all_candidates,hidden.layer_9.output_mean,hidden,239,0.036290322580645164,0.00013399457384366542,0.0002617973805172369,0.00030406954465433955,0.0003230220318073407,0.0004163836420048028,0.00013323478924576193,0.00028873502742499113,0.00033996961428783834,0.0003712189063662663,0.0004907944821752608,0.5863662573330424,13,0.05439330543933055,False
full_all_candidates,hidden.layer_9.output_rms,hidden,239,0.036290322580645164,0.04835169017314911,0.051797691732645035,0.052035167813301086,0.0524956788867712,0.053984902799129486,0.04787147045135498,0.051112670451402664,0.05167026445269585,0.05214177444577217,0.054343100637197495,-0.522793805656888,21,0.08786610878661087,False
full_all_candidates,sampling.completion_count,sampling,239,0.036290322580645164,32.0,36.0,45.0,50.0,52.0,30.0,33.0,37.0,40.0,51.0,-0.5714285714285714,44,0.18410041841004185,False
full_all_candidates,sampling.mean_entropy,sampling,239,0.036290322580645164,0.05376614660632854,0.1118442034234806,0.13376716509157296,0.16394540993725415,0.2327300412580371,0.039520185541462256,0.0953513612349828,0.140774933497111,0.17494102891197733,0.2595493933733772,0.13450299665681373,7,0.029288702928870293,False
full_all_candidates,sampling.mean_logprob,sampling,239,0.036290322580645164,-0.27251938660629094,-0.16931669902169344,-0.12901574525297904,-0.10883393921642279,-0.03762569810662951,-0.3979178102630557,-0.18425996361921232,-0.13256331781546274,-0.0732503661574167,-0.02466483422099276,-0.05865427725033392,18,0.07531380753138076,False
full_all_candidates,sampling.min_logprob,sampling,239,0.036290322580645164,-3.797807216644287,-2.3335742950439453,-1.8626413345336914,-1.2920029163360596,-0.7570966482162476,-3.5747787952423096,-2.234721302986145,-1.6435446739196777,-1.135793149471283,-0.4679067134857178,0.21035203644498424,22,0.09205020920502092,False
full_selected_candidates,graph.activation_max,graph,224,0.0,6.879843235015869,7.823474407196045,8.186887741088867,8.555687427520752,10.386173248291016,6.456315994262695,7.96008825302124,8.516746997833252,8.989743947982788,13.042732238769531,0.45049630037732113,32,0.14285714285714285,False
full_selected_candidates,graph.activation_mean,graph,224,0.0,6.692624409993489,7.260957309177943,7.438002872467041,7.699861749013265,8.400646209716797,6.456315994262695,7.217499051775251,7.506722609202067,7.871727486451467,9.941026329994202,0.15657106763561185,28,0.125,False
full_selected_candidates,graph.activation_missing,graph,224,0.0,0.0,0.0,0.0,0.0,0.0,0.0,0.0,0.0,0.0,0.0,,0,0.0,True
full_selected_candidates,graph.activation_q50,graph,224,0.0,6.534737586975098,7.045977354049683,7.379246711730957,7.66068172454834,8.43862771987915,6.456315994262695,7.084259569644928,7.37159538269043,7.68233335018158,9.747570037841797,-0.012447168765565264,12,0.05357142857142857,False
full_selected_candidates,graph.activation_q90,graph,224,0.0,6.842477321624756,7.694790196418762,8.064454364776612,8.263207721710206,9.835565376281739,6.456315994262695,7.750796055793763,8.268230104446411,8.728370141983032,12.191361236572266,0.3584965814791125,32,0.14285714285714285,False
full_selected_candidates,graph.activation_q99,graph,224,0.0,6.876106643676758,7.811902914047241,8.17111415863037,8.544005966186523,10.331112461090088,6.456315994262695,7.93676641702652,8.491277866363525,8.977452456951141,12.956451206207275,0.4373205476983095,32,0.14285714285714285,False
full_selected_candidates,graph.activation_std,graph,224,0.0,0.0,0.3702107800870539,0.5234408813695781,0.6573177856540461,1.3383298070574934,0.0,0.463665034149918,0.6433357069852195,0.8295461630100021,2.5210374168026077,0.417596308313228,26,0.11607142857142858,False
full_selected_candidates,graph.degree_max,graph,224,0.0,413.0,445.0,462.0,490.5,566.0,479.0,546.0,570.0,602.0,778.0,2.3736263736263736,121,0.5401785714285714,False
full_selected_candidates,graph.degree_mean,graph,224,0.0,2.131812420785805,3.9597723699246483,4.810752688172043,5.439000429790631,8.517967781908302,1.9860696517412935,4.085394556658679,4.92458850735537,5.967137127198315,9.45595353339787,0.07695623296494307,5,0.022321428571428572,False
full_selected_candidates,graph.degree_std,graph,224,0.0,21.189120397136776,28.38649762695087,30.998353968190802,33.08902378121156,42.44514631187392,22.334994873516315,32.38908732672561,34.9886123153377,38.910303886887164,50.491929002282234,0.8485350673768293,15,0.06696428571428571,False
full_selected_candidates,graph.density,graph,224,0.0,0.0012159537163951935,0.0023577314812156997,0.0026722826722826725,0.0033294598389032944,0.00528409912029051,0.0009890785118233535,0.001988068860148893,0.00240033086514789,0.002836613658386966,0.0045813728359485805,-0.27986402268010535,3,0.013392857142857142,False
full_selected_candidates,graph.edge_abs_effective_count,graph,224,0.0,63.735127305726955,151.91938808310016,194.4104572219177,240.4586867717731,408.307886177182,59.567664590687045,184.4788071009051,230.1689528698672,273.4933632590398,454.8458991734746,0.4038714579577326,5,0.022321428571428572,False
full_selected_candidates,graph.edge_abs_hhi,graph,224,0.0,0.0024491322206940127,0.00415872070495234,0.005143756227364403,0.00658250130668423,0.015689934927142515,0.0021985468085282396,0.00365639596541474,0.00434469478324101,0.005420676911864544,0.016787631458634395,-0.3296756495007967,5,0.022321428571428572,False
full_selected_candidates,graph.edge_abs_sum,graph,224,0.0,21.06572769957711,66.14592803421692,87.04732276244613,108.28738190051081,207.96408171777148,23.240919367293827,80.00288770389307,107.16818084139959,135.8345424880099,221.6264980098931,0.4774599885137513,1,0.004464285714285714,False
full_selected_candidates,graph.edge_abs_top10_share,graph,224,0.0,0.07500045744676678,0.12038390205150434,0.1381740958670518,0.1706262329824837,0.30900744850327544,0.07291468602451927,0.10880451682767588,0.12496772938051398,0.14847732262612928,0.3085089655187967,-0.2628533796467389,2,0.008928571428571428,False
full_selected_candidates,graph.edge_abs_top1_share,graph,224,0.0,0.009326836934978024,0.016150994824215503,0.01980054003794312,0.02423867289383109,0.05333705670523701,0.008423826829959532,0.01445274142100138,0.017633880119964612,0.021284669962102255,0.07839155396029025,-0.2678964097394508,6,0.026785714285714284,False
full_selected_candidates,graph.edge_count,graph,224,0.0,841.0,1609.5,1975.0,2263.0,3437.0,998.0,2092.25,2523.0,3137.0,4884.0,0.8385615914307575,34,0.15178571428571427,False
full_selected_candidates,graph.edge_negative_abs_sum,graph,224,0.0,10.724576044274727,34.263029113033554,43.57617456233129,56.5085974085232,105.64585712342523,8.793995836516842,41.06295218603918,57.14110563853319,73.7156081847279,115.55092558875913,0.6097812785008612,6,0.026785714285714284,False
full_selected_candidates,graph.edge_negative_fraction,graph,224,0.0,0.4611579866162351,0.4876523672741428,0.5022727272727273,0.5166900101910162,0.5333653384541527,0.4593392630241423,0.49332404111265304,0.5055162879221973,0.5174418459374502,0.5605,0.11170192631527819,8,0.03571428571428571,False
full_selected_candidates,graph.edge_positive_sum,graph,224,0.0,10.341151655302383,32.60238956033572,43.159833651880035,53.30887921321846,102.31822459434625,14.446923530776985,38.093406079347915,49.98648759882781,62.14851849839033,106.07557242113398,0.32968668573899834,1,0.004464285714285714,False
full_selected_candidates,graph.edge_signed_mean,graph,224,0.0,-0.007713904300887694,-0.0022067991469228126,-0.0005694853999423646,0.0009608090877023138,0.003907687470578262,-0.009901877463347059,-0.004062933762781731,-0.00224373387461776,-0.00021577635029666195,0.006953059134676724,-0.5285528861726602,14,0.0625,False
full_selected_candidates,graph.edge_signed_std,graph,224,0.0,0.08314971039326452,0.12204744876822966,0.13853561613559584,0.15990547674276795,0.1832323065017943,0.08168939274141017,0.11591053390973914,0.13773734208722027,0.15020698793417392,0.19513889065047813,-0.021085991296547577,4,0.017857142857142856,False
full_selected_candidates,graph.edge_signed_sum,graph,224,0.0,-20.40327687584795,-4.423975394049194,-1.1336887072829995,1.9849084141897038,9.744925454171607,-28.10152824097895,-11.727878606438026,-5.838202046310471,-0.7005559356548474,6.946106075542048,-0.7340612624275722,10,0.044642857142857144,False
full_selected_candidates,graph.empty_after_pruning,graph,224,0.0,0.0,0.0,0.0,0.0,0.0,0.0,0.0,0.0,0.0,0.0,,0,0.0,True
full_selected_candidates,graph.error_influence_fraction,graph,224,0.0,0.36571533715211924,0.39979109277507263,0.40596307643505064,0.4130495276278836,0.4294728149030215,0.3648158478846255,0.3985861302342284,0.4062501323234516,0.4131827898145949,0.4287075285226552,0.02165081260252107,1,0.004464285714285714,False
full_selected_candidates,graph.error_node_count,graph,224,0.0,96.0,96.0,96.0,96.0,96.0,96.0,96.0,96.0,96.0,96.0,,0,0.0,True
full_selected_candidates,graph.feature_node_count,graph,224,0.0,1.0,3.0,4.0,5.0,7.0,1.0,3.0,4.0,6.0,10.0,0.0,10,0.044642857142857144,False
full_selected_candidates,graph.graph_missing,graph,224,0.0,0.0,0.0,0.0,0.0,0.0,0.0,0.0,0.0,0.0,0.0,,0,0.0,True
full_selected_candidates,graph.input_logit_min_hops,graph,224,0.0,1.0,1.0,1.0,1.0,1.0,1.0,1.0,1.0,1.0,1.0,,0,0.0,True
full_selected_candidates,graph.input_logit_min_positive_distance,graph,224,0.0,33.859847040023865,55.0456677959885,70.60465613147294,85.04694261443913,248.02093142138207,25.15636202161933,61.717335565959495,81.82107034708363,113.37014307458864,286.6460117146459,0.37386458687124385,7,0.03125,False
full_selected_candidates,graph.input_logit_path_missing,graph,224,0.0,0.0,0.0,0.0,0.0,0.0,0.0,0.0,0.0,0.0,0.0,,0,0.0,True
full_selected_candidates,graph.input_logit_reachability_missing,graph,224,0.0,0.0,0.0,0.0,0.0,0.0,0.0,0.0,0.0,0.0,0.0,,0,0.0,True
full_selected_candidates,graph.input_logit_reachable_logit_fraction,graph,224,0.0,1.0,1.0,1.0,1.0,1.0,1.0,1.0,1.0,1.0,1.0,,0,0.0,True
full_selected_candidates,graph.layer_0_activation_mean,graph,224,0.0,0.0,0.0,0.0,0.0,0.0,0.0,0.0,0.0,0.0,0.0,,0,0.0,True
full_selected_candidates,graph.layer_0_feature_count,graph,224,0.0,0.0,0.0,0.0,0.0,0.0,0.0,0.0,0.0,0.0,0.0,,0,0.0,True
full_selected_candidates,graph.layer_0_feature_fraction,graph,224,0.0,0.0,0.0,0.0,0.0,0.0,0.0,0.0,0.0,0.0,0.0,,0,0.0,True
full_selected_candidates,graph.layer_10_activation_mean,graph,224,0.0,0.0,0.0,0.0,0.0,0.0,0.0,0.0,0.0,0.0,0.0,,0,0.0,True
full_selected_candidates,graph.layer_10_feature_count,graph,224,0.0,0.0,0.0,0.0,0.0,0.0,0.0,0.0,0.0,0.0,0.0,,0,0.0,True
full_selected_candidates,graph.layer_10_feature_fraction,graph,224,0.0,0.0,0.0,0.0,0.0,0.0,0.0,0.0,0.0,0.0,0.0,,0,0.0,True
full_selected_candidates,graph.layer_11_activation_mean,graph,224,0.0,0.0,0.0,0.0,0.0,0.0,0.0,0.0,0.0,0.0,0.0,,0,0.0,True
full_selected_candidates,graph.layer_11_feature_count,graph,224,0.0,0.0,0.0,0.0,0.0,0.0,0.0,0.0,0.0,0.0,0.0,,0,0.0,True
full_selected_candidates,graph.layer_11_feature_fraction,graph,224,0.0,0.0,0.0,0.0,0.0,0.0,0.0,0.0,0.0,0.0,0.0,,0,0.0,True
full_selected_candidates,graph.layer_12_activation_mean,graph,224,0.0,0.0,0.0,0.0,0.0,0.0,0.0,0.0,0.0,0.0,0.0,,0,0.0,True
full_selected_candidates,graph.layer_12_feature_count,graph,224,0.0,0.0,0.0,0.0,0.0,0.0,0.0,0.0,0.0,0.0,0.0,,0,0.0,True
full_selected_candidates,graph.layer_12_feature_fraction,graph,224,0.0,0.0,0.0,0.0,0.0,0.0,0.0,0.0,0.0,0.0,0.0,,0,0.0,True
full_selected_candidates,graph.layer_13_activation_mean,graph,224,0.0,0.0,0.0,0.0,0.0,0.0,0.0,0.0,0.0,0.0,0.0,,0,0.0,True
full_selected_candidates,graph.layer_13_feature_count,graph,224,0.0,0.0,0.0,0.0,0.0,0.0,0.0,0.0,0.0,0.0,0.0,,0,0.0,True
full_selected_candidates,graph.layer_13_feature_fraction,graph,224,0.0,0.0,0.0,0.0,0.0,0.0,0.0,0.0,0.0,0.0,0.0,,0,0.0,True
full_selected_candidates,graph.layer_14_activation_mean,graph,224,0.0,0.0,0.0,0.0,0.0,0.0,0.0,0.0,0.0,0.0,0.0,,0,0.0,True
full_selected_candidates,graph.layer_14_feature_count,graph,224,0.0,0.0,0.0,0.0,0.0,0.0,0.0,0.0,0.0,0.0,0.0,,0,0.0,True
full_selected_candidates,graph.layer_14_feature_fraction,graph,224,0.0,0.0,0.0,0.0,0.0,0.0,0.0,0.0,0.0,0.0,0.0,,0,0.0,True
full_selected_candidates,graph.layer_15_activation_mean,graph,224,0.0,0.0,0.0,0.0,0.0,0.0,0.0,0.0,0.0,0.0,0.0,,0,0.0,True
full_selected_candidates,graph.layer_15_feature_count,graph,224,0.0,0.0,0.0,0.0,0.0,0.0,0.0,0.0,0.0,0.0,0.0,,0,0.0,True
full_selected_candidates,graph.layer_15_feature_fraction,graph,224,0.0,0.0,0.0,0.0,0.0,0.0,0.0,0.0,0.0,0.0,0.0,,0,0.0,True
full_selected_candidates,graph.layer_16_activation_mean,graph,224,0.0,0.0,0.0,0.0,0.0,0.0,0.0,0.0,0.0,0.0,0.0,,0,0.0,True
full_selected_candidates,graph.layer_16_feature_count,graph,224,0.0,0.0,0.0,0.0,0.0,0.0,0.0,0.0,0.0,0.0,0.0,,0,0.0,True
full_selected_candidates,graph.layer_16_feature_fraction,graph,224,0.0,0.0,0.0,0.0,0.0,0.0,0.0,0.0,0.0,0.0,0.0,,0,0.0,True
full_selected_candidates,graph.layer_17_activation_mean,graph,224,0.0,0.0,0.0,0.0,0.0,0.0,0.0,0.0,0.0,0.0,0.0,,0,0.0,True
full_selected_candidates,graph.layer_17_feature_count,graph,224,0.0,0.0,0.0,0.0,0.0,0.0,0.0,0.0,0.0,0.0,0.0,,0,0.0,True
full_selected_candidates,graph.layer_17_feature_fraction,graph,224,0.0,0.0,0.0,0.0,0.0,0.0,0.0,0.0,0.0,0.0,0.0,,0,0.0,True
full_selected_candidates,graph.layer_18_activation_mean,graph,224,0.0,0.0,0.0,0.0,0.0,0.0,0.0,0.0,0.0,0.0,0.0,,0,0.0,True
full_selected_candidates,graph.layer_18_feature_count,graph,224,0.0,0.0,0.0,0.0,0.0,0.0,0.0,0.0,0.0,0.0,0.0,,0,0.0,True
full_selected_candidates,graph.layer_18_feature_fraction,graph,224,0.0,0.0,0.0,0.0,0.0,0.0,0.0,0.0,0.0,0.0,0.0,,0,0.0,True
full_selected_candidates,graph.layer_19_activation_mean,graph,224,0.0,0.0,0.0,0.0,0.0,0.0,0.0,0.0,0.0,0.0,0.0,,0,0.0,True
full_selected_candidates,graph.layer_19_feature_count,graph,224,0.0,0.0,0.0,0.0,0.0,0.0,0.0,0.0,0.0,0.0,0.0,,0,0.0,True
full_selected_candidates,graph.layer_19_feature_fraction,graph,224,0.0,0.0,0.0,0.0,0.0,0.0,0.0,0.0,0.0,0.0,0.0,,0,0.0,True
full_selected_candidates,graph.layer_1_activation_mean,graph,224,0.0,0.0,0.0,0.0,0.0,0.0,0.0,0.0,0.0,0.0,0.0,,0,0.0,True
full_selected_candidates,graph.layer_1_feature_count,graph,224,0.0,0.0,0.0,0.0,0.0,0.0,0.0,0.0,0.0,0.0,0.0,,0,0.0,True
full_selected_candidates,graph.layer_1_feature_fraction,graph,224,0.0,0.0,0.0,0.0,0.0,0.0,0.0,0.0,0.0,0.0,0.0,,0,0.0,True
full_selected_candidates,graph.layer_20_activation_mean,graph,224,0.0,0.0,0.0,0.0,0.0,0.0,0.0,0.0,0.0,0.0,0.0,,0,0.0,True
full_selected_candidates,graph.layer_20_feature_count,graph,224,0.0,0.0,0.0,0.0,0.0,0.0,0.0,0.0,0.0,0.0,0.0,,0,0.0,True
full_selected_candidates,graph.layer_20_feature_fraction,graph,224,0.0,0.0,0.0,0.0,0.0,0.0,0.0,0.0,0.0,0.0,0.0,,0,0.0,True
full_selected_candidates,graph.layer_21_activation_mean,graph,224,0.0,0.0,0.0,0.0,0.0,0.0,0.0,0.0,0.0,0.0,0.0,,0,0.0,True
full_selected_candidates,graph.layer_21_feature_count,graph,224,0.0,0.0,0.0,0.0,0.0,0.0,0.0,0.0,0.0,0.0,0.0,,0,0.0,True
full_selected_candidates,graph.layer_21_feature_fraction,graph,224,0.0,0.0,0.0,0.0,0.0,0.0,0.0,0.0,0.0,0.0,0.0,,0,0.0,True
full_selected_candidates,graph.layer_22_activation_mean,graph,224,0.0,0.0,0.0,0.0,0.0,6.589533805847168,0.0,0.0,0.0,0.0,6.589523792266846,,0,0.0,False
full_selected_candidates,graph.layer_22_feature_count,graph,224,0.0,0.0,0.0,0.0,0.0,1.0,0.0,0.0,0.0,0.0,1.0,,0,0.0,False
full_selected_candidates,graph.layer_22_feature_fraction,graph,224,0.0,0.0,0.0,0.0,0.0,0.16666666666666666,0.0,0.0,0.0,0.0,0.2,,2,0.008928571428571428,False
full_selected_candidates,graph.layer_23_activation_mean,graph,224,0.0,0.0,0.0,0.0,0.0,0.0,0.0,0.0,0.0,0.0,0.0,,0,0.0,True
full_selected_candidates,graph.layer_23_feature_count,graph,224,0.0,0.0,0.0,0.0,0.0,0.0,0.0,0.0,0.0,0.0,0.0,,0,0.0,True
full_selected_candidates,graph.layer_23_feature_fraction,graph,224,0.0,0.0,0.0,0.0,0.0,0.0,0.0,0.0,0.0,0.0,0.0,,0,0.0,True
full_selected_candidates,graph.layer_24_activation_mean,graph,224,0.0,0.0,0.0,0.0,0.0,0.0,0.0,0.0,0.0,0.0,0.0,,0,0.0,True
full_selected_candidates,graph.layer_24_feature_count,graph,224,0.0,0.0,0.0,0.0,0.0,0.0,0.0,0.0,0.0,0.0,0.0,,0,0.0,True
full_selected_candidates,graph.layer_24_feature_fraction,graph,224,0.0,0.0,0.0,0.0,0.0,0.0,0.0,0.0,0.0,0.0,0.0,,0,0.0,True
full_selected_candidates,graph.layer_25_activation_mean,graph,224,0.0,0.0,0.0,0.0,0.0,0.0,0.0,0.0,0.0,0.0,0.0,,0,0.0,True
full_selected_candidates,graph.layer_25_feature_count,graph,224,0.0,0.0,0.0,0.0,0.0,0.0,0.0,0.0,0.0,0.0,0.0,,0,0.0,True
full_selected_candidates,graph.layer_25_feature_fraction,graph,224,0.0,0.0,0.0,0.0,0.0,0.0,0.0,0.0,0.0,0.0,0.0,,0,0.0,True
full_selected_candidates,graph.layer_26_activation_mean,graph,224,0.0,0.0,0.0,0.0,0.0,7.644421100616455,0.0,0.0,0.0,0.0,7.644414901733398,,0,0.0,False
full_selected_candidates,graph.layer_26_feature_count,graph,224,0.0,0.0,0.0,0.0,0.0,1.0,0.0,0.0,0.0,0.0,4.0,,22,0.09821428571428571,False
full_selected_candidates,graph.layer_26_feature_fraction,graph,224,0.0,0.0,0.0,0.0,0.0,0.25,0.0,0.0,0.0,0.0,0.5714285714285714,,21,0.09375,False
full_selected_candidates,graph.layer_27_activation_mean,graph,224,0.0,0.0,0.0,0.0,0.0,0.0,0.0,0.0,0.0,0.0,0.0,,0,0.0,True
full_selected_candidates,graph.layer_27_feature_count,graph,224,0.0,0.0,0.0,0.0,0.0,0.0,0.0,0.0,0.0,0.0,0.0,,0,0.0,True
full_selected_candidates,graph.layer_27_feature_fraction,graph,224,0.0,0.0,0.0,0.0,0.0,0.0,0.0,0.0,0.0,0.0,0.0,,0,0.0,True
full_selected_candidates,graph.layer_28_activation_mean,graph,224,0.0,0.0,0.0,0.0,0.0,0.0,0.0,0.0,0.0,0.0,0.0,,0,0.0,True
full_selected_candidates,graph.layer_28_feature_count,graph,224,0.0,0.0,0.0,0.0,0.0,0.0,0.0,0.0,0.0,0.0,0.0,,0,0.0,True
full_selected_candidates,graph.layer_28_feature_fraction,graph,224,0.0,0.0,0.0,0.0,0.0,0.0,0.0,0.0,0.0,0.0,0.0,,0,0.0,True
full_selected_candidates,graph.layer_29_activation_mean,graph,224,0.0,0.0,0.0,0.0,0.0,6.874417781829834,0.0,0.0,0.0,0.0,7.191644191741943,,7,0.03125,False
full_selected_candidates,graph.layer_29_feature_count,graph,224,0.0,0.0,0.0,0.0,0.0,1.0,0.0,0.0,0.0,0.0,2.0,,6,0.026785714285714284,False
full_selected_candidates,graph.layer_29_feature_fraction,graph,224,0.0,0.0,0.0,0.0,0.0,0.25,0.0,0.0,0.0,0.0,0.3333333333333333,,5,0.022321428571428572,False
full_selected_candidates,graph.layer_2_activation_mean,graph,224,0.0,0.0,0.0,0.0,0.0,0.0,0.0,0.0,0.0,0.0,0.0,,0,0.0,True
full_selected_candidates,graph.layer_2_feature_count,graph,224,0.0,0.0,0.0,0.0,0.0,0.0,0.0,0.0,0.0,0.0,0.0,,0,0.0,True
full_selected_candidates,graph.layer_2_feature_fraction,graph,224,0.0,0.0,0.0,0.0,0.0,0.0,0.0,0.0,0.0,0.0,0.0,,0,0.0,True
full_selected_candidates,graph.layer_30_activation_mean,graph,224,0.0,0.0,0.0,0.0,0.0,8.666794776916504,0.0,0.0,0.0,0.0,7.524899323781331,,0,0.0,False
full_selected_candidates,graph.layer_30_feature_count,graph,224,0.0,0.0,0.0,0.0,0.0,1.0,0.0,0.0,0.0,0.0,3.0,,2,0.008928571428571428,False
full_selected_candidates,graph.layer_30_feature_fraction,graph,224,0.0,0.0,0.0,0.0,0.0,0.3333333333333333,0.0,0.0,0.0,0.0,0.3,,0,0.0,False
full_selected_candidates,graph.layer_31_activation_mean,graph,224,0.0,6.692624409993489,7.281009614467621,7.505127906799316,7.710054779052735,8.400646209716797,6.456315994262695,7.263638556003571,7.574478308359781,7.9229347884655,9.941026329994202,0.16163893054831804,30,0.13392857142857142,False
full_selected_candidates,graph.layer_31_feature_count,graph,224,0.0,1.0,3.0,4.0,4.0,7.0,1.0,3.0,4.0,5.0,8.0,0.0,2,0.008928571428571428,False
full_selected_candidates,graph.layer_31_feature_fraction,graph,224,0.0,0.5,1.0,1.0,1.0,1.0,0.25,1.0,1.0,1.0,1.0,,12,0.05357142857142857,False
full_selected_candidates,graph.layer_3_activation_mean,graph,224,0.0,0.0,0.0,0.0,0.0,0.0,0.0,0.0,0.0,0.0,0.0,,0,0.0,True
full_selected_candidates,graph.layer_3_feature_count,graph,224,0.0,0.0,0.0,0.0,0.0,0.0,0.0,0.0,0.0,0.0,0.0,,0,0.0,True
full_selected_candidates,graph.layer_3_feature_fraction,graph,224,0.0,0.0,0.0,0.0,0.0,0.0,0.0,0.0,0.0,0.0,0.0,,0,0.0,True
full_selected_candidates,graph.layer_4_activation_mean,graph,224,0.0,0.0,0.0,0.0,0.0,0.0,0.0,0.0,0.0,0.0,0.0,,0,0.0,True
full_selected_candidates,graph.layer_4_feature_count,graph,224,0.0,0.0,0.0,0.0,0.0,0.0,0.0,0.0,0.0,0.0,0.0,,0,0.0,True
full_selected_candidates,graph.layer_4_feature_fraction,graph,224,0.0,0.0,0.0,0.0,0.0,0.0,0.0,0.0,0.0,0.0,0.0,,0,0.0,True
full_selected_candidates,graph.layer_5_activation_mean,graph,224,0.0,0.0,0.0,0.0,0.0,0.0,0.0,0.0,0.0,0.0,0.0,,0,0.0,True
full_selected_candidates,graph.layer_5_feature_count,graph,224,0.0,0.0,0.0,0.0,0.0,0.0,0.0,0.0,0.0,0.0,0.0,,0,0.0,True
full_selected_candidates,graph.layer_5_feature_fraction,graph,224,0.0,0.0,0.0,0.0,0.0,0.0,0.0,0.0,0.0,0.0,0.0,,0,0.0,True
full_selected_candidates,graph.layer_6_activation_mean,graph,224,0.0,0.0,0.0,0.0,0.0,0.0,0.0,0.0,0.0,0.0,0.0,,0,0.0,True
full_selected_candidates,graph.layer_6_feature_count,graph,224,0.0,0.0,0.0,0.0,0.0,0.0,0.0,0.0,0.0,0.0,0.0,,0,0.0,True
full_selected_candidates,graph.layer_6_feature_fraction,graph,224,0.0,0.0,0.0,0.0,0.0,0.0,0.0,0.0,0.0,0.0,0.0,,0,0.0,True
full_selected_candidates,graph.layer_7_activation_mean,graph,224,0.0,0.0,0.0,0.0,0.0,0.0,0.0,0.0,0.0,0.0,0.0,,0,0.0,True
full_selected_candidates,graph.layer_7_feature_count,graph,224,0.0,0.0,0.0,0.0,0.0,0.0,0.0,0.0,0.0,0.0,0.0,,0,0.0,True
full_selected_candidates,graph.layer_7_feature_fraction,graph,224,0.0,0.0,0.0,0.0,0.0,0.0,0.0,0.0,0.0,0.0,0.0,,0,0.0,True
full_selected_candidates,graph.layer_8_activation_mean,graph,224,0.0,0.0,0.0,0.0,0.0,0.0,0.0,0.0,0.0,0.0,0.0,,0,0.0,True
full_selected_candidates,graph.layer_8_feature_count,graph,224,0.0,0.0,0.0,0.0,0.0,0.0,0.0,0.0,0.0,0.0,0.0,,0,0.0,True
full_selected_candidates,graph.layer_8_feature_fraction,graph,224,0.0,0.0,0.0,0.0,0.0,0.0,0.0,0.0,0.0,0.0,0.0,,0,0.0,True
full_selected_candidates,graph.layer_9_activation_mean,graph,224,0.0,0.0,0.0,0.0,0.0,0.0,0.0,0.0,0.0,0.0,0.0,,0,0.0,True
full_selected_candidates,graph.layer_9_feature_count,graph,224,0.0,0.0,0.0,0.0,0.0,0.0,0.0,0.0,0.0,0.0,0.0,,0,0.0,True
full_selected_candidates,graph.layer_9_feature_fraction,graph,224,0.0,0.0,0.0,0.0,0.0,0.0,0.0,0.0,0.0,0.0,0.0,,0,0.0,True
full_selected_candidates,graph.layer_metadata_missing,graph,224,0.0,0.0,0.0,0.0,0.0,0.0,0.0,0.0,0.0,0.0,0.0,,0,0.0,True
full_selected_candidates,graph.logit_node_count,graph,224,0.0,0.0,0.0,0.0,0.0,0.0,0.0,0.0,0.0,0.0,0.0,,0,0.0,True
full_selected_candidates,graph.logit_probabilities_missing,graph,224,0.0,1.0,1.0,1.0,1.0,1.0,1.0,1.0,1.0,1.0,1.0,,0,0.0,True
full_selected_candidates,graph.node_count,graph,224,0.0,789.0,801.0,809.0,816.0,1098.0,997.0,1012.0,1017.0,1024.0,1328.0,13.866666666666667,26,0.11607142857142858,False
full_selected_candidates,graph.node_influence_effective_count,graph,224,0.0,3.9224764937916277,3.9567665826787013,3.9730457950144884,3.9953779550915893,4.074854254389468,3.911230326600066,3.948936058908926,3.959726666684674,3.97557910728034,4.042710861449202,-0.3449535071529506,1,0.004464285714285714,False
full_selected_candidates,graph.node_influence_hhi,graph,224,0.0,0.24540755020202046,0.250289232230703,0.25169606684494644,0.2527316393294743,0.25494097965475854,0.24735877342500004,0.2515356822041215,0.25254268397999907,0.2532327657598488,0.2556740249222998,0.34663227742768,1,0.004464285714285714,False
full_selected_candidates,graph.node_influence_missing,graph,224,0.0,0.0,0.0,0.0,0.0,0.0,0.0,0.0,0.0,0.0,0.0,,0,0.0,True
full_selected_candidates,graph.node_influence_top10_share,graph,224,0.0,0.6179505694460953,0.6349773816190112,0.6446933514414687,0.6589557951328329,0.7003319159375195,0.6072748964120414,0.6321761645635621,0.643566225043197,0.655111800269662,0.6895896916929556,-0.04700587875098224,9,0.04017857142857143,False
full_selected_candidates,graph.node_influence_top1_share,graph,224,0.0,0.49172575654868517,0.49615106455938873,0.4975696946728226,0.49843079999067563,0.49970017285642654,0.49371765218536406,0.4977306065157344,0.4985145847220184,0.49904976856167305,0.4997696114269149,0.4144735552328562,4,0.017857142857142856,False
full_selected_candidates,graph.path_budget_exhausted,graph,224,0.0,0.0,0.0,0.0,0.0,0.0,0.0,0.0,0.0,0.0,0.0,,0,0.0,True
full_selected_candidates,graph.sampled_hop_statistics_missing,graph,224,0.0,0.0,0.0,0.0,0.0,0.0,0.0,0.0,0.0,0.0,0.0,,0,0.0,True
full_selected_candidates,graph.sampled_path_missing,graph,224,0.0,0.0,0.0,0.0,0.0,0.0,0.0,0.0,0.0,0.0,0.0,,0,0.0,True
full_selected_candidates,graph.sampled_path_source_count,graph,224,0.0,16.0,16.0,16.0,16.0,16.0,16.0,16.0,16.0,16.0,16.0,,0,0.0,True
full_selected_candidates,graph.sampled_reachable_max_hops,graph,224,0.0,1.0,2.0,2.0,2.0,2.0,1.0,2.0,2.0,2.0,2.0,,0,0.0,False
full_selected_candidates,graph.sampled_reachable_mean_hops,graph,224,0.0,1.0,1.25,1.3076923076923077,1.4166666666666667,1.6153846153846154,1.0,1.2307692307692308,1.3076923076923077,1.4,1.6666666666666667,0.0,2,0.008928571428571428,False
full_selected_candidates,graph.sampled_reachable_pair_fraction,graph,224,0.0,0.5,0.625,0.75,0.8125,0.9375,0.375,0.75,0.75,0.875,1.0,0.0,4,0.017857142857142856,False
full_selected_candidates,graph.score_node_count,graph,224,0.0,1.0,1.0,1.0,1.0,1.0,1.0,1.0,1.0,1.0,1.0,,0,0.0,True
full_selected_candidates,graph.selected_logit_entropy,graph,224,0.0,0.0,0.0,0.0,0.0,0.0,0.0,0.0,0.0,0.0,0.0,,0,0.0,True
full_selected_candidates,graph.selected_logit_probability_mass,graph,224,0.0,0.0,0.0,0.0,0.0,0.0,0.0,0.0,0.0,0.0,0.0,,0,0.0,True
full_selected_candidates,graph.token_node_count,graph,224,0.0,691.0,700.5,708.0,715.0,999.0,897.0,910.0,915.0,922.25,1227.0,14.275862068965518,25,0.11160714285714286,False
full_selected_candidates,graph.top_logit_probability,graph,224,0.0,0.0,0.0,0.0,0.0,0.0,0.0,0.0,0.0,0.0,0.0,,0,0.0,True
full_selected_candidates,graph.weak_components,graph,224,0.0,116.0,160.5,179.0,216.0,406.0,93.0,183.0,221.5,258.5,433.0,0.7657657657657657,4,0.017857142857142856,False
full_selected_candidates,graph.weighted_path_budget_exhausted,graph,224,0.0,0.0,0.0,0.0,0.0,0.0,0.0,0.0,0.0,0.0,0.0,,0,0.0,True
full_selected_candidates,graph.weighted_path_missing,graph,224,0.0,0.0,0.0,0.0,0.0,0.0,0.0,0.0,0.0,0.0,0.0,,0,0.0,True
full_selected_candidates,hidden.layer_0.input_mean,hidden,224,0.0,-0.00015469810750801116,0.00027606192452367395,0.0003436254628468305,0.0003984055801993236,0.0005447062430903316,3.7672161852242425e-05,0.0004957659693900496,0.0005425041017588228,0.0005801995430374518,0.0006702868267893791,1.625573780787193,109,0.48660714285714285,False
full_selected_candidates,hidden.layer_0.input_rms,hidden,224,0.0,0.2526659071445465,0.26904064416885376,0.269583523273468,0.2701318562030792,0.2713736891746521,0.2538816034793854,0.2676997482776642,0.26821793615818024,0.26856525987386703,0.26952317357063293,-1.2514406663935544,0,0.0,False
full_selected_candidates,hidden.layer_0.output_mean,hidden,224,0.0,5.0744361942633986e-05,5.597196286544204e-05,5.885311111342162e-05,6.121420119598042e-05,7.386654760921374e-05,7.31200270820409e-05,7.791946882207412e-05,7.872842252254486e-05,8.00978177721845e-05,8.737877215025946e-05,3.7913788263575614,223,0.9955357142857143,False
full_selected_candidates,hidden.layer_0.output_rms,hidden,224,0.0,0.010257303714752197,0.011477196123450994,0.011527479626238346,0.011561455205082893,0.01162585150450468,0.01031599473208189,0.011353898327797651,0.011384006589651108,0.011406425386667252,0.011468402110040188,-1.7027605073364835,0,0.0,False
full_selected_candidates,hidden.layer_1.input_mean,hidden,224,0.0,0.0010187756270170212,0.0012885220348834991,0.0013608202571049333,0.0014923750422894955,0.002186504192650318,0.0013375275302678347,0.0015130410029087216,0.001575959613546729,0.001628949714358896,0.0022128720302134752,1.055365133825676,2,0.008928571428571428,False
full_selected_candidates,hidden.layer_1.input_rms,hidden,224,0.0,0.35579726099967957,0.3635186702013016,0.3641526699066162,0.36457309126853943,0.3658079504966736,0.3547650873661041,0.36169684678316116,0.3622356206178665,0.36262140423059464,0.36377909779548645,-1.8181060188521927,11,0.049107142857142856,False
full_selected_candidates,hidden.layer_1.output_mean,hidden,224,0.0,-2.4439494154648855e-05,4.3116690449096495e-06,8.807319318293594e-06,1.0209065294475295e-05,2.3288241209229454e-05,-1.5147704289120156e-05,2.0452310309337918e-05,2.460106770740822e-05,2.7326791951054474e-05,3.5736342397285625e-05,2.6780883835434777,136,0.6071428571428571,False
full_selected_candidates,hidden.layer_1.output_rms,hidden,224,0.0,0.016499988734722137,0.01723355334252119,0.017300650477409363,0.017338812351226807,0.017461257055401802,0.016333989799022675,0.017030951101332903,0.017074355855584145,0.017113939858973026,0.01722041890025139,-2.1498836499411613,13,0.05803571428571429,False
full_selected_candidates,hidden.layer_10.input_mean,hidden,224,0.0,0.009467734023928642,0.010278740432113409,0.010660490021109581,0.0110874786041677,0.01202522125095129,0.009711500257253647,0.011480607790872455,0.011940532363951206,0.012281263247132301,0.013201621361076832,1.5827648391940818,99,0.4419642857142857,False
full_selected_candidates,hidden.layer_10.input_rms,hidden,224,0.0,0.8333509564399719,0.8393421173095703,0.8399445414543152,0.841044157743454,0.8443419337272644,0.8326663374900818,0.8388526886701584,0.839923083782196,0.8409971594810486,0.8463871479034424,-0.012607028418343226,14,0.0625,False
full_selected_candidates,hidden.layer_10.output_mean,hidden,224,0.0,-0.00021662694052793086,-9.553430209052749e-05,-6.982676131883636e-05,-5.38204640179174e-05,-1.394703213009052e-05,-0.000283934292383492,-0.00017842680972535163,-0.0001606238365639001,-0.0001435339727322571,-4.645317676477134e-05,-2.176665572873344,17,0.07589285714285714,False
full_selected_candidates,hidden.layer_10.output_rms,hidden,224,0.0,0.05468376353383064,0.057219794020056725,0.05751146748661995,0.05776733346283436,0.058629997074604034,0.05415649339556694,0.056889697909355164,0.057226452976465225,0.057510774582624435,0.058662038296461105,-0.5205369474550786,13,0.05803571428571429,False
full_selected_candidates,hidden.layer_11.input_mean,hidden,224,0.0,0.013909938745200634,0.01434213388711214,0.014635832980275154,0.01497260807082057,0.015607030130922794,0.01366680022329092,0.014885556185618043,0.015296204946935177,0.015684736892580986,0.016525745391845703,1.0474211057711127,73,0.32589285714285715,False
full_selected_candidates,hidden.layer_11.input_rms,hidden,224,0.0,0.8309611678123474,0.8380435109138489,0.8387242555618286,0.8400869965553284,0.8440743684768677,0.8315733075141907,0.8396629691123962,0.841020405292511,0.8422318249940872,0.8481579422950745,1.1236436821841091,17,0.07589285714285714,False
full_selected_candidates,hidden.layer_11.output_mean,hidden,224,0.0,-0.0006217194604687393,-0.0005739488988183439,-0.000545042974408716,-0.0004928263078909367,-0.00037064767093397677,-0.0005939578404650092,-0.0004923390370095149,-0.0004648643807740882,-0.00042734138696687296,-0.0002922202693298459,0.9883633241740993,13,0.05803571428571429,False
full_selected_candidates,hidden.layer_11.output_rms,hidden,224,0.0,0.05909851938486099,0.06258859857916832,0.06283003836870193,0.06321501359343529,0.0644388273358345,0.05934181436896324,0.06290759146213531,0.06333881244063377,0.06366436555981636,0.06512767821550369,0.8121996764831819,9,0.04017857142857143,False
full_selected_candidates,hidden.layer_12.input_mean,hidden,224,0.0,0.010349947027862072,0.010961925610899925,0.0112818144261837,0.01152446772903204,0.012202305719256401,0.010923052206635475,0.011891783447936177,0.012276751920580864,0.012534287059679627,0.01315227523446083,1.7686453375274203,122,0.5446428571428571,False
full_selected_candidates,hidden.layer_12.input_rms,hidden,224,0.0,0.8305337429046631,0.8383629322052002,0.8390642404556274,0.8402676582336426,0.8446863889694214,0.8315025568008423,0.8403288722038269,0.8417744040489197,0.8431635349988937,0.8480663299560547,1.422862686193516,17,0.07589285714285714,False
full_selected_candidates,hidden.layer_12.output_mean,hidden,224,0.0,0.00018390572222415358,0.00025543608353473246,0.00028771316283382475,0.00034484836214687675,0.0006234300672076643,0.00017235564882867038,0.0002563921152614057,0.000282322071143426,0.0003101340407738462,0.0005590255022980273,-0.060294757879780905,1,0.004464285714285714,False
full_selected_candidates,hidden.layer_12.output_rms,hidden,224,0.0,0.05615608021616936,0.059977851808071136,0.06024615094065666,0.0605428796261549,0.06199919804930687,0.05649695545434952,0.06052069924771786,0.06099952757358551,0.06135321222245693,0.0629657432436943,1.3333443218492353,14,0.0625,False
full_selected_candidates,hidden.layer_13.input_mean,hidden,224,0.0,0.011333080939948559,0.012172429356724024,0.012753484770655632,0.013218329288065434,0.01444665715098381,0.013107267208397388,0.013994110282510519,0.014261740259826183,0.014524700120091438,0.01518619991838932,1.4420648132524032,71,0.3169642857142857,False
full_selected_candidates,hidden.layer_13.input_rms,hidden,224,0.0,0.8341428637504578,0.8416203856468201,0.842161238193512,0.843756765127182,0.8480729460716248,0.8351086378097534,0.8438815921545029,0.8453632593154907,0.8466229289770126,0.8519886136054993,1.4988072818581293,20,0.08928571428571429,False
full_selected_candidates,hidden.layer_13.output_mean,hidden,224,0.0,-0.00012413861986715347,-3.725921851582825e-05,1.6423658962594345e-05,5.890548163733911e-05,0.00014166887558531016,-0.00018348448793403804,-0.00010754719187389128,-7.912025102996267e-05,-5.636609876091825e-05,4.378128869575448e-05,-0.99354451103553,33,0.14732142857142858,False
full_selected_candidates,hidden.layer_13.output_rms,hidden,224,0.0,0.05655954033136368,0.059602513909339905,0.059904973953962326,0.06031922250986099,0.06130259484052658,0.05684151127934456,0.060067751444876194,0.06048203445971012,0.06074993032962084,0.06227387487888336,0.805153594261656,15,0.06696428571428571,False
full_selected_candidates,hidden.layer_14.input_mean,hidden,224,0.0,0.007929450832307339,0.008984627667814493,0.009376599453389645,0.00962737062945962,0.010213238187134266,0.008695176802575588,0.009656399488449097,0.010052404832094908,0.010396894998848438,0.011723661795258522,1.05143956298722,87,0.38839285714285715,False
full_selected_candidates,hidden.layer_14.input_rms,hidden,224,0.0,0.8619008660316467,0.8678495585918427,0.8685198426246643,0.8697302937507629,0.8733075857162476,0.8627892136573792,0.8696620017290115,0.8707500398159027,0.8718304485082626,0.8768354058265686,1.1858113996862472,17,0.07589285714285714,False
full_selected_candidates,hidden.layer_14.output_mean,hidden,224,0.0,-0.00020942767150700092,-6.156206291052513e-05,-2.573122628746205e-06,2.526109619793715e-05,0.00011488430754980072,-0.0002257687592646107,-9.811743075260893e-05,-6.99848860676866e-05,-4.3204657231399324e-05,4.50859843112994e-05,-0.7764260611011339,4,0.017857142857142856,False
full_selected_candidates,hidden.layer_14.output_rms,hidden,224,0.0,0.05837845057249069,0.06138516403734684,0.06177351251244545,0.062272099778056145,0.06364436447620392,0.05860934779047966,0.06181033793836832,0.06238023191690445,0.06283929012715816,0.06459099054336548,0.6840624146838314,8,0.03571428571428571,False
full_selected_candidates,hidden.layer_15.input_mean,hidden,224,0.0,0.010223852470517159,0.010692091658711433,0.011074532754719257,0.011679855640977621,0.012667453847825527,0.009857441298663616,0.010786655358970165,0.01111612282693386,0.01143965614028275,0.012268275953829288,0.04210527308273073,17,0.07589285714285714,False
full_selected_candidates,hidden.layer_15.input_rms,hidden,224,0.0,0.8801658153533936,0.8876829743385315,0.8886169195175171,0.8907442688941956,0.8973099589347839,0.8814151883125305,0.8911875635385513,0.8931823074817657,0.8955403715372086,0.9038026928901672,1.4913259345794392,23,0.10267857142857142,False
full_selected_candidates,hidden.layer_15.output_mean,hidden,224,0.0,0.00014450144954025745,0.00028927433595526963,0.0003194150049239397,0.0003425588656682521,0.0004967488930560648,0.00017044901323970407,0.0003026389531441964,0.000339087302563712,0.00037875967245781794,0.0005127326003275812,0.3691934177844353,1,0.004464285714285714,False
full_selected_candidates,hidden.layer_15.output_rms,hidden,224,0.0,0.06547394394874573,0.0682448297739029,0.06868351995944977,0.06953374668955803,0.07211665064096451,0.06607574224472046,0.06998232752084732,0.07071755081415176,0.07156522385776043,0.07537051290273666,1.5780930717851043,25,0.11160714285714286,False
full_selected_candidates,hidden.layer_16.input_mean,hidden,224,0.0,0.006555717904120684,0.00743234483525157,0.007945787161588669,0.008385952562093735,0.009590636938810349,0.006236916873604059,0.007461353670805693,0.007843134924769402,0.008115168195217848,0.009261886589229107,-0.1076461881859915,14,0.0625,False
full_selected_candidates,hidden.layer_16.input_rms,hidden,224,0.0,0.8810276389122009,0.891566127538681,0.8928647041320801,0.8957252502441406,0.9035944938659668,0.8831756114959717,0.896536260843277,0.8995068669319153,0.9026153236627579,0.9139341115951538,1.597010540495998,30,0.13392857142857142,False
full_selected_candidates,hidden.layer_16.output_mean,hidden,224,0.0,-0.000133611261844635,-4.6168925109668635e-06,2.969641354866326e-05,0.00010283073788741603,0.0002555314567871392,-0.00011659254232654348,9.524171218799893e-05,0.00016739197599235922,0.00022828207147540525,0.0003900999727193266,1.2815132537885014,23,0.10267857142857142,False
full_selected_candidates,hidden.layer_16.output_rms,hidden,224,0.0,0.06520029902458191,0.06929149851202965,0.06983976811170578,0.0706912912428379,0.07402205467224121,0.06593967229127884,0.0710257850587368,0.07217439264059067,0.07329717464745045,0.07742654532194138,1.6678358713413564,24,0.10714285714285714,False
full_selected_candidates,hidden.layer_17.input_mean,hidden,224,0.0,0.009847516193985939,0.010856135282665491,0.011344549246132374,0.011793233919888735,0.012979531660676003,0.009583301842212677,0.011022769380360842,0.011441758833825588,0.011839883867651224,0.013190750032663345,0.10373463777651008,7,0.03125,False
full_selected_candidates,hidden.layer_17.input_rms,hidden,224,0.0,0.9007059335708618,0.9097682237625122,0.9109198451042175,0.9135888516902924,0.9203144311904907,0.9028772711753845,0.9142466485500336,0.916978657245636,0.9196386486291885,0.929762065410614,1.5858158019953355,33,0.14732142857142858,False
full_selected_candidates,hidden.layer_17.output_mean,hidden,224,0.0,-0.0010077845072373748,-0.0007642224372830242,-0.0007106965640559793,-0.0006602386420127004,-0.0005836086347699165,-0.0009333991329185665,-0.0007487621769541875,-0.0007130355515982956,-0.0006833255756646395,-0.0005241105682216585,-0.02249376969013025,3,0.013392857142857142,False
full_selected_candidates,hidden.layer_17.output_rms,hidden,224,0.0,0.07233637571334839,0.07615521177649498,0.07659237086772919,0.07718724757432938,0.07990412414073944,0.07289566099643707,0.07706006802618504,0.07802484557032585,0.07903582230210304,0.08249558508396149,1.3880087353583481,20,0.08928571428571429,False
full_selected_candidates,hidden.layer_18.input_mean,hidden,224,0.0,0.007025924976915121,0.008518969640135765,0.009182720445096493,0.009606835432350636,0.010427698493003845,0.006543188355863094,0.008573352824896574,0.009071601554751396,0.009395246161147952,0.010534322820603848,-0.10214393277213084,9,0.04017857142857143,False
full_selected_candidates,hidden.layer_18.input_rms,hidden,224,0.0,0.9725770354270935,0.9767622649669647,0.9775177240371704,0.9787860214710236,0.9827157855033875,0.9732543230056763,0.9785012453794479,0.9799684286117554,0.9814075082540512,0.9870700240135193,1.2109681029658645,22,0.09821428571428571,False
full_selected_candidates,hidden.layer_18.output_mean,hidden,224,0.0,-0.0019548353739082813,-0.0015432813088409603,-0.0014881107490509748,-0.001416080805938691,-0.001103971735574305,-0.002057714620605111,-0.0016223176789935678,-0.0015324210398830473,-0.0014564878947567195,-0.0012903662864118814,-0.348349965771102,9,0.04017857142857143,False
full_selected_candidates,hidden.layer_18.output_rms,hidden,224,0.0,0.10824823379516602,0.10876719281077385,0.10895057767629623,0.10925145819783211,0.11022819578647614,0.10814855247735977,0.10874971933662891,0.1090376041829586,0.10928982309997082,0.11031905561685562,0.17970829422896442,4,0.017857142857142856,False
full_selected_candidates,hidden.layer_19.input_mean,hidden,224,0.0,-8.755240560276434e-05,0.0014834817848168314,0.001934881554916501,0.0024934719549492,0.003420294262468815,-0.0012140765320509672,0.0011966114107053727,0.001952989841811359,0.0024337944923900068,0.0041557783260941505,0.017929171422019503,35,0.15625,False
full_selected_candidates,hidden.layer_19.input_rms,hidden,224,0.0,1.0149654150009155,1.0178481936454773,1.0188990831375122,1.0208503603935242,1.0267086029052734,1.01665461063385,1.0215842127799988,1.0233715772628784,1.025469958782196,1.0320936441421509,1.4897554002541296,26,0.11607142857142858,False
full_selected_candidates,hidden.layer_19.output_mean,hidden,224,0.0,0.00042650458635762334,0.000540639681275934,0.0005962576251477003,0.0006358948012348264,0.0007937055779621005,0.00047336367424577475,0.0006445382459787652,0.000709063169779256,0.0007838858145987615,0.0009985262295231223,1.1842465232339965,45,0.20089285714285715,False
full_selected_candidates,hidden.layer_19.output_rms,hidden,224,0.0,0.12241172045469284,0.12522108107805252,0.12572331726551056,0.12690308690071106,0.13008928298950195,0.12310101836919785,0.12723546475172043,0.12811999022960663,0.12925248965620995,0.13280647993087769,1.424889814179088,22,0.09821428571428571,False
full_selected_candidates,hidden.layer_2.input_mean,hidden,224,0.0,0.0013042022474110126,0.0017001688247546554,0.0018412285717204213,0.002037556143477559,0.002780435374006629,0.0019445274956524372,0.0021392108174040914,0.002213557716459036,0.0023106129956431687,0.002995327115058899,1.103565913941207,7,0.03125,False
full_selected_candidates,hidden.layer_2.input_rms,hidden,224,0.0,0.42722466588020325,0.4395347982645035,0.44084998965263367,0.4413689523935318,0.44230079650878906,0.42432668805122375,0.4337456002831459,0.4343487471342087,0.43487629294395447,0.4360610842704773,-3.5445453659170676,15,0.06696428571428571,False
full_selected_candidates,hidden.layer_2.output_mean,hidden,224,0.0,-0.0004715434042736888,-0.000452921973192133,-0.000447877828264609,-0.0004435341397766024,-0.0004362208128441125,-0.00047352511319331825,-0.00046358926192624494,-0.0004607541341101751,-0.0004582326946547255,-0.00044795783469453454,-1.3715950502769223,3,0.013392857142857142,False
full_selected_candidates,hidden.layer_2.output_rms,hidden,224,0.0,0.03401051089167595,0.03422984294593334,0.03427816182374954,0.034344734624028206,0.034497544169425964,0.03332066163420677,0.03355658985674381,0.03362295217812061,0.03367687202990055,0.03385285660624504,-5.702846859699751,224,1.0,False
full_selected_candidates,hidden.layer_20.input_mean,hidden,224,0.0,-0.0009371473570354283,0.0006891657831147313,0.001164839486591518,0.0015450259088538587,0.002279470907524228,-0.0012652553850784898,0.0009119106543948874,0.001463203050661832,0.0019097790936939418,0.004673783201724291,0.34861253036253453,40,0.17857142857142858,False
full_selected_candidates,hidden.layer_20.input_rms,hidden,224,0.0,1.0280393362045288,1.0384051203727722,1.0397825241088867,1.0434457659721375,1.0521718263626099,1.0304619073867798,1.0420843064785004,1.0461404919624329,1.0492285788059235,1.060035228729248,1.2613399867562198,23,0.10267857142857142,False
full_selected_candidates,hidden.layer_20.output_mean,hidden,224,0.0,0.0009800863917917013,0.0010730845388025045,0.00111389032099396,0.0011888411245308816,0.001315960311330855,0.0008639470324851573,0.000958800403168425,0.0009862712468020618,0.0010309045028407127,0.0012352237245067954,-1.1024778710332417,100,0.44642857142857145,False
full_selected_candidates,hidden.layer_20.output_rms,hidden,224,0.0,0.10016673058271408,0.10603898391127586,0.10659554600715637,0.10810285806655884,0.11160538345575333,0.10108180344104767,0.10698642767965794,0.10867728665471077,0.10995526425540447,0.11358285695314407,1.0086567740701098,11,0.049107142857142856,False
full_selected_candidates,hidden.layer_21.input_mean,hidden,224,0.0,0.0020877395290881395,0.004132671281695366,0.004521530121564865,0.004957330180332065,0.005796828772872686,0.0013847252121195197,0.003518399375025183,0.004221656126901507,0.004729244508780539,0.007271729409694672,-0.363633976616393,26,0.11607142857142858,False
full_selected_candidates,hidden.layer_21.input_rms,hidden,224,0.0,1.0326532125473022,1.0428133606910706,1.044257402420044,1.0485925674438477,1.0587722063064575,1.034682273864746,1.046923816204071,1.0514540672302246,1.0550379753112793,1.0669301748275757,1.2452686186944997,22,0.09821428571428571,False
full_selected_candidates,hidden.layer_21.output_mean,hidden,224,0.0,-0.0005263558705337346,-0.00041820456681307405,-0.0003588708641473204,-0.0003155401354888454,-0.00024031239445321262,-0.000607085064984858,-0.0004990652960259467,-0.00046294444473460317,-0.00042206123180221766,-0.0002723809448070824,-1.0137257786837959,28,0.125,False
full_selected_candidates,hidden.layer_21.output_rms,hidden,224,0.0,0.10352575033903122,0.11042290180921555,0.11117473989725113,0.11257476732134819,0.11580333858728409,0.1042335107922554,0.11176880449056625,0.1132299117743969,0.11444727331399918,0.11840195208787918,0.9550652053106017,22,0.09821428571428571,False
full_selected_candidates,hidden.layer_22.input_mean,hidden,224,0.0,0.0025784573517739773,0.0034711749758571386,0.003842471167445183,0.004029586678370833,0.004824896343052387,0.0015404259320348501,0.0023983558639883995,0.0028330672066658735,0.0032270653173327446,0.0055533587001264095,-1.807633966543805,80,0.35714285714285715,False
full_selected_candidates,hidden.layer_22.input_rms,hidden,224,0.0,1.134577751159668,1.1389331221580505,1.1399834156036377,1.1429604887962341,1.1501708030700684,1.1357169151306152,1.1421437859535217,1.1448344588279724,1.1474755704402924,1.1556751728057861,1.204519891072697,17,0.07589285714285714,False
full_selected_candidates,hidden.layer_22.output_mean,hidden,224,0.0,-0.00034867474460043013,-0.00014626572374254465,5.449487434816547e-05,0.00011038069351343438,0.0002190487866755575,-0.000582353153731674,-0.0004425957959028892,-0.000385232619009912,-0.00033108899515355006,-0.00011893108603544533,-1.7133591735258609,153,0.6830357142857143,False
full_selected_candidates,hidden.layer_22.output_rms,hidden,224,0.0,0.1426541805267334,0.15351445972919464,0.15429818630218506,0.1557316780090332,0.15996548533439636,0.14277131855487823,0.15310803055763245,0.15525372326374054,0.15682753548026085,0.16090834140777588,0.4309620618972412,2,0.008928571428571428,False
full_selected_candidates,hidden.layer_23.input_mean,hidden,224,0.0,-0.0010558280628174543,0.0010641245753504336,0.0016841505421325564,0.002093614893965423,0.0026496511418372393,-0.0028300650883466005,-0.0011418547364883125,-0.000687765859765932,-0.00020849824795732275,0.001798124983906746,-2.3039715469005215,68,0.30357142857142855,False
full_selected_candidates,hidden.layer_23.input_rms,hidden,224,0.0,1.0713976621627808,1.0868685841560364,1.0879110097885132,1.0931200981140137,1.1048585176467896,1.0736619234085083,1.0907893478870392,1.0959959030151367,1.1001907587051392,1.113198161125183,1.2932696433168387,19,0.08482142857142858,False
full_selected_candidates,hidden.layer_23.output_mean,hidden,224,0.0,0.0014725819928571582,0.001583718170877546,0.0016494746087118983,0.0017057909863069654,0.0018384454306215048,0.001534210634417832,0.0017654765106271952,0.0018094219849444926,0.0018565925129223615,0.0019953225273638964,1.310262040487413,71,0.3169642857142857,False
full_selected_candidates,hidden.layer_23.output_rms,hidden,224,0.0,0.1272381693124771,0.13557660579681396,0.13638697564601898,0.13778913021087646,0.1426144689321518,0.1277645230293274,0.13648487627506256,0.13823404163122177,0.1400526873767376,0.14418689906597137,0.8348228717672413,8,0.03571428571428571,False
full_selected_candidates,hidden.layer_24.input_mean,hidden,224,0.0,0.003136049723252654,0.005333917681127787,0.00568504398688674,0.006058766273781657,0.0069514852948486805,0.002034693956375122,0.003469768271315843,0.0038922802777960896,0.004331979434937239,0.005710467230528593,-2.4732940468668745,22,0.09821428571428571,False
full_selected_candidates,hidden.layer_24.input_rms,hidden,224,0.0,1.068570852279663,1.0917954444885254,1.0932999849319458,1.0994775891304016,1.1136791706085205,1.0712703466415405,1.0952567756175995,1.1018301248550415,1.1070466339588165,1.123806118965149,1.1103852271404742,18,0.08035714285714286,False
full_selected_candidates,hidden.layer_24.output_mean,hidden,224,0.0,0.0008977195248007774,0.0010383419576101005,0.0011209814110770822,0.0011615768307819963,0.001257411320693791,0.0009238792699761689,0.0011662284086924046,0.0012239228235557675,0.0012727788707707077,0.0013859387254342437,0.8353269641061442,75,0.33482142857142855,False
full_selected_candidates,hidden.layer_24.output_rms,hidden,224,0.0,0.10680869966745377,0.11758450791239738,0.11864861845970154,0.119814682751894,0.12571893632411957,0.10748307406902313,0.11901543475687504,0.1216903105378151,0.1234551016241312,0.12978751957416534,1.3638805461548997,19,0.08482142857142858,False
full_selected_candidates,hidden.layer_25.input_mean,hidden,224,0.0,0.005814775824546814,0.008448425214737654,0.008809832856059074,0.009089411236345768,0.009741958230733871,0.005035101901739836,0.006814052700065076,0.0073171735275536776,0.007785965455695987,0.009532731026411057,-2.3286924803143028,14,0.0625,False
full_selected_candidates,hidden.layer_25.input_rms,hidden,224,0.0,1.1077353954315186,1.1325042843818665,1.1344773769378662,1.1407087445259094,1.155854344367981,1.1096826791763306,1.1359135806560516,1.1426284313201904,1.1483705937862396,1.1670961380004883,0.9934906427990235,17,0.07589285714285714,False
full_selected_candidates,hidden.layer_25.output_mean,hidden,224,0.0,-7.652192289242521e-05,-6.004041097185109e-06,3.859703065245412e-05,0.00011788684787461534,0.0005020813550800085,-4.379864185466431e-05,8.41419732751092e-05,0.0001222069186042063,0.00017895901328301989,0.0004982436657883227,0.6748671241739425,0,0.0,False
full_selected_candidates,hidden.layer_25.output_rms,hidden,224,0.0,0.11299560219049454,0.12238699942827225,0.1236809566617012,0.12505073472857475,0.13098159432411194,0.11313482373952866,0.12324775196611881,0.12542186677455902,0.12700964510440826,0.13250602781772614,0.6535597259457849,3,0.013392857142857142,False
full_selected_candidates,hidden.layer_26.input_mean,hidden,224,0.0,0.006831065285950899,0.007988860365003347,0.008317832835018635,0.008641093503683805,0.009969999082386494,0.005869367625564337,0.00687611720059067,0.007214824669063091,0.00765072088688612,0.008707446977496147,-1.691125612211386,52,0.23214285714285715,False
full_selected_candidates,hidden.layer_26.input_rms,hidden,224,0.0,1.1699438095092773,1.1929125785827637,1.1949266195297241,1.2010117173194885,1.2159603834152222,1.1718388795852661,1.1977148354053497,1.204471230506897,1.2103485763072968,1.2295085191726685,1.1784723397678851,25,0.11160714285714286,False
full_selected_candidates,hidden.layer_26.output_mean,hidden,224,0.0,-0.001510645728558302,-0.0009195145103149116,-0.0007947142003104091,-0.0006832073850091547,-0.00045750977005809546,-0.0016612170729786158,-0.001014862849842757,-0.0008965896267909557,-0.0008146270993165672,-0.0005754805752076209,-0.43111449283947895,9,0.04017857142857143,False
full_selected_candidates,hidden.layer_26.output_rms,hidden,224,0.0,0.1669122278690338,0.1838701143860817,0.1852511763572693,0.1867080107331276,0.19059480726718903,0.16634349524974823,0.18151672929525375,0.18328818678855896,0.1846936047077179,0.18893322348594666,-0.6917058724691254,8,0.03571428571428571,False
full_selected_candidates,hidden.layer_27.input_mean,hidden,224,0.0,0.010997298173606396,0.014224173035472631,0.014626768417656422,0.0149450171738863,0.016149844974279404,0.010325024835765362,0.012952671153470874,0.013486530631780624,0.013983361888676882,0.01525065116584301,-1.5818090556789046,5,0.022321428571428572,False
full_selected_candidates,hidden.layer_27.input_rms,hidden,224,0.0,1.1974109411239624,1.2197732329368591,1.2214897871017456,1.2273346781730652,1.2404340505599976,1.1990514993667603,1.2243160009384155,1.2308363318443298,1.2359578907489777,1.2530574798583984,1.2360791423616586,27,0.12053571428571429,False
full_selected_candidates,hidden.layer_27.output_mean,hidden,224,0.0,0.0011345414677634835,0.0017521375557407737,0.0018461088184267282,0.001944141578860581,0.0021346586290746927,0.001236823620274663,0.0019287827890366316,0.0020083069102838635,0.002076564996968955,0.0022556562907993793,0.8447640274491875,28,0.125,False
full_selected_candidates,hidden.layer_27.output_rms,hidden,224,0.0,0.1702803373336792,0.1848875656723976,0.1865260750055313,0.18848637491464615,0.19577039778232574,0.17056994140148163,0.18499653786420822,0.1883261725306511,0.19126227125525475,0.19997788965702057,0.5001925370167942,11,0.049107142857142856,False
full_selected_candidates,hidden.layer_28.input_mean,hidden,224,0.0,0.00733461556956172,0.013404519762843847,0.014043333940207958,0.014776112046092749,0.016123274341225624,0.007340067531913519,0.012842718744650483,0.013731174636632204,0.014293407555669546,0.016599491238594055,-0.22758899083067163,2,0.008928571428571428,False
full_selected_candidates,hidden.layer_28.input_rms,hidden,224,0.0,1.1929905414581299,1.213077962398529,1.2145767211914062,1.2196998000144958,1.2325772047042847,1.1937248706817627,1.216333419084549,1.2214328050613403,1.2259206175804138,1.2411930561065674,1.0353748109742924,14,0.0625,False
full_selected_candidates,hidden.layer_28.output_mean,hidden,224,0.0,-0.00045278447214514017,-0.00031516022863797843,-0.00023856840562075377,-0.0001584060228196904,-6.885274615342496e-06,-0.00037480765604414046,-0.0002215549466200173,-0.00017539088730700314,-0.00011888927474501543,2.1810876205563545e-05,0.403035554828985,4,0.017857142857142856,False
full_selected_candidates,hidden.layer_28.output_rms,hidden,224,0.0,0.18886098265647888,0.1969112902879715,0.19880719482898712,0.2007116973400116,0.20753440260887146,0.18826033174991608,0.1980883814394474,0.20043745636940002,0.2022472582757473,0.20800459384918213,0.4289702439999843,3,0.013392857142857142,False
full_selected_candidates,hidden.layer_29.input_mean,hidden,224,0.0,0.01191895641386509,0.015099974814802408,0.015541130676865578,0.016105052083730698,0.017169149592518806,0.011595669202506542,0.014287838712334633,0.014785578940063715,0.015316153410822153,0.0167783722281456,-0.7517349761650715,4,0.017857142857142856,False
full_selected_candidates,hidden.layer_29.input_rms,hidden,224,0.0,1.2591100931167603,1.2718724012374878,1.2729936838150024,1.2768608331680298,1.285902976989746,1.259263277053833,1.274570643901825,1.278248369693756,1.2812774181365967,1.2926850318908691,1.0533742771113128,17,0.07589285714285714,False
full_selected_candidates,hidden.layer_29.output_mean,hidden,224,0.0,-0.0019082063809037209,-0.0016457302845083177,-0.001534022274427116,-0.0014221244491636753,-0.0011985055170953274,-0.0015230579301714897,-0.001324248791206628,-0.0012532108230516315,-0.0011754970182664692,-0.0008058774983510375,1.2558323933839712,73,0.32589285714285715,False
full_selected_candidates,hidden.layer_29.output_rms,hidden,224,0.0,0.2302217334508896,0.24221106618642807,0.24337048828601837,0.2467590570449829,0.2537587583065033,0.22949208319187164,0.24217015504837036,0.24560287594795227,0.24759269878268242,0.2549242377281189,0.49085139600374167,4,0.017857142857142856,False
full_selected_candidates,hidden.layer_3.input_mean,hidden,224,0.0,-0.0006360083934850991,-0.00029336492298170924,-0.00017704462516121566,0.00011794645615736954,0.0005785904941149056,-0.00032822979846969247,1.0795651808059858e-06,0.0001349329759250395,0.00025723168801050633,0.0007085478864610195,0.7584949430265205,5,0.022321428571428572,False
full_selected_candidates,hidden.layer_3.input_rms,hidden,224,0.0,0.47148752212524414,0.4929482191801071,0.4940246045589447,0.4947569817304611,0.49608972668647766,0.4673595726490021,0.48474498838186264,0.48565442860126495,0.4863669127225876,0.4886569678783417,-4.627570355236275,15,0.06696428571428571,False
full_selected_candidates,hidden.layer_3.output_mean,hidden,224,0.0,-0.00018052925588563085,-0.0001622829440748319,-0.00015850274940021336,-0.00014856384950689971,-8.378596976399422e-05,-0.00015529728261753917,-0.00013641867917613126,-0.0001320997253060341,-0.0001274858514079824,-8.571951912017539e-05,1.924545673436441,0,0.0,False
full_selected_candidates,hidden.layer_3.output_rms,hidden,224,0.0,0.02604803256690502,0.028770148754119873,0.028879616409540176,0.02893116232007742,0.029030805453658104,0.025689980015158653,0.027805935591459274,0.027894223108887672,0.027974931057542562,0.0282568521797657,-6.11993961373614,12,0.05357142857142857,False
full_selected_candidates,hidden.layer_30.input_mean,hidden,224,0.0,0.00869318749755621,0.011755803599953651,0.012252576649188995,0.012721359729766846,0.013672319240868092,0.008473588153719902,0.011320407269522548,0.011820706073194742,0.012177802622318268,0.013221373781561852,-0.44727651004380964,3,0.013392857142857142,False
full_selected_candidates,hidden.layer_30.input_rms,hidden,224,0.0,1.2460150718688965,1.254260003566742,1.255365252494812,1.2582951784133911,1.2654751539230347,1.2456059455871582,1.2565684616565704,1.2596440315246582,1.2620523571968079,1.2700430154800415,1.060370167949305,20,0.08928571428571429,False
full_selected_candidates,hidden.layer_30.output_mean,hidden,224,0.0,-0.004049506038427353,-0.0034375902032479644,-0.0031864179763942957,-0.003015393507666886,-0.002682256978005171,-0.004597022198140621,-0.004092221963219345,-0.003933862317353487,-0.0037364494055509567,-0.002709898864850402,-1.7703699455308795,67,0.29910714285714285,False
full_selected_candidates,hidden.layer_30.output_rms,hidden,224,0.0,0.31761834025382996,0.3302784860134125,0.3321262001991272,0.33619843423366547,0.3464723825454712,0.31778404116630554,0.33457671105861664,0.3384624421596527,0.34127794206142426,0.3507474660873413,1.0703205036233798,4,0.017857142857142856,False
full_selected_candidates,hidden.layer_31.input_mean,hidden,224,0.0,0.01160159520804882,0.012573609594255686,0.012957804836332798,0.013135001994669437,0.014188684523105621,0.010781140998005867,0.011334288399666548,0.011695431545376778,0.01197231630794704,0.01319693773984909,-2.248646917959059,93,0.41517857142857145,False
full_selected_candidates,hidden.layer_31.input_rms,hidden,224,0.0,1.1501988172531128,1.15951007604599,1.1603517532348633,1.1623538136482239,1.1676989793777466,1.1503878831863403,1.1612456738948822,1.163455069065094,1.1655024588108063,1.1716961860656738,1.0912806539509536,20,0.08928571428571429,False
full_selected_candidates,hidden.layer_31.output_mean,hidden,224,0.0,-0.018298741430044174,-0.017335357144474983,-0.017146088182926178,-0.016926213167607784,-0.01629401184618473,-0.016853176057338715,-0.016062287613749504,-0.015758040361106396,-0.015487422468140721,-0.014591564424335957,3.3925656988721076,193,0.8616071428571429,False
full_selected_candidates,hidden.layer_31.output_rms,hidden,224,0.0,0.8634429574012756,0.9062467813491821,0.9158471822738647,0.9345691800117493,1.0277893543243408,0.8297047019004822,0.8674356788396835,0.8809106051921844,0.8969891965389252,0.9938538670539856,-1.2335317180551844,41,0.18303571428571427,False
full_selected_candidates,hidden.layer_4.input_mean,hidden,224,0.0,0.005359018221497536,0.005687035387381911,0.005827572662383318,0.0059662023559212685,0.00648756418377161,0.005845355335623026,0.006218138383701444,0.006378749385476112,0.006518015521578491,0.007121452130377293,1.9743622462808994,65,0.29017857142857145,False
full_selected_candidates,hidden.layer_4.input_rms,hidden,224,0.0,0.6534102559089661,0.665865033864975,0.6666445732116699,0.6670963764190674,0.6683295369148254,0.6503705978393555,0.6597046703100204,0.6603010892868042,0.6607701778411865,0.6619153022766113,-5.151680906164533,17,0.07589285714285714,False
full_selected_candidates,hidden.layer_4.output_mean,hidden,224,0.0,-0.00021560571622103453,-0.0002021967084147036,-0.00018540123710408807,-0.00016649490862619132,-0.0001248665212187916,-0.00016399887681473047,-0.00011680302486638539,-9.683855387265794e-05,-7.729812750767451e-05,-1.9525414245435968e-05,2.48062237075025,183,0.8169642857142857,False
full_selected_candidates,hidden.layer_4.output_rms,hidden,224,0.0,0.0300523079931736,0.03285310044884682,0.033011969178915024,0.033134449273347855,0.033340729773044586,0.029632344841957092,0.03182636108249426,0.031982285901904106,0.03213316481560469,0.03250565007328987,-3.6598101265822787,14,0.0625,False
full_selected_candidates,hidden.layer_5.input_mean,hidden,224,0.0,0.00046443904284387827,0.000702495570294559,0.000901755120139569,0.0014465265558101237,0.0023594731464982033,0.0009939069859683514,0.0017213995743077248,0.0019130856962874532,0.002215038286522031,0.0030531936790794134,1.3592586812054586,37,0.16517857142857142,False
full_selected_candidates,hidden.layer_5.input_rms,hidden,224,0.0,0.7336916327476501,0.7431568503379822,0.7443750500679016,0.7454254031181335,0.7471150159835815,0.7312391400337219,0.7387253046035767,0.7396506071090698,0.7403367906808853,0.7428484559059143,-2.082580136626379,15,0.06696428571428571,False
full_selected_candidates,hidden.layer_5.output_mean,hidden,224,0.0,-4.103703031432815e-05,0.00016325381875503808,0.00018569020903669298,0.00022867163352202624,0.0002850224555004388,-1.6182570107048377e-05,0.00019594737750594504,0.00022623621771344915,0.0002539729539421387,0.00029455803451128304,0.6198007197454865,5,0.022321428571428572,False
full_selected_candidates,hidden.layer_5.output_rms,hidden,224,0.0,0.03907628357410431,0.04288272559642792,0.04306385666131973,0.0435190387070179,0.044519275426864624,0.039011240005493164,0.04208224639296532,0.04245549254119396,0.04271124955266714,0.04442373663187027,-0.9560766704330568,2,0.008928571428571428,False
full_selected_candidates,hidden.layer_6.input_mean,hidden,224,0.0,0.010400746949017048,0.011413180734962225,0.011620225384831429,0.011929251719266176,0.012889073230326176,0.010892357677221298,0.012433344265446067,0.01279863016679883,0.013105972902849317,0.014054329134523869,2.2834160760980784,95,0.42410714285714285,False
full_selected_candidates,hidden.layer_6.input_rms,hidden,224,0.0,0.8571165800094604,0.8638999462127686,0.8642386198043823,0.8653826117515564,0.8676528930664062,0.855867326259613,0.8619516640901566,0.8627095222473145,0.8635008484125137,0.8674891591072083,-1.031316582914573,12,0.05357142857142857,False
full_selected_candidates,hidden.layer_6.output_mean,hidden,224,0.0,0.00011557726975297555,0.0002773238666122779,0.00029839761555194855,0.00032078096410259604,0.00037778011756017804,0.00010975879558827728,0.0002759361159405671,0.00030410534236580133,0.00032395294692832977,0.00036806639400310814,0.13134164828022446,2,0.008928571428571428,False
full_selected_candidates,hidden.layer_6.output_rms,hidden,224,0.0,0.052780069410800934,0.05513560399413109,0.05529684200882912,0.05555386655032635,0.05636122077703476,0.05177747830748558,0.05390159320086241,0.05413181893527508,0.05433488450944424,0.055799517780542374,-2.7853869687779724,19,0.08482142857142858,False
full_selected_candidates,hidden.layer_7.input_mean,hidden,224,0.0,0.010747207328677177,0.011138095986098051,0.01134984940290451,0.011550260707736015,0.012151801027357578,0.011263175867497921,0.011939722578972578,0.012176724150776863,0.012436445569619536,0.013220642693340778,2.0061754547703865,119,0.53125,False
full_selected_candidates,hidden.layer_7.input_rms,hidden,224,0.0,0.8004317879676819,0.8133310377597809,0.8139351010322571,0.8163359463214874,0.8213615417480469,0.7987867593765259,0.8109460771083832,0.81263867020607,0.8142545074224472,0.8236215114593506,-0.4314376958781291,10,0.044642857142857144,False
full_selected_candidates,hidden.layer_7.output_mean,hidden,224,0.0,3.002694393217098e-05,9.556959048495628e-05,0.00012341364345047623,0.00014085967268329114,0.00027836699155159295,2.3733275156700984e-05,0.00011883990555361379,0.0001512332819402218,0.00018529565932112746,0.0003149030089844018,0.6142545374044028,5,0.022321428571428572,False
full_selected_candidates,hidden.layer_7.output_rms,hidden,224,0.0,0.05126892402768135,0.05602676793932915,0.05626598000526428,0.05708114989101887,0.0587373785674572,0.05115627124905586,0.0557353850454092,0.056459082290530205,0.05707520619034767,0.0599401630461216,0.18314263152595012,6,0.026785714285714284,False
full_selected_candidates,hidden.layer_8.input_mean,hidden,224,0.0,0.011909984983503819,0.014167943503707647,0.014540664851665497,0.015065734274685383,0.016576169058680534,0.012608423829078674,0.015844035893678665,0.01648380234837532,0.017053850926458836,0.018864266574382782,2.1643545016548313,96,0.42857142857142855,False
full_selected_candidates,hidden.layer_8.input_rms,hidden,224,0.0,0.8017079830169678,0.813208669424057,0.8141544461250305,0.816489964723587,0.8224071860313416,0.8012158870697021,0.813106432557106,0.8153055012226105,0.8171777576208115,0.8257661461830139,0.3507929011280449,9,0.04017857142857143,False
full_selected_candidates,hidden.layer_8.output_mean,hidden,224,0.0,-0.0006269069854170084,-0.0005645703931804746,-0.0005422308458946645,-0.000499302870593965,-0.00034353166120126843,-0.0005611352971754968,-0.0005008289735997096,-0.00048009584133978933,-0.0004626774025382474,-0.0003257269854657352,0.9520049496672353,4,0.017857142857142856,False
full_selected_candidates,hidden.layer_8.output_rms,hidden,224,0.0,0.048132944852113724,0.05238802172243595,0.05270380526781082,0.05330408364534378,0.05487363040447235,0.04772089049220085,0.05192575417459011,0.052474960684776306,0.053009023889899254,0.05525483936071396,-0.2498134430782807,11,0.049107142857142856,False
full_selected_candidates,hidden.layer_9.input_mean,hidden,224,0.0,0.009025119245052338,0.009449031203985214,0.009627606719732285,0.009982443880289793,0.01070268452167511,0.009967566467821598,0.010770396096631885,0.011156063061207533,0.011499676620587707,0.01224637683480978,2.8654293558679873,181,0.8080357142857143,False
full_selected_candidates,hidden.layer_9.input_rms,hidden,224,0.0,0.7963388562202454,0.8077427446842194,0.8085591793060303,0.8106754124164581,0.8163716197013855,0.7955734133720398,0.8071569204330444,0.8092729151248932,0.8112953156232834,0.8194887638092041,0.24337425307914312,10,0.044642857142857144,False
full_selected_candidates,hidden.layer_9.output_mean,hidden,224,0.0,0.00013399457384366542,0.0002617973805172369,0.00030406954465433955,0.0003230220318073407,0.0004163836420048028,0.00013323478924576193,0.0003012830711668357,0.0003422090085223317,0.00037283479468896985,0.0004907944821752608,0.622942933350066,13,0.05803571428571429,False
full_selected_candidates,hidden.layer_9.output_rms,hidden,224,0.0,0.04835169017314911,0.051797691732645035,0.052035167813301086,0.0524956788867712,0.053984902799129486,0.04787147045135498,0.05120102781802416,0.05171908251941204,0.0521764000877738,0.054343100637197495,-0.452852594808515,14,0.0625,False
full_selected_candidates,sampling.completion_count,sampling,224,0.0,32.0,36.0,45.0,50.0,52.0,30.0,33.0,37.0,41.0,51.0,-0.5714285714285714,38,0.16964285714285715,False
full_selected_candidates,sampling.mean_entropy,sampling,224,0.0,0.05376614660632854,0.1118442034234806,0.13376716509157296,0.16394540993725415,0.2327300412580371,0.039520185541462256,0.09691128581762314,0.14053304060770755,0.17347484443940825,0.2595493933733772,0.12986024640995497,7,0.03125,False
full_selected_candidates,sampling.mean_logprob,sampling,224,0.0,-0.27251938660629094,-0.16931669902169344,-0.12901574525297904,-0.10883393921642279,-0.03762569810662951,-0.3979178102630557,-0.18368102924898266,-0.1295342420305436,-0.07470685580896363,-0.02466483422099276,-0.008572637545540114,17,0.07589285714285714,False
full_selected_candidates,sampling.min_logprob,sampling,224,0.0,-3.797807216644287,-2.3335742950439453,-1.8626413345336914,-1.2920029163360596,-0.7570966482162476,-3.5747787952423096,-2.233987867832184,-1.644306480884552,-1.173269361257553,-0.4679067134857178,0.20962063485269075,21,0.09375,False
