population,feature,family,records,missing_n,missing_rate,finite_n,mean,min,p05,p25,p50,p75,p95,max
train,graph.activation_max,graph,75,0,0.0,75,8.245211232503255,6.879843235015869,7.265299510955811,7.823474407196045,8.186887741088867,8.555687427520752,9.553470897674561,10.386173248291016
train,graph.activation_mean,graph,75,0,0.0,75,7.485324392137073,6.692624409993489,6.915940368175507,7.260957309177943,7.438002872467041,7.699861749013265,8.149777104059854,8.400646209716797
train,graph.activation_missing,graph,75,0,0.0,75,0.0,0.0,0.0,0.0,0.0,0.0,0.0,0.0
train,graph.activation_q50,graph,75,0,0.0,75,7.381662359237671,6.534737586975098,6.789230465888977,7.045977354049683,7.379246711730957,7.66068172454834,8.107346820831298,8.43862771987915
train,graph.activation_q90,graph,75,0,0.0,75,8.062553998947143,6.842477321624756,7.151998944282532,7.694790196418762,8.064454364776612,8.263207721710206,9.258966064453125,9.835565376281739
train,graph.activation_q99,graph,75,0,0.0,75,8.226945509147644,6.876106643676758,7.2526633138656615,7.811902914047241,8.17111415863037,8.544005966186523,9.526383353233337,10.331112461090088
train,graph.activation_std,graph,75,0,0.0,75,0.5386711278447336,0.0,0.1514340597190772,0.3702107800870539,0.5234408813695781,0.6573177856540461,1.056656575905158,1.3383298070574934
train,graph.degree_max,graph,75,0,0.0,75,470.8,413.0,420.7,445.0,462.0,490.5,548.3,566.0
train,graph.degree_mean,graph,75,0,0.0,75,4.729549345759665,2.131812420785805,3.0104875489544076,3.9597723699246483,4.810752688172043,5.439000429790631,6.794415607352238,8.517967781908302
train,graph.degree_std,graph,75,0,0.0,75,31.065157665900497,21.189120397136776,25.551336551421613,28.38649762695087,30.998353968190802,33.08902378121156,38.03291041370788,42.44514631187392
train,graph.density,graph,75,0,0.0,75,0.0028280398151986114,0.0012159537163951935,0.0014906053663635518,0.0023577314812156997,0.0026722826722826725,0.0033294598389032944,0.0041697171780291096,0.00528409912029051
train,graph.edge_abs_effective_count,graph,75,0,0.0,75,199.94392495768082,63.735127305726955,116.36081962116992,151.91938808310016,194.4104572219177,240.4586867717731,299.04019440891364,408.307886177182
train,graph.edge_abs_hhi,graph,75,0,0.0,75,0.005540402321503671,0.0024491322206940127,0.0033440324602382098,0.00415872070495234,0.005143756227364403,0.00658250130668423,0.008594654860503462,0.015689934927142515
train,graph.edge_abs_sum,graph,75,0,0.0,75,89.43371834926249,21.06572769957711,38.244406605989205,66.14592803421692,87.04732276244613,108.28738190051081,152.32688353349803,207.96408171777148
train,graph.edge_abs_top10_share,graph,75,0,0.0,75,0.14663139604940917,0.07500045744676678,0.09787664770038373,0.12038390205150434,0.1381740958670518,0.1706262329824837,0.20436250408952067,0.30900744850327544
train,graph.edge_abs_top1_share,graph,75,0,0.0,75,0.021240935260637295,0.009326836934978024,0.012917084618474566,0.016150994824215503,0.01980054003794312,0.02423867289383109,0.032851447467946715,0.05333705670523701
train,graph.edge_count,graph,75,0,0.0,75,1995.9066666666668,841.0,1384.0,1609.5,1975.0,2263.0,2848.1,3437.0
train,graph.edge_negative_abs_sum,graph,75,0,0.0,75,45.4711311361116,10.724576044274727,18.76018179303792,34.263029113033554,43.57617456233129,56.5085974085232,80.46244631725422,105.64585712342523
train,graph.edge_negative_fraction,graph,75,0,0.0,75,0.5015891747259534,0.4611579866162351,0.46498019949321673,0.4876523672741428,0.5022727272727273,0.5166900101910162,0.5305265752516151,0.5333653384541527
train,graph.edge_positive_sum,graph,75,0,0.0,75,43.96258721315088,10.341151655302383,18.50814369198779,32.60238956033572,43.159833651880035,53.30887921321846,71.88136021999814,102.31822459434625
train,graph.edge_signed_mean,graph,75,0,0.0,75,-0.000745401013351347,-0.007713904300887694,-0.004198682432478715,-0.0022067991469228126,-0.0005694853999423646,0.0009608090877023138,0.0028661801713439675,0.003907687470578262
train,graph.edge_signed_std,graph,75,0,0.0,75,0.138703332977763,0.08314971039326452,0.09097419577799214,0.12204744876822966,0.13853561613559584,0.15990547674276795,0.1765017851044075,0.1832323065017943
train,graph.edge_signed_sum,graph,75,0,0.0,75,-1.5085439229607194,-20.40327687584795,-8.352871475496794,-4.423975394049194,-1.1336887072829995,1.9849084141897038,5.323397310028666,9.744925454171607
train,graph.empty_after_pruning,graph,75,0,0.0,75,0.0,0.0,0.0,0.0,0.0,0.0,0.0,0.0
train,graph.error_influence_fraction,graph,75,0,0.0,75,0.40541803746157806,0.36571533715211924,0.3834810758258961,0.39979109277507263,0.40596307643505064,0.4130495276278836,0.42227579293732886,0.4294728149030215
train,graph.error_node_count,graph,75,0,0.0,75,96.0,96.0,96.0,96.0,96.0,96.0,96.0,96.0
train,graph.feature_node_count,graph,75,0,0.0,75,3.8666666666666667,1.0,2.0,3.0,4.0,5.0,6.0,7.0
train,graph.graph_missing,graph,75,0,0.0,75,0.0,0.0,0.0,0.0,0.0,0.0,0.0,0.0
train,graph.input_logit_min_hops,graph,75,0,0.0,75,1.0,1.0,1.0,1.0,1.0,1.0,1.0,1.0
train,graph.input_logit_min_positive_distance,graph,75,0,0.0,75,77.05227181470661,33.859847040023865,45.16589051249166,55.0456677959885,70.60465613147294,85.04694261443913,125.8217193324162,248.02093142138207
train,graph.input_logit_path_missing,graph,75,0,0.0,75,0.0,0.0,0.0,0.0,0.0,0.0,0.0,0.0
train,graph.input_logit_reachability_missing,graph,75,0,0.0,75,0.0,0.0,0.0,0.0,0.0,0.0,0.0,0.0
train,graph.input_logit_reachable_logit_fraction,graph,75,0,0.0,75,1.0,1.0,1.0,1.0,1.0,1.0,1.0,1.0
train,graph.layer_0_activation_mean,graph,75,0,0.0,75,0.0,0.0,0.0,0.0,0.0,0.0,0.0,0.0
train,graph.layer_0_feature_count,graph,75,0,0.0,75,0.0,0.0,0.0,0.0,0.0,0.0,0.0,0.0
train,graph.layer_0_feature_fraction,graph,75,0,0.0,75,0.0,0.0,0.0,0.0,0.0,0.0,0.0,0.0
train,graph.layer_10_activation_mean,graph,75,0,0.0,75,0.0,0.0,0.0,0.0,0.0,0.0,0.0,0.0
train,graph.layer_10_feature_count,graph,75,0,0.0,75,0.0,0.0,0.0,0.0,0.0,0.0,0.0,0.0
train,graph.layer_10_feature_fraction,graph,75,0,0.0,75,0.0,0.0,0.0,0.0,0.0,0.0,0.0,0.0
train,graph.layer_11_activation_mean,graph,75,0,0.0,75,0.0,0.0,0.0,0.0,0.0,0.0,0.0,0.0
train,graph.layer_11_feature_count,graph,75,0,0.0,75,0.0,0.0,0.0,0.0,0.0,0.0,0.0,0.0
train,graph.layer_11_feature_fraction,graph,75,0,0.0,75,0.0,0.0,0.0,0.0,0.0,0.0,0.0,0.0
train,graph.layer_12_activation_mean,graph,75,0,0.0,75,0.0,0.0,0.0,0.0,0.0,0.0,0.0,0.0
train,graph.layer_12_feature_count,graph,75,0,0.0,75,0.0,0.0,0.0,0.0,0.0,0.0,0.0,0.0
train,graph.layer_12_feature_fraction,graph,75,0,0.0,75,0.0,0.0,0.0,0.0,0.0,0.0,0.0,0.0
train,graph.layer_13_activation_mean,graph,75,0,0.0,75,0.0,0.0,0.0,0.0,0.0,0.0,0.0,0.0
train,graph.layer_13_feature_count,graph,75,0,0.0,75,0.0,0.0,0.0,0.0,0.0,0.0,0.0,0.0
train,graph.layer_13_feature_fraction,graph,75,0,0.0,75,0.0,0.0,0.0,0.0,0.0,0.0,0.0,0.0
train,graph.layer_14_activation_mean,graph,75,0,0.0,75,0.0,0.0,0.0,0.0,0.0,0.0,0.0,0.0
train,graph.layer_14_feature_count,graph,75,0,0.0,75,0.0,0.0,0.0,0.0,0.0,0.0,0.0,0.0
train,graph.layer_14_feature_fraction,graph,75,0,0.0,75,0.0,0.0,0.0,0.0,0.0,0.0,0.0,0.0
train,graph.layer_15_activation_mean,graph,75,0,0.0,75,0.0,0.0,0.0,0.0,0.0,0.0,0.0,0.0
train,graph.layer_15_feature_count,graph,75,0,0.0,75,0.0,0.0,0.0,0.0,0.0,0.0,0.0,0.0
train,graph.layer_15_feature_fraction,graph,75,0,0.0,75,0.0,0.0,0.0,0.0,0.0,0.0,0.0,0.0
train,graph.layer_16_activation_mean,graph,75,0,0.0,75,0.0,0.0,0.0,0.0,0.0,0.0,0.0,0.0
train,graph.layer_16_feature_count,graph,75,0,0.0,75,0.0,0.0,0.0,0.0,0.0,0.0,0.0,0.0
train,graph.layer_16_feature_fraction,graph,75,0,0.0,75,0.0,0.0,0.0,0.0,0.0,0.0,0.0,0.0
train,graph.layer_17_activation_mean,graph,75,0,0.0,75,0.0,0.0,0.0,0.0,0.0,0.0,0.0,0.0
train,graph.layer_17_feature_count,graph,75,0,0.0,75,0.0,0.0,0.0,0.0,0.0,0.0,0.0,0.0
train,graph.layer_17_feature_fraction,graph,75,0,0.0,75,0.0,0.0,0.0,0.0,0.0,0.0,0.0,0.0
train,graph.layer_18_activation_mean,graph,75,0,0.0,75,0.0,0.0,0.0,0.0,0.0,0.0,0.0,0.0
train,graph.layer_18_feature_count,graph,75,0,0.0,75,0.0,0.0,0.0,0.0,0.0,0.0,0.0,0.0
train,graph.layer_18_feature_fraction,graph,75,0,0.0,75,0.0,0.0,0.0,0.0,0.0,0.0,0.0,0.0
train,graph.layer_19_activation_mean,graph,75,0,0.0,75,0.0,0.0,0.0,0.0,0.0,0.0,0.0,0.0
train,graph.layer_19_feature_count,graph,75,0,0.0,75,0.0,0.0,0.0,0.0,0.0,0.0,0.0,0.0
train,graph.layer_19_feature_fraction,graph,75,0,0.0,75,0.0,0.0,0.0,0.0,0.0,0.0,0.0,0.0
train,graph.layer_1_activation_mean,graph,75,0,0.0,75,0.0,0.0,0.0,0.0,0.0,0.0,0.0,0.0
train,graph.layer_1_feature_count,graph,75,0,0.0,75,0.0,0.0,0.0,0.0,0.0,0.0,0.0,0.0
train,graph.layer_1_feature_fraction,graph,75,0,0.0,75,0.0,0.0,0.0,0.0,0.0,0.0,0.0,0.0
train,graph.layer_20_activation_mean,graph,75,0,0.0,75,0.0,0.0,0.0,0.0,0.0,0.0,0.0,0.0
train,graph.layer_20_feature_count,graph,75,0,0.0,75,0.0,0.0,0.0,0.0,0.0,0.0,0.0,0.0
train,graph.layer_20_feature_fraction,graph,75,0,0.0,75,0.0,0.0,0.0,0.0,0.0,0.0,0.0,0.0
train,graph.layer_21_activation_mean,graph,75,0,0.0,75,0.0,0.0,0.0,0.0,0.0,0.0,0.0,0.0
train,graph.layer_21_feature_count,graph,75,0,0.0,75,0.0,0.0,0.0,0.0,0.0,0.0,0.0,0.0
train,graph.layer_21_feature_fraction,graph,75,0,0.0,75,0.0,0.0,0.0,0.0,0.0,0.0,0.0,0.0
train,graph.layer_22_activation_mean,graph,75,0,0.0,75,0.17572084426879883,0.0,0.0,0.0,0.0,0.0,0.0,6.589533805847168
train,graph.layer_22_feature_count,graph,75,0,0.0,75,0.02666666666666667,0.0,0.0,0.0,0.0,0.0,0.0,1.0
train,graph.layer_22_feature_fraction,graph,75,0,0.0,75,0.004126984126984127,0.0,0.0,0.0,0.0,0.0,0.0,0.16666666666666666
train,graph.layer_23_activation_mean,graph,75,0,0.0,75,0.0,0.0,0.0,0.0,0.0,0.0,0.0,0.0
train,graph.layer_23_feature_count,graph,75,0,0.0,75,0.0,0.0,0.0,0.0,0.0,0.0,0.0,0.0
train,graph.layer_23_feature_fraction,graph,75,0,0.0,75,0.0,0.0,0.0,0.0,0.0,0.0,0.0,0.0
train,graph.layer_24_activation_mean,graph,75,0,0.0,75,0.0,0.0,0.0,0.0,0.0,0.0,0.0,0.0
train,graph.layer_24_feature_count,graph,75,0,0.0,75,0.0,0.0,0.0,0.0,0.0,0.0,0.0,0.0
train,graph.layer_24_feature_fraction,graph,75,0,0.0,75,0.0,0.0,0.0,0.0,0.0,0.0,0.0,0.0
train,graph.layer_25_activation_mean,graph,75,0,0.0,75,0.0,0.0,0.0,0.0,0.0,0.0,0.0,0.0
train,graph.layer_25_feature_count,graph,75,0,0.0,75,0.0,0.0,0.0,0.0,0.0,0.0,0.0,0.0
train,graph.layer_25_feature_fraction,graph,75,0,0.0,75,0.0,0.0,0.0,0.0,0.0,0.0,0.0,0.0
train,graph.layer_26_activation_mean,graph,75,0,0.0,75,0.39387998580932615,0.0,0.0,0.0,0.0,0.0,2.1202785015106,7.644421100616455
train,graph.layer_26_feature_count,graph,75,0,0.0,75,0.05333333333333334,0.0,0.0,0.0,0.0,0.0,0.29999999999999716,1.0
train,graph.layer_26_feature_fraction,graph,75,0,0.0,75,0.010444444444444444,0.0,0.0,0.0,0.0,0.0,0.049999999999999524,0.25
train,graph.layer_27_activation_mean,graph,75,0,0.0,75,0.0,0.0,0.0,0.0,0.0,0.0,0.0,0.0
train,graph.layer_27_feature_count,graph,75,0,0.0,75,0.0,0.0,0.0,0.0,0.0,0.0,0.0,0.0
train,graph.layer_27_feature_fraction,graph,75,0,0.0,75,0.0,0.0,0.0,0.0,0.0,0.0,0.0,0.0
train,graph.layer_28_activation_mean,graph,75,0,0.0,75,0.0,0.0,0.0,0.0,0.0,0.0,0.0,0.0
train,graph.layer_28_feature_count,graph,75,0,0.0,75,0.0,0.0,0.0,0.0,0.0,0.0,0.0,0.0
train,graph.layer_28_feature_fraction,graph,75,0,0.0,75,0.0,0.0,0.0,0.0,0.0,0.0,0.0,0.0
train,graph.layer_29_activation_mean,graph,75,0,0.0,75,0.36572832107543946,0.0,0.0,0.0,0.0,0.0,2.0513580322265432,6.874417781829834
train,graph.layer_29_feature_count,graph,75,0,0.0,75,0.05333333333333334,0.0,0.0,0.0,0.0,0.0,0.29999999999999716,1.0
train,graph.layer_29_feature_fraction,graph,75,0,0.0,75,0.009682539682539681,0.0,0.0,0.0,0.0,0.0,0.04285714285714245,0.25
train,graph.layer_2_activation_mean,graph,75,0,0.0,75,0.0,0.0,0.0,0.0,0.0,0.0,0.0,0.0
train,graph.layer_2_feature_count,graph,75,0,0.0,75,0.0,0.0,0.0,0.0,0.0,0.0,0.0,0.0
train,graph.layer_2_feature_fraction,graph,75,0,0.0,75,0.0,0.0,0.0,0.0,0.0,0.0,0.0,0.0
train,graph.layer_30_activation_mean,graph,75,0,0.0,75,0.2964148775736491,0.0,0.0,0.0,0.0,0.0,0.0,8.666794776916504
train,graph.layer_30_feature_count,graph,75,0,0.0,75,0.04,0.0,0.0,0.0,0.0,0.0,0.0,1.0
train,graph.layer_30_feature_fraction,graph,75,0,0.0,75,0.00857142857142857,0.0,0.0,0.0,0.0,0.0,0.0,0.3333333333333333
train,graph.layer_31_activation_mean,graph,75,0,0.0,75,7.500353242889283,6.692624409993489,6.915940368175507,7.281009614467621,7.505127906799316,7.710054779052735,8.149777104059854,8.400646209716797
train,graph.layer_31_feature_count,graph,75,0,0.0,75,3.6933333333333334,1.0,2.0,3.0,4.0,4.0,5.299999999999997,7.0
train,graph.layer_31_feature_fraction,graph,75,0,0.0,75,0.9671746031746031,0.5,0.6666666666666666,1.0,1.0,1.0,1.0,1.0
train,graph.layer_3_activation_mean,graph,75,0,0.0,75,0.0,0.0,0.0,0.0,0.0,0.0,0.0,0.0
train,graph.layer_3_feature_count,graph,75,0,0.0,75,0.0,0.0,0.0,0.0,0.0,0.0,0.0,0.0
train,graph.layer_3_feature_fraction,graph,75,0,0.0,75,0.0,0.0,0.0,0.0,0.0,0.0,0.0,0.0
train,graph.layer_4_activation_mean,graph,75,0,0.0,75,0.0,0.0,0.0,0.0,0.0,0.0,0.0,0.0
train,graph.layer_4_feature_count,graph,75,0,0.0,75,0.0,0.0,0.0,0.0,0.0,0.0,0.0,0.0
train,graph.layer_4_feature_fraction,graph,75,0,0.0,75,0.0,0.0,0.0,0.0,0.0,0.0,0.0,0.0
train,graph.layer_5_activation_mean,graph,75,0,0.0,75,0.0,0.0,0.0,0.0,0.0,0.0,0.0,0.0
train,graph.layer_5_feature_count,graph,75,0,0.0,75,0.0,0.0,0.0,0.0,0.0,0.0,0.0,0.0
train,graph.layer_5_feature_fraction,graph,75,0,0.0,75,0.0,0.0,0.0,0.0,0.0,0.0,0.0,0.0
train,graph.layer_6_activation_mean,graph,75,0,0.0,75,0.0,0.0,0.0,0.0,0.0,0.0,0.0,0.0
train,graph.layer_6_feature_count,graph,75,0,0.0,75,0.0,0.0,0.0,0.0,0.0,0.0,0.0,0.0
train,graph.layer_6_feature_fraction,graph,75,0,0.0,75,0.0,0.0,0.0,0.0,0.0,0.0,0.0,0.0
train,graph.layer_7_activation_mean,graph,75,0,0.0,75,0.0,0.0,0.0,0.0,0.0,0.0,0.0,0.0
train,graph.layer_7_feature_count,graph,75,0,0.0,75,0.0,0.0,0.0,0.0,0.0,0.0,0.0,0.0
train,graph.layer_7_feature_fraction,graph,75,0,0.0,75,0.0,0.0,0.0,0.0,0.0,0.0,0.0,0.0
train,graph.layer_8_activation_mean,graph,75,0,0.0,75,0.0,0.0,0.0,0.0,0.0,0.0,0.0,0.0
train,graph.layer_8_feature_count,graph,75,0,0.0,75,0.0,0.0,0.0,0.0,0.0,0.0,0.0,0.0
train,graph.layer_8_feature_fraction,graph,75,0,0.0,75,0.0,0.0,0.0,0.0,0.0,0.0,0.0,0.0
train,graph.layer_9_activation_mean,graph,75,0,0.0,75,0.0,0.0,0.0,0.0,0.0,0.0,0.0,0.0
train,graph.layer_9_feature_count,graph,75,0,0.0,75,0.0,0.0,0.0,0.0,0.0,0.0,0.0,0.0
train,graph.layer_9_feature_fraction,graph,75,0,0.0,75,0.0,0.0,0.0,0.0,0.0,0.0,0.0,0.0
train,graph.layer_metadata_missing,graph,75,0,0.0,75,0.0,0.0,0.0,0.0,0.0,0.0,0.0,0.0
train,graph.logit_node_count,graph,75,0,0.0,75,0.0,0.0,0.0,0.0,0.0,0.0,0.0,0.0
train,graph.logit_probabilities_missing,graph,75,0,0.0,75,1.0,1.0,1.0,1.0,1.0,1.0,1.0,1.0
train,graph.node_count,graph,75,0,0.0,75,849.1066666666667,789.0,793.7,801.0,809.0,816.0,1049.6,1098.0
train,graph.node_influence_effective_count,graph,75,0,0.0,75,3.9790886565934374,3.9224764937916277,3.938207197873466,3.9567665826787013,3.9730457950144884,3.9953779550915893,4.047251954549813,4.074854254389468
train,graph.node_influence_hhi,graph,75,0,0.0,75,0.2513311041358594,0.24540755020202046,0.24708126710412442,0.250289232230703,0.25169606684494644,0.2527316393294743,0.25392265819599763,0.25494097965475854
train,graph.node_influence_missing,graph,75,0,0.0,75,0.0,0.0,0.0,0.0,0.0,0.0,0.0,0.0
train,graph.node_influence_top10_share,graph,75,0,0.0,75,0.6475238751520984,0.6179505694460953,0.6236642309557727,0.6349773816190112,0.6446933514414687,0.6589557951328329,0.6780480631789781,0.7003319159375195
train,graph.node_influence_top1_share,graph,75,0,0.0,75,0.49710292255030014,0.49172575654868517,0.49338067455152534,0.49615106455938873,0.4975696946728226,0.49843079999067563,0.49929726379215195,0.49970017285642654
train,graph.path_budget_exhausted,graph,75,0,0.0,75,0.0,0.0,0.0,0.0,0.0,0.0,0.0,0.0
train,graph.sampled_hop_statistics_missing,graph,75,0,0.0,75,0.0,0.0,0.0,0.0,0.0,0.0,0.0,0.0
train,graph.sampled_path_missing,graph,75,0,0.0,75,0.0,0.0,0.0,0.0,0.0,0.0,0.0,0.0
train,graph.sampled_path_source_count,graph,75,0,0.0,75,16.0,16.0,16.0,16.0,16.0,16.0,16.0,16.0
train,graph.sampled_reachable_max_hops,graph,75,0,0.0,75,1.96,1.0,2.0,2.0,2.0,2.0,2.0,2.0
train,graph.sampled_reachable_mean_hops,graph,75,0,0.0,75,1.3291293891293892,1.0,1.1397435897435897,1.25,1.3076923076923077,1.4166666666666667,1.5454545454545454,1.6153846153846154
train,graph.sampled_reachable_pair_fraction,graph,75,0,0.0,75,0.72,0.5,0.5625,0.625,0.75,0.8125,0.875,0.9375
train,graph.score_node_count,graph,75,0,0.0,75,1.0,1.0,1.0,1.0,1.0,1.0,1.0,1.0
train,graph.selected_logit_entropy,graph,75,0,0.0,75,0.0,0.0,0.0,0.0,0.0,0.0,0.0,0.0
train,graph.selected_logit_probability_mass,graph,75,0,0.0,75,0.0,0.0,0.0,0.0,0.0,0.0,0.0,0.0
train,graph.token_node_count,graph,75,0,0.0,75,748.24,691.0,692.0,700.5,708.0,715.0,947.3,999.0
train,graph.top_logit_probability,graph,75,0,0.0,75,0.0,0.0,0.0,0.0,0.0,0.0,0.0,0.0
train,graph.weak_components,graph,75,0,0.0,75,202.12,116.0,133.0,160.5,179.0,216.0,346.79999999999995,406.0
train,graph.weighted_path_budget_exhausted,graph,75,0,0.0,75,0.0,0.0,0.0,0.0,0.0,0.0,0.0,0.0
train,graph.weighted_path_missing,graph,75,0,0.0,75,0.0,0.0,0.0,0.0,0.0,0.0,0.0,0.0
train,hidden.layer_0.input_mean,hidden,75,0,0.0,75,0.0002978477913226622,-0.00015469810750801116,-6.404849045793526e-05,0.00027606192452367395,0.0003436254628468305,0.0003984055801993236,0.0005042011965997517,0.0005447062430903316
train,hidden.layer_0.input_rms,hidden,75,0,0.0,75,0.267161922454834,0.2526659071445465,0.2539270430803299,0.26904064416885376,0.269583523273468,0.2701318562030792,0.2711583852767944,0.2713736891746521
train,hidden.layer_0.output_mean,hidden,75,0,0.0,75,5.9800702341211336e-05,5.0744361942633986e-05,5.363416530599352e-05,5.597196286544204e-05,5.885311111342162e-05,6.121420119598042e-05,7.137365028029307e-05,7.386654760921374e-05
train,hidden.layer_0.output_rms,hidden,75,0,0.0,75,0.011332078116635481,0.010257303714752197,0.010289471689611673,0.011477196123450994,0.011527479626238346,0.011561455205082893,0.011602737009525299,0.01162585150450468
train,hidden.layer_1.input_mean,hidden,75,0,0.0,75,0.0014498109370470046,0.0010187756270170212,0.0011491848854348063,0.0012885220348834991,0.0013608202571049333,0.0014923750422894955,0.0020853366935625673,0.002186504192650318
train,hidden.layer_1.input_rms,hidden,75,0,0.0,75,0.3630569477876027,0.35579726099967957,0.3565549224615097,0.3635186702013016,0.3641526699066162,0.36457309126853943,0.3656023979187012,0.3658079504966736
train,hidden.layer_1.output_mean,hidden,75,0,0.0,75,4.609561461469032e-06,-2.4439494154648855e-05,-1.8968505719385577e-05,4.3116690449096495e-06,8.807319318293594e-06,1.0209065294475295e-05,1.2270767820155016e-05,2.3288241209229454e-05
train,hidden.layer_1.output_rms,hidden,75,0,0.0,75,0.01719377433260282,0.016499988734722137,0.01657977644354105,0.01723355334252119,0.017300650477409363,0.017338812351226807,0.01743286903947592,0.017461257055401802
train,hidden.layer_10.input_mean,hidden,75,0,0.0,75,0.01066096432507038,0.009467734023928642,0.009744778741151094,0.010278740432113409,0.010660490021109581,0.0110874786041677,0.011542563606053591,0.01202522125095129
train,hidden.layer_10.input_rms,hidden,75,0,0.0,75,0.8395499380429586,0.8333509564399719,0.8340724527835846,0.8393421173095703,0.8399445414543152,0.841044157743454,0.8439449548721314,0.8443419337272644
train,hidden.layer_10.output_mean,hidden,75,0,0.0,75,-8.343467350641732e-05,-0.00021662694052793086,-0.0001904715842101723,-9.553430209052749e-05,-6.982676131883636e-05,-5.38204640179174e-05,-2.811571175698191e-05,-1.394703213009052e-05
train,hidden.layer_10.output_rms,hidden,75,0,0.0,75,0.05719986731807391,0.05468376353383064,0.05485503040254116,0.057219794020056725,0.05751146748661995,0.05776733346283436,0.05851278640329838,0.058629997074604034
train,hidden.layer_11.input_mean,hidden,75,0,0.0,75,0.014676020530362923,0.013909938745200634,0.014091353304684162,0.01434213388711214,0.014635832980275154,0.01497260807082057,0.015302365645766258,0.015607030130922794
train,hidden.layer_11.input_rms,hidden,75,0,0.0,75,0.8383716742197672,0.8309611678123474,0.8317979991436004,0.8380435109138489,0.8387242555618286,0.8400869965553284,0.8435131728649139,0.8440743684768677
train,hidden.layer_11.output_mean,hidden,75,0,0.0,75,-0.0005258626809033255,-0.0006217194604687393,-0.0006060521933250129,-0.0005739488988183439,-0.000545042974408716,-0.0004928263078909367,-0.00039535439864266667,-0.00037064767093397677
train,hidden.layer_11.output_rms,hidden,75,0,0.0,75,0.06244444782535235,0.05909851938486099,0.05945961102843285,0.06258859857916832,0.06283003836870193,0.06321501359343529,0.06413952931761742,0.0644388273358345
train,hidden.layer_12.input_mean,hidden,75,0,0.0,75,0.011277459959189096,0.010349947027862072,0.010627766605466604,0.010961925610899925,0.0112818144261837,0.01152446772903204,0.01196572333574295,0.012202305719256401
train,hidden.layer_12.input_rms,hidden,75,0,0.0,75,0.8386124308904012,0.8305337429046631,0.8315856039524079,0.8383629322052002,0.8390642404556274,0.8402676582336426,0.8435589730739593,0.8446863889694214
train,hidden.layer_12.output_mean,hidden,75,0,0.0,75,0.000327376244822517,0.00018390572222415358,0.00021088057255838066,0.00025543608353473246,0.00028771316283382475,0.00034484836214687675,0.0005910933541599661,0.0006234300672076643
train,hidden.layer_12.output_rms,hidden,75,0,0.0,75,0.05982863028844198,0.05615608021616936,0.056385233998298645,0.059977851808071136,0.06024615094065666,0.0605428796261549,0.06152161881327629,0.06199919804930687
train,hidden.layer_13.input_mean,hidden,75,0,0.0,75,0.012796161559720834,0.011333080939948559,0.011730148736387492,0.012172429356724024,0.012753484770655632,0.013218329288065434,0.014348898828029633,0.01444665715098381
train,hidden.layer_13.input_rms,hidden,75,0,0.0,75,0.8418665440877279,0.8341428637504578,0.834932005405426,0.8416203856468201,0.842161238193512,0.843756765127182,0.8468727827072143,0.8480729460716248
train,hidden.layer_13.output_mean,hidden,75,0,0.0,75,1.2813394660042832e-05,-0.00012413861986715347,-0.00010063446025014855,-3.725921851582825e-05,1.6423658962594345e-05,5.890548163733911e-05,0.00011237523285672068,0.00014166887558531016
train,hidden.layer_13.output_rms,hidden,75,0,0.0,75,0.059606197128693264,0.05655954033136368,0.05674234107136726,0.059602513909339905,0.059904973953962326,0.06031922250986099,0.06099281832575798,0.06130259484052658
train,hidden.layer_14.input_mean,hidden,75,0,0.0,75,0.009303528554737569,0.007929450832307339,0.008439602609723807,0.008984627667814493,0.009376599453389645,0.00962737062945962,0.009993866737931966,0.010213238187134266
train,hidden.layer_14.input_rms,hidden,75,0,0.0,75,0.8680764945348104,0.8619008660316467,0.8622562944889068,0.8678495585918427,0.8685198426246643,0.8697302937507629,0.8720673561096192,0.8733075857162476
train,hidden.layer_14.output_mean,hidden,75,0,0.0,75,-1.9229311512087103e-05,-0.00020942767150700092,-0.00015551582910120488,-6.156206291052513e-05,-2.573122628746205e-06,2.526109619793715e-05,8.05453753855545e-05,0.00011488430754980072
train,hidden.layer_14.output_rms,hidden,75,0,0.0,75,0.06143372183044751,0.05837845057249069,0.0585671205073595,0.06138516403734684,0.06177351251244545,0.062272099778056145,0.06311404034495353,0.06364436447620392
train,hidden.layer_15.input_mean,hidden,75,0,0.0,75,0.011234341164429982,0.010223852470517159,0.010371172986924648,0.010692091658711433,0.011074532754719257,0.011679855640977621,0.012402621004730463,0.012667453847825527
train,hidden.layer_15.input_rms,hidden,75,0,0.0,75,0.8884186681111653,0.8801658153533936,0.8806569159030915,0.8876829743385315,0.8886169195175171,0.8907442688941956,0.8952966213226319,0.8973099589347839
train,hidden.layer_15.output_mean,hidden,75,0,0.0,75,0.000320703925875326,0.00014450144954025745,0.00023789662955095992,0.00028927433595526963,0.0003194150049239397,0.0003425588656682521,0.0004275469633284956,0.0004967488930560648
train,hidden.layer_15.output_rms,hidden,75,0,0.0,75,0.06860123773415884,0.06547394394874573,0.06563389152288437,0.0682448297739029,0.06868351995944977,0.06953374668955803,0.07156292274594307,0.07211665064096451
train,hidden.layer_16.input_mean,hidden,75,0,0.0,75,0.007908809836953879,0.006555717904120684,0.006745853135362268,0.00743234483525157,0.007945787161588669,0.008385952562093735,0.00901144491508603,0.009590636938810349
train,hidden.layer_16.input_rms,hidden,75,0,0.0,75,0.8924583141009013,0.8810276389122009,0.8815296292304993,0.891566127538681,0.8928647041320801,0.8957252502441406,0.902114337682724,0.9035944938659668
train,hidden.layer_16.output_mean,hidden,75,0,0.0,75,4.1560420722817074e-05,-0.000133611261844635,-9.865796600934118e-05,-4.6168925109668635e-06,2.969641354866326e-05,0.00010283073788741603,0.0001907059486256912,0.0002555314567871392
train,hidden.layer_16.output_rms,hidden,75,0,0.0,75,0.06956715613603592,0.06520029902458191,0.06540251672267913,0.06929149851202965,0.06983976811170578,0.0706912912428379,0.07326755449175834,0.07402205467224121
train,hidden.layer_17.input_mean,hidden,75,0,0.0,75,0.011368300095200538,0.009847516193985939,0.010391969978809357,0.010856135282665491,0.011344549246132374,0.011793233919888735,0.012603494524955749,0.012979531660676003
train,hidden.layer_17.input_rms,hidden,75,0,0.0,75,0.9105797346433003,0.9007059335708618,0.9011076390743256,0.9097682237625122,0.9109198451042175,0.9135888516902924,0.9194332838058472,0.9203144311904907
train,hidden.layer_17.output_mean,hidden,75,0,0.0,75,-0.0007274135978271564,-0.0010077845072373748,-0.0009216674254275859,-0.0007642224372830242,-0.0007106965640559793,-0.0006602386420127004,-0.0006126899621449411,-0.0005836086347699165
train,hidden.layer_17.output_rms,hidden,75,0,0.0,75,0.07628523806730907,0.07233637571334839,0.07253911644220352,0.07615521177649498,0.07659237086772919,0.07718724757432938,0.07901975214481353,0.07990412414073944
train,hidden.layer_18.input_mean,hidden,75,0,0.0,75,0.008966190063705047,0.007025924976915121,0.007218926167115569,0.008518969640135765,0.009182720445096493,0.009606835432350636,0.010041884332895278,0.010427698493003845
train,hidden.layer_18.input_rms,hidden,75,0,0.0,75,0.9774692757924398,0.9725770354270935,0.9731136918067932,0.9767622649669647,0.9775177240371704,0.9787860214710236,0.9821563959121704,0.9827157855033875
train,hidden.layer_18.output_mean,hidden,75,0,0.0,75,-0.001514845973191162,-0.0019548353739082813,-0.001897876732982695,-0.0015432813088409603,-0.0014881107490509748,-0.001416080805938691,-0.0012863788288086653,-0.001103971735574305
train,hidden.layer_18.output_rms,hidden,75,0,0.0,75,0.10902619491020839,0.10824823379516602,0.10846382603049279,0.10876719281077385,0.10895057767629623,0.10925145819783211,0.10981341823935509,0.11022819578647614
train,hidden.layer_19.input_mean,hidden,75,0,0.0,75,0.0018337409570570646,-8.755240560276434e-05,5.6633078202139586e-05,0.0014834817848168314,0.001934881554916501,0.0024934719549492,0.0029701633844524617,0.003420294262468815
train,hidden.layer_19.input_rms,hidden,75,0,0.0,75,1.0193670654296876,1.0149654150009155,1.0157742738723754,1.0178481936454773,1.0188990831375122,1.0208503603935242,1.0252627730369568,1.0267086029052734
train,hidden.layer_19.output_mean,hidden,75,0,0.0,75,0.0005943208079164226,0.00042650458635762334,0.0004678240336943418,0.000540639681275934,0.0005962576251477003,0.0006358948012348264,0.0007388608704786747,0.0007937055779621005
train,hidden.layer_19.output_rms,hidden,75,0,0.0,75,0.12577495902776717,0.12241172045469284,0.12291442081332207,0.12522108107805252,0.12572331726551056,0.12690308690071106,0.1287539005279541,0.13008928298950195
train,hidden.layer_2.input_mean,hidden,75,0,0.0,75,0.0019363682282467682,0.0013042022474110126,0.0015022741281427443,0.0017001688247546554,0.0018412285717204213,0.002037556143477559,0.0026778437197208403,0.002780435374006629
train,hidden.layer_2.input_rms,hidden,75,0,0.0,75,0.438709210952123,0.42722466588020325,0.4282116323709488,0.4395347982645035,0.44084998965263367,0.4413689523935318,0.44182666540145876,0.44230079650878906
train,hidden.layer_2.output_mean,hidden,75,0,0.0,75,-0.00044963008374907074,-0.0004715434042736888,-0.0004658735590055585,-0.000452921973192133,-0.000447877828264609,-0.0004435341397766024,-0.0004381414328236133,-0.0004362208128441125
train,hidden.layer_2.output_rms,hidden,75,0,0.0,75,0.034284996936718624,0.03401051089167595,0.03409027308225632,0.03422984294593334,0.03427816182374954,0.034344734624028206,0.034463207423686984,0.034497544169425964
train,hidden.layer_20.input_mean,hidden,75,0,0.0,75,0.0010067986454426621,-0.0009371473570354283,-0.000723720237147063,0.0006891657831147313,0.001164839486591518,0.0015450259088538587,0.002125139837153256,0.002279470907524228
train,hidden.layer_20.input_rms,hidden,75,0,0.0,75,1.0399661207199096,1.0280393362045288,1.0297167420387268,1.0384051203727722,1.0397825241088867,1.0434457659721375,1.0502842545509339,1.0521718263626099
train,hidden.layer_20.output_mean,hidden,75,0,0.0,75,0.0011344460506613056,0.0009800863917917013,0.0010292132501490414,0.0010730845388025045,0.00111389032099396,0.0011888411245308816,0.0012821314972825348,0.001315960311330855
train,hidden.layer_20.output_rms,hidden,75,0,0.0,75,0.10638347595930099,0.10016673058271408,0.1008157804608345,0.10603898391127586,0.10659554600715637,0.10810285806655884,0.11068946123123169,0.11160538345575333
train,hidden.layer_21.input_mean,hidden,75,0,0.0,75,0.004376260206724206,0.0020877395290881395,0.002642133203335106,0.004132671281695366,0.004521530121564865,0.004957330180332065,0.005477197375148535,0.005796828772872686
train,hidden.layer_21.input_rms,hidden,75,0,0.0,75,1.0448405520121256,1.0326532125473022,1.0346102952957152,1.0428133606910706,1.044257402420044,1.0485925674438477,1.0559957027435303,1.0587722063064575
train,hidden.layer_21.output_mean,hidden,75,0,0.0,75,-0.00036904071806930004,-0.0005263558705337346,-0.0004739434341900051,-0.00041820456681307405,-0.0003588708641473204,-0.0003155401354888454,-0.0002688503474928439,-0.00024031239445321262
train,hidden.layer_21.output_rms,hidden,75,0,0.0,75,0.11073999832073847,0.10352575033903122,0.10424292460083961,0.11042290180921555,0.11117473989725113,0.11257476732134819,0.11543317064642906,0.11580333858728409
train,hidden.layer_22.input_mean,hidden,75,0,0.0,75,0.0037337991129606962,0.0025784573517739773,0.0029319701716303825,0.0034711749758571386,0.003842471167445183,0.004029586678370833,0.004359112773090601,0.004824896343052387
train,hidden.layer_22.input_rms,hidden,75,0,0.0,75,1.1409174696604412,1.134577751159668,1.1363734483718873,1.1389331221580505,1.1399834156036377,1.1429604887962341,1.1482748627662658,1.1501708030700684
train,hidden.layer_22.output_mean,hidden,75,0,0.0,75,-3.519392339512706e-07,-0.00034867474460043013,-0.0002596871374407783,-0.00014626572374254465,5.449487434816547e-05,0.00011038069351343438,0.0002010333540965803,0.0002190487866755575
train,hidden.layer_22.output_rms,hidden,75,0,0.0,75,0.1531747978925705,0.1426541805267334,0.1434975117444992,0.15351445972919464,0.15429818630218506,0.1557316780090332,0.15909066200256347,0.15996548533439636
train,hidden.layer_23.input_mean,hidden,75,0,0.0,75,0.0014139673609073118,-0.0010558280628174543,-0.000594030087813735,0.0010641245753504336,0.0016841505421325564,0.002093614893965423,0.0024874105816707014,0.0026496511418372393
train,hidden.layer_23.input_rms,hidden,75,0,0.0,75,1.0882454601923626,1.0713976621627808,1.0737874507904053,1.0868685841560364,1.0879110097885132,1.0931200981140137,1.1020680665969849,1.1048585176467896
train,hidden.layer_23.output_mean,hidden,75,0,0.0,75,0.001641622077052792,0.0014725819928571582,0.0015121420379728078,0.001583718170877546,0.0016494746087118983,0.0017057909863069654,0.0017616508761420847,0.0018384454306215048
train,hidden.layer_23.output_rms,hidden,75,0,0.0,75,0.13592991987864175,0.1272381693124771,0.12852627635002137,0.13557660579681396,0.13638697564601898,0.13778913021087646,0.1412679895758629,0.1426144689321518
train,hidden.layer_24.input_mean,hidden,75,0,0.0,75,0.005512580197925369,0.003136049723252654,0.003651460981927812,0.005333917681127787,0.00568504398688674,0.006058766273781657,0.006546240020543337,0.0069514852948486805
train,hidden.layer_24.input_rms,hidden,75,0,0.0,75,1.0931486654281617,1.068570852279663,1.0721678018569947,1.0917954444885254,1.0932999849319458,1.0994775891304016,1.1114065647125244,1.1136791706085205
train,hidden.layer_24.output_mean,hidden,75,0,0.0,75,0.001102850098007669,0.0008977195248007774,0.0009708910889457911,0.0010383419576101005,0.0011209814110770822,0.0011615768307819963,0.0012115672579966486,0.001257411320693791
train,hidden.layer_24.output_rms,hidden,75,0,0.0,75,0.1177938217918078,0.10680869966745377,0.10811947956681252,0.11758450791239738,0.11864861845970154,0.119814682751894,0.12511104419827462,0.12571893632411957
train,hidden.layer_25.input_mean,hidden,75,0,0.0,75,0.00850503363336126,0.005814775824546814,0.006172644486650824,0.008448425214737654,0.008809832856059074,0.009089411236345768,0.00945792617276311,0.009741958230733871
train,hidden.layer_25.input_rms,hidden,75,0,0.0,75,1.1339244492848715,1.1077353954315186,1.111652946472168,1.1325042843818665,1.1344773769378662,1.1407087445259094,1.153738510608673,1.155854344367981
train,hidden.layer_25.output_mean,hidden,75,0,0.0,75,0.00010299655878649597,-7.652192289242521e-05,-6.0547122120624405e-05,-6.004041097185109e-06,3.859703065245412e-05,0.00011788684787461534,0.0004468869185075164,0.0005020813550800085
train,hidden.layer_25.output_rms,hidden,75,0,0.0,75,0.12301377912362417,0.11299560219049454,0.11424113661050797,0.12238699942827225,0.1236809566617012,0.12505073472857475,0.12971430718898774,0.13098159432411194
train,hidden.layer_26.input_mean,hidden,75,0,0.0,75,0.008305949761221806,0.006831065285950899,0.007238368596881628,0.007988860365003347,0.008317832835018635,0.008641093503683805,0.009158018231391906,0.009969999082386494
train,hidden.layer_26.input_rms,hidden,75,0,0.0,75,1.1946025133132934,1.1699438095092773,1.1738619565963746,1.1929125785827637,1.1949266195297241,1.2010117173194885,1.214228618144989,1.2159603834152222
train,hidden.layer_26.output_mean,hidden,75,0,0.0,75,-0.0008572662788598488,-0.001510645728558302,-0.0014090859564021229,-0.0009195145103149116,-0.0007947142003104091,-0.0006832073850091547,-0.0005230288719758392,-0.00045750977005809546
train,hidden.layer_26.output_rms,hidden,75,0,0.0,75,0.18313751498858133,0.1669122278690338,0.16909269839525223,0.1838701143860817,0.1852511763572693,0.1867080107331276,0.18947856426239013,0.19059480726718903
train,hidden.layer_27.input_mean,hidden,75,0,0.0,75,0.014273303101460138,0.010997298173606396,0.011208668258041144,0.014224173035472631,0.014626768417656422,0.0149450171738863,0.015493084397166967,0.016149844974279404
train,hidden.layer_27.input_rms,hidden,75,0,0.0,75,1.2209172391891479,1.1974109411239624,1.2003905177116394,1.2197732329368591,1.2214897871017456,1.2273346781730652,1.2390166759490966,1.2404340505599976
train,hidden.layer_27.output_mean,hidden,75,0,0.0,75,0.00178252543322742,0.0011345414677634835,0.00120350846555084,0.0017521375557407737,0.0018461088184267282,0.001944141578860581,0.0020259700482711195,0.0021346586290746927
train,hidden.layer_27.output_rms,hidden,75,0,0.0,75,0.1851596744855245,0.1702803373336792,0.17180877774953843,0.1848875656723976,0.1865260750055313,0.18848637491464615,0.1941486805677414,0.19577039778232574
train,hidden.layer_28.input_mean,hidden,75,0,0.0,75,0.013340488051374753,0.00733461556956172,0.007895828457549214,0.013404519762843847,0.014043333940207958,0.014776112046092749,0.015351621899753809,0.016123274341225624
train,hidden.layer_28.input_rms,hidden,75,0,0.0,75,1.2145106410980224,1.1929905414581299,1.1958087921142577,1.213077962398529,1.2145767211914062,1.2196998000144958,1.2314160585403442,1.2325772047042847
train,hidden.layer_28.output_mean,hidden,75,0,0.0,75,-0.00023650811214489902,-0.00045278447214514017,-0.00041112689359579235,-0.00031516022863797843,-0.00023856840562075377,-0.0001584060228196904,-4.466761984076592e-05,-6.885274615342496e-06
train,hidden.layer_28.output_rms,hidden,75,0,0.0,75,0.19870111207167307,0.18886098265647888,0.1909490168094635,0.1969112902879715,0.19880719482898712,0.2007116973400116,0.20480440855026244,0.20753440260887146
train,hidden.layer_29.input_mean,hidden,75,0,0.0,75,0.015334002847472827,0.01191895641386509,0.012164431251585483,0.015099974814802408,0.015541130676865578,0.016105052083730698,0.016849681548774243,0.017169149592518806
train,hidden.layer_29.input_rms,hidden,75,0,0.0,75,1.2732515907287598,1.2591100931167603,1.261274814605713,1.2718724012374878,1.2729936838150024,1.2768608331680298,1.2853710651397705,1.285902976989746
train,hidden.layer_29.output_mean,hidden,75,0,0.0,75,-0.0015289027290418743,-0.0019082063809037209,-0.0017746403929777444,-0.0016457302845083177,-0.001534022274427116,-0.0014221244491636753,-0.001265701896045357,-0.0011985055170953274
train,hidden.layer_29.output_rms,hidden,75,0,0.0,75,0.24338285942872365,0.2302217334508896,0.232639642059803,0.24221106618642807,0.24337048828601837,0.2467590570449829,0.25203762054443357,0.2537587583065033
train,hidden.layer_3.input_mean,hidden,75,0,0.0,75,-9.202902115248434e-05,-0.0006360083934850991,-0.00045444924326147883,-0.00029336492298170924,-0.00017704462516121566,0.00011794645615736954,0.0005081121344119309,0.0005785904941149056
train,hidden.layer_3.input_rms,hidden,75,0,0.0,75,0.4905005184809367,0.47148752212524414,0.4730023443698883,0.4929482191801071,0.4940246045589447,0.4947569817304611,0.49548837542533875,0.49608972668647766
train,hidden.layer_3.output_mean,hidden,75,0,0.0,75,-0.00015114718708597746,-0.00018052925588563085,-0.00017330061818938703,-0.0001622829440748319,-0.00015850274940021336,-0.00014856384950689971,-9.331615219707601e-05,-8.378596976399422e-05
train,hidden.layer_3.output_rms,hidden,75,0,0.0,75,0.028419707790017127,0.02604803256690502,0.02624561432749033,0.028770148754119873,0.028879616409540176,0.02893116232007742,0.029003787599503995,0.029030805453658104
train,hidden.layer_30.input_mean,hidden,75,0,0.0,75,0.011990353365739186,0.00869318749755621,0.008968870621174574,0.011755803599953651,0.012252576649188995,0.012721359729766846,0.013462227769196033,0.013672319240868092
train,hidden.layer_30.input_rms,hidden,75,0,0.0,75,1.255721114476522,1.2460150718688965,1.247464644908905,1.254260003566742,1.255365252494812,1.2582951784133911,1.2649344086647034,1.2654751539230347
train,hidden.layer_30.output_mean,hidden,75,0,0.0,75,-0.003233285527676344,-0.004049506038427353,-0.0038312786258757115,-0.0034375902032479644,-0.0031864179763942957,-0.003015393507666886,-0.0027856429107487204,-0.002682256978005171
train,hidden.layer_30.output_rms,hidden,75,0,0.0,75,0.33211739977200827,0.31761834025382996,0.32025057077407837,0.3302784860134125,0.3321262001991272,0.33619843423366547,0.34217275977134703,0.3464723825454712
train,hidden.layer_31.input_mean,hidden,75,0,0.0,75,0.012861126425365606,0.01160159520804882,0.011927573103457689,0.012573609594255686,0.012957804836332798,0.013135001994669437,0.013703277707099915,0.014188684523105621
train,hidden.layer_31.input_rms,hidden,75,0,0.0,75,1.1598361937204997,1.1501988172531128,1.151048755645752,1.15951007604599,1.1603517532348633,1.1623538136482239,1.167167341709137,1.1676989793777466
train,hidden.layer_31.output_mean,hidden,75,0,0.0,75,-0.017125686258077623,-0.018298741430044174,-0.017785094678401947,-0.017335357144474983,-0.017146088182926178,-0.016926213167607784,-0.016491783410310747,-0.01629401184618473
train,hidden.layer_31.output_rms,hidden,75,0,0.0,75,0.925669503211975,0.8634429574012756,0.8775799632072449,0.9062467813491821,0.9158471822738647,0.9345691800117493,1.0034122824668883,1.0277893543243408
train,hidden.layer_4.input_mean,hidden,75,0,0.0,75,0.005845567292223374,0.005359018221497536,0.005514842690899968,0.005687035387381911,0.005827572662383318,0.0059662023559212685,0.006260443618521094,0.00648756418377161
train,hidden.layer_4.input_rms,hidden,75,0,0.0,75,0.6647371451059977,0.6534102559089661,0.6546567976474762,0.665865033864975,0.6666445732116699,0.6670963764190674,0.6677590191364289,0.6683295369148254
train,hidden.layer_4.output_mean,hidden,75,0,0.0,75,-0.00018324796285014598,-0.00021560571622103453,-0.00021029072668170555,-0.0002021967084147036,-0.00018540123710408807,-0.00016649490862619132,-0.00014714189601363616,-0.0001248665212187916
train,hidden.layer_4.output_rms,hidden,75,0,0.0,75,0.03257601961493492,0.0300523079931736,0.03028739206492901,0.03285310044884682,0.033011969178915024,0.033134449273347855,0.033268314227461813,0.033340729773044586
train,hidden.layer_5.input_mean,hidden,75,0,0.0,75,0.0011156961151088279,0.00046443904284387827,0.0005731506389565766,0.000702495570294559,0.000901755120139569,0.0014465265558101237,0.0022683701943606136,0.0023594731464982033
train,hidden.layer_5.input_rms,hidden,75,0,0.0,75,0.7431793276468913,0.7336916327476501,0.7349816083908081,0.7431568503379822,0.7443750500679016,0.7454254031181335,0.7464867830276489,0.7471150159835815
train,hidden.layer_5.output_mean,hidden,75,0,0.0,75,0.00016951067966147092,-4.103703031432815e-05,-1.2513649562606587e-05,0.00016325381875503808,0.00018569020903669298,0.00022867163352202624,0.00026601373974699527,0.0002850224555004388
train,hidden.layer_5.output_rms,hidden,75,0,0.0,75,0.04267110298077265,0.03907628357410431,0.039400352910161016,0.04288272559642792,0.04306385666131973,0.0435190387070179,0.04418168067932129,0.044519275426864624
train,hidden.layer_6.input_mean,hidden,75,0,0.0,75,0.011613898935417335,0.010400746949017048,0.010784698929637671,0.011413180734962225,0.011620225384831429,0.011929251719266176,0.012383191846311092,0.012889073230326176
train,hidden.layer_6.input_rms,hidden,75,0,0.0,75,0.8637316354115804,0.8571165800094604,0.8581299364566803,0.8638999462127686,0.8642386198043823,0.8653826117515564,0.8669208884239197,0.8676528930664062
train,hidden.layer_6.output_mean,hidden,75,0,0.0,75,0.0002809383069203856,0.00011557726975297555,0.0001374791536363773,0.0002773238666122779,0.00029839761555194855,0.00032078096410259604,0.0003588811465306208,0.00037778011756017804
train,hidden.layer_6.output_rms,hidden,75,0,0.0,75,0.055059663355350494,0.052780069410800934,0.05311310365796089,0.05513560399413109,0.05529684200882912,0.05555386655032635,0.056041838601231575,0.05636122077703476
train,hidden.layer_7.input_mean,hidden,75,0,0.0,75,0.011352589515348276,0.010747207328677177,0.010906358622014523,0.011138095986098051,0.01134984940290451,0.011550260707736015,0.011898666061460972,0.012151801027357578
train,hidden.layer_7.input_rms,hidden,75,0,0.0,75,0.8131042496363322,0.8004317879676819,0.8018134832382202,0.8133310377597809,0.8139351010322571,0.8163359463214874,0.8206628501415253,0.8213615417480469
train,hidden.layer_7.output_mean,hidden,75,0,0.0,75,0.00012425320967546818,3.002694393217098e-05,4.103943101654295e-05,9.556959048495628e-05,0.00012341364345047623,0.00014085967268329114,0.00021059295249870044,0.00027836699155159295
train,hidden.layer_7.output_rms,hidden,75,0,0.0,75,0.055863034725189206,0.05126892402768135,0.05153954587876797,0.05602676793932915,0.05626598000526428,0.05708114989101887,0.05854467526078224,0.0587373785674572
train,hidden.layer_8.input_mean,hidden,75,0,0.0,75,0.014402501011888186,0.011909984983503819,0.012220709957182408,0.014167943503707647,0.014540664851665497,0.015065734274685383,0.015968055091798307,0.016576169058680534
train,hidden.layer_8.input_rms,hidden,75,0,0.0,75,0.8134884683291117,0.8017079830169678,0.8026572167873383,0.813208669424057,0.8141544461250305,0.816489964723587,0.8216000735759735,0.8224071860313416
train,hidden.layer_8.output_mean,hidden,75,0,0.0,75,-0.0005199722926287601,-0.0006269069854170084,-0.000602379022166133,-0.0005645703931804746,-0.0005422308458946645,-0.000499302870593965,-0.00036658645840361717,-0.00034353166120126843
train,hidden.layer_8.output_rms,hidden,75,0,0.0,75,0.052289139082034426,0.048132944852113724,0.04843097403645515,0.05238802172243595,0.05270380526781082,0.05330408364534378,0.05465691462159157,0.05487363040447235
train,hidden.layer_9.input_mean,hidden,75,0,0.0,75,0.009701442619164785,0.009025119245052338,0.009153392352163791,0.009449031203985214,0.009627606719732285,0.009982443880289793,0.010347023699432611,0.01070268452167511
train,hidden.layer_9.input_rms,hidden,75,0,0.0,75,0.8078120772043864,0.7963388562202454,0.7974634945392609,0.8077427446842194,0.8085591793060303,0.8106754124164581,0.8156827569007874,0.8163716197013855
train,hidden.layer_9.output_mean,hidden,75,0,0.0,75,0.0002855187198535229,0.00013399457384366542,0.00016720121639082208,0.0002617973805172369,0.00030406954465433955,0.0003230220318073407,0.0003703773749293759,0.0004163836420048028
train,hidden.layer_9.output_rms,hidden,75,0,0.0,75,0.05171863853931427,0.04835169017314911,0.04872572273015976,0.051797691732645035,0.052035167813301086,0.0524956788867712,0.05387286059558392,0.053984902799129486
train,sampling.completion_count,sampling,75,0,0.0,75,43.013333333333335,32.0,33.0,36.0,45.0,50.0,50.0,52.0
train,sampling.mean_entropy,sampling,75,0,0.0,75,0.13755091513578066,0.05376614660632854,0.06991015312501363,0.1118442034234806,0.13376716509157296,0.16394540993725415,0.19990984880111434,0.2327300412580371
train,sampling.mean_logprob,sampling,75,0,0.0,75,-0.1384292938129714,-0.27251938660629094,-0.22637970239098454,-0.16931669902169344,-0.12901574525297904,-0.10883393921642279,-0.0566064227372408,-0.03762569810662951
train,sampling.min_logprob,sampling,75,0,0.0,75,-1.8859320378303528,-3.797807216644287,-3.0739355087280273,-2.3335742950439453,-1.8626413345336914,-1.2920029163360596,-0.872318470478058,-0.7570966482162476
dev,graph.activation_max,graph,50,0,0.0,50,8.044701509475708,6.632260322570801,7.1133463144302365,7.8051289319992065,8.085540771484375,8.395129442214966,8.735269546508789,9.22197151184082
dev,graph.activation_mean,graph,50,0,0.0,50,7.325292966161455,6.5510077476501465,6.897305059432983,7.148779213428497,7.282238026460012,7.464937806129456,7.944909598429998,8.003759145736694
dev,graph.activation_missing,graph,50,0,0.0,50,0.0,0.0,0.0,0.0,0.0,0.0,0.0,0.0
dev,graph.activation_q50,graph,50,0,0.0,50,7.248902826309204,6.564239025115967,6.78488392829895,6.996246576309204,7.153021454811096,7.518479824066162,7.970850729942322,8.105449914932251
dev,graph.activation_q90,graph,50,0,0.0,50,7.874334424018859,6.626384496688843,7.108683819770813,7.689239966869354,7.8711401462554935,8.096547245979309,8.526511976718902,9.02539873123169
dev,graph.activation_q99,graph,50,0,0.0,50,8.027664800930022,6.631672739982605,7.1129505062103275,7.793630917072296,8.070717182159424,8.36408819437027,8.72615900015831,9.148353443145751
dev,graph.activation_std,graph,50,0,0.0,50,0.510502242186345,0.0,0.17590124878719718,0.3977165696610377,0.5435191749546284,0.6095635241441749,0.8073755200358579,0.9304643359782454
dev,graph.degree_max,graph,50,0,0.0,50,469.18,373.0,418.45,440.25,462.0,480.0,571.6999999999999,603.0
dev,graph.degree_mean,graph,50,0,0.0,50,5.165155548529287,2.1275,3.0279219087322264,4.596746981990897,5.365248248571724,5.969845204708486,6.703303816658684,7.163814180929095
dev,graph.degree_std,graph,50,0,0.0,50,32.29618738422457,21.26984352904365,24.320431096152973,30.257579973433756,33.216166087926325,35.00251241566583,37.924893671606,39.29716212643887
dev,graph.density,graph,50,0,0.0,50,0.003053740881204356,0.001331351689612015,0.0018514633837622208,0.0024522057400444028,0.003162712782570379,0.0036159451105760524,0.003965414217312225,0.004384219204974967
dev,graph.edge_abs_effective_count,graph,50,0,0.0,50,231.27948097838396,61.93079029685248,121.33227053530483,194.75347361919438,238.43721079293698,270.83742635432077,333.8946166321494,359.697110001492
dev,graph.edge_abs_hhi,graph,50,0,0.0,50,0.004855733965345128,0.0027801168599765847,0.002994979279282751,0.003692252970548416,0.004194310251938646,0.005136645643982865,0.008260273485111382,0.016147056984202948
dev,graph.edge_abs_sum,graph,50,0,0.0,50,106.10203368729911,19.130673626670614,43.964177896211915,88.08183576021838,109.6636986132944,128.69892092679947,155.83356939031648,187.5469852167007
dev,graph.edge_abs_top10_share,graph,50,0,0.0,50,0.13084280541800652,0.08063994086240708,0.09076668871975403,0.10626534115783103,0.12158795789130253,0.14215482894116807,0.1970021409592038,0.3181274410735632
dev,graph.edge_abs_top1_share,graph,50,0,0.0,50,0.01844207407412999,0.01135072243267101,0.01185561685640331,0.013929147674565583,0.016767997485880884,0.02026682752684092,0.0287387862161368,0.05051888118664776
dev,graph.edge_count,graph,50,0,0.0,50,2206.14,851.0,1216.35,1966.75,2301.5,2493.0,2993.85,3252.0
dev,graph.edge_negative_abs_sum,graph,50,0,0.0,50,53.998047111517806,9.389026124816155,20.85012477415439,43.6971731669837,55.32410852181056,66.17372808280197,79.26605087133063,96.7302132541954
dev,graph.edge_negative_fraction,graph,50,0,0.0,50,0.49727288391795954,0.46258503401360546,0.47344880306254467,0.4864466700907379,0.4959666710611037,0.5075858304472218,0.5269103159044097,0.5311398354876615
dev,graph.edge_positive_sum,graph,50,0,0.0,50,52.103986575781306,9.741647501854459,23.047383853529755,42.22352136511472,53.5072329330942,63.98442050895392,77.18402748895896,90.8167719625053
dev,graph.edge_signed_mean,graph,50,0,0.0,50,-0.0007573728752751908,-0.0054650654216606325,-0.004239469716019973,-0.002043825132651417,-0.0005514439113310675,0.0006610095749760095,0.002444209549311328,0.0034286126891505315
dev,graph.edge_signed_std,graph,50,0,0.0,50,0.1457745079161723,0.08333104010282233,0.11210956250883175,0.1322753981151103,0.1471406279759869,0.1607518208844392,0.178121852455799,0.19241833046469467
dev,graph.edge_signed_sum,graph,50,0,0.0,50,-1.8940605357364984,-13.052426075490075,-9.92107400852692,-4.74463792876486,-1.2920544049411546,1.381937161400856,4.845993817204717,8.537298216164345
dev,graph.empty_after_pruning,graph,50,0,0.0,50,0.0,0.0,0.0,0.0,0.0,0.0,0.0,0.0
dev,graph.error_influence_fraction,graph,50,0,0.0,50,0.40754741696871993,0.3908091134966629,0.39294363320215564,0.39926002731082233,0.40821039422236116,0.4142919342287334,0.42675276948976837,0.44167680342682525
dev,graph.error_node_count,graph,50,0,0.0,50,96.0,96.0,96.0,96.0,96.0,96.0,96.0,96.0
dev,graph.feature_node_count,graph,50,0,0.0,50,4.4,1.0,2.0,4.0,5.0,5.0,6.0,7.0
dev,graph.graph_missing,graph,50,0,0.0,50,0.0,0.0,0.0,0.0,0.0,0.0,0.0,0.0
dev,graph.input_logit_min_hops,graph,50,0,0.0,50,1.0,1.0,1.0,1.0,1.0,1.0,1.0,1.0
dev,graph.input_logit_min_positive_distance,graph,50,0,0.0,50,77.3831388024982,35.627110943246706,40.190133343759996,56.879229135692235,67.5148489875086,96.77658791831811,138.64469947109652,171.58223090618702
dev,graph.input_logit_path_missing,graph,50,0,0.0,50,0.0,0.0,0.0,0.0,0.0,0.0,0.0,0.0
dev,graph.input_logit_reachability_missing,graph,50,0,0.0,50,0.0,0.0,0.0,0.0,0.0,0.0,0.0,0.0
dev,graph.input_logit_reachable_logit_fraction,graph,50,0,0.0,50,1.0,1.0,1.0,1.0,1.0,1.0,1.0,1.0
dev,graph.layer_0_activation_mean,graph,50,0,0.0,50,0.0,0.0,0.0,0.0,0.0,0.0,0.0,0.0
dev,graph.layer_0_feature_count,graph,50,0,0.0,50,0.0,0.0,0.0,0.0,0.0,0.0,0.0,0.0
dev,graph.layer_0_feature_fraction,graph,50,0,0.0,50,0.0,0.0,0.0,0.0,0.0,0.0,0.0,0.0
dev,graph.layer_10_activation_mean,graph,50,0,0.0,50,0.0,0.0,0.0,0.0,0.0,0.0,0.0,0.0
dev,graph.layer_10_feature_count,graph,50,0,0.0,50,0.0,0.0,0.0,0.0,0.0,0.0,0.0,0.0
dev,graph.layer_10_feature_fraction,graph,50,0,0.0,50,0.0,0.0,0.0,0.0,0.0,0.0,0.0,0.0
dev,graph.layer_11_activation_mean,graph,50,0,0.0,50,0.0,0.0,0.0,0.0,0.0,0.0,0.0,0.0
dev,graph.layer_11_feature_count,graph,50,0,0.0,50,0.0,0.0,0.0,0.0,0.0,0.0,0.0,0.0
dev,graph.layer_11_feature_fraction,graph,50,0,0.0,50,0.0,0.0,0.0,0.0,0.0,0.0,0.0,0.0
dev,graph.layer_12_activation_mean,graph,50,0,0.0,50,0.0,0.0,0.0,0.0,0.0,0.0,0.0,0.0
dev,graph.layer_12_feature_count,graph,50,0,0.0,50,0.0,0.0,0.0,0.0,0.0,0.0,0.0,0.0
dev,graph.layer_12_feature_fraction,graph,50,0,0.0,50,0.0,0.0,0.0,0.0,0.0,0.0,0.0,0.0
dev,graph.layer_13_activation_mean,graph,50,0,0.0,50,0.0,0.0,0.0,0.0,0.0,0.0,0.0,0.0
dev,graph.layer_13_feature_count,graph,50,0,0.0,50,0.0,0.0,0.0,0.0,0.0,0.0,0.0,0.0
dev,graph.layer_13_feature_fraction,graph,50,0,0.0,50,0.0,0.0,0.0,0.0,0.0,0.0,0.0,0.0
dev,graph.layer_14_activation_mean,graph,50,0,0.0,50,0.0,0.0,0.0,0.0,0.0,0.0,0.0,0.0
dev,graph.layer_14_feature_count,graph,50,0,0.0,50,0.0,0.0,0.0,0.0,0.0,0.0,0.0,0.0
dev,graph.layer_14_feature_fraction,graph,50,0,0.0,50,0.0,0.0,0.0,0.0,0.0,0.0,0.0,0.0
dev,graph.layer_15_activation_mean,graph,50,0,0.0,50,0.0,0.0,0.0,0.0,0.0,0.0,0.0,0.0
dev,graph.layer_15_feature_count,graph,50,0,0.0,50,0.0,0.0,0.0,0.0,0.0,0.0,0.0,0.0
dev,graph.layer_15_feature_fraction,graph,50,0,0.0,50,0.0,0.0,0.0,0.0,0.0,0.0,0.0,0.0
dev,graph.layer_16_activation_mean,graph,50,0,0.0,50,0.0,0.0,0.0,0.0,0.0,0.0,0.0,0.0
dev,graph.layer_16_feature_count,graph,50,0,0.0,50,0.0,0.0,0.0,0.0,0.0,0.0,0.0,0.0
dev,graph.layer_16_feature_fraction,graph,50,0,0.0,50,0.0,0.0,0.0,0.0,0.0,0.0,0.0,0.0
dev,graph.layer_17_activation_mean,graph,50,0,0.0,50,0.0,0.0,0.0,0.0,0.0,0.0,0.0,0.0
dev,graph.layer_17_feature_count,graph,50,0,0.0,50,0.0,0.0,0.0,0.0,0.0,0.0,0.0,0.0
dev,graph.layer_17_feature_fraction,graph,50,0,0.0,50,0.0,0.0,0.0,0.0,0.0,0.0,0.0,0.0
dev,graph.layer_18_activation_mean,graph,50,0,0.0,50,0.0,0.0,0.0,0.0,0.0,0.0,0.0,0.0
dev,graph.layer_18_feature_count,graph,50,0,0.0,50,0.0,0.0,0.0,0.0,0.0,0.0,0.0,0.0
dev,graph.layer_18_feature_fraction,graph,50,0,0.0,50,0.0,0.0,0.0,0.0,0.0,0.0,0.0,0.0
dev,graph.layer_19_activation_mean,graph,50,0,0.0,50,0.0,0.0,0.0,0.0,0.0,0.0,0.0,0.0
dev,graph.layer_19_feature_count,graph,50,0,0.0,50,0.0,0.0,0.0,0.0,0.0,0.0,0.0,0.0
dev,graph.layer_19_feature_fraction,graph,50,0,0.0,50,0.0,0.0,0.0,0.0,0.0,0.0,0.0,0.0
dev,graph.layer_1_activation_mean,graph,50,0,0.0,50,0.0,0.0,0.0,0.0,0.0,0.0,0.0,0.0
dev,graph.layer_1_feature_count,graph,50,0,0.0,50,0.0,0.0,0.0,0.0,0.0,0.0,0.0,0.0
dev,graph.layer_1_feature_fraction,graph,50,0,0.0,50,0.0,0.0,0.0,0.0,0.0,0.0,0.0,0.0
dev,graph.layer_20_activation_mean,graph,50,0,0.0,50,0.0,0.0,0.0,0.0,0.0,0.0,0.0,0.0
dev,graph.layer_20_feature_count,graph,50,0,0.0,50,0.0,0.0,0.0,0.0,0.0,0.0,0.0,0.0
dev,graph.layer_20_feature_fraction,graph,50,0,0.0,50,0.0,0.0,0.0,0.0,0.0,0.0,0.0,0.0
dev,graph.layer_21_activation_mean,graph,50,0,0.0,50,0.0,0.0,0.0,0.0,0.0,0.0,0.0,0.0
dev,graph.layer_21_feature_count,graph,50,0,0.0,50,0.0,0.0,0.0,0.0,0.0,0.0,0.0,0.0
dev,graph.layer_21_feature_fraction,graph,50,0,0.0,50,0.0,0.0,0.0,0.0,0.0,0.0,0.0,0.0
dev,graph.layer_22_activation_mean,graph,50,0,0.0,50,0.0,0.0,0.0,0.0,0.0,0.0,0.0,0.0
dev,graph.layer_22_feature_count,graph,50,0,0.0,50,0.0,0.0,0.0,0.0,0.0,0.0,0.0,0.0
dev,graph.layer_22_feature_fraction,graph,50,0,0.0,50,0.0,0.0,0.0,0.0,0.0,0.0,0.0,0.0
dev,graph.layer_23_activation_mean,graph,50,0,0.0,50,0.0,0.0,0.0,0.0,0.0,0.0,0.0,0.0
dev,graph.layer_23_feature_count,graph,50,0,0.0,50,0.0,0.0,0.0,0.0,0.0,0.0,0.0,0.0
dev,graph.layer_23_feature_fraction,graph,50,0,0.0,50,0.0,0.0,0.0,0.0,0.0,0.0,0.0,0.0
dev,graph.layer_24_activation_mean,graph,50,0,0.0,50,0.0,0.0,0.0,0.0,0.0,0.0,0.0,0.0
dev,graph.layer_24_feature_count,graph,50,0,0.0,50,0.0,0.0,0.0,0.0,0.0,0.0,0.0,0.0
dev,graph.layer_24_feature_fraction,graph,50,0,0.0,50,0.0,0.0,0.0,0.0,0.0,0.0,0.0,0.0
dev,graph.layer_25_activation_mean,graph,50,0,0.0,50,0.0,0.0,0.0,0.0,0.0,0.0,0.0,0.0
dev,graph.layer_25_feature_count,graph,50,0,0.0,50,0.0,0.0,0.0,0.0,0.0,0.0,0.0,0.0
dev,graph.layer_25_feature_fraction,graph,50,0,0.0,50,0.0,0.0,0.0,0.0,0.0,0.0,0.0,0.0
dev,graph.layer_26_activation_mean,graph,50,0,0.0,50,0.1437797164916992,0.0,0.0,0.0,0.0,0.0,0.0,7.188985824584961
dev,graph.layer_26_feature_count,graph,50,0,0.0,50,0.04,0.0,0.0,0.0,0.0,0.0,0.0,2.0
dev,graph.layer_26_feature_fraction,graph,50,0,0.0,50,0.005714285714285714,0.0,0.0,0.0,0.0,0.0,0.0,0.2857142857142857
dev,graph.layer_27_activation_mean,graph,50,0,0.0,50,0.0,0.0,0.0,0.0,0.0,0.0,0.0,0.0
dev,graph.layer_27_feature_count,graph,50,0,0.0,50,0.0,0.0,0.0,0.0,0.0,0.0,0.0,0.0
dev,graph.layer_27_feature_fraction,graph,50,0,0.0,50,0.0,0.0,0.0,0.0,0.0,0.0,0.0,0.0
dev,graph.layer_28_activation_mean,graph,50,0,0.0,50,0.0,0.0,0.0,0.0,0.0,0.0,0.0,0.0
dev,graph.layer_28_feature_count,graph,50,0,0.0,50,0.0,0.0,0.0,0.0,0.0,0.0,0.0,0.0
dev,graph.layer_28_feature_fraction,graph,50,0,0.0,50,0.0,0.0,0.0,0.0,0.0,0.0,0.0,0.0
dev,graph.layer_29_activation_mean,graph,50,0,0.0,50,0.13724274635314943,0.0,0.0,0.0,0.0,0.0,0.0,6.862137317657471
dev,graph.layer_29_feature_count,graph,50,0,0.0,50,0.02,0.0,0.0,0.0,0.0,0.0,0.0,1.0
dev,graph.layer_29_feature_fraction,graph,50,0,0.0,50,0.002857142857142857,0.0,0.0,0.0,0.0,0.0,0.0,0.14285714285714285
dev,graph.layer_2_activation_mean,graph,50,0,0.0,50,0.0,0.0,0.0,0.0,0.0,0.0,0.0,0.0
dev,graph.layer_2_feature_count,graph,50,0,0.0,50,0.0,0.0,0.0,0.0,0.0,0.0,0.0,0.0
dev,graph.layer_2_feature_fraction,graph,50,0,0.0,50,0.0,0.0,0.0,0.0,0.0,0.0,0.0,0.0
dev,graph.layer_30_activation_mean,graph,50,0,0.0,50,0.0,0.0,0.0,0.0,0.0,0.0,0.0,0.0
dev,graph.layer_30_feature_count,graph,50,0,0.0,50,0.0,0.0,0.0,0.0,0.0,0.0,0.0,0.0
dev,graph.layer_30_feature_fraction,graph,50,0,0.0,50,0.0,0.0,0.0,0.0,0.0,0.0,0.0,0.0
dev,graph.layer_31_activation_mean,graph,50,0,0.0,50,7.3338056974411,6.5510077476501465,6.897305059432983,7.148779213428497,7.282238026460012,7.464937806129456,7.954353880882263,8.073188304901123
dev,graph.layer_31_feature_count,graph,50,0,0.0,50,4.34,1.0,2.0,4.0,5.0,5.0,6.0,6.0
dev,graph.layer_31_feature_fraction,graph,50,0,0.0,50,0.9914285714285714,0.5714285714285714,1.0,1.0,1.0,1.0,1.0,1.0
dev,graph.layer_3_activation_mean,graph,50,0,0.0,50,0.0,0.0,0.0,0.0,0.0,0.0,0.0,0.0
dev,graph.layer_3_feature_count,graph,50,0,0.0,50,0.0,0.0,0.0,0.0,0.0,0.0,0.0,0.0
dev,graph.layer_3_feature_fraction,graph,50,0,0.0,50,0.0,0.0,0.0,0.0,0.0,0.0,0.0,0.0
dev,graph.layer_4_activation_mean,graph,50,0,0.0,50,0.0,0.0,0.0,0.0,0.0,0.0,0.0,0.0
dev,graph.layer_4_feature_count,graph,50,0,0.0,50,0.0,0.0,0.0,0.0,0.0,0.0,0.0,0.0
dev,graph.layer_4_feature_fraction,graph,50,0,0.0,50,0.0,0.0,0.0,0.0,0.0,0.0,0.0,0.0
dev,graph.layer_5_activation_mean,graph,50,0,0.0,50,0.0,0.0,0.0,0.0,0.0,0.0,0.0,0.0
dev,graph.layer_5_feature_count,graph,50,0,0.0,50,0.0,0.0,0.0,0.0,0.0,0.0,0.0,0.0
dev,graph.layer_5_feature_fraction,graph,50,0,0.0,50,0.0,0.0,0.0,0.0,0.0,0.0,0.0,0.0
dev,graph.layer_6_activation_mean,graph,50,0,0.0,50,0.0,0.0,0.0,0.0,0.0,0.0,0.0,0.0
dev,graph.layer_6_feature_count,graph,50,0,0.0,50,0.0,0.0,0.0,0.0,0.0,0.0,0.0,0.0
dev,graph.layer_6_feature_fraction,graph,50,0,0.0,50,0.0,0.0,0.0,0.0,0.0,0.0,0.0,0.0
dev,graph.layer_7_activation_mean,graph,50,0,0.0,50,0.0,0.0,0.0,0.0,0.0,0.0,0.0,0.0
dev,graph.layer_7_feature_count,graph,50,0,0.0,50,0.0,0.0,0.0,0.0,0.0,0.0,0.0,0.0
dev,graph.layer_7_feature_fraction,graph,50,0,0.0,50,0.0,0.0,0.0,0.0,0.0,0.0,0.0,0.0
dev,graph.layer_8_activation_mean,graph,50,0,0.0,50,0.0,0.0,0.0,0.0,0.0,0.0,0.0,0.0
dev,graph.layer_8_feature_count,graph,50,0,0.0,50,0.0,0.0,0.0,0.0,0.0,0.0,0.0,0.0
dev,graph.layer_8_feature_fraction,graph,50,0,0.0,50,0.0,0.0,0.0,0.0,0.0,0.0,0.0,0.0
dev,graph.layer_9_activation_mean,graph,50,0,0.0,50,0.0,0.0,0.0,0.0,0.0,0.0,0.0,0.0
dev,graph.layer_9_feature_count,graph,50,0,0.0,50,0.0,0.0,0.0,0.0,0.0,0.0,0.0,0.0
dev,graph.layer_9_feature_fraction,graph,50,0,0.0,50,0.0,0.0,0.0,0.0,0.0,0.0,0.0,0.0
dev,graph.layer_metadata_missing,graph,50,0,0.0,50,0.0,0.0,0.0,0.0,0.0,0.0,0.0,0.0
dev,graph.logit_node_count,graph,50,0,0.0,50,0.0,0.0,0.0,0.0,0.0,0.0,0.0,0.0
dev,graph.logit_probabilities_missing,graph,50,0,0.0,50,1.0,1.0,1.0,1.0,1.0,1.0,1.0,1.0
dev,graph.node_count,graph,50,0,0.0,50,853.02,791.0,798.0,803.75,812.5,819.75,1048.6,1109.0
dev,graph.node_influence_effective_count,graph,50,0,0.0,50,3.9846768486678896,3.9115288383927695,3.944842559166052,3.9648371397683055,3.9834412744837358,4.00318217780026,4.031706736150035,4.046451759390827
dev,graph.node_influence_hhi,graph,50,0,0.0,50,0.25097417359021335,0.2471300930943373,0.2480339328250102,0.24980140673528944,0.251039222455431,0.25221718310407265,0.2534955716866882,0.2556545129323131
dev,graph.node_influence_missing,graph,50,0,0.0,50,0.0,0.0,0.0,0.0,0.0,0.0,0.0,0.0
dev,graph.node_influence_top10_share,graph,50,0,0.0,50,0.6474881166200918,0.6246847626179743,0.6282235605044502,0.6370140870237097,0.6454601909876417,0.6572897040129582,0.67250056919363,0.6906847832827394
dev,graph.node_influence_top1_share,graph,50,0,0.0,50,0.4967264479255625,0.4933423500619265,0.4938748699802969,0.495222881919021,0.4969815555887487,0.49802179904921906,0.49882166774988634,0.4994990951510953
dev,graph.path_budget_exhausted,graph,50,0,0.0,50,0.0,0.0,0.0,0.0,0.0,0.0,0.0,0.0
dev,graph.sampled_hop_statistics_missing,graph,50,0,0.0,50,0.0,0.0,0.0,0.0,0.0,0.0,0.0,0.0
dev,graph.sampled_path_missing,graph,50,0,0.0,50,0.0,0.0,0.0,0.0,0.0,0.0,0.0,0.0
dev,graph.sampled_path_source_count,graph,50,0,0.0,50,16.0,16.0,16.0,16.0,16.0,16.0,16.0,16.0
dev,graph.sampled_reachable_max_hops,graph,50,0,0.0,50,2.0,2.0,2.0,2.0,2.0,2.0,2.0,2.0
dev,graph.sampled_reachable_mean_hops,graph,50,0,0.0,50,1.3558978243978246,1.0909090909090908,1.1666666666666667,1.25,1.3603896103896105,1.4285714285714286,1.6199999999999999,1.6666666666666667
dev,graph.sampled_reachable_pair_fraction,graph,50,0,0.0,50,0.72875,0.5,0.5625,0.6875,0.75,0.8125,0.875,0.9375
dev,graph.score_node_count,graph,50,0,0.0,50,1.0,1.0,1.0,1.0,1.0,1.0,1.0,1.0
dev,graph.selected_logit_entropy,graph,50,0,0.0,50,0.0,0.0,0.0,0.0,0.0,0.0,0.0,0.0
dev,graph.selected_logit_probability_mass,graph,50,0,0.0,50,0.0,0.0,0.0,0.0,0.0,0.0,0.0,0.0
dev,graph.token_node_count,graph,50,0,0.0,50,751.62,692.0,698.0,703.25,711.0,717.0,946.5999999999999,1007.0
dev,graph.top_logit_probability,graph,50,0,0.0,50,0.0,0.0,0.0,0.0,0.0,0.0,0.0,0.0
dev,graph.weak_components,graph,50,0,0.0,50,205.12,129.0,142.25,168.25,188.5,231.25,324.5499999999999,372.0
dev,graph.weighted_path_budget_exhausted,graph,50,0,0.0,50,0.0,0.0,0.0,0.0,0.0,0.0,0.0,0.0
dev,graph.weighted_path_missing,graph,50,0,0.0,50,0.0,0.0,0.0,0.0,0.0,0.0,0.0,0.0
dev,hidden.layer_0.input_mean,hidden,50,0,0.0,50,0.0003041934337488783,-0.00024757758365012705,-7.335867412621154e-05,0.0002326831418031361,0.00034894801501650363,0.0004352342293714173,0.0005327679071342572,0.0005614106194116175
dev,hidden.layer_0.input_rms,hidden,50,0,0.0,50,0.2669065326452255,0.2529130280017853,0.25364104807376864,0.26873989403247833,0.26943325996398926,0.2699630409479141,0.2708137258887291,0.2712244689464569
dev,hidden.layer_0.output_mean,hidden,50,0,0.0,50,5.866443891136441e-05,5.1938459364464507e-05,5.3264768212102354e-05,5.5418916417693254e-05,5.677671651937999e-05,5.869656888535246e-05,7.06706712662708e-05,7.49811515561305e-05
dev,hidden.layer_0.output_rms,hidden,50,0,0.0,50,0.011315911188721656,0.010265683755278587,0.010298584494739771,0.011473947670310736,0.011512679513543844,0.011542880907654762,0.011567866150289773,0.011615650728344917
dev,hidden.layer_1.input_mean,hidden,50,0,0.0,50,0.0014669369487091898,0.0011735542211681604,0.0012384752684738488,0.0013067525869701058,0.001370132842566818,0.0015077476273290813,0.0020624293247237797,0.002207480138167739
dev,hidden.layer_1.input_rms,hidden,50,0,0.0,50,0.36288685739040377,0.3550059199333191,0.35638674050569535,0.36348962038755417,0.3642137199640274,0.36465390026569366,0.3650790095329285,0.3656613826751709
dev,hidden.layer_1.output_mean,hidden,50,0,0.0,50,3.9479608983583606e-06,-1.9369734218344092e-05,-1.5093725096448907e-05,-6.856002272570549e-07,6.539019750562147e-06,1.084463497136312e-05,1.3475572177412688e-05,1.4852284039079677e-05
dev,hidden.layer_1.output_rms,hidden,50,0,0.0,50,0.01721360791474581,0.016497619450092316,0.016598637122660874,0.017266815528273582,0.0173142459243536,0.017384481616318226,0.01744343126192689,0.017474519088864326
dev,hidden.layer_10.input_mean,hidden,50,0,0.0,50,0.010668649673461914,0.009389414452016354,0.009822794003412127,0.010283472016453743,0.010574265848845243,0.010963701410219073,0.011723229987546801,0.012000280432403088
dev,hidden.layer_10.input_rms,hidden,50,0,0.0,50,0.8390339708328247,0.8330175876617432,0.8339700073003768,0.8391527384519577,0.8396210670471191,0.8399892151355743,0.8416082680225372,0.842222273349762
dev,hidden.layer_10.output_mean,hidden,50,0,0.0,50,-9.122504467086401e-05,-0.00022217132209334522,-0.00020827212210861035,-0.00010172376642003655,-7.090251165209338e-05,-5.302855333866319e-05,-3.669279431051109e-05,-3.2353418646380305e-05
dev,hidden.layer_10.output_rms,hidden,50,0,0.0,50,0.057071491926908496,0.05462512746453285,0.054896653071045874,0.057242835871875286,0.057390378788113594,0.057576301507651806,0.05797739215195179,0.058190472424030304
dev,hidden.layer_11.input_mean,hidden,50,0,0.0,50,0.014702476263046264,0.013486914336681366,0.014043082436546683,0.014330413425341249,0.014666155446320772,0.015028106281533837,0.015585348382592202,0.015652844682335854
dev,hidden.layer_11.input_rms,hidden,50,0,0.0,50,0.837714980840683,0.8302988409996033,0.831978178024292,0.8377482295036316,0.8382849991321564,0.8390140682458878,0.8407436698675156,0.8415594100952148
dev,hidden.layer_11.output_mean,hidden,50,0,0.0,50,-0.0005342237267177552,-0.0006369738257490098,-0.0006155518029117956,-0.0005827421409776434,-0.0005481485859490931,-0.0005216730933170766,-0.00038723060133634136,-0.00033916652319021523
dev,hidden.layer_11.output_rms,hidden,50,0,0.0,50,0.0622496897727251,0.05892140790820122,0.059430467523634435,0.06249629333615303,0.06274354457855225,0.06295881047844887,0.06333122551441192,0.06350219249725342
dev,hidden.layer_12.input_mean,hidden,50,0,0.0,50,0.011345926225185394,0.010420484468340874,0.01089564086869359,0.01112184370867908,0.011319239158183336,0.011482309084385633,0.012017784640192986,0.01212043222039938
dev,hidden.layer_12.input_rms,hidden,50,0,0.0,50,0.8378978598117829,0.8298417329788208,0.8312421619892121,0.8380898088216782,0.8385871946811676,0.839501217007637,0.8410433888435364,0.841562032699585
dev,hidden.layer_12.output_mean,hidden,50,0,0.0,50,0.00033181015838636087,0.00021299112995620817,0.00022013869383954442,0.0002617409481899813,0.00029476794588845223,0.0003370561098563485,0.0005906082980800419,0.0006633612210862339
dev,hidden.layer_12.output_rms,hidden,50,0,0.0,50,0.05962648764252663,0.055840037763118744,0.05625486560165882,0.05977323278784752,0.06017605774104595,0.06041186489164829,0.06093613151460886,0.06102893501520157
dev,hidden.layer_13.input_mean,hidden,50,0,0.0,50,0.012723183371126651,0.011229511350393295,0.011589834280312062,0.012159560108557343,0.012599081732332706,0.013266786700114608,0.014277435885742306,0.01438500452786684
dev,hidden.layer_13.input_rms,hidden,50,0,0.0,50,0.8411466336250305,0.8328969478607178,0.8343086212873458,0.8411325216293335,0.8418889045715332,0.8425662666559219,0.8444876343011856,0.8450105786323547
dev,hidden.layer_13.output_mean,hidden,50,0,0.0,50,1.0973825933433545e-05,-0.0001239614502992481,-9.440098292543553e-05,-3.732693721758551e-05,1.7660560843069106e-05,6.627140646742191e-05,0.0001033036402077414,0.00013823597691953182
dev,hidden.layer_13.output_rms,hidden,50,0,0.0,50,0.05941602222621441,0.05632283538579941,0.05668751895427704,0.059555040672421455,0.059820156544446945,0.06002793088555336,0.060444876365363595,0.060911696404218674
dev,hidden.layer_14.input_mean,hidden,50,0,0.0,50,0.009127366431057453,0.00754955317825079,0.008124605799093843,0.008810417028144002,0.009124267380684614,0.009606573497876525,0.009848598390817642,0.009981777518987656
dev,hidden.layer_14.input_rms,hidden,50,0,0.0,50,0.8675074112415314,0.8611315488815308,0.8621966183185578,0.8673042804002762,0.8681944608688354,0.8687004745006561,0.8701383262872696,0.8708425760269165
dev,hidden.layer_14.output_mean,hidden,50,0,0.0,50,-3.559114439553923e-05,-0.00026728282682597637,-0.00020224263571435585,-5.5122306548582856e-05,-7.0359483288484626e-06,2.0411504010553472e-05,5.5888132192194465e-05,7.470975106116384e-05
dev,hidden.layer_14.output_rms,hidden,50,0,0.0,50,0.061241730749607086,0.058091968297958374,0.058520101569592954,0.061216503381729126,0.06169775314629078,0.061930921860039234,0.06251275893300771,0.0629645586013794
dev,hidden.layer_15.input_mean,hidden,50,0,0.0,50,0.011077846512198447,0.009485394693911076,0.010112097254022956,0.010578354820609093,0.011096128262579441,0.01149448286741972,0.012024206854403018,0.012839303351938725
dev,hidden.layer_15.input_rms,hidden,50,0,0.0,50,0.8876180565357208,0.8792101740837097,0.8810731559991837,0.8869553506374359,0.8882865011692047,0.8893322348594666,0.8921848088502884,0.8929369449615479
dev,hidden.layer_15.output_mean,hidden,50,0,0.0,50,0.0003463038188056089,0.00020392997248563915,0.0002536246698582545,0.0003026201229658909,0.00033251283457502723,0.000379715085728094,0.00045816508500138296,0.0005033233319409192
dev,hidden.layer_15.output_rms,hidden,50,0,0.0,50,0.06828325539827347,0.06510313600301743,0.06562158837914467,0.06798726879060268,0.06864867731928825,0.06887301243841648,0.07000338472425938,0.07045397162437439
dev,hidden.layer_16.input_mean,hidden,50,0,0.0,50,0.007816216517239809,0.00634233932942152,0.006478770938701928,0.007185973459854722,0.007951389066874981,0.00839109718799591,0.009027726482599974,0.009244139306247234
dev,hidden.layer_16.input_rms,hidden,50,0,0.0,50,0.8914875590801239,0.8799899816513062,0.8815282702445983,0.8906553089618683,0.8923014104366302,0.8938276469707489,0.8975507348775864,0.898291826248169
dev,hidden.layer_16.output_mean,hidden,50,0,0.0,50,2.3508201453523726e-05,-0.00015286596317309886,-0.00011951270389545243,-1.428262771696609e-05,3.1140156352194026e-05,5.4227990403887816e-05,0.00015591393603244796,0.00018087157513946295
dev,hidden.layer_16.output_rms,hidden,50,0,0.0,50,0.06927871346473694,0.06502124667167664,0.06539357155561447,0.06919264048337936,0.06979148462414742,0.07023432664573193,0.07135050408542157,0.0715903490781784
dev,hidden.layer_17.input_mean,hidden,50,0,0.0,50,0.011213064175099135,0.009498010389506817,0.009998569870367647,0.010646121809259057,0.011246206238865852,0.011816802900284529,0.012259733630344272,0.01293938234448433
dev,hidden.layer_17.input_rms,hidden,50,0,0.0,50,0.9097338616847992,0.9001355767250061,0.9009473145008087,0.9088827967643738,0.910601794719696,0.9118330925703049,0.9152261555194855,0.9158137440681458
dev,hidden.layer_17.output_mean,hidden,50,0,0.0,50,-0.0007218716025818139,-0.000935602467507124,-0.0009099835675442592,-0.0007250064518302679,-0.000697632844094187,-0.000664205159409903,-0.0006367502443026751,-0.0006215428584255278
dev,hidden.layer_17.output_rms,hidden,50,0,0.0,50,0.07603960603475571,0.07215599715709686,0.07235585264861584,0.07590599358081818,0.07649588957428932,0.07695861160755157,0.07798496782779693,0.07816661894321442
dev,hidden.layer_18.input_mean,hidden,50,0,0.0,50,0.008904738212004304,0.006659605074673891,0.007125252136029303,0.0082835853099823,0.009163311682641506,0.00962671055458486,0.010153761599212885,0.01058141514658928
dev,hidden.layer_18.input_rms,hidden,50,0,0.0,50,0.9769683730602264,0.9724485278129578,0.9731973618268966,0.976288914680481,0.9772598743438721,0.9780032336711884,0.9797600626945495,0.9804953932762146
dev,hidden.layer_18.output_mean,hidden,50,0,0.0,50,-0.0015353848366066814,-0.002016791608184576,-0.0019115690956823528,-0.0015485867334064096,-0.001478776102885604,-0.001438129460439086,-0.0013943899364676326,-0.0012928058858960867
dev,hidden.layer_18.output_rms,hidden,50,0,0.0,50,0.10897423923015595,0.10834238678216934,0.10843460150063038,0.10871244966983795,0.10896396264433861,0.10923577100038528,0.10945885665714741,0.1098460704088211
dev,hidden.layer_19.input_mean,hidden,50,0,0.0,50,0.0017985529635916465,-0.0010304171591997147,-0.00023007949203019957,0.001516234187874943,0.002006777096539736,0.002412550267763436,0.003019279462751001,0.00380767066963017
dev,hidden.layer_19.input_rms,hidden,50,0,0.0,50,1.0185945749282836,1.0154290199279785,1.0160557329654694,1.0172787010669708,1.0182337164878845,1.0196251273155212,1.0223300337791443,1.0234558582305908
dev,hidden.layer_19.output_mean,hidden,50,0,0.0,50,0.0005651317781303078,0.000419240997871384,0.0004662560982978903,0.0005292793794069439,0.0005593630485236645,0.000606799716479145,0.0006479500123532489,0.0007789810188114643
dev,hidden.layer_19.output_rms,hidden,50,0,0.0,50,0.12542809098958968,0.12242855876684189,0.12255551666021347,0.1250600963830948,0.12573421746492386,0.12614857032895088,0.12724805995821953,0.1274937093257904
dev,hidden.layer_2.input_mean,hidden,50,0,0.0,50,0.001989596283528954,0.0015553213888779283,0.0016319154878146947,0.001744820678140968,0.001877762086223811,0.002103470964357257,0.0026629180298186833,0.0028341657016426325
dev,hidden.layer_2.input_rms,hidden,50,0,0.0,50,0.43859829306602477,0.42752978205680847,0.42897417694330214,0.43989161401987076,0.4403950870037079,0.4411926344037056,0.44170513451099397,0.4420159161090851
dev,hidden.layer_2.output_mean,hidden,50,0,0.0,50,-0.00045190775650553403,-0.00047063815873116255,-0.00046586377575295044,-0.0004556702479021624,-0.00045124953612685204,-0.0004460480122361332,-0.000443346104293596,-0.0004418145981617272
dev,hidden.layer_2.output_rms,hidden,50,0,0.0,50,0.03430063940584659,0.03399651125073433,0.03410460911691189,0.034246115013957024,0.03431270271539688,0.03437285125255585,0.03447188287973404,0.034529909491539
dev,hidden.layer_20.input_mean,hidden,50,0,0.0,50,0.0008824501253184281,-0.0015749437734484673,-0.0007476042344933375,0.0006594980222871527,0.0010241307318210602,0.0014406316040549427,0.0019441283191554246,0.0025930660776793957
dev,hidden.layer_20.input_rms,hidden,50,0,0.0,50,1.0388420033454895,1.0299592018127441,1.030429297685623,1.0376166701316833,1.0390313267707825,1.041204035282135,1.045446938276291,1.0479174852371216
dev,hidden.layer_20.output_mean,hidden,50,0,0.0,50,0.0011385214584879576,0.0010071528377011418,0.0010212055640295148,0.001078092842362821,0.0011297528981231153,0.0011698436283040792,0.0012945298105478287,0.001352945575490594
dev,hidden.layer_20.output_rms,hidden,50,0,0.0,50,0.10592539504170417,0.1010027527809143,0.10181901305913925,0.1056555937975645,0.10627312958240509,0.10682179220020771,0.10877881571650505,0.1092856153845787
dev,hidden.layer_21.input_mean,hidden,50,0,0.0,50,0.004259069601539522,0.001828099018894136,0.0024880031356588005,0.0040057842852547765,0.004403790226206183,0.004779224982485175,0.005223122239112854,0.005814129486680031
dev,hidden.layer_21.input_rms,hidden,50,0,0.0,50,1.0436026120185853,1.0341227054595947,1.0358673810958863,1.0419644713401794,1.0437228679656982,1.0460579097270966,1.0506157875061035,1.0531986951828003
dev,hidden.layer_21.output_mean,hidden,50,0,0.0,50,-0.0003590911891660653,-0.0005930441548116505,-0.0004887444214546121,-0.00041496468475088477,-0.00035584317811299115,-0.00030623667407780886,-0.00024207228780142036,-0.00018538588483352214
dev,hidden.layer_21.output_rms,hidden,50,0,0.0,50,0.1105973769724369,0.10390406847000122,0.10457169823348522,0.11057262867689133,0.11132947728037834,0.11206270754337311,0.11358555555343627,0.11403769254684448
dev,hidden.layer_22.input_mean,hidden,50,0,0.0,50,0.003782900930382311,0.002751449588686228,0.0031361857079900803,0.0034939853940159082,0.003742824075743556,0.004092538496479392,0.004464503563940525,0.0048652347177267075
dev,hidden.layer_22.input_rms,hidden,50,0,0.0,50,1.140269591808319,1.135216236114502,1.1369041979312897,1.1388192772865295,1.1397714018821716,1.1412662863731384,1.1450069725513459,1.147021770477295
dev,hidden.layer_22.output_mean,hidden,50,0,0.0,50,4.154561371251475e-05,-0.00033162624458782375,-0.0002566908224252984,-1.6012373180274153e-05,7.502226071665064e-05,0.00013446592129184864,0.00021525810298044233,0.00024401737027801573
dev,hidden.layer_22.output_rms,hidden,50,0,0.0,50,0.15275304317474364,0.14291834831237793,0.14393536895513534,0.15305441617965698,0.1541263610124588,0.15478084236383438,0.15713025480508805,0.15801770985126495
dev,hidden.layer_23.input_mean,hidden,50,0,0.0,50,0.001499079027271364,-0.0011440458474680781,-0.0004561961002764291,0.0011745052761398256,0.0016794923576526344,0.0021466391044668853,0.0026977672125212846,0.0028489744290709496
dev,hidden.layer_23.input_rms,hidden,50,0,0.0,50,1.0870880794525146,1.0735468864440918,1.075330424308777,1.0852906703948975,1.0872195959091187,1.0905292928218842,1.095977967977524,1.0972861051559448
dev,hidden.layer_23.output_mean,hidden,50,0,0.0,50,0.0016573060886003077,0.001502415630966425,0.0015428060141857713,0.0016250808839686215,0.0016641211113892496,0.0016950051067396998,0.0017550288757774979,0.0017855484038591385
dev,hidden.layer_23.output_rms,hidden,50,0,0.0,50,0.13569806456565858,0.12829476594924927,0.129479368776083,0.13551099970936775,0.13621384650468826,0.13719581440091133,0.13913264647126197,0.14125670492649078
dev,hidden.layer_24.input_mean,hidden,50,0,0.0,50,0.005588660775683821,0.0032351193949580193,0.003923650714568794,0.0053875192534178495,0.005711025791242719,0.006103999796323478,0.006590143172070384,0.006894246209412813
dev,hidden.layer_24.input_rms,hidden,50,0,0.0,50,1.091779155731201,1.071595311164856,1.0739865064620973,1.0902958512306213,1.0924306511878967,1.096480280160904,1.1042286336421967,1.1053098440170288
dev,hidden.layer_24.output_mean,hidden,50,0,0.0,50,0.0010536223812960088,0.0008741378551349044,0.0009332417073892429,0.0010168717126362026,0.001060890092048794,0.0011124821030534804,0.0011488437128718942,0.001171164563857019
dev,hidden.layer_24.output_rms,hidden,50,0,0.0,50,0.11723718002438545,0.10754809528589249,0.10856534726917744,0.11759867519140244,0.11825137585401535,0.11909208819270134,0.12185331732034684,0.12296771258115768
dev,hidden.layer_25.input_mean,hidden,50,0,0.0,50,0.008412285447120667,0.005907462909817696,0.006564119830727577,0.008205119287595153,0.0086091966368258,0.009045583195984364,0.009672232950106262,0.009965525940060616
dev,hidden.layer_25.input_rms,hidden,50,0,0.0,50,1.1325482392311097,1.1100082397460938,1.1122897565364838,1.130976915359497,1.133619785308838,1.1375400125980377,1.1455648303031922,1.1476075649261475
dev,hidden.layer_25.output_mean,hidden,50,0,0.0,50,0.00010685103335902114,-5.9190144384047017e-05,-4.1573471753508785e-05,1.0833100532181561e-05,5.56133618374588e-05,0.0001134608519350877,0.00045199805172160265,0.0004888815456070006
dev,hidden.layer_25.output_rms,hidden,50,0,0.0,50,0.12256578102707863,0.11345554888248444,0.11456306576728821,0.12271653860807419,0.12340586259961128,0.12423412688076496,0.1266861192882061,0.1283210813999176
dev,hidden.layer_26.input_mean,hidden,50,0,0.0,50,0.00829259186051786,0.00715550547465682,0.0074962111422792075,0.007881264667958021,0.008286291267722845,0.008572002872824669,0.00936676668934524,0.009632499888539314
dev,hidden.layer_26.input_rms,hidden,50,0,0.0,50,1.193272249698639,1.171852707862854,1.1738159894943236,1.1917859315872192,1.1943548321723938,1.1981291770935059,1.2061155140399933,1.2083097696304321
dev,hidden.layer_26.output_mean,hidden,50,0,0.0,50,-0.0009130602807272225,-0.0014245680067688227,-0.0013967551989480854,-0.0009577879391144961,-0.0008445274143014103,-0.0007720695866737515,-0.0006570166617166251,-0.0006284161354415119
dev,hidden.layer_26.output_rms,hidden,50,0,0.0,50,0.18299779146909714,0.16737022995948792,0.16935402080416678,0.18412131071090698,0.18534234911203384,0.18599943071603775,0.18801574483513833,0.18926791846752167
dev,hidden.layer_27.input_mean,hidden,50,0,0.0,50,0.014173424541950226,0.01140830758959055,0.011991474824026228,0.013927236665040255,0.014351310674101114,0.01487893145531416,0.015424439357593656,0.0159240011125803
dev,hidden.layer_27.input_rms,hidden,50,0,0.0,50,1.2196058821678162,1.1987383365631104,1.2011565923690797,1.2186996638774872,1.2210503816604614,1.2237522304058075,1.231590485572815,1.2330284118652344
dev,hidden.layer_27.output_mean,hidden,50,0,0.0,50,0.0018000455317087472,0.0012472482630982995,0.0012945636932272463,0.0017597880505491048,0.001868666906375438,0.0019514768209774047,0.002019604167435318,0.0020958806853741407
dev,hidden.layer_27.output_rms,hidden,50,0,0.0,50,0.18439909428358078,0.17089103162288666,0.17250822782516478,0.18524279817938805,0.1860513612627983,0.18713613972067833,0.1904438056051731,0.19071067869663239
dev,hidden.layer_28.input_mean,hidden,50,0,0.0,50,0.013125982126221061,0.007674726191908121,0.008685224503278733,0.013005269225686789,0.01384192518889904,0.014350496465340257,0.014989607036113739,0.015665166079998016
dev,hidden.layer_28.input_rms,hidden,50,0,0.0,50,1.2133670949935913,1.1946340799331665,1.19674813747406,1.2124169170856476,1.2144526839256287,1.2168543338775635,1.2238058388233184,1.2264630794525146
dev,hidden.layer_28.output_mean,hidden,50,0,0.0,50,-0.00025426365220482694,-0.00046653798199258745,-0.000390028340916615,-0.00034014522680081427,-0.00027137211873196065,-0.00020956875960109755,-4.165445043327057e-05,4.453961082617752e-05
dev,hidden.layer_28.output_rms,hidden,50,0,0.0,50,0.19823101669549942,0.1904129534959793,0.19134984835982322,0.19709893688559532,0.19834650307893753,0.19977489486336708,0.20341770946979523,0.2064225673675537
dev,hidden.layer_29.input_mean,hidden,50,0,0.0,50,0.015169041771441698,0.012645465321838856,0.013258323445916176,0.015044179279357195,0.01525958115234971,0.0157851604744792,0.01646220050752163,0.01709393970668316
dev,hidden.layer_29.input_rms,hidden,50,0,0.0,50,1.2724780869483947,1.2602460384368896,1.2616255700588226,1.2715978622436523,1.2730643153190613,1.2746941149234772,1.280020958185196,1.2820194959640503
dev,hidden.layer_29.output_mean,hidden,50,0,0.0,50,-0.0015271655237302185,-0.0017420403892174363,-0.0017114591260906308,-0.001621732342755422,-0.0015426450408995152,-0.0014255214191507548,-0.001317069970536977,-0.0012283478863537312
dev,hidden.layer_29.output_rms,hidden,50,0,0.0,50,0.24282438337802886,0.2311277985572815,0.2336611643433571,0.24183420836925507,0.2432565987110138,0.24450479075312614,0.24992016181349755,0.25285640358924866
dev,hidden.layer_3.input_mean,hidden,50,0,0.0,50,-0.0001664121799331042,-0.0006677244673483074,-0.0005813342198962346,-0.0004026727983728051,-0.0001808336455724202,-6.221794137672987e-05,0.00045785668189637354,0.0006601896020583808
dev,hidden.layer_3.input_rms,hidden,50,0,0.0,50,0.4901051014661789,0.47141385078430176,0.47325614392757415,0.4927680864930153,0.49364885687828064,0.49409034103155136,0.494877290725708,0.49509114027023315
dev,hidden.layer_3.output_mean,hidden,50,0,0.0,50,-0.00015560430532786994,-0.0001830904366215691,-0.0001771230759914033,-0.0001723298992146738,-0.00016520769713679329,-0.0001455473611713387,-0.00010463870530657005,-8.878136577550322e-05
dev,hidden.layer_3.output_rms,hidden,50,0,0.0,50,0.028387309424579142,0.026115555316209793,0.026267829351127148,0.02871124166995287,0.02882188931107521,0.028889525216072798,0.02893590899184346,0.029005777090787888
dev,hidden.layer_30.input_mean,hidden,50,0,0.0,50,0.011877367086708546,0.009651078842580318,0.009841833030804992,0.011624041246250272,0.011918832082301378,0.01245852978900075,0.013428702484816313,0.013697633519768715
dev,hidden.layer_30.input_rms,hidden,50,0,0.0,50,1.2551771068572999,1.2469602823257446,1.2479212701320648,1.2541840374469757,1.255169153213501,1.2563591599464417,1.2614136934280396,1.262325406074524
dev,hidden.layer_30.output_mean,hidden,50,0,0.0,50,-0.003174285963177681,-0.0038536798674613237,-0.003636456874664873,-0.003350177896209061,-0.0031564851524308324,-0.0029796771705150604,-0.0027949730399996044,-0.0025082428473979235
dev,hidden.layer_30.output_rms,hidden,50,0,0.0,50,0.33181097865104675,0.31922289729118347,0.31972490847110746,0.3313395231962204,0.3322088122367859,0.3340074494481087,0.3409386187791824,0.3412114679813385
dev,hidden.layer_31.input_mean,hidden,50,0,0.0,50,0.012931378073990345,0.011434240266680717,0.012097176909446717,0.012649364303797483,0.01296249683946371,0.013184316689148545,0.013983501819893718,0.014325412921607494
dev,hidden.layer_31.input_rms,hidden,50,0,0.0,50,1.1594097328186035,1.1504651308059692,1.151550680398941,1.159397155046463,1.1601890921592712,1.1609781980514526,1.1643462181091309,1.164397954940796
dev,hidden.layer_31.output_mean,hidden,50,0,0.0,50,-0.017129906937479972,-0.017814572900533676,-0.017543547227978705,-0.017267475370317698,-0.017122454941272736,-0.01694137044250965,-0.016745652258396148,-0.01661224104464054
dev,hidden.layer_31.output_rms,hidden,50,0,0.0,50,0.9287107169628144,0.8932185769081116,0.895256394147873,0.9080773591995239,0.9175816476345062,0.9288252145051956,1.0022683024406434,1.0156352519989014
dev,hidden.layer_4.input_mean,hidden,50,0,0.0,50,0.0057486844621598724,0.005344697739928961,0.005420173425227404,0.005592631874606013,0.00573518848977983,0.005877160467207432,0.006125510414130985,0.006291283294558525
dev,hidden.layer_4.input_rms,hidden,50,0,0.0,50,0.6643700718879699,0.6532495617866516,0.6548982441425324,0.665547326207161,0.6661418974399567,0.6668021827936172,0.6672814667224884,0.6674740314483643
dev,hidden.layer_4.output_mean,hidden,50,0,0.0,50,-0.00017792509199352936,-0.0002183561446145177,-0.00021173228888073936,-0.00019130398868583143,-0.00018276979244546965,-0.00016330203652614728,-0.0001409305928973481,-0.00013644873979501426
dev,hidden.layer_4.output_rms,hidden,50,0,0.0,50,0.03248557239770889,0.03009144216775894,0.030346942227333785,0.03272247314453125,0.03291257098317146,0.032999093644320965,0.033075160533189776,0.033234644681215286
dev,hidden.layer_5.input_mean,hidden,50,0,0.0,50,0.0010434231505496428,0.00026938709197565913,0.0004110762572963722,0.0006959426827961579,0.0009146193915512413,0.0011688187660183758,0.002151079033501446,0.0025079932529479265
dev,hidden.layer_5.input_rms,hidden,50,0,0.0,50,0.7424720418453217,0.7337825298309326,0.7355037361383439,0.7428837418556213,0.743632972240448,0.7444510012865067,0.744843989610672,0.7450684905052185
dev,hidden.layer_5.output_mean,hidden,50,0,0.0,50,0.00016061382759744447,-2.84568450297229e-05,-8.624019221770139e-06,0.00016063464499893598,0.00017639070574659854,0.00021008369731134735,0.00026195273385383184,0.0002683938655536622
dev,hidden.layer_5.output_rms,hidden,50,0,0.0,50,0.042532405629754064,0.03911740332841873,0.039399461820721626,0.04285898059606552,0.043017974123358727,0.04314898047596216,0.04364700801670551,0.04374826326966286
dev,hidden.layer_6.input_mean,hidden,50,0,0.0,50,0.01161518856883049,0.010391655378043652,0.010709714004769921,0.011349886888638139,0.011628359090536833,0.011855707503855228,0.012463267939165235,0.012801616452634335
dev,hidden.layer_6.input_rms,hidden,50,0,0.0,50,0.8633244407176971,0.8572757244110107,0.8583907902240753,0.8637662976980209,0.8641344904899597,0.8644930422306061,0.8651263505220413,0.8654932379722595
dev,hidden.layer_6.output_mean,hidden,50,0,0.0,50,0.00027777001625509004,0.00011097384413005784,0.000144168539554812,0.0002691295667318627,0.00029467244166880846,0.0003102773189311847,0.0003445133450441062,0.00035076687345281243
dev,hidden.layer_6.output_rms,hidden,50,0,0.0,50,0.05497477807104587,0.05274582654237747,0.053197408095002174,0.05508892051875591,0.055288828909397125,0.05545506626367569,0.05565889738500118,0.055822115391492844
dev,hidden.layer_7.input_mean,hidden,50,0,0.0,50,0.011436564233154058,0.010989075526595116,0.011078569339588284,0.011262641288340092,0.01143721491098404,0.011579615529626608,0.011882605776190758,0.012026311829686165
dev,hidden.layer_7.input_rms,hidden,50,0,0.0,50,0.8124787080287933,0.8008495569229126,0.8022802919149399,0.8135239034891129,0.8139997124671936,0.8146308660507202,0.816339498758316,0.8175553679466248
dev,hidden.layer_7.output_mean,hidden,50,0,0.0,50,0.00010902627542236587,2.791876431729179e-05,7.741714289295487e-05,9.76505998551147e-05,0.00010715177995734848,0.00012134314238210209,0.0001444097921194043,0.0001569597516208887
dev,hidden.layer_7.output_rms,hidden,50,0,0.0,50,0.05565615154802799,0.05138549208641052,0.05163277257233858,0.05610198341310024,0.0562953595072031,0.05641085095703602,0.05718889869749546,0.05733894184231758
dev,hidden.layer_8.input_mean,hidden,50,0,0.0,50,0.014376060459762812,0.01217080932110548,0.01255439962260425,0.014193852664902806,0.014520502183586359,0.014845958910882473,0.015512875001877546,0.016034144908189774
dev,hidden.layer_8.input_rms,hidden,50,0,0.0,50,0.8127956175804139,0.8018123507499695,0.8029110491275787,0.8135421872138977,0.8140425086021423,0.8145455867052078,0.817429906129837,0.8181763291358948
dev,hidden.layer_8.output_mean,hidden,50,0,0.0,50,-0.0004991852969396859,-0.0005744976224377751,-0.0005650967301335186,-0.0005435414932435378,-0.0005221070896368474,-0.0004819354726350866,-0.00036405749415280303,-0.0003332760534249246
dev,hidden.layer_8.output_rms,hidden,50,0,0.0,50,0.05207441195845604,0.04823339357972145,0.04852405954152346,0.05242368299514055,0.05259489826858044,0.052812227979302406,0.05360187888145447,0.053745534271001816
dev,hidden.layer_9.input_mean,hidden,50,0,0.0,50,0.009788714982569217,0.009124018251895905,0.009275472816079855,0.009451319463551044,0.00968970824033022,0.010023501934483647,0.010651492886245251,0.011092325672507286
dev,hidden.layer_9.input_rms,hidden,50,0,0.0,50,0.8070606768131257,0.7966563105583191,0.7975677251815796,0.80789515376091,0.8082892894744873,0.8087175637483597,0.8116533070802688,0.8120913505554199
dev,hidden.layer_9.output_mean,hidden,50,0,0.0,50,0.0002781634929124266,0.0001282955054193735,0.00013733088417211547,0.00025886793446261436,0.0002994714741362259,0.0003181581196258776,0.0003675803876831196,0.0003735529608093202
dev,hidden.layer_9.output_rms,hidden,50,0,0.0,50,0.051535230875015256,0.048561908304691315,0.04875937569886446,0.051828556694090366,0.05195629596710205,0.05212171096354723,0.05282150879502297,0.05287209898233414
dev,sampling.completion_count,sampling,50,0,0.0,50,44.02,32.0,33.0,40.0,46.0,50.0,51.0,52.0
dev,sampling.mean_entropy,sampling,50,0,0.0,50,0.13889250217573615,0.056281160490185604,0.09762003031373023,0.11704370162703774,0.14192401530409682,0.15635644068080995,0.18486429484561084,0.21889420226216316
dev,sampling.mean_logprob,sampling,50,0,0.0,50,-0.14779546141789723,-0.29065509177744386,-0.24150512557196413,-0.1765407641555952,-0.14147053729742765,-0.10951543780005708,-0.07764046974041884,-0.07132381409406661
dev,sampling.min_logprob,sampling,50,0,0.0,50,-1.9534001386165618,-3.0745420455932617,-2.801215612888336,-2.4625682830810547,-2.023610234260559,-1.4267680644989014,-0.9512271463871003,-0.7043346762657166
full_all_candidates,graph.activation_max,graph,248,9,0.036290322580645164,239,8.69828786012019,6.456315994262695,7.013505649566651,7.922881126403809,8.507219314575195,8.942124366760254,12.149703693389892,13.042732238769531
full_all_candidates,graph.activation_mean,graph,248,9,0.036290322580645164,239,7.576349125107486,6.456315994262695,6.778253746032715,7.211528480052948,7.499136845270793,7.848805606365204,8.583017269770306,9.941026329994202
full_all_candidates,graph.activation_missing,graph,248,9,0.036290322580645164,239,0.0,0.0,0.0,0.0,0.0,0.0,0.0,0.0
full_all_candidates,graph.activation_q50,graph,248,9,0.036290322580645164,239,7.4088894233544,6.456315994262695,6.65258936882019,7.080253720283508,7.364563465118408,7.665085554122925,8.2501140832901,9.747570037841797
full_all_candidates,graph.activation_q90,graph,248,9,0.036290322580645164,239,8.40093788003323,6.456315994262695,6.971187376976013,7.73988242149353,8.253876686096191,8.696603441238404,10.874442591667174,12.191361236572266
full_all_candidates,graph.activation_q99,graph,248,9,0.036290322580645164,239,8.668552862111493,6.456315994262695,7.009273822307587,7.910374386310577,8.486931219100953,8.89599264383316,12.025404772281647,12.956451206207275
full_all_candidates,graph.activation_std,graph,248,9,0.036290322580645164,239,0.7433001144616991,0.0,0.1620712382429863,0.43897760008662146,0.6326614792760196,0.8264422762253636,2.1382383190093286,2.5210374168026077
full_all_candidates,graph.degree_max,graph,248,9,0.036290322580645164,239,578.9665271966527,479.0,514.0,546.0,570.0,604.0,661.3,778.0
full_all_candidates,graph.degree_mean,graph,248,9,0.036290322580645164,239,4.980746755904885,1.691808596918086,2.9493705749691577,4.080313726393058,4.890424481737414,5.913359152498668,7.09415553306082,9.45595353339787
full_all_candidates,graph.degree_std,graph,248,9,0.036290322580645164,239,35.097558195186444,21.02423749533385,27.536119465013794,32.1671141263232,34.70589416148629,38.376668825953004,42.78718616980867,50.491929002282234
full_all_candidates,graph.density,graph,248,9,0.036290322580645164,239,0.002385150138932406,0.0006866106318661064,0.0013881034866790093,0.0019660491307481997,0.002376037500537565,0.002807718878588157,0.0034912126241310225,0.0045813728359485805
full_all_candidates,graph.edge_abs_effective_count,graph,248,9,0.036290322580645164,239,229.91185405288104,59.567664590687045,121.83126294998442,184.01277311085977,229.26163985836203,271.1728575309446,353.70441100967247,454.8458991734746
full_all_candidates,graph.edge_abs_hhi,graph,248,9,0.036290322580645164,239,0.004901483301507457,0.0021985468085282396,0.002827363843357894,0.0036876848952077136,0.0043618286976303605,0.0054344355150699065,0.008208359666545473,0.016787631458634395
full_all_candidates,graph.edge_abs_sum,graph,248,9,0.036290322580645164,239,105.29285647232122,20.494988416990964,41.0211926805845,79.75662486061628,106.15244678490853,135.60138333466602,161.92821653676364,221.6264980098931
full_all_candidates,graph.edge_abs_top10_share,graph,248,9,0.036290322580645164,239,0.13331984419507595,0.07291468602451927,0.0878353471695053,0.10951840837409649,0.1251441841650798,0.1496270838006028,0.20007836388640168,0.3085089655187967
full_all_candidates,graph.edge_abs_top1_share,graph,248,9,0.036290322580645164,239,0.019459232071736193,0.008423826829959532,0.011942691213184102,0.014559386874643627,0.017715330347828556,0.02135356859445539,0.03255679361330775,0.07839155396029025
full_all_candidates,graph.edge_count,graph,248,9,0.036290322580645164,239,2616.0376569037658,998.0,1530.0,2093.0,2521.0,3118.0,3775.7,4884.0
full_all_candidates,graph.edge_negative_abs_sum,graph,248,9,0.036290322580645164,239,55.68349575240728,8.793995836516842,18.73563442194718,41.02751344410353,56.09267705048842,73.25216956985241,86.28180549839162,115.55092558875913
full_all_candidates,graph.edge_negative_fraction,graph,248,9,0.036290322580645164,239,0.50515431736081,0.4593392630241423,0.47964715468973285,0.49360248940118806,0.5055334218680833,0.5174469002445603,0.5312347573285956,0.5605
full_all_candidates,graph.edge_positive_sum,graph,248,9,0.036290322580645164,239,49.60936071991394,10.413691112073138,21.62132693726453,38.02110391260794,49.64466184130288,61.8659188705642,77.66392932322341,106.07557242113398
full_all_candidates,graph.edge_signed_mean,graph,248,9,0.036290322580645164,239,-0.0021185344211236148,-0.009901877463347059,-0.00745942013166279,-0.0039982903966213675,-0.002129605554276459,-0.0001640299189451822,0.0019081330330660822,0.006953059134676724
full_all_candidates,graph.edge_signed_std,graph,248,9,0.036290322580645164,239,0.1338756016469415,0.07615689720416884,0.09052871251773952,0.11378287776115693,0.13734808935110385,0.15021201785997615,0.16907696951094076,0.19513889065047813
full_all_candidates,graph.edge_signed_sum,graph,248,9,0.036290322580645164,239,-6.074135032493344,-28.10152824097895,-19.528194059449014,-11.308025017642649,-5.158423351414967,-0.4139631381840445,4.573423737545089,6.946106075542048
full_all_candidates,graph.empty_after_pruning,graph,248,9,0.036290322580645164,239,0.0,0.0,0.0,0.0,0.0,0.0,0.0,0.0
full_all_candidates,graph.error_influence_fraction,graph,248,9,0.036290322580645164,239,0.40510848985899733,0.3648158478846255,0.38246902710238506,0.3984263099533484,0.4063690289098942,0.41299672850409036,0.42239721341770936,0.4330237252975926
full_all_candidates,graph.error_node_count,graph,248,9,0.036290322580645164,239,96.0,96.0,96.0,96.0,96.0,96.0,96.0,96.0
full_all_candidates,graph.feature_node_count,graph,248,9,0.036290322580645164,239,4.518828451882845,1.0,2.0,3.0,4.0,6.0,8.0,10.0
full_all_candidates,graph.graph_missing,graph,248,9,0.036290322580645164,239,0.0,0.0,0.0,0.0,0.0,0.0,0.0,0.0
full_all_candidates,graph.input_logit_min_hops,graph,248,9,0.036290322580645164,239,1.0,1.0,1.0,1.0,1.0,1.0,1.0,1.0
full_all_candidates,graph.input_logit_min_positive_distance,graph,248,9,0.036290322580645164,239,92.57453037589447,25.15636202161933,39.003523354573865,61.688034208790874,81.8608101732735,113.15600397038912,180.5616837017469,286.6460117146459
full_all_candidates,graph.input_logit_path_missing,graph,248,9,0.036290322580645164,239,0.0,0.0,0.0,0.0,0.0,0.0,0.0,0.0
full_all_candidates,graph.input_logit_reachability_missing,graph,248,9,0.036290322580645164,239,0.0,0.0,0.0,0.0,0.0,0.0,0.0,0.0
full_all_candidates,graph.input_logit_reachable_logit_fraction,graph,248,9,0.036290322580645164,239,1.0,1.0,1.0,1.0,1.0,1.0,1.0,1.0
full_all_candidates,graph.layer_0_activation_mean,graph,248,9,0.036290322580645164,239,0.0,0.0,0.0,0.0,0.0,0.0,0.0,0.0
full_all_candidates,graph.layer_0_feature_count,graph,248,9,0.036290322580645164,239,0.0,0.0,0.0,0.0,0.0,0.0,0.0,0.0
full_all_candidates,graph.layer_0_feature_fraction,graph,248,9,0.036290322580645164,239,0.0,0.0,0.0,0.0,0.0,0.0,0.0,0.0
full_all_candidates,graph.layer_10_activation_mean,graph,248,9,0.036290322580645164,239,0.0,0.0,0.0,0.0,0.0,0.0,0.0,0.0
full_all_candidates,graph.layer_10_feature_count,graph,248,9,0.036290322580645164,239,0.0,0.0,0.0,0.0,0.0,0.0,0.0,0.0
full_all_candidates,graph.layer_10_feature_fraction,graph,248,9,0.036290322580645164,239,0.0,0.0,0.0,0.0,0.0,0.0,0.0,0.0
full_all_candidates,graph.layer_11_activation_mean,graph,248,9,0.036290322580645164,239,0.0,0.0,0.0,0.0,0.0,0.0,0.0,0.0
full_all_candidates,graph.layer_11_feature_count,graph,248,9,0.036290322580645164,239,0.0,0.0,0.0,0.0,0.0,0.0,0.0,0.0
full_all_candidates,graph.layer_11_feature_fraction,graph,248,9,0.036290322580645164,239,0.0,0.0,0.0,0.0,0.0,0.0,0.0,0.0
full_all_candidates,graph.layer_12_activation_mean,graph,248,9,0.036290322580645164,239,0.0,0.0,0.0,0.0,0.0,0.0,0.0,0.0
full_all_candidates,graph.layer_12_feature_count,graph,248,9,0.036290322580645164,239,0.0,0.0,0.0,0.0,0.0,0.0,0.0,0.0
full_all_candidates,graph.layer_12_feature_fraction,graph,248,9,0.036290322580645164,239,0.0,0.0,0.0,0.0,0.0,0.0,0.0,0.0
full_all_candidates,graph.layer_13_activation_mean,graph,248,9,0.036290322580645164,239,0.0,0.0,0.0,0.0,0.0,0.0,0.0,0.0
full_all_candidates,graph.layer_13_feature_count,graph,248,9,0.036290322580645164,239,0.0,0.0,0.0,0.0,0.0,0.0,0.0,0.0
full_all_candidates,graph.layer_13_feature_fraction,graph,248,9,0.036290322580645164,239,0.0,0.0,0.0,0.0,0.0,0.0,0.0,0.0
full_all_candidates,graph.layer_14_activation_mean,graph,248,9,0.036290322580645164,239,0.0,0.0,0.0,0.0,0.0,0.0,0.0,0.0
full_all_candidates,graph.layer_14_feature_count,graph,248,9,0.036290322580645164,239,0.0,0.0,0.0,0.0,0.0,0.0,0.0,0.0
full_all_candidates,graph.layer_14_feature_fraction,graph,248,9,0.036290322580645164,239,0.0,0.0,0.0,0.0,0.0,0.0,0.0,0.0
full_all_candidates,graph.layer_15_activation_mean,graph,248,9,0.036290322580645164,239,0.0,0.0,0.0,0.0,0.0,0.0,0.0,0.0
full_all_candidates,graph.layer_15_feature_count,graph,248,9,0.036290322580645164,239,0.0,0.0,0.0,0.0,0.0,0.0,0.0,0.0
full_all_candidates,graph.layer_15_feature_fraction,graph,248,9,0.036290322580645164,239,0.0,0.0,0.0,0.0,0.0,0.0,0.0,0.0
full_all_candidates,graph.layer_16_activation_mean,graph,248,9,0.036290322580645164,239,0.0,0.0,0.0,0.0,0.0,0.0,0.0,0.0
full_all_candidates,graph.layer_16_feature_count,graph,248,9,0.036290322580645164,239,0.0,0.0,0.0,0.0,0.0,0.0,0.0,0.0
full_all_candidates,graph.layer_16_feature_fraction,graph,248,9,0.036290322580645164,239,0.0,0.0,0.0,0.0,0.0,0.0,0.0,0.0
full_all_candidates,graph.layer_17_activation_mean,graph,248,9,0.036290322580645164,239,0.0,0.0,0.0,0.0,0.0,0.0,0.0,0.0
full_all_candidates,graph.layer_17_feature_count,graph,248,9,0.036290322580645164,239,0.0,0.0,0.0,0.0,0.0,0.0,0.0,0.0
full_all_candidates,graph.layer_17_feature_fraction,graph,248,9,0.036290322580645164,239,0.0,0.0,0.0,0.0,0.0,0.0,0.0,0.0
full_all_candidates,graph.layer_18_activation_mean,graph,248,9,0.036290322580645164,239,0.0,0.0,0.0,0.0,0.0,0.0,0.0,0.0
full_all_candidates,graph.layer_18_feature_count,graph,248,9,0.036290322580645164,239,0.0,0.0,0.0,0.0,0.0,0.0,0.0,0.0
full_all_candidates,graph.layer_18_feature_fraction,graph,248,9,0.036290322580645164,239,0.0,0.0,0.0,0.0,0.0,0.0,0.0,0.0
full_all_candidates,graph.layer_19_activation_mean,graph,248,9,0.036290322580645164,239,0.0,0.0,0.0,0.0,0.0,0.0,0.0,0.0
full_all_candidates,graph.layer_19_feature_count,graph,248,9,0.036290322580645164,239,0.0,0.0,0.0,0.0,0.0,0.0,0.0,0.0
full_all_candidates,graph.layer_19_feature_fraction,graph,248,9,0.036290322580645164,239,0.0,0.0,0.0,0.0,0.0,0.0,0.0,0.0
full_all_candidates,graph.layer_1_activation_mean,graph,248,9,0.036290322580645164,239,0.0,0.0,0.0,0.0,0.0,0.0,0.0,0.0
full_all_candidates,graph.layer_1_feature_count,graph,248,9,0.036290322580645164,239,0.0,0.0,0.0,0.0,0.0,0.0,0.0,0.0
full_all_candidates,graph.layer_1_feature_fraction,graph,248,9,0.036290322580645164,239,0.0,0.0,0.0,0.0,0.0,0.0,0.0,0.0
full_all_candidates,graph.layer_20_activation_mean,graph,248,9,0.036290322580645164,239,0.0,0.0,0.0,0.0,0.0,0.0,0.0,0.0
full_all_candidates,graph.layer_20_feature_count,graph,248,9,0.036290322580645164,239,0.0,0.0,0.0,0.0,0.0,0.0,0.0,0.0
full_all_candidates,graph.layer_20_feature_fraction,graph,248,9,0.036290322580645164,239,0.0,0.0,0.0,0.0,0.0,0.0,0.0,0.0
full_all_candidates,graph.layer_21_activation_mean,graph,248,9,0.036290322580645164,239,0.0,0.0,0.0,0.0,0.0,0.0,0.0,0.0
full_all_candidates,graph.layer_21_feature_count,graph,248,9,0.036290322580645164,239,0.0,0.0,0.0,0.0,0.0,0.0,0.0,0.0
full_all_candidates,graph.layer_21_feature_fraction,graph,248,9,0.036290322580645164,239,0.0,0.0,0.0,0.0,0.0,0.0,0.0,0.0
full_all_candidates,graph.layer_22_activation_mean,graph,248,9,0.036290322580645164,239,0.19299860479442643,0.0,0.0,0.0,0.0,0.0,0.0,6.589523792266846
full_all_candidates,graph.layer_22_feature_count,graph,248,9,0.036290322580645164,239,0.029288702928870293,0.0,0.0,0.0,0.0,0.0,0.0,1.0
full_all_candidates,graph.layer_22_feature_fraction,graph,248,9,0.036290322580645164,239,0.004380022580859401,0.0,0.0,0.0,0.0,0.0,0.0,0.2
full_all_candidates,graph.layer_23_activation_mean,graph,248,9,0.036290322580645164,239,0.0,0.0,0.0,0.0,0.0,0.0,0.0,0.0
full_all_candidates,graph.layer_23_feature_count,graph,248,9,0.036290322580645164,239,0.0,0.0,0.0,0.0,0.0,0.0,0.0,0.0
full_all_candidates,graph.layer_23_feature_fraction,graph,248,9,0.036290322580645164,239,0.0,0.0,0.0,0.0,0.0,0.0,0.0,0.0
full_all_candidates,graph.layer_24_activation_mean,graph,248,9,0.036290322580645164,239,0.0,0.0,0.0,0.0,0.0,0.0,0.0,0.0
full_all_candidates,graph.layer_24_feature_count,graph,248,9,0.036290322580645164,239,0.0,0.0,0.0,0.0,0.0,0.0,0.0,0.0
full_all_candidates,graph.layer_24_feature_fraction,graph,248,9,0.036290322580645164,239,0.0,0.0,0.0,0.0,0.0,0.0,0.0,0.0
full_all_candidates,graph.layer_25_activation_mean,graph,248,9,0.036290322580645164,239,0.0,0.0,0.0,0.0,0.0,0.0,0.0,0.0
full_all_candidates,graph.layer_25_feature_count,graph,248,9,0.036290322580645164,239,0.0,0.0,0.0,0.0,0.0,0.0,0.0,0.0
full_all_candidates,graph.layer_25_feature_fraction,graph,248,9,0.036290322580645164,239,0.0,0.0,0.0,0.0,0.0,0.0,0.0,0.0
full_all_candidates,graph.layer_26_activation_mean,graph,248,9,0.036290322580645164,239,1.165931035617738,0.0,0.0,0.0,0.0,0.0,7.184851042429606,7.644414901733398
full_all_candidates,graph.layer_26_feature_count,graph,248,9,0.036290322580645164,239,0.401673640167364,0.0,0.0,0.0,0.0,0.0,3.0,4.0
full_all_candidates,graph.layer_26_feature_fraction,graph,248,9,0.036290322580645164,239,0.05649365743508003,0.0,0.0,0.0,0.0,0.0,0.42857142857142855,0.5714285714285714
full_all_candidates,graph.layer_27_activation_mean,graph,248,9,0.036290322580645164,239,0.0,0.0,0.0,0.0,0.0,0.0,0.0,0.0
full_all_candidates,graph.layer_27_feature_count,graph,248,9,0.036290322580645164,239,0.0,0.0,0.0,0.0,0.0,0.0,0.0,0.0
full_all_candidates,graph.layer_27_feature_fraction,graph,248,9,0.036290322580645164,239,0.0,0.0,0.0,0.0,0.0,0.0,0.0,0.0
full_all_candidates,graph.layer_28_activation_mean,graph,248,9,0.036290322580645164,239,0.0,0.0,0.0,0.0,0.0,0.0,0.0,0.0
full_all_candidates,graph.layer_28_feature_count,graph,248,9,0.036290322580645164,239,0.0,0.0,0.0,0.0,0.0,0.0,0.0,0.0
full_all_candidates,graph.layer_28_feature_fraction,graph,248,9,0.036290322580645164,239,0.0,0.0,0.0,0.0,0.0,0.0,0.0,0.0
full_all_candidates,graph.layer_29_activation_mean,graph,248,9,0.036290322580645164,239,0.8097627123030658,0.0,0.0,0.0,0.0,0.0,6.840149092674254,7.191644191741943
full_all_candidates,graph.layer_29_feature_count,graph,248,9,0.036290322580645164,239,0.1506276150627615,0.0,0.0,0.0,0.0,0.0,1.0,2.0
full_all_candidates,graph.layer_29_feature_fraction,graph,248,9,0.036290322580645164,239,0.022761838347612404,0.0,0.0,0.0,0.0,0.0,0.2,0.3333333333333333
full_all_candidates,graph.layer_2_activation_mean,graph,248,9,0.036290322580645164,239,0.0,0.0,0.0,0.0,0.0,0.0,0.0,0.0
full_all_candidates,graph.layer_2_feature_count,graph,248,9,0.036290322580645164,239,0.0,0.0,0.0,0.0,0.0,0.0,0.0,0.0
full_all_candidates,graph.layer_2_feature_fraction,graph,248,9,0.036290322580645164,239,0.0,0.0,0.0,0.0,0.0,0.0,0.0,0.0
full_all_candidates,graph.layer_30_activation_mean,graph,248,9,0.036290322580645164,239,0.34770425493248336,0.0,0.0,0.0,0.0,0.0,0.6412425041198366,7.797494093577067
full_all_candidates,graph.layer_30_feature_count,graph,248,9,0.036290322580645164,239,0.08368200836820083,0.0,0.0,0.0,0.0,0.0,0.09999999999999432,3.0
full_all_candidates,graph.layer_30_feature_fraction,graph,248,9,0.036290322580645164,239,0.009832635983263598,0.0,0.0,0.0,0.0,0.0,0.011111111111110478,0.3
full_all_candidates,graph.layer_31_activation_mean,graph,248,9,0.036290322580645164,239,7.643074273580953,6.456315994262695,6.778253746032715,7.261887311935425,7.57436736424764,7.937820816040039,8.647532029151916,9.941026329994202
full_all_candidates,graph.layer_31_feature_count,graph,248,9,0.036290322580645164,239,3.8535564853556483,1.0,2.0,3.0,4.0,5.0,6.0,8.0
full_all_candidates,graph.layer_31_feature_fraction,graph,248,9,0.036290322580645164,239,0.9065318456531845,0.2,0.3333333333333333,1.0,1.0,1.0,1.0,1.0
full_all_candidates,graph.layer_3_activation_mean,graph,248,9,0.036290322580645164,239,0.0,0.0,0.0,0.0,0.0,0.0,0.0,0.0
full_all_candidates,graph.layer_3_feature_count,graph,248,9,0.036290322580645164,239,0.0,0.0,0.0,0.0,0.0,0.0,0.0,0.0
full_all_candidates,graph.layer_3_feature_fraction,graph,248,9,0.036290322580645164,239,0.0,0.0,0.0,0.0,0.0,0.0,0.0,0.0
full_all_candidates,graph.layer_4_activation_mean,graph,248,9,0.036290322580645164,239,0.0,0.0,0.0,0.0,0.0,0.0,0.0,0.0
full_all_candidates,graph.layer_4_feature_count,graph,248,9,0.036290322580645164,239,0.0,0.0,0.0,0.0,0.0,0.0,0.0,0.0
full_all_candidates,graph.layer_4_feature_fraction,graph,248,9,0.036290322580645164,239,0.0,0.0,0.0,0.0,0.0,0.0,0.0,0.0
full_all_candidates,graph.layer_5_activation_mean,graph,248,9,0.036290322580645164,239,0.0,0.0,0.0,0.0,0.0,0.0,0.0,0.0
full_all_candidates,graph.layer_5_feature_count,graph,248,9,0.036290322580645164,239,0.0,0.0,0.0,0.0,0.0,0.0,0.0,0.0
full_all_candidates,graph.layer_5_feature_fraction,graph,248,9,0.036290322580645164,239,0.0,0.0,0.0,0.0,0.0,0.0,0.0,0.0
full_all_candidates,graph.layer_6_activation_mean,graph,248,9,0.036290322580645164,239,0.0,0.0,0.0,0.0,0.0,0.0,0.0,0.0
full_all_candidates,graph.layer_6_feature_count,graph,248,9,0.036290322580645164,239,0.0,0.0,0.0,0.0,0.0,0.0,0.0,0.0
full_all_candidates,graph.layer_6_feature_fraction,graph,248,9,0.036290322580645164,239,0.0,0.0,0.0,0.0,0.0,0.0,0.0,0.0
full_all_candidates,graph.layer_7_activation_mean,graph,248,9,0.036290322580645164,239,0.0,0.0,0.0,0.0,0.0,0.0,0.0,0.0
full_all_candidates,graph.layer_7_feature_count,graph,248,9,0.036290322580645164,239,0.0,0.0,0.0,0.0,0.0,0.0,0.0,0.0
full_all_candidates,graph.layer_7_feature_fraction,graph,248,9,0.036290322580645164,239,0.0,0.0,0.0,0.0,0.0,0.0,0.0,0.0
full_all_candidates,graph.layer_8_activation_mean,graph,248,9,0.036290322580645164,239,0.0,0.0,0.0,0.0,0.0,0.0,0.0,0.0
full_all_candidates,graph.layer_8_feature_count,graph,248,9,0.036290322580645164,239,0.0,0.0,0.0,0.0,0.0,0.0,0.0,0.0
full_all_candidates,graph.layer_8_feature_fraction,graph,248,9,0.036290322580645164,239,0.0,0.0,0.0,0.0,0.0,0.0,0.0,0.0
full_all_candidates,graph.layer_9_activation_mean,graph,248,9,0.036290322580645164,239,0.0,0.0,0.0,0.0,0.0,0.0,0.0,0.0
full_all_candidates,graph.layer_9_feature_count,graph,248,9,0.036290322580645164,239,0.0,0.0,0.0,0.0,0.0,0.0,0.0,0.0
full_all_candidates,graph.layer_9_feature_fraction,graph,248,9,0.036290322580645164,239,0.0,0.0,0.0,0.0,0.0,0.0,0.0,0.0
full_all_candidates,graph.layer_metadata_missing,graph,248,9,0.036290322580645164,239,0.0,0.0,0.0,0.0,0.0,0.0,0.0,0.0
full_all_candidates,graph.logit_node_count,graph,248,9,0.036290322580645164,239,0.0,0.0,0.0,0.0,0.0,0.0,0.0,0.0
full_all_candidates,graph.logit_probabilities_missing,graph,248,9,0.036290322580645164,239,1.0,1.0,1.0,1.0,1.0,1.0,1.0,1.0
full_all_candidates,graph.node_count,graph,248,9,0.036290322580645164,239,1051.949790794979,997.0,1005.0,1012.0,1017.0,1026.0,1262.4,1328.0
full_all_candidates,graph.node_influence_effective_count,graph,248,9,0.036290322580645164,239,3.9643682167380527,3.911230326600066,3.9365031765019665,3.9486658273109922,3.959505554662394,3.9757028492355686,4.007099804787119,4.042710861449202
full_all_candidates,graph.node_influence_hhi,graph,248,9,0.036290322580645164,239,0.2522546228756602,0.24735877342500004,0.24955704854238578,0.25152785351330414,0.2525567867489113,0.25325009606317483,0.2540325652580399,0.2556740249222998
full_all_candidates,graph.node_influence_missing,graph,248,9,0.036290322580645164,239,0.0,0.0,0.0,0.0,0.0,0.0,0.0,0.0
full_all_candidates,graph.node_influence_top10_share,graph,248,9,0.036290322580645164,239,0.64402289496601,0.6072748964120414,0.6197515071243069,0.6324424551870861,0.6436069737240596,0.6548394431572065,0.6713040130874087,0.6895896916929556
full_all_candidates,graph.node_influence_top1_share,graph,248,9,0.036290322580645164,239,0.4982408871920807,0.49371765218536406,0.49573231004031953,0.4977213395731551,0.4985388593803265,0.49906719467298133,0.4996671036940794,0.4997745452112924
full_all_candidates,graph.path_budget_exhausted,graph,248,9,0.036290322580645164,239,0.0,0.0,0.0,0.0,0.0,0.0,0.0,0.0
full_all_candidates,graph.sampled_hop_statistics_missing,graph,248,9,0.036290322580645164,239,0.0,0.0,0.0,0.0,0.0,0.0,0.0,0.0
full_all_candidates,graph.sampled_path_missing,graph,248,9,0.036290322580645164,239,0.0,0.0,0.0,0.0,0.0,0.0,0.0,0.0
full_all_candidates,graph.sampled_path_source_count,graph,248,9,0.036290322580645164,239,16.0,16.0,16.0,16.0,16.0,16.0,16.0,16.0
full_all_candidates,graph.sampled_reachable_max_hops,graph,248,9,0.036290322580645164,239,1.99581589958159,1.0,2.0,2.0,2.0,2.0,2.0,2.0
full_all_candidates,graph.sampled_reachable_mean_hops,graph,248,9,0.036290322580645164,239,1.3111634646153474,1.0,1.1333333333333333,1.2222222222222223,1.3076923076923077,1.4,1.5384615384615385,1.6666666666666667
full_all_candidates,graph.sampled_reachable_pair_fraction,graph,248,9,0.036290322580645164,239,0.7722280334728033,0.3125,0.5625,0.6875,0.75,0.8125,0.9375,1.0
full_all_candidates,graph.score_node_count,graph,248,9,0.036290322580645164,239,1.0,1.0,1.0,1.0,1.0,1.0,1.0,1.0
full_all_candidates,graph.selected_logit_entropy,graph,248,9,0.036290322580645164,239,0.0,0.0,0.0,0.0,0.0,0.0,0.0,0.0
full_all_candidates,graph.selected_logit_probability_mass,graph,248,9,0.036290322580645164,239,0.0,0.0,0.0,0.0,0.0,0.0,0.0,0.0
full_all_candidates,graph.token_node_count,graph,248,9,0.036290322580645164,239,950.4309623430962,897.0,903.0,911.0,915.0,924.0,1158.7,1227.0
full_all_candidates,graph.top_logit_probability,graph,248,9,0.036290322580645164,239,0.0,0.0,0.0,0.0,0.0,0.0,0.0,0.0
full_all_candidates,graph.weak_components,graph,248,9,0.036290322580645164,239,237.94979079497907,93.0,150.0,185.0,226.0,269.0,376.5,554.0
full_all_candidates,graph.weighted_path_budget_exhausted,graph,248,9,0.036290322580645164,239,0.0,0.0,0.0,0.0,0.0,0.0,0.0,0.0
full_all_candidates,graph.weighted_path_missing,graph,248,9,0.036290322580645164,239,0.0,0.0,0.0,0.0,0.0,0.0,0.0,0.0
full_all_candidates,hidden.layer_0.input_mean,hidden,248,9,0.036290322580645164,239,0.000498240192203537,3.7672161852242425e-05,0.00015216738975141198,0.0004887284740107134,0.0005377076449804008,0.0005792040610685945,0.0006300002336502075,0.0006702868267893791
full_all_candidates,hidden.layer_0.input_rms,hidden,248,9,0.036290322580645164,239,0.2665044505725845,0.2538816034793854,0.2548303037881851,0.26758943498134613,0.26817119121551514,0.2685800641775131,0.2691165417432785,0.26952317357063293
full_all_candidates,hidden.layer_0.output_mean,hidden,248,9,0.036290322580645164,239,7.93243775794002e-05,7.31200270820409e-05,7.658837930648587e-05,7.792553878971376e-05,7.881059718783945e-05,8.023330883588642e-05,8.38935622596182e-05,8.737877215025946e-05
full_all_candidates,hidden.layer_0.output_rms,hidden,248,9,0.036290322580645164,239,0.011253227043320196,0.01031599473208189,0.010359350591897964,0.01134754391387105,0.011383275501430035,0.011405495926737785,0.011435761582106352,0.011468402110040188
full_all_candidates,hidden.layer_1.input_mean,hidden,248,9,0.036290322580645164,239,0.0016208424541717355,0.0013119590003043413,0.0014438825775869191,0.001513616181910038,0.0015802608104422688,0.0016410862444899976,0.0020728989969938994,0.0022128720302134752
full_all_candidates,hidden.layer_1.input_rms,hidden,248,9,0.036290322580645164,239,0.36141133046549234,0.3547650873661041,0.35545669198036195,0.3616577982902527,0.3622044026851654,0.36262156069278717,0.3632761090993881,0.36377909779548645
full_all_candidates,hidden.layer_1.output_mean,hidden,248,9,0.036290322580645164,239,2.024268921747637e-05,-1.5147704289120156e-05,-8.392050403926987e-06,1.9252462152508087e-05,2.431017128401436e-05,2.723972011153819e-05,3.080661263084039e-05,3.5736342397285625e-05
full_all_candidates,hidden.layer_1.output_rms,hidden,248,9,0.036290322580645164,239,0.016997786698605726,0.016333989799022675,0.016451767832040786,0.017018307000398636,0.01707255281507969,0.01711338199675083,0.017151556350290774,0.01722041890025139
full_all_candidates,hidden.layer_10.input_mean,hidden,248,9,0.036290322580645164,239,0.011672651406891924,0.009711500257253647,0.010105057992041111,0.011275341734290123,0.01191491074860096,0.012251099105924368,0.012698880583047866,0.013201621361076832
full_all_candidates,hidden.layer_10.input_rms,hidden,248,9,0.036290322580645164,239,0.8393593123767167,0.8326663374900818,0.8331847786903381,0.8385106921195984,0.8397924900054932,0.8409308791160583,0.8429763436317443,0.8463871479034424
full_all_candidates,hidden.layer_10.output_mean,hidden,248,9,0.036290322580645164,239,-0.00016605897404002143,-0.00028890237445011735,-0.00025236991059500723,-0.0001805012725526467,-0.0001626872835913673,-0.00014406121044885367,-0.00010744094470283018,-4.645317676477134e-05
full_all_candidates,hidden.layer_10.output_rms,hidden,248,9,0.036290322580645164,239,0.05690207251320324,0.05415649339556694,0.054391637071967126,0.05685701034963131,0.05720116198062897,0.057480862364172935,0.05797223895788193,0.058662038296461105
full_all_candidates,hidden.layer_11.input_mean,hidden,248,9,0.036290322580645164,239,0.01516662637808333,0.01366680022329092,0.013988891243934631,0.014732941519469023,0.015280877240002155,0.015669713728129864,0.016054658591747283,0.016525745391845703
full_all_candidates,hidden.layer_11.input_rms,hidden,248,9,0.036290322580645164,239,0.8402230799447542,0.8315733075141907,0.8322741329669953,0.8393727540969849,0.8408134579658508,0.8421240448951721,0.8444560885429382,0.8481579422950745
full_all_candidates,hidden.layer_11.output_mean,hidden,248,9,0.036290322580645164,239,-0.00045487531397499486,-0.0005939578404650092,-0.0005386765638832003,-0.000491290062200278,-0.0004604703572113067,-0.0004185494763078168,-0.0003611003106925637,-0.0002922202693298459
full_all_candidates,hidden.layer_11.output_rms,hidden,248,9,0.036290322580645164,239,0.06294210406339817,0.05934181436896324,0.05969803407788277,0.06278979778289795,0.0633009821176529,0.06364671140909195,0.06437268182635307,0.06512767821550369
full_all_candidates,hidden.layer_12.input_mean,hidden,248,9,0.036290322580645164,239,0.01214292734689917,0.010923052206635475,0.011206871084868907,0.011808502022176981,0.01221427507698536,0.012530573178082705,0.012874317076057195,0.01315227523446083
full_all_candidates,hidden.layer_12.input_rms,hidden,248,9,0.036290322580645164,239,0.840882915582617,0.8315025568008423,0.8324341356754303,0.8400270342826843,0.8416380882263184,0.8430843651294708,0.8450819194316864,0.8480663299560547
full_all_candidates,hidden.layer_12.output_mean,hidden,248,9,0.036290322580645164,239,0.00030366372973190535,0.00017235564882867038,0.00021063685999251903,0.00025723401631694287,0.0002845862472895533,0.00031298925750888884,0.0004953642725013197,0.0005641028401441872
full_all_candidates,hidden.layer_12.output_rms,hidden,248,9,0.036290322580645164,239,0.060530373226523895,0.05649695545434952,0.05681796222925186,0.060373879969120026,0.06095878407359123,0.061310673132538795,0.062027744576334955,0.0629657432436943
full_all_candidates,hidden.layer_13.input_mean,hidden,248,9,0.036290322580645164,239,0.014217759887824248,0.013107267208397388,0.013284676056355239,0.013993718661367893,0.014265540987253189,0.014532757923007011,0.014851870574057102,0.01518619991838932
full_all_candidates,hidden.layer_13.input_rms,hidden,248,9,0.036290322580645164,239,0.8444108813377604,0.8351086378097534,0.8358012914657593,0.8435007035732269,0.8452492952346802,0.8464958369731903,0.8488972365856171,0.8519886136054993
full_all_candidates,hidden.layer_13.output_mean,hidden,248,9,0.036290322580645164,239,-8.317601697766591e-05,-0.00018348448793403804,-0.0001561243407195434,-0.0001095688458008226,-7.96180684119463e-05,-5.689077079296112e-05,-1.9424315178184772e-05,4.378128869575448e-05
full_all_candidates,hidden.layer_13.output_rms,hidden,248,9,0.036290322580645164,239,0.060099299264502824,0.05684151127934456,0.05726174488663673,0.05998272821307182,0.06046837568283081,0.0607192050665617,0.06139742583036423,0.06227387487888336
full_all_candidates,hidden.layer_14.input_mean,hidden,248,9,0.036290322580645164,239,0.010016061225321502,0.008695176802575588,0.00914792213588953,0.009611673653125763,0.010022415779531002,0.010378992650657892,0.010946623980998993,0.011723661795258522
full_all_candidates,hidden.layer_14.input_rms,hidden,248,9,0.036290322580645164,239,0.8700484446401875,0.8627655506134033,0.8631029248237609,0.869255542755127,0.8706774115562439,0.8717612326145172,0.8737519383430481,0.8768354058265686
full_all_candidates,hidden.layer_14.output_mean,hidden,248,9,0.036290322580645164,239,-8.236735379528732e-05,-0.0002257687592646107,-0.0001920920767588541,-0.00010726778782554902,-7.163698319345713e-05,-4.4124659325461835e-05,-3.44267436958035e-06,4.50859843112994e-05
full_all_candidates,hidden.layer_14.output_rms,hidden,248,9,0.036290322580645164,239,0.06196303897884101,0.05856762081384659,0.05873509161174297,0.0616436842828989,0.0623413622379303,0.0628000870347023,0.06356019452214241,0.06459099054336548
full_all_candidates,hidden.layer_15.input_mean,hidden,248,9,0.036290322580645164,239,0.011040512710092706,0.009857441298663616,0.010175853315740824,0.01070453180000186,0.011096416972577572,0.011403094045817852,0.011814846191555262,0.012268275953829288
full_all_candidates,hidden.layer_15.input_rms,hidden,248,9,0.036290322580645164,239,0.8923538267363066,0.8813728094100952,0.882086980342865,0.8905104100704193,0.8930771946907043,0.8954654335975647,0.8986091375350952,0.9038026928901672
full_all_candidates,hidden.layer_15.output_mean,hidden,248,9,0.036290322580645164,239,0.00034675237912174206,0.00017044901323970407,0.00025648107402957975,0.00030501979927066714,0.00034444453194737434,0.00038453425804618746,0.00044454779417719693,0.0005127326003275812
full_all_candidates,hidden.layer_15.output_rms,hidden,248,9,0.036290322580645164,239,0.07035459369171614,0.06607574224472046,0.06624570339918137,0.06972691416740417,0.0706421509385109,0.071529321372509,0.07274567782878875,0.07537051290273666
full_all_candidates,hidden.layer_16.input_mean,hidden,248,9,0.036290322580645164,239,0.00767522754545117,0.006236916873604059,0.0064474255312234165,0.007335367379710078,0.007821866311132908,0.008086469490081072,0.008492305129766464,0.009261886589229107
full_all_candidates,hidden.layer_16.input_rms,hidden,248,9,0.036290322580645164,239,0.8982621932628264,0.8830584287643433,0.8842100918292999,0.8958931565284729,0.899351954460144,0.9024983644485474,0.9065730512142182,0.9139341115951538
full_all_candidates,hidden.layer_16.output_mean,hidden,248,9,0.036290322580645164,239,0.00014127034226963192,-0.00012322529801167548,-7.500748033635318e-05,8.219011215260252e-05,0.00016270695778075606,0.00022155913757160306,0.0003025049809366464,0.0003900999727193266
full_all_candidates,hidden.layer_16.output_rms,hidden,248,9,0.036290322580645164,239,0.07166813027160437,0.06593967229127884,0.06636828333139419,0.07085970044136047,0.0721135064959526,0.0732562355697155,0.07485071048140526,0.07742654532194138
full_all_candidates,hidden.layer_17.input_mean,hidden,248,9,0.036290322580645164,239,0.011313200133334393,0.009583301842212677,0.009968096762895584,0.010958627797663212,0.01141060795634985,0.011799182742834091,0.012283676117658616,0.013190750032663345
full_all_candidates,hidden.layer_17.input_rms,hidden,248,9,0.036290322580645164,239,0.915858897454569,0.9028641581535339,0.903567123413086,0.9137909412384033,0.9168524146080017,0.9195851385593414,0.9233622491359711,0.929762065410614
full_all_candidates,hidden.layer_17.output_mean,hidden,248,9,0.036290322580645164,239,-0.0007276861528012605,-0.0009333991329185665,-0.0008844055526424199,-0.0007561559323221445,-0.0007154882769100368,-0.000686177983880043,-0.0006378700723871589,-0.0005241105682216585
full_all_candidates,hidden.layer_17.output_rms,hidden,248,9,0.036290322580645164,239,0.077630385226535,0.07289566099643707,0.07317933291196824,0.07682759314775467,0.0779876857995987,0.07895775511860847,0.08017159849405289,0.08249558508396149
full_all_candidates,hidden.layer_18.input_mean,hidden,248,9,0.036290322580645164,239,0.008820977200321448,0.006543188355863094,0.007072362815961242,0.008463769219815731,0.008998285979032516,0.009382612071931362,0.00999379875138402,0.010534322820603848
full_all_candidates,hidden.layer_18.input_rms,hidden,248,9,0.036290322580645164,239,0.9794853895777937,0.9732543230056763,0.9736724436283112,0.9781048893928528,0.9799264073371887,0.9813846945762634,0.9832403242588044,0.9870700240135193
full_all_candidates,hidden.layer_18.output_mean,hidden,248,9,0.036290322580645164,239,-0.0015770209355038204,-0.002057714620605111,-0.0019651169423013926,-0.0016356264823116362,-0.0015399489784613252,-0.001462854736018926,-0.0013540412415750324,-0.0012903662864118814
full_all_candidates,hidden.layer_18.output_rms,hidden,248,9,0.036290322580645164,239,0.10904003820035248,0.10814855247735977,0.10844749733805656,0.10873382166028023,0.10899770259857178,0.10925547778606415,0.10983727127313614,0.11031905561685562
full_all_candidates,hidden.layer_19.input_mean,hidden,248,9,0.036290322580645164,239,0.0016357553625818114,-0.0012140765320509672,-0.0005979615671094507,0.0010569091537036002,0.0018892057705670595,0.0024098645662888885,0.003384851780720055,0.0041557783260941505
full_all_candidates,hidden.layer_19.input_rms,hidden,248,9,0.036290322580645164,239,1.0230325395592088,1.0166306495666504,1.0172572135925293,1.0206658840179443,1.023244857788086,1.0253688097000122,1.028234314918518,1.0320936441421509
full_all_candidates,hidden.layer_19.output_mean,hidden,248,9,0.036290322580645164,239,0.0007059123626691932,0.00046025420306250453,0.0005597900657448917,0.0006435118848457932,0.0007021616911515594,0.0007753217360004783,0.0008530100691132247,0.0009985262295231223
full_all_candidates,hidden.layer_19.output_rms,hidden,248,9,0.036290322580645164,239,0.12781646878898892,0.12310101836919785,0.1235613465309143,0.1268102005124092,0.1280592978000641,0.1292164921760559,0.1306781828403473,0.13280647993087769
full_all_candidates,hidden.layer_2.input_mean,hidden,248,9,0.036290322580645164,239,0.002272720195384205,0.0019445274956524372,0.0020194636890664697,0.0021401027915999293,0.0022211901377886534,0.0023263514740392566,0.0027440485544502737,0.002995327115058899
full_all_candidates,hidden.layer_2.input_rms,hidden,248,9,0.036290322580645164,239,0.43324648922457354,0.42379727959632874,0.4255714684724808,0.43360626697540283,0.4343397617340088,0.43487025797367096,0.43553990721702573,0.4360610842704773
full_all_candidates,hidden.layer_2.output_mean,hidden,248,9,0.036290322580645164,239,-0.00046092074519806544,-0.0004740981967188418,-0.0004684199026087299,-0.0004636817902792245,-0.0004607830778695643,-0.0004582239198498428,-0.0004538006643997505,-0.00044795783469453454
full_all_candidates,hidden.layer_2.output_rms,hidden,248,9,0.036290322580645164,239,0.0336124153503813,0.03332066163420677,0.0334383562207222,0.03355211392045021,0.033622659742832184,0.03367699310183525,0.03374088257551193,0.03385285660624504
full_all_candidates,hidden.layer_20.input_mean,hidden,248,9,0.036290322580645164,239,0.0012547537347676416,-0.0012652553850784898,-0.0008749145606998354,0.0007204432040452957,0.0014052235055714846,0.0018973361002281308,0.002955157496035099,0.004673783201724291
full_all_candidates,hidden.layer_20.input_rms,hidden,248,9,0.036290322580645164,239,1.04481957896484,1.0304619073867798,1.0317643284797668,1.041310727596283,1.0458617210388184,1.049099087715149,1.0539029955863952,1.060035228729248
full_all_candidates,hidden.layer_20.output_mean,hidden,248,9,0.036290322580645164,239,0.001005653690870181,0.0008639470324851573,0.0009147092874627561,0.0009602812642697245,0.0009903254685923457,0.0010402761399745941,0.0011457606917247177,0.0012411477509886026
full_all_candidates,hidden.layer_20.output_rms,hidden,248,9,0.036290322580645164,239,0.10797508600241969,0.10108131915330887,0.10162264630198478,0.10673853009939194,0.10854323953390121,0.10990254580974579,0.11150771528482437,0.11358285695314407
full_all_candidates,hidden.layer_21.input_mean,hidden,248,9,0.036290322580645164,239,0.003993857543327101,0.0013847252121195197,0.0018731946940533817,0.003375121741555631,0.0041715605184435844,0.004693783586844802,0.00560423219576478,0.007271729409694672
full_all_candidates,hidden.layer_21.input_rms,hidden,248,9,0.036290322580645164,239,1.0501413579765224,1.034680724143982,1.0360361337661743,1.0460442900657654,1.051108956336975,1.0549083352088928,1.0604944348335266,1.0669301748275757
full_all_candidates,hidden.layer_21.output_mean,hidden,248,9,0.036290322580645164,239,-0.00044922439649868677,-0.000607085064984858,-0.0005455274425912648,-0.0004981962847523391,-0.00046041476889513433,-0.0004116238560527563,-0.00030544729961548003,-0.0002723809448070824
full_all_candidates,hidden.layer_21.output_rms,hidden,248,9,0.036290322580645164,239,0.1123965980804615,0.1042335107922554,0.104913879185915,0.11133658140897751,0.11314564198255539,0.1143777035176754,0.11618469357490539,0.11840195208787918
full_all_candidates,hidden.layer_22.input_mean,hidden,248,9,0.036290322580645164,239,0.0028383835534483317,0.0015404259320348501,0.0019407606683671474,0.0023670652881264687,0.002787041710689664,0.0031852712854743004,0.0039413098711520425,0.0055533587001264095
full_all_candidates,hidden.layer_22.input_rms,hidden,248,9,0.036290322580645164,239,1.1442786016224817,1.1356912851333618,1.1367362022399903,1.1410385370254517,1.1446667909622192,1.1470468640327454,1.150916337966919,1.1556751728057861
full_all_candidates,hidden.layer_22.output_mean,hidden,248,9,0.036290322580645164,239,-0.00037647543004256084,-0.000582353153731674,-0.0005148417665623128,-0.0004415775620145723,-0.0003864688624162227,-0.00033038291439879686,-0.0001962081252713688,-0.00011893108603544533
full_all_candidates,hidden.layer_22.output_rms,hidden,248,9,0.036290322580645164,239,0.15401350921916163,0.1427651345729828,0.1439223811030388,0.15290281176567078,0.1550249308347702,0.1567227616906166,0.15895697474479675,0.16090834140777588
full_all_candidates,hidden.layer_23.input_mean,hidden,248,9,0.036290322580645164,239,-0.0007190317527902648,-0.0028300650883466005,-0.0020620451774448155,-0.0011633002432063222,-0.0007024733349680901,-0.00021440439741127193,0.0004537183354841544,0.001798124983906746
full_all_candidates,hidden.layer_23.input_rms,hidden,248,9,0.036290322580645164,239,1.0940796590749189,1.0736008882522583,1.07535058259964,1.089016318321228,1.0955586433410645,1.1000316143035889,1.1064015865325927,1.113198161125183
full_all_candidates,hidden.layer_23.output_mean,hidden,248,9,0.036290322580645164,239,0.001807493797238433,0.001534210634417832,0.001689427951350808,0.0017641228041611612,0.0018058459972962737,0.0018560761818662286,0.001916046580299735,0.0019953225273638964
full_all_candidates,hidden.layer_23.output_rms,hidden,248,9,0.036290322580645164,239,0.13735913594397542,0.12766584753990173,0.12866538465023042,0.13585680723190308,0.13794194161891937,0.13999579101800919,0.1422118455171585,0.14418689906597137
full_all_candidates,hidden.layer_24.input_mean,hidden,248,9,0.036290322580645164,239,0.003865645417094106,0.002034693956375122,0.0026012884452939035,0.0034468426601961255,0.0038829112891107798,0.004318146267905831,0.004858878441154957,0.005710467230528593
full_all_candidates,hidden.layer_24.input_rms,hidden,248,9,0.036290322580645164,239,1.0992323728784856,1.0712703466415405,1.0736272573471068,1.0939671397209167,1.1014273166656494,1.1067096590995789,1.1155641794204711,1.123806118965149
full_all_candidates,hidden.layer_24.output_mean,hidden,248,9,0.036290322580645164,239,0.001201906872018938,0.000923803832847625,0.001005840569268912,0.001154585974290967,0.0012121087638661265,0.0012705287663266063,0.0013406274374574423,0.0013859387254342437
full_all_candidates,hidden.layer_24.output_rms,hidden,248,9,0.036290322580645164,239,0.12016031286332397,0.10747919976711273,0.1079307623207569,0.11858190968632698,0.12158588320016861,0.12330981716513634,0.1264004662632942,0.12978751957416534
full_all_candidates,hidden.layer_25.input_mean,hidden,248,9,0.036290322580645164,239,0.007173509516258369,0.00500139594078064,0.005513884779065848,0.006729503395035863,0.00727997999638319,0.007761550135910511,0.008412066288292408,0.009532731026411057
full_all_candidates,hidden.layer_25.input_rms,hidden,248,9,0.036290322580645164,239,1.139952933439151,1.1096826791763306,1.1120775580406188,1.1342521905899048,1.1423885822296143,1.1480467915534973,1.1573539137840272,1.1670961380004883
full_all_candidates,hidden.layer_25.output_mean,hidden,248,9,0.036290322580645164,239,0.00015608859234436377,-4.379864185466431e-05,2.5319820815639107e-05,8.551267092116177e-05,0.00012326589785516262,0.0001892877189675346,0.00041028735868167134,0.0004982436657883227
full_all_candidates,hidden.layer_25.output_rms,hidden,248,9,0.036290322580645164,239,0.12417888728644559,0.11313482373952866,0.11375003382563591,0.12276360765099525,0.12530875205993652,0.12692777812480927,0.12973608076572418,0.13250602781772614
full_all_candidates,hidden.layer_26.input_mean,hidden,248,9,0.036290322580645164,239,0.0072456538155051455,0.005869367625564337,0.006370224058628082,0.0068788493517786264,0.007210718933492899,0.0076279721688479185,0.008170748315751552,0.008707446977496147
full_all_candidates,hidden.layer_26.input_rms,hidden,248,9,0.036290322580645164,239,1.2018995953404255,1.1718388795852661,1.1743000984191894,1.1963383555412292,1.2042889595031738,1.2101153135299683,1.2193234801292419,1.2295085191726685
full_all_candidates,hidden.layer_26.output_mean,hidden,248,9,0.036290322580645164,239,-0.0009737565414980054,-0.0016612170729786158,-0.0015232931589707732,-0.0010387453949078918,-0.0009045562474057078,-0.0008165012404788285,-0.0006779178162105382,-0.0005754805752076209
full_all_candidates,hidden.layer_26.output_rms,hidden,248,9,0.036290322580645164,239,0.18142115053522037,0.16634349524974823,0.16689889281988143,0.1809886321425438,0.1831430196762085,0.18460025638341904,0.18670538514852525,0.18893322348594666
full_all_candidates,hidden.layer_27.input_mean,hidden,248,9,0.036290322580645164,239,0.013273971198150054,0.010325024835765362,0.01120515139773488,0.012895481195300817,0.013429484330117702,0.01392247574403882,0.014616294857114553,0.01525065116584301
full_all_candidates,hidden.layer_27.input_rms,hidden,248,9,0.036290322580645164,239,1.2280426743639064,1.1990514993667603,1.2012733817100525,1.2233260869979858,1.2304960489273071,1.2357402443885803,1.2441739082336425,1.2530574798583984
full_all_candidates,hidden.layer_27.output_mean,hidden,248,9,0.036290322580645164,239,0.0019323960293442884,0.001236823620274663,0.0013705394580028952,0.001893437234684825,0.0020034178160130978,0.0020714510465040803,0.002167775318957865,0.0022556562907993793
full_all_candidates,hidden.layer_27.output_rms,hidden,248,9,0.036290322580645164,239,0.18678049942688962,0.17049627006053925,0.17137450873851776,0.18453063070774078,0.18817369639873505,0.1911846622824669,0.19505928456783295,0.19997788965702057
full_all_candidates,hidden.layer_28.input_mean,hidden,248,9,0.036290322580645164,239,0.01305844992103063,0.007338688708841801,0.007953810039907694,0.012676496990025043,0.013641680590808392,0.014243961311876774,0.015352033451199532,0.016599491238594055
full_all_candidates,hidden.layer_28.input_rms,hidden,248,9,0.036290322580645164,239,1.2192978459920842,1.1937248706817627,1.1958750009536743,1.2147047519683838,1.2212108373641968,1.225682556629181,1.233296000957489,1.2411930561065674
full_all_candidates,hidden.layer_28.output_mean,hidden,248,9,0.036290322580645164,239,-0.00016999236911668727,-0.00037480765604414046,-0.00029207773332018405,-0.00022288136096904054,-0.00017349552945233881,-0.00011323779472149909,-3.852893496514298e-05,2.679587487364188e-05
full_all_candidates,hidden.layer_28.output_rms,hidden,248,9,0.036290322580645164,239,0.19927930108672903,0.18795287609100342,0.18968554437160492,0.197605162858963,0.200099378824234,0.20212990790605545,0.2045378178358078,0.20800459384918213
full_all_candidates,hidden.layer_29.input_mean,hidden,248,9,0.036290322580645164,239,0.014585187284579835,0.011491440236568451,0.012215891852974892,0.014159168116748333,0.014735264703631401,0.015298213344067335,0.01600857749581337,0.0167783722281456
full_all_candidates,hidden.layer_29.input_rms,hidden,248,9,0.036290322580645164,239,1.2767540311214813,1.259263277053833,1.2611180067062377,1.2734296917915344,1.2780393362045288,1.2810765504837036,1.2865589261054993,1.2926850318908691
full_all_candidates,hidden.layer_29.output_mean,hidden,248,9,0.036290322580645164,239,-0.00124886212992252,-0.0015230579301714897,-0.0014222571277059614,-0.0013248518807813525,-0.0012539249146357179,-0.0011838845093734562,-0.0010531582636758685,-0.0008058774983510375
full_all_candidates,hidden.layer_29.output_rms,hidden,248,9,0.036290322580645164,239,0.24388873583352716,0.22949208319187164,0.23086594194173812,0.2412169724702835,0.24522390961647034,0.24744253605604172,0.25088647902011874,0.2549242377281189
full_all_candidates,hidden.layer_3.input_mean,hidden,248,9,0.036290322580645164,239,0.0001481926238495634,-0.00032822979846969247,-0.00012803500285372139,7.617417054461839e-06,0.0001409655815223232,0.0002604944456834346,0.0005145317816641181,0.0007085478864610195
full_all_candidates,hidden.layer_3.input_rms,hidden,248,9,0.036290322580645164,239,0.4835257129938533,0.46680477261543274,0.4692591816186905,0.48455609381198883,0.4855930209159851,0.48633037507534027,0.487384694814682,0.4886569678783417
full_all_candidates,hidden.layer_3.output_mean,hidden,248,9,0.036290322580645164,239,-0.00012837562068422991,-0.00015529728261753917,-0.00014332105929497628,-0.00013595462223747745,-0.00013172946637496352,-0.00012706354027613997,-9.350079999421726e-05,-8.455725037492812e-05
full_all_candidates,hidden.layer_3.output_rms,hidden,248,9,0.036290322580645164,239,0.027634568621548648,0.025623509660363197,0.025886973924934865,0.027782670222222805,0.027883432805538177,0.02796511072665453,0.028083568438887596,0.0282568521797657
full_all_candidates,hidden.layer_30.input_mean,hidden,248,9,0.036290322580645164,239,0.01151270886968868,0.00846795178949833,0.009010323509573936,0.011171682272106409,0.011766178533434868,0.012160830665379763,0.012775343749672175,0.013221373781561852
full_all_candidates,hidden.layer_30.input_rms,hidden,248,9,0.036290322580645164,239,1.2584655180137028,1.2456059455871582,1.2468907117843628,1.2556878924369812,1.2594000101089478,1.2619078755378723,1.2658710837364198,1.2700430154800415
full_all_candidates,hidden.layer_30.output_mean,hidden,248,9,0.036290322580645164,239,-0.003822016298856633,-0.004597022198140621,-0.004318550555035472,-0.004066538996994495,-0.003913139458745718,-0.0036842558765783906,-0.0029940088046714664,-0.002709898864850402
full_all_candidates,hidden.layer_30.output_rms,hidden,248,9,0.036290322580645164,239,0.33646313864815686,0.3177591860294342,0.32024575471878053,0.3336886167526245,0.338005930185318,0.341025248169899,0.344977205991745,0.3507474660873413
full_all_candidates,hidden.layer_31.input_mean,hidden,248,9,0.036290322580645164,239,0.0117115191219055,0.010781140998005867,0.011036974750459195,0.011368222534656525,0.011712896637618542,0.012003967072814703,0.012524291686713696,0.01319693773984909
full_all_candidates,hidden.layer_31.input_rms,hidden,248,9,0.036290322580645164,239,1.1623694737087233,1.1503878831863403,1.151329517364502,1.1607124209403992,1.1632728576660156,1.1654424667358398,1.168447732925415,1.1716961860656738
full_all_candidates,hidden.layer_31.output_mean,hidden,248,9,0.036290322580645164,239,-0.015792584272732793,-0.016853176057338715,-0.016568999737501144,-0.016097824089229107,-0.015785491093993187,-0.015499977394938469,-0.01505222450941801,-0.014591564424335957
full_all_candidates,hidden.layer_31.output_rms,hidden,248,9,0.036290322580645164,239,0.8924229279721632,0.8297047019004822,0.8524119794368744,0.8686138987541199,0.8820559978485107,0.9006194770336151,0.9806171476840972,0.9938538670539856
full_all_candidates,hidden.layer_4.input_mean,hidden,248,9,0.036290322580645164,239,0.0063671147407940495,0.005845355335623026,0.005981227941811084,0.006199368275702,0.006373923737555742,0.006516584428027272,0.0068132140673697,0.007121452130377293
full_all_candidates,hidden.layer_4.input_rms,hidden,248,9,0.036290322580645164,239,0.6592049456540511,0.6501486897468567,0.6518165409564972,0.6596063077449799,0.660253643989563,0.6607253849506378,0.6614180207252502,0.6619153022766113
full_all_candidates,hidden.layer_4.output_mean,hidden,248,9,0.036290322580645164,239,-0.00010086227888236539,-0.00016399887681473047,-0.0001493175223004073,-0.00012260911898920313,-9.887370106298476e-05,-7.936796100693755e-05,-5.923943535890431e-05,-1.9525414245435968e-05
full_all_candidates,hidden.layer_4.output_rms,hidden,248,9,0.036290322580645164,239,0.03171772225350765,0.029572971165180206,0.029872043803334237,0.03179992735385895,0.03197517991065979,0.03211190365254879,0.032320624217391014,0.03250565007328987
full_all_candidates,hidden.layer_5.input_mean,hidden,248,9,0.036290322580645164,239,0.0019818819807472183,0.0009371782070957124,0.001365027343854308,0.0017188791534863412,0.0019156909547746181,0.0022533342707902193,0.0027107407804578543,0.0030531936790794134
full_all_candidates,hidden.layer_5.input_rms,hidden,248,9,0.036290322580645164,239,0.7387956121476624,0.7310054302215576,0.7325772523880005,0.7385661602020264,0.7395672798156738,0.7403045892715454,0.7414072751998901,0.7428484559059143
full_all_candidates,hidden.layer_5.output_mean,hidden,248,9,0.036290322580645164,239,0.00020202465263963513,-1.6314439562847838e-05,7.882533668635006e-06,0.00018967840151162818,0.0002244610950583592,0.00025197504146490246,0.00027533554239198563,0.00029455803451128304
full_all_candidates,hidden.layer_5.output_rms,hidden,248,9,0.036290322580645164,239,0.0420927887774661,0.03900023177266121,0.0392390139400959,0.041973698884248734,0.04242926836013794,0.042689019814133644,0.04318613037467003,0.04442373663187027
full_all_candidates,hidden.layer_6.input_mean,hidden,248,9,0.036290322580645164,239,0.012659715698977395,0.010892357677221298,0.011504873912781478,0.012328273616731167,0.012777927331626415,0.013082032557576895,0.013446500059217215,0.014054329134523869
full_all_candidates,hidden.layer_6.input_rms,hidden,248,9,0.036290322580645164,239,0.862125747872197,0.855867326259613,0.8568978667259216,0.8618057668209076,0.862669825553894,0.8634582757949829,0.864565771818161,0.8674891591072083
full_all_candidates,hidden.layer_6.output_mean,hidden,248,9,0.036290322580645164,239,0.0002848501514780304,0.00010975879558827728,0.00015292805910576134,0.0002699103788472712,0.00030135660199448466,0.0003219996142433956,0.00034285660076420753,0.00036806639400310814
full_all_candidates,hidden.layer_6.output_rms,hidden,248,9,0.036290322580645164,239,0.05389767797920993,0.05177747830748558,0.05208880603313446,0.05381727032363415,0.054121289402246475,0.05433026701211929,0.05467907302081585,0.055799517780542374
full_all_candidates,hidden.layer_7.input_mean,hidden,248,9,0.036290322580645164,239,0.012202432581757402,0.011263175867497921,0.011646309494972229,0.011946136131882668,0.012179559096693993,0.012426400557160378,0.012858587689697743,0.013220642693340778
full_all_candidates,hidden.layer_7.input_rms,hidden,248,9,0.036290322580645164,239,0.8114752415333831,0.7987867593765259,0.8002336919307709,0.8105410039424896,0.8125523328781128,0.8142145276069641,0.8169607758522034,0.8236215114593506
full_all_candidates,hidden.layer_7.output_mean,hidden,248,9,0.036290322580645164,239,0.00014693825284959689,2.3733275156700984e-05,4.948171008436475e-05,0.00010619675231282599,0.0001471974974265322,0.00018308162543689832,0.00024289957364089786,0.0003149030089844018
full_all_candidates,hidden.layer_7.output_rms,hidden,248,9,0.036290322580645164,239,0.05594084533438024,0.05114709213376045,0.051395130902528764,0.055655183270573616,0.05641894415020943,0.05702972784638405,0.05794540196657181,0.0599401630461216
full_all_candidates,hidden.layer_8.input_mean,hidden,248,9,0.036290322580645164,239,0.016140168478174687,0.012608423829078674,0.01326555348932743,0.01563236303627491,0.016416382044553757,0.017018399201333523,0.017843061499297617,0.018864266574382782
full_all_candidates,hidden.layer_8.input_rms,hidden,248,9,0.036290322580645164,239,0.8140576120201015,0.8012158870697021,0.8021642148494721,0.8127579092979431,0.8152251243591309,0.8171118497848511,0.8201791763305664,0.8257661461830139
full_all_candidates,hidden.layer_8.output_mean,hidden,248,9,0.036290322580645164,239,-0.0004700670216308525,-0.0005611352971754968,-0.0005297629395499825,-0.000499994377605617,-0.0004796745197381824,-0.00045952793152537197,-0.00035722312168218195,-0.0003257269854657352
full_all_candidates,hidden.layer_8.output_rms,hidden,248,9,0.036290322580645164,239,0.05203047818718595,0.04771322384476662,0.04796223118901253,0.051795339211821556,0.05244067683815956,0.05298488587141037,0.05381525866687298,0.05525483936071396
full_all_candidates,hidden.layer_9.input_mean,hidden,248,9,0.036290322580645164,239,0.011098810304034205,0.009967566467821598,0.01035627955570817,0.010752462781965733,0.011088140308856964,0.011481186375021935,0.011860542930662632,0.01224637683480978
full_all_candidates,hidden.layer_9.input_rms,hidden,248,9,0.036290322580645164,239,0.8081404354781785,0.7955734133720398,0.7966380536556243,0.8068171143531799,0.8092061877250671,0.811253160238266,0.8143040597438812,0.8194887638092041
full_all_candidates,hidden.layer_9.output_mean,hidden,248,9,0.036290322580645164,239,0.0003202233212550899,0.00013323478924576193,0.0001524120700196363,0.00028873502742499113,0.00033996961428783834,0.0003712189063662663,0.00041494252218399197,0.0004907944821752608
full_all_candidates,hidden.layer_9.output_rms,hidden,248,9,0.036290322580645164,239,0.05135325135109814,0.04787147045135498,0.04814906343817711,0.051112670451402664,0.05167026445269585,0.05214177444577217,0.0529845729470253,0.054343100637197495
full_all_candidates,sampling.completion_count,sampling,248,9,0.036290322580645164,239,37.98326359832636,30.0,30.0,33.0,37.0,40.0,50.0,51.0
full_all_candidates,sampling.mean_entropy,sampling,248,9,0.036290322580645164,239,0.1382896603873518,0.039520185541462256,0.07334245077124586,0.0953513612349828,0.140774933497111,0.17494102891197733,0.21797838946804401,0.2595493933733772
full_all_candidates,sampling.mean_logprob,sampling,248,9,0.036290322580645164,239,-0.13784347533273233,-0.3979178102630557,-0.258465003458062,-0.18425996361921232,-0.13256331781546274,-0.0732503661574167,-0.04431796191649029,-0.02466483422099276
full_all_candidates,sampling.min_logprob,sampling,248,9,0.036290322580645164,239,-1.697199792667413,-3.5747787952423096,-2.970818519592285,-2.234721302986145,-1.6435446739196777,-1.135793149471283,-0.6445281207561494,-0.4679067134857178
full_selected_candidates,graph.activation_max,graph,224,0,0.0,224,8.743020406791143,6.456315994262695,7.201250767707824,7.96008825302124,8.516746997833252,8.989743947982788,12.173719835281371,13.042732238769531
full_selected_candidates,graph.activation_mean,graph,224,0,0.0,224,7.602216443275851,6.456315994262695,6.825216019153595,7.217499051775251,7.506722609202067,7.871727486451467,8.583990613619486,9.941026329994202
full_selected_candidates,graph.activation_missing,graph,224,0,0.0,224,0.0,0.0,0.0,0.0,0.0,0.0,0.0,0.0
full_selected_candidates,graph.activation_q50,graph,224,0,0.0,224,7.427933997341564,6.456315994262695,6.700808918476104,7.084259569644928,7.37159538269043,7.68233335018158,8.26763516664505,9.747570037841797
full_selected_candidates,graph.activation_q90,graph,224,0,0.0,224,8.446374371009213,6.456315994262695,7.085314106941223,7.750796055793763,8.268230104446411,8.728370141983032,10.97808182477951,12.191361236572266
full_selected_candidates,graph.activation_q99,graph,224,0,0.0,224,8.71335580321295,6.456315994262695,7.191339165687561,7.93676641702652,8.491277866363525,8.977452456951141,12.031635289907456,12.956451206207275
full_selected_candidates,graph.activation_std,graph,224,0,0.0,224,0.7619967946357582,0.0,0.20823038212641112,0.463665034149918,0.6433357069852195,0.8295461630100021,2.1438999282494633,2.5210374168026077
full_selected_candidates,graph.degree_max,graph,224,0,0.0,224,576.6875,479.0,514.0,546.0,570.0,602.0,654.4,778.0
full_selected_candidates,graph.degree_mean,graph,224,0,0.0,224,5.033963474503556,1.9860696517412935,2.9780928447086485,4.085394556658679,4.92458850735537,5.967137127198315,7.12118817274926,9.45595353339787
full_selected_candidates,graph.degree_std,graph,224,0,0.0,224,35.32437402433367,22.334994873516315,27.588778582917037,32.38908732672561,34.9886123153377,38.910303886887164,42.80462526942585,50.491929002282234
full_selected_candidates,graph.density,graph,224,0,0.0,224,0.0024231984856710152,0.0009890785118233535,0.0014641214463683872,0.001988068860148893,0.00240033086514789,0.002836613658386966,0.003492604066707536,0.0045813728359485805
full_selected_candidates,graph.edge_abs_effective_count,graph,224,0,0.0,224,231.5718704442028,59.567664590687045,122.64240292947035,184.4788071009051,230.1689528698672,273.4933632590398,360.08351869383006,454.8458991734746
full_selected_candidates,graph.edge_abs_hhi,graph,224,0,0.0,224,0.004848491069011709,0.0021985468085282396,0.002777334388342312,0.00365639596541474,0.00434469478324101,0.005420676911864544,0.008153845077786938,0.016787631458634395
full_selected_candidates,graph.edge_abs_sum,graph,224,0,0.0,224,106.18598915866129,23.240919367293827,41.641779736797616,80.00288770389307,107.16818084139959,135.8345424880099,161.42609816070544,221.6264980098931
full_selected_candidates,graph.edge_abs_top10_share,graph,224,0,0.0,224,0.1320542281390281,0.07291468602451927,0.08765733927009643,0.10880451682767588,0.12496772938051398,0.14847732262612928,0.19676383819103074,0.3085089655187967
full_selected_candidates,graph.edge_abs_top1_share,graph,224,0,0.0,224,0.019267150495111473,0.008423826829959532,0.011737118256738052,0.01445274142100138,0.017633880119964612,0.021284669962102255,0.03247634799475448,0.07839155396029025
full_selected_candidates,graph.edge_count,graph,224,0,0.0,224,2627.6026785714284,998.0,1532.8,2092.25,2523.0,3137.0,3780.95,4884.0
full_selected_candidates,graph.edge_negative_abs_sum,graph,224,0,0.0,224,56.27534914543977,8.793995836516842,19.498542698197706,41.06295218603918,57.14110563853319,73.7156081847279,86.19697698678502,115.55092558875913
full_selected_candidates,graph.edge_negative_fraction,graph,224,0,0.0,224,0.5050687057533864,0.4593392630241423,0.47973648825921555,0.49332404111265304,0.5055162879221973,0.5174418459374502,0.5310107819671052,0.5605
full_selected_candidates,graph.edge_positive_sum,graph,224,0,0.0,224,49.91064001322151,14.446923530776985,22.089380773784068,38.093406079347915,49.98648759882781,62.14851849839033,77.54216886188661,106.07557242113398
full_selected_candidates,graph.edge_signed_mean,graph,224,0,0.0,224,-0.002227216013028722,-0.009901877463347059,-0.007531083887249414,-0.004062933762781731,-0.00224373387461776,-0.00021577635029666195,0.001885220339281841,0.006953059134676724
full_selected_candidates,graph.edge_signed_std,graph,224,0,0.0,224,0.13441537613455068,0.08168939274141017,0.09261320267913409,0.11591053390973914,0.13773734208722027,0.15020698793417392,0.16859387305416565,0.19513889065047813
full_selected_candidates,graph.edge_signed_sum,graph,224,0,0.0,224,-6.36470913221826,-28.10152824097895,-19.472039206500632,-11.727878606438026,-5.838202046310471,-0.7005559356548474,4.688639406840228,6.946106075542048
full_selected_candidates,graph.empty_after_pruning,graph,224,0,0.0,224,0.0,0.0,0.0,0.0,0.0,0.0,0.0,0.0
full_selected_candidates,graph.error_influence_fraction,graph,224,0,0.0,224,0.4049814015340446,0.3648158478846255,0.38209229353009866,0.3985861302342284,0.4062501323234516,0.4131827898145949,0.42235024558020795,0.4287075285226552
full_selected_candidates,graph.error_node_count,graph,224,0,0.0,224,96.0,96.0,96.0,96.0,96.0,96.0,96.0,96.0
full_selected_candidates,graph.feature_node_count,graph,224,0,0.0,224,4.459821428571429,1.0,2.0,3.0,4.0,6.0,7.0,10.0
full_selected_candidates,graph.graph_missing,graph,224,0,0.0,224,0.0,0.0,0.0,0.0,0.0,0.0,0.0,0.0
full_selected_candidates,graph.input_logit_min_hops,graph,224,0,0.0,224,1.0,1.0,1.0,1.0,1.0,1.0,1.0,1.0
full_selected_candidates,graph.input_logit_min_positive_distance,graph,224,0,0.0,224,93.11825041145264,25.15636202161933,38.61113312271037,61.717335565959495,81.82107034708363,113.37014307458864,182.80715277392187,286.6460117146459
full_selected_candidates,graph.input_logit_path_missing,graph,224,0,0.0,224,0.0,0.0,0.0,0.0,0.0,0.0,0.0,0.0
full_selected_candidates,graph.input_logit_reachability_missing,graph,224,0,0.0,224,0.0,0.0,0.0,0.0,0.0,0.0,0.0,0.0
full_selected_candidates,graph.input_logit_reachable_logit_fraction,graph,224,0,0.0,224,1.0,1.0,1.0,1.0,1.0,1.0,1.0,1.0
full_selected_candidates,graph.layer_0_activation_mean,graph,224,0,0.0,224,0.0,0.0,0.0,0.0,0.0,0.0,0.0,0.0
full_selected_candidates,graph.layer_0_feature_count,graph,224,0,0.0,224,0.0,0.0,0.0,0.0,0.0,0.0,0.0,0.0
full_selected_candidates,graph.layer_0_feature_fraction,graph,224,0,0.0,224,0.0,0.0,0.0,0.0,0.0,0.0,0.0,0.0
full_selected_candidates,graph.layer_10_activation_mean,graph,224,0,0.0,224,0.0,0.0,0.0,0.0,0.0,0.0,0.0,0.0
full_selected_candidates,graph.layer_10_feature_count,graph,224,0,0.0,224,0.0,0.0,0.0,0.0,0.0,0.0,0.0,0.0
full_selected_candidates,graph.layer_10_feature_fraction,graph,224,0,0.0,224,0.0,0.0,0.0,0.0,0.0,0.0,0.0,0.0
full_selected_candidates,graph.layer_11_activation_mean,graph,224,0,0.0,224,0.0,0.0,0.0,0.0,0.0,0.0,0.0,0.0
full_selected_candidates,graph.layer_11_feature_count,graph,224,0,0.0,224,0.0,0.0,0.0,0.0,0.0,0.0,0.0,0.0
full_selected_candidates,graph.layer_11_feature_fraction,graph,224,0,0.0,224,0.0,0.0,0.0,0.0,0.0,0.0,0.0,0.0
full_selected_candidates,graph.layer_12_activation_mean,graph,224,0,0.0,224,0.0,0.0,0.0,0.0,0.0,0.0,0.0,0.0
full_selected_candidates,graph.layer_12_feature_count,graph,224,0,0.0,224,0.0,0.0,0.0,0.0,0.0,0.0,0.0,0.0
full_selected_candidates,graph.layer_12_feature_fraction,graph,224,0,0.0,224,0.0,0.0,0.0,0.0,0.0,0.0,0.0,0.0
full_selected_candidates,graph.layer_13_activation_mean,graph,224,0,0.0,224,0.0,0.0,0.0,0.0,0.0,0.0,0.0,0.0
full_selected_candidates,graph.layer_13_feature_count,graph,224,0,0.0,224,0.0,0.0,0.0,0.0,0.0,0.0,0.0,0.0
full_selected_candidates,graph.layer_13_feature_fraction,graph,224,0,0.0,224,0.0,0.0,0.0,0.0,0.0,0.0,0.0,0.0
full_selected_candidates,graph.layer_14_activation_mean,graph,224,0,0.0,224,0.0,0.0,0.0,0.0,0.0,0.0,0.0,0.0
full_selected_candidates,graph.layer_14_feature_count,graph,224,0,0.0,224,0.0,0.0,0.0,0.0,0.0,0.0,0.0,0.0
full_selected_candidates,graph.layer_14_feature_fraction,graph,224,0,0.0,224,0.0,0.0,0.0,0.0,0.0,0.0,0.0,0.0
full_selected_candidates,graph.layer_15_activation_mean,graph,224,0,0.0,224,0.0,0.0,0.0,0.0,0.0,0.0,0.0,0.0
full_selected_candidates,graph.layer_15_feature_count,graph,224,0,0.0,224,0.0,0.0,0.0,0.0,0.0,0.0,0.0,0.0
full_selected_candidates,graph.layer_15_feature_fraction,graph,224,0,0.0,224,0.0,0.0,0.0,0.0,0.0,0.0,0.0,0.0
full_selected_candidates,graph.layer_16_activation_mean,graph,224,0,0.0,224,0.0,0.0,0.0,0.0,0.0,0.0,0.0,0.0
full_selected_candidates,graph.layer_16_feature_count,graph,224,0,0.0,224,0.0,0.0,0.0,0.0,0.0,0.0,0.0,0.0
full_selected_candidates,graph.layer_16_feature_fraction,graph,224,0,0.0,224,0.0,0.0,0.0,0.0,0.0,0.0,0.0,0.0
full_selected_candidates,graph.layer_17_activation_mean,graph,224,0,0.0,224,0.0,0.0,0.0,0.0,0.0,0.0,0.0,0.0
full_selected_candidates,graph.layer_17_feature_count,graph,224,0,0.0,224,0.0,0.0,0.0,0.0,0.0,0.0,0.0,0.0
full_selected_candidates,graph.layer_17_feature_fraction,graph,224,0,0.0,224,0.0,0.0,0.0,0.0,0.0,0.0,0.0,0.0
full_selected_candidates,graph.layer_18_activation_mean,graph,224,0,0.0,224,0.0,0.0,0.0,0.0,0.0,0.0,0.0,0.0
full_selected_candidates,graph.layer_18_feature_count,graph,224,0,0.0,224,0.0,0.0,0.0,0.0,0.0,0.0,0.0,0.0
full_selected_candidates,graph.layer_18_feature_fraction,graph,224,0,0.0,224,0.0,0.0,0.0,0.0,0.0,0.0,0.0,0.0
full_selected_candidates,graph.layer_19_activation_mean,graph,224,0,0.0,224,0.0,0.0,0.0,0.0,0.0,0.0,0.0,0.0
full_selected_candidates,graph.layer_19_feature_count,graph,224,0,0.0,224,0.0,0.0,0.0,0.0,0.0,0.0,0.0,0.0
full_selected_candidates,graph.layer_19_feature_fraction,graph,224,0,0.0,224,0.0,0.0,0.0,0.0,0.0,0.0,0.0,0.0
full_selected_candidates,graph.layer_1_activation_mean,graph,224,0,0.0,224,0.0,0.0,0.0,0.0,0.0,0.0,0.0,0.0
full_selected_candidates,graph.layer_1_feature_count,graph,224,0,0.0,224,0.0,0.0,0.0,0.0,0.0,0.0,0.0,0.0
full_selected_candidates,graph.layer_1_feature_fraction,graph,224,0,0.0,224,0.0,0.0,0.0,0.0,0.0,0.0,0.0,0.0
full_selected_candidates,graph.layer_20_activation_mean,graph,224,0,0.0,224,0.0,0.0,0.0,0.0,0.0,0.0,0.0,0.0
full_selected_candidates,graph.layer_20_feature_count,graph,224,0,0.0,224,0.0,0.0,0.0,0.0,0.0,0.0,0.0,0.0
full_selected_candidates,graph.layer_20_feature_fraction,graph,224,0,0.0,224,0.0,0.0,0.0,0.0,0.0,0.0,0.0,0.0
full_selected_candidates,graph.layer_21_activation_mean,graph,224,0,0.0,224,0.0,0.0,0.0,0.0,0.0,0.0,0.0,0.0
full_selected_candidates,graph.layer_21_feature_count,graph,224,0,0.0,224,0.0,0.0,0.0,0.0,0.0,0.0,0.0,0.0
full_selected_candidates,graph.layer_21_feature_fraction,graph,224,0,0.0,224,0.0,0.0,0.0,0.0,0.0,0.0,0.0,0.0
full_selected_candidates,graph.layer_22_activation_mean,graph,224,0,0.0,224,0.20592261850833893,0.0,0.0,0.0,0.0,0.0,0.0,6.589523792266846
full_selected_candidates,graph.layer_22_feature_count,graph,224,0,0.0,224,0.03125,0.0,0.0,0.0,0.0,0.0,0.0,1.0
full_selected_candidates,graph.layer_22_feature_fraction,graph,224,0,0.0,224,0.004673327664399094,0.0,0.0,0.0,0.0,0.0,0.0,0.2
full_selected_candidates,graph.layer_23_activation_mean,graph,224,0,0.0,224,0.0,0.0,0.0,0.0,0.0,0.0,0.0,0.0
full_selected_candidates,graph.layer_23_feature_count,graph,224,0,0.0,224,0.0,0.0,0.0,0.0,0.0,0.0,0.0,0.0
full_selected_candidates,graph.layer_23_feature_fraction,graph,224,0,0.0,224,0.0,0.0,0.0,0.0,0.0,0.0,0.0,0.0
full_selected_candidates,graph.layer_24_activation_mean,graph,224,0,0.0,224,0.0,0.0,0.0,0.0,0.0,0.0,0.0,0.0
full_selected_candidates,graph.layer_24_feature_count,graph,224,0,0.0,224,0.0,0.0,0.0,0.0,0.0,0.0,0.0,0.0
full_selected_candidates,graph.layer_24_feature_fraction,graph,224,0,0.0,224,0.0,0.0,0.0,0.0,0.0,0.0,0.0,0.0
full_selected_candidates,graph.layer_25_activation_mean,graph,224,0,0.0,224,0.0,0.0,0.0,0.0,0.0,0.0,0.0,0.0
full_selected_candidates,graph.layer_25_feature_count,graph,224,0,0.0,224,0.0,0.0,0.0,0.0,0.0,0.0,0.0,0.0
full_selected_candidates,graph.layer_25_feature_fraction,graph,224,0,0.0,224,0.0,0.0,0.0,0.0,0.0,0.0,0.0,0.0
full_selected_candidates,graph.layer_26_activation_mean,graph,224,0,0.0,224,1.0261743409293038,0.0,0.0,0.0,0.0,0.0,7.187063805262248,7.644414901733398
full_selected_candidates,graph.layer_26_feature_count,graph,224,0,0.0,224,0.32142857142857145,0.0,0.0,0.0,0.0,0.0,2.8499999999999943,4.0
full_selected_candidates,graph.layer_26_feature_fraction,graph,224,0,0.0,224,0.04757830215419501,0.0,0.0,0.0,0.0,0.0,0.3899999999999996,0.5714285714285714
full_selected_candidates,graph.layer_27_activation_mean,graph,224,0,0.0,224,0.0,0.0,0.0,0.0,0.0,0.0,0.0,0.0
full_selected_candidates,graph.layer_27_feature_count,graph,224,0,0.0,224,0.0,0.0,0.0,0.0,0.0,0.0,0.0,0.0
full_selected_candidates,graph.layer_27_feature_fraction,graph,224,0,0.0,224,0.0,0.0,0.0,0.0,0.0,0.0,0.0,0.0
full_selected_candidates,graph.layer_28_activation_mean,graph,224,0,0.0,224,0.0,0.0,0.0,0.0,0.0,0.0,0.0,0.0
full_selected_candidates,graph.layer_28_feature_count,graph,224,0,0.0,224,0.0,0.0,0.0,0.0,0.0,0.0,0.0,0.0
full_selected_candidates,graph.layer_28_feature_fraction,graph,224,0,0.0,224,0.0,0.0,0.0,0.0,0.0,0.0,0.0,0.0
full_selected_candidates,graph.layer_29_activation_mean,graph,224,0,0.0,224,0.6747455362762723,0.0,0.0,0.0,0.0,0.0,6.801282978057861,7.191644191741943
full_selected_candidates,graph.layer_29_feature_count,graph,224,0,0.0,224,0.125,0.0,0.0,0.0,0.0,0.0,1.0,2.0
full_selected_candidates,graph.layer_29_feature_fraction,graph,224,0,0.0,224,0.01993339002267574,0.0,0.0,0.0,0.0,0.0,0.16666666666666666,0.3333333333333333
full_selected_candidates,graph.layer_2_activation_mean,graph,224,0,0.0,224,0.0,0.0,0.0,0.0,0.0,0.0,0.0,0.0
full_selected_candidates,graph.layer_2_feature_count,graph,224,0,0.0,224,0.0,0.0,0.0,0.0,0.0,0.0,0.0,0.0
full_selected_candidates,graph.layer_2_feature_fraction,graph,224,0,0.0,224,0.0,0.0,0.0,0.0,0.0,0.0,0.0,0.0
full_selected_candidates,graph.layer_30_activation_mean,graph,224,0,0.0,224,0.2115234544589406,0.0,0.0,0.0,0.0,0.0,0.0,7.524899323781331
full_selected_candidates,graph.layer_30_feature_count,graph,224,0,0.0,224,0.044642857142857144,0.0,0.0,0.0,0.0,0.0,0.0,3.0
full_selected_candidates,graph.layer_30_feature_fraction,graph,224,0,0.0,224,0.005493551587301588,0.0,0.0,0.0,0.0,0.0,0.0,0.3
full_selected_candidates,graph.layer_31_activation_mean,graph,224,0,0.0,224,7.651154297607995,6.456315994262695,6.825216019153595,7.263638556003571,7.574478308359781,7.9229347884655,8.644835698604584,9.941026329994202
full_selected_candidates,graph.layer_31_feature_count,graph,224,0,0.0,224,3.9375,1.0,2.0,3.0,4.0,5.0,6.0,8.0
full_selected_candidates,graph.layer_31_feature_fraction,graph,224,0,0.0,224,0.9223214285714285,0.25,0.4392857142857143,1.0,1.0,1.0,1.0,1.0
full_selected_candidates,graph.layer_3_activation_mean,graph,224,0,0.0,224,0.0,0.0,0.0,0.0,0.0,0.0,0.0,0.0
full_selected_candidates,graph.layer_3_feature_count,graph,224,0,0.0,224,0.0,0.0,0.0,0.0,0.0,0.0,0.0,0.0
full_selected_candidates,graph.layer_3_feature_fraction,graph,224,0,0.0,224,0.0,0.0,0.0,0.0,0.0,0.0,0.0,0.0
full_selected_candidates,graph.layer_4_activation_mean,graph,224,0,0.0,224,0.0,0.0,0.0,0.0,0.0,0.0,0.0,0.0
full_selected_candidates,graph.layer_4_feature_count,graph,224,0,0.0,224,0.0,0.0,0.0,0.0,0.0,0.0,0.0,0.0
full_selected_candidates,graph.layer_4_feature_fraction,graph,224,0,0.0,224,0.0,0.0,0.0,0.0,0.0,0.0,0.0,0.0
full_selected_candidates,graph.layer_5_activation_mean,graph,224,0,0.0,224,0.0,0.0,0.0,0.0,0.0,0.0,0.0,0.0
full_selected_candidates,graph.layer_5_feature_count,graph,224,0,0.0,224,0.0,0.0,0.0,0.0,0.0,0.0,0.0,0.0
full_selected_candidates,graph.layer_5_feature_fraction,graph,224,0,0.0,224,0.0,0.0,0.0,0.0,0.0,0.0,0.0,0.0
full_selected_candidates,graph.layer_6_activation_mean,graph,224,0,0.0,224,0.0,0.0,0.0,0.0,0.0,0.0,0.0,0.0
full_selected_candidates,graph.layer_6_feature_count,graph,224,0,0.0,224,0.0,0.0,0.0,0.0,0.0,0.0,0.0,0.0
full_selected_candidates,graph.layer_6_feature_fraction,graph,224,0,0.0,224,0.0,0.0,0.0,0.0,0.0,0.0,0.0,0.0
full_selected_candidates,graph.layer_7_activation_mean,graph,224,0,0.0,224,0.0,0.0,0.0,0.0,0.0,0.0,0.0,0.0
full_selected_candidates,graph.layer_7_feature_count,graph,224,0,0.0,224,0.0,0.0,0.0,0.0,0.0,0.0,0.0,0.0
full_selected_candidates,graph.layer_7_feature_fraction,graph,224,0,0.0,224,0.0,0.0,0.0,0.0,0.0,0.0,0.0,0.0
full_selected_candidates,graph.layer_8_activation_mean,graph,224,0,0.0,224,0.0,0.0,0.0,0.0,0.0,0.0,0.0,0.0
full_selected_candidates,graph.layer_8_feature_count,graph,224,0,0.0,224,0.0,0.0,0.0,0.0,0.0,0.0,0.0,0.0
full_selected_candidates,graph.layer_8_feature_fraction,graph,224,0,0.0,224,0.0,0.0,0.0,0.0,0.0,0.0,0.0,0.0
full_selected_candidates,graph.layer_9_activation_mean,graph,224,0,0.0,224,0.0,0.0,0.0,0.0,0.0,0.0,0.0,0.0
full_selected_candidates,graph.layer_9_feature_count,graph,224,0,0.0,224,0.0,0.0,0.0,0.0,0.0,0.0,0.0,0.0
full_selected_candidates,graph.layer_9_feature_fraction,graph,224,0,0.0,224,0.0,0.0,0.0,0.0,0.0,0.0,0.0,0.0
full_selected_candidates,graph.layer_metadata_missing,graph,224,0,0.0,224,0.0,0.0,0.0,0.0,0.0,0.0,0.0,0.0
full_selected_candidates,graph.logit_node_count,graph,224,0,0.0,224,0.0,0.0,0.0,0.0,0.0,0.0,0.0,0.0
full_selected_candidates,graph.logit_probabilities_missing,graph,224,0,0.0,224,1.0,1.0,1.0,1.0,1.0,1.0,1.0,1.0
full_selected_candidates,graph.node_count,graph,224,0,0.0,224,1043.1517857142858,997.0,1005.0,1012.0,1017.0,1024.0,1254.7,1328.0
full_selected_candidates,graph.node_influence_effective_count,graph,224,0,0.0,224,3.9646886055803185,3.911230326600066,3.938717597339722,3.948936058908926,3.959726666684674,3.97557910728034,4.007323241737785,4.042710861449202
full_selected_candidates,graph.node_influence_hhi,graph,224,0,0.0,224,0.2522342133172629,0.24735877342500004,0.24954313400260156,0.2515356822041215,0.25254268397999907,0.2532327657598488,0.2538897434399715,0.2556740249222998
full_selected_candidates,graph.node_influence_missing,graph,224,0,0.0,224,0.0,0.0,0.0,0.0,0.0,0.0,0.0,0.0
full_selected_candidates,graph.node_influence_top10_share,graph,224,0,0.0,224,0.6439960445338154,0.6072748964120414,0.6195046997907442,0.6321761645635621,0.643566225043197,0.655111800269662,0.6713055997486882,0.6895896916929556
full_selected_candidates,graph.node_influence_top1_share,graph,224,0,0.0,224,0.49821930343467313,0.49371765218536406,0.4957306468240011,0.4977306065157344,0.4985145847220184,0.49904976856167305,0.4995380323828955,0.4997696114269149
full_selected_candidates,graph.path_budget_exhausted,graph,224,0,0.0,224,0.0,0.0,0.0,0.0,0.0,0.0,0.0,0.0
full_selected_candidates,graph.sampled_hop_statistics_missing,graph,224,0,0.0,224,0.0,0.0,0.0,0.0,0.0,0.0,0.0,0.0
full_selected_candidates,graph.sampled_path_missing,graph,224,0,0.0,224,0.0,0.0,0.0,0.0,0.0,0.0,0.0,0.0
full_selected_candidates,graph.sampled_path_source_count,graph,224,0,0.0,224,16.0,16.0,16.0,16.0,16.0,16.0,16.0,16.0
full_selected_candidates,graph.sampled_reachable_max_hops,graph,224,0,0.0,224,1.9955357142857142,1.0,2.0,2.0,2.0,2.0,2.0,2.0
full_selected_candidates,graph.sampled_reachable_mean_hops,graph,224,0,0.0,224,1.3164250803759732,1.0,1.1428571428571428,1.2307692307692308,1.3076923076923077,1.4,1.5384615384615385,1.6666666666666667
full_selected_candidates,graph.sampled_reachable_pair_fraction,graph,224,0,0.0,224,0.7801339285714286,0.375,0.625,0.75,0.75,0.875,0.9375,1.0
full_selected_candidates,graph.score_node_count,graph,224,0,0.0,224,1.0,1.0,1.0,1.0,1.0,1.0,1.0,1.0
full_selected_candidates,graph.selected_logit_entropy,graph,224,0,0.0,224,0.0,0.0,0.0,0.0,0.0,0.0,0.0,0.0
full_selected_candidates,graph.selected_logit_probability_mass,graph,224,0,0.0,224,0.0,0.0,0.0,0.0,0.0,0.0,0.0,0.0
full_selected_candidates,graph.token_node_count,graph,224,0,0.0,224,941.6919642857143,897.0,903.0,910.0,915.0,922.25,1152.55,1227.0
full_selected_candidates,graph.top_logit_probability,graph,224,0,0.0,224,0.0,0.0,0.0,0.0,0.0,0.0,0.0,0.0
full_selected_candidates,graph.weak_components,graph,224,0,0.0,224,229.76785714285714,93.0,150.0,183.0,221.5,258.5,348.85,433.0
full_selected_candidates,graph.weighted_path_budget_exhausted,graph,224,0,0.0,224,0.0,0.0,0.0,0.0,0.0,0.0,0.0,0.0
full_selected_candidates,graph.weighted_path_missing,graph,224,0,0.0,224,0.0,0.0,0.0,0.0,0.0,0.0,0.0,0.0
full_selected_candidates,hidden.layer_0.input_mean,hidden,224,0,0.0,224,0.0005115081647610557,3.7672161852242425e-05,0.0002057229918136727,0.0004957659693900496,0.0005425041017588228,0.0005801995430374518,0.0006314900296274572,0.0006702868267893791
full_selected_candidates,hidden.layer_0.input_rms,hidden,224,0,0.0,224,0.2669162324496678,0.2538816034793854,0.25644487589597703,0.2676997482776642,0.26821793615818024,0.26856525987386703,0.2691278740763664,0.26952317357063293
full_selected_candidates,hidden.layer_0.output_mean,hidden,224,0,0.0,224,7.913356223200805e-05,7.31200270820409e-05,7.661408089916222e-05,7.791946882207412e-05,7.872842252254486e-05,8.00978177721845e-05,8.313999824167695e-05,8.737877215025946e-05
full_selected_candidates,hidden.layer_0.output_rms,hidden,224,0,0.0,224,0.01128541467811114,0.01031599473208189,0.010487958882004022,0.011353898327797651,0.011384006589651108,0.011406425386667252,0.011436770902946591,0.011468402110040188
full_selected_candidates,hidden.layer_1.input_mean,hidden,224,0,0.0,224,0.0016064117938055591,0.0013375275302678347,0.0014443577092606574,0.0015130410029087216,0.001575959613546729,0.001628949714358896,0.0019736418034881353,0.0022128720302134752
full_selected_candidates,hidden.layer_1.input_rms,hidden,224,0,0.0,224,0.36161861116332666,0.3547650873661041,0.3558158740401268,0.36169684678316116,0.3622356206178665,0.36262140423059464,0.36328963190317154,0.36377909779548645
full_selected_candidates,hidden.layer_1.output_mean,hidden,224,0,0.0,224,2.141386114524429e-05,-1.5147704289120156e-05,-5.175918363420351e-06,2.0452310309337918e-05,2.460106770740822e-05,2.7326791951054474e-05,3.07720418277313e-05,3.5736342397285625e-05
full_selected_candidates,hidden.layer_1.output_rms,hidden,224,0,0.0,224,0.017017258663794825,0.016333989799022675,0.01648899242281914,0.017030951101332903,0.017074355855584145,0.017113939858973026,0.017151273693889378,0.01722041890025139
full_selected_candidates,hidden.layer_10.input_mean,hidden,224,0,0.0,224,0.011754134254130934,0.009711500257253647,0.010139590036123991,0.011480607790872455,0.011940532363951206,0.012281263247132301,0.012705350015312433,0.013201621361076832
full_selected_candidates,hidden.layer_10.input_rms,hidden,224,0,0.0,224,0.839635831969125,0.8326663374900818,0.8336829960346221,0.8388526886701584,0.839923083782196,0.8409971594810486,0.8429858207702636,0.8463871479034424
full_selected_candidates,hidden.layer_10.output_mean,hidden,224,0,0.0,224,-0.0001625111351261564,-0.000283934292383492,-0.0002324436412891373,-0.00017842680972535163,-0.0001606238365639001,-0.0001435339727322571,-0.00010603222835925409,-4.645317676477134e-05
full_selected_candidates,hidden.layer_10.output_rms,hidden,224,0,0.0,224,0.057005996350198984,0.05415649339556694,0.05460583362728357,0.056889697909355164,0.057226452976465225,0.057510774582624435,0.058006951212883,0.058662038296461105
full_selected_candidates,hidden.layer_11.input_mean,hidden,224,0,0.0,224,0.01522235744050704,0.01366680022329092,0.014038534788414835,0.014885556185618043,0.015296204946935177,0.015684736892580986,0.01605642158538103,0.016525745391845703
full_selected_candidates,hidden.layer_11.input_rms,hidden,224,0,0.0,224,0.8405644648841449,0.8315733075141907,0.8331095516681671,0.8396629691123962,0.841020405292511,0.8422318249940872,0.8445755362510681,0.8481579422950745
full_selected_candidates,hidden.layer_11.output_mean,hidden,224,0,0.0,224,-0.00045895113505269237,-0.0005939578404650092,-0.0005398412555223331,-0.0004923390370095149,-0.0004648643807740882,-0.00042734138696687296,-0.00036926445463905113,-0.0002922202693298459
full_selected_candidates,hidden.layer_11.output_rms,hidden,224,0,0.0,224,0.06308031118740993,0.05934181436896324,0.06002914812415838,0.06290759146213531,0.06333881244063377,0.06366436555981636,0.06440962366759777,0.06512767821550369
full_selected_candidates,hidden.layer_12.input_mean,hidden,224,0,0.0,224,0.012187276526154684,0.010923052206635475,0.011270590499043465,0.011891783447936177,0.012276751920580864,0.012534287059679627,0.012905621388927101,0.01315227523446083
full_selected_candidates,hidden.layer_12.input_rms,hidden,224,0,0.0,224,0.8412516604044608,0.8315025568008423,0.8334068059921265,0.8403288722038269,0.8417744040489197,0.8431635349988937,0.8451162964105606,0.8480663299560547
full_selected_candidates,hidden.layer_12.output_mean,hidden,224,0,0.0,224,0.0002964566223064529,0.00017235564882867038,0.0002089902525767684,0.0002563921152614057,0.000282322071143426,0.0003101340407738462,0.0004629160859622061,0.0005590255022980273
full_selected_candidates,hidden.layer_12.output_rms,hidden,224,0,0.0,224,0.06068102875724435,0.05649695545434952,0.05744992364197969,0.06052069924771786,0.06099952757358551,0.06135321222245693,0.06206518094986677,0.0629657432436943
full_selected_candidates,hidden.layer_13.input_mean,hidden,224,0,0.0,224,0.014214897690440662,0.013107267208397388,0.013325941050425172,0.013994110282510519,0.014261740259826183,0.014524700120091438,0.014847787003964186,0.01518619991838932
full_selected_candidates,hidden.layer_13.input_rms,hidden,224,0,0.0,224,0.8447799554892949,0.8351086378097534,0.8369177401065826,0.8438815921545029,0.8453632593154907,0.8466229289770126,0.8489711314439774,0.8519886136054993
full_selected_candidates,hidden.layer_13.output_mean,hidden,224,0,0.0,224,-8.048461629783787e-05,-0.00018348448793403804,-0.00015218472472042777,-0.00010754719187389128,-7.912025102996267e-05,-5.636609876091825e-05,-1.9023626373382287e-05,4.378128869575448e-05
full_selected_candidates,hidden.layer_13.output_rms,hidden,224,0,0.0,224,0.060218501154200306,0.05684151127934456,0.0575272724032402,0.060067751444876194,0.06048203445971012,0.06074993032962084,0.061421677470207214,0.06227387487888336
full_selected_candidates,hidden.layer_14.input_mean,hidden,224,0,0.0,224,0.010049264994449914,0.008695176802575588,0.009166022529825568,0.009656399488449097,0.010052404832094908,0.010396894998848438,0.010955529753118753,0.011723661795258522
full_selected_candidates,hidden.layer_14.input_rms,hidden,224,0,0.0,224,0.8703543884413583,0.8627892136573792,0.8638274520635605,0.8696620017290115,0.8707500398159027,0.8718304485082626,0.8738869428634644,0.8768354058265686
full_selected_candidates,hidden.layer_14.output_mean,hidden,224,0,0.0,224,-7.822296432959317e-05,-0.0002257687592646107,-0.00018900336290244012,-9.811743075260893e-05,-6.99848860676866e-05,-4.3204657231399324e-05,-2.8380286494211806e-06,4.50859843112994e-05
full_selected_candidates,hidden.layer_14.output_rms,hidden,224,0,0.0,224,0.062106026303289194,0.05860934779047966,0.058872828260064125,0.06181033793836832,0.06238023191690445,0.06283929012715816,0.06356382109224797,0.06459099054336548
full_selected_candidates,hidden.layer_15.input_mean,hidden,224,0,0.0,224,0.011059504413944004,0.009857441298663616,0.010176853789016605,0.010786655358970165,0.01111612282693386,0.01143965614028275,0.01182715711183846,0.012268275953829288
full_selected_candidates,hidden.layer_15.input_rms,hidden,224,0,0.0,224,0.8928300932581935,0.8814151883125305,0.8830785244703293,0.8911875635385513,0.8931823074817657,0.8955403715372086,0.8986147701740265,0.9038026928901672
full_selected_candidates,hidden.layer_15.output_mean,hidden,224,0,0.0,224,0.00034207195689564936,0.00017044901323970407,0.00025551946891937404,0.0003026389531441964,0.000339087302563712,0.00037875967245781794,0.0004355549142928794,0.0005127326003275812
full_selected_candidates,hidden.layer_15.output_rms,hidden,224,0,0.0,224,0.0705439684513424,0.06607574224472046,0.0666437778621912,0.06998232752084732,0.07071755081415176,0.07156522385776043,0.07277454510331154,0.07537051290273666
full_selected_candidates,hidden.layer_16.input_mean,hidden,224,0,0.0,224,0.007721409979110051,0.006236916873604059,0.006482220510952175,0.007461353670805693,0.007843134924769402,0.008115168195217848,0.008498062100261449,0.009261886589229107
full_selected_candidates,hidden.layer_16.input_rms,hidden,224,0,0.0,224,0.8989306427538395,0.8831756114959717,0.8854876041412354,0.896536260843277,0.8995068669319153,0.9026153236627579,0.906775513291359,0.9139341115951538
full_selected_candidates,hidden.layer_16.output_mean,hidden,224,0,0.0,224,0.000151996014015562,-0.00011659254232654348,-4.762871903949417e-05,9.524171218799893e-05,0.00016739197599235922,0.00022828207147540525,0.00030758934735786164,0.0003900999727193266
full_selected_candidates,hidden.layer_16.output_rms,hidden,224,0,0.0,224,0.07192372118255921,0.06593967229127884,0.06683024913072586,0.0710257850587368,0.07217439264059067,0.07329717464745045,0.07487816400825978,0.07742654532194138
full_selected_candidates,hidden.layer_17.input_mean,hidden,224,0,0.0,224,0.01136787616581257,0.009583301842212677,0.010009284457191825,0.011022769380360842,0.011441758833825588,0.011839883867651224,0.012298063654452563,0.013190750032663345
full_selected_candidates,hidden.layer_17.input_rms,hidden,224,0,0.0,224,0.916444508092744,0.9028772711753845,0.9043694704771041,0.9142466485500336,0.916978657245636,0.9196386486291885,0.9234422236680985,0.929762065410614
full_selected_candidates,hidden.layer_17.output_mean,hidden,224,0,0.0,224,-0.0007205360834632302,-0.0009333991329185665,-0.0008582985581597313,-0.0007487621769541875,-0.0007130355515982956,-0.0006833255756646395,-0.0006356560275889933,-0.0005241105682216585
full_selected_candidates,hidden.layer_17.output_rms,hidden,224,0,0.0,224,0.07783802874785449,0.07289566099643707,0.0735311158001423,0.07706006802618504,0.07802484557032585,0.07903582230210304,0.08018868640065194,0.08249558508396149
full_selected_candidates,hidden.layer_18.input_mean,hidden,224,0,0.0,224,0.0088845628155728,0.006543188355863094,0.007128378259949386,0.008573352824896574,0.009071601554751396,0.009395246161147952,0.01000592946074903,0.010534322820603848
full_selected_candidates,hidden.layer_18.input_rms,hidden,224,0,0.0,224,0.979776409853782,0.9732543230056763,0.9739818513393402,0.9785012453794479,0.9799684286117554,0.9814075082540512,0.9832493990659714,0.9870700240135193
full_selected_candidates,hidden.layer_18.output_mean,hidden,224,0,0.0,224,-0.0015586510801637945,-0.002057714620605111,-0.0019349365029484034,-0.0016223176789935678,-0.0015324210398830473,-0.0014564878947567195,-0.0013534140831325202,-0.0012903662864118814
full_selected_candidates,hidden.layer_18.output_rms,hidden,224,0,0.0,224,0.10906026785128883,0.10814855247735977,0.10844943784177304,0.10874971933662891,0.1090376041829586,0.10928982309997082,0.10983878001570702,0.11031905561685562
full_selected_candidates,hidden.layer_19.input_mean,hidden,224,0,0.0,224,0.0017410991887995156,-0.0012140765320509672,-0.0005262287158984691,0.0011966114107053727,0.001952989841811359,0.0024337944923900068,0.003397279174532741,0.0041557783260941505
full_selected_candidates,hidden.layer_19.input_rms,hidden,224,0,0.0,224,1.0233592199427741,1.01665461063385,1.0173774480819702,1.0215842127799988,1.0233715772628784,1.025469958782196,1.0282652497291564,1.0320936441421509
full_selected_candidates,hidden.layer_19.output_mean,hidden,224,0,0.0,224,0.0007112716560056599,0.00047336367424577475,0.0005646450561471283,0.0006445382459787652,0.000709063169779256,0.0007838858145987615,0.0008590687881223857,0.0009985262295231223
full_selected_candidates,hidden.layer_19.output_rms,hidden,224,0,0.0,224,0.12802296664033616,0.12310101836919785,0.12387364283204079,0.12723546475172043,0.12811999022960663,0.12925248965620995,0.13068482130765915,0.13280647993087769
full_selected_candidates,hidden.layer_2.input_mean,hidden,224,0,0.0,224,0.002251977482436424,0.0019445274956524372,0.002017777704168111,0.0021392108174040914,0.002213557716459036,0.0023106129956431687,0.0027048104675486684,0.002995327115058899
full_selected_candidates,hidden.layer_2.input_rms,hidden,224,0,0.0,224,0.4335333952414138,0.42432668805122375,0.42594790309667585,0.4337456002831459,0.4343487471342087,0.43487629294395447,0.4355244740843773,0.4360610842704773
full_selected_candidates,hidden.layer_2.output_mean,hidden,224,0,0.0,224,-0.00046078763248910297,-0.00047352511319331825,-0.00046754342620261016,-0.00046358926192624494,-0.0004607541341101751,-0.0004582326946547255,-0.0004536633889074437,-0.00044795783469453454
full_selected_candidates,hidden.layer_2.output_rms,hidden,224,0,0.0,224,0.03361624131710934,0.03332066163420677,0.033451801724731924,0.03355658985674381,0.03362295217812061,0.03367687202990055,0.03374052792787552,0.03385285660624504
full_selected_candidates,hidden.layer_20.input_mean,hidden,224,0,0.0,224,0.0013531014737639322,-0.0012652553850784898,-0.0008266304357675835,0.0009119106543948874,0.001463203050661832,0.0019097790936939418,0.0029556967318058016,0.004673783201724291
full_selected_candidates,hidden.layer_20.input_rms,hidden,224,0,0.0,224,1.045492337750537,1.0304619073867798,1.0325293362140655,1.0420843064785004,1.0461404919624329,1.0492285788059235,1.054102462530136,1.060035228729248
full_selected_candidates,hidden.layer_20.output_mean,hidden,224,0,0.0,224,0.0009995120186171594,0.0008639470324851573,0.0009146895987214521,0.000958800403168425,0.0009862712468020618,0.0010309045028407127,0.0011283642437774687,0.0012352237245067954
full_selected_candidates,hidden.layer_20.output_rms,hidden,224,0,0.0,224,0.10827771783806384,0.10108180344104767,0.10213186368346214,0.10698642767965794,0.10867728665471077,0.10995526425540447,0.11158266067504882,0.11358285695314407
full_selected_candidates,hidden.layer_21.input_mean,hidden,224,0,0.0,224,0.00409268518238345,0.0013847252121195197,0.00196575844893232,0.003518399375025183,0.004221656126901507,0.004729244508780539,0.005640955409035087,0.007271729409694672
full_selected_candidates,hidden.layer_21.input_rms,hidden,224,0,0.0,224,1.05087026315076,1.034682273864746,1.0372673451900483,1.046923816204071,1.0514540672302246,1.0550379753112793,1.0605660498142242,1.0669301748275757
full_selected_candidates,hidden.layer_21.output_mean,hidden,224,0,0.0,224,-0.00045447629716883445,-0.000607085064984858,-0.0005471724347444251,-0.0004990652960259467,-0.00046294444473460317,-0.00042206123180221766,-0.00032566402369411663,-0.0002723809448070824
full_selected_candidates,hidden.layer_21.output_rms,hidden,224,0,0.0,224,0.11274522093922965,0.1042335107922554,0.10528759993612766,0.11176880449056625,0.1132299117743969,0.11444727331399918,0.11619797050952911,0.11840195208787918
full_selected_candidates,hidden.layer_22.input_mean,hidden,224,0,0.0,224,0.0028714235985327313,0.0015404259320348501,0.0019424570549745114,0.0023983558639883995,0.0028330672066658735,0.0032270653173327446,0.004005209659226238,0.0055533587001264095
full_selected_candidates,hidden.layer_22.input_rms,hidden,224,0,0.0,224,1.1446995799030577,1.1357169151306152,1.1373945474624634,1.1421437859535217,1.1448344588279724,1.1474755704402924,1.151025414466858,1.1556751728057861
full_selected_candidates,hidden.layer_22.output_mean,hidden,224,0,0.0,224,-0.00037811468532059474,-0.000582353153731674,-0.0005204559827689081,-0.0004425957959028892,-0.000385232619009912,-0.00033108899515355006,-0.0002014023550145794,-0.00011893108603544533
full_selected_candidates,hidden.layer_22.output_rms,hidden,224,0,0.0,224,0.1544745964264231,0.14277131855487823,0.14445601627230645,0.15310803055763245,0.15525372326374054,0.15682753548026085,0.15897485613822937,0.16090834140777588
full_selected_candidates,hidden.layer_23.input_mean,hidden,224,0,0.0,224,-0.0006787488001975817,-0.0028300650883466005,-0.0018786189146339893,-0.0011418547364883125,-0.000687765859765932,-0.00020849824795732275,0.00047496565239271135,0.001798124983906746
full_selected_candidates,hidden.layer_23.input_rms,hidden,224,0,0.0,224,1.095016204885074,1.0736619234085083,1.0763826012611388,1.0907893478870392,1.0959959030151367,1.1001907587051392,1.10669949054718,1.113198161125183
full_selected_candidates,hidden.layer_23.output_mean,hidden,224,0,0.0,224,0.0018090414679526085,0.001534210634417832,0.0016903009382076561,0.0017654765106271952,0.0018094219849444926,0.0018565925129223615,0.0019197914225514978,0.0019953225273638964
full_selected_candidates,hidden.layer_23.output_rms,hidden,224,0,0.0,224,0.137772317177483,0.1277645230293274,0.12913800179958343,0.13648487627506256,0.13823404163122177,0.1400526873767376,0.14237159341573716,0.14418689906597137
full_selected_candidates,hidden.layer_24.input_mean,hidden,224,0,0.0,224,0.003903667129634414,0.002034693956375122,0.0027806160156615078,0.003469768271315843,0.0038922802777960896,0.004331979434937239,0.004876665538176894,0.005710467230528593
full_selected_candidates,hidden.layer_24.input_rms,hidden,224,0,0.0,224,1.1004836511399065,1.0712703466415405,1.075424063205719,1.0952567756175995,1.1018301248550415,1.1070466339588165,1.1156058430671691,1.123806118965149
full_selected_candidates,hidden.layer_24.output_mean,hidden,224,0,0.0,224,0.001211277705806424,0.0009238792699761689,0.0010131518356502056,0.0011662284086924046,0.0012239228235557675,0.0012727788707707077,0.001341229013632983,0.0013859387254342437
full_selected_candidates,hidden.layer_24.output_rms,hidden,224,0,0.0,224,0.12071225931867957,0.10748307406902313,0.10898173749446868,0.11901543475687504,0.1216903105378151,0.1234551016241312,0.12672352716326712,0.12978751957416534
full_selected_candidates,hidden.layer_25.input_mean,hidden,224,0,0.0,224,0.00723687099941474,0.005035101901739836,0.005756858317181468,0.006814052700065076,0.0073171735275536776,0.007785965455695987,0.008420381136238575,0.009532731026411057
full_selected_candidates,hidden.layer_25.input_rms,hidden,224,0,0.0,224,1.1413009901131903,1.1096826791763306,1.114037674665451,1.1359135806560516,1.1426284313201904,1.1483705937862396,1.1576930344104768,1.1670961380004883
full_selected_candidates,hidden.layer_25.output_mean,hidden,224,0,0.0,224,0.0001452213284208272,-4.379864185466431e-05,2.3865425555413824e-05,8.41419732751092e-05,0.0001222069186042063,0.00017895901328301989,0.000380254014453385,0.0004982436657883227
full_selected_candidates,hidden.layer_25.output_rms,hidden,224,0,0.0,224,0.12465022397892815,0.11313482373952866,0.11445074267685414,0.12324775196611881,0.12542186677455902,0.12700964510440826,0.12983576953411102,0.13250602781772614
full_selected_candidates,hidden.layer_26.input_mean,hidden,224,0,0.0,224,0.007251509885203892,0.005869367625564337,0.006346356589347124,0.00687611720059067,0.007214824669063091,0.00765072088688612,0.00818318286910653,0.008707446977496147
full_selected_candidates,hidden.layer_26.input_rms,hidden,224,0,0.0,224,1.203221836792571,1.1718388795852661,1.1759828805923462,1.1977148354053497,1.204471230506897,1.2103485763072968,1.219713920354843,1.2295085191726685
full_selected_candidates,hidden.layer_26.output_mean,hidden,224,0,0.0,224,-0.0009468846094802887,-0.0016612170729786158,-0.001476305373944342,-0.001014862849842757,-0.0008965896267909557,-0.0008146270993165672,-0.0006705510837491602,-0.0005754805752076209
full_selected_candidates,hidden.layer_26.output_rms,hidden,224,0,0.0,224,0.18201440586043255,0.16634349524974823,0.16850782036781312,0.18151672929525375,0.18328818678855896,0.1846936047077179,0.1867302291095257,0.18893322348594666
full_selected_candidates,hidden.layer_27.input_mean,hidden,224,0,0.0,224,0.01336330097650976,0.010325024835765362,0.011334068281576038,0.012952671153470874,0.013486530631780624,0.013983361888676882,0.014618838066235184,0.01525065116584301
full_selected_candidates,hidden.layer_27.input_rms,hidden,224,0,0.0,224,1.229302370654685,1.1990514993667603,1.2030324459075927,1.2243160009384155,1.2308363318443298,1.2359578907489777,1.244233989715576,1.2530574798583984
full_selected_candidates,hidden.layer_27.output_mean,hidden,224,0,0.0,224,0.0019579759625360437,0.001236823620274663,0.0014241379278246314,0.0019287827890366316,0.0020083069102838635,0.002076564996968955,0.0021727627259679138,0.0022556562907993793
full_selected_candidates,hidden.layer_27.output_rms,hidden,224,0,0.0,224,0.187487998179027,0.17056994140148163,0.17257947996258735,0.18499653786420822,0.1883261725306511,0.19126227125525475,0.19534426927566528,0.19997788965702057
full_selected_candidates,hidden.layer_28.input_mean,hidden,224,0,0.0,224,0.013270532333990559,0.007340067531913519,0.008721278700977563,0.012842718744650483,0.013731174636632204,0.014293407555669546,0.015379389189183712,0.016599491238594055
full_selected_candidates,hidden.layer_28.input_rms,hidden,224,0,0.0,224,1.2204093454139573,1.1937248706817627,1.1979101061820985,1.216333419084549,1.2214328050613403,1.2259206175804138,1.233367258310318,1.2411930561065674
full_selected_candidates,hidden.layer_28.output_mean,hidden,224,0,0.0,224,-0.00017208727283803325,-0.00037480765604414046,-0.0002916501063737087,-0.0002215549466200173,-0.00017539088730700314,-0.00011888927474501543,-4.034834055346442e-05,2.1810876205563545e-05
full_selected_candidates,hidden.layer_28.output_rms,hidden,224,0,0.0,224,0.199716739689133,0.18826033174991608,0.19089382663369178,0.1980883814394474,0.20043745636940002,0.2022472582757473,0.20459778755903243,0.20800459384918213
full_selected_candidates,hidden.layer_29.input_mean,hidden,224,0,0.0,224,0.014687073138442688,0.011595669202506542,0.012619985546916724,0.014287838712334633,0.014785578940063715,0.015316153410822153,0.016076395474374294,0.0167783722281456
full_selected_candidates,hidden.layer_29.input_rms,hidden,224,0,0.0,224,1.277507670223713,1.259263277053833,1.2622728765010833,1.274570643901825,1.278248369693756,1.2812774181365967,1.2866890132427216,1.2926850318908691
full_selected_candidates,hidden.layer_29.output_mean,hidden,224,0,0.0,224,-0.0012462450667953817,-0.0015230579301714897,-0.0014233482594136148,-0.001324248791206628,-0.0012532108230516315,-0.0011754970182664692,-0.0010446913191117346,-0.0008058774983510375
full_selected_candidates,hidden.layer_29.output_rms,hidden,224,0,0.0,224,0.2445189108672951,0.22949208319187164,0.23175135254859924,0.24217015504837036,0.24560287594795227,0.24759269878268242,0.25104703158140185,0.2549242377281189
full_selected_candidates,hidden.layer_3.input_mean,hidden,224,0,0.0,224,0.00013979874640110808,-0.00032822979846969247,-0.00012852530053351075,1.0795651808059858e-06,0.0001349329759250395,0.00025723168801050633,0.0004895201083854771,0.0007085478864610195
full_selected_candidates,hidden.layer_3.input_rms,hidden,224,0,0.0,224,0.48409176404987064,0.4673595726490021,0.47030842006206514,0.48474498838186264,0.48565442860126495,0.4863669127225876,0.48739689886569976,0.4886569678783417
full_selected_candidates,hidden.layer_3.output_mean,hidden,224,0,0.0,224,-0.00012972632745394158,-0.00015529728261753917,-0.00014456046774284913,-0.00013641867917613126,-0.0001320997253060341,-0.0001274858514079824,-9.593938775651623e-05,-8.571951912017539e-05
full_selected_candidates,hidden.layer_3.output_rms,hidden,224,0,0.0,224,0.02770413154004408,0.025689980015158653,0.026042955834418534,0.027805935591459274,0.027894223108887672,0.027974931057542562,0.028091768734157085,0.0282568521797657
full_selected_candidates,hidden.layer_30.input_mean,hidden,224,0,0.0,224,0.011618365059673254,0.008473588153719902,0.009578124387189746,0.011320407269522548,0.011820706073194742,0.012177802622318268,0.012822449347004295,0.013221373781561852
full_selected_candidates,hidden.layer_30.input_rms,hidden,224,0,0.0,224,1.2590336395161492,1.2456059455871582,1.2479486525058747,1.2565684616565704,1.2596440315246582,1.2620523571968079,1.2660939753055573,1.2700430154800415
full_selected_candidates,hidden.layer_30.output_mean,hidden,224,0,0.0,224,-0.003861626183996642,-0.004597022198140621,-0.004326061788015067,-0.004092221963219345,-0.003933862317353487,-0.0037364494055509567,-0.003042196109890938,-0.002709898864850402
full_selected_candidates,hidden.layer_30.output_rms,hidden,224,0,0.0,224,0.33721129197095123,0.31778404116630554,0.32167399674654007,0.33457671105861664,0.3384624421596527,0.34127794206142426,0.3450858801603317,0.3507474660873413
full_selected_candidates,hidden.layer_31.input_mean,hidden,224,0,0.0,224,0.01167888956427175,0.010781140998005867,0.010986050497740507,0.011334288399666548,0.011695431545376778,0.01197231630794704,0.012440675171092153,0.01319693773984909
full_selected_candidates,hidden.layer_31.input_rms,hidden,224,0,0.0,224,1.1628765660737241,1.1503878831863403,1.1522009432315827,1.1612456738948822,1.163455069065094,1.1655024588108063,1.1684620380401611,1.1716961860656738
full_selected_candidates,hidden.layer_31.output_mean,hidden,224,0,0.0,224,-0.01576067620356168,-0.016853176057338715,-0.016559862438589333,-0.016062287613749504,-0.015758040361106396,-0.015487422468140721,-0.015052112750709057,-0.014591564424335957
full_selected_candidates,hidden.layer_31.output_rms,hidden,224,0,0.0,224,0.888524606557829,0.8297047019004822,0.8518294483423233,0.8674356788396835,0.8809106051921844,0.8969891965389252,0.973414796590805,0.9938538670539856
full_selected_candidates,hidden.layer_4.input_mean,hidden,224,0,0.0,224,0.006373581987905449,0.005845355335623026,0.005986000038683414,0.006218138383701444,0.006378749385476112,0.006518015521578491,0.006814460176974535,0.007121452130377293
full_selected_candidates,hidden.layer_4.input_rms,hidden,224,0,0.0,224,0.659499607448067,0.6503705978393555,0.6521245270967484,0.6597046703100204,0.6603010892868042,0.6607701778411865,0.6614274084568024,0.6619153022766113
full_selected_candidates,hidden.layer_4.output_mean,hidden,224,0,0.0,224,-9.83010155388391e-05,-0.00016399887681473047,-0.000146429224696476,-0.00011680302486638539,-9.683855387265794e-05,-7.729812750767451e-05,-5.8381190683576285e-05,-1.9525414245435968e-05
full_selected_candidates,hidden.layer_4.output_rms,hidden,224,0,0.0,224,0.031794882570726,0.029632344841957092,0.029984886944293975,0.03182636108249426,0.031982285901904106,0.03213316481560469,0.032326449640095234,0.03250565007328987
full_selected_candidates,hidden.layer_5.input_mean,hidden,224,0,0.0,224,0.001971122534866611,0.0009939069859683514,0.0013738247042056173,0.0017213995743077248,0.0019130856962874532,0.002215038286522031,0.0026954238768666984,0.0030531936790794134
full_selected_candidates,hidden.layer_5.input_rms,hidden,224,0,0.0,224,0.7390579496111188,0.7312391400337219,0.7328676223754883,0.7387253046035767,0.7396506071090698,0.7403367906808853,0.7414506375789642,0.7428484559059143
full_selected_candidates,hidden.layer_5.output_mean,hidden,224,0,0.0,224,0.0002101036112112098,-1.6182570107048377e-05,2.9495124908862643e-05,0.00019594737750594504,0.00022623621771344915,0.0002539729539421387,0.0002757778187515214,0.00029455803451128304
full_selected_candidates,hidden.layer_5.output_rms,hidden,224,0,0.0,224,0.04220951217160161,0.039011240005493164,0.03954863455146551,0.04208224639296532,0.04245549254119396,0.04271124955266714,0.04323733262717724,0.04442373663187027
full_selected_candidates,hidden.layer_6.input_mean,hidden,224,0,0.0,224,0.01271590734333066,0.010892357677221298,0.011567934742197394,0.012433344265446067,0.01279863016679883,0.013105972902849317,0.013449905207380652,0.014054329134523869
full_selected_candidates,hidden.layer_6.input_rms,hidden,224,0,0.0,224,0.862360429284828,0.855867326259613,0.8570625245571136,0.8619516640901566,0.8627095222473145,0.8635008484125137,0.8646890193223953,0.8674891591072083
full_selected_candidates,hidden.layer_6.output_mean,hidden,224,0,0.0,224,0.00029087547773087863,0.00010975879558827728,0.0001657789405726362,0.0002759361159405671,0.00030410534236580133,0.00032395294692832977,0.00034318011166760697,0.00036806639400310814
full_selected_candidates,hidden.layer_6.output_rms,hidden,224,0,0.0,224,0.0539764913264662,0.05177747830748558,0.05218225009739399,0.05390159320086241,0.05413181893527508,0.05433488450944424,0.05468046721071005,0.055799517780542374
full_selected_candidates,hidden.layer_7.input_mean,hidden,224,0,0.0,224,0.012201288739951062,0.011263175867497921,0.011637868918478489,0.011939722578972578,0.012176724150776863,0.012436445569619536,0.012862061988562346,0.013220642693340778
full_selected_candidates,hidden.layer_7.input_rms,hidden,224,0,0.0,224,0.8119784287576165,0.7987867593765259,0.8006678640842437,0.8109460771083832,0.81263867020607,0.8142545074224472,0.8170628786087036,0.8236215114593506
full_selected_candidates,hidden.layer_7.output_mean,hidden,224,0,0.0,224,0.00015220577453029755,2.3733275156700984e-05,6.451103108702227e-05,0.00011883990555361379,0.0001512332819402218,0.00018529565932112746,0.00024436810926999894,0.0003149030089844018
full_selected_candidates,hidden.layer_7.output_rms,hidden,224,0,0.0,224,0.05613630737311074,0.05115627124905586,0.05178313925862312,0.0557353850454092,0.056459082290530205,0.05707520619034767,0.05795041434466839,0.0599401630461216
full_selected_candidates,hidden.layer_8.input_mean,hidden,224,0,0.0,224,0.01627436891430989,0.012608423829078674,0.013479737704619766,0.015844035893678665,0.01648380234837532,0.017053850926458836,0.01786289447918534,0.018864266574382782
full_selected_candidates,hidden.layer_8.input_rms,hidden,224,0,0.0,224,0.8145913572183677,0.8012158870697021,0.8029359757900238,0.813106432557106,0.8153055012226105,0.8171777576208115,0.8202588379383087,0.8257661461830139
full_selected_candidates,hidden.layer_8.output_mean,hidden,224,0,0.0,224,-0.0004744367893830973,-0.0005611352971754968,-0.0005306242674123496,-0.0005008289735997096,-0.00048009584133978933,-0.0004626774025382474,-0.00036469676269916816,-0.0003257269854657352
full_selected_candidates,hidden.layer_8.output_rms,hidden,224,0,0.0,224,0.05220536290601428,0.04772089049220085,0.048308868706226346,0.05192575417459011,0.052474960684776306,0.053009023889899254,0.05392091255635023,0.05525483936071396
full_selected_candidates,hidden.layer_9.input_mean,hidden,224,0,0.0,224,0.011133710005586701,0.009967566467821598,0.01035815766081214,0.010770396096631885,0.011156063061207533,0.011499676620587707,0.011898093856871128,0.01224637683480978
full_selected_candidates,hidden.layer_9.input_rms,hidden,224,0,0.0,224,0.808662229350635,0.7955734133720398,0.7974161982536316,0.8071569204330444,0.8092729151248932,0.8112953156232834,0.8145075052976608,0.8194887638092041
full_selected_candidates,hidden.layer_9.output_mean,hidden,224,0,0.0,224,0.00032794803291835706,0.00013323478924576193,0.00016058288456406445,0.0003012830711668357,0.0003422090085223317,0.00037283479468896985,0.0004166888611507602,0.0004907944821752608
full_selected_candidates,hidden.layer_9.output_rms,hidden,224,0,0.0,224,0.05149569561971085,0.04787147045135498,0.04833146408200264,0.05120102781802416,0.05171908251941204,0.0521764000877738,0.0529961958527565,0.054343100637197495
full_selected_candidates,sampling.completion_count,sampling,224,0,0.0,224,38.200892857142854,30.0,30.0,33.0,37.0,41.0,50.0,51.0
full_selected_candidates,sampling.mean_entropy,sampling,224,0,0.0,224,0.13783653007615054,0.039520185541462256,0.07403754957401594,0.09691128581762314,0.14053304060770755,0.17347484443940825,0.21704461243003606,0.2595493933733772
full_selected_candidates,sampling.mean_logprob,sampling,224,0,0.0,224,-0.1380565894985842,-0.3979178102630557,-0.25887702116968053,-0.18368102924898266,-0.1295342420305436,-0.07470685580896363,-0.04447660453321949,-0.02466483422099276
full_selected_candidates,sampling.min_logprob,sampling,224,0,0.0,224,-1.7014470647222228,-3.5747787952423096,-2.97344708442688,-2.233987867832184,-1.644306480884552,-1.173269361257553,-0.6482620060443879,-0.4679067134857178
