episode,arm,seed,query_number,kind,conc_dfnb,equiv_pldn,tau,temperature,canonical_numeric_tuple,repeat_of_earlier_executed_query,first_query_number,objective_max_abs_difference_from_first_same_tuple,sty,e_factor,no_HVI,HV_increment,risk,proposal_count,invalid_proposals,elapsed_seconds,source_relative_path,source_sha256
test_gp_ei_scalarized_5101,gp_ei_scalarized,5101,1,paired_lhs_initial_design,0.249509810583916,1.150095070626968,1.6379911060165901,83.15495737042586,1.6379911060165901|1.150095070626968|0.249509810583916|83.15495737042586,False,1,,1717.6723228284347,17.000645198804175,1,0.0,,0,0,0.22116470336914062,benchmark_extensions/summit_snar_main_repair_20260919_v2/runs/v2/episodes/test_gp_ei_scalarized_5101/query000.json,e194d97f0d0243eeb54f39f78b77edd3a8b4ec793b90b2e60223e029dae64fbc
test_gp_ei_scalarized_5101,gp_ei_scalarized,5101,2,paired_lhs_initial_design,0.3925337356420109,2.940321870537187,0.5767275054223111,62.18627205087249,0.5767275054223111|2.940321870537187|0.3925337356420109|62.18627205087249,False,2,,7655.383829732455,11.572595207318406,1,0.0,,0,0,0.1910567283630371,benchmark_extensions/summit_snar_main_repair_20260919_v2/runs/v2/episodes/test_gp_ei_scalarized_5101/query001.json,49d0b9d6b3d276a0af3360e330559185e90bc3cd9c62cac2ef998c736ec85c05
test_gp_ei_scalarized_5101,gp_ei_scalarized,5101,3,paired_lhs_initial_design,0.1195673123054538,4.715770023731987,0.9074736943292698,117.84649398346099,0.9074736943292698|4.715770023731987|0.1195673123054538|117.84649398346099,False,3,,980.3839779662482,55.973134297559014,1,0.0,,0,0,0.22853708267211914,benchmark_extensions/summit_snar_main_repair_20260919_v2/runs/v2/episodes/test_gp_ei_scalarized_5101/query002.json,28fbcf7cbadcc84209e1b9b05c49ff4d680ec74414f502ee370403234f74bd3f
test_gp_ei_scalarized_5101,gp_ei_scalarized,5101,4,paired_lhs_initial_design,0.2778740369503818,2.2319736479551335,1.1286183157849194,38.768120278079834,1.1286183157849194|2.2319736479551335|0.2778740369503818|38.768120278079834,False,4,,2745.4225918395746,15.88493317847494,1,0.0,,0,0,0.21617650985717773,benchmark_extensions/summit_snar_main_repair_20260919_v2/runs/v2/episodes/test_gp_ei_scalarized_5101/query003.json,3a303c68a7834edc10a3fffd9b9580e000909fe119aa76fb94f04bad9fc86dda
test_gp_ei_scalarized_5101,gp_ei_scalarized,5101,5,paired_lhs_initial_design,0.4905192986293161,3.7395400615127117,1.8883187528047973,96.97072383073633,1.8883187528047973|3.7395400615127117|0.4905192986293161|96.97072383073633,False,5,,793.2497181688072,38.26587956113913,1,0.0,,0,0,0.20968151092529297,benchmark_extensions/summit_snar_main_repair_20260919_v2/runs/v2/episodes/test_gp_ei_scalarized_5101/query004.json,29a562009d7dfb281eece4c753da3383175167a0dd0bd198540b7dd1ca0ebe94
test_gp_ei_scalarized_5101,gp_ei_scalarized,5101,6,gp_ei_scalarized,0.4727479699999094,1.4697631895542145,0.5166547088883817,90.22220662795007,0.5166547088883817|1.4697631895542145|0.4727479699999094|90.22220662795007,False,6,,10332.856768592828,9.15646750693524,0,0.0001185905240191909,,0,0,18.590219974517822,benchmark_extensions/summit_snar_main_repair_20260919_v2/runs/v2/episodes/test_gp_ei_scalarized_5101/query005.json,b5b4767a9e21cd393a1ddc4ef1003b6a0c24100e0f901d9dee8e2cc1f47fdecb
test_gp_ei_scalarized_5101,gp_ei_scalarized,5101,7,gp_ei_scalarized,0.46453514136373997,4.891676165163517,1.9627110389992595,32.38014777190983,1.9627110389992595|4.891676165163517|0.46453514136373997|32.38014777190983,False,7,,2461.173324158482,11.593443929648878,1,0.0,,0,0,9.150836944580078,benchmark_extensions/summit_snar_main_repair_20260919_v2/runs/v2/episodes/test_gp_ei_scalarized_5101/query006.json,186e837ece6354da3bcbe0964b4374beb4dc53cf4916d1dd997dd30b03b9d009
test_gp_ei_scalarized_5101,gp_ei_scalarized,5101,8,gp_ei_scalarized,0.49885372035205366,2.398526966571808,0.5045190625824034,92.36496171914041,0.5045190625824034|2.398526966571808|0.49885372035205366|92.36496171914041,False,8,,9955.501234464191,10.250269227336963,1,0.0,,0,0,7.222102403640747,benchmark_extensions/summit_snar_main_repair_20260919_v2/runs/v2/episodes/test_gp_ei_scalarized_5101/query007.json,4500b5c833790e6f3f6f823bd4721b7c287c8b60d6266a79c183ea8be2b8652b
test_gp_ei_scalarized_5101,gp_ei_scalarized,5101,9,gp_ei_scalarized,0.48570928871631625,1.637117087841034,0.555670649278909,118.16029831767082,0.555670649278909|1.637117087841034|0.48570928871631625|118.16029831767082,False,9,,8694.989425155713,10.317573147213684,1,0.0,,0,0,5.920050144195557,benchmark_extensions/summit_snar_main_repair_20260919_v2/runs/v2/episodes/test_gp_ei_scalarized_5101/query008.json,20dde9e28ee4e0b16fbcecb5b20e95632a45e1b078ac331c4bbf36a60ec214a6
test_gp_ei_scalarized_5101,gp_ei_scalarized,5101,10,gp_ei_scalarized,0.4763492207974196,1.888427797704935,0.5233663446269929,42.32214566320181,0.5233663446269929|1.888427797704935|0.4763492207974196|42.32214566320181,False,10,,9571.562676787526,10.02183468002269,1,0.0,,0,0,7.136940002441406,benchmark_extensions/summit_snar_main_repair_20260919_v2/runs/v2/episodes/test_gp_ei_scalarized_5101/query009.json,bce9d0f013b304c86342a4673a01eb6fb6cdcaee17c934327a645b68a126c2f1
test_gp_ei_scalarized_5101,gp_ei_scalarized,5101,11,gp_ei_scalarized,0.4975366566330195,1.0822321735322475,0.5244402145035565,69.0924309566617,0.5244402145035565|1.0822321735322475|0.4975366566330195|69.0924309566617,False,11,,9701.980495209365,9.586244109092126,1,0.0,,0,0,10.648996353149414,benchmark_extensions/summit_snar_main_repair_20260919_v2/runs/v2/episodes/test_gp_ei_scalarized_5101/query010.json,5ba8abb3c5642586ea40b1d19d92e5f13dedd76873553bebd4ca2f6605345a4b
test_gp_ei_scalarized_5101,gp_ei_scalarized,5101,12,gp_ei_scalarized,0.11491554938256741,4.798729859292507,1.992457689717412,64.19138699769974,1.992457689717412|4.798729859292507|0.11491554938256741|64.19138699769974,False,12,,595.8315077806996,41.64915470164256,1,0.0,,0,0,6.315900087356567,benchmark_extensions/summit_snar_main_repair_20260919_v2/runs/v2/episodes/test_gp_ei_scalarized_5101/query011.json,baea2881162d55418e6c2e90516c66e16db36b356fe147abf24f6f391581916e
test_gp_ei_scalarized_5101,gp_ei_scalarized,5101,13,gp_ei_scalarized,0.12852512523531914,1.3698154799640179,1.9458825942128897,33.77456151880324,1.9458825942128897|1.3698154799640179|0.12852512523531914|33.77456151880324,False,13,,536.3076027377085,46.15759695291279,1,0.0,,0,0,8.359756708145142,benchmark_extensions/summit_snar_main_repair_20260919_v2/runs/v2/episodes/test_gp_ei_scalarized_5101/query012.json,359a74c1521920f342e13f20e57a3f4770796b71cffa0985c8ac698bf814c7c7
test_gp_ei_scalarized_5101,gp_ei_scalarized,5101,14,gp_ei_scalarized,0.4923291940242053,4.31623350828886,0.5380090796388686,55.26473689824343,0.5380090796388686|4.31623350828886|0.4923291940242053|55.26473689824343,False,14,,9940.504656646614,10.304149146052325,1,0.0,,0,0,8.499602794647217,benchmark_extensions/summit_snar_main_repair_20260919_v2/runs/v2/episodes/test_gp_ei_scalarized_5101/query013.json,eee6bd8fff4eb03c8e07082f1eed96cbd4637d0e0d5e32182d554541816706cf
test_gp_ei_scalarized_5101,gp_ei_scalarized,5101,15,gp_ei_scalarized,0.4867408849298954,4.153524246066809,1.0733938813209534,110.62774764373899,1.0733938813209534|4.153524246066809|0.4867408849298954|110.62774764373899,False,15,,1307.9369399560942,41.43786089750156,1,0.0,,0,0,6.450974941253662,benchmark_extensions/summit_snar_main_repair_20260919_v2/runs/v2/episodes/test_gp_ei_scalarized_5101/query014.json,a45c427fa4cd57c429f80615dcddb1c91c7d44b48a8d5c646585d485ba0e0cf1
test_gp_ei_scalarized_5101,gp_ei_scalarized,5101,16,gp_ei_scalarized,0.4861454650759697,2.407117985188961,0.5159156108275056,31.072831051424146,0.5159156108275056|2.407117985188961|0.4861454650759697|31.072831051424146,False,16,,9673.247381143176,10.314689209970812,1,0.0,,0,0,8.1086745262146,benchmark_extensions/summit_snar_main_repair_20260919_v2/runs/v2/episodes/test_gp_ei_scalarized_5101/query015.json,12aafe1e93be39549278082185b6ab7b1a633ef1a342ccf19ac7b0ea1085d9fc
test_gp_ei_scalarized_5101,gp_ei_scalarized,5101,17,gp_ei_scalarized,0.4600852884352208,1.1195156797766685,0.5258352216333151,106.73592271283269,0.5258352216333151|1.1195156797766685|0.4600852884352208|106.73592271283269,False,17,,9807.179608521616,9.349525245222647,1,0.0,,0,0,8.686782598495483,benchmark_extensions/summit_snar_main_repair_20260919_v2/runs/v2/episodes/test_gp_ei_scalarized_5101/query016.json,44137023210794957baade0aa876f16d5fc616b78857678b55e19589278b834a
test_gp_ei_scalarized_5101,gp_ei_scalarized,5101,18,gp_ei_scalarized,0.10574426203966142,4.960615545511246,1.92880748398602,31.836694590747356,1.92880748398602|4.960615545511246|0.10574426203966142|31.836694590747356,False,18,,630.6288344189396,40.48447181446067,1,0.0,,0,0,7.337464094161987,benchmark_extensions/summit_snar_main_repair_20260919_v2/runs/v2/episodes/test_gp_ei_scalarized_5101/query017.json,fbc6c2c3839c1ee56f727a295c871051ce142c2b2ff767392aaafe08bcb5fa62
test_gp_ei_scalarized_5101,gp_ei_scalarized,5101,19,gp_ei_scalarized,0.11881472691893578,4.805642239749432,0.9457084373570979,40.731047289445996,0.9457084373570979|4.805642239749432|0.11881472691893578|40.731047289445996,False,19,,1409.9300537723122,37.077795849021584,1,0.0,,0,0,6.171382188796997,benchmark_extensions/summit_snar_main_repair_20260919_v2/runs/v2/episodes/test_gp_ei_scalarized_5101/query018.json,50cfc0dbdf0bdb03ffeb341dde8f6535e6d75ac92deb3f82ea09220b6853f20f
test_gp_ei_scalarized_5101,gp_ei_scalarized,5101,20,gp_ei_scalarized,0.2790303759276867,2.947142716497183,1.7010093764401972,111.7611860577017,1.7010093764401972|2.947142716497183|0.2790303759276867|111.7611860577017,False,20,,877.4130457141507,34.502930870798025,1,0.0,,0,0,8.981011152267456,benchmark_extensions/summit_snar_main_repair_20260919_v2/runs/v2/episodes/test_gp_ei_scalarized_5101/query019.json,0680a1979565bf126673b637f554ad5fd7a7a7615eba3425bb761dbc520b20f5
test_gp_ei_scalarized_5101,gp_ei_scalarized,5101,21,gp_ei_scalarized,0.46110392212867735,3.040045455098152,0.7955691893585026,92.8932785242796,0.7955691893585026|3.040045455098152|0.46110392212867735|92.8932785242796,False,21,,4756.34170934792,14.060348002141225,1,0.0,,0,0,10.032984256744385,benchmark_extensions/summit_snar_main_repair_20260919_v2/runs/v2/episodes/test_gp_ei_scalarized_5101/query020.json,84ea11c3681cf71219e2d40731c8b383ff3b022ea024626b3d082a9a093dd327
test_gp_ei_scalarized_5101,gp_ei_scalarized,5101,22,gp_ei_scalarized,0.12380240596830845,2.7876284159719944,0.761544844135642,107.82281281426549,0.761544844135642|2.7876284159719944|0.12380240596830845|107.82281281426549,False,22,,1692.6941067649918,37.65214236481306,1,0.0,,0,0,10.397010803222656,benchmark_extensions/summit_snar_main_repair_20260919_v2/runs/v2/episodes/test_gp_ei_scalarized_5101/query021.json,dfb74997ecae512e1d2c4d87c58c328cc625d365cf780ba7ba7938da55ed7a79
test_gp_ei_scalarized_5101,gp_ei_scalarized,5101,23,gp_ei_scalarized,0.498855995759368,3.1670880168676376,1.2928962907753885,85.37937356159091,1.2928962907753885|3.1670880168676376|0.498855995759368|85.37937356159091,False,23,,2714.173427238059,15.525414574385675,1,0.0,,0,0,6.477152347564697,benchmark_extensions/summit_snar_main_repair_20260919_v2/runs/v2/episodes/test_gp_ei_scalarized_5101/query022.json,cd7699c237aaaafb5ea76617d43054b17c5c4c3240c951f06ff0fcc5cc8a0b98
test_gp_ei_scalarized_5101,gp_ei_scalarized,5101,24,gp_ei_scalarized,0.2741800390183926,2.8841479048132896,0.741393702570349,88.94785450771451,0.741393702570349|2.8841479048132896|0.2741800390183926|88.94785450771451,False,24,,3742.0565319885345,18.084932511870576,1,0.0,,0,0,6.303078889846802,benchmark_extensions/summit_snar_main_repair_20260919_v2/runs/v2/episodes/test_gp_ei_scalarized_5101/query023.json,f607bcbbaba68716ad2bc6b6d64d91e591f8b13ca30da866acdc1f1536799287
test_gp_ei_scalarized_5101,gp_ei_scalarized,5101,25,gp_ei_scalarized,0.29359482489526273,3.1511225923895836,1.088847073726356,66.0181016754359,1.088847073726356|3.1511225923895836|0.29359482489526273|66.0181016754359,False,25,,2853.360809409274,16.28212267030784,1,0.0,,0,0,7.636556386947632,benchmark_extensions/summit_snar_main_repair_20260919_v2/runs/v2/episodes/test_gp_ei_scalarized_5101/query024.json,d831da78e8193c34a95f01ccab6f66a1243d6b1e58814f72ce3be30fefab9bd5
test_gp_ei_scalarized_5101,gp_ei_scalarized,5101,26,gp_ei_scalarized,0.49037378616631033,1.081972572952509,1.9718884378671646,36.424034256488085,1.9718884378671646|1.081972572952509|0.49037378616631033|36.424034256488085,False,26,,2589.48331655966,9.529274596626987,1,0.0,,0,0,6.505389213562012,benchmark_extensions/summit_snar_main_repair_20260919_v2/runs/v2/episodes/test_gp_ei_scalarized_5101/query025.json,74dadb8e4a213d0fd16bc1b31f963c18939a961ac766f7e0802f718a7bc5c066
test_gp_ei_scalarized_5101,gp_ei_scalarized,5101,27,gp_ei_scalarized,0.14302725270390512,4.73078902438283,1.8474376345984638,69.56225716508925,1.8474376345984638|4.73078902438283|0.14302725270390512|69.56225716508925,False,27,,748.8892853871653,36.141343581566105,1,0.0,,0,0,10.943618774414062,benchmark_extensions/summit_snar_main_repair_20260919_v2/runs/v2/episodes/test_gp_ei_scalarized_5101/query026.json,66f39a6e73815bb8da7719c0900282e8ab234e3938f798575784d1ff9718bc71
test_gp_ei_scalarized_5101,gp_ei_scalarized,5101,28,gp_ei_scalarized,0.4730326529592276,3.1851743310689926,0.5297455443069339,90.1030649151653,0.5297455443069339|3.1851743310689926|0.4730326529592276|90.1030649151653,False,28,,8294.286068172709,12.105307257323576,1,0.0,,0,0,8.228034496307373,benchmark_extensions/summit_snar_main_repair_20260919_v2/runs/v2/episodes/test_gp_ei_scalarized_5101/query027.json,fcae4bda4231c85751f3316b5bcd2f967de8a6f77da09fc05d4c8aeb49115a21
test_gp_ei_scalarized_5101,gp_ei_scalarized,5101,29,gp_ei_scalarized,0.49473188295960424,1.4942849390208721,0.5003868639469147,100.19850787706673,0.5003868639469147|1.4942849390208721|0.49473188295960424|100.19850787706673,False,29,,10929.54929708119,8.978853459452772,0,7.115744625219023e-05,,0,0,12.223722219467163,benchmark_extensions/summit_snar_main_repair_20260919_v2/runs/v2/episodes/test_gp_ei_scalarized_5101/query028.json,0e643c902e32aa27e748fe353f6e32cdc2fcf601cb64edc43dfdf20beceb931d
test_gp_ei_scalarized_5101,gp_ei_scalarized,5101,30,gp_ei_scalarized,0.4812629409134388,2.4943279959261417,0.5187389808706939,48.9418319799006,0.5187389808706939|2.4943279959261417|0.4812629409134388|48.9418319799006,False,30,,10615.491237198516,9.255453440125503,1,0.0,,0,0,8.085386514663696,benchmark_extensions/summit_snar_main_repair_20260919_v2/runs/v2/episodes/test_gp_ei_scalarized_5101/query029.json,0930ff2469fc740ee11bc5aa8fcc944e58a0e35ce5abe518ec1b195d7229eb6b
test_gp_ei_scalarized_5101,gp_ei_scalarized,5101,31,gp_ei_scalarized,0.17875903844833374,4.147401425987482,0.735422124620527,105.8317468687892,0.735422124620527|4.147401425987482|0.17875903844833374|105.8317468687892,False,31,,2086.6473787209966,32.84139032252404,1,0.0,,0,0,6.77010703086853,benchmark_extensions/summit_snar_main_repair_20260919_v2/runs/v2/episodes/test_gp_ei_scalarized_5101/query030.json,9027ec0e355d9ffc109d657d8afad152bfa372d7181aa5d4e82a0b9825e5e627
test_gp_ei_scalarized_5101,gp_ei_scalarized,5101,32,gp_ei_scalarized,0.12500521950423718,4.051202658563852,0.5050862701609731,119.78870110586286,0.5050862701609731|4.051202658563852|0.12500521950423718|119.78870110586286,False,32,,2333.677151691764,41.85241210252622,1,0.0,,0,0,10.210651159286499,benchmark_extensions/summit_snar_main_repair_20260919_v2/runs/v2/episodes/test_gp_ei_scalarized_5101/query031.json,74cec918233b116d8db7ed52d32a19626be1f276d1a951c2970e093e5c33d331
test_gp_ei_scalarized_5101,gp_ei_scalarized,5101,33,gp_ei_scalarized,0.17447561956942081,3.8619437627494335,1.2797316876240075,40.518739046528935,1.2797316876240075|3.8619437627494335|0.17447561956942081|40.518739046528935,False,33,,1570.5492627171113,24.706261633946887,1,0.0,,0,0,10.991562128067017,benchmark_extensions/summit_snar_main_repair_20260919_v2/runs/v2/episodes/test_gp_ei_scalarized_5101/query032.json,2b49ec1f442190d9866c634eae82cc734bd21706fe8cd19be7685b63ca940276
test_gp_ei_scalarized_5101,gp_ei_scalarized,5101,34,gp_ei_scalarized,0.3517293095588684,3.035860013216734,0.5721094654873013,104.42449782975018,0.5721094654873013|3.035860013216734|0.3517293095588684|104.42449782975018,False,34,,5411.0718105594115,16.674213898387617,1,0.0,,0,0,8.869229078292847,benchmark_extensions/summit_snar_main_repair_20260919_v2/runs/v2/episodes/test_gp_ei_scalarized_5101/query033.json,5a3e04057e69b41501bc1240f5077390a8e9b02ccdfdfdd50bdd47c36783a5e6
test_gp_ei_scalarized_5101,gp_ei_scalarized,5101,35,gp_ei_scalarized,0.484604324400425,3.6102580092847347,0.5151643576100469,46.68244840577245,0.5151643576100469|3.6102580092847347|0.484604324400425|46.68244840577245,False,35,,10767.645587108394,9.60416539936664,1,0.0,,0,0,7.497504949569702,benchmark_extensions/summit_snar_main_repair_20260919_v2/runs/v2/episodes/test_gp_ei_scalarized_5101/query034.json,96b3c20b6b6590e110cc7d4f8784ee65943f816d1e8233007e2c977ab1d16154
test_gp_ei_scalarized_5101,gp_ei_scalarized,5101,36,gp_ei_scalarized,0.19026040695607663,3.371083416044712,1.5627005477435887,83.4731856174767,1.5627005477435887|3.371083416044712|0.19026040695607663|83.4731856174767,False,36,,1126.0978443661033,28.32799089133405,1,0.0,,0,0,12.775068998336792,benchmark_extensions/summit_snar_main_repair_20260919_v2/runs/v2/episodes/test_gp_ei_scalarized_5101/query035.json,53676311b87bac15b678905589f3f0279eab02e4040f3860cfabbe3d11681ef8
test_gp_ei_scalarized_5101,gp_ei_scalarized,5101,37,gp_ei_scalarized,0.4999102264642715,2.959759544581175,0.5206397953443229,65.137739488855,0.5206397953443229|2.959759544581175|0.4999102264642715|65.137739488855,False,37,,10559.685738300905,9.508057229057457,1,0.0,,0,0,4.233766078948975,benchmark_extensions/summit_snar_main_repair_20260919_v2/runs/v2/episodes/test_gp_ei_scalarized_5101/query036.json,78819515e619a43ff972d8d5a60852b206a2873cf1b42e3473788783f0f74697
test_gp_ei_scalarized_5101,gp_ei_scalarized,5101,38,gp_ei_scalarized,0.4856273140758276,1.9863866940140724,0.5074116992764175,60.73231117799878,0.5074116992764175|1.9863866940140724|0.4856273140758276|60.73231117799878,False,38,,10932.018110801919,9.005078853109545,0,1.4265598080598352e-07,,0,0,8.357918977737427,benchmark_extensions/summit_snar_main_repair_20260919_v2/runs/v2/episodes/test_gp_ei_scalarized_5101/query037.json,4912fb88248d06759e2115f31e0c9dcfab4ff6bf47c101126c75cf8585007da2
test_gp_ei_scalarized_5101,gp_ei_scalarized,5101,39,gp_ei_scalarized,0.11622238345444202,1.1418219581246376,0.5196668296121061,117.90208331309259,0.5196668296121061|1.1418219581246376|0.11622238345444202|117.90208331309259,False,39,,2319.179266199085,39.565528366162724,1,0.0,,0,0,11.833127975463867,benchmark_extensions/summit_snar_main_repair_20260919_v2/runs/v2/episodes/test_gp_ei_scalarized_5101/query038.json,b737cd7a88e671397479c85a40f186b1accd66935d6a59d7abcee287b1ccae66
test_gp_ei_scalarized_5101,gp_ei_scalarized,5101,40,gp_ei_scalarized,0.3745398212224246,4.126561254262924,0.5426821149885654,68.02205990999937,0.5426821149885654|4.126561254262924|0.3745398212224246|68.02205990999937,False,40,,7300.904785361063,13.3873980777658,1,0.0,,0,0,11.436260461807251,benchmark_extensions/summit_snar_main_repair_20260919_v2/runs/v2/episodes/test_gp_ei_scalarized_5101/query039.json,df767aa8e18cc6ef109dcdae38d02cc3f0d96a28c51d99819d73a6f262a43fff
test_gp_ei_scalarized_5101,gp_ei_scalarized,5101,41,gp_ei_scalarized,0.32524570189416413,2.4873344898223877,1.8456338727846742,46.26274128444493,1.8456338727846742|2.4873344898223877|0.32524570189416413|46.26274128444493,False,41,,1981.4498186223893,13.623574905884597,1,0.0,,0,0,6.25916051864624,benchmark_extensions/summit_snar_main_repair_20260919_v2/runs/v2/episodes/test_gp_ei_scalarized_5101/query040.json,a8ef8beaa951904f3e374f0b30590283bd0197b2de0cf17fea24c695da8b2269
test_gp_ei_scalarized_5101,gp_ei_scalarized,5101,42,gp_ei_scalarized,0.1609716631472111,3.1149552389979362,1.971284918487072,70.80169706605375,1.971284918487072|3.1149552389979362|0.1609716631472111|70.80169706605375,False,42,,843.1024612517449,29.562289710146832,1,0.0,,0,0,8.947375297546387,benchmark_extensions/summit_snar_main_repair_20260919_v2/runs/v2/episodes/test_gp_ei_scalarized_5101/query041.json,83b351fb33f6499781ff7e6355d19c868caccae43327679885ac70abdac12b5c
test_gp_ei_scalarized_5101,gp_ei_scalarized,5101,43,gp_ei_scalarized,0.18991487100720406,1.7443261109292507,1.248891188763082,106.770970383659,1.248891188763082|1.7443261109292507|0.18991487100720406|106.770970383659,False,43,,1585.254238641112,24.40991615415307,1,0.0,,0,0,8.086622953414917,benchmark_extensions/summit_snar_main_repair_20260919_v2/runs/v2/episodes/test_gp_ei_scalarized_5101/query042.json,de4178025577a24c551da4c6e6c92a6f1a0e3e79ea5b95bf6e2c946fb377f28b
test_gp_ei_scalarized_5101,gp_ei_scalarized,5101,44,gp_ei_scalarized,0.22704552412033083,2.9923416636884212,1.7472658143378794,98.46496358513832,1.7472658143378794|2.9923416636884212|0.22704552412033083|98.46496358513832,False,44,,967.3323410360217,29.781833056601535,1,0.0,,0,0,13.918843269348145,benchmark_extensions/summit_snar_main_repair_20260919_v2/runs/v2/episodes/test_gp_ei_scalarized_5101/query043.json,f13cfbcce3e47f7c8c8e04fbe4e778536cc44e08881cb0a7fa48d3de37ad46e9
test_gp_ei_scalarized_5101,gp_ei_scalarized,5101,45,gp_ei_scalarized,0.36623595170676715,3.566156554967165,0.8911812556907535,53.99938736110926,0.8911812556907535|3.566156554967165|0.36623595170676715|53.99938736110926,False,45,,4512.266351461495,12.908265648082072,1,0.0,,0,0,9.711606979370117,benchmark_extensions/summit_snar_main_repair_20260919_v2/runs/v2/episodes/test_gp_ei_scalarized_5101/query044.json,ae1b396b75d9427c2d9849584d5b128767d9b1789d94c8e4c0cc0fdab41fb238
test_gp_ei_scalarized_5101,gp_ei_scalarized,5101,46,gp_ei_scalarized,0.49018987528979785,4.993307124823332,0.5289710243232548,45.14178117737174,0.5289710243232548|4.993307124823332|0.49018987528979785|45.14178117737174,False,46,,10361.313013684714,10.281224511828547,1,0.0,,0,0,10.718148946762085,benchmark_extensions/summit_snar_main_repair_20260919_v2/runs/v2/episodes/test_gp_ei_scalarized_5101/query045.json,0087498b63edf54d45f30bd96ffac4f3f7e26bdc8abb4300065d383b1dafd131
test_gp_ei_scalarized_5101,gp_ei_scalarized,5101,47,gp_ei_scalarized,0.17515125572681428,1.094271082431078,0.9144213842228055,76.68451962992549,0.9144213842228055|1.094271082431078|0.17515125572681428|76.68451962992549,False,47,,1891.1863870734603,27.7117309171071,1,0.0,,0,0,8.487251996994019,benchmark_extensions/summit_snar_main_repair_20260919_v2/runs/v2/episodes/test_gp_ei_scalarized_5101/query046.json,e66632d4bdfefbbc2e4af14906afc4a58552d95f173ddb85c4693e47bf5f5e2f
test_gp_ei_scalarized_5101,gp_ei_scalarized,5101,48,gp_ei_scalarized,0.44723029211163523,1.734280701726675,1.6744287912733853,57.94931220822036,1.6744287912733853|1.734280701726675|0.44723029211163523|57.94931220822036,False,48,,2988.072138378739,9.861205594803362,1,0.0,,0,0,9.4402916431427,benchmark_extensions/summit_snar_main_repair_20260919_v2/runs/v2/episodes/test_gp_ei_scalarized_5101/query047.json,05cd943a80622bf83aaf074de700feea9b31c11e9da7ae0c36945b41b9d6b95e
test_gp_ei_scalarized_5101,gp_ei_scalarized,5101,49,gp_ei_scalarized,0.12570798732340338,1.0555524416267872,1.9674577875994146,112.36868552863598,1.9674577875994146|1.0555524416267872|0.12570798732340338|112.36868552863598,False,49,,709.4677232047683,34.07281994594884,1,0.0,,0,0,7.79257345199585,benchmark_extensions/summit_snar_main_repair_20260919_v2/runs/v2/episodes/test_gp_ei_scalarized_5101/query048.json,30b3a72e85c64e2b40024d5083900029a9246b077778a2589d6ac85d96c13b09
test_gp_ei_scalarized_5101,gp_ei_scalarized,5101,50,gp_ei_scalarized,0.19101707302033902,3.3946303091943264,1.641655231360346,32.35763079486787,1.641655231360346|3.3946303091943264|0.19101707302033902|32.35763079486787,False,50,,1337.0009112020314,22.554757993681157,1,0.0,,0,0,8.949600219726562,benchmark_extensions/summit_snar_main_repair_20260919_v2/runs/v2/episodes/test_gp_ei_scalarized_5101/query049.json,cec3af284ecbccc63058a4f11d6076b766089d6e3c69c99e665602a355aaa624
test_gp_ei_scalarized_5102,gp_ei_scalarized,5102,1,paired_lhs_initial_design,0.20010330751262312,3.4557639378173923,1.428510666475138,98.7947735917893,1.428510666475138|3.4557639378173923|0.20010330751262312|98.7947735917893,False,1,,1082.5216101089825,32.54403583609808,1,0.0,,0,0,0.24530410766601562,benchmark_extensions/summit_snar_main_repair_20260919_v2/runs/v2/episodes/test_gp_ei_scalarized_5102/query000.json,5a10845c78a02218481db2a785fe98e6c5e518bc235a17e6a03cdd2354ee5582
test_gp_ei_scalarized_5102,gp_ei_scalarized,5102,2,paired_lhs_initial_design,0.28981831482150044,2.6478772538494364,0.9434808292367503,72.8082838285427,0.9434808292367503|2.6478772538494364|0.28981831482150044|72.8082838285427,False,2,,3311.901195965126,15.960035024629528,1,0.0,,0,0,0.25200963020324707,benchmark_extensions/summit_snar_main_repair_20260919_v2/runs/v2/episodes/test_gp_ei_scalarized_5102/query001.json,e33a8a99c839f14e94e41d62e1a5a4c7a77bcc8090e149494d6c5828e4e40b4f
test_gp_ei_scalarized_5102,gp_ei_scalarized,5102,3,paired_lhs_initial_design,0.42298318873877405,1.9515170659014818,1.298043908598181,46.44372630300934,1.298043908598181|1.9515170659014818|0.42298318873877405|46.44372630300934,False,3,,3745.2603514320263,10.184714816317618,1,0.0,,0,0,0.2289419174194336,benchmark_extensions/summit_snar_main_repair_20260919_v2/runs/v2/episodes/test_gp_ei_scalarized_5102/query002.json,989515a68b19028d814d99c6ee3aee5ce1126ed28a868af2f9688facdb63ddb2
test_gp_ei_scalarized_5102,gp_ei_scalarized,5102,4,paired_lhs_initial_design,0.14134797900198603,4.641639772550759,1.864600248559465,105.4729625556356,1.864600248559465|4.641639772550759|0.14134797900198603|105.4729625556356,False,4,,427.38832022140775,63.28230939850084,1,0.0,,0,0,0.22307801246643066,benchmark_extensions/summit_snar_main_repair_20260919_v2/runs/v2/episodes/test_gp_ei_scalarized_5102/query003.json,7949d8f367f12b6dadd1bd7dc728e6e2ee06b0b2811aac91c1c9cabec7b0ae6b
test_gp_ei_scalarized_5102,gp_ei_scalarized,5102,5,paired_lhs_initial_design,0.37320795931814243,1.4801955449062332,0.6717344426120354,51.438444273762855,0.6717344426120354|1.4801955449062332|0.37320795931814243|51.438444273762855,False,5,,5769.439481256695,12.640147464323013,1,0.0,,0,0,0.22849345207214355,benchmark_extensions/summit_snar_main_repair_20260919_v2/runs/v2/episodes/test_gp_ei_scalarized_5102/query004.json,62af0c8a4ff198f293b89d70d3db285feb396ded753a6e691b95c7158df58e3a
test_gp_ei_scalarized_5102,gp_ei_scalarized,5102,6,gp_ei_scalarized,0.48766883425414564,1.1222738437354565,0.5263176518492401,108.10560959391296,0.5263176518492401|1.1222738437354565|0.48766883425414564|108.10560959391296,False,6,,10407.796047643973,8.809554697635654,0,0.0002713415419988152,,0,0,21.676362991333008,benchmark_extensions/summit_snar_main_repair_20260919_v2/runs/v2/episodes/test_gp_ei_scalarized_5102/query005.json,bf38427db6a60c6fe7f56febd86a530edfdfa9c345d53d7c79117e1df9d24ce6
test_gp_ei_scalarized_5102,gp_ei_scalarized,5102,7,gp_ei_scalarized,0.4906697131693364,1.1730922684073448,0.5056576561182737,43.984845355153084,0.5056576561182737|1.1730922684073448|0.4906697131693364|43.984845355153084,False,7,,8314.340602854094,11.857566909106067,1,0.0,,0,0,9.372689247131348,benchmark_extensions/summit_snar_main_repair_20260919_v2/runs/v2/episodes/test_gp_ei_scalarized_5102/query006.json,fc1ab79bcb26038ec46026bff4e6f4c1a9f5a94c510bf00e585d71de1e08711c
test_gp_ei_scalarized_5102,gp_ei_scalarized,5102,8,gp_ei_scalarized,0.2887297496199608,4.942111745476723,1.9505739691667259,38.50857937708497,1.9505739691667259|4.942111745476723|0.2887297496199608|38.50857937708497,False,8,,1577.0256755828239,17.13867142969823,1,0.0,,0,0,8.315769672393799,benchmark_extensions/summit_snar_main_repair_20260919_v2/runs/v2/episodes/test_gp_ei_scalarized_5102/query007.json,111adeb1149a609b4a42a9144d3729ef15087992a654c164072cda5fb146cbec
test_gp_ei_scalarized_5102,gp_ei_scalarized,5102,9,gp_ei_scalarized,0.49395265206694605,1.2227232456207275,0.5014540129341185,101.30922806449234,0.5014540129341185|1.2227232456207275|0.49395265206694605|101.30922806449234,False,9,,11119.501814223166,8.688092414567762,0,0.00015565581302789955,,0,0,10.980836391448975,benchmark_extensions/summit_snar_main_repair_20260919_v2/runs/v2/episodes/test_gp_ei_scalarized_5102/query008.json,f26f16e726308e42f535942cfc02c317ff6c4fb37fed30d3fd32bb769dd4038b
test_gp_ei_scalarized_5102,gp_ei_scalarized,5102,10,gp_ei_scalarized,0.483447577804327,2.4937626980245113,0.5317281312309206,31.243542339652777,0.5317281312309206|2.4937626980245113|0.483447577804327|31.243542339652777,False,10,,9520.353349609097,10.177603282585205,1,0.0,,0,0,10.108304977416992,benchmark_extensions/summit_snar_main_repair_20260919_v2/runs/v2/episodes/test_gp_ei_scalarized_5102/query009.json,f8d96d8401b8f97e14ef31251c68c8d09c4f4e7eb7f8b9695a884d3a88d98bb1
test_gp_ei_scalarized_5102,gp_ei_scalarized,5102,11,gp_ei_scalarized,0.4804360557347537,3.632977370172739,0.5225015236064792,67.3679162375629,0.5225015236064792|3.632977370172739|0.4804360557347537|67.3679162375629,False,11,,9709.532627806879,10.575110352471514,1,0.0,,0,0,9.829674482345581,benchmark_extensions/summit_snar_main_repair_20260919_v2/runs/v2/episodes/test_gp_ei_scalarized_5102/query010.json,ee52e843725814b8cd983e64a135005ac379e346f5a138e47bb52bc408ce657b
test_gp_ei_scalarized_5102,gp_ei_scalarized,5102,12,gp_ei_scalarized,0.11920830272138119,1.1905454136431217,1.986081040930003,44.614932630211115,1.986081040930003|1.1905454136431217|0.11920830272138119|44.614932630211115,False,12,,515.1199680349284,46.875827572543336,1,0.0,,0,0,6.624522686004639,benchmark_extensions/summit_snar_main_repair_20260919_v2/runs/v2/episodes/test_gp_ei_scalarized_5102/query011.json,aaec2b242017f8845527e12f1be9f8e9cdaeb7c85eac848aef350ecd89e68660
test_gp_ei_scalarized_5102,gp_ei_scalarized,5102,13,gp_ei_scalarized,0.39326451793313033,1.8093068674206734,0.8644625605084002,83.69779463857412,0.8644625605084002|1.8093068674206734|0.39326451793313033|83.69779463857412,False,13,,4942.6930376886885,11.54694095963444,1,0.0,,0,0,8.253833770751953,benchmark_extensions/summit_snar_main_repair_20260919_v2/runs/v2/episodes/test_gp_ei_scalarized_5102/query012.json,bf3e10ab755d6f14ecf0fc37ad5766d1ae58c131ade99a4ad66911a43893ae01
test_gp_ei_scalarized_5102,gp_ei_scalarized,5102,14,gp_ei_scalarized,0.4781395167112351,1.5838150084018707,0.518803478218615,117.54503066651523,0.518803478218615|1.5838150084018707|0.4781395167112351|117.54503066651523,False,14,,9447.337778339735,10.114019719490708,1,0.0,,0,0,6.121290922164917,benchmark_extensions/summit_snar_main_repair_20260919_v2/runs/v2/episodes/test_gp_ei_scalarized_5102/query013.json,3d927bc9ebc5abd66671ed85eefcc7f6fd5c01d89fd2b6c2603107948b38313e
test_gp_ei_scalarized_5102,gp_ei_scalarized,5102,15,gp_ei_scalarized,0.1885393988341093,4.285062532871962,1.3520044144243002,35.68139595910907,1.3520044144243002|4.285062532871962|0.1885393988341093|35.68139595910907,False,15,,1609.7456033902586,23.05582483558003,1,0.0,,0,0,6.684779405593872,benchmark_extensions/summit_snar_main_repair_20260919_v2/runs/v2/episodes/test_gp_ei_scalarized_5102/query014.json,91e0475e7b5e7a6cb210cb3b28b7f2142dc8ec28b0d9f2928524915bec6a9ae8
test_gp_ei_scalarized_5102,gp_ei_scalarized,5102,16,gp_ei_scalarized,0.211359091848135,2.674637507647276,1.482522111851722,49.93893412873149,1.482522111851722|2.674637507647276|0.211359091848135|49.93893412873149,False,16,,1633.3265167123593,20.270468663732686,1,0.0,,0,0,7.203492641448975,benchmark_extensions/summit_snar_main_repair_20260919_v2/runs/v2/episodes/test_gp_ei_scalarized_5102/query015.json,06a20dcb1630a7ac6f33e3d0dd43a64360d494210a9df43506599c0a06f5c148
test_gp_ei_scalarized_5102,gp_ei_scalarized,5102,17,gp_ei_scalarized,0.48950369916856296,2.4248487278819084,0.5303774713538587,53.63403755240142,0.5303774713538587|2.4248487278819084|0.48950369916856296|53.63403755240142,False,17,,10585.171028783234,9.05921221174617,1,0.0,,0,0,13.096133947372437,benchmark_extensions/summit_snar_main_repair_20260919_v2/runs/v2/episodes/test_gp_ei_scalarized_5102/query016.json,d515869dcfa0272a670f9c9444bb8f77f997b17cc796bd8f7b39f35f2e65a980
test_gp_ei_scalarized_5102,gp_ei_scalarized,5102,18,gp_ei_scalarized,0.49314682371914387,4.8743369579315186,1.9962797369807959,38.74251326546073,1.9962797369807959|4.8743369579315186|0.49314682371914387|38.74251326546073,False,18,,2387.347373596431,11.923705449808098,1,0.0,,0,0,6.315222263336182,benchmark_extensions/summit_snar_main_repair_20260919_v2/runs/v2/episodes/test_gp_ei_scalarized_5102/query017.json,f9e189f2ce78fb0331fecb6bd7bdf553ed2ec014175cafba176a000f8ce990dd
test_gp_ei_scalarized_5102,gp_ei_scalarized,5102,19,gp_ei_scalarized,0.16890559196472169,1.3291788324713707,0.514722993131727,116.4569440484047,0.514722993131727|1.3291788324713707|0.16890559196472169|116.4569440484047,False,19,,3661.191757830589,25.376405840074554,1,0.0,,0,0,8.075379610061646,benchmark_extensions/summit_snar_main_repair_20260919_v2/runs/v2/episodes/test_gp_ei_scalarized_5102/query018.json,da16d15a0d14a834b988ccc185233cf84bb108e5b36a2119087f06099b1bc39c
test_gp_ei_scalarized_5102,gp_ei_scalarized,5102,20,gp_ei_scalarized,0.4755802359431982,3.6012770235538483,0.5058928551152349,52.38255268894136,0.5058928551152349|3.6012770235538483|0.4755802359431982|52.38255268894136,False,20,,10635.836271308028,9.887549843243765,1,0.0,,0,0,7.7251667976379395,benchmark_extensions/summit_snar_main_repair_20260919_v2/runs/v2/episodes/test_gp_ei_scalarized_5102/query019.json,396fd00a1343d81b8be417d6b4d838704f1879b5aeb83c83f1d03b32ca00a131
test_gp_ei_scalarized_5102,gp_ei_scalarized,5102,21,gp_ei_scalarized,0.21665453352034092,3.9154755249619484,1.326208126731217,97.9288899153471,1.326208126731217|3.9154755249619484|0.21665453352034092|97.9288899153471,False,21,,1173.2420352961644,32.84415954285233,1,0.0,,0,0,9.494330644607544,benchmark_extensions/summit_snar_main_repair_20260919_v2/runs/v2/episodes/test_gp_ei_scalarized_5102/query020.json,1e16024a5d0eedd6f8f1d0f0d7e6e3368ddaa88cbcbd9ee1d5b967a57fd2b421
test_gp_ei_scalarized_5102,gp_ei_scalarized,5102,22,gp_ei_scalarized,0.49359507560729987,1.0565336123108864,0.5125066363252699,90.04927623085678,0.5125066363252699|1.0565336123108864|0.49359507560729987|90.04927623085678,False,22,,10416.951627392798,9.061864245456514,1,0.0,,0,0,10.682114124298096,benchmark_extensions/summit_snar_main_repair_20260919_v2/runs/v2/episodes/test_gp_ei_scalarized_5102/query021.json,71e5af8d367ff60234f9f00fc334d0539f77ea3204948e80136c75d3a511386d
test_gp_ei_scalarized_5102,gp_ei_scalarized,5102,23,gp_ei_scalarized,0.49094962999224667,4.999425232410431,0.532039896119386,58.19969180971384,0.532039896119386|4.999425232410431|0.49094962999224667|58.19969180971384,False,23,,9635.439420385705,11.060839038607805,1,0.0,,0,0,11.351045370101929,benchmark_extensions/summit_snar_main_repair_20260919_v2/runs/v2/episodes/test_gp_ei_scalarized_5102/query022.json,9fb489854a6c8b3b68e9ecc02d11c445e965cd357551554244181f2e209a4134
test_gp_ei_scalarized_5102,gp_ei_scalarized,5102,24,gp_ei_scalarized,0.4780093267560005,1.6167848110198975,0.5014436012133956,88.68299064226449,0.5014436012133956|1.6167848110198975|0.4780093267560005|88.68299064226449,False,24,,10692.85443140007,9.181026163331307,1,0.0,,0,0,10.301762580871582,benchmark_extensions/summit_snar_main_repair_20260919_v2/runs/v2/episodes/test_gp_ei_scalarized_5102/query023.json,30389dbd83ddfbf00edd364dceaf462a0a62c624583fd3510ec7e8245b626abc
test_gp_ei_scalarized_5102,gp_ei_scalarized,5102,25,gp_ei_scalarized,0.48695771358907225,1.264721479266882,1.8788438742049038,34.693678859621286,1.8788438742049038|1.264721479266882|0.48695771358907225|34.693678859621286,False,25,,2825.568971405586,9.185240346960692,1,0.0,,0,0,8.568469524383545,benchmark_extensions/summit_snar_main_repair_20260919_v2/runs/v2/episodes/test_gp_ei_scalarized_5102/query024.json,21a2c31672aa92c81eae086ce70e17e20c35136cddcaba3ffbda5a793d68a958
test_gp_ei_scalarized_5102,gp_ei_scalarized,5102,26,gp_ei_scalarized,0.4799358047544956,1.1381694748997688,1.9947705152444541,119.58148419857025,1.9947705152444541|1.1381694748997688|0.4799358047544956|119.58148419857025,False,26,,2596.0268263137305,9.353398481605117,1,0.0,,0,0,10.240084886550903,benchmark_extensions/summit_snar_main_repair_20260919_v2/runs/v2/episodes/test_gp_ei_scalarized_5102/query025.json,2a2a6521d232486549f14e0c1d2795b2d5b65fc03bfadb742c273af64bd5c4bf
test_gp_ei_scalarized_5102,gp_ei_scalarized,5102,27,gp_ei_scalarized,0.49795843809843066,2.0517008788883686,0.5033772685565054,50.906859543174505,0.5033772685565054|2.0517008788883686|0.49795843809843066|50.906859543174505,False,27,,11146.296619854591,8.956930377558058,0,1.6475305663066209e-06,,0,0,9.846394538879395,benchmark_extensions/summit_snar_main_repair_20260919_v2/runs/v2/episodes/test_gp_ei_scalarized_5102/query026.json,8e1452a39d892d2bba99f072899bef5e79101f1bf913f4d295213a7f9acd3e37
test_gp_ei_scalarized_5102,gp_ei_scalarized,5102,28,gp_ei_scalarized,0.14698945656418802,4.785707801580429,0.5889308820478618,119.8555024433881,0.5889308820478618|4.785707801580429|0.14698945656418802|119.8555024433881,False,28,,1978.9649466239675,43.193421223045014,1,0.0,,0,0,9.034410238265991,benchmark_extensions/summit_snar_main_repair_20260919_v2/runs/v2/episodes/test_gp_ei_scalarized_5102/query027.json,4658f9b8b65ab4c0ca73621c383d0bcea4323fc54c443993170a8c50c1efc19a
test_gp_ei_scalarized_5102,gp_ei_scalarized,5102,29,gp_ei_scalarized,0.4797518867999315,3.1151628643274307,0.520002132281661,39.881556909531355,0.520002132281661|3.1151628643274307|0.4797518867999315|39.881556909531355,False,29,,10561.1908191747,9.510107088539554,1,0.0,,0,0,7.117447137832642,benchmark_extensions/summit_snar_main_repair_20260919_v2/runs/v2/episodes/test_gp_ei_scalarized_5102/query028.json,6c2989d8b47399bf518330beff55866e928ab4f8cc2d3a8b73266c5761f39983
test_gp_ei_scalarized_5102,gp_ei_scalarized,5102,30,gp_ei_scalarized,0.49899850301444537,2.7971264868974686,0.5086633772589266,54.12341354414821,0.5086633772589266|2.7971264868974686|0.49899850301444537|54.12341354414821,False,30,,11215.247182929274,9.067525098460589,0,3.652976856893808e-06,,0,0,9.094526290893555,benchmark_extensions/summit_snar_main_repair_20260919_v2/runs/v2/episodes/test_gp_ei_scalarized_5102/query029.json,d9f0109c403b67e979fdeb3c01f04c69b7c811c39735a30a2c6846dce8e044d5
test_gp_ei_scalarized_5102,gp_ei_scalarized,5102,31,gp_ei_scalarized,0.49259665906429295,4.287525583058596,0.507483831141144,43.01662892103195,0.507483831141144|4.287525583058596|0.49259665906429295|43.01662892103195,False,31,,11091.669670023963,9.736265967194198,1,0.0,,0,0,10.216392517089844,benchmark_extensions/summit_snar_main_repair_20260919_v2/runs/v2/episodes/test_gp_ei_scalarized_5102/query030.json,9bd817697c531df3db778f5a1ee9ec5bdcd3c4fb8aaebadf51c3c73e25db279c
test_gp_ei_scalarized_5102,gp_ei_scalarized,5102,32,gp_ei_scalarized,0.4904606077820063,4.618340723216534,0.5003251521848142,89.45544890128076,0.5003251521848142|4.618340723216534|0.4904606077820063|89.45544890128076,False,32,,7778.888260546251,14.645657362181172,1,0.0,,0,0,9.461846828460693,benchmark_extensions/summit_snar_main_repair_20260919_v2/runs/v2/episodes/test_gp_ei_scalarized_5102/query031.json,faacb7de0f1255c05a8e71c2020040b99ca0042c576de8ceef996d1e6ac2fd40
test_gp_ei_scalarized_5102,gp_ei_scalarized,5102,33,gp_ei_scalarized,0.3854898322373629,3.555895656347275,0.5162498420104384,119.264056077227,0.5162498420104384|3.555895656347275|0.3854898322373629|119.264056077227,False,33,,4896.668722088555,21.227925229075883,1,0.0,,0,0,10.233820915222168,benchmark_extensions/summit_snar_main_repair_20260919_v2/runs/v2/episodes/test_gp_ei_scalarized_5102/query032.json,802ff7f74cd948bd0776d41f96fc88feb84727e607086cc0849cfa81e4ab8aee
test_gp_ei_scalarized_5102,gp_ei_scalarized,5102,34,gp_ei_scalarized,0.45824567787349224,4.113038651645184,1.6348597751930356,51.61412998102605,1.6348597751930356|4.113038651645184|0.45824567787349224|51.61412998102605,False,34,,2646.792572066158,12.654416589495531,1,0.0,,0,0,7.688907146453857,benchmark_extensions/summit_snar_main_repair_20260919_v2/runs/v2/episodes/test_gp_ei_scalarized_5102/query033.json,2e52e94a0268fe569db33031f2c1b59a669519a9366557f6512f00fd541c6a27
test_gp_ei_scalarized_5102,gp_ei_scalarized,5102,35,gp_ei_scalarized,0.3201725173741579,4.773476701229811,1.334340465720743,71.51612388901412,1.334340465720743|4.773476701229811|0.3201725173741579|71.51612388901412,False,35,,1959.351023777958,20.57506941045214,1,0.0,,0,0,4.650477170944214,benchmark_extensions/summit_snar_main_repair_20260919_v2/runs/v2/episodes/test_gp_ei_scalarized_5102/query034.json,ca08403c70d5793a06a999de680e363aec8da19030e46797999599a9391831fb
test_gp_ei_scalarized_5102,gp_ei_scalarized,5102,36,gp_ei_scalarized,0.23954806327819825,3.7379549518227577,1.085796716157347,75.7272613607347,1.085796716157347|3.7379549518227577|0.23954806327819825|75.7272613607347,False,36,,2175.334405035072,21.48381343891899,1,0.0,,0,0,6.620912313461304,benchmark_extensions/summit_snar_main_repair_20260919_v2/runs/v2/episodes/test_gp_ei_scalarized_5102/query035.json,a3b5bcfaa62e9b05a644863b8e2cf529104db796c6a95ddc39c71abc573d1e45
test_gp_ei_scalarized_5102,gp_ei_scalarized,5102,37,gp_ei_scalarized,0.10101651996374131,1.0789042375981808,1.9274471835233271,119.31644230149686,1.9274471835233271|1.0789042375981808|0.10101651996374131|119.31644230149686,False,37,,583.1320552340924,42.282675743673295,1,0.0,,0,0,12.487885236740112,benchmark_extensions/summit_snar_main_repair_20260919_v2/runs/v2/episodes/test_gp_ei_scalarized_5102/query036.json,45e9d54b96b14739a169a402fe2249f29729bf8d65298426e2d08bd5eaa420cc
test_gp_ei_scalarized_5102,gp_ei_scalarized,5102,38,gp_ei_scalarized,0.15621101371943952,3.700100928544998,1.9593468797393143,31.153603345155716,1.9593468797393143|3.700100928544998|0.15621101371943952|31.153603345155716,False,38,,917.9680697375259,27.415511591280197,1,0.0,,0,0,11.047383069992065,benchmark_extensions/summit_snar_main_repair_20260919_v2/runs/v2/episodes/test_gp_ei_scalarized_5102/query037.json,869454eb315e84165672424290e201a1d68c640fb4d4d47f4989c87629e6f088
test_gp_ei_scalarized_5102,gp_ei_scalarized,5102,39,gp_ei_scalarized,0.21892700493335726,1.474004589021206,1.6162646990269423,58.20032992400229,1.6162646990269423|1.474004589021206|0.21892700493335726|58.20032992400229,False,39,,1522.0822861510774,19.547598170706852,1,0.0,,0,0,11.464365720748901,benchmark_extensions/summit_snar_main_repair_20260919_v2/runs/v2/episodes/test_gp_ei_scalarized_5102/query038.json,96e748c357b1b276973145f30e31a3e87f6e979d75a22e49a1857d847cd9788e
test_gp_ei_scalarized_5102,gp_ei_scalarized,5102,40,gp_ei_scalarized,0.1617044147104025,2.0382206328213215,0.5190635002218187,93.92475008033216,0.5190635002218187|2.0382206328213215|0.1617044147104025|93.92475008033216,False,40,,3524.809157862951,26.377516442849288,1,0.0,,0,0,11.946949243545532,benchmark_extensions/summit_snar_main_repair_20260919_v2/runs/v2/episodes/test_gp_ei_scalarized_5102/query039.json,119028f21d7b62bb97c1aa4f866efcbe0f95da1f6e69ebf7e9e556c3bf12befa
test_gp_ei_scalarized_5102,gp_ei_scalarized,5102,41,gp_ei_scalarized,0.45358037017285824,2.5324780717492104,1.865209374576807,67.60397728532553,1.865209374576807|2.5324780717492104|0.45358037017285824|67.60397728532553,False,41,,2264.358757098792,12.235370505881704,1,0.0,,0,0,11.053822755813599,benchmark_extensions/summit_snar_main_repair_20260919_v2/runs/v2/episodes/test_gp_ei_scalarized_5102/query040.json,d16b1420966d88d41ce89cab60b3e58b26af1049d9b09a39dc2190c2018d9787
test_gp_ei_scalarized_5102,gp_ei_scalarized,5102,42,gp_ei_scalarized,0.4974919091910124,1.999643336981535,0.5100107165053487,76.70866638422012,0.5100107165053487|1.999643336981535|0.4974919091910124|76.70866638422012,False,42,,10913.403010951688,9.006174819339286,1,0.0,,0,0,7.4002556800842285,benchmark_extensions/summit_snar_main_repair_20260919_v2/runs/v2/episodes/test_gp_ei_scalarized_5102/query041.json,75bf4aeb052767f1ffc1eba6971f4cf94a02ab5f9e5135c501f7f67e5516cae3
test_gp_ei_scalarized_5102,gp_ei_scalarized,5102,43,gp_ei_scalarized,0.4974750548601151,2.0105781368911266,0.5084827779792249,92.67684563063085,0.5084827779792249|2.0105781368911266|0.4974750548601151|92.67684563063085,False,43,,10330.638608281695,9.600395899291492,1,0.0,,0,0,8.575021028518677,benchmark_extensions/summit_snar_main_repair_20260919_v2/runs/v2/episodes/test_gp_ei_scalarized_5102/query042.json,8f17374f44167d7e87e586ed71c1a4f8f52a2fc291b060eecda64326921bb12d
test_gp_ei_scalarized_5102,gp_ei_scalarized,5102,44,gp_ei_scalarized,0.25047913007438183,3.8927274011075497,1.1006507631391287,74.85697112046182,1.1006507631391287|3.8927274011075497|0.25047913007438183|74.85697112046182,False,44,,2205.843482580509,21.048362341098727,1,0.0,,0,0,8.430876016616821,benchmark_extensions/summit_snar_main_repair_20260919_v2/runs/v2/episodes/test_gp_ei_scalarized_5102/query043.json,77a5d5ffc3ed1efb400bf313f2dcabd8dd4da3f109e21bec4df7a66192d28696
test_gp_ei_scalarized_5102,gp_ei_scalarized,5102,45,gp_ei_scalarized,0.3470317400991917,1.9873877577483654,1.2498009214177728,105.17119338735938,1.2498009214177728|1.9873877577483654|0.3470317400991917|105.17119338735938,False,45,,2450.32619410973,16.327535906831358,1,0.0,,0,0,8.65467381477356,benchmark_extensions/summit_snar_main_repair_20260919_v2/runs/v2/episodes/test_gp_ei_scalarized_5102/query044.json,47752263360ccae30afb00964b9b2a3b32c6cf2bddf788c4b7648d10b22fed86
test_gp_ei_scalarized_5102,gp_ei_scalarized,5102,46,gp_ei_scalarized,0.30973927266895773,1.4309701025485992,1.3025298356078565,111.4321509283036,1.3025298356078565|1.4309701025485992|0.30973927266895773|111.4321509283036,False,46,,2455.0233770812893,15.186820215314764,1,0.0,,0,0,9.018351078033447,benchmark_extensions/summit_snar_main_repair_20260919_v2/runs/v2/episodes/test_gp_ei_scalarized_5102/query045.json,85b6df919350ac729a79c5fcc5ad4f72e109d6f13df9a431ffa7e826d4be2272
test_gp_ei_scalarized_5102,gp_ei_scalarized,5102,47,gp_ei_scalarized,0.30573241375386717,4.582807146012783,0.6287989085540175,46.33994506672025,0.6287989085540175|4.582807146012783|0.30573241375386717|46.33994506672025,False,47,,5559.682933881094,14.976378801179727,1,0.0,,0,0,5.382230520248413,benchmark_extensions/summit_snar_main_repair_20260919_v2/runs/v2/episodes/test_gp_ei_scalarized_5102/query046.json,d9799ab0b4ab70861fd1c8cf23c555d5a99b42cd22fb99fe94d54ad9fe78cb58
test_gp_ei_scalarized_5102,gp_ei_scalarized,5102,48,gp_ei_scalarized,0.3307209614664316,1.1784635111689568,1.097796366084367,37.73870919831097,1.097796366084367|1.1784635111689568|0.3307209614664316|37.73870919831097,False,48,,2694.7077801508726,16.531217615897496,1,0.0,,0,0,9.67301344871521,benchmark_extensions/summit_snar_main_repair_20260919_v2/runs/v2/episodes/test_gp_ei_scalarized_5102/query047.json,715dc22d2e8baf4b80685222b9b569a0b33d3fdf624cb1b8d7a3966b1310270e
test_gp_ei_scalarized_5102,gp_ei_scalarized,5102,49,gp_ei_scalarized,0.36938593238592154,2.9995189048349857,0.5599613259546459,108.25918131507933,0.5599613259546459|2.9995189048349857|0.36938593238592154|108.25918131507933,False,49,,5566.295033174946,16.650078418681016,1,0.0,,0,0,7.506786108016968,benchmark_extensions/summit_snar_main_repair_20260919_v2/runs/v2/episodes/test_gp_ei_scalarized_5102/query048.json,a644e5836adef83ff37d4bd660093b9dc70e4e042686c1b3ce92df7c14d3f42f
test_gp_ei_scalarized_5102,gp_ei_scalarized,5102,50,gp_ei_scalarized,0.22380239963531495,3.665744710713625,1.5127418930642307,39.69163974747062,1.5127418930642307|3.665744710713625|0.22380239963531495|39.69163974747062,False,50,,1695.5971583608844,19.544094607472694,1,0.0,,0,0,8.654753684997559,benchmark_extensions/summit_snar_main_repair_20260919_v2/runs/v2/episodes/test_gp_ei_scalarized_5102/query049.json,7eb9dd893bbde2d2479683910387a8e24dc87969b71613b76368ceb7ab46b7ae
test_gp_ei_scalarized_5103,gp_ei_scalarized,5103,1,paired_lhs_initial_design,0.11309831840379098,4.172383080168054,0.6935008376987399,81.43026926930229,0.6935008376987399|4.172383080168054|0.11309831840379098|81.43026926930229,False,1,,1807.1440542205332,39.12460524689903,1,0.0,,0,0,0.223588228225708,benchmark_extensions/summit_snar_main_repair_20260919_v2/runs/v2/episodes/test_gp_ei_scalarized_5103/query000.json,90bb44a1fbdd65008f65ebe987bfbd893b0c5ec6a19eaf04c55a34ab213a27cb
test_gp_ei_scalarized_5103,gp_ei_scalarized,5103,2,paired_lhs_initial_design,0.36112733486646664,2.8281403079007723,1.225307407640948,93.39601495614801,1.225307407640948|2.8281403079007723|0.36112733486646664|93.39601495614801,False,2,,2343.6930401385403,17.999097450704717,1,0.0,,0,0,0.21533727645874023,benchmark_extensions/summit_snar_main_repair_20260919_v2/runs/v2/episodes/test_gp_ei_scalarized_5103/query001.json,3d8785a6c03fea7f42a14d4e5f73d024b8e466c496f7c8d4e42f5bccf672ddc8
test_gp_ei_scalarized_5103,gp_ei_scalarized,5103,3,paired_lhs_initial_design,0.48277528840545547,4.325465383699287,1.7214778815692795,60.33822694843287,1.7214778815692795|4.325465383699287|0.48277528840545547|60.33822694843287,False,3,,2219.839792410461,14.721069094241134,1,0.0,,0,0,0.23009920120239258,benchmark_extensions/summit_snar_main_repair_20260919_v2/runs/v2/episodes/test_gp_ei_scalarized_5103/query002.json,50298a7d5cf5b170ffe1a4fb7a60c456e1deaf652366498801ceb56fe82e303b
test_gp_ei_scalarized_5103,gp_ei_scalarized,5103,4,paired_lhs_initial_design,0.18284784491267997,1.2999109988268753,0.9320151741421967,31.873563954014333,0.9320151741421967|1.2999109988268753|0.18284784491267997|31.873563954014333,False,4,,1242.803609050341,42.15236606138536,1,0.0,,0,0,0.21399331092834473,benchmark_extensions/summit_snar_main_repair_20260919_v2/runs/v2/episodes/test_gp_ei_scalarized_5103/query003.json,d69dbe792525c35e29f6599fa2c6cca9c6523b699ea3eca7f78904369d1e403c
test_gp_ei_scalarized_5103,gp_ei_scalarized,5103,5,paired_lhs_initial_design,0.32981778004758733,2.2896447971779685,1.443233898138733,102.23592955552782,1.443233898138733|2.2896447971779685|0.32981778004758733|102.23592955552782,False,5,,1833.2243518523883,19.099657708358567,1,0.0,,0,0,0.20917129516601562,benchmark_extensions/summit_snar_main_repair_20260919_v2/runs/v2/episodes/test_gp_ei_scalarized_5103/query004.json,1cc4b5f372aa40b1c6c72087c71d32d37b0c0cca22700cbf9b8d4a07bc398cae
test_gp_ei_scalarized_5103,gp_ei_scalarized,5103,6,gp_ei_scalarized,0.12554950639605522,4.889722637832165,1.9359658402390778,31.276674075052142,1.9359658402390778|4.889722637832165|0.12554950639605522|31.276674075052142,False,6,,749.3184469201726,34.159589185588565,1,0.0,,0,0,22.561413764953613,benchmark_extensions/summit_snar_main_repair_20260919_v2/runs/v2/episodes/test_gp_ei_scalarized_5103/query005.json,12d894b5154a199141759c21c4393a03b42c5f538002ae24729c2c95f2a01cc4
test_gp_ei_scalarized_5103,gp_ei_scalarized,5103,7,gp_ei_scalarized,0.49614663720130925,1.0807375274598598,0.5478947954252362,81.15627276711166,0.5478947954252362|1.0807375274598598|0.49614663720130925|81.15627276711166,False,7,,9733.63981988467,9.08970898894754,0,0.00010160583300744541,,0,0,8.98203420639038,benchmark_extensions/summit_snar_main_repair_20260919_v2/runs/v2/episodes/test_gp_ei_scalarized_5103/query006.json,904e0534f0f13bf5e470c7ddb5d884179d9bcc9625e6685e7937c94b36539a9b
test_gp_ei_scalarized_5103,gp_ei_scalarized,5103,8,gp_ei_scalarized,0.4821493849158287,2.0793171413242817,0.519168050494045,43.61480754800141,0.519168050494045|2.0793171413242817|0.4821493849158287|43.61480754800141,False,8,,10142.741999273687,9.573506767772788,0,5.502848920424519e-06,,0,0,6.857266187667847,benchmark_extensions/summit_snar_main_repair_20260919_v2/runs/v2/episodes/test_gp_ei_scalarized_5103/query007.json,cbd1500b40a8856ce7ad58751b8febaa1c5c7671cf0720cec154c2e79ce7ad7e
test_gp_ei_scalarized_5103,gp_ei_scalarized,5103,9,gp_ei_scalarized,0.4931722909212113,3.492514804005623,0.505628899205476,43.0633416865021,0.505628899205476|3.492514804005623|0.4931722909212113|43.0633416865021,False,9,,11228.024417600443,9.354933569210353,0,4.015615508257131e-05,,0,0,9.524168729782104,benchmark_extensions/summit_snar_main_repair_20260919_v2/runs/v2/episodes/test_gp_ei_scalarized_5103/query008.json,324e089754e15e14e968c410a84f7cfb9c2d0ed775f772c4d2df9c4ed129f378
test_gp_ei_scalarized_5103,gp_ei_scalarized,5103,10,gp_ei_scalarized,0.3192741312086582,1.3857388198375702,0.5009474889375269,117.39708353765309,0.5009474889375269|1.3857388198375702|0.3192741312086582|117.39708353765309,False,10,,7080.463178956903,13.622339972766445,1,0.0,,0,0,9.519605875015259,benchmark_extensions/summit_snar_main_repair_20260919_v2/runs/v2/episodes/test_gp_ei_scalarized_5103/query009.json,d4536e963e3cec53890e90706a639a48e36433224df1b76d23908f5c007d98b7
test_gp_ei_scalarized_5103,gp_ei_scalarized,5103,11,gp_ei_scalarized,0.49085277579724795,3.1456945315003395,0.5175910289399326,64.92528514936566,0.5175910289399326|3.1456945315003395|0.49085277579724795|64.92528514936566,False,11,,10370.90814311902,9.79911058346309,1,0.0,,0,0,8.930333375930786,benchmark_extensions/summit_snar_main_repair_20260919_v2/runs/v2/episodes/test_gp_ei_scalarized_5103/query010.json,375dc714acc84db9b8ddc7edfa9599c3c5af41bcd419c43d7f1c93c8134238a6
test_gp_ei_scalarized_5103,gp_ei_scalarized,5103,12,gp_ei_scalarized,0.4814077988266945,2.047273099422455,0.5078339404426515,59.59449171088636,0.5078339404426515|2.047273099422455|0.4814077988266945|59.59449171088636,False,12,,10832.809025412962,9.098153353434087,0,2.1711146597769293e-05,,0,0,6.565402030944824,benchmark_extensions/summit_snar_main_repair_20260919_v2/runs/v2/episodes/test_gp_ei_scalarized_5103/query011.json,1a2b5f496d952ce1b376dddf0860a794ca7c1960ad1e5a9324935dcb860a64b9
test_gp_ei_scalarized_5103,gp_ei_scalarized,5103,13,gp_ei_scalarized,0.3698552940040827,4.672037955373526,1.9823048328980803,32.378596952185035,1.9823048328980803|4.672037955373526|0.3698552940040827|32.378596952185035,False,13,,2015.5943351813844,13.45409603689353,1,0.0,,0,0,7.269082069396973,benchmark_extensions/summit_snar_main_repair_20260919_v2/runs/v2/episodes/test_gp_ei_scalarized_5103/query012.json,526634e9dc5705f35344ed3da88fa04d587ceb56355ef647651e43fbe0307731
test_gp_ei_scalarized_5103,gp_ei_scalarized,5103,14,gp_ei_scalarized,0.47060267552733426,1.02520702034235,0.5682562473230064,117.64473533257842,0.5682562473230064|1.02520702034235|0.47060267552733426|117.64473533257842,False,14,,9156.835163147432,9.249512791924914,1,0.0,,0,0,8.30540943145752,benchmark_extensions/summit_snar_main_repair_20260919_v2/runs/v2/episodes/test_gp_ei_scalarized_5103/query013.json,2fa90919e62399696ca921ef4aec13dc47903994b01bd1d73f8039e130981039
test_gp_ei_scalarized_5103,gp_ei_scalarized,5103,15,gp_ei_scalarized,0.4901508692651987,1.3460391126573086,1.990050830412656,36.03660014458001,1.990050830412656|1.3460391126573086|0.4901508692651987|36.03660014458001,False,15,,2767.3390186501074,8.853322039797765,0,1.8553870297144393e-05,,0,0,7.202211380004883,benchmark_extensions/summit_snar_main_repair_20260919_v2/runs/v2/episodes/test_gp_ei_scalarized_5103/query014.json,7ee885019d93fde420f96b708363ad5eafec140c06515baa1fcfa2d79bd161e0
test_gp_ei_scalarized_5103,gp_ei_scalarized,5103,16,gp_ei_scalarized,0.15062682181596757,1.3442828468978405,1.8866242025978863,31.57771130092442,1.8866242025978863|1.3442828468978405|0.15062682181596757|31.57771130092442,False,16,,649.7736499397322,39.394503542046984,1,0.0,,0,0,8.710795879364014,benchmark_extensions/summit_snar_main_repair_20260919_v2/runs/v2/episodes/test_gp_ei_scalarized_5103/query015.json,5585640a148c7cfb595fcf71563c86bbc23637c16aec91e25d32ed8f3284e34a
test_gp_ei_scalarized_5103,gp_ei_scalarized,5103,17,gp_ei_scalarized,0.21389362439513207,1.4482127279043198,1.301351918373257,57.97244760207832,1.301351918373257|1.4482127279043198|0.21389362439513207|57.97244760207832,False,17,,1792.2946737947962,20.63512522701898,1,0.0,,0,0,8.793957948684692,benchmark_extensions/summit_snar_main_repair_20260919_v2/runs/v2/episodes/test_gp_ei_scalarized_5103/query016.json,e44921af2f0a734a0c58cc17630b7df47de8f879a88a08f17b674cc2eb44517d
test_gp_ei_scalarized_5103,gp_ei_scalarized,5103,18,gp_ei_scalarized,0.47664162889122963,4.829598654061556,0.5082437274977565,90.69857181049883,0.5082437274977565|4.829598654061556|0.47664162889122963|90.69857181049883,False,18,,7159.642268834816,15.743182596084806,1,0.0,,0,0,7.540858507156372,benchmark_extensions/summit_snar_main_repair_20260919_v2/runs/v2/episodes/test_gp_ei_scalarized_5103/query017.json,f8a186bb94369d9b8fef7c60898b4981d2b6b1ec4ece029b44a8a5926b3c62d1
test_gp_ei_scalarized_5103,gp_ei_scalarized,5103,19,gp_ei_scalarized,0.4958932787179947,2.876503601670265,0.5199833931401372,107.10514948703349,0.5199833931401372|2.876503601670265|0.4958932787179947|107.10514948703349,False,19,,7730.995997440279,13.269895859984615,1,0.0,,0,0,8.461247205734253,benchmark_extensions/summit_snar_main_repair_20260919_v2/runs/v2/episodes/test_gp_ei_scalarized_5103/query018.json,1e52d263d39f885ca97ddb0d5e6804d3357105fc41132df8e2a57d6a08385274
test_gp_ei_scalarized_5103,gp_ei_scalarized,5103,20,gp_ei_scalarized,0.4805119395256042,1.4912494160234928,0.5207505538128316,99.0301560703665,0.5207505538128316|1.4912494160234928|0.4805119395256042|99.0301560703665,False,20,,10225.094370985138,9.209313432155204,1,0.0,,0,0,9.518910884857178,benchmark_extensions/summit_snar_main_repair_20260919_v2/runs/v2/episodes/test_gp_ei_scalarized_5103/query019.json,9fb832645dc5bb77e8108cd049267d5db4e4d6b5d432bd020c237152af8f3e26
test_gp_ei_scalarized_5103,gp_ei_scalarized,5103,21,gp_ei_scalarized,0.20066811852157118,1.6612753197550774,1.0222671371884644,101.16619281470776,1.0222671371884644|1.6612753197550774|0.20066811852157118|101.16619281470776,False,21,,2148.0994564590264,21.958248393034317,1,0.0,,0,0,6.852592468261719,benchmark_extensions/summit_snar_main_repair_20260919_v2/runs/v2/episodes/test_gp_ei_scalarized_5103/query020.json,acfa04e72baa832947284c78a45aaf992d72ceac2390fb04c5f05caacd3d1e5a
test_gp_ei_scalarized_5103,gp_ei_scalarized,5103,22,gp_ei_scalarized,0.49626112133264544,1.120497602969408,0.5435104984790087,47.88884893991053,0.5435104984790087|1.120497602969408|0.49626112133264544|47.88884893991053,False,22,,8175.016348336541,11.153507429433947,1,0.0,,0,0,7.105219841003418,benchmark_extensions/summit_snar_main_repair_20260919_v2/runs/v2/episodes/test_gp_ei_scalarized_5103/query021.json,11a94fe5eb1b9947f3f0f1d54d16e8f52e99a23ef7d027d5b813e25556fac2d9
test_gp_ei_scalarized_5103,gp_ei_scalarized,5103,23,gp_ei_scalarized,0.19304065555334093,4.993642222136259,1.9892112626694143,106.49337440729141,1.9892112626694143|4.993642222136259|0.19304065555334093|106.49337440729141,False,23,,343.07956075345544,76.51194572141952,1,0.0,,0,0,6.073319435119629,benchmark_extensions/summit_snar_main_repair_20260919_v2/runs/v2/episodes/test_gp_ei_scalarized_5103/query022.json,b30f745795b6a320780039d4063eda354117139f151ad09c90cfef2982951501
test_gp_ei_scalarized_5103,gp_ei_scalarized,5103,24,gp_ei_scalarized,0.2928009063005448,4.828460410237312,0.5233575869351625,109.40670426003635,0.5233575869351625|4.828460410237312|0.2928009063005448|109.40670426003635,False,24,,3936.811515875698,26.017791128561615,1,0.0,,0,0,9.989243507385254,benchmark_extensions/summit_snar_main_repair_20260919_v2/runs/v2/episodes/test_gp_ei_scalarized_5103/query023.json,a164a6235a7c8e78787f3d2c67ddea8949cf0bde382edcd8d086b14cc14a7466
test_gp_ei_scalarized_5103,gp_ei_scalarized,5103,25,gp_ei_scalarized,0.4433428786695004,1.7645163871347904,0.7614986151456833,87.06897773779929,0.7614986151456833|1.7645163871347904|0.4433428786695004|87.06897773779929,False,25,,6287.228246481574,10.34590121732855,1,0.0,,0,0,7.983505487442017,benchmark_extensions/summit_snar_main_repair_20260919_v2/runs/v2/episodes/test_gp_ei_scalarized_5103/query024.json,646b542167731ad6e737eeca2e9adec0de6a9cf9fc9dbac2eee997318b938267
test_gp_ei_scalarized_5103,gp_ei_scalarized,5103,26,gp_ei_scalarized,0.2398517917841673,1.8516537062823772,1.5440120063722134,112.47024561278522,1.5440120063722134|1.8516537062823772|0.2398517917841673|112.47024561278522,False,26,,1405.3275404476692,22.57900769697806,1,0.0,,0,0,7.247137069702148,benchmark_extensions/summit_snar_main_repair_20260919_v2/runs/v2/episodes/test_gp_ei_scalarized_5103/query025.json,7536b83dbe31e09a1098b12ae464a82a4a24a88a0b536fd4806cda1682aa20f9
test_gp_ei_scalarized_5103,gp_ei_scalarized,5103,27,gp_ei_scalarized,0.11809566020965577,3.3252573795616627,0.9871725109405816,37.52132588066161,0.9871725109405816|3.3252573795616627|0.11809566020965577|37.52132588066161,False,27,,1198.6551303803778,41.27471204784265,1,0.0,,0,0,11.53766942024231,benchmark_extensions/summit_snar_main_repair_20260919_v2/runs/v2/episodes/test_gp_ei_scalarized_5103/query026.json,666d1dd2e7e4d219693bf2b183b9e611e60fba25ce98dea83dd231b3fc3b4b1b
test_gp_ei_scalarized_5103,gp_ei_scalarized,5103,28,gp_ei_scalarized,0.3198273099958897,1.0074850730597973,1.9738789778202772,118.7785848788917,1.9738789778202772|1.0074850730597973|0.3198273099958897|118.7785848788917,False,28,,1803.3766672738116,13.43489894713328,1,0.0,,0,0,7.784547567367554,benchmark_extensions/summit_snar_main_repair_20260919_v2/runs/v2/episodes/test_gp_ei_scalarized_5103/query027.json,e4732a18336332f3a11e3939393f3dc4995cd60c13342db6ad55f4888c4cb79c
test_gp_ei_scalarized_5103,gp_ei_scalarized,5103,29,gp_ei_scalarized,0.47907970212399964,1.1465761065483093,0.5031544286757708,94.89594259299338,0.5031544286757708|1.1465761065483093|0.47907970212399964|94.89594259299338,False,29,,10622.193704866975,9.045124380095297,0,1.0502218382946182e-05,,0,0,8.006018161773682,benchmark_extensions/summit_snar_main_repair_20260919_v2/runs/v2/episodes/test_gp_ei_scalarized_5103/query028.json,0b0c2404ee202a555f95576a9bd5e38f0a68c5c7f315a1d7ba28d6178f892b63
test_gp_ei_scalarized_5103,gp_ei_scalarized,5103,30,gp_ei_scalarized,0.23088515847921373,1.3523200303316116,1.7923247660510242,101.94207566790283,1.7923247660510242|1.3523200303316116|0.23088515847921373|101.94207566790283,False,30,,1400.2854669838782,19.14985243426637,1,0.0,,0,0,13.926781177520752,benchmark_extensions/summit_snar_main_repair_20260919_v2/runs/v2/episodes/test_gp_ei_scalarized_5103/query029.json,e1e83016c74438ef17aa6bfd0ac7749c80f4efa6d5b15cb326f19f4fba337670
test_gp_ei_scalarized_5103,gp_ei_scalarized,5103,31,gp_ei_scalarized,0.12801468446850778,2.2491003051400185,1.0636301096528769,119.03757738880813,1.0636301096528769|2.2491003051400185|0.12801468446850778|119.03757738880813,False,31,,1180.6451706911434,38.503585406896455,1,0.0,,0,0,8.100643157958984,benchmark_extensions/summit_snar_main_repair_20260919_v2/runs/v2/episodes/test_gp_ei_scalarized_5103/query030.json,51dc75db834819bf60e139e0d3099f556f2ab854d1e6f5f97976853a019c11d8
test_gp_ei_scalarized_5103,gp_ei_scalarized,5103,32,gp_ei_scalarized,0.22851615324616434,3.134451203048229,1.9804814239032567,50.278581166639924,1.9804814239032567|3.134451203048229|0.22851615324616434|50.278581166639924,False,32,,1269.5407668226496,19.792419345346893,1,0.0,,0,0,7.855015516281128,benchmark_extensions/summit_snar_main_repair_20260919_v2/runs/v2/episodes/test_gp_ei_scalarized_5103/query031.json,22800c6c4147c6e457eb96357260a9a5afa5ac41f260ca9210e00d9e782ebf01
test_gp_ei_scalarized_5103,gp_ei_scalarized,5103,33,gp_ei_scalarized,0.4979277398437262,1.6387196965515614,0.5027632340788841,67.61911634355783,0.5027632340788841|1.6387196965515614|0.4979277398437262|67.61911634355783,False,33,,11247.944307160878,8.720923494061422,0,0.0002111126695175658,,0,0,10.057672023773193,benchmark_extensions/summit_snar_main_repair_20260919_v2/runs/v2/episodes/test_gp_ei_scalarized_5103/query032.json,d7a8ab5d51672deed4275f8319d72049effd246d70d3f33fae4d9bcc8dc22534
test_gp_ei_scalarized_5103,gp_ei_scalarized,5103,34,gp_ei_scalarized,0.10648737251758576,2.6559175550937653,1.3890789146535099,92.51961529254913,1.3890789146535099|2.6559175550937653|0.10648737251758576|92.51961529254913,False,34,,814.0730907007419,42.702995847862056,1,0.0,,0,0,8.164997577667236,benchmark_extensions/summit_snar_main_repair_20260919_v2/runs/v2/episodes/test_gp_ei_scalarized_5103/query033.json,ff707c1fa45a7293ce7f085ccc708d080163192c4e018cd84ecd2aab3c32dbd0
test_gp_ei_scalarized_5103,gp_ei_scalarized,5103,35,gp_ei_scalarized,0.35984756685793406,4.367337621748447,0.922870303504169,107.64629990793765,0.922870303504169|4.367337621748447|0.35984756685793406|107.64629990793765,False,35,,1856.7032787401881,32.13893935166418,1,0.0,,0,0,6.708745956420898,benchmark_extensions/summit_snar_main_repair_20260919_v2/runs/v2/episodes/test_gp_ei_scalarized_5103/query034.json,870f59cc9d1635ed83ed54f55cb597ed82b6eb103e7eaa8f8eddab0c1ef15bf8
test_gp_ei_scalarized_5103,gp_ei_scalarized,5103,36,gp_ei_scalarized,0.49258160442113874,2.6892579048871994,0.5020737736485898,33.16850172355771,0.5020737736485898|2.6892579048871994|0.49258160442113874|33.16850172355771,False,36,,10595.397527604055,9.743140742892338,1,0.0,,0,0,10.975780487060547,benchmark_extensions/summit_snar_main_repair_20260919_v2/runs/v2/episodes/test_gp_ei_scalarized_5103/query035.json,b5570ea4f5b0d6f86b7666ce00b6b15bafa64cb0435c248672148d674e5716ea
test_gp_ei_scalarized_5103,gp_ei_scalarized,5103,37,gp_ei_scalarized,0.34523168466985227,2.1414478980004787,0.7466928507201374,89.47325290180743,0.7466928507201374|2.1414478980004787|0.34523168466985227|89.47325290180743,False,37,,4863.60544006479,13.682542425161179,1,0.0,,0,0,10.93068242073059,benchmark_extensions/summit_snar_main_repair_20260919_v2/runs/v2/episodes/test_gp_ei_scalarized_5103/query036.json,0caf3ec21c2597a5809ce5967d5e3626fc9094375631a0560c7e047919f0d6c5
test_gp_ei_scalarized_5103,gp_ei_scalarized,5103,38,gp_ei_scalarized,0.4471033822745085,2.615933518856764,1.42682053335011,103.02392162382603,1.42682053335011|2.615933518856764|0.4471033822745085|103.02392162382603,False,38,,1920.6453185415871,19.35917722922888,1,0.0,,0,0,9.074976205825806,benchmark_extensions/summit_snar_main_repair_20260919_v2/runs/v2/episodes/test_gp_ei_scalarized_5103/query037.json,e4a56fa9fe59f8d79b084f464b356e9acbebf57ac23fbce34ed7165f1dce85f6
test_gp_ei_scalarized_5103,gp_ei_scalarized,5103,39,gp_ei_scalarized,0.494384478405118,2.497040279209614,0.5110704181715846,68.52018434554338,0.5110704181715846|2.497040279209614|0.494384478405118|68.52018434554338,False,39,,10781.490435929776,9.287978284221229,1,0.0,,0,0,9.677310466766357,benchmark_extensions/summit_snar_main_repair_20260919_v2/runs/v2/episodes/test_gp_ei_scalarized_5103/query038.json,93bb33d7417bbbd96bfecf2cbaa0cf2847c3776a052c186ab5054428effda163
test_gp_ei_scalarized_5103,gp_ei_scalarized,5103,40,gp_ei_scalarized,0.48722426816821096,4.680125534534454,0.5140561442822218,62.52668344415724,0.5140561442822218|4.680125534534454|0.48722426816821096|62.52668344415724,False,40,,9809.067698618088,11.107469125668997,1,0.0,,0,0,11.972354412078857,benchmark_extensions/summit_snar_main_repair_20260919_v2/runs/v2/episodes/test_gp_ei_scalarized_5103/query039.json,007c73032664ca78b3f6bc149d2b105841c4f234fe83ff81bb2c2fb584d76d85
test_gp_ei_scalarized_5103,gp_ei_scalarized,5103,41,gp_ei_scalarized,0.44821135699748993,1.153822872787714,1.0348300454206765,82.6327333599329,1.0348300454206765|1.153822872787714|0.44821135699748993|82.6327333599329,False,41,,4902.267058401278,9.502600194066375,1,0.0,,0,0,10.446552991867065,benchmark_extensions/summit_snar_main_repair_20260919_v2/runs/v2/episodes/test_gp_ei_scalarized_5103/query040.json,8d855c4b87f0b3e80c110a256e48f8fc5928b29db38be2998d1a4ad9466eeaaa
test_gp_ei_scalarized_5103,gp_ei_scalarized,5103,42,gp_ei_scalarized,0.30753379724919794,1.5494940541684628,1.5286290082149208,99.94753039442003,1.5286290082149208|1.5494940541684628|0.30753379724919794|99.94753039442003,False,42,,2062.5293367510744,15.45594752383299,1,0.0,,0,0,10.909577369689941,benchmark_extensions/summit_snar_main_repair_20260919_v2/runs/v2/episodes/test_gp_ei_scalarized_5103/query041.json,034eb8b1ff316adfbdea33963116cd08c472e5a90cb4d606a3133bdefe41677b
test_gp_ei_scalarized_5103,gp_ei_scalarized,5103,43,gp_ei_scalarized,0.17368856370449065,4.102936193346977,1.1060801576822996,59.86309289932251,1.1060801576822996|4.102936193346977|0.17368856370449065|59.86309289932251,False,43,,1738.9801938223015,25.93741214789306,1,0.0,,0,0,8.354584693908691,benchmark_extensions/summit_snar_main_repair_20260919_v2/runs/v2/episodes/test_gp_ei_scalarized_5103/query042.json,d7b60ef472b6d4be2594cc29fd6533e98a1dc2c9ef9078621cb6e1c9395632f5
test_gp_ei_scalarized_5103,gp_ei_scalarized,5103,44,gp_ei_scalarized,0.49352590553462505,4.133537583053112,0.5213759583421052,46.928958082571626,0.5213759583421052|4.133537583053112|0.49352590553462505|46.928958082571626,False,44,,10712.414921062098,9.765281154527727,1,0.0,,0,0,13.607837915420532,benchmark_extensions/summit_snar_main_repair_20260919_v2/runs/v2/episodes/test_gp_ei_scalarized_5103/query043.json,bb54707c5b8bfb6a1634facbbac4edc52f413df98552962f5271cb83f934edfa
test_gp_ei_scalarized_5103,gp_ei_scalarized,5103,45,gp_ei_scalarized,0.23595677688717842,2.566880516707897,0.8902392485179007,83.29032769426703,0.8902392485179007|2.566880516707897|0.23595677688717842|83.29032769426703,False,45,,2828.27065420725,19.59708430027369,1,0.0,,0,0,11.374095916748047,benchmark_extensions/summit_snar_main_repair_20260919_v2/runs/v2/episodes/test_gp_ei_scalarized_5103/query044.json,704a15ee875e4c72c5f11d64a7c8feea9a46296182ac2bd2f9243e3de7d445a3
test_gp_ei_scalarized_5103,gp_ei_scalarized,5103,46,gp_ei_scalarized,0.2088525015860796,3.8467058278620243,1.7060821363702416,50.91481137089431,1.7060821363702416|3.8467058278620243|0.2088525015860796|50.91481137089431,False,46,,1336.6432417314218,22.016115219989288,1,0.0,,0,0,9.792881488800049,benchmark_extensions/summit_snar_main_repair_20260919_v2/runs/v2/episodes/test_gp_ei_scalarized_5103/query045.json,6e18dd9af2810e154d0d91390506e146e5fbb295d01ffade9fe4ab0c26a7dbd5
test_gp_ei_scalarized_5103,gp_ei_scalarized,5103,47,gp_ei_scalarized,0.48325399681925774,1.6757970415055752,0.5037906542420387,116.38606977649033,0.5037906542420387|1.6757970415055752|0.48325399681925774|116.38606977649033,False,47,,9680.184872268605,10.222818899525704,1,0.0,,0,0,7.068097352981567,benchmark_extensions/summit_snar_main_repair_20260919_v2/runs/v2/episodes/test_gp_ei_scalarized_5103/query046.json,6b1a6549990ba5f9106286cbbe9c9f883a663606bd00f87f586172468d69ddb8
test_gp_ei_scalarized_5103,gp_ei_scalarized,5103,48,gp_ei_scalarized,0.2031889334321022,3.2202609851956367,0.5832403800450265,64.10022298805416,0.5832403800450265|3.2202609851956367|0.2031889334321022|64.10022298805416,False,48,,3981.3908524714434,21.31604338273943,1,0.0,,0,0,10.645102500915527,benchmark_extensions/summit_snar_main_repair_20260919_v2/runs/v2/episodes/test_gp_ei_scalarized_5103/query047.json,7eba81efec75a1da93846be24574613334b4a0c06e6229972c2ab03ab08e6909
test_gp_ei_scalarized_5103,gp_ei_scalarized,5103,49,gp_ei_scalarized,0.19691224060952664,1.0527441874146461,1.3750587929971516,51.151474826037884,1.3750587929971516|1.0527441874146461|0.19691224060952664|51.151474826037884,False,49,,1279.2538340049198,27.382495876938716,1,0.0,,0,0,8.41825819015503,benchmark_extensions/summit_snar_main_repair_20260919_v2/runs/v2/episodes/test_gp_ei_scalarized_5103/query048.json,9ebbc9846715f66d2b4c4783e589905499dc97872fa3af9921c22a5e63a1439a
test_gp_ei_scalarized_5103,gp_ei_scalarized,5103,50,gp_ei_scalarized,0.41677538901567457,1.043129626661539,1.3902129330672324,110.29279564507306,1.3902129330672324|1.043129626661539|0.41677538901567457|110.29279564507306,False,50,,3368.5999272251165,10.245276491292028,1,0.0,,0,0,10.541254043579102,benchmark_extensions/summit_snar_main_repair_20260919_v2/runs/v2/episodes/test_gp_ei_scalarized_5103/query049.json,d75d063f5bf9ffdc40d55208f0e4c710ef3ced6e3b0d11e0dcf134791f8cae8b
test_gp_ei_scalarized_5104,gp_ei_scalarized,5104,1,paired_lhs_initial_design,0.31790146587040014,3.8591472345078754,1.8289547975435245,42.00041088025908,1.8289547975435245|3.8591472345078754|0.31790146587040014|42.00041088025908,False,1,,1880.2594463633836,15.047836871582398,1,0.0,,0,0,0.26771998405456543,benchmark_extensions/summit_snar_main_repair_20260919_v2/runs/v2/episodes/test_gp_ei_scalarized_5104/query000.json,5269faf827e08478ab1e99b57cd3009ab194d78602b39e60ae0b142e41b43ec6
test_gp_ei_scalarized_5104,gp_ei_scalarized,5104,2,paired_lhs_initial_design,0.3607893453399905,4.83502315773377,0.9526927618802967,54.33341214189217,0.9526927618802967|4.83502315773377|0.3607893453399905|54.33341214189217,False,2,,3915.852889081124,14.4752587281563,1,0.0,,0,0,0.24990606307983398,benchmark_extensions/summit_snar_main_repair_20260919_v2/runs/v2/episodes/test_gp_ei_scalarized_5104/query001.json,48deb4f3df0a93838916838faee28509142e308f866f9b355e4e86d8d17f37dc
test_gp_ei_scalarized_5104,gp_ei_scalarized,5104,3,paired_lhs_initial_design,0.2376365665243462,1.9578490605696615,0.7129337102580471,103.43001655917593,0.7129337102580471|1.9578490605696615|0.2376365665243462|103.43001655917593,False,3,,3556.33524700724,19.223326187327277,1,0.0,,0,0,0.24352121353149414,benchmark_extensions/summit_snar_main_repair_20260919_v2/runs/v2/episodes/test_gp_ei_scalarized_5104/query002.json,c4d7e47acd8186aebda605fdd39b3682e6d84744d895f9d24623106ad86e854f
test_gp_ei_scalarized_5104,gp_ei_scalarized,5104,4,paired_lhs_initial_design,0.4536484219286061,3.335432211344853,1.3455687104230876,94.24717445554151,1.3455687104230876|3.335432211344853|0.4536484219286061|94.24717445554151,False,4,,1946.0240711150989,20.880125039703653,1,0.0,,0,0,0.24681305885314941,benchmark_extensions/summit_snar_main_repair_20260919_v2/runs/v2/episodes/test_gp_ei_scalarized_5104/query003.json,7586d3bbb3b531b4a779f80a1a35e36a33ef0e29e222038555bcc6d9c919a882
test_gp_ei_scalarized_5104,gp_ei_scalarized,5104,5,paired_lhs_initial_design,0.14906642618731591,1.551717619834617,1.4743808771630154,68.01227141274958,1.4743808771630154|1.551717619834617|0.14906642618731591|68.01227141274958,False,5,,1131.707597446874,28.710781801360213,1,0.0,,0,0,0.26221704483032227,benchmark_extensions/summit_snar_main_repair_20260919_v2/runs/v2/episodes/test_gp_ei_scalarized_5104/query004.json,10695ec1f3b111ffa030ddc70e4aee201866af47047c82a66423382fb73d2d4b
test_gp_ei_scalarized_5104,gp_ei_scalarized,5104,6,gp_ei_scalarized,0.49412971101701264,2.3659989796578884,0.5318747516721487,34.98724118806422,0.5318747516721487|2.3659989796578884|0.49412971101701264|34.98724118806422,False,6,,9954.935938746306,9.671608969538163,0,1.3147974039395827e-05,,0,0,20.84687614440918,benchmark_extensions/summit_snar_main_repair_20260919_v2/runs/v2/episodes/test_gp_ei_scalarized_5104/query005.json,effab7e4cfa11fae915c4afdf7895a5738ee2ff5f1fba40512eca8deeeb22ee5
test_gp_ei_scalarized_5104,gp_ei_scalarized,5104,7,gp_ei_scalarized,0.49358070977032187,1.3089583851397038,0.5731911961920559,116.8723483197391,0.5731911961920559|1.3089583851397038|0.49358070977032187|116.8723483197391,False,7,,9377.700234812171,9.075593147806973,0,7.562318086196118e-05,,0,0,10.851674795150757,benchmark_extensions/summit_snar_main_repair_20260919_v2/runs/v2/episodes/test_gp_ei_scalarized_5104/query006.json,7449e7b0214f0b7cb4b129c277c6ba43aff4657a25f7eebb2b41d72a7cee5aea
test_gp_ei_scalarized_5104,gp_ei_scalarized,5104,8,gp_ei_scalarized,0.1445685088634491,1.0242813639342785,1.946335124783218,30.12297132052481,1.946335124783218|1.0242813639342785|0.1445685088634491|30.12297132052481,False,8,,489.30392466513274,50.72122721934087,1,0.0,,0,0,11.093857288360596,benchmark_extensions/summit_snar_main_repair_20260919_v2/runs/v2/episodes/test_gp_ei_scalarized_5104/query007.json,88086236e267ed6908da6c11b06423e6034cd2510472c556b8403449f8c7b62a
test_gp_ei_scalarized_5104,gp_ei_scalarized,5104,9,gp_ei_scalarized,0.4920403447002173,1.0322652645409107,0.5057394606992602,115.35154754295945,0.5057394606992602|1.0322652645409107|0.4920403447002173|115.35154754295945,False,9,,10748.060215248792,8.864766429408418,0,0.00016163658161305605,,0,0,5.519499778747559,benchmark_extensions/summit_snar_main_repair_20260919_v2/runs/v2/episodes/test_gp_ei_scalarized_5104/query008.json,0327b9711ebcabb18792f7175bc0e1bf8b4d2c3c2a64ed423234af4d3b6c1e6d
test_gp_ei_scalarized_5104,gp_ei_scalarized,5104,10,gp_ei_scalarized,0.49906820580363276,3.057805087417364,0.5275526344776154,39.34648856520653,0.5275526344776154|3.057805087417364|0.49906820580363276|39.34648856520653,False,10,,10835.097960000734,9.149462440907842,0,4.062641645430354e-06,,0,0,7.025392293930054,benchmark_extensions/summit_snar_main_repair_20260919_v2/runs/v2/episodes/test_gp_ei_scalarized_5104/query009.json,274a66fdc6ab4df37ee1797ac27ee61004a1e66a230143a2756eabd3ef51f8d7
test_gp_ei_scalarized_5104,gp_ei_scalarized,5104,11,gp_ei_scalarized,0.49282677136361597,1.2330551892518997,0.5068256561644375,37.53380695357919,0.5068256561644375|1.2330551892518997|0.49282677136361597|37.53380695357919,False,11,,7861.123213926326,12.612935692232378,1,0.0,,0,0,7.958794593811035,benchmark_extensions/summit_snar_main_repair_20260919_v2/runs/v2/episodes/test_gp_ei_scalarized_5104/query010.json,50e697f5e3a421f9c21c2a89030f0c500c7912a463f9de7c5b5dc294427595d4
test_gp_ei_scalarized_5104,gp_ei_scalarized,5104,12,gp_ei_scalarized,0.10922181867063047,4.850710202008486,1.9972096476703882,50.06553062237799,1.9972096476703882|4.850710202008486|0.10922181867063047|50.06553062237799,False,12,,610.5047338126672,40.418743923563056,1,0.0,,0,0,8.482661008834839,benchmark_extensions/summit_snar_main_repair_20260919_v2/runs/v2/episodes/test_gp_ei_scalarized_5104/query011.json,1385e5e485a1167e592cbdf5ea721ec83d46b639a8604248a489b2eeb7a2f86e
test_gp_ei_scalarized_5104,gp_ei_scalarized,5104,13,gp_ei_scalarized,0.47535256296396255,4.421985704451799,0.5022303643636405,72.68084079958498,0.5022303643636405|4.421985704451799|0.47535256296396255|72.68084079958498,False,13,,9288.099967790942,11.898258955552087,1,0.0,,0,0,9.406733274459839,benchmark_extensions/summit_snar_main_repair_20260919_v2/runs/v2/episodes/test_gp_ei_scalarized_5104/query012.json,1ba8253b0b8ceb9bc5d47bb4356e4ffa69317a53680a78dc1c448241a6a8da15
test_gp_ei_scalarized_5104,gp_ei_scalarized,5104,14,gp_ei_scalarized,0.46876621432602406,1.5043623447418213,0.5032596467062831,63.75684969127178,0.5032596467062831|1.5043623447418213|0.46876621432602406|63.75684969127178,False,14,,10294.533205541271,9.477750541765568,1,0.0,,0,0,10.74668574333191,benchmark_extensions/summit_snar_main_repair_20260919_v2/runs/v2/episodes/test_gp_ei_scalarized_5104/query013.json,77fdbb2f18c04f3792592a08a703879fa8ce3387490a0fed2f9f8e1517d47b26
test_gp_ei_scalarized_5104,gp_ei_scalarized,5104,15,gp_ei_scalarized,0.4984016228467226,2.375506781041622,0.506585918366909,102.39731350913644,0.506585918366909|2.375506781041622|0.4984016228467226|102.39731350913644,False,15,,9271.590730900654,11.011641068659314,1,0.0,,0,0,6.588497638702393,benchmark_extensions/summit_snar_main_repair_20260919_v2/runs/v2/episodes/test_gp_ei_scalarized_5104/query014.json,584e3279d571910af0cf272dbaf678877c26e5ccfe3993547101c5743dd77758
test_gp_ei_scalarized_5104,gp_ei_scalarized,5104,16,gp_ei_scalarized,0.48709731288254265,1.222310859709978,0.5166626856662333,97.27074975147843,0.5166626856662333|1.222310859709978|0.48709731288254265|97.27074975147843,False,16,,10645.450545465397,8.805514806322348,0,4.8520017177033914e-05,,0,0,7.532994747161865,benchmark_extensions/summit_snar_main_repair_20260919_v2/runs/v2/episodes/test_gp_ei_scalarized_5104/query015.json,db680d67f21c05272cefafea8e0e189dbf8a833b63d4f9e6f293dfa0524a2bb2
test_gp_ei_scalarized_5104,gp_ei_scalarized,5104,17,gp_ei_scalarized,0.4699236586689949,4.955067228525877,1.8551204269751906,31.915831407532096,1.8551204269751906|4.955067228525877|0.4699236586689949|31.915831407532096,False,17,,2655.2297042272953,11.408431332496606,1,0.0,,0,0,8.03043246269226,benchmark_extensions/summit_snar_main_repair_20260919_v2/runs/v2/episodes/test_gp_ei_scalarized_5104/query016.json,8db2911815cd48a8b4cfd9083925dc655e460f5d0786970710a94d9209c19c2c
test_gp_ei_scalarized_5104,gp_ei_scalarized,5104,18,gp_ei_scalarized,0.1222720168530941,2.022252269089222,1.1163946902379394,68.00785057246685,1.1163946902379394|2.022252269089222|0.1222720168530941|68.00785057246685,False,18,,1227.2441153896882,35.06926038512335,1,0.0,,0,0,5.8923516273498535,benchmark_extensions/summit_snar_main_repair_20260919_v2/runs/v2/episodes/test_gp_ei_scalarized_5104/query017.json,ea2e1396ecac630d210a9cc69ab90108d1eea646515e43966a1d1d15b6f56d0e
test_gp_ei_scalarized_5104,gp_ei_scalarized,5104,19,gp_ei_scalarized,0.4999272204935551,2.0201057493686676,0.5006102891638875,66.68758305720985,0.5006102891638875|2.0201057493686676|0.4999272204935551|66.68758305720985,False,19,,11387.017992811143,8.787999015956448,0,5.847726719898638e-05,,0,0,8.86638879776001,benchmark_extensions/summit_snar_main_repair_20260919_v2/runs/v2/episodes/test_gp_ei_scalarized_5104/query018.json,02f8cd2af6d666178139025b31e15fe1d515cf6128e9ea4bf8f7875aea4a3d99
test_gp_ei_scalarized_5104,gp_ei_scalarized,5104,20,gp_ei_scalarized,0.2768036808818579,1.0283987782895565,0.5041844542138278,104.22639867290854,0.5041844542138278|1.0283987782895565|0.2768036808818579|104.22639867290854,False,20,,5757.301815579674,16.533039072955887,1,0.0,,0,0,11.290672302246094,benchmark_extensions/summit_snar_main_repair_20260919_v2/runs/v2/episodes/test_gp_ei_scalarized_5104/query019.json,b6913a68fe1eb284c258b2abebb3b75492971b1dc55ef2b50589ae8268891601
test_gp_ei_scalarized_5104,gp_ei_scalarized,5104,21,gp_ei_scalarized,0.2840533938258887,2.66157403588295,0.662110551726073,110.01692139543593,0.662110551726073|2.66157403588295|0.2840533938258887|110.01692139543593,False,21,,3888.6902845561426,19.5261149952633,1,0.0,,0,0,6.285634517669678,benchmark_extensions/summit_snar_main_repair_20260919_v2/runs/v2/episodes/test_gp_ei_scalarized_5104/query020.json,9e15c6f1117492cdb2a4a666d155b2dd9dd4e71e26a8d58313c03d8f7b9119ea
test_gp_ei_scalarized_5104,gp_ei_scalarized,5104,22,gp_ei_scalarized,0.30251963138580323,1.8556422851979733,0.7098683910444379,92.05513740889728,0.7098683910444379|1.8556422851979733|0.30251963138580323|92.05513740889728,False,22,,4672.463113141323,14.745936880768,1,0.0,,0,0,10.928150177001953,benchmark_extensions/summit_snar_main_repair_20260919_v2/runs/v2/episodes/test_gp_ei_scalarized_5104/query021.json,9476debf3a16a3d12b87265aea166ade8be7029fff4f4db7fccc4a67afb905e1
test_gp_ei_scalarized_5104,gp_ei_scalarized,5104,23,gp_ei_scalarized,0.48068002611398697,4.072707314044237,0.5076779979281127,58.93362130969763,0.5076779979281127|4.072707314044237|0.48068002611398697|58.93362130969763,False,23,,10284.415958259207,10.423821070725305,1,0.0,,0,0,8.684773445129395,benchmark_extensions/summit_snar_main_repair_20260919_v2/runs/v2/episodes/test_gp_ei_scalarized_5104/query022.json,ed086cf484ea8e81ac14cefbb8d495ad4e0b72f473533c02de655e7632303354
test_gp_ei_scalarized_5104,gp_ei_scalarized,5104,24,gp_ei_scalarized,0.45127188153564934,2.9154600724577904,0.6168229416944087,106.48755895905197,0.6168229416944087|2.9154600724577904|0.45127188153564934|106.48755895905197,False,24,,5755.071716151658,14.923681300336726,1,0.0,,0,0,7.01859974861145,benchmark_extensions/summit_snar_main_repair_20260919_v2/runs/v2/episodes/test_gp_ei_scalarized_5104/query023.json,4efcca9335eda4e72117724b9fff7254ef8d0d443e644ee64fe3afcc9251f819
test_gp_ei_scalarized_5104,gp_ei_scalarized,5104,25,gp_ei_scalarized,0.11017368957400323,4.9383872002363205,0.5219475133344531,111.55636008828878,0.5219475133344531|4.9383872002363205|0.11017368957400323|111.55636008828878,False,25,,2032.3921568131368,46.656099067074734,1,0.0,,0,0,9.593064069747925,benchmark_extensions/summit_snar_main_repair_20260919_v2/runs/v2/episodes/test_gp_ei_scalarized_5104/query024.json,2c52899dd776a36a56b2e3f92e4b1feec75c8231c80815f1ad7b51c183930d25
test_gp_ei_scalarized_5104,gp_ei_scalarized,5104,26,gp_ei_scalarized,0.2526562035083771,2.2189598865807056,1.8723860830068588,65.69006005302072,1.8723860830068588|2.2189598865807056|0.2526562035083771|65.69006005302072,False,26,,1461.1551676432348,17.93703306870404,1,0.0,,0,0,12.899932861328125,benchmark_extensions/summit_snar_main_repair_20260919_v2/runs/v2/episodes/test_gp_ei_scalarized_5104/query025.json,729606d161afd81d5ba44b0beae97538799703d7b85fd6673966b01a1e8947bc
test_gp_ei_scalarized_5104,gp_ei_scalarized,5104,27,gp_ei_scalarized,0.48988329879939563,4.858172692358494,0.9626439749263227,60.05567475222051,0.9626439749263227|4.858172692358494|0.48988329879939563|60.05567475222051,False,27,,4653.552916909094,12.714764204885146,1,0.0,,0,0,10.033735036849976,benchmark_extensions/summit_snar_main_repair_20260919_v2/runs/v2/episodes/test_gp_ei_scalarized_5104/query026.json,90bc1318272b61988c9611b7934e2eef6d8af861d93b535607a184b7ff4d3f41
test_gp_ei_scalarized_5104,gp_ei_scalarized,5104,28,gp_ei_scalarized,0.4309968870133162,1.0257045067846775,1.968887702561915,31.109926253557205,1.968887702561915|1.0257045067846775|0.4309968870133162|31.109926253557205,False,28,,2086.6386631800533,11.882359459723862,1,0.0,,0,0,10.002047300338745,benchmark_extensions/summit_snar_main_repair_20260919_v2/runs/v2/episodes/test_gp_ei_scalarized_5104/query027.json,43235cd52876b5d0e710f7032f083086e83b44cd9cb3f391832f23141839ea9a
test_gp_ei_scalarized_5104,gp_ei_scalarized,5104,29,gp_ei_scalarized,0.3954524680972099,2.040093954652548,1.9557706052437425,67.24560230970383,1.9557706052437425|2.040093954652548|0.3954524680972099|67.24560230970383,False,29,,2081.2583634373905,12.269033916269526,1,0.0,,0,0,8.522875547409058,benchmark_extensions/summit_snar_main_repair_20260919_v2/runs/v2/episodes/test_gp_ei_scalarized_5104/query028.json,8da4f08e27371a1f4aaebaa35258818ff470a281d5c5c8b9be703fdc62599d1f
test_gp_ei_scalarized_5104,gp_ei_scalarized,5104,30,gp_ei_scalarized,0.2729942187666893,2.515477452427149,1.4576806975528598,30.21061166189611,1.4576806975528598|2.515477452427149|0.2729942187666893|30.21061166189611,False,30,,2106.071772242315,16.120329092798958,1,0.0,,0,0,9.099858045578003,benchmark_extensions/summit_snar_main_repair_20260919_v2/runs/v2/episodes/test_gp_ei_scalarized_5104/query029.json,193713fc8e839d75eb0222494d404ec1e7c022725fb0ac8b59dda2df61512c0f
test_gp_ei_scalarized_5104,gp_ei_scalarized,5104,31,gp_ei_scalarized,0.30343858115375044,1.8837175890803337,0.6173141826875508,73.69437893852592,0.6173141826875508|1.8837175890803337|0.30343858115375044|73.69437893852592,False,31,,5598.352386737502,14.133639495212515,1,0.0,,0,0,4.672810077667236,benchmark_extensions/summit_snar_main_repair_20260919_v2/runs/v2/episodes/test_gp_ei_scalarized_5104/query030.json,e437d9f030a292d1b651c5faaba5add8fd315f05e65be716881eb014200cfe78
test_gp_ei_scalarized_5104,gp_ei_scalarized,5104,32,gp_ei_scalarized,0.18051587715744974,2.5016304552555084,1.6198274088092148,59.895838145166636,1.6198274088092148|2.5016304552555084|0.18051587715744974|59.895838145166636,False,32,,1260.4562229778364,23.861441624208013,1,0.0,,0,0,9.905831336975098,benchmark_extensions/summit_snar_main_repair_20260919_v2/runs/v2/episodes/test_gp_ei_scalarized_5104/query031.json,9a9cb5c218742d8908066aa1ac78616336a5946ad7375f4ec690a2fe694b26df
test_gp_ei_scalarized_5104,gp_ei_scalarized,5104,33,gp_ei_scalarized,0.24379184730350972,4.8793179504573345,1.147475051227957,44.61891235783696,1.147475051227957|4.8793179504573345|0.24379184730350972|44.61891235783696,False,33,,2370.8412036708205,19.00660271626794,1,0.0,,0,0,11.74522614479065,benchmark_extensions/summit_snar_main_repair_20260919_v2/runs/v2/episodes/test_gp_ei_scalarized_5104/query032.json,79f5020b5aee741a71c2d6255761fc6fca92ab95c905635b1cb15290eeb90255
test_gp_ei_scalarized_5104,gp_ei_scalarized,5104,34,gp_ei_scalarized,0.4380974262952805,2.809237889945507,1.9181272685527802,112.99547008238733,1.9181272685527802|2.809237889945507|0.4380974262952805|112.99547008238733,False,34,,787.4808381990209,35.9864192353006,1,0.0,,0,0,7.578012466430664,benchmark_extensions/summit_snar_main_repair_20260919_v2/runs/v2/episodes/test_gp_ei_scalarized_5104/query033.json,17db2c7bdbb3730f634df4a09543680ed96d37a92da284a880b2209932fdc1d9
test_gp_ei_scalarized_5104,gp_ei_scalarized,5104,35,gp_ei_scalarized,0.32358540669083596,4.594818849116564,1.2931922879070044,58.15452475100756,1.2931922879070044|4.594818849116564|0.32358540669083596|58.15452475100756,False,35,,2446.289414671121,16.799578979141316,1,0.0,,0,0,12.385188341140747,benchmark_extensions/summit_snar_main_repair_20260919_v2/runs/v2/episodes/test_gp_ei_scalarized_5104/query034.json,b4eaf37a8164c2cbbaf67b1dc231ec02cf0e7e43a259fc604a49087360ff4230
test_gp_ei_scalarized_5104,gp_ei_scalarized,5104,36,gp_ei_scalarized,0.2972095113247633,1.840563427656889,1.9302320387214422,101.23341140337288,1.9302320387214422|1.840563427656889|0.2972095113247633|101.23341140337288,False,36,,1373.6587275153095,18.634017121349938,1,0.0,,0,0,9.173580169677734,benchmark_extensions/summit_snar_main_repair_20260919_v2/runs/v2/episodes/test_gp_ei_scalarized_5104/query035.json,200e532bee676e042bd621e6aff4efddfe0861b07b2130b9fb1d9597376055a3
test_gp_ei_scalarized_5104,gp_ei_scalarized,5104,37,gp_ei_scalarized,0.20007172413170338,4.050327479839325,0.6542546632699668,37.004823284223676,0.6542546632699668|4.050327479839325|0.20007172413170338|37.004823284223676,False,37,,3326.487555003955,23.11551634946754,1,0.0,,0,0,11.0213463306427,benchmark_extensions/summit_snar_main_repair_20260919_v2/runs/v2/episodes/test_gp_ei_scalarized_5104/query036.json,6af333aad5df93db08e1899e3158d610d18987772627ea3e9b6afba49b7122ad
test_gp_ei_scalarized_5104,gp_ei_scalarized,5104,38,gp_ei_scalarized,0.47463513128459456,2.5002159737050533,0.8804489341564476,45.19307306036353,0.8804489341564476|2.5002159737050533|0.47463513128459456|45.19307306036353,False,38,,6187.704618227235,9.341693746133256,1,0.0,,0,0,9.784225225448608,benchmark_extensions/summit_snar_main_repair_20260919_v2/runs/v2/episodes/test_gp_ei_scalarized_5104/query037.json,b8b738f883d7fa4e84c8aaf671ee3da18ba3eff3dfb508cf1358341ad3c09aef
test_gp_ei_scalarized_5104,gp_ei_scalarized,5104,39,gp_ei_scalarized,0.28046210594475274,1.283096607774496,1.3384061441756785,64.96461052447557,1.3384061441756785|1.283096607774496|0.28046210594475274|64.96461052447557,False,39,,2340.22281011557,15.354258178579117,1,0.0,,0,0,10.422234058380127,benchmark_extensions/summit_snar_main_repair_20260919_v2/runs/v2/episodes/test_gp_ei_scalarized_5104/query038.json,e0443303a880f26e423cb1fe6787f453c845458f74ee43cf61d6c6d8e126da26
test_gp_ei_scalarized_5104,gp_ei_scalarized,5104,40,gp_ei_scalarized,0.23968425132334234,2.1642808206379414,1.0585620407946408,41.927333967760205,1.0585620407946408|2.1642808206379414|0.23968425132334234|41.927333967760205,False,40,,2476.371809459729,18.673313270333352,1,0.0,,0,0,7.665760040283203,benchmark_extensions/summit_snar_main_repair_20260919_v2/runs/v2/episodes/test_gp_ei_scalarized_5104/query039.json,14c54c0274332f072180bd6f84855188d1caba2e2f5a8686ab1dabb49671eb77
test_gp_ei_scalarized_5104,gp_ei_scalarized,5104,41,gp_ei_scalarized,0.17741226591169834,1.2196164838969707,1.5533601068891585,104.52752483077347,1.5533601068891585|1.2196164838969707|0.17741226591169834|104.52752483077347,False,41,,1286.8888367620539,23.879426890379502,1,0.0,,0,0,11.588561534881592,benchmark_extensions/summit_snar_main_repair_20260919_v2/runs/v2/episodes/test_gp_ei_scalarized_5104/query040.json,98272265a07cf7852d036cb2f3285bf7834db9915397777e5dcb95588ff67c79
test_gp_ei_scalarized_5104,gp_ei_scalarized,5104,42,gp_ei_scalarized,0.49578958265483386,2.539326887577772,0.5104199755005538,42.99083168618381,0.5104199755005538|2.539326887577772|0.49578958265483386|42.99083168618381,False,42,,10993.086093995418,9.133397313791917,1,0.0,,0,0,9.702636241912842,benchmark_extensions/summit_snar_main_repair_20260919_v2/runs/v2/episodes/test_gp_ei_scalarized_5104/query041.json,cbd47659bbc749d36a4cc1da0577b34907c6b6ef7b27d37ae4ec01bb7017e661
test_gp_ei_scalarized_5104,gp_ei_scalarized,5104,43,gp_ei_scalarized,0.19230565056204796,2.2772223986685276,1.152566927485168,108.41304413974285,1.152566927485168|2.2772223986685276|0.19230565056204796|108.41304413974285,False,43,,1577.06836623248,26.926952824907396,1,0.0,,0,0,9.038740158081055,benchmark_extensions/summit_snar_main_repair_20260919_v2/runs/v2/episodes/test_gp_ei_scalarized_5104/query042.json,42048fe0a750d0cd228b1d7e27e0bcafb195c2968ad0eb16df70d9bb7096a738
test_gp_ei_scalarized_5104,gp_ei_scalarized,5104,44,gp_ei_scalarized,0.4543486267328263,4.342086706310511,0.9059898392297328,66.17485265247524,0.9059898392297328|4.342086706310511|0.4543486267328263|66.17485265247524,False,44,,4624.146381098502,13.182942442457165,1,0.0,,0,0,9.482028007507324,benchmark_extensions/summit_snar_main_repair_20260919_v2/runs/v2/episodes/test_gp_ei_scalarized_5104/query043.json,f7602d17f22af8a0ea99c7a495c261fc735e97ca1a688937ab431830741d54c6
test_gp_ei_scalarized_5104,gp_ei_scalarized,5104,45,gp_ei_scalarized,0.4966526985168457,3.1022713892161846,0.9555319985374808,118.62727811560035,0.9555319985374808|3.1022713892161846|0.4966526985168457|118.62727811560035,False,45,,2175.1758554703997,26.7437677410676,1,0.0,,0,0,12.19684100151062,benchmark_extensions/summit_snar_main_repair_20260919_v2/runs/v2/episodes/test_gp_ei_scalarized_5104/query044.json,2eec09819dffc62d72fe5bdc18757fa90cf8c883d17378ae50b903415bff1509
test_gp_ei_scalarized_5104,gp_ei_scalarized,5104,46,gp_ei_scalarized,0.2609050277620554,3.6594513803720474,1.8163554868660867,89.38915299251676,1.8163554868660867|3.6594513803720474|0.2609050277620554|89.38915299251676,False,46,,978.2550254237105,29.08246099266116,1,0.0,,0,0,11.15311312675476,benchmark_extensions/summit_snar_main_repair_20260919_v2/runs/v2/episodes/test_gp_ei_scalarized_5104/query045.json,331ba429ba97206935f4217ce644cf9e25fa5d1caff5f663d122e03997698a66
test_gp_ei_scalarized_5104,gp_ei_scalarized,5104,47,gp_ei_scalarized,0.4079199802130461,3.91414213180542,1.3859173920936882,108.70836406946182,1.3859173920936882|3.91414213180542|0.4079199802130461|108.70836406946182,False,47,,933.549831916366,43.204292591533026,1,0.0,,0,0,9.444077968597412,benchmark_extensions/summit_snar_main_repair_20260919_v2/runs/v2/episodes/test_gp_ei_scalarized_5104/query046.json,bc2c44848faa2795b9e1133e483a0b27d4d575b37ded6dbee026f7c6c3e3db2c
test_gp_ei_scalarized_5104,gp_ei_scalarized,5104,48,gp_ei_scalarized,0.36460449174046516,4.291246488690376,1.3802276235073805,33.40251171961427,1.3802276235073805|4.291246488690376|0.36460449174046516|33.40251171961427,False,48,,2976.492235895257,12.881543224510887,1,0.0,,0,0,11.60895562171936,benchmark_extensions/summit_snar_main_repair_20260919_v2/runs/v2/episodes/test_gp_ei_scalarized_5104/query047.json,258f85f24197adae635936e931fe38816085e22fc67b26f2aed6798d002c1aab
test_gp_ei_scalarized_5104,gp_ei_scalarized,5104,49,gp_ei_scalarized,0.3161760617047549,3.7602654322981834,1.9527884400449693,117.70353580825031,1.9527884400449693|3.7602654322981834|0.3161760617047549|117.70353580825031,False,49,,341.21422953155275,81.15018070490683,1,0.0,,0,0,7.931265592575073,benchmark_extensions/summit_snar_main_repair_20260919_v2/runs/v2/episodes/test_gp_ei_scalarized_5104/query048.json,91537a3661e5db2925863f7c145c1c3fba13271d5a18198114401183c9592e6d
test_gp_ei_scalarized_5104,gp_ei_scalarized,5104,50,gp_ei_scalarized,0.42316118516027934,4.815535709261894,1.3194346548989415,62.513179276138544,1.3194346548989415|4.815535709261894|0.42316118516027934|62.513179276138544,False,50,,2701.762748216684,15.665830520530848,1,0.0,,0,0,8.571988821029663,benchmark_extensions/summit_snar_main_repair_20260919_v2/runs/v2/episodes/test_gp_ei_scalarized_5104/query049.json,f6e8a2f3d5117bc1ad12f8da25dcc55ed4680f8829b761c3763700570edaf727
test_gp_ei_scalarized_5105,gp_ei_scalarized,5105,1,paired_lhs_initial_design,0.30133809026992875,3.7476985375999354,1.729886535208109,43.498235245511495,1.729886535208109|3.7476985375999354|0.30133809026992875|43.498235245511495,False,1,,1901.020549992376,15.61456997026866,1,0.0,,0,0,0.22872352600097656,benchmark_extensions/summit_snar_main_repair_20260919_v2/runs/v2/episodes/test_gp_ei_scalarized_5105/query000.json,464d45cd033c0d18e43c259758be7d84a467b7eaeef8a253cbeb6a77e7dc6c45
test_gp_ei_scalarized_5105,gp_ei_scalarized,5105,2,paired_lhs_initial_design,0.1435239924839975,4.8406249969701545,0.5498809545556314,50.105838362299764,0.5498809545556314|4.8406249969701545|0.1435239924839975|50.105838362299764,False,2,,2930.8864871713076,30.959099185565478,1,0.0,,0,0,0.21261024475097656,benchmark_extensions/summit_snar_main_repair_20260919_v2/runs/v2/episodes/test_gp_ei_scalarized_5105/query001.json,04f6f772f4d3665d220cdb649220705c1c1dd110a91c535ed16e0aeda729e513
test_gp_ei_scalarized_5105,gp_ei_scalarized,5105,3,paired_lhs_initial_design,0.4148181718371373,1.6603317909504258,1.31165211587873,90.78141711015381,1.31165211587873|1.6603317909504258|0.4148181718371373|90.78141711015381,False,3,,3227.517835569385,11.675925899671897,1,0.0,,0,0,0.22618770599365234,benchmark_extensions/summit_snar_main_repair_20260919_v2/runs/v2/episodes/test_gp_ei_scalarized_5105/query002.json,0c1d760949037bb32fae5a59872a6d9999e50f99083751a6584b9d5a88235607
test_gp_ei_scalarized_5105,gp_ei_scalarized,5105,4,paired_lhs_initial_design,0.2363098107685855,2.8844990673666073,1.410783746863957,112.49717179699385,1.410783746863957|2.8844990673666073|0.2363098107685855|112.49717179699385,False,4,,1121.5089210640303,31.923355237241246,1,0.0,,0,0,0.23572683334350586,benchmark_extensions/summit_snar_main_repair_20260919_v2/runs/v2/episodes/test_gp_ei_scalarized_5105/query003.json,175f8640d7dac2fcc6b2c2ca09cb89c1f741bf215d976316bf7bb43af8800d4c
test_gp_ei_scalarized_5105,gp_ei_scalarized,5105,5,paired_lhs_initial_design,0.4534370989647384,2.2225073912184032,0.9824813443306806,71.36682877109017,0.9824813443306806|2.2225073912184032|0.4534370989647384|71.36682877109017,False,5,,4897.515487574585,10.50462456830152,1,0.0,,0,0,0.22295308113098145,benchmark_extensions/summit_snar_main_repair_20260919_v2/runs/v2/episodes/test_gp_ei_scalarized_5105/query004.json,2b5a79c0bf46d6a59768bbb4b46ffaa9fc3ccdd7fd3306ef474dbee458567d97
test_gp_ei_scalarized_5105,gp_ei_scalarized,5105,6,gp_ei_scalarized,0.49725882261991505,1.28107400983572,0.5043891598470509,103.29263739287853,0.5043891598470509|1.28107400983572|0.49725882261991505|103.29263739287853,False,6,,11095.828992155399,8.680308635707512,0,0.0004316958876627863,,0,0,17.38838481903076,benchmark_extensions/summit_snar_main_repair_20260919_v2/runs/v2/episodes/test_gp_ei_scalarized_5105/query005.json,6a3d638835e3ead712922a34ff5adabe9606632f59330c1ae5098d2e0d1c5b79
test_gp_ei_scalarized_5105,gp_ei_scalarized,5105,7,gp_ei_scalarized,0.48935276493430135,1.9767542630434036,0.5274177249521017,55.41967839002609,0.5274177249521017|1.9767542630434036|0.48935276493430135|55.41967839002609,False,7,,10547.724463043827,8.985801168170246,1,0.0,,0,0,7.397176027297974,benchmark_extensions/summit_snar_main_repair_20260919_v2/runs/v2/episodes/test_gp_ei_scalarized_5105/query006.json,abef75201523e7bb170da783f86351be6d0dffe4f17176251a89d251c560abf8
test_gp_ei_scalarized_5105,gp_ei_scalarized,5105,8,gp_ei_scalarized,0.4957084503024817,1.1912678331136703,0.5046340385451913,82.28844744153321,0.5046340385451913|1.1912678331136703|0.4957084503024817|82.28844744153321,False,8,,10864.26273843554,8.852191480587045,1,0.0,,0,0,9.047065734863281,benchmark_extensions/summit_snar_main_repair_20260919_v2/runs/v2/episodes/test_gp_ei_scalarized_5105/query007.json,980e40286f7fe630e3ddb018f5395f4c0bd2f603e88dfc6188019c3eee3b028c
test_gp_ei_scalarized_5105,gp_ei_scalarized,5105,9,gp_ei_scalarized,0.47992961257696154,2.9181940108537674,0.5253710807301104,30.803534165024757,0.5253710807301104|2.9181940108537674|0.47992961257696154|30.803534165024757,False,9,,9919.639988873658,10.007192554604448,1,0.0,,0,0,10.252132654190063,benchmark_extensions/summit_snar_main_repair_20260919_v2/runs/v2/episodes/test_gp_ei_scalarized_5105/query008.json,effcf9631c17640be1dea4282ec89e033503315668392c709dc48c1b6874f230
test_gp_ei_scalarized_5105,gp_ei_scalarized,5105,10,gp_ei_scalarized,0.4686373930424452,4.9640386663377285,1.9991244655102491,45.02520122565329,1.9991244655102491|4.9640386663377285|0.4686373930424452|45.02520122565329,False,10,,2112.4719541452787,13.452049750536048,1,0.0,,0,0,10.512928009033203,benchmark_extensions/summit_snar_main_repair_20260919_v2/runs/v2/episodes/test_gp_ei_scalarized_5105/query009.json,75bdc328aabe455da7e64133332c82eab0edeac94d389babb410e1ba073be4f8
test_gp_ei_scalarized_5105,gp_ei_scalarized,5105,11,gp_ei_scalarized,0.4874187484383583,4.375124350190163,0.5002215392887592,55.71415954269469,0.5002215392887592|4.375124350190163|0.4874187484383583|55.71415954269469,False,11,,10638.50016952126,10.359341920748045,1,0.0,,0,0,5.902719497680664,benchmark_extensions/summit_snar_main_repair_20260919_v2/runs/v2/episodes/test_gp_ei_scalarized_5105/query010.json,01a3b35c84203482769f8a1c0dea556226d377386e3ac952e6de8a7e9054fed8
test_gp_ei_scalarized_5105,gp_ei_scalarized,5105,12,gp_ei_scalarized,0.10173733420670034,3.8946909233927727,1.9820184400305152,30.863824607804418,1.9820184400305152|3.8946909233927727|0.10173733420670034|30.863824607804418,False,12,,571.1040480750936,43.07075619797445,1,0.0,,0,0,7.6774232387542725,benchmark_extensions/summit_snar_main_repair_20260919_v2/runs/v2/episodes/test_gp_ei_scalarized_5105/query011.json,c5885498f19810580f23b6314ccee1460ceb03fb7c18c16774f6930cec126255
test_gp_ei_scalarized_5105,gp_ei_scalarized,5105,13,gp_ei_scalarized,0.426267521828413,1.4688988476991653,0.5382574717514217,116.36620558798313,0.5382574717514217|1.4688988476991653|0.426267521828413|116.36620558798313,False,13,,8461.849668442783,10.748375146059939,1,0.0,,0,0,6.412232160568237,benchmark_extensions/summit_snar_main_repair_20260919_v2/runs/v2/episodes/test_gp_ei_scalarized_5105/query012.json,806d574e1c65ca1ed0c0fe2af6cdbcdb7b1389d72893e8f476b517006ab1aadc
test_gp_ei_scalarized_5105,gp_ei_scalarized,5105,14,gp_ei_scalarized,0.49475664310157297,3.440022971481085,0.5065198536030948,71.47113989107311,0.5065198536030948|3.440022971481085|0.49475664310157297|71.47113989107311,False,14,,10187.361913984498,10.36583825964722,1,0.0,,0,0,8.393558025360107,benchmark_extensions/summit_snar_main_repair_20260919_v2/runs/v2/episodes/test_gp_ei_scalarized_5105/query013.json,908c00a2a726b426ed03cb358db01d48d54339778b75cd8110e98e30f81a1d9e
test_gp_ei_scalarized_5105,gp_ei_scalarized,5105,15,gp_ei_scalarized,0.12775218822062018,1.0057748407125473,1.986127246171236,44.34429505839944,1.986127246171236|1.0057748407125473|0.12775218822062018|44.34429505839944,False,15,,506.5334359709053,47.7123556641394,1,0.0,,0,0,8.40351939201355,benchmark_extensions/summit_snar_main_repair_20260919_v2/runs/v2/episodes/test_gp_ei_scalarized_5105/query014.json,55bd9d717d805043ed665484ec25e0a401112d401aab4784fd16ecae8e574b80
test_gp_ei_scalarized_5105,gp_ei_scalarized,5105,16,gp_ei_scalarized,0.48797364346683025,2.460150323808193,0.5121611901558936,50.877975672483444,0.5121611901558936|2.460150323808193|0.48797364346683025|50.877975672483444,False,16,,10916.0928110953,9.110524922586444,1,0.0,,0,0,8.19015097618103,benchmark_extensions/summit_snar_main_repair_20260919_v2/runs/v2/episodes/test_gp_ei_scalarized_5105/query015.json,a5fb7ce1a5d74074a1c5a50f1841ca797fcb39625d16b489c55a50dd9a9862d5
test_gp_ei_scalarized_5105,gp_ei_scalarized,5105,17,gp_ei_scalarized,0.17012924030423165,4.913594048470259,0.502196132671088,114.09086119383574,0.502196132671088|4.913594048470259|0.17012924030423165|114.09086119383574,False,17,,2850.3522022385177,35.511177653152004,1,0.0,,0,0,11.411585092544556,benchmark_extensions/summit_snar_main_repair_20260919_v2/runs/v2/episodes/test_gp_ei_scalarized_5105/query016.json,32435555bc4021d9bd45f6b9d042ad22a94d7effd3e8ebd3147ebb3d3a055663
test_gp_ei_scalarized_5105,gp_ei_scalarized,5105,18,gp_ei_scalarized,0.22325375080108645,3.032540835440159,0.72080795513466,57.86636279895902,0.72080795513466|3.032540835440159|0.22325375080108645|57.86636279895902,False,18,,3547.21233322265,19.370413943283527,1,0.0,,0,0,9.645972490310669,benchmark_extensions/summit_snar_main_repair_20260919_v2/runs/v2/episodes/test_gp_ei_scalarized_5105/query017.json,505dcc0d5f696083dccac374c0d1ad519738472535278a0b89f18c3ab5143fe5
test_gp_ei_scalarized_5105,gp_ei_scalarized,5105,19,gp_ei_scalarized,0.2674112733453512,1.2178220823407173,1.1957823801785707,79.7968396358192,1.1957823801785707|1.2178220823407173|0.2674112733453512|79.7968396358192,False,19,,2513.282496899962,15.957448579791247,1,0.0,,0,0,8.099760055541992,benchmark_extensions/summit_snar_main_repair_20260919_v2/runs/v2/episodes/test_gp_ei_scalarized_5105/query018.json,4cb66e3c3e7278e1a7f7a9313fa9a895a30a36e2a39e1195c9c66f8bd7c75cc8
test_gp_ei_scalarized_5105,gp_ei_scalarized,5105,20,gp_ei_scalarized,0.4808487474918366,1.7989990003407001,0.5008267113007605,101.75422489643097,0.5008267113007605|1.7989990003407001|0.4808487474918366|101.75422489643097,False,20,,10109.044415442253,9.85725990840907,1,0.0,,0,0,7.919541120529175,benchmark_extensions/summit_snar_main_repair_20260919_v2/runs/v2/episodes/test_gp_ei_scalarized_5105/query019.json,81b696379f89d5168ed67dd518038c82dc19f4cdda73fc0c775344c5007a8231
test_gp_ei_scalarized_5105,gp_ei_scalarized,5105,21,gp_ei_scalarized,0.3789871290326119,1.0252391584217548,1.9000963154248893,46.798954010009766,1.9000963154248893|1.0252391584217548|0.3789871290326119|46.798954010009766,False,21,,2052.179050829053,12.391332510387844,1,0.0,,0,0,9.42879843711853,benchmark_extensions/summit_snar_main_repair_20260919_v2/runs/v2/episodes/test_gp_ei_scalarized_5105/query020.json,038ec0cc118626eefde286618ee7acaf4ea203d19e89cba6f80765a67a096434
test_gp_ei_scalarized_5105,gp_ei_scalarized,5105,22,gp_ei_scalarized,0.48509126491844656,4.777882046997547,1.7012304393574595,76.5671200118959,1.7012304393574595|4.777882046997547|0.48509126491844656|76.5671200118959,False,22,,1417.6499739648375,24.264297037881793,1,0.0,,0,0,10.374772071838379,benchmark_extensions/summit_snar_main_repair_20260919_v2/runs/v2/episodes/test_gp_ei_scalarized_5105/query021.json,ec44b3d4c39534b1835400e657ca29a1b1a9e9178608307593e6e506d19766d9
test_gp_ei_scalarized_5105,gp_ei_scalarized,5105,23,gp_ei_scalarized,0.18892141804099083,1.324288111180067,0.8941984390839934,42.82297166995704,0.8941984390839934|1.324288111180067|0.18892141804099083|42.82297166995704,False,23,,1665.3785427685627,32.61665687640487,1,0.0,,0,0,6.703434228897095,benchmark_extensions/summit_snar_main_repair_20260919_v2/runs/v2/episodes/test_gp_ei_scalarized_5105/query022.json,e72c1b59784a60c5d6d308b6c5faf798028301e317af3839fbd94efbf4cf6667
test_gp_ei_scalarized_5105,gp_ei_scalarized,5105,24,gp_ei_scalarized,0.3222188714891672,1.0247138813138008,0.5095145874656737,111.13732812926173,0.5095145874656737|1.0247138813138008|0.3222188714891672|111.13732812926173,False,24,,6801.640472552584,13.848889256251402,1,0.0,,0,0,9.950393438339233,benchmark_extensions/summit_snar_main_repair_20260919_v2/runs/v2/episodes/test_gp_ei_scalarized_5105/query023.json,4b66e997faed3fa58757926640e5c7760580821cdbdbd507e7496ae5d1f12775
test_gp_ei_scalarized_5105,gp_ei_scalarized,5105,25,gp_ei_scalarized,0.2304119285196066,3.7848506309092045,1.1892814780585468,114.41197223961353,1.1892814780585468|3.7848506309092045|0.2304119285196066|114.41197223961353,False,25,,1072.4047697539481,40.42376721601326,1,0.0,,0,0,11.269614696502686,benchmark_extensions/summit_snar_main_repair_20260919_v2/runs/v2/episodes/test_gp_ei_scalarized_5105/query024.json,3064da0d9807c3653f3571917ec04dd4059e8fa919a77f31f03487dbc9a4716d
test_gp_ei_scalarized_5105,gp_ei_scalarized,5105,26,gp_ei_scalarized,0.4928638927638531,2.1709880642592907,0.5141337970271707,119.46645590476692,0.5141337970271707|2.1709880642592907|0.4928638927638531|119.46645590476692,False,26,,8196.00820604435,12.251953402686022,1,0.0,,0,0,9.20409369468689,benchmark_extensions/summit_snar_main_repair_20260919_v2/runs/v2/episodes/test_gp_ei_scalarized_5105/query025.json,e557315496e863f3e6c0b050b593b4d4be3910815c66666fbc3f4e6a23c1d073
test_gp_ei_scalarized_5105,gp_ei_scalarized,5105,27,gp_ei_scalarized,0.2411562018096447,4.708780251443386,1.398716555442661,50.62065317295492,1.398716555442661|4.708780251443386|0.2411562018096447|50.62065317295492,False,27,,1839.3072718388933,20.05341654646638,1,0.0,,0,0,8.74527096748352,benchmark_extensions/summit_snar_main_repair_20260919_v2/runs/v2/episodes/test_gp_ei_scalarized_5105/query026.json,d07d2436f7c0bbec3f35249193fe9b7ffe04e1f0356641e545de4bca0aebb3b8
test_gp_ei_scalarized_5105,gp_ei_scalarized,5105,28,gp_ei_scalarized,0.49143808037042624,1.616378016769886,0.5076120141893625,32.37874363549054,0.5076120141893625|1.616378016769886|0.49143808037042624|32.37874363549054,False,28,,8441.991119356233,11.832214314536676,1,0.0,,0,0,9.34785008430481,benchmark_extensions/summit_snar_main_repair_20260919_v2/runs/v2/episodes/test_gp_ei_scalarized_5105/query027.json,a45e98986acefa5eaa452eba1e3a96c284cb21cb4d92a530be8275bc6d2016bb
test_gp_ei_scalarized_5105,gp_ei_scalarized,5105,29,gp_ei_scalarized,0.3164797864854336,2.839403212070465,1.8199640344828367,63.64356676116586,1.8199640344828367|2.839403212070465|0.3164797864854336|63.64356676116586,False,29,,1746.1399767208368,15.913697925393897,1,0.0,,0,0,10.090648889541626,benchmark_extensions/summit_snar_main_repair_20260919_v2/runs/v2/episodes/test_gp_ei_scalarized_5105/query028.json,84d6caf33dc50591a4154a54e9de7d8d816c5a62199abc6d2699e5d3f6038828
test_gp_ei_scalarized_5105,gp_ei_scalarized,5105,30,gp_ei_scalarized,0.2744404263794422,1.9497857131063938,1.9333103317767382,90.3883330989629,1.9333103317767382|1.9497857131063938|0.2744404263794422|90.3883330989629,False,30,,1359.6266537870797,18.723185215967998,1,0.0,,0,0,6.785660266876221,benchmark_extensions/summit_snar_main_repair_20260919_v2/runs/v2/episodes/test_gp_ei_scalarized_5105/query029.json,87fe0eb3a4df0dce14e26e7d497f037077462286d8214ae788a1bad88264c91b
test_gp_ei_scalarized_5105,gp_ei_scalarized,5105,31,gp_ei_scalarized,0.48618941754102707,1.8828447572886944,1.3824492539279163,32.13028290309012,1.3824492539279163|1.8828447572886944|0.48618941754102707|32.13028290309012,False,31,,4009.9773595883917,8.977285769763732,1,0.0,,0,0,9.924631118774414,benchmark_extensions/summit_snar_main_repair_20260919_v2/runs/v2/episodes/test_gp_ei_scalarized_5105/query030.json,51592e330524305250658764a65e939117013778502f1f6a6e73ffc5ee9997be
test_gp_ei_scalarized_5105,gp_ei_scalarized,5105,32,gp_ei_scalarized,0.49569020159542565,1.072555061429739,0.5582332513295114,112.2499759029597,0.5582332513295114|1.072555061429739|0.49569020159542565|112.2499759029597,False,32,,9928.947205076567,8.69576876623913,1,0.0,,0,0,5.203627824783325,benchmark_extensions/summit_snar_main_repair_20260919_v2/runs/v2/episodes/test_gp_ei_scalarized_5105/query031.json,4c898acd3857ecfc8675853c4ee9bddee79f8a4043b55b1452fc29aaecdc0bd7
test_gp_ei_scalarized_5105,gp_ei_scalarized,5105,33,gp_ei_scalarized,0.17780713811516763,4.07278722897172,1.737805897835642,80.39522328414023,1.737805897835642|4.07278722897172|0.17780713811516763|80.39522328414023,False,33,,895.0090173608662,32.339033557043926,1,0.0,,0,0,12.423187732696533,benchmark_extensions/summit_snar_main_repair_20260919_v2/runs/v2/episodes/test_gp_ei_scalarized_5105/query032.json,08303b0533e2c5fcedb873494b3f00f617000e04fbe962528e71e5e9f5c582c5
test_gp_ei_scalarized_5105,gp_ei_scalarized,5105,34,gp_ei_scalarized,0.10113121643662454,1.0211072899401188,1.926005135755986,109.29934968240559,1.926005135755986|1.0211072899401188|0.10113121643662454|109.29934968240559,False,34,,568.2853869643162,43.430804000312406,1,0.0,,0,0,11.114783525466919,benchmark_extensions/summit_snar_main_repair_20260919_v2/runs/v2/episodes/test_gp_ei_scalarized_5105/query033.json,5639ba461d0699b7cf4dd454718432259f797356e37961b8b10d6c61887f9bbe
test_gp_ei_scalarized_5105,gp_ei_scalarized,5105,35,gp_ei_scalarized,0.16508541367948054,2.853265453130007,0.5013883407227695,115.00447288155556,0.5013883407227695|2.853265453130007|0.16508541367948054|115.00447288155556,False,35,,3357.1635134120143,29.118187170527793,1,0.0,,0,0,10.346737623214722,benchmark_extensions/summit_snar_main_repair_20260919_v2/runs/v2/episodes/test_gp_ei_scalarized_5105/query034.json,adc166ccf0655d0d30b98fe358c26d8fa3ad86a69bb7f3947539aab2dad944ff
test_gp_ei_scalarized_5105,gp_ei_scalarized,5105,36,gp_ei_scalarized,0.48622257113456724,4.2661452777683735,1.8510114294476807,95.88353672996163,1.8510114294476807|4.2661452777683735|0.48622257113456724|95.88353672996163,False,36,,661.9182501496452,47.79417940960223,1,0.0,,0,0,11.397497415542603,benchmark_extensions/summit_snar_main_repair_20260919_v2/runs/v2/episodes/test_gp_ei_scalarized_5105/query035.json,279d28e7175ea8240feb0f472bc142e1a7e700c4196df4d712b992de11981aa4
test_gp_ei_scalarized_5105,gp_ei_scalarized,5105,37,gp_ei_scalarized,0.12536219991743566,4.978701453655958,1.9744401630014181,64.98457395471632,1.9744401630014181|4.978701453655958|0.12536219991743566|64.98457395471632,False,37,,638.1059260084139,39.498158616321305,1,0.0,,0,0,9.463964223861694,benchmark_extensions/summit_snar_main_repair_20260919_v2/runs/v2/episodes/test_gp_ei_scalarized_5105/query036.json,ec224e3f591bb4c6a0c17ad25326bf3b72a277c221d1fa79d89381317f16ee75
test_gp_ei_scalarized_5105,gp_ei_scalarized,5105,38,gp_ei_scalarized,0.46576804928481585,1.4393128752708435,1.5939236958511174,83.059654366225,1.5939236958511174|1.4393128752708435|0.46576804928481585|83.059654366225,False,38,,3136.476732038723,9.806390313701634,1,0.0,,0,0,7.2248594760894775,benchmark_extensions/summit_snar_main_repair_20260919_v2/runs/v2/episodes/test_gp_ei_scalarized_5105/query037.json,9c4f660e17e73195bd4901a97908241df9c6eb918f72a61f50a559124d0bff63
test_gp_ei_scalarized_5105,gp_ei_scalarized,5105,39,gp_ei_scalarized,0.4772914480417967,3.5120083540678024,0.7463419437408447,70.21823186427355,0.7463419437408447|3.5120083540678024|0.4772914480417967|70.21823186427355,False,39,,6291.433380729845,11.430362874630958,1,0.0,,0,0,11.933537244796753,benchmark_extensions/summit_snar_main_repair_20260919_v2/runs/v2/episodes/test_gp_ei_scalarized_5105/query038.json,737a51873f18341aa8209493c6566edf91f5fca3d8bf0082d32be1b38bfbd940
test_gp_ei_scalarized_5105,gp_ei_scalarized,5105,40,gp_ei_scalarized,0.4965402085334063,2.736521430313587,0.500816083047539,56.39183457009494,0.500816083047539|2.736521430313587|0.4965402085334063|56.39183457009494,False,40,,11312.196818734694,9.105862399077555,0,1.0825018494919902e-05,,0,0,12.983169078826904,benchmark_extensions/summit_snar_main_repair_20260919_v2/runs/v2/episodes/test_gp_ei_scalarized_5105/query039.json,304b9516b742d4036a021454ce38c9a1dae25035da93873cbcab3a8673cddd72
test_gp_ei_scalarized_5105,gp_ei_scalarized,5105,41,gp_ei_scalarized,0.17676466107368471,4.455863054841757,1.664327235892415,40.34415020607412,1.664327235892415|4.455863054841757|0.17676466107368471|40.34415020607412,False,41,,1208.4788815630598,24.935324620294583,1,0.0,,0,0,10.282681465148926,benchmark_extensions/summit_snar_main_repair_20260919_v2/runs/v2/episodes/test_gp_ei_scalarized_5105/query040.json,734a00d3c6d6b5eeb7ad2c526a5f885d53b109980d83b4e2eb01151f5b43d482
test_gp_ei_scalarized_5105,gp_ei_scalarized,5105,42,gp_ei_scalarized,0.39541126377880575,2.3183499053120613,1.047226415015757,102.14860584586859,1.047226415015757|2.3183499053120613|0.39541126377880575|102.14860584586859,False,42,,3151.312130783948,15.484601723047012,1,0.0,,0,0,9.556970119476318,benchmark_extensions/summit_snar_main_repair_20260919_v2/runs/v2/episodes/test_gp_ei_scalarized_5105/query041.json,7e204ad0c5bd480762d5f516bbbbe8dfab8f12f5951fd40cd6b8fd7903b7e7c5
test_gp_ei_scalarized_5105,gp_ei_scalarized,5105,43,gp_ei_scalarized,0.2698347259312868,3.10896023735404,1.2881897361949086,71.9806227274239,1.2881897361949086|3.10896023735404|0.2698347259312868|71.9806227274239,False,43,,2114.160390992756,18.503744250238423,1,0.0,,0,0,13.638337135314941,benchmark_extensions/summit_snar_main_repair_20260919_v2/runs/v2/episodes/test_gp_ei_scalarized_5105/query042.json,cfdec38549ad3f9445d7bd9c0aa4bdcdedb512bd2701c54f5bcea8766fe0c3a1
test_gp_ei_scalarized_5105,gp_ei_scalarized,5105,44,gp_ei_scalarized,0.4927898149937392,4.517281007021666,0.5061073284596205,43.929472491145134,0.5061073284596205|4.517281007021666|0.4927898149937392|43.929472491145134,False,44,,11061.533956948482,9.881198905603403,1,0.0,,0,0,8.313091039657593,benchmark_extensions/summit_snar_main_repair_20260919_v2/runs/v2/episodes/test_gp_ei_scalarized_5105/query043.json,9d22caf69ac235a8692a7cda6376647111a9633d1d7312dc739c907e7e423e66
test_gp_ei_scalarized_5105,gp_ei_scalarized,5105,45,gp_ei_scalarized,0.4819934818893671,3.384918414056301,1.1001467341557145,92.7466616872698,1.1001467341557145|3.384918414056301|0.4819934818893671|92.7466616872698,False,45,,2807.9704976563303,17.790643684235086,1,0.0,,0,0,10.706553936004639,benchmark_extensions/summit_snar_main_repair_20260919_v2/runs/v2/episodes/test_gp_ei_scalarized_5105/query044.json,0cb1589587ec50a14405cf25e9569ec3b897b7c9e83e0e522e859d91757fc1e6
test_gp_ei_scalarized_5105,gp_ei_scalarized,5105,46,gp_ei_scalarized,0.4180605221539736,4.909612137824297,1.692050768993795,104.48956235311925,1.692050768993795|4.909612137824297|0.4180605221539736|104.48956235311925,False,46,,408.8598315591536,84.50295433910044,1,0.0,,0,0,10.20562744140625,benchmark_extensions/summit_snar_main_repair_20260919_v2/runs/v2/episodes/test_gp_ei_scalarized_5105/query045.json,57c3da78dd2eb748d5216519fb1e4dab09ecf185dd34d91c6510e34eb439bc06
test_gp_ei_scalarized_5105,gp_ei_scalarized,5105,47,gp_ei_scalarized,0.2730631984770298,2.3901643939316273,0.6026698900386691,36.94108368828893,0.6026698900386691|2.3901643939316273|0.2730631984770298|36.94108368828893,False,47,,4408.319961089363,18.7467250354474,1,0.0,,0,0,12.105830669403076,benchmark_extensions/summit_snar_main_repair_20260919_v2/runs/v2/episodes/test_gp_ei_scalarized_5105/query046.json,5fe04fa7d6e1577887a2741641e594f05419d2fed40dbb0e4e5a4925741c0c9b
test_gp_ei_scalarized_5105,gp_ei_scalarized,5105,48,gp_ei_scalarized,0.484875512123108,3.7844779528677464,0.5053666811436415,52.64127764850855,0.5053666811436415|3.7844779528677464|0.484875512123108|52.64127764850855,False,48,,10783.78468113871,9.858430900858677,1,0.0,,0,0,10.49421215057373,benchmark_extensions/summit_snar_main_repair_20260919_v2/runs/v2/episodes/test_gp_ei_scalarized_5105/query047.json,3bf31b2b690321a7bb1e4d2d286cc9110859b75213558929883a18897a089e0f
test_gp_ei_scalarized_5105,gp_ei_scalarized,5105,49,gp_ei_scalarized,0.1894824579358101,3.7074194997549057,1.9364300426095724,118.5639323014766,1.9364300426095724|3.7074194997549057|0.1894824579358101|118.5639323014766,False,49,,391.0012570985605,67.36801787057811,1,0.0,,0,0,11.589938163757324,benchmark_extensions/summit_snar_main_repair_20260919_v2/runs/v2/episodes/test_gp_ei_scalarized_5105/query048.json,9860d6641200833fff21c705cd4c141c027f817ce44c08c40b07aacd7f5dfa7b
test_gp_ei_scalarized_5105,gp_ei_scalarized,5105,50,gp_ei_scalarized,0.23494166098535063,3.403625637292862,0.5172274862416089,50.35377614200115,0.5172274862416089|3.403625637292862|0.23494166098535063|50.35377614200115,False,50,,5105.759988574266,18.963071776303412,1,0.0,,0,0,6.02009391784668,benchmark_extensions/summit_snar_main_repair_20260919_v2/runs/v2/episodes/test_gp_ei_scalarized_5105/query049.json,86775aa3f0f9b7c381690aac4dda154514075253733a80c29d531d7320ff8cec
test_qwen_base_5101,qwen_base,5101,1,paired_lhs_initial_design,0.249509810583916,1.150095070626968,1.6379911060165901,83.15495737042586,1.6379911060165901|1.150095070626968|0.249509810583916|83.15495737042586,False,1,,1717.6723228284347,17.000645198804175,1,0.0,,0,0,0.29964518547058105,benchmark_extensions/summit_snar_main_repair_20260919_v2/runs/v2/episodes/test_qwen_base_5101/query000.json,a52c786a4bd3f330cf156a7bc32ac9ea835e62e09cd99f3c5676dc87a4082dfa
test_qwen_base_5101,qwen_base,5101,2,paired_lhs_initial_design,0.3925337356420109,2.940321870537187,0.5767275054223111,62.18627205087249,0.5767275054223111|2.940321870537187|0.3925337356420109|62.18627205087249,False,2,,7655.383829732455,11.572595207318406,1,0.0,,0,0,0.24626636505126953,benchmark_extensions/summit_snar_main_repair_20260919_v2/runs/v2/episodes/test_qwen_base_5101/query001.json,05a11b3e1aa080a99463c562fbfc5dd3b6d297714e988e83510a725a7b01a088
test_qwen_base_5101,qwen_base,5101,3,paired_lhs_initial_design,0.1195673123054538,4.715770023731987,0.9074736943292698,117.84649398346099,0.9074736943292698|4.715770023731987|0.1195673123054538|117.84649398346099,False,3,,980.3839779662482,55.973134297559014,1,0.0,,0,0,0.24863696098327637,benchmark_extensions/summit_snar_main_repair_20260919_v2/runs/v2/episodes/test_qwen_base_5101/query002.json,905e202dc10a9d1dddfaf737a0159db11b2d86b9000300b04d97c0bed88630e4
test_qwen_base_5101,qwen_base,5101,4,paired_lhs_initial_design,0.2778740369503818,2.2319736479551335,1.1286183157849194,38.768120278079834,1.1286183157849194|2.2319736479551335|0.2778740369503818|38.768120278079834,False,4,,2745.4225918395746,15.88493317847494,1,0.0,,0,0,0.25171446800231934,benchmark_extensions/summit_snar_main_repair_20260919_v2/runs/v2/episodes/test_qwen_base_5101/query003.json,9a270d586d32d07104f1c03929563cbe665853b0ac91ad121dfec277ee756a3d
test_qwen_base_5101,qwen_base,5101,5,paired_lhs_initial_design,0.4905192986293161,3.7395400615127117,1.8883187528047973,96.97072383073633,1.8883187528047973|3.7395400615127117|0.4905192986293161|96.97072383073633,False,5,,793.2497181688072,38.26587956113913,1,0.0,,0,0,0.2642810344696045,benchmark_extensions/summit_snar_main_repair_20260919_v2/runs/v2/episodes/test_qwen_base_5101/query004.json,a828397c18fedf2eed045ec1c0ffb0cdd5b36b0644126367af2464081f92bcf4
test_qwen_base_5101,qwen_base,5101,6,llm_proposal,0.5,5,0.6,30,0.6|5|0.5|30,False,6,,9630.51727782547,9.757446269012698,1,0.0,,1,0,4.8957297801971436,benchmark_extensions/summit_snar_main_repair_20260919_v2/runs/v2/episodes/test_qwen_base_5101/query005.json,16393d10de40923871a8907e9c074b4a41db94fb940d394ffeeafb49d9eef76d
test_qwen_base_5101,qwen_base,5101,7,llm_proposal,0.5,5.0,0.65,32,0.65|5|0.5|32,False,7,,8836.156656296173,9.821317410914277,1,0.0,,1,0,5.288154363632202,benchmark_extensions/summit_snar_main_repair_20260919_v2/runs/v2/episodes/test_qwen_base_5101/query006.json,4a6516fb62548e172f9905d1eb850576f64d3f90ba876d073f5cc8802c159747
test_qwen_base_5101,qwen_base,5101,8,llm_proposal,0.5,5,0.5,30,0.5|5|0.5|30,False,8,,11559.605121586617,9.756260578228623,1,0.0,,1,0,3.474853515625,benchmark_extensions/summit_snar_main_repair_20260919_v2/runs/v2/episodes/test_qwen_base_5101/query007.json,498034e088b06dfe2f7aa1e41f064cca69fd070c5349b8c10a9e0e55ec794c78
test_qwen_base_5101,qwen_base,5101,9,llm_proposal,0.5,5,0.55,30,0.55|5|0.5|30,False,9,,10515.5917119573,9.748370260490134,1,0.0,,1,0,4.695215702056885,benchmark_extensions/summit_snar_main_repair_20260919_v2/runs/v2/episodes/test_qwen_base_5101/query008.json,3f6e68fd954f10a995f8b8e0e1fbd727cc18c334712149da264902a0c18193f9
test_qwen_base_5101,qwen_base,5101,10,explicit_invalid_fallback,0.2150085836523398,1.283909430919517,1.9323655542739702,94.76517017328169,1.9323655542739702|1.283909430919517|0.2150085836523398|94.76517017328169,False,10,,1245.259444922242,19.90136120735646,1,0.0,,2,2,9.26678991317749,benchmark_extensions/summit_snar_main_repair_20260919_v2/runs/v2/episodes/test_qwen_base_5101/query009.json,08b834917702af55a32d43ecf1b0a40f754f75f72224f8cdb7b5566b52d2296a
test_qwen_base_5101,qwen_base,5101,11,llm_proposal,0.5,5,0.55,30,0.55|5|0.5|30,True,9,0.0,10515.5917119573,9.748370260490134,1,0.0,,1,0,5.051682710647583,benchmark_extensions/summit_snar_main_repair_20260919_v2/runs/v2/episodes/test_qwen_base_5101/query010.json,2c9cb5719be44f7a0e314ada585a901c5c8d3728f293016b3f6af9d195dcb8c1
test_qwen_base_5101,qwen_base,5101,12,llm_proposal,0.5,5,0.55,30,0.55|5|0.5|30,True,9,0.0,10515.5917119573,9.748370260490134,1,0.0,,2,1,9.426712274551392,benchmark_extensions/summit_snar_main_repair_20260919_v2/runs/v2/episodes/test_qwen_base_5101/query011.json,ebc1f77cf922acf340e63dc0aedb5496dc869a3a8cb168ceb2b0d6f498d5b925
test_qwen_base_5101,qwen_base,5101,13,llm_proposal,0.3,4.5,0.7,85,0.7|4.5|0.3|85,False,13,,3843.065238178047,19.63439686066622,1,0.0,,1,0,4.33064341545105,benchmark_extensions/summit_snar_main_repair_20260919_v2/runs/v2/episodes/test_qwen_base_5101/query012.json,e842c18572ec9762cee4e5764726e4b30b97d1b566d1b94131c7f5c7aa017e4c
test_qwen_base_5101,qwen_base,5101,14,llm_proposal,0.25,3,1.5,60,1.5|3|0.25|60,False,14,,1800.1608497619916,18.477624595093598,1,0.0,,1,0,5.151454925537109,benchmark_extensions/summit_snar_main_repair_20260919_v2/runs/v2/episodes/test_qwen_base_5101/query013.json,c6ac3a1796a396e7252c5f10b701a18f4eaf35ac409202800e50e4bc68c734ff
test_qwen_base_5101,qwen_base,5101,15,llm_proposal,0.5,5,0.5,30,0.5|5|0.5|30,True,8,0.0,11559.605121586617,9.756260578228623,1,0.0,,1,0,4.240496635437012,benchmark_extensions/summit_snar_main_repair_20260919_v2/runs/v2/episodes/test_qwen_base_5101/query014.json,4d4cc1690d82ed915e1596b1872a915f330ffe0a63ece9fd643bfe795ed02a5a
test_qwen_base_5101,qwen_base,5101,16,llm_proposal,0.35,3,1.2,55,1.2|3|0.35|55,False,16,,3186.091005684079,13.307044028473063,1,0.0,,1,0,4.21356987953186,benchmark_extensions/summit_snar_main_repair_20260919_v2/runs/v2/episodes/test_qwen_base_5101/query015.json,f8b1813d98db29475727205b2ed2e6fee0eb39101c4d14de87b08e89f8ca2521
test_qwen_base_5101,qwen_base,5101,17,llm_proposal,0.4,4,0.8,45,0.8|4|0.4|45,False,17,,5624.709711446419,11.772198972642796,1,0.0,,1,0,3.472368001937866,benchmark_extensions/summit_snar_main_repair_20260919_v2/runs/v2/episodes/test_qwen_base_5101/query016.json,e1ecbabc89551d9d03b68e9d22aa13d6ab2c93c0d67cfbf4deb0274b711de82c
test_qwen_base_5101,qwen_base,5101,18,llm_proposal,0.35,2,1.8,75,1.8|2|0.35|75,False,18,,1982.4125396183633,13.903569252884758,1,0.0,,1,0,3.5353035926818848,benchmark_extensions/summit_snar_main_repair_20260919_v2/runs/v2/episodes/test_qwen_base_5101/query017.json,9b6fda1491667b1208e0c553712e424141444b7a1eda794d8fe2a2192e6d2de4
test_qwen_base_5101,qwen_base,5101,19,llm_proposal,0.48,5,0.55,30,0.55|5|0.48|30,False,19,,10094.467436884284,10.090332923469752,1,0.0,,1,0,3.579657793045044,benchmark_extensions/summit_snar_main_repair_20260919_v2/runs/v2/episodes/test_qwen_base_5101/query018.json,ba4c147e0e390c7b9cc8153373ddd709b61d8aa965a7144cdbc77e5f4a9bf88a
test_qwen_base_5101,qwen_base,5101,20,llm_proposal,0.5,4.8,0.6,35,0.6|4.8|0.5|35,False,20,,9560.251882175653,9.760695914442037,1,0.0,,1,0,5.135970115661621,benchmark_extensions/summit_snar_main_repair_20260919_v2/runs/v2/episodes/test_qwen_base_5101/query019.json,d7f2a0da37e75565a43018b7ee0e88924a6cf3106358f8012a8dfeb0c3d6c150
test_qwen_base_5101,qwen_base,5101,21,llm_proposal,0.3,4,1.0,60,1|4|0.3|60,False,21,,3166.200064170576,16.345004840694397,1,0.0,,1,0,4.029585123062134,benchmark_extensions/summit_snar_main_repair_20260919_v2/runs/v2/episodes/test_qwen_base_5101/query020.json,eaf9f8d1c69ca996d7c438f00f81daa84b3c616a41871a112a375fd414c9b690
test_qwen_base_5101,qwen_base,5101,22,llm_proposal,0.48,4.9,0.65,32,0.65|4.9|0.48|32,False,22,,8504.232650801121,10.099920083389392,1,0.0,,1,0,5.344524145126343,benchmark_extensions/summit_snar_main_repair_20260919_v2/runs/v2/episodes/test_qwen_base_5101/query021.json,b5900cd16458c8dfb47efca08523d334702274513494430d04de4e5b4bff83b1
test_qwen_base_5101,qwen_base,5101,23,llm_proposal,0.5,5,1.2,40,1.2|5|0.5|40,False,23,,4344.5632276000615,10.910747835362475,1,0.0,,1,0,3.4570555686950684,benchmark_extensions/summit_snar_main_repair_20260919_v2/runs/v2/episodes/test_qwen_base_5101/query022.json,4ab76c1afffa130abb4aca1b32600fbdb8dd9ebf583c6c036a0e3d4427d393f8
test_qwen_base_5101,qwen_base,5101,24,llm_proposal,0.5,5,0.5,30,0.5|5|0.5|30,True,8,0.0,11559.605121586617,9.756260578228623,1,0.0,,1,0,4.0480124950408936,benchmark_extensions/summit_snar_main_repair_20260919_v2/runs/v2/episodes/test_qwen_base_5101/query023.json,d1cdebf471f65584bf3475ee1bdaf1dfaa34090f15d9a4ae51dcde7227fb23c1
test_qwen_base_5101,qwen_base,5101,25,llm_proposal,0.5,5,0.5,30,0.5|5|0.5|30,True,8,0.0,11559.605121586617,9.756260578228623,1,0.0,,1,0,4.1477742195129395,benchmark_extensions/summit_snar_main_repair_20260919_v2/runs/v2/episodes/test_qwen_base_5101/query024.json,8c0d649765474fad51eaa4031cf8bf52404263f3476611d6038a1e49af5463a0
test_qwen_base_5101,qwen_base,5101,26,llm_proposal,0.45,4.5,0.7,35,0.7|4.5|0.45|35,False,26,,7384.565516752814,10.551427852008963,1,0.0,,1,0,5.308222055435181,benchmark_extensions/summit_snar_main_repair_20260919_v2/runs/v2/episodes/test_qwen_base_5101/query025.json,508e49dbe9fac914bb725da9fff8351055487949ffb8ff97baf69b8409fc2067
test_qwen_base_5101,qwen_base,5101,27,llm_proposal,0.45,4.8,0.6,32,0.6|4.8|0.45|32,False,27,,8668.10878735575,10.593536550787217,1,0.0,,1,0,4.3850932121276855,benchmark_extensions/summit_snar_main_repair_20260919_v2/runs/v2/episodes/test_qwen_base_5101/query026.json,134844a53e7a6301ad8a9b1a93f5ae60bf0a8b0ea2434f4442b392a5e5af21d6
test_qwen_base_5101,qwen_base,5101,28,llm_proposal,0.45,4.5,1.0,35,1|4.5|0.45|35,False,28,,5059.276134041611,10.799638687466715,1,0.0,,1,0,3.7455527782440186,benchmark_extensions/summit_snar_main_repair_20260919_v2/runs/v2/episodes/test_qwen_base_5101/query027.json,8e0c4e6aae4bd57ccdcc40b5242536701b5b8652f20b1692ee61519ed2f5466f
test_qwen_base_5101,qwen_base,5101,29,llm_proposal,0.45,4.5,0.7,35,0.7|4.5|0.45|35,True,26,0.0,7384.565516752814,10.551427852008963,1,0.0,,1,0,4.348607301712036,benchmark_extensions/summit_snar_main_repair_20260919_v2/runs/v2/episodes/test_qwen_base_5101/query028.json,5100f7556e74a815a61b05bd1d12735d6bf078d02231fc9fb07e4a970de18aaf
test_qwen_base_5101,qwen_base,5101,30,llm_proposal,0.3,3,1.5,60,1.5|3|0.3|60,False,30,,2111.1486846648163,15.93790194615113,1,0.0,,1,0,3.448319435119629,benchmark_extensions/summit_snar_main_repair_20260919_v2/runs/v2/episodes/test_qwen_base_5101/query029.json,2c2069bd630e5742374f9af52d22fab0b4ad3415f5cfb99ed6daababd188406b
test_qwen_base_5101,qwen_base,5101,31,llm_proposal,0.5,5.0,0.55,30,0.55|5|0.5|30,True,9,0.0,10515.5917119573,9.748370260490134,1,0.0,,1,0,5.2426042556762695,benchmark_extensions/summit_snar_main_repair_20260919_v2/runs/v2/episodes/test_qwen_base_5101/query030.json,ffb6178eb49929a65427a4025bafd11e04967337f6cec1b2405c932f4214f1f9
test_qwen_base_5101,qwen_base,5101,32,llm_proposal,0.48,4.8,0.6,32,0.6|4.8|0.48|32,False,32,,9238.55461364261,10.032973568083841,1,0.0,,1,0,4.3832361698150635,benchmark_extensions/summit_snar_main_repair_20260919_v2/runs/v2/episodes/test_qwen_base_5101/query031.json,ce31e159797b6270f7b6dfcb750f9d8bf0207deddc7af8d5871388d6363f18cd
test_qwen_base_5101,qwen_base,5101,33,llm_proposal,0.5,5,0.5,30,0.5|5|0.5|30,True,8,0.0,11559.605121586617,9.756260578228623,1,0.0,,1,0,3.4709465503692627,benchmark_extensions/summit_snar_main_repair_20260919_v2/runs/v2/episodes/test_qwen_base_5101/query032.json,5a317a1349f8a025e4f4d06427f00897af022bfd97eb518fa2f31c99b7f5b97b
test_qwen_base_5101,qwen_base,5101,34,llm_proposal,0.48,4.8,0.65,32,0.65|4.8|0.48|32,False,34,,8511.190258972607,10.054010202537237,1,0.0,,1,0,4.53975248336792,benchmark_extensions/summit_snar_main_repair_20260919_v2/runs/v2/episodes/test_qwen_base_5101/query033.json,da98807f0073e5e8344f5a61f357d3a19b88aad6a487d0b85b65e10c9538793a
test_qwen_base_5101,qwen_base,5101,35,llm_proposal,0.42,4.5,0.65,35,0.65|4.5|0.42|35,False,35,,7453.698151335545,11.155484902461643,1,0.0,,1,0,4.478010654449463,benchmark_extensions/summit_snar_main_repair_20260919_v2/runs/v2/episodes/test_qwen_base_5101/query034.json,24e3617794ad958d635041c441e11436b13192bacb3672c12b73aeafc8169db1
test_qwen_base_5101,qwen_base,5101,36,llm_proposal,0.5,5,0.5,30,0.5|5|0.5|30,True,8,0.0,11559.605121586617,9.756260578228623,1,0.0,,1,0,3.4975435733795166,benchmark_extensions/summit_snar_main_repair_20260919_v2/runs/v2/episodes/test_qwen_base_5101/query035.json,8c09be31217142c339a6819bc46d2774ed43925bb4310a6feab5cf26c3f7e1cb
test_qwen_base_5101,qwen_base,5101,37,llm_proposal,0.5,5,0.5,30,0.5|5|0.5|30,True,8,0.0,11559.605121586617,9.756260578228623,1,0.0,,1,0,4.136871576309204,benchmark_extensions/summit_snar_main_repair_20260919_v2/runs/v2/episodes/test_qwen_base_5101/query036.json,3c24ad7fad46c1e3d0dfab29105e5858da0382e44c7260b1d2d432e075331592
test_qwen_base_5101,qwen_base,5101,38,llm_proposal,0.35,3,1.2,50,1.2|3|0.35|50,False,38,,3253.3101605492716,13.013551750551441,1,0.0,,1,0,4.163965940475464,benchmark_extensions/summit_snar_main_repair_20260919_v2/runs/v2/episodes/test_qwen_base_5101/query037.json,194e106e2de269979cc420a1511fe9c11a13ceb2f535fcd3e8aeae4425775f5b
test_qwen_base_5101,qwen_base,5101,39,llm_proposal,0.45,3,1.0,80,1|3|0.45|80,False,39,,4043.7126313050417,13.025443931292367,1,0.0,,1,0,4.130754232406616,benchmark_extensions/summit_snar_main_repair_20260919_v2/runs/v2/episodes/test_qwen_base_5101/query038.json,f7ee629aa36580658b0e6b1335f6972aedef8bf0c540b44fc8d1a48341016553
test_qwen_base_5101,qwen_base,5101,40,llm_proposal,0.5,5.0,0.55,30,0.55|5|0.5|30,True,9,0.0,10515.5917119573,9.748370260490134,1,0.0,,1,0,4.293243646621704,benchmark_extensions/summit_snar_main_repair_20260919_v2/runs/v2/episodes/test_qwen_base_5101/query039.json,883097c02efcd99a7fae44147e43eda64cf28a7759d10cebea04f561c9d5be12
test_qwen_base_5101,qwen_base,5101,41,llm_proposal,0.5,5,0.75,30,0.75|5|0.5|30,False,41,,7645.2079599619565,9.839095294297962,1,0.0,,1,0,3.459456443786621,benchmark_extensions/summit_snar_main_repair_20260919_v2/runs/v2/episodes/test_qwen_base_5101/query040.json,02cbb8334521a67d10216a2c236db840d3ff4343b94b4aed7a3f696f9dcf2aec
test_qwen_base_5101,qwen_base,5101,42,llm_proposal,0.3,3,1.5,60,1.5|3|0.3|60,True,30,0.0,2111.1486846648163,15.93790194615113,1,0.0,,1,0,4.907222509384155,benchmark_extensions/summit_snar_main_repair_20260919_v2/runs/v2/episodes/test_qwen_base_5101/query041.json,7c1cc4c0f1df39603a40f8dfa142635f1f4ecce6ff85fef0d7cfbbb2334d1921
test_qwen_base_5101,qwen_base,5101,43,llm_proposal,0.5,5,0.5,30,0.5|5|0.5|30,True,8,0.0,11559.605121586617,9.756260578228623,1,0.0,,1,0,4.026694297790527,benchmark_extensions/summit_snar_main_repair_20260919_v2/runs/v2/episodes/test_qwen_base_5101/query042.json,5f5ed36f831f33a7fe57fa7aeecc53857b34d9c4335063a0200de8225b3a907d
test_qwen_base_5101,qwen_base,5101,44,llm_proposal,0.25,4,1.8,45,1.8|4|0.25|45,False,44,,1513.9745360397205,18.691879537074808,1,0.0,,1,0,3.514655351638794,benchmark_extensions/summit_snar_main_repair_20260919_v2/runs/v2/episodes/test_qwen_base_5101/query043.json,f232de9c8d0ab84e291890696ea3388b70daf20f32ba74f117ef8a148b57946b
test_qwen_base_5101,qwen_base,5101,45,llm_proposal,0.45,4,1.2,50,1.2|4|0.45|50,False,45,,3867.752533337404,11.646353808057649,1,0.0,,1,0,3.5094754695892334,benchmark_extensions/summit_snar_main_repair_20260919_v2/runs/v2/episodes/test_qwen_base_5101/query044.json,9e5774c8b226c6e68137ad5b67b643edfd68816d23b320f8bf30e0d2424cfdd1
test_qwen_base_5101,qwen_base,5101,46,llm_proposal,0.5,5,0.6,30,0.6|5|0.5|30,True,6,0.0,9630.51727782547,9.757446269012698,1,0.0,,1,0,4.112657785415649,benchmark_extensions/summit_snar_main_repair_20260919_v2/runs/v2/episodes/test_qwen_base_5101/query045.json,54a4dc985929da7c366edd9e6cc6763404b017fab08c327c77a1416ff795f4f7
test_qwen_base_5101,qwen_base,5101,47,llm_proposal,0.5,5,0.55,30,0.55|5|0.5|30,True,9,0.0,10515.5917119573,9.748370260490134,1,0.0,,1,0,4.274237871170044,benchmark_extensions/summit_snar_main_repair_20260919_v2/runs/v2/episodes/test_qwen_base_5101/query046.json,a1cbcc195683b64aa9c49f6a63798cdf4d75a9db95562a05b5c0e04657146791
test_qwen_base_5101,qwen_base,5101,48,llm_proposal,0.45,4,1.0,55,1|4|0.45|55,False,48,,4611.5203450243525,11.727389803757543,1,0.0,,1,0,3.5425055027008057,benchmark_extensions/summit_snar_main_repair_20260919_v2/runs/v2/episodes/test_qwen_base_5101/query047.json,027fd8dbf7098ace1a8ff0c14721d6e0bac392d16233ce17aeb47cbbbbd316eb
test_qwen_base_5101,qwen_base,5101,49,llm_proposal,0.5,5,0.6,30,0.6|5|0.5|30,True,6,0.0,9630.51727782547,9.757446269012698,1,0.0,,1,0,5.0078346729278564,benchmark_extensions/summit_snar_main_repair_20260919_v2/runs/v2/episodes/test_qwen_base_5101/query048.json,84785146a947a37de7ff0d75b4e5602fb49f0c688423f200f973eb218e86cae6
test_qwen_base_5101,qwen_base,5101,50,llm_proposal,0.5,5,0.5,30,0.5|5|0.5|30,True,8,0.0,11559.605121586617,9.756260578228623,1,0.0,,1,0,3.5880563259124756,benchmark_extensions/summit_snar_main_repair_20260919_v2/runs/v2/episodes/test_qwen_base_5101/query049.json,78bddc6201242ca69d67161f7bafc1b67d3a4c91b24583775dea970de8673146
test_qwen_base_5102,qwen_base,5102,1,paired_lhs_initial_design,0.20010330751262312,3.4557639378173923,1.428510666475138,98.7947735917893,1.428510666475138|3.4557639378173923|0.20010330751262312|98.7947735917893,False,1,,1082.5216101089825,32.54403583609808,1,0.0,,0,0,0.2792489528656006,benchmark_extensions/summit_snar_main_repair_20260919_v2/runs/v2/episodes/test_qwen_base_5102/query000.json,88e9b184b0108dff47f6b867d76a8e79897f0df4b42f7c82e3ee52fe884b6ac4
test_qwen_base_5102,qwen_base,5102,2,paired_lhs_initial_design,0.28981831482150044,2.6478772538494364,0.9434808292367503,72.8082838285427,0.9434808292367503|2.6478772538494364|0.28981831482150044|72.8082838285427,False,2,,3311.901195965126,15.960035024629528,1,0.0,,0,0,0.24532389640808105,benchmark_extensions/summit_snar_main_repair_20260919_v2/runs/v2/episodes/test_qwen_base_5102/query001.json,a30caf7a7673adfa24cfb83b880161ff746d172f3e4148a088d02683d37762ae
test_qwen_base_5102,qwen_base,5102,3,paired_lhs_initial_design,0.42298318873877405,1.9515170659014818,1.298043908598181,46.44372630300934,1.298043908598181|1.9515170659014818|0.42298318873877405|46.44372630300934,False,3,,3745.2603514320263,10.184714816317618,1,0.0,,0,0,0.24093985557556152,benchmark_extensions/summit_snar_main_repair_20260919_v2/runs/v2/episodes/test_qwen_base_5102/query002.json,61313f9d86044ab0fea59b8456d16db312b9a2f214f61748b35c1d61d5e157d5
test_qwen_base_5102,qwen_base,5102,4,paired_lhs_initial_design,0.14134797900198603,4.641639772550759,1.864600248559465,105.4729625556356,1.864600248559465|4.641639772550759|0.14134797900198603|105.4729625556356,False,4,,427.38832022140775,63.28230939850084,1,0.0,,0,0,0.24102377891540527,benchmark_extensions/summit_snar_main_repair_20260919_v2/runs/v2/episodes/test_qwen_base_5102/query003.json,9e46e2eabd887d9b981616c0beddc4d5f3a788ac5b0285a352cd57f7c86adaae
test_qwen_base_5102,qwen_base,5102,5,paired_lhs_initial_design,0.37320795931814243,1.4801955449062332,0.6717344426120354,51.438444273762855,0.6717344426120354|1.4801955449062332|0.37320795931814243|51.438444273762855,False,5,,5769.439481256695,12.640147464323013,1,0.0,,0,0,0.23837757110595703,benchmark_extensions/summit_snar_main_repair_20260919_v2/runs/v2/episodes/test_qwen_base_5102/query004.json,a44fc42a085e75a419ea44ab8118099c870b35cd76b11edd94a07a446355fcec
test_qwen_base_5102,qwen_base,5102,6,llm_proposal,0.35,2.0,0.8,65,0.8|2|0.35|65,False,6,,4987.7469448109605,12.33996870446489,1,0.0,,1,0,6.111385345458984,benchmark_extensions/summit_snar_main_repair_20260919_v2/runs/v2/episodes/test_qwen_base_5102/query005.json,5ef94fd05d90c59f202b993de7abc3f55b2ffa4790221f0f7ffeaacb0a7cd200
test_qwen_base_5102,qwen_base,5102,7,llm_proposal,0.35,2.5,1.2,55,1.2|2.5|0.35|55,False,7,,3267.4525310546455,12.762970372668205,1,0.0,,1,0,4.482610702514648,benchmark_extensions/summit_snar_main_repair_20260919_v2/runs/v2/episodes/test_qwen_base_5102/query006.json,4962a1fbc3f9782c9bc80c00464ef4a0193c4f464f014d274aa35b31d58d6f80
test_qwen_base_5102,qwen_base,5102,8,llm_proposal,0.4,3.5,1.5,85,1.5|3.5|0.4|85,False,8,,1806.60953483012,19.826281981244087,1,0.0,,1,0,3.7413086891174316,benchmark_extensions/summit_snar_main_repair_20260919_v2/runs/v2/episodes/test_qwen_base_5102/query007.json,8ad7ea1e5ef12cf5655bb8c50527aaec1662b2fefcba8371104bd8b32ffd02c6
test_qwen_base_5102,qwen_base,5102,9,llm_proposal,0.35,2.5,1.0,70,1|2.5|0.35|70,False,9,,3755.312739205897,13.365470963656133,1,0.0,,1,0,3.7821576595306396,benchmark_extensions/summit_snar_main_repair_20260919_v2/runs/v2/episodes/test_qwen_base_5102/query008.json,2536815ba0da7ba7de508cc638a70cbfc295638336751f002c79b4cc0c011552
test_qwen_base_5102,qwen_base,5102,10,llm_proposal,0.5,5,0.5,30,0.5|5|0.5|30,False,10,,11559.605121586617,9.756260578228623,1,0.0,,1,0,4.1714348793029785,benchmark_extensions/summit_snar_main_repair_20260919_v2/runs/v2/episodes/test_qwen_base_5102/query009.json,e6d84ee7499e64b9d097e045a2651d585e79adfc758b736815aff99756c952d3
test_qwen_base_5102,qwen_base,5102,11,llm_proposal,0.45,3.0,1.8,85,1.8|3|0.45|85,False,11,,1650.272218803912,18.056345519754863,1,0.0,,1,0,3.851863145828247,benchmark_extensions/summit_snar_main_repair_20260919_v2/runs/v2/episodes/test_qwen_base_5102/query010.json,a92d747ce0ec5f94bed9b073a6a7644fcb83491e95e5c58a7c98ed8da7fab899
test_qwen_base_5102,qwen_base,5102,12,llm_proposal,0.45,4.5,1.0,40,1|4.5|0.45|40,False,12,,4948.985045407407,11.060350084021362,1,0.0,,1,0,3.8802330493927,benchmark_extensions/summit_snar_main_repair_20260919_v2/runs/v2/episodes/test_qwen_base_5102/query011.json,d657bf8e4dc7013024c8546cfe6189bca9238c25742442f64e74f9cd934cf1da
test_qwen_base_5102,qwen_base,5102,13,llm_proposal,0.5,5.0,0.55,30,0.55|5|0.5|30,False,13,,10515.5917119573,9.748370260490134,1,0.0,,1,0,5.406970262527466,benchmark_extensions/summit_snar_main_repair_20260919_v2/runs/v2/episodes/test_qwen_base_5102/query012.json,1f3b41ee0022215fe3121f0ba71b1d605eebb706eda16b5015c80449dabb3857
test_qwen_base_5102,qwen_base,5102,14,llm_proposal,0.5,5.0,0.6,30,0.6|5|0.5|30,False,14,,9630.51727782547,9.757446269012698,1,0.0,,1,0,3.6262755393981934,benchmark_extensions/summit_snar_main_repair_20260919_v2/runs/v2/episodes/test_qwen_base_5102/query013.json,c7f740f9bc631101ab4e3b97e041cbeb8fdb3aa7380d601977d6d45b794dba1c
test_qwen_base_5102,qwen_base,5102,15,llm_proposal,0.48,4.8,0.7,35,0.7|4.8|0.48|35,False,15,,7821.517999079011,10.167902560909186,1,0.0,,1,0,4.303163051605225,benchmark_extensions/summit_snar_main_repair_20260919_v2/runs/v2/episodes/test_qwen_base_5102/query014.json,4ae7efaf20e58534741945da5ea3e875ab4f7e8dcc33e02331f614953505aedc
test_qwen_base_5102,qwen_base,5102,16,llm_proposal,0.5,5,0.6,30,0.6|5|0.5|30,True,14,0.0,9630.51727782547,9.757446269012698,1,0.0,,1,0,4.035966873168945,benchmark_extensions/summit_snar_main_repair_20260919_v2/runs/v2/episodes/test_qwen_base_5102/query015.json,ddd1e16cd9179ea37dcbaae92ea8db4264b03bcf7a1ad020affbda02cd3381e5
test_qwen_base_5102,qwen_base,5102,17,llm_proposal,0.5,5.0,0.55,30,0.55|5|0.5|30,True,13,0.0,10515.5917119573,9.748370260490134,1,0.0,,1,0,5.223570108413696,benchmark_extensions/summit_snar_main_repair_20260919_v2/runs/v2/episodes/test_qwen_base_5102/query016.json,daa659ec72ff9b6cbb6a70d838d698d4a0300a0cfcab977aa2b86776bf3809e8
test_qwen_base_5102,qwen_base,5102,18,llm_proposal,0.5,5.0,0.55,30,0.55|5|0.5|30,True,13,0.0,10515.5917119573,9.748370260490134,1,0.0,,1,0,4.329387903213501,benchmark_extensions/summit_snar_main_repair_20260919_v2/runs/v2/episodes/test_qwen_base_5102/query017.json,06556d8c9316578e0115485da9226330f065ca42f5d8c21bff282bbe926d7f0c
test_qwen_base_5102,qwen_base,5102,19,llm_proposal,0.25,3,1.2,80,1.2|3|0.25|80,False,19,,2060.9127810670093,20.257276458099824,1,0.0,,1,0,4.233296155929565,benchmark_extensions/summit_snar_main_repair_20260919_v2/runs/v2/episodes/test_qwen_base_5102/query018.json,98aeb1d609311a373e0705031e44bc9adef3042559628fc03029dd8500dddadd
test_qwen_base_5102,qwen_base,5102,20,llm_proposal,0.4,4.5,0.5,35,0.5|4.5|0.4|35,False,20,,9192.412604118941,11.696576686300235,1,0.0,,1,0,3.7367284297943115,benchmark_extensions/summit_snar_main_repair_20260919_v2/runs/v2/episodes/test_qwen_base_5102/query019.json,ca1bec38f38a772cc5c8180e22317c6fab2abd0421b4242830a619b464719e11
test_qwen_base_5102,qwen_base,5102,21,llm_proposal,0.45,4.5,0.6,35,0.6|4.5|0.45|35,False,21,,8653.264407132707,10.501974369345163,1,0.0,,1,0,3.8301093578338623,benchmark_extensions/summit_snar_main_repair_20260919_v2/runs/v2/episodes/test_qwen_base_5102/query020.json,512846d6a342a9cfaaea17959be3be0b21da94ef10348101fa128468afae3736
test_qwen_base_5102,qwen_base,5102,22,llm_proposal,0.45,4.5,0.6,35,0.6|4.5|0.45|35,True,21,0.0,8653.264407132707,10.501974369345163,1,0.0,,1,0,3.771636486053467,benchmark_extensions/summit_snar_main_repair_20260919_v2/runs/v2/episodes/test_qwen_base_5102/query021.json,4b623a516b102a0a6cb8fea6487b29cd0923cd43bb720fd2ac5de074cd576884
test_qwen_base_5102,qwen_base,5102,23,llm_proposal,0.3,2.5,1.1,65,1.1|2.5|0.3|65,False,23,,3007.883086610106,15.02220977034017,1,0.0,,1,0,4.349199533462524,benchmark_extensions/summit_snar_main_repair_20260919_v2/runs/v2/episodes/test_qwen_base_5102/query022.json,f0a59526fe21fcde13ed31befc8be6ff309ca295e1088267ea6fa16aa05f075a
test_qwen_base_5102,qwen_base,5102,24,llm_proposal,0.45,4.5,0.7,35,0.7|4.5|0.45|35,False,24,,7384.565516752814,10.551427852008963,1,0.0,,1,0,4.450466156005859,benchmark_extensions/summit_snar_main_repair_20260919_v2/runs/v2/episodes/test_qwen_base_5102/query023.json,21aeb37c98a980e071c7bbd6a0e0bcd623e4a98bf7746843bf0a295a2ce64b14
test_qwen_base_5102,qwen_base,5102,25,llm_proposal,0.5,5,0.5,30,0.5|5|0.5|30,True,10,0.0,11559.605121586617,9.756260578228623,1,0.0,,1,0,4.10846471786499,benchmark_extensions/summit_snar_main_repair_20260919_v2/runs/v2/episodes/test_qwen_base_5102/query024.json,f784dee23548bbb5afee82a34371b7f4ed9d4bd523d2a439295337e2547c7163
test_qwen_base_5102,qwen_base,5102,26,llm_proposal,0.35,3.5,1.2,45,1.2|3.5|0.35|45,False,26,,3256.544715878537,13.190793330812992,1,0.0,,1,0,3.7292394638061523,benchmark_extensions/summit_snar_main_repair_20260919_v2/runs/v2/episodes/test_qwen_base_5102/query025.json,4e1d99f5481e5be35eaf70daa4363bf23cae7a1e46e505efc507a6eb030d5ddf
test_qwen_base_5102,qwen_base,5102,27,llm_proposal,0.35,3.0,1.8,85,1.8|3|0.35|85,False,27,,1451.2823162625189,19.892516615243878,1,0.0,,1,0,3.720839500427246,benchmark_extensions/summit_snar_main_repair_20260919_v2/runs/v2/episodes/test_qwen_base_5102/query026.json,6167f9e2ee9ba89e88201435fb4f15f52c23142004a1923b76b4909797700082
test_qwen_base_5102,qwen_base,5102,28,llm_proposal,0.5,5.0,0.6,35,0.6|5|0.5|35,False,28,,9537.83678490461,9.860181224756408,1,0.0,,2,1,7.817919731140137,benchmark_extensions/summit_snar_main_repair_20260919_v2/runs/v2/episodes/test_qwen_base_5102/query027.json,17d5537728314e3ee21814d847098d94e6149a7982b2f0ac89a6d60f54deb4c4
test_qwen_base_5102,qwen_base,5102,29,llm_proposal,0.5,5,0.55,30,0.55|5|0.5|30,True,13,0.0,10515.5917119573,9.748370260490134,1,0.0,,1,0,3.5510594844818115,benchmark_extensions/summit_snar_main_repair_20260919_v2/runs/v2/episodes/test_qwen_base_5102/query028.json,3801e978fe801b080bd12f1bafba9061fdd6ea200bae556802bfe342933b1f8f
test_qwen_base_5102,qwen_base,5102,30,llm_proposal,0.5,5,0.55,30,0.55|5|0.5|30,True,13,0.0,10515.5917119573,9.748370260490134,1,0.0,,1,0,4.131122350692749,benchmark_extensions/summit_snar_main_repair_20260919_v2/runs/v2/episodes/test_qwen_base_5102/query029.json,12e8f9e61f2198246b900fc18b93743ddd72eac9ecbfab2f3b9d97800fbea88a
test_qwen_base_5102,qwen_base,5102,31,llm_proposal,0.4,4.5,0.8,60,0.8|4.5|0.4|60,False,31,,5098.424659186143,13.289374268279726,1,0.0,,1,0,5.173832893371582,benchmark_extensions/summit_snar_main_repair_20260919_v2/runs/v2/episodes/test_qwen_base_5102/query030.json,d3cafc5a3fc8b047af23c40f30cf6efacdbcded12c356aadb9c4874ecd5ba654
test_qwen_base_5102,qwen_base,5102,32,llm_proposal,0.5,5,0.5,30,0.5|5|0.5|30,True,10,0.0,11559.605121586617,9.756260578228623,1,0.0,,1,0,3.4751627445220947,benchmark_extensions/summit_snar_main_repair_20260919_v2/runs/v2/episodes/test_qwen_base_5102/query031.json,6a961787a3ab3a8dcefd52b5df152f5420b87496942c3cb17756989b12199e75
test_qwen_base_5102,qwen_base,5102,33,llm_proposal,0.5,4.0,0.6,35,0.6|4|0.5|35,False,33,,9619.803488631118,9.400124565715595,0,5.067131242530998e-05,,1,0,3.6660776138305664,benchmark_extensions/summit_snar_main_repair_20260919_v2/runs/v2/episodes/test_qwen_base_5102/query032.json,788b7f125b660fd0940e3370c7b7c03be4d0381421be6db5102a56c3a03a2f7b
test_qwen_base_5102,qwen_base,5102,34,llm_proposal,0.5,5,0.55,35,0.55|5|0.5|35,False,34,,10445.504826873232,9.818623956689704,1,0.0,,1,0,5.108273267745972,benchmark_extensions/summit_snar_main_repair_20260919_v2/runs/v2/episodes/test_qwen_base_5102/query033.json,edb065f88c2bed2f3390a5689f90ba3cbe5ad1b43d3aa75edf6afa5df4a3b755
test_qwen_base_5102,qwen_base,5102,35,llm_proposal,0.4,4.5,0.8,60,0.8|4.5|0.4|60,True,31,0.0,5098.424659186143,13.289374268279726,1,0.0,,1,0,4.264134168624878,benchmark_extensions/summit_snar_main_repair_20260919_v2/runs/v2/episodes/test_qwen_base_5102/query034.json,1fcbb24e054eecb0c862c0086515a1222cb8e47fc34441a8f5d04ac83f16b878
test_qwen_base_5102,qwen_base,5102,36,llm_proposal,0.3,3.5,1.2,85,1.2|3.5|0.3|85,False,36,,2111.8053505380694,20.393058304123695,1,0.0,,1,0,5.258624792098999,benchmark_extensions/summit_snar_main_repair_20260919_v2/runs/v2/episodes/test_qwen_base_5102/query035.json,d0c3d8a2e3ab9542fd3f5a2156b7ecd0d8b818a9ba6c8d920ed00cf2ed539f1f
test_qwen_base_5102,qwen_base,5102,37,llm_proposal,0.45,4.5,0.55,30,0.55|4.5|0.45|30,False,37,,9415.425282493401,10.534981413877114,1,0.0,,1,0,3.8427069187164307,benchmark_extensions/summit_snar_main_repair_20260919_v2/runs/v2/episodes/test_qwen_base_5102/query036.json,0320599ce0acf94a71a6f60220b2714f3fd6ffd27c01d8bd57a19ca9be8193eb
test_qwen_base_5102,qwen_base,5102,38,llm_proposal,0.5,5,0.5,30,0.5|5|0.5|30,True,10,0.0,11559.605121586617,9.756260578228623,1,0.0,,1,0,4.079633474349976,benchmark_extensions/summit_snar_main_repair_20260919_v2/runs/v2/episodes/test_qwen_base_5102/query037.json,4922c44399f13227a8ae2e3cd9d9a69d822994a51933fc0944b43dcf4f1e9785
test_qwen_base_5102,qwen_base,5102,39,llm_proposal,0.35,4,1.2,90,1.2|4|0.35|90,False,39,,1951.2536650980855,22.935008538786697,1,0.0,,1,0,3.530743360519409,benchmark_extensions/summit_snar_main_repair_20260919_v2/runs/v2/episodes/test_qwen_base_5102/query038.json,afbc360f4a48679723d49012e6d049a43a0ed8aa5bd98936b51167d7c4fc93fd
test_qwen_base_5102,qwen_base,5102,40,llm_proposal,0.5,5,0.5,30,0.5|5|0.5|30,True,10,0.0,11559.605121586617,9.756260578228623,1,0.0,,1,0,3.4380369186401367,benchmark_extensions/summit_snar_main_repair_20260919_v2/runs/v2/episodes/test_qwen_base_5102/query039.json,f20eb4a230186a170899925a59de76ff62a63514445c1cd013857e9556489979
test_qwen_base_5102,qwen_base,5102,41,llm_proposal,0.5,5.0,0.55,30,0.55|5|0.5|30,True,13,0.0,10515.5917119573,9.748370260490134,1,0.0,,1,0,3.7129576206207275,benchmark_extensions/summit_snar_main_repair_20260919_v2/runs/v2/episodes/test_qwen_base_5102/query040.json,7c36f9d08b02976a1ac88bd62e520ad4f0d22f0c83df237191a5677af46fe187
test_qwen_base_5102,qwen_base,5102,42,llm_proposal,0.5,5.0,0.55,30,0.55|5|0.5|30,True,13,0.0,10515.5917119573,9.748370260490134,1,0.0,,1,0,3.757993221282959,benchmark_extensions/summit_snar_main_repair_20260919_v2/runs/v2/episodes/test_qwen_base_5102/query041.json,f67d6ad2e484554abde67003f9cd280764b41008682990485eb984dd7f6e40d3
test_qwen_base_5102,qwen_base,5102,43,llm_proposal,0.3,3,1.5,85,1.5|3|0.3|85,False,43,,1698.2773302523237,20.031051168523145,1,0.0,,1,0,4.088479042053223,benchmark_extensions/summit_snar_main_repair_20260919_v2/runs/v2/episodes/test_qwen_base_5102/query042.json,993fb77a4876a0588821f32690ae5dda5a869220fb189fce00617c6f7e30a88f
test_qwen_base_5102,qwen_base,5102,44,llm_proposal,0.3,2,1.8,65,1.8|2|0.3|65,False,44,,1822.1019451108018,14.967241816937884,1,0.0,,1,0,4.129721164703369,benchmark_extensions/summit_snar_main_repair_20260919_v2/runs/v2/episodes/test_qwen_base_5102/query043.json,16d33bd99d4cb2a7e7cebaaebd8a41261e28502d56fa7e2f4c07e4062597bac1
test_qwen_base_5102,qwen_base,5102,45,llm_proposal,0.5,5,0.5,30,0.5|5|0.5|30,True,10,0.0,11559.605121586617,9.756260578228623,1,0.0,,1,0,4.108137845993042,benchmark_extensions/summit_snar_main_repair_20260919_v2/runs/v2/episodes/test_qwen_base_5102/query044.json,d71810d28846952132c6d8e0ae4a6ba726fc3984f678a2ca7dbd19409d452daf
test_qwen_base_5102,qwen_base,5102,46,llm_proposal,0.4,4,0.7,90,0.7|4|0.4|90,False,46,,4618.1396902284405,16.738536683065227,1,0.0,,1,0,4.160432815551758,benchmark_extensions/summit_snar_main_repair_20260919_v2/runs/v2/episodes/test_qwen_base_5102/query045.json,221aba8a1392471fd49f981d6a0303aede90827c0892c08ea81ad014b4bc8a6a
test_qwen_base_5102,qwen_base,5102,47,llm_proposal,0.35,3,1.2,75,1.2|3|0.35|75,False,47,,2798.2186575587953,15.27617929398453,1,0.0,,1,0,3.6010332107543945,benchmark_extensions/summit_snar_main_repair_20260919_v2/runs/v2/episodes/test_qwen_base_5102/query046.json,073f0aa40cf041dc2a8e558ecfd451af87706f5e9120f08c4347d389a5e468b3
test_qwen_base_5102,qwen_base,5102,48,llm_proposal,0.5,5,0.5,30,0.5|5|0.5|30,True,10,0.0,11559.605121586617,9.756260578228623,1,0.0,,1,0,3.4888877868652344,benchmark_extensions/summit_snar_main_repair_20260919_v2/runs/v2/episodes/test_qwen_base_5102/query047.json,0e8f87cff23fb556994664258a6db70e3e60dcd8cf7f661ed0023feaedff436d
test_qwen_base_5102,qwen_base,5102,49,llm_proposal,0.45,4.5,0.6,45,0.6|4.5|0.45|45,False,49,,8449.101907363904,10.776272004219893,1,0.0,,1,0,4.923327207565308,benchmark_extensions/summit_snar_main_repair_20260919_v2/runs/v2/episodes/test_qwen_base_5102/query048.json,2298d45413d698573cea41b5cd2c7f284efa3462ffcaaa0c39196ca4e196d2c5
test_qwen_base_5102,qwen_base,5102,50,llm_proposal,0.5,5,0.5,30,0.5|5|0.5|30,True,10,0.0,11559.605121586617,9.756260578228623,1,0.0,,1,0,3.5209479331970215,benchmark_extensions/summit_snar_main_repair_20260919_v2/runs/v2/episodes/test_qwen_base_5102/query049.json,fe3bb27f460b2b2777537ca65d06d00b52122fcb28c9240c358bdb391a563bcb
test_qwen_base_5103,qwen_base,5103,1,paired_lhs_initial_design,0.11309831840379098,4.172383080168054,0.6935008376987399,81.43026926930229,0.6935008376987399|4.172383080168054|0.11309831840379098|81.43026926930229,False,1,,1807.1440542205332,39.12460524689903,1,0.0,,0,0,0.2850015163421631,benchmark_extensions/summit_snar_main_repair_20260919_v2/runs/v2/episodes/test_qwen_base_5103/query000.json,86ec5bdc4bb87de4e138ef9671d3bf8da3dc22045b0a91431fb0a78ec5356a3d
test_qwen_base_5103,qwen_base,5103,2,paired_lhs_initial_design,0.36112733486646664,2.8281403079007723,1.225307407640948,93.39601495614801,1.225307407640948|2.8281403079007723|0.36112733486646664|93.39601495614801,False,2,,2343.6930401385403,17.999097450704717,1,0.0,,0,0,0.22211837768554688,benchmark_extensions/summit_snar_main_repair_20260919_v2/runs/v2/episodes/test_qwen_base_5103/query001.json,4271562ea9f3ceb2e6bbd20614d934b5ed9ed566b58d0de73f809957edcf800e
test_qwen_base_5103,qwen_base,5103,3,paired_lhs_initial_design,0.48277528840545547,4.325465383699287,1.7214778815692795,60.33822694843287,1.7214778815692795|4.325465383699287|0.48277528840545547|60.33822694843287,False,3,,2219.839792410461,14.721069094241134,1,0.0,,0,0,0.22647356986999512,benchmark_extensions/summit_snar_main_repair_20260919_v2/runs/v2/episodes/test_qwen_base_5103/query002.json,22b228eb2d575b4f256726d6839df6c7d0d39560ee44d7427b330ed01d552c5d
test_qwen_base_5103,qwen_base,5103,4,paired_lhs_initial_design,0.18284784491267997,1.2999109988268753,0.9320151741421967,31.873563954014333,0.9320151741421967|1.2999109988268753|0.18284784491267997|31.873563954014333,False,4,,1242.803609050341,42.15236606138536,1,0.0,,0,0,0.22301101684570312,benchmark_extensions/summit_snar_main_repair_20260919_v2/runs/v2/episodes/test_qwen_base_5103/query003.json,71fa23c8bc183da718cd543c2de687282ba936196917713739b26fa5124ad505
test_qwen_base_5103,qwen_base,5103,5,paired_lhs_initial_design,0.32981778004758733,2.2896447971779685,1.443233898138733,102.23592955552782,1.443233898138733|2.2896447971779685|0.32981778004758733|102.23592955552782,False,5,,1833.2243518523883,19.099657708358567,1,0.0,,0,0,0.2370922565460205,benchmark_extensions/summit_snar_main_repair_20260919_v2/runs/v2/episodes/test_qwen_base_5103/query004.json,b2f8ee49e9e442897f79e65a1e00109432fd055ba04736a862aa53369a3773ef
test_qwen_base_5103,qwen_base,5103,6,llm_proposal,0.45,3.5,0.8,85,0.8|3.5|0.45|85,False,6,,4751.558340549507,14.166170471624984,1,0.0,,1,0,6.043215274810791,benchmark_extensions/summit_snar_main_repair_20260919_v2/runs/v2/episodes/test_qwen_base_5103/query005.json,78f0c061e348e02bd046442d6e30d8c2c1e5f9b2488514f05acd146454b92c78
test_qwen_base_5103,qwen_base,5103,7,llm_proposal,0.45,4.5,0.7,85,0.7|4.5|0.45|85,False,7,,4986.333763269804,16.057830130485733,1,0.0,,1,0,4.423686504364014,benchmark_extensions/summit_snar_main_repair_20260919_v2/runs/v2/episodes/test_qwen_base_5103/query006.json,4fd85cafe754ba6028eb242f584266c7ba57d171fc12b927f97e9608cb1e3444
test_qwen_base_5103,qwen_base,5103,8,llm_proposal,0.4,4.0,0.6,80,0.6|4|0.4|80,False,8,,6322.680416989488,14.130793549347048,1,0.0,,1,0,5.133260726928711,benchmark_extensions/summit_snar_main_repair_20260919_v2/runs/v2/episodes/test_qwen_base_5103/query007.json,d168d29e2a55e061c6a1c826508e5ee4cd5bded739f4bdde1d77aff25c436e8a
test_qwen_base_5103,qwen_base,5103,9,llm_proposal,0.45,4.5,1.0,85,1|4.5|0.45|85,False,9,,2914.507972258659,19.408740674586795,1,0.0,,1,0,4.419793128967285,benchmark_extensions/summit_snar_main_repair_20260919_v2/runs/v2/episodes/test_qwen_base_5103/query008.json,1959dce7c1ca94e517758e3369c48796bbc0e245088038a12a00c3541a3191e7
test_qwen_base_5103,qwen_base,5103,10,llm_proposal,0.35,3.0,1.0,65,1|3|0.35|65,False,10,,3715.711397094722,13.718438877584083,1,0.0,,1,0,5.291137218475342,benchmark_extensions/summit_snar_main_repair_20260919_v2/runs/v2/episodes/test_qwen_base_5103/query009.json,c2b7dc275d2219b864eeee10af7814e81c9da30858571c3de55d4b07293e2486
test_qwen_base_5103,qwen_base,5103,11,llm_proposal,0.45,4.5,0.8,85,0.8|4.5|0.45|85,False,11,,4105.6193435261575,17.121050780050908,1,0.0,,1,0,5.330980539321899,benchmark_extensions/summit_snar_main_repair_20260919_v2/runs/v2/episodes/test_qwen_base_5103/query010.json,ecb55ab55024aed59ff6524fd2053d154a5fe7b231e1fd6e81f36b441e4de625
test_qwen_base_5103,qwen_base,5103,12,llm_proposal,0.42,4.2,0.6,75,0.6|4.2|0.42|75,False,12,,6756.625298965938,13.373289845745672,1,0.0,,1,0,4.408517837524414,benchmark_extensions/summit_snar_main_repair_20260919_v2/runs/v2/episodes/test_qwen_base_5103/query011.json,46296dba651c8418c36ff5d84dc48a9126c5c78fff5e117d9d5e1a884be8be6e
test_qwen_base_5103,qwen_base,5103,13,llm_proposal,0.25,3.0,1.5,50,1.5|3|0.25|50,False,13,,1875.172500322876,17.702624285632766,1,0.0,,1,0,3.7850124835968018,benchmark_extensions/summit_snar_main_repair_20260919_v2/runs/v2/episodes/test_qwen_base_5103/query012.json,e02e144ba295f7dc7f9cb6f964cf537e44cc13f423ec28b50aa2e536363fb47c
test_qwen_base_5103,qwen_base,5103,14,llm_proposal,0.5,5,0.5,30,0.5|5|0.5|30,False,14,,11559.605121586617,9.756260578228623,1,0.0,,1,0,4.314560174942017,benchmark_extensions/summit_snar_main_repair_20260919_v2/runs/v2/episodes/test_qwen_base_5103/query013.json,9adb67241cf55e961c4854eaffcc6d81318bb2eba606a65725b779547a4ce87b
test_qwen_base_5103,qwen_base,5103,15,llm_proposal,0.45,4.0,1.2,60,1.2|4|0.45|60,False,15,,3543.3563840858405,12.794912507269398,1,0.0,,1,0,3.6505589485168457,benchmark_extensions/summit_snar_main_repair_20260919_v2/runs/v2/episodes/test_qwen_base_5103/query014.json,ad93481f2a592cc631abb410ffed73cccf17fab3a35ecbdf74700cd9f67b9c1d
test_qwen_base_5103,qwen_base,5103,16,llm_proposal,0.45,4.8,0.6,55,0.6|4.8|0.45|55,False,16,,8006.232663951409,11.54194664736169,1,0.0,,1,0,3.6676864624023438,benchmark_extensions/summit_snar_main_repair_20260919_v2/runs/v2/episodes/test_qwen_base_5103/query015.json,a5af12f0344f9e53a23de705e18f55e183248e7704209cc1d2a6cfc805b32448
test_qwen_base_5103,qwen_base,5103,17,llm_proposal,0.48,5,0.55,102,0.55|5|0.48|102,False,17,,4957.3240134718235,21.47410814783791,1,0.0,,1,0,3.721900224685669,benchmark_extensions/summit_snar_main_repair_20260919_v2/runs/v2/episodes/test_qwen_base_5103/query016.json,591064d96324743cfabe695b762a8439cff63e80581ae2de6b37f53144b93107
test_qwen_base_5103,qwen_base,5103,18,llm_proposal,0.5,5,0.5,30,0.5|5|0.5|30,True,14,0.0,11559.605121586617,9.756260578228623,1,0.0,,1,0,3.4563405513763428,benchmark_extensions/summit_snar_main_repair_20260919_v2/runs/v2/episodes/test_qwen_base_5103/query017.json,72c8c1d00bf0a00c2c639192fdf00f8b241ed8f389b17a6c6b16c31aa8c70aac
test_qwen_base_5103,qwen_base,5103,19,llm_proposal,0.5,5.0,0.55,30,0.55|5|0.5|30,False,19,,10515.5917119573,9.748370260490134,1,0.0,,1,0,4.334415912628174,benchmark_extensions/summit_snar_main_repair_20260919_v2/runs/v2/episodes/test_qwen_base_5103/query018.json,ee7380dc5c769d10dae5d7b6fe2ec58aea59676a7cd92eda4eb2c8a536d88846
test_qwen_base_5103,qwen_base,5103,20,llm_proposal,0.4,4.5,0.7,70,0.7|4.5|0.4|70,False,20,,5514.573854785455,14.092614905362803,1,0.0,,1,0,4.290312767028809,benchmark_extensions/summit_snar_main_repair_20260919_v2/runs/v2/episodes/test_qwen_base_5103/query019.json,49ee5b50032a0c8e13e5fbd1c2dcb5df9c13800a01d986edb4422b1975cb6a7d
test_qwen_base_5103,qwen_base,5103,21,llm_proposal,0.5,5,0.6,35,0.6|5|0.5|35,False,21,,9537.83678490461,9.860181224756408,1,0.0,,1,0,3.5029733180999756,benchmark_extensions/summit_snar_main_repair_20260919_v2/runs/v2/episodes/test_qwen_base_5103/query020.json,77d8cbaa07f2e20c4a7d2cdda34c17d5a6c4584d40eeefb98139759aaf5304da
test_qwen_base_5103,qwen_base,5103,22,llm_proposal,0.5,5,0.55,30,0.55|5|0.5|30,True,19,0.0,10515.5917119573,9.748370260490134,1,0.0,,1,0,4.142276048660278,benchmark_extensions/summit_snar_main_repair_20260919_v2/runs/v2/episodes/test_qwen_base_5103/query021.json,0a9d8e287fe6e15401bdf35af3c725014bfad9e598119ea73bd499907a16622d
test_qwen_base_5103,qwen_base,5103,23,llm_proposal,0.5,5,0.5,30,0.5|5|0.5|30,True,14,0.0,11559.605121586617,9.756260578228623,1,0.0,,1,0,4.092141389846802,benchmark_extensions/summit_snar_main_repair_20260919_v2/runs/v2/episodes/test_qwen_base_5103/query022.json,51d3131b26224f4b8185885ebcd4c756df0e4d7a7e520ee055b80f08754288fe
test_qwen_base_5103,qwen_base,5103,24,llm_proposal,0.45,4.5,0.7,85,0.7|4.5|0.45|85,True,7,0.0,4986.333763269804,16.057830130485733,1,0.0,,1,0,5.196078300476074,benchmark_extensions/summit_snar_main_repair_20260919_v2/runs/v2/episodes/test_qwen_base_5103/query023.json,37510edbc2343f1142a79a08b4753da8053a3f88b5a9e5e1b29264a6e4217796
test_qwen_base_5103,qwen_base,5103,25,llm_proposal,0.3,4.0,0.8,60,0.8|4|0.3|60,False,25,,4070.669287481476,15.866692694264053,1,0.0,,1,0,4.266848802566528,benchmark_extensions/summit_snar_main_repair_20260919_v2/runs/v2/episodes/test_qwen_base_5103/query024.json,820976f993f49b0be84821ebd2f33988b184c918a121e3b1543a6d6529ab10f9
test_qwen_base_5103,qwen_base,5103,26,llm_proposal,0.5,5.0,0.55,30,0.55|5|0.5|30,True,19,0.0,10515.5917119573,9.748370260490134,1,0.0,,1,0,5.252154111862183,benchmark_extensions/summit_snar_main_repair_20260919_v2/runs/v2/episodes/test_qwen_base_5103/query025.json,195075979bfa769eac2c30cb2798bc6ff1f210a66bc50b031279fc27e2e038d9
test_qwen_base_5103,qwen_base,5103,27,llm_proposal,0.25,3,1.2,45,1.2|3|0.25|45,False,27,,2395.062920580925,17.30706432115799,1,0.0,,1,0,3.5348198413848877,benchmark_extensions/summit_snar_main_repair_20260919_v2/runs/v2/episodes/test_qwen_base_5103/query026.json,8327ddec7e92356ab3b526c621acb1f51252c64f2aa8c6053023c7d33413d59a
test_qwen_base_5103,qwen_base,5103,28,llm_proposal,0.35,3,1.0,70,1|3|0.35|70,False,28,,3608.236136522988,14.153827895194949,1,0.0,,1,0,4.132375240325928,benchmark_extensions/summit_snar_main_repair_20260919_v2/runs/v2/episodes/test_qwen_base_5103/query027.json,2efcb86c0ca0a7bd1dceeca88ccc509f9057a50b709d10f4041094661781f091
test_qwen_base_5103,qwen_base,5103,29,llm_proposal,0.48,5,0.6,30,0.6|5|0.48|30,False,29,,9250.8006017556,10.092533870034481,1,0.0,,1,0,4.6914355754852295,benchmark_extensions/summit_snar_main_repair_20260919_v2/runs/v2/episodes/test_qwen_base_5103/query028.json,78fd18507a3acb7bc6131a299e77efcd0846ab34fb8880d392bdee99f8d59a46
test_qwen_base_5103,qwen_base,5103,30,llm_proposal,0.4,4.0,1.0,50,1|4|0.4|50,False,30,,4304.705899884057,12.346303762240442,1,0.0,,1,0,4.2426581382751465,benchmark_extensions/summit_snar_main_repair_20260919_v2/runs/v2/episodes/test_qwen_base_5103/query029.json,6313360c29b3a59f378a1eba40d06f716feeea98baa323c28e376a47ed5ec7f6
test_qwen_base_5103,qwen_base,5103,31,llm_proposal,0.5,5.0,0.55,30,0.55|5|0.5|30,True,19,0.0,10515.5917119573,9.748370260490134,1,0.0,,1,0,3.7147481441497803,benchmark_extensions/summit_snar_main_repair_20260919_v2/runs/v2/episodes/test_qwen_base_5103/query030.json,94809ed719f175610b19329b126369c9b4d6889d00474be3cce896c3534d56ed
test_qwen_base_5103,qwen_base,5103,32,llm_proposal,0.48,5.0,1.0,30,1|5|0.48|30,False,32,,5420.079920786955,10.355535546427472,1,0.0,,1,0,3.7592952251434326,benchmark_extensions/summit_snar_main_repair_20260919_v2/runs/v2/episodes/test_qwen_base_5103/query031.json,e6e22eb54c507b1bc911b115ca8ddb26942f5d788392739d76a5e9f6562a7e1c
test_qwen_base_5103,qwen_base,5103,33,llm_proposal,0.5,5,0.5,30,0.5|5|0.5|30,True,14,0.0,11559.605121586617,9.756260578228623,1,0.0,,1,0,4.940568208694458,benchmark_extensions/summit_snar_main_repair_20260919_v2/runs/v2/episodes/test_qwen_base_5103/query032.json,cdf587ce5765072bcc5c3c2b1a791505b72ba86db35f15e947f52be724758f00
test_qwen_base_5103,qwen_base,5103,34,llm_proposal,0.5,5,1.0,80,1|5|0.5|80,False,34,,3113.2782443306724,18.87775526526436,1,0.0,,1,0,3.4914751052856445,benchmark_extensions/summit_snar_main_repair_20260919_v2/runs/v2/episodes/test_qwen_base_5103/query033.json,f4ee136cb3d4d4518432bc7e428771461152fd2465b75339ce734cad276f1636
test_qwen_base_5103,qwen_base,5103,35,llm_proposal,0.5,4.0,0.55,35,0.55|4|0.5|35,False,35,,10494.991077248651,9.40024167564032,0,7.409102753641594e-05,,1,0,4.35262393951416,benchmark_extensions/summit_snar_main_repair_20260919_v2/runs/v2/episodes/test_qwen_base_5103/query034.json,3a241a05e0a4d916c5e8513c453e664f027504ed02ec07dabc6fa2f41fa2dfb0
test_qwen_base_5103,qwen_base,5103,36,llm_proposal,0.5,5,0.5,30,0.5|5|0.5|30,True,14,0.0,11559.605121586617,9.756260578228623,1,0.0,,1,0,4.021146774291992,benchmark_extensions/summit_snar_main_repair_20260919_v2/runs/v2/episodes/test_qwen_base_5103/query035.json,fb6dca0264f6b254ff5b90ec16a0824a17cd51fe209280eed95a6f7ffafb7921
test_qwen_base_5103,qwen_base,5103,37,llm_proposal,0.5,4.0,1.0,100,1|4|0.5|100,False,37,,2325.230991982725,24.663021601620496,1,0.0,,1,0,5.114234209060669,benchmark_extensions/summit_snar_main_repair_20260919_v2/runs/v2/episodes/test_qwen_base_5103/query036.json,389f1d3afcdf52de511a93c131f958f008910f9cdcb1cfec05b05e8797829446
test_qwen_base_5103,qwen_base,5103,38,llm_proposal,0.45,4.5,0.55,35,0.55|4.5|0.45|35,False,38,,9446.911000535063,10.494211345437881,1,0.0,,1,0,5.1932594776153564,benchmark_extensions/summit_snar_main_repair_20260919_v2/runs/v2/episodes/test_qwen_base_5103/query037.json,4d87ed30ba440506785fd350f537bbd46e82de9f61907d994114aeb3c8adfa1a
test_qwen_base_5103,qwen_base,5103,39,llm_proposal,0.48,4.5,0.6,38,0.6|4.5|0.48|38,False,39,,9163.328211743574,10.010243303433231,1,0.0,,1,0,5.182177543640137,benchmark_extensions/summit_snar_main_repair_20260919_v2/runs/v2/episodes/test_qwen_base_5103/query038.json,ef2f9196cf465e02611cf043708ae93ccce4775ddefe21b28b92ebd8a0aa402c
test_qwen_base_5103,qwen_base,5103,40,llm_proposal,0.5,5,0.55,30,0.55|5|0.5|30,True,19,0.0,10515.5917119573,9.748370260490134,1,0.0,,1,0,4.103585481643677,benchmark_extensions/summit_snar_main_repair_20260919_v2/runs/v2/episodes/test_qwen_base_5103/query039.json,c6c2739ef6d8079bca4bca6b6cb6f1c597a737d13f25011fcb8f691a07d6777f
test_qwen_base_5103,qwen_base,5103,41,llm_proposal,0.45,4.8,0.6,35,0.6|4.8|0.45|35,False,41,,8637.633483165857,10.63331565715486,1,0.0,,1,0,4.288135766983032,benchmark_extensions/summit_snar_main_repair_20260919_v2/runs/v2/episodes/test_qwen_base_5103/query040.json,43d1efa0190358072210507b74427dd6836a5325f5baf8d5cdb4422ed5b2ccab
test_qwen_base_5103,qwen_base,5103,42,llm_proposal,0.5,5,0.55,30,0.55|5|0.5|30,True,19,0.0,10515.5917119573,9.748370260490134,1,0.0,,1,0,3.5409584045410156,benchmark_extensions/summit_snar_main_repair_20260919_v2/runs/v2/episodes/test_qwen_base_5103/query041.json,f37b93a4554eb83c50af6e47302b65e2aad5750e09d6e02772ba9c56bc48c671
test_qwen_base_5103,qwen_base,5103,43,llm_proposal,0.5,5,0.5,30,0.5|5|0.5|30,True,14,0.0,11559.605121586617,9.756260578228623,1,0.0,,1,0,4.076644420623779,benchmark_extensions/summit_snar_main_repair_20260919_v2/runs/v2/episodes/test_qwen_base_5103/query042.json,53a57179d1667fdc29199b2da9ed951dbfc37ea55c67b7e92ccd60e54163a1d6
test_qwen_base_5103,qwen_base,5103,44,llm_proposal,0.35,3,1.2,65,1.2|3|0.35|65,False,44,,3016.390915641653,14.10627338281001,1,0.0,,1,0,3.591127872467041,benchmark_extensions/summit_snar_main_repair_20260919_v2/runs/v2/episodes/test_qwen_base_5103/query043.json,cf79e0cbb310ef333bbf4904bd414b7ad5513d45dfb71b87b2907244a97dd157
test_qwen_base_5103,qwen_base,5103,45,llm_proposal,0.5,5,0.5,30,0.5|5|0.5|30,True,14,0.0,11559.605121586617,9.756260578228623,1,0.0,,1,0,4.070584297180176,benchmark_extensions/summit_snar_main_repair_20260919_v2/runs/v2/episodes/test_qwen_base_5103/query044.json,6ad9bc447a97f163efb186722a6bf2fa2bcde8cf6cbffd3bf04331bca3c354e4
test_qwen_base_5103,qwen_base,5103,46,llm_proposal,0.45,4.5,0.65,35,0.65|4.5|0.45|35,False,46,,7973.0246781958995,10.522408118356058,1,0.0,,1,0,4.45536994934082,benchmark_extensions/summit_snar_main_repair_20260919_v2/runs/v2/episodes/test_qwen_base_5103/query045.json,8f3149589c32f187038d4f1a0f81883c6cc8bd6909a9eabdc31162370d7b1813
test_qwen_base_5103,qwen_base,5103,47,llm_proposal,0.5,5,0.6,30,0.6|5|0.5|30,False,47,,9630.51727782547,9.757446269012698,1,0.0,,1,0,4.10922384262085,benchmark_extensions/summit_snar_main_repair_20260919_v2/runs/v2/episodes/test_qwen_base_5103/query046.json,996c424850678be2a40724b56f6a01616fc8f0acfb10daf147714e94101e6dee
test_qwen_base_5103,qwen_base,5103,48,llm_proposal,0.48,4.8,0.7,45,0.7|4.8|0.48|45,False,48,,7521.608234391613,10.60899437836636,1,0.0,,1,0,4.324268102645874,benchmark_extensions/summit_snar_main_repair_20260919_v2/runs/v2/episodes/test_qwen_base_5103/query047.json,a72f0605bd404c450fc26bdc50e3eaf256def75cdf2cc1f57e99a8b12b10bd6e
test_qwen_base_5103,qwen_base,5103,49,llm_proposal,0.5,5,0.5,30,0.5|5|0.5|30,True,14,0.0,11559.605121586617,9.756260578228623,1,0.0,,1,0,4.05460262298584,benchmark_extensions/summit_snar_main_repair_20260919_v2/runs/v2/episodes/test_qwen_base_5103/query048.json,5ad3732bbfbc09261489575aeb4eb6760af656ffce472683f6bc62a75f5e251d
test_qwen_base_5103,qwen_base,5103,50,llm_proposal,0.5,5,0.5,30,0.5|5|0.5|30,True,14,0.0,11559.605121586617,9.756260578228623,1,0.0,,1,0,4.003514051437378,benchmark_extensions/summit_snar_main_repair_20260919_v2/runs/v2/episodes/test_qwen_base_5103/query049.json,7cf807b91fb356ee98e059cbb11cc9a7af901c589a76f8470812dd55ea1b0b5e
test_qwen_base_5104,qwen_base,5104,1,paired_lhs_initial_design,0.31790146587040014,3.8591472345078754,1.8289547975435245,42.00041088025908,1.8289547975435245|3.8591472345078754|0.31790146587040014|42.00041088025908,False,1,,1880.2594463633836,15.047836871582398,1,0.0,,0,0,0.23041629791259766,benchmark_extensions/summit_snar_main_repair_20260919_v2/runs/v2/episodes/test_qwen_base_5104/query000.json,8054312572a6268bf9f6623ffb8a13f814451d6af0e710b0aa9872fef3761290
test_qwen_base_5104,qwen_base,5104,2,paired_lhs_initial_design,0.3607893453399905,4.83502315773377,0.9526927618802967,54.33341214189217,0.9526927618802967|4.83502315773377|0.3607893453399905|54.33341214189217,False,2,,3915.852889081124,14.4752587281563,1,0.0,,0,0,0.19005560874938965,benchmark_extensions/summit_snar_main_repair_20260919_v2/runs/v2/episodes/test_qwen_base_5104/query001.json,493a7e1e79ad74fab4790e9aa6b7ef55cb114234b29f45717292f2b662ef7085
test_qwen_base_5104,qwen_base,5104,3,paired_lhs_initial_design,0.2376365665243462,1.9578490605696615,0.7129337102580471,103.43001655917593,0.7129337102580471|1.9578490605696615|0.2376365665243462|103.43001655917593,False,3,,3556.33524700724,19.223326187327277,1,0.0,,0,0,0.19363737106323242,benchmark_extensions/summit_snar_main_repair_20260919_v2/runs/v2/episodes/test_qwen_base_5104/query002.json,28278601a1e0bc59ddabd5d094d3d92fd8c964ab6000f67dd765ba3bc45b7bf2
test_qwen_base_5104,qwen_base,5104,4,paired_lhs_initial_design,0.4536484219286061,3.335432211344853,1.3455687104230876,94.24717445554151,1.3455687104230876|3.335432211344853|0.4536484219286061|94.24717445554151,False,4,,1946.0240711150989,20.880125039703653,1,0.0,,0,0,0.19118475914001465,benchmark_extensions/summit_snar_main_repair_20260919_v2/runs/v2/episodes/test_qwen_base_5104/query003.json,2ab4fc8267e7d0d4161485412cfaec12b63ab277432531213844bc13279c10e0
test_qwen_base_5104,qwen_base,5104,5,paired_lhs_initial_design,0.14906642618731591,1.551717619834617,1.4743808771630154,68.01227141274958,1.4743808771630154|1.551717619834617|0.14906642618731591|68.01227141274958,False,5,,1131.707597446874,28.710781801360213,1,0.0,,0,0,0.2180328369140625,benchmark_extensions/summit_snar_main_repair_20260919_v2/runs/v2/episodes/test_qwen_base_5104/query004.json,6452b319d93cb0fa9e206d6c09a2c364b29083b7638e2a503489e858cc484ca0
test_qwen_base_5104,qwen_base,5104,6,llm_proposal,0.4,4.0,1.0,60,1|4|0.4|60,False,6,,4029.725363292628,13.250161329834183,1,0.0,,1,0,4.501952648162842,benchmark_extensions/summit_snar_main_repair_20260919_v2/runs/v2/episodes/test_qwen_base_5104/query005.json,fcc2e11f20dcc3ee4d360ce0dd722b55bea45dc07b3ebda49a9d13a58a2a1dc3
test_qwen_base_5104,qwen_base,5104,7,llm_proposal,0.5,5,0.55,30,0.55|5|0.5|30,False,7,,10515.5917119573,9.748370260490134,1,0.0,,1,0,4.36856484413147,benchmark_extensions/summit_snar_main_repair_20260919_v2/runs/v2/episodes/test_qwen_base_5104/query006.json,6e449c8f8d28800fd37283058c699172e0af27baff6e23435373c964ad22e192
test_qwen_base_5104,qwen_base,5104,8,llm_proposal,0.35,3.0,1.2,85,1.2|3|0.35|85,False,8,,2532.1926388822,16.975433834498517,1,0.0,,1,0,3.8299243450164795,benchmark_extensions/summit_snar_main_repair_20260919_v2/runs/v2/episodes/test_qwen_base_5104/query007.json,622860a3b40982f3fce59df8d1fbe21bfb1e9053f204732d032ce261f9ba5be9
test_qwen_base_5104,qwen_base,5104,9,llm_proposal,0.5,5.0,0.6,30,0.6|5|0.5|30,False,9,,9630.51727782547,9.757446269012698,1,0.0,,1,0,4.371036529541016,benchmark_extensions/summit_snar_main_repair_20260919_v2/runs/v2/episodes/test_qwen_base_5104/query008.json,ce7663ed7ba2b6459d6fc3b935b83a6e7bc8b27b5a2aaef5fc707d1e7fa2d7f0
test_qwen_base_5104,qwen_base,5104,10,llm_proposal,0.5,5,0.55,30,0.55|5|0.5|30,True,7,0.0,10515.5917119573,9.748370260490134,1,0.0,,1,0,4.192453622817993,benchmark_extensions/summit_snar_main_repair_20260919_v2/runs/v2/episodes/test_qwen_base_5104/query009.json,35024821eeac3b880fff1b7da9f5d9489b9583cad7e1fe1d0695456a0c5bec5b
test_qwen_base_5104,qwen_base,5104,11,llm_proposal,0.5,5.0,0.55,30,0.55|5|0.5|30,True,7,0.0,10515.5917119573,9.748370260490134,1,0.0,,1,0,4.930465936660767,benchmark_extensions/summit_snar_main_repair_20260919_v2/runs/v2/episodes/test_qwen_base_5104/query010.json,c359e7d176e63e5d0628f8a7664044c83a0d8f8a0fbb9c48e2b7b21ca37a5cde
test_qwen_base_5104,qwen_base,5104,12,llm_proposal,0.25,3,1.0,60,1|3|0.25|60,False,12,,2804.8702449177936,17.75503296374613,1,0.0,,1,0,5.168135643005371,benchmark_extensions/summit_snar_main_repair_20260919_v2/runs/v2/episodes/test_qwen_base_5104/query011.json,165501abc344980f5d824c08f67ccbbc443510c041cbbc48960da88c1440b783
test_qwen_base_5104,qwen_base,5104,13,llm_proposal,0.5,5,0.5,30,0.5|5|0.5|30,False,13,,11559.605121586617,9.756260578228623,1,0.0,,1,0,4.06956148147583,benchmark_extensions/summit_snar_main_repair_20260919_v2/runs/v2/episodes/test_qwen_base_5104/query012.json,3277b1bbfc415b829fb4b4c2cb450f3d36fe570a262d8df7ad774860993683b7
test_qwen_base_5104,qwen_base,5104,14,llm_proposal,0.45,4,1.2,60,1.2|4|0.45|60,False,14,,3543.3563840858405,12.794912507269398,1,0.0,,1,0,3.571913480758667,benchmark_extensions/summit_snar_main_repair_20260919_v2/runs/v2/episodes/test_qwen_base_5104/query013.json,44b06b64254f94a11c5a5dbead5a6d288cd3f045ec3da1b5296cc76221755012
test_qwen_base_5104,qwen_base,5104,15,llm_proposal,0.5,5,0.5,30,0.5|5|0.5|30,True,13,0.0,11559.605121586617,9.756260578228623,1,0.0,,1,0,4.964186906814575,benchmark_extensions/summit_snar_main_repair_20260919_v2/runs/v2/episodes/test_qwen_base_5104/query014.json,5c51e983eb228335ea9c0f6d5d07e0985ec8dd46874fca5a88368315cc83d0ae
test_qwen_base_5104,qwen_base,5104,16,llm_proposal,0.35,4,0.8,80,0.8|4|0.35|80,False,16,,3986.998088569625,16.59769987851933,1,0.0,,1,0,4.289519548416138,benchmark_extensions/summit_snar_main_repair_20260919_v2/runs/v2/episodes/test_qwen_base_5104/query015.json,b02fa17e82d4b1a603d252b310ed6d92080c127059d97da0d2d54b858bf8252c
test_qwen_base_5104,qwen_base,5104,17,llm_proposal,0.5,5,0.55,30,0.55|5|0.5|30,True,7,0.0,10515.5917119573,9.748370260490134,1,0.0,,1,0,5.139016389846802,benchmark_extensions/summit_snar_main_repair_20260919_v2/runs/v2/episodes/test_qwen_base_5104/query016.json,b35b6dcca9c7844130d48d6a95970d7e3d7418fb3d72049d493d0059249b0073
test_qwen_base_5104,qwen_base,5104,18,llm_proposal,0.3,4,1.0,60,1|4|0.3|60,False,18,,3166.200064170576,16.345004840694397,1,0.0,,1,0,3.5557522773742676,benchmark_extensions/summit_snar_main_repair_20260919_v2/runs/v2/episodes/test_qwen_base_5104/query017.json,76c463767e29f5cca72a4c7b8692ac75a0c1f3ac1297f8365409cfc73a459b86
test_qwen_base_5104,qwen_base,5104,19,llm_proposal,0.5,5,0.5,30,0.5|5|0.5|30,True,13,0.0,11559.605121586617,9.756260578228623,1,0.0,,1,0,3.516439914703369,benchmark_extensions/summit_snar_main_repair_20260919_v2/runs/v2/episodes/test_qwen_base_5104/query018.json,33f9f30d315cd5e8f8e572969dbb5bab2e5a584e7a17ddbbb9476a5d141ca6c7
test_qwen_base_5104,qwen_base,5104,20,llm_proposal,0.35,4,1.0,80,1|4|0.35|80,False,20,,2977.6268850761803,17.843241263890427,1,0.0,,1,0,3.566465139389038,benchmark_extensions/summit_snar_main_repair_20260919_v2/runs/v2/episodes/test_qwen_base_5104/query019.json,75fe7431cb104d1f5452939127f9205701115d865386ffac8e82258b4341a7e2
test_qwen_base_5104,qwen_base,5104,21,llm_proposal,0.5,5,0.55,30,0.55|5|0.5|30,True,7,0.0,10515.5917119573,9.748370260490134,1,0.0,,1,0,4.239447355270386,benchmark_extensions/summit_snar_main_repair_20260919_v2/runs/v2/episodes/test_qwen_base_5104/query020.json,f7080604e768e2d5e5d54fe8e7af5a42a1478351475790bad4bfaba41ec103b2
test_qwen_base_5104,qwen_base,5104,22,llm_proposal,0.5,5,0.5,30,0.5|5|0.5|30,True,13,0.0,11559.605121586617,9.756260578228623,1,0.0,,1,0,4.9420411586761475,benchmark_extensions/summit_snar_main_repair_20260919_v2/runs/v2/episodes/test_qwen_base_5104/query021.json,d03f4fecd73e7b41f9b85120405aebfc5de974c8b859beb642b1c4551af263a7
test_qwen_base_5104,qwen_base,5104,23,llm_proposal,0.5,5,0.5,30,0.5|5|0.5|30,True,13,0.0,11559.605121586617,9.756260578228623,1,0.0,,1,0,3.993964672088623,benchmark_extensions/summit_snar_main_repair_20260919_v2/runs/v2/episodes/test_qwen_base_5104/query022.json,c7ec6868387cd438fc4a8d826a911939c9203aefec0ba79c303fb7a1a39a5745
test_qwen_base_5104,qwen_base,5104,24,llm_proposal,0.5,5,0.5,30,0.5|5|0.5|30,True,13,0.0,11559.605121586617,9.756260578228623,1,0.0,,1,0,4.007877588272095,benchmark_extensions/summit_snar_main_repair_20260919_v2/runs/v2/episodes/test_qwen_base_5104/query023.json,2b85e5c9f6d103e867179cf2cefe6dcbbe61b0668a577d5a807ea007f346ca51
test_qwen_base_5104,qwen_base,5104,25,llm_proposal,0.3,3,1.5,60,1.5|3|0.3|60,False,25,,2111.1486846648163,15.93790194615113,1,0.0,,1,0,5.017866849899292,benchmark_extensions/summit_snar_main_repair_20260919_v2/runs/v2/episodes/test_qwen_base_5104/query024.json,0d5c4397c8c0bc9ef5f72a76463ccf8cf10a562e6a2382e533c014b196c1b3bf
test_qwen_base_5104,qwen_base,5104,26,llm_proposal,0.5,5,0.55,30,0.55|5|0.5|30,True,7,0.0,10515.5917119573,9.748370260490134,1,0.0,,1,0,3.5936801433563232,benchmark_extensions/summit_snar_main_repair_20260919_v2/runs/v2/episodes/test_qwen_base_5104/query025.json,92ec4992100ddae560efd1871d471766230fc64b8513e70dae3deb708090d0cb
test_qwen_base_5104,qwen_base,5104,27,llm_proposal,0.3,4,0.6,80,0.6|4|0.3|80,False,27,,5038.844859067533,17.16003191139498,1,0.0,,1,0,5.099820137023926,benchmark_extensions/summit_snar_main_repair_20260919_v2/runs/v2/episodes/test_qwen_base_5104/query026.json,3cf20c442c966b13025394cd6ce1fbfe2dd5b6f2623af11a6d26526de136ca23
test_qwen_base_5104,qwen_base,5104,28,llm_proposal,0.35,3,1.2,70,1.2|3|0.35|70,False,28,,2913.4581417555064,14.636402250211443,1,0.0,,1,0,4.270531415939331,benchmark_extensions/summit_snar_main_repair_20260919_v2/runs/v2/episodes/test_qwen_base_5104/query027.json,18363d69f096a48b00b3a01930c642362be1a0d2764c97039b538cfc962121eb
test_qwen_base_5104,qwen_base,5104,29,llm_proposal,0.4,4,0.8,50,0.8|4|0.4|50,False,29,,5514.135086857314,12.026238731740964,1,0.0,,1,0,4.232320308685303,benchmark_extensions/summit_snar_main_repair_20260919_v2/runs/v2/episodes/test_qwen_base_5104/query028.json,9a0e65cd7fb7624a6a9c301aecfa7c60ef3c8bdfe85e95776cfc529da2fff1d8
test_qwen_base_5104,qwen_base,5104,30,llm_proposal,0.5,5,0.6,30,0.6|5|0.5|30,True,9,0.0,9630.51727782547,9.757446269012698,1,0.0,,1,0,3.4880330562591553,benchmark_extensions/summit_snar_main_repair_20260919_v2/runs/v2/episodes/test_qwen_base_5104/query029.json,992277b0c9e2388d5fa03272a73f1f9e7a6c10bcb47dbe80eebc889d52a79300
test_qwen_base_5104,qwen_base,5104,31,llm_proposal,0.5,5,0.5,30,0.5|5|0.5|30,True,13,0.0,11559.605121586617,9.756260578228623,1,0.0,,1,0,3.5140488147735596,benchmark_extensions/summit_snar_main_repair_20260919_v2/runs/v2/episodes/test_qwen_base_5104/query030.json,bda89eae787cadf5f68324fd9f55b4edc6c68a89651cf1fecaa83dc57a6f10ba
test_qwen_base_5104,qwen_base,5104,32,llm_proposal,0.5,5,0.5,30,0.5|5|0.5|30,True,13,0.0,11559.605121586617,9.756260578228623,1,0.0,,1,0,4.067975997924805,benchmark_extensions/summit_snar_main_repair_20260919_v2/runs/v2/episodes/test_qwen_base_5104/query031.json,f5874eabb0638336b3cd63cb9ce4be672c1cc8a41a3016012aba3bd7e151cd5d
test_qwen_base_5104,qwen_base,5104,33,llm_proposal,0.5,5,0.55,30,0.55|5|0.5|30,True,7,0.0,10515.5917119573,9.748370260490134,1,0.0,,1,0,4.132076025009155,benchmark_extensions/summit_snar_main_repair_20260919_v2/runs/v2/episodes/test_qwen_base_5104/query032.json,b318bad598e1a2daa60266ecbad37fb83650d9ad664d687cda1b2762e1d1113c
test_qwen_base_5104,qwen_base,5104,34,llm_proposal,0.5,5,0.55,30,0.55|5|0.5|30,True,7,0.0,10515.5917119573,9.748370260490134,1,0.0,,2,1,6.796228647232056,benchmark_extensions/summit_snar_main_repair_20260919_v2/runs/v2/episodes/test_qwen_base_5104/query033.json,efb22750b0f81b773bafdce4f6640922ca86da8c8369fa8cd32279520398e02e
test_qwen_base_5104,qwen_base,5104,35,llm_proposal,0.3,3,1.0,60,1|3|0.3|60,False,35,,3315.7216781367906,15.18138783686532,1,0.0,,1,0,3.434119701385498,benchmark_extensions/summit_snar_main_repair_20260919_v2/runs/v2/episodes/test_qwen_base_5104/query034.json,d918e7a0ae25b2ba05fd7c821911b58d16659ec40ab6ac4cac77c8525f3656ad
test_qwen_base_5104,qwen_base,5104,36,llm_proposal,0.5,5,0.5,30,0.5|5|0.5|30,True,13,0.0,11559.605121586617,9.756260578228623,1,0.0,,1,0,4.971072435379028,benchmark_extensions/summit_snar_main_repair_20260919_v2/runs/v2/episodes/test_qwen_base_5104/query035.json,73af2ba6039be0e7773777fbf2b2ef459478cd0269bed89ea39d0f03d723a3ac
test_qwen_base_5104,qwen_base,5104,37,llm_proposal,0.48,1.2,0.55,102,0.55|1.2|0.48|102,False,37,,9849.293852680357,8.928698840823733,0,0.00014074029356769824,,1,0,4.541118144989014,benchmark_extensions/summit_snar_main_repair_20260919_v2/runs/v2/episodes/test_qwen_base_5104/query036.json,6d8a829e52ab18c91f1b3680daa8572998bdd0d5e92ce09d1bfb1d208f682bfe
test_qwen_base_5104,qwen_base,5104,38,llm_proposal,0.4,4,0.6,80,0.6|4|0.4|80,False,38,,6322.680416989488,14.130793549347048,1,0.0,,1,0,3.47707200050354,benchmark_extensions/summit_snar_main_repair_20260919_v2/runs/v2/episodes/test_qwen_base_5104/query037.json,ec5033bad8550bf3d437980228cbb1b7dbab9b75ad2cceebe748add4a7e1f9ec
test_qwen_base_5104,qwen_base,5104,39,llm_proposal,0.35,2,1.2,90,1.2|2|0.35|90,False,39,,2898.2002976722,14.288770645769178,1,0.0,,1,0,4.237009763717651,benchmark_extensions/summit_snar_main_repair_20260919_v2/runs/v2/episodes/test_qwen_base_5104/query038.json,915265c607c7b1556b62bc7555d1aa97f6d4681eef81b3037db2f32824779006
test_qwen_base_5104,qwen_base,5104,40,llm_proposal,0.45,4,1.1,85,1.1|4|0.45|85,False,40,,2759.846511595714,18.280865723387404,1,0.0,,1,0,3.641061544418335,benchmark_extensions/summit_snar_main_repair_20260919_v2/runs/v2/episodes/test_qwen_base_5104/query039.json,29bb6420f6456993fe465d8d8a23d2182693fcc9f9d6b0958c9b75d1f5e7402c
test_qwen_base_5104,qwen_base,5104,41,llm_proposal,0.5,5,0.5,30,0.5|5|0.5|30,True,13,0.0,11559.605121586617,9.756260578228623,1,0.0,,1,0,3.4881417751312256,benchmark_extensions/summit_snar_main_repair_20260919_v2/runs/v2/episodes/test_qwen_base_5104/query040.json,8d9a94b6a8a91596d645fef9a826aceac7fef3dca6f74a899b30449fd37ca5dd
test_qwen_base_5104,qwen_base,5104,42,llm_proposal,0.48,1.2,0.55,102,0.55|1.2|0.48|102,True,37,0.0,9849.293852680357,8.928698840823733,1,0.0,,1,0,4.519185781478882,benchmark_extensions/summit_snar_main_repair_20260919_v2/runs/v2/episodes/test_qwen_base_5104/query041.json,13ab1c04e2e48d8c15de00ed6fd198ae2443e8560c3e6f21b5a6a00276e92cb6
test_qwen_base_5104,qwen_base,5104,43,llm_proposal,0.45,4,0.8,60,0.8|4|0.45|60,False,43,,5772.79836952474,11.709033427924089,1,0.0,,1,0,4.2622175216674805,benchmark_extensions/summit_snar_main_repair_20260919_v2/runs/v2/episodes/test_qwen_base_5104/query042.json,78138c120d025eb44364f0e7897b2cbda6a367463f5bf293bc205a3fc92b5544
test_qwen_base_5104,qwen_base,5104,44,llm_proposal,0.5,5,0.5,30,0.5|5|0.5|30,True,13,0.0,11559.605121586617,9.756260578228623,1,0.0,,1,0,4.1542840003967285,benchmark_extensions/summit_snar_main_repair_20260919_v2/runs/v2/episodes/test_qwen_base_5104/query043.json,535d0e23d85937c752807e31fca474fb16599ab659260c0e9dc8351aae9ed6c3
test_qwen_base_5104,qwen_base,5104,45,llm_proposal,0.5,5,0.55,30,0.55|5|0.5|30,True,7,0.0,10515.5917119573,9.748370260490134,1,0.0,,1,0,4.12829852104187,benchmark_extensions/summit_snar_main_repair_20260919_v2/runs/v2/episodes/test_qwen_base_5104/query044.json,179bf4b32981c4d6ceadf429900e93f1782f7de7ed48bdccbd136ddaf39fc071
test_qwen_base_5104,qwen_base,5104,46,llm_proposal,0.5,5,0.55,30,0.55|5|0.5|30,True,7,0.0,10515.5917119573,9.748370260490134,1,0.0,,1,0,3.4914379119873047,benchmark_extensions/summit_snar_main_repair_20260919_v2/runs/v2/episodes/test_qwen_base_5104/query045.json,aa037c25c1dd2c8c50ed6d3b8667558c138ab2ae28163b4513242e7739d2c016
test_qwen_base_5104,qwen_base,5104,47,llm_proposal,0.3,2.0,1.0,75,1|2|0.3|75,False,47,,3332.395858728618,14.716938659513525,1,0.0,,1,0,5.120232343673706,benchmark_extensions/summit_snar_main_repair_20260919_v2/runs/v2/episodes/test_qwen_base_5104/query046.json,314950c24a189e0dcf0350eb7ffed3cac7ce001985da6b17838675311a459d15
test_qwen_base_5104,qwen_base,5104,48,llm_proposal,0.35,3,1.5,85,1.5|3|0.35|85,False,48,,1876.091706870589,18.40133320664596,1,0.0,,1,0,3.5125691890716553,benchmark_extensions/summit_snar_main_repair_20260919_v2/runs/v2/episodes/test_qwen_base_5104/query047.json,f34a78cfd746fe3892747e2b5d985a8bf626bbd15452adf74db711575af3b473
test_qwen_base_5104,qwen_base,5104,49,llm_proposal,0.42,3.5,0.75,55,0.75|3.5|0.42|55,False,49,,6159.435346587793,11.354308592158644,1,0.0,,1,0,4.384101390838623,benchmark_extensions/summit_snar_main_repair_20260919_v2/runs/v2/episodes/test_qwen_base_5104/query048.json,b33c0ddc8928dc0607c4274b436edb88a1f3d9211a3d9769bf89ec54a31952a9
test_qwen_base_5104,qwen_base,5104,50,llm_proposal,0.5,5,0.5,30,0.5|5|0.5|30,True,13,0.0,11559.605121586617,9.756260578228623,1,0.0,,1,0,3.4231045246124268,benchmark_extensions/summit_snar_main_repair_20260919_v2/runs/v2/episodes/test_qwen_base_5104/query049.json,a79f4f04caec002fd6e68533a1140cca4a169347f3f5dc069f5afe54e393c437
test_qwen_base_5105,qwen_base,5105,1,paired_lhs_initial_design,0.30133809026992875,3.7476985375999354,1.729886535208109,43.498235245511495,1.729886535208109|3.7476985375999354|0.30133809026992875|43.498235245511495,False,1,,1901.020549992376,15.61456997026866,1,0.0,,0,0,0.28786396980285645,benchmark_extensions/summit_snar_main_repair_20260919_v2/runs/v2/episodes/test_qwen_base_5105/query000.json,4a13384022a35703d9cb4954467792c37b7649e6d30d00a0bae17c83d264cc36
test_qwen_base_5105,qwen_base,5105,2,paired_lhs_initial_design,0.1435239924839975,4.8406249969701545,0.5498809545556314,50.105838362299764,0.5498809545556314|4.8406249969701545|0.1435239924839975|50.105838362299764,False,2,,2930.8864871713076,30.959099185565478,1,0.0,,0,0,0.25575852394104004,benchmark_extensions/summit_snar_main_repair_20260919_v2/runs/v2/episodes/test_qwen_base_5105/query001.json,a19bc3f87f933e51e13c20686cf5c96bc7d3095493df5544243164914b26ed80
test_qwen_base_5105,qwen_base,5105,3,paired_lhs_initial_design,0.4148181718371373,1.6603317909504258,1.31165211587873,90.78141711015381,1.31165211587873|1.6603317909504258|0.4148181718371373|90.78141711015381,False,3,,3227.517835569385,11.675925899671897,1,0.0,,0,0,0.2455275058746338,benchmark_extensions/summit_snar_main_repair_20260919_v2/runs/v2/episodes/test_qwen_base_5105/query002.json,9ab99b4b721528ededcf4ddfb8a7f9fe0a1bb7e9f733548623f59a09c69752af
test_qwen_base_5105,qwen_base,5105,4,paired_lhs_initial_design,0.2363098107685855,2.8844990673666073,1.410783746863957,112.49717179699385,1.410783746863957|2.8844990673666073|0.2363098107685855|112.49717179699385,False,4,,1121.5089210640303,31.923355237241246,1,0.0,,0,0,0.24848532676696777,benchmark_extensions/summit_snar_main_repair_20260919_v2/runs/v2/episodes/test_qwen_base_5105/query003.json,8830ecdddf344eb4456106239fe9702b74913ffb1075485d27dd81f1d948ad73
test_qwen_base_5105,qwen_base,5105,5,paired_lhs_initial_design,0.4534370989647384,2.2225073912184032,0.9824813443306806,71.36682877109017,0.9824813443306806|2.2225073912184032|0.4534370989647384|71.36682877109017,False,5,,4897.515487574585,10.50462456830152,1,0.0,,0,0,0.23166608810424805,benchmark_extensions/summit_snar_main_repair_20260919_v2/runs/v2/episodes/test_qwen_base_5105/query004.json,c531b081fb0268cea7d1958e611845273fc2843917e7d301129454ddce695a7a
test_qwen_base_5105,qwen_base,5105,6,llm_proposal,0.45,4.5,0.6,85,0.6|4.5|0.45|85,False,6,,6186.953316498832,15.044943883065363,1,0.0,,1,0,6.115005970001221,benchmark_extensions/summit_snar_main_repair_20260919_v2/runs/v2/episodes/test_qwen_base_5105/query005.json,1ddb359e18081a49fe769dea12a24289676b75b50d23f1e32b016cdf339c5f8b
test_qwen_base_5105,qwen_base,5105,7,llm_proposal,0.5,5,0.55,30,0.55|5|0.5|30,False,7,,10515.5917119573,9.748370260490134,1,0.0,,1,0,5.175822973251343,benchmark_extensions/summit_snar_main_repair_20260919_v2/runs/v2/episodes/test_qwen_base_5105/query006.json,af856128daa4e55aae2fb7c54f3944a6c9226d108f3467c4e8c6733639c6e3fa
test_qwen_base_5105,qwen_base,5105,8,llm_proposal,0.5,5,0.5,30,0.5|5|0.5|30,False,8,,11559.605121586617,9.756260578228623,1,0.0,,1,0,5.097002744674683,benchmark_extensions/summit_snar_main_repair_20260919_v2/runs/v2/episodes/test_qwen_base_5105/query007.json,0fb2c42995fa0475b272635a2617fec66f25b26c38903345cb30b4f50534fac3
test_qwen_base_5105,qwen_base,5105,9,llm_proposal,0.45,3.5,0.75,65,0.75|3.5|0.45|65,False,9,,6198.323772341162,11.41978179313364,1,0.0,,1,0,4.00005578994751,benchmark_extensions/summit_snar_main_repair_20260919_v2/runs/v2/episodes/test_qwen_base_5105/query008.json,6176e8554ba32afccab7ed437f00f6fb32f470ce0536d8be7455940df25784e1
test_qwen_base_5105,qwen_base,5105,10,llm_proposal,0.45,4.0,1.0,50,1|4|0.45|50,False,10,,4769.567790913843,11.308977221686943,1,0.0,,1,0,4.463199138641357,benchmark_extensions/summit_snar_main_repair_20260919_v2/runs/v2/episodes/test_qwen_base_5105/query009.json,d9832ad7a4076d930e8e779c11c8383e7fd2480bfc310d30da78c96a38cdd4cc
test_qwen_base_5105,qwen_base,5105,11,llm_proposal,0.45,4.5,0.55,55,0.55|4.5|0.45|55,False,11,,8913.581836922462,11.1739026020441,1,0.0,,1,0,4.556578159332275,benchmark_extensions/summit_snar_main_repair_20260919_v2/runs/v2/episodes/test_qwen_base_5105/query010.json,dce6b420cdacb1de6da3c9da0f878759861be47c11f81af0d19dd854745fe878
test_qwen_base_5105,qwen_base,5105,12,llm_proposal,0.5,5,0.5,30,0.5|5|0.5|30,True,8,0.0,11559.605121586617,9.756260578228623,1,0.0,,1,0,4.5955588817596436,benchmark_extensions/summit_snar_main_repair_20260919_v2/runs/v2/episodes/test_qwen_base_5105/query011.json,9238c727263222152b224b8c9c9e2ce00814c8d3c5f792d26faecad964400512
test_qwen_base_5105,qwen_base,5105,13,llm_proposal,0.5,5,0.55,30,0.55|5|0.5|30,True,7,0.0,10515.5917119573,9.748370260490134,1,0.0,,1,0,3.5068562030792236,benchmark_extensions/summit_snar_main_repair_20260919_v2/runs/v2/episodes/test_qwen_base_5105/query012.json,3d906c7daeb06fb73b93716784dc01d168cd2f938098623f2e72297d47b8489e
test_qwen_base_5105,qwen_base,5105,14,llm_proposal,0.48,4.2,0.8,45,0.8|4.2|0.48|45,False,14,,6605.905659650547,10.333775241166583,1,0.0,,1,0,4.245678901672363,benchmark_extensions/summit_snar_main_repair_20260919_v2/runs/v2/episodes/test_qwen_base_5105/query013.json,3b0f306df29b1f2b294f5bcf730d522770f27e54e0424a03ff979c617e4b53b4
test_qwen_base_5105,qwen_base,5105,15,llm_proposal,0.5,5,0.5,30,0.5|5|0.5|30,True,8,0.0,11559.605121586617,9.756260578228623,1,0.0,,1,0,3.413109064102173,benchmark_extensions/summit_snar_main_repair_20260919_v2/runs/v2/episodes/test_qwen_base_5105/query014.json,bb06d66b10e23d24d1999a93b7572f0240a24a3fab1658344278a9de14f790d0
test_qwen_base_5105,qwen_base,5105,16,llm_proposal,0.5,5,0.5,30,0.5|5|0.5|30,True,8,0.0,11559.605121586617,9.756260578228623,1,0.0,,1,0,3.5171263217926025,benchmark_extensions/summit_snar_main_repair_20260919_v2/runs/v2/episodes/test_qwen_base_5105/query015.json,c4ae352cdefbfb3c4be018da123ded43f4d72b1d799eef63829afd84e3d08daa
test_qwen_base_5105,qwen_base,5105,17,llm_proposal,0.48,4.0,0.8,60,0.8|4|0.48|60,False,17,,6089.4823742584995,11.202334740518841,1,0.0,,1,0,3.8281404972076416,benchmark_extensions/summit_snar_main_repair_20260919_v2/runs/v2/episodes/test_qwen_base_5105/query016.json,ef171bcbcd7e08be8c1515d9040e29b11fc345b74a206b3dc19fdd638e038c1a
test_qwen_base_5105,qwen_base,5105,18,llm_proposal,0.5,5,0.5,30,0.5|5|0.5|30,True,8,0.0,11559.605121586617,9.756260578228623,1,0.0,,1,0,5.062027931213379,benchmark_extensions/summit_snar_main_repair_20260919_v2/runs/v2/episodes/test_qwen_base_5105/query017.json,2cdaba9ec765f6e779904e7e6007c476b5a229094560b92a0568f920a4d6ab0b
test_qwen_base_5105,qwen_base,5105,19,llm_proposal,0.25,3.0,1.2,75,1.2|3|0.25|75,False,19,,2133.0580519814876,19.54174421530826,1,0.0,,1,0,4.999781370162964,benchmark_extensions/summit_snar_main_repair_20260919_v2/runs/v2/episodes/test_qwen_base_5105/query018.json,c3287074568c92656e319e697b85955bdec75e92dae4e7956e09430229bcd8ff
test_qwen_base_5105,qwen_base,5105,20,llm_proposal,0.3,4.5,1.5,55,1.5|4.5|0.3|55,False,20,,1991.9971711530422,17.587635174692206,1,0.0,,1,0,5.175761938095093,benchmark_extensions/summit_snar_main_repair_20260919_v2/runs/v2/episodes/test_qwen_base_5105/query019.json,4b3c7dcae1c55dcc4c9890e721117582a3ba970f9d4384bd3d90ef24e213d360
test_qwen_base_5105,qwen_base,5105,21,llm_proposal,0.35,4.0,1.0,65,1|4|0.35|65,False,21,,3476.129931550683,15.155518053346674,1,0.0,,1,0,4.886661529541016,benchmark_extensions/summit_snar_main_repair_20260919_v2/runs/v2/episodes/test_qwen_base_5105/query020.json,e3b2196db7b3bba489e5c197412b71bd21a5504e1bc17ba1ea5fa2aa576a6660
test_qwen_base_5105,qwen_base,5105,22,llm_proposal,0.5,5,0.55,30,0.55|5|0.5|30,True,7,0.0,10515.5917119573,9.748370260490134,1,0.0,,1,0,5.009728670120239,benchmark_extensions/summit_snar_main_repair_20260919_v2/runs/v2/episodes/test_qwen_base_5105/query021.json,ad883b160fa6996354e45660edbfca79f4b576589c560c313de7e8f9ac619d9d
test_qwen_base_5105,qwen_base,5105,23,llm_proposal,0.5,5,0.6,30,0.6|5|0.5|30,False,23,,9630.51727782547,9.757446269012698,1,0.0,,1,0,4.913764238357544,benchmark_extensions/summit_snar_main_repair_20260919_v2/runs/v2/episodes/test_qwen_base_5105/query022.json,c8666d66250f4fcc3e33b21bf87d271cd5d3fc383da8ac97b06e7a281c430ec2
test_qwen_base_5105,qwen_base,5105,24,llm_proposal,0.45,4.0,0.8,40,0.8|4|0.45|40,False,24,,6381.75821402208,10.506043324850749,1,0.0,,1,0,4.405997276306152,benchmark_extensions/summit_snar_main_repair_20260919_v2/runs/v2/episodes/test_qwen_base_5105/query023.json,f0730eeaa242134a53966001c0214b170d559c5f4ea3bea64e6ddcbe33182996
test_qwen_base_5105,qwen_base,5105,25,llm_proposal,0.5,5.0,1.0,30,1|5|0.5|30,False,25,,5628.728935396031,10.039437768988842,1,0.0,,1,0,3.6748809814453125,benchmark_extensions/summit_snar_main_repair_20260919_v2/runs/v2/episodes/test_qwen_base_5105/query024.json,742b64bb8ff11d8edbf0090760279a2526d578c6eb1c86d40f93bc429a75bf2e
test_qwen_base_5105,qwen_base,5105,26,llm_proposal,0.5,5,0.55,30,0.55|5|0.5|30,True,7,0.0,10515.5917119573,9.748370260490134,1,0.0,,1,0,3.674060106277466,benchmark_extensions/summit_snar_main_repair_20260919_v2/runs/v2/episodes/test_qwen_base_5105/query025.json,8c83782a5beb5251a82236696ac4c71eeb974d9bc2bba1a465f0ef35d797ec42
test_qwen_base_5105,qwen_base,5105,27,llm_proposal,0.5,5,0.55,30,0.55|5|0.5|30,True,7,0.0,10515.5917119573,9.748370260490134,1,0.0,,1,0,5.050746917724609,benchmark_extensions/summit_snar_main_repair_20260919_v2/runs/v2/episodes/test_qwen_base_5105/query026.json,e86257ac0a0fc5e37266ae514070260942c70c76e26860dabd72381c68ff1109
test_qwen_base_5105,qwen_base,5105,28,llm_proposal,0.4,4.5,0.6,40,0.6|4.5|0.4|40,False,28,,7659.413238499779,11.694276859010374,1,0.0,,1,0,3.6459403038024902,benchmark_extensions/summit_snar_main_repair_20260919_v2/runs/v2/episodes/test_qwen_base_5105/query027.json,4e51914e3944df9ff2aa8367ef404f5917eab2d77beff375701f97db68369285
test_qwen_base_5105,qwen_base,5105,29,llm_proposal,0.35,3.5,1.2,50,1.2|3.5|0.35|50,False,29,,3186.552703965082,13.500250440336465,1,0.0,,1,0,3.7559568881988525,benchmark_extensions/summit_snar_main_repair_20260919_v2/runs/v2/episodes/test_qwen_base_5105/query028.json,c87719771284a0faa7f40407063ec33c87d33102a12e4865a9d447093f31e034
test_qwen_base_5105,qwen_base,5105,30,llm_proposal,0.45,4.5,0.55,35,0.55|4.5|0.45|35,False,30,,9446.911000535063,10.494211345437881,1,0.0,,1,0,3.78983998298645,benchmark_extensions/summit_snar_main_repair_20260919_v2/runs/v2/episodes/test_qwen_base_5105/query029.json,134d2acb7ec6d742bcb712fc1637c8c8a8d26f96e056be224151abaa35b4f2e6
test_qwen_base_5105,qwen_base,5105,31,llm_proposal,0.45,4,1.0,40,1|4|0.45|40,False,31,,5020.332680175486,10.699157541920016,1,0.0,,1,0,3.515263080596924,benchmark_extensions/summit_snar_main_repair_20260919_v2/runs/v2/episodes/test_qwen_base_5105/query030.json,014f5aa3398f602019e82c48d9bafa8ba2ebe58e2d86128f4a5f73fd66e240fa
test_qwen_base_5105,qwen_base,5105,32,llm_proposal,0.42,4.8,0.65,38,0.65|4.8|0.42|38,False,32,,7391.953705192302,11.367234139610522,1,0.0,,1,0,4.432973861694336,benchmark_extensions/summit_snar_main_repair_20260919_v2/runs/v2/episodes/test_qwen_base_5105/query031.json,0ceacd12caba3cb8547c66b8d0c8374969f21e1ddc246e60191aeb811c66970d
test_qwen_base_5105,qwen_base,5105,33,llm_proposal,0.3,4.0,1.0,60,1|4|0.3|60,False,33,,3166.200064170576,16.345004840694397,1,0.0,,1,0,4.33014702796936,benchmark_extensions/summit_snar_main_repair_20260919_v2/runs/v2/episodes/test_qwen_base_5105/query032.json,7776f8fcc82ee982397de4dd1ba5fa85dead137a6d507ddde3aa6619290f5607
test_qwen_base_5105,qwen_base,5105,34,llm_proposal,0.5,5,0.55,30,0.55|5|0.5|30,True,7,0.0,10515.5917119573,9.748370260490134,1,0.0,,1,0,5.113049507141113,benchmark_extensions/summit_snar_main_repair_20260919_v2/runs/v2/episodes/test_qwen_base_5105/query033.json,730a12b14e76f96ecb89063d69866647502b3d50bce315f155396e52f5f0a356
test_qwen_base_5105,qwen_base,5105,35,llm_proposal,0.45,4.0,1.5,80,1.5|4|0.45|80,False,35,,1881.9632855386403,19.727411633567282,1,0.0,,1,0,3.7790231704711914,benchmark_extensions/summit_snar_main_repair_20260919_v2/runs/v2/episodes/test_qwen_base_5105/query034.json,2f5144b387f5ec9aa32287d3d479bac2248a5c8685472a226f0be4cecc3a1580
test_qwen_base_5105,qwen_base,5105,36,llm_proposal,0.5,5,0.5,30,0.5|5|0.5|30,True,8,0.0,11559.605121586617,9.756260578228623,1,0.0,,1,0,5.048485279083252,benchmark_extensions/summit_snar_main_repair_20260919_v2/runs/v2/episodes/test_qwen_base_5105/query035.json,2b692d27c74f496240ac641737966b79e1a8251ba5b486853fa556d99853c19c
test_qwen_base_5105,qwen_base,5105,37,llm_proposal,0.4,3.5,1.2,50,1.2|3.5|0.4|50,False,37,,3586.948354900983,12.149161867388377,1,0.0,,1,0,4.383372783660889,benchmark_extensions/summit_snar_main_repair_20260919_v2/runs/v2/episodes/test_qwen_base_5105/query036.json,da08d6809e7024f25c2466bcc4c68944c117dfbee153a4cfb00b863b965fc8bb
test_qwen_base_5105,qwen_base,5105,38,llm_proposal,0.5,5,0.5,30,0.5|5|0.5|30,True,8,0.0,11559.605121586617,9.756260578228623,1,0.0,,1,0,4.160074234008789,benchmark_extensions/summit_snar_main_repair_20260919_v2/runs/v2/episodes/test_qwen_base_5105/query037.json,6f04786f63d4ee01b983cd25970dab420e7600964432ca6ff2d180982a12d4d3
test_qwen_base_5105,qwen_base,5105,39,llm_proposal,0.48,5.0,0.55,102,0.55|5|0.48|102,False,39,,4957.3240134718235,21.47410814783791,1,0.0,,1,0,4.031277656555176,benchmark_extensions/summit_snar_main_repair_20260919_v2/runs/v2/episodes/test_qwen_base_5105/query038.json,3c941d6576aea0780b5884a98432ab10c209fb48981c343e5f604c4f30f99d89
test_qwen_base_5105,qwen_base,5105,40,llm_proposal,0.45,4.5,0.55,30,0.55|4.5|0.45|30,False,40,,9415.425282493401,10.534981413877114,1,0.0,,1,0,4.524483680725098,benchmark_extensions/summit_snar_main_repair_20260919_v2/runs/v2/episodes/test_qwen_base_5105/query039.json,91f00a3960ac3d29b45545195f91041749c33d3a7b220edd808a871b04a36252
test_qwen_base_5105,qwen_base,5105,41,llm_proposal,0.48,4.8,0.6,35,0.6|4.8|0.48|35,False,41,,9193.294014079476,10.086207040969402,1,0.0,,1,0,4.517070770263672,benchmark_extensions/summit_snar_main_repair_20260919_v2/runs/v2/episodes/test_qwen_base_5105/query040.json,4123a0f844c4cba818240e85772d1210b3f113074ccbed4f3825e2761a6ecd1e
test_qwen_base_5105,qwen_base,5105,42,llm_proposal,0.3,3.0,1.0,40,1|3|0.3|40,False,42,,3452.8381198931065,14.546027348495501,1,0.0,,1,0,4.331645488739014,benchmark_extensions/summit_snar_main_repair_20260919_v2/runs/v2/episodes/test_qwen_base_5105/query041.json,feaca58902b6918737648b7a638c798ac5e1bbc1e1b6c206a86328d16c52a6e0
test_qwen_base_5105,qwen_base,5105,43,llm_proposal,0.48,4.8,0.55,35,0.55|4.8|0.48|35,False,43,,10057.269041080976,10.055762815978825,1,0.0,,1,0,4.490920066833496,benchmark_extensions/summit_snar_main_repair_20260919_v2/runs/v2/episodes/test_qwen_base_5105/query042.json,d0da1916025933d812d7764e8e6828a8e0459d95630a48c2cac59af5e2cc5b66
test_qwen_base_5105,qwen_base,5105,44,llm_proposal,0.5,5,0.5,30,0.5|5|0.5|30,True,8,0.0,11559.605121586617,9.756260578228623,1,0.0,,1,0,4.143709659576416,benchmark_extensions/summit_snar_main_repair_20260919_v2/runs/v2/episodes/test_qwen_base_5105/query043.json,4429de46603269254f5375e7024e1475005b65760e4c3a45af9784afeeab43d9
test_qwen_base_5105,qwen_base,5105,45,llm_proposal,0.5,5,0.5,30,0.5|5|0.5|30,True,8,0.0,11559.605121586617,9.756260578228623,1,0.0,,1,0,4.079450845718384,benchmark_extensions/summit_snar_main_repair_20260919_v2/runs/v2/episodes/test_qwen_base_5105/query044.json,a07b7c9399e8027fd93ddc702d78963cc5e22c65c12896a38d29d8fdf9278d0c
test_qwen_base_5105,qwen_base,5105,46,llm_proposal,0.48,4.5,0.55,35,0.55|4.5|0.48|35,False,46,,10072.50023012181,9.928764082930622,1,0.0,,1,0,4.431709051132202,benchmark_extensions/summit_snar_main_repair_20260919_v2/runs/v2/episodes/test_qwen_base_5105/query045.json,fd470f93494e95a0ee8772e4aeadecb41373fce99fa4fa6248f6a6aa9dd205e4
test_qwen_base_5105,qwen_base,5105,47,llm_proposal,0.45,4.5,1.2,45,1.2|4.5|0.45|45,False,47,,3912.579093606907,11.70709633217148,1,0.0,,1,0,4.333374738693237,benchmark_extensions/summit_snar_main_repair_20260919_v2/runs/v2/episodes/test_qwen_base_5105/query046.json,ba1f2a0432412d14b5a14542698b7ae52c9aa91ffc2cdddbfc007db9c6a28298
test_qwen_base_5105,qwen_base,5105,48,llm_proposal,0.48,4.8,0.55,30,0.55|4.8|0.48|30,False,48,,10089.283543908208,10.022667755187188,1,0.0,,1,0,3.8150718212127686,benchmark_extensions/summit_snar_main_repair_20260919_v2/runs/v2/episodes/test_qwen_base_5105/query047.json,24a2fd5b18f0db433f16eeda0d67df41277136fa5737a782b0ed3e69a0504552
test_qwen_base_5105,qwen_base,5105,49,llm_proposal,0.48,5.0,0.55,102,0.55|5|0.48|102,True,39,0.0,4957.3240134718235,21.47410814783791,1,0.0,,1,0,4.641688346862793,benchmark_extensions/summit_snar_main_repair_20260919_v2/runs/v2/episodes/test_qwen_base_5105/query048.json,2f383e61df143014a5c8f5c0dd730d66038cf5cf29692654b662a8eeb3ff31b8
test_qwen_base_5105,qwen_base,5105,50,llm_proposal,0.5,5,0.5,30,0.5|5|0.5|30,True,8,0.0,11559.605121586617,9.756260578228623,1,0.0,,1,0,3.453303098678589,benchmark_extensions/summit_snar_main_repair_20260919_v2/runs/v2/episodes/test_qwen_base_5105/query049.json,33958a17bed9ebc4ede50c9cc43285e61b1e84bdbfb1001048a01967f5919fc2
test_uq_esopt_5101,uq_esopt,5101,1,paired_lhs_initial_design,0.249509810583916,1.150095070626968,1.6379911060165901,83.15495737042586,1.6379911060165901|1.150095070626968|0.249509810583916|83.15495737042586,False,1,,1717.6723228284347,17.000645198804175,1,0.0,,0,0,0.2578125,benchmark_extensions/summit_snar_main_repair_20260919_v2/runs/v2/episodes/test_uq_esopt_5101/query000.json,b94560ced6d940bdfaa03b2aa777d5ae9ef976c5ebd1e7c2de565bc8c0ae9699
test_uq_esopt_5101,uq_esopt,5101,2,paired_lhs_initial_design,0.3925337356420109,2.940321870537187,0.5767275054223111,62.18627205087249,0.5767275054223111|2.940321870537187|0.3925337356420109|62.18627205087249,False,2,,7655.383829732455,11.572595207318406,1,0.0,,0,0,0.24262452125549316,benchmark_extensions/summit_snar_main_repair_20260919_v2/runs/v2/episodes/test_uq_esopt_5101/query001.json,05c42b52530207aaa4972952b789c9dfe6d9cb5d5489e8b02505e43c01db0121
test_uq_esopt_5101,uq_esopt,5101,3,paired_lhs_initial_design,0.1195673123054538,4.715770023731987,0.9074736943292698,117.84649398346099,0.9074736943292698|4.715770023731987|0.1195673123054538|117.84649398346099,False,3,,980.3839779662482,55.973134297559014,1,0.0,,0,0,0.24595999717712402,benchmark_extensions/summit_snar_main_repair_20260919_v2/runs/v2/episodes/test_uq_esopt_5101/query002.json,d98ddc969e85b3c3ce0ab51ecb2afcc34eee8ac183880c752eb2be7e6a8d6387
test_uq_esopt_5101,uq_esopt,5101,4,paired_lhs_initial_design,0.2778740369503818,2.2319736479551335,1.1286183157849194,38.768120278079834,1.1286183157849194|2.2319736479551335|0.2778740369503818|38.768120278079834,False,4,,2745.4225918395746,15.88493317847494,1,0.0,,0,0,0.20599818229675293,benchmark_extensions/summit_snar_main_repair_20260919_v2/runs/v2/episodes/test_uq_esopt_5101/query003.json,ecf72e22cac2dd309be24982a9aa1c3a84587df28caa3fa0d3658375ea1e3200
test_uq_esopt_5101,uq_esopt,5101,5,paired_lhs_initial_design,0.4905192986293161,3.7395400615127117,1.8883187528047973,96.97072383073633,1.8883187528047973|3.7395400615127117|0.4905192986293161|96.97072383073633,False,5,,793.2497181688072,38.26587956113913,1,0.0,,0,0,0.24147963523864746,benchmark_extensions/summit_snar_main_repair_20260919_v2/runs/v2/episodes/test_uq_esopt_5101/query004.json,d0b4735103a00fea9ec2d71a1b71f5ae0ab593187400736c2c945289eeda0615
test_uq_esopt_5101,uq_esopt,5101,6,llm_proposal,0.5,5,0.6,30,0.6|5|0.5|30,False,6,,9630.51727782547,9.757446269012698,1,0.0,0.7209227681159973,2,0,94.92231369018555,benchmark_extensions/summit_snar_main_repair_20260919_v2/runs/v2/episodes/test_uq_esopt_5101/query005.json,63a854e19d8fe2a474f557426a1e378143c8aa7c1b19e7c30eba30fd24966f58
test_uq_esopt_5101,uq_esopt,5101,7,llm_proposal,0.5,5,0.6,30,0.6|5|0.5|30,True,6,0.0,9630.51727782547,9.757446269012698,1,0.0,0.38526615500450134,2,0,78.01510334014893,benchmark_extensions/summit_snar_main_repair_20260919_v2/runs/v2/episodes/test_uq_esopt_5101/query006.json,9805861bdd850ca2b543a9079d8e3a6938762c7c98b9fa19701efac5d01362e4
test_uq_esopt_5101,uq_esopt,5101,8,llm_proposal,0.5,5,0.55,30,0.55|5|0.5|30,False,8,,10515.5917119573,9.748370260490134,1,0.0,0.16378673911094666,2,0,72.18783044815063,benchmark_extensions/summit_snar_main_repair_20260919_v2/runs/v2/episodes/test_uq_esopt_5101/query007.json,68787846d0bb038580b901405cc9435ada736a8b18f6f63ca567c77171da9056
test_uq_esopt_5101,uq_esopt,5101,9,llm_proposal,0.45,3,1.2,65,1.2|3|0.45|65,False,9,,3710.5840135239314,11.746506709608425,1,0.0,0.16824571788311005,1,0,33.952040910720825,benchmark_extensions/summit_snar_main_repair_20260919_v2/runs/v2/episodes/test_uq_esopt_5101/query008.json,12bacb6cda417a5e0e865a01e1e5dfd0611b380efbb073e3668459c308679a13
test_uq_esopt_5101,uq_esopt,5101,10,llm_proposal,0.5,5,0.65,32,0.65|5|0.5|32,False,10,,8836.156656296173,9.821317410914277,1,0.0,0.21117138862609863,2,1,36.74503707885742,benchmark_extensions/summit_snar_main_repair_20260919_v2/runs/v2/episodes/test_uq_esopt_5101/query009.json,a6d7a4916c45d5f2d636d694fc561f88635de69fb54595dadc399785402ce513
test_uq_esopt_5101,uq_esopt,5101,11,llm_proposal,0.5,5,0.55,30,0.55|5|0.5|30,True,8,0.0,10515.5917119573,9.748370260490134,1,0.0,0.09153354167938232,1,0,32.0717933177948,benchmark_extensions/summit_snar_main_repair_20260919_v2/runs/v2/episodes/test_uq_esopt_5101/query010.json,205e8ae1bfa3d044a4a1992ea9c5c9de0df0a75e1cbbe7ea561571d7623ae2fb
test_uq_esopt_5101,uq_esopt,5101,12,llm_proposal,0.5,5,0.55,30,0.55|5|0.5|30,True,8,0.0,10515.5917119573,9.748370260490134,1,0.0,0.06912564486265182,2,1,35.238386154174805,benchmark_extensions/summit_snar_main_repair_20260919_v2/runs/v2/episodes/test_uq_esopt_5101/query011.json,86f75f370c014a43f6d8ae0d4ec112e9aed49b9bb77e907cc20082e458db2b4f
test_uq_esopt_5101,uq_esopt,5101,13,llm_proposal,0.35,4,0.8,50,0.8|4|0.35|50,False,13,,4883.697461828283,13.385191870065746,1,0.0,0.06632387638092041,1,0,30.336363077163696,benchmark_extensions/summit_snar_main_repair_20260919_v2/runs/v2/episodes/test_uq_esopt_5101/query012.json,50c56a8cd5823429b0a9a4f1dbc675f194408636611c2bd3ef6ed1ca75f9a4ca
test_uq_esopt_5101,uq_esopt,5101,14,llm_proposal,0.5,5,0.55,30,0.55|5|0.5|30,True,8,0.0,10515.5917119573,9.748370260490134,1,0.0,0.4461655914783478,1,0,29.15412950515747,benchmark_extensions/summit_snar_main_repair_20260919_v2/runs/v2/episodes/test_uq_esopt_5101/query013.json,243e63577aaa3ec994bb74fc9dcb90386c6e7319b4be4f507a4cc0a74e61ec76
test_uq_esopt_5101,uq_esopt,5101,15,llm_proposal,0.5,5,0.6,30,0.6|5|0.5|30,True,6,0.0,9630.51727782547,9.757446269012698,1,0.0,0.31042537093162537,1,0,28.97409963607788,benchmark_extensions/summit_snar_main_repair_20260919_v2/runs/v2/episodes/test_uq_esopt_5101/query014.json,20e9ec102ea457eb6e597cc7d7cf5434db26c6c5207c2781592195766dd6db58
test_uq_esopt_5101,uq_esopt,5101,16,llm_proposal,0.3,3,1.2,65,1.2|3|0.3|65,False,16,,2644.1101816323353,15.90497266585807,1,0.0,0.05901101976633072,1,0,29.65303897857666,benchmark_extensions/summit_snar_main_repair_20260919_v2/runs/v2/episodes/test_uq_esopt_5101/query015.json,a1a3a8f068d64b735866d4a032cec23efe89807f7e0afd11bba4817ccd4aa08e
test_uq_esopt_5101,uq_esopt,5101,17,llm_proposal,0.4,4,0.8,45,0.8|4|0.4|45,False,17,,5624.709711446419,11.772198972642796,1,0.0,0.05871305242180824,1,0,28.71673321723938,benchmark_extensions/summit_snar_main_repair_20260919_v2/runs/v2/episodes/test_uq_esopt_5101/query016.json,61899a30e58ac6ead86a04b94e69d9e4973c00eed3c53612eb55c7d7b890d3be
test_uq_esopt_5101,uq_esopt,5101,18,llm_proposal,0.5,5,0.55,30,0.55|5|0.5|30,True,8,0.0,10515.5917119573,9.748370260490134,1,0.0,0.10993213206529617,1,0,30.67405128479004,benchmark_extensions/summit_snar_main_repair_20260919_v2/runs/v2/episodes/test_uq_esopt_5101/query017.json,ff3c46c9742b650a07a5c7dac5b6caa0dc484f3024e3ca6e9733808fb59d6b4e
test_uq_esopt_5101,uq_esopt,5101,19,llm_proposal,0.5,5,0.7,30,0.7|5|0.5|30,False,19,,8216.772843271425,9.805981042343202,1,0.0,0.08016826957464218,1,0,29.471593379974365,benchmark_extensions/summit_snar_main_repair_20260919_v2/runs/v2/episodes/test_uq_esopt_5101/query018.json,48a5ff3cc1e769944e4b060df66e8998eba92d94f1906f9e8ae99469d5a6b4d8
test_uq_esopt_5101,uq_esopt,5101,20,llm_proposal,0.4,4,0.8,45,0.8|4|0.4|45,True,17,0.0,5624.709711446419,11.772198972642796,1,0.0,0.07558902353048325,1,0,31.19851064682007,benchmark_extensions/summit_snar_main_repair_20260919_v2/runs/v2/episodes/test_uq_esopt_5101/query019.json,84e61c027b447ccdaf04dc0dc42985d62a4e560ae7a95a8074f48c6d7c0126fa
test_uq_esopt_5101,uq_esopt,5101,21,llm_proposal,0.5,5,0.5,30,0.5|5|0.5|30,False,21,,11559.605121586617,9.756260578228623,1,0.0,0.1377759575843811,1,0,30.64834713935852,benchmark_extensions/summit_snar_main_repair_20260919_v2/runs/v2/episodes/test_uq_esopt_5101/query020.json,7a6cd19a28e68c28b39be9aa1787a3382e4c77611c17f8fd726a25d7202962ab
test_uq_esopt_5101,uq_esopt,5101,22,llm_proposal,0.5,5,0.6,35,0.6|5|0.5|35,False,22,,9537.83678490461,9.860181224756408,1,0.0,0.08589210361242294,1,0,31.13080859184265,benchmark_extensions/summit_snar_main_repair_20260919_v2/runs/v2/episodes/test_uq_esopt_5101/query021.json,e87e908e3f3da5a074d3426a993d7fbc6c4d16a2234268b5e6bca8a3386f2c43
test_uq_esopt_5101,uq_esopt,5101,23,llm_proposal,0.45,4,0.55,40,0.55|4|0.45|40,False,23,,9425.45375461049,10.334499768723692,1,0.0,0.061049673706293106,1,0,31.063442707061768,benchmark_extensions/summit_snar_main_repair_20260919_v2/runs/v2/episodes/test_uq_esopt_5101/query022.json,6aa68bb0d59a1b7f82c70162784e8ca4014a73bf215f4369e9eb099a76f5ac12
test_uq_esopt_5101,uq_esopt,5101,24,llm_proposal,0.5,5,0.55,30,0.55|5|0.5|30,True,8,0.0,10515.5917119573,9.748370260490134,1,0.0,0.1295904964208603,1,0,31.126119136810303,benchmark_extensions/summit_snar_main_repair_20260919_v2/runs/v2/episodes/test_uq_esopt_5101/query023.json,9df73894ba402b0dbd5b233b9f5934a909e2667ac3b03c2a86c867e57641d7ba
test_uq_esopt_5101,uq_esopt,5101,25,llm_proposal,0.5,5,0.55,30,0.55|5|0.5|30,True,8,0.0,10515.5917119573,9.748370260490134,1,0.0,0.11741166561841965,1,0,30.21190094947815,benchmark_extensions/summit_snar_main_repair_20260919_v2/runs/v2/episodes/test_uq_esopt_5101/query024.json,2c02f69c97b7b09ab53ac224b519855cc69f9e533c2337fbd688d5c354bb9672
test_uq_esopt_5101,uq_esopt,5101,26,llm_proposal,0.45,4,0.7,35,0.7|4|0.45|35,False,26,,7416.250226468341,10.318267919853847,1,0.0,0.09920334070920944,1,0,31.142930507659912,benchmark_extensions/summit_snar_main_repair_20260919_v2/runs/v2/episodes/test_uq_esopt_5101/query025.json,fab13ce6ac75db60d78fa734c857f2265c8876c457d39a2fa040f2f9bfe3dbb4
test_uq_esopt_5101,uq_esopt,5101,27,llm_proposal,0.5,5,0.5,30,0.5|5|0.5|30,True,21,0.0,11559.605121586617,9.756260578228623,1,0.0,0.06856238096952438,1,0,30.94369626045227,benchmark_extensions/summit_snar_main_repair_20260919_v2/runs/v2/episodes/test_uq_esopt_5101/query026.json,03998b962c56ad91ed26dca7b4fada57de908d9b657e224a1c50438d75c5fcaf
test_uq_esopt_5101,uq_esopt,5101,28,llm_proposal,0.3,3,1.0,60,1|3|0.3|60,False,28,,3315.7216781367906,15.18138783686532,1,0.0,0.08730503171682358,1,0,28.862534284591675,benchmark_extensions/summit_snar_main_repair_20260919_v2/runs/v2/episodes/test_uq_esopt_5101/query027.json,652619d3ec857fe4671f525ac4e010c941074b9f414b1cdf6991e6a15312077d
test_uq_esopt_5101,uq_esopt,5101,29,llm_proposal,0.4,4,0.6,80,0.6|4|0.4|80,False,29,,6322.680416989488,14.130793549347048,1,0.0,0.0735689178109169,1,0,31.010258674621582,benchmark_extensions/summit_snar_main_repair_20260919_v2/runs/v2/episodes/test_uq_esopt_5101/query028.json,db9adc4ffce80107cbbd3e0f1a909b03d729539f140db363396a5af48d45a083
test_uq_esopt_5101,uq_esopt,5101,30,llm_proposal,0.35,4,1.0,70,1|4|0.35|70,False,30,,3326.5541424676185,15.877385602299974,1,0.0,0.06192275136709213,1,0,29.085474252700806,benchmark_extensions/summit_snar_main_repair_20260919_v2/runs/v2/episodes/test_uq_esopt_5101/query029.json,a682fdfbc4178ca3bcf0fa195d7884d260dc61d3f3404de1bc78b45f53084342
test_uq_esopt_5101,uq_esopt,5101,31,llm_proposal,0.48,5,0.55,30,0.55|5|0.48|30,False,31,,10094.467436884284,10.090332923469752,1,0.0,0.08208400756120682,1,0,31.222904682159424,benchmark_extensions/summit_snar_main_repair_20260919_v2/runs/v2/episodes/test_uq_esopt_5101/query030.json,daa8d0f6f87bf01a25f729f17b63124e0d3f79e9859c5a3961dac2b6a70e0cc7
test_uq_esopt_5101,uq_esopt,5101,32,llm_proposal,0.5,5,0.6,30,0.6|5|0.5|30,True,6,0.0,9630.51727782547,9.757446269012698,1,0.0,0.17686064541339874,1,0,29.713149547576904,benchmark_extensions/summit_snar_main_repair_20260919_v2/runs/v2/episodes/test_uq_esopt_5101/query031.json,deb57d6752d96b9df27b147c0abcef0c4c92b8a835dfbb94fe0922bbc3bd70d2
test_uq_esopt_5101,uq_esopt,5101,33,llm_proposal,0.5,5,0.5,30,0.5|5|0.5|30,True,21,0.0,11559.605121586617,9.756260578228623,1,0.0,0.3288097381591797,1,0,28.908634185791016,benchmark_extensions/summit_snar_main_repair_20260919_v2/runs/v2/episodes/test_uq_esopt_5101/query032.json,ee82430bd635c777567da398d40a79c49f76fc4e708f17e58ac36b2bd2b3f79a
test_uq_esopt_5101,uq_esopt,5101,34,llm_proposal,0.5,5,0.55,30,0.55|5|0.5|30,True,8,0.0,10515.5917119573,9.748370260490134,1,0.0,0.19305698573589325,1,0,29.845168352127075,benchmark_extensions/summit_snar_main_repair_20260919_v2/runs/v2/episodes/test_uq_esopt_5101/query033.json,4fea9d7c314a0ca4bcd666c65d22123377b1334961a80201236c9695072be30e
test_uq_esopt_5101,uq_esopt,5101,35,llm_proposal,0.45,5,0.55,35,0.55|5|0.45|35,False,35,,9432.168288457522,10.696175122622094,1,0.0,0.1445014923810959,1,0,30.38957691192627,benchmark_extensions/summit_snar_main_repair_20260919_v2/runs/v2/episodes/test_uq_esopt_5101/query034.json,239bdf16b5888e08280f9e298dc766fb85974b47cae7dd23d7985a070f6c3caa
test_uq_esopt_5101,uq_esopt,5101,36,llm_proposal,0.5,5,0.5,30,0.5|5|0.5|30,True,21,0.0,11559.605121586617,9.756260578228623,1,0.0,0.23469127714633942,1,0,28.660942554473877,benchmark_extensions/summit_snar_main_repair_20260919_v2/runs/v2/episodes/test_uq_esopt_5101/query035.json,71f2314eed679e95d000d4806a543482a867a6bddd0bd7d412d9357deb7e0443
test_uq_esopt_5101,uq_esopt,5101,37,llm_proposal,0.5,5,0.5,30,0.5|5|0.5|30,True,21,0.0,11559.605121586617,9.756260578228623,1,0.0,0.10607817023992538,1,0,29.691020011901855,benchmark_extensions/summit_snar_main_repair_20260919_v2/runs/v2/episodes/test_uq_esopt_5101/query036.json,c1745421656cbda90c0c7ca26463e3c4b333c46c4618be455ea4ab0586d24cb8
test_uq_esopt_5101,uq_esopt,5101,38,llm_proposal,0.4,4.5,0.65,85,0.65|4.5|0.4|85,False,38,,5147.012723344783,16.39867203026588,1,0.0,0.03387455642223358,1,0,31.488811492919922,benchmark_extensions/summit_snar_main_repair_20260919_v2/runs/v2/episodes/test_uq_esopt_5101/query037.json,30e9f9ba8f3fadb2e57c8c3cbca7bc8565f9c52ab3c93b28e0902992c214e716
test_uq_esopt_5101,uq_esopt,5101,39,llm_proposal,0.45,4,0.6,85,0.6|4|0.45|85,False,39,,6539.440030363749,13.940847391306175,1,0.0,0.03870895132422447,1,0,29.878167629241943,benchmark_extensions/summit_snar_main_repair_20260919_v2/runs/v2/episodes/test_uq_esopt_5101/query038.json,237413002b4eabe514f40bcc85de7082271ee3273a2be368ccf8d016c1360bd2
test_uq_esopt_5101,uq_esopt,5101,40,llm_proposal,0.48,1.2,0.7,102,0.7|1.2|0.48|102,False,40,,7728.24511070046,8.940481694699898,1,0.0,0.06743308901786804,1,0,31.92857050895691,benchmark_extensions/summit_snar_main_repair_20260919_v2/runs/v2/episodes/test_uq_esopt_5101/query039.json,ad6ffb1e27abfa6af373e172e81bb53419a4c8b183d4c67b81ede841db5d231c
test_uq_esopt_5101,uq_esopt,5101,41,llm_proposal,0.5,5,0.55,30,0.55|5|0.5|30,True,8,0.0,10515.5917119573,9.748370260490134,1,0.0,0.20592182874679565,1,0,28.87678813934326,benchmark_extensions/summit_snar_main_repair_20260919_v2/runs/v2/episodes/test_uq_esopt_5101/query040.json,e6efbda325b70f0dc614e636fe27a757570a86ddefe92529d608da3bce6f2c03
test_uq_esopt_5101,uq_esopt,5101,42,llm_proposal,0.35,3.0,0.8,65,0.8|3|0.35|65,False,42,,4769.171970926227,13.33677936088638,1,0.0,0.09110572934150696,1,0,31.758771896362305,benchmark_extensions/summit_snar_main_repair_20260919_v2/runs/v2/episodes/test_uq_esopt_5101/query041.json,7466708f5dc99418b56a4c02cb207304bd46229dd5e145019861ae1562c8b838
test_uq_esopt_5101,uq_esopt,5101,43,llm_proposal,0.5,5,0.5,30,0.5|5|0.5|30,True,21,0.0,11559.605121586617,9.756260578228623,1,0.0,0.10414382070302963,1,0,29.621867656707764,benchmark_extensions/summit_snar_main_repair_20260919_v2/runs/v2/episodes/test_uq_esopt_5101/query042.json,d86a9775ec2d233af3e024b3401dae3ac8f3f9ff4cac333b567e8edce13755be
test_uq_esopt_5101,uq_esopt,5101,44,llm_proposal,0.45,3.5,1.2,55,1.2|3.5|0.45|55,False,44,,3844.2815329452433,11.514835260337007,1,0.0,0.09481589496135712,1,0,29.506977319717407,benchmark_extensions/summit_snar_main_repair_20260919_v2/runs/v2/episodes/test_uq_esopt_5101/query043.json,f6c84fa46547867eab3059a9ca84f537a04f9e9b9d26a97d558f851490c8fb0d
test_uq_esopt_5101,uq_esopt,5101,45,llm_proposal,0.5,5,0.5,30,0.5|5|0.5|30,True,21,0.0,11559.605121586617,9.756260578228623,1,0.0,0.1798136681318283,1,0,29.943682193756104,benchmark_extensions/summit_snar_main_repair_20260919_v2/runs/v2/episodes/test_uq_esopt_5101/query044.json,e488feb200c027744ac8d05fa240a04bd1b7ec51ba5ec318cd2a43cfde927852
test_uq_esopt_5101,uq_esopt,5101,46,llm_proposal,0.5,4.8,0.6,32,0.6|4.8|0.5|32,False,46,,9615.08939247551,9.700387163005304,0,6.96435639324644e-06,0.045460354536771774,1,0,29.91174840927124,benchmark_extensions/summit_snar_main_repair_20260919_v2/runs/v2/episodes/test_uq_esopt_5101/query045.json,ffb5e5f44f7f823b14b567d10fd95533c017990a8cc06a1cef6e3bfd15c5c87f
test_uq_esopt_5101,uq_esopt,5101,47,llm_proposal,0.5,5,0.5,30,0.5|5|0.5|30,True,21,0.0,11559.605121586617,9.756260578228623,1,0.0,0.07514739781618118,1,0,29.85626983642578,benchmark_extensions/summit_snar_main_repair_20260919_v2/runs/v2/episodes/test_uq_esopt_5101/query046.json,03f28c4e9b8d345df37ff9ea4a1c3afe4c9f507de3dfbf244d6ce6afbaed2a53
test_uq_esopt_5101,uq_esopt,5101,48,llm_proposal,0.45,4.5,1.0,45,1|4.5|0.45|45,False,48,,4816.832751315118,11.388489183986433,1,0.0,0.09760451316833496,1,0,29.226483821868896,benchmark_extensions/summit_snar_main_repair_20260919_v2/runs/v2/episodes/test_uq_esopt_5101/query047.json,e5b6f6edc3f4b2bc95935a433ab8c88e0d13481a4423f964fba152627479c943
test_uq_esopt_5101,uq_esopt,5101,49,llm_proposal,0.48,4.5,0.6,85,0.6|4.5|0.48|85,False,49,,6438.194407352517,14.62720647694922,1,0.0,0.04431701451539993,1,0,31.698098182678223,benchmark_extensions/summit_snar_main_repair_20260919_v2/runs/v2/episodes/test_uq_esopt_5101/query048.json,bfb77c4f02759c96ad85d8ecdfeea5908924a05afd34e8f95eeace9fe60439f5
test_uq_esopt_5101,uq_esopt,5101,50,llm_proposal,0.5,5,0.5,30,0.5|5|0.5|30,True,21,0.0,11559.605121586617,9.756260578228623,1,0.0,0.24378900229930878,1,0,28.61513352394104,benchmark_extensions/summit_snar_main_repair_20260919_v2/runs/v2/episodes/test_uq_esopt_5101/query049.json,65341e54d0bade5707bb9c1d152cd9c7d454a8f1b85f6c5cc3e4b357e8333907
test_uq_esopt_5102,uq_esopt,5102,1,paired_lhs_initial_design,0.20010330751262312,3.4557639378173923,1.428510666475138,98.7947735917893,1.428510666475138|3.4557639378173923|0.20010330751262312|98.7947735917893,False,1,,1082.5216101089825,32.54403583609808,1,0.0,,0,0,0.2646942138671875,benchmark_extensions/summit_snar_main_repair_20260919_v2/runs/v2/episodes/test_uq_esopt_5102/query000.json,113fdbd615fedf678cbe2e2c0c78dbfab8345923106a803eadcf12f7a887bf58
test_uq_esopt_5102,uq_esopt,5102,2,paired_lhs_initial_design,0.28981831482150044,2.6478772538494364,0.9434808292367503,72.8082838285427,0.9434808292367503|2.6478772538494364|0.28981831482150044|72.8082838285427,False,2,,3311.901195965126,15.960035024629528,1,0.0,,0,0,0.21587228775024414,benchmark_extensions/summit_snar_main_repair_20260919_v2/runs/v2/episodes/test_uq_esopt_5102/query001.json,2e2995a49e5481a02db10f1f1a3b387659d4084fadb6e05a3a81da3cb74e6634
test_uq_esopt_5102,uq_esopt,5102,3,paired_lhs_initial_design,0.42298318873877405,1.9515170659014818,1.298043908598181,46.44372630300934,1.298043908598181|1.9515170659014818|0.42298318873877405|46.44372630300934,False,3,,3745.2603514320263,10.184714816317618,1,0.0,,0,0,0.2306995391845703,benchmark_extensions/summit_snar_main_repair_20260919_v2/runs/v2/episodes/test_uq_esopt_5102/query002.json,7c26548f91929ced41d6818cf2704f19cc091a6781c2a5afe991d3616778fb95
test_uq_esopt_5102,uq_esopt,5102,4,paired_lhs_initial_design,0.14134797900198603,4.641639772550759,1.864600248559465,105.4729625556356,1.864600248559465|4.641639772550759|0.14134797900198603|105.4729625556356,False,4,,427.38832022140775,63.28230939850084,1,0.0,,0,0,0.21860456466674805,benchmark_extensions/summit_snar_main_repair_20260919_v2/runs/v2/episodes/test_uq_esopt_5102/query003.json,ae17cc32c14a765a78d8efe90ff60f50f142dbda7372c6276bba9b4ca41931f5
test_uq_esopt_5102,uq_esopt,5102,5,paired_lhs_initial_design,0.37320795931814243,1.4801955449062332,0.6717344426120354,51.438444273762855,0.6717344426120354|1.4801955449062332|0.37320795931814243|51.438444273762855,False,5,,5769.439481256695,12.640147464323013,1,0.0,,0,0,0.21831464767456055,benchmark_extensions/summit_snar_main_repair_20260919_v2/runs/v2/episodes/test_uq_esopt_5102/query004.json,1f5e747f7661532751d82e3065f86f26d0fe34337be5362a7dcec15af734ac3f
test_uq_esopt_5102,uq_esopt,5102,6,llm_proposal,0.35,2.0,0.8,65,0.8|2|0.35|65,False,6,,4987.7469448109605,12.33996870446489,1,0.0,0.31250056624412537,1,0,62.8086953163147,benchmark_extensions/summit_snar_main_repair_20260919_v2/runs/v2/episodes/test_uq_esopt_5102/query005.json,4f0c54a43f5e9d716143262a952cf45f0629470c75527eacc39666d12f08ba94
test_uq_esopt_5102,uq_esopt,5102,7,llm_proposal,0.4,2.5,1.2,80,1.2|2.5|0.4|80,False,7,,3182.2006270926904,13.361792530194048,1,0.0,0.29514816403388977,2,0,76.1866807937622,benchmark_extensions/summit_snar_main_repair_20260919_v2/runs/v2/episodes/test_uq_esopt_5102/query006.json,8fa0fc0c3b380bf57473ab6f620387959a73e07372c588a0393c2a8b3d4fbbcb
test_uq_esopt_5102,uq_esopt,5102,8,llm_proposal,0.35,3.0,1.0,70,1|3|0.35|70,False,8,,3608.236136522988,14.153827895194949,1,0.0,0.5228337645530701,2,0,71.41902279853821,benchmark_extensions/summit_snar_main_repair_20260919_v2/runs/v2/episodes/test_uq_esopt_5102/query007.json,91992d0ca89325537d03aafb7b5813a914659da1de76cd667c668da4169e2b45
test_uq_esopt_5102,uq_esopt,5102,9,llm_proposal,0.35,2.5,1.5,70,1.5|2.5|0.35|70,False,9,,2361.6421737327883,14.22249981918248,1,0.0,0.6574006080627441,2,0,67.74155473709106,benchmark_extensions/summit_snar_main_repair_20260919_v2/runs/v2/episodes/test_uq_esopt_5102/query008.json,d877e136a2de8c90aab2b1459bebc1d412ffe8c5d07efc84c476770cec7396b6
test_uq_esopt_5102,uq_esopt,5102,10,llm_proposal,0.5,5,0.5,30,0.5|5|0.5|30,False,10,,11559.605121586617,9.756260578228623,1,0.0,0.2059357911348343,1,0,32.41766929626465,benchmark_extensions/summit_snar_main_repair_20260919_v2/runs/v2/episodes/test_uq_esopt_5102/query009.json,52a650641ea4838ab3874200f96c536a168e8066cb99c0395883386ec9b0013e
test_uq_esopt_5102,uq_esopt,5102,11,llm_proposal,0.5,4.5,0.55,40,0.55|4.5|0.5|40,False,11,,10385.177147430722,9.693921163975808,0,1.112827299232233e-05,0.093343086540699,1,0,32.96373152732849,benchmark_extensions/summit_snar_main_repair_20260919_v2/runs/v2/episodes/test_uq_esopt_5102/query010.json,d868e2493ae1b855793e7350ce206cd203a656a6346efdc5944a71ef46e72eae
test_uq_esopt_5102,uq_esopt,5102,12,llm_proposal,0.45,3.5,1.0,50,1|3.5|0.45|50,False,12,,4879.177673298594,10.837953556646289,1,0.0,0.2713257968425751,1,0,29.21516728401184,benchmark_extensions/summit_snar_main_repair_20260919_v2/runs/v2/episodes/test_uq_esopt_5102/query011.json,aac405675164f7838c10a87ab6aa0601f25ac7646b8350e42d124274df91b3e7
test_uq_esopt_5102,uq_esopt,5102,13,llm_proposal,0.5,5,0.55,30,0.55|5|0.5|30,False,13,,10515.5917119573,9.748370260490134,1,0.0,0.16257375478744507,1,0,30.778354167938232,benchmark_extensions/summit_snar_main_repair_20260919_v2/runs/v2/episodes/test_uq_esopt_5102/query012.json,6d7199d7d083363655331423fb0b750ab6257d95b58e8a194f960ce12b2c36eb
test_uq_esopt_5102,uq_esopt,5102,14,llm_proposal,0.48,1.5,0.7,102,0.7|1.5|0.48|102,False,14,,7342.050865193138,9.575493220965255,1,0.0,0.10177666693925858,1,0,30.320574522018433,benchmark_extensions/summit_snar_main_repair_20260919_v2/runs/v2/episodes/test_uq_esopt_5102/query013.json,5c68e83bd75e918e665614ff8e1f68fe7faf68fc2b8c697f26f4d7743d0550cf
test_uq_esopt_5102,uq_esopt,5102,15,llm_proposal,0.5,5,0.5,30,0.5|5|0.5|30,True,10,0.0,11559.605121586617,9.756260578228623,1,0.0,0.17154887318611145,1,0,29.477225303649902,benchmark_extensions/summit_snar_main_repair_20260919_v2/runs/v2/episodes/test_uq_esopt_5102/query014.json,4eb7aa0e30e7b78767b171025c3323241cc4f80c22e8223414fa4997cd0ded0e
test_uq_esopt_5102,uq_esopt,5102,16,llm_proposal,0.47,1.3,0.6,105,0.6|1.3|0.47|105,False,16,,8747.153775498718,9.256896439171731,0,3.4252944525747786e-05,0.05486935004591942,1,0,30.314661741256714,benchmark_extensions/summit_snar_main_repair_20260919_v2/runs/v2/episodes/test_uq_esopt_5102/query015.json,cab80c09e5c5ff9e3d86faac6608d071f2764fb81f24cbc0b705fccdbae530f8
test_uq_esopt_5102,uq_esopt,5102,17,llm_proposal,0.5,5,0.5,30,0.5|5|0.5|30,True,10,0.0,11559.605121586617,9.756260578228623,1,0.0,0.17359766364097595,1,0,28.35454034805298,benchmark_extensions/summit_snar_main_repair_20260919_v2/runs/v2/episodes/test_uq_esopt_5102/query016.json,cc0e8042673c85ca3348c9312c6bab8897ece2fb72a8c9814f9a227c51d4b53e
test_uq_esopt_5102,uq_esopt,5102,18,llm_proposal,0.47,1.2,0.55,100,0.55|1.2|0.47|100,False,18,,9644.223245625366,9.115142185833085,0,5.104919909548755e-05,0.08923712372779846,1,0,29.73593020439148,benchmark_extensions/summit_snar_main_repair_20260919_v2/runs/v2/episodes/test_uq_esopt_5102/query017.json,cd434d667dd4167da8c898a61335a4b004e58fc8e92d4c003e9d832f45838e7a
test_uq_esopt_5102,uq_esopt,5102,19,llm_proposal,0.25,3,1.2,85,1.2|3|0.25|85,False,19,,1980.882578542111,21.111980423728426,1,0.0,0.05160696804523468,1,0,29.354958295822144,benchmark_extensions/summit_snar_main_repair_20260919_v2/runs/v2/episodes/test_uq_esopt_5102/query018.json,dac9059e669914a3d96e4d32550dcbcd192e1d76af375e1d48ff5989e636f2ae
test_uq_esopt_5102,uq_esopt,5102,20,llm_proposal,0.35,4.2,1.8,95,1.8|4.2|0.35|95,False,20,,797.8676367027745,38.16875735356762,1,0.0,0.0999656692147255,1,0,29.33004379272461,benchmark_extensions/summit_snar_main_repair_20260919_v2/runs/v2/episodes/test_uq_esopt_5102/query019.json,5d33626154cd8cf03bea9f9832ff05bd105de41700c9da51da36648bb07cb18a
test_uq_esopt_5102,uq_esopt,5102,21,llm_proposal,0.47,1.3,0.6,105,0.6|1.3|0.47|105,True,16,0.0,8747.153775498718,9.256896439171731,1,0.0,0.3165917992591858,1,0,29.333794116973877,benchmark_extensions/summit_snar_main_repair_20260919_v2/runs/v2/episodes/test_uq_esopt_5102/query020.json,a4ff97b2ae7a4c29329b47d9f8c95e6c7dc0f4092e21bedfc7177c345cdbab95
test_uq_esopt_5102,uq_esopt,5102,22,llm_proposal,0.45,1.4,0.6,102,0.6|1.4|0.45|102,False,22,,8320.71824174786,9.764637472360702,1,0.0,0.21357320249080658,1,0,29.353715181350708,benchmark_extensions/summit_snar_main_repair_20260919_v2/runs/v2/episodes/test_uq_esopt_5102/query021.json,98d72736e5960feb8a1ea92ce8d4552aceea54d71b36ffae9fd0021aed66e01b
test_uq_esopt_5102,uq_esopt,5102,23,llm_proposal,0.3,2.5,1.1,75,1.1|2.5|0.3|75,False,23,,2875.41667586699,15.755621896825655,1,0.0,0.14980439841747284,1,0,29.90352773666382,benchmark_extensions/summit_snar_main_repair_20260919_v2/runs/v2/episodes/test_uq_esopt_5102/query022.json,8f3bd1e41ea33113532a6df77edca5671b1352374fe579324abfd052f6761dd6
test_uq_esopt_5102,uq_esopt,5102,24,llm_proposal,0.5,5,0.5,30,0.5|5|0.5|30,True,10,0.0,11559.605121586617,9.756260578228623,1,0.0,0.3311883807182312,1,0,29.14201784133911,benchmark_extensions/summit_snar_main_repair_20260919_v2/runs/v2/episodes/test_uq_esopt_5102/query023.json,7f7a7f393bc786ea3005d5d3625da8a57882ad87068688c4ff6bf63ea9a682ed
test_uq_esopt_5102,uq_esopt,5102,25,llm_proposal,0.48,4.8,0.6,95,0.6|4.8|0.48|95,False,25,,5193.039902423819,18.547222229663724,1,0.0,0.26180189847946167,1,0,29.95370578765869,benchmark_extensions/summit_snar_main_repair_20260919_v2/runs/v2/episodes/test_uq_esopt_5102/query024.json,e813d021df2fa24fc811ee5a49ad72054c767c7bb0bd888c3816170e474d2be9
test_uq_esopt_5102,uq_esopt,5102,26,llm_proposal,0.5,5,0.5,30,0.5|5|0.5|30,True,10,0.0,11559.605121586617,9.756260578228623,1,0.0,0.6974816918373108,2,1,33.34158396720886,benchmark_extensions/summit_snar_main_repair_20260919_v2/runs/v2/episodes/test_uq_esopt_5102/query025.json,8e992e3d11a4b23e6815fcabaaeefaa1068c8e900a784bfe3a9b616e47cfa1fa
test_uq_esopt_5102,uq_esopt,5102,27,llm_proposal,0.3,3.0,1.8,120,1.8|3|0.3|120,False,27,,630.6687128035836,46.06948836458654,1,0.0,0.1798480749130249,1,0,29.248575687408447,benchmark_extensions/summit_snar_main_repair_20260919_v2/runs/v2/episodes/test_uq_esopt_5102/query026.json,8d23dbffe736068e24def924a972692a504b3fe0eecef1a5068871f4a355988f
test_uq_esopt_5102,uq_esopt,5102,28,llm_proposal,0.48,4.8,0.7,95,0.7|4.8|0.48|95,False,28,,4035.852483559498,20.54853343985613,1,0.0,0.12557733058929443,1,0,29.60464358329773,benchmark_extensions/summit_snar_main_repair_20260919_v2/runs/v2/episodes/test_uq_esopt_5102/query027.json,f80f5d2bafb343eb07ff5604ea2c041b16021d0353c13ef61784a5693d1f1955
test_uq_esopt_5102,uq_esopt,5102,29,llm_proposal,0.45,4.5,0.6,35,0.6|4.5|0.45|35,False,29,,8653.264407132707,10.501974369345163,1,0.0,0.100445955991745,2,0,59.28400683403015,benchmark_extensions/summit_snar_main_repair_20260919_v2/runs/v2/episodes/test_uq_esopt_5102/query028.json,967450ea27380781fd55cb7b800ffdb4c09b78d998e190bcb207b1ae5d84e726
test_uq_esopt_5102,uq_esopt,5102,30,llm_proposal,0.4,3.5,1.0,45,1|3.5|0.4|45,False,30,,4484.0117885684795,11.626370265556696,1,0.0,0.08046568185091019,1,0,29.002769708633423,benchmark_extensions/summit_snar_main_repair_20260919_v2/runs/v2/episodes/test_uq_esopt_5102/query029.json,8bc26931de4603c1a61dfadb2492c4dcd9f41eb44c543a6e3acfd7aa26d5d175
test_uq_esopt_5102,uq_esopt,5102,31,llm_proposal,0.5,5,0.5,30,0.5|5|0.5|30,True,10,0.0,11559.605121586617,9.756260578228623,1,0.0,0.1450667679309845,2,1,34.69925832748413,benchmark_extensions/summit_snar_main_repair_20260919_v2/runs/v2/episodes/test_uq_esopt_5102/query030.json,83196affa9245784e3460ee58a3ae6164da89b24fbb400353518fc94f91b0811
test_uq_esopt_5102,uq_esopt,5102,32,llm_proposal,0.5,5,0.5,30,0.5|5|0.5|30,True,10,0.0,11559.605121586617,9.756260578228623,1,0.0,0.2384946346282959,1,0,28.362789392471313,benchmark_extensions/summit_snar_main_repair_20260919_v2/runs/v2/episodes/test_uq_esopt_5102/query031.json,3aaa57369a5d801619cd7dbfe7c77b96323c5c51a57791c2c2c91df7e5968ff5
test_uq_esopt_5102,uq_esopt,5102,33,llm_proposal,0.45,4.0,1.2,50,1.2|4|0.45|50,False,33,,3867.752533337404,11.646353808057649,1,0.0,0.2352084368467331,1,0,29.223655700683594,benchmark_extensions/summit_snar_main_repair_20260919_v2/runs/v2/episodes/test_uq_esopt_5102/query032.json,89e4d2d89bba3fca69025027c0b188a545cf4bf76dde1ba62b9c9dc78cf8287d
test_uq_esopt_5102,uq_esopt,5102,34,llm_proposal,0.45,4.2,1.1,40,1.1|4.2|0.45|40,False,34,,4496.121296649284,10.951730828269953,1,0.0,0.22994664311408997,1,0,28.682281017303467,benchmark_extensions/summit_snar_main_repair_20260919_v2/runs/v2/episodes/test_uq_esopt_5102/query033.json,794aab16c7b205a18e1ca46acdfeb4b3801f728ae819849ff10ee7b2e157dd69
test_uq_esopt_5102,uq_esopt,5102,35,llm_proposal,0.5,5.0,0.55,30,0.55|5|0.5|30,True,13,0.0,10515.5917119573,9.748370260490134,1,0.0,0.0963093563914299,1,0,29.975236892700195,benchmark_extensions/summit_snar_main_repair_20260919_v2/runs/v2/episodes/test_uq_esopt_5102/query034.json,1a5de5ae86550df3b8ff9cdf821ee2340a37177afd1e1abb4cdc24f93d085a12
test_uq_esopt_5102,uq_esopt,5102,36,llm_proposal,0.35,3.0,1.0,55,1|3|0.35|55,False,36,,3890.3365451496297,13.062339988882087,1,0.0,0.11436154693365097,1,0,29.38101625442505,benchmark_extensions/summit_snar_main_repair_20260919_v2/runs/v2/episodes/test_uq_esopt_5102/query035.json,fcfabc24442e7126da56f465ecfad80e97c47d1e819d036accae2a55f1d3c1b5
test_uq_esopt_5102,uq_esopt,5102,37,llm_proposal,0.4,4.5,1.0,45,1|4.5|0.4|45,False,37,,4343.159793233529,12.42551068816747,1,0.0,0.09445467591285706,1,0,28.96705722808838,benchmark_extensions/summit_snar_main_repair_20260919_v2/runs/v2/episodes/test_uq_esopt_5102/query036.json,b674b58fce8dccf6929bdd26632ca1ba67ff443ee8bfb555d7103ec2b7fa8ae0
test_uq_esopt_5102,uq_esopt,5102,38,llm_proposal,0.5,5,0.5,30,0.5|5|0.5|30,True,10,0.0,11559.605121586617,9.756260578228623,1,0.0,0.09399706870317459,1,0,29.38715958595276,benchmark_extensions/summit_snar_main_repair_20260919_v2/runs/v2/episodes/test_uq_esopt_5102/query037.json,d13a66e42061c333c64e56007ed14c1d0aea036b77b6217bd90fbde8de2fa320
test_uq_esopt_5102,uq_esopt,5102,39,llm_proposal,0.5,5,0.6,30,0.6|5|0.5|30,False,39,,9630.51727782547,9.757446269012698,1,0.0,0.19533587992191315,1,0,28.783270359039307,benchmark_extensions/summit_snar_main_repair_20260919_v2/runs/v2/episodes/test_uq_esopt_5102/query038.json,51f224b465ef8a405d0daa943b9b74f082e2f1d1afeffafed213c0f41ae74c0b
test_uq_esopt_5102,uq_esopt,5102,40,llm_proposal,0.5,5,0.6,30,0.6|5|0.5|30,True,39,0.0,9630.51727782547,9.757446269012698,1,0.0,0.1298772245645523,1,0,28.66204857826233,benchmark_extensions/summit_snar_main_repair_20260919_v2/runs/v2/episodes/test_uq_esopt_5102/query039.json,f077f640a77d4a78ceae62aaf77cd1b4e748736f48e9db69ac04f447176b7763
test_uq_esopt_5102,uq_esopt,5102,41,llm_proposal,0.3,2.5,0.8,80,0.8|2.5|0.3|80,False,41,,4017.888761607531,15.48958314303386,1,0.0,0.09222623705863953,1,0,28.961164236068726,benchmark_extensions/summit_snar_main_repair_20260919_v2/runs/v2/episodes/test_uq_esopt_5102/query040.json,e0b83e37a1b049d374cceef00b15c30763805f0c83718a2b9407234a72fc2211
test_uq_esopt_5102,uq_esopt,5102,42,llm_proposal,0.5,5.0,0.55,30,0.55|5|0.5|30,True,13,0.0,10515.5917119573,9.748370260490134,1,0.0,0.37479227781295776,1,0,29.09586262702942,benchmark_extensions/summit_snar_main_repair_20260919_v2/runs/v2/episodes/test_uq_esopt_5102/query041.json,138af0ef491b4fe1336727106f35bf092f24431ccef4a0af2c98f014efc23360
test_uq_esopt_5102,uq_esopt,5102,43,llm_proposal,0.5,5,0.5,30,0.5|5|0.5|30,True,10,0.0,11559.605121586617,9.756260578228623,1,0.0,0.15060289204120636,1,0,29.21173071861267,benchmark_extensions/summit_snar_main_repair_20260919_v2/runs/v2/episodes/test_uq_esopt_5102/query042.json,49968f9ca42b61909b68ab07df163f8e5e07659831aff03ca0f9edc31258d60e
test_uq_esopt_5102,uq_esopt,5102,44,llm_proposal,0.3,4,1.0,60,1|4|0.3|60,False,44,,3166.200064170576,16.345004840694397,1,0.0,0.05685828626155853,1,0,29.365442037582397,benchmark_extensions/summit_snar_main_repair_20260919_v2/runs/v2/episodes/test_uq_esopt_5102/query043.json,a1412b7082838c99fe1f1d3c70086a9ba40510e68d2bc41eaf2b5f9d9aca3c2e
test_uq_esopt_5102,uq_esopt,5102,45,llm_proposal,0.5,5,0.5,30,0.5|5|0.5|30,True,10,0.0,11559.605121586617,9.756260578228623,1,0.0,0.08735968172550201,1,0,28.947994232177734,benchmark_extensions/summit_snar_main_repair_20260919_v2/runs/v2/episodes/test_uq_esopt_5102/query044.json,7e38b9e21d6583d62dda204e2430977434dd0130ba95b3e2a19c98d467daa3ff
test_uq_esopt_5102,uq_esopt,5102,46,llm_proposal,0.45,4,0.7,40,0.7|4|0.45|40,False,46,,7348.718561251102,10.42050320776172,1,0.0,0.09762399643659592,1,0,29.75043034553528,benchmark_extensions/summit_snar_main_repair_20260919_v2/runs/v2/episodes/test_uq_esopt_5102/query045.json,42e9af35b9ad61b02ac71dff9177eee20650b0230b9d6d03f4273ed38a0dfebc
test_uq_esopt_5102,uq_esopt,5102,47,llm_proposal,0.45,3,1.2,55,1.2|3|0.45|55,False,47,,3975.9822278579836,10.902409473392082,1,0.0,0.09896854311227798,1,0,28.604419708251953,benchmark_extensions/summit_snar_main_repair_20260919_v2/runs/v2/episodes/test_uq_esopt_5102/query046.json,de91429894baed4e6d914d9ab6e7faae862a2df95c53ba05353d8e82dc5565b3
test_uq_esopt_5102,uq_esopt,5102,48,llm_proposal,0.5,5,0.5,30,0.5|5|0.5|30,True,10,0.0,11559.605121586617,9.756260578228623,1,0.0,0.13983824849128723,1,0,28.594788074493408,benchmark_extensions/summit_snar_main_repair_20260919_v2/runs/v2/episodes/test_uq_esopt_5102/query047.json,e16065844e450606667bdd2738e8908266ca77f66abc1295e1febd328f400cd9
test_uq_esopt_5102,uq_esopt,5102,49,llm_proposal,0.4,4.5,0.6,45,0.6|4.5|0.4|45,False,49,,7569.961109191322,11.842516727056573,1,0.0,0.07489314675331116,1,0,30.470155954360962,benchmark_extensions/summit_snar_main_repair_20260919_v2/runs/v2/episodes/test_uq_esopt_5102/query048.json,85c74038745acf9defc8673817a66f85c351bb02089970b6ec3fa5ced41c68ee
test_uq_esopt_5102,uq_esopt,5102,50,llm_proposal,0.5,5,0.5,30,0.5|5|0.5|30,True,10,0.0,11559.605121586617,9.756260578228623,1,0.0,0.2143041342496872,1,0,28.506882905960083,benchmark_extensions/summit_snar_main_repair_20260919_v2/runs/v2/episodes/test_uq_esopt_5102/query049.json,66133b232f9f0cfe9a6c231e8adc40815b7dc34e17b375e427bc411fca29cc05
test_uq_esopt_5103,uq_esopt,5103,1,paired_lhs_initial_design,0.11309831840379098,4.172383080168054,0.6935008376987399,81.43026926930229,0.6935008376987399|4.172383080168054|0.11309831840379098|81.43026926930229,False,1,,1807.1440542205332,39.12460524689903,1,0.0,,0,0,0.2715950012207031,benchmark_extensions/summit_snar_main_repair_20260919_v2/runs/v2/episodes/test_uq_esopt_5103/query000.json,8ebee36b9e33132f0e4641a53f1573057ff082356d7c31f9affe55af86d234b2
test_uq_esopt_5103,uq_esopt,5103,2,paired_lhs_initial_design,0.36112733486646664,2.8281403079007723,1.225307407640948,93.39601495614801,1.225307407640948|2.8281403079007723|0.36112733486646664|93.39601495614801,False,2,,2343.6930401385403,17.999097450704717,1,0.0,,0,0,0.22853851318359375,benchmark_extensions/summit_snar_main_repair_20260919_v2/runs/v2/episodes/test_uq_esopt_5103/query001.json,25e1c3cc6593a6aeb092122b3c7eb836832939a09d5843366142117dc9dbef36
test_uq_esopt_5103,uq_esopt,5103,3,paired_lhs_initial_design,0.48277528840545547,4.325465383699287,1.7214778815692795,60.33822694843287,1.7214778815692795|4.325465383699287|0.48277528840545547|60.33822694843287,False,3,,2219.839792410461,14.721069094241134,1,0.0,,0,0,0.2385263442993164,benchmark_extensions/summit_snar_main_repair_20260919_v2/runs/v2/episodes/test_uq_esopt_5103/query002.json,241734ed26d15195265854e7aa4408fa18947c456e0fb71d6cc8255755e4ee0e
test_uq_esopt_5103,uq_esopt,5103,4,paired_lhs_initial_design,0.18284784491267997,1.2999109988268753,0.9320151741421967,31.873563954014333,0.9320151741421967|1.2999109988268753|0.18284784491267997|31.873563954014333,False,4,,1242.803609050341,42.15236606138536,1,0.0,,0,0,0.2364521026611328,benchmark_extensions/summit_snar_main_repair_20260919_v2/runs/v2/episodes/test_uq_esopt_5103/query003.json,4f739480c7605bc9c40194939b29d4d52af2a5be0f3c0c4ec7b7258e83118b1f
test_uq_esopt_5103,uq_esopt,5103,5,paired_lhs_initial_design,0.32981778004758733,2.2896447971779685,1.443233898138733,102.23592955552782,1.443233898138733|2.2896447971779685|0.32981778004758733|102.23592955552782,False,5,,1833.2243518523883,19.099657708358567,1,0.0,,0,0,0.22294044494628906,benchmark_extensions/summit_snar_main_repair_20260919_v2/runs/v2/episodes/test_uq_esopt_5103/query004.json,516e939713c76d36ae80e971606d43ae0acb4a2e9fa86abb75f85094bf92e968
test_uq_esopt_5103,uq_esopt,5103,6,llm_proposal,0.45,3.5,0.8,85,0.8|3.5|0.45|85,False,6,,4751.558340549507,14.166170471624984,1,0.0,0.40478357672691345,1,0,63.66822695732117,benchmark_extensions/summit_snar_main_repair_20260919_v2/runs/v2/episodes/test_uq_esopt_5103/query005.json,f42cb9745b0aedf5982c71b106605f6a9566e85e596338a96587170792f1cc5d
test_uq_esopt_5103,uq_esopt,5103,7,llm_proposal,0.4,4.0,1.0,75,1|4|0.4|75,False,7,,3467.5646846399222,15.543982715087672,1,0.0,0.717130720615387,2,0,76.66819167137146,benchmark_extensions/summit_snar_main_repair_20260919_v2/runs/v2/episodes/test_uq_esopt_5103/query006.json,7685ff994295467e098a98b83ce1aea0bdd5569c03a6a25231ca1e35dff31add
test_uq_esopt_5103,uq_esopt,5103,8,llm_proposal,0.5,5,0.6,35,0.6|5|0.5|35,False,8,,9537.83678490461,9.860181224756408,1,0.0,0.4033682644367218,1,0,37.85666751861572,benchmark_extensions/summit_snar_main_repair_20260919_v2/runs/v2/episodes/test_uq_esopt_5103/query007.json,263508b9e4f6a0d3352e90d63377dbc99243945c7d87ff7f50d26d08007dbef9
test_uq_esopt_5103,uq_esopt,5103,9,llm_proposal,0.45,4.5,1.0,80,1|4.5|0.45|80,False,9,,3222.8181762972044,17.465972101840634,1,0.0,0.7268848419189453,2,1,39.61755442619324,benchmark_extensions/summit_snar_main_repair_20260919_v2/runs/v2/episodes/test_uq_esopt_5103/query008.json,cbc15d78dc4dd4fe23625f05a24f0174468f7a3b2122aa2c953bf43eec3f780b
test_uq_esopt_5103,uq_esopt,5103,10,llm_proposal,0.45,3.0,1.0,65,1|3|0.45|65,False,10,,4602.339610463702,11.335366700088922,1,0.0,0.32076868414878845,1,0,34.63345694541931,benchmark_extensions/summit_snar_main_repair_20260919_v2/runs/v2/episodes/test_uq_esopt_5103/query009.json,e717b430be2c455731764b16c58220d63702acc9c1017578e328b210a50cc256
test_uq_esopt_5103,uq_esopt,5103,11,llm_proposal,0.5,4.5,0.8,35,0.8|4.5|0.5|35,False,11,,7087.349849373757,9.772015064273578,1,0.0,0.1649334579706192,1,0,32.9271240234375,benchmark_extensions/summit_snar_main_repair_20260919_v2/runs/v2/episodes/test_uq_esopt_5103/query010.json,cf17369ede2b5016efaa7783eca63e3ecf38ed772ed6c288ddaf27123270cc05
test_uq_esopt_5103,uq_esopt,5103,12,llm_proposal,0.48,4.8,0.6,40,0.6|4.8|0.48|40,False,12,,9071.974726230565,10.232674757603426,1,0.0,0.23035921156406403,1,0,30.09925937652588,benchmark_extensions/summit_snar_main_repair_20260919_v2/runs/v2/episodes/test_uq_esopt_5103/query011.json,37a5b533ab0f0776044783dc5cc52fc6b23ea216006a7ee7302d83866bd9115f
test_uq_esopt_5103,uq_esopt,5103,13,llm_proposal,0.42,4.2,1.2,38,1.2|4.2|0.42|38,False,13,,3876.5754930143703,11.53876935058599,1,0.0,0.45361167192459106,2,0,58.38840055465698,benchmark_extensions/summit_snar_main_repair_20260919_v2/runs/v2/episodes/test_uq_esopt_5103/query012.json,43eac208fcbf79c062193801b8593dd5f14d54788ecc48dfc1785557b4fa3e51
test_uq_esopt_5103,uq_esopt,5103,14,llm_proposal,0.5,5,0.5,30,0.5|5|0.5|30,False,14,,11559.605121586617,9.756260578228623,1,0.0,0.5385228991508484,2,0,57.71723651885986,benchmark_extensions/summit_snar_main_repair_20260919_v2/runs/v2/episodes/test_uq_esopt_5103/query013.json,63f5e6f5b39686d8865a27639111ef18e916a3294c313f0660817ccc1285af01
test_uq_esopt_5103,uq_esopt,5103,15,llm_proposal,0.45,4.5,1.2,50,1.2|4.5|0.45|50,False,15,,3762.980163992922,12.208283651084988,1,0.0,0.17440055310726166,1,0,29.32172179222107,benchmark_extensions/summit_snar_main_repair_20260919_v2/runs/v2/episodes/test_uq_esopt_5103/query014.json,6497d0f98aeba7a42c328f1d402e5d8bfbc0b72065047c51fce62a12a6f0bace
test_uq_esopt_5103,uq_esopt,5103,16,llm_proposal,0.48,4.8,0.6,45,0.6|4.8|0.48|45,False,16,,8906.617163465886,10.439236712057111,1,0.0,0.19112294912338257,1,0,29.479177236557007,benchmark_extensions/summit_snar_main_repair_20260919_v2/runs/v2/episodes/test_uq_esopt_5103/query015.json,cb1e0c10f05050b0f8f0144ade33d413ba2bbbb2f37061ea0923c67c146d07ee
test_uq_esopt_5103,uq_esopt,5103,17,llm_proposal,0.5,5,0.5,30,0.5|5|0.5|30,True,14,0.0,11559.605121586617,9.756260578228623,1,0.0,0.2451164424419403,1,0,28.96364998817444,benchmark_extensions/summit_snar_main_repair_20260919_v2/runs/v2/episodes/test_uq_esopt_5103/query016.json,0f13c8b3f3b181c3e8e5b1700ac46ea58241d6731bfa140b36790f272dc928e6
test_uq_esopt_5103,uq_esopt,5103,18,llm_proposal,0.45,4.0,1.0,55,1|4|0.45|55,False,18,,4611.5203450243525,11.727389803757543,1,0.0,0.13211098313331604,1,0,29.454256534576416,benchmark_extensions/summit_snar_main_repair_20260919_v2/runs/v2/episodes/test_uq_esopt_5103/query017.json,3fed1ed51036486f51ec92ead0a716158edfed55597b216e7bfbe74b5d96628b
test_uq_esopt_5103,uq_esopt,5103,19,llm_proposal,0.5,4.9,0.55,32,0.55|4.9|0.5|32,False,19,,10501.983278613236,9.72477974584034,0,5.0333777603661645e-06,0.05407328903675079,1,0,31.769616842269897,benchmark_extensions/summit_snar_main_repair_20260919_v2/runs/v2/episodes/test_uq_esopt_5103/query018.json,ba4633e92b3b3b957e993d53f452b258a78c83384e304eb4ea9d0f2af1b84186
test_uq_esopt_5103,uq_esopt,5103,20,llm_proposal,0.5,5,0.5,30,0.5|5|0.5|30,True,14,0.0,11559.605121586617,9.756260578228623,1,0.0,0.14065851271152496,1,0,29.585723876953125,benchmark_extensions/summit_snar_main_repair_20260919_v2/runs/v2/episodes/test_uq_esopt_5103/query019.json,5b478eeab33871b862fd64fd506162c34923d5ce80471df55c8df06532e26c8e
test_uq_esopt_5103,uq_esopt,5103,21,llm_proposal,0.5,5,0.6,35,0.6|5|0.5|35,True,8,0.0,9537.83678490461,9.860181224756408,1,0.0,0.11560969799757004,1,0,29.266239881515503,benchmark_extensions/summit_snar_main_repair_20260919_v2/runs/v2/episodes/test_uq_esopt_5103/query020.json,f458970f44445e5d1af84c8a1e91cbbb2218fb325988a99d7d0c18fe9e93d17b
test_uq_esopt_5103,uq_esopt,5103,22,llm_proposal,0.5,5,0.55,30,0.55|5|0.5|30,False,22,,10515.5917119573,9.748370260490134,1,0.0,0.07381746917963028,1,0,29.80527114868164,benchmark_extensions/summit_snar_main_repair_20260919_v2/runs/v2/episodes/test_uq_esopt_5103/query021.json,01767e498df86ddd7cf6b3e10838e1dd136b84da01585dd1ef0721bad936a46f
test_uq_esopt_5103,uq_esopt,5103,23,llm_proposal,0.45,4.5,0.7,45,0.7|4.5|0.45|45,False,23,,7151.603263631892,10.923906694990238,1,0.0,0.07658397406339645,1,0,30.143330812454224,benchmark_extensions/summit_snar_main_repair_20260919_v2/runs/v2/episodes/test_uq_esopt_5103/query022.json,553d495395ac5b8b934bf5934c10d89cde866d219c2854d57f0562dd6b4425b6
test_uq_esopt_5103,uq_esopt,5103,24,llm_proposal,0.5,4.9,0.55,32,0.55|4.9|0.5|32,True,19,0.0,10501.983278613236,9.72477974584034,1,0.0,0.09888932853937149,1,0,31.114686012268066,benchmark_extensions/summit_snar_main_repair_20260919_v2/runs/v2/episodes/test_uq_esopt_5103/query023.json,91f8e12704ad40d45a937fccd7c6d7d2e7e2060ab0d9f87e179041c03678f39f
test_uq_esopt_5103,uq_esopt,5103,25,llm_proposal,0.3,4.0,0.8,60,0.8|4|0.3|60,False,25,,4070.669287481476,15.866692694264053,1,0.0,0.058299411088228226,1,0,30.241480112075806,benchmark_extensions/summit_snar_main_repair_20260919_v2/runs/v2/episodes/test_uq_esopt_5103/query024.json,df29be2419a36f729a486ac500889d2ce78c41072b10902844ff292df4df0725
test_uq_esopt_5103,uq_esopt,5103,26,llm_proposal,0.5,5.0,0.55,30,0.55|5|0.5|30,True,22,0.0,10515.5917119573,9.748370260490134,1,0.0,0.08471416682004929,1,0,30.97627353668213,benchmark_extensions/summit_snar_main_repair_20260919_v2/runs/v2/episodes/test_uq_esopt_5103/query025.json,ba5ce5f6eeb2f17308ac9b04371a8f97effdcaa5ee00507cc5c59ae2e3a01697
test_uq_esopt_5103,uq_esopt,5103,27,llm_proposal,0.5,5,0.5,30,0.5|5|0.5|30,True,14,0.0,11559.605121586617,9.756260578228623,1,0.0,0.06846065074205399,1,0,31.048799514770508,benchmark_extensions/summit_snar_main_repair_20260919_v2/runs/v2/episodes/test_uq_esopt_5103/query026.json,49cc37996547eb85e7bda88ea3076b9767df86d69984a8cec7dcef23ed5e6d41
test_uq_esopt_5103,uq_esopt,5103,28,llm_proposal,0.4,3,0.5,50,0.5|3|0.4|50,False,28,,9175.463976148652,11.160679011275416,1,0.0,0.04815547913312912,1,0,29.80127501487732,benchmark_extensions/summit_snar_main_repair_20260919_v2/runs/v2/episodes/test_uq_esopt_5103/query027.json,46e8ff92d56640fc72d4715e8bc347ad69c20329993c4641ed87aabcba74dc25
test_uq_esopt_5103,uq_esopt,5103,29,llm_proposal,0.5,5.0,0.55,30,0.55|5|0.5|30,True,22,0.0,10515.5917119573,9.748370260490134,1,0.0,0.06584465503692627,2,1,35.34475874900818,benchmark_extensions/summit_snar_main_repair_20260919_v2/runs/v2/episodes/test_uq_esopt_5103/query028.json,81aaea4dc8b75397c2a69372ce8cd84be07f513fc009fb89f53a0d196192cceb
test_uq_esopt_5103,uq_esopt,5103,30,llm_proposal,0.5,5,0.5,30,0.5|5|0.5|30,True,14,0.0,11559.605121586617,9.756260578228623,1,0.0,0.06479989737272263,1,0,30.713129997253418,benchmark_extensions/summit_snar_main_repair_20260919_v2/runs/v2/episodes/test_uq_esopt_5103/query029.json,3bf2847c41e823dae0f03c354b09998ef73901aca1842666c9d7ed62d6527a2c
test_uq_esopt_5103,uq_esopt,5103,31,llm_proposal,0.45,4.5,0.55,40,0.55|4.5|0.45|40,False,31,,9390.146440741795,10.561828019456273,1,0.0,0.07533106952905655,1,0,29.73867702484131,benchmark_extensions/summit_snar_main_repair_20260919_v2/runs/v2/episodes/test_uq_esopt_5103/query030.json,505673143a1b4a49a9e628384f3eba5805fc305d5decd675df6d27e1c420eb91
test_uq_esopt_5103,uq_esopt,5103,32,llm_proposal,0.3,3.0,1.0,60,1|3|0.3|60,False,32,,3315.7216781367906,15.18138783686532,1,0.0,0.056519050151109695,1,0,29.33297371864319,benchmark_extensions/summit_snar_main_repair_20260919_v2/runs/v2/episodes/test_uq_esopt_5103/query031.json,64621e40b2a0388e44125ea8f97fabfb2fe4aad763745dd506151ba4fc3ac7a2
test_uq_esopt_5103,uq_esopt,5103,33,llm_proposal,0.5,5,0.5,30,0.5|5|0.5|30,True,14,0.0,11559.605121586617,9.756260578228623,1,0.0,0.06495428830385208,1,0,30.61495614051819,benchmark_extensions/summit_snar_main_repair_20260919_v2/runs/v2/episodes/test_uq_esopt_5103/query032.json,fd247a6bfdc4620fae4e2eb542f07c0a71b906327be89525c06ed5af038e85bb
test_uq_esopt_5103,uq_esopt,5103,34,llm_proposal,0.3,4,1.0,80,1|4|0.3|80,False,34,,2680.398186439495,19.47028515791677,1,0.0,0.12131784856319427,1,0,29.081825017929077,benchmark_extensions/summit_snar_main_repair_20260919_v2/runs/v2/episodes/test_uq_esopt_5103/query033.json,0784a435ad801324d16cb50022b0471503914b41d0926843a0a9daeec6e2d8ef
test_uq_esopt_5103,uq_esopt,5103,35,llm_proposal,0.45,4.0,0.55,40,0.55|4|0.45|40,False,35,,9425.45375461049,10.334499768723692,1,0.0,0.05541514977812767,1,0,29.902050256729126,benchmark_extensions/summit_snar_main_repair_20260919_v2/runs/v2/episodes/test_uq_esopt_5103/query034.json,6c084239214ad4af1cce71d15136f74be5184508f50e34cc6218d507e3115bb8
test_uq_esopt_5103,uq_esopt,5103,36,llm_proposal,0.5,5,0.5,30,0.5|5|0.5|30,True,14,0.0,11559.605121586617,9.756260578228623,1,0.0,0.15106406807899475,1,0,29.876901865005493,benchmark_extensions/summit_snar_main_repair_20260919_v2/runs/v2/episodes/test_uq_esopt_5103/query035.json,b46b8acd783d1f20848cd56720791864b9068605dace8acd7860eb7fd1931859
test_uq_esopt_5103,uq_esopt,5103,37,llm_proposal,0.3,2.0,1.0,90,1|2|0.3|90,False,37,,3141.072792165147,15.667914365141328,1,0.0,0.11338084936141968,1,0,30.698162317276,benchmark_extensions/summit_snar_main_repair_20260919_v2/runs/v2/episodes/test_uq_esopt_5103/query036.json,5169dd54608678ab474b889a4cbd079c15149a03744752ad2436d9d37d8ed1d8
test_uq_esopt_5103,uq_esopt,5103,38,llm_proposal,0.5,5,0.5,30,0.5|5|0.5|30,True,14,0.0,11559.605121586617,9.756260578228623,1,0.0,0.15267881751060486,1,0,28.571322202682495,benchmark_extensions/summit_snar_main_repair_20260919_v2/runs/v2/episodes/test_uq_esopt_5103/query037.json,68e563275e9ed3f2ec0ef70f62dfff57af8fabfda3e18d6fc8e5aa2b26476985
test_uq_esopt_5103,uq_esopt,5103,39,llm_proposal,0.5,5,0.6,30,0.6|5|0.5|30,False,39,,9630.51727782547,9.757446269012698,1,0.0,0.05277659744024277,1,0,30.6880624294281,benchmark_extensions/summit_snar_main_repair_20260919_v2/runs/v2/episodes/test_uq_esopt_5103/query038.json,7d30adde9232362dab317d15a21671ea59de168a8b52f87b3e0381728c8f8519
test_uq_esopt_5103,uq_esopt,5103,40,llm_proposal,0.5,5,0.5,30,0.5|5|0.5|30,True,14,0.0,11559.605121586617,9.756260578228623,1,0.0,0.1652313768863678,1,0,29.146387100219727,benchmark_extensions/summit_snar_main_repair_20260919_v2/runs/v2/episodes/test_uq_esopt_5103/query039.json,ac7c427b077b7f132bc1315ceb6e306f8777f4b38f2c466c1cee30050c4a01a3
test_uq_esopt_5103,uq_esopt,5103,41,llm_proposal,0.5,5,0.5,30,0.5|5|0.5|30,True,14,0.0,11559.605121586617,9.756260578228623,1,0.0,0.08938001841306686,1,0,29.75306725502014,benchmark_extensions/summit_snar_main_repair_20260919_v2/runs/v2/episodes/test_uq_esopt_5103/query040.json,c4a7ea41a8c77680b9d4ca42abcd0ebec1eaa69984a4d381b91fe86d29b00533
test_uq_esopt_5103,uq_esopt,5103,42,llm_proposal,0.5,5,0.5,30,0.5|5|0.5|30,True,14,0.0,11559.605121586617,9.756260578228623,1,0.0,0.17802372574806213,1,0,28.456068992614746,benchmark_extensions/summit_snar_main_repair_20260919_v2/runs/v2/episodes/test_uq_esopt_5103/query041.json,ef93043b57b0995028ae8b0216d1fabb80875a3ac6b219bfcc3261e858b9646c
test_uq_esopt_5103,uq_esopt,5103,43,llm_proposal,0.5,5,0.5,30,0.5|5|0.5|30,True,14,0.0,11559.605121586617,9.756260578228623,1,0.0,0.06809744983911514,1,0,29.61090397834778,benchmark_extensions/summit_snar_main_repair_20260919_v2/runs/v2/episodes/test_uq_esopt_5103/query042.json,225d5a5cc067ce20a6ebc4db9308d348491a16bd4c8afbb3168f0bfbb7176dc3
test_uq_esopt_5103,uq_esopt,5103,44,llm_proposal,0.3,3,1.2,80,1.2|3|0.3|80,False,44,,2378.6556002586467,17.780216282005043,1,0.0,0.17273767292499542,1,0,28.603317737579346,benchmark_extensions/summit_snar_main_repair_20260919_v2/runs/v2/episodes/test_uq_esopt_5103/query043.json,188b3b3cff0f4ea7f537183fa2bbdb988b9684d40592541974b43e3734693622
test_uq_esopt_5103,uq_esopt,5103,45,llm_proposal,0.25,2,1.5,60,1.5|2|0.25|60,False,45,,1896.799785805889,17.116259214392368,1,0.0,0.11395493149757385,1,0,29.82833194732666,benchmark_extensions/summit_snar_main_repair_20260919_v2/runs/v2/episodes/test_uq_esopt_5103/query044.json,cc97a2348b93049b2e2636fb86cba51893039311bbe427066c92259fc74f3f8a
test_uq_esopt_5103,uq_esopt,5103,46,llm_proposal,0.35,4,1.0,50,1|4|0.35|50,False,46,,3824.669375048646,13.692460659241046,1,0.0,0.1584489345550537,1,0,29.77054715156555,benchmark_extensions/summit_snar_main_repair_20260919_v2/runs/v2/episodes/test_uq_esopt_5103/query045.json,7e300f7e7f763fbc359964d2f2e3c4db74593d8c88d0f5c18fdcbc3da82f5c6a
test_uq_esopt_5103,uq_esopt,5103,47,llm_proposal,0.3,3,1.0,70,1|3|0.3|70,False,47,,3164.1414444083316,15.95167241743678,1,0.0,0.07440908998250961,1,0,29.221999406814575,benchmark_extensions/summit_snar_main_repair_20260919_v2/runs/v2/episodes/test_uq_esopt_5103/query046.json,fbd336ea72eddaf95ac7534b075256ab8c4735e6b34185e86832e8f8fb76a62d
test_uq_esopt_5103,uq_esopt,5103,48,llm_proposal,0.35,2.5,0.7,85,0.7|2.5|0.35|85,False,48,,5213.237994721797,13.77999265097209,1,0.0,0.08621379733085632,1,0,30.538248777389526,benchmark_extensions/summit_snar_main_repair_20260919_v2/runs/v2/episodes/test_uq_esopt_5103/query047.json,83f44e10ebc640c3e426b2877733d26c8e26754526ddf8465e18464b8bf84fbd
test_uq_esopt_5103,uq_esopt,5103,49,llm_proposal,0.45,4,0.6,65,0.6|4|0.45|65,False,49,,7796.197744272415,11.548731458232137,1,0.0,0.19769072532653809,1,0,29.3399395942688,benchmark_extensions/summit_snar_main_repair_20260919_v2/runs/v2/episodes/test_uq_esopt_5103/query048.json,87d4f28cce4a551e3eed5d0f661219243d4b3449a8efe96f6d458f4899243c41
test_uq_esopt_5103,uq_esopt,5103,50,llm_proposal,0.3,3,1.0,70,1|3|0.3|70,True,47,0.0,3164.1414444083316,15.95167241743678,1,0.0,0.31871527433395386,1,0,29.280126571655273,benchmark_extensions/summit_snar_main_repair_20260919_v2/runs/v2/episodes/test_uq_esopt_5103/query049.json,12c3257c2553c2b374611a63031ff1c4837601653e423f83c305ef4d9ec27bbb
test_uq_esopt_5104,uq_esopt,5104,1,paired_lhs_initial_design,0.31790146587040014,3.8591472345078754,1.8289547975435245,42.00041088025908,1.8289547975435245|3.8591472345078754|0.31790146587040014|42.00041088025908,False,1,,1880.2594463633836,15.047836871582398,1,0.0,,0,0,0.24239873886108398,benchmark_extensions/summit_snar_main_repair_20260919_v2/runs/v2/episodes/test_uq_esopt_5104/query000.json,48db9a48e1644f894828fd032ce1ffeb7019db75c3495d4a99c07578b057f71e
test_uq_esopt_5104,uq_esopt,5104,2,paired_lhs_initial_design,0.3607893453399905,4.83502315773377,0.9526927618802967,54.33341214189217,0.9526927618802967|4.83502315773377|0.3607893453399905|54.33341214189217,False,2,,3915.852889081124,14.4752587281563,1,0.0,,0,0,0.2267897129058838,benchmark_extensions/summit_snar_main_repair_20260919_v2/runs/v2/episodes/test_uq_esopt_5104/query001.json,b87e2cf9ea2c2ec740948a97b3f694faae4fed8cf1e699fa22dddfcc9b4db76e
test_uq_esopt_5104,uq_esopt,5104,3,paired_lhs_initial_design,0.2376365665243462,1.9578490605696615,0.7129337102580471,103.43001655917593,0.7129337102580471|1.9578490605696615|0.2376365665243462|103.43001655917593,False,3,,3556.33524700724,19.223326187327277,1,0.0,,0,0,0.23158597946166992,benchmark_extensions/summit_snar_main_repair_20260919_v2/runs/v2/episodes/test_uq_esopt_5104/query002.json,5271f7af2a3d5109e0e3661ea83bdc537faf4cd405596ec5b8ddb8072434c9dd
test_uq_esopt_5104,uq_esopt,5104,4,paired_lhs_initial_design,0.4536484219286061,3.335432211344853,1.3455687104230876,94.24717445554151,1.3455687104230876|3.335432211344853|0.4536484219286061|94.24717445554151,False,4,,1946.0240711150989,20.880125039703653,1,0.0,,0,0,0.23317337036132812,benchmark_extensions/summit_snar_main_repair_20260919_v2/runs/v2/episodes/test_uq_esopt_5104/query003.json,8c239e666ea67f8db76a1eb14e3499b67303e8327919b5e500219d512092cefb
test_uq_esopt_5104,uq_esopt,5104,5,paired_lhs_initial_design,0.14906642618731591,1.551717619834617,1.4743808771630154,68.01227141274958,1.4743808771630154|1.551717619834617|0.14906642618731591|68.01227141274958,False,5,,1131.707597446874,28.710781801360213,1,0.0,,0,0,0.2251451015472412,benchmark_extensions/summit_snar_main_repair_20260919_v2/runs/v2/episodes/test_uq_esopt_5104/query004.json,d5e1e4c2cba3300eb1e8652b76de3cd705440431ef55d204a3d806a2e45778e9
test_uq_esopt_5104,uq_esopt,5104,6,llm_proposal,0.35,4.2,0.85,55,0.85|4.2|0.35|55,False,6,,4436.790832270928,13.978285508900976,1,0.0,0.5961011052131653,2,0,95.73099708557129,benchmark_extensions/summit_snar_main_repair_20260919_v2/runs/v2/episodes/test_uq_esopt_5104/query005.json,9493b70d5842a44d45c16946f572479bfc05a59440d5fa41b1c95609c6062961
test_uq_esopt_5104,uq_esopt,5104,7,llm_proposal,0.5,5,0.55,30,0.55|5|0.5|30,False,7,,10515.5917119573,9.748370260490134,1,0.0,0.20568911731243134,1,0,38.45286726951599,benchmark_extensions/summit_snar_main_repair_20260919_v2/runs/v2/episodes/test_uq_esopt_5104/query006.json,650b598896434e54a0fb00257a40a01c51a4f27e3a44e10bb0f68352b5f7a566
test_uq_esopt_5104,uq_esopt,5104,8,llm_proposal,0.45,4.5,0.6,35,0.6|4.5|0.45|35,False,8,,8653.264407132707,10.501974369345163,1,0.0,0.18986403942108154,1,0,37.34632134437561,benchmark_extensions/summit_snar_main_repair_20260919_v2/runs/v2/episodes/test_uq_esopt_5104/query007.json,56c957d2c220a0fd030ee86efc3d98d1f154ca29d225efb92f09a28169589ae4
test_uq_esopt_5104,uq_esopt,5104,9,llm_proposal,0.45,4.8,0.6,32,0.6|4.8|0.45|32,False,9,,8668.10878735575,10.593536550787217,1,0.0,0.23285378515720367,1,0,35.244996309280396,benchmark_extensions/summit_snar_main_repair_20260919_v2/runs/v2/episodes/test_uq_esopt_5104/query008.json,5452271dba721501f78ee5261864ce2b660b7c95795d8c0f1a17aaafaa7a64b6
test_uq_esopt_5104,uq_esopt,5104,10,llm_proposal,0.5,4.9,0.55,32,0.55|4.9|0.5|32,False,10,,10501.983278613236,9.72477974584034,0,5.0333777603661645e-06,0.10067553073167801,1,0,33.82061409950256,benchmark_extensions/summit_snar_main_repair_20260919_v2/runs/v2/episodes/test_uq_esopt_5104/query009.json,a4ea27793b005c921c5173c4ca59a603a75ca6b3d73c112d1437c6b34aafaec1
test_uq_esopt_5104,uq_esopt,5104,11,llm_proposal,0.5,5,0.5,30,0.5|5|0.5|30,False,11,,11559.605121586617,9.756260578228623,1,0.0,0.14394614100456238,1,0,31.79841661453247,benchmark_extensions/summit_snar_main_repair_20260919_v2/runs/v2/episodes/test_uq_esopt_5104/query010.json,153205c47731031cc0a600f551f934dc301eee104cd1ac2e5a187692b4e6e242
test_uq_esopt_5104,uq_esopt,5104,12,llm_proposal,0.25,3.5,1.2,45,1.2|3.5|0.25|45,False,12,,2378.7921276721586,17.617455396510127,1,0.0,0.16721998155117035,1,0,29.6714768409729,benchmark_extensions/summit_snar_main_repair_20260919_v2/runs/v2/episodes/test_uq_esopt_5104/query011.json,c51b0754588ca33b47a2bcd2719c5e33281338393fc3494d3f275055022481fe
test_uq_esopt_5104,uq_esopt,5104,13,llm_proposal,0.5,5,0.5,30,0.5|5|0.5|30,True,11,0.0,11559.605121586617,9.756260578228623,1,0.0,0.08388615399599075,1,0,29.438674688339233,benchmark_extensions/summit_snar_main_repair_20260919_v2/runs/v2/episodes/test_uq_esopt_5104/query012.json,1a11dbce8a9187a1752711d9b4d76f304eaa68943f82aa86ee247fca7e421bd5
test_uq_esopt_5104,uq_esopt,5104,14,llm_proposal,0.45,4.8,1.2,38,1.2|4.8|0.45|38,False,14,,4048.0923838412928,11.403639605548369,1,0.0,0.10490129142999649,1,0,29.66829013824463,benchmark_extensions/summit_snar_main_repair_20260919_v2/runs/v2/episodes/test_uq_esopt_5104/query013.json,6570268a9ee44c6d82397f848ec92ee4525d9fe407709c3f718b1af21f2f5fee
test_uq_esopt_5104,uq_esopt,5104,15,llm_proposal,0.5,5,0.5,30,0.5|5|0.5|30,True,11,0.0,11559.605121586617,9.756260578228623,1,0.0,0.15369912981987,1,0,28.601244926452637,benchmark_extensions/summit_snar_main_repair_20260919_v2/runs/v2/episodes/test_uq_esopt_5104/query014.json,0b4ece267c7918ccbbf4599c6350ed5bba137e48b8649cf3f21a156293390891
test_uq_esopt_5104,uq_esopt,5104,16,llm_proposal,0.35,4.5,0.8,35,0.8|4.5|0.35|35,False,16,,5044.180829431107,13.116756447549093,1,0.0,0.0511147566139698,1,0,30.57378911972046,benchmark_extensions/summit_snar_main_repair_20260919_v2/runs/v2/episodes/test_uq_esopt_5104/query015.json,cb1cc2cd483cb41da049f745f66d2a66eed932177ec8989f62f958be600230f9
test_uq_esopt_5104,uq_esopt,5104,17,llm_proposal,0.3,4.2,0.6,40,0.6|4.2|0.3|40,False,17,,5740.959180910577,15.03010637615086,1,0.0,0.0557343028485775,1,0,29.760481119155884,benchmark_extensions/summit_snar_main_repair_20260919_v2/runs/v2/episodes/test_uq_esopt_5104/query016.json,dfb7f3e5141e5b45fbf16dd9f4c9663f4f77f5d64b5690e8c88d89303b39aeb9
test_uq_esopt_5104,uq_esopt,5104,18,llm_proposal,0.35,4.0,1.0,35,1|4|0.35|35,False,18,,4026.856408903876,12.960489659375382,1,0.0,0.18483226001262665,1,0,29.449982404708862,benchmark_extensions/summit_snar_main_repair_20260919_v2/runs/v2/episodes/test_uq_esopt_5104/query017.json,1d7a4230b31e83b67760e749532441d41128fecf990f4d3ee0768a7aa0e275b4
test_uq_esopt_5104,uq_esopt,5104,19,llm_proposal,0.5,5,0.5,30,0.5|5|0.5|30,True,11,0.0,11559.605121586617,9.756260578228623,1,0.0,0.23271802067756653,1,0,28.87307095527649,benchmark_extensions/summit_snar_main_repair_20260919_v2/runs/v2/episodes/test_uq_esopt_5104/query018.json,c5091cd90e98f422423a5c896218c00b677d24d6bc3b1c78775125ab9a900892
test_uq_esopt_5104,uq_esopt,5104,20,llm_proposal,0.5,5,0.5,30,0.5|5|0.5|30,True,11,0.0,11559.605121586617,9.756260578228623,1,0.0,0.17464779317378998,1,0,29.695377111434937,benchmark_extensions/summit_snar_main_repair_20260919_v2/runs/v2/episodes/test_uq_esopt_5104/query019.json,1b06f0745a8f118183ce47a70126bf3d48992ec842bf241882cefcc87e35613a
test_uq_esopt_5104,uq_esopt,5104,21,llm_proposal,0.35,3.5,0.8,45,0.8|3.5|0.35|45,False,21,,5010.145192948561,12.839020122110185,1,0.0,0.07945626229047775,1,0,30.7548611164093,benchmark_extensions/summit_snar_main_repair_20260919_v2/runs/v2/episodes/test_uq_esopt_5104/query020.json,15a7d75500db0031896f50a24c444cc463a871edc01e9d46f6d1b617b06596be
test_uq_esopt_5104,uq_esopt,5104,22,llm_proposal,0.5,5,0.55,30,0.55|5|0.5|30,True,7,0.0,10515.5917119573,9.748370260490134,1,0.0,0.07556435465812683,1,0,30.93815779685974,benchmark_extensions/summit_snar_main_repair_20260919_v2/runs/v2/episodes/test_uq_esopt_5104/query021.json,4f853bbf65368b250178307dbc1555352ca28439854af8fbc393f91fa0e857cd
test_uq_esopt_5104,uq_esopt,5104,23,llm_proposal,0.5,5,0.55,30,0.55|5|0.5|30,True,7,0.0,10515.5917119573,9.748370260490134,1,0.0,0.19247806072235107,1,0,29.30080509185791,benchmark_extensions/summit_snar_main_repair_20260919_v2/runs/v2/episodes/test_uq_esopt_5104/query022.json,56f47e1ca3a3e84d27910ffbd5cd0b4c4c2469d1d71e59f7451b932ed6c5b603
test_uq_esopt_5104,uq_esopt,5104,24,llm_proposal,0.5,5,0.6,30,0.6|5|0.5|30,False,24,,9630.51727782547,9.757446269012698,1,0.0,0.07299350202083588,1,0,29.396255493164062,benchmark_extensions/summit_snar_main_repair_20260919_v2/runs/v2/episodes/test_uq_esopt_5104/query023.json,60f9495525f1909add4d6bcccd4ff9a6f576115044afa6f6f58fb771c6406b6c
test_uq_esopt_5104,uq_esopt,5104,25,llm_proposal,0.4,4,0.75,60,0.75|4|0.4|60,False,25,,5628.856970971305,12.606946722782435,1,0.0,0.0431952066719532,1,0,30.75241756439209,benchmark_extensions/summit_snar_main_repair_20260919_v2/runs/v2/episodes/test_uq_esopt_5104/query024.json,ad7edf99f8eacf98762f2a94395e22056e73af5603776d1fde8fa23cb9b3821a
test_uq_esopt_5104,uq_esopt,5104,26,llm_proposal,0.5,5,0.55,30,0.55|5|0.5|30,True,7,0.0,10515.5917119573,9.748370260490134,1,0.0,0.413361519575119,1,0,28.53320837020874,benchmark_extensions/summit_snar_main_repair_20260919_v2/runs/v2/episodes/test_uq_esopt_5104/query025.json,f3b23e794b4322a61d366794c0a46becb7bb3cbe7aad3b8f303aa6d23e12f006
test_uq_esopt_5104,uq_esopt,5104,27,llm_proposal,0.45,4.8,0.65,55,0.65|4.8|0.45|55,False,27,,7310.214986915935,11.678355001871319,1,0.0,0.060476742684841156,1,0,31.582154035568237,benchmark_extensions/summit_snar_main_repair_20260919_v2/runs/v2/episodes/test_uq_esopt_5104/query026.json,7212ed7c6a37dc7a1d54bdf21e1c3bb1824c259267f0aedfd8c46180f1d496cd
test_uq_esopt_5104,uq_esopt,5104,28,llm_proposal,0.25,3,1.2,75,1.2|3|0.25|75,False,28,,2133.0580519814876,19.54174421530826,1,0.0,0.05254408344626427,1,0,29.75129222869873,benchmark_extensions/summit_snar_main_repair_20260919_v2/runs/v2/episodes/test_uq_esopt_5104/query027.json,d0bdd64bb2915786ce213f313bfe0c6a2bb6bbf44a6663dde781f363b765bef8
test_uq_esopt_5104,uq_esopt,5104,29,llm_proposal,0.5,5,0.5,30,0.5|5|0.5|30,True,11,0.0,11559.605121586617,9.756260578228623,1,0.0,0.16658475995063782,1,0,29.65314793586731,benchmark_extensions/summit_snar_main_repair_20260919_v2/runs/v2/episodes/test_uq_esopt_5104/query028.json,ca53b53b15e274f80ce1ae27f0b785e442569cc890f28655e2f10c5a15afec78
test_uq_esopt_5104,uq_esopt,5104,30,llm_proposal,0.5,5,0.5,30,0.5|5|0.5|30,True,11,0.0,11559.605121586617,9.756260578228623,1,0.0,0.4353945851325989,1,0,28.890126943588257,benchmark_extensions/summit_snar_main_repair_20260919_v2/runs/v2/episodes/test_uq_esopt_5104/query029.json,ad394a7b12a8a9b1ac46d287e38d9c0a859c2a49acf335e8806b70c07e15b1cc
test_uq_esopt_5104,uq_esopt,5104,31,llm_proposal,0.5,5,0.5,30,0.5|5|0.5|30,True,11,0.0,11559.605121586617,9.756260578228623,1,0.0,0.37447524070739746,1,0,28.761739492416382,benchmark_extensions/summit_snar_main_repair_20260919_v2/runs/v2/episodes/test_uq_esopt_5104/query030.json,a9da534a578280e471ecadcd6ac541bc4cbb79fca7731e4bae97c821ae38d0fe
test_uq_esopt_5104,uq_esopt,5104,32,llm_proposal,0.45,4.5,0.8,60,0.8|4.5|0.45|60,False,32,,5612.298622010719,12.283434290177825,1,0.0,0.038042761385440826,1,0,30.364877700805664,benchmark_extensions/summit_snar_main_repair_20260919_v2/runs/v2/episodes/test_uq_esopt_5104/query031.json,ed4aee9b4e0d74f060af1b60110e314bb07b957aa66b17ecb328ef780a0a1e49
test_uq_esopt_5104,uq_esopt,5104,33,llm_proposal,0.5,5,0.5,30,0.5|5|0.5|30,True,11,0.0,11559.605121586617,9.756260578228623,1,0.0,0.16751961410045624,1,0,29.308248043060303,benchmark_extensions/summit_snar_main_repair_20260919_v2/runs/v2/episodes/test_uq_esopt_5104/query032.json,b808b5785b91217a8841985cce56b39260928516fd61715795ecdf8fe68962b4
test_uq_esopt_5104,uq_esopt,5104,34,llm_proposal,0.4,4,1.0,45,1|4|0.4|45,False,34,,4413.977490464264,12.018387887282927,1,0.0,0.047932811081409454,1,0,29.879382610321045,benchmark_extensions/summit_snar_main_repair_20260919_v2/runs/v2/episodes/test_uq_esopt_5104/query033.json,c77fa657bc1a62a80c892e77ffa5eab8a1f342244ff482b925c4567ff3b332cf
test_uq_esopt_5104,uq_esopt,5104,35,llm_proposal,0.3,3,1.5,80,1.5|3|0.3|80,False,35,,1797.2139662405402,18.8788860567869,1,0.0,0.05427088588476181,1,0,30.45939826965332,benchmark_extensions/summit_snar_main_repair_20260919_v2/runs/v2/episodes/test_uq_esopt_5104/query034.json,2c03cd6178a3a6231b4245516551c41e41c0f03b98afc2fee5dddc87afd77910
test_uq_esopt_5104,uq_esopt,5104,36,llm_proposal,0.25,3,0.6,60,0.6|3|0.25|60,False,36,,4768.380812944978,17.391285766202586,1,0.0,0.04081358760595322,1,0,31.127946138381958,benchmark_extensions/summit_snar_main_repair_20260919_v2/runs/v2/episodes/test_uq_esopt_5104/query035.json,baa149118db2c33e26cb21d83876dd37a33d35436b3ef460f3e6e50193efb4a3
test_uq_esopt_5104,uq_esopt,5104,37,llm_proposal,0.5,5,0.5,30,0.5|5|0.5|30,True,11,0.0,11559.605121586617,9.756260578228623,1,0.0,0.17761796712875366,1,0,29.658276081085205,benchmark_extensions/summit_snar_main_repair_20260919_v2/runs/v2/episodes/test_uq_esopt_5104/query036.json,9812f526dc47842573fef0a50dc06d9fabf9bd357011967492ca61bdf67762f1
test_uq_esopt_5104,uq_esopt,5104,38,llm_proposal,0.45,4.5,0.6,50,0.6|4.5|0.45|50,False,38,,8285.485861305515,11.006760439392202,1,0.0,0.20176449418067932,1,0,29.26011562347412,benchmark_extensions/summit_snar_main_repair_20260919_v2/runs/v2/episodes/test_uq_esopt_5104/query037.json,6d298324dce8bc5a31755d5ce3a8a972ae2522c9dc602f16862d87c5ac441e18
test_uq_esopt_5104,uq_esopt,5104,39,llm_proposal,0.35,2,1.2,70,1.2|2|0.35|70,False,39,,3202.620009460371,12.845218797227766,1,0.0,0.08646272867918015,1,0,30.00782084465027,benchmark_extensions/summit_snar_main_repair_20260919_v2/runs/v2/episodes/test_uq_esopt_5104/query038.json,a991c0281719c47f2be5030bb642691092fe4f75e48a863cb2b8904caee92f49
test_uq_esopt_5104,uq_esopt,5104,40,llm_proposal,0.45,4.5,1.2,50,1.2|4.5|0.45|50,False,40,,3762.980163992922,12.208283651084988,1,0.0,0.2118816077709198,1,0,28.86803674697876,benchmark_extensions/summit_snar_main_repair_20260919_v2/runs/v2/episodes/test_uq_esopt_5104/query039.json,8409c5118f247a3fe822f39fa37553407131af53ca0ed4660c54b8d039da52bf
test_uq_esopt_5104,uq_esopt,5104,41,llm_proposal,0.5,5,0.5,30,0.5|5|0.5|30,True,11,0.0,11559.605121586617,9.756260578228623,1,0.0,0.5783320665359497,2,0,57.18122386932373,benchmark_extensions/summit_snar_main_repair_20260919_v2/runs/v2/episodes/test_uq_esopt_5104/query040.json,c2826274949413ae12bda7c49392fdacd21777799db08b54000f1fda66d46676
test_uq_esopt_5104,uq_esopt,5104,42,llm_proposal,0.5,5,0.5,30,0.5|5|0.5|30,True,11,0.0,11559.605121586617,9.756260578228623,1,0.0,0.1156022772192955,1,0,29.97965145111084,benchmark_extensions/summit_snar_main_repair_20260919_v2/runs/v2/episodes/test_uq_esopt_5104/query041.json,f5de9b34f838999a8c983a3131acd356962871db97aabe448eb9f5398b32039b
test_uq_esopt_5104,uq_esopt,5104,43,llm_proposal,0.3,3.0,1.0,60,1|3|0.3|60,False,43,,3315.7216781367906,15.18138783686532,1,0.0,0.06414730846881866,1,0,29.272470235824585,benchmark_extensions/summit_snar_main_repair_20260919_v2/runs/v2/episodes/test_uq_esopt_5104/query042.json,5168f4c6966f0f66c1eff63bdc5987e3c99737093abecce977c73fe5f32c45dd
test_uq_esopt_5104,uq_esopt,5104,44,llm_proposal,0.5,5,0.7,30,0.7|5|0.5|30,False,44,,8216.772843271425,9.805981042343202,1,0.0,0.09215378761291504,1,0,30.634970903396606,benchmark_extensions/summit_snar_main_repair_20260919_v2/runs/v2/episodes/test_uq_esopt_5104/query043.json,20553ac69493922155e18de25077d831e0cca1919482a7df95736ce8accb41f7
test_uq_esopt_5104,uq_esopt,5104,45,llm_proposal,0.5,5,0.5,30,0.5|5|0.5|30,True,11,0.0,11559.605121586617,9.756260578228623,1,0.0,0.1822245866060257,1,0,30.17348313331604,benchmark_extensions/summit_snar_main_repair_20260919_v2/runs/v2/episodes/test_uq_esopt_5104/query044.json,a85e1df57ec5019f21ab5bda6928e6786819e68e8f36549d56e4604cffe4fec2
test_uq_esopt_5104,uq_esopt,5104,46,llm_proposal,0.5,5,0.5,30,0.5|5|0.5|30,True,11,0.0,11559.605121586617,9.756260578228623,1,0.0,0.10404549539089203,1,0,29.466638803482056,benchmark_extensions/summit_snar_main_repair_20260919_v2/runs/v2/episodes/test_uq_esopt_5104/query045.json,309284c6fa74bc94919ebc0ed4a242046bbb185cd85bf1cd17c05eda120ae9d1
test_uq_esopt_5104,uq_esopt,5104,47,llm_proposal,0.3,3,1.5,80,1.5|3|0.3|80,True,35,0.0,1797.2139662405402,18.8788860567869,1,0.0,0.054962705820798874,1,0,30.869618892669678,benchmark_extensions/summit_snar_main_repair_20260919_v2/runs/v2/episodes/test_uq_esopt_5104/query046.json,ae15f8f414071ece29e8be16946bb18097495ede1cf44c43a0e99b91a3865fe3
test_uq_esopt_5104,uq_esopt,5104,48,llm_proposal,0.3,4,1.0,40,1|4|0.3|40,False,48,,3437.064912780018,14.986536223747088,1,0.0,0.06908294558525085,1,0,28.540528059005737,benchmark_extensions/summit_snar_main_repair_20260919_v2/runs/v2/episodes/test_uq_esopt_5104/query047.json,f87c132fd516e690e4383b5257fd60f83ab695b2869aee7f8ecca6cb4676c7b2
test_uq_esopt_5104,uq_esopt,5104,49,llm_proposal,0.45,4,0.6,40,0.6|4|0.45|40,False,49,,8624.666781382244,10.35393595958555,1,0.0,0.18595153093338013,1,0,30.11025381088257,benchmark_extensions/summit_snar_main_repair_20260919_v2/runs/v2/episodes/test_uq_esopt_5104/query048.json,ff199ada46d0b1aa9b73630f8a1282a97bbd1b15d7d8f2691f1e30302c27c1f1
test_uq_esopt_5104,uq_esopt,5104,50,llm_proposal,0.5,5,0.5,30,0.5|5|0.5|30,True,11,0.0,11559.605121586617,9.756260578228623,1,0.0,0.18234014511108398,1,0,28.40825891494751,benchmark_extensions/summit_snar_main_repair_20260919_v2/runs/v2/episodes/test_uq_esopt_5104/query049.json,62c6e2f21e89187c9779be7ff565c118ac3a9fd04fcea3fcd074589d114e2f8f
test_uq_esopt_5105,uq_esopt,5105,1,paired_lhs_initial_design,0.30133809026992875,3.7476985375999354,1.729886535208109,43.498235245511495,1.729886535208109|3.7476985375999354|0.30133809026992875|43.498235245511495,False,1,,1901.020549992376,15.61456997026866,1,0.0,,0,0,0.23580598831176758,benchmark_extensions/summit_snar_main_repair_20260919_v2/runs/v2/episodes/test_uq_esopt_5105/query000.json,7811818de7db14b7fc3b62b37a45ed5d032efe846d9681bf741df44ee2b1df6f
test_uq_esopt_5105,uq_esopt,5105,2,paired_lhs_initial_design,0.1435239924839975,4.8406249969701545,0.5498809545556314,50.105838362299764,0.5498809545556314|4.8406249969701545|0.1435239924839975|50.105838362299764,False,2,,2930.8864871713076,30.959099185565478,1,0.0,,0,0,0.2036428451538086,benchmark_extensions/summit_snar_main_repair_20260919_v2/runs/v2/episodes/test_uq_esopt_5105/query001.json,33b008f222bf6f1707fb2feafbbd4854a7eff68fd38eb6a628172ac2f192c1a5
test_uq_esopt_5105,uq_esopt,5105,3,paired_lhs_initial_design,0.4148181718371373,1.6603317909504258,1.31165211587873,90.78141711015381,1.31165211587873|1.6603317909504258|0.4148181718371373|90.78141711015381,False,3,,3227.517835569385,11.675925899671897,1,0.0,,0,0,0.19807052612304688,benchmark_extensions/summit_snar_main_repair_20260919_v2/runs/v2/episodes/test_uq_esopt_5105/query002.json,f21ec2f2f7586122f203c8bba331ee678fb47cc436ae89288f91f2f109cb01d7
test_uq_esopt_5105,uq_esopt,5105,4,paired_lhs_initial_design,0.2363098107685855,2.8844990673666073,1.410783746863957,112.49717179699385,1.410783746863957|2.8844990673666073|0.2363098107685855|112.49717179699385,False,4,,1121.5089210640303,31.923355237241246,1,0.0,,0,0,0.20463228225708008,benchmark_extensions/summit_snar_main_repair_20260919_v2/runs/v2/episodes/test_uq_esopt_5105/query003.json,0ccb5d0191ec7b8db2ee811930e0d371a1667f7ce6a2db774119391bf6b955b5
test_uq_esopt_5105,uq_esopt,5105,5,paired_lhs_initial_design,0.4534370989647384,2.2225073912184032,0.9824813443306806,71.36682877109017,0.9824813443306806|2.2225073912184032|0.4534370989647384|71.36682877109017,False,5,,4897.515487574585,10.50462456830152,1,0.0,,0,0,0.2013862133026123,benchmark_extensions/summit_snar_main_repair_20260919_v2/runs/v2/episodes/test_uq_esopt_5105/query004.json,f681444a02663e2027304b63878db09e311cb98d85de68386f0cb6853c7be55b
test_uq_esopt_5105,uq_esopt,5105,6,llm_proposal,0.4,2.5,1.5,85,1.5|2.5|0.4|85,False,6,,2284.000670613575,14.996097741157945,1,0.0,0.4834432005882263,2,0,91.160724401474,benchmark_extensions/summit_snar_main_repair_20260919_v2/runs/v2/episodes/test_uq_esopt_5105/query005.json,3cdde6b67885a0069c340ca59fa03c0cb3cd84939f0b0d0056458d06d6e40c24
test_uq_esopt_5105,uq_esopt,5105,7,llm_proposal,0.42,2.8,1.1,88,1.1|2.8|0.42|88,False,7,,3220.1572875116344,14.727016002876601,1,0.0,0.6017998456954956,2,0,76.9883816242218,benchmark_extensions/summit_snar_main_repair_20260919_v2/runs/v2/episodes/test_uq_esopt_5105/query006.json,1fcdb21871c59e8f0c81fc9e3fe0f57bc15e6e4cc5ba5799ce170a11677b4db8
test_uq_esopt_5105,uq_esopt,5105,8,llm_proposal,0.5,5,0.6,30,0.6|5|0.5|30,False,8,,9630.51727782547,9.757446269012698,1,0.0,0.38836225867271423,1,0,37.628013610839844,benchmark_extensions/summit_snar_main_repair_20260919_v2/runs/v2/episodes/test_uq_esopt_5105/query007.json,27335e64b010c33ed0983998e6eb1c539dd23b271462189bc95e6f69767a7e1b
test_uq_esopt_5105,uq_esopt,5105,9,llm_proposal,0.35,3.5,1.5,65,1.5|3.5|0.35|65,False,9,,2209.270001670797,15.716084266705844,1,0.0,0.43686211109161377,2,0,68.30035066604614,benchmark_extensions/summit_snar_main_repair_20260919_v2/runs/v2/episodes/test_uq_esopt_5105/query008.json,89a762ffeb5f8b6dc45a6c3973e120b61e2f1051c9782e5b7a0ce40ea6d98651
test_uq_esopt_5105,uq_esopt,5105,10,llm_proposal,0.5,4,1.0,30,1|4|0.5|30,False,10,,5731.497434570788,9.471330853379545,1,0.0,0.22404071688652039,1,0,32.72668194770813,benchmark_extensions/summit_snar_main_repair_20260919_v2/runs/v2/episodes/test_uq_esopt_5105/query009.json,3ac223df74fa047233fc6ca8ee346dd7234719daa104b3b76124846635a3d2d7
test_uq_esopt_5105,uq_esopt,5105,11,llm_proposal,0.48,4.5,0.8,35,0.8|4.5|0.48|35,False,11,,6821.9639042878825,10.090701214321722,1,0.0,0.2269272655248642,1,0,31.98629117012024,benchmark_extensions/summit_snar_main_repair_20260919_v2/runs/v2/episodes/test_uq_esopt_5105/query010.json,c3df2983104210475dcab1f3a4e768bd163e1edc66d4300a08debd6fd9ef424f
test_uq_esopt_5105,uq_esopt,5105,12,llm_proposal,0.5,5,0.6,30,0.6|5|0.5|30,True,8,0.0,9630.51727782547,9.757446269012698,1,0.0,0.49481040239334106,1,0,29.99846839904785,benchmark_extensions/summit_snar_main_repair_20260919_v2/runs/v2/episodes/test_uq_esopt_5105/query011.json,e9f7762603f0c0d3f5206b42d0ab236ace2a46db682da44d2fb40a6b6365e92b
test_uq_esopt_5105,uq_esopt,5105,13,llm_proposal,0.5,5,0.55,30,0.55|5|0.5|30,False,13,,10515.5917119573,9.748370260490134,1,0.0,0.4110301733016968,1,0,29.134724617004395,benchmark_extensions/summit_snar_main_repair_20260919_v2/runs/v2/episodes/test_uq_esopt_5105/query012.json,503f8ef50800558d2e03b00eeb6c6fe33bf9dd3c591c4d51cc831b71ae5205b0
test_uq_esopt_5105,uq_esopt,5105,14,llm_proposal,0.45,4.8,0.55,32,0.55|4.8|0.45|32,False,14,,9454.826031723293,10.595900081640854,1,0.0,0.11662491410970688,1,0,30.61797785758972,benchmark_extensions/summit_snar_main_repair_20260919_v2/runs/v2/episodes/test_uq_esopt_5105/query013.json,40a130765e4b979676eca4d0903675cb3b5f4ab5f70252aeddab7d5bf2e8d09c
test_uq_esopt_5105,uq_esopt,5105,15,explicit_invalid_fallback,0.49959793814534825,3.9575304422517803,0.8481992186930971,63.46600419447424,0.8481992186930971|3.9575304422517803|0.49959793814534825|63.46600419447424,False,15,,5712.71290489104,11.346597421158764,1,0.0,,2,2,6.925179958343506,benchmark_extensions/summit_snar_main_repair_20260919_v2/runs/v2/episodes/test_uq_esopt_5105/query014.json,d9a0aa98310a44131da37b98a4c6250fee52bdda432d635fe2f7ea28e96be91d
test_uq_esopt_5105,uq_esopt,5105,16,llm_proposal,0.5,5,0.5,30,0.5|5|0.5|30,False,16,,11559.605121586617,9.756260578228623,1,0.0,0.23822788894176483,1,0,30.8521511554718,benchmark_extensions/summit_snar_main_repair_20260919_v2/runs/v2/episodes/test_uq_esopt_5105/query015.json,682e0aff26f8978bfab1e78fc4e24bd64dcc51b53cd95996e13302b6be3c3bc3
test_uq_esopt_5105,uq_esopt,5105,17,llm_proposal,0.5,5,0.7,30,0.7|5|0.5|30,False,17,,8216.772843271425,9.805981042343202,1,0.0,0.15076282620429993,1,0,30.213215827941895,benchmark_extensions/summit_snar_main_repair_20260919_v2/runs/v2/episodes/test_uq_esopt_5105/query016.json,0b27cdce6bbd9c3a84c69ba88592eb7fff0a0a1b1431b88291610c920ef3ccba
test_uq_esopt_5105,uq_esopt,5105,18,llm_proposal,0.5,5,0.5,30,0.5|5|0.5|30,True,16,0.0,11559.605121586617,9.756260578228623,1,0.0,0.0542072132229805,1,0,32.551450967788696,benchmark_extensions/summit_snar_main_repair_20260919_v2/runs/v2/episodes/test_uq_esopt_5105/query017.json,e4e75bbd2879fcf5b52f67937424f42c0d72618c4d2264eb04ef549302bf41b6
test_uq_esopt_5105,uq_esopt,5105,19,llm_proposal,0.25,3.0,1.2,60,1.2|3|0.25|60,False,19,,2302.643315997856,18.036386090779306,1,0.0,0.07360672205686569,1,0,32.56276822090149,benchmark_extensions/summit_snar_main_repair_20260919_v2/runs/v2/episodes/test_uq_esopt_5105/query018.json,0fdd157a01193634fe8e0fd8c59255386a7ccd93bc5470a438f34df0b3078f06
test_uq_esopt_5105,uq_esopt,5105,20,llm_proposal,0.48,4.8,0.55,32,0.55|4.8|0.48|32,False,20,,10087.567833178115,10.02369641831151,1,0.0,0.06491218507289886,1,0,33.67277002334595,benchmark_extensions/summit_snar_main_repair_20260919_v2/runs/v2/episodes/test_uq_esopt_5105/query019.json,2223ffb39ca45ac3ac3ce290265553ba7873a0049c413f5434f9bc05029f96aa
test_uq_esopt_5105,uq_esopt,5105,21,llm_proposal,0.5,5,0.5,30,0.5|5|0.5|30,True,16,0.0,11559.605121586617,9.756260578228623,1,0.0,0.2328270524740219,1,0,32.09436917304993,benchmark_extensions/summit_snar_main_repair_20260919_v2/runs/v2/episodes/test_uq_esopt_5105/query020.json,b204ced53bde2a5674a8532df97c1890a649945b61dbe1e4399a7ac6bc4e94d1
test_uq_esopt_5105,uq_esopt,5105,22,llm_proposal,0.35,3.5,1.0,45,1|3.5|0.35|45,False,22,,3961.684109060083,12.999474411039069,1,0.0,0.08524087816476822,1,0,30.172939777374268,benchmark_extensions/summit_snar_main_repair_20260919_v2/runs/v2/episodes/test_uq_esopt_5105/query021.json,ed39f24a61c106765a18462317b9c8c10eb225e00fdf362c04ea637cea7747cd
test_uq_esopt_5105,uq_esopt,5105,23,llm_proposal,0.5,5,0.6,30,0.6|5|0.5|30,True,8,0.0,9630.51727782547,9.757446269012698,1,0.0,0.0821639820933342,1,0,30.985638856887817,benchmark_extensions/summit_snar_main_repair_20260919_v2/runs/v2/episodes/test_uq_esopt_5105/query022.json,7b7eb3310cb56c707f4c91bde215fb6bf2bbe89ee66f48cd3518a66bc7b027fd
test_uq_esopt_5105,uq_esopt,5105,24,llm_proposal,0.35,4.5,0.8,50,0.8|4.5|0.35|50,False,24,,4815.805555867873,13.780354902272077,1,0.0,0.10162761807441711,1,0,30.051719665527344,benchmark_extensions/summit_snar_main_repair_20260919_v2/runs/v2/episodes/test_uq_esopt_5105/query023.json,8002e55592d869bfe1cb2a5c0dbfcbb5f2d8aa400699ef8e650475f9a8be6608
test_uq_esopt_5105,uq_esopt,5105,25,llm_proposal,0.5,5.0,1.0,30,1|5|0.5|30,False,25,,5628.728935396031,10.039437768988842,1,0.0,0.24863268435001373,1,0,29.558806657791138,benchmark_extensions/summit_snar_main_repair_20260919_v2/runs/v2/episodes/test_uq_esopt_5105/query024.json,f4c6ffe00aeb3808ef6a3522cb2ad8b83a3baf867749f8d3b6f175f05b139529
test_uq_esopt_5105,uq_esopt,5105,26,llm_proposal,0.5,5,0.5,30,0.5|5|0.5|30,True,16,0.0,11559.605121586617,9.756260578228623,1,0.0,0.32808443903923035,1,0,29.88731837272644,benchmark_extensions/summit_snar_main_repair_20260919_v2/runs/v2/episodes/test_uq_esopt_5105/query025.json,7de5c942bc1e5c4f7fb8a42732734de718a511de22c1e8e74329fde142d535a2
test_uq_esopt_5105,uq_esopt,5105,27,llm_proposal,0.5,5,0.5,30,0.5|5|0.5|30,True,16,0.0,11559.605121586617,9.756260578228623,1,0.0,0.10531342774629593,1,0,30.94114112854004,benchmark_extensions/summit_snar_main_repair_20260919_v2/runs/v2/episodes/test_uq_esopt_5105/query026.json,39bbf5d9df34f71f7057657f24e45fff91c430aa69b7c042d887c0dbafd423c0
test_uq_esopt_5105,uq_esopt,5105,28,llm_proposal,0.4,4.5,0.6,40,0.6|4.5|0.4|40,False,28,,7659.413238499779,11.694276859010374,1,0.0,0.129181906580925,1,0,29.120426177978516,benchmark_extensions/summit_snar_main_repair_20260919_v2/runs/v2/episodes/test_uq_esopt_5105/query027.json,d8ddfb00d6744c028fb2508478208ddeeea771ea75c4e1c114c872793b87e4be
test_uq_esopt_5105,uq_esopt,5105,29,llm_proposal,0.35,4.5,1.2,40,1.2|4.5|0.35|40,False,29,,3229.5298892056812,13.693958952014501,1,0.0,0.11852990835905075,1,0,29.61219048500061,benchmark_extensions/summit_snar_main_repair_20260919_v2/runs/v2/episodes/test_uq_esopt_5105/query028.json,d319e23304c3b96e503ebfdcfc0fd11f12247ce955258bd2e9639c5d0ea3b627
test_uq_esopt_5105,uq_esopt,5105,30,llm_proposal,0.48,4.5,0.55,30,0.55|4.5|0.48|30,False,30,,10070.000853787522,9.933628326809556,1,0.0,0.4594649076461792,1,0,29.411487817764282,benchmark_extensions/summit_snar_main_repair_20260919_v2/runs/v2/episodes/test_uq_esopt_5105/query029.json,36a717fc7f0e845d4ae4c5328369ff5c3fb251eca479a64a3863e276aaead3c4
test_uq_esopt_5105,uq_esopt,5105,31,llm_proposal,0.4,4.0,1.0,40,1|4|0.4|40,False,31,,4505.0341039990535,11.757335367217802,1,0.0,0.1038617193698883,1,0,29.563229084014893,benchmark_extensions/summit_snar_main_repair_20260919_v2/runs/v2/episodes/test_uq_esopt_5105/query030.json,ab64abdd386145ad4223025a5ee476bd601501d920f2af40ba6d627d58c87291
test_uq_esopt_5105,uq_esopt,5105,32,llm_proposal,0.45,4.2,0.8,45,0.8|4.2|0.45|45,False,32,,6231.874597823075,10.857250196331657,1,0.0,0.07459337264299393,1,0,30.03998899459839,benchmark_extensions/summit_snar_main_repair_20260919_v2/runs/v2/episodes/test_uq_esopt_5105/query031.json,dbaf47fc25124260e8c0721ccced023faad88101870ed2bd3f016ff9da3b536b
test_uq_esopt_5105,uq_esopt,5105,33,llm_proposal,0.45,4.5,1.0,45,1|4.5|0.45|45,False,33,,4816.832751315118,11.388489183986433,1,0.0,0.0763692781329155,1,0,30.4313383102417,benchmark_extensions/summit_snar_main_repair_20260919_v2/runs/v2/episodes/test_uq_esopt_5105/query032.json,7a2f6762106b428a561e79d2f550c70387de8374b08de9d1a569d3dd6808dc35
test_uq_esopt_5105,uq_esopt,5105,34,llm_proposal,0.5,5,0.55,30,0.55|5|0.5|30,True,13,0.0,10515.5917119573,9.748370260490134,1,0.0,0.169623464345932,1,0,31.01661229133606,benchmark_extensions/summit_snar_main_repair_20260919_v2/runs/v2/episodes/test_uq_esopt_5105/query033.json,ea432e5d735b5c57ba6587ff92a04586795c380df8a2181472b688dd3fde1df0
test_uq_esopt_5105,uq_esopt,5105,35,llm_proposal,0.45,4.0,1.5,50,1.5|4|0.45|50,False,35,,2971.423927904316,12.164735638196605,1,0.0,0.13935153186321259,1,0,29.65527606010437,benchmark_extensions/summit_snar_main_repair_20260919_v2/runs/v2/episodes/test_uq_esopt_5105/query034.json,382a6ed3c12e90cc42e7fe4840c8043859c2ab15838b7be09f7968016893e52e
test_uq_esopt_5105,uq_esopt,5105,36,llm_proposal,0.5,5,0.5,30,0.5|5|0.5|30,True,16,0.0,11559.605121586617,9.756260578228623,1,0.0,0.2194925844669342,1,0,30.216909885406494,benchmark_extensions/summit_snar_main_repair_20260919_v2/runs/v2/episodes/test_uq_esopt_5105/query035.json,3c2c9e0a018db26f2c2e86849a6ab946bb158303d1fbce199474c8c8f4ad4994
test_uq_esopt_5105,uq_esopt,5105,37,llm_proposal,0.48,4.8,1.2,42,1.2|4.8|0.48|42,False,37,,4169.042218138947,11.212301026236101,1,0.0,0.15125425159931183,1,0,29.419201135635376,benchmark_extensions/summit_snar_main_repair_20260919_v2/runs/v2/episodes/test_uq_esopt_5105/query036.json,e6a430008c06862f9094afe3308efb6dc11e0786992810cf19bc4cb118a6741e
test_uq_esopt_5105,uq_esopt,5105,38,llm_proposal,0.5,5,0.5,30,0.5|5|0.5|30,True,16,0.0,11559.605121586617,9.756260578228623,1,0.0,0.14500975608825684,1,0,30.250219583511353,benchmark_extensions/summit_snar_main_repair_20260919_v2/runs/v2/episodes/test_uq_esopt_5105/query037.json,32f5fcfda4f8a721a25594248a13d8c57bc9463c2047ca07b285890a8443735d
test_uq_esopt_5105,uq_esopt,5105,39,llm_proposal,0.48,5.0,0.55,102,0.55|5|0.48|102,False,39,,4957.3240134718235,21.47410814783791,1,0.0,0.1496409773826599,1,0,29.48855686187744,benchmark_extensions/summit_snar_main_repair_20260919_v2/runs/v2/episodes/test_uq_esopt_5105/query038.json,145d2062fe069f051c3cffe9abe71af00fc4089c847207d788ac95e4d5638481
test_uq_esopt_5105,uq_esopt,5105,40,llm_proposal,0.5,5.0,0.55,30,0.55|5|0.5|30,True,13,0.0,10515.5917119573,9.748370260490134,1,0.0,0.05240064486861229,1,0,30.467968225479126,benchmark_extensions/summit_snar_main_repair_20260919_v2/runs/v2/episodes/test_uq_esopt_5105/query039.json,cb7b55a6b2d2df9418b6521c0e83a6bf121620465e5aa74ae5fc51e0cb759a0c
test_uq_esopt_5105,uq_esopt,5105,41,llm_proposal,0.5,5,0.55,30,0.55|5|0.5|30,True,13,0.0,10515.5917119573,9.748370260490134,1,0.0,0.052184928208589554,1,0,30.006246089935303,benchmark_extensions/summit_snar_main_repair_20260919_v2/runs/v2/episodes/test_uq_esopt_5105/query040.json,a336b6c8222b0c5ce692dda8904f212a8b90ec5e6fec457353bdff2d365a4a04
test_uq_esopt_5105,uq_esopt,5105,42,llm_proposal,0.5,5,0.5,30,0.5|5|0.5|30,True,16,0.0,11559.605121586617,9.756260578228623,1,0.0,0.0789540708065033,1,0,29.696258068084717,benchmark_extensions/summit_snar_main_repair_20260919_v2/runs/v2/episodes/test_uq_esopt_5105/query041.json,9dc6dd99c0747a2e3a81989c22dbbdb98086ce4b4f2aae691b9dca6ae96a2d98
test_uq_esopt_5105,uq_esopt,5105,43,llm_proposal,0.5,5,0.5,30,0.5|5|0.5|30,True,16,0.0,11559.605121586617,9.756260578228623,1,0.0,0.15686006844043732,1,0,29.46187925338745,benchmark_extensions/summit_snar_main_repair_20260919_v2/runs/v2/episodes/test_uq_esopt_5105/query042.json,ce4ff15aff517b11b080b516af6ddb9587fb28f9d4801ba9ce42a5eb118bbc5a
test_uq_esopt_5105,uq_esopt,5105,44,llm_proposal,0.3,2,0.5,30,0.5|2|0.3|30,False,44,,4550.055698173461,22.092471654360605,1,0.0,0.0321575291454792,1,0,29.808976650238037,benchmark_extensions/summit_snar_main_repair_20260919_v2/runs/v2/episodes/test_uq_esopt_5105/query043.json,c912c4da37a8619dd0dec81e8cc3c702cf46928d6a096680f378a9ac337d795e
test_uq_esopt_5105,uq_esopt,5105,45,llm_proposal,0.45,4,0.6,35,0.6|4|0.45|35,False,45,,8656.867128867834,10.313632437753988,1,0.0,0.07479316741228104,1,0,29.20898175239563,benchmark_extensions/summit_snar_main_repair_20260919_v2/runs/v2/episodes/test_uq_esopt_5105/query044.json,cac0bbc8e687c9f65a7382a40d1f3a8ddd4cb37b8e0944a084411bcf2c8b5d38
test_uq_esopt_5105,uq_esopt,5105,46,llm_proposal,0.35,3,0.75,45,0.75|3|0.35|45,False,46,,5367.878597409622,12.594703713571159,1,0.0,0.03992367908358574,1,0,29.67630696296692,benchmark_extensions/summit_snar_main_repair_20260919_v2/runs/v2/episodes/test_uq_esopt_5105/query045.json,659f310641a622f77d066f9dbdd7ee591a1fb03491815615aca088895fc557ad
test_uq_esopt_5105,uq_esopt,5105,47,llm_proposal,0.4,4,0.8,50,0.8|4|0.4|50,False,47,,5514.135086857314,12.026238731740964,1,0.0,0.059996362775564194,1,0,30.91160273551941,benchmark_extensions/summit_snar_main_repair_20260919_v2/runs/v2/episodes/test_uq_esopt_5105/query046.json,1afc4e710e3a2c5e7100c464539530bf03eb3f2988b21f09427657726b53507f
test_uq_esopt_5105,uq_esopt,5105,48,llm_proposal,0.42,4.8,0.55,38,0.55|4.8|0.42|38,False,48,,8791.204919369233,11.290777754633293,1,0.0,0.48601582646369934,1,0,29.341741800308228,benchmark_extensions/summit_snar_main_repair_20260919_v2/runs/v2/episodes/test_uq_esopt_5105/query047.json,7d4c33ae707ec199322780a8748ef989e9da900a5505edb07e149d38a9f3ba64
test_uq_esopt_5105,uq_esopt,5105,49,llm_proposal,0.48,5.0,0.55,102,0.55|5|0.48|102,True,39,0.0,4957.3240134718235,21.47410814783791,1,0.0,0.1747957170009613,1,0,30.55262017250061,benchmark_extensions/summit_snar_main_repair_20260919_v2/runs/v2/episodes/test_uq_esopt_5105/query048.json,0c64fc4f51a02f19233b100a21de35655cdc50d66acbac4ac53912dcf9d6fd5c
test_uq_esopt_5105,uq_esopt,5105,50,llm_proposal,0.45,3.0,1.0,45,1|3|0.45|45,False,50,,5081.549287141692,10.181705490397428,1,0.0,0.37868532538414,2,0,58.608630418777466,benchmark_extensions/summit_snar_main_repair_20260919_v2/runs/v2/episodes/test_uq_esopt_5105/query049.json,3fa7583157eec847bd765a9b047e72f735a257bc28fb0bab962a7a2325e684e9
