job_id,task_id,budget,seed,arm,status,SUN,AUDC,mSUN,selected_generation,model_state_hash,result_sha256,receipt_sha256,failure_sha256
component-final-32355a4d9bcc6137d52ada7b,Al-Li-V,10,2,baseline_reference,accepted,0,0.0,0.0,0,6a308686126804830c81a7d2a3495feda3b3a13b074b9958e0e6026759826516,ecd5adb1d0b577a0f9a373827a2d6ad371861e99c56a97d93ed3a585a76edf97,59c4514daf8eebdf454c8a7173436a0fac15b6a3c161d480c33fa84075b58ee2,
component-final-50555fb4776e15c94b4beec9,Al-V-Zn,10,2,baseline_reference,accepted,4,0.5,0.4,0,6a308686126804830c81a7d2a3495feda3b3a13b074b9958e0e6026759826516,d9b218c8bad233d3536f23da5a6b9c2c2e74be87c1de93e6e773b919ed431287,f7a15955fdfdde536e1d0dc3af88193c45e3d21114c8ff342b32a6fc61d6160d,
component-final-829f81d1c8b6dff9869aa711,Au-K-Tb,10,2,baseline_reference,accepted,4,0.26,0.4,0,6a308686126804830c81a7d2a3495feda3b3a13b074b9958e0e6026759826516,9f07e57ccac9ecbbb8efdba9bb53f40e01516281d4a483b4ac79549aabcc3581,7a7f9f6aafa58f37965ee481e6d0c217b06416324ed640c4b58cca29d4a06627,
component-final-2dce2a3709aad3945727809d,Co-Dy-W,10,2,baseline_reference,accepted,0,0.0,0.0,0,6a308686126804830c81a7d2a3495feda3b3a13b074b9958e0e6026759826516,37c8b86237908291514a07069995060c740cbff46380cf93a5a7a5660c241954,7653fb2dd0ccf599b02b05e9db40a127b7902c04e9bab1ce822827adb4b07aed,
component-final-a8630b6c09e7eed6994a9658,Co-Mg-Na,10,2,baseline_reference,accepted,0,0.0,0.0,0,6a308686126804830c81a7d2a3495feda3b3a13b074b9958e0e6026759826516,d73f6d0f6e0d2447bad12190bc1ba9a26bf7afcfae9d935feadb435e99eac58b,f5bade9f702ac246f0f38c834263ca4d87e498fe1ba64b9328eded38ee5d9bc4,
component-final-768072dbaebb53494719e468,Co-Pd-Tl,10,2,baseline_reference,accepted,0,0.0,0.0,0,6a308686126804830c81a7d2a3495feda3b3a13b074b9958e0e6026759826516,26ad322a72558aaf1748cd20168aaa51833f881da90a673e218908085fee3f1c,da71ab14ae05475c0344ae37437d3c17d01f2b9354d78703ca7e0c584c8cecf9,
component-final-43aa37d047cc1f695b405364,Ga-Ho-Lu,10,2,baseline_reference,accepted,4,0.32,0.4,0,6a308686126804830c81a7d2a3495feda3b3a13b074b9958e0e6026759826516,59b1268a6d1b3ae667a55693882956ad39b5a7c226029884bd3f40439ca32eab,f09486d8c12999082af7b8edbdedff47dd5ddde043c043ba935fa483a6793407,
component-final-ad88bcc33aed1830b5c23909,Ga-Pt-Tm,10,2,baseline_reference,accepted,5,0.57,0.5,0,6a308686126804830c81a7d2a3495feda3b3a13b074b9958e0e6026759826516,8d6d5e9d43fface5b0feaad177bd05310c87ca2aab86dab6c4c256057051c8e6,7539ac8bba366e0a34b30d4e368c9089b5b76920bc1b0409d858fd968218a487,
component-final-3d03035528cf4d1c96e2f688,Hf-Ni-Zr,10,2,baseline_reference,accepted,6,0.78,0.6,0,6a308686126804830c81a7d2a3495feda3b3a13b074b9958e0e6026759826516,fd47df7cd7d3ede2f7c3a8245e9308f09a5db76594dd1c1e0a6a8da6be4faf4e,337aaf0edb04dfe4fb9c83a64174aa480ae1261993978a6db6742976b6d483aa,
component-final-f5130b9d1e96a3a3e587815c,Mg-Sn-Sr,10,2,baseline_reference,accepted,6,0.54,0.6,0,6a308686126804830c81a7d2a3495feda3b3a13b074b9958e0e6026759826516,ee075dee935d875c8c33e8adeb3d910cb1791b90615ae57951bc00402c23303e,2163c116c3b68bf24966fecd5b3e6051f2bf0c5627b75ecfd54a58a261a947a5,
component-final-6c30e36bb5b40e6b0e509b55,Au-Cr-Cs-Dy,10,2,baseline_reference,accepted,0,0.0,0.0,0,6a308686126804830c81a7d2a3495feda3b3a13b074b9958e0e6026759826516,308fb83a3f9c23c3413c845ef2561dcbcf8eddf1d97a4aeecf54c226247334cf,5a2151ae02c7e3a9d2ca3b4e5a89c097257991dd22db0c1e4a35594fee2a5063,
component-final-d162af62e35cb5b102460cac,Au-Tb-V-Y,10,2,baseline_reference,accepted,1,0.11,0.1,0,6a308686126804830c81a7d2a3495feda3b3a13b074b9958e0e6026759826516,b036a3710313abb535bed9ce55603ffee4915099676393028f45f0da30e5a3dd,0c158f2228aae5dd1011ebc052de88c65c9824282b4d4eb83dcf14ba5745f9d4,
component-final-e055a90cdea61f8b88b11b9d,Ba-Be-Hf-Li,10,2,baseline_reference,accepted,0,0.0,0.0,0,6a308686126804830c81a7d2a3495feda3b3a13b074b9958e0e6026759826516,147e7feb28d697c1cc5289a3565baad767372ff412267f1962774eb8e4beed74,29e00fbb456420ad9d4aa1cb636a5ceba3aec232b0bd803b6b3496ad059ab007,
component-final-dc0be1ae32cc4968091e77db,Ba-Nd-Ni-W,10,2,baseline_reference,accepted,0,0.0,0.0,0,6a308686126804830c81a7d2a3495feda3b3a13b074b9958e0e6026759826516,a1625153189681466a1c8b65fee90399d24dc1173213dfb54123418348d683fa,87b225905658274679273936e8eb73af96fb6d8927237ee9189bffddff3a6434,
component-final-d0e5088457f94df5fb734d2f,Ca-Pd-Sn-W,10,2,baseline_reference,accepted,0,0.0,0.0,0,6a308686126804830c81a7d2a3495feda3b3a13b074b9958e0e6026759826516,66c45bea35cd598248937bd3bc527003116f2ddb693fcc9e539c9924696c6743,66a28eaaa29a2aef84fa4df8758b4085c98838207532890a3e06b30f66e54f62,
component-final-f7815acc56142f0958252762,Ce-Er-Pb-Rh,10,2,baseline_reference,accepted,3,0.29,0.3,0,6a308686126804830c81a7d2a3495feda3b3a13b074b9958e0e6026759826516,a743697fb198bd9c45ef70dd0cc7e689534289086b33bd6f23d6d968486d8003,8a0fb52b8c0b2d97fd9fc75aef64e5a30f65163d8817308ea1c0672e2717e60b,
component-final-251fda107f2a15d6293fdf18,Ce-Ir-Pt-Sn,10,2,baseline_reference,accepted,1,0.07,0.1,0,6a308686126804830c81a7d2a3495feda3b3a13b074b9958e0e6026759826516,72cff9d3ca029c16875b4cc61d8113c05f18a69b5b43ac1e93230b8b2a2ec190,5503156d91ab0f890d9d920bab30cf98e1b7d85b19afd7618446b494e604dcfb,
component-final-e1e2584451753c9a68515b9c,Co-Dy-Ta-Y,10,2,baseline_reference,accepted,0,0.0,0.0,0,6a308686126804830c81a7d2a3495feda3b3a13b074b9958e0e6026759826516,d064d7d959814aaab142ab894d4f0a379f6b3fd637a9cd0ddfb6a5437b7f0dcb,a5a478ec20b8ebfe5f41d66c9a6ffa8c874b23b09bb93b75006f565057567f4d,
component-final-bc6d03adbbf9025116dc3880,Dy-K-Pd-Sm,10,2,baseline_reference,accepted,0,0.0,0.0,0,6a308686126804830c81a7d2a3495feda3b3a13b074b9958e0e6026759826516,385d8883ea5237dcaebe6af384831ba9f284ef8f70c2a11f1e49f6baf9d4523a,c2e1167b177cac6aa08f1f72d3258c092fcffa5689336142508b5f26ee53bada,
component-final-6f752c4aa7ce2b59b8b786ac,Eu-Nb-Sn-Tl,10,2,baseline_reference,accepted,0,0.0,0.0,0,6a308686126804830c81a7d2a3495feda3b3a13b074b9958e0e6026759826516,d2cb1a3ae0ba5dcae16ea9f958c4ec3c817e23560d0225a799d46b02b60905eb,487cd12af08d2597e46f1c4147e1060a5664551f0db2b6ec08b6c0b8766c998d,
component-final-6d5473721558c3870efb2bf0,Ag-Nd-Pd-Pt-Tb,10,2,baseline_reference,accepted,1,0.19,0.1,0,6a308686126804830c81a7d2a3495feda3b3a13b074b9958e0e6026759826516,553119ab274676eab16cb9b1d6ff5aa11fbca9254d9b6ffa359ca393fc3848eb,dff36ed6da6be8a79f3411de967b0c938b67b39c58a53b570458c16a8095521a,
component-final-65359526d44b738db68c8fa8,Al-Hg-K-Mg-W,10,2,baseline_reference,accepted,7,0.77,0.7,0,6a308686126804830c81a7d2a3495feda3b3a13b074b9958e0e6026759826516,7316ea00c53e8ad8e2924fd0d0085b3a81072f6f429374f79efa51166a333a43,fcf852f1369df8adf32103c6c835e16ab60ec4bbbaf964089907098ad13f8a13,
component-final-c17930ac49e496ac3296f57e,Al-Lu-Pt-Rb-Sm,10,2,baseline_reference,accepted,0,0.0,0.0,0,6a308686126804830c81a7d2a3495feda3b3a13b074b9958e0e6026759826516,af1edaf4387aa36b3d47b7844c309285975ac9bc9085edfdd2cfc9755f47cedd,072d36b42a6f286ea255d2bfa683d4e80793ed9a582bc22b42b1fb700bdf0010,
component-final-b28b5fc4a83fc07263b11366,Ca-Fe-Gd-Pb-Tb,10,2,baseline_reference,accepted,0,0.0,0.0,0,6a308686126804830c81a7d2a3495feda3b3a13b074b9958e0e6026759826516,9f9a5fa1120e3d75752cbf15974abc11aa7e0000f8bea9d5885dfc0a3c328817,0476caa0753ba59e200ee74e089771ed05ddcce5bacbf3aa2d381a806e10ef99,
component-final-ff1bf155652c3164bdcac333,Cd-Gd-Mn-Na-Ta,10,2,baseline_reference,accepted,0,0.0,0.0,0,6a308686126804830c81a7d2a3495feda3b3a13b074b9958e0e6026759826516,6f29e543f0d6506a73c0b58dc89fe6988f5355d13c58f17f9d325a36144df510,6da17a1506c59ca6f39f2bbe7cee4d56fae64a588b0e96965f34f1895691442f,
component-final-a4458e0626fe8a328d9edd53,Cd-Li-Nd-Ti-W,10,2,baseline_reference,accepted,0,0.0,0.0,0,6a308686126804830c81a7d2a3495feda3b3a13b074b9958e0e6026759826516,145006f2962691a6452b7cea0292b6642aefd3f67d03f955a6787abe536a3e45,26bb55077c5299b3fb63c15d41948964c7c90b8370c9d8c7eac3757a3e5ab503,
component-final-653fb02cf18ab896913d4264,Co-Hf-In-Ru-Tm,10,2,baseline_reference,accepted,2,0.34,0.2,0,6a308686126804830c81a7d2a3495feda3b3a13b074b9958e0e6026759826516,ed3bc4cdeb316b5843ed2b0ab0f67f0e593f0802fd7e140e557d8d546f216f06,336ebb70cb514cb1c7aafae13e9f4ca916015a795679249543b693b850cfc201,
component-final-a513710c85a55f372c5d8c88,Co-Hg-Mg-Sr-W,10,2,baseline_reference,accepted,0,0.0,0.0,0,6a308686126804830c81a7d2a3495feda3b3a13b074b9958e0e6026759826516,90dc474fcdafdfc68864ab366ca4d06b94b16d51ba8866250dd76ae3c95858d2,420b17936a5bdd1bf96e7360e9dc704320560516bfbc6132953b9d48afe78519,
component-final-9cf49217c4fb8cde38e7330c,Cr-Fe-Lu-Pt-Sc,10,2,baseline_reference,accepted,4,0.34,0.4,0,6a308686126804830c81a7d2a3495feda3b3a13b074b9958e0e6026759826516,a691d449f7fc0acee92390114ba4426249e19fad3c5b683a7a53cd758a6598f9,6d92093e211c0ae05326f3c2c93bc4df5bb32452f8ac97eb5fd13f1d2bfc1bc1,
component-final-6d5788088f572deb59826e4b,Ho-In-Mg-Pd-Zr,10,2,baseline_reference,accepted,1,0.17,0.1,0,6a308686126804830c81a7d2a3495feda3b3a13b074b9958e0e6026759826516,53f382fa3124ba2452a571f5d60a93a05b62d6be2488ef5d81892a4663769080,9eb4b961ab080f1b7bffad95f15d29d1e7554b733245c11d77009db2d32e2b50,
component-final-2e27f5563acb699daae1d131,Al-Li-V,10,2,es_only_independent,accepted,1,0.15,0.1,1,d5204b6911ad1340555a2651137c7dad5855c1d759a71744609c9faaa5518df8,3def5a89eaf3f089ed59ffe1070e84d683f0ec252f3e5e0d5d9dff12099d4521,e3c884a9c112424d3e7235e029684703a7a5351d896b3181c23baa10e9879631,
component-final-b20a8fccedb10da7d5ed97a6,Al-V-Zn,10,2,es_only_independent,accepted,4,0.46,0.4,1,d5204b6911ad1340555a2651137c7dad5855c1d759a71744609c9faaa5518df8,a2d4dddec8c2bb359914f5b829ba17d6a92055b259d67f1b6bb0abf6109822a0,b5fb9e5cf80da00c0975cfad0889a127dbb8df412d547dbd1bc1c4e99280b58e,
component-final-637e688029854bff551ffb68,Au-K-Tb,10,2,es_only_independent,accepted,1,0.19,0.1,1,d5204b6911ad1340555a2651137c7dad5855c1d759a71744609c9faaa5518df8,92177e12c0328dca62ff065968c368284172c75a28226a2cc4186caa4dce8e0b,3ae1ad43291bf6ed130e99f2c619b11f2b2c6cedeae8354b237a65b731abfbf6,
component-final-309c3c6fb2c047a93c1f8575,Co-Dy-W,10,2,es_only_independent,accepted,0,0.0,0.0,1,d5204b6911ad1340555a2651137c7dad5855c1d759a71744609c9faaa5518df8,f16fb1f1bfd68b7fc1eccd1cad16b2b6f93f3b14e4fbb7b1e6df59e1bb426c43,3b1a64bcadc0e1c3ffa842fbf7f54b924eaac21af21586d9f2ed72f70d0f2ab9,
component-final-7cc2c2335ff1e079999ecabb,Co-Mg-Na,10,2,es_only_independent,accepted,0,0.0,0.0,1,d5204b6911ad1340555a2651137c7dad5855c1d759a71744609c9faaa5518df8,8d9e67b75d127c0335be5aad62c1e689779876391e0282ea28af7fae86fdf863,6c576f7767233558db569e3c556da15037834da8ccd05cdb29f38eb1abf556ad,
component-final-e4bf3b453ceb5bc2b6058668,Co-Pd-Tl,10,2,es_only_independent,accepted,0,0.0,0.0,1,d5204b6911ad1340555a2651137c7dad5855c1d759a71744609c9faaa5518df8,3cd8eb7bb40c0dcf17350ccc5ec40e68ee468f38c2c715bb47d85605de70c187,cdfdf17be32c530e018bef2819fc2a4d158014d36f9e643d12c30884eb96956b,
component-final-db8afb47c42b962ce65c01b6,Ga-Ho-Lu,10,2,es_only_independent,accepted,3,0.51,0.3,1,d5204b6911ad1340555a2651137c7dad5855c1d759a71744609c9faaa5518df8,e7218dfef5e438962bb3398ee1a40b65a649a0b2159e3c21b145488e52c7d631,0f516a029f289aae81c37747bc67a92968de5aff95014316829dc51e358d7ce5,
component-final-ed99d1ea49499e63db797f3a,Ga-Pt-Tm,10,2,es_only_independent,accepted,2,0.32,0.2,1,d5204b6911ad1340555a2651137c7dad5855c1d759a71744609c9faaa5518df8,9b7a93b094ce0121bd080c21959aaa5ea5fc97563da6713e12b9fa70a909d3f9,d060b2f5248d3d014ccd10431ca916c676e2337813633f37698847ca5badc6ef,
component-final-de5a461c2d13160643320341,Hf-Ni-Zr,10,2,es_only_independent,accepted,3,0.37,0.3,1,d5204b6911ad1340555a2651137c7dad5855c1d759a71744609c9faaa5518df8,47f02e6a370a93dfbe4d846185d7e2cd17de7abd69d3a1b6b1a53b5a0623197c,b47c92b1d06abf76118d78b484501fa34daa57ac3342f2db84e7c9ca7a791188,
component-final-b725b79eb1ed64155844d819,Mg-Sn-Sr,10,2,es_only_independent,accepted,4,0.64,0.4,1,d5204b6911ad1340555a2651137c7dad5855c1d759a71744609c9faaa5518df8,e6d2958d900f0b9004a9f0070a646da3f03b5f3d137fc92501b688e0860d23b1,32e26f6028d3a534f5f6fbc818902478275e4b67c47ff6e8421c1825fbb926fd,
component-final-7e994fb8ab445a418e08e590,Au-Cr-Cs-Dy,10,2,es_only_independent,accepted,4,0.58,0.4,1,d5204b6911ad1340555a2651137c7dad5855c1d759a71744609c9faaa5518df8,3e71020d0fa160085cfa79bdc96ce0eb925ac6eac85253b6b9a1e5ddab21fd3a,be0657b0ef7ff3b0bd8c0603ef0535389c44734a2dd401c5221cf5e6a2f31397,
component-final-b08dc4996f12b404a474fe8a,Au-Tb-V-Y,10,2,es_only_independent,accepted,1,0.15,0.1,1,d5204b6911ad1340555a2651137c7dad5855c1d759a71744609c9faaa5518df8,c22370f76dcc57e2c6a29339ab3df9c97f056e546a289d53b28e71ebc20e1bf2,b524ea0e5b52a9b573ff8d48749c2de8427ae65eee9dc7ea3e622b54c6d13e03,
component-final-894abe64cc709063a80a0651,Ba-Be-Hf-Li,10,2,es_only_independent,accepted,0,0.0,0.0,1,d5204b6911ad1340555a2651137c7dad5855c1d759a71744609c9faaa5518df8,683a16bd0dd654d9a7db26373d7203ceb6ecf16376f842af1b8deb3ce185edf3,79ea870d12f563986f18e3e5b0d6c3c179ddfa07a6bd2bb04754592d0dd52a91,
component-final-5808a431e2c3d13d62027bd2,Ba-Nd-Ni-W,10,2,es_only_independent,accepted,0,0.0,0.0,1,d5204b6911ad1340555a2651137c7dad5855c1d759a71744609c9faaa5518df8,7760ca97fd00999d2de59baa7f20aac5c351781a0380ae028076060c450fb9eb,3d2bb24793f35e88af5b524925b4f21b35fb343bbb40a47548d29e154be4d819,
component-final-87c47cdf901aa65da9a4fd9d,Ca-Pd-Sn-W,10,2,es_only_independent,accepted,0,0.0,0.0,1,d5204b6911ad1340555a2651137c7dad5855c1d759a71744609c9faaa5518df8,1f6b838c039d5afdc5b3519becf9f9569e13f1f3d9d475b9b555bf9a8d71d29d,5b0520f15a9cf50245aaba35bf2dfe6f7b96920abe89a0e5df564e8aa74b8e2b,
component-final-fa513c699bfc955f9424e95e,Ce-Er-Pb-Rh,10,2,es_only_independent,accepted,1,0.19,0.1,1,d5204b6911ad1340555a2651137c7dad5855c1d759a71744609c9faaa5518df8,c0d7a3803a233e6d265f0081cb87d1d31b9658068ea3a5998573389aa6f821d8,f4cae3dc63ef5a041f5c877e4ce10b34e78b30f41dbb3a53175a4bd637cc69fd,
component-final-c6bdb2034fb9c02596612ae6,Ce-Ir-Pt-Sn,10,2,es_only_independent,accepted,0,0.0,0.0,1,d5204b6911ad1340555a2651137c7dad5855c1d759a71744609c9faaa5518df8,a7a3eec357c6aac94062f85e8b6e67fee4928e2f11fbd18d9e7f1ef9e3510f41,2c7bf1c7d88d710cb10cdfa558e9e45f147cd4925894a09b6ea3aeec08e00cf0,
component-final-1129dad1b84498cd97482d93,Co-Dy-Ta-Y,10,2,es_only_independent,accepted,0,0.0,0.0,1,d5204b6911ad1340555a2651137c7dad5855c1d759a71744609c9faaa5518df8,9b684d9f59a9a1544fe86528422cf5eae095e517bd5b9ab84c63e7614ca4c488,6e22018b3f38259d60e038b7ff26f6d94048f180b4cd28cba136d81a50153310,
component-final-d4098dfa8cbe9dc8328be3ba,Dy-K-Pd-Sm,10,2,es_only_independent,accepted,0,0.0,0.0,1,d5204b6911ad1340555a2651137c7dad5855c1d759a71744609c9faaa5518df8,61680a583549cc6f7a63192717c3ea2cdd78867f8a1bdc3a95d60fa488987243,1eb3b059ae70dd92133ed795350025e727d2d250caf0b7f932d6f12e3db7274e,
component-final-fafba8759d6f40907d40623e,Eu-Nb-Sn-Tl,10,2,es_only_independent,accepted,0,0.0,0.0,1,d5204b6911ad1340555a2651137c7dad5855c1d759a71744609c9faaa5518df8,c3592040823bd935493a34ee718dede3c1969db475e2536be00293e8ab9886e6,89de1294d357494cb340e5e8a0e022be78ab69c85e2953cb1fc4075a68318acc,
component-final-658579de12b4954507ee6cad,Ag-Nd-Pd-Pt-Tb,10,2,es_only_independent,accepted,2,0.22,0.2,1,d5204b6911ad1340555a2651137c7dad5855c1d759a71744609c9faaa5518df8,b45a9370c4914fc533177754adbd20effdb84b62a56dfee9689ff74079e2443a,7651b16c5fc0cb35267444c5fec2d36f8cee505f7c2ba45936278328ac6030de,
component-final-303cf537a07827fa724d66ad,Al-Hg-K-Mg-W,10,2,es_only_independent,accepted,0,0.0,0.0,1,d5204b6911ad1340555a2651137c7dad5855c1d759a71744609c9faaa5518df8,90612a5c62793c570afd903f7ea946d4f51105f7ff4c4ef93477b3634dcfa715,1b0169c01696c839cd1668b3428f04260cb2e942ff3b19d4c1147278c0472420,
component-final-f3b046cbfbd52f15ff57e51a,Al-Lu-Pt-Rb-Sm,10,2,es_only_independent,accepted,0,0.0,0.0,1,d5204b6911ad1340555a2651137c7dad5855c1d759a71744609c9faaa5518df8,186cc902248727d9a42201e919259dde5db5c5d89635e678cb56bc413f7e768b,b6aa9c4c1f2f548e8c18041280d7d8a8028f8f0fe386449adfc8a60cdf85e95a,
component-final-e047ea72af3268498a98e7fb,Ca-Fe-Gd-Pb-Tb,10,2,es_only_independent,accepted,0,0.0,0.0,1,d5204b6911ad1340555a2651137c7dad5855c1d759a71744609c9faaa5518df8,114ebf41978c1e04f315644ac3df0ddd4fc4cf47a87abdf579bc6f518a44ce07,f4cc9295075e4824f6dd79003263120155717fc90d9324808a0feae0258d9470,
component-final-b43730a305370e3e2d62885c,Cd-Gd-Mn-Na-Ta,10,2,es_only_independent,accepted,0,0.0,0.0,1,d5204b6911ad1340555a2651137c7dad5855c1d759a71744609c9faaa5518df8,10e9067f92f2c5f80c223c151678829db8988922172906b54aeb3f9fdf0ecb18,a551e37f00f7aa2aee63eafe0ad04699177c12a06c21b19f1e24621e75187aa5,
component-final-7d14130edc980b60d1b1aab1,Cd-Li-Nd-Ti-W,10,2,es_only_independent,accepted,0,0.0,0.0,1,d5204b6911ad1340555a2651137c7dad5855c1d759a71744609c9faaa5518df8,0b1deb5549d4ea4ad1ae957140a676c47eac5c33394933f1bd84aa7baf292645,a6339a100bf6c764ce42166a38cef46383ebdf563610298d4aac987e272b4c53,
component-final-657f4d096eb33983526ab044,Co-Hf-In-Ru-Tm,10,2,es_only_independent,accepted,2,0.08,0.2,1,d5204b6911ad1340555a2651137c7dad5855c1d759a71744609c9faaa5518df8,be35cc726782071a8c5875a0bfaa2564239c94867cf4c0c77c18dccc229ad1cc,fc24b6c5a94962f47f371ddf0ae129ea32915a03067d18c3acc342728948c000,
component-final-26da98a78f5ba90b24b414c5,Co-Hg-Mg-Sr-W,10,2,es_only_independent,accepted,0,0.0,0.0,1,d5204b6911ad1340555a2651137c7dad5855c1d759a71744609c9faaa5518df8,bbca2aba820449604a64dc01763d7ba04fe54e12bb48db2714a624f22c4d8138,4958e38f9986336c575676651f88cdeb1018c289276e2124f686c0608f26a694,
component-final-6a49e5d8318e607fb4e75108,Cr-Fe-Lu-Pt-Sc,10,2,es_only_independent,accepted,0,0.0,0.0,1,d5204b6911ad1340555a2651137c7dad5855c1d759a71744609c9faaa5518df8,e8d1edc4a586672f2dd2ad7c93dbba003ca0b22dad908bb81c87ce1c0b695d6c,8225c6b8b21762fb30119f287ef462671c91989bc73294b558ad38f025d6dfb5,
component-final-fa38e3494fed768c959caf96,Ho-In-Mg-Pd-Zr,10,2,es_only_independent,accepted,0,0.0,0.0,1,d5204b6911ad1340555a2651137c7dad5855c1d759a71744609c9faaa5518df8,7256d08904572a6124201d1af6411ef618a02d0f2a7b57d7525d971caff34b9a,d7e0a4cf3e03b8a8d71e71123232d890bd834c319a96a9a406e5e8cda00f5b16,
component-final-10ad51e80000935d29c71786,Al-Li-V,10,3,baseline_reference,accepted,2,0.08,0.2,0,6a308686126804830c81a7d2a3495feda3b3a13b074b9958e0e6026759826516,1cec95d2d75db3d5a97682914ddb7bda69f833c414730a67a3ff7a319c226486,214bfc7542b86abc31f2aefdfdfd93a58914208c7b26c63cdd98c731bc126329,
component-final-52aa59f42080e58cda2f64b0,Al-V-Zn,10,3,baseline_reference,accepted,5,0.69,0.5,0,6a308686126804830c81a7d2a3495feda3b3a13b074b9958e0e6026759826516,b2b55503dfd55b427a93f4bf41ffd256d8fbf3eab136003a3e6744e16ecedb00,d9a78406d23d8012c245595798a9be7839defda74d9de889076ffac0bcc6ae24,
component-final-57ec2ac8f1ba4127bcccc073,Au-K-Tb,10,3,baseline_reference,accepted,0,0.0,0.0,0,6a308686126804830c81a7d2a3495feda3b3a13b074b9958e0e6026759826516,5141a04e7c4c4ed3274118fc1ca5c91b8a99123e2d762a5e92704d1f316d73ca,d25fdf5ef1df1db10ff5f80daa39384c2563ea559193dbe0a6c29b32997ac356,
component-final-3a4b0c1cd037fc1028c65eb5,Co-Dy-W,10,3,baseline_reference,accepted,0,0.0,0.0,0,6a308686126804830c81a7d2a3495feda3b3a13b074b9958e0e6026759826516,dd2b01c3976a4124606cc6bfb3d0b852efcdaeed7fe3bfed48244159d86c5b1b,0f0a1f96aa35364dfcc556b28507040e01293028f562e43256e05c526241e424,
component-final-4b3d96d6b87ab535fb130a5e,Co-Mg-Na,10,3,baseline_reference,accepted,0,0.0,0.0,0,6a308686126804830c81a7d2a3495feda3b3a13b074b9958e0e6026759826516,32f94791f16f5860009a461f85834fb35101e2b0a2baad27766d4cced92827d5,c1e51bfeb40f6c2f6c2c2909e50616ced96b6e673326283e38aecb4f93ecf8a5,
component-final-89976b0b86ed30f4138895ae,Co-Pd-Tl,10,3,baseline_reference,accepted,0,0.0,0.0,0,6a308686126804830c81a7d2a3495feda3b3a13b074b9958e0e6026759826516,ead8200ca8d8f68613df6d6eb51b406063550480a694faa8799cd33566db224d,143bb5e66ca84ef7ca706eb95dddb90a3097cedb115300750bee528f3abe9a44,
component-final-0b794010d9d728a44ef9b580,Ga-Ho-Lu,10,3,baseline_reference,accepted,5,0.33,0.5,0,6a308686126804830c81a7d2a3495feda3b3a13b074b9958e0e6026759826516,b47ff8757bca7c11d7b86aca7fb0d6d29cdaf0f25ac2dff1c8212071e72dd26e,f5f64fd640d13fa9a2be21b0443922e20c52df6d294dedae500702f0a8870ded,
component-final-73db923e88523fa0fa68dae5,Ga-Pt-Tm,10,3,baseline_reference,accepted,2,0.36,0.2,0,6a308686126804830c81a7d2a3495feda3b3a13b074b9958e0e6026759826516,162559bf45a68c7be9e8870205c1d4de7061a201c56cac1ded2cd83e3701806f,ce0c4403e4859a6904400ccd596699e3359b51b64f6011e07db2209109f4bb55,
component-final-3507a0495ad91ac725a68882,Hf-Ni-Zr,10,3,baseline_reference,accepted,8,0.82,0.8,0,6a308686126804830c81a7d2a3495feda3b3a13b074b9958e0e6026759826516,e39d28f21dc6c276390744c4e770c04a4f4923db8e2f9ff86f1c5b16fb4c61cd,388cf88413fcb16ec3c0eafdddea041d1794d3ba6335b2bde30b24038f6fc232,
component-final-78d5574754ccf75b717ae914,Mg-Sn-Sr,10,3,baseline_reference,accepted,6,0.62,0.6,0,6a308686126804830c81a7d2a3495feda3b3a13b074b9958e0e6026759826516,cfd6616fb4dd844ff89316f4529ac30dceeaf252d8773ce8e0e7ece599740fda,8e57c436b425c1c21ca131b9af883c28b04f1441a11c19d3ed80283ae0a05e26,
component-final-bca488e9ac3e6e006d8af5e7,Au-Cr-Cs-Dy,10,3,baseline_reference,accepted,0,0.0,0.0,0,6a308686126804830c81a7d2a3495feda3b3a13b074b9958e0e6026759826516,8e32a22f4bcf77833362337a0492b858496eaa815a4855e680eb06a78cbcba10,99410ee0459e7375de80d8bf76efb5d7b9483dc24dd37690a8f10a0d0e0b6a62,
component-final-98ec36cd075666fe04f30595,Au-Tb-V-Y,10,3,baseline_reference,accepted,2,0.18,0.2,0,6a308686126804830c81a7d2a3495feda3b3a13b074b9958e0e6026759826516,4864c13e3185ff5738471dce6a07a1d9967f71a3c355f1ee17cc90fe68509ebd,4789f5d00fe85ba1988c7345c2e0061eea4ee14570ddf3c72ab3ceda5b0573a7,
component-final-d7f5fb390cd93ad4d344838f,Ba-Be-Hf-Li,10,3,baseline_reference,accepted,0,0.0,0.0,0,6a308686126804830c81a7d2a3495feda3b3a13b074b9958e0e6026759826516,b6cfd27d61131292307647e6f557101880fd14af5ecce6308bfd72c84e7fec67,d433423e079a5eb32a84d3c69a62dace07f95d66f71b4418cf11b30cb7970e1d,
component-final-91e9365ecc653ed9cb2dd65d,Ba-Nd-Ni-W,10,3,baseline_reference,accepted,0,0.0,0.0,0,6a308686126804830c81a7d2a3495feda3b3a13b074b9958e0e6026759826516,dbb35b3472ca8bb1aa7ca9cf277680251bd1665e12886867675cb4930572d50f,3b88aedd4a639df39854b8e547f56ddcf2e4d18517768f96a7ccf0cd0dfe8222,
component-final-95b93277e45a70fc119a8fb7,Ca-Pd-Sn-W,10,3,baseline_reference,accepted,0,0.0,0.0,0,6a308686126804830c81a7d2a3495feda3b3a13b074b9958e0e6026759826516,a1467178f904aabbf65b137078d5aee6101abee3750d64c4fcc75aeccc4ac94b,72daa7a23443bbb8923418c852de7a85bedc0368af9227f56a0cad673cd473f2,
component-final-b1fd5869414749ef1ea5da4b,Ce-Er-Pb-Rh,10,3,baseline_reference,accepted,1,0.19,0.1,0,6a308686126804830c81a7d2a3495feda3b3a13b074b9958e0e6026759826516,76fe468ba1f279cec302473bc7d4b9b7004d881ac47a07955399a923577d62b4,5493e0a9907ebc0968647d185b1d181fa37a7b0f07026065a65c5a858407b9da,
component-final-6446602ec40cfb52bac4334d,Ce-Ir-Pt-Sn,10,3,baseline_reference,accepted,1,0.11,0.1,0,6a308686126804830c81a7d2a3495feda3b3a13b074b9958e0e6026759826516,b54baf0bfedf8a1c7a31f24bd3f7e4c47115bd8c000acfe4b56a51ea3b3b6abb,6dd809992bf909cf5fac2dca56f7cf4ffbbcd58996fd76cb9617f044e916f0c2,
component-final-18353fabceca3a7f51383b08,Co-Dy-Ta-Y,10,3,baseline_reference,accepted,0,0.0,0.0,0,6a308686126804830c81a7d2a3495feda3b3a13b074b9958e0e6026759826516,5cb3ec5166e5e4048cdeb8d7bc3c88f49202a7e86a29507c85bf78bff77235c6,991922efd8d2d93b078e4296a61d335fb2b330a6a3a797553d8f3664f283dc28,
component-final-145b2a1f666f8571e635f9f0,Dy-K-Pd-Sm,10,3,baseline_reference,accepted,0,0.0,0.0,0,6a308686126804830c81a7d2a3495feda3b3a13b074b9958e0e6026759826516,a8b0f6983c45cb4691f850e668bcd34d3d920da9edd4cfa62616394f6edaaaef,bd3d93c201190f25325c64955759b0dd6c4b2403e440983d6147c85e036933fd,
component-final-5928474b7a9036a2bb1990fb,Eu-Nb-Sn-Tl,10,3,baseline_reference,accepted,0,0.0,0.0,0,6a308686126804830c81a7d2a3495feda3b3a13b074b9958e0e6026759826516,17cb847c88d7b5924de40619dbb4741f695904860d39038564e61ead6bcf4d5a,aa5d0f655bbaba1a8da184576cc52df9b9d7be0136473cf2227b4afdd485b531,
component-final-4477c900e2dd8e31a3b70f25,Ag-Nd-Pd-Pt-Tb,10,3,baseline_reference,accepted,5,0.43,0.5,0,6a308686126804830c81a7d2a3495feda3b3a13b074b9958e0e6026759826516,4009b0f654e417bef82ee9c23617d636d75634336452ceee055c9a10d351aec9,3b817bd747181eeb689bd6aff28d20c5f0ce39adb6a769dbc319a824ca31827d,
component-final-d006a0b67ef88cf1f691d6ec,Al-Hg-K-Mg-W,10,3,baseline_reference,accepted,0,0.0,0.0,0,6a308686126804830c81a7d2a3495feda3b3a13b074b9958e0e6026759826516,6540a22706b9457701a7a28005bfeac3f4776c1264b5982c9bd08cf0d89a39f2,bc06aea90b58b080a302f7620455f3f6185641a898b5ac3fa6ef9a02de0bc912,
component-final-4cc5602a266350a3ae17a310,Al-Lu-Pt-Rb-Sm,10,3,baseline_reference,accepted,3,0.23,0.3,0,6a308686126804830c81a7d2a3495feda3b3a13b074b9958e0e6026759826516,57446aa7062e59d10d7aaa3d4e3278b86dc9536b5fc6df516b1be461418ce3ee,83fdef2cccc32607fc5dde7f8cd691424cd6e6430091c1fcd8852203861d1356,
component-final-6abc8e718c069a146b0c5e5b,Ca-Fe-Gd-Pb-Tb,10,3,baseline_reference,accepted,0,0.0,0.0,0,6a308686126804830c81a7d2a3495feda3b3a13b074b9958e0e6026759826516,6bc7bef6259cb523563ff9064179d2963ef915c598cbeeb0a796ae8c473ebb10,00d4b86b378f974a3f3051eaba56936222c204552675a0597c9163440787b4da,
component-final-bba307fd5d4c8f57b46934f9,Cd-Gd-Mn-Na-Ta,10,3,baseline_reference,accepted,0,0.0,0.0,0,6a308686126804830c81a7d2a3495feda3b3a13b074b9958e0e6026759826516,39251c6aa0465906fad8353f7eeb73692578732944ef5b6bcca6fca05224e2ff,448fb9cbf2bbffd9db0d394de96f1de4c7b842ea73198ad67020f6f059584b44,
component-final-63570a8d509cf967a6ed9110,Cd-Li-Nd-Ti-W,10,3,baseline_reference,accepted,0,0.0,0.0,0,6a308686126804830c81a7d2a3495feda3b3a13b074b9958e0e6026759826516,ee2b83a184874a6bb88b1457928d89bf1384c59488d3ea753ee7ac5709bcd55f,eb55f3cc3c894b01721c9e45c2ec6accde40d3f519b3170a5357581d952715bf,
component-final-b7acec26fae84b8b39d54de1,Co-Hf-In-Ru-Tm,10,3,baseline_reference,accepted,1,0.17,0.1,0,6a308686126804830c81a7d2a3495feda3b3a13b074b9958e0e6026759826516,fc88f8444b71fa01650dce3d0f6281a7632f0ac15e7d48eafc66527771e73280,e0c0b3307e04fc70d8cb6b012550a70a563a9a272661444b8c91b777320658bf,
component-final-64e47eadb495964256adfe81,Co-Hg-Mg-Sr-W,10,3,baseline_reference,accepted,0,0.0,0.0,0,6a308686126804830c81a7d2a3495feda3b3a13b074b9958e0e6026759826516,539281fecd5191391ad09c053312f2294e88cad2b764a8a3da6874c9ffea5b56,3a8d5ffb5cd4eef31f60cb6cd39a1a54e618a9d1620555d3d99a079461ccaf83,
component-final-b9159a1f0378fcfcd0e1d667,Cr-Fe-Lu-Pt-Sc,10,3,baseline_reference,accepted,0,0.0,0.0,0,6a308686126804830c81a7d2a3495feda3b3a13b074b9958e0e6026759826516,c6fd70f15e4c064dec07119027876c2a8d73f4f868c85c87b365eb73af8bc803,9d57a7722d717f1cb2e1c3a8c056fd4ff53220f1c8f6d9c3d02b9d7b4e136450,
component-final-b6bb705f33cda63a3a660cac,Ho-In-Mg-Pd-Zr,10,3,baseline_reference,accepted,1,0.07,0.1,0,6a308686126804830c81a7d2a3495feda3b3a13b074b9958e0e6026759826516,8572a7d5ff796b889787624064e1dc41f2a442d42fff8a7d9ed55518975515f7,fee530d24e334ee4129fff1cd1789503da1e4d2bcf903cb12888a52b5a736c32,
component-final-8e1fbdae4c717bead751ef3f,Al-Li-V,10,3,es_only_independent,accepted,0,0.0,0.0,1,d5204b6911ad1340555a2651137c7dad5855c1d759a71744609c9faaa5518df8,d2f714fa8c04ed184e9e2f67037c30579b9dab0a37e3b0de9e2d9267c137f529,a9280dd03a82a8ff08a16f5042bac4916176637f2fa53e85c3309e2025f9a463,
component-final-02fb34c6b01aed253ffa4730,Al-V-Zn,10,3,es_only_independent,accepted,5,0.63,0.5,1,d5204b6911ad1340555a2651137c7dad5855c1d759a71744609c9faaa5518df8,f7eecc81de4150b5f4e42fa01da1760c84d75c576fbe016e5875a59e3fcdc95d,dee483b3a1d048045663172c2160fa6b6b6fb11a2eb141cd962a56137f00d91c,
component-final-f01350a0031f3cb06d45632e,Au-K-Tb,10,3,es_only_independent,accepted,1,0.17,0.1,1,d5204b6911ad1340555a2651137c7dad5855c1d759a71744609c9faaa5518df8,864df57c51dc3013c721c08a0173d3b195cc60407040e529b9620b4eb9e6527d,19bb2e09a773e701eda096e64874fcb1cef54315c639234c2aad3175ba151b87,
component-final-ced0af809caafbfd44aa8165,Co-Dy-W,10,3,es_only_independent,accepted,0,0.0,0.0,1,d5204b6911ad1340555a2651137c7dad5855c1d759a71744609c9faaa5518df8,6c78a96ae978e2d638c076b1bb8e73023896d5bce50ebb2c2bd8ab1151eb6443,e58711a069f29defd95c025a69af52dae38d12172d560aba259faa51bea8f32e,
component-final-827fb29e7d467a5c1448a2d5,Co-Mg-Na,10,3,es_only_independent,accepted,0,0.0,0.0,1,d5204b6911ad1340555a2651137c7dad5855c1d759a71744609c9faaa5518df8,2f59dac9a42725817eecaf72f33ee002389538ecd60cdde8cda7100256f183a0,fbf2686fa5824a065fcac7a811c8b1c1d5575bc1f991290adb03ed96ce97a2fd,
component-final-438db475a0bdb477ce8df268,Co-Pd-Tl,10,3,es_only_independent,accepted,0,0.0,0.0,1,d5204b6911ad1340555a2651137c7dad5855c1d759a71744609c9faaa5518df8,b29c8ec2774518fb79e8f6d309bbbe406b255d543af2bd58ae42c6084ab45adb,a8e41c6f0d94d15f5d963881b805c2e8bc1147cf1fb23c796454f9ec14630efe,
component-final-d8e2ace6c4e96aab950ba769,Ga-Ho-Lu,10,3,es_only_independent,accepted,2,0.36,0.2,1,d5204b6911ad1340555a2651137c7dad5855c1d759a71744609c9faaa5518df8,89f18a97f064ab67e2d0d9dcecdc256d94cdd842f0796da6e0bd93bafee89dba,648424f73070493692b36bedbab567f887b49ca49a05414ef99d44d3551b1642,
component-final-6cb50401ed7ce82b3f74f4ba,Ga-Pt-Tm,10,3,es_only_independent,accepted,3,0.39,0.3,1,d5204b6911ad1340555a2651137c7dad5855c1d759a71744609c9faaa5518df8,4c5d8a9eb18a0c20122326dd93d9c17d6ad125901ba2207b28e19c70fa862a75,05e8648afcfb9d3cd9f1e5224fc2cfcf333b7ca4c5752837a522db830ba940ba,
component-final-893d72f6fe312d708488048a,Hf-Ni-Zr,10,3,es_only_independent,accepted,3,0.39,0.3,1,d5204b6911ad1340555a2651137c7dad5855c1d759a71744609c9faaa5518df8,c2f3e7c44cb5d1a6bad2777fe5306b7219319c97c192c10091cf2da4add103a1,c44b44deb4c4d5910af4d33efd2d8163b78c5075f463a5295d36f44b70384dca,
component-final-61030d73d1ecfa5e3c4198b2,Mg-Sn-Sr,10,3,es_only_independent,accepted,7,0.65,0.7,1,d5204b6911ad1340555a2651137c7dad5855c1d759a71744609c9faaa5518df8,d8c3273e58e9f6126fa8651868b4cbc47025363f01ba57c3bee72cc0272c59a7,250c3905e6bb001d67c9750b835bf06be9491165fb64dcb09ca1140bbfb82b11,
component-final-fc048047e45b8d6dba041f90,Au-Cr-Cs-Dy,10,3,es_only_independent,accepted,0,0.0,0.0,1,d5204b6911ad1340555a2651137c7dad5855c1d759a71744609c9faaa5518df8,fe776f287bdbb3ea88dd71acc2b9ee3f700cb40d42821cac99e9dca38049244c,7c7f1ce07ebaba95cd3b3cffedaa8ef7609fa8778a8cb1b760978933c3d3d875,
component-final-8c4b38fea4d18535795f3f52,Au-Tb-V-Y,10,3,es_only_independent,accepted,0,0.0,0.0,1,d5204b6911ad1340555a2651137c7dad5855c1d759a71744609c9faaa5518df8,5708db3442963e6995a5182faa864d7c9fbd526ec34735d52ab33864ec238ad8,6b01a3e51e0095e4c12641f50d09e2df3ac7774642e39ac8a8123b334e3d687b,
component-final-8dbb642bd821472e34a99402,Ba-Be-Hf-Li,10,3,es_only_independent,accepted,0,0.0,0.0,1,d5204b6911ad1340555a2651137c7dad5855c1d759a71744609c9faaa5518df8,d34aab1e4cd18ce7284fb2b2b74ecccb7b068d97b2c1c61a80c283f3f08356f8,12a3f95dd8985531b588a8dccd951596920be80a2fc488669826b3909f265485,
component-final-5997b22ff20dd8997514cb4b,Ba-Nd-Ni-W,10,3,es_only_independent,accepted,0,0.0,0.0,1,d5204b6911ad1340555a2651137c7dad5855c1d759a71744609c9faaa5518df8,5de31ef1ed8cbdc6216081daac21849c3bfeddf9538153f8b6425dee456415e3,1d4d108ee1b028d95edb3cdfb9e70cb31d4884fc67ac83a52e441092b24cd2be,
component-final-61174bb74d1f37007558ce1f,Ca-Pd-Sn-W,10,3,es_only_independent,accepted,0,0.0,0.0,1,d5204b6911ad1340555a2651137c7dad5855c1d759a71744609c9faaa5518df8,8f7e077f6c38cc7826850808fef0cf1b6c8ede8b53f21f5389cdc5547a861339,f5183b103313ada92ebe514038b0a9148780b7768ff69fb354fe113d48767c3f,
component-final-bab5676fb6b948fe5af57968,Ce-Er-Pb-Rh,10,3,es_only_independent,accepted,1,0.19,0.1,1,d5204b6911ad1340555a2651137c7dad5855c1d759a71744609c9faaa5518df8,c91b372bd4e78db09cb0aa722fc392ffe7fe3a79d500a58ba6c4ae28713939c6,a79c709e3b818bd314137503ff52d807b0a5cc778e0a9aefd6ef7d44101161cd,
component-final-6384b7b9addad04fec76be49,Ce-Ir-Pt-Sn,10,3,es_only_independent,accepted,0,0.0,0.0,1,d5204b6911ad1340555a2651137c7dad5855c1d759a71744609c9faaa5518df8,154caac166c248e7c27ccdbbed85b333877e61acc17f1ba74309500a867f39f4,6fee6753f050ce5fc2870be0493d8dc2af4047a16eb6a11037f808a8cdde734a,
component-final-98ab66c718e2c90aa5f5aa56,Co-Dy-Ta-Y,10,3,es_only_independent,accepted,0,0.0,0.0,1,d5204b6911ad1340555a2651137c7dad5855c1d759a71744609c9faaa5518df8,4cb5acca16f2cfe72b262c0e5ee2f44b4fa608ba7af92b9d020d99e50c78729d,cbab4e5c82caf3398ab654320b1d2036b14d4a66f045df778322a81b542db1d1,
component-final-144d9b0222dbba7a420c0156,Dy-K-Pd-Sm,10,3,es_only_independent,accepted,0,0.0,0.0,1,d5204b6911ad1340555a2651137c7dad5855c1d759a71744609c9faaa5518df8,d001424ad96c78ccdfb74c8e1f6f7f8501289b100b52c6251051ae54ae523393,32e36e519331d88c61ddb03deb495d699789518d181bfa5bdc363281867ff33d,
component-final-e95438499fb6b1c7c9e49934,Eu-Nb-Sn-Tl,10,3,es_only_independent,accepted,0,0.0,0.0,1,d5204b6911ad1340555a2651137c7dad5855c1d759a71744609c9faaa5518df8,115bdaeec99bfd3725c70baa66e7ee651cbc8a3c79b58265dad6cf85181b46f3,9c09646504fe9c9207900603455c090d6e71a30efd66dba5c596b7b1e6c89b06,
component-final-4d966b1fc9fedd8efaa41bf2,Ag-Nd-Pd-Pt-Tb,10,3,es_only_independent,accepted,7,0.65,0.7,1,d5204b6911ad1340555a2651137c7dad5855c1d759a71744609c9faaa5518df8,f056d60b2438acc9338842dfe3171676eb5f9321f664b8239b3c3432f1454ff6,f19c6ac9d6f8e34cff509fd70cbd764d5fbdb5666a5c4e0211d79c3cdbcbef90,
component-final-54b96d595037aafd35c6f5b8,Al-Hg-K-Mg-W,10,3,es_only_independent,accepted,0,0.0,0.0,1,d5204b6911ad1340555a2651137c7dad5855c1d759a71744609c9faaa5518df8,ce4576df630c6965a647ce1784da572ac7882f0ae04e93cc473788f5a0ff2c83,17710316c9ea25262277d7cd17df353715ba7f45ca62c9c7afe5a78dd5bf5587,
component-final-85ce10b659119a45a091746e,Al-Lu-Pt-Rb-Sm,10,3,es_only_independent,accepted,0,0.0,0.0,1,d5204b6911ad1340555a2651137c7dad5855c1d759a71744609c9faaa5518df8,630f4c668e206b41610583b4a7f1d419d367bb61d6fc3f3ac4bb267c334c4339,912ce0597195160a9b51bcc454f3a37079861922a353803d0f510a650668aa8c,
component-final-f185167e4d827e210206e759,Ca-Fe-Gd-Pb-Tb,10,3,es_only_independent,accepted,1,0.05,0.1,1,d5204b6911ad1340555a2651137c7dad5855c1d759a71744609c9faaa5518df8,f2af2b91b39d1b066c6935d4a2e3ade62bf2c549640b3ee9ddb06e7c3b83a2a6,2c7c25eda5b92049af721cd24f841b1d62a52c16558ffbe435067734d0317b44,
component-final-f9c7b9a8f54a10df82964980,Cd-Gd-Mn-Na-Ta,10,3,es_only_independent,accepted,0,0.0,0.0,1,d5204b6911ad1340555a2651137c7dad5855c1d759a71744609c9faaa5518df8,293712becc41b5202993aec4877c12f71874c5d98c717a14dd244a0e1f19b8f4,40cfda8ded6851862319ffe86f1aad28b1a49762696ff5f9998363a2becc2fd5,
component-final-15ac29a2e97e6662ad02492f,Cd-Li-Nd-Ti-W,10,3,es_only_independent,accepted,0,0.0,0.0,1,d5204b6911ad1340555a2651137c7dad5855c1d759a71744609c9faaa5518df8,9054ac0cd3de4cb5514a6ab1ed920e4cc3d940743966b170d0a49992ff5b31cf,45cb76428ede7fcafd4a1394df22fdb927fbf98765b984bc48e02ffc287a3bd3,
component-final-8f115382fa4659ffa240e561,Co-Hf-In-Ru-Tm,10,3,es_only_independent,accepted,0,0.0,0.0,1,d5204b6911ad1340555a2651137c7dad5855c1d759a71744609c9faaa5518df8,b85f61dce43503ff3a8d833016506736efc43d0600ec1343ad617dd4c4414d54,f74fba408076af89a558dfd3f39d594c71814426480d53887c2557fba75202f6,
component-final-47e9853da825dd0ecdf395cb,Co-Hg-Mg-Sr-W,10,3,es_only_independent,accepted,0,0.0,0.0,1,d5204b6911ad1340555a2651137c7dad5855c1d759a71744609c9faaa5518df8,c210a4183041e5408cd958e8cf17f3d87262160ba81a9ec85f8e15bf926ce8b0,33667f9f3161cc821c71e4689c95b5eb914d79ea0cdc6f839d4ea07cefa6d51a,
component-final-109deab565db7e4bd87999bb,Cr-Fe-Lu-Pt-Sc,10,3,es_only_independent,accepted,0,0.0,0.0,1,d5204b6911ad1340555a2651137c7dad5855c1d759a71744609c9faaa5518df8,6d2812f538b39901c2e8db0412426c2c1a71e6d8c81926b4e11c161a7e86be5a,e821d934c2a9e08175090d06adebb1ded71b4b332a3443011a74df94d85e16a8,
component-final-c9b4d144af64c2a06121d62b,Ho-In-Mg-Pd-Zr,10,3,es_only_independent,accepted,0,0.0,0.0,1,d5204b6911ad1340555a2651137c7dad5855c1d759a71744609c9faaa5518df8,27a4771cf591ecba873f3ddb5e470a2e895dda5ce84abcccc6cd1b86290cd9e4,0da09e19c36d6eb9f2e3a18b040a01af7f75d0c7c11560c21b4d42c80c596f9b,
component-final-a51d66c7e21ca9788f45a008,Al-Li-V,10,4,baseline_reference,accepted,1,0.15,0.1,0,6a308686126804830c81a7d2a3495feda3b3a13b074b9958e0e6026759826516,c532fb3814b448aa15c8b3f7b6856b05e5fa4b8b4e1c8c3047042a883bfe77d8,ebc73abccc1b3b986664b2f40c22e466217011fe305e74781fd6250f9063d2e2,
component-final-70adf56898316f73ea4720ab,Al-V-Zn,10,4,baseline_reference,accepted,6,0.66,0.6,0,6a308686126804830c81a7d2a3495feda3b3a13b074b9958e0e6026759826516,dc46959c1f59d28c120f90d490678fb3482c7311f6d7b5b9c2ad1dcac129da09,6bf2c5f521d1f128eecd97185e22c5e433922b8d3d5779a87e2c6cfe47beb6b8,
component-final-b1999f2e9c20505d5a373485,Au-K-Tb,10,4,baseline_reference,accepted,0,0.0,0.0,0,6a308686126804830c81a7d2a3495feda3b3a13b074b9958e0e6026759826516,e435c92428dbdf393ee2be8b0d27041c49689bba1d5bfc0599132b987da9c7df,a5473a8893a3a82ea450dc9a9c13e73b31af2737709ec2f4262e531b1411b6b3,
component-final-a526e6a613189f807a458cb1,Co-Dy-W,10,4,baseline_reference,accepted,0,0.0,0.0,0,6a308686126804830c81a7d2a3495feda3b3a13b074b9958e0e6026759826516,2823c081c1c71b4babc11104c06f8a97156bfa3c870d0cb8f57f13a70fd15ab7,c609d3fb5d7dfa65b5a233a3c438e354335b32c9c1c2a52e299f5a11a3248ab8,
component-final-613da1e8bf281966bbdc66db,Co-Mg-Na,10,4,baseline_reference,accepted,0,0.0,0.0,0,6a308686126804830c81a7d2a3495feda3b3a13b074b9958e0e6026759826516,fd029822d31e28cfd66701bbaed5be38a2a0cc17a80962b6345b60e6ecab1827,74ae17be4b18d55989140f6d84777f3704c443f0b0b8fcb347457dd450b672d8,
component-final-1620ce45018562d221e4194e,Co-Pd-Tl,10,4,baseline_reference,accepted,0,0.0,0.0,0,6a308686126804830c81a7d2a3495feda3b3a13b074b9958e0e6026759826516,c5b8133cccb76e1ab4fe89d0595e4a026a7edd2b84cdd4365b96ad1392dfdd52,3ea10c0aec0810eeaa7e2693cc9fb4ac827e94a81dcf1ddad89a2eb74cbbf7e3,
component-final-9c6d0e95f17bee2c910f2581,Ga-Ho-Lu,10,4,baseline_reference,accepted,5,0.65,0.5,0,6a308686126804830c81a7d2a3495feda3b3a13b074b9958e0e6026759826516,e6324462569e70ed3cc1fb6c519f252d3677b23da6d17e4ea6d8160917847961,7477b4c0f6b4b6731f3dcabbcfd4c35131d1514907db69c34318c95c53f99281,
component-final-fc418323f51d699f8e0035cc,Ga-Pt-Tm,10,4,baseline_reference,accepted,5,0.53,0.5,0,6a308686126804830c81a7d2a3495feda3b3a13b074b9958e0e6026759826516,47954f8eb6acbb53992859941d3ee61cbef1ccceb6f60bc56763f3871a5c6447,034cb7335d6c6a7b7a3c78383a13c9c6c21700a3b352e3623c5a9595c42408ee,
component-final-6940b1c4fd8e43fbb929381b,Hf-Ni-Zr,10,4,baseline_reference,accepted,4,0.64,0.4,0,6a308686126804830c81a7d2a3495feda3b3a13b074b9958e0e6026759826516,e2cb26483ebc4feb30f85eea2c01e67d35b12be033238bfe1b1fdd4f6132486f,0fcd55c018afc52f34a6757fa02a225a216f85b3d370e19d3660a0706446b9df,
component-final-5437e8d24a83c0cf0eab590a,Mg-Sn-Sr,10,4,baseline_reference,accepted,2,0.2,0.2,0,6a308686126804830c81a7d2a3495feda3b3a13b074b9958e0e6026759826516,71eddfc832860c22f952b3bafb7964fd422f36a243c4b0d253c1d784f4d98382,c490b9f5394b6836037eca7b8ee3f1f3dc7c6127beeffc0ac513d053506a3b35,
component-final-097cf70d695ce1077e80d968,Au-Cr-Cs-Dy,10,4,baseline_reference,accepted,0,0.0,0.0,0,6a308686126804830c81a7d2a3495feda3b3a13b074b9958e0e6026759826516,98a87cd1542a829a6f7eb545e45a0a6a6ab864d682d610c8b88125aee19bfe73,dfe0d8e3c1915339cf3b4d6fb5da03d6478c27a007245349a5386339e68d70da,
component-final-67fc6276065678190cd1668f,Au-Tb-V-Y,10,4,baseline_reference,accepted,0,0.0,0.0,0,6a308686126804830c81a7d2a3495feda3b3a13b074b9958e0e6026759826516,bafad939b04fa0d63fc656e489ecf7af67e900231a8de150347ffc1a6d6bda10,37bc7924557ab9037418b226c911c7f3c8cda1a2c13c57f2c9ee3ea88ee6e321,
component-final-22f3a1cd41836989deb32993,Ba-Be-Hf-Li,10,4,baseline_reference,accepted,0,0.0,0.0,0,6a308686126804830c81a7d2a3495feda3b3a13b074b9958e0e6026759826516,0cf081c0faea80bfc7db582fae0bf7c69c60b54a2633551b6d8e320210691488,94b37977bf551ac499c44e4d8a7c0c30894ab47d5866f7f92c958f058aa29419,
component-final-a744d1f002d5515ae862af23,Ba-Nd-Ni-W,10,4,baseline_reference,accepted,0,0.0,0.0,0,6a308686126804830c81a7d2a3495feda3b3a13b074b9958e0e6026759826516,a4294971ec0a87ac78ced643e6ee2f0610070ba031a5eae8d34f4178a1a0fcd2,efd4c9249982ffed11b6d284eeb7d0a42435b5162a08853633db821f9457f718,
component-final-bfc30e9cafe8bac91f5e5c0f,Ca-Pd-Sn-W,10,4,baseline_reference,accepted,0,0.0,0.0,0,6a308686126804830c81a7d2a3495feda3b3a13b074b9958e0e6026759826516,da6b2526fe4ddfe044176733652095a81fc393aeed1db72d077dc983c76aeef1,2abca75cc4c9e9fc9163b504d6e20c78a05b90266c17fc27c8006f12f031b473,
component-final-15d85bb3bf519495ccb4a7ce,Ce-Er-Pb-Rh,10,4,baseline_reference,accepted,4,0.22,0.4,0,6a308686126804830c81a7d2a3495feda3b3a13b074b9958e0e6026759826516,4901d049693b6bb37bc701c2fe62a59e0178ccabcbd1a105f5b2d8ae2b0d6868,06507b11c789d5f772b49070384b71a7fb0906f91052806111891a2e77a31fb1,
component-final-d871efc4554e769daf1e3833,Ce-Ir-Pt-Sn,10,4,baseline_reference,accepted,5,0.55,0.5,0,6a308686126804830c81a7d2a3495feda3b3a13b074b9958e0e6026759826516,e202240fd9b4e48265d39172bbda65c265fbdc2cf9897f518aede9ed6558e1f6,e9dbbd4a92fa3e0c503ee30b777b5d3e04c088b3bc29d4eaa73000d54c205023,
component-final-23fc0277f36cbc5173086457,Co-Dy-Ta-Y,10,4,baseline_reference,accepted,2,0.12,0.2,0,6a308686126804830c81a7d2a3495feda3b3a13b074b9958e0e6026759826516,28e1945b4c6c9e82f121cbcbbde92c55b2b721e1f77f5d19c764db0e6bc717ed,cb0729c25bcb639a5c34a365080f95f7a26b1134e4ddc377efb428f7c9b6f2ad,
component-final-d7d60c4523f7442bcc1e14f0,Dy-K-Pd-Sm,10,4,baseline_reference,accepted,0,0.0,0.0,0,6a308686126804830c81a7d2a3495feda3b3a13b074b9958e0e6026759826516,45192c41f60ccbc635dd559ed6db5f710f7a6d136f73cdcddcb542f5b316ab0b,1ce6469b1d585f4fc802ca2a6afd8d28b8a58ede3370a924cacee4b7cfe43de9,
component-final-9687f2a9b14b25a12b50c7c7,Eu-Nb-Sn-Tl,10,4,baseline_reference,accepted,0,0.0,0.0,0,6a308686126804830c81a7d2a3495feda3b3a13b074b9958e0e6026759826516,4a3a0cb3acf0c83573fddbb62cb97e591b7cf9353ad5252da4c633eeaabcef46,19998aa81f9dbd7ebced68e2d5c358372c4bb964c1fae6ff512be4acf7cc73e2,
component-final-8105dcb6063a8c1ee4d7a3df,Ag-Nd-Pd-Pt-Tb,10,4,baseline_reference,accepted,3,0.51,0.3,0,6a308686126804830c81a7d2a3495feda3b3a13b074b9958e0e6026759826516,d11770fe358fdea63d8476dd80f49fa41e43b7ec0ac15601aff496d4bf6f171c,3e41ddc6e6ba024e0dad7c5b3860e0d54c1c5f349216e5238a56f657052d79a5,
component-final-1cf14bfc386a48587fb3d44f,Al-Hg-K-Mg-W,10,4,baseline_reference,accepted,0,0.0,0.0,0,6a308686126804830c81a7d2a3495feda3b3a13b074b9958e0e6026759826516,761a12a81b3e4bbb07630b47950fa5fa2138ea0175ec034ca47c6b01752e20d6,244285c22e1276b6f02837c30c98eea8e7c4972447afcbc09cc5edf5450ab926,
component-final-ae7ed12937b3f100fde020f2,Al-Lu-Pt-Rb-Sm,10,4,baseline_reference,accepted,1,0.07,0.1,0,6a308686126804830c81a7d2a3495feda3b3a13b074b9958e0e6026759826516,0b9f71ef6f8d1ce131109aef01c2fcb073e5be0713e7429beaecc451a6960fa4,b7db53e198c22cf1788b9619850f9f69c7000f3faf91180d51854f129d9468fe,
component-final-532a361b05032f301afc1699,Ca-Fe-Gd-Pb-Tb,10,4,baseline_reference,accepted,0,0.0,0.0,0,6a308686126804830c81a7d2a3495feda3b3a13b074b9958e0e6026759826516,5bdb1714309c440b2d6d8180cba2fe4a049a4e3fc81df26011bdd680fcaa1c1e,b40f5e2c9f9f6af1eac7686748c1513bd972a9fbf09c2b1ed6687d76fd869277,
component-final-a3732fa5b54a92b1311c1b58,Cd-Gd-Mn-Na-Ta,10,4,baseline_reference,accepted,0,0.0,0.0,0,6a308686126804830c81a7d2a3495feda3b3a13b074b9958e0e6026759826516,3e08d1c9f5d41246709584786e90418762893056edbe3efdbbc9338e5219d47a,b84cbea638a3a98c17e2d1cdb2b6051d4ad2dc42068ed4a4024b22a825f4e9ea,
component-final-d6320918599c58b8fdbc75b2,Cd-Li-Nd-Ti-W,10,4,baseline_reference,accepted,7,0.73,0.7,0,6a308686126804830c81a7d2a3495feda3b3a13b074b9958e0e6026759826516,a7258ba862e0191feb9befeb87c834dda4cf7ac833c9260ceb11a9fed94ab9be,e86c4707d19143730a6534fca69326db86f87b0d8b3fdd9bbe83498e0068f29d,
component-final-6e87c157b77b8a8b5478607f,Co-Hf-In-Ru-Tm,10,4,baseline_reference,accepted,3,0.35,0.3,0,6a308686126804830c81a7d2a3495feda3b3a13b074b9958e0e6026759826516,4ed0e6bc94ad93b50f5024693cb8c431989117dee94cc102e642762cfc89e726,86a28d5ae494f438b746d11218e01b788b84ae9b1f9cbada7d7a879e0463cdf8,
component-final-224d04eaabe5456c3162051a,Co-Hg-Mg-Sr-W,10,4,baseline_reference,accepted,0,0.0,0.0,0,6a308686126804830c81a7d2a3495feda3b3a13b074b9958e0e6026759826516,f020fc2887261e28212264061ec81ee81a6489dbbc15c4760c4695532acc4122,187dc3885ec8961ca4056cfcfc1bbb1c30e05f8ce50ca6d0a6a468cba371df31,
component-final-fcda402ce1a7c8e4ecf13096,Cr-Fe-Lu-Pt-Sc,10,4,baseline_reference,accepted,0,0.0,0.0,0,6a308686126804830c81a7d2a3495feda3b3a13b074b9958e0e6026759826516,2c0a3fffc56895cb832daaa4b6a891e54c72c59601fb0348389d143472292b15,333104ac05d984923d4a4ba44834229eb77f72e37475a490c9803b1ef4857eac,
component-final-c246d769152139fcab5c4e2b,Ho-In-Mg-Pd-Zr,10,4,baseline_reference,accepted,0,0.0,0.0,0,6a308686126804830c81a7d2a3495feda3b3a13b074b9958e0e6026759826516,f396abcc60e62c137603ebe4b0898776559c3d1c5e4625868b2a3435921cfcc9,465ae3e8b8638f1b330b76d25e58bd62e22cdd590bb3022d30fe9f5d534844e5,
component-final-d183e09d99cadf104f59d07e,Al-Li-V,10,4,es_only_independent,accepted,0,0.0,0.0,1,d5204b6911ad1340555a2651137c7dad5855c1d759a71744609c9faaa5518df8,220d58dd32917d137646f7ce6ab230ce6e110276428bcb47db0bf3fccdbf8981,71976c8c6b868ea95eb84e666762122224a900412b8b200e2b00ea6ecbba4ed2,
component-final-2ba86fe5167c7c377083c728,Al-V-Zn,10,4,es_only_independent,accepted,3,0.35,0.3,1,d5204b6911ad1340555a2651137c7dad5855c1d759a71744609c9faaa5518df8,3a091c409927a87c0357f35a85a1dfe4e2b6fbea38db4bbc30046b6509286bea,7334e1f870bf8d1155cd22709d8b934f869e58f341d07539c1ea1cd955bcef4c,
component-final-fd363bc50f56142b92b62728,Au-K-Tb,10,4,es_only_independent,accepted,1,0.01,0.1,1,d5204b6911ad1340555a2651137c7dad5855c1d759a71744609c9faaa5518df8,41c1a417aea1eea2b0c72bd5aebe8473f89dcd1314f78733490cc86e47143bf4,cd52df3b176ff5cba766a9743687906f3fab061f9fa678e2d73ac4cb04e28b6d,
component-final-60a0f011651058cfacc89f7b,Co-Dy-W,10,4,es_only_independent,accepted,0,0.0,0.0,1,d5204b6911ad1340555a2651137c7dad5855c1d759a71744609c9faaa5518df8,92167d13ba163d83b8f8146f8ac07b81a438ef68ad82994836663953918e3ff9,e640206cf7a78183c5bd3066861e9cde1a62182da62fb406437d4a213e562282,
component-final-209f38eb700cca3d60e9efa7,Co-Mg-Na,10,4,es_only_independent,accepted,1,0.01,0.1,1,d5204b6911ad1340555a2651137c7dad5855c1d759a71744609c9faaa5518df8,e7bb8992976459cfddf7de98f1825c89e6116e9ef87899e8fce63a68cefce7ff,fa9f6b7cb1a30cf27fa269b837a4063ac8b8be0920d88490a046ca3e61839b88,
component-final-4196966d5c53dfe11bcc143c,Co-Pd-Tl,10,4,es_only_independent,accepted,0,0.0,0.0,1,d5204b6911ad1340555a2651137c7dad5855c1d759a71744609c9faaa5518df8,11af80cda8906d24b56e6562d94fa68588359379e414ba836557b5af55a5355a,39dae659cbc7e83e4827a30095fa09a2986ae4bd0d56b8ebe420c30db2b762c5,
component-final-c45c02cfcfba22369cf3d67e,Ga-Ho-Lu,10,4,es_only_independent,accepted,4,0.52,0.4,1,d5204b6911ad1340555a2651137c7dad5855c1d759a71744609c9faaa5518df8,9012a7331a68221f89be693c60e78bca02c485679cf1eb12d2902a4d8fffd710,907246715f9d8c06f33595773d2f63ca754facc967d9870a06d3a05eb84c253b,
component-final-ed296383b5dd723eb7f3f420,Ga-Pt-Tm,10,4,es_only_independent,accepted,7,0.67,0.7,1,d5204b6911ad1340555a2651137c7dad5855c1d759a71744609c9faaa5518df8,27243dafe62fcd4f2cecb2f3f03be96d593077fb983a3d50bb706d7844c9f88a,1557b1d8c85478c5ea0a5595282a931743f4df62a3d68befdaabb2653f20a72a,
component-final-07cc974a8eb647f7ef56f64b,Hf-Ni-Zr,10,4,es_only_independent,accepted,4,0.52,0.4,1,d5204b6911ad1340555a2651137c7dad5855c1d759a71744609c9faaa5518df8,38bbf08d67cdfed17cfd544cb7ecb83fe6d5b7f65c410cb87d9a2e845989585f,891a5254824dea36cfefcd47615004e5a0db5ff64da29943360e1b3e4ce37374,
component-final-2abb7ae3833df1de1f7bb48d,Mg-Sn-Sr,10,4,es_only_independent,accepted,7,0.73,0.7,1,d5204b6911ad1340555a2651137c7dad5855c1d759a71744609c9faaa5518df8,8c70d1a8f9d3793c280a59d0ce6742f84151daed7769ea9152d42585db74235c,72591cb5a1a8c9e9d8545eba152f32a9805f7cc602f52c9b168cf445b8d8fd5e,
component-final-e8cccbc76dfc4ee5f37008ee,Au-Cr-Cs-Dy,10,4,es_only_independent,accepted,0,0.0,0.0,1,d5204b6911ad1340555a2651137c7dad5855c1d759a71744609c9faaa5518df8,deaeb8f7b2819324f3c47c7e989ebe4da85b41c5907f51737c88a07903b2a754,6eaa555c88a42cf10edbc64dd449b6260c614758e6650d052e8f0502ca839657,
component-final-eb142902a7e581f439dc417d,Au-Tb-V-Y,10,4,es_only_independent,accepted,0,0.0,0.0,1,d5204b6911ad1340555a2651137c7dad5855c1d759a71744609c9faaa5518df8,6abf0ce931effefbe34157ba7568588b3bc14eee6974322bdbe45b683e418f3a,9f47d84b54f399485a5e7691d0220c936eb0ba20ebcefa1d6ef5fa6000934da3,
component-final-dbbc4fe94ffda40129be777d,Ba-Be-Hf-Li,10,4,es_only_independent,accepted,0,0.0,0.0,1,d5204b6911ad1340555a2651137c7dad5855c1d759a71744609c9faaa5518df8,d0a57344cf8530eda0c2fe813bdbbe438aca2b8eef76f0c45db6981310fa562e,a53d297a8bb7599c1dd51970d836c97d2890fd8642b5d1f546ccb7c89cbc62f7,
component-final-dc0bd62a8e84b04d2e2475c8,Ba-Nd-Ni-W,10,4,es_only_independent,accepted,0,0.0,0.0,1,d5204b6911ad1340555a2651137c7dad5855c1d759a71744609c9faaa5518df8,ed71851f9e011819e3e0f0b0b22f3b1791ce60b08f7e052ee1602ccf1325e6d0,7d292fa8ec383d16c1c86620a92ba3b3a182017b4925f3f6cbe240bcea337d71,
component-final-785f324071cce087ef721e99,Ca-Pd-Sn-W,10,4,es_only_independent,accepted,0,0.0,0.0,1,d5204b6911ad1340555a2651137c7dad5855c1d759a71744609c9faaa5518df8,7fe5971f193576422a11194fc0b69598a31e883a41cbc19a892d8be28fe904e0,aca9b38d738e2db36daa600aca02ba8ade3014c06be3526750f197f24758c17a,
component-final-1a1fc0bd50b270ee4bbebe63,Ce-Er-Pb-Rh,10,4,es_only_independent,accepted,1,0.19,0.1,1,d5204b6911ad1340555a2651137c7dad5855c1d759a71744609c9faaa5518df8,3c7b77726757d6e887c2e0937e4284b366061a7095353cfe95a9ee24570389b5,7ae9742df011f3c23f79d68c7ee54c451894e958f9f3d62c637a4a1df4f44da2,
component-final-9dc48fcc464bbc2886d4233f,Ce-Ir-Pt-Sn,10,4,es_only_independent,accepted,0,0.0,0.0,1,d5204b6911ad1340555a2651137c7dad5855c1d759a71744609c9faaa5518df8,e1c58be4c32147441a1687a0ecb1f7ce644c27131782c8b2cb57648af336ac20,c84425c22f2f0df64ae811c4be508101162d09b1b0d76888fd1bc6791d7ba553,
component-final-ab2d4f5f04753d4ad0edeb98,Co-Dy-Ta-Y,10,4,es_only_independent,accepted,1,0.09,0.1,1,d5204b6911ad1340555a2651137c7dad5855c1d759a71744609c9faaa5518df8,3dd6aa7fe16e657f517f8c6febf576a4dc46674ccee8a6913cfd0af8dabb58b8,8169b00e591acc1d25e73c3be0bcc2968fb679358d32337b04ab3ed033f468b9,
component-final-d6921af470f89295bf351d84,Dy-K-Pd-Sm,10,4,es_only_independent,accepted,0,0.0,0.0,1,d5204b6911ad1340555a2651137c7dad5855c1d759a71744609c9faaa5518df8,63984607ba41a3e1f9f9120b7888c24c67ebe3b747dcd7a0292ed370bd96c6aa,cd3aefed6c184af464a6b31557dc5df5def9f2f5b348adae35798c37076a66b0,
component-final-f30eec5b5faf8a224f9b0572,Eu-Nb-Sn-Tl,10,4,es_only_independent,accepted,0,0.0,0.0,1,d5204b6911ad1340555a2651137c7dad5855c1d759a71744609c9faaa5518df8,5ac792cded0c78d8864894869cddf057de505505a7fa558155b175a06ea863c0,314cc4dd4120d44710e602d193795de2ed7213f8e334de549546f7e2c7085827,
component-final-3ab5cc76b3a2658304176baf,Ag-Nd-Pd-Pt-Tb,10,4,es_only_independent,accepted,4,0.56,0.4,1,d5204b6911ad1340555a2651137c7dad5855c1d759a71744609c9faaa5518df8,fd92b22f254a4353fda72cc5766f81f76d2ff68cda1eb58d26ccee772070eef6,79ccaf3de3f36a50bce1e64997cb4369db2121f79140a9eeb550a0fbfd38f34b,
component-final-cfde02d4a33f370d0cd1003a,Al-Hg-K-Mg-W,10,4,es_only_independent,accepted,0,0.0,0.0,1,d5204b6911ad1340555a2651137c7dad5855c1d759a71744609c9faaa5518df8,9c0e4f350709c0c195c5979107cf22c6c00404e7f514ffb879b2a2fa022ab47b,af0fdbf4be830c5e49b87462c1555d5e652d8b8e67f8a3bdfe8bf9e9af784c69,
component-final-2793ab9b2838375d7bc98b36,Al-Lu-Pt-Rb-Sm,10,4,es_only_independent,accepted,0,0.0,0.0,1,d5204b6911ad1340555a2651137c7dad5855c1d759a71744609c9faaa5518df8,26c624b5cedf0feb5de2e680d9a836a422caa39d109fd6bfd9787190739ec0b1,7ec46a64e9a5cccae7b9098357a1d60da3c2eb7d90146e88d1bcace78563222b,
component-final-c85ffa1e56259a2c725668bc,Ca-Fe-Gd-Pb-Tb,10,4,es_only_independent,accepted,0,0.0,0.0,1,d5204b6911ad1340555a2651137c7dad5855c1d759a71744609c9faaa5518df8,a3f455b9b270273a1d5a5010ad0222a05b86775421f00b863bdbd8f653057a01,a7c6e8bec584ebb3832e99483c572fff200702a1ae7a06e27f726f1c6e121906,
component-final-55ed40fcb7fa3a4f0cb4bc70,Cd-Gd-Mn-Na-Ta,10,4,es_only_independent,accepted,0,0.0,0.0,1,d5204b6911ad1340555a2651137c7dad5855c1d759a71744609c9faaa5518df8,9b61a3f7675b05f8b946c07abbcbf82555e6459c562ed42a6fa620fae98f28ba,d438496ec8e573dc064a1b9153a2dfe1d14342b6d3ff1f455478b1e36e6deb76,
component-final-1eae929576d68dba87c12e0a,Cd-Li-Nd-Ti-W,10,4,es_only_independent,accepted,0,0.0,0.0,1,d5204b6911ad1340555a2651137c7dad5855c1d759a71744609c9faaa5518df8,b9df713f37653815a72f48252737f121c4c3db7ae58f2bee8def5d2a546deba8,17573312d2a27fa57e3e379d6fcbc45120ef3a4b50b283258d0042172bfe35ec,
component-final-7dd11a6b381f133a04ee56b8,Co-Hf-In-Ru-Tm,10,4,es_only_independent,accepted,1,0.05,0.1,1,d5204b6911ad1340555a2651137c7dad5855c1d759a71744609c9faaa5518df8,8c5218f7d6d8edb7f76ce6b5b319c1f35f9d69ee69dd897688dd87dc37ff2c40,466af59976ccdd572de8d3d116dac6ecf7ce81a20b35b380b95d2f75be152904,
component-final-a375973d8c1846341bcde9f7,Co-Hg-Mg-Sr-W,10,4,es_only_independent,accepted,0,0.0,0.0,1,d5204b6911ad1340555a2651137c7dad5855c1d759a71744609c9faaa5518df8,b96705e77c7a02c354b88a706fbac4fefdd87fea0e336d8bad76cc5ce17ab338,443ade463a13c51e07bb04f1a4cd65fcf8bc751a10cd04992649d6db3b40e304,
component-final-2be2f768e7f5eb049fd06746,Cr-Fe-Lu-Pt-Sc,10,4,es_only_independent,accepted,0,0.0,0.0,1,d5204b6911ad1340555a2651137c7dad5855c1d759a71744609c9faaa5518df8,e17d467ad9ca5c7a9c567d1c5cd86e4e1878c9649f2fe49aeb542c7c58c24bfe,b503ac30f13c0208905e7e585e78c28e33d204e6976228964959777ec698bd9a,
component-final-8a19c13373fd3c674ccce939,Ho-In-Mg-Pd-Zr,10,4,es_only_independent,accepted,1,0.01,0.1,1,d5204b6911ad1340555a2651137c7dad5855c1d759a71744609c9faaa5518df8,a6401dc1abfb3b86d3ae3da3517b081fd506342682d9507fafd19de0a11e3914,7c03c3af0f68b31a3e1aabff63a78a941e2d0017bf1143761a4fa2daa1d48162,
component-final-f6214638a1db79afbf27a3fb,Al-Li-V,30,2,baseline_reference,accepted,3,0.11666666666666667,0.1,0,6a308686126804830c81a7d2a3495feda3b3a13b074b9958e0e6026759826516,73bb0b257de0ddf4344735c8db77d7b8adc7c339ee1fe04488057b5363ec3105,d8a749f5b72fb833eccd70c12481eb70d5efb8b325de84b522b32342c5c83f83,
component-final-4392e4c7d19e6976b5ab21fd,Al-V-Zn,30,2,baseline_reference,accepted,6,0.19555555555555557,0.2,0,6a308686126804830c81a7d2a3495feda3b3a13b074b9958e0e6026759826516,aa09ba4a8853db760cf2f41fb814a74d483efb4f34e5aa1ac364e318e4b114b3,625e09c2797684e6f98cf2b076525d9aaaeac1fca4fd8db5f3621738453c7f63,
component-final-1f8944d244c591a5133c83a5,Au-K-Tb,30,2,baseline_reference,accepted,6,0.13555555555555557,0.2,0,6a308686126804830c81a7d2a3495feda3b3a13b074b9958e0e6026759826516,e0b672be25f12c36b78a93681053291e58459e0d9fe80c14e774787aae644710,3692327289d424de887364c14fa1a536277587ab7bc01482ec31aa33d80b34c1,
component-final-34bf68933a7067cf956984ad,Co-Dy-W,30,2,baseline_reference,accepted,1,0.0077777777777777776,0.03333333333333333,0,6a308686126804830c81a7d2a3495feda3b3a13b074b9958e0e6026759826516,2b57a9fdca865e4278f04aae732061682796fd6ccb9a811d98a44c11c692ea0f,baa35c3044a08eb535a02b01e8cc9d756f3febd7fd1f77db75c138560d5d9903,
component-final-f37178b87de48778df92afc2,Co-Mg-Na,30,2,baseline_reference,accepted,0,0.0,0.0,0,6a308686126804830c81a7d2a3495feda3b3a13b074b9958e0e6026759826516,5325ed158522f13e39897dd07e66ce55250c2faea1f687c375e04e6ad9a44f0f,8b38e0ec8b300402027b800041943d46eaa6b5a0be0bd2bcbc3ea679fa29cd7f,
component-final-3c016f48b9e3c30f735dfc9c,Co-Pd-Tl,30,2,baseline_reference,unclaimed,,,,,,,,
component-final-0cbb5ebed238f72ad5c62449,Ga-Ho-Lu,30,2,baseline_reference,unclaimed,,,,,,,,
component-final-3c6948445e21517eab423ae6,Ga-Pt-Tm,30,2,baseline_reference,unclaimed,,,,,,,,
component-final-fd8319dc586213dd6bc760e8,Hf-Ni-Zr,30,2,baseline_reference,unclaimed,,,,,,,,
component-final-3a5edfb8dd0f377944af08c8,Mg-Sn-Sr,30,2,baseline_reference,accepted,25,0.8411111111111111,0.8333333333333334,0,6a308686126804830c81a7d2a3495feda3b3a13b074b9958e0e6026759826516,71c804dcff92608875e3340a511dddfc6015c028d1308fd4c625f1e2d9c00760,fcedffd2a86ea62abe3e2bdbe53f7cbbb1f577ff49f5f8d42de9b7403f5fdcbd,
component-final-785055a92bad3f47441a8c31,Au-Cr-Cs-Dy,30,2,baseline_reference,accepted,0,0.0,0.0,0,6a308686126804830c81a7d2a3495feda3b3a13b074b9958e0e6026759826516,c59ac84df84e3a2c363abfac111f81a392b80a5722790e85f213475b1f1bbc0b,e2dd2014d1261e1461f23886e28f84b36453289e35de93657af02d038c968d3d,
component-final-9d16b922c51bad3cf1aa6459,Au-Tb-V-Y,30,2,baseline_reference,accepted,0,0.0,0.0,0,6a308686126804830c81a7d2a3495feda3b3a13b074b9958e0e6026759826516,3b65cff8576521c9489ef07131c456cb28abc3f0461fad93029e27656f72b0c2,309787cd06062da2c37b4f1df7dab0bbe1324be941dcbb591a63c347718d50c6,
component-final-f02e294652a6be2cb0c0e8df,Ba-Be-Hf-Li,30,2,baseline_reference,claimed_pending,,,,,,,,
component-final-9db23e4e0c3a832a8b7577f9,Ba-Nd-Ni-W,30,2,baseline_reference,unclaimed,,,,,,,,
component-final-212b661316f3b94f1ea79fb3,Ca-Pd-Sn-W,30,2,baseline_reference,unclaimed,,,,,,,,
component-final-241d2e8d2ad3419e51decc61,Ce-Er-Pb-Rh,30,2,baseline_reference,unclaimed,,,,,,,,
component-final-188627f6389b79761c47b5c2,Ce-Ir-Pt-Sn,30,2,baseline_reference,unclaimed,,,,,,,,
component-final-7fce96d5579ac8f2f56a9aa0,Co-Dy-Ta-Y,30,2,baseline_reference,unclaimed,,,,,,,,
component-final-732a6f3c09a73563adb52258,Dy-K-Pd-Sm,30,2,baseline_reference,unclaimed,,,,,,,,
component-final-a49a4c282d5a170e433c0f2a,Eu-Nb-Sn-Tl,30,2,baseline_reference,unclaimed,,,,,,,,
component-final-0a2ed609bd3208be3fe30e81,Ag-Nd-Pd-Pt-Tb,30,2,baseline_reference,unclaimed,,,,,,,,
component-final-148b45c4868e959bc324e508,Al-Hg-K-Mg-W,30,2,baseline_reference,unclaimed,,,,,,,,
component-final-e6f722247860dd36941f8ccd,Al-Lu-Pt-Rb-Sm,30,2,baseline_reference,unclaimed,,,,,,,,
component-final-71f25137f3d6834e32b6c514,Ca-Fe-Gd-Pb-Tb,30,2,baseline_reference,unclaimed,,,,,,,,
component-final-dd3ca14faf19b05e4ead7e54,Cd-Gd-Mn-Na-Ta,30,2,baseline_reference,unclaimed,,,,,,,,
component-final-84831dd73b9e9aa088fcd87a,Cd-Li-Nd-Ti-W,30,2,baseline_reference,unclaimed,,,,,,,,
component-final-eaf7a6da4b091c961515d212,Co-Hf-In-Ru-Tm,30,2,baseline_reference,unclaimed,,,,,,,,
component-final-dfed5360380bcff918cb5dfd,Co-Hg-Mg-Sr-W,30,2,baseline_reference,unclaimed,,,,,,,,
component-final-c3b122ab58d33959f296e363,Cr-Fe-Lu-Pt-Sc,30,2,baseline_reference,unclaimed,,,,,,,,
component-final-7686c38cd7072771d09294ce,Ho-In-Mg-Pd-Zr,30,2,baseline_reference,unclaimed,,,,,,,,
component-final-df7cf57acdcd570fc0508301,Al-Li-V,30,2,es_only_independent,accepted,5,0.14777777777777779,0.16666666666666666,1,d5204b6911ad1340555a2651137c7dad5855c1d759a71744609c9faaa5518df8,489d1f315812ba924efbfd3b95ecff7b2d95650093aac733c574df342b3f29c4,f972fb33a4a5340adbd635275d2f0e01963799d4ef9edf430e12cfcb73bb41f5,
component-final-8874f137852209bfcd37fe44,Al-V-Zn,30,2,es_only_independent,accepted,4,0.15333333333333332,0.13333333333333333,1,d5204b6911ad1340555a2651137c7dad5855c1d759a71744609c9faaa5518df8,ea9c186a4d5e3935fe2598a84b4b5dd96f62904b667868a2c199a835efc4de96,175f627424610f0689080f407c5df7209d116462b79b193a590cb4cbc7bb78ee,
component-final-ad8ca5c5d760ec7d9a460f8d,Au-K-Tb,30,2,es_only_independent,accepted,2,0.06888888888888889,0.06666666666666667,1,d5204b6911ad1340555a2651137c7dad5855c1d759a71744609c9faaa5518df8,24360710e915bdd27ed19f000434670adfaac0a3e188e838f9cbf5d0c5fa8c1f,24422d197745ed5a23093adc0d26b7d4cdbc03ccf66cb9093beba7a76a6492fb,
component-final-d1d7ac8e00a77426956b541c,Co-Dy-W,30,2,es_only_independent,accepted,0,0.0,0.0,1,d5204b6911ad1340555a2651137c7dad5855c1d759a71744609c9faaa5518df8,2888c4160622692aab032dd37e10077a892701af6f79033b00911e0f7aee80b7,4da6ba94eb1984a09b64b996f58978196ee41ceca3ba67335a74e24a84914e73,
component-final-80124dcba1ab56c7a729e83a,Co-Mg-Na,30,2,es_only_independent,accepted,0,0.0,0.0,1,d5204b6911ad1340555a2651137c7dad5855c1d759a71744609c9faaa5518df8,77c6f19fa3f4d1b3c2902c329d3f6fde931ad9ce7ec49634c028cfb5ed2a0b33,8df4a22041b759800d4b9e50ebd93bcf45d4346f12204f28c9128eef07d9c1a0,
component-final-557bfb42e23b3bc5b47f831e,Co-Pd-Tl,30,2,es_only_independent,accepted,0,0.0,0.0,1,d5204b6911ad1340555a2651137c7dad5855c1d759a71744609c9faaa5518df8,15ef6a6a9eb2b28c6f6ccb5cd5c5d74bd9f3ccadd90a445332054bdf67defd61,b3983ca4569756281dc86579f335446797bf56bbd347c7a173bd173bffe314fb,
component-final-8e961625e5f8d2262b53b613,Ga-Ho-Lu,30,2,es_only_independent,unclaimed,,,,,,,,
component-final-73bed6e410117ef9f0c2e847,Ga-Pt-Tm,30,2,es_only_independent,accepted,9,0.37222222222222223,0.3,1,d5204b6911ad1340555a2651137c7dad5855c1d759a71744609c9faaa5518df8,24c80d64dc514a979f8be8cb3fa30823d1f71e5dcc4b523450d318f6c5f8052a,37db6b2cf0c187f8c4f48a0bdb7f4d48933de8852c385f77f1d3eda841a15790,
component-final-372be738f4dd33b2e53977d6,Hf-Ni-Zr,30,2,es_only_independent,accepted,7,0.24555555555555555,0.23333333333333334,1,d5204b6911ad1340555a2651137c7dad5855c1d759a71744609c9faaa5518df8,2099e7924847c41e399dc44e13546121b701a6db7002a9dcb3bf2c8d684b1806,5ee1ec3c525170e654724ec76e48633a485ecc6ffc5a95652d54a06ad07f3d60,
component-final-9dee8e34bf5bc70d4bac4cd3,Mg-Sn-Sr,30,2,es_only_independent,unclaimed,,,,,,,,
component-final-f4a3709e5664ecb9c4b2b3ce,Au-Cr-Cs-Dy,30,2,es_only_independent,unclaimed,,,,,,,,
component-final-3f8fc5afd0b271bd7b06a4e9,Au-Tb-V-Y,30,2,es_only_independent,unclaimed,,,,,,,,
component-final-dd13c6c7073de0c9cf3f0c0c,Ba-Be-Hf-Li,30,2,es_only_independent,unclaimed,,,,,,,,
component-final-efa1b1fe91f5b5e16b1fe929,Ba-Nd-Ni-W,30,2,es_only_independent,accepted,0,0.0,0.0,1,d5204b6911ad1340555a2651137c7dad5855c1d759a71744609c9faaa5518df8,894b4e6035bac811e66d21af8f311f42638b36a2fee98f11122b5cbf09c898b2,284fa969d2b8cbb8baaa142af81962b70d33a68ff37edb0721d25470889f45ac,
component-final-aef2b53ba0639b7541b64ed2,Ca-Pd-Sn-W,30,2,es_only_independent,accepted,0,0.0,0.0,1,d5204b6911ad1340555a2651137c7dad5855c1d759a71744609c9faaa5518df8,6d3fb6638101c0399dbfdc5095a228fbfd5b7d200bf4fe1501480fe7fe492f77,ee16c7367898e77f90fad321171ff6bb7847b4e91e74bdadf1c6a1302d1c21d1,
component-final-68401460dd6e5f419d63fe88,Ce-Er-Pb-Rh,30,2,es_only_independent,accepted,4,0.14888888888888888,0.13333333333333333,1,d5204b6911ad1340555a2651137c7dad5855c1d759a71744609c9faaa5518df8,1c0d310cf2b97cc11f89337e98c625a427b74d759e8a4a2c70e149e26eb7acd7,5029828f69b3972dba958f10c5fbb571bd4d5bc9542ee73d2cdfc0edd5019198,
component-final-a45a4bd5eb11128378c38332,Ce-Ir-Pt-Sn,30,2,es_only_independent,accepted,0,0.0,0.0,1,d5204b6911ad1340555a2651137c7dad5855c1d759a71744609c9faaa5518df8,0d738c5849909255b45dcf918633cbddca5068600a3f5e25d490fff0cbaaf99f,2a81a7c136cf8cdd3174aa67a82e31ad107b7f4651f2d8565ec1581334724479,
component-final-803f2f839d36223abbed9b07,Co-Dy-Ta-Y,30,2,es_only_independent,accepted,3,0.06777777777777778,0.1,1,d5204b6911ad1340555a2651137c7dad5855c1d759a71744609c9faaa5518df8,c2f7b1bba7ec1a3a700649631cb409a19fbbf270424350db26510e5f0f7b8275,90e08dd7817820a0d103cefe3042b5004f2f22f8108f86cf34599e65165694ed,
component-final-667a1d715e89e7c6e99984d4,Dy-K-Pd-Sm,30,2,es_only_independent,claimed_pending,,,,,,,,
component-final-f36344dc7cbf03e3c2fdc0e5,Eu-Nb-Sn-Tl,30,2,es_only_independent,unclaimed,,,,,,,,
component-final-1002463de2d3e27ef7813c08,Ag-Nd-Pd-Pt-Tb,30,2,es_only_independent,unclaimed,,,,,,,,
component-final-9974e7800ac453b1339924fe,Al-Hg-K-Mg-W,30,2,es_only_independent,unclaimed,,,,,,,,
component-final-e3becbd6b20693d4b0422a05,Al-Lu-Pt-Rb-Sm,30,2,es_only_independent,unclaimed,,,,,,,,
component-final-fe9df120e7ab6474425e5b15,Ca-Fe-Gd-Pb-Tb,30,2,es_only_independent,unclaimed,,,,,,,,
component-final-e639a9cf3e2f93db1d9112f6,Cd-Gd-Mn-Na-Ta,30,2,es_only_independent,unclaimed,,,,,,,,
component-final-2353d6b97e1b459c7001e956,Cd-Li-Nd-Ti-W,30,2,es_only_independent,unclaimed,,,,,,,,
component-final-feee17d66a1cecd69e494712,Co-Hf-In-Ru-Tm,30,2,es_only_independent,unclaimed,,,,,,,,
component-final-ab38facce5e6ceff15abed56,Co-Hg-Mg-Sr-W,30,2,es_only_independent,unclaimed,,,,,,,,
component-final-00b47dc6e25c4b16037e5ac5,Cr-Fe-Lu-Pt-Sc,30,2,es_only_independent,unclaimed,,,,,,,,
component-final-0591d271496a29335d1d4471,Ho-In-Mg-Pd-Zr,30,2,es_only_independent,unclaimed,,,,,,,,
component-final-cbc6ff396738a400e4349dec,Al-Li-V,30,3,baseline_reference,unclaimed,,,,,,,,
component-final-3a4d4b55f2a3f754633dc96d,Al-V-Zn,30,3,baseline_reference,unclaimed,,,,,,,,
component-final-4d25de6f929b883924b65229,Au-K-Tb,30,3,baseline_reference,unclaimed,,,,,,,,
component-final-1c4d61ebe1301c61dc8020ec,Co-Dy-W,30,3,baseline_reference,unclaimed,,,,,,,,
component-final-45ff576df7080b449aad1f92,Co-Mg-Na,30,3,baseline_reference,unclaimed,,,,,,,,
component-final-938bd181bae0be1b9cf1b3a2,Co-Pd-Tl,30,3,baseline_reference,unclaimed,,,,,,,,
component-final-78a69f53c52da7048f53409c,Ga-Ho-Lu,30,3,baseline_reference,unclaimed,,,,,,,,
component-final-d4c3a91e71ecc76f3b9b4194,Ga-Pt-Tm,30,3,baseline_reference,unclaimed,,,,,,,,
component-final-aaa87edabd36fb39bbcc66a5,Hf-Ni-Zr,30,3,baseline_reference,unclaimed,,,,,,,,
component-final-32a55f3dc7f194a4a39da2bd,Mg-Sn-Sr,30,3,baseline_reference,unclaimed,,,,,,,,
component-final-8b09825eaad57bec4651dc64,Au-Cr-Cs-Dy,30,3,baseline_reference,unclaimed,,,,,,,,
component-final-c948932400e6742438fdd30d,Au-Tb-V-Y,30,3,baseline_reference,unclaimed,,,,,,,,
component-final-bd0c6fa71643e365aa0ca10b,Ba-Be-Hf-Li,30,3,baseline_reference,unclaimed,,,,,,,,
component-final-fecf899eec1c8223ad24f26b,Ba-Nd-Ni-W,30,3,baseline_reference,unclaimed,,,,,,,,
component-final-576f4ca620f55ff845c008d5,Ca-Pd-Sn-W,30,3,baseline_reference,unclaimed,,,,,,,,
component-final-28b0d51c7189afa1c80bb146,Ce-Er-Pb-Rh,30,3,baseline_reference,unclaimed,,,,,,,,
component-final-39f0cdec4345c240acc170c6,Ce-Ir-Pt-Sn,30,3,baseline_reference,unclaimed,,,,,,,,
component-final-3b52b8cc1f9b5b59ee944671,Co-Dy-Ta-Y,30,3,baseline_reference,unclaimed,,,,,,,,
component-final-d5cb66a5dee23257beb412e9,Dy-K-Pd-Sm,30,3,baseline_reference,unclaimed,,,,,,,,
component-final-a5c03fc5777c9e33716907c4,Eu-Nb-Sn-Tl,30,3,baseline_reference,unclaimed,,,,,,,,
component-final-8a4e2f9653d2e086bbcf9bab,Ag-Nd-Pd-Pt-Tb,30,3,baseline_reference,unclaimed,,,,,,,,
component-final-bc74a33a63d044dd37c16137,Al-Hg-K-Mg-W,30,3,baseline_reference,unclaimed,,,,,,,,
component-final-5a6ed77252eb29f021e20fae,Al-Lu-Pt-Rb-Sm,30,3,baseline_reference,unclaimed,,,,,,,,
component-final-9f7468ced817292b3d957f3a,Ca-Fe-Gd-Pb-Tb,30,3,baseline_reference,unclaimed,,,,,,,,
component-final-9327e12aa976f01d4c15ccad,Cd-Gd-Mn-Na-Ta,30,3,baseline_reference,unclaimed,,,,,,,,
component-final-66342bbfc1fe3b32a3e917e9,Cd-Li-Nd-Ti-W,30,3,baseline_reference,unclaimed,,,,,,,,
component-final-7ff8ffba9663a7d1e2718a85,Co-Hf-In-Ru-Tm,30,3,baseline_reference,unclaimed,,,,,,,,
component-final-0fc23a0f1189eb9e5091153d,Co-Hg-Mg-Sr-W,30,3,baseline_reference,unclaimed,,,,,,,,
component-final-64d06fa173a52f18764dc3a9,Cr-Fe-Lu-Pt-Sc,30,3,baseline_reference,unclaimed,,,,,,,,
component-final-ef58d26b1dcaed7a10dcde43,Ho-In-Mg-Pd-Zr,30,3,baseline_reference,unclaimed,,,,,,,,
component-final-58be177d40a369fa21b46467,Al-Li-V,30,3,es_only_independent,unclaimed,,,,,,,,
component-final-a7c299031f86283f4d78cdbc,Al-V-Zn,30,3,es_only_independent,unclaimed,,,,,,,,
component-final-ccf83cfe979a68596b520894,Au-K-Tb,30,3,es_only_independent,unclaimed,,,,,,,,
component-final-5ca584f4906535e61af90799,Co-Dy-W,30,3,es_only_independent,unclaimed,,,,,,,,
component-final-d3b11a1f0b24e0e57b3207ef,Co-Mg-Na,30,3,es_only_independent,unclaimed,,,,,,,,
component-final-c24aac4d6cf6090ca0a21ba2,Co-Pd-Tl,30,3,es_only_independent,unclaimed,,,,,,,,
component-final-7c9b36d1e7a1d8379e4034ff,Ga-Ho-Lu,30,3,es_only_independent,unclaimed,,,,,,,,
component-final-36ebde28e20c058d0e240e7b,Ga-Pt-Tm,30,3,es_only_independent,unclaimed,,,,,,,,
component-final-cafd8381cabe456b8c63f99d,Hf-Ni-Zr,30,3,es_only_independent,unclaimed,,,,,,,,
component-final-f932806bc1f23ced20e23329,Mg-Sn-Sr,30,3,es_only_independent,unclaimed,,,,,,,,
component-final-6b594c7590a07c4785333527,Au-Cr-Cs-Dy,30,3,es_only_independent,unclaimed,,,,,,,,
component-final-d21c0b3a1bbacccb096910d2,Au-Tb-V-Y,30,3,es_only_independent,unclaimed,,,,,,,,
component-final-8a953376222e7c80674c9363,Ba-Be-Hf-Li,30,3,es_only_independent,unclaimed,,,,,,,,
component-final-a1d6f8768d32c08eae8ef859,Ba-Nd-Ni-W,30,3,es_only_independent,unclaimed,,,,,,,,
component-final-2c9f3dc1268ade034f5f985b,Ca-Pd-Sn-W,30,3,es_only_independent,unclaimed,,,,,,,,
component-final-018a931d7f831eec534bbf47,Ce-Er-Pb-Rh,30,3,es_only_independent,unclaimed,,,,,,,,
component-final-cc7a1a07f16f8dff6fddf52d,Ce-Ir-Pt-Sn,30,3,es_only_independent,unclaimed,,,,,,,,
component-final-4e451d0bdff51d82f963c7bf,Co-Dy-Ta-Y,30,3,es_only_independent,unclaimed,,,,,,,,
component-final-66fdff51bad1a3515d80d696,Dy-K-Pd-Sm,30,3,es_only_independent,unclaimed,,,,,,,,
component-final-ae89c3d99fb34f9a361fe0c0,Eu-Nb-Sn-Tl,30,3,es_only_independent,unclaimed,,,,,,,,
component-final-b8ed82b44f6dd3dc956b12d3,Ag-Nd-Pd-Pt-Tb,30,3,es_only_independent,unclaimed,,,,,,,,
component-final-b13a4fa7fd8442e523e392d0,Al-Hg-K-Mg-W,30,3,es_only_independent,unclaimed,,,,,,,,
component-final-1fc96b9081f81133c4a204b6,Al-Lu-Pt-Rb-Sm,30,3,es_only_independent,unclaimed,,,,,,,,
component-final-9f003d7229d69ce2aa6c7317,Ca-Fe-Gd-Pb-Tb,30,3,es_only_independent,unclaimed,,,,,,,,
component-final-3e7d1121262df1cc9cd2052d,Cd-Gd-Mn-Na-Ta,30,3,es_only_independent,unclaimed,,,,,,,,
component-final-66a0622a634c791a9583f8a7,Cd-Li-Nd-Ti-W,30,3,es_only_independent,unclaimed,,,,,,,,
component-final-5514d6d213d5405f70f3cee9,Co-Hf-In-Ru-Tm,30,3,es_only_independent,unclaimed,,,,,,,,
component-final-4e811f768371930745ad2dba,Co-Hg-Mg-Sr-W,30,3,es_only_independent,unclaimed,,,,,,,,
component-final-38c73e290a92136062cbc360,Cr-Fe-Lu-Pt-Sc,30,3,es_only_independent,unclaimed,,,,,,,,
component-final-5af9ab7c1e4c718a6172a907,Ho-In-Mg-Pd-Zr,30,3,es_only_independent,unclaimed,,,,,,,,
component-final-d08bc544246528fa8a5707ad,Al-Li-V,30,4,baseline_reference,unclaimed,,,,,,,,
component-final-b98be165502be2ccf97b0848,Al-V-Zn,30,4,baseline_reference,unclaimed,,,,,,,,
component-final-bf2317f5277c190b4dc60657,Au-K-Tb,30,4,baseline_reference,unclaimed,,,,,,,,
component-final-44801eff553c54f9245c8900,Co-Dy-W,30,4,baseline_reference,unclaimed,,,,,,,,
component-final-ef01ab49b82e0b63a8549326,Co-Mg-Na,30,4,baseline_reference,unclaimed,,,,,,,,
component-final-858cc980ffbb15e75496315c,Co-Pd-Tl,30,4,baseline_reference,unclaimed,,,,,,,,
component-final-a60a68e9715811209c5bc620,Ga-Ho-Lu,30,4,baseline_reference,unclaimed,,,,,,,,
component-final-2cb6b4a174de8a896616e843,Ga-Pt-Tm,30,4,baseline_reference,unclaimed,,,,,,,,
component-final-e39efbcee8ea2b56b89fb133,Hf-Ni-Zr,30,4,baseline_reference,unclaimed,,,,,,,,
component-final-e21026fb0c85d7adaac73673,Mg-Sn-Sr,30,4,baseline_reference,unclaimed,,,,,,,,
component-final-d22449188dd1ade9bd767642,Au-Cr-Cs-Dy,30,4,baseline_reference,unclaimed,,,,,,,,
component-final-ee3d0c0d3115e12b82cd2607,Au-Tb-V-Y,30,4,baseline_reference,unclaimed,,,,,,,,
component-final-9e16cb0929902ed8a9a6b082,Ba-Be-Hf-Li,30,4,baseline_reference,unclaimed,,,,,,,,
component-final-ab2d346070ee545113658a0d,Ba-Nd-Ni-W,30,4,baseline_reference,unclaimed,,,,,,,,
component-final-3c8c1c5cd085e072c9d8ca37,Ca-Pd-Sn-W,30,4,baseline_reference,unclaimed,,,,,,,,
component-final-8cdcf815a40004a161befef5,Ce-Er-Pb-Rh,30,4,baseline_reference,unclaimed,,,,,,,,
component-final-b6b47a5a1810156a4e601032,Ce-Ir-Pt-Sn,30,4,baseline_reference,unclaimed,,,,,,,,
component-final-4fe60832a9a9d477a5e97ecf,Co-Dy-Ta-Y,30,4,baseline_reference,unclaimed,,,,,,,,
component-final-19a2a1c14543cb9a7f8e28df,Dy-K-Pd-Sm,30,4,baseline_reference,unclaimed,,,,,,,,
component-final-bf64220f9cac298b5f07b0a8,Eu-Nb-Sn-Tl,30,4,baseline_reference,unclaimed,,,,,,,,
component-final-9d6cfc17143488d8e425f68e,Ag-Nd-Pd-Pt-Tb,30,4,baseline_reference,unclaimed,,,,,,,,
component-final-fa55ffc508c60aa012030765,Al-Hg-K-Mg-W,30,4,baseline_reference,unclaimed,,,,,,,,
component-final-b378579e0c49a807328a4568,Al-Lu-Pt-Rb-Sm,30,4,baseline_reference,unclaimed,,,,,,,,
component-final-c609f78cd102f09d1b6ba86e,Ca-Fe-Gd-Pb-Tb,30,4,baseline_reference,unclaimed,,,,,,,,
component-final-546b9c8cbabbd8a439aaf1e0,Cd-Gd-Mn-Na-Ta,30,4,baseline_reference,unclaimed,,,,,,,,
component-final-8c6c19db9bfab8f3e97f6c2c,Cd-Li-Nd-Ti-W,30,4,baseline_reference,unclaimed,,,,,,,,
component-final-79ded249894e6ce04813ca2e,Co-Hf-In-Ru-Tm,30,4,baseline_reference,unclaimed,,,,,,,,
component-final-0df479e9f6776c8688649a6d,Co-Hg-Mg-Sr-W,30,4,baseline_reference,unclaimed,,,,,,,,
component-final-7595501066c14ce8b8ad2b9a,Cr-Fe-Lu-Pt-Sc,30,4,baseline_reference,unclaimed,,,,,,,,
component-final-08af96971963de142d038e95,Ho-In-Mg-Pd-Zr,30,4,baseline_reference,unclaimed,,,,,,,,
component-final-6c43a8ad6e7ac2d536a7dfa1,Al-Li-V,30,4,es_only_independent,unclaimed,,,,,,,,
component-final-65bbb14d20259ca52f8e0fef,Al-V-Zn,30,4,es_only_independent,unclaimed,,,,,,,,
component-final-6ae6ea48202a324bb3749493,Au-K-Tb,30,4,es_only_independent,unclaimed,,,,,,,,
component-final-c7adf528de41593b60e7e27b,Co-Dy-W,30,4,es_only_independent,unclaimed,,,,,,,,
component-final-82ecf362369f2614190295cb,Co-Mg-Na,30,4,es_only_independent,unclaimed,,,,,,,,
component-final-298d4cb10ffa373e990c87a4,Co-Pd-Tl,30,4,es_only_independent,unclaimed,,,,,,,,
component-final-e95703311827318c0ea057fc,Ga-Ho-Lu,30,4,es_only_independent,unclaimed,,,,,,,,
component-final-096a9165c4b08bbedf4a30d7,Ga-Pt-Tm,30,4,es_only_independent,unclaimed,,,,,,,,
component-final-957c316eacfff0da5e9ce463,Hf-Ni-Zr,30,4,es_only_independent,unclaimed,,,,,,,,
component-final-5c9f803a2a080103d64d257c,Mg-Sn-Sr,30,4,es_only_independent,unclaimed,,,,,,,,
component-final-658d4a1a9ff914837dbebf8f,Au-Cr-Cs-Dy,30,4,es_only_independent,unclaimed,,,,,,,,
component-final-685ccc4f5ed48465b5638e20,Au-Tb-V-Y,30,4,es_only_independent,unclaimed,,,,,,,,
component-final-5e7b6d4a9ec5448b8ae87e77,Ba-Be-Hf-Li,30,4,es_only_independent,unclaimed,,,,,,,,
component-final-3e83f56e1d703f67f7b523ab,Ba-Nd-Ni-W,30,4,es_only_independent,unclaimed,,,,,,,,
component-final-5f425e7237c4bf36316eff4c,Ca-Pd-Sn-W,30,4,es_only_independent,unclaimed,,,,,,,,
component-final-53f79382a1dc776949b0ea25,Ce-Er-Pb-Rh,30,4,es_only_independent,unclaimed,,,,,,,,
component-final-c71def9d70e1eae6d3427e34,Ce-Ir-Pt-Sn,30,4,es_only_independent,unclaimed,,,,,,,,
component-final-5ae35de033011443522a7d17,Co-Dy-Ta-Y,30,4,es_only_independent,unclaimed,,,,,,,,
component-final-c038f67b1ce435e913fd4736,Dy-K-Pd-Sm,30,4,es_only_independent,unclaimed,,,,,,,,
component-final-6b0d3464ec8b80b026d2fd9b,Eu-Nb-Sn-Tl,30,4,es_only_independent,unclaimed,,,,,,,,
component-final-5d82de47a70f7e10e3000ccc,Ag-Nd-Pd-Pt-Tb,30,4,es_only_independent,unclaimed,,,,,,,,
component-final-e61e8c283444df93f8ff0115,Al-Hg-K-Mg-W,30,4,es_only_independent,unclaimed,,,,,,,,
component-final-884058437d3d4446a0a20c80,Al-Lu-Pt-Rb-Sm,30,4,es_only_independent,unclaimed,,,,,,,,
component-final-2d479aced36c9a7bb5fb865e,Ca-Fe-Gd-Pb-Tb,30,4,es_only_independent,unclaimed,,,,,,,,
component-final-5101a62ac237ff89012a9a3c,Cd-Gd-Mn-Na-Ta,30,4,es_only_independent,unclaimed,,,,,,,,
component-final-ed06d70b8d84f4d39fa1cdc1,Cd-Li-Nd-Ti-W,30,4,es_only_independent,unclaimed,,,,,,,,
component-final-b7a0f995b01ca61e793c3e84,Co-Hf-In-Ru-Tm,30,4,es_only_independent,unclaimed,,,,,,,,
component-final-fa5ceb4f4f512872a9f6b75d,Co-Hg-Mg-Sr-W,30,4,es_only_independent,unclaimed,,,,,,,,
component-final-479e4dd55c4b49b4838d567d,Cr-Fe-Lu-Pt-Sc,30,4,es_only_independent,unclaimed,,,,,,,,
component-final-c91ddba3388b17dbf0ecfb89,Ho-In-Mg-Pd-Zr,30,4,es_only_independent,unclaimed,,,,,,,,
component-final-7a5964a0e117dcd07a206cc3,Al-Li-V,50,2,baseline_reference,accepted,4,0.116,0.08,0,6a308686126804830c81a7d2a3495feda3b3a13b074b9958e0e6026759826516,ecc84d591ba9bf07a7f1b6c6c813a41ee64f77d9fd95fd3e2f6af860912482e0,51091e82382ff8a3df1af669644a55ebf90e12ce1eae466d82e8a28026d04d04,
component-final-028f03ed00428701be3d4a68,Al-V-Zn,50,2,baseline_reference,unclaimed,,,,,,,,
component-final-ec9651407c85e64a00380e59,Au-K-Tb,50,2,baseline_reference,unclaimed,,,,,,,,
component-final-7e2cfea812e288b279fd40df,Co-Dy-W,50,2,baseline_reference,unclaimed,,,,,,,,
component-final-bf89f31419e5a14c7ce019bc,Co-Mg-Na,50,2,baseline_reference,unclaimed,,,,,,,,
component-final-f48beb8b6ec4be0c8f7cdc0e,Co-Pd-Tl,50,2,baseline_reference,unclaimed,,,,,,,,
component-final-9c2fd6f5091cb4f1e5efa7aa,Ga-Ho-Lu,50,2,baseline_reference,unclaimed,,,,,,,,
component-final-3d7c94b1bf27d7087f65b18e,Ga-Pt-Tm,50,2,baseline_reference,unclaimed,,,,,,,,
component-final-c44174545fc01385b53c0bac,Hf-Ni-Zr,50,2,baseline_reference,unclaimed,,,,,,,,
component-final-7441ccb3319eac728ec6d399,Mg-Sn-Sr,50,2,baseline_reference,unclaimed,,,,,,,,
component-final-06bd5438a779b49e70ddaf6f,Au-Cr-Cs-Dy,50,2,baseline_reference,unclaimed,,,,,,,,
component-final-e35de8bbba904945a9e84aa1,Au-Tb-V-Y,50,2,baseline_reference,unclaimed,,,,,,,,
component-final-7611752eaaec0c5864fb1d1e,Ba-Be-Hf-Li,50,2,baseline_reference,unclaimed,,,,,,,,
component-final-fa71c0e51e6b9893f3af2df3,Ba-Nd-Ni-W,50,2,baseline_reference,unclaimed,,,,,,,,
component-final-e19cd9f7e97432a255fbf5a9,Ca-Pd-Sn-W,50,2,baseline_reference,unclaimed,,,,,,,,
component-final-0893e9cce91a086af976d183,Ce-Er-Pb-Rh,50,2,baseline_reference,unclaimed,,,,,,,,
component-final-79fd9bd786a704b7ec37125e,Ce-Ir-Pt-Sn,50,2,baseline_reference,unclaimed,,,,,,,,
component-final-28aa50e55dc043a240aa6cb8,Co-Dy-Ta-Y,50,2,baseline_reference,unclaimed,,,,,,,,
component-final-5ed3de86688d2c527ff025eb,Dy-K-Pd-Sm,50,2,baseline_reference,unclaimed,,,,,,,,
component-final-ddaf0d8b340bcf46a6a01925,Eu-Nb-Sn-Tl,50,2,baseline_reference,unclaimed,,,,,,,,
component-final-491a3685cb90d0544e84c5e9,Ag-Nd-Pd-Pt-Tb,50,2,baseline_reference,unclaimed,,,,,,,,
component-final-936447279366ee0dda2e4339,Al-Hg-K-Mg-W,50,2,baseline_reference,unclaimed,,,,,,,,
component-final-7b1dcf52fc354a2b2f976fa0,Al-Lu-Pt-Rb-Sm,50,2,baseline_reference,unclaimed,,,,,,,,
component-final-c67407e9c1af99917df90d84,Ca-Fe-Gd-Pb-Tb,50,2,baseline_reference,unclaimed,,,,,,,,
component-final-c386949ececf084c340384eb,Cd-Gd-Mn-Na-Ta,50,2,baseline_reference,unclaimed,,,,,,,,
component-final-cca4084fed00bfa21ba1ede9,Cd-Li-Nd-Ti-W,50,2,baseline_reference,unclaimed,,,,,,,,
component-final-57746d7977e8eb01a8ae8f60,Co-Hf-In-Ru-Tm,50,2,baseline_reference,unclaimed,,,,,,,,
component-final-4fd5f65fdbfad64c7c11da55,Co-Hg-Mg-Sr-W,50,2,baseline_reference,unclaimed,,,,,,,,
component-final-cca143f4aa5ca6373c4b061b,Cr-Fe-Lu-Pt-Sc,50,2,baseline_reference,unclaimed,,,,,,,,
component-final-5ece7b447ff88e9612b83689,Ho-In-Mg-Pd-Zr,50,2,baseline_reference,unclaimed,,,,,,,,
component-final-26903ccc619bcc62933c486d,Al-Li-V,50,2,es_only_independent,unclaimed,,,,,,,,
component-final-9140cd69af9759f2b30ef340,Al-V-Zn,50,2,es_only_independent,unclaimed,,,,,,,,
component-final-4ccbb281f53baf584f81f578,Au-K-Tb,50,2,es_only_independent,unclaimed,,,,,,,,
component-final-7396c02ff59e1603169cc8fb,Co-Dy-W,50,2,es_only_independent,unclaimed,,,,,,,,
component-final-f456668737b5de90de86eedf,Co-Mg-Na,50,2,es_only_independent,unclaimed,,,,,,,,
component-final-319d0ce2d0037fae76d96034,Co-Pd-Tl,50,2,es_only_independent,unclaimed,,,,,,,,
component-final-46648926182203a3e2e6e820,Ga-Ho-Lu,50,2,es_only_independent,unclaimed,,,,,,,,
component-final-3b2d758b8d8db6705d56fa50,Ga-Pt-Tm,50,2,es_only_independent,unclaimed,,,,,,,,
component-final-aad99d58c6efe286b3cbb9ef,Hf-Ni-Zr,50,2,es_only_independent,unclaimed,,,,,,,,
component-final-2bf1ea65178642046e10c7cc,Mg-Sn-Sr,50,2,es_only_independent,unclaimed,,,,,,,,
component-final-04352927422597e234f9dfff,Au-Cr-Cs-Dy,50,2,es_only_independent,unclaimed,,,,,,,,
component-final-471bb8e3ff66d59747726f1f,Au-Tb-V-Y,50,2,es_only_independent,unclaimed,,,,,,,,
component-final-aadb5eb57da8cc0d69d1a0e1,Ba-Be-Hf-Li,50,2,es_only_independent,unclaimed,,,,,,,,
component-final-e3e53f5ead663a53050d744f,Ba-Nd-Ni-W,50,2,es_only_independent,unclaimed,,,,,,,,
component-final-228a2826e5678c28fbe155ad,Ca-Pd-Sn-W,50,2,es_only_independent,unclaimed,,,,,,,,
component-final-3f203b430e3dd727d7b09bd2,Ce-Er-Pb-Rh,50,2,es_only_independent,unclaimed,,,,,,,,
component-final-ed90284199a94b2786c4329f,Ce-Ir-Pt-Sn,50,2,es_only_independent,unclaimed,,,,,,,,
component-final-cb0efbe9c0655cba272f5aef,Co-Dy-Ta-Y,50,2,es_only_independent,unclaimed,,,,,,,,
component-final-c8ea3eea2dd5c2403764d8bf,Dy-K-Pd-Sm,50,2,es_only_independent,unclaimed,,,,,,,,
component-final-7b01948d525b0c5e02854814,Eu-Nb-Sn-Tl,50,2,es_only_independent,unclaimed,,,,,,,,
component-final-70ddd48f65bba3d4db8b7c82,Ag-Nd-Pd-Pt-Tb,50,2,es_only_independent,unclaimed,,,,,,,,
component-final-d80414f1e47e5d0a4dd6e368,Al-Hg-K-Mg-W,50,2,es_only_independent,unclaimed,,,,,,,,
component-final-89b4ce6b7d7ffcb2f6a74b63,Al-Lu-Pt-Rb-Sm,50,2,es_only_independent,unclaimed,,,,,,,,
component-final-8fca6b1413736abaf3d0d31e,Ca-Fe-Gd-Pb-Tb,50,2,es_only_independent,unclaimed,,,,,,,,
component-final-27e65b087dd98c11016f926b,Cd-Gd-Mn-Na-Ta,50,2,es_only_independent,unclaimed,,,,,,,,
component-final-61312885f08a500f3d6a183c,Cd-Li-Nd-Ti-W,50,2,es_only_independent,unclaimed,,,,,,,,
component-final-c81ae1ac75ff1c8a4711101d,Co-Hf-In-Ru-Tm,50,2,es_only_independent,unclaimed,,,,,,,,
component-final-d305827e9c833020462d8e9e,Co-Hg-Mg-Sr-W,50,2,es_only_independent,unclaimed,,,,,,,,
component-final-4ceaa50023effad9d82e9276,Cr-Fe-Lu-Pt-Sc,50,2,es_only_independent,unclaimed,,,,,,,,
component-final-29b37a5356dae525305b00e3,Ho-In-Mg-Pd-Zr,50,2,es_only_independent,unclaimed,,,,,,,,
component-final-e10d952bb47ed91dc60671d8,Al-Li-V,50,3,baseline_reference,claimed_pending,,,,,,,,
component-final-0cbbef73aa240f0562db64f3,Al-V-Zn,50,3,baseline_reference,unclaimed,,,,,,,,
component-final-48580ce0c5131f07d6c4fed3,Au-K-Tb,50,3,baseline_reference,unclaimed,,,,,,,,
component-final-a72d161952afe4619ff8d7c6,Co-Dy-W,50,3,baseline_reference,unclaimed,,,,,,,,
component-final-c1bcb9ab87d665ea51c6a610,Co-Mg-Na,50,3,baseline_reference,unclaimed,,,,,,,,
component-final-af5f71b494214fbd4f292316,Co-Pd-Tl,50,3,baseline_reference,unclaimed,,,,,,,,
component-final-5963ce0176c0be1cc79e19b1,Ga-Ho-Lu,50,3,baseline_reference,unclaimed,,,,,,,,
component-final-c05fcc603fab38528b53dead,Ga-Pt-Tm,50,3,baseline_reference,unclaimed,,,,,,,,
component-final-6dc6dbec44cf5a2215114099,Hf-Ni-Zr,50,3,baseline_reference,unclaimed,,,,,,,,
component-final-6999886e195ed26b38ef2ef4,Mg-Sn-Sr,50,3,baseline_reference,unclaimed,,,,,,,,
component-final-9678caa29da84ee1f866a14e,Au-Cr-Cs-Dy,50,3,baseline_reference,unclaimed,,,,,,,,
component-final-03693820646f6f19f148cda8,Au-Tb-V-Y,50,3,baseline_reference,unclaimed,,,,,,,,
component-final-30b304a7fd2cab054420192d,Ba-Be-Hf-Li,50,3,baseline_reference,unclaimed,,,,,,,,
component-final-c7cd4e65d9efaf5be34fd2e3,Ba-Nd-Ni-W,50,3,baseline_reference,unclaimed,,,,,,,,
component-final-49f10955bbd887c1396edefe,Ca-Pd-Sn-W,50,3,baseline_reference,unclaimed,,,,,,,,
component-final-3da4f969ee590117cebf554c,Ce-Er-Pb-Rh,50,3,baseline_reference,unclaimed,,,,,,,,
component-final-524673a1b6310d265e41c9d4,Ce-Ir-Pt-Sn,50,3,baseline_reference,unclaimed,,,,,,,,
component-final-42c6cf0ab40d377c37b24f5a,Co-Dy-Ta-Y,50,3,baseline_reference,unclaimed,,,,,,,,
component-final-04824d3932be6ae98c470385,Dy-K-Pd-Sm,50,3,baseline_reference,unclaimed,,,,,,,,
component-final-6f4947cb53dd66314353b126,Eu-Nb-Sn-Tl,50,3,baseline_reference,unclaimed,,,,,,,,
component-final-e1d3c6f1d3ab19ee65e9d7dd,Ag-Nd-Pd-Pt-Tb,50,3,baseline_reference,unclaimed,,,,,,,,
component-final-e44c2cc6a8e13c35cb4f41b6,Al-Hg-K-Mg-W,50,3,baseline_reference,unclaimed,,,,,,,,
component-final-756b92dc50fa2dc20ede95de,Al-Lu-Pt-Rb-Sm,50,3,baseline_reference,unclaimed,,,,,,,,
component-final-4a86efff8574c15a4328b2a9,Ca-Fe-Gd-Pb-Tb,50,3,baseline_reference,unclaimed,,,,,,,,
component-final-c0a9bd9155ddfce6e0e1ccc7,Cd-Gd-Mn-Na-Ta,50,3,baseline_reference,unclaimed,,,,,,,,
component-final-43a3a1122d0e81199bc521db,Cd-Li-Nd-Ti-W,50,3,baseline_reference,unclaimed,,,,,,,,
component-final-6a1ecbac12570299e58b08ae,Co-Hf-In-Ru-Tm,50,3,baseline_reference,unclaimed,,,,,,,,
component-final-10115f049b90e0ee00cbc6ba,Co-Hg-Mg-Sr-W,50,3,baseline_reference,unclaimed,,,,,,,,
component-final-6c6e2382b02b0c67f62c4454,Cr-Fe-Lu-Pt-Sc,50,3,baseline_reference,unclaimed,,,,,,,,
component-final-f3c05a72b97c442e0e2accf2,Ho-In-Mg-Pd-Zr,50,3,baseline_reference,unclaimed,,,,,,,,
component-final-7a010b9f384cc6031216a1e9,Al-Li-V,50,3,es_only_independent,unclaimed,,,,,,,,
component-final-67d58f1f815fbbf7542d639e,Al-V-Zn,50,3,es_only_independent,unclaimed,,,,,,,,
component-final-6ba0af67f9c74a5f1861deff,Au-K-Tb,50,3,es_only_independent,unclaimed,,,,,,,,
component-final-c79396bd55a325d8cc3e2c61,Co-Dy-W,50,3,es_only_independent,unclaimed,,,,,,,,
component-final-d9d7b1ecaaeb28d4fcb9b522,Co-Mg-Na,50,3,es_only_independent,unclaimed,,,,,,,,
component-final-c6ce274c43a6758c1ca57c0a,Co-Pd-Tl,50,3,es_only_independent,unclaimed,,,,,,,,
component-final-2b6ecd456926e5f4104ee05a,Ga-Ho-Lu,50,3,es_only_independent,unclaimed,,,,,,,,
component-final-81609eabbe8c0d8b2c086567,Ga-Pt-Tm,50,3,es_only_independent,unclaimed,,,,,,,,
component-final-778e6389d1dacb52b3a8584a,Hf-Ni-Zr,50,3,es_only_independent,unclaimed,,,,,,,,
component-final-8f9fbf5fc7589cda09adec0b,Mg-Sn-Sr,50,3,es_only_independent,unclaimed,,,,,,,,
component-final-83d4962f9582be6f049caaa5,Au-Cr-Cs-Dy,50,3,es_only_independent,unclaimed,,,,,,,,
component-final-26c3f4d8c41f8ed4f9b63f4c,Au-Tb-V-Y,50,3,es_only_independent,unclaimed,,,,,,,,
component-final-0bf3f09f39f7e2904c19eb0b,Ba-Be-Hf-Li,50,3,es_only_independent,unclaimed,,,,,,,,
component-final-adddb67d8ac6aa82a90797eb,Ba-Nd-Ni-W,50,3,es_only_independent,unclaimed,,,,,,,,
component-final-c2bfabad5ffffdc36cd0da07,Ca-Pd-Sn-W,50,3,es_only_independent,unclaimed,,,,,,,,
component-final-e67dd27a448718d1ebf86b0f,Ce-Er-Pb-Rh,50,3,es_only_independent,unclaimed,,,,,,,,
component-final-f0248baf50442ad7302a8108,Ce-Ir-Pt-Sn,50,3,es_only_independent,unclaimed,,,,,,,,
component-final-34fdaaca525b1462421c6e80,Co-Dy-Ta-Y,50,3,es_only_independent,unclaimed,,,,,,,,
component-final-49724a4aa940bfd4f4dd537d,Dy-K-Pd-Sm,50,3,es_only_independent,unclaimed,,,,,,,,
component-final-f3ea6ea37f54dc6b0b174fde,Eu-Nb-Sn-Tl,50,3,es_only_independent,unclaimed,,,,,,,,
component-final-a38c5dc0a4411379fbe16aa6,Ag-Nd-Pd-Pt-Tb,50,3,es_only_independent,unclaimed,,,,,,,,
component-final-84a0f4b80a2f516594c58ce5,Al-Hg-K-Mg-W,50,3,es_only_independent,unclaimed,,,,,,,,
component-final-76f05e94b85d097d10d02738,Al-Lu-Pt-Rb-Sm,50,3,es_only_independent,unclaimed,,,,,,,,
component-final-4dc0ff385434f122290fd5b7,Ca-Fe-Gd-Pb-Tb,50,3,es_only_independent,unclaimed,,,,,,,,
component-final-0922b5502c003d1da10436ed,Cd-Gd-Mn-Na-Ta,50,3,es_only_independent,unclaimed,,,,,,,,
component-final-e5bdb3e420162a34a5399607,Cd-Li-Nd-Ti-W,50,3,es_only_independent,unclaimed,,,,,,,,
component-final-6c2869840fd0b49537f75577,Co-Hf-In-Ru-Tm,50,3,es_only_independent,unclaimed,,,,,,,,
component-final-4c69d006bc1703d8fd9a45d4,Co-Hg-Mg-Sr-W,50,3,es_only_independent,unclaimed,,,,,,,,
component-final-afc8e5e65bd1afa04f2e7d47,Cr-Fe-Lu-Pt-Sc,50,3,es_only_independent,unclaimed,,,,,,,,
component-final-122928df67b0030026f7edf1,Ho-In-Mg-Pd-Zr,50,3,es_only_independent,unclaimed,,,,,,,,
component-final-79d2ce94fc4a4c527b67e447,Al-Li-V,50,4,baseline_reference,unclaimed,,,,,,,,
component-final-8a45a832a0d929abb182fd2e,Al-V-Zn,50,4,baseline_reference,unclaimed,,,,,,,,
component-final-822fd69dba5f9714158961ae,Au-K-Tb,50,4,baseline_reference,unclaimed,,,,,,,,
component-final-2ffbe6a0f85f1d88bfaf3726,Co-Dy-W,50,4,baseline_reference,unclaimed,,,,,,,,
component-final-10ca5064ced78fb6f3db60fe,Co-Mg-Na,50,4,baseline_reference,unclaimed,,,,,,,,
component-final-8a2ee4e8909a6732e58f0502,Co-Pd-Tl,50,4,baseline_reference,unclaimed,,,,,,,,
component-final-9a76bed1344a099e9847d9d6,Ga-Ho-Lu,50,4,baseline_reference,unclaimed,,,,,,,,
component-final-b651d7c7d7f5b9922a5a1493,Ga-Pt-Tm,50,4,baseline_reference,unclaimed,,,,,,,,
component-final-40abb87694021d2781d21698,Hf-Ni-Zr,50,4,baseline_reference,unclaimed,,,,,,,,
component-final-0c077bd6d56e70cfb9290cac,Mg-Sn-Sr,50,4,baseline_reference,unclaimed,,,,,,,,
component-final-ed9c5f14c85d4ae75e71d1ad,Au-Cr-Cs-Dy,50,4,baseline_reference,unclaimed,,,,,,,,
component-final-4aa88c6f564c82cbe2b7668b,Au-Tb-V-Y,50,4,baseline_reference,unclaimed,,,,,,,,
component-final-e9712e1f5b27befc74c8af2f,Ba-Be-Hf-Li,50,4,baseline_reference,unclaimed,,,,,,,,
component-final-b01f8a5c51652ab3826e719c,Ba-Nd-Ni-W,50,4,baseline_reference,unclaimed,,,,,,,,
component-final-b9cbb68142d27ea317b40748,Ca-Pd-Sn-W,50,4,baseline_reference,unclaimed,,,,,,,,
component-final-236a9a35dc2ef9b3d098769b,Ce-Er-Pb-Rh,50,4,baseline_reference,unclaimed,,,,,,,,
component-final-6d8fa97cb38c05183a271453,Ce-Ir-Pt-Sn,50,4,baseline_reference,unclaimed,,,,,,,,
component-final-0681c5d928c1bac87ad5570a,Co-Dy-Ta-Y,50,4,baseline_reference,unclaimed,,,,,,,,
component-final-41e37b851a471ed4f7293476,Dy-K-Pd-Sm,50,4,baseline_reference,unclaimed,,,,,,,,
component-final-0110024491c843d9d8866f37,Eu-Nb-Sn-Tl,50,4,baseline_reference,unclaimed,,,,,,,,
component-final-1bdddd141d6dce7cdf697cb3,Ag-Nd-Pd-Pt-Tb,50,4,baseline_reference,unclaimed,,,,,,,,
component-final-004eed0387f2f95b3f32bac7,Al-Hg-K-Mg-W,50,4,baseline_reference,unclaimed,,,,,,,,
component-final-97717ee653cce5da621b0c63,Al-Lu-Pt-Rb-Sm,50,4,baseline_reference,unclaimed,,,,,,,,
component-final-0c03b0996d16f6f9005eab18,Ca-Fe-Gd-Pb-Tb,50,4,baseline_reference,unclaimed,,,,,,,,
component-final-cbb09acde845245bf983f55c,Cd-Gd-Mn-Na-Ta,50,4,baseline_reference,unclaimed,,,,,,,,
component-final-5dac6469a57427d4cdf76a26,Cd-Li-Nd-Ti-W,50,4,baseline_reference,unclaimed,,,,,,,,
component-final-d8c4fe13683b4f33c2ace0eb,Co-Hf-In-Ru-Tm,50,4,baseline_reference,unclaimed,,,,,,,,
component-final-fad3d1bb84926bbf3b420517,Co-Hg-Mg-Sr-W,50,4,baseline_reference,unclaimed,,,,,,,,
component-final-717b9c8592c856ab8d56d923,Cr-Fe-Lu-Pt-Sc,50,4,baseline_reference,unclaimed,,,,,,,,
component-final-04ddaa5dba09acec6aabd7e8,Ho-In-Mg-Pd-Zr,50,4,baseline_reference,unclaimed,,,,,,,,
component-final-64b7972c5a3bad6756957673,Al-Li-V,50,4,es_only_independent,unclaimed,,,,,,,,
component-final-3e693245dcbb3ff21bf3c1ed,Al-V-Zn,50,4,es_only_independent,unclaimed,,,,,,,,
component-final-468270c9149000fc33ec8806,Au-K-Tb,50,4,es_only_independent,unclaimed,,,,,,,,
component-final-b487925145273c11bbb4be43,Co-Dy-W,50,4,es_only_independent,unclaimed,,,,,,,,
component-final-3301fbaa91145e662704b5fc,Co-Mg-Na,50,4,es_only_independent,unclaimed,,,,,,,,
component-final-2c1f664b5722b3ca64c59cb9,Co-Pd-Tl,50,4,es_only_independent,unclaimed,,,,,,,,
component-final-999e91eac439734628f10c02,Ga-Ho-Lu,50,4,es_only_independent,unclaimed,,,,,,,,
component-final-c5b28cb39ad51e6a7c2c91ac,Ga-Pt-Tm,50,4,es_only_independent,unclaimed,,,,,,,,
component-final-18e6751ee808983ff33a5fc0,Hf-Ni-Zr,50,4,es_only_independent,unclaimed,,,,,,,,
component-final-0a541b5ce3d0b38174a70fef,Mg-Sn-Sr,50,4,es_only_independent,unclaimed,,,,,,,,
component-final-100731bee471a516cb6e2a10,Au-Cr-Cs-Dy,50,4,es_only_independent,unclaimed,,,,,,,,
component-final-0c26541f2711a7282990a63d,Au-Tb-V-Y,50,4,es_only_independent,unclaimed,,,,,,,,
component-final-9dd80aaddc5834505ccb6521,Ba-Be-Hf-Li,50,4,es_only_independent,unclaimed,,,,,,,,
component-final-73fe0ee70e032e8df4db757d,Ba-Nd-Ni-W,50,4,es_only_independent,unclaimed,,,,,,,,
component-final-7db078edfe78a3ecacf6eacf,Ca-Pd-Sn-W,50,4,es_only_independent,unclaimed,,,,,,,,
component-final-fdf59c171701e48893588593,Ce-Er-Pb-Rh,50,4,es_only_independent,unclaimed,,,,,,,,
component-final-55e8128a9999fce1576fac47,Ce-Ir-Pt-Sn,50,4,es_only_independent,unclaimed,,,,,,,,
component-final-a8fd267a0af6d344b1ca3d73,Co-Dy-Ta-Y,50,4,es_only_independent,unclaimed,,,,,,,,
component-final-97017ed152a6fd8b670cc1ad,Dy-K-Pd-Sm,50,4,es_only_independent,unclaimed,,,,,,,,
component-final-c7bbb35279aff30fcd55fec6,Eu-Nb-Sn-Tl,50,4,es_only_independent,unclaimed,,,,,,,,
component-final-5da424875054d2b994cd86fb,Ag-Nd-Pd-Pt-Tb,50,4,es_only_independent,unclaimed,,,,,,,,
component-final-e323be04de7805e77dc9969d,Al-Hg-K-Mg-W,50,4,es_only_independent,unclaimed,,,,,,,,
component-final-9f8c1ffe855ded68edc1e810,Al-Lu-Pt-Rb-Sm,50,4,es_only_independent,unclaimed,,,,,,,,
component-final-ed6ca39947f41c5303f4fbde,Ca-Fe-Gd-Pb-Tb,50,4,es_only_independent,unclaimed,,,,,,,,
component-final-9bbe6b153c7d84c0814fd1bc,Cd-Gd-Mn-Na-Ta,50,4,es_only_independent,unclaimed,,,,,,,,
component-final-3c6dc469ab2016aa0711b5b5,Cd-Li-Nd-Ti-W,50,4,es_only_independent,unclaimed,,,,,,,,
component-final-1154bfb2cc6ddb6681a4d9b5,Co-Hf-In-Ru-Tm,50,4,es_only_independent,unclaimed,,,,,,,,
component-final-23aab2f66cffe864db914b34,Co-Hg-Mg-Sr-W,50,4,es_only_independent,unclaimed,,,,,,,,
component-final-1f828faa8b0a8880b70c38f4,Cr-Fe-Lu-Pt-Sc,50,4,es_only_independent,unclaimed,,,,,,,,
component-final-21ecfa663264fbea0f66ee78,Ho-In-Mg-Pd-Zr,50,4,es_only_independent,unclaimed,,,,,,,,
support-final-ccd9a242b4945d6cfcdb68dc,Al-Li-V,10,2,uq_only_support_aware,accepted,0,0.0,0.0,0,6a308686126804830c81a7d2a3495feda3b3a13b074b9958e0e6026759826516,6e704bae79f53cc75724be0693d79838eb4056138c1366461dbf7f6ccbf31344,4c2896fdc84c36c850bc254a2fe2798e3405b151c9ad089d0c0fe2310acaf979,
support-final-50481d7de104501120b84fb5,Al-V-Zn,10,2,uq_only_support_aware,accepted,5,0.71,0.5,0,6a308686126804830c81a7d2a3495feda3b3a13b074b9958e0e6026759826516,9f183bc7c79bc62028d5a43c4d217abc8182464d769a2fec953307d58f40e5a2,7293964b29eac400a8ed0eada75e246dfbf2285bec429efa128476cdd00d7ae2,
support-final-38ae55456a55c01858bdaca6,Au-K-Tb,10,2,uq_only_support_aware,accepted,3,0.25,0.3,0,6a308686126804830c81a7d2a3495feda3b3a13b074b9958e0e6026759826516,3fc8001aa021f8ff6a6e5562112f372f8f547b9b2cbaac2718ae6943753b2f25,bf04cc17b114d3e708db92dd5218f76b6b10e29093284aecce855a25beb0eba6,
support-final-5eccea7f5a24da2f5b31b4ab,Co-Dy-W,10,2,uq_only_support_aware,accepted,2,0.16,0.2,0,6a308686126804830c81a7d2a3495feda3b3a13b074b9958e0e6026759826516,adb929114f1932ff8e3d9fbe1e13ad81dbb524061244f3760479559d95c30c57,f4a00683a68be83f526e7486ae25d410717de849ff422351340fc76ad61bca71,
support-final-fbf58f289d7058d1b56ff33f,Co-Mg-Na,10,2,uq_only_support_aware,accepted,0,0.0,0.0,0,6a308686126804830c81a7d2a3495feda3b3a13b074b9958e0e6026759826516,65878688db5d40f5c9c39c2ad35e3fc10e7f405aa1271d1d4b93ab1647629ecc,2d33c88a5278b308fa13ef597c7212cde6f274a7c8d5a2c5e4803891c27405e0,
support-final-5afa3ed6bdf12d1fd1bdd1d2,Co-Pd-Tl,10,2,uq_only_support_aware,accepted,0,0.0,0.0,0,6a308686126804830c81a7d2a3495feda3b3a13b074b9958e0e6026759826516,4a0fd7a3661e4a1147efc16b5c6ee35a956c500705ac1bdf4931c06e5616d4ac,c88abad44dda8d79902332fe25998c5b142e5e97c390c4b66f38c84a0d74dae4,
support-final-734638a13232cf33fc56501c,Ga-Ho-Lu,10,2,uq_only_support_aware,accepted,6,0.72,0.6,0,6a308686126804830c81a7d2a3495feda3b3a13b074b9958e0e6026759826516,1bd00f79a7f82cb20805c5095b621b81f947d1b81a33162b234bb76a0542e284,6ecaf72b5721070ec6e6373048504669b5caa2905d4dd1705c15191cc1a55991,
support-final-65994611b3b615e30901469d,Ga-Pt-Tm,10,2,uq_only_support_aware,accepted,3,0.43,0.3,0,6a308686126804830c81a7d2a3495feda3b3a13b074b9958e0e6026759826516,b44453a7c76bf3fc136dde63a74018d804869c6b18960ade2368aca324e60caa,39f490b16e89170ca126dc871a196ccd47f1ff8f76de3fcfa59f1383fbe1dd96,
support-final-8f64ca7a761847f2f585eaf7,Hf-Ni-Zr,10,2,uq_only_support_aware,accepted,5,0.57,0.5,0,6a308686126804830c81a7d2a3495feda3b3a13b074b9958e0e6026759826516,21ae2e6c3a7e467c0a585d3e955f2e524ce414b1cd9dde90ecf9d0d1e28a9b0f,5a2bf6939b2591550148f9506baa0bef127b328b01c264705ed6c1f02541208b,
support-final-690f157b17e644365b568a77,Mg-Sn-Sr,10,2,uq_only_support_aware,accepted,10,1.0,1.0,0,6a308686126804830c81a7d2a3495feda3b3a13b074b9958e0e6026759826516,679cd2c22a39be41144048cda2e83a33222aa13d493c09bd694aa7b751de8c22,e2f7943bec577e952cc795120776701fcbbe5fac17ff5a7cb7793168d8566169,
support-final-c421d416e4380380b8401e1a,Au-Cr-Cs-Dy,10,2,uq_only_support_aware,accepted,0,0.0,0.0,0,6a308686126804830c81a7d2a3495feda3b3a13b074b9958e0e6026759826516,7205a844e1ffc1cc8ff9706a869566e7cd53591e44a14e4e4bfc3eb4985bd901,283ac3cf665b5a557dd6c7abc4425774d5eb8974ee6cb04c51aa88a8f495d99c,
support-final-f4fb0bc5660e5cbea5ab19fe,Au-Tb-V-Y,10,2,uq_only_support_aware,accepted,1,0.11,0.1,0,6a308686126804830c81a7d2a3495feda3b3a13b074b9958e0e6026759826516,d67e4b7d3233d73695df34a8961e7a82758aa7912359bb6b2fdb3e6f7f07190b,e7832f786de1d55c08b373fd2ed6c5c04f009139c86c7afd6c4895a1538ba37f,
support-final-3d33302d79a3e5a49db8a089,Ba-Be-Hf-Li,10,2,uq_only_support_aware,accepted,0,0.0,0.0,0,6a308686126804830c81a7d2a3495feda3b3a13b074b9958e0e6026759826516,c99c2210bc545a75c08b2fdeef13b75a2049a1abe267b19f4682098f15a06a8f,e864a86837ea4fc161644957a0c2796db6f892708748f43a490f474331971d5c,
support-final-5b7a01d4f004bb2a3b984360,Ba-Nd-Ni-W,10,2,uq_only_support_aware,accepted,0,0.0,0.0,0,6a308686126804830c81a7d2a3495feda3b3a13b074b9958e0e6026759826516,3e613b9107a28022e944946522938b5f9ef717514cb66cb6632fbe19f4bf78d2,9d5269f5d00c325d26fe213f9636df7d823fd4da098adc9f66e67a43147c104b,
support-final-373029d9b12c74627cb8e1e9,Ca-Pd-Sn-W,10,2,uq_only_support_aware,accepted,0,0.0,0.0,0,6a308686126804830c81a7d2a3495feda3b3a13b074b9958e0e6026759826516,2a26374cbf567f8fdafbacf984d58783eebe2e7fa47f547de35a3db88df31c96,3147484d7e73f508206d9166d4403d8aadf98f5b1c75a27a6d975a4c2164b62c,
support-final-6f32364178f6566ce2b61257,Ce-Er-Pb-Rh,10,2,uq_only_support_aware,accepted,1,0.19,0.1,0,6a308686126804830c81a7d2a3495feda3b3a13b074b9958e0e6026759826516,b84ef4de5c296b76afd7ca976a49d60d95f8327acf608940c063308f2037ceda,dc367acd90c004e4cc1db9b847be24632f7043d03bed1f0b7adc52fe5e7428ca,
support-final-2d0885c75e15e5c1c573f70c,Ce-Ir-Pt-Sn,10,2,uq_only_support_aware,accepted,4,0.16,0.4,0,6a308686126804830c81a7d2a3495feda3b3a13b074b9958e0e6026759826516,6519d393cb9634ec9afb235702c93b36e94baf44148bb8606682f4853e241eea,1ee8098abe6cca1f88bd3c10d96e6e08dbdccb496d3d8319281fca644add8ae9,
support-final-349b99fdb4b8588d02c5f2ae,Co-Dy-Ta-Y,10,2,uq_only_support_aware,accepted,0,0.0,0.0,0,6a308686126804830c81a7d2a3495feda3b3a13b074b9958e0e6026759826516,22d28ec45d7963621b9eb175cd4bec04b7f43806954a7a3ae1016711761903f8,abaf274c5ad544613349c8995a5b264f8af04b34e182a9001374a83a710b566b,
support-final-47c6f8bbe11d4113160062d7,Dy-K-Pd-Sm,10,2,uq_only_support_aware,accepted,0,0.0,0.0,0,6a308686126804830c81a7d2a3495feda3b3a13b074b9958e0e6026759826516,4fc20b45f6b28c33c53780ce9356089466d2c4fd250e07ba00477156a7efb7a3,2bd6490241b59748c8d4f9be20b03370bbc1d26aef213bbbb93a5917c663e486,
support-final-e8889b22eaf49d12012a1c9a,Eu-Nb-Sn-Tl,10,2,uq_only_support_aware,accepted,0,0.0,0.0,0,6a308686126804830c81a7d2a3495feda3b3a13b074b9958e0e6026759826516,517de94f9eaefb1dc6ab1614497bf3b0bb310f4dae90c0151ace2aee757d170f,6c5c2fcaa1acb47908f7cd08e1a3efa4d4a9c7bce639f4e716ff13e0ab9fe71e,
support-final-30aebf8adbd08b45cc3864e7,Ag-Nd-Pd-Pt-Tb,10,2,uq_only_support_aware,accepted,1,0.19,0.1,0,6a308686126804830c81a7d2a3495feda3b3a13b074b9958e0e6026759826516,ed3f722f09d712388bf96c8ede4d342ae4802da985664065e2cf998b7b707f1d,f348a9f30045646c242f69d3b3ddfaa6888da22b304351e2be1bc8adb303cf98,
support-final-4652432618bc44a593bc6aeb,Al-Hg-K-Mg-W,10,2,uq_only_support_aware,accepted,3,0.29,0.3,0,6a308686126804830c81a7d2a3495feda3b3a13b074b9958e0e6026759826516,6910f52f618f0ccd50ec4e983d2392b72619556bb467b9253a6356b2e9a26163,e86243cb1c41b9375c091d302e7a98d7779824525bbb3a365f1aa69aa82c7427,
support-final-48aa8582fb12f751085565ea,Al-Lu-Pt-Rb-Sm,10,2,uq_only_support_aware,accepted,0,0.0,0.0,0,6a308686126804830c81a7d2a3495feda3b3a13b074b9958e0e6026759826516,aeb083a6893f437f1811448b910d166dabe5b0554f3c9959ef20d2963a40fd88,d282c78608ffe2b26ccaa37f8a6c543bf0a7f1d05230f5d317a4274a62a6b6cc,
support-final-afee12d5b9bc56ad9bd995d6,Ca-Fe-Gd-Pb-Tb,10,2,uq_only_support_aware,accepted,0,0.0,0.0,0,6a308686126804830c81a7d2a3495feda3b3a13b074b9958e0e6026759826516,83c4f757de141c11a4c6be73ea097cdca9e5b13249fbe7a6db234a03ce81cc30,f5c5cbf6f43e973612b1c6f6c09a7bd0902f65aed202cac639c94e6119466401,
support-final-cd4e3ec5a544d15c38d03906,Cd-Gd-Mn-Na-Ta,10,2,uq_only_support_aware,accepted,0,0.0,0.0,0,6a308686126804830c81a7d2a3495feda3b3a13b074b9958e0e6026759826516,18c77111682da75a3f1ce2bffc9c42c30aebe00ae5dfe37daaeff06daf55edd2,b7b72d0e58ad052cf334b8597a164eebaaf746a44e22817eb7b827f9660ae033,
support-final-2e12c1bb545919201634d389,Cd-Li-Nd-Ti-W,10,2,uq_only_support_aware,accepted,0,0.0,0.0,0,6a308686126804830c81a7d2a3495feda3b3a13b074b9958e0e6026759826516,c203e9adc2b777e90e3daaa6ef2b811d75754531097ed5d8f80c46db8d3590e8,88c177599855cc7e1de882831ef2b903287b18fb35aa7aab4dbc17f1bdc1560f,
support-final-bc0231b9387cc761fd09fc47,Co-Hf-In-Ru-Tm,10,2,uq_only_support_aware,accepted,3,0.39,0.3,0,6a308686126804830c81a7d2a3495feda3b3a13b074b9958e0e6026759826516,d12ce2e44ad6a67d7bac91d01e1c99086fc8c02d812ba673b3c0f3fece7a270e,85eb7d16135044b60cfc53f9221cb3221df1de8607299253bac9b9324c3e3396,
support-final-6473d278b47c7754253c4b75,Co-Hg-Mg-Sr-W,10,2,uq_only_support_aware,accepted,0,0.0,0.0,0,6a308686126804830c81a7d2a3495feda3b3a13b074b9958e0e6026759826516,92fd2a8b0c7cdd80bd76efd870a179fd5f49fd3138fdadb6fb0d73f68a5cda40,2c4bc28a1460fe9d203e5ab96d99f76918b23b50dcb96e993bfacd1549b2dfe3,
support-final-5a419d52cf8942602d057190,Cr-Fe-Lu-Pt-Sc,10,2,uq_only_support_aware,accepted,0,0.0,0.0,0,6a308686126804830c81a7d2a3495feda3b3a13b074b9958e0e6026759826516,5f6be95cc028906484f68ee556a53d3bb733f83f552369260a13a39c0f1ace04,45057a3f2e679a08b23459a54dbe12c152f783a8e3a30cadea89f8b626f1814c,
support-final-0eafc204d9a6d97866ece27f,Ho-In-Mg-Pd-Zr,10,2,uq_only_support_aware,accepted,5,0.45,0.5,0,6a308686126804830c81a7d2a3495feda3b3a13b074b9958e0e6026759826516,77711ea6525e07b068a5c1640c2e7745a4ca8c74fbfa193b195569a730358089,7ba44a602d1fbc7aa5eac03a8767caf8d72c67380e754b7b581143d7e5ee85c4,
support-final-bceab85ac67db411774a2563,Al-Li-V,10,2,full_support_aware,accepted,0,0.0,0.0,2,d97a518f339174fd21c002e41617a80554d73facffc3c440584f32d7e9314b85,013df0dbfbd0566787fefda46b5a5acde971e2ba99540a3e17a3d21bd554f86e,892be4df4e2fb41e1d7b1826f5a6c91a85357ad5317091cf3c847723661586d8,
support-final-ca740c106b65301c3c20f121,Al-V-Zn,10,2,full_support_aware,accepted,4,0.42,0.4,2,d97a518f339174fd21c002e41617a80554d73facffc3c440584f32d7e9314b85,f23bef1538602e0229db2d57a3b1cc8ff0286978a1dbda5710180e2d351c34a0,ad83b5f4de5f0d231a95ec6d5bf99270fa199c968f6dbaecaeb27a45210652bb,
support-final-68807310bf257b755381e67b,Au-K-Tb,10,2,full_support_aware,accepted,0,0.0,0.0,2,d97a518f339174fd21c002e41617a80554d73facffc3c440584f32d7e9314b85,a3c68ad59772d99dfbf3f4cc47cf00631eaa05c0661052a93848bab004f5e261,cd36d966f6ffa2ce3e8431fe5e1ea0f863f352b96c556a49463d205ae52d5f0b,
support-final-fdb8c5628b1505159c52f7cc,Co-Dy-W,10,2,full_support_aware,accepted,0,0.0,0.0,2,d97a518f339174fd21c002e41617a80554d73facffc3c440584f32d7e9314b85,982e23317a2479b02589dd29cf145635b384511e7920c367b83a7e29b1883064,85783620f4f09b484df14d8c1cfa9c87dd8f0a1a4e7b6651675f8dc9fc9139fb,
support-final-03a88c2191e750bc3ef7d49f,Co-Mg-Na,10,2,full_support_aware,accepted,2,0.08,0.2,2,d97a518f339174fd21c002e41617a80554d73facffc3c440584f32d7e9314b85,66330518b1dc4b86e8867a23b2f40c9eafcd8a3482353e7198b086423f0c5e4e,fd994f1f6911981315e8760cfb8c395563ad418d50cd97372714a3c3baab005d,
support-final-3c7a01fbc23fb606dce7a9d6,Co-Pd-Tl,10,2,full_support_aware,accepted,0,0.0,0.0,2,d97a518f339174fd21c002e41617a80554d73facffc3c440584f32d7e9314b85,46e33121b3d33f2a138dc322e3a67cb9b821a08d60b12312f7f8ee587424b4a0,f608522bff941e0c39eda421b56a3965afc7206c95d961e92157503c8aea459e,
support-final-fc0043a22db53c8ad31ef9fd,Ga-Ho-Lu,10,2,full_support_aware,accepted,3,0.45,0.3,2,d97a518f339174fd21c002e41617a80554d73facffc3c440584f32d7e9314b85,4568c913cc7b90884b591088cd106d3d73bfc3820515f905d37a25959c09a4de,e7b4070634cdd4395e2de58b93fd2d2834c8383d98679c7062c2df299f45ad16,
support-final-b97c118de29096b29157a22f,Ga-Pt-Tm,10,2,full_support_aware,accepted,5,0.51,0.5,2,d97a518f339174fd21c002e41617a80554d73facffc3c440584f32d7e9314b85,618a91dcc80df1065bcba4639068f761144fe885feeccdc0e12fd3c3775ec731,501ae6a7e5808bf7e21aab1855b2efa3acafa6cbea764fec06adaff95b083d78,
support-final-02f2c471bf623c421c1d4e0e,Hf-Ni-Zr,10,2,full_support_aware,accepted,6,0.66,0.6,2,d97a518f339174fd21c002e41617a80554d73facffc3c440584f32d7e9314b85,403146f7045622187e3706b88eb6bdbfbf6a0f0ef3e829cae82ca5ab2d02547c,8511ec235d0855773d342ab5a1fbb93961a1c4e119a52aaac2571ba6d9326730,
support-final-908dd599770160e96ff4569c,Mg-Sn-Sr,10,2,full_support_aware,accepted,4,0.64,0.4,2,d97a518f339174fd21c002e41617a80554d73facffc3c440584f32d7e9314b85,5f1d8fc3af72ad97d7565e26b515044520e564caed2a1e20adac679a337044f2,ec01d7fe7e675f9c0794d48a681e96b820ef40dd799e77c200d891ab00002542,
support-final-1a6965c14309d0ed9c706be0,Au-Cr-Cs-Dy,10,2,full_support_aware,accepted,0,0.0,0.0,2,d97a518f339174fd21c002e41617a80554d73facffc3c440584f32d7e9314b85,174f3835855cb70cfc167f4ade1f6875ec8f47992db7c155bdf8961909bcbf86,b583224ecad986313f4c56f1c850a4bddf0b92ada5878e5d7f6bf22faf70833d,
support-final-8ddd13950a3b79b7029e9ad3,Au-Tb-V-Y,10,2,full_support_aware,accepted,0,0.0,0.0,2,d97a518f339174fd21c002e41617a80554d73facffc3c440584f32d7e9314b85,093291e9198a1ca405f4365c03e7c66e4f11465418c47092c56c140364b585f7,f52ac95e505ccebb88ff748255e2b82ba342f64bc186609b64db6ab9ac792cb0,
support-final-162b641b9c795ec8cbbca2cd,Ba-Be-Hf-Li,10,2,full_support_aware,accepted,0,0.0,0.0,2,d97a518f339174fd21c002e41617a80554d73facffc3c440584f32d7e9314b85,41352aef305a3c986b1420b1e7dbc2556fcbc5c83bc552689b5943599ac4e926,ebd4f4ba6c76137bd27f03be3ab5066787680514e4931f57753406d550aaf299,
support-final-f09b3e784a0ddc04b0a7317a,Ba-Nd-Ni-W,10,2,full_support_aware,accepted,0,0.0,0.0,2,d97a518f339174fd21c002e41617a80554d73facffc3c440584f32d7e9314b85,2de62d470b8c551222ecefc8d6cf990763d8ff817f29861b8f28eab41978fb65,4d9e45981fa73253639c39147e5e1736ef6a55a68b9ef420635413e70490893e,
support-final-dc0639b5ff8be613f1c8c6f0,Ca-Pd-Sn-W,10,2,full_support_aware,accepted,0,0.0,0.0,2,d97a518f339174fd21c002e41617a80554d73facffc3c440584f32d7e9314b85,fbdefae4df5e4542573352247d273a3ef2827ebae6c06025b77f3c773324140c,19340dd0444b74190d2133155e62b8cd1560c6b750d4ee3cf03648fa36226e5c,
support-final-45ccef9bb58094559ca4578d,Ce-Er-Pb-Rh,10,2,full_support_aware,accepted,3,0.21,0.3,2,d97a518f339174fd21c002e41617a80554d73facffc3c440584f32d7e9314b85,e064ebdd16fc535417a38e9d5f39f6ac0fb76f08f3a01ddaae649c83fa1a6f42,5764295924b8b49fb3439c184416ea533a47c8e43b3439a2ed8265db8ee83fb2,
support-final-f4faf6133fc3e50f03662f80,Ce-Ir-Pt-Sn,10,2,full_support_aware,accepted,0,0.0,0.0,2,d97a518f339174fd21c002e41617a80554d73facffc3c440584f32d7e9314b85,fee3e46a1bfdd88149e821f47ed22d124fa9d4a147a5383a614aa52f22ef9477,9020861f27ed20e525c37c642d4b119b4255ce4b4217515a09888f4a97d6a995,
support-final-7a5ae0a82032daf2b8670e82,Co-Dy-Ta-Y,10,2,full_support_aware,accepted,0,0.0,0.0,2,d97a518f339174fd21c002e41617a80554d73facffc3c440584f32d7e9314b85,166a2b5b6f65c1b21e1cc50f20df32f3b5a26c7fd494c0dc9da42a48d1268817,12f194e67dbc965c799e792b42ca981cbe539ee51bd22cf909ca2c44cbf78c65,
support-final-ae70b098ac34ffb7a212b8bc,Dy-K-Pd-Sm,10,2,full_support_aware,accepted,0,0.0,0.0,2,d97a518f339174fd21c002e41617a80554d73facffc3c440584f32d7e9314b85,3cc43479b02277c9af33a5b28656517ddbbf793b93638d8ad44d994e87c54542,1e7b13a8fc96cab5f8bb9704d0c619a95f58c2ea9c1e539d9ef372b3b442a918,
support-final-0f1e8770273e505e68224b59,Eu-Nb-Sn-Tl,10,2,full_support_aware,accepted,0,0.0,0.0,2,d97a518f339174fd21c002e41617a80554d73facffc3c440584f32d7e9314b85,f6cc6bad260b04e66cfc5033cb83c2b696d7e778ac928d7bd7cc8267abaafd3b,a6c92891171953a6db620b5f1abfb5ac8288cffd429bb6278607c5cca2526377,
support-final-6c28174809966ea018c63137,Ag-Nd-Pd-Pt-Tb,10,2,full_support_aware,accepted,4,0.46,0.4,2,d97a518f339174fd21c002e41617a80554d73facffc3c440584f32d7e9314b85,0d697a9e6571fa37d66cf74acb1c789da7cba33aa6073d37763a4443308aa246,0cc199f0e8326eb93ffdb6042ee8ed07bd8aadbe451a7e273f2b30eb61a3b549,
support-final-c3dbabc87b2a3c1267811fc6,Al-Hg-K-Mg-W,10,2,full_support_aware,accepted,0,0.0,0.0,2,d97a518f339174fd21c002e41617a80554d73facffc3c440584f32d7e9314b85,94106eb5f86ead28816643df92f420e5a6fe93b54e4c86b4efc26c69439528ba,8c9803a980eddd72b01005009abf0d4333ab2281b9d1fd9751e2a7d31f870167,
support-final-5a61a9345b4783b8f063d9a7,Al-Lu-Pt-Rb-Sm,10,2,full_support_aware,accepted,1,0.19,0.1,2,d97a518f339174fd21c002e41617a80554d73facffc3c440584f32d7e9314b85,676172f8b76ac5875c016b45c583850b4ae6f06736f5df5cd5d2c734c6878373,132429879adcac4cf013a3ba3978e472fdd04deb511620514d70012fb3ed6b3c,
support-final-2bdf4f4539b5b6ae72a60fac,Ca-Fe-Gd-Pb-Tb,10,2,full_support_aware,accepted,0,0.0,0.0,2,d97a518f339174fd21c002e41617a80554d73facffc3c440584f32d7e9314b85,580b388a9ea9da17d24e3b8434da57e95fe2725e6591b96da355318ccd15de29,9ef302b3bbd940382f26ae72de41cad4920d646d1b0be337bbe4d36e669dd3a4,
support-final-31f044258c9790e0ed34ad4c,Cd-Gd-Mn-Na-Ta,10,2,full_support_aware,accepted,0,0.0,0.0,2,d97a518f339174fd21c002e41617a80554d73facffc3c440584f32d7e9314b85,9b1265ca47d7fe2b0ee729af7a68942a190ab6884fedb9bddad5f308150313ac,0c8437cd2a492f7ea4f636e1b49c6ef7b5ee2acf13a19009215a6a9e19bd774c,
support-final-38376b8955a4da1e4a0d6f65,Cd-Li-Nd-Ti-W,10,2,full_support_aware,accepted,0,0.0,0.0,2,d97a518f339174fd21c002e41617a80554d73facffc3c440584f32d7e9314b85,28200e901922ceee28de679a941e1b07ea68613ea95379a97624ad21356def58,c01b0d418fc7e5033e87d427f6071a69b6a4edd71aa4693403fe69992825b533,
support-final-3938bc8f2c24ff0251e1679a,Co-Hf-In-Ru-Tm,10,2,full_support_aware,accepted,2,0.36,0.2,2,d97a518f339174fd21c002e41617a80554d73facffc3c440584f32d7e9314b85,e9ac5ac8e53509468b21b671e7331f298cd37a2717869a4508758096e36f47ca,5b37c779b81dd4b7431a34fecd53d8aa98b5aec50b85f6096a0482a79022715a,
support-final-3a3a869a8793e7c692b548cd,Co-Hg-Mg-Sr-W,10,2,full_support_aware,accepted,0,0.0,0.0,2,d97a518f339174fd21c002e41617a80554d73facffc3c440584f32d7e9314b85,0981b0e9601e9834c64da9fe9fcbcfedde4dea4618c081408d926906d6abc84b,fa6065ff673db85743c3b4b0ad611f5a5e9956fb75476d05463b4fc05e7ca2d4,
support-final-9e8cef5805e83a07574eb99f,Cr-Fe-Lu-Pt-Sc,10,2,full_support_aware,accepted,0,0.0,0.0,2,d97a518f339174fd21c002e41617a80554d73facffc3c440584f32d7e9314b85,17bc131c03bf87e133cf50656de2320f62d530acfc9f2280252c25adc7d49e27,366edfa984b91fa9943e965b1c6e3bdc379034dc393a58d327f77df0b6ace179,
support-final-9389374cf75d2e5afbad8e5b,Ho-In-Mg-Pd-Zr,10,2,full_support_aware,accepted,4,0.42,0.4,2,d97a518f339174fd21c002e41617a80554d73facffc3c440584f32d7e9314b85,9f0e4e359b20cb72cb78626ba7d9886fade819b4baf80bdd54467896358f63a3,ee42f98188b790a60cdd43bc8a312aebd961d998e76f7c0d9342a37ea13ade06,
support-final-2cd11ff827dc56a49263e71d,Al-Li-V,10,3,uq_only_support_aware,accepted,1,0.09,0.1,0,6a308686126804830c81a7d2a3495feda3b3a13b074b9958e0e6026759826516,32e76c33be1e9056e959b6ac5d2c5f10f7fc136409e62d222c1d558d9de4f902,2ca150e26cf96dfe655e0596aab50009d56af32ada8ce5345dd0931f26dd0d20,
support-final-5d1cc6924d5efee9cbf9f4a0,Al-V-Zn,10,3,uq_only_support_aware,accepted,7,0.73,0.7,0,6a308686126804830c81a7d2a3495feda3b3a13b074b9958e0e6026759826516,7fc51e353debf3795cf25f89de6d483e1a7a747af3881efd84cd89144be634bf,936b9eb83f45d24daae46d3a8c9b2a3f0c13b038bb1c744609509254a3986049,
support-final-2b6cfd7c97c158c305971c45,Au-K-Tb,10,3,uq_only_support_aware,accepted,3,0.37,0.3,0,6a308686126804830c81a7d2a3495feda3b3a13b074b9958e0e6026759826516,6dc41e33540ceb178a793d90ab13c6260a24533adb3af936b5f71ea17ef82c6e,e31e2525b866253283b28fab1cc3436b7541dcf37a6fdc7346c6512afc552736,
support-final-97076161f2eb1dff20b02ffe,Co-Dy-W,10,3,uq_only_support_aware,accepted,0,0.0,0.0,0,6a308686126804830c81a7d2a3495feda3b3a13b074b9958e0e6026759826516,3b8a43f53a448a0a8541894155b0d2ef8ba47d3e63ce6d6a0ac0a8667733eb34,46f418f00759ad1514b1bb8c85e4b48892385c8464fc68bb2b4b83d733e48b60,
support-final-8f46b298f45606301f129592,Co-Mg-Na,10,3,uq_only_support_aware,accepted,0,0.0,0.0,0,6a308686126804830c81a7d2a3495feda3b3a13b074b9958e0e6026759826516,7f4584f73adc3ebc9256ff3cc9f729058f23f25ff63edf56489f4bd76025dcbd,df31e25f17a0d9c4eb2760de156bcdb85260383e0e82ba40210291d03c379d26,
support-final-05feaed2ad61a92cb190b3e5,Co-Pd-Tl,10,3,uq_only_support_aware,accepted,0,0.0,0.0,0,6a308686126804830c81a7d2a3495feda3b3a13b074b9958e0e6026759826516,0ef32eac29788d4061b82b80e6bf4b4ac2ad86ce32e2821719459da8fdaca4ec,795a1bec284bd354f6cb4b309b81ad484e2276b15528d664197b448a75dd0869,
support-final-457a10ecbf532b6fd06f39e4,Ga-Ho-Lu,10,3,uq_only_support_aware,accepted,3,0.35,0.3,0,6a308686126804830c81a7d2a3495feda3b3a13b074b9958e0e6026759826516,0a7c3b4b6ea3395ba8dd3b3971e3aa145972e162bec320422e3096b95ae834c1,a98c26049d642222f508a697d7727764e5a0b6e145d74d0a90b655aef64745c4,
support-final-72aa86a5713ed896e3b40dbb,Ga-Pt-Tm,10,3,uq_only_support_aware,accepted,3,0.35,0.3,0,6a308686126804830c81a7d2a3495feda3b3a13b074b9958e0e6026759826516,89bcb0104d1e470ff0bc0501bcac3f8deaa8e9479297889d76bcb1aa5b5a171f,bcc6880ba629cb9dfdfe1bc60dcf86b0e94f0eefc0366ffdb5e859cb5d56d01a,
support-final-08b058c2dd9afd5e0f0a30e3,Hf-Ni-Zr,10,3,uq_only_support_aware,accepted,4,0.6,0.4,0,6a308686126804830c81a7d2a3495feda3b3a13b074b9958e0e6026759826516,2d83b28b5f3590ee6ac53ba6dae5aec34e3708e1fb59f186145c0d9fe1a3e4b4,064ed2a3ee43657ba6d9ee4e18aa4351ab26fe9bd17676c9b0a24d158d04003f,
support-final-ea39d560b53398573d647942,Mg-Sn-Sr,10,3,uq_only_support_aware,accepted,9,0.87,0.9,0,6a308686126804830c81a7d2a3495feda3b3a13b074b9958e0e6026759826516,946d3461622b306497ec1c0ba1f32811be192ef0db10aa565f794453024d2525,27181ba422e96efc29ca28556530a6a60071d77255ec7a865f33f6c28ee626a6,
support-final-59e54738f552a29a0365ee6c,Au-Cr-Cs-Dy,10,3,uq_only_support_aware,accepted,0,0.0,0.0,0,6a308686126804830c81a7d2a3495feda3b3a13b074b9958e0e6026759826516,697290a0308cb8a95b8bb793d8fa9469422d70f83223a5680f4c7e8727302ce1,b04c116b2c09596b2c30bb94aa2c7bc94d25aea5b1057326ed864425b059ce81,
support-final-edb4223557993b86de341be4,Au-Tb-V-Y,10,3,uq_only_support_aware,accepted,1,0.13,0.1,0,6a308686126804830c81a7d2a3495feda3b3a13b074b9958e0e6026759826516,6801a6523a597436ce78711f16f7109e1c9c15b25c835e6cbb5a12faf0d37e47,f8f4f8d7ca5738cced9a1c98585771ddc59a3d7f8d3985a924caef31a0d90980,
support-final-4df937dd122841de63e2173a,Ba-Be-Hf-Li,10,3,uq_only_support_aware,accepted,0,0.0,0.0,0,6a308686126804830c81a7d2a3495feda3b3a13b074b9958e0e6026759826516,67a1fb1322de80cac36be336d1cc7a3fe814956affda24224f2fc7eaa1afac8b,e2419a18c923f473883e03031de65430da6293e50beb0c2afb6e4b4e50f035cd,
support-final-aaef0ac2ab97032d31445893,Ba-Nd-Ni-W,10,3,uq_only_support_aware,accepted,0,0.0,0.0,0,6a308686126804830c81a7d2a3495feda3b3a13b074b9958e0e6026759826516,f770d043f529995b248a13fb7566ce1453ee6c85231fcf646ae6b76d1ffcffb2,d3e7770cc5c5f14938500b561db12cf31bdde7592e2fa476e3cb3e776982079b,
support-final-614f75717580ae25345e380d,Ca-Pd-Sn-W,10,3,uq_only_support_aware,accepted,0,0.0,0.0,0,6a308686126804830c81a7d2a3495feda3b3a13b074b9958e0e6026759826516,bcec571a97fed3b0a5fe7e5c1bc9a8ed98bed112a9c4bc32fdaeb94d086b2218,32a12403b8e600a5cd84e7b76de9befd82262d9db21139ec71f66d5fe368a686,
support-final-9e45216dc2acfb5b023b2912,Ce-Er-Pb-Rh,10,3,uq_only_support_aware,accepted,1,0.19,0.1,0,6a308686126804830c81a7d2a3495feda3b3a13b074b9958e0e6026759826516,ed0f8411e50b3bcb04eb98e3d5b72ac0a7aab62254a1745375fdb415f5ff6a02,9b358aa2d6a9d1cef2b8b2e20a4e36471dc8428a64d04003cfc48e67e28ac41a,
support-final-44208b2cc04dd2e72c28c5b6,Ce-Ir-Pt-Sn,10,3,uq_only_support_aware,accepted,0,0.0,0.0,0,6a308686126804830c81a7d2a3495feda3b3a13b074b9958e0e6026759826516,a0ab62e548528bce7fe06caad377de469b4b207ae782d9ad1adaf5dc7bb77609,e5218e1d4860f7c686691ad3dffdcb47475b637d2a72930c9197c0ea08ab38da,
support-final-3ca7f63e1d21bfa750249da1,Co-Dy-Ta-Y,10,3,uq_only_support_aware,accepted,0,0.0,0.0,0,6a308686126804830c81a7d2a3495feda3b3a13b074b9958e0e6026759826516,36688a9484a9bca157822a91557ebda697c395b4118dd7c6ecf919c4994021ba,37a103773431574e51566c61ef222ea5c3c031ea0751aae22e22eb2f1a03c49f,
support-final-842e278411984af06e4ada1e,Dy-K-Pd-Sm,10,3,uq_only_support_aware,accepted,0,0.0,0.0,0,6a308686126804830c81a7d2a3495feda3b3a13b074b9958e0e6026759826516,b3f536ea9594c692b18689232d1eb530ef163bfbc6a3754fcecff3a9eb0f4fa4,1bc165b616efd1d6a83a602badbe2b9b38a7fa53b026b91b327911accd37de0a,
support-final-8a754d5f3ab62a69c08e01a7,Eu-Nb-Sn-Tl,10,3,uq_only_support_aware,accepted,0,0.0,0.0,0,6a308686126804830c81a7d2a3495feda3b3a13b074b9958e0e6026759826516,79efd433e791a24839d70959a14a84c854bc012188c61fc6c76f2a0170ad37d6,b5090d0a01fb03283e545f120af27bbef8633f6b74e75df75bcb6ee9a6801a41,
support-final-d14ea66e10fcb117d0b7c732,Ag-Nd-Pd-Pt-Tb,10,3,uq_only_support_aware,accepted,5,0.47,0.5,0,6a308686126804830c81a7d2a3495feda3b3a13b074b9958e0e6026759826516,2c5599a52fc15f9c5b598f2abaf8b1c1e821de53b702304c2cf7d242f37c54e9,890a1b8af4ac7df84b79c734d4b3271b366b8440c51496d16e664b3da13a4df0,
support-final-275e675bf71e7914132b00be,Al-Hg-K-Mg-W,10,3,uq_only_support_aware,accepted,0,0.0,0.0,0,6a308686126804830c81a7d2a3495feda3b3a13b074b9958e0e6026759826516,f08334436a6f1dc5d6b75168dec78d2752a650adb70ccb8a1a3b25ca4b3bfd24,6d9ad120d92b0b494717e3559cd354c53ef8005f513d25856d204a805a5fc501,
support-final-5b612c001aea630b27251493,Al-Lu-Pt-Rb-Sm,10,3,uq_only_support_aware,accepted,0,0.0,0.0,0,6a308686126804830c81a7d2a3495feda3b3a13b074b9958e0e6026759826516,3c257560a494daa5fb597f13b1a121f493fa55f0d6c6abbc6778dd48fbe75207,5a8fb9ee7bd2f991b7caf0a9d75456bd3445634a224146b798a340a7c03ce08c,
support-final-c0a81be74c7f44a8edb7deff,Ca-Fe-Gd-Pb-Tb,10,3,uq_only_support_aware,accepted,0,0.0,0.0,0,6a308686126804830c81a7d2a3495feda3b3a13b074b9958e0e6026759826516,983af30871f04918ef36505262e18ab19244e5723c0c1395658730b7a694432e,b64cc60500c839ba865efb66bcaf654b82acb6942dca788416723e44d39c582f,
support-final-e0ec7faa860b1c40847022ea,Cd-Gd-Mn-Na-Ta,10,3,uq_only_support_aware,accepted,0,0.0,0.0,0,6a308686126804830c81a7d2a3495feda3b3a13b074b9958e0e6026759826516,63a431e498c97314d4ccc4fe9abbbfdc7ac1c9eae12afe5459428082b8fe3278,b8cab4d7177f5d67d5f128c3078a6063c1cceb6fef451dfa73feeac20fa4f502,
support-final-e9c57599b97fae01128db4d0,Cd-Li-Nd-Ti-W,10,3,uq_only_support_aware,accepted,0,0.0,0.0,0,6a308686126804830c81a7d2a3495feda3b3a13b074b9958e0e6026759826516,948609241f07d2b3cba3527d1ae4266d4bf09e032def54eced07a9519e76f7d6,d492c7ed20d0641cc736bc7a3d88e478205289a310d2bdc0fd947b30d0d24547,
support-final-de5608127bc6f520ab38ee6d,Co-Hf-In-Ru-Tm,10,3,uq_only_support_aware,accepted,0,0.0,0.0,0,6a308686126804830c81a7d2a3495feda3b3a13b074b9958e0e6026759826516,cbae973a3ba6854602f5abb5e51fe129799ab1a320082aef80ca4dc55068f79c,8f7d943e05184157cc780f13f17f7445659d8325d35466506670cb543a011960,
support-final-980c55fd17db01b0c1f99e2c,Co-Hg-Mg-Sr-W,10,3,uq_only_support_aware,accepted,0,0.0,0.0,0,6a308686126804830c81a7d2a3495feda3b3a13b074b9958e0e6026759826516,1b9e65e284d7d5b53527616442ca34eeec1e072fe498ab8f3b3d705282d1beda,45d7b875def34b35f37140386d0d5849d0d2464450520c1bac69b14434c7f11b,
support-final-4e4721bd01b1b612f21d59c7,Cr-Fe-Lu-Pt-Sc,10,3,uq_only_support_aware,accepted,0,0.0,0.0,0,6a308686126804830c81a7d2a3495feda3b3a13b074b9958e0e6026759826516,a8e9fa7b071928462a8124cc3a5aa89057c0c8de64dc9ebc95c70c3303adb0b8,4aa7c386c08a263fa0eb563b2ffe63dbf5dab01202146afcf621709253379b5b,
support-final-5353e0b207810d061b292692,Ho-In-Mg-Pd-Zr,10,3,uq_only_support_aware,accepted,1,0.09,0.1,0,6a308686126804830c81a7d2a3495feda3b3a13b074b9958e0e6026759826516,00bb2cef289450bd6f17d9fd43ad07926a602a0b31e8da87305f27baef87a1bb,c92b57022ba8919601399b63b60fce297743f7660e7c860e40255f3da7c5b58e,
support-final-2b96c9fd2ded8ff4d3c9fa7b,Al-Li-V,10,3,full_support_aware,accepted,0,0.0,0.0,2,d97a518f339174fd21c002e41617a80554d73facffc3c440584f32d7e9314b85,6ecf025aaef9df28277fb65ef260cfbe5cf48052bf16eda5df4b3b13da737008,9f845deb859afd5b6c382bbf6d5446bcefe100417c9bb411b17f415ee732ac2d,
support-final-c3b9e4053e380cd376460042,Al-V-Zn,10,3,full_support_aware,accepted,3,0.47,0.3,2,d97a518f339174fd21c002e41617a80554d73facffc3c440584f32d7e9314b85,2cdf885ef0691b7d179382c8ac6bcd7f964ba19db52d7a39d793fed25c53d705,1b169b62dc5d2baac07b188f4f7a6be86ff97401cc870b544f8137ba9d6e029b,
support-final-5b6d1b84cc2ee0f52bb1c366,Au-K-Tb,10,3,full_support_aware,accepted,3,0.37,0.3,2,d97a518f339174fd21c002e41617a80554d73facffc3c440584f32d7e9314b85,4da52604e3c8f4acd6fb95462032384d413598567b896a32cc9571488b12a29a,fd2fd7f61952e25479f9d91cfd7033b2e9d6900775df9dd7582c78a5ac7cb86f,
support-final-756405aa341c84c08489f23c,Co-Dy-W,10,3,full_support_aware,accepted,1,0.13,0.1,2,d97a518f339174fd21c002e41617a80554d73facffc3c440584f32d7e9314b85,bfa21a79817eba1eafd3b8959f4f19a84b05b6518c7905150fdb1de926a1ca74,a1b4c7957aa1206f28d98199b9e78d03bad3cc2ec8283b58e906f46e574f7bcb,
support-final-c2968e57d9e2851ad1f9774e,Co-Mg-Na,10,3,full_support_aware,accepted,0,0.0,0.0,2,d97a518f339174fd21c002e41617a80554d73facffc3c440584f32d7e9314b85,8f83be519b14bb0f7660a827940be33e7d60b87a72eace521c4b017ad813f123,e1c31139ea082f387992f3ed01eda13e157f100d34adb3f2024d3780c4c69ab9,
support-final-3053f402dfffb1c0c29e14c7,Co-Pd-Tl,10,3,full_support_aware,accepted,0,0.0,0.0,2,d97a518f339174fd21c002e41617a80554d73facffc3c440584f32d7e9314b85,7d209b90a931538b21c2ac98af84c9c5c0e24a99ea4893e95c30cb2a48cfdd26,2044f015f769727c22a8aad13b9a78b88e1ad5085b6a23886cea75aaa822105a,
support-final-7c6cdc8a97236fef8f4b3ad1,Ga-Ho-Lu,10,3,full_support_aware,accepted,2,0.34,0.2,2,d97a518f339174fd21c002e41617a80554d73facffc3c440584f32d7e9314b85,9b29498a3254415d4022149e0899ee4cb4de4589572637532724293fa3b53419,ee84be01abe34d1aad2a5d93128df8b075e317e6eb8a1470477f1db50eba6ced,
support-final-74fa15dc86babde87cd0cf0f,Ga-Pt-Tm,10,3,full_support_aware,accepted,5,0.59,0.5,2,d97a518f339174fd21c002e41617a80554d73facffc3c440584f32d7e9314b85,2bc1ed8c5163b4aa28c06c8a72c92c18c7b97ce1459b70a21ed847f1a72befd1,934ea0982cca7309284bf513a3cf490658ca911988b1efca448e541637d2ecb8,
support-final-a0c9a6f4b1eec241747a6666,Hf-Ni-Zr,10,3,full_support_aware,accepted,4,0.6,0.4,2,d97a518f339174fd21c002e41617a80554d73facffc3c440584f32d7e9314b85,1ceb858236cec061559876f64f9affd35ec259e7ccc4e23c88dc53780b27be79,d84d0bbaf909ab4a3f607752c66d363672e0f0a7b7201cfe577425dfd78dd270,
support-final-603d93a5e35b5c329bde3929,Mg-Sn-Sr,10,3,full_support_aware,accepted,8,0.88,0.8,2,d97a518f339174fd21c002e41617a80554d73facffc3c440584f32d7e9314b85,14503864d0078b84880c7f94474f83a00ad65d34de6ed3dc93fd50b7076f7073,052f1df21d1a6f0219f703edf642c36c00bb3b92f36b853f7421fea304651ff0,
support-final-179fb1443eef703a0e7c9ccc,Au-Cr-Cs-Dy,10,3,full_support_aware,accepted,0,0.0,0.0,2,d97a518f339174fd21c002e41617a80554d73facffc3c440584f32d7e9314b85,a103d9784c476a1c507ef1d01768fd6bc7c39304f273aa857e97571981e7df5b,e95ea1102cff5676d7e042dc609410e1c0034848b96d737e658e8ee8105f1672,
support-final-a691d7b00562ab02ca35448b,Au-Tb-V-Y,10,3,full_support_aware,accepted,0,0.0,0.0,2,d97a518f339174fd21c002e41617a80554d73facffc3c440584f32d7e9314b85,419df0afd606a79f1027078a1ac895b4b2bf9991d313598fe6e009ae304d408e,d5096f51579ce591101c2d4af5931701b4444358ab023d62c3440d8241d6b5e2,
support-final-996fd07eaaf7cb2907789b15,Ba-Be-Hf-Li,10,3,full_support_aware,accepted,0,0.0,0.0,2,d97a518f339174fd21c002e41617a80554d73facffc3c440584f32d7e9314b85,37403ff88bb201b7d541a298e286a5a68f8093acbb0956a157110ca926caea90,3bf97cb8ee2f1bce036306dbed4eb523ff08a76ac517436ea4dcae8036dfeec7,
support-final-f758821e9368aab76c064a86,Ba-Nd-Ni-W,10,3,full_support_aware,accepted,0,0.0,0.0,2,d97a518f339174fd21c002e41617a80554d73facffc3c440584f32d7e9314b85,9a805bb705feb6112a734e2abdf002e10b388bc67961d70680a1d958943adf2b,52f385a42204ba03712dc226cba08f41105bb2dae9072996ac122d2401b201f6,
support-final-01498c2ddb77faa27a1deb42,Ca-Pd-Sn-W,10,3,full_support_aware,accepted,0,0.0,0.0,2,d97a518f339174fd21c002e41617a80554d73facffc3c440584f32d7e9314b85,57ec9ad1c69f120a76acb31682e39daab31e1d56af3270b142335313ff24532e,caf0d2abe0e24314667f0d20fa5f7b2ff8428093afd870e8981b9860ed1f2161,
support-final-094f6fdded7b1754500bec8a,Ce-Er-Pb-Rh,10,3,full_support_aware,accepted,2,0.26,0.2,2,d97a518f339174fd21c002e41617a80554d73facffc3c440584f32d7e9314b85,d21e8f13c1763f30093be413e4c5f3b40cce502a36009e182e95910076e89dd8,a441bbab77dbb788eed9870ef1076f9fc9dbb4e5bc5ad0f3cfbe53c6ef980372,
support-final-f93aa971ea63b91e0dc892b3,Ce-Ir-Pt-Sn,10,3,full_support_aware,accepted,0,0.0,0.0,2,d97a518f339174fd21c002e41617a80554d73facffc3c440584f32d7e9314b85,27c889b4d961be4070f1b14f48ae0518929682cd17fa9bbc3521149ebc9b6d53,7102c6923b2028a5846fded34c52b95409996ddf4e1b732e3529b6a951c823b6,
support-final-bcf7b2f58a7d35a63c9622c1,Co-Dy-Ta-Y,10,3,full_support_aware,accepted,0,0.0,0.0,2,d97a518f339174fd21c002e41617a80554d73facffc3c440584f32d7e9314b85,5fe2366e0b05b6537ea019bd446ebff36d3eaca974d8ced3f9391306a3f84262,69d18c76aac2224e4f1151938d9891890f373b0440624075a8843586e1036102,
support-final-1a4204701592b08309618c74,Dy-K-Pd-Sm,10,3,full_support_aware,accepted,0,0.0,0.0,2,d97a518f339174fd21c002e41617a80554d73facffc3c440584f32d7e9314b85,32879f9b921c7c3082903b26d10a7f520014d75a06b541b40e53b93761c1270f,d35e314d771811d653d6abdf939491579e4e1dce065a5583c358691b51eae2e9,
support-final-b3d4545a74174065634e7517,Eu-Nb-Sn-Tl,10,3,full_support_aware,accepted,0,0.0,0.0,2,d97a518f339174fd21c002e41617a80554d73facffc3c440584f32d7e9314b85,addcd1347087edd35a9fbf0d4087c495a9209965627f749e1458fa78b2fc0f0f,43ae8939f0be0038fb3ed72848bf9b874a554e6b9efc3c93b31575dcde9a34b6,
support-final-d3ad42e7f0dde4d4ca7c4597,Ag-Nd-Pd-Pt-Tb,10,3,full_support_aware,accepted,6,0.6,0.6,2,d97a518f339174fd21c002e41617a80554d73facffc3c440584f32d7e9314b85,8a5640df5caf95b0ae593cc38bcdf32ff3ee6130bcf39dfaccbb5f75ace69cca,d2524b8ff84b950dd84e8cf11f6bd0f15d02801ee018e7dba042de57d6040871,
support-final-2c0f949340478ff86b9f81d9,Al-Hg-K-Mg-W,10,3,full_support_aware,accepted,0,0.0,0.0,2,d97a518f339174fd21c002e41617a80554d73facffc3c440584f32d7e9314b85,e9227fadfba41abf58da74afb6517cbe5253b81e2ef81e28a038cbbe1d2b3620,6fdc8f701846baa20662f2e13c4adaa957af837b3a3969e83d291014244685ee,
support-final-b502ccb4f8782f2d8b1c3e47,Al-Lu-Pt-Rb-Sm,10,3,full_support_aware,accepted,0,0.0,0.0,2,d97a518f339174fd21c002e41617a80554d73facffc3c440584f32d7e9314b85,82bc463910732964c82793eacb7fb0a91e12a75a787590fb7b16788197624df3,e7ff7a8b178d1aa692255ecc06664374e018b74576a266ab3e7eb639250fd2cc,
support-final-acda679def71028b23706c2f,Ca-Fe-Gd-Pb-Tb,10,3,full_support_aware,accepted,0,0.0,0.0,2,d97a518f339174fd21c002e41617a80554d73facffc3c440584f32d7e9314b85,f262c05681c7b4d8d41f045718167eeb65c7e506ed5dd2d20f3dd60374959f3c,311b986931ca7ecaf76be4d25b7ed007fca811757242d2ad06bfd3c2ac5b7f68,
support-final-139ee2f3d70a9cf198c61482,Cd-Gd-Mn-Na-Ta,10,3,full_support_aware,accepted,0,0.0,0.0,2,d97a518f339174fd21c002e41617a80554d73facffc3c440584f32d7e9314b85,ddbfa06e44cad0e0a4e2e1a0ef4e53dfbedd1b4695b6ee5f85c4249a04372a3f,332d138db80c57f37b57175d87d42ad0d0f262b7e348d639a9e9474b6a8262ea,
support-final-a70e5a6dc09125ba1a1680b0,Cd-Li-Nd-Ti-W,10,3,full_support_aware,accepted,0,0.0,0.0,2,d97a518f339174fd21c002e41617a80554d73facffc3c440584f32d7e9314b85,01fb188ba6467fce6bb36719f10fffa51073826c3a37f83656cc17bab83eefdc,f34a16a3bca85dd3e8b0fabc1f348409e5a730b6c8ede5a18490e8557c3958e2,
support-final-3cb8b37d578c7d91a04fef82,Co-Hf-In-Ru-Tm,10,3,full_support_aware,accepted,1,0.09,0.1,2,d97a518f339174fd21c002e41617a80554d73facffc3c440584f32d7e9314b85,e35ec2398d2b5b46623575e84c8faeb912ed6477c903d778e609cad4c54881cd,67ad5a6be95d9917a892915ba0101174ffeaf1f2d74563061f2fd310f1cc0c7d,
support-final-f9c14019936954a64d23b95b,Co-Hg-Mg-Sr-W,10,3,full_support_aware,accepted,0,0.0,0.0,2,d97a518f339174fd21c002e41617a80554d73facffc3c440584f32d7e9314b85,cda39dbfc0f9e582c8cb2e273995691af924292deafea949a2f234fd8b22996b,7f9bb0f9e9affc737837fc5217a9e088eaf25bfbbdd999b9a8707ee6956c777c,
support-final-c34e04be300f0c5f430c387c,Cr-Fe-Lu-Pt-Sc,10,3,full_support_aware,accepted,0,0.0,0.0,2,d97a518f339174fd21c002e41617a80554d73facffc3c440584f32d7e9314b85,4cfe7180582d4dabac3a0a02ce6a03de66ca188e3079b72caec5a5ae4bf576b6,9f39564e5b4eb72591df73822bd66a809a4bad555d7d61efda75f47219f506d5,
support-final-6035442f1876211a63d2cc4e,Ho-In-Mg-Pd-Zr,10,3,full_support_aware,accepted,0,0.0,0.0,2,d97a518f339174fd21c002e41617a80554d73facffc3c440584f32d7e9314b85,f6f58d5f2e07beea5c6efb62778dcfdae8e37098ecbc128e7c1e37509bdac516,7a3ad9c881521759173b23e6080131741688ca72a290312d9f15f7c862af35a9,
support-final-4a84dce05fdc57c5272bb199,Al-Li-V,10,4,uq_only_support_aware,accepted,0,0.0,0.0,0,6a308686126804830c81a7d2a3495feda3b3a13b074b9958e0e6026759826516,6f8231b2a78dfd487554f3c51c7e031e088bc9b713538428065a36887614ba1b,8c48a26caf994852d7dd8f58b0f8e65c1296a44bdb516ce180c4478f7b96482e,
support-final-b8ea68c4cba1f93c238e3acd,Al-V-Zn,10,4,uq_only_support_aware,accepted,3,0.41,0.3,0,6a308686126804830c81a7d2a3495feda3b3a13b074b9958e0e6026759826516,93ecfa74b20ec9fd8d7abd49a52f8bed7479415f88120fb6dc22814ea41af7d4,0c02ecdb08568838a00946477f72c06bfd5f1436c9551fc2dc663bd61409dc1a,
support-final-3e91e70d18721910fb699c2a,Au-K-Tb,10,4,uq_only_support_aware,accepted,0,0.0,0.0,0,6a308686126804830c81a7d2a3495feda3b3a13b074b9958e0e6026759826516,09abf73f476849d5f906ee9a226b23dcb1a07d3785b61312328b4dd5758ec32f,9f21eff2cc55727f918342c33ce16b0c554571564e88be70d37687a7264b590b,
support-final-c16688941b047acff551e984,Co-Dy-W,10,4,uq_only_support_aware,accepted,1,0.17,0.1,0,6a308686126804830c81a7d2a3495feda3b3a13b074b9958e0e6026759826516,be4cfd1b0c429178ed03fc036246d2f88034d6399ccce24566a63fa0ddf46253,5f070aa2f0e199ccf8f09c5622650b520f7b33394c7a7a86605ac343a246ca23,
support-final-d5b33bead70e71d6523996b6,Co-Mg-Na,10,4,uq_only_support_aware,accepted,0,0.0,0.0,0,6a308686126804830c81a7d2a3495feda3b3a13b074b9958e0e6026759826516,8a8ff34345a2e0d557e4a0b5c8ae5bce860db1111aa3003721c06d407337715b,7dcf85b857a29f890809a3e4873c146aeaf94cf4925f033c2d1669796bfedd65,
support-final-22d6791bd1302b7ebe8b67c5,Co-Pd-Tl,10,4,uq_only_support_aware,accepted,0,0.0,0.0,0,6a308686126804830c81a7d2a3495feda3b3a13b074b9958e0e6026759826516,2c8d4e600bfc9973bbc2f3564a1510aebf86a8d7ccf82ba34d4479667908ce2d,8fe6a6387d972ec736d8b92a7de7b4c542e81bf118ecfd75d5cd166de43f9688,
support-final-cb634779e3160937aaa14737,Ga-Ho-Lu,10,4,uq_only_support_aware,accepted,5,0.69,0.5,0,6a308686126804830c81a7d2a3495feda3b3a13b074b9958e0e6026759826516,891217a653d2265e4162f31cf543476baacee5d747702bb6fc7d96a4122c5950,3b87640344f04656e99a4c228cf33bde6c07a61b5083619ef69a3bbc868c0570,
support-final-8a5008d6aedf9c3bb6698dd8,Ga-Pt-Tm,10,4,uq_only_support_aware,accepted,6,0.78,0.6,0,6a308686126804830c81a7d2a3495feda3b3a13b074b9958e0e6026759826516,8dee7f0cfac90840ad0406292cc042731317be36974526d4f72196e7ae3a76a3,27e4f9c54304e79eb5e2b237e75cfe8545f4cb20a46e2aea0dd5628bc3eb17d2,
support-final-05b770bfb201ae399962b668,Hf-Ni-Zr,10,4,uq_only_support_aware,accepted,4,0.6,0.4,0,6a308686126804830c81a7d2a3495feda3b3a13b074b9958e0e6026759826516,cd266149e37d468dff3603168d65040f4fb72916116539d3ccc6283f97b58039,7d31bd03ccbff22db961d94cecafe7d6766ede8c10c25b4b3a7d96eb339ae0fc,
support-final-1230faa38294eb39582567a2,Mg-Sn-Sr,10,4,uq_only_support_aware,accepted,2,0.2,0.2,0,6a308686126804830c81a7d2a3495feda3b3a13b074b9958e0e6026759826516,a3c4182f64fe176340c5fa7f06b781e725d9f562b1f7631a8d79b0821645d545,63f2b1b1de75fb62f181b02130903e7e7cb72e2fa1f4d69d67df50d4c6a33df9,
support-final-5a522916dc53b9344eb306e0,Au-Cr-Cs-Dy,10,4,uq_only_support_aware,accepted,1,0.19,0.1,0,6a308686126804830c81a7d2a3495feda3b3a13b074b9958e0e6026759826516,3644917a7f71ad5887ed9ddb2968259f1e2621d5c58321e82e9203e4f8f97345,7d391c9345924807a9bd09227df886f0a62bad81cbc6c59a7c85303242e643f9,
support-final-38ea190aea01208b504b7e67,Au-Tb-V-Y,10,4,uq_only_support_aware,accepted,0,0.0,0.0,0,6a308686126804830c81a7d2a3495feda3b3a13b074b9958e0e6026759826516,a9c8cb0372170c662b199d02a80ea9dc98ec59125b5c49a044b25bc29d73f016,349aaa5af13d775d611f6d3421ad3fca4f7509a82f186e64e2a1ef270a1b817e,
support-final-143014aa4f55d18a31a946a7,Ba-Be-Hf-Li,10,4,uq_only_support_aware,accepted,0,0.0,0.0,0,6a308686126804830c81a7d2a3495feda3b3a13b074b9958e0e6026759826516,f7934a1830b8ac068589745cdb84fe3a9fd7ae866265e80c64e6edbb61b92b69,a6dec2703443e1df1db73cabc66d40d47abcc9aeec934dbb9e0544c8580a5f0b,
support-final-9b536245bba7311a9eb330b9,Ba-Nd-Ni-W,10,4,uq_only_support_aware,accepted,0,0.0,0.0,0,6a308686126804830c81a7d2a3495feda3b3a13b074b9958e0e6026759826516,c5a009c6d556e25637a193e4957c0cd1ccea46b85c7087c561f870cc761a3548,dc5268f0dd21284551cfb7121b9786bc2c3b8ef07c9a404e6b55eb7f82e69f83,
support-final-0eeeebcbcb513163711bf78f,Ca-Pd-Sn-W,10,4,uq_only_support_aware,accepted,0,0.0,0.0,0,6a308686126804830c81a7d2a3495feda3b3a13b074b9958e0e6026759826516,3daca65186bf1d769853f8df7f88300c4281899884ac1006acba656dbdefc215,4295efc0edc224bfca09cd36beeee37a2c01289255089e9a394544ba73879c08,
support-final-6bb0a076b6232bec5ff96921,Ce-Er-Pb-Rh,10,4,uq_only_support_aware,accepted,3,0.37,0.3,0,6a308686126804830c81a7d2a3495feda3b3a13b074b9958e0e6026759826516,a96ea135bfc2e14972710cd29b99626583caf0246b66ffae865f002c2f9d1767,cb6bd5e6ff0c6deb8928bc1658f59bdb15671a87b707afc7f61845630487483d,
support-final-2d4014c7978846e91f3dab05,Ce-Ir-Pt-Sn,10,4,uq_only_support_aware,accepted,1,0.13,0.1,0,6a308686126804830c81a7d2a3495feda3b3a13b074b9958e0e6026759826516,276d3c03fbf5fd3d687c4164694edee5165094f1efb62af9675faf7492ef91ec,d3046413bd3c4ee627968a8df6638ac7d6d6d492c8804a781b878e0da94b19a0,
support-final-01d87f9e1ee522f77481f276,Co-Dy-Ta-Y,10,4,uq_only_support_aware,unclaimed,,,,,,,,
support-final-4021a88126221d812fe08a76,Dy-K-Pd-Sm,10,4,uq_only_support_aware,accepted,0,0.0,0.0,0,6a308686126804830c81a7d2a3495feda3b3a13b074b9958e0e6026759826516,e5c243c468c2df338a9adaf63f7b70668f5db8aa98518e90a6591e85e4344880,e771466159106fc9656ca02a20e8cc9edccabe4b90c617fee4de4af5f7283dff,
support-final-3ebbaea5d932913d8d34e83c,Eu-Nb-Sn-Tl,10,4,uq_only_support_aware,unclaimed,,,,,,,,
support-final-1b062e6f8b3ad484ad7351e0,Ag-Nd-Pd-Pt-Tb,10,4,uq_only_support_aware,unclaimed,,,,,,,,
support-final-4ce63d4707774df5cb861a26,Al-Hg-K-Mg-W,10,4,uq_only_support_aware,unclaimed,,,,,,,,
support-final-932660a6fa441f99904de71b,Al-Lu-Pt-Rb-Sm,10,4,uq_only_support_aware,accepted,0,0.0,0.0,0,6a308686126804830c81a7d2a3495feda3b3a13b074b9958e0e6026759826516,bee183044bffeecdc45ec4a168cb3cf22ed32d0eb9e251f632dc27c86a416fe0,d7055e5702e0c7b60e6d87a821af8aff77d2a02ea1322c9e7014ab996d3f5929,
support-final-66250ae605b9e37e542b9cd2,Ca-Fe-Gd-Pb-Tb,10,4,uq_only_support_aware,accepted,1,0.15,0.1,0,6a308686126804830c81a7d2a3495feda3b3a13b074b9958e0e6026759826516,9232bcd483c2d13702660e230fb34de3846c8f6f5cb1ae63380261e1b90566e2,6cdaec33feaa299059ff76714ba78ab08d6d0d659c772adc8b1c8514782468d3,
support-final-024bd41fbe36d1b920436aed,Cd-Gd-Mn-Na-Ta,10,4,uq_only_support_aware,unclaimed,,,,,,,,
support-final-75d178e34f1cc2be571810d0,Cd-Li-Nd-Ti-W,10,4,uq_only_support_aware,unclaimed,,,,,,,,
support-final-3f8684689a9babe5b4a4b638,Co-Hf-In-Ru-Tm,10,4,uq_only_support_aware,unclaimed,,,,,,,,
support-final-a84ecfe190c5f666f86c7897,Co-Hg-Mg-Sr-W,10,4,uq_only_support_aware,accepted,0,0.0,0.0,0,6a308686126804830c81a7d2a3495feda3b3a13b074b9958e0e6026759826516,fd690c633a381d6205a22d5aa37d46f08ed95415451453e254a830a8eb91058d,7c7792f827e659e834cf35447eaaa5e943c2d07a5aa612c36a880ab46ce97cd4,
support-final-304d099c8b2785f3801bd5d8,Cr-Fe-Lu-Pt-Sc,10,4,uq_only_support_aware,accepted,0,0.0,0.0,0,6a308686126804830c81a7d2a3495feda3b3a13b074b9958e0e6026759826516,b50e7a2820cd368c51729c236b3ddb7d994ee23cb7e6e85b56b418da047059c3,a5e9307d414e1e202d256db3fc56bee215c27ac02fb32c6cda73330c2d460fc8,
support-final-7c4947c7a9c0166118eab8e5,Ho-In-Mg-Pd-Zr,10,4,uq_only_support_aware,accepted,1,0.11,0.1,0,6a308686126804830c81a7d2a3495feda3b3a13b074b9958e0e6026759826516,0dadb4883042f72cac062334807a2045e360305c8ba1cfffb3c22477e724e120,1337fde39017418dae22b359b8acedcf981bfac05eecf652212b866afc10fc9d,
support-final-cda0e2a385af0e786df7d24a,Al-Li-V,10,4,full_support_aware,accepted,2,0.28,0.2,2,d97a518f339174fd21c002e41617a80554d73facffc3c440584f32d7e9314b85,b4d00fd1ad56d1c64ff5e0322f4b1cf97d32713a30f7e8ea6ed60e93dce9e1db,9b8eacae88a5264a63838704005c6a0a9d6fed030e2d82b79843bf70026839c5,
support-final-8d9484c7a3dc0a3085dccdab,Al-V-Zn,10,4,full_support_aware,accepted,4,0.34,0.4,2,d97a518f339174fd21c002e41617a80554d73facffc3c440584f32d7e9314b85,ae6f33f2db8d1f14fee77677c631da94972b539aa8acf1843fc17c06d15ddc6d,2f7a497eb5343f9647d2a77e779a149f45578123ba7ef65a4623734424ff04bf,
support-final-17ba56fb5d378648ebbbe7c8,Au-K-Tb,10,4,full_support_aware,accepted,1,0.07,0.1,2,d97a518f339174fd21c002e41617a80554d73facffc3c440584f32d7e9314b85,a5c45ea49bf52c9bfd18e4f2e15e299df3678aada2fc51e0b77f2c5de8c6bfc5,88064623247f7fae89cec397c67aa09c82ed17eb6cfe6616e9d5290fc4230b37,
support-final-f6823e6cdf872a727ba2d1e8,Co-Dy-W,10,4,full_support_aware,accepted,0,0.0,0.0,2,d97a518f339174fd21c002e41617a80554d73facffc3c440584f32d7e9314b85,e45f54fe8921b921a305673844812e3387aeecd64a165f4204fcfbe4e8c2fb0b,a1629594d3749542d197e9fe188f2c4e69291a769ab20285ece54c2331be3150,
support-final-32b9c75a950dc72b690b9f75,Co-Mg-Na,10,4,full_support_aware,accepted,0,0.0,0.0,2,d97a518f339174fd21c002e41617a80554d73facffc3c440584f32d7e9314b85,b7ae89ef0a8d7652627f1266eb8b7509efd8b204fe110b92f0bc38bfaab6b0d3,33407cf106e8f2655a4256d0960112644f6d5434add9ea1b79e9da8f0a35a949,
support-final-fb69e77b7aee89ccf4423be0,Co-Pd-Tl,10,4,full_support_aware,accepted,0,0.0,0.0,2,d97a518f339174fd21c002e41617a80554d73facffc3c440584f32d7e9314b85,1ddd10ca47b233b8fc25fecbf58f2137c4ccee5b8f2845f12f9e288ad8f42b99,5278ab986600fbf7adf0503036b0c9845ce514062d3a732cbea0eb72100d4521,
support-final-af51ed342d33b26f2bb379d1,Ga-Ho-Lu,10,4,full_support_aware,accepted,3,0.49,0.3,2,d97a518f339174fd21c002e41617a80554d73facffc3c440584f32d7e9314b85,2922c844ff61d221935f3993cd4fb0fdbebd3065ad9db272ff4551a7dc7ac63e,6a4a81c2e4d05a9bae766eb07a7fb4f33942c259a89afb84ca0a19ec30e50340,
support-final-88231a22354b2636e4c97fea,Ga-Pt-Tm,10,4,full_support_aware,accepted,3,0.33,0.3,2,d97a518f339174fd21c002e41617a80554d73facffc3c440584f32d7e9314b85,2cf816a6306bf0bebe13f0460da910ef63b85ef00526081c18b5a14bbafdd8d5,8cd65156ea9a819848b7662cc1c01303f3dfc72112ff25d92fce1961cc699ff0,
support-final-616b831cc331015b008f716c,Hf-Ni-Zr,10,4,full_support_aware,accepted,5,0.53,0.5,2,d97a518f339174fd21c002e41617a80554d73facffc3c440584f32d7e9314b85,190d9009b7f8f9f0e4f2963e9207ac202f6b5c72efaad055caf53a6a9cbdce3c,949e8b75a7ea8ad6623c2639bd56bf45af76cd0cd33de250fa451118bcfc8d89,
support-final-38f9461dae82598c89d645ea,Mg-Sn-Sr,10,4,full_support_aware,accepted,3,0.09,0.3,2,d97a518f339174fd21c002e41617a80554d73facffc3c440584f32d7e9314b85,cb5564936dffa437ce2d7664a0a63fc2678902c3b0590fe8305b81044c399e15,cbbdbb4064b1404b25e8c58824ec152cf58fe77f8ea06d35f5e666670a09ba22,
support-final-94123f30d5f5618c1f669b29,Au-Cr-Cs-Dy,10,4,full_support_aware,accepted,0,0.0,0.0,2,d97a518f339174fd21c002e41617a80554d73facffc3c440584f32d7e9314b85,727472a5d889d086464e5e70ca24af9ac2b3cbfaf8b7738a2f08f145e23501ec,47075dfa335ef6b23cc6ee7b60cc99a0387ecec973cbd6a94dc23d9b5166f68c,
support-final-78dcf45418fea8678fe997fa,Au-Tb-V-Y,10,4,full_support_aware,accepted,0,0.0,0.0,2,d97a518f339174fd21c002e41617a80554d73facffc3c440584f32d7e9314b85,329ab95eb2ff9621b3bc0c743d0410f726a45355731c99d549a110c4bb98a1b6,a19e57be9370ce8594e9d0318bfcc517c5b63f874fe0ae51e10f435249c0335e,
support-final-66144b0f1b865f7ebac06010,Ba-Be-Hf-Li,10,4,full_support_aware,unclaimed,,,,,,,,
support-final-11d1fb0da6efb51372274b75,Ba-Nd-Ni-W,10,4,full_support_aware,accepted,0,0.0,0.0,2,d97a518f339174fd21c002e41617a80554d73facffc3c440584f32d7e9314b85,aa5ee0735ee3cc1e1ec70d32ec69c6d2fa4ae9c63142ad0219b238ef24c6ef2a,f08385522fae2846be22497e9fbce41392940594a0bfddaf1b1fdff03f8b53c4,
support-final-9e13512e7e0fb227805b08f2,Ca-Pd-Sn-W,10,4,full_support_aware,unclaimed,,,,,,,,
support-final-1ec8edc38809b3db9d12c910,Ce-Er-Pb-Rh,10,4,full_support_aware,unclaimed,,,,,,,,
support-final-d77834ef35b45ec89bc441bf,Ce-Ir-Pt-Sn,10,4,full_support_aware,accepted,0,0.0,0.0,2,d97a518f339174fd21c002e41617a80554d73facffc3c440584f32d7e9314b85,4ef5493a683c6f2e2765abebc6e63a32806604eab385482fe9ae13d1650a427a,46d179e586088c53d02a8b23898b6067204468c6e8a08f18061f8bc97be9943f,
support-final-c8368ecb79793f58c6fb9e1d,Co-Dy-Ta-Y,10,4,full_support_aware,accepted,0,0.0,0.0,2,d97a518f339174fd21c002e41617a80554d73facffc3c440584f32d7e9314b85,72cd8ae80fcb712242d73425cbc34b5009805afe5aaebb80c0bc48f24542979a,be2096b1b06d6e59ffe53ae79161f9180f597eb1aba4b315ce4b6f461212f84e,
support-final-c09bab44c8ff79feca6fce50,Dy-K-Pd-Sm,10,4,full_support_aware,accepted,0,0.0,0.0,2,d97a518f339174fd21c002e41617a80554d73facffc3c440584f32d7e9314b85,e071da729d42210dc6bf80e74ee6487ed02e270f66b1d129ebd39a5b0891d689,2cf9ce4f2849033941f11f931362990593b712971b8fd2b5f440b9defaa98bf0,
support-final-68c4bdcc7cbe6c5417bc18b6,Eu-Nb-Sn-Tl,10,4,full_support_aware,accepted,0,0.0,0.0,2,d97a518f339174fd21c002e41617a80554d73facffc3c440584f32d7e9314b85,0c0b616599899da5b80a21dc4712c690d63db4a8aa6ad345302689f15c0c9f40,ecf9112264019803eaf4ba2a0ca547d40fd1308ffa3fc5dfde5f4a4018ac9172,
support-final-30f1e953c1dbaef67ba1cbfd,Ag-Nd-Pd-Pt-Tb,10,4,full_support_aware,accepted,3,0.51,0.3,2,d97a518f339174fd21c002e41617a80554d73facffc3c440584f32d7e9314b85,436661da3b74793f4f02cca85b3e8e05ab2ffdb6902d5939078158408ee5b8c1,ebd8aacf84d2f36a5383a1bcc22a9292a30d2f19c1e663511deff861840c4db4,
support-final-142035217f6f1e4225b00a40,Al-Hg-K-Mg-W,10,4,full_support_aware,accepted,0,0.0,0.0,2,d97a518f339174fd21c002e41617a80554d73facffc3c440584f32d7e9314b85,fe2fbff3dc81a16a745a503e90e422f160c17870be3aa84662f269380dbe6922,d5ab0be2af2894a1382c9c11b7ddcf6cafa21b65856431ca1f0babda4811a713,
support-final-9bb7926ba1d6632718ebbc3a,Al-Lu-Pt-Rb-Sm,10,4,full_support_aware,accepted,3,0.43,0.3,2,d97a518f339174fd21c002e41617a80554d73facffc3c440584f32d7e9314b85,5b19556935c167b224d1caca52817284c3409b485490b4ecb7e4edc7ebc664cb,717e9e672cb678fc25fd2a136fd4d1bcaf6654ce612c308b1c126684985f7c23,
support-final-28b4fd45d1819442599e5943,Ca-Fe-Gd-Pb-Tb,10,4,full_support_aware,accepted,0,0.0,0.0,2,d97a518f339174fd21c002e41617a80554d73facffc3c440584f32d7e9314b85,85aa81fa59483d9df3648eb728d353a7f00443738f1d9296d158ca7dd0320514,6e609699739b5b2dcfcdad9f9d9f49991cbaa2717b48b6fea289f26d221fbd6b,
support-final-5b1bff435eeb0ba90d08b0d5,Cd-Gd-Mn-Na-Ta,10,4,full_support_aware,unclaimed,,,,,,,,
support-final-2288eea097bb18ef7df5cfeb,Cd-Li-Nd-Ti-W,10,4,full_support_aware,unclaimed,,,,,,,,
support-final-bef411f22c209c41f37d8c75,Co-Hf-In-Ru-Tm,10,4,full_support_aware,unclaimed,,,,,,,,
support-final-2102d03048df4cb242e0ff09,Co-Hg-Mg-Sr-W,10,4,full_support_aware,accepted,0,0.0,0.0,2,d97a518f339174fd21c002e41617a80554d73facffc3c440584f32d7e9314b85,52a0ef2d05b3ff313325294c600ea4dfd197057dd9adb212304b5aa08dbc5812,b1a9a9f0122d9b2a44fa6634caa64d97f2d5aca75933197b65c619eece255e2e,
support-final-1674c98146b1c7b360ca7907,Cr-Fe-Lu-Pt-Sc,10,4,full_support_aware,accepted,0,0.0,0.0,2,d97a518f339174fd21c002e41617a80554d73facffc3c440584f32d7e9314b85,a5a9fb65d89e28ecd58addcd0d6fe3fc6746c21734f544cb454f7ec745e1444d,d62a777c7810c02f61547c628a281a6c020203bd1675892275fca5a19dd6f5fa,
support-final-d1780b8b95311989d6038d2c,Ho-In-Mg-Pd-Zr,10,4,full_support_aware,accepted,0,0.0,0.0,2,d97a518f339174fd21c002e41617a80554d73facffc3c440584f32d7e9314b85,45482ff0ea8e9807c14de6858eec748329027df6b290593ff2ccbbc0e570f077,b952108fa567572dcd671e6d588e366f253a383c982e31f8928461de88ea0358,
support-final-68828fe321b15bfa6a93f335,Al-Li-V,30,2,uq_only_support_aware,unclaimed,,,,,,,,
support-final-c6f577d63646c4bc2db00dc6,Al-V-Zn,30,2,uq_only_support_aware,accepted,9,0.38555555555555554,0.3,0,6a308686126804830c81a7d2a3495feda3b3a13b074b9958e0e6026759826516,ff0c4e1c9533ea294db8d7656f5352be469be31b115262b274ddbd7c0ad2afdc,94eff39dd141ff1bea37fc50540ee8cda27698bdd4a6c47f5a0f4f2ba645cb83,
support-final-3058a99cf2840809d1e0fbf0,Au-K-Tb,30,2,uq_only_support_aware,accepted,11,0.32555555555555554,0.36666666666666664,0,6a308686126804830c81a7d2a3495feda3b3a13b074b9958e0e6026759826516,cad75a4e40b38ad6f5c59ca2d119d69a2202f9138876b67297aff92d7991af1a,ce709e54029ebbcb30d0a0347ea7ab9231a04de06c9a987effa6c5196f570682,
support-final-e1c1fc48a22361d609add9fb,Co-Dy-W,30,2,uq_only_support_aware,accepted,1,0.06555555555555556,0.03333333333333333,0,6a308686126804830c81a7d2a3495feda3b3a13b074b9958e0e6026759826516,65c835f04c8af355710a8210043b7afb121d9cc7fcf95ae1d02104b1b31fb14a,eefcc859d6766da6d6cd2fece2d36471f8e566bb9677ef09ed0a399dfcd9fd0e,
support-final-15934dd7929043487aa17d1d,Co-Mg-Na,30,2,uq_only_support_aware,accepted,0,0.0,0.0,0,6a308686126804830c81a7d2a3495feda3b3a13b074b9958e0e6026759826516,2af62c47a8cd59cd8d717b25570e0c8d8d48d3bbd6642970e537afef4c1e5638,276707c487c2135c4302f093db6acf9754f2ec432e0bba069d471993adf4262b,
support-final-eec9c94c2ef6ef7a237bd4a4,Co-Pd-Tl,30,2,uq_only_support_aware,accepted,0,0.0,0.0,0,6a308686126804830c81a7d2a3495feda3b3a13b074b9958e0e6026759826516,33fa6eb1cf7ecc2f5018a8754170d59472a61ac46ff1d03f740f2b4857cb3dae,5eb09297e5653340964238f97abe5d2e94ab62d802a2fe893764852530a95d23,
support-final-6959c45a49762c12f83c92b7,Ga-Ho-Lu,30,2,uq_only_support_aware,accepted,13,0.43444444444444447,0.43333333333333335,0,6a308686126804830c81a7d2a3495feda3b3a13b074b9958e0e6026759826516,6bf8b05424993d6fa8d4a42fa418e6f389ff920b55797bc10ec61bc9ffc280ad,e65799fcdccd824cbf0e87cf2a7ae9edfdcb9d30f6a9d51a4bf22f4d9d19add8,
support-final-354557b43243094cfb7dbee5,Ga-Pt-Tm,30,2,uq_only_support_aware,accepted,17,0.4766666666666667,0.5666666666666667,0,6a308686126804830c81a7d2a3495feda3b3a13b074b9958e0e6026759826516,669028bef4428cfe4acd7b0516c015fe17e02a8031e7250131d82ad5d5dd9cdc,4cee5455667bc937aa13cea0eb190a5c3c0229cd8579f380e4acaf5d400aa1c6,
support-final-26bb0630fdcc79670512c21b,Hf-Ni-Zr,30,2,uq_only_support_aware,accepted,7,0.29444444444444445,0.23333333333333334,0,6a308686126804830c81a7d2a3495feda3b3a13b074b9958e0e6026759826516,192cfcd715d257f5f9664f3df59bb15e8885aee8ad9c4a34264474a86c2782c5,8745c0324baf2da93ceb31adf68bea8e1e4e423125b3212109582d13f7183b12,
support-final-24ac87ca3625d7b88c6448e9,Mg-Sn-Sr,30,2,uq_only_support_aware,accepted,11,0.5544444444444444,0.36666666666666664,0,6a308686126804830c81a7d2a3495feda3b3a13b074b9958e0e6026759826516,af6b0a97645baba23ba5292de2f4acb1dd64dc230331e9d7d5d478e18bbbc74c,9a5a68c9857f808b07b3d86fef95893bd9a5874b6f6fbfac412f9c0d83dfeaed,
support-final-3e21f9a97f1bb5325d95a785,Au-Cr-Cs-Dy,30,2,uq_only_support_aware,claimed_pending,,,,,,,,
support-final-d5fc38e933306712582ff36d,Au-Tb-V-Y,30,2,uq_only_support_aware,claimed_pending,,,,,,,,
support-final-89df55c222f01953ec35bf59,Ba-Be-Hf-Li,30,2,uq_only_support_aware,accepted,0,0.0,0.0,0,6a308686126804830c81a7d2a3495feda3b3a13b074b9958e0e6026759826516,5ea180710afa07b636d54486d36bfd9e3ecaaab25d0c393a7690f83f405822ee,42ae7da758e0852c17a4513325ac9bb9036d989a7ac97b1698625c14b3e87a64,
support-final-b711d1567b3f956b581ad8cd,Ba-Nd-Ni-W,30,2,uq_only_support_aware,claimed_pending,,,,,,,,
support-final-ac81f6cb9c3e95de56316ebe,Ca-Pd-Sn-W,30,2,uq_only_support_aware,claimed_pending,,,,,,,,
support-final-cc6bc85ff034c89bdf638178,Ce-Er-Pb-Rh,30,2,uq_only_support_aware,claimed_pending,,,,,,,,
support-final-3108fe72955a17f6190bba85,Ce-Ir-Pt-Sn,30,2,uq_only_support_aware,claimed_pending,,,,,,,,
support-final-16295d8348dccaafd54c5e48,Co-Dy-Ta-Y,30,2,uq_only_support_aware,claimed_pending,,,,,,,,
support-final-1d26aaf9a98a02b1f4fbd6e0,Dy-K-Pd-Sm,30,2,uq_only_support_aware,unclaimed,,,,,,,,
support-final-ed4ca2df5ad9ff0a98734540,Eu-Nb-Sn-Tl,30,2,uq_only_support_aware,unclaimed,,,,,,,,
support-final-07f198204c60263313d29cc3,Ag-Nd-Pd-Pt-Tb,30,2,uq_only_support_aware,unclaimed,,,,,,,,
support-final-d70efa7c8db60e613da44214,Al-Hg-K-Mg-W,30,2,uq_only_support_aware,unclaimed,,,,,,,,
support-final-fa9c1ade02d415d33a9e4dde,Al-Lu-Pt-Rb-Sm,30,2,uq_only_support_aware,unclaimed,,,,,,,,
support-final-c569e62b5a6e86bb2b7c73bb,Ca-Fe-Gd-Pb-Tb,30,2,uq_only_support_aware,unclaimed,,,,,,,,
support-final-fff00ba37d47f7f831b9063f,Cd-Gd-Mn-Na-Ta,30,2,uq_only_support_aware,unclaimed,,,,,,,,
support-final-ddc5b47d7501187795cfd362,Cd-Li-Nd-Ti-W,30,2,uq_only_support_aware,unclaimed,,,,,,,,
support-final-46a4710a68771860ae27cd3f,Co-Hf-In-Ru-Tm,30,2,uq_only_support_aware,unclaimed,,,,,,,,
support-final-ddce04b04a09a65c37822260,Co-Hg-Mg-Sr-W,30,2,uq_only_support_aware,unclaimed,,,,,,,,
support-final-3881f8f06305e38f73d7ab5c,Cr-Fe-Lu-Pt-Sc,30,2,uq_only_support_aware,unclaimed,,,,,,,,
support-final-edd6246915d09bdcd9989408,Ho-In-Mg-Pd-Zr,30,2,uq_only_support_aware,unclaimed,,,,,,,,
support-final-76e22bd5cfc3ac0755bed75c,Al-Li-V,30,2,full_support_aware,accepted,1,0.04555555555555556,0.03333333333333333,2,d97a518f339174fd21c002e41617a80554d73facffc3c440584f32d7e9314b85,1797a57deae79c845469c61f58c5e08cc047924646e985e004c6d78a108305e3,d736868ad91e0afa72a96f91e3445bf6c24154c76b40c20ad857a36d9d65d757,
support-final-efc9a202a2c570cfa2316939,Al-V-Zn,30,2,full_support_aware,accepted,8,0.31333333333333335,0.26666666666666666,2,d97a518f339174fd21c002e41617a80554d73facffc3c440584f32d7e9314b85,4de3a3e9964aee45f5bdcbb05215937332a04199a5ac939c27a643c7560ecb24,025f134bbc440ff43d7b76b5c3f98f9ecd1acaa914f43643b4286686807fd31f,
support-final-67a727484d05070227dbdeaa,Au-K-Tb,30,2,full_support_aware,accepted,2,0.05555555555555555,0.06666666666666667,2,d97a518f339174fd21c002e41617a80554d73facffc3c440584f32d7e9314b85,456e8ec8115b3aa755b8f68228a9b66028d01841cbb64f0afcfdd3f74d1aee5b,951e8259de690f65b4210489466eafbbaa9b3cf1e4a6bbd4de67097c12beede4,
support-final-6fcfd498ff17ce334d0cb06c,Co-Dy-W,30,2,full_support_aware,accepted,0,0.0,0.0,2,d97a518f339174fd21c002e41617a80554d73facffc3c440584f32d7e9314b85,baabcc52f0245adc7dba3f8f72f1ec030bf43695cdd85da0c457f79d4b2c7072,3f391ba1f9f4c8a381709c10152588babd6eff3a43c0c4325b6c074447a07f77,
support-final-1eca5687358459892837526c,Co-Mg-Na,30,2,full_support_aware,accepted,2,0.07111111111111111,0.06666666666666667,2,d97a518f339174fd21c002e41617a80554d73facffc3c440584f32d7e9314b85,24bf7fed1d62948abf3ef6d177f25097636230c2409ae657bc1fa44c6cf10fad,950ab8ac681243d448efab47b652fddd70a920969e2b1ae0a9de6787a18be3b2,
support-final-8176b8bcd164acb52a555810,Co-Pd-Tl,30,2,full_support_aware,accepted,0,0.0,0.0,2,d97a518f339174fd21c002e41617a80554d73facffc3c440584f32d7e9314b85,f9e42cac4a790c9f58793976ffc5b1e4ff7c2e5d4c988fec33fa4cb4dd18c173,5879f1f10b67bb78624b95e843a5b83bacbd5f34d99a3ac82b6f5cdd22d74f97,
support-final-8d05f59982a2d68e6ff58d3d,Ga-Ho-Lu,30,2,full_support_aware,accepted,7,0.3655555555555556,0.23333333333333334,2,d97a518f339174fd21c002e41617a80554d73facffc3c440584f32d7e9314b85,3e86d4062b6a7af9bb1f5dd70f85100746b528ffe6c8edd5bdd3a4984da350ae,21e1f2adc8e1ed2e60e7ef945f83d59c886dcc2e9344b9c419a3c95d2c5c16ff,
support-final-538b5b5a938af4e4a1c66d25,Ga-Pt-Tm,30,2,full_support_aware,accepted,10,0.3933333333333333,0.3333333333333333,2,d97a518f339174fd21c002e41617a80554d73facffc3c440584f32d7e9314b85,dfc6e411686f7c5ab05b9788295d5675c3add39a4aebb301ae2c3b0e8d745753,ede9afbc2b52c6ab56bf4de5e7f81af96b0b9b52a28fc63e718f81762749cc8e,
support-final-743234ef297f4d82c1691ae5,Hf-Ni-Zr,30,2,full_support_aware,accepted,10,0.3377777777777778,0.3333333333333333,2,d97a518f339174fd21c002e41617a80554d73facffc3c440584f32d7e9314b85,5e23437e67b2c7339b5564a24f475efb99d0de3faf620564367a8f160bc2e10e,e86c25ae9a5daeffa4f2779d584817324ff84cbccb81eae3be02ab7d5349ef86,
support-final-e9cffbb95ff9bc735600657f,Mg-Sn-Sr,30,2,full_support_aware,accepted,12,0.4088888888888889,0.4,2,d97a518f339174fd21c002e41617a80554d73facffc3c440584f32d7e9314b85,d53013b3524474e412c5dd696f658161b013c2b2966a3fb5d23000d9614aad3c,55f8402d152147178d55a07714c1bda532474dbac38749369dcae1053373ebf3,
support-final-35a1eec695d283dc9e07dcdb,Au-Cr-Cs-Dy,30,2,full_support_aware,accepted,0,0.0,0.0,2,d97a518f339174fd21c002e41617a80554d73facffc3c440584f32d7e9314b85,3487660b255c184d9e4f635a953413fa61d3f945beb7fb46a15476f19e0610cb,30989d9d8e1203a91a83059e7e15444d27f2afc02df2a0b0ff23b6e4a7c18335,
support-final-5f4e2fb9196dd2650871fb54,Au-Tb-V-Y,30,2,full_support_aware,accepted,0,0.0,0.0,2,d97a518f339174fd21c002e41617a80554d73facffc3c440584f32d7e9314b85,9615a007b78fafcf6d5c631d9c106cb48c2cceeecdbe756f802ac2f77c6207ba,5bf9f8bd0a3d17d3a17b1cc850ff815fea9dd8e92216d13b375c6b918c9b8cfd,
support-final-446882441bc9d484b4de7af9,Ba-Be-Hf-Li,30,2,full_support_aware,accepted,0,0.0,0.0,2,d97a518f339174fd21c002e41617a80554d73facffc3c440584f32d7e9314b85,537a3a9073fb544c01e09b8b8014700143d7316205dfdbdcd3f37fdf597920bb,29260673a854afaa3a2e4cccb04c08a73c0a1dae9921d2fd63db0a49a394b552,
support-final-5c5580308c1610c03e3bee38,Ba-Nd-Ni-W,30,2,full_support_aware,accepted,0,0.0,0.0,2,d97a518f339174fd21c002e41617a80554d73facffc3c440584f32d7e9314b85,e5aacd1ad19da39a005d46c5b5b23a1a6a1b5d82b202cd1b1af751acc94d9aa7,888b2d922756d173e2f3ddcee909803d3c99c6560c61a5ddf5f59406b5e98c8b,
support-final-bd4c521ce43e5090a9b1a8db,Ca-Pd-Sn-W,30,2,full_support_aware,accepted,0,0.0,0.0,2,d97a518f339174fd21c002e41617a80554d73facffc3c440584f32d7e9314b85,57f8cb580687cd5171a55a742ac1532c4841b2275f16a0bc21179b728c5e5bfc,6629490872663ea00fbcbc07d472220a7c3a3da05a73b9f990a33ad7a9745112,
support-final-9c02391744d541b8bebb15d1,Ce-Er-Pb-Rh,30,2,full_support_aware,accepted,11,0.23222222222222222,0.36666666666666664,2,d97a518f339174fd21c002e41617a80554d73facffc3c440584f32d7e9314b85,c66b093a3a0697a0466671364c3cbdb75d11a171d909fd9501341e8c067e15ce,79c78f255641950db4979117861810c1ee3d6dde8f3c6a71a2048773a5128d89,
support-final-dd4a075de95ff40054d250b9,Ce-Ir-Pt-Sn,30,2,full_support_aware,claimed_pending,,,,,,,,
support-final-0e5a03b8e3ffa78fe8da15bb,Co-Dy-Ta-Y,30,2,full_support_aware,claimed_pending,,,,,,,,
support-final-aa9d47c6c7bb03ffdbdc876a,Dy-K-Pd-Sm,30,2,full_support_aware,claimed_pending,,,,,,,,
support-final-2bc8f23b6a52969293e190c5,Eu-Nb-Sn-Tl,30,2,full_support_aware,claimed_pending,,,,,,,,
support-final-698ebdd09e0561d123b55b00,Ag-Nd-Pd-Pt-Tb,30,2,full_support_aware,claimed_pending,,,,,,,,
support-final-f75378727b2725201d5c5f4f,Al-Hg-K-Mg-W,30,2,full_support_aware,claimed_pending,,,,,,,,
support-final-daed1cd8016b69fbed7963e5,Al-Lu-Pt-Rb-Sm,30,2,full_support_aware,claimed_pending,,,,,,,,
support-final-63cd1169649d0010bf69991a,Ca-Fe-Gd-Pb-Tb,30,2,full_support_aware,claimed_pending,,,,,,,,
support-final-6bcd1e2a23af4eabeb1d98ec,Cd-Gd-Mn-Na-Ta,30,2,full_support_aware,unclaimed,,,,,,,,
support-final-45e29c6ef67e8a5856c55d63,Cd-Li-Nd-Ti-W,30,2,full_support_aware,unclaimed,,,,,,,,
support-final-04d73e6cb85601508f8b0ad9,Co-Hf-In-Ru-Tm,30,2,full_support_aware,unclaimed,,,,,,,,
support-final-203222134ea44133a26e59ef,Co-Hg-Mg-Sr-W,30,2,full_support_aware,unclaimed,,,,,,,,
support-final-57d411fd51adb88f9f0dd65d,Cr-Fe-Lu-Pt-Sc,30,2,full_support_aware,unclaimed,,,,,,,,
support-final-c604a8259562f0aedf38d550,Ho-In-Mg-Pd-Zr,30,2,full_support_aware,unclaimed,,,,,,,,
support-final-6dbce495984cdf756db1e538,Al-Li-V,30,3,uq_only_support_aware,unclaimed,,,,,,,,
support-final-ee8fa76145aed29056a079db,Al-V-Zn,30,3,uq_only_support_aware,unclaimed,,,,,,,,
support-final-35c15c2812a5df94fd674a74,Au-K-Tb,30,3,uq_only_support_aware,unclaimed,,,,,,,,
support-final-d22f94599a6293c1d2c94c68,Co-Dy-W,30,3,uq_only_support_aware,unclaimed,,,,,,,,
support-final-244a815512e261d6f298d8a8,Co-Mg-Na,30,3,uq_only_support_aware,unclaimed,,,,,,,,
support-final-5d66ae1e9afcad283d73bab2,Co-Pd-Tl,30,3,uq_only_support_aware,unclaimed,,,,,,,,
support-final-7222b86d67c190b62eecc44a,Ga-Ho-Lu,30,3,uq_only_support_aware,unclaimed,,,,,,,,
support-final-8cd6d71d4444d2910003e69f,Ga-Pt-Tm,30,3,uq_only_support_aware,unclaimed,,,,,,,,
support-final-24c858830db9eb52859e6a9b,Hf-Ni-Zr,30,3,uq_only_support_aware,unclaimed,,,,,,,,
support-final-26e8bc75652e0943b1a81906,Mg-Sn-Sr,30,3,uq_only_support_aware,unclaimed,,,,,,,,
support-final-b89b5d1651372f64e77b6625,Au-Cr-Cs-Dy,30,3,uq_only_support_aware,unclaimed,,,,,,,,
support-final-70c8e0574663879369aca7bb,Au-Tb-V-Y,30,3,uq_only_support_aware,unclaimed,,,,,,,,
support-final-9dd79d6eb276041f7b3c0aeb,Ba-Be-Hf-Li,30,3,uq_only_support_aware,unclaimed,,,,,,,,
support-final-80397382a67765a876715135,Ba-Nd-Ni-W,30,3,uq_only_support_aware,unclaimed,,,,,,,,
support-final-c15c2e0799dc4671d5de9f32,Ca-Pd-Sn-W,30,3,uq_only_support_aware,unclaimed,,,,,,,,
support-final-bc41c474235a5ce0c4ba5688,Ce-Er-Pb-Rh,30,3,uq_only_support_aware,unclaimed,,,,,,,,
support-final-645c23401491615aa5e7946f,Ce-Ir-Pt-Sn,30,3,uq_only_support_aware,unclaimed,,,,,,,,
support-final-768c8b633dc24b114c08dfba,Co-Dy-Ta-Y,30,3,uq_only_support_aware,unclaimed,,,,,,,,
support-final-08ca556a1739f319926e20d0,Dy-K-Pd-Sm,30,3,uq_only_support_aware,unclaimed,,,,,,,,
support-final-683472b4c0c25cfd93d529e3,Eu-Nb-Sn-Tl,30,3,uq_only_support_aware,unclaimed,,,,,,,,
support-final-5cc6151b76d5a0f9451e2b6d,Ag-Nd-Pd-Pt-Tb,30,3,uq_only_support_aware,unclaimed,,,,,,,,
support-final-f32680364e0901ec01ebac92,Al-Hg-K-Mg-W,30,3,uq_only_support_aware,unclaimed,,,,,,,,
support-final-de681059a02fa43eeb25509f,Al-Lu-Pt-Rb-Sm,30,3,uq_only_support_aware,unclaimed,,,,,,,,
support-final-0d3a57a7a15aa1ce1edb194a,Ca-Fe-Gd-Pb-Tb,30,3,uq_only_support_aware,unclaimed,,,,,,,,
support-final-c74cf17f3ac7ca988c05f1b5,Cd-Gd-Mn-Na-Ta,30,3,uq_only_support_aware,unclaimed,,,,,,,,
support-final-b1d7c026be957029d49f94e1,Cd-Li-Nd-Ti-W,30,3,uq_only_support_aware,unclaimed,,,,,,,,
support-final-86c3994001c2e39b9f688bf5,Co-Hf-In-Ru-Tm,30,3,uq_only_support_aware,unclaimed,,,,,,,,
support-final-601070817d9d65d193b86948,Co-Hg-Mg-Sr-W,30,3,uq_only_support_aware,unclaimed,,,,,,,,
support-final-7d367e72bb34d6164eab460e,Cr-Fe-Lu-Pt-Sc,30,3,uq_only_support_aware,unclaimed,,,,,,,,
support-final-c390e5312c488932b152e173,Ho-In-Mg-Pd-Zr,30,3,uq_only_support_aware,unclaimed,,,,,,,,
support-final-4720ac6ea99fab3d8dabaab1,Al-Li-V,30,3,full_support_aware,unclaimed,,,,,,,,
support-final-27525d309aac8bbb85945efd,Al-V-Zn,30,3,full_support_aware,unclaimed,,,,,,,,
support-final-4c2eafcae448cee16779f49b,Au-K-Tb,30,3,full_support_aware,unclaimed,,,,,,,,
support-final-16a696d3f30a2fe30a590158,Co-Dy-W,30,3,full_support_aware,unclaimed,,,,,,,,
support-final-9ee3ad0db31745e31f067e4b,Co-Mg-Na,30,3,full_support_aware,unclaimed,,,,,,,,
support-final-231737af43d5d42aeb960ca4,Co-Pd-Tl,30,3,full_support_aware,unclaimed,,,,,,,,
support-final-b98b812b7fa21d94b9a2465a,Ga-Ho-Lu,30,3,full_support_aware,unclaimed,,,,,,,,
support-final-4b86ec1d0d2bafe62a79e172,Ga-Pt-Tm,30,3,full_support_aware,unclaimed,,,,,,,,
support-final-4c72f7dca819430b483b9ff2,Hf-Ni-Zr,30,3,full_support_aware,unclaimed,,,,,,,,
support-final-616f439a808dcfa78392fe05,Mg-Sn-Sr,30,3,full_support_aware,unclaimed,,,,,,,,
support-final-1272dfbc7ad4f1b2eb0451c1,Au-Cr-Cs-Dy,30,3,full_support_aware,unclaimed,,,,,,,,
support-final-cdedd2b0707c2baa788b7e84,Au-Tb-V-Y,30,3,full_support_aware,unclaimed,,,,,,,,
support-final-87d2cd2917205aeb0935a295,Ba-Be-Hf-Li,30,3,full_support_aware,unclaimed,,,,,,,,
support-final-e39cc6941c11837053fdb7e8,Ba-Nd-Ni-W,30,3,full_support_aware,unclaimed,,,,,,,,
support-final-ee0b3e736bb64173f84e3b21,Ca-Pd-Sn-W,30,3,full_support_aware,unclaimed,,,,,,,,
support-final-3f14eda0cc3511ded2b29bee,Ce-Er-Pb-Rh,30,3,full_support_aware,unclaimed,,,,,,,,
support-final-e3a8eecf632170fad74fa565,Ce-Ir-Pt-Sn,30,3,full_support_aware,unclaimed,,,,,,,,
support-final-6f6fc6f2a537eaf6dee74855,Co-Dy-Ta-Y,30,3,full_support_aware,unclaimed,,,,,,,,
support-final-ebb2d5c5ea683452e2364fd7,Dy-K-Pd-Sm,30,3,full_support_aware,unclaimed,,,,,,,,
support-final-80149f77b727a797ae143b50,Eu-Nb-Sn-Tl,30,3,full_support_aware,unclaimed,,,,,,,,
support-final-4bdec4d162beaf925bd23f9b,Ag-Nd-Pd-Pt-Tb,30,3,full_support_aware,unclaimed,,,,,,,,
support-final-67b556953068e22d605ecb13,Al-Hg-K-Mg-W,30,3,full_support_aware,unclaimed,,,,,,,,
support-final-713b2e2c7f342db617def8a5,Al-Lu-Pt-Rb-Sm,30,3,full_support_aware,unclaimed,,,,,,,,
support-final-f59ce724cbd4822b7ee8d254,Ca-Fe-Gd-Pb-Tb,30,3,full_support_aware,unclaimed,,,,,,,,
support-final-80a219dfbcef7c70ba5881f8,Cd-Gd-Mn-Na-Ta,30,3,full_support_aware,unclaimed,,,,,,,,
support-final-04e8a9f11bc5f3c7888a9b6f,Cd-Li-Nd-Ti-W,30,3,full_support_aware,unclaimed,,,,,,,,
support-final-ebf9047d2d7e43b09fc348d8,Co-Hf-In-Ru-Tm,30,3,full_support_aware,unclaimed,,,,,,,,
support-final-0a7867fdb171f474ba7b25b9,Co-Hg-Mg-Sr-W,30,3,full_support_aware,unclaimed,,,,,,,,
support-final-1b249707a5ba00ec6441334a,Cr-Fe-Lu-Pt-Sc,30,3,full_support_aware,unclaimed,,,,,,,,
support-final-b80b58df840a3e0ef7a67d11,Ho-In-Mg-Pd-Zr,30,3,full_support_aware,unclaimed,,,,,,,,
support-final-e01ae115e21fb1b46bad650a,Al-Li-V,30,4,uq_only_support_aware,unclaimed,,,,,,,,
support-final-e721abfe90ea8cea48ccfb5c,Al-V-Zn,30,4,uq_only_support_aware,unclaimed,,,,,,,,
support-final-da97f4a0c3b01aaf2fecf906,Au-K-Tb,30,4,uq_only_support_aware,unclaimed,,,,,,,,
support-final-b961d74ce42f4612bc9816b9,Co-Dy-W,30,4,uq_only_support_aware,unclaimed,,,,,,,,
support-final-0d6f6c3f1b1b8371c7bc718e,Co-Mg-Na,30,4,uq_only_support_aware,unclaimed,,,,,,,,
support-final-2f82f8b05b2d65ac9c6f27da,Co-Pd-Tl,30,4,uq_only_support_aware,unclaimed,,,,,,,,
support-final-566f04144f931203a0c82421,Ga-Ho-Lu,30,4,uq_only_support_aware,unclaimed,,,,,,,,
support-final-05cfa98701d2fcbe5e68d958,Ga-Pt-Tm,30,4,uq_only_support_aware,unclaimed,,,,,,,,
support-final-4dd82f5179571f45a5688853,Hf-Ni-Zr,30,4,uq_only_support_aware,unclaimed,,,,,,,,
support-final-8b874c965de5452d77bb299c,Mg-Sn-Sr,30,4,uq_only_support_aware,unclaimed,,,,,,,,
support-final-21d6ade45aee31af2a38cb50,Au-Cr-Cs-Dy,30,4,uq_only_support_aware,unclaimed,,,,,,,,
support-final-34494a0d5ea136f6e2102e6c,Au-Tb-V-Y,30,4,uq_only_support_aware,unclaimed,,,,,,,,
support-final-18424d30c7d88506d137b5f5,Ba-Be-Hf-Li,30,4,uq_only_support_aware,unclaimed,,,,,,,,
support-final-e8d03eb0dabf57731c59a732,Ba-Nd-Ni-W,30,4,uq_only_support_aware,unclaimed,,,,,,,,
support-final-3d3237d25edcb15baa1d20a4,Ca-Pd-Sn-W,30,4,uq_only_support_aware,unclaimed,,,,,,,,
support-final-86fb778d1877cc33442aedc4,Ce-Er-Pb-Rh,30,4,uq_only_support_aware,unclaimed,,,,,,,,
support-final-8e81069a46eead189f505b5f,Ce-Ir-Pt-Sn,30,4,uq_only_support_aware,unclaimed,,,,,,,,
support-final-60a62866bf59ae33871642c5,Co-Dy-Ta-Y,30,4,uq_only_support_aware,unclaimed,,,,,,,,
support-final-42f85d834d7d5530e3c03062,Dy-K-Pd-Sm,30,4,uq_only_support_aware,unclaimed,,,,,,,,
support-final-053f7134c1e5819130fb6fbe,Eu-Nb-Sn-Tl,30,4,uq_only_support_aware,unclaimed,,,,,,,,
support-final-582f7fd131ebe23015e46b03,Ag-Nd-Pd-Pt-Tb,30,4,uq_only_support_aware,unclaimed,,,,,,,,
support-final-ffcf280bd9e40991c5ac88ce,Al-Hg-K-Mg-W,30,4,uq_only_support_aware,unclaimed,,,,,,,,
support-final-0edc5a7222ac5d4060ac63a6,Al-Lu-Pt-Rb-Sm,30,4,uq_only_support_aware,unclaimed,,,,,,,,
support-final-c1f73c3fc46ff359a340898e,Ca-Fe-Gd-Pb-Tb,30,4,uq_only_support_aware,unclaimed,,,,,,,,
support-final-3372ea942fab24b652d97438,Cd-Gd-Mn-Na-Ta,30,4,uq_only_support_aware,unclaimed,,,,,,,,
support-final-6f6bf43102950e6113df5465,Cd-Li-Nd-Ti-W,30,4,uq_only_support_aware,unclaimed,,,,,,,,
support-final-093c5625c3e87043b72119e6,Co-Hf-In-Ru-Tm,30,4,uq_only_support_aware,unclaimed,,,,,,,,
support-final-e5c75e46faac16efec0d9603,Co-Hg-Mg-Sr-W,30,4,uq_only_support_aware,unclaimed,,,,,,,,
support-final-8130cbca1eeb3a047425f03a,Cr-Fe-Lu-Pt-Sc,30,4,uq_only_support_aware,unclaimed,,,,,,,,
support-final-fa25b1f6010291e2062cc0ce,Ho-In-Mg-Pd-Zr,30,4,uq_only_support_aware,unclaimed,,,,,,,,
support-final-e64c291842cf6be6d5e58866,Al-Li-V,30,4,full_support_aware,unclaimed,,,,,,,,
support-final-0d3a594e05926e684a74be3f,Al-V-Zn,30,4,full_support_aware,unclaimed,,,,,,,,
support-final-97b0306affc3f96d6e361515,Au-K-Tb,30,4,full_support_aware,unclaimed,,,,,,,,
support-final-6504232ab79f73adf70cd5e7,Co-Dy-W,30,4,full_support_aware,unclaimed,,,,,,,,
support-final-a2cb4510fc2fe225242290df,Co-Mg-Na,30,4,full_support_aware,unclaimed,,,,,,,,
support-final-f141e73e67a40febcf79bb7c,Co-Pd-Tl,30,4,full_support_aware,unclaimed,,,,,,,,
support-final-2ac3f3b9a4de4ad509bd0cc5,Ga-Ho-Lu,30,4,full_support_aware,unclaimed,,,,,,,,
support-final-a46da5765411a4d19ba5a555,Ga-Pt-Tm,30,4,full_support_aware,unclaimed,,,,,,,,
support-final-fb154e311e2083e0e11bc0fb,Hf-Ni-Zr,30,4,full_support_aware,unclaimed,,,,,,,,
support-final-d5dfb3515e493c945b2bf924,Mg-Sn-Sr,30,4,full_support_aware,unclaimed,,,,,,,,
support-final-0056cf0dfbaf13e0efbfea17,Au-Cr-Cs-Dy,30,4,full_support_aware,unclaimed,,,,,,,,
support-final-11681e928f7d1f4fad1d4cbd,Au-Tb-V-Y,30,4,full_support_aware,unclaimed,,,,,,,,
support-final-3cf3c9683d13e5d95b4dbeb0,Ba-Be-Hf-Li,30,4,full_support_aware,unclaimed,,,,,,,,
support-final-99dc81cc2dd73dbdd4ded35c,Ba-Nd-Ni-W,30,4,full_support_aware,unclaimed,,,,,,,,
support-final-0840c6d432e1cc92ea772a83,Ca-Pd-Sn-W,30,4,full_support_aware,unclaimed,,,,,,,,
support-final-1c2349b15f6478268b037b7c,Ce-Er-Pb-Rh,30,4,full_support_aware,unclaimed,,,,,,,,
support-final-13f03277e7328cce14fa3462,Ce-Ir-Pt-Sn,30,4,full_support_aware,unclaimed,,,,,,,,
support-final-742e9f67f3ff076318222c4a,Co-Dy-Ta-Y,30,4,full_support_aware,unclaimed,,,,,,,,
support-final-3cca2899597d5aaa5e876675,Dy-K-Pd-Sm,30,4,full_support_aware,unclaimed,,,,,,,,
support-final-456c817652ba41206c734cc8,Eu-Nb-Sn-Tl,30,4,full_support_aware,unclaimed,,,,,,,,
support-final-80843611413e7b615ef166ee,Ag-Nd-Pd-Pt-Tb,30,4,full_support_aware,unclaimed,,,,,,,,
support-final-f14dc2730952b55aff1d8b12,Al-Hg-K-Mg-W,30,4,full_support_aware,unclaimed,,,,,,,,
support-final-74d81fbe3435e51c29899b0b,Al-Lu-Pt-Rb-Sm,30,4,full_support_aware,unclaimed,,,,,,,,
support-final-f953ea859747d7caecd5b045,Ca-Fe-Gd-Pb-Tb,30,4,full_support_aware,unclaimed,,,,,,,,
support-final-52b7aac5276ed0ac7a71c214,Cd-Gd-Mn-Na-Ta,30,4,full_support_aware,unclaimed,,,,,,,,
support-final-010bf18d32903ff675b4fa75,Cd-Li-Nd-Ti-W,30,4,full_support_aware,unclaimed,,,,,,,,
support-final-b10382725fe9da04cd7410c2,Co-Hf-In-Ru-Tm,30,4,full_support_aware,unclaimed,,,,,,,,
support-final-46f1b626b612ed9d19547e34,Co-Hg-Mg-Sr-W,30,4,full_support_aware,unclaimed,,,,,,,,
support-final-8446b3eb2b5fe6271901eb07,Cr-Fe-Lu-Pt-Sc,30,4,full_support_aware,unclaimed,,,,,,,,
support-final-f7c128b9a9af9c03df452855,Ho-In-Mg-Pd-Zr,30,4,full_support_aware,unclaimed,,,,,,,,
support-final-62f9573121a173930335f5ba,Al-Li-V,50,2,uq_only_support_aware,unclaimed,,,,,,,,
support-final-ab74267a3e2f9d096d0bdbcd,Al-V-Zn,50,2,uq_only_support_aware,unclaimed,,,,,,,,
support-final-0abc49839443d9b1bc7b8d4f,Au-K-Tb,50,2,uq_only_support_aware,unclaimed,,,,,,,,
support-final-d6c8391cc5faf85e29db6924,Co-Dy-W,50,2,uq_only_support_aware,unclaimed,,,,,,,,
support-final-650697aa55e22d1a8bef5cf9,Co-Mg-Na,50,2,uq_only_support_aware,unclaimed,,,,,,,,
support-final-fe2047f7f4963890709fe339,Co-Pd-Tl,50,2,uq_only_support_aware,unclaimed,,,,,,,,
support-final-59869c80bd764e7ea09ecdad,Ga-Ho-Lu,50,2,uq_only_support_aware,unclaimed,,,,,,,,
support-final-24aa1f8e1dda583813bea538,Ga-Pt-Tm,50,2,uq_only_support_aware,unclaimed,,,,,,,,
support-final-cf5f6b1620a4c1448abe487c,Hf-Ni-Zr,50,2,uq_only_support_aware,unclaimed,,,,,,,,
support-final-72568e2f882287e203731338,Mg-Sn-Sr,50,2,uq_only_support_aware,unclaimed,,,,,,,,
support-final-314664a1ebd509f0a8c69545,Au-Cr-Cs-Dy,50,2,uq_only_support_aware,unclaimed,,,,,,,,
support-final-d24eb047e8227619b9cd409a,Au-Tb-V-Y,50,2,uq_only_support_aware,unclaimed,,,,,,,,
support-final-5b9a0437c2aef0768503ec92,Ba-Be-Hf-Li,50,2,uq_only_support_aware,unclaimed,,,,,,,,
support-final-49db87a3d56daa5126051848,Ba-Nd-Ni-W,50,2,uq_only_support_aware,unclaimed,,,,,,,,
support-final-eda5aa214afaa939b3b87b7a,Ca-Pd-Sn-W,50,2,uq_only_support_aware,unclaimed,,,,,,,,
support-final-6ce35ea38ce0ae6a81fdf9e2,Ce-Er-Pb-Rh,50,2,uq_only_support_aware,unclaimed,,,,,,,,
support-final-79978ac279108d3871479e59,Ce-Ir-Pt-Sn,50,2,uq_only_support_aware,unclaimed,,,,,,,,
support-final-677c38990e31d4c7eb9d4847,Co-Dy-Ta-Y,50,2,uq_only_support_aware,unclaimed,,,,,,,,
support-final-e663c8c7a0cba7f2afdf9760,Dy-K-Pd-Sm,50,2,uq_only_support_aware,unclaimed,,,,,,,,
support-final-1d36aa66204b272756ee35d8,Eu-Nb-Sn-Tl,50,2,uq_only_support_aware,unclaimed,,,,,,,,
support-final-bdde3cbae6ddd84dc8402159,Ag-Nd-Pd-Pt-Tb,50,2,uq_only_support_aware,unclaimed,,,,,,,,
support-final-9689253b6f17a7f316b5fff7,Al-Hg-K-Mg-W,50,2,uq_only_support_aware,unclaimed,,,,,,,,
support-final-efc9c6203465cac264512632,Al-Lu-Pt-Rb-Sm,50,2,uq_only_support_aware,unclaimed,,,,,,,,
support-final-350d2b31c253013bca94a8bb,Ca-Fe-Gd-Pb-Tb,50,2,uq_only_support_aware,unclaimed,,,,,,,,
support-final-c28342451470b842ff1822ce,Cd-Gd-Mn-Na-Ta,50,2,uq_only_support_aware,unclaimed,,,,,,,,
support-final-0a4cef87f3d81579cd67a52d,Cd-Li-Nd-Ti-W,50,2,uq_only_support_aware,unclaimed,,,,,,,,
support-final-9fdb0ebdc89a8dccd167ca0e,Co-Hf-In-Ru-Tm,50,2,uq_only_support_aware,unclaimed,,,,,,,,
support-final-3d335562f31b0cbf4ab79377,Co-Hg-Mg-Sr-W,50,2,uq_only_support_aware,unclaimed,,,,,,,,
support-final-81ed8a52432554bf2f24de4d,Cr-Fe-Lu-Pt-Sc,50,2,uq_only_support_aware,unclaimed,,,,,,,,
support-final-0cc3e21c3c1c198d348dc410,Ho-In-Mg-Pd-Zr,50,2,uq_only_support_aware,unclaimed,,,,,,,,
support-final-8fdcfffca4ddbcf9a6837bb4,Al-Li-V,50,2,full_support_aware,unclaimed,,,,,,,,
support-final-e90defc1c87006ab4f99429b,Al-V-Zn,50,2,full_support_aware,unclaimed,,,,,,,,
support-final-9cf432477ebd1dd10792a0d4,Au-K-Tb,50,2,full_support_aware,unclaimed,,,,,,,,
support-final-a4c83dc53edcca47b7552632,Co-Dy-W,50,2,full_support_aware,unclaimed,,,,,,,,
support-final-7a7311b44817c4936eae38f9,Co-Mg-Na,50,2,full_support_aware,unclaimed,,,,,,,,
support-final-5edec7e0ba79160bd02b2a32,Co-Pd-Tl,50,2,full_support_aware,unclaimed,,,,,,,,
support-final-82a4c0f7c960bace5d095f89,Ga-Ho-Lu,50,2,full_support_aware,unclaimed,,,,,,,,
support-final-304bf4f1576c5ad0594773ac,Ga-Pt-Tm,50,2,full_support_aware,unclaimed,,,,,,,,
support-final-eadc2879ba17c8c35ff8dadf,Hf-Ni-Zr,50,2,full_support_aware,unclaimed,,,,,,,,
support-final-caad02c9c562fbf760e18716,Mg-Sn-Sr,50,2,full_support_aware,unclaimed,,,,,,,,
support-final-355088ee4aaa4c76b7aa4818,Au-Cr-Cs-Dy,50,2,full_support_aware,unclaimed,,,,,,,,
support-final-fbf839f62b1a7d31555f6f0f,Au-Tb-V-Y,50,2,full_support_aware,unclaimed,,,,,,,,
support-final-d12b12061ed79b9f1295bc88,Ba-Be-Hf-Li,50,2,full_support_aware,unclaimed,,,,,,,,
support-final-2216e8ad58242b7172bcaea1,Ba-Nd-Ni-W,50,2,full_support_aware,unclaimed,,,,,,,,
support-final-f9d9782fc72844a257e76ca2,Ca-Pd-Sn-W,50,2,full_support_aware,unclaimed,,,,,,,,
support-final-58ff1df092f23eda9a198af9,Ce-Er-Pb-Rh,50,2,full_support_aware,unclaimed,,,,,,,,
support-final-3367d65a0a0d30e1fa7fd4a9,Ce-Ir-Pt-Sn,50,2,full_support_aware,unclaimed,,,,,,,,
support-final-c4a87524130172e8fdaac83a,Co-Dy-Ta-Y,50,2,full_support_aware,unclaimed,,,,,,,,
support-final-9b4743b935071033306b5ef2,Dy-K-Pd-Sm,50,2,full_support_aware,unclaimed,,,,,,,,
support-final-8fa0beeb7e3b185a8792cc7d,Eu-Nb-Sn-Tl,50,2,full_support_aware,unclaimed,,,,,,,,
support-final-7a5d0de50c27c92df563cd85,Ag-Nd-Pd-Pt-Tb,50,2,full_support_aware,unclaimed,,,,,,,,
support-final-33f870ae4800c41f96d95e25,Al-Hg-K-Mg-W,50,2,full_support_aware,unclaimed,,,,,,,,
support-final-ae4e5912d7ef6d21f78c081d,Al-Lu-Pt-Rb-Sm,50,2,full_support_aware,unclaimed,,,,,,,,
support-final-d4cbac9258b29f36d1bec892,Ca-Fe-Gd-Pb-Tb,50,2,full_support_aware,unclaimed,,,,,,,,
support-final-85d457a0a90d8174444a5a1a,Cd-Gd-Mn-Na-Ta,50,2,full_support_aware,unclaimed,,,,,,,,
support-final-b577f51311d9371b5f8382f2,Cd-Li-Nd-Ti-W,50,2,full_support_aware,unclaimed,,,,,,,,
support-final-27a93604933f9623c4e40fd7,Co-Hf-In-Ru-Tm,50,2,full_support_aware,unclaimed,,,,,,,,
support-final-6c169bf3b5fdd25fe42cccd6,Co-Hg-Mg-Sr-W,50,2,full_support_aware,unclaimed,,,,,,,,
support-final-645a4321d2bedd625b4bff69,Cr-Fe-Lu-Pt-Sc,50,2,full_support_aware,unclaimed,,,,,,,,
support-final-efa424b9faa7f03a2b9a6af9,Ho-In-Mg-Pd-Zr,50,2,full_support_aware,unclaimed,,,,,,,,
support-final-c542da8175e8f027b499b071,Al-Li-V,50,3,uq_only_support_aware,unclaimed,,,,,,,,
support-final-a424fc404bd8ca9c65da3162,Al-V-Zn,50,3,uq_only_support_aware,unclaimed,,,,,,,,
support-final-e524cebf4c94e6ddaf4b2b7e,Au-K-Tb,50,3,uq_only_support_aware,unclaimed,,,,,,,,
support-final-6bb79a4e1f357f3d9bb8d1dd,Co-Dy-W,50,3,uq_only_support_aware,unclaimed,,,,,,,,
support-final-0c6678c245b17a9495520ab2,Co-Mg-Na,50,3,uq_only_support_aware,unclaimed,,,,,,,,
support-final-60ce911c72db8579beab3edc,Co-Pd-Tl,50,3,uq_only_support_aware,unclaimed,,,,,,,,
support-final-2f8a8f71f22976e4945a9380,Ga-Ho-Lu,50,3,uq_only_support_aware,unclaimed,,,,,,,,
support-final-47cd6fe5cb460ba2d9e1a656,Ga-Pt-Tm,50,3,uq_only_support_aware,unclaimed,,,,,,,,
support-final-3ccc51dc626e3518ae1430c9,Hf-Ni-Zr,50,3,uq_only_support_aware,unclaimed,,,,,,,,
support-final-65d8c73435661d9a9391db1f,Mg-Sn-Sr,50,3,uq_only_support_aware,unclaimed,,,,,,,,
support-final-5de787ca1e65d238e6edf94e,Au-Cr-Cs-Dy,50,3,uq_only_support_aware,unclaimed,,,,,,,,
support-final-53ec8d03fa577e390e1bd886,Au-Tb-V-Y,50,3,uq_only_support_aware,unclaimed,,,,,,,,
support-final-c3e1c577eebad01f3d10cb76,Ba-Be-Hf-Li,50,3,uq_only_support_aware,unclaimed,,,,,,,,
support-final-1f6ae6fcbdf7d7b627736d98,Ba-Nd-Ni-W,50,3,uq_only_support_aware,unclaimed,,,,,,,,
support-final-f1588485764efd599f2bf65b,Ca-Pd-Sn-W,50,3,uq_only_support_aware,unclaimed,,,,,,,,
support-final-1edbffafd1f78b267f1b8f54,Ce-Er-Pb-Rh,50,3,uq_only_support_aware,unclaimed,,,,,,,,
support-final-1399b7322f7a5690798a1c43,Ce-Ir-Pt-Sn,50,3,uq_only_support_aware,unclaimed,,,,,,,,
support-final-f1439df2358857cc22094d91,Co-Dy-Ta-Y,50,3,uq_only_support_aware,unclaimed,,,,,,,,
support-final-cb05a8f71e1f6f364b14be32,Dy-K-Pd-Sm,50,3,uq_only_support_aware,unclaimed,,,,,,,,
support-final-3e678766a9ea3f03cdcb297d,Eu-Nb-Sn-Tl,50,3,uq_only_support_aware,unclaimed,,,,,,,,
support-final-d357ce596b7208e1831baaf7,Ag-Nd-Pd-Pt-Tb,50,3,uq_only_support_aware,unclaimed,,,,,,,,
support-final-cf4c74dd090418321145f1d3,Al-Hg-K-Mg-W,50,3,uq_only_support_aware,unclaimed,,,,,,,,
support-final-4f15b1a235684af292366d64,Al-Lu-Pt-Rb-Sm,50,3,uq_only_support_aware,unclaimed,,,,,,,,
support-final-8790d5e3c401fb57ac4df774,Ca-Fe-Gd-Pb-Tb,50,3,uq_only_support_aware,unclaimed,,,,,,,,
support-final-aa6474ab6d438f3f869946ef,Cd-Gd-Mn-Na-Ta,50,3,uq_only_support_aware,unclaimed,,,,,,,,
support-final-a2188e1d54396013943de7a7,Cd-Li-Nd-Ti-W,50,3,uq_only_support_aware,unclaimed,,,,,,,,
support-final-e4bc0c8110fa35dde418361b,Co-Hf-In-Ru-Tm,50,3,uq_only_support_aware,unclaimed,,,,,,,,
support-final-68c958b63285e5f4157dc639,Co-Hg-Mg-Sr-W,50,3,uq_only_support_aware,unclaimed,,,,,,,,
support-final-cf33e82a2fd4facf1ade6bf6,Cr-Fe-Lu-Pt-Sc,50,3,uq_only_support_aware,unclaimed,,,,,,,,
support-final-2a9cab75dc970f46cc66ede8,Ho-In-Mg-Pd-Zr,50,3,uq_only_support_aware,unclaimed,,,,,,,,
support-final-3f68bc776db59db800a43489,Al-Li-V,50,3,full_support_aware,unclaimed,,,,,,,,
support-final-de48cdc382339d8cdc225831,Al-V-Zn,50,3,full_support_aware,unclaimed,,,,,,,,
support-final-55886e489d936b8a23096c38,Au-K-Tb,50,3,full_support_aware,unclaimed,,,,,,,,
support-final-9bdc099b82aa7536fdd9145d,Co-Dy-W,50,3,full_support_aware,unclaimed,,,,,,,,
support-final-5ce44dc50c62e67251afdd9d,Co-Mg-Na,50,3,full_support_aware,unclaimed,,,,,,,,
support-final-41ff772ebda31df7f3cd250f,Co-Pd-Tl,50,3,full_support_aware,unclaimed,,,,,,,,
support-final-56078a5d1fd6780ac3d0e5ea,Ga-Ho-Lu,50,3,full_support_aware,unclaimed,,,,,,,,
support-final-19e34603c12a86b7cc0ec178,Ga-Pt-Tm,50,3,full_support_aware,unclaimed,,,,,,,,
support-final-43f099fe8d7535f2ad765c11,Hf-Ni-Zr,50,3,full_support_aware,unclaimed,,,,,,,,
support-final-98758d7931d7165136cd24ea,Mg-Sn-Sr,50,3,full_support_aware,unclaimed,,,,,,,,
support-final-1fe3f52beaa3da722c998478,Au-Cr-Cs-Dy,50,3,full_support_aware,unclaimed,,,,,,,,
support-final-b1bd203b9a7259f0c8e8201e,Au-Tb-V-Y,50,3,full_support_aware,unclaimed,,,,,,,,
support-final-47b29cd56b155468f9a199ec,Ba-Be-Hf-Li,50,3,full_support_aware,unclaimed,,,,,,,,
support-final-fb0fa099e5b6f282c6c9a51a,Ba-Nd-Ni-W,50,3,full_support_aware,unclaimed,,,,,,,,
support-final-c3a7cea62d0ef4e9620b2320,Ca-Pd-Sn-W,50,3,full_support_aware,unclaimed,,,,,,,,
support-final-02973d0155324987aaaafd94,Ce-Er-Pb-Rh,50,3,full_support_aware,unclaimed,,,,,,,,
support-final-a43dd036c664b1a2ab6dd8a0,Ce-Ir-Pt-Sn,50,3,full_support_aware,unclaimed,,,,,,,,
support-final-8bff51f895cec1e961e8ac47,Co-Dy-Ta-Y,50,3,full_support_aware,unclaimed,,,,,,,,
support-final-3727ab1fb5a4c55221a32a64,Dy-K-Pd-Sm,50,3,full_support_aware,unclaimed,,,,,,,,
support-final-72dd706c665e1d2b40430ad4,Eu-Nb-Sn-Tl,50,3,full_support_aware,unclaimed,,,,,,,,
support-final-9dd018a556ff2f4f05b93bd2,Ag-Nd-Pd-Pt-Tb,50,3,full_support_aware,unclaimed,,,,,,,,
support-final-fa8352da5bf2ba2e42278e50,Al-Hg-K-Mg-W,50,3,full_support_aware,unclaimed,,,,,,,,
support-final-bbdc9caa25e904df60831c55,Al-Lu-Pt-Rb-Sm,50,3,full_support_aware,unclaimed,,,,,,,,
support-final-5f0e59e9c677fc77c6e1d998,Ca-Fe-Gd-Pb-Tb,50,3,full_support_aware,unclaimed,,,,,,,,
support-final-152c35c4ec2d454a88905522,Cd-Gd-Mn-Na-Ta,50,3,full_support_aware,unclaimed,,,,,,,,
support-final-b37bd3c541146b7263e9e2b6,Cd-Li-Nd-Ti-W,50,3,full_support_aware,unclaimed,,,,,,,,
support-final-9a2db89c01473073cc2800fc,Co-Hf-In-Ru-Tm,50,3,full_support_aware,unclaimed,,,,,,,,
support-final-2b8dbb90fae52dd0bd91fe47,Co-Hg-Mg-Sr-W,50,3,full_support_aware,unclaimed,,,,,,,,
support-final-98b20cf33b1826855fdf3c48,Cr-Fe-Lu-Pt-Sc,50,3,full_support_aware,unclaimed,,,,,,,,
support-final-7ccbfd41722615740ec889a8,Ho-In-Mg-Pd-Zr,50,3,full_support_aware,unclaimed,,,,,,,,
support-final-d09a54752d239b462ce773a7,Al-Li-V,50,4,uq_only_support_aware,unclaimed,,,,,,,,
support-final-12b4b583f370a9fdb515beea,Al-V-Zn,50,4,uq_only_support_aware,unclaimed,,,,,,,,
support-final-7586c2ca0b071679b5acabfd,Au-K-Tb,50,4,uq_only_support_aware,unclaimed,,,,,,,,
support-final-abb936e723cab2ed743026a2,Co-Dy-W,50,4,uq_only_support_aware,unclaimed,,,,,,,,
support-final-442ce5590cae3f904a82e057,Co-Mg-Na,50,4,uq_only_support_aware,unclaimed,,,,,,,,
support-final-4ce734906425c4b2d5b9ab02,Co-Pd-Tl,50,4,uq_only_support_aware,unclaimed,,,,,,,,
support-final-da28fbded5c659b2173b59af,Ga-Ho-Lu,50,4,uq_only_support_aware,unclaimed,,,,,,,,
support-final-1b76d62b8e3bbd48b1bf599d,Ga-Pt-Tm,50,4,uq_only_support_aware,unclaimed,,,,,,,,
support-final-565e538f818b657d60d8b9f6,Hf-Ni-Zr,50,4,uq_only_support_aware,unclaimed,,,,,,,,
support-final-7b57f7f549bbad0d437efd53,Mg-Sn-Sr,50,4,uq_only_support_aware,unclaimed,,,,,,,,
support-final-54c7a2cafe497c510744e728,Au-Cr-Cs-Dy,50,4,uq_only_support_aware,unclaimed,,,,,,,,
support-final-6a35ee57d81ebab54376415a,Au-Tb-V-Y,50,4,uq_only_support_aware,unclaimed,,,,,,,,
support-final-f3895012264b9f576cdb8678,Ba-Be-Hf-Li,50,4,uq_only_support_aware,unclaimed,,,,,,,,
support-final-81ad46e6672d323391663153,Ba-Nd-Ni-W,50,4,uq_only_support_aware,unclaimed,,,,,,,,
support-final-66edf80f612b45caf98e90c1,Ca-Pd-Sn-W,50,4,uq_only_support_aware,unclaimed,,,,,,,,
support-final-e8e8857262329d9ad8c13f64,Ce-Er-Pb-Rh,50,4,uq_only_support_aware,unclaimed,,,,,,,,
support-final-338951162b655e8014a5ee81,Ce-Ir-Pt-Sn,50,4,uq_only_support_aware,unclaimed,,,,,,,,
support-final-3d36df475308cb214b62f32b,Co-Dy-Ta-Y,50,4,uq_only_support_aware,unclaimed,,,,,,,,
support-final-4783b02de7e6c8bc346e7fe2,Dy-K-Pd-Sm,50,4,uq_only_support_aware,unclaimed,,,,,,,,
support-final-d5ccb0f2d0cc3fb1e1f66d28,Eu-Nb-Sn-Tl,50,4,uq_only_support_aware,unclaimed,,,,,,,,
support-final-93ad89d47c5b207961b1fc2a,Ag-Nd-Pd-Pt-Tb,50,4,uq_only_support_aware,unclaimed,,,,,,,,
support-final-2276c37a640517fa8cd18470,Al-Hg-K-Mg-W,50,4,uq_only_support_aware,unclaimed,,,,,,,,
support-final-0a45dce1c3db46200c9e4ac8,Al-Lu-Pt-Rb-Sm,50,4,uq_only_support_aware,unclaimed,,,,,,,,
support-final-9fd47e551e65a068207420c3,Ca-Fe-Gd-Pb-Tb,50,4,uq_only_support_aware,unclaimed,,,,,,,,
support-final-55355957a650c488bfcedc0e,Cd-Gd-Mn-Na-Ta,50,4,uq_only_support_aware,unclaimed,,,,,,,,
support-final-8a8b95aa151151c52c51ea31,Cd-Li-Nd-Ti-W,50,4,uq_only_support_aware,unclaimed,,,,,,,,
support-final-eb88b61891ef721669310f6b,Co-Hf-In-Ru-Tm,50,4,uq_only_support_aware,unclaimed,,,,,,,,
support-final-a67e5671601860f5f8931158,Co-Hg-Mg-Sr-W,50,4,uq_only_support_aware,unclaimed,,,,,,,,
support-final-6f99e2d30c28bc30e4b11f18,Cr-Fe-Lu-Pt-Sc,50,4,uq_only_support_aware,unclaimed,,,,,,,,
support-final-6ae4397176c3142df06f1a1b,Ho-In-Mg-Pd-Zr,50,4,uq_only_support_aware,unclaimed,,,,,,,,
support-final-e49929ce895105ef44d6d5be,Al-Li-V,50,4,full_support_aware,unclaimed,,,,,,,,
support-final-dcc4672911cb52c4f7de1ac2,Al-V-Zn,50,4,full_support_aware,unclaimed,,,,,,,,
support-final-4b0c90c9cd640fe61a2bf07a,Au-K-Tb,50,4,full_support_aware,unclaimed,,,,,,,,
support-final-5a25a96470d14a40f6b105de,Co-Dy-W,50,4,full_support_aware,unclaimed,,,,,,,,
support-final-9d9781a58169c560f3dbb0ad,Co-Mg-Na,50,4,full_support_aware,unclaimed,,,,,,,,
support-final-c05a4d11432499795ea485b8,Co-Pd-Tl,50,4,full_support_aware,unclaimed,,,,,,,,
support-final-ac2e896f13b4b03d73c98d3c,Ga-Ho-Lu,50,4,full_support_aware,unclaimed,,,,,,,,
support-final-23f64627b28759208b19380e,Ga-Pt-Tm,50,4,full_support_aware,unclaimed,,,,,,,,
support-final-b2b0e82e4106b871340c0f68,Hf-Ni-Zr,50,4,full_support_aware,unclaimed,,,,,,,,
support-final-9b42e9035157743c58a04c33,Mg-Sn-Sr,50,4,full_support_aware,unclaimed,,,,,,,,
support-final-90f07e37cbfd058902a252d3,Au-Cr-Cs-Dy,50,4,full_support_aware,unclaimed,,,,,,,,
support-final-178f9e187e9317fb9b1c7586,Au-Tb-V-Y,50,4,full_support_aware,unclaimed,,,,,,,,
support-final-87580b47f0fcd6aa33a2c389,Ba-Be-Hf-Li,50,4,full_support_aware,unclaimed,,,,,,,,
support-final-379011813bf6a07cab89ad98,Ba-Nd-Ni-W,50,4,full_support_aware,unclaimed,,,,,,,,
support-final-a990f54f9e12eeb381da4d5b,Ca-Pd-Sn-W,50,4,full_support_aware,unclaimed,,,,,,,,
support-final-04eac04c0413cb4d187419d8,Ce-Er-Pb-Rh,50,4,full_support_aware,unclaimed,,,,,,,,
support-final-cc149cc0ff84be9ecebbb297,Ce-Ir-Pt-Sn,50,4,full_support_aware,unclaimed,,,,,,,,
support-final-d81818082dffbea88df468ae,Co-Dy-Ta-Y,50,4,full_support_aware,unclaimed,,,,,,,,
support-final-c3d5de7449f34615c7bfbe12,Dy-K-Pd-Sm,50,4,full_support_aware,unclaimed,,,,,,,,
support-final-006ee3e77e64aa22821265ef,Eu-Nb-Sn-Tl,50,4,full_support_aware,unclaimed,,,,,,,,
support-final-e6045c80e66ea046a3d6fc45,Ag-Nd-Pd-Pt-Tb,50,4,full_support_aware,unclaimed,,,,,,,,
support-final-b37a51bc491af760e2253a01,Al-Hg-K-Mg-W,50,4,full_support_aware,unclaimed,,,,,,,,
support-final-88924349704cd37c9887d1ab,Al-Lu-Pt-Rb-Sm,50,4,full_support_aware,unclaimed,,,,,,,,
support-final-d4b1e931302530068f2ed2ec,Ca-Fe-Gd-Pb-Tb,50,4,full_support_aware,unclaimed,,,,,,,,
support-final-78178d2baef8e3aa284b5833,Cd-Gd-Mn-Na-Ta,50,4,full_support_aware,unclaimed,,,,,,,,
support-final-ba19a826e303fc93a879b5c3,Cd-Li-Nd-Ti-W,50,4,full_support_aware,unclaimed,,,,,,,,
support-final-bf93114147995483ae857569,Co-Hf-In-Ru-Tm,50,4,full_support_aware,unclaimed,,,,,,,,
support-final-eb310d1020623c0c158d4a2f,Co-Hg-Mg-Sr-W,50,4,full_support_aware,unclaimed,,,,,,,,
support-final-361281a5a977367066378ba5,Cr-Fe-Lu-Pt-Sc,50,4,full_support_aware,unclaimed,,,,,,,,
support-final-649432228948aba0adca8fe9,Ho-In-Mg-Pd-Zr,50,4,full_support_aware,unclaimed,,,,,,,,
