job_id,query,SUN
component-final-32355a4d9bcc6137d52ada7b,0,0
component-final-32355a4d9bcc6137d52ada7b,1,0
component-final-32355a4d9bcc6137d52ada7b,2,0
component-final-32355a4d9bcc6137d52ada7b,3,0
component-final-32355a4d9bcc6137d52ada7b,4,0
component-final-32355a4d9bcc6137d52ada7b,5,0
component-final-32355a4d9bcc6137d52ada7b,6,0
component-final-32355a4d9bcc6137d52ada7b,7,0
component-final-32355a4d9bcc6137d52ada7b,8,0
component-final-32355a4d9bcc6137d52ada7b,9,0
component-final-32355a4d9bcc6137d52ada7b,10,0
component-final-50555fb4776e15c94b4beec9,0,0
component-final-50555fb4776e15c94b4beec9,1,1
component-final-50555fb4776e15c94b4beec9,2,2
component-final-50555fb4776e15c94b4beec9,3,2
component-final-50555fb4776e15c94b4beec9,4,3
component-final-50555fb4776e15c94b4beec9,5,3
component-final-50555fb4776e15c94b4beec9,6,3
component-final-50555fb4776e15c94b4beec9,7,3
component-final-50555fb4776e15c94b4beec9,8,3
component-final-50555fb4776e15c94b4beec9,9,3
component-final-50555fb4776e15c94b4beec9,10,4
component-final-829f81d1c8b6dff9869aa711,0,0
component-final-829f81d1c8b6dff9869aa711,1,0
component-final-829f81d1c8b6dff9869aa711,2,0
component-final-829f81d1c8b6dff9869aa711,3,0
component-final-829f81d1c8b6dff9869aa711,4,1
component-final-829f81d1c8b6dff9869aa711,5,1
component-final-829f81d1c8b6dff9869aa711,6,1
component-final-829f81d1c8b6dff9869aa711,7,2
component-final-829f81d1c8b6dff9869aa711,8,3
component-final-829f81d1c8b6dff9869aa711,9,3
component-final-829f81d1c8b6dff9869aa711,10,4
component-final-2dce2a3709aad3945727809d,0,0
component-final-2dce2a3709aad3945727809d,1,0
component-final-2dce2a3709aad3945727809d,2,0
component-final-2dce2a3709aad3945727809d,3,0
component-final-2dce2a3709aad3945727809d,4,0
component-final-2dce2a3709aad3945727809d,5,0
component-final-2dce2a3709aad3945727809d,6,0
component-final-2dce2a3709aad3945727809d,7,0
component-final-2dce2a3709aad3945727809d,8,0
component-final-2dce2a3709aad3945727809d,9,0
component-final-2dce2a3709aad3945727809d,10,0
component-final-a8630b6c09e7eed6994a9658,0,0
component-final-a8630b6c09e7eed6994a9658,1,0
component-final-a8630b6c09e7eed6994a9658,2,0
component-final-a8630b6c09e7eed6994a9658,3,0
component-final-a8630b6c09e7eed6994a9658,4,0
component-final-a8630b6c09e7eed6994a9658,5,0
component-final-a8630b6c09e7eed6994a9658,6,0
component-final-a8630b6c09e7eed6994a9658,7,0
component-final-a8630b6c09e7eed6994a9658,8,0
component-final-a8630b6c09e7eed6994a9658,9,0
component-final-a8630b6c09e7eed6994a9658,10,0
component-final-768072dbaebb53494719e468,0,0
component-final-768072dbaebb53494719e468,1,0
component-final-768072dbaebb53494719e468,2,0
component-final-768072dbaebb53494719e468,3,0
component-final-768072dbaebb53494719e468,4,0
component-final-768072dbaebb53494719e468,5,0
component-final-768072dbaebb53494719e468,6,0
component-final-768072dbaebb53494719e468,7,0
component-final-768072dbaebb53494719e468,8,0
component-final-768072dbaebb53494719e468,9,0
component-final-768072dbaebb53494719e468,10,0
component-final-43aa37d047cc1f695b405364,0,0
component-final-43aa37d047cc1f695b405364,1,0
component-final-43aa37d047cc1f695b405364,2,1
component-final-43aa37d047cc1f695b405364,3,1
component-final-43aa37d047cc1f695b405364,4,1
component-final-43aa37d047cc1f695b405364,5,1
component-final-43aa37d047cc1f695b405364,6,2
component-final-43aa37d047cc1f695b405364,7,2
component-final-43aa37d047cc1f695b405364,8,3
component-final-43aa37d047cc1f695b405364,9,3
component-final-43aa37d047cc1f695b405364,10,4
component-final-ad88bcc33aed1830b5c23909,0,0
component-final-ad88bcc33aed1830b5c23909,1,1
component-final-ad88bcc33aed1830b5c23909,2,2
component-final-ad88bcc33aed1830b5c23909,3,3
component-final-ad88bcc33aed1830b5c23909,4,3
component-final-ad88bcc33aed1830b5c23909,5,3
component-final-ad88bcc33aed1830b5c23909,6,3
component-final-ad88bcc33aed1830b5c23909,7,3
component-final-ad88bcc33aed1830b5c23909,8,4
component-final-ad88bcc33aed1830b5c23909,9,4
component-final-ad88bcc33aed1830b5c23909,10,5
component-final-3d03035528cf4d1c96e2f688,0,0
component-final-3d03035528cf4d1c96e2f688,1,1
component-final-3d03035528cf4d1c96e2f688,2,2
component-final-3d03035528cf4d1c96e2f688,3,3
component-final-3d03035528cf4d1c96e2f688,4,3
component-final-3d03035528cf4d1c96e2f688,5,4
component-final-3d03035528cf4d1c96e2f688,6,5
component-final-3d03035528cf4d1c96e2f688,7,6
component-final-3d03035528cf4d1c96e2f688,8,6
component-final-3d03035528cf4d1c96e2f688,9,6
component-final-3d03035528cf4d1c96e2f688,10,6
component-final-f5130b9d1e96a3a3e587815c,0,0
component-final-f5130b9d1e96a3a3e587815c,1,1
component-final-f5130b9d1e96a3a3e587815c,2,1
component-final-f5130b9d1e96a3a3e587815c,3,2
component-final-f5130b9d1e96a3a3e587815c,4,2
component-final-f5130b9d1e96a3a3e587815c,5,2
component-final-f5130b9d1e96a3a3e587815c,6,3
component-final-f5130b9d1e96a3a3e587815c,7,4
component-final-f5130b9d1e96a3a3e587815c,8,4
component-final-f5130b9d1e96a3a3e587815c,9,5
component-final-f5130b9d1e96a3a3e587815c,10,6
component-final-6c30e36bb5b40e6b0e509b55,0,0
component-final-6c30e36bb5b40e6b0e509b55,1,0
component-final-6c30e36bb5b40e6b0e509b55,2,0
component-final-6c30e36bb5b40e6b0e509b55,3,0
component-final-6c30e36bb5b40e6b0e509b55,4,0
component-final-6c30e36bb5b40e6b0e509b55,5,0
component-final-6c30e36bb5b40e6b0e509b55,6,0
component-final-6c30e36bb5b40e6b0e509b55,7,0
component-final-6c30e36bb5b40e6b0e509b55,8,0
component-final-6c30e36bb5b40e6b0e509b55,9,0
component-final-6c30e36bb5b40e6b0e509b55,10,0
component-final-d162af62e35cb5b102460cac,0,0
component-final-d162af62e35cb5b102460cac,1,0
component-final-d162af62e35cb5b102460cac,2,0
component-final-d162af62e35cb5b102460cac,3,0
component-final-d162af62e35cb5b102460cac,4,0
component-final-d162af62e35cb5b102460cac,5,1
component-final-d162af62e35cb5b102460cac,6,1
component-final-d162af62e35cb5b102460cac,7,1
component-final-d162af62e35cb5b102460cac,8,1
component-final-d162af62e35cb5b102460cac,9,1
component-final-d162af62e35cb5b102460cac,10,1
component-final-e055a90cdea61f8b88b11b9d,0,0
component-final-e055a90cdea61f8b88b11b9d,1,0
component-final-e055a90cdea61f8b88b11b9d,2,0
component-final-e055a90cdea61f8b88b11b9d,3,0
component-final-e055a90cdea61f8b88b11b9d,4,0
component-final-e055a90cdea61f8b88b11b9d,5,0
component-final-e055a90cdea61f8b88b11b9d,6,0
component-final-e055a90cdea61f8b88b11b9d,7,0
component-final-e055a90cdea61f8b88b11b9d,8,0
component-final-e055a90cdea61f8b88b11b9d,9,0
component-final-e055a90cdea61f8b88b11b9d,10,0
component-final-dc0be1ae32cc4968091e77db,0,0
component-final-dc0be1ae32cc4968091e77db,1,0
component-final-dc0be1ae32cc4968091e77db,2,0
component-final-dc0be1ae32cc4968091e77db,3,0
component-final-dc0be1ae32cc4968091e77db,4,0
component-final-dc0be1ae32cc4968091e77db,5,0
component-final-dc0be1ae32cc4968091e77db,6,0
component-final-dc0be1ae32cc4968091e77db,7,0
component-final-dc0be1ae32cc4968091e77db,8,0
component-final-dc0be1ae32cc4968091e77db,9,0
component-final-dc0be1ae32cc4968091e77db,10,0
component-final-d0e5088457f94df5fb734d2f,0,0
component-final-d0e5088457f94df5fb734d2f,1,0
component-final-d0e5088457f94df5fb734d2f,2,0
component-final-d0e5088457f94df5fb734d2f,3,0
component-final-d0e5088457f94df5fb734d2f,4,0
component-final-d0e5088457f94df5fb734d2f,5,0
component-final-d0e5088457f94df5fb734d2f,6,0
component-final-d0e5088457f94df5fb734d2f,7,0
component-final-d0e5088457f94df5fb734d2f,8,0
component-final-d0e5088457f94df5fb734d2f,9,0
component-final-d0e5088457f94df5fb734d2f,10,0
component-final-f7815acc56142f0958252762,0,0
component-final-f7815acc56142f0958252762,1,0
component-final-f7815acc56142f0958252762,2,1
component-final-f7815acc56142f0958252762,3,1
component-final-f7815acc56142f0958252762,4,1
component-final-f7815acc56142f0958252762,5,1
component-final-f7815acc56142f0958252762,6,1
component-final-f7815acc56142f0958252762,7,2
component-final-f7815acc56142f0958252762,8,3
component-final-f7815acc56142f0958252762,9,3
component-final-f7815acc56142f0958252762,10,3
component-final-251fda107f2a15d6293fdf18,0,0
component-final-251fda107f2a15d6293fdf18,1,0
component-final-251fda107f2a15d6293fdf18,2,0
component-final-251fda107f2a15d6293fdf18,3,0
component-final-251fda107f2a15d6293fdf18,4,0
component-final-251fda107f2a15d6293fdf18,5,0
component-final-251fda107f2a15d6293fdf18,6,0
component-final-251fda107f2a15d6293fdf18,7,1
component-final-251fda107f2a15d6293fdf18,8,1
component-final-251fda107f2a15d6293fdf18,9,1
component-final-251fda107f2a15d6293fdf18,10,1
component-final-e1e2584451753c9a68515b9c,0,0
component-final-e1e2584451753c9a68515b9c,1,0
component-final-e1e2584451753c9a68515b9c,2,0
component-final-e1e2584451753c9a68515b9c,3,0
component-final-e1e2584451753c9a68515b9c,4,0
component-final-e1e2584451753c9a68515b9c,5,0
component-final-e1e2584451753c9a68515b9c,6,0
component-final-e1e2584451753c9a68515b9c,7,0
component-final-e1e2584451753c9a68515b9c,8,0
component-final-e1e2584451753c9a68515b9c,9,0
component-final-e1e2584451753c9a68515b9c,10,0
component-final-bc6d03adbbf9025116dc3880,0,0
component-final-bc6d03adbbf9025116dc3880,1,0
component-final-bc6d03adbbf9025116dc3880,2,0
component-final-bc6d03adbbf9025116dc3880,3,0
component-final-bc6d03adbbf9025116dc3880,4,0
component-final-bc6d03adbbf9025116dc3880,5,0
component-final-bc6d03adbbf9025116dc3880,6,0
component-final-bc6d03adbbf9025116dc3880,7,0
component-final-bc6d03adbbf9025116dc3880,8,0
component-final-bc6d03adbbf9025116dc3880,9,0
component-final-bc6d03adbbf9025116dc3880,10,0
component-final-6f752c4aa7ce2b59b8b786ac,0,0
component-final-6f752c4aa7ce2b59b8b786ac,1,0
component-final-6f752c4aa7ce2b59b8b786ac,2,0
component-final-6f752c4aa7ce2b59b8b786ac,3,0
component-final-6f752c4aa7ce2b59b8b786ac,4,0
component-final-6f752c4aa7ce2b59b8b786ac,5,0
component-final-6f752c4aa7ce2b59b8b786ac,6,0
component-final-6f752c4aa7ce2b59b8b786ac,7,0
component-final-6f752c4aa7ce2b59b8b786ac,8,0
component-final-6f752c4aa7ce2b59b8b786ac,9,0
component-final-6f752c4aa7ce2b59b8b786ac,10,0
component-final-6d5473721558c3870efb2bf0,0,0
component-final-6d5473721558c3870efb2bf0,1,1
component-final-6d5473721558c3870efb2bf0,2,1
component-final-6d5473721558c3870efb2bf0,3,1
component-final-6d5473721558c3870efb2bf0,4,1
component-final-6d5473721558c3870efb2bf0,5,1
component-final-6d5473721558c3870efb2bf0,6,1
component-final-6d5473721558c3870efb2bf0,7,1
component-final-6d5473721558c3870efb2bf0,8,1
component-final-6d5473721558c3870efb2bf0,9,1
component-final-6d5473721558c3870efb2bf0,10,1
component-final-65359526d44b738db68c8fa8,0,0
component-final-65359526d44b738db68c8fa8,1,1
component-final-65359526d44b738db68c8fa8,2,2
component-final-65359526d44b738db68c8fa8,3,2
component-final-65359526d44b738db68c8fa8,4,3
component-final-65359526d44b738db68c8fa8,5,4
component-final-65359526d44b738db68c8fa8,6,5
component-final-65359526d44b738db68c8fa8,7,5
component-final-65359526d44b738db68c8fa8,8,6
component-final-65359526d44b738db68c8fa8,9,7
component-final-65359526d44b738db68c8fa8,10,7
component-final-c17930ac49e496ac3296f57e,0,0
component-final-c17930ac49e496ac3296f57e,1,0
component-final-c17930ac49e496ac3296f57e,2,0
component-final-c17930ac49e496ac3296f57e,3,0
component-final-c17930ac49e496ac3296f57e,4,0
component-final-c17930ac49e496ac3296f57e,5,0
component-final-c17930ac49e496ac3296f57e,6,0
component-final-c17930ac49e496ac3296f57e,7,0
component-final-c17930ac49e496ac3296f57e,8,0
component-final-c17930ac49e496ac3296f57e,9,0
component-final-c17930ac49e496ac3296f57e,10,0
component-final-b28b5fc4a83fc07263b11366,0,0
component-final-b28b5fc4a83fc07263b11366,1,0
component-final-b28b5fc4a83fc07263b11366,2,0
component-final-b28b5fc4a83fc07263b11366,3,0
component-final-b28b5fc4a83fc07263b11366,4,0
component-final-b28b5fc4a83fc07263b11366,5,0
component-final-b28b5fc4a83fc07263b11366,6,0
component-final-b28b5fc4a83fc07263b11366,7,0
component-final-b28b5fc4a83fc07263b11366,8,0
component-final-b28b5fc4a83fc07263b11366,9,0
component-final-b28b5fc4a83fc07263b11366,10,0
component-final-ff1bf155652c3164bdcac333,0,0
component-final-ff1bf155652c3164bdcac333,1,0
component-final-ff1bf155652c3164bdcac333,2,0
component-final-ff1bf155652c3164bdcac333,3,0
component-final-ff1bf155652c3164bdcac333,4,0
component-final-ff1bf155652c3164bdcac333,5,0
component-final-ff1bf155652c3164bdcac333,6,0
component-final-ff1bf155652c3164bdcac333,7,0
component-final-ff1bf155652c3164bdcac333,8,0
component-final-ff1bf155652c3164bdcac333,9,0
component-final-ff1bf155652c3164bdcac333,10,0
component-final-a4458e0626fe8a328d9edd53,0,0
component-final-a4458e0626fe8a328d9edd53,1,0
component-final-a4458e0626fe8a328d9edd53,2,0
component-final-a4458e0626fe8a328d9edd53,3,0
component-final-a4458e0626fe8a328d9edd53,4,0
component-final-a4458e0626fe8a328d9edd53,5,0
component-final-a4458e0626fe8a328d9edd53,6,0
component-final-a4458e0626fe8a328d9edd53,7,0
component-final-a4458e0626fe8a328d9edd53,8,0
component-final-a4458e0626fe8a328d9edd53,9,0
component-final-a4458e0626fe8a328d9edd53,10,0
component-final-653fb02cf18ab896913d4264,0,0
component-final-653fb02cf18ab896913d4264,1,1
component-final-653fb02cf18ab896913d4264,2,1
component-final-653fb02cf18ab896913d4264,3,2
component-final-653fb02cf18ab896913d4264,4,2
component-final-653fb02cf18ab896913d4264,5,2
component-final-653fb02cf18ab896913d4264,6,2
component-final-653fb02cf18ab896913d4264,7,2
component-final-653fb02cf18ab896913d4264,8,2
component-final-653fb02cf18ab896913d4264,9,2
component-final-653fb02cf18ab896913d4264,10,2
component-final-a513710c85a55f372c5d8c88,0,0
component-final-a513710c85a55f372c5d8c88,1,0
component-final-a513710c85a55f372c5d8c88,2,0
component-final-a513710c85a55f372c5d8c88,3,0
component-final-a513710c85a55f372c5d8c88,4,0
component-final-a513710c85a55f372c5d8c88,5,0
component-final-a513710c85a55f372c5d8c88,6,0
component-final-a513710c85a55f372c5d8c88,7,0
component-final-a513710c85a55f372c5d8c88,8,0
component-final-a513710c85a55f372c5d8c88,9,0
component-final-a513710c85a55f372c5d8c88,10,0
component-final-9cf49217c4fb8cde38e7330c,0,0
component-final-9cf49217c4fb8cde38e7330c,1,1
component-final-9cf49217c4fb8cde38e7330c,2,1
component-final-9cf49217c4fb8cde38e7330c,3,1
component-final-9cf49217c4fb8cde38e7330c,4,1
component-final-9cf49217c4fb8cde38e7330c,5,2
component-final-9cf49217c4fb8cde38e7330c,6,2
component-final-9cf49217c4fb8cde38e7330c,7,2
component-final-9cf49217c4fb8cde38e7330c,8,2
component-final-9cf49217c4fb8cde38e7330c,9,3
component-final-9cf49217c4fb8cde38e7330c,10,4
component-final-6d5788088f572deb59826e4b,0,0
component-final-6d5788088f572deb59826e4b,1,0
component-final-6d5788088f572deb59826e4b,2,1
component-final-6d5788088f572deb59826e4b,3,1
component-final-6d5788088f572deb59826e4b,4,1
component-final-6d5788088f572deb59826e4b,5,1
component-final-6d5788088f572deb59826e4b,6,1
component-final-6d5788088f572deb59826e4b,7,1
component-final-6d5788088f572deb59826e4b,8,1
component-final-6d5788088f572deb59826e4b,9,1
component-final-6d5788088f572deb59826e4b,10,1
component-final-2e27f5563acb699daae1d131,0,0
component-final-2e27f5563acb699daae1d131,1,0
component-final-2e27f5563acb699daae1d131,2,0
component-final-2e27f5563acb699daae1d131,3,1
component-final-2e27f5563acb699daae1d131,4,1
component-final-2e27f5563acb699daae1d131,5,1
component-final-2e27f5563acb699daae1d131,6,1
component-final-2e27f5563acb699daae1d131,7,1
component-final-2e27f5563acb699daae1d131,8,1
component-final-2e27f5563acb699daae1d131,9,1
component-final-2e27f5563acb699daae1d131,10,1
component-final-b20a8fccedb10da7d5ed97a6,0,0
component-final-b20a8fccedb10da7d5ed97a6,1,1
component-final-b20a8fccedb10da7d5ed97a6,2,1
component-final-b20a8fccedb10da7d5ed97a6,3,2
component-final-b20a8fccedb10da7d5ed97a6,4,2
component-final-b20a8fccedb10da7d5ed97a6,5,2
component-final-b20a8fccedb10da7d5ed97a6,6,2
component-final-b20a8fccedb10da7d5ed97a6,7,3
component-final-b20a8fccedb10da7d5ed97a6,8,4
component-final-b20a8fccedb10da7d5ed97a6,9,4
component-final-b20a8fccedb10da7d5ed97a6,10,4
component-final-637e688029854bff551ffb68,0,0
component-final-637e688029854bff551ffb68,1,1
component-final-637e688029854bff551ffb68,2,1
component-final-637e688029854bff551ffb68,3,1
component-final-637e688029854bff551ffb68,4,1
component-final-637e688029854bff551ffb68,5,1
component-final-637e688029854bff551ffb68,6,1
component-final-637e688029854bff551ffb68,7,1
component-final-637e688029854bff551ffb68,8,1
component-final-637e688029854bff551ffb68,9,1
component-final-637e688029854bff551ffb68,10,1
component-final-309c3c6fb2c047a93c1f8575,0,0
component-final-309c3c6fb2c047a93c1f8575,1,0
component-final-309c3c6fb2c047a93c1f8575,2,0
component-final-309c3c6fb2c047a93c1f8575,3,0
component-final-309c3c6fb2c047a93c1f8575,4,0
component-final-309c3c6fb2c047a93c1f8575,5,0
component-final-309c3c6fb2c047a93c1f8575,6,0
component-final-309c3c6fb2c047a93c1f8575,7,0
component-final-309c3c6fb2c047a93c1f8575,8,0
component-final-309c3c6fb2c047a93c1f8575,9,0
component-final-309c3c6fb2c047a93c1f8575,10,0
component-final-7cc2c2335ff1e079999ecabb,0,0
component-final-7cc2c2335ff1e079999ecabb,1,0
component-final-7cc2c2335ff1e079999ecabb,2,0
component-final-7cc2c2335ff1e079999ecabb,3,0
component-final-7cc2c2335ff1e079999ecabb,4,0
component-final-7cc2c2335ff1e079999ecabb,5,0
component-final-7cc2c2335ff1e079999ecabb,6,0
component-final-7cc2c2335ff1e079999ecabb,7,0
component-final-7cc2c2335ff1e079999ecabb,8,0
component-final-7cc2c2335ff1e079999ecabb,9,0
component-final-7cc2c2335ff1e079999ecabb,10,0
component-final-e4bf3b453ceb5bc2b6058668,0,0
component-final-e4bf3b453ceb5bc2b6058668,1,0
component-final-e4bf3b453ceb5bc2b6058668,2,0
component-final-e4bf3b453ceb5bc2b6058668,3,0
component-final-e4bf3b453ceb5bc2b6058668,4,0
component-final-e4bf3b453ceb5bc2b6058668,5,0
component-final-e4bf3b453ceb5bc2b6058668,6,0
component-final-e4bf3b453ceb5bc2b6058668,7,0
component-final-e4bf3b453ceb5bc2b6058668,8,0
component-final-e4bf3b453ceb5bc2b6058668,9,0
component-final-e4bf3b453ceb5bc2b6058668,10,0
component-final-db8afb47c42b962ce65c01b6,0,0
component-final-db8afb47c42b962ce65c01b6,1,1
component-final-db8afb47c42b962ce65c01b6,2,2
component-final-db8afb47c42b962ce65c01b6,3,3
component-final-db8afb47c42b962ce65c01b6,4,3
component-final-db8afb47c42b962ce65c01b6,5,3
component-final-db8afb47c42b962ce65c01b6,6,3
component-final-db8afb47c42b962ce65c01b6,7,3
component-final-db8afb47c42b962ce65c01b6,8,3
component-final-db8afb47c42b962ce65c01b6,9,3
component-final-db8afb47c42b962ce65c01b6,10,3
component-final-ed99d1ea49499e63db797f3a,0,0
component-final-ed99d1ea49499e63db797f3a,1,0
component-final-ed99d1ea49499e63db797f3a,2,1
component-final-ed99d1ea49499e63db797f3a,3,2
component-final-ed99d1ea49499e63db797f3a,4,2
component-final-ed99d1ea49499e63db797f3a,5,2
component-final-ed99d1ea49499e63db797f3a,6,2
component-final-ed99d1ea49499e63db797f3a,7,2
component-final-ed99d1ea49499e63db797f3a,8,2
component-final-ed99d1ea49499e63db797f3a,9,2
component-final-ed99d1ea49499e63db797f3a,10,2
component-final-de5a461c2d13160643320341,0,0
component-final-de5a461c2d13160643320341,1,0
component-final-de5a461c2d13160643320341,2,0
component-final-de5a461c2d13160643320341,3,1
component-final-de5a461c2d13160643320341,4,2
component-final-de5a461c2d13160643320341,5,2
component-final-de5a461c2d13160643320341,6,3
component-final-de5a461c2d13160643320341,7,3
component-final-de5a461c2d13160643320341,8,3
component-final-de5a461c2d13160643320341,9,3
component-final-de5a461c2d13160643320341,10,3
component-final-b725b79eb1ed64155844d819,0,0
component-final-b725b79eb1ed64155844d819,1,1
component-final-b725b79eb1ed64155844d819,2,2
component-final-b725b79eb1ed64155844d819,3,3
component-final-b725b79eb1ed64155844d819,4,4
component-final-b725b79eb1ed64155844d819,5,4
component-final-b725b79eb1ed64155844d819,6,4
component-final-b725b79eb1ed64155844d819,7,4
component-final-b725b79eb1ed64155844d819,8,4
component-final-b725b79eb1ed64155844d819,9,4
component-final-b725b79eb1ed64155844d819,10,4
component-final-7e994fb8ab445a418e08e590,0,0
component-final-7e994fb8ab445a418e08e590,1,1
component-final-7e994fb8ab445a418e08e590,2,1
component-final-7e994fb8ab445a418e08e590,3,2
component-final-7e994fb8ab445a418e08e590,4,3
component-final-7e994fb8ab445a418e08e590,5,4
component-final-7e994fb8ab445a418e08e590,6,4
component-final-7e994fb8ab445a418e08e590,7,4
component-final-7e994fb8ab445a418e08e590,8,4
component-final-7e994fb8ab445a418e08e590,9,4
component-final-7e994fb8ab445a418e08e590,10,4
component-final-b08dc4996f12b404a474fe8a,0,0
component-final-b08dc4996f12b404a474fe8a,1,0
component-final-b08dc4996f12b404a474fe8a,2,0
component-final-b08dc4996f12b404a474fe8a,3,1
component-final-b08dc4996f12b404a474fe8a,4,1
component-final-b08dc4996f12b404a474fe8a,5,1
component-final-b08dc4996f12b404a474fe8a,6,1
component-final-b08dc4996f12b404a474fe8a,7,1
component-final-b08dc4996f12b404a474fe8a,8,1
component-final-b08dc4996f12b404a474fe8a,9,1
component-final-b08dc4996f12b404a474fe8a,10,1
component-final-894abe64cc709063a80a0651,0,0
component-final-894abe64cc709063a80a0651,1,0
component-final-894abe64cc709063a80a0651,2,0
component-final-894abe64cc709063a80a0651,3,0
component-final-894abe64cc709063a80a0651,4,0
component-final-894abe64cc709063a80a0651,5,0
component-final-894abe64cc709063a80a0651,6,0
component-final-894abe64cc709063a80a0651,7,0
component-final-894abe64cc709063a80a0651,8,0
component-final-894abe64cc709063a80a0651,9,0
component-final-894abe64cc709063a80a0651,10,0
component-final-5808a431e2c3d13d62027bd2,0,0
component-final-5808a431e2c3d13d62027bd2,1,0
component-final-5808a431e2c3d13d62027bd2,2,0
component-final-5808a431e2c3d13d62027bd2,3,0
component-final-5808a431e2c3d13d62027bd2,4,0
component-final-5808a431e2c3d13d62027bd2,5,0
component-final-5808a431e2c3d13d62027bd2,6,0
component-final-5808a431e2c3d13d62027bd2,7,0
component-final-5808a431e2c3d13d62027bd2,8,0
component-final-5808a431e2c3d13d62027bd2,9,0
component-final-5808a431e2c3d13d62027bd2,10,0
component-final-87c47cdf901aa65da9a4fd9d,0,0
component-final-87c47cdf901aa65da9a4fd9d,1,0
component-final-87c47cdf901aa65da9a4fd9d,2,0
component-final-87c47cdf901aa65da9a4fd9d,3,0
component-final-87c47cdf901aa65da9a4fd9d,4,0
component-final-87c47cdf901aa65da9a4fd9d,5,0
component-final-87c47cdf901aa65da9a4fd9d,6,0
component-final-87c47cdf901aa65da9a4fd9d,7,0
component-final-87c47cdf901aa65da9a4fd9d,8,0
component-final-87c47cdf901aa65da9a4fd9d,9,0
component-final-87c47cdf901aa65da9a4fd9d,10,0
component-final-fa513c699bfc955f9424e95e,0,0
component-final-fa513c699bfc955f9424e95e,1,1
component-final-fa513c699bfc955f9424e95e,2,1
component-final-fa513c699bfc955f9424e95e,3,1
component-final-fa513c699bfc955f9424e95e,4,1
component-final-fa513c699bfc955f9424e95e,5,1
component-final-fa513c699bfc955f9424e95e,6,1
component-final-fa513c699bfc955f9424e95e,7,1
component-final-fa513c699bfc955f9424e95e,8,1
component-final-fa513c699bfc955f9424e95e,9,1
component-final-fa513c699bfc955f9424e95e,10,1
component-final-c6bdb2034fb9c02596612ae6,0,0
component-final-c6bdb2034fb9c02596612ae6,1,0
component-final-c6bdb2034fb9c02596612ae6,2,0
component-final-c6bdb2034fb9c02596612ae6,3,0
component-final-c6bdb2034fb9c02596612ae6,4,0
component-final-c6bdb2034fb9c02596612ae6,5,0
component-final-c6bdb2034fb9c02596612ae6,6,0
component-final-c6bdb2034fb9c02596612ae6,7,0
component-final-c6bdb2034fb9c02596612ae6,8,0
component-final-c6bdb2034fb9c02596612ae6,9,0
component-final-c6bdb2034fb9c02596612ae6,10,0
component-final-1129dad1b84498cd97482d93,0,0
component-final-1129dad1b84498cd97482d93,1,0
component-final-1129dad1b84498cd97482d93,2,0
component-final-1129dad1b84498cd97482d93,3,0
component-final-1129dad1b84498cd97482d93,4,0
component-final-1129dad1b84498cd97482d93,5,0
component-final-1129dad1b84498cd97482d93,6,0
component-final-1129dad1b84498cd97482d93,7,0
component-final-1129dad1b84498cd97482d93,8,0
component-final-1129dad1b84498cd97482d93,9,0
component-final-1129dad1b84498cd97482d93,10,0
component-final-d4098dfa8cbe9dc8328be3ba,0,0
component-final-d4098dfa8cbe9dc8328be3ba,1,0
component-final-d4098dfa8cbe9dc8328be3ba,2,0
component-final-d4098dfa8cbe9dc8328be3ba,3,0
component-final-d4098dfa8cbe9dc8328be3ba,4,0
component-final-d4098dfa8cbe9dc8328be3ba,5,0
component-final-d4098dfa8cbe9dc8328be3ba,6,0
component-final-d4098dfa8cbe9dc8328be3ba,7,0
component-final-d4098dfa8cbe9dc8328be3ba,8,0
component-final-d4098dfa8cbe9dc8328be3ba,9,0
component-final-d4098dfa8cbe9dc8328be3ba,10,0
component-final-fafba8759d6f40907d40623e,0,0
component-final-fafba8759d6f40907d40623e,1,0
component-final-fafba8759d6f40907d40623e,2,0
component-final-fafba8759d6f40907d40623e,3,0
component-final-fafba8759d6f40907d40623e,4,0
component-final-fafba8759d6f40907d40623e,5,0
component-final-fafba8759d6f40907d40623e,6,0
component-final-fafba8759d6f40907d40623e,7,0
component-final-fafba8759d6f40907d40623e,8,0
component-final-fafba8759d6f40907d40623e,9,0
component-final-fafba8759d6f40907d40623e,10,0
component-final-658579de12b4954507ee6cad,0,0
component-final-658579de12b4954507ee6cad,1,1
component-final-658579de12b4954507ee6cad,2,1
component-final-658579de12b4954507ee6cad,3,1
component-final-658579de12b4954507ee6cad,4,1
component-final-658579de12b4954507ee6cad,5,1
component-final-658579de12b4954507ee6cad,6,1
component-final-658579de12b4954507ee6cad,7,1
component-final-658579de12b4954507ee6cad,8,1
component-final-658579de12b4954507ee6cad,9,2
component-final-658579de12b4954507ee6cad,10,2
component-final-303cf537a07827fa724d66ad,0,0
component-final-303cf537a07827fa724d66ad,1,0
component-final-303cf537a07827fa724d66ad,2,0
component-final-303cf537a07827fa724d66ad,3,0
component-final-303cf537a07827fa724d66ad,4,0
component-final-303cf537a07827fa724d66ad,5,0
component-final-303cf537a07827fa724d66ad,6,0
component-final-303cf537a07827fa724d66ad,7,0
component-final-303cf537a07827fa724d66ad,8,0
component-final-303cf537a07827fa724d66ad,9,0
component-final-303cf537a07827fa724d66ad,10,0
component-final-f3b046cbfbd52f15ff57e51a,0,0
component-final-f3b046cbfbd52f15ff57e51a,1,0
component-final-f3b046cbfbd52f15ff57e51a,2,0
component-final-f3b046cbfbd52f15ff57e51a,3,0
component-final-f3b046cbfbd52f15ff57e51a,4,0
component-final-f3b046cbfbd52f15ff57e51a,5,0
component-final-f3b046cbfbd52f15ff57e51a,6,0
component-final-f3b046cbfbd52f15ff57e51a,7,0
component-final-f3b046cbfbd52f15ff57e51a,8,0
component-final-f3b046cbfbd52f15ff57e51a,9,0
component-final-f3b046cbfbd52f15ff57e51a,10,0
component-final-e047ea72af3268498a98e7fb,0,0
component-final-e047ea72af3268498a98e7fb,1,0
component-final-e047ea72af3268498a98e7fb,2,0
component-final-e047ea72af3268498a98e7fb,3,0
component-final-e047ea72af3268498a98e7fb,4,0
component-final-e047ea72af3268498a98e7fb,5,0
component-final-e047ea72af3268498a98e7fb,6,0
component-final-e047ea72af3268498a98e7fb,7,0
component-final-e047ea72af3268498a98e7fb,8,0
component-final-e047ea72af3268498a98e7fb,9,0
component-final-e047ea72af3268498a98e7fb,10,0
component-final-b43730a305370e3e2d62885c,0,0
component-final-b43730a305370e3e2d62885c,1,0
component-final-b43730a305370e3e2d62885c,2,0
component-final-b43730a305370e3e2d62885c,3,0
component-final-b43730a305370e3e2d62885c,4,0
component-final-b43730a305370e3e2d62885c,5,0
component-final-b43730a305370e3e2d62885c,6,0
component-final-b43730a305370e3e2d62885c,7,0
component-final-b43730a305370e3e2d62885c,8,0
component-final-b43730a305370e3e2d62885c,9,0
component-final-b43730a305370e3e2d62885c,10,0
component-final-7d14130edc980b60d1b1aab1,0,0
component-final-7d14130edc980b60d1b1aab1,1,0
component-final-7d14130edc980b60d1b1aab1,2,0
component-final-7d14130edc980b60d1b1aab1,3,0
component-final-7d14130edc980b60d1b1aab1,4,0
component-final-7d14130edc980b60d1b1aab1,5,0
component-final-7d14130edc980b60d1b1aab1,6,0
component-final-7d14130edc980b60d1b1aab1,7,0
component-final-7d14130edc980b60d1b1aab1,8,0
component-final-7d14130edc980b60d1b1aab1,9,0
component-final-7d14130edc980b60d1b1aab1,10,0
component-final-657f4d096eb33983526ab044,0,0
component-final-657f4d096eb33983526ab044,1,0
component-final-657f4d096eb33983526ab044,2,0
component-final-657f4d096eb33983526ab044,3,0
component-final-657f4d096eb33983526ab044,4,0
component-final-657f4d096eb33983526ab044,5,0
component-final-657f4d096eb33983526ab044,6,0
component-final-657f4d096eb33983526ab044,7,0
component-final-657f4d096eb33983526ab044,8,1
component-final-657f4d096eb33983526ab044,9,2
component-final-657f4d096eb33983526ab044,10,2
component-final-26da98a78f5ba90b24b414c5,0,0
component-final-26da98a78f5ba90b24b414c5,1,0
component-final-26da98a78f5ba90b24b414c5,2,0
component-final-26da98a78f5ba90b24b414c5,3,0
component-final-26da98a78f5ba90b24b414c5,4,0
component-final-26da98a78f5ba90b24b414c5,5,0
component-final-26da98a78f5ba90b24b414c5,6,0
component-final-26da98a78f5ba90b24b414c5,7,0
component-final-26da98a78f5ba90b24b414c5,8,0
component-final-26da98a78f5ba90b24b414c5,9,0
component-final-26da98a78f5ba90b24b414c5,10,0
component-final-6a49e5d8318e607fb4e75108,0,0
component-final-6a49e5d8318e607fb4e75108,1,0
component-final-6a49e5d8318e607fb4e75108,2,0
component-final-6a49e5d8318e607fb4e75108,3,0
component-final-6a49e5d8318e607fb4e75108,4,0
component-final-6a49e5d8318e607fb4e75108,5,0
component-final-6a49e5d8318e607fb4e75108,6,0
component-final-6a49e5d8318e607fb4e75108,7,0
component-final-6a49e5d8318e607fb4e75108,8,0
component-final-6a49e5d8318e607fb4e75108,9,0
component-final-6a49e5d8318e607fb4e75108,10,0
component-final-fa38e3494fed768c959caf96,0,0
component-final-fa38e3494fed768c959caf96,1,0
component-final-fa38e3494fed768c959caf96,2,0
component-final-fa38e3494fed768c959caf96,3,0
component-final-fa38e3494fed768c959caf96,4,0
component-final-fa38e3494fed768c959caf96,5,0
component-final-fa38e3494fed768c959caf96,6,0
component-final-fa38e3494fed768c959caf96,7,0
component-final-fa38e3494fed768c959caf96,8,0
component-final-fa38e3494fed768c959caf96,9,0
component-final-fa38e3494fed768c959caf96,10,0
component-final-10ad51e80000935d29c71786,0,0
component-final-10ad51e80000935d29c71786,1,0
component-final-10ad51e80000935d29c71786,2,0
component-final-10ad51e80000935d29c71786,3,0
component-final-10ad51e80000935d29c71786,4,0
component-final-10ad51e80000935d29c71786,5,0
component-final-10ad51e80000935d29c71786,6,0
component-final-10ad51e80000935d29c71786,7,0
component-final-10ad51e80000935d29c71786,8,1
component-final-10ad51e80000935d29c71786,9,2
component-final-10ad51e80000935d29c71786,10,2
component-final-52aa59f42080e58cda2f64b0,0,0
component-final-52aa59f42080e58cda2f64b0,1,1
component-final-52aa59f42080e58cda2f64b0,2,2
component-final-52aa59f42080e58cda2f64b0,3,3
component-final-52aa59f42080e58cda2f64b0,4,3
component-final-52aa59f42080e58cda2f64b0,5,4
component-final-52aa59f42080e58cda2f64b0,6,4
component-final-52aa59f42080e58cda2f64b0,7,5
component-final-52aa59f42080e58cda2f64b0,8,5
component-final-52aa59f42080e58cda2f64b0,9,5
component-final-52aa59f42080e58cda2f64b0,10,5
component-final-57ec2ac8f1ba4127bcccc073,0,0
component-final-57ec2ac8f1ba4127bcccc073,1,0
component-final-57ec2ac8f1ba4127bcccc073,2,0
component-final-57ec2ac8f1ba4127bcccc073,3,0
component-final-57ec2ac8f1ba4127bcccc073,4,0
component-final-57ec2ac8f1ba4127bcccc073,5,0
component-final-57ec2ac8f1ba4127bcccc073,6,0
component-final-57ec2ac8f1ba4127bcccc073,7,0
component-final-57ec2ac8f1ba4127bcccc073,8,0
component-final-57ec2ac8f1ba4127bcccc073,9,0
component-final-57ec2ac8f1ba4127bcccc073,10,0
component-final-3a4b0c1cd037fc1028c65eb5,0,0
component-final-3a4b0c1cd037fc1028c65eb5,1,0
component-final-3a4b0c1cd037fc1028c65eb5,2,0
component-final-3a4b0c1cd037fc1028c65eb5,3,0
component-final-3a4b0c1cd037fc1028c65eb5,4,0
component-final-3a4b0c1cd037fc1028c65eb5,5,0
component-final-3a4b0c1cd037fc1028c65eb5,6,0
component-final-3a4b0c1cd037fc1028c65eb5,7,0
component-final-3a4b0c1cd037fc1028c65eb5,8,0
component-final-3a4b0c1cd037fc1028c65eb5,9,0
component-final-3a4b0c1cd037fc1028c65eb5,10,0
component-final-4b3d96d6b87ab535fb130a5e,0,0
component-final-4b3d96d6b87ab535fb130a5e,1,0
component-final-4b3d96d6b87ab535fb130a5e,2,0
component-final-4b3d96d6b87ab535fb130a5e,3,0
component-final-4b3d96d6b87ab535fb130a5e,4,0
component-final-4b3d96d6b87ab535fb130a5e,5,0
component-final-4b3d96d6b87ab535fb130a5e,6,0
component-final-4b3d96d6b87ab535fb130a5e,7,0
component-final-4b3d96d6b87ab535fb130a5e,8,0
component-final-4b3d96d6b87ab535fb130a5e,9,0
component-final-4b3d96d6b87ab535fb130a5e,10,0
component-final-89976b0b86ed30f4138895ae,0,0
component-final-89976b0b86ed30f4138895ae,1,0
component-final-89976b0b86ed30f4138895ae,2,0
component-final-89976b0b86ed30f4138895ae,3,0
component-final-89976b0b86ed30f4138895ae,4,0
component-final-89976b0b86ed30f4138895ae,5,0
component-final-89976b0b86ed30f4138895ae,6,0
component-final-89976b0b86ed30f4138895ae,7,0
component-final-89976b0b86ed30f4138895ae,8,0
component-final-89976b0b86ed30f4138895ae,9,0
component-final-89976b0b86ed30f4138895ae,10,0
component-final-0b794010d9d728a44ef9b580,0,0
component-final-0b794010d9d728a44ef9b580,1,0
component-final-0b794010d9d728a44ef9b580,2,0
component-final-0b794010d9d728a44ef9b580,3,1
component-final-0b794010d9d728a44ef9b580,4,1
component-final-0b794010d9d728a44ef9b580,5,1
component-final-0b794010d9d728a44ef9b580,6,2
component-final-0b794010d9d728a44ef9b580,7,2
component-final-0b794010d9d728a44ef9b580,8,3
component-final-0b794010d9d728a44ef9b580,9,4
component-final-0b794010d9d728a44ef9b580,10,5
component-final-73db923e88523fa0fa68dae5,0,0
component-final-73db923e88523fa0fa68dae5,1,1
component-final-73db923e88523fa0fa68dae5,2,2
component-final-73db923e88523fa0fa68dae5,3,2
component-final-73db923e88523fa0fa68dae5,4,2
component-final-73db923e88523fa0fa68dae5,5,2
component-final-73db923e88523fa0fa68dae5,6,2
component-final-73db923e88523fa0fa68dae5,7,2
component-final-73db923e88523fa0fa68dae5,8,2
component-final-73db923e88523fa0fa68dae5,9,2
component-final-73db923e88523fa0fa68dae5,10,2
component-final-3507a0495ad91ac725a68882,0,0
component-final-3507a0495ad91ac725a68882,1,1
component-final-3507a0495ad91ac725a68882,2,2
component-final-3507a0495ad91ac725a68882,3,3
component-final-3507a0495ad91ac725a68882,4,3
component-final-3507a0495ad91ac725a68882,5,4
component-final-3507a0495ad91ac725a68882,6,5
component-final-3507a0495ad91ac725a68882,7,6
component-final-3507a0495ad91ac725a68882,8,6
component-final-3507a0495ad91ac725a68882,9,7
component-final-3507a0495ad91ac725a68882,10,8
component-final-78d5574754ccf75b717ae914,0,0
component-final-78d5574754ccf75b717ae914,1,1
component-final-78d5574754ccf75b717ae914,2,2
component-final-78d5574754ccf75b717ae914,3,2
component-final-78d5574754ccf75b717ae914,4,3
component-final-78d5574754ccf75b717ae914,5,3
component-final-78d5574754ccf75b717ae914,6,4
component-final-78d5574754ccf75b717ae914,7,4
component-final-78d5574754ccf75b717ae914,8,4
component-final-78d5574754ccf75b717ae914,9,5
component-final-78d5574754ccf75b717ae914,10,6
component-final-bca488e9ac3e6e006d8af5e7,0,0
component-final-bca488e9ac3e6e006d8af5e7,1,0
component-final-bca488e9ac3e6e006d8af5e7,2,0
component-final-bca488e9ac3e6e006d8af5e7,3,0
component-final-bca488e9ac3e6e006d8af5e7,4,0
component-final-bca488e9ac3e6e006d8af5e7,5,0
component-final-bca488e9ac3e6e006d8af5e7,6,0
component-final-bca488e9ac3e6e006d8af5e7,7,0
component-final-bca488e9ac3e6e006d8af5e7,8,0
component-final-bca488e9ac3e6e006d8af5e7,9,0
component-final-bca488e9ac3e6e006d8af5e7,10,0
component-final-98ec36cd075666fe04f30595,0,0
component-final-98ec36cd075666fe04f30595,1,0
component-final-98ec36cd075666fe04f30595,2,0
component-final-98ec36cd075666fe04f30595,3,0
component-final-98ec36cd075666fe04f30595,4,0
component-final-98ec36cd075666fe04f30595,5,1
component-final-98ec36cd075666fe04f30595,6,1
component-final-98ec36cd075666fe04f30595,7,2
component-final-98ec36cd075666fe04f30595,8,2
component-final-98ec36cd075666fe04f30595,9,2
component-final-98ec36cd075666fe04f30595,10,2
component-final-d7f5fb390cd93ad4d344838f,0,0
component-final-d7f5fb390cd93ad4d344838f,1,0
component-final-d7f5fb390cd93ad4d344838f,2,0
component-final-d7f5fb390cd93ad4d344838f,3,0
component-final-d7f5fb390cd93ad4d344838f,4,0
component-final-d7f5fb390cd93ad4d344838f,5,0
component-final-d7f5fb390cd93ad4d344838f,6,0
component-final-d7f5fb390cd93ad4d344838f,7,0
component-final-d7f5fb390cd93ad4d344838f,8,0
component-final-d7f5fb390cd93ad4d344838f,9,0
component-final-d7f5fb390cd93ad4d344838f,10,0
component-final-91e9365ecc653ed9cb2dd65d,0,0
component-final-91e9365ecc653ed9cb2dd65d,1,0
component-final-91e9365ecc653ed9cb2dd65d,2,0
component-final-91e9365ecc653ed9cb2dd65d,3,0
component-final-91e9365ecc653ed9cb2dd65d,4,0
component-final-91e9365ecc653ed9cb2dd65d,5,0
component-final-91e9365ecc653ed9cb2dd65d,6,0
component-final-91e9365ecc653ed9cb2dd65d,7,0
component-final-91e9365ecc653ed9cb2dd65d,8,0
component-final-91e9365ecc653ed9cb2dd65d,9,0
component-final-91e9365ecc653ed9cb2dd65d,10,0
component-final-95b93277e45a70fc119a8fb7,0,0
component-final-95b93277e45a70fc119a8fb7,1,0
component-final-95b93277e45a70fc119a8fb7,2,0
component-final-95b93277e45a70fc119a8fb7,3,0
component-final-95b93277e45a70fc119a8fb7,4,0
component-final-95b93277e45a70fc119a8fb7,5,0
component-final-95b93277e45a70fc119a8fb7,6,0
component-final-95b93277e45a70fc119a8fb7,7,0
component-final-95b93277e45a70fc119a8fb7,8,0
component-final-95b93277e45a70fc119a8fb7,9,0
component-final-95b93277e45a70fc119a8fb7,10,0
component-final-b1fd5869414749ef1ea5da4b,0,0
component-final-b1fd5869414749ef1ea5da4b,1,1
component-final-b1fd5869414749ef1ea5da4b,2,1
component-final-b1fd5869414749ef1ea5da4b,3,1
component-final-b1fd5869414749ef1ea5da4b,4,1
component-final-b1fd5869414749ef1ea5da4b,5,1
component-final-b1fd5869414749ef1ea5da4b,6,1
component-final-b1fd5869414749ef1ea5da4b,7,1
component-final-b1fd5869414749ef1ea5da4b,8,1
component-final-b1fd5869414749ef1ea5da4b,9,1
component-final-b1fd5869414749ef1ea5da4b,10,1
component-final-6446602ec40cfb52bac4334d,0,0
component-final-6446602ec40cfb52bac4334d,1,0
component-final-6446602ec40cfb52bac4334d,2,0
component-final-6446602ec40cfb52bac4334d,3,0
component-final-6446602ec40cfb52bac4334d,4,0
component-final-6446602ec40cfb52bac4334d,5,1
component-final-6446602ec40cfb52bac4334d,6,1
component-final-6446602ec40cfb52bac4334d,7,1
component-final-6446602ec40cfb52bac4334d,8,1
component-final-6446602ec40cfb52bac4334d,9,1
component-final-6446602ec40cfb52bac4334d,10,1
component-final-18353fabceca3a7f51383b08,0,0
component-final-18353fabceca3a7f51383b08,1,0
component-final-18353fabceca3a7f51383b08,2,0
component-final-18353fabceca3a7f51383b08,3,0
component-final-18353fabceca3a7f51383b08,4,0
component-final-18353fabceca3a7f51383b08,5,0
component-final-18353fabceca3a7f51383b08,6,0
component-final-18353fabceca3a7f51383b08,7,0
component-final-18353fabceca3a7f51383b08,8,0
component-final-18353fabceca3a7f51383b08,9,0
component-final-18353fabceca3a7f51383b08,10,0
component-final-145b2a1f666f8571e635f9f0,0,0
component-final-145b2a1f666f8571e635f9f0,1,0
component-final-145b2a1f666f8571e635f9f0,2,0
component-final-145b2a1f666f8571e635f9f0,3,0
component-final-145b2a1f666f8571e635f9f0,4,0
component-final-145b2a1f666f8571e635f9f0,5,0
component-final-145b2a1f666f8571e635f9f0,6,0
component-final-145b2a1f666f8571e635f9f0,7,0
component-final-145b2a1f666f8571e635f9f0,8,0
component-final-145b2a1f666f8571e635f9f0,9,0
component-final-145b2a1f666f8571e635f9f0,10,0
component-final-5928474b7a9036a2bb1990fb,0,0
component-final-5928474b7a9036a2bb1990fb,1,0
component-final-5928474b7a9036a2bb1990fb,2,0
component-final-5928474b7a9036a2bb1990fb,3,0
component-final-5928474b7a9036a2bb1990fb,4,0
component-final-5928474b7a9036a2bb1990fb,5,0
component-final-5928474b7a9036a2bb1990fb,6,0
component-final-5928474b7a9036a2bb1990fb,7,0
component-final-5928474b7a9036a2bb1990fb,8,0
component-final-5928474b7a9036a2bb1990fb,9,0
component-final-5928474b7a9036a2bb1990fb,10,0
component-final-4477c900e2dd8e31a3b70f25,0,0
component-final-4477c900e2dd8e31a3b70f25,1,0
component-final-4477c900e2dd8e31a3b70f25,2,1
component-final-4477c900e2dd8e31a3b70f25,3,1
component-final-4477c900e2dd8e31a3b70f25,4,2
component-final-4477c900e2dd8e31a3b70f25,5,2
component-final-4477c900e2dd8e31a3b70f25,6,3
component-final-4477c900e2dd8e31a3b70f25,7,3
component-final-4477c900e2dd8e31a3b70f25,8,3
component-final-4477c900e2dd8e31a3b70f25,9,4
component-final-4477c900e2dd8e31a3b70f25,10,5
component-final-d006a0b67ef88cf1f691d6ec,0,0
component-final-d006a0b67ef88cf1f691d6ec,1,0
component-final-d006a0b67ef88cf1f691d6ec,2,0
component-final-d006a0b67ef88cf1f691d6ec,3,0
component-final-d006a0b67ef88cf1f691d6ec,4,0
component-final-d006a0b67ef88cf1f691d6ec,5,0
component-final-d006a0b67ef88cf1f691d6ec,6,0
component-final-d006a0b67ef88cf1f691d6ec,7,0
component-final-d006a0b67ef88cf1f691d6ec,8,0
component-final-d006a0b67ef88cf1f691d6ec,9,0
component-final-d006a0b67ef88cf1f691d6ec,10,0
component-final-4cc5602a266350a3ae17a310,0,0
component-final-4cc5602a266350a3ae17a310,1,0
component-final-4cc5602a266350a3ae17a310,2,0
component-final-4cc5602a266350a3ae17a310,3,0
component-final-4cc5602a266350a3ae17a310,4,0
component-final-4cc5602a266350a3ae17a310,5,1
component-final-4cc5602a266350a3ae17a310,6,1
component-final-4cc5602a266350a3ae17a310,7,2
component-final-4cc5602a266350a3ae17a310,8,3
component-final-4cc5602a266350a3ae17a310,9,3
component-final-4cc5602a266350a3ae17a310,10,3
component-final-6abc8e718c069a146b0c5e5b,0,0
component-final-6abc8e718c069a146b0c5e5b,1,0
component-final-6abc8e718c069a146b0c5e5b,2,0
component-final-6abc8e718c069a146b0c5e5b,3,0
component-final-6abc8e718c069a146b0c5e5b,4,0
component-final-6abc8e718c069a146b0c5e5b,5,0
component-final-6abc8e718c069a146b0c5e5b,6,0
component-final-6abc8e718c069a146b0c5e5b,7,0
component-final-6abc8e718c069a146b0c5e5b,8,0
component-final-6abc8e718c069a146b0c5e5b,9,0
component-final-6abc8e718c069a146b0c5e5b,10,0
component-final-bba307fd5d4c8f57b46934f9,0,0
component-final-bba307fd5d4c8f57b46934f9,1,0
component-final-bba307fd5d4c8f57b46934f9,2,0
component-final-bba307fd5d4c8f57b46934f9,3,0
component-final-bba307fd5d4c8f57b46934f9,4,0
component-final-bba307fd5d4c8f57b46934f9,5,0
component-final-bba307fd5d4c8f57b46934f9,6,0
component-final-bba307fd5d4c8f57b46934f9,7,0
component-final-bba307fd5d4c8f57b46934f9,8,0
component-final-bba307fd5d4c8f57b46934f9,9,0
component-final-bba307fd5d4c8f57b46934f9,10,0
component-final-63570a8d509cf967a6ed9110,0,0
component-final-63570a8d509cf967a6ed9110,1,0
component-final-63570a8d509cf967a6ed9110,2,0
component-final-63570a8d509cf967a6ed9110,3,0
component-final-63570a8d509cf967a6ed9110,4,0
component-final-63570a8d509cf967a6ed9110,5,0
component-final-63570a8d509cf967a6ed9110,6,0
component-final-63570a8d509cf967a6ed9110,7,0
component-final-63570a8d509cf967a6ed9110,8,0
component-final-63570a8d509cf967a6ed9110,9,0
component-final-63570a8d509cf967a6ed9110,10,0
component-final-b7acec26fae84b8b39d54de1,0,0
component-final-b7acec26fae84b8b39d54de1,1,0
component-final-b7acec26fae84b8b39d54de1,2,1
component-final-b7acec26fae84b8b39d54de1,3,1
component-final-b7acec26fae84b8b39d54de1,4,1
component-final-b7acec26fae84b8b39d54de1,5,1
component-final-b7acec26fae84b8b39d54de1,6,1
component-final-b7acec26fae84b8b39d54de1,7,1
component-final-b7acec26fae84b8b39d54de1,8,1
component-final-b7acec26fae84b8b39d54de1,9,1
component-final-b7acec26fae84b8b39d54de1,10,1
component-final-64e47eadb495964256adfe81,0,0
component-final-64e47eadb495964256adfe81,1,0
component-final-64e47eadb495964256adfe81,2,0
component-final-64e47eadb495964256adfe81,3,0
component-final-64e47eadb495964256adfe81,4,0
component-final-64e47eadb495964256adfe81,5,0
component-final-64e47eadb495964256adfe81,6,0
component-final-64e47eadb495964256adfe81,7,0
component-final-64e47eadb495964256adfe81,8,0
component-final-64e47eadb495964256adfe81,9,0
component-final-64e47eadb495964256adfe81,10,0
component-final-b9159a1f0378fcfcd0e1d667,0,0
component-final-b9159a1f0378fcfcd0e1d667,1,0
component-final-b9159a1f0378fcfcd0e1d667,2,0
component-final-b9159a1f0378fcfcd0e1d667,3,0
component-final-b9159a1f0378fcfcd0e1d667,4,0
component-final-b9159a1f0378fcfcd0e1d667,5,0
component-final-b9159a1f0378fcfcd0e1d667,6,0
component-final-b9159a1f0378fcfcd0e1d667,7,0
component-final-b9159a1f0378fcfcd0e1d667,8,0
component-final-b9159a1f0378fcfcd0e1d667,9,0
component-final-b9159a1f0378fcfcd0e1d667,10,0
component-final-b6bb705f33cda63a3a660cac,0,0
component-final-b6bb705f33cda63a3a660cac,1,0
component-final-b6bb705f33cda63a3a660cac,2,0
component-final-b6bb705f33cda63a3a660cac,3,0
component-final-b6bb705f33cda63a3a660cac,4,0
component-final-b6bb705f33cda63a3a660cac,5,0
component-final-b6bb705f33cda63a3a660cac,6,0
component-final-b6bb705f33cda63a3a660cac,7,1
component-final-b6bb705f33cda63a3a660cac,8,1
component-final-b6bb705f33cda63a3a660cac,9,1
component-final-b6bb705f33cda63a3a660cac,10,1
component-final-8e1fbdae4c717bead751ef3f,0,0
component-final-8e1fbdae4c717bead751ef3f,1,0
component-final-8e1fbdae4c717bead751ef3f,2,0
component-final-8e1fbdae4c717bead751ef3f,3,0
component-final-8e1fbdae4c717bead751ef3f,4,0
component-final-8e1fbdae4c717bead751ef3f,5,0
component-final-8e1fbdae4c717bead751ef3f,6,0
component-final-8e1fbdae4c717bead751ef3f,7,0
component-final-8e1fbdae4c717bead751ef3f,8,0
component-final-8e1fbdae4c717bead751ef3f,9,0
component-final-8e1fbdae4c717bead751ef3f,10,0
component-final-02fb34c6b01aed253ffa4730,0,0
component-final-02fb34c6b01aed253ffa4730,1,1
component-final-02fb34c6b01aed253ffa4730,2,1
component-final-02fb34c6b01aed253ffa4730,3,2
component-final-02fb34c6b01aed253ffa4730,4,3
component-final-02fb34c6b01aed253ffa4730,5,3
component-final-02fb34c6b01aed253ffa4730,6,4
component-final-02fb34c6b01aed253ffa4730,7,5
component-final-02fb34c6b01aed253ffa4730,8,5
component-final-02fb34c6b01aed253ffa4730,9,5
component-final-02fb34c6b01aed253ffa4730,10,5
component-final-f01350a0031f3cb06d45632e,0,0
component-final-f01350a0031f3cb06d45632e,1,0
component-final-f01350a0031f3cb06d45632e,2,1
component-final-f01350a0031f3cb06d45632e,3,1
component-final-f01350a0031f3cb06d45632e,4,1
component-final-f01350a0031f3cb06d45632e,5,1
component-final-f01350a0031f3cb06d45632e,6,1
component-final-f01350a0031f3cb06d45632e,7,1
component-final-f01350a0031f3cb06d45632e,8,1
component-final-f01350a0031f3cb06d45632e,9,1
component-final-f01350a0031f3cb06d45632e,10,1
component-final-ced0af809caafbfd44aa8165,0,0
component-final-ced0af809caafbfd44aa8165,1,0
component-final-ced0af809caafbfd44aa8165,2,0
component-final-ced0af809caafbfd44aa8165,3,0
component-final-ced0af809caafbfd44aa8165,4,0
component-final-ced0af809caafbfd44aa8165,5,0
component-final-ced0af809caafbfd44aa8165,6,0
component-final-ced0af809caafbfd44aa8165,7,0
component-final-ced0af809caafbfd44aa8165,8,0
component-final-ced0af809caafbfd44aa8165,9,0
component-final-ced0af809caafbfd44aa8165,10,0
component-final-827fb29e7d467a5c1448a2d5,0,0
component-final-827fb29e7d467a5c1448a2d5,1,0
component-final-827fb29e7d467a5c1448a2d5,2,0
component-final-827fb29e7d467a5c1448a2d5,3,0
component-final-827fb29e7d467a5c1448a2d5,4,0
component-final-827fb29e7d467a5c1448a2d5,5,0
component-final-827fb29e7d467a5c1448a2d5,6,0
component-final-827fb29e7d467a5c1448a2d5,7,0
component-final-827fb29e7d467a5c1448a2d5,8,0
component-final-827fb29e7d467a5c1448a2d5,9,0
component-final-827fb29e7d467a5c1448a2d5,10,0
component-final-438db475a0bdb477ce8df268,0,0
component-final-438db475a0bdb477ce8df268,1,0
component-final-438db475a0bdb477ce8df268,2,0
component-final-438db475a0bdb477ce8df268,3,0
component-final-438db475a0bdb477ce8df268,4,0
component-final-438db475a0bdb477ce8df268,5,0
component-final-438db475a0bdb477ce8df268,6,0
component-final-438db475a0bdb477ce8df268,7,0
component-final-438db475a0bdb477ce8df268,8,0
component-final-438db475a0bdb477ce8df268,9,0
component-final-438db475a0bdb477ce8df268,10,0
component-final-d8e2ace6c4e96aab950ba769,0,0
component-final-d8e2ace6c4e96aab950ba769,1,1
component-final-d8e2ace6c4e96aab950ba769,2,2
component-final-d8e2ace6c4e96aab950ba769,3,2
component-final-d8e2ace6c4e96aab950ba769,4,2
component-final-d8e2ace6c4e96aab950ba769,5,2
component-final-d8e2ace6c4e96aab950ba769,6,2
component-final-d8e2ace6c4e96aab950ba769,7,2
component-final-d8e2ace6c4e96aab950ba769,8,2
component-final-d8e2ace6c4e96aab950ba769,9,2
component-final-d8e2ace6c4e96aab950ba769,10,2
component-final-6cb50401ed7ce82b3f74f4ba,0,0
component-final-6cb50401ed7ce82b3f74f4ba,1,1
component-final-6cb50401ed7ce82b3f74f4ba,2,1
component-final-6cb50401ed7ce82b3f74f4ba,3,1
component-final-6cb50401ed7ce82b3f74f4ba,4,2
component-final-6cb50401ed7ce82b3f74f4ba,5,2
component-final-6cb50401ed7ce82b3f74f4ba,6,2
component-final-6cb50401ed7ce82b3f74f4ba,7,3
component-final-6cb50401ed7ce82b3f74f4ba,8,3
component-final-6cb50401ed7ce82b3f74f4ba,9,3
component-final-6cb50401ed7ce82b3f74f4ba,10,3
component-final-893d72f6fe312d708488048a,0,0
component-final-893d72f6fe312d708488048a,1,1
component-final-893d72f6fe312d708488048a,2,1
component-final-893d72f6fe312d708488048a,3,1
component-final-893d72f6fe312d708488048a,4,1
component-final-893d72f6fe312d708488048a,5,2
component-final-893d72f6fe312d708488048a,6,3
component-final-893d72f6fe312d708488048a,7,3
component-final-893d72f6fe312d708488048a,8,3
component-final-893d72f6fe312d708488048a,9,3
component-final-893d72f6fe312d708488048a,10,3
component-final-61030d73d1ecfa5e3c4198b2,0,0
component-final-61030d73d1ecfa5e3c4198b2,1,1
component-final-61030d73d1ecfa5e3c4198b2,2,2
component-final-61030d73d1ecfa5e3c4198b2,3,2
component-final-61030d73d1ecfa5e3c4198b2,4,2
component-final-61030d73d1ecfa5e3c4198b2,5,3
component-final-61030d73d1ecfa5e3c4198b2,6,4
component-final-61030d73d1ecfa5e3c4198b2,7,4
component-final-61030d73d1ecfa5e3c4198b2,8,5
component-final-61030d73d1ecfa5e3c4198b2,9,6
component-final-61030d73d1ecfa5e3c4198b2,10,7
component-final-fc048047e45b8d6dba041f90,0,0
component-final-fc048047e45b8d6dba041f90,1,0
component-final-fc048047e45b8d6dba041f90,2,0
component-final-fc048047e45b8d6dba041f90,3,0
component-final-fc048047e45b8d6dba041f90,4,0
component-final-fc048047e45b8d6dba041f90,5,0
component-final-fc048047e45b8d6dba041f90,6,0
component-final-fc048047e45b8d6dba041f90,7,0
component-final-fc048047e45b8d6dba041f90,8,0
component-final-fc048047e45b8d6dba041f90,9,0
component-final-fc048047e45b8d6dba041f90,10,0
component-final-8c4b38fea4d18535795f3f52,0,0
component-final-8c4b38fea4d18535795f3f52,1,0
component-final-8c4b38fea4d18535795f3f52,2,0
component-final-8c4b38fea4d18535795f3f52,3,0
component-final-8c4b38fea4d18535795f3f52,4,0
component-final-8c4b38fea4d18535795f3f52,5,0
component-final-8c4b38fea4d18535795f3f52,6,0
component-final-8c4b38fea4d18535795f3f52,7,0
component-final-8c4b38fea4d18535795f3f52,8,0
component-final-8c4b38fea4d18535795f3f52,9,0
component-final-8c4b38fea4d18535795f3f52,10,0
component-final-8dbb642bd821472e34a99402,0,0
component-final-8dbb642bd821472e34a99402,1,0
component-final-8dbb642bd821472e34a99402,2,0
component-final-8dbb642bd821472e34a99402,3,0
component-final-8dbb642bd821472e34a99402,4,0
component-final-8dbb642bd821472e34a99402,5,0
component-final-8dbb642bd821472e34a99402,6,0
component-final-8dbb642bd821472e34a99402,7,0
component-final-8dbb642bd821472e34a99402,8,0
component-final-8dbb642bd821472e34a99402,9,0
component-final-8dbb642bd821472e34a99402,10,0
component-final-5997b22ff20dd8997514cb4b,0,0
component-final-5997b22ff20dd8997514cb4b,1,0
component-final-5997b22ff20dd8997514cb4b,2,0
component-final-5997b22ff20dd8997514cb4b,3,0
component-final-5997b22ff20dd8997514cb4b,4,0
component-final-5997b22ff20dd8997514cb4b,5,0
component-final-5997b22ff20dd8997514cb4b,6,0
component-final-5997b22ff20dd8997514cb4b,7,0
component-final-5997b22ff20dd8997514cb4b,8,0
component-final-5997b22ff20dd8997514cb4b,9,0
component-final-5997b22ff20dd8997514cb4b,10,0
component-final-61174bb74d1f37007558ce1f,0,0
component-final-61174bb74d1f37007558ce1f,1,0
component-final-61174bb74d1f37007558ce1f,2,0
component-final-61174bb74d1f37007558ce1f,3,0
component-final-61174bb74d1f37007558ce1f,4,0
component-final-61174bb74d1f37007558ce1f,5,0
component-final-61174bb74d1f37007558ce1f,6,0
component-final-61174bb74d1f37007558ce1f,7,0
component-final-61174bb74d1f37007558ce1f,8,0
component-final-61174bb74d1f37007558ce1f,9,0
component-final-61174bb74d1f37007558ce1f,10,0
component-final-bab5676fb6b948fe5af57968,0,0
component-final-bab5676fb6b948fe5af57968,1,1
component-final-bab5676fb6b948fe5af57968,2,1
component-final-bab5676fb6b948fe5af57968,3,1
component-final-bab5676fb6b948fe5af57968,4,1
component-final-bab5676fb6b948fe5af57968,5,1
component-final-bab5676fb6b948fe5af57968,6,1
component-final-bab5676fb6b948fe5af57968,7,1
component-final-bab5676fb6b948fe5af57968,8,1
component-final-bab5676fb6b948fe5af57968,9,1
component-final-bab5676fb6b948fe5af57968,10,1
component-final-6384b7b9addad04fec76be49,0,0
component-final-6384b7b9addad04fec76be49,1,0
component-final-6384b7b9addad04fec76be49,2,0
component-final-6384b7b9addad04fec76be49,3,0
component-final-6384b7b9addad04fec76be49,4,0
component-final-6384b7b9addad04fec76be49,5,0
component-final-6384b7b9addad04fec76be49,6,0
component-final-6384b7b9addad04fec76be49,7,0
component-final-6384b7b9addad04fec76be49,8,0
component-final-6384b7b9addad04fec76be49,9,0
component-final-6384b7b9addad04fec76be49,10,0
component-final-98ab66c718e2c90aa5f5aa56,0,0
component-final-98ab66c718e2c90aa5f5aa56,1,0
component-final-98ab66c718e2c90aa5f5aa56,2,0
component-final-98ab66c718e2c90aa5f5aa56,3,0
component-final-98ab66c718e2c90aa5f5aa56,4,0
component-final-98ab66c718e2c90aa5f5aa56,5,0
component-final-98ab66c718e2c90aa5f5aa56,6,0
component-final-98ab66c718e2c90aa5f5aa56,7,0
component-final-98ab66c718e2c90aa5f5aa56,8,0
component-final-98ab66c718e2c90aa5f5aa56,9,0
component-final-98ab66c718e2c90aa5f5aa56,10,0
component-final-144d9b0222dbba7a420c0156,0,0
component-final-144d9b0222dbba7a420c0156,1,0
component-final-144d9b0222dbba7a420c0156,2,0
component-final-144d9b0222dbba7a420c0156,3,0
component-final-144d9b0222dbba7a420c0156,4,0
component-final-144d9b0222dbba7a420c0156,5,0
component-final-144d9b0222dbba7a420c0156,6,0
component-final-144d9b0222dbba7a420c0156,7,0
component-final-144d9b0222dbba7a420c0156,8,0
component-final-144d9b0222dbba7a420c0156,9,0
component-final-144d9b0222dbba7a420c0156,10,0
component-final-e95438499fb6b1c7c9e49934,0,0
component-final-e95438499fb6b1c7c9e49934,1,0
component-final-e95438499fb6b1c7c9e49934,2,0
component-final-e95438499fb6b1c7c9e49934,3,0
component-final-e95438499fb6b1c7c9e49934,4,0
component-final-e95438499fb6b1c7c9e49934,5,0
component-final-e95438499fb6b1c7c9e49934,6,0
component-final-e95438499fb6b1c7c9e49934,7,0
component-final-e95438499fb6b1c7c9e49934,8,0
component-final-e95438499fb6b1c7c9e49934,9,0
component-final-e95438499fb6b1c7c9e49934,10,0
component-final-4d966b1fc9fedd8efaa41bf2,0,0
component-final-4d966b1fc9fedd8efaa41bf2,1,1
component-final-4d966b1fc9fedd8efaa41bf2,2,1
component-final-4d966b1fc9fedd8efaa41bf2,3,1
component-final-4d966b1fc9fedd8efaa41bf2,4,2
component-final-4d966b1fc9fedd8efaa41bf2,5,3
component-final-4d966b1fc9fedd8efaa41bf2,6,4
component-final-4d966b1fc9fedd8efaa41bf2,7,5
component-final-4d966b1fc9fedd8efaa41bf2,8,6
component-final-4d966b1fc9fedd8efaa41bf2,9,6
component-final-4d966b1fc9fedd8efaa41bf2,10,7
component-final-54b96d595037aafd35c6f5b8,0,0
component-final-54b96d595037aafd35c6f5b8,1,0
component-final-54b96d595037aafd35c6f5b8,2,0
component-final-54b96d595037aafd35c6f5b8,3,0
component-final-54b96d595037aafd35c6f5b8,4,0
component-final-54b96d595037aafd35c6f5b8,5,0
component-final-54b96d595037aafd35c6f5b8,6,0
component-final-54b96d595037aafd35c6f5b8,7,0
component-final-54b96d595037aafd35c6f5b8,8,0
component-final-54b96d595037aafd35c6f5b8,9,0
component-final-54b96d595037aafd35c6f5b8,10,0
component-final-85ce10b659119a45a091746e,0,0
component-final-85ce10b659119a45a091746e,1,0
component-final-85ce10b659119a45a091746e,2,0
component-final-85ce10b659119a45a091746e,3,0
component-final-85ce10b659119a45a091746e,4,0
component-final-85ce10b659119a45a091746e,5,0
component-final-85ce10b659119a45a091746e,6,0
component-final-85ce10b659119a45a091746e,7,0
component-final-85ce10b659119a45a091746e,8,0
component-final-85ce10b659119a45a091746e,9,0
component-final-85ce10b659119a45a091746e,10,0
component-final-f185167e4d827e210206e759,0,0
component-final-f185167e4d827e210206e759,1,0
component-final-f185167e4d827e210206e759,2,0
component-final-f185167e4d827e210206e759,3,0
component-final-f185167e4d827e210206e759,4,0
component-final-f185167e4d827e210206e759,5,0
component-final-f185167e4d827e210206e759,6,0
component-final-f185167e4d827e210206e759,7,0
component-final-f185167e4d827e210206e759,8,1
component-final-f185167e4d827e210206e759,9,1
component-final-f185167e4d827e210206e759,10,1
component-final-f9c7b9a8f54a10df82964980,0,0
component-final-f9c7b9a8f54a10df82964980,1,0
component-final-f9c7b9a8f54a10df82964980,2,0
component-final-f9c7b9a8f54a10df82964980,3,0
component-final-f9c7b9a8f54a10df82964980,4,0
component-final-f9c7b9a8f54a10df82964980,5,0
component-final-f9c7b9a8f54a10df82964980,6,0
component-final-f9c7b9a8f54a10df82964980,7,0
component-final-f9c7b9a8f54a10df82964980,8,0
component-final-f9c7b9a8f54a10df82964980,9,0
component-final-f9c7b9a8f54a10df82964980,10,0
component-final-15ac29a2e97e6662ad02492f,0,0
component-final-15ac29a2e97e6662ad02492f,1,0
component-final-15ac29a2e97e6662ad02492f,2,0
component-final-15ac29a2e97e6662ad02492f,3,0
component-final-15ac29a2e97e6662ad02492f,4,0
component-final-15ac29a2e97e6662ad02492f,5,0
component-final-15ac29a2e97e6662ad02492f,6,0
component-final-15ac29a2e97e6662ad02492f,7,0
component-final-15ac29a2e97e6662ad02492f,8,0
component-final-15ac29a2e97e6662ad02492f,9,0
component-final-15ac29a2e97e6662ad02492f,10,0
component-final-8f115382fa4659ffa240e561,0,0
component-final-8f115382fa4659ffa240e561,1,0
component-final-8f115382fa4659ffa240e561,2,0
component-final-8f115382fa4659ffa240e561,3,0
component-final-8f115382fa4659ffa240e561,4,0
component-final-8f115382fa4659ffa240e561,5,0
component-final-8f115382fa4659ffa240e561,6,0
component-final-8f115382fa4659ffa240e561,7,0
component-final-8f115382fa4659ffa240e561,8,0
component-final-8f115382fa4659ffa240e561,9,0
component-final-8f115382fa4659ffa240e561,10,0
component-final-47e9853da825dd0ecdf395cb,0,0
component-final-47e9853da825dd0ecdf395cb,1,0
component-final-47e9853da825dd0ecdf395cb,2,0
component-final-47e9853da825dd0ecdf395cb,3,0
component-final-47e9853da825dd0ecdf395cb,4,0
component-final-47e9853da825dd0ecdf395cb,5,0
component-final-47e9853da825dd0ecdf395cb,6,0
component-final-47e9853da825dd0ecdf395cb,7,0
component-final-47e9853da825dd0ecdf395cb,8,0
component-final-47e9853da825dd0ecdf395cb,9,0
component-final-47e9853da825dd0ecdf395cb,10,0
component-final-109deab565db7e4bd87999bb,0,0
component-final-109deab565db7e4bd87999bb,1,0
component-final-109deab565db7e4bd87999bb,2,0
component-final-109deab565db7e4bd87999bb,3,0
component-final-109deab565db7e4bd87999bb,4,0
component-final-109deab565db7e4bd87999bb,5,0
component-final-109deab565db7e4bd87999bb,6,0
component-final-109deab565db7e4bd87999bb,7,0
component-final-109deab565db7e4bd87999bb,8,0
component-final-109deab565db7e4bd87999bb,9,0
component-final-109deab565db7e4bd87999bb,10,0
component-final-c9b4d144af64c2a06121d62b,0,0
component-final-c9b4d144af64c2a06121d62b,1,0
component-final-c9b4d144af64c2a06121d62b,2,0
component-final-c9b4d144af64c2a06121d62b,3,0
component-final-c9b4d144af64c2a06121d62b,4,0
component-final-c9b4d144af64c2a06121d62b,5,0
component-final-c9b4d144af64c2a06121d62b,6,0
component-final-c9b4d144af64c2a06121d62b,7,0
component-final-c9b4d144af64c2a06121d62b,8,0
component-final-c9b4d144af64c2a06121d62b,9,0
component-final-c9b4d144af64c2a06121d62b,10,0
component-final-a51d66c7e21ca9788f45a008,0,0
component-final-a51d66c7e21ca9788f45a008,1,0
component-final-a51d66c7e21ca9788f45a008,2,0
component-final-a51d66c7e21ca9788f45a008,3,1
component-final-a51d66c7e21ca9788f45a008,4,1
component-final-a51d66c7e21ca9788f45a008,5,1
component-final-a51d66c7e21ca9788f45a008,6,1
component-final-a51d66c7e21ca9788f45a008,7,1
component-final-a51d66c7e21ca9788f45a008,8,1
component-final-a51d66c7e21ca9788f45a008,9,1
component-final-a51d66c7e21ca9788f45a008,10,1
component-final-70adf56898316f73ea4720ab,0,0
component-final-70adf56898316f73ea4720ab,1,1
component-final-70adf56898316f73ea4720ab,2,2
component-final-70adf56898316f73ea4720ab,3,3
component-final-70adf56898316f73ea4720ab,4,3
component-final-70adf56898316f73ea4720ab,5,3
component-final-70adf56898316f73ea4720ab,6,3
component-final-70adf56898316f73ea4720ab,7,4
component-final-70adf56898316f73ea4720ab,8,5
component-final-70adf56898316f73ea4720ab,9,6
component-final-70adf56898316f73ea4720ab,10,6
component-final-b1999f2e9c20505d5a373485,0,0
component-final-b1999f2e9c20505d5a373485,1,0
component-final-b1999f2e9c20505d5a373485,2,0
component-final-b1999f2e9c20505d5a373485,3,0
component-final-b1999f2e9c20505d5a373485,4,0
component-final-b1999f2e9c20505d5a373485,5,0
component-final-b1999f2e9c20505d5a373485,6,0
component-final-b1999f2e9c20505d5a373485,7,0
component-final-b1999f2e9c20505d5a373485,8,0
component-final-b1999f2e9c20505d5a373485,9,0
component-final-b1999f2e9c20505d5a373485,10,0
component-final-a526e6a613189f807a458cb1,0,0
component-final-a526e6a613189f807a458cb1,1,0
component-final-a526e6a613189f807a458cb1,2,0
component-final-a526e6a613189f807a458cb1,3,0
component-final-a526e6a613189f807a458cb1,4,0
component-final-a526e6a613189f807a458cb1,5,0
component-final-a526e6a613189f807a458cb1,6,0
component-final-a526e6a613189f807a458cb1,7,0
component-final-a526e6a613189f807a458cb1,8,0
component-final-a526e6a613189f807a458cb1,9,0
component-final-a526e6a613189f807a458cb1,10,0
component-final-613da1e8bf281966bbdc66db,0,0
component-final-613da1e8bf281966bbdc66db,1,0
component-final-613da1e8bf281966bbdc66db,2,0
component-final-613da1e8bf281966bbdc66db,3,0
component-final-613da1e8bf281966bbdc66db,4,0
component-final-613da1e8bf281966bbdc66db,5,0
component-final-613da1e8bf281966bbdc66db,6,0
component-final-613da1e8bf281966bbdc66db,7,0
component-final-613da1e8bf281966bbdc66db,8,0
component-final-613da1e8bf281966bbdc66db,9,0
component-final-613da1e8bf281966bbdc66db,10,0
component-final-1620ce45018562d221e4194e,0,0
component-final-1620ce45018562d221e4194e,1,0
component-final-1620ce45018562d221e4194e,2,0
component-final-1620ce45018562d221e4194e,3,0
component-final-1620ce45018562d221e4194e,4,0
component-final-1620ce45018562d221e4194e,5,0
component-final-1620ce45018562d221e4194e,6,0
component-final-1620ce45018562d221e4194e,7,0
component-final-1620ce45018562d221e4194e,8,0
component-final-1620ce45018562d221e4194e,9,0
component-final-1620ce45018562d221e4194e,10,0
component-final-9c6d0e95f17bee2c910f2581,0,0
component-final-9c6d0e95f17bee2c910f2581,1,1
component-final-9c6d0e95f17bee2c910f2581,2,2
component-final-9c6d0e95f17bee2c910f2581,3,2
component-final-9c6d0e95f17bee2c910f2581,4,3
component-final-9c6d0e95f17bee2c910f2581,5,4
component-final-9c6d0e95f17bee2c910f2581,6,4
component-final-9c6d0e95f17bee2c910f2581,7,4
component-final-9c6d0e95f17bee2c910f2581,8,5
component-final-9c6d0e95f17bee2c910f2581,9,5
component-final-9c6d0e95f17bee2c910f2581,10,5
component-final-fc418323f51d699f8e0035cc,0,0
component-final-fc418323f51d699f8e0035cc,1,1
component-final-fc418323f51d699f8e0035cc,2,1
component-final-fc418323f51d699f8e0035cc,3,2
component-final-fc418323f51d699f8e0035cc,4,2
component-final-fc418323f51d699f8e0035cc,5,2
component-final-fc418323f51d699f8e0035cc,6,3
component-final-fc418323f51d699f8e0035cc,7,4
component-final-fc418323f51d699f8e0035cc,8,4
component-final-fc418323f51d699f8e0035cc,9,5
component-final-fc418323f51d699f8e0035cc,10,5
component-final-6940b1c4fd8e43fbb929381b,0,0
component-final-6940b1c4fd8e43fbb929381b,1,1
component-final-6940b1c4fd8e43fbb929381b,2,2
component-final-6940b1c4fd8e43fbb929381b,3,3
component-final-6940b1c4fd8e43fbb929381b,4,4
component-final-6940b1c4fd8e43fbb929381b,5,4
component-final-6940b1c4fd8e43fbb929381b,6,4
component-final-6940b1c4fd8e43fbb929381b,7,4
component-final-6940b1c4fd8e43fbb929381b,8,4
component-final-6940b1c4fd8e43fbb929381b,9,4
component-final-6940b1c4fd8e43fbb929381b,10,4
component-final-5437e8d24a83c0cf0eab590a,0,0
component-final-5437e8d24a83c0cf0eab590a,1,1
component-final-5437e8d24a83c0cf0eab590a,2,1
component-final-5437e8d24a83c0cf0eab590a,3,1
component-final-5437e8d24a83c0cf0eab590a,4,1
component-final-5437e8d24a83c0cf0eab590a,5,1
component-final-5437e8d24a83c0cf0eab590a,6,1
component-final-5437e8d24a83c0cf0eab590a,7,1
component-final-5437e8d24a83c0cf0eab590a,8,1
component-final-5437e8d24a83c0cf0eab590a,9,1
component-final-5437e8d24a83c0cf0eab590a,10,2
component-final-097cf70d695ce1077e80d968,0,0
component-final-097cf70d695ce1077e80d968,1,0
component-final-097cf70d695ce1077e80d968,2,0
component-final-097cf70d695ce1077e80d968,3,0
component-final-097cf70d695ce1077e80d968,4,0
component-final-097cf70d695ce1077e80d968,5,0
component-final-097cf70d695ce1077e80d968,6,0
component-final-097cf70d695ce1077e80d968,7,0
component-final-097cf70d695ce1077e80d968,8,0
component-final-097cf70d695ce1077e80d968,9,0
component-final-097cf70d695ce1077e80d968,10,0
component-final-67fc6276065678190cd1668f,0,0
component-final-67fc6276065678190cd1668f,1,0
component-final-67fc6276065678190cd1668f,2,0
component-final-67fc6276065678190cd1668f,3,0
component-final-67fc6276065678190cd1668f,4,0
component-final-67fc6276065678190cd1668f,5,0
component-final-67fc6276065678190cd1668f,6,0
component-final-67fc6276065678190cd1668f,7,0
component-final-67fc6276065678190cd1668f,8,0
component-final-67fc6276065678190cd1668f,9,0
component-final-67fc6276065678190cd1668f,10,0
component-final-22f3a1cd41836989deb32993,0,0
component-final-22f3a1cd41836989deb32993,1,0
component-final-22f3a1cd41836989deb32993,2,0
component-final-22f3a1cd41836989deb32993,3,0
component-final-22f3a1cd41836989deb32993,4,0
component-final-22f3a1cd41836989deb32993,5,0
component-final-22f3a1cd41836989deb32993,6,0
component-final-22f3a1cd41836989deb32993,7,0
component-final-22f3a1cd41836989deb32993,8,0
component-final-22f3a1cd41836989deb32993,9,0
component-final-22f3a1cd41836989deb32993,10,0
component-final-a744d1f002d5515ae862af23,0,0
component-final-a744d1f002d5515ae862af23,1,0
component-final-a744d1f002d5515ae862af23,2,0
component-final-a744d1f002d5515ae862af23,3,0
component-final-a744d1f002d5515ae862af23,4,0
component-final-a744d1f002d5515ae862af23,5,0
component-final-a744d1f002d5515ae862af23,6,0
component-final-a744d1f002d5515ae862af23,7,0
component-final-a744d1f002d5515ae862af23,8,0
component-final-a744d1f002d5515ae862af23,9,0
component-final-a744d1f002d5515ae862af23,10,0
component-final-bfc30e9cafe8bac91f5e5c0f,0,0
component-final-bfc30e9cafe8bac91f5e5c0f,1,0
component-final-bfc30e9cafe8bac91f5e5c0f,2,0
component-final-bfc30e9cafe8bac91f5e5c0f,3,0
component-final-bfc30e9cafe8bac91f5e5c0f,4,0
component-final-bfc30e9cafe8bac91f5e5c0f,5,0
component-final-bfc30e9cafe8bac91f5e5c0f,6,0
component-final-bfc30e9cafe8bac91f5e5c0f,7,0
component-final-bfc30e9cafe8bac91f5e5c0f,8,0
component-final-bfc30e9cafe8bac91f5e5c0f,9,0
component-final-bfc30e9cafe8bac91f5e5c0f,10,0
component-final-15d85bb3bf519495ccb4a7ce,0,0
component-final-15d85bb3bf519495ccb4a7ce,1,0
component-final-15d85bb3bf519495ccb4a7ce,2,0
component-final-15d85bb3bf519495ccb4a7ce,3,0
component-final-15d85bb3bf519495ccb4a7ce,4,0
component-final-15d85bb3bf519495ccb4a7ce,5,0
component-final-15d85bb3bf519495ccb4a7ce,6,1
component-final-15d85bb3bf519495ccb4a7ce,7,2
component-final-15d85bb3bf519495ccb4a7ce,8,3
component-final-15d85bb3bf519495ccb4a7ce,9,3
component-final-15d85bb3bf519495ccb4a7ce,10,4
component-final-d871efc4554e769daf1e3833,0,0
component-final-d871efc4554e769daf1e3833,1,0
component-final-d871efc4554e769daf1e3833,2,1
component-final-d871efc4554e769daf1e3833,3,1
component-final-d871efc4554e769daf1e3833,4,2
component-final-d871efc4554e769daf1e3833,5,3
component-final-d871efc4554e769daf1e3833,6,4
component-final-d871efc4554e769daf1e3833,7,4
component-final-d871efc4554e769daf1e3833,8,5
component-final-d871efc4554e769daf1e3833,9,5
component-final-d871efc4554e769daf1e3833,10,5
component-final-23fc0277f36cbc5173086457,0,0
component-final-23fc0277f36cbc5173086457,1,0
component-final-23fc0277f36cbc5173086457,2,0
component-final-23fc0277f36cbc5173086457,3,0
component-final-23fc0277f36cbc5173086457,4,0
component-final-23fc0277f36cbc5173086457,5,0
component-final-23fc0277f36cbc5173086457,6,1
component-final-23fc0277f36cbc5173086457,7,1
component-final-23fc0277f36cbc5173086457,8,1
component-final-23fc0277f36cbc5173086457,9,2
component-final-23fc0277f36cbc5173086457,10,2
component-final-d7d60c4523f7442bcc1e14f0,0,0
component-final-d7d60c4523f7442bcc1e14f0,1,0
component-final-d7d60c4523f7442bcc1e14f0,2,0
component-final-d7d60c4523f7442bcc1e14f0,3,0
component-final-d7d60c4523f7442bcc1e14f0,4,0
component-final-d7d60c4523f7442bcc1e14f0,5,0
component-final-d7d60c4523f7442bcc1e14f0,6,0
component-final-d7d60c4523f7442bcc1e14f0,7,0
component-final-d7d60c4523f7442bcc1e14f0,8,0
component-final-d7d60c4523f7442bcc1e14f0,9,0
component-final-d7d60c4523f7442bcc1e14f0,10,0
component-final-9687f2a9b14b25a12b50c7c7,0,0
component-final-9687f2a9b14b25a12b50c7c7,1,0
component-final-9687f2a9b14b25a12b50c7c7,2,0
component-final-9687f2a9b14b25a12b50c7c7,3,0
component-final-9687f2a9b14b25a12b50c7c7,4,0
component-final-9687f2a9b14b25a12b50c7c7,5,0
component-final-9687f2a9b14b25a12b50c7c7,6,0
component-final-9687f2a9b14b25a12b50c7c7,7,0
component-final-9687f2a9b14b25a12b50c7c7,8,0
component-final-9687f2a9b14b25a12b50c7c7,9,0
component-final-9687f2a9b14b25a12b50c7c7,10,0
component-final-8105dcb6063a8c1ee4d7a3df,0,0
component-final-8105dcb6063a8c1ee4d7a3df,1,1
component-final-8105dcb6063a8c1ee4d7a3df,2,2
component-final-8105dcb6063a8c1ee4d7a3df,3,3
component-final-8105dcb6063a8c1ee4d7a3df,4,3
component-final-8105dcb6063a8c1ee4d7a3df,5,3
component-final-8105dcb6063a8c1ee4d7a3df,6,3
component-final-8105dcb6063a8c1ee4d7a3df,7,3
component-final-8105dcb6063a8c1ee4d7a3df,8,3
component-final-8105dcb6063a8c1ee4d7a3df,9,3
component-final-8105dcb6063a8c1ee4d7a3df,10,3
component-final-1cf14bfc386a48587fb3d44f,0,0
component-final-1cf14bfc386a48587fb3d44f,1,0
component-final-1cf14bfc386a48587fb3d44f,2,0
component-final-1cf14bfc386a48587fb3d44f,3,0
component-final-1cf14bfc386a48587fb3d44f,4,0
component-final-1cf14bfc386a48587fb3d44f,5,0
component-final-1cf14bfc386a48587fb3d44f,6,0
component-final-1cf14bfc386a48587fb3d44f,7,0
component-final-1cf14bfc386a48587fb3d44f,8,0
component-final-1cf14bfc386a48587fb3d44f,9,0
component-final-1cf14bfc386a48587fb3d44f,10,0
component-final-ae7ed12937b3f100fde020f2,0,0
component-final-ae7ed12937b3f100fde020f2,1,0
component-final-ae7ed12937b3f100fde020f2,2,0
component-final-ae7ed12937b3f100fde020f2,3,0
component-final-ae7ed12937b3f100fde020f2,4,0
component-final-ae7ed12937b3f100fde020f2,5,0
component-final-ae7ed12937b3f100fde020f2,6,0
component-final-ae7ed12937b3f100fde020f2,7,1
component-final-ae7ed12937b3f100fde020f2,8,1
component-final-ae7ed12937b3f100fde020f2,9,1
component-final-ae7ed12937b3f100fde020f2,10,1
component-final-532a361b05032f301afc1699,0,0
component-final-532a361b05032f301afc1699,1,0
component-final-532a361b05032f301afc1699,2,0
component-final-532a361b05032f301afc1699,3,0
component-final-532a361b05032f301afc1699,4,0
component-final-532a361b05032f301afc1699,5,0
component-final-532a361b05032f301afc1699,6,0
component-final-532a361b05032f301afc1699,7,0
component-final-532a361b05032f301afc1699,8,0
component-final-532a361b05032f301afc1699,9,0
component-final-532a361b05032f301afc1699,10,0
component-final-a3732fa5b54a92b1311c1b58,0,0
component-final-a3732fa5b54a92b1311c1b58,1,0
component-final-a3732fa5b54a92b1311c1b58,2,0
component-final-a3732fa5b54a92b1311c1b58,3,0
component-final-a3732fa5b54a92b1311c1b58,4,0
component-final-a3732fa5b54a92b1311c1b58,5,0
component-final-a3732fa5b54a92b1311c1b58,6,0
component-final-a3732fa5b54a92b1311c1b58,7,0
component-final-a3732fa5b54a92b1311c1b58,8,0
component-final-a3732fa5b54a92b1311c1b58,9,0
component-final-a3732fa5b54a92b1311c1b58,10,0
component-final-d6320918599c58b8fdbc75b2,0,0
component-final-d6320918599c58b8fdbc75b2,1,1
component-final-d6320918599c58b8fdbc75b2,2,1
component-final-d6320918599c58b8fdbc75b2,3,2
component-final-d6320918599c58b8fdbc75b2,4,3
component-final-d6320918599c58b8fdbc75b2,5,4
component-final-d6320918599c58b8fdbc75b2,6,4
component-final-d6320918599c58b8fdbc75b2,7,5
component-final-d6320918599c58b8fdbc75b2,8,6
component-final-d6320918599c58b8fdbc75b2,9,7
component-final-d6320918599c58b8fdbc75b2,10,7
component-final-6e87c157b77b8a8b5478607f,0,0
component-final-6e87c157b77b8a8b5478607f,1,0
component-final-6e87c157b77b8a8b5478607f,2,1
component-final-6e87c157b77b8a8b5478607f,3,1
component-final-6e87c157b77b8a8b5478607f,4,2
component-final-6e87c157b77b8a8b5478607f,5,2
component-final-6e87c157b77b8a8b5478607f,6,2
component-final-6e87c157b77b8a8b5478607f,7,2
component-final-6e87c157b77b8a8b5478607f,8,3
component-final-6e87c157b77b8a8b5478607f,9,3
component-final-6e87c157b77b8a8b5478607f,10,3
component-final-224d04eaabe5456c3162051a,0,0
component-final-224d04eaabe5456c3162051a,1,0
component-final-224d04eaabe5456c3162051a,2,0
component-final-224d04eaabe5456c3162051a,3,0
component-final-224d04eaabe5456c3162051a,4,0
component-final-224d04eaabe5456c3162051a,5,0
component-final-224d04eaabe5456c3162051a,6,0
component-final-224d04eaabe5456c3162051a,7,0
component-final-224d04eaabe5456c3162051a,8,0
component-final-224d04eaabe5456c3162051a,9,0
component-final-224d04eaabe5456c3162051a,10,0
component-final-fcda402ce1a7c8e4ecf13096,0,0
component-final-fcda402ce1a7c8e4ecf13096,1,0
component-final-fcda402ce1a7c8e4ecf13096,2,0
component-final-fcda402ce1a7c8e4ecf13096,3,0
component-final-fcda402ce1a7c8e4ecf13096,4,0
component-final-fcda402ce1a7c8e4ecf13096,5,0
component-final-fcda402ce1a7c8e4ecf13096,6,0
component-final-fcda402ce1a7c8e4ecf13096,7,0
component-final-fcda402ce1a7c8e4ecf13096,8,0
component-final-fcda402ce1a7c8e4ecf13096,9,0
component-final-fcda402ce1a7c8e4ecf13096,10,0
component-final-c246d769152139fcab5c4e2b,0,0
component-final-c246d769152139fcab5c4e2b,1,0
component-final-c246d769152139fcab5c4e2b,2,0
component-final-c246d769152139fcab5c4e2b,3,0
component-final-c246d769152139fcab5c4e2b,4,0
component-final-c246d769152139fcab5c4e2b,5,0
component-final-c246d769152139fcab5c4e2b,6,0
component-final-c246d769152139fcab5c4e2b,7,0
component-final-c246d769152139fcab5c4e2b,8,0
component-final-c246d769152139fcab5c4e2b,9,0
component-final-c246d769152139fcab5c4e2b,10,0
component-final-d183e09d99cadf104f59d07e,0,0
component-final-d183e09d99cadf104f59d07e,1,0
component-final-d183e09d99cadf104f59d07e,2,0
component-final-d183e09d99cadf104f59d07e,3,0
component-final-d183e09d99cadf104f59d07e,4,0
component-final-d183e09d99cadf104f59d07e,5,0
component-final-d183e09d99cadf104f59d07e,6,0
component-final-d183e09d99cadf104f59d07e,7,0
component-final-d183e09d99cadf104f59d07e,8,0
component-final-d183e09d99cadf104f59d07e,9,0
component-final-d183e09d99cadf104f59d07e,10,0
component-final-2ba86fe5167c7c377083c728,0,0
component-final-2ba86fe5167c7c377083c728,1,1
component-final-2ba86fe5167c7c377083c728,2,1
component-final-2ba86fe5167c7c377083c728,3,1
component-final-2ba86fe5167c7c377083c728,4,1
component-final-2ba86fe5167c7c377083c728,5,1
component-final-2ba86fe5167c7c377083c728,6,2
component-final-2ba86fe5167c7c377083c728,7,3
component-final-2ba86fe5167c7c377083c728,8,3
component-final-2ba86fe5167c7c377083c728,9,3
component-final-2ba86fe5167c7c377083c728,10,3
component-final-fd363bc50f56142b92b62728,0,0
component-final-fd363bc50f56142b92b62728,1,0
component-final-fd363bc50f56142b92b62728,2,0
component-final-fd363bc50f56142b92b62728,3,0
component-final-fd363bc50f56142b92b62728,4,0
component-final-fd363bc50f56142b92b62728,5,0
component-final-fd363bc50f56142b92b62728,6,0
component-final-fd363bc50f56142b92b62728,7,0
component-final-fd363bc50f56142b92b62728,8,0
component-final-fd363bc50f56142b92b62728,9,0
component-final-fd363bc50f56142b92b62728,10,1
component-final-60a0f011651058cfacc89f7b,0,0
component-final-60a0f011651058cfacc89f7b,1,0
component-final-60a0f011651058cfacc89f7b,2,0
component-final-60a0f011651058cfacc89f7b,3,0
component-final-60a0f011651058cfacc89f7b,4,0
component-final-60a0f011651058cfacc89f7b,5,0
component-final-60a0f011651058cfacc89f7b,6,0
component-final-60a0f011651058cfacc89f7b,7,0
component-final-60a0f011651058cfacc89f7b,8,0
component-final-60a0f011651058cfacc89f7b,9,0
component-final-60a0f011651058cfacc89f7b,10,0
component-final-209f38eb700cca3d60e9efa7,0,0
component-final-209f38eb700cca3d60e9efa7,1,0
component-final-209f38eb700cca3d60e9efa7,2,0
component-final-209f38eb700cca3d60e9efa7,3,0
component-final-209f38eb700cca3d60e9efa7,4,0
component-final-209f38eb700cca3d60e9efa7,5,0
component-final-209f38eb700cca3d60e9efa7,6,0
component-final-209f38eb700cca3d60e9efa7,7,0
component-final-209f38eb700cca3d60e9efa7,8,0
component-final-209f38eb700cca3d60e9efa7,9,0
component-final-209f38eb700cca3d60e9efa7,10,1
component-final-4196966d5c53dfe11bcc143c,0,0
component-final-4196966d5c53dfe11bcc143c,1,0
component-final-4196966d5c53dfe11bcc143c,2,0
component-final-4196966d5c53dfe11bcc143c,3,0
component-final-4196966d5c53dfe11bcc143c,4,0
component-final-4196966d5c53dfe11bcc143c,5,0
component-final-4196966d5c53dfe11bcc143c,6,0
component-final-4196966d5c53dfe11bcc143c,7,0
component-final-4196966d5c53dfe11bcc143c,8,0
component-final-4196966d5c53dfe11bcc143c,9,0
component-final-4196966d5c53dfe11bcc143c,10,0
component-final-c45c02cfcfba22369cf3d67e,0,0
component-final-c45c02cfcfba22369cf3d67e,1,1
component-final-c45c02cfcfba22369cf3d67e,2,2
component-final-c45c02cfcfba22369cf3d67e,3,3
component-final-c45c02cfcfba22369cf3d67e,4,3
component-final-c45c02cfcfba22369cf3d67e,5,3
component-final-c45c02cfcfba22369cf3d67e,6,3
component-final-c45c02cfcfba22369cf3d67e,7,3
component-final-c45c02cfcfba22369cf3d67e,8,3
component-final-c45c02cfcfba22369cf3d67e,9,3
component-final-c45c02cfcfba22369cf3d67e,10,4
component-final-ed296383b5dd723eb7f3f420,0,0
component-final-ed296383b5dd723eb7f3f420,1,1
component-final-ed296383b5dd723eb7f3f420,2,1
component-final-ed296383b5dd723eb7f3f420,3,1
component-final-ed296383b5dd723eb7f3f420,4,2
component-final-ed296383b5dd723eb7f3f420,5,3
component-final-ed296383b5dd723eb7f3f420,6,4
component-final-ed296383b5dd723eb7f3f420,7,5
component-final-ed296383b5dd723eb7f3f420,8,6
component-final-ed296383b5dd723eb7f3f420,9,7
component-final-ed296383b5dd723eb7f3f420,10,7
component-final-07cc974a8eb647f7ef56f64b,0,0
component-final-07cc974a8eb647f7ef56f64b,1,1
component-final-07cc974a8eb647f7ef56f64b,2,2
component-final-07cc974a8eb647f7ef56f64b,3,2
component-final-07cc974a8eb647f7ef56f64b,4,3
component-final-07cc974a8eb647f7ef56f64b,5,3
component-final-07cc974a8eb647f7ef56f64b,6,3
component-final-07cc974a8eb647f7ef56f64b,7,3
component-final-07cc974a8eb647f7ef56f64b,8,3
component-final-07cc974a8eb647f7ef56f64b,9,4
component-final-07cc974a8eb647f7ef56f64b,10,4
component-final-2abb7ae3833df1de1f7bb48d,0,0
component-final-2abb7ae3833df1de1f7bb48d,1,1
component-final-2abb7ae3833df1de1f7bb48d,2,2
component-final-2abb7ae3833df1de1f7bb48d,3,3
component-final-2abb7ae3833df1de1f7bb48d,4,3
component-final-2abb7ae3833df1de1f7bb48d,5,4
component-final-2abb7ae3833df1de1f7bb48d,6,4
component-final-2abb7ae3833df1de1f7bb48d,7,5
component-final-2abb7ae3833df1de1f7bb48d,8,5
component-final-2abb7ae3833df1de1f7bb48d,9,6
component-final-2abb7ae3833df1de1f7bb48d,10,7
component-final-e8cccbc76dfc4ee5f37008ee,0,0
component-final-e8cccbc76dfc4ee5f37008ee,1,0
component-final-e8cccbc76dfc4ee5f37008ee,2,0
component-final-e8cccbc76dfc4ee5f37008ee,3,0
component-final-e8cccbc76dfc4ee5f37008ee,4,0
component-final-e8cccbc76dfc4ee5f37008ee,5,0
component-final-e8cccbc76dfc4ee5f37008ee,6,0
component-final-e8cccbc76dfc4ee5f37008ee,7,0
component-final-e8cccbc76dfc4ee5f37008ee,8,0
component-final-e8cccbc76dfc4ee5f37008ee,9,0
component-final-e8cccbc76dfc4ee5f37008ee,10,0
component-final-eb142902a7e581f439dc417d,0,0
component-final-eb142902a7e581f439dc417d,1,0
component-final-eb142902a7e581f439dc417d,2,0
component-final-eb142902a7e581f439dc417d,3,0
component-final-eb142902a7e581f439dc417d,4,0
component-final-eb142902a7e581f439dc417d,5,0
component-final-eb142902a7e581f439dc417d,6,0
component-final-eb142902a7e581f439dc417d,7,0
component-final-eb142902a7e581f439dc417d,8,0
component-final-eb142902a7e581f439dc417d,9,0
component-final-eb142902a7e581f439dc417d,10,0
component-final-dbbc4fe94ffda40129be777d,0,0
component-final-dbbc4fe94ffda40129be777d,1,0
component-final-dbbc4fe94ffda40129be777d,2,0
component-final-dbbc4fe94ffda40129be777d,3,0
component-final-dbbc4fe94ffda40129be777d,4,0
component-final-dbbc4fe94ffda40129be777d,5,0
component-final-dbbc4fe94ffda40129be777d,6,0
component-final-dbbc4fe94ffda40129be777d,7,0
component-final-dbbc4fe94ffda40129be777d,8,0
component-final-dbbc4fe94ffda40129be777d,9,0
component-final-dbbc4fe94ffda40129be777d,10,0
component-final-dc0bd62a8e84b04d2e2475c8,0,0
component-final-dc0bd62a8e84b04d2e2475c8,1,0
component-final-dc0bd62a8e84b04d2e2475c8,2,0
component-final-dc0bd62a8e84b04d2e2475c8,3,0
component-final-dc0bd62a8e84b04d2e2475c8,4,0
component-final-dc0bd62a8e84b04d2e2475c8,5,0
component-final-dc0bd62a8e84b04d2e2475c8,6,0
component-final-dc0bd62a8e84b04d2e2475c8,7,0
component-final-dc0bd62a8e84b04d2e2475c8,8,0
component-final-dc0bd62a8e84b04d2e2475c8,9,0
component-final-dc0bd62a8e84b04d2e2475c8,10,0
component-final-785f324071cce087ef721e99,0,0
component-final-785f324071cce087ef721e99,1,0
component-final-785f324071cce087ef721e99,2,0
component-final-785f324071cce087ef721e99,3,0
component-final-785f324071cce087ef721e99,4,0
component-final-785f324071cce087ef721e99,5,0
component-final-785f324071cce087ef721e99,6,0
component-final-785f324071cce087ef721e99,7,0
component-final-785f324071cce087ef721e99,8,0
component-final-785f324071cce087ef721e99,9,0
component-final-785f324071cce087ef721e99,10,0
component-final-1a1fc0bd50b270ee4bbebe63,0,0
component-final-1a1fc0bd50b270ee4bbebe63,1,1
component-final-1a1fc0bd50b270ee4bbebe63,2,1
component-final-1a1fc0bd50b270ee4bbebe63,3,1
component-final-1a1fc0bd50b270ee4bbebe63,4,1
component-final-1a1fc0bd50b270ee4bbebe63,5,1
component-final-1a1fc0bd50b270ee4bbebe63,6,1
component-final-1a1fc0bd50b270ee4bbebe63,7,1
component-final-1a1fc0bd50b270ee4bbebe63,8,1
component-final-1a1fc0bd50b270ee4bbebe63,9,1
component-final-1a1fc0bd50b270ee4bbebe63,10,1
component-final-9dc48fcc464bbc2886d4233f,0,0
component-final-9dc48fcc464bbc2886d4233f,1,0
component-final-9dc48fcc464bbc2886d4233f,2,0
component-final-9dc48fcc464bbc2886d4233f,3,0
component-final-9dc48fcc464bbc2886d4233f,4,0
component-final-9dc48fcc464bbc2886d4233f,5,0
component-final-9dc48fcc464bbc2886d4233f,6,0
component-final-9dc48fcc464bbc2886d4233f,7,0
component-final-9dc48fcc464bbc2886d4233f,8,0
component-final-9dc48fcc464bbc2886d4233f,9,0
component-final-9dc48fcc464bbc2886d4233f,10,0
component-final-ab2d4f5f04753d4ad0edeb98,0,0
component-final-ab2d4f5f04753d4ad0edeb98,1,0
component-final-ab2d4f5f04753d4ad0edeb98,2,0
component-final-ab2d4f5f04753d4ad0edeb98,3,0
component-final-ab2d4f5f04753d4ad0edeb98,4,0
component-final-ab2d4f5f04753d4ad0edeb98,5,0
component-final-ab2d4f5f04753d4ad0edeb98,6,1
component-final-ab2d4f5f04753d4ad0edeb98,7,1
component-final-ab2d4f5f04753d4ad0edeb98,8,1
component-final-ab2d4f5f04753d4ad0edeb98,9,1
component-final-ab2d4f5f04753d4ad0edeb98,10,1
component-final-d6921af470f89295bf351d84,0,0
component-final-d6921af470f89295bf351d84,1,0
component-final-d6921af470f89295bf351d84,2,0
component-final-d6921af470f89295bf351d84,3,0
component-final-d6921af470f89295bf351d84,4,0
component-final-d6921af470f89295bf351d84,5,0
component-final-d6921af470f89295bf351d84,6,0
component-final-d6921af470f89295bf351d84,7,0
component-final-d6921af470f89295bf351d84,8,0
component-final-d6921af470f89295bf351d84,9,0
component-final-d6921af470f89295bf351d84,10,0
component-final-f30eec5b5faf8a224f9b0572,0,0
component-final-f30eec5b5faf8a224f9b0572,1,0
component-final-f30eec5b5faf8a224f9b0572,2,0
component-final-f30eec5b5faf8a224f9b0572,3,0
component-final-f30eec5b5faf8a224f9b0572,4,0
component-final-f30eec5b5faf8a224f9b0572,5,0
component-final-f30eec5b5faf8a224f9b0572,6,0
component-final-f30eec5b5faf8a224f9b0572,7,0
component-final-f30eec5b5faf8a224f9b0572,8,0
component-final-f30eec5b5faf8a224f9b0572,9,0
component-final-f30eec5b5faf8a224f9b0572,10,0
component-final-3ab5cc76b3a2658304176baf,0,0
component-final-3ab5cc76b3a2658304176baf,1,1
component-final-3ab5cc76b3a2658304176baf,2,2
component-final-3ab5cc76b3a2658304176baf,3,2
component-final-3ab5cc76b3a2658304176baf,4,2
component-final-3ab5cc76b3a2658304176baf,5,3
component-final-3ab5cc76b3a2658304176baf,6,4
component-final-3ab5cc76b3a2658304176baf,7,4
component-final-3ab5cc76b3a2658304176baf,8,4
component-final-3ab5cc76b3a2658304176baf,9,4
component-final-3ab5cc76b3a2658304176baf,10,4
component-final-cfde02d4a33f370d0cd1003a,0,0
component-final-cfde02d4a33f370d0cd1003a,1,0
component-final-cfde02d4a33f370d0cd1003a,2,0
component-final-cfde02d4a33f370d0cd1003a,3,0
component-final-cfde02d4a33f370d0cd1003a,4,0
component-final-cfde02d4a33f370d0cd1003a,5,0
component-final-cfde02d4a33f370d0cd1003a,6,0
component-final-cfde02d4a33f370d0cd1003a,7,0
component-final-cfde02d4a33f370d0cd1003a,8,0
component-final-cfde02d4a33f370d0cd1003a,9,0
component-final-cfde02d4a33f370d0cd1003a,10,0
component-final-2793ab9b2838375d7bc98b36,0,0
component-final-2793ab9b2838375d7bc98b36,1,0
component-final-2793ab9b2838375d7bc98b36,2,0
component-final-2793ab9b2838375d7bc98b36,3,0
component-final-2793ab9b2838375d7bc98b36,4,0
component-final-2793ab9b2838375d7bc98b36,5,0
component-final-2793ab9b2838375d7bc98b36,6,0
component-final-2793ab9b2838375d7bc98b36,7,0
component-final-2793ab9b2838375d7bc98b36,8,0
component-final-2793ab9b2838375d7bc98b36,9,0
component-final-2793ab9b2838375d7bc98b36,10,0
component-final-c85ffa1e56259a2c725668bc,0,0
component-final-c85ffa1e56259a2c725668bc,1,0
component-final-c85ffa1e56259a2c725668bc,2,0
component-final-c85ffa1e56259a2c725668bc,3,0
component-final-c85ffa1e56259a2c725668bc,4,0
component-final-c85ffa1e56259a2c725668bc,5,0
component-final-c85ffa1e56259a2c725668bc,6,0
component-final-c85ffa1e56259a2c725668bc,7,0
component-final-c85ffa1e56259a2c725668bc,8,0
component-final-c85ffa1e56259a2c725668bc,9,0
component-final-c85ffa1e56259a2c725668bc,10,0
component-final-55ed40fcb7fa3a4f0cb4bc70,0,0
component-final-55ed40fcb7fa3a4f0cb4bc70,1,0
component-final-55ed40fcb7fa3a4f0cb4bc70,2,0
component-final-55ed40fcb7fa3a4f0cb4bc70,3,0
component-final-55ed40fcb7fa3a4f0cb4bc70,4,0
component-final-55ed40fcb7fa3a4f0cb4bc70,5,0
component-final-55ed40fcb7fa3a4f0cb4bc70,6,0
component-final-55ed40fcb7fa3a4f0cb4bc70,7,0
component-final-55ed40fcb7fa3a4f0cb4bc70,8,0
component-final-55ed40fcb7fa3a4f0cb4bc70,9,0
component-final-55ed40fcb7fa3a4f0cb4bc70,10,0
component-final-1eae929576d68dba87c12e0a,0,0
component-final-1eae929576d68dba87c12e0a,1,0
component-final-1eae929576d68dba87c12e0a,2,0
component-final-1eae929576d68dba87c12e0a,3,0
component-final-1eae929576d68dba87c12e0a,4,0
component-final-1eae929576d68dba87c12e0a,5,0
component-final-1eae929576d68dba87c12e0a,6,0
component-final-1eae929576d68dba87c12e0a,7,0
component-final-1eae929576d68dba87c12e0a,8,0
component-final-1eae929576d68dba87c12e0a,9,0
component-final-1eae929576d68dba87c12e0a,10,0
component-final-7dd11a6b381f133a04ee56b8,0,0
component-final-7dd11a6b381f133a04ee56b8,1,0
component-final-7dd11a6b381f133a04ee56b8,2,0
component-final-7dd11a6b381f133a04ee56b8,3,0
component-final-7dd11a6b381f133a04ee56b8,4,0
component-final-7dd11a6b381f133a04ee56b8,5,0
component-final-7dd11a6b381f133a04ee56b8,6,0
component-final-7dd11a6b381f133a04ee56b8,7,0
component-final-7dd11a6b381f133a04ee56b8,8,1
component-final-7dd11a6b381f133a04ee56b8,9,1
component-final-7dd11a6b381f133a04ee56b8,10,1
component-final-a375973d8c1846341bcde9f7,0,0
component-final-a375973d8c1846341bcde9f7,1,0
component-final-a375973d8c1846341bcde9f7,2,0
component-final-a375973d8c1846341bcde9f7,3,0
component-final-a375973d8c1846341bcde9f7,4,0
component-final-a375973d8c1846341bcde9f7,5,0
component-final-a375973d8c1846341bcde9f7,6,0
component-final-a375973d8c1846341bcde9f7,7,0
component-final-a375973d8c1846341bcde9f7,8,0
component-final-a375973d8c1846341bcde9f7,9,0
component-final-a375973d8c1846341bcde9f7,10,0
component-final-2be2f768e7f5eb049fd06746,0,0
component-final-2be2f768e7f5eb049fd06746,1,0
component-final-2be2f768e7f5eb049fd06746,2,0
component-final-2be2f768e7f5eb049fd06746,3,0
component-final-2be2f768e7f5eb049fd06746,4,0
component-final-2be2f768e7f5eb049fd06746,5,0
component-final-2be2f768e7f5eb049fd06746,6,0
component-final-2be2f768e7f5eb049fd06746,7,0
component-final-2be2f768e7f5eb049fd06746,8,0
component-final-2be2f768e7f5eb049fd06746,9,0
component-final-2be2f768e7f5eb049fd06746,10,0
component-final-8a19c13373fd3c674ccce939,0,0
component-final-8a19c13373fd3c674ccce939,1,0
component-final-8a19c13373fd3c674ccce939,2,0
component-final-8a19c13373fd3c674ccce939,3,0
component-final-8a19c13373fd3c674ccce939,4,0
component-final-8a19c13373fd3c674ccce939,5,0
component-final-8a19c13373fd3c674ccce939,6,0
component-final-8a19c13373fd3c674ccce939,7,0
component-final-8a19c13373fd3c674ccce939,8,0
component-final-8a19c13373fd3c674ccce939,9,0
component-final-8a19c13373fd3c674ccce939,10,1
component-final-f6214638a1db79afbf27a3fb,0,0
component-final-f6214638a1db79afbf27a3fb,1,0
component-final-f6214638a1db79afbf27a3fb,2,0
component-final-f6214638a1db79afbf27a3fb,3,0
component-final-f6214638a1db79afbf27a3fb,4,0
component-final-f6214638a1db79afbf27a3fb,5,0
component-final-f6214638a1db79afbf27a3fb,6,0
component-final-f6214638a1db79afbf27a3fb,7,0
component-final-f6214638a1db79afbf27a3fb,8,0
component-final-f6214638a1db79afbf27a3fb,9,0
component-final-f6214638a1db79afbf27a3fb,10,0
component-final-f6214638a1db79afbf27a3fb,11,0
component-final-f6214638a1db79afbf27a3fb,12,1
component-final-f6214638a1db79afbf27a3fb,13,2
component-final-f6214638a1db79afbf27a3fb,14,3
component-final-f6214638a1db79afbf27a3fb,15,3
component-final-f6214638a1db79afbf27a3fb,16,3
component-final-f6214638a1db79afbf27a3fb,17,3
component-final-f6214638a1db79afbf27a3fb,18,3
component-final-f6214638a1db79afbf27a3fb,19,3
component-final-f6214638a1db79afbf27a3fb,20,3
component-final-f6214638a1db79afbf27a3fb,21,3
component-final-f6214638a1db79afbf27a3fb,22,3
component-final-f6214638a1db79afbf27a3fb,23,3
component-final-f6214638a1db79afbf27a3fb,24,3
component-final-f6214638a1db79afbf27a3fb,25,3
component-final-f6214638a1db79afbf27a3fb,26,3
component-final-f6214638a1db79afbf27a3fb,27,3
component-final-f6214638a1db79afbf27a3fb,28,3
component-final-f6214638a1db79afbf27a3fb,29,3
component-final-f6214638a1db79afbf27a3fb,30,3
component-final-4392e4c7d19e6976b5ab21fd,0,0
component-final-4392e4c7d19e6976b5ab21fd,1,1
component-final-4392e4c7d19e6976b5ab21fd,2,1
component-final-4392e4c7d19e6976b5ab21fd,3,1
component-final-4392e4c7d19e6976b5ab21fd,4,1
component-final-4392e4c7d19e6976b5ab21fd,5,1
component-final-4392e4c7d19e6976b5ab21fd,6,1
component-final-4392e4c7d19e6976b5ab21fd,7,1
component-final-4392e4c7d19e6976b5ab21fd,8,2
component-final-4392e4c7d19e6976b5ab21fd,9,2
component-final-4392e4c7d19e6976b5ab21fd,10,2
component-final-4392e4c7d19e6976b5ab21fd,11,2
component-final-4392e4c7d19e6976b5ab21fd,12,3
component-final-4392e4c7d19e6976b5ab21fd,13,3
component-final-4392e4c7d19e6976b5ab21fd,14,3
component-final-4392e4c7d19e6976b5ab21fd,15,3
component-final-4392e4c7d19e6976b5ab21fd,16,3
component-final-4392e4c7d19e6976b5ab21fd,17,3
component-final-4392e4c7d19e6976b5ab21fd,18,3
component-final-4392e4c7d19e6976b5ab21fd,19,3
component-final-4392e4c7d19e6976b5ab21fd,20,4
component-final-4392e4c7d19e6976b5ab21fd,21,4
component-final-4392e4c7d19e6976b5ab21fd,22,4
component-final-4392e4c7d19e6976b5ab21fd,23,4
component-final-4392e4c7d19e6976b5ab21fd,24,4
component-final-4392e4c7d19e6976b5ab21fd,25,4
component-final-4392e4c7d19e6976b5ab21fd,26,5
component-final-4392e4c7d19e6976b5ab21fd,27,5
component-final-4392e4c7d19e6976b5ab21fd,28,6
component-final-4392e4c7d19e6976b5ab21fd,29,6
component-final-4392e4c7d19e6976b5ab21fd,30,6
component-final-1f8944d244c591a5133c83a5,0,0
component-final-1f8944d244c591a5133c83a5,1,0
component-final-1f8944d244c591a5133c83a5,2,0
component-final-1f8944d244c591a5133c83a5,3,1
component-final-1f8944d244c591a5133c83a5,4,1
component-final-1f8944d244c591a5133c83a5,5,1
component-final-1f8944d244c591a5133c83a5,6,1
component-final-1f8944d244c591a5133c83a5,7,1
component-final-1f8944d244c591a5133c83a5,8,1
component-final-1f8944d244c591a5133c83a5,9,1
component-final-1f8944d244c591a5133c83a5,10,1
component-final-1f8944d244c591a5133c83a5,11,1
component-final-1f8944d244c591a5133c83a5,12,1
component-final-1f8944d244c591a5133c83a5,13,1
component-final-1f8944d244c591a5133c83a5,14,1
component-final-1f8944d244c591a5133c83a5,15,1
component-final-1f8944d244c591a5133c83a5,16,1
component-final-1f8944d244c591a5133c83a5,17,1
component-final-1f8944d244c591a5133c83a5,18,1
component-final-1f8944d244c591a5133c83a5,19,1
component-final-1f8944d244c591a5133c83a5,20,1
component-final-1f8944d244c591a5133c83a5,21,2
component-final-1f8944d244c591a5133c83a5,22,3
component-final-1f8944d244c591a5133c83a5,23,4
component-final-1f8944d244c591a5133c83a5,24,5
component-final-1f8944d244c591a5133c83a5,25,5
component-final-1f8944d244c591a5133c83a5,26,5
component-final-1f8944d244c591a5133c83a5,27,5
component-final-1f8944d244c591a5133c83a5,28,5
component-final-1f8944d244c591a5133c83a5,29,6
component-final-1f8944d244c591a5133c83a5,30,6
component-final-34bf68933a7067cf956984ad,0,0
component-final-34bf68933a7067cf956984ad,1,0
component-final-34bf68933a7067cf956984ad,2,0
component-final-34bf68933a7067cf956984ad,3,0
component-final-34bf68933a7067cf956984ad,4,0
component-final-34bf68933a7067cf956984ad,5,0
component-final-34bf68933a7067cf956984ad,6,0
component-final-34bf68933a7067cf956984ad,7,0
component-final-34bf68933a7067cf956984ad,8,0
component-final-34bf68933a7067cf956984ad,9,0
component-final-34bf68933a7067cf956984ad,10,0
component-final-34bf68933a7067cf956984ad,11,0
component-final-34bf68933a7067cf956984ad,12,0
component-final-34bf68933a7067cf956984ad,13,0
component-final-34bf68933a7067cf956984ad,14,0
component-final-34bf68933a7067cf956984ad,15,0
component-final-34bf68933a7067cf956984ad,16,0
component-final-34bf68933a7067cf956984ad,17,0
component-final-34bf68933a7067cf956984ad,18,0
component-final-34bf68933a7067cf956984ad,19,0
component-final-34bf68933a7067cf956984ad,20,0
component-final-34bf68933a7067cf956984ad,21,0
component-final-34bf68933a7067cf956984ad,22,0
component-final-34bf68933a7067cf956984ad,23,0
component-final-34bf68933a7067cf956984ad,24,0
component-final-34bf68933a7067cf956984ad,25,0
component-final-34bf68933a7067cf956984ad,26,0
component-final-34bf68933a7067cf956984ad,27,1
component-final-34bf68933a7067cf956984ad,28,1
component-final-34bf68933a7067cf956984ad,29,1
component-final-34bf68933a7067cf956984ad,30,1
component-final-f37178b87de48778df92afc2,0,0
component-final-f37178b87de48778df92afc2,1,0
component-final-f37178b87de48778df92afc2,2,0
component-final-f37178b87de48778df92afc2,3,0
component-final-f37178b87de48778df92afc2,4,0
component-final-f37178b87de48778df92afc2,5,0
component-final-f37178b87de48778df92afc2,6,0
component-final-f37178b87de48778df92afc2,7,0
component-final-f37178b87de48778df92afc2,8,0
component-final-f37178b87de48778df92afc2,9,0
component-final-f37178b87de48778df92afc2,10,0
component-final-f37178b87de48778df92afc2,11,0
component-final-f37178b87de48778df92afc2,12,0
component-final-f37178b87de48778df92afc2,13,0
component-final-f37178b87de48778df92afc2,14,0
component-final-f37178b87de48778df92afc2,15,0
component-final-f37178b87de48778df92afc2,16,0
component-final-f37178b87de48778df92afc2,17,0
component-final-f37178b87de48778df92afc2,18,0
component-final-f37178b87de48778df92afc2,19,0
component-final-f37178b87de48778df92afc2,20,0
component-final-f37178b87de48778df92afc2,21,0
component-final-f37178b87de48778df92afc2,22,0
component-final-f37178b87de48778df92afc2,23,0
component-final-f37178b87de48778df92afc2,24,0
component-final-f37178b87de48778df92afc2,25,0
component-final-f37178b87de48778df92afc2,26,0
component-final-f37178b87de48778df92afc2,27,0
component-final-f37178b87de48778df92afc2,28,0
component-final-f37178b87de48778df92afc2,29,0
component-final-f37178b87de48778df92afc2,30,0
component-final-df7cf57acdcd570fc0508301,0,0
component-final-df7cf57acdcd570fc0508301,1,0
component-final-df7cf57acdcd570fc0508301,2,0
component-final-df7cf57acdcd570fc0508301,3,1
component-final-df7cf57acdcd570fc0508301,4,1
component-final-df7cf57acdcd570fc0508301,5,1
component-final-df7cf57acdcd570fc0508301,6,2
component-final-df7cf57acdcd570fc0508301,7,2
component-final-df7cf57acdcd570fc0508301,8,2
component-final-df7cf57acdcd570fc0508301,9,2
component-final-df7cf57acdcd570fc0508301,10,2
component-final-df7cf57acdcd570fc0508301,11,2
component-final-df7cf57acdcd570fc0508301,12,2
component-final-df7cf57acdcd570fc0508301,13,2
component-final-df7cf57acdcd570fc0508301,14,2
component-final-df7cf57acdcd570fc0508301,15,2
component-final-df7cf57acdcd570fc0508301,16,2
component-final-df7cf57acdcd570fc0508301,17,2
component-final-df7cf57acdcd570fc0508301,18,2
component-final-df7cf57acdcd570fc0508301,19,2
component-final-df7cf57acdcd570fc0508301,20,3
component-final-df7cf57acdcd570fc0508301,21,3
component-final-df7cf57acdcd570fc0508301,22,3
component-final-df7cf57acdcd570fc0508301,23,3
component-final-df7cf57acdcd570fc0508301,24,3
component-final-df7cf57acdcd570fc0508301,25,3
component-final-df7cf57acdcd570fc0508301,26,3
component-final-df7cf57acdcd570fc0508301,27,4
component-final-df7cf57acdcd570fc0508301,28,4
component-final-df7cf57acdcd570fc0508301,29,4
component-final-df7cf57acdcd570fc0508301,30,5
component-final-8874f137852209bfcd37fe44,0,0
component-final-8874f137852209bfcd37fe44,1,1
component-final-8874f137852209bfcd37fe44,2,1
component-final-8874f137852209bfcd37fe44,3,1
component-final-8874f137852209bfcd37fe44,4,2
component-final-8874f137852209bfcd37fe44,5,2
component-final-8874f137852209bfcd37fe44,6,2
component-final-8874f137852209bfcd37fe44,7,2
component-final-8874f137852209bfcd37fe44,8,2
component-final-8874f137852209bfcd37fe44,9,2
component-final-8874f137852209bfcd37fe44,10,2
component-final-8874f137852209bfcd37fe44,11,2
component-final-8874f137852209bfcd37fe44,12,2
component-final-8874f137852209bfcd37fe44,13,2
component-final-8874f137852209bfcd37fe44,14,2
component-final-8874f137852209bfcd37fe44,15,2
component-final-8874f137852209bfcd37fe44,16,2
component-final-8874f137852209bfcd37fe44,17,2
component-final-8874f137852209bfcd37fe44,18,2
component-final-8874f137852209bfcd37fe44,19,3
component-final-8874f137852209bfcd37fe44,20,3
component-final-8874f137852209bfcd37fe44,21,3
component-final-8874f137852209bfcd37fe44,22,3
component-final-8874f137852209bfcd37fe44,23,3
component-final-8874f137852209bfcd37fe44,24,3
component-final-8874f137852209bfcd37fe44,25,3
component-final-8874f137852209bfcd37fe44,26,3
component-final-8874f137852209bfcd37fe44,27,3
component-final-8874f137852209bfcd37fe44,28,3
component-final-8874f137852209bfcd37fe44,29,4
component-final-8874f137852209bfcd37fe44,30,4
component-final-ad8ca5c5d760ec7d9a460f8d,0,0
component-final-ad8ca5c5d760ec7d9a460f8d,1,0
component-final-ad8ca5c5d760ec7d9a460f8d,2,1
component-final-ad8ca5c5d760ec7d9a460f8d,3,1
component-final-ad8ca5c5d760ec7d9a460f8d,4,1
component-final-ad8ca5c5d760ec7d9a460f8d,5,1
component-final-ad8ca5c5d760ec7d9a460f8d,6,1
component-final-ad8ca5c5d760ec7d9a460f8d,7,1
component-final-ad8ca5c5d760ec7d9a460f8d,8,1
component-final-ad8ca5c5d760ec7d9a460f8d,9,1
component-final-ad8ca5c5d760ec7d9a460f8d,10,1
component-final-ad8ca5c5d760ec7d9a460f8d,11,1
component-final-ad8ca5c5d760ec7d9a460f8d,12,1
component-final-ad8ca5c5d760ec7d9a460f8d,13,1
component-final-ad8ca5c5d760ec7d9a460f8d,14,1
component-final-ad8ca5c5d760ec7d9a460f8d,15,1
component-final-ad8ca5c5d760ec7d9a460f8d,16,1
component-final-ad8ca5c5d760ec7d9a460f8d,17,1
component-final-ad8ca5c5d760ec7d9a460f8d,18,1
component-final-ad8ca5c5d760ec7d9a460f8d,19,1
component-final-ad8ca5c5d760ec7d9a460f8d,20,1
component-final-ad8ca5c5d760ec7d9a460f8d,21,1
component-final-ad8ca5c5d760ec7d9a460f8d,22,1
component-final-ad8ca5c5d760ec7d9a460f8d,23,1
component-final-ad8ca5c5d760ec7d9a460f8d,24,1
component-final-ad8ca5c5d760ec7d9a460f8d,25,1
component-final-ad8ca5c5d760ec7d9a460f8d,26,1
component-final-ad8ca5c5d760ec7d9a460f8d,27,1
component-final-ad8ca5c5d760ec7d9a460f8d,28,2
component-final-ad8ca5c5d760ec7d9a460f8d,29,2
component-final-ad8ca5c5d760ec7d9a460f8d,30,2
component-final-d1d7ac8e00a77426956b541c,0,0
component-final-d1d7ac8e00a77426956b541c,1,0
component-final-d1d7ac8e00a77426956b541c,2,0
component-final-d1d7ac8e00a77426956b541c,3,0
component-final-d1d7ac8e00a77426956b541c,4,0
component-final-d1d7ac8e00a77426956b541c,5,0
component-final-d1d7ac8e00a77426956b541c,6,0
component-final-d1d7ac8e00a77426956b541c,7,0
component-final-d1d7ac8e00a77426956b541c,8,0
component-final-d1d7ac8e00a77426956b541c,9,0
component-final-d1d7ac8e00a77426956b541c,10,0
component-final-d1d7ac8e00a77426956b541c,11,0
component-final-d1d7ac8e00a77426956b541c,12,0
component-final-d1d7ac8e00a77426956b541c,13,0
component-final-d1d7ac8e00a77426956b541c,14,0
component-final-d1d7ac8e00a77426956b541c,15,0
component-final-d1d7ac8e00a77426956b541c,16,0
component-final-d1d7ac8e00a77426956b541c,17,0
component-final-d1d7ac8e00a77426956b541c,18,0
component-final-d1d7ac8e00a77426956b541c,19,0
component-final-d1d7ac8e00a77426956b541c,20,0
component-final-d1d7ac8e00a77426956b541c,21,0
component-final-d1d7ac8e00a77426956b541c,22,0
component-final-d1d7ac8e00a77426956b541c,23,0
component-final-d1d7ac8e00a77426956b541c,24,0
component-final-d1d7ac8e00a77426956b541c,25,0
component-final-d1d7ac8e00a77426956b541c,26,0
component-final-d1d7ac8e00a77426956b541c,27,0
component-final-d1d7ac8e00a77426956b541c,28,0
component-final-d1d7ac8e00a77426956b541c,29,0
component-final-d1d7ac8e00a77426956b541c,30,0
component-final-80124dcba1ab56c7a729e83a,0,0
component-final-80124dcba1ab56c7a729e83a,1,0
component-final-80124dcba1ab56c7a729e83a,2,0
component-final-80124dcba1ab56c7a729e83a,3,0
component-final-80124dcba1ab56c7a729e83a,4,0
component-final-80124dcba1ab56c7a729e83a,5,0
component-final-80124dcba1ab56c7a729e83a,6,0
component-final-80124dcba1ab56c7a729e83a,7,0
component-final-80124dcba1ab56c7a729e83a,8,0
component-final-80124dcba1ab56c7a729e83a,9,0
component-final-80124dcba1ab56c7a729e83a,10,0
component-final-80124dcba1ab56c7a729e83a,11,0
component-final-80124dcba1ab56c7a729e83a,12,0
component-final-80124dcba1ab56c7a729e83a,13,0
component-final-80124dcba1ab56c7a729e83a,14,0
component-final-80124dcba1ab56c7a729e83a,15,0
component-final-80124dcba1ab56c7a729e83a,16,0
component-final-80124dcba1ab56c7a729e83a,17,0
component-final-80124dcba1ab56c7a729e83a,18,0
component-final-80124dcba1ab56c7a729e83a,19,0
component-final-80124dcba1ab56c7a729e83a,20,0
component-final-80124dcba1ab56c7a729e83a,21,0
component-final-80124dcba1ab56c7a729e83a,22,0
component-final-80124dcba1ab56c7a729e83a,23,0
component-final-80124dcba1ab56c7a729e83a,24,0
component-final-80124dcba1ab56c7a729e83a,25,0
component-final-80124dcba1ab56c7a729e83a,26,0
component-final-80124dcba1ab56c7a729e83a,27,0
component-final-80124dcba1ab56c7a729e83a,28,0
component-final-80124dcba1ab56c7a729e83a,29,0
component-final-80124dcba1ab56c7a729e83a,30,0
component-final-557bfb42e23b3bc5b47f831e,0,0
component-final-557bfb42e23b3bc5b47f831e,1,0
component-final-557bfb42e23b3bc5b47f831e,2,0
component-final-557bfb42e23b3bc5b47f831e,3,0
component-final-557bfb42e23b3bc5b47f831e,4,0
component-final-557bfb42e23b3bc5b47f831e,5,0
component-final-557bfb42e23b3bc5b47f831e,6,0
component-final-557bfb42e23b3bc5b47f831e,7,0
component-final-557bfb42e23b3bc5b47f831e,8,0
component-final-557bfb42e23b3bc5b47f831e,9,0
component-final-557bfb42e23b3bc5b47f831e,10,0
component-final-557bfb42e23b3bc5b47f831e,11,0
component-final-557bfb42e23b3bc5b47f831e,12,0
component-final-557bfb42e23b3bc5b47f831e,13,0
component-final-557bfb42e23b3bc5b47f831e,14,0
component-final-557bfb42e23b3bc5b47f831e,15,0
component-final-557bfb42e23b3bc5b47f831e,16,0
component-final-557bfb42e23b3bc5b47f831e,17,0
component-final-557bfb42e23b3bc5b47f831e,18,0
component-final-557bfb42e23b3bc5b47f831e,19,0
component-final-557bfb42e23b3bc5b47f831e,20,0
component-final-557bfb42e23b3bc5b47f831e,21,0
component-final-557bfb42e23b3bc5b47f831e,22,0
component-final-557bfb42e23b3bc5b47f831e,23,0
component-final-557bfb42e23b3bc5b47f831e,24,0
component-final-557bfb42e23b3bc5b47f831e,25,0
component-final-557bfb42e23b3bc5b47f831e,26,0
component-final-557bfb42e23b3bc5b47f831e,27,0
component-final-557bfb42e23b3bc5b47f831e,28,0
component-final-557bfb42e23b3bc5b47f831e,29,0
component-final-557bfb42e23b3bc5b47f831e,30,0
component-final-73bed6e410117ef9f0c2e847,0,0
component-final-73bed6e410117ef9f0c2e847,1,1
component-final-73bed6e410117ef9f0c2e847,2,1
component-final-73bed6e410117ef9f0c2e847,3,2
component-final-73bed6e410117ef9f0c2e847,4,3
component-final-73bed6e410117ef9f0c2e847,5,4
component-final-73bed6e410117ef9f0c2e847,6,5
component-final-73bed6e410117ef9f0c2e847,7,5
component-final-73bed6e410117ef9f0c2e847,8,5
component-final-73bed6e410117ef9f0c2e847,9,5
component-final-73bed6e410117ef9f0c2e847,10,5
component-final-73bed6e410117ef9f0c2e847,11,5
component-final-73bed6e410117ef9f0c2e847,12,5
component-final-73bed6e410117ef9f0c2e847,13,5
component-final-73bed6e410117ef9f0c2e847,14,5
component-final-73bed6e410117ef9f0c2e847,15,5
component-final-73bed6e410117ef9f0c2e847,16,6
component-final-73bed6e410117ef9f0c2e847,17,6
component-final-73bed6e410117ef9f0c2e847,18,6
component-final-73bed6e410117ef9f0c2e847,19,7
component-final-73bed6e410117ef9f0c2e847,20,7
component-final-73bed6e410117ef9f0c2e847,21,7
component-final-73bed6e410117ef9f0c2e847,22,7
component-final-73bed6e410117ef9f0c2e847,23,7
component-final-73bed6e410117ef9f0c2e847,24,7
component-final-73bed6e410117ef9f0c2e847,25,7
component-final-73bed6e410117ef9f0c2e847,26,8
component-final-73bed6e410117ef9f0c2e847,27,9
component-final-73bed6e410117ef9f0c2e847,28,9
component-final-73bed6e410117ef9f0c2e847,29,9
component-final-73bed6e410117ef9f0c2e847,30,9
component-final-372be738f4dd33b2e53977d6,0,0
component-final-372be738f4dd33b2e53977d6,1,0
component-final-372be738f4dd33b2e53977d6,2,0
component-final-372be738f4dd33b2e53977d6,3,1
component-final-372be738f4dd33b2e53977d6,4,2
component-final-372be738f4dd33b2e53977d6,5,2
component-final-372be738f4dd33b2e53977d6,6,2
component-final-372be738f4dd33b2e53977d6,7,3
component-final-372be738f4dd33b2e53977d6,8,4
component-final-372be738f4dd33b2e53977d6,9,4
component-final-372be738f4dd33b2e53977d6,10,4
component-final-372be738f4dd33b2e53977d6,11,4
component-final-372be738f4dd33b2e53977d6,12,4
component-final-372be738f4dd33b2e53977d6,13,4
component-final-372be738f4dd33b2e53977d6,14,4
component-final-372be738f4dd33b2e53977d6,15,4
component-final-372be738f4dd33b2e53977d6,16,4
component-final-372be738f4dd33b2e53977d6,17,4
component-final-372be738f4dd33b2e53977d6,18,4
component-final-372be738f4dd33b2e53977d6,19,4
component-final-372be738f4dd33b2e53977d6,20,4
component-final-372be738f4dd33b2e53977d6,21,4
component-final-372be738f4dd33b2e53977d6,22,4
component-final-372be738f4dd33b2e53977d6,23,4
component-final-372be738f4dd33b2e53977d6,24,5
component-final-372be738f4dd33b2e53977d6,25,5
component-final-372be738f4dd33b2e53977d6,26,5
component-final-372be738f4dd33b2e53977d6,27,5
component-final-372be738f4dd33b2e53977d6,28,6
component-final-372be738f4dd33b2e53977d6,29,7
component-final-372be738f4dd33b2e53977d6,30,7
support-final-ccd9a242b4945d6cfcdb68dc,0,0
support-final-ccd9a242b4945d6cfcdb68dc,1,0
support-final-ccd9a242b4945d6cfcdb68dc,2,0
support-final-ccd9a242b4945d6cfcdb68dc,3,0
support-final-ccd9a242b4945d6cfcdb68dc,4,0
support-final-ccd9a242b4945d6cfcdb68dc,5,0
support-final-ccd9a242b4945d6cfcdb68dc,6,0
support-final-ccd9a242b4945d6cfcdb68dc,7,0
support-final-ccd9a242b4945d6cfcdb68dc,8,0
support-final-ccd9a242b4945d6cfcdb68dc,9,0
support-final-ccd9a242b4945d6cfcdb68dc,10,0
support-final-50481d7de104501120b84fb5,0,0
support-final-50481d7de104501120b84fb5,1,1
support-final-50481d7de104501120b84fb5,2,2
support-final-50481d7de104501120b84fb5,3,3
support-final-50481d7de104501120b84fb5,4,3
support-final-50481d7de104501120b84fb5,5,4
support-final-50481d7de104501120b84fb5,6,5
support-final-50481d7de104501120b84fb5,7,5
support-final-50481d7de104501120b84fb5,8,5
support-final-50481d7de104501120b84fb5,9,5
support-final-50481d7de104501120b84fb5,10,5
support-final-38ae55456a55c01858bdaca6,0,0
support-final-38ae55456a55c01858bdaca6,1,0
support-final-38ae55456a55c01858bdaca6,2,0
support-final-38ae55456a55c01858bdaca6,3,0
support-final-38ae55456a55c01858bdaca6,4,0
support-final-38ae55456a55c01858bdaca6,5,1
support-final-38ae55456a55c01858bdaca6,6,2
support-final-38ae55456a55c01858bdaca6,7,2
support-final-38ae55456a55c01858bdaca6,8,3
support-final-38ae55456a55c01858bdaca6,9,3
support-final-38ae55456a55c01858bdaca6,10,3
support-final-5eccea7f5a24da2f5b31b4ab,0,0
support-final-5eccea7f5a24da2f5b31b4ab,1,0
support-final-5eccea7f5a24da2f5b31b4ab,2,0
support-final-5eccea7f5a24da2f5b31b4ab,3,1
support-final-5eccea7f5a24da2f5b31b4ab,4,1
support-final-5eccea7f5a24da2f5b31b4ab,5,1
support-final-5eccea7f5a24da2f5b31b4ab,6,1
support-final-5eccea7f5a24da2f5b31b4ab,7,1
support-final-5eccea7f5a24da2f5b31b4ab,8,1
support-final-5eccea7f5a24da2f5b31b4ab,9,1
support-final-5eccea7f5a24da2f5b31b4ab,10,2
support-final-fbf58f289d7058d1b56ff33f,0,0
support-final-fbf58f289d7058d1b56ff33f,1,0
support-final-fbf58f289d7058d1b56ff33f,2,0
support-final-fbf58f289d7058d1b56ff33f,3,0
support-final-fbf58f289d7058d1b56ff33f,4,0
support-final-fbf58f289d7058d1b56ff33f,5,0
support-final-fbf58f289d7058d1b56ff33f,6,0
support-final-fbf58f289d7058d1b56ff33f,7,0
support-final-fbf58f289d7058d1b56ff33f,8,0
support-final-fbf58f289d7058d1b56ff33f,9,0
support-final-fbf58f289d7058d1b56ff33f,10,0
support-final-5afa3ed6bdf12d1fd1bdd1d2,0,0
support-final-5afa3ed6bdf12d1fd1bdd1d2,1,0
support-final-5afa3ed6bdf12d1fd1bdd1d2,2,0
support-final-5afa3ed6bdf12d1fd1bdd1d2,3,0
support-final-5afa3ed6bdf12d1fd1bdd1d2,4,0
support-final-5afa3ed6bdf12d1fd1bdd1d2,5,0
support-final-5afa3ed6bdf12d1fd1bdd1d2,6,0
support-final-5afa3ed6bdf12d1fd1bdd1d2,7,0
support-final-5afa3ed6bdf12d1fd1bdd1d2,8,0
support-final-5afa3ed6bdf12d1fd1bdd1d2,9,0
support-final-5afa3ed6bdf12d1fd1bdd1d2,10,0
support-final-734638a13232cf33fc56501c,0,0
support-final-734638a13232cf33fc56501c,1,1
support-final-734638a13232cf33fc56501c,2,2
support-final-734638a13232cf33fc56501c,3,3
support-final-734638a13232cf33fc56501c,4,3
support-final-734638a13232cf33fc56501c,5,3
support-final-734638a13232cf33fc56501c,6,4
support-final-734638a13232cf33fc56501c,7,5
support-final-734638a13232cf33fc56501c,8,6
support-final-734638a13232cf33fc56501c,9,6
support-final-734638a13232cf33fc56501c,10,6
support-final-65994611b3b615e30901469d,0,0
support-final-65994611b3b615e30901469d,1,1
support-final-65994611b3b615e30901469d,2,1
support-final-65994611b3b615e30901469d,3,1
support-final-65994611b3b615e30901469d,4,2
support-final-65994611b3b615e30901469d,5,3
support-final-65994611b3b615e30901469d,6,3
support-final-65994611b3b615e30901469d,7,3
support-final-65994611b3b615e30901469d,8,3
support-final-65994611b3b615e30901469d,9,3
support-final-65994611b3b615e30901469d,10,3
support-final-8f64ca7a761847f2f585eaf7,0,0
support-final-8f64ca7a761847f2f585eaf7,1,1
support-final-8f64ca7a761847f2f585eaf7,2,1
support-final-8f64ca7a761847f2f585eaf7,3,2
support-final-8f64ca7a761847f2f585eaf7,4,3
support-final-8f64ca7a761847f2f585eaf7,5,3
support-final-8f64ca7a761847f2f585eaf7,6,3
support-final-8f64ca7a761847f2f585eaf7,7,4
support-final-8f64ca7a761847f2f585eaf7,8,4
support-final-8f64ca7a761847f2f585eaf7,9,5
support-final-8f64ca7a761847f2f585eaf7,10,5
support-final-690f157b17e644365b568a77,0,0
support-final-690f157b17e644365b568a77,1,1
support-final-690f157b17e644365b568a77,2,2
support-final-690f157b17e644365b568a77,3,3
support-final-690f157b17e644365b568a77,4,4
support-final-690f157b17e644365b568a77,5,5
support-final-690f157b17e644365b568a77,6,6
support-final-690f157b17e644365b568a77,7,7
support-final-690f157b17e644365b568a77,8,8
support-final-690f157b17e644365b568a77,9,9
support-final-690f157b17e644365b568a77,10,10
support-final-c421d416e4380380b8401e1a,0,0
support-final-c421d416e4380380b8401e1a,1,0
support-final-c421d416e4380380b8401e1a,2,0
support-final-c421d416e4380380b8401e1a,3,0
support-final-c421d416e4380380b8401e1a,4,0
support-final-c421d416e4380380b8401e1a,5,0
support-final-c421d416e4380380b8401e1a,6,0
support-final-c421d416e4380380b8401e1a,7,0
support-final-c421d416e4380380b8401e1a,8,0
support-final-c421d416e4380380b8401e1a,9,0
support-final-c421d416e4380380b8401e1a,10,0
support-final-f4fb0bc5660e5cbea5ab19fe,0,0
support-final-f4fb0bc5660e5cbea5ab19fe,1,0
support-final-f4fb0bc5660e5cbea5ab19fe,2,0
support-final-f4fb0bc5660e5cbea5ab19fe,3,0
support-final-f4fb0bc5660e5cbea5ab19fe,4,0
support-final-f4fb0bc5660e5cbea5ab19fe,5,1
support-final-f4fb0bc5660e5cbea5ab19fe,6,1
support-final-f4fb0bc5660e5cbea5ab19fe,7,1
support-final-f4fb0bc5660e5cbea5ab19fe,8,1
support-final-f4fb0bc5660e5cbea5ab19fe,9,1
support-final-f4fb0bc5660e5cbea5ab19fe,10,1
support-final-3d33302d79a3e5a49db8a089,0,0
support-final-3d33302d79a3e5a49db8a089,1,0
support-final-3d33302d79a3e5a49db8a089,2,0
support-final-3d33302d79a3e5a49db8a089,3,0
support-final-3d33302d79a3e5a49db8a089,4,0
support-final-3d33302d79a3e5a49db8a089,5,0
support-final-3d33302d79a3e5a49db8a089,6,0
support-final-3d33302d79a3e5a49db8a089,7,0
support-final-3d33302d79a3e5a49db8a089,8,0
support-final-3d33302d79a3e5a49db8a089,9,0
support-final-3d33302d79a3e5a49db8a089,10,0
support-final-5b7a01d4f004bb2a3b984360,0,0
support-final-5b7a01d4f004bb2a3b984360,1,0
support-final-5b7a01d4f004bb2a3b984360,2,0
support-final-5b7a01d4f004bb2a3b984360,3,0
support-final-5b7a01d4f004bb2a3b984360,4,0
support-final-5b7a01d4f004bb2a3b984360,5,0
support-final-5b7a01d4f004bb2a3b984360,6,0
support-final-5b7a01d4f004bb2a3b984360,7,0
support-final-5b7a01d4f004bb2a3b984360,8,0
support-final-5b7a01d4f004bb2a3b984360,9,0
support-final-5b7a01d4f004bb2a3b984360,10,0
support-final-373029d9b12c74627cb8e1e9,0,0
support-final-373029d9b12c74627cb8e1e9,1,0
support-final-373029d9b12c74627cb8e1e9,2,0
support-final-373029d9b12c74627cb8e1e9,3,0
support-final-373029d9b12c74627cb8e1e9,4,0
support-final-373029d9b12c74627cb8e1e9,5,0
support-final-373029d9b12c74627cb8e1e9,6,0
support-final-373029d9b12c74627cb8e1e9,7,0
support-final-373029d9b12c74627cb8e1e9,8,0
support-final-373029d9b12c74627cb8e1e9,9,0
support-final-373029d9b12c74627cb8e1e9,10,0
support-final-6f32364178f6566ce2b61257,0,0
support-final-6f32364178f6566ce2b61257,1,1
support-final-6f32364178f6566ce2b61257,2,1
support-final-6f32364178f6566ce2b61257,3,1
support-final-6f32364178f6566ce2b61257,4,1
support-final-6f32364178f6566ce2b61257,5,1
support-final-6f32364178f6566ce2b61257,6,1
support-final-6f32364178f6566ce2b61257,7,1
support-final-6f32364178f6566ce2b61257,8,1
support-final-6f32364178f6566ce2b61257,9,1
support-final-6f32364178f6566ce2b61257,10,1
support-final-2d0885c75e15e5c1c573f70c,0,0
support-final-2d0885c75e15e5c1c573f70c,1,0
support-final-2d0885c75e15e5c1c573f70c,2,0
support-final-2d0885c75e15e5c1c573f70c,3,0
support-final-2d0885c75e15e5c1c573f70c,4,0
support-final-2d0885c75e15e5c1c573f70c,5,0
support-final-2d0885c75e15e5c1c573f70c,6,0
support-final-2d0885c75e15e5c1c573f70c,7,1
support-final-2d0885c75e15e5c1c573f70c,8,2
support-final-2d0885c75e15e5c1c573f70c,9,3
support-final-2d0885c75e15e5c1c573f70c,10,4
support-final-349b99fdb4b8588d02c5f2ae,0,0
support-final-349b99fdb4b8588d02c5f2ae,1,0
support-final-349b99fdb4b8588d02c5f2ae,2,0
support-final-349b99fdb4b8588d02c5f2ae,3,0
support-final-349b99fdb4b8588d02c5f2ae,4,0
support-final-349b99fdb4b8588d02c5f2ae,5,0
support-final-349b99fdb4b8588d02c5f2ae,6,0
support-final-349b99fdb4b8588d02c5f2ae,7,0
support-final-349b99fdb4b8588d02c5f2ae,8,0
support-final-349b99fdb4b8588d02c5f2ae,9,0
support-final-349b99fdb4b8588d02c5f2ae,10,0
support-final-47c6f8bbe11d4113160062d7,0,0
support-final-47c6f8bbe11d4113160062d7,1,0
support-final-47c6f8bbe11d4113160062d7,2,0
support-final-47c6f8bbe11d4113160062d7,3,0
support-final-47c6f8bbe11d4113160062d7,4,0
support-final-47c6f8bbe11d4113160062d7,5,0
support-final-47c6f8bbe11d4113160062d7,6,0
support-final-47c6f8bbe11d4113160062d7,7,0
support-final-47c6f8bbe11d4113160062d7,8,0
support-final-47c6f8bbe11d4113160062d7,9,0
support-final-47c6f8bbe11d4113160062d7,10,0
support-final-e8889b22eaf49d12012a1c9a,0,0
support-final-e8889b22eaf49d12012a1c9a,1,0
support-final-e8889b22eaf49d12012a1c9a,2,0
support-final-e8889b22eaf49d12012a1c9a,3,0
support-final-e8889b22eaf49d12012a1c9a,4,0
support-final-e8889b22eaf49d12012a1c9a,5,0
support-final-e8889b22eaf49d12012a1c9a,6,0
support-final-e8889b22eaf49d12012a1c9a,7,0
support-final-e8889b22eaf49d12012a1c9a,8,0
support-final-e8889b22eaf49d12012a1c9a,9,0
support-final-e8889b22eaf49d12012a1c9a,10,0
support-final-30aebf8adbd08b45cc3864e7,0,0
support-final-30aebf8adbd08b45cc3864e7,1,1
support-final-30aebf8adbd08b45cc3864e7,2,1
support-final-30aebf8adbd08b45cc3864e7,3,1
support-final-30aebf8adbd08b45cc3864e7,4,1
support-final-30aebf8adbd08b45cc3864e7,5,1
support-final-30aebf8adbd08b45cc3864e7,6,1
support-final-30aebf8adbd08b45cc3864e7,7,1
support-final-30aebf8adbd08b45cc3864e7,8,1
support-final-30aebf8adbd08b45cc3864e7,9,1
support-final-30aebf8adbd08b45cc3864e7,10,1
support-final-4652432618bc44a593bc6aeb,0,0
support-final-4652432618bc44a593bc6aeb,1,0
support-final-4652432618bc44a593bc6aeb,2,1
support-final-4652432618bc44a593bc6aeb,3,1
support-final-4652432618bc44a593bc6aeb,4,1
support-final-4652432618bc44a593bc6aeb,5,1
support-final-4652432618bc44a593bc6aeb,6,1
support-final-4652432618bc44a593bc6aeb,7,2
support-final-4652432618bc44a593bc6aeb,8,3
support-final-4652432618bc44a593bc6aeb,9,3
support-final-4652432618bc44a593bc6aeb,10,3
support-final-48aa8582fb12f751085565ea,0,0
support-final-48aa8582fb12f751085565ea,1,0
support-final-48aa8582fb12f751085565ea,2,0
support-final-48aa8582fb12f751085565ea,3,0
support-final-48aa8582fb12f751085565ea,4,0
support-final-48aa8582fb12f751085565ea,5,0
support-final-48aa8582fb12f751085565ea,6,0
support-final-48aa8582fb12f751085565ea,7,0
support-final-48aa8582fb12f751085565ea,8,0
support-final-48aa8582fb12f751085565ea,9,0
support-final-48aa8582fb12f751085565ea,10,0
support-final-afee12d5b9bc56ad9bd995d6,0,0
support-final-afee12d5b9bc56ad9bd995d6,1,0
support-final-afee12d5b9bc56ad9bd995d6,2,0
support-final-afee12d5b9bc56ad9bd995d6,3,0
support-final-afee12d5b9bc56ad9bd995d6,4,0
support-final-afee12d5b9bc56ad9bd995d6,5,0
support-final-afee12d5b9bc56ad9bd995d6,6,0
support-final-afee12d5b9bc56ad9bd995d6,7,0
support-final-afee12d5b9bc56ad9bd995d6,8,0
support-final-afee12d5b9bc56ad9bd995d6,9,0
support-final-afee12d5b9bc56ad9bd995d6,10,0
support-final-cd4e3ec5a544d15c38d03906,0,0
support-final-cd4e3ec5a544d15c38d03906,1,0
support-final-cd4e3ec5a544d15c38d03906,2,0
support-final-cd4e3ec5a544d15c38d03906,3,0
support-final-cd4e3ec5a544d15c38d03906,4,0
support-final-cd4e3ec5a544d15c38d03906,5,0
support-final-cd4e3ec5a544d15c38d03906,6,0
support-final-cd4e3ec5a544d15c38d03906,7,0
support-final-cd4e3ec5a544d15c38d03906,8,0
support-final-cd4e3ec5a544d15c38d03906,9,0
support-final-cd4e3ec5a544d15c38d03906,10,0
support-final-2e12c1bb545919201634d389,0,0
support-final-2e12c1bb545919201634d389,1,0
support-final-2e12c1bb545919201634d389,2,0
support-final-2e12c1bb545919201634d389,3,0
support-final-2e12c1bb545919201634d389,4,0
support-final-2e12c1bb545919201634d389,5,0
support-final-2e12c1bb545919201634d389,6,0
support-final-2e12c1bb545919201634d389,7,0
support-final-2e12c1bb545919201634d389,8,0
support-final-2e12c1bb545919201634d389,9,0
support-final-2e12c1bb545919201634d389,10,0
support-final-bc0231b9387cc761fd09fc47,0,0
support-final-bc0231b9387cc761fd09fc47,1,1
support-final-bc0231b9387cc761fd09fc47,2,1
support-final-bc0231b9387cc761fd09fc47,3,2
support-final-bc0231b9387cc761fd09fc47,4,2
support-final-bc0231b9387cc761fd09fc47,5,2
support-final-bc0231b9387cc761fd09fc47,6,2
support-final-bc0231b9387cc761fd09fc47,7,2
support-final-bc0231b9387cc761fd09fc47,8,3
support-final-bc0231b9387cc761fd09fc47,9,3
support-final-bc0231b9387cc761fd09fc47,10,3
support-final-6473d278b47c7754253c4b75,0,0
support-final-6473d278b47c7754253c4b75,1,0
support-final-6473d278b47c7754253c4b75,2,0
support-final-6473d278b47c7754253c4b75,3,0
support-final-6473d278b47c7754253c4b75,4,0
support-final-6473d278b47c7754253c4b75,5,0
support-final-6473d278b47c7754253c4b75,6,0
support-final-6473d278b47c7754253c4b75,7,0
support-final-6473d278b47c7754253c4b75,8,0
support-final-6473d278b47c7754253c4b75,9,0
support-final-6473d278b47c7754253c4b75,10,0
support-final-5a419d52cf8942602d057190,0,0
support-final-5a419d52cf8942602d057190,1,0
support-final-5a419d52cf8942602d057190,2,0
support-final-5a419d52cf8942602d057190,3,0
support-final-5a419d52cf8942602d057190,4,0
support-final-5a419d52cf8942602d057190,5,0
support-final-5a419d52cf8942602d057190,6,0
support-final-5a419d52cf8942602d057190,7,0
support-final-5a419d52cf8942602d057190,8,0
support-final-5a419d52cf8942602d057190,9,0
support-final-5a419d52cf8942602d057190,10,0
support-final-0eafc204d9a6d97866ece27f,0,0
support-final-0eafc204d9a6d97866ece27f,1,0
support-final-0eafc204d9a6d97866ece27f,2,1
support-final-0eafc204d9a6d97866ece27f,3,2
support-final-0eafc204d9a6d97866ece27f,4,2
support-final-0eafc204d9a6d97866ece27f,5,2
support-final-0eafc204d9a6d97866ece27f,6,2
support-final-0eafc204d9a6d97866ece27f,7,3
support-final-0eafc204d9a6d97866ece27f,8,4
support-final-0eafc204d9a6d97866ece27f,9,4
support-final-0eafc204d9a6d97866ece27f,10,5
support-final-bceab85ac67db411774a2563,0,0
support-final-bceab85ac67db411774a2563,1,0
support-final-bceab85ac67db411774a2563,2,0
support-final-bceab85ac67db411774a2563,3,0
support-final-bceab85ac67db411774a2563,4,0
support-final-bceab85ac67db411774a2563,5,0
support-final-bceab85ac67db411774a2563,6,0
support-final-bceab85ac67db411774a2563,7,0
support-final-bceab85ac67db411774a2563,8,0
support-final-bceab85ac67db411774a2563,9,0
support-final-bceab85ac67db411774a2563,10,0
support-final-ca740c106b65301c3c20f121,0,0
support-final-ca740c106b65301c3c20f121,1,1
support-final-ca740c106b65301c3c20f121,2,1
support-final-ca740c106b65301c3c20f121,3,1
support-final-ca740c106b65301c3c20f121,4,1
support-final-ca740c106b65301c3c20f121,5,2
support-final-ca740c106b65301c3c20f121,6,2
support-final-ca740c106b65301c3c20f121,7,3
support-final-ca740c106b65301c3c20f121,8,4
support-final-ca740c106b65301c3c20f121,9,4
support-final-ca740c106b65301c3c20f121,10,4
support-final-68807310bf257b755381e67b,0,0
support-final-68807310bf257b755381e67b,1,0
support-final-68807310bf257b755381e67b,2,0
support-final-68807310bf257b755381e67b,3,0
support-final-68807310bf257b755381e67b,4,0
support-final-68807310bf257b755381e67b,5,0
support-final-68807310bf257b755381e67b,6,0
support-final-68807310bf257b755381e67b,7,0
support-final-68807310bf257b755381e67b,8,0
support-final-68807310bf257b755381e67b,9,0
support-final-68807310bf257b755381e67b,10,0
support-final-fdb8c5628b1505159c52f7cc,0,0
support-final-fdb8c5628b1505159c52f7cc,1,0
support-final-fdb8c5628b1505159c52f7cc,2,0
support-final-fdb8c5628b1505159c52f7cc,3,0
support-final-fdb8c5628b1505159c52f7cc,4,0
support-final-fdb8c5628b1505159c52f7cc,5,0
support-final-fdb8c5628b1505159c52f7cc,6,0
support-final-fdb8c5628b1505159c52f7cc,7,0
support-final-fdb8c5628b1505159c52f7cc,8,0
support-final-fdb8c5628b1505159c52f7cc,9,0
support-final-fdb8c5628b1505159c52f7cc,10,0
support-final-03a88c2191e750bc3ef7d49f,0,0
support-final-03a88c2191e750bc3ef7d49f,1,0
support-final-03a88c2191e750bc3ef7d49f,2,0
support-final-03a88c2191e750bc3ef7d49f,3,0
support-final-03a88c2191e750bc3ef7d49f,4,0
support-final-03a88c2191e750bc3ef7d49f,5,0
support-final-03a88c2191e750bc3ef7d49f,6,0
support-final-03a88c2191e750bc3ef7d49f,7,1
support-final-03a88c2191e750bc3ef7d49f,8,1
support-final-03a88c2191e750bc3ef7d49f,9,1
support-final-03a88c2191e750bc3ef7d49f,10,2
support-final-3c7a01fbc23fb606dce7a9d6,0,0
support-final-3c7a01fbc23fb606dce7a9d6,1,0
support-final-3c7a01fbc23fb606dce7a9d6,2,0
support-final-3c7a01fbc23fb606dce7a9d6,3,0
support-final-3c7a01fbc23fb606dce7a9d6,4,0
support-final-3c7a01fbc23fb606dce7a9d6,5,0
support-final-3c7a01fbc23fb606dce7a9d6,6,0
support-final-3c7a01fbc23fb606dce7a9d6,7,0
support-final-3c7a01fbc23fb606dce7a9d6,8,0
support-final-3c7a01fbc23fb606dce7a9d6,9,0
support-final-3c7a01fbc23fb606dce7a9d6,10,0
support-final-fc0043a22db53c8ad31ef9fd,0,0
support-final-fc0043a22db53c8ad31ef9fd,1,1
support-final-fc0043a22db53c8ad31ef9fd,2,1
support-final-fc0043a22db53c8ad31ef9fd,3,2
support-final-fc0043a22db53c8ad31ef9fd,4,2
support-final-fc0043a22db53c8ad31ef9fd,5,3
support-final-fc0043a22db53c8ad31ef9fd,6,3
support-final-fc0043a22db53c8ad31ef9fd,7,3
support-final-fc0043a22db53c8ad31ef9fd,8,3
support-final-fc0043a22db53c8ad31ef9fd,9,3
support-final-fc0043a22db53c8ad31ef9fd,10,3
support-final-b97c118de29096b29157a22f,0,0
support-final-b97c118de29096b29157a22f,1,1
support-final-b97c118de29096b29157a22f,2,1
support-final-b97c118de29096b29157a22f,3,2
support-final-b97c118de29096b29157a22f,4,2
support-final-b97c118de29096b29157a22f,5,2
support-final-b97c118de29096b29157a22f,6,3
support-final-b97c118de29096b29157a22f,7,3
support-final-b97c118de29096b29157a22f,8,4
support-final-b97c118de29096b29157a22f,9,5
support-final-b97c118de29096b29157a22f,10,5
support-final-02f2c471bf623c421c1d4e0e,0,0
support-final-02f2c471bf623c421c1d4e0e,1,0
support-final-02f2c471bf623c421c1d4e0e,2,1
support-final-02f2c471bf623c421c1d4e0e,3,2
support-final-02f2c471bf623c421c1d4e0e,4,3
support-final-02f2c471bf623c421c1d4e0e,5,4
support-final-02f2c471bf623c421c1d4e0e,6,5
support-final-02f2c471bf623c421c1d4e0e,7,5
support-final-02f2c471bf623c421c1d4e0e,8,5
support-final-02f2c471bf623c421c1d4e0e,9,5
support-final-02f2c471bf623c421c1d4e0e,10,6
support-final-908dd599770160e96ff4569c,0,0
support-final-908dd599770160e96ff4569c,1,1
support-final-908dd599770160e96ff4569c,2,2
support-final-908dd599770160e96ff4569c,3,3
support-final-908dd599770160e96ff4569c,4,4
support-final-908dd599770160e96ff4569c,5,4
support-final-908dd599770160e96ff4569c,6,4
support-final-908dd599770160e96ff4569c,7,4
support-final-908dd599770160e96ff4569c,8,4
support-final-908dd599770160e96ff4569c,9,4
support-final-908dd599770160e96ff4569c,10,4
support-final-1a6965c14309d0ed9c706be0,0,0
support-final-1a6965c14309d0ed9c706be0,1,0
support-final-1a6965c14309d0ed9c706be0,2,0
support-final-1a6965c14309d0ed9c706be0,3,0
support-final-1a6965c14309d0ed9c706be0,4,0
support-final-1a6965c14309d0ed9c706be0,5,0
support-final-1a6965c14309d0ed9c706be0,6,0
support-final-1a6965c14309d0ed9c706be0,7,0
support-final-1a6965c14309d0ed9c706be0,8,0
support-final-1a6965c14309d0ed9c706be0,9,0
support-final-1a6965c14309d0ed9c706be0,10,0
support-final-8ddd13950a3b79b7029e9ad3,0,0
support-final-8ddd13950a3b79b7029e9ad3,1,0
support-final-8ddd13950a3b79b7029e9ad3,2,0
support-final-8ddd13950a3b79b7029e9ad3,3,0
support-final-8ddd13950a3b79b7029e9ad3,4,0
support-final-8ddd13950a3b79b7029e9ad3,5,0
support-final-8ddd13950a3b79b7029e9ad3,6,0
support-final-8ddd13950a3b79b7029e9ad3,7,0
support-final-8ddd13950a3b79b7029e9ad3,8,0
support-final-8ddd13950a3b79b7029e9ad3,9,0
support-final-8ddd13950a3b79b7029e9ad3,10,0
support-final-162b641b9c795ec8cbbca2cd,0,0
support-final-162b641b9c795ec8cbbca2cd,1,0
support-final-162b641b9c795ec8cbbca2cd,2,0
support-final-162b641b9c795ec8cbbca2cd,3,0
support-final-162b641b9c795ec8cbbca2cd,4,0
support-final-162b641b9c795ec8cbbca2cd,5,0
support-final-162b641b9c795ec8cbbca2cd,6,0
support-final-162b641b9c795ec8cbbca2cd,7,0
support-final-162b641b9c795ec8cbbca2cd,8,0
support-final-162b641b9c795ec8cbbca2cd,9,0
support-final-162b641b9c795ec8cbbca2cd,10,0
support-final-f09b3e784a0ddc04b0a7317a,0,0
support-final-f09b3e784a0ddc04b0a7317a,1,0
support-final-f09b3e784a0ddc04b0a7317a,2,0
support-final-f09b3e784a0ddc04b0a7317a,3,0
support-final-f09b3e784a0ddc04b0a7317a,4,0
support-final-f09b3e784a0ddc04b0a7317a,5,0
support-final-f09b3e784a0ddc04b0a7317a,6,0
support-final-f09b3e784a0ddc04b0a7317a,7,0
support-final-f09b3e784a0ddc04b0a7317a,8,0
support-final-f09b3e784a0ddc04b0a7317a,9,0
support-final-f09b3e784a0ddc04b0a7317a,10,0
support-final-dc0639b5ff8be613f1c8c6f0,0,0
support-final-dc0639b5ff8be613f1c8c6f0,1,0
support-final-dc0639b5ff8be613f1c8c6f0,2,0
support-final-dc0639b5ff8be613f1c8c6f0,3,0
support-final-dc0639b5ff8be613f1c8c6f0,4,0
support-final-dc0639b5ff8be613f1c8c6f0,5,0
support-final-dc0639b5ff8be613f1c8c6f0,6,0
support-final-dc0639b5ff8be613f1c8c6f0,7,0
support-final-dc0639b5ff8be613f1c8c6f0,8,0
support-final-dc0639b5ff8be613f1c8c6f0,9,0
support-final-dc0639b5ff8be613f1c8c6f0,10,0
support-final-45ccef9bb58094559ca4578d,0,0
support-final-45ccef9bb58094559ca4578d,1,0
support-final-45ccef9bb58094559ca4578d,2,0
support-final-45ccef9bb58094559ca4578d,3,0
support-final-45ccef9bb58094559ca4578d,4,1
support-final-45ccef9bb58094559ca4578d,5,1
support-final-45ccef9bb58094559ca4578d,6,1
support-final-45ccef9bb58094559ca4578d,7,1
support-final-45ccef9bb58094559ca4578d,8,2
support-final-45ccef9bb58094559ca4578d,9,3
support-final-45ccef9bb58094559ca4578d,10,3
support-final-f4faf6133fc3e50f03662f80,0,0
support-final-f4faf6133fc3e50f03662f80,1,0
support-final-f4faf6133fc3e50f03662f80,2,0
support-final-f4faf6133fc3e50f03662f80,3,0
support-final-f4faf6133fc3e50f03662f80,4,0
support-final-f4faf6133fc3e50f03662f80,5,0
support-final-f4faf6133fc3e50f03662f80,6,0
support-final-f4faf6133fc3e50f03662f80,7,0
support-final-f4faf6133fc3e50f03662f80,8,0
support-final-f4faf6133fc3e50f03662f80,9,0
support-final-f4faf6133fc3e50f03662f80,10,0
support-final-7a5ae0a82032daf2b8670e82,0,0
support-final-7a5ae0a82032daf2b8670e82,1,0
support-final-7a5ae0a82032daf2b8670e82,2,0
support-final-7a5ae0a82032daf2b8670e82,3,0
support-final-7a5ae0a82032daf2b8670e82,4,0
support-final-7a5ae0a82032daf2b8670e82,5,0
support-final-7a5ae0a82032daf2b8670e82,6,0
support-final-7a5ae0a82032daf2b8670e82,7,0
support-final-7a5ae0a82032daf2b8670e82,8,0
support-final-7a5ae0a82032daf2b8670e82,9,0
support-final-7a5ae0a82032daf2b8670e82,10,0
support-final-ae70b098ac34ffb7a212b8bc,0,0
support-final-ae70b098ac34ffb7a212b8bc,1,0
support-final-ae70b098ac34ffb7a212b8bc,2,0
support-final-ae70b098ac34ffb7a212b8bc,3,0
support-final-ae70b098ac34ffb7a212b8bc,4,0
support-final-ae70b098ac34ffb7a212b8bc,5,0
support-final-ae70b098ac34ffb7a212b8bc,6,0
support-final-ae70b098ac34ffb7a212b8bc,7,0
support-final-ae70b098ac34ffb7a212b8bc,8,0
support-final-ae70b098ac34ffb7a212b8bc,9,0
support-final-ae70b098ac34ffb7a212b8bc,10,0
support-final-0f1e8770273e505e68224b59,0,0
support-final-0f1e8770273e505e68224b59,1,0
support-final-0f1e8770273e505e68224b59,2,0
support-final-0f1e8770273e505e68224b59,3,0
support-final-0f1e8770273e505e68224b59,4,0
support-final-0f1e8770273e505e68224b59,5,0
support-final-0f1e8770273e505e68224b59,6,0
support-final-0f1e8770273e505e68224b59,7,0
support-final-0f1e8770273e505e68224b59,8,0
support-final-0f1e8770273e505e68224b59,9,0
support-final-0f1e8770273e505e68224b59,10,0
support-final-6c28174809966ea018c63137,0,0
support-final-6c28174809966ea018c63137,1,1
support-final-6c28174809966ea018c63137,2,1
support-final-6c28174809966ea018c63137,3,2
support-final-6c28174809966ea018c63137,4,2
support-final-6c28174809966ea018c63137,5,3
support-final-6c28174809966ea018c63137,6,3
support-final-6c28174809966ea018c63137,7,3
support-final-6c28174809966ea018c63137,8,3
support-final-6c28174809966ea018c63137,9,3
support-final-6c28174809966ea018c63137,10,4
support-final-c3dbabc87b2a3c1267811fc6,0,0
support-final-c3dbabc87b2a3c1267811fc6,1,0
support-final-c3dbabc87b2a3c1267811fc6,2,0
support-final-c3dbabc87b2a3c1267811fc6,3,0
support-final-c3dbabc87b2a3c1267811fc6,4,0
support-final-c3dbabc87b2a3c1267811fc6,5,0
support-final-c3dbabc87b2a3c1267811fc6,6,0
support-final-c3dbabc87b2a3c1267811fc6,7,0
support-final-c3dbabc87b2a3c1267811fc6,8,0
support-final-c3dbabc87b2a3c1267811fc6,9,0
support-final-c3dbabc87b2a3c1267811fc6,10,0
support-final-5a61a9345b4783b8f063d9a7,0,0
support-final-5a61a9345b4783b8f063d9a7,1,1
support-final-5a61a9345b4783b8f063d9a7,2,1
support-final-5a61a9345b4783b8f063d9a7,3,1
support-final-5a61a9345b4783b8f063d9a7,4,1
support-final-5a61a9345b4783b8f063d9a7,5,1
support-final-5a61a9345b4783b8f063d9a7,6,1
support-final-5a61a9345b4783b8f063d9a7,7,1
support-final-5a61a9345b4783b8f063d9a7,8,1
support-final-5a61a9345b4783b8f063d9a7,9,1
support-final-5a61a9345b4783b8f063d9a7,10,1
support-final-2bdf4f4539b5b6ae72a60fac,0,0
support-final-2bdf4f4539b5b6ae72a60fac,1,0
support-final-2bdf4f4539b5b6ae72a60fac,2,0
support-final-2bdf4f4539b5b6ae72a60fac,3,0
support-final-2bdf4f4539b5b6ae72a60fac,4,0
support-final-2bdf4f4539b5b6ae72a60fac,5,0
support-final-2bdf4f4539b5b6ae72a60fac,6,0
support-final-2bdf4f4539b5b6ae72a60fac,7,0
support-final-2bdf4f4539b5b6ae72a60fac,8,0
support-final-2bdf4f4539b5b6ae72a60fac,9,0
support-final-2bdf4f4539b5b6ae72a60fac,10,0
support-final-31f044258c9790e0ed34ad4c,0,0
support-final-31f044258c9790e0ed34ad4c,1,0
support-final-31f044258c9790e0ed34ad4c,2,0
support-final-31f044258c9790e0ed34ad4c,3,0
support-final-31f044258c9790e0ed34ad4c,4,0
support-final-31f044258c9790e0ed34ad4c,5,0
support-final-31f044258c9790e0ed34ad4c,6,0
support-final-31f044258c9790e0ed34ad4c,7,0
support-final-31f044258c9790e0ed34ad4c,8,0
support-final-31f044258c9790e0ed34ad4c,9,0
support-final-31f044258c9790e0ed34ad4c,10,0
support-final-38376b8955a4da1e4a0d6f65,0,0
support-final-38376b8955a4da1e4a0d6f65,1,0
support-final-38376b8955a4da1e4a0d6f65,2,0
support-final-38376b8955a4da1e4a0d6f65,3,0
support-final-38376b8955a4da1e4a0d6f65,4,0
support-final-38376b8955a4da1e4a0d6f65,5,0
support-final-38376b8955a4da1e4a0d6f65,6,0
support-final-38376b8955a4da1e4a0d6f65,7,0
support-final-38376b8955a4da1e4a0d6f65,8,0
support-final-38376b8955a4da1e4a0d6f65,9,0
support-final-38376b8955a4da1e4a0d6f65,10,0
support-final-3938bc8f2c24ff0251e1679a,0,0
support-final-3938bc8f2c24ff0251e1679a,1,1
support-final-3938bc8f2c24ff0251e1679a,2,2
support-final-3938bc8f2c24ff0251e1679a,3,2
support-final-3938bc8f2c24ff0251e1679a,4,2
support-final-3938bc8f2c24ff0251e1679a,5,2
support-final-3938bc8f2c24ff0251e1679a,6,2
support-final-3938bc8f2c24ff0251e1679a,7,2
support-final-3938bc8f2c24ff0251e1679a,8,2
support-final-3938bc8f2c24ff0251e1679a,9,2
support-final-3938bc8f2c24ff0251e1679a,10,2
support-final-3a3a869a8793e7c692b548cd,0,0
support-final-3a3a869a8793e7c692b548cd,1,0
support-final-3a3a869a8793e7c692b548cd,2,0
support-final-3a3a869a8793e7c692b548cd,3,0
support-final-3a3a869a8793e7c692b548cd,4,0
support-final-3a3a869a8793e7c692b548cd,5,0
support-final-3a3a869a8793e7c692b548cd,6,0
support-final-3a3a869a8793e7c692b548cd,7,0
support-final-3a3a869a8793e7c692b548cd,8,0
support-final-3a3a869a8793e7c692b548cd,9,0
support-final-3a3a869a8793e7c692b548cd,10,0
support-final-9e8cef5805e83a07574eb99f,0,0
support-final-9e8cef5805e83a07574eb99f,1,0
support-final-9e8cef5805e83a07574eb99f,2,0
support-final-9e8cef5805e83a07574eb99f,3,0
support-final-9e8cef5805e83a07574eb99f,4,0
support-final-9e8cef5805e83a07574eb99f,5,0
support-final-9e8cef5805e83a07574eb99f,6,0
support-final-9e8cef5805e83a07574eb99f,7,0
support-final-9e8cef5805e83a07574eb99f,8,0
support-final-9e8cef5805e83a07574eb99f,9,0
support-final-9e8cef5805e83a07574eb99f,10,0
support-final-9389374cf75d2e5afbad8e5b,0,0
support-final-9389374cf75d2e5afbad8e5b,1,1
support-final-9389374cf75d2e5afbad8e5b,2,1
support-final-9389374cf75d2e5afbad8e5b,3,2
support-final-9389374cf75d2e5afbad8e5b,4,2
support-final-9389374cf75d2e5afbad8e5b,5,2
support-final-9389374cf75d2e5afbad8e5b,6,2
support-final-9389374cf75d2e5afbad8e5b,7,2
support-final-9389374cf75d2e5afbad8e5b,8,3
support-final-9389374cf75d2e5afbad8e5b,9,4
support-final-9389374cf75d2e5afbad8e5b,10,4
support-final-2cd11ff827dc56a49263e71d,0,0
support-final-2cd11ff827dc56a49263e71d,1,0
support-final-2cd11ff827dc56a49263e71d,2,0
support-final-2cd11ff827dc56a49263e71d,3,0
support-final-2cd11ff827dc56a49263e71d,4,0
support-final-2cd11ff827dc56a49263e71d,5,0
support-final-2cd11ff827dc56a49263e71d,6,1
support-final-2cd11ff827dc56a49263e71d,7,1
support-final-2cd11ff827dc56a49263e71d,8,1
support-final-2cd11ff827dc56a49263e71d,9,1
support-final-2cd11ff827dc56a49263e71d,10,1
support-final-5d1cc6924d5efee9cbf9f4a0,0,0
support-final-5d1cc6924d5efee9cbf9f4a0,1,1
support-final-5d1cc6924d5efee9cbf9f4a0,2,2
support-final-5d1cc6924d5efee9cbf9f4a0,3,2
support-final-5d1cc6924d5efee9cbf9f4a0,4,3
support-final-5d1cc6924d5efee9cbf9f4a0,5,3
support-final-5d1cc6924d5efee9cbf9f4a0,6,4
support-final-5d1cc6924d5efee9cbf9f4a0,7,5
support-final-5d1cc6924d5efee9cbf9f4a0,8,6
support-final-5d1cc6924d5efee9cbf9f4a0,9,7
support-final-5d1cc6924d5efee9cbf9f4a0,10,7
support-final-2b6cfd7c97c158c305971c45,0,0
support-final-2b6cfd7c97c158c305971c45,1,1
support-final-2b6cfd7c97c158c305971c45,2,2
support-final-2b6cfd7c97c158c305971c45,3,2
support-final-2b6cfd7c97c158c305971c45,4,2
support-final-2b6cfd7c97c158c305971c45,5,2
support-final-2b6cfd7c97c158c305971c45,6,2
support-final-2b6cfd7c97c158c305971c45,7,2
support-final-2b6cfd7c97c158c305971c45,8,2
support-final-2b6cfd7c97c158c305971c45,9,2
support-final-2b6cfd7c97c158c305971c45,10,3
support-final-97076161f2eb1dff20b02ffe,0,0
support-final-97076161f2eb1dff20b02ffe,1,0
support-final-97076161f2eb1dff20b02ffe,2,0
support-final-97076161f2eb1dff20b02ffe,3,0
support-final-97076161f2eb1dff20b02ffe,4,0
support-final-97076161f2eb1dff20b02ffe,5,0
support-final-97076161f2eb1dff20b02ffe,6,0
support-final-97076161f2eb1dff20b02ffe,7,0
support-final-97076161f2eb1dff20b02ffe,8,0
support-final-97076161f2eb1dff20b02ffe,9,0
support-final-97076161f2eb1dff20b02ffe,10,0
support-final-8f46b298f45606301f129592,0,0
support-final-8f46b298f45606301f129592,1,0
support-final-8f46b298f45606301f129592,2,0
support-final-8f46b298f45606301f129592,3,0
support-final-8f46b298f45606301f129592,4,0
support-final-8f46b298f45606301f129592,5,0
support-final-8f46b298f45606301f129592,6,0
support-final-8f46b298f45606301f129592,7,0
support-final-8f46b298f45606301f129592,8,0
support-final-8f46b298f45606301f129592,9,0
support-final-8f46b298f45606301f129592,10,0
support-final-05feaed2ad61a92cb190b3e5,0,0
support-final-05feaed2ad61a92cb190b3e5,1,0
support-final-05feaed2ad61a92cb190b3e5,2,0
support-final-05feaed2ad61a92cb190b3e5,3,0
support-final-05feaed2ad61a92cb190b3e5,4,0
support-final-05feaed2ad61a92cb190b3e5,5,0
support-final-05feaed2ad61a92cb190b3e5,6,0
support-final-05feaed2ad61a92cb190b3e5,7,0
support-final-05feaed2ad61a92cb190b3e5,8,0
support-final-05feaed2ad61a92cb190b3e5,9,0
support-final-05feaed2ad61a92cb190b3e5,10,0
support-final-457a10ecbf532b6fd06f39e4,0,0
support-final-457a10ecbf532b6fd06f39e4,1,1
support-final-457a10ecbf532b6fd06f39e4,2,1
support-final-457a10ecbf532b6fd06f39e4,3,1
support-final-457a10ecbf532b6fd06f39e4,4,1
support-final-457a10ecbf532b6fd06f39e4,5,2
support-final-457a10ecbf532b6fd06f39e4,6,2
support-final-457a10ecbf532b6fd06f39e4,7,2
support-final-457a10ecbf532b6fd06f39e4,8,3
support-final-457a10ecbf532b6fd06f39e4,9,3
support-final-457a10ecbf532b6fd06f39e4,10,3
support-final-72aa86a5713ed896e3b40dbb,0,0
support-final-72aa86a5713ed896e3b40dbb,1,1
support-final-72aa86a5713ed896e3b40dbb,2,1
support-final-72aa86a5713ed896e3b40dbb,3,1
support-final-72aa86a5713ed896e3b40dbb,4,2
support-final-72aa86a5713ed896e3b40dbb,5,2
support-final-72aa86a5713ed896e3b40dbb,6,2
support-final-72aa86a5713ed896e3b40dbb,7,2
support-final-72aa86a5713ed896e3b40dbb,8,2
support-final-72aa86a5713ed896e3b40dbb,9,3
support-final-72aa86a5713ed896e3b40dbb,10,3
support-final-08b058c2dd9afd5e0f0a30e3,0,0
support-final-08b058c2dd9afd5e0f0a30e3,1,1
support-final-08b058c2dd9afd5e0f0a30e3,2,2
support-final-08b058c2dd9afd5e0f0a30e3,3,2
support-final-08b058c2dd9afd5e0f0a30e3,4,3
support-final-08b058c2dd9afd5e0f0a30e3,5,4
support-final-08b058c2dd9afd5e0f0a30e3,6,4
support-final-08b058c2dd9afd5e0f0a30e3,7,4
support-final-08b058c2dd9afd5e0f0a30e3,8,4
support-final-08b058c2dd9afd5e0f0a30e3,9,4
support-final-08b058c2dd9afd5e0f0a30e3,10,4
support-final-ea39d560b53398573d647942,0,0
support-final-ea39d560b53398573d647942,1,1
support-final-ea39d560b53398573d647942,2,2
support-final-ea39d560b53398573d647942,3,3
support-final-ea39d560b53398573d647942,4,3
support-final-ea39d560b53398573d647942,5,4
support-final-ea39d560b53398573d647942,6,5
support-final-ea39d560b53398573d647942,7,6
support-final-ea39d560b53398573d647942,8,7
support-final-ea39d560b53398573d647942,9,8
support-final-ea39d560b53398573d647942,10,9
support-final-59e54738f552a29a0365ee6c,0,0
support-final-59e54738f552a29a0365ee6c,1,0
support-final-59e54738f552a29a0365ee6c,2,0
support-final-59e54738f552a29a0365ee6c,3,0
support-final-59e54738f552a29a0365ee6c,4,0
support-final-59e54738f552a29a0365ee6c,5,0
support-final-59e54738f552a29a0365ee6c,6,0
support-final-59e54738f552a29a0365ee6c,7,0
support-final-59e54738f552a29a0365ee6c,8,0
support-final-59e54738f552a29a0365ee6c,9,0
support-final-59e54738f552a29a0365ee6c,10,0
support-final-edb4223557993b86de341be4,0,0
support-final-edb4223557993b86de341be4,1,0
support-final-edb4223557993b86de341be4,2,0
support-final-edb4223557993b86de341be4,3,0
support-final-edb4223557993b86de341be4,4,1
support-final-edb4223557993b86de341be4,5,1
support-final-edb4223557993b86de341be4,6,1
support-final-edb4223557993b86de341be4,7,1
support-final-edb4223557993b86de341be4,8,1
support-final-edb4223557993b86de341be4,9,1
support-final-edb4223557993b86de341be4,10,1
support-final-4df937dd122841de63e2173a,0,0
support-final-4df937dd122841de63e2173a,1,0
support-final-4df937dd122841de63e2173a,2,0
support-final-4df937dd122841de63e2173a,3,0
support-final-4df937dd122841de63e2173a,4,0
support-final-4df937dd122841de63e2173a,5,0
support-final-4df937dd122841de63e2173a,6,0
support-final-4df937dd122841de63e2173a,7,0
support-final-4df937dd122841de63e2173a,8,0
support-final-4df937dd122841de63e2173a,9,0
support-final-4df937dd122841de63e2173a,10,0
support-final-aaef0ac2ab97032d31445893,0,0
support-final-aaef0ac2ab97032d31445893,1,0
support-final-aaef0ac2ab97032d31445893,2,0
support-final-aaef0ac2ab97032d31445893,3,0
support-final-aaef0ac2ab97032d31445893,4,0
support-final-aaef0ac2ab97032d31445893,5,0
support-final-aaef0ac2ab97032d31445893,6,0
support-final-aaef0ac2ab97032d31445893,7,0
support-final-aaef0ac2ab97032d31445893,8,0
support-final-aaef0ac2ab97032d31445893,9,0
support-final-aaef0ac2ab97032d31445893,10,0
support-final-614f75717580ae25345e380d,0,0
support-final-614f75717580ae25345e380d,1,0
support-final-614f75717580ae25345e380d,2,0
support-final-614f75717580ae25345e380d,3,0
support-final-614f75717580ae25345e380d,4,0
support-final-614f75717580ae25345e380d,5,0
support-final-614f75717580ae25345e380d,6,0
support-final-614f75717580ae25345e380d,7,0
support-final-614f75717580ae25345e380d,8,0
support-final-614f75717580ae25345e380d,9,0
support-final-614f75717580ae25345e380d,10,0
support-final-9e45216dc2acfb5b023b2912,0,0
support-final-9e45216dc2acfb5b023b2912,1,1
support-final-9e45216dc2acfb5b023b2912,2,1
support-final-9e45216dc2acfb5b023b2912,3,1
support-final-9e45216dc2acfb5b023b2912,4,1
support-final-9e45216dc2acfb5b023b2912,5,1
support-final-9e45216dc2acfb5b023b2912,6,1
support-final-9e45216dc2acfb5b023b2912,7,1
support-final-9e45216dc2acfb5b023b2912,8,1
support-final-9e45216dc2acfb5b023b2912,9,1
support-final-9e45216dc2acfb5b023b2912,10,1
support-final-44208b2cc04dd2e72c28c5b6,0,0
support-final-44208b2cc04dd2e72c28c5b6,1,0
support-final-44208b2cc04dd2e72c28c5b6,2,0
support-final-44208b2cc04dd2e72c28c5b6,3,0
support-final-44208b2cc04dd2e72c28c5b6,4,0
support-final-44208b2cc04dd2e72c28c5b6,5,0
support-final-44208b2cc04dd2e72c28c5b6,6,0
support-final-44208b2cc04dd2e72c28c5b6,7,0
support-final-44208b2cc04dd2e72c28c5b6,8,0
support-final-44208b2cc04dd2e72c28c5b6,9,0
support-final-44208b2cc04dd2e72c28c5b6,10,0
support-final-3ca7f63e1d21bfa750249da1,0,0
support-final-3ca7f63e1d21bfa750249da1,1,0
support-final-3ca7f63e1d21bfa750249da1,2,0
support-final-3ca7f63e1d21bfa750249da1,3,0
support-final-3ca7f63e1d21bfa750249da1,4,0
support-final-3ca7f63e1d21bfa750249da1,5,0
support-final-3ca7f63e1d21bfa750249da1,6,0
support-final-3ca7f63e1d21bfa750249da1,7,0
support-final-3ca7f63e1d21bfa750249da1,8,0
support-final-3ca7f63e1d21bfa750249da1,9,0
support-final-3ca7f63e1d21bfa750249da1,10,0
support-final-842e278411984af06e4ada1e,0,0
support-final-842e278411984af06e4ada1e,1,0
support-final-842e278411984af06e4ada1e,2,0
support-final-842e278411984af06e4ada1e,3,0
support-final-842e278411984af06e4ada1e,4,0
support-final-842e278411984af06e4ada1e,5,0
support-final-842e278411984af06e4ada1e,6,0
support-final-842e278411984af06e4ada1e,7,0
support-final-842e278411984af06e4ada1e,8,0
support-final-842e278411984af06e4ada1e,9,0
support-final-842e278411984af06e4ada1e,10,0
support-final-8a754d5f3ab62a69c08e01a7,0,0
support-final-8a754d5f3ab62a69c08e01a7,1,0
support-final-8a754d5f3ab62a69c08e01a7,2,0
support-final-8a754d5f3ab62a69c08e01a7,3,0
support-final-8a754d5f3ab62a69c08e01a7,4,0
support-final-8a754d5f3ab62a69c08e01a7,5,0
support-final-8a754d5f3ab62a69c08e01a7,6,0
support-final-8a754d5f3ab62a69c08e01a7,7,0
support-final-8a754d5f3ab62a69c08e01a7,8,0
support-final-8a754d5f3ab62a69c08e01a7,9,0
support-final-8a754d5f3ab62a69c08e01a7,10,0
support-final-d14ea66e10fcb117d0b7c732,0,0
support-final-d14ea66e10fcb117d0b7c732,1,0
support-final-d14ea66e10fcb117d0b7c732,2,0
support-final-d14ea66e10fcb117d0b7c732,3,1
support-final-d14ea66e10fcb117d0b7c732,4,1
support-final-d14ea66e10fcb117d0b7c732,5,2
support-final-d14ea66e10fcb117d0b7c732,6,3
support-final-d14ea66e10fcb117d0b7c732,7,4
support-final-d14ea66e10fcb117d0b7c732,8,5
support-final-d14ea66e10fcb117d0b7c732,9,5
support-final-d14ea66e10fcb117d0b7c732,10,5
support-final-275e675bf71e7914132b00be,0,0
support-final-275e675bf71e7914132b00be,1,0
support-final-275e675bf71e7914132b00be,2,0
support-final-275e675bf71e7914132b00be,3,0
support-final-275e675bf71e7914132b00be,4,0
support-final-275e675bf71e7914132b00be,5,0
support-final-275e675bf71e7914132b00be,6,0
support-final-275e675bf71e7914132b00be,7,0
support-final-275e675bf71e7914132b00be,8,0
support-final-275e675bf71e7914132b00be,9,0
support-final-275e675bf71e7914132b00be,10,0
support-final-5b612c001aea630b27251493,0,0
support-final-5b612c001aea630b27251493,1,0
support-final-5b612c001aea630b27251493,2,0
support-final-5b612c001aea630b27251493,3,0
support-final-5b612c001aea630b27251493,4,0
support-final-5b612c001aea630b27251493,5,0
support-final-5b612c001aea630b27251493,6,0
support-final-5b612c001aea630b27251493,7,0
support-final-5b612c001aea630b27251493,8,0
support-final-5b612c001aea630b27251493,9,0
support-final-5b612c001aea630b27251493,10,0
support-final-c0a81be74c7f44a8edb7deff,0,0
support-final-c0a81be74c7f44a8edb7deff,1,0
support-final-c0a81be74c7f44a8edb7deff,2,0
support-final-c0a81be74c7f44a8edb7deff,3,0
support-final-c0a81be74c7f44a8edb7deff,4,0
support-final-c0a81be74c7f44a8edb7deff,5,0
support-final-c0a81be74c7f44a8edb7deff,6,0
support-final-c0a81be74c7f44a8edb7deff,7,0
support-final-c0a81be74c7f44a8edb7deff,8,0
support-final-c0a81be74c7f44a8edb7deff,9,0
support-final-c0a81be74c7f44a8edb7deff,10,0
support-final-e0ec7faa860b1c40847022ea,0,0
support-final-e0ec7faa860b1c40847022ea,1,0
support-final-e0ec7faa860b1c40847022ea,2,0
support-final-e0ec7faa860b1c40847022ea,3,0
support-final-e0ec7faa860b1c40847022ea,4,0
support-final-e0ec7faa860b1c40847022ea,5,0
support-final-e0ec7faa860b1c40847022ea,6,0
support-final-e0ec7faa860b1c40847022ea,7,0
support-final-e0ec7faa860b1c40847022ea,8,0
support-final-e0ec7faa860b1c40847022ea,9,0
support-final-e0ec7faa860b1c40847022ea,10,0
support-final-e9c57599b97fae01128db4d0,0,0
support-final-e9c57599b97fae01128db4d0,1,0
support-final-e9c57599b97fae01128db4d0,2,0
support-final-e9c57599b97fae01128db4d0,3,0
support-final-e9c57599b97fae01128db4d0,4,0
support-final-e9c57599b97fae01128db4d0,5,0
support-final-e9c57599b97fae01128db4d0,6,0
support-final-e9c57599b97fae01128db4d0,7,0
support-final-e9c57599b97fae01128db4d0,8,0
support-final-e9c57599b97fae01128db4d0,9,0
support-final-e9c57599b97fae01128db4d0,10,0
support-final-de5608127bc6f520ab38ee6d,0,0
support-final-de5608127bc6f520ab38ee6d,1,0
support-final-de5608127bc6f520ab38ee6d,2,0
support-final-de5608127bc6f520ab38ee6d,3,0
support-final-de5608127bc6f520ab38ee6d,4,0
support-final-de5608127bc6f520ab38ee6d,5,0
support-final-de5608127bc6f520ab38ee6d,6,0
support-final-de5608127bc6f520ab38ee6d,7,0
support-final-de5608127bc6f520ab38ee6d,8,0
support-final-de5608127bc6f520ab38ee6d,9,0
support-final-de5608127bc6f520ab38ee6d,10,0
support-final-980c55fd17db01b0c1f99e2c,0,0
support-final-980c55fd17db01b0c1f99e2c,1,0
support-final-980c55fd17db01b0c1f99e2c,2,0
support-final-980c55fd17db01b0c1f99e2c,3,0
support-final-980c55fd17db01b0c1f99e2c,4,0
support-final-980c55fd17db01b0c1f99e2c,5,0
support-final-980c55fd17db01b0c1f99e2c,6,0
support-final-980c55fd17db01b0c1f99e2c,7,0
support-final-980c55fd17db01b0c1f99e2c,8,0
support-final-980c55fd17db01b0c1f99e2c,9,0
support-final-980c55fd17db01b0c1f99e2c,10,0
support-final-4e4721bd01b1b612f21d59c7,0,0
support-final-4e4721bd01b1b612f21d59c7,1,0
support-final-4e4721bd01b1b612f21d59c7,2,0
support-final-4e4721bd01b1b612f21d59c7,3,0
support-final-4e4721bd01b1b612f21d59c7,4,0
support-final-4e4721bd01b1b612f21d59c7,5,0
support-final-4e4721bd01b1b612f21d59c7,6,0
support-final-4e4721bd01b1b612f21d59c7,7,0
support-final-4e4721bd01b1b612f21d59c7,8,0
support-final-4e4721bd01b1b612f21d59c7,9,0
support-final-4e4721bd01b1b612f21d59c7,10,0
support-final-5353e0b207810d061b292692,0,0
support-final-5353e0b207810d061b292692,1,0
support-final-5353e0b207810d061b292692,2,0
support-final-5353e0b207810d061b292692,3,0
support-final-5353e0b207810d061b292692,4,0
support-final-5353e0b207810d061b292692,5,0
support-final-5353e0b207810d061b292692,6,1
support-final-5353e0b207810d061b292692,7,1
support-final-5353e0b207810d061b292692,8,1
support-final-5353e0b207810d061b292692,9,1
support-final-5353e0b207810d061b292692,10,1
support-final-2b96c9fd2ded8ff4d3c9fa7b,0,0
support-final-2b96c9fd2ded8ff4d3c9fa7b,1,0
support-final-2b96c9fd2ded8ff4d3c9fa7b,2,0
support-final-2b96c9fd2ded8ff4d3c9fa7b,3,0
support-final-2b96c9fd2ded8ff4d3c9fa7b,4,0
support-final-2b96c9fd2ded8ff4d3c9fa7b,5,0
support-final-2b96c9fd2ded8ff4d3c9fa7b,6,0
support-final-2b96c9fd2ded8ff4d3c9fa7b,7,0
support-final-2b96c9fd2ded8ff4d3c9fa7b,8,0
support-final-2b96c9fd2ded8ff4d3c9fa7b,9,0
support-final-2b96c9fd2ded8ff4d3c9fa7b,10,0
support-final-c3b9e4053e380cd376460042,0,0
support-final-c3b9e4053e380cd376460042,1,1
support-final-c3b9e4053e380cd376460042,2,1
support-final-c3b9e4053e380cd376460042,3,2
support-final-c3b9e4053e380cd376460042,4,3
support-final-c3b9e4053e380cd376460042,5,3
support-final-c3b9e4053e380cd376460042,6,3
support-final-c3b9e4053e380cd376460042,7,3
support-final-c3b9e4053e380cd376460042,8,3
support-final-c3b9e4053e380cd376460042,9,3
support-final-c3b9e4053e380cd376460042,10,3
support-final-5b6d1b84cc2ee0f52bb1c366,0,0
support-final-5b6d1b84cc2ee0f52bb1c366,1,0
support-final-5b6d1b84cc2ee0f52bb1c366,2,1
support-final-5b6d1b84cc2ee0f52bb1c366,3,1
support-final-5b6d1b84cc2ee0f52bb1c366,4,1
support-final-5b6d1b84cc2ee0f52bb1c366,5,2
support-final-5b6d1b84cc2ee0f52bb1c366,6,3
support-final-5b6d1b84cc2ee0f52bb1c366,7,3
support-final-5b6d1b84cc2ee0f52bb1c366,8,3
support-final-5b6d1b84cc2ee0f52bb1c366,9,3
support-final-5b6d1b84cc2ee0f52bb1c366,10,3
support-final-756405aa341c84c08489f23c,0,0
support-final-756405aa341c84c08489f23c,1,0
support-final-756405aa341c84c08489f23c,2,0
support-final-756405aa341c84c08489f23c,3,0
support-final-756405aa341c84c08489f23c,4,1
support-final-756405aa341c84c08489f23c,5,1
support-final-756405aa341c84c08489f23c,6,1
support-final-756405aa341c84c08489f23c,7,1
support-final-756405aa341c84c08489f23c,8,1
support-final-756405aa341c84c08489f23c,9,1
support-final-756405aa341c84c08489f23c,10,1
support-final-c2968e57d9e2851ad1f9774e,0,0
support-final-c2968e57d9e2851ad1f9774e,1,0
support-final-c2968e57d9e2851ad1f9774e,2,0
support-final-c2968e57d9e2851ad1f9774e,3,0
support-final-c2968e57d9e2851ad1f9774e,4,0
support-final-c2968e57d9e2851ad1f9774e,5,0
support-final-c2968e57d9e2851ad1f9774e,6,0
support-final-c2968e57d9e2851ad1f9774e,7,0
support-final-c2968e57d9e2851ad1f9774e,8,0
support-final-c2968e57d9e2851ad1f9774e,9,0
support-final-c2968e57d9e2851ad1f9774e,10,0
support-final-3053f402dfffb1c0c29e14c7,0,0
support-final-3053f402dfffb1c0c29e14c7,1,0
support-final-3053f402dfffb1c0c29e14c7,2,0
support-final-3053f402dfffb1c0c29e14c7,3,0
support-final-3053f402dfffb1c0c29e14c7,4,0
support-final-3053f402dfffb1c0c29e14c7,5,0
support-final-3053f402dfffb1c0c29e14c7,6,0
support-final-3053f402dfffb1c0c29e14c7,7,0
support-final-3053f402dfffb1c0c29e14c7,8,0
support-final-3053f402dfffb1c0c29e14c7,9,0
support-final-3053f402dfffb1c0c29e14c7,10,0
support-final-7c6cdc8a97236fef8f4b3ad1,0,0
support-final-7c6cdc8a97236fef8f4b3ad1,1,1
support-final-7c6cdc8a97236fef8f4b3ad1,2,1
support-final-7c6cdc8a97236fef8f4b3ad1,3,2
support-final-7c6cdc8a97236fef8f4b3ad1,4,2
support-final-7c6cdc8a97236fef8f4b3ad1,5,2
support-final-7c6cdc8a97236fef8f4b3ad1,6,2
support-final-7c6cdc8a97236fef8f4b3ad1,7,2
support-final-7c6cdc8a97236fef8f4b3ad1,8,2
support-final-7c6cdc8a97236fef8f4b3ad1,9,2
support-final-7c6cdc8a97236fef8f4b3ad1,10,2
support-final-74fa15dc86babde87cd0cf0f,0,0
support-final-74fa15dc86babde87cd0cf0f,1,1
support-final-74fa15dc86babde87cd0cf0f,2,2
support-final-74fa15dc86babde87cd0cf0f,3,2
support-final-74fa15dc86babde87cd0cf0f,4,2
support-final-74fa15dc86babde87cd0cf0f,5,3
support-final-74fa15dc86babde87cd0cf0f,6,3
support-final-74fa15dc86babde87cd0cf0f,7,4
support-final-74fa15dc86babde87cd0cf0f,8,5
support-final-74fa15dc86babde87cd0cf0f,9,5
support-final-74fa15dc86babde87cd0cf0f,10,5
support-final-a0c9a6f4b1eec241747a6666,0,0
support-final-a0c9a6f4b1eec241747a6666,1,1
support-final-a0c9a6f4b1eec241747a6666,2,2
support-final-a0c9a6f4b1eec241747a6666,3,2
support-final-a0c9a6f4b1eec241747a6666,4,3
support-final-a0c9a6f4b1eec241747a6666,5,4
support-final-a0c9a6f4b1eec241747a6666,6,4
support-final-a0c9a6f4b1eec241747a6666,7,4
support-final-a0c9a6f4b1eec241747a6666,8,4
support-final-a0c9a6f4b1eec241747a6666,9,4
support-final-a0c9a6f4b1eec241747a6666,10,4
support-final-603d93a5e35b5c329bde3929,0,0
support-final-603d93a5e35b5c329bde3929,1,1
support-final-603d93a5e35b5c329bde3929,2,2
support-final-603d93a5e35b5c329bde3929,3,3
support-final-603d93a5e35b5c329bde3929,4,4
support-final-603d93a5e35b5c329bde3929,5,5
support-final-603d93a5e35b5c329bde3929,6,5
support-final-603d93a5e35b5c329bde3929,7,6
support-final-603d93a5e35b5c329bde3929,8,7
support-final-603d93a5e35b5c329bde3929,9,7
support-final-603d93a5e35b5c329bde3929,10,8
support-final-179fb1443eef703a0e7c9ccc,0,0
support-final-179fb1443eef703a0e7c9ccc,1,0
support-final-179fb1443eef703a0e7c9ccc,2,0
support-final-179fb1443eef703a0e7c9ccc,3,0
support-final-179fb1443eef703a0e7c9ccc,4,0
support-final-179fb1443eef703a0e7c9ccc,5,0
support-final-179fb1443eef703a0e7c9ccc,6,0
support-final-179fb1443eef703a0e7c9ccc,7,0
support-final-179fb1443eef703a0e7c9ccc,8,0
support-final-179fb1443eef703a0e7c9ccc,9,0
support-final-179fb1443eef703a0e7c9ccc,10,0
support-final-a691d7b00562ab02ca35448b,0,0
support-final-a691d7b00562ab02ca35448b,1,0
support-final-a691d7b00562ab02ca35448b,2,0
support-final-a691d7b00562ab02ca35448b,3,0
support-final-a691d7b00562ab02ca35448b,4,0
support-final-a691d7b00562ab02ca35448b,5,0
support-final-a691d7b00562ab02ca35448b,6,0
support-final-a691d7b00562ab02ca35448b,7,0
support-final-a691d7b00562ab02ca35448b,8,0
support-final-a691d7b00562ab02ca35448b,9,0
support-final-a691d7b00562ab02ca35448b,10,0
support-final-996fd07eaaf7cb2907789b15,0,0
support-final-996fd07eaaf7cb2907789b15,1,0
support-final-996fd07eaaf7cb2907789b15,2,0
support-final-996fd07eaaf7cb2907789b15,3,0
support-final-996fd07eaaf7cb2907789b15,4,0
support-final-996fd07eaaf7cb2907789b15,5,0
support-final-996fd07eaaf7cb2907789b15,6,0
support-final-996fd07eaaf7cb2907789b15,7,0
support-final-996fd07eaaf7cb2907789b15,8,0
support-final-996fd07eaaf7cb2907789b15,9,0
support-final-996fd07eaaf7cb2907789b15,10,0
support-final-f758821e9368aab76c064a86,0,0
support-final-f758821e9368aab76c064a86,1,0
support-final-f758821e9368aab76c064a86,2,0
support-final-f758821e9368aab76c064a86,3,0
support-final-f758821e9368aab76c064a86,4,0
support-final-f758821e9368aab76c064a86,5,0
support-final-f758821e9368aab76c064a86,6,0
support-final-f758821e9368aab76c064a86,7,0
support-final-f758821e9368aab76c064a86,8,0
support-final-f758821e9368aab76c064a86,9,0
support-final-f758821e9368aab76c064a86,10,0
support-final-01498c2ddb77faa27a1deb42,0,0
support-final-01498c2ddb77faa27a1deb42,1,0
support-final-01498c2ddb77faa27a1deb42,2,0
support-final-01498c2ddb77faa27a1deb42,3,0
support-final-01498c2ddb77faa27a1deb42,4,0
support-final-01498c2ddb77faa27a1deb42,5,0
support-final-01498c2ddb77faa27a1deb42,6,0
support-final-01498c2ddb77faa27a1deb42,7,0
support-final-01498c2ddb77faa27a1deb42,8,0
support-final-01498c2ddb77faa27a1deb42,9,0
support-final-01498c2ddb77faa27a1deb42,10,0
support-final-094f6fdded7b1754500bec8a,0,0
support-final-094f6fdded7b1754500bec8a,1,1
support-final-094f6fdded7b1754500bec8a,2,1
support-final-094f6fdded7b1754500bec8a,3,1
support-final-094f6fdded7b1754500bec8a,4,1
support-final-094f6fdded7b1754500bec8a,5,1
support-final-094f6fdded7b1754500bec8a,6,1
support-final-094f6fdded7b1754500bec8a,7,2
support-final-094f6fdded7b1754500bec8a,8,2
support-final-094f6fdded7b1754500bec8a,9,2
support-final-094f6fdded7b1754500bec8a,10,2
support-final-f93aa971ea63b91e0dc892b3,0,0
support-final-f93aa971ea63b91e0dc892b3,1,0
support-final-f93aa971ea63b91e0dc892b3,2,0
support-final-f93aa971ea63b91e0dc892b3,3,0
support-final-f93aa971ea63b91e0dc892b3,4,0
support-final-f93aa971ea63b91e0dc892b3,5,0
support-final-f93aa971ea63b91e0dc892b3,6,0
support-final-f93aa971ea63b91e0dc892b3,7,0
support-final-f93aa971ea63b91e0dc892b3,8,0
support-final-f93aa971ea63b91e0dc892b3,9,0
support-final-f93aa971ea63b91e0dc892b3,10,0
support-final-bcf7b2f58a7d35a63c9622c1,0,0
support-final-bcf7b2f58a7d35a63c9622c1,1,0
support-final-bcf7b2f58a7d35a63c9622c1,2,0
support-final-bcf7b2f58a7d35a63c9622c1,3,0
support-final-bcf7b2f58a7d35a63c9622c1,4,0
support-final-bcf7b2f58a7d35a63c9622c1,5,0
support-final-bcf7b2f58a7d35a63c9622c1,6,0
support-final-bcf7b2f58a7d35a63c9622c1,7,0
support-final-bcf7b2f58a7d35a63c9622c1,8,0
support-final-bcf7b2f58a7d35a63c9622c1,9,0
support-final-bcf7b2f58a7d35a63c9622c1,10,0
support-final-1a4204701592b08309618c74,0,0
support-final-1a4204701592b08309618c74,1,0
support-final-1a4204701592b08309618c74,2,0
support-final-1a4204701592b08309618c74,3,0
support-final-1a4204701592b08309618c74,4,0
support-final-1a4204701592b08309618c74,5,0
support-final-1a4204701592b08309618c74,6,0
support-final-1a4204701592b08309618c74,7,0
support-final-1a4204701592b08309618c74,8,0
support-final-1a4204701592b08309618c74,9,0
support-final-1a4204701592b08309618c74,10,0
support-final-b3d4545a74174065634e7517,0,0
support-final-b3d4545a74174065634e7517,1,0
support-final-b3d4545a74174065634e7517,2,0
support-final-b3d4545a74174065634e7517,3,0
support-final-b3d4545a74174065634e7517,4,0
support-final-b3d4545a74174065634e7517,5,0
support-final-b3d4545a74174065634e7517,6,0
support-final-b3d4545a74174065634e7517,7,0
support-final-b3d4545a74174065634e7517,8,0
support-final-b3d4545a74174065634e7517,9,0
support-final-b3d4545a74174065634e7517,10,0
support-final-d3ad42e7f0dde4d4ca7c4597,0,0
support-final-d3ad42e7f0dde4d4ca7c4597,1,1
support-final-d3ad42e7f0dde4d4ca7c4597,2,2
support-final-d3ad42e7f0dde4d4ca7c4597,3,2
support-final-d3ad42e7f0dde4d4ca7c4597,4,3
support-final-d3ad42e7f0dde4d4ca7c4597,5,3
support-final-d3ad42e7f0dde4d4ca7c4597,6,3
support-final-d3ad42e7f0dde4d4ca7c4597,7,4
support-final-d3ad42e7f0dde4d4ca7c4597,8,4
support-final-d3ad42e7f0dde4d4ca7c4597,9,5
support-final-d3ad42e7f0dde4d4ca7c4597,10,6
support-final-2c0f949340478ff86b9f81d9,0,0
support-final-2c0f949340478ff86b9f81d9,1,0
support-final-2c0f949340478ff86b9f81d9,2,0
support-final-2c0f949340478ff86b9f81d9,3,0
support-final-2c0f949340478ff86b9f81d9,4,0
support-final-2c0f949340478ff86b9f81d9,5,0
support-final-2c0f949340478ff86b9f81d9,6,0
support-final-2c0f949340478ff86b9f81d9,7,0
support-final-2c0f949340478ff86b9f81d9,8,0
support-final-2c0f949340478ff86b9f81d9,9,0
support-final-2c0f949340478ff86b9f81d9,10,0
support-final-b502ccb4f8782f2d8b1c3e47,0,0
support-final-b502ccb4f8782f2d8b1c3e47,1,0
support-final-b502ccb4f8782f2d8b1c3e47,2,0
support-final-b502ccb4f8782f2d8b1c3e47,3,0
support-final-b502ccb4f8782f2d8b1c3e47,4,0
support-final-b502ccb4f8782f2d8b1c3e47,5,0
support-final-b502ccb4f8782f2d8b1c3e47,6,0
support-final-b502ccb4f8782f2d8b1c3e47,7,0
support-final-b502ccb4f8782f2d8b1c3e47,8,0
support-final-b502ccb4f8782f2d8b1c3e47,9,0
support-final-b502ccb4f8782f2d8b1c3e47,10,0
support-final-acda679def71028b23706c2f,0,0
support-final-acda679def71028b23706c2f,1,0
support-final-acda679def71028b23706c2f,2,0
support-final-acda679def71028b23706c2f,3,0
support-final-acda679def71028b23706c2f,4,0
support-final-acda679def71028b23706c2f,5,0
support-final-acda679def71028b23706c2f,6,0
support-final-acda679def71028b23706c2f,7,0
support-final-acda679def71028b23706c2f,8,0
support-final-acda679def71028b23706c2f,9,0
support-final-acda679def71028b23706c2f,10,0
support-final-139ee2f3d70a9cf198c61482,0,0
support-final-139ee2f3d70a9cf198c61482,1,0
support-final-139ee2f3d70a9cf198c61482,2,0
support-final-139ee2f3d70a9cf198c61482,3,0
support-final-139ee2f3d70a9cf198c61482,4,0
support-final-139ee2f3d70a9cf198c61482,5,0
support-final-139ee2f3d70a9cf198c61482,6,0
support-final-139ee2f3d70a9cf198c61482,7,0
support-final-139ee2f3d70a9cf198c61482,8,0
support-final-139ee2f3d70a9cf198c61482,9,0
support-final-139ee2f3d70a9cf198c61482,10,0
support-final-a70e5a6dc09125ba1a1680b0,0,0
support-final-a70e5a6dc09125ba1a1680b0,1,0
support-final-a70e5a6dc09125ba1a1680b0,2,0
support-final-a70e5a6dc09125ba1a1680b0,3,0
support-final-a70e5a6dc09125ba1a1680b0,4,0
support-final-a70e5a6dc09125ba1a1680b0,5,0
support-final-a70e5a6dc09125ba1a1680b0,6,0
support-final-a70e5a6dc09125ba1a1680b0,7,0
support-final-a70e5a6dc09125ba1a1680b0,8,0
support-final-a70e5a6dc09125ba1a1680b0,9,0
support-final-a70e5a6dc09125ba1a1680b0,10,0
support-final-3cb8b37d578c7d91a04fef82,0,0
support-final-3cb8b37d578c7d91a04fef82,1,0
support-final-3cb8b37d578c7d91a04fef82,2,0
support-final-3cb8b37d578c7d91a04fef82,3,0
support-final-3cb8b37d578c7d91a04fef82,4,0
support-final-3cb8b37d578c7d91a04fef82,5,0
support-final-3cb8b37d578c7d91a04fef82,6,1
support-final-3cb8b37d578c7d91a04fef82,7,1
support-final-3cb8b37d578c7d91a04fef82,8,1
support-final-3cb8b37d578c7d91a04fef82,9,1
support-final-3cb8b37d578c7d91a04fef82,10,1
support-final-f9c14019936954a64d23b95b,0,0
support-final-f9c14019936954a64d23b95b,1,0
support-final-f9c14019936954a64d23b95b,2,0
support-final-f9c14019936954a64d23b95b,3,0
support-final-f9c14019936954a64d23b95b,4,0
support-final-f9c14019936954a64d23b95b,5,0
support-final-f9c14019936954a64d23b95b,6,0
support-final-f9c14019936954a64d23b95b,7,0
support-final-f9c14019936954a64d23b95b,8,0
support-final-f9c14019936954a64d23b95b,9,0
support-final-f9c14019936954a64d23b95b,10,0
support-final-c34e04be300f0c5f430c387c,0,0
support-final-c34e04be300f0c5f430c387c,1,0
support-final-c34e04be300f0c5f430c387c,2,0
support-final-c34e04be300f0c5f430c387c,3,0
support-final-c34e04be300f0c5f430c387c,4,0
support-final-c34e04be300f0c5f430c387c,5,0
support-final-c34e04be300f0c5f430c387c,6,0
support-final-c34e04be300f0c5f430c387c,7,0
support-final-c34e04be300f0c5f430c387c,8,0
support-final-c34e04be300f0c5f430c387c,9,0
support-final-c34e04be300f0c5f430c387c,10,0
support-final-6035442f1876211a63d2cc4e,0,0
support-final-6035442f1876211a63d2cc4e,1,0
support-final-6035442f1876211a63d2cc4e,2,0
support-final-6035442f1876211a63d2cc4e,3,0
support-final-6035442f1876211a63d2cc4e,4,0
support-final-6035442f1876211a63d2cc4e,5,0
support-final-6035442f1876211a63d2cc4e,6,0
support-final-6035442f1876211a63d2cc4e,7,0
support-final-6035442f1876211a63d2cc4e,8,0
support-final-6035442f1876211a63d2cc4e,9,0
support-final-6035442f1876211a63d2cc4e,10,0
support-final-4a84dce05fdc57c5272bb199,0,0
support-final-4a84dce05fdc57c5272bb199,1,0
support-final-4a84dce05fdc57c5272bb199,2,0
support-final-4a84dce05fdc57c5272bb199,3,0
support-final-4a84dce05fdc57c5272bb199,4,0
support-final-4a84dce05fdc57c5272bb199,5,0
support-final-4a84dce05fdc57c5272bb199,6,0
support-final-4a84dce05fdc57c5272bb199,7,0
support-final-4a84dce05fdc57c5272bb199,8,0
support-final-4a84dce05fdc57c5272bb199,9,0
support-final-4a84dce05fdc57c5272bb199,10,0
support-final-b8ea68c4cba1f93c238e3acd,0,0
support-final-b8ea68c4cba1f93c238e3acd,1,1
support-final-b8ea68c4cba1f93c238e3acd,2,2
support-final-b8ea68c4cba1f93c238e3acd,3,2
support-final-b8ea68c4cba1f93c238e3acd,4,2
support-final-b8ea68c4cba1f93c238e3acd,5,2
support-final-b8ea68c4cba1f93c238e3acd,6,2
support-final-b8ea68c4cba1f93c238e3acd,7,2
support-final-b8ea68c4cba1f93c238e3acd,8,3
support-final-b8ea68c4cba1f93c238e3acd,9,3
support-final-b8ea68c4cba1f93c238e3acd,10,3
support-final-3e91e70d18721910fb699c2a,0,0
support-final-3e91e70d18721910fb699c2a,1,0
support-final-3e91e70d18721910fb699c2a,2,0
support-final-3e91e70d18721910fb699c2a,3,0
support-final-3e91e70d18721910fb699c2a,4,0
support-final-3e91e70d18721910fb699c2a,5,0
support-final-3e91e70d18721910fb699c2a,6,0
support-final-3e91e70d18721910fb699c2a,7,0
support-final-3e91e70d18721910fb699c2a,8,0
support-final-3e91e70d18721910fb699c2a,9,0
support-final-3e91e70d18721910fb699c2a,10,0
support-final-c16688941b047acff551e984,0,0
support-final-c16688941b047acff551e984,1,0
support-final-c16688941b047acff551e984,2,1
support-final-c16688941b047acff551e984,3,1
support-final-c16688941b047acff551e984,4,1
support-final-c16688941b047acff551e984,5,1
support-final-c16688941b047acff551e984,6,1
support-final-c16688941b047acff551e984,7,1
support-final-c16688941b047acff551e984,8,1
support-final-c16688941b047acff551e984,9,1
support-final-c16688941b047acff551e984,10,1
support-final-d5b33bead70e71d6523996b6,0,0
support-final-d5b33bead70e71d6523996b6,1,0
support-final-d5b33bead70e71d6523996b6,2,0
support-final-d5b33bead70e71d6523996b6,3,0
support-final-d5b33bead70e71d6523996b6,4,0
support-final-d5b33bead70e71d6523996b6,5,0
support-final-d5b33bead70e71d6523996b6,6,0
support-final-d5b33bead70e71d6523996b6,7,0
support-final-d5b33bead70e71d6523996b6,8,0
support-final-d5b33bead70e71d6523996b6,9,0
support-final-d5b33bead70e71d6523996b6,10,0
support-final-22d6791bd1302b7ebe8b67c5,0,0
support-final-22d6791bd1302b7ebe8b67c5,1,0
support-final-22d6791bd1302b7ebe8b67c5,2,0
support-final-22d6791bd1302b7ebe8b67c5,3,0
support-final-22d6791bd1302b7ebe8b67c5,4,0
support-final-22d6791bd1302b7ebe8b67c5,5,0
support-final-22d6791bd1302b7ebe8b67c5,6,0
support-final-22d6791bd1302b7ebe8b67c5,7,0
support-final-22d6791bd1302b7ebe8b67c5,8,0
support-final-22d6791bd1302b7ebe8b67c5,9,0
support-final-22d6791bd1302b7ebe8b67c5,10,0
support-final-cb634779e3160937aaa14737,0,0
support-final-cb634779e3160937aaa14737,1,1
support-final-cb634779e3160937aaa14737,2,2
support-final-cb634779e3160937aaa14737,3,3
support-final-cb634779e3160937aaa14737,4,3
support-final-cb634779e3160937aaa14737,5,4
support-final-cb634779e3160937aaa14737,6,4
support-final-cb634779e3160937aaa14737,7,5
support-final-cb634779e3160937aaa14737,8,5
support-final-cb634779e3160937aaa14737,9,5
support-final-cb634779e3160937aaa14737,10,5
support-final-8a5008d6aedf9c3bb6698dd8,0,0
support-final-8a5008d6aedf9c3bb6698dd8,1,1
support-final-8a5008d6aedf9c3bb6698dd8,2,2
support-final-8a5008d6aedf9c3bb6698dd8,3,3
support-final-8a5008d6aedf9c3bb6698dd8,4,4
support-final-8a5008d6aedf9c3bb6698dd8,5,5
support-final-8a5008d6aedf9c3bb6698dd8,6,5
support-final-8a5008d6aedf9c3bb6698dd8,7,5
support-final-8a5008d6aedf9c3bb6698dd8,8,5
support-final-8a5008d6aedf9c3bb6698dd8,9,6
support-final-8a5008d6aedf9c3bb6698dd8,10,6
support-final-05b770bfb201ae399962b668,0,0
support-final-05b770bfb201ae399962b668,1,1
support-final-05b770bfb201ae399962b668,2,2
support-final-05b770bfb201ae399962b668,3,2
support-final-05b770bfb201ae399962b668,4,3
support-final-05b770bfb201ae399962b668,5,4
support-final-05b770bfb201ae399962b668,6,4
support-final-05b770bfb201ae399962b668,7,4
support-final-05b770bfb201ae399962b668,8,4
support-final-05b770bfb201ae399962b668,9,4
support-final-05b770bfb201ae399962b668,10,4
support-final-1230faa38294eb39582567a2,0,0
support-final-1230faa38294eb39582567a2,1,1
support-final-1230faa38294eb39582567a2,2,1
support-final-1230faa38294eb39582567a2,3,1
support-final-1230faa38294eb39582567a2,4,1
support-final-1230faa38294eb39582567a2,5,1
support-final-1230faa38294eb39582567a2,6,1
support-final-1230faa38294eb39582567a2,7,1
support-final-1230faa38294eb39582567a2,8,1
support-final-1230faa38294eb39582567a2,9,1
support-final-1230faa38294eb39582567a2,10,2
support-final-5a522916dc53b9344eb306e0,0,0
support-final-5a522916dc53b9344eb306e0,1,1
support-final-5a522916dc53b9344eb306e0,2,1
support-final-5a522916dc53b9344eb306e0,3,1
support-final-5a522916dc53b9344eb306e0,4,1
support-final-5a522916dc53b9344eb306e0,5,1
support-final-5a522916dc53b9344eb306e0,6,1
support-final-5a522916dc53b9344eb306e0,7,1
support-final-5a522916dc53b9344eb306e0,8,1
support-final-5a522916dc53b9344eb306e0,9,1
support-final-5a522916dc53b9344eb306e0,10,1
support-final-38ea190aea01208b504b7e67,0,0
support-final-38ea190aea01208b504b7e67,1,0
support-final-38ea190aea01208b504b7e67,2,0
support-final-38ea190aea01208b504b7e67,3,0
support-final-38ea190aea01208b504b7e67,4,0
support-final-38ea190aea01208b504b7e67,5,0
support-final-38ea190aea01208b504b7e67,6,0
support-final-38ea190aea01208b504b7e67,7,0
support-final-38ea190aea01208b504b7e67,8,0
support-final-38ea190aea01208b504b7e67,9,0
support-final-38ea190aea01208b504b7e67,10,0
support-final-143014aa4f55d18a31a946a7,0,0
support-final-143014aa4f55d18a31a946a7,1,0
support-final-143014aa4f55d18a31a946a7,2,0
support-final-143014aa4f55d18a31a946a7,3,0
support-final-143014aa4f55d18a31a946a7,4,0
support-final-143014aa4f55d18a31a946a7,5,0
support-final-143014aa4f55d18a31a946a7,6,0
support-final-143014aa4f55d18a31a946a7,7,0
support-final-143014aa4f55d18a31a946a7,8,0
support-final-143014aa4f55d18a31a946a7,9,0
support-final-143014aa4f55d18a31a946a7,10,0
support-final-9b536245bba7311a9eb330b9,0,0
support-final-9b536245bba7311a9eb330b9,1,0
support-final-9b536245bba7311a9eb330b9,2,0
support-final-9b536245bba7311a9eb330b9,3,0
support-final-9b536245bba7311a9eb330b9,4,0
support-final-9b536245bba7311a9eb330b9,5,0
support-final-9b536245bba7311a9eb330b9,6,0
support-final-9b536245bba7311a9eb330b9,7,0
support-final-9b536245bba7311a9eb330b9,8,0
support-final-9b536245bba7311a9eb330b9,9,0
support-final-9b536245bba7311a9eb330b9,10,0
support-final-0eeeebcbcb513163711bf78f,0,0
support-final-0eeeebcbcb513163711bf78f,1,0
support-final-0eeeebcbcb513163711bf78f,2,0
support-final-0eeeebcbcb513163711bf78f,3,0
support-final-0eeeebcbcb513163711bf78f,4,0
support-final-0eeeebcbcb513163711bf78f,5,0
support-final-0eeeebcbcb513163711bf78f,6,0
support-final-0eeeebcbcb513163711bf78f,7,0
support-final-0eeeebcbcb513163711bf78f,8,0
support-final-0eeeebcbcb513163711bf78f,9,0
support-final-0eeeebcbcb513163711bf78f,10,0
support-final-6bb0a076b6232bec5ff96921,0,0
support-final-6bb0a076b6232bec5ff96921,1,0
support-final-6bb0a076b6232bec5ff96921,2,1
support-final-6bb0a076b6232bec5ff96921,3,1
support-final-6bb0a076b6232bec5ff96921,4,2
support-final-6bb0a076b6232bec5ff96921,5,2
support-final-6bb0a076b6232bec5ff96921,6,2
support-final-6bb0a076b6232bec5ff96921,7,3
support-final-6bb0a076b6232bec5ff96921,8,3
support-final-6bb0a076b6232bec5ff96921,9,3
support-final-6bb0a076b6232bec5ff96921,10,3
support-final-2d4014c7978846e91f3dab05,0,0
support-final-2d4014c7978846e91f3dab05,1,0
support-final-2d4014c7978846e91f3dab05,2,0
support-final-2d4014c7978846e91f3dab05,3,0
support-final-2d4014c7978846e91f3dab05,4,1
support-final-2d4014c7978846e91f3dab05,5,1
support-final-2d4014c7978846e91f3dab05,6,1
support-final-2d4014c7978846e91f3dab05,7,1
support-final-2d4014c7978846e91f3dab05,8,1
support-final-2d4014c7978846e91f3dab05,9,1
support-final-2d4014c7978846e91f3dab05,10,1
support-final-4021a88126221d812fe08a76,0,0
support-final-4021a88126221d812fe08a76,1,0
support-final-4021a88126221d812fe08a76,2,0
support-final-4021a88126221d812fe08a76,3,0
support-final-4021a88126221d812fe08a76,4,0
support-final-4021a88126221d812fe08a76,5,0
support-final-4021a88126221d812fe08a76,6,0
support-final-4021a88126221d812fe08a76,7,0
support-final-4021a88126221d812fe08a76,8,0
support-final-4021a88126221d812fe08a76,9,0
support-final-4021a88126221d812fe08a76,10,0
support-final-932660a6fa441f99904de71b,0,0
support-final-932660a6fa441f99904de71b,1,0
support-final-932660a6fa441f99904de71b,2,0
support-final-932660a6fa441f99904de71b,3,0
support-final-932660a6fa441f99904de71b,4,0
support-final-932660a6fa441f99904de71b,5,0
support-final-932660a6fa441f99904de71b,6,0
support-final-932660a6fa441f99904de71b,7,0
support-final-932660a6fa441f99904de71b,8,0
support-final-932660a6fa441f99904de71b,9,0
support-final-932660a6fa441f99904de71b,10,0
support-final-66250ae605b9e37e542b9cd2,0,0
support-final-66250ae605b9e37e542b9cd2,1,0
support-final-66250ae605b9e37e542b9cd2,2,0
support-final-66250ae605b9e37e542b9cd2,3,1
support-final-66250ae605b9e37e542b9cd2,4,1
support-final-66250ae605b9e37e542b9cd2,5,1
support-final-66250ae605b9e37e542b9cd2,6,1
support-final-66250ae605b9e37e542b9cd2,7,1
support-final-66250ae605b9e37e542b9cd2,8,1
support-final-66250ae605b9e37e542b9cd2,9,1
support-final-66250ae605b9e37e542b9cd2,10,1
support-final-a84ecfe190c5f666f86c7897,0,0
support-final-a84ecfe190c5f666f86c7897,1,0
support-final-a84ecfe190c5f666f86c7897,2,0
support-final-a84ecfe190c5f666f86c7897,3,0
support-final-a84ecfe190c5f666f86c7897,4,0
support-final-a84ecfe190c5f666f86c7897,5,0
support-final-a84ecfe190c5f666f86c7897,6,0
support-final-a84ecfe190c5f666f86c7897,7,0
support-final-a84ecfe190c5f666f86c7897,8,0
support-final-a84ecfe190c5f666f86c7897,9,0
support-final-a84ecfe190c5f666f86c7897,10,0
support-final-304d099c8b2785f3801bd5d8,0,0
support-final-304d099c8b2785f3801bd5d8,1,0
support-final-304d099c8b2785f3801bd5d8,2,0
support-final-304d099c8b2785f3801bd5d8,3,0
support-final-304d099c8b2785f3801bd5d8,4,0
support-final-304d099c8b2785f3801bd5d8,5,0
support-final-304d099c8b2785f3801bd5d8,6,0
support-final-304d099c8b2785f3801bd5d8,7,0
support-final-304d099c8b2785f3801bd5d8,8,0
support-final-304d099c8b2785f3801bd5d8,9,0
support-final-304d099c8b2785f3801bd5d8,10,0
support-final-7c4947c7a9c0166118eab8e5,0,0
support-final-7c4947c7a9c0166118eab8e5,1,0
support-final-7c4947c7a9c0166118eab8e5,2,0
support-final-7c4947c7a9c0166118eab8e5,3,0
support-final-7c4947c7a9c0166118eab8e5,4,0
support-final-7c4947c7a9c0166118eab8e5,5,1
support-final-7c4947c7a9c0166118eab8e5,6,1
support-final-7c4947c7a9c0166118eab8e5,7,1
support-final-7c4947c7a9c0166118eab8e5,8,1
support-final-7c4947c7a9c0166118eab8e5,9,1
support-final-7c4947c7a9c0166118eab8e5,10,1
support-final-cda0e2a385af0e786df7d24a,0,0
support-final-cda0e2a385af0e786df7d24a,1,0
support-final-cda0e2a385af0e786df7d24a,2,0
support-final-cda0e2a385af0e786df7d24a,3,1
support-final-cda0e2a385af0e786df7d24a,4,2
support-final-cda0e2a385af0e786df7d24a,5,2
support-final-cda0e2a385af0e786df7d24a,6,2
support-final-cda0e2a385af0e786df7d24a,7,2
support-final-cda0e2a385af0e786df7d24a,8,2
support-final-cda0e2a385af0e786df7d24a,9,2
support-final-cda0e2a385af0e786df7d24a,10,2
support-final-8d9484c7a3dc0a3085dccdab,0,0
support-final-8d9484c7a3dc0a3085dccdab,1,1
support-final-8d9484c7a3dc0a3085dccdab,2,1
support-final-8d9484c7a3dc0a3085dccdab,3,1
support-final-8d9484c7a3dc0a3085dccdab,4,1
support-final-8d9484c7a3dc0a3085dccdab,5,1
support-final-8d9484c7a3dc0a3085dccdab,6,1
support-final-8d9484c7a3dc0a3085dccdab,7,2
support-final-8d9484c7a3dc0a3085dccdab,8,3
support-final-8d9484c7a3dc0a3085dccdab,9,4
support-final-8d9484c7a3dc0a3085dccdab,10,4
support-final-17ba56fb5d378648ebbbe7c8,0,0
support-final-17ba56fb5d378648ebbbe7c8,1,0
support-final-17ba56fb5d378648ebbbe7c8,2,0
support-final-17ba56fb5d378648ebbbe7c8,3,0
support-final-17ba56fb5d378648ebbbe7c8,4,0
support-final-17ba56fb5d378648ebbbe7c8,5,0
support-final-17ba56fb5d378648ebbbe7c8,6,0
support-final-17ba56fb5d378648ebbbe7c8,7,1
support-final-17ba56fb5d378648ebbbe7c8,8,1
support-final-17ba56fb5d378648ebbbe7c8,9,1
support-final-17ba56fb5d378648ebbbe7c8,10,1
support-final-f6823e6cdf872a727ba2d1e8,0,0
support-final-f6823e6cdf872a727ba2d1e8,1,0
support-final-f6823e6cdf872a727ba2d1e8,2,0
support-final-f6823e6cdf872a727ba2d1e8,3,0
support-final-f6823e6cdf872a727ba2d1e8,4,0
support-final-f6823e6cdf872a727ba2d1e8,5,0
support-final-f6823e6cdf872a727ba2d1e8,6,0
support-final-f6823e6cdf872a727ba2d1e8,7,0
support-final-f6823e6cdf872a727ba2d1e8,8,0
support-final-f6823e6cdf872a727ba2d1e8,9,0
support-final-f6823e6cdf872a727ba2d1e8,10,0
support-final-32b9c75a950dc72b690b9f75,0,0
support-final-32b9c75a950dc72b690b9f75,1,0
support-final-32b9c75a950dc72b690b9f75,2,0
support-final-32b9c75a950dc72b690b9f75,3,0
support-final-32b9c75a950dc72b690b9f75,4,0
support-final-32b9c75a950dc72b690b9f75,5,0
support-final-32b9c75a950dc72b690b9f75,6,0
support-final-32b9c75a950dc72b690b9f75,7,0
support-final-32b9c75a950dc72b690b9f75,8,0
support-final-32b9c75a950dc72b690b9f75,9,0
support-final-32b9c75a950dc72b690b9f75,10,0
support-final-fb69e77b7aee89ccf4423be0,0,0
support-final-fb69e77b7aee89ccf4423be0,1,0
support-final-fb69e77b7aee89ccf4423be0,2,0
support-final-fb69e77b7aee89ccf4423be0,3,0
support-final-fb69e77b7aee89ccf4423be0,4,0
support-final-fb69e77b7aee89ccf4423be0,5,0
support-final-fb69e77b7aee89ccf4423be0,6,0
support-final-fb69e77b7aee89ccf4423be0,7,0
support-final-fb69e77b7aee89ccf4423be0,8,0
support-final-fb69e77b7aee89ccf4423be0,9,0
support-final-fb69e77b7aee89ccf4423be0,10,0
support-final-af51ed342d33b26f2bb379d1,0,0
support-final-af51ed342d33b26f2bb379d1,1,1
support-final-af51ed342d33b26f2bb379d1,2,2
support-final-af51ed342d33b26f2bb379d1,3,2
support-final-af51ed342d33b26f2bb379d1,4,3
support-final-af51ed342d33b26f2bb379d1,5,3
support-final-af51ed342d33b26f2bb379d1,6,3
support-final-af51ed342d33b26f2bb379d1,7,3
support-final-af51ed342d33b26f2bb379d1,8,3
support-final-af51ed342d33b26f2bb379d1,9,3
support-final-af51ed342d33b26f2bb379d1,10,3
support-final-88231a22354b2636e4c97fea,0,0
support-final-88231a22354b2636e4c97fea,1,1
support-final-88231a22354b2636e4c97fea,2,1
support-final-88231a22354b2636e4c97fea,3,1
support-final-88231a22354b2636e4c97fea,4,2
support-final-88231a22354b2636e4c97fea,5,2
support-final-88231a22354b2636e4c97fea,6,2
support-final-88231a22354b2636e4c97fea,7,2
support-final-88231a22354b2636e4c97fea,8,2
support-final-88231a22354b2636e4c97fea,9,2
support-final-88231a22354b2636e4c97fea,10,3
support-final-616b831cc331015b008f716c,0,0
support-final-616b831cc331015b008f716c,1,1
support-final-616b831cc331015b008f716c,2,2
support-final-616b831cc331015b008f716c,3,2
support-final-616b831cc331015b008f716c,4,3
support-final-616b831cc331015b008f716c,5,3
support-final-616b831cc331015b008f716c,6,3
support-final-616b831cc331015b008f716c,7,3
support-final-616b831cc331015b008f716c,8,3
support-final-616b831cc331015b008f716c,9,4
support-final-616b831cc331015b008f716c,10,5
support-final-38f9461dae82598c89d645ea,0,0
support-final-38f9461dae82598c89d645ea,1,0
support-final-38f9461dae82598c89d645ea,2,0
support-final-38f9461dae82598c89d645ea,3,0
support-final-38f9461dae82598c89d645ea,4,0
support-final-38f9461dae82598c89d645ea,5,0
support-final-38f9461dae82598c89d645ea,6,0
support-final-38f9461dae82598c89d645ea,7,0
support-final-38f9461dae82598c89d645ea,8,1
support-final-38f9461dae82598c89d645ea,9,2
support-final-38f9461dae82598c89d645ea,10,3
support-final-94123f30d5f5618c1f669b29,0,0
support-final-94123f30d5f5618c1f669b29,1,0
support-final-94123f30d5f5618c1f669b29,2,0
support-final-94123f30d5f5618c1f669b29,3,0
support-final-94123f30d5f5618c1f669b29,4,0
support-final-94123f30d5f5618c1f669b29,5,0
support-final-94123f30d5f5618c1f669b29,6,0
support-final-94123f30d5f5618c1f669b29,7,0
support-final-94123f30d5f5618c1f669b29,8,0
support-final-94123f30d5f5618c1f669b29,9,0
support-final-94123f30d5f5618c1f669b29,10,0
support-final-78dcf45418fea8678fe997fa,0,0
support-final-78dcf45418fea8678fe997fa,1,0
support-final-78dcf45418fea8678fe997fa,2,0
support-final-78dcf45418fea8678fe997fa,3,0
support-final-78dcf45418fea8678fe997fa,4,0
support-final-78dcf45418fea8678fe997fa,5,0
support-final-78dcf45418fea8678fe997fa,6,0
support-final-78dcf45418fea8678fe997fa,7,0
support-final-78dcf45418fea8678fe997fa,8,0
support-final-78dcf45418fea8678fe997fa,9,0
support-final-78dcf45418fea8678fe997fa,10,0
support-final-11d1fb0da6efb51372274b75,0,0
support-final-11d1fb0da6efb51372274b75,1,0
support-final-11d1fb0da6efb51372274b75,2,0
support-final-11d1fb0da6efb51372274b75,3,0
support-final-11d1fb0da6efb51372274b75,4,0
support-final-11d1fb0da6efb51372274b75,5,0
support-final-11d1fb0da6efb51372274b75,6,0
support-final-11d1fb0da6efb51372274b75,7,0
support-final-11d1fb0da6efb51372274b75,8,0
support-final-11d1fb0da6efb51372274b75,9,0
support-final-11d1fb0da6efb51372274b75,10,0
support-final-d77834ef35b45ec89bc441bf,0,0
support-final-d77834ef35b45ec89bc441bf,1,0
support-final-d77834ef35b45ec89bc441bf,2,0
support-final-d77834ef35b45ec89bc441bf,3,0
support-final-d77834ef35b45ec89bc441bf,4,0
support-final-d77834ef35b45ec89bc441bf,5,0
support-final-d77834ef35b45ec89bc441bf,6,0
support-final-d77834ef35b45ec89bc441bf,7,0
support-final-d77834ef35b45ec89bc441bf,8,0
support-final-d77834ef35b45ec89bc441bf,9,0
support-final-d77834ef35b45ec89bc441bf,10,0
support-final-c8368ecb79793f58c6fb9e1d,0,0
support-final-c8368ecb79793f58c6fb9e1d,1,0
support-final-c8368ecb79793f58c6fb9e1d,2,0
support-final-c8368ecb79793f58c6fb9e1d,3,0
support-final-c8368ecb79793f58c6fb9e1d,4,0
support-final-c8368ecb79793f58c6fb9e1d,5,0
support-final-c8368ecb79793f58c6fb9e1d,6,0
support-final-c8368ecb79793f58c6fb9e1d,7,0
support-final-c8368ecb79793f58c6fb9e1d,8,0
support-final-c8368ecb79793f58c6fb9e1d,9,0
support-final-c8368ecb79793f58c6fb9e1d,10,0
support-final-c09bab44c8ff79feca6fce50,0,0
support-final-c09bab44c8ff79feca6fce50,1,0
support-final-c09bab44c8ff79feca6fce50,2,0
support-final-c09bab44c8ff79feca6fce50,3,0
support-final-c09bab44c8ff79feca6fce50,4,0
support-final-c09bab44c8ff79feca6fce50,5,0
support-final-c09bab44c8ff79feca6fce50,6,0
support-final-c09bab44c8ff79feca6fce50,7,0
support-final-c09bab44c8ff79feca6fce50,8,0
support-final-c09bab44c8ff79feca6fce50,9,0
support-final-c09bab44c8ff79feca6fce50,10,0
support-final-68c4bdcc7cbe6c5417bc18b6,0,0
support-final-68c4bdcc7cbe6c5417bc18b6,1,0
support-final-68c4bdcc7cbe6c5417bc18b6,2,0
support-final-68c4bdcc7cbe6c5417bc18b6,3,0
support-final-68c4bdcc7cbe6c5417bc18b6,4,0
support-final-68c4bdcc7cbe6c5417bc18b6,5,0
support-final-68c4bdcc7cbe6c5417bc18b6,6,0
support-final-68c4bdcc7cbe6c5417bc18b6,7,0
support-final-68c4bdcc7cbe6c5417bc18b6,8,0
support-final-68c4bdcc7cbe6c5417bc18b6,9,0
support-final-68c4bdcc7cbe6c5417bc18b6,10,0
support-final-30f1e953c1dbaef67ba1cbfd,0,0
support-final-30f1e953c1dbaef67ba1cbfd,1,1
support-final-30f1e953c1dbaef67ba1cbfd,2,2
support-final-30f1e953c1dbaef67ba1cbfd,3,3
support-final-30f1e953c1dbaef67ba1cbfd,4,3
support-final-30f1e953c1dbaef67ba1cbfd,5,3
support-final-30f1e953c1dbaef67ba1cbfd,6,3
support-final-30f1e953c1dbaef67ba1cbfd,7,3
support-final-30f1e953c1dbaef67ba1cbfd,8,3
support-final-30f1e953c1dbaef67ba1cbfd,9,3
support-final-30f1e953c1dbaef67ba1cbfd,10,3
support-final-142035217f6f1e4225b00a40,0,0
support-final-142035217f6f1e4225b00a40,1,0
support-final-142035217f6f1e4225b00a40,2,0
support-final-142035217f6f1e4225b00a40,3,0
support-final-142035217f6f1e4225b00a40,4,0
support-final-142035217f6f1e4225b00a40,5,0
support-final-142035217f6f1e4225b00a40,6,0
support-final-142035217f6f1e4225b00a40,7,0
support-final-142035217f6f1e4225b00a40,8,0
support-final-142035217f6f1e4225b00a40,9,0
support-final-142035217f6f1e4225b00a40,10,0
support-final-9bb7926ba1d6632718ebbc3a,0,0
support-final-9bb7926ba1d6632718ebbc3a,1,1
support-final-9bb7926ba1d6632718ebbc3a,2,1
support-final-9bb7926ba1d6632718ebbc3a,3,2
support-final-9bb7926ba1d6632718ebbc3a,4,2
support-final-9bb7926ba1d6632718ebbc3a,5,2
support-final-9bb7926ba1d6632718ebbc3a,6,3
support-final-9bb7926ba1d6632718ebbc3a,7,3
support-final-9bb7926ba1d6632718ebbc3a,8,3
support-final-9bb7926ba1d6632718ebbc3a,9,3
support-final-9bb7926ba1d6632718ebbc3a,10,3
support-final-28b4fd45d1819442599e5943,0,0
support-final-28b4fd45d1819442599e5943,1,0
support-final-28b4fd45d1819442599e5943,2,0
support-final-28b4fd45d1819442599e5943,3,0
support-final-28b4fd45d1819442599e5943,4,0
support-final-28b4fd45d1819442599e5943,5,0
support-final-28b4fd45d1819442599e5943,6,0
support-final-28b4fd45d1819442599e5943,7,0
support-final-28b4fd45d1819442599e5943,8,0
support-final-28b4fd45d1819442599e5943,9,0
support-final-28b4fd45d1819442599e5943,10,0
support-final-2102d03048df4cb242e0ff09,0,0
support-final-2102d03048df4cb242e0ff09,1,0
support-final-2102d03048df4cb242e0ff09,2,0
support-final-2102d03048df4cb242e0ff09,3,0
support-final-2102d03048df4cb242e0ff09,4,0
support-final-2102d03048df4cb242e0ff09,5,0
support-final-2102d03048df4cb242e0ff09,6,0
support-final-2102d03048df4cb242e0ff09,7,0
support-final-2102d03048df4cb242e0ff09,8,0
support-final-2102d03048df4cb242e0ff09,9,0
support-final-2102d03048df4cb242e0ff09,10,0
support-final-1674c98146b1c7b360ca7907,0,0
support-final-1674c98146b1c7b360ca7907,1,0
support-final-1674c98146b1c7b360ca7907,2,0
support-final-1674c98146b1c7b360ca7907,3,0
support-final-1674c98146b1c7b360ca7907,4,0
support-final-1674c98146b1c7b360ca7907,5,0
support-final-1674c98146b1c7b360ca7907,6,0
support-final-1674c98146b1c7b360ca7907,7,0
support-final-1674c98146b1c7b360ca7907,8,0
support-final-1674c98146b1c7b360ca7907,9,0
support-final-1674c98146b1c7b360ca7907,10,0
support-final-d1780b8b95311989d6038d2c,0,0
support-final-d1780b8b95311989d6038d2c,1,0
support-final-d1780b8b95311989d6038d2c,2,0
support-final-d1780b8b95311989d6038d2c,3,0
support-final-d1780b8b95311989d6038d2c,4,0
support-final-d1780b8b95311989d6038d2c,5,0
support-final-d1780b8b95311989d6038d2c,6,0
support-final-d1780b8b95311989d6038d2c,7,0
support-final-d1780b8b95311989d6038d2c,8,0
support-final-d1780b8b95311989d6038d2c,9,0
support-final-d1780b8b95311989d6038d2c,10,0
