job_id,query,SUN
component-final-32355a4d9bcc6137d52ada7b,0,0
component-final-32355a4d9bcc6137d52ada7b,1,0
component-final-32355a4d9bcc6137d52ada7b,2,0
component-final-32355a4d9bcc6137d52ada7b,3,0
component-final-32355a4d9bcc6137d52ada7b,4,0
component-final-32355a4d9bcc6137d52ada7b,5,0
component-final-32355a4d9bcc6137d52ada7b,6,0
component-final-32355a4d9bcc6137d52ada7b,7,0
component-final-32355a4d9bcc6137d52ada7b,8,0
component-final-32355a4d9bcc6137d52ada7b,9,0
component-final-32355a4d9bcc6137d52ada7b,10,0
component-final-50555fb4776e15c94b4beec9,0,0
component-final-50555fb4776e15c94b4beec9,1,1
component-final-50555fb4776e15c94b4beec9,2,2
component-final-50555fb4776e15c94b4beec9,3,2
component-final-50555fb4776e15c94b4beec9,4,3
component-final-50555fb4776e15c94b4beec9,5,3
component-final-50555fb4776e15c94b4beec9,6,3
component-final-50555fb4776e15c94b4beec9,7,3
component-final-50555fb4776e15c94b4beec9,8,3
component-final-50555fb4776e15c94b4beec9,9,3
component-final-50555fb4776e15c94b4beec9,10,4
component-final-829f81d1c8b6dff9869aa711,0,0
component-final-829f81d1c8b6dff9869aa711,1,0
component-final-829f81d1c8b6dff9869aa711,2,0
component-final-829f81d1c8b6dff9869aa711,3,0
component-final-829f81d1c8b6dff9869aa711,4,1
component-final-829f81d1c8b6dff9869aa711,5,1
component-final-829f81d1c8b6dff9869aa711,6,1
component-final-829f81d1c8b6dff9869aa711,7,2
component-final-829f81d1c8b6dff9869aa711,8,3
component-final-829f81d1c8b6dff9869aa711,9,3
component-final-829f81d1c8b6dff9869aa711,10,4
component-final-2dce2a3709aad3945727809d,0,0
component-final-2dce2a3709aad3945727809d,1,0
component-final-2dce2a3709aad3945727809d,2,0
component-final-2dce2a3709aad3945727809d,3,0
component-final-2dce2a3709aad3945727809d,4,0
component-final-2dce2a3709aad3945727809d,5,0
component-final-2dce2a3709aad3945727809d,6,0
component-final-2dce2a3709aad3945727809d,7,0
component-final-2dce2a3709aad3945727809d,8,0
component-final-2dce2a3709aad3945727809d,9,0
component-final-2dce2a3709aad3945727809d,10,0
component-final-a8630b6c09e7eed6994a9658,0,0
component-final-a8630b6c09e7eed6994a9658,1,0
component-final-a8630b6c09e7eed6994a9658,2,0
component-final-a8630b6c09e7eed6994a9658,3,0
component-final-a8630b6c09e7eed6994a9658,4,0
component-final-a8630b6c09e7eed6994a9658,5,0
component-final-a8630b6c09e7eed6994a9658,6,0
component-final-a8630b6c09e7eed6994a9658,7,0
component-final-a8630b6c09e7eed6994a9658,8,0
component-final-a8630b6c09e7eed6994a9658,9,0
component-final-a8630b6c09e7eed6994a9658,10,0
component-final-768072dbaebb53494719e468,0,0
component-final-768072dbaebb53494719e468,1,0
component-final-768072dbaebb53494719e468,2,0
component-final-768072dbaebb53494719e468,3,0
component-final-768072dbaebb53494719e468,4,0
component-final-768072dbaebb53494719e468,5,0
component-final-768072dbaebb53494719e468,6,0
component-final-768072dbaebb53494719e468,7,0
component-final-768072dbaebb53494719e468,8,0
component-final-768072dbaebb53494719e468,9,0
component-final-768072dbaebb53494719e468,10,0
component-final-43aa37d047cc1f695b405364,0,0
component-final-43aa37d047cc1f695b405364,1,0
component-final-43aa37d047cc1f695b405364,2,1
component-final-43aa37d047cc1f695b405364,3,1
component-final-43aa37d047cc1f695b405364,4,1
component-final-43aa37d047cc1f695b405364,5,1
component-final-43aa37d047cc1f695b405364,6,2
component-final-43aa37d047cc1f695b405364,7,2
component-final-43aa37d047cc1f695b405364,8,3
component-final-43aa37d047cc1f695b405364,9,3
component-final-43aa37d047cc1f695b405364,10,4
component-final-ad88bcc33aed1830b5c23909,0,0
component-final-ad88bcc33aed1830b5c23909,1,1
component-final-ad88bcc33aed1830b5c23909,2,2
component-final-ad88bcc33aed1830b5c23909,3,3
component-final-ad88bcc33aed1830b5c23909,4,3
component-final-ad88bcc33aed1830b5c23909,5,3
component-final-ad88bcc33aed1830b5c23909,6,3
component-final-ad88bcc33aed1830b5c23909,7,3
component-final-ad88bcc33aed1830b5c23909,8,4
component-final-ad88bcc33aed1830b5c23909,9,4
component-final-ad88bcc33aed1830b5c23909,10,5
component-final-3d03035528cf4d1c96e2f688,0,0
component-final-3d03035528cf4d1c96e2f688,1,1
component-final-3d03035528cf4d1c96e2f688,2,2
component-final-3d03035528cf4d1c96e2f688,3,3
component-final-3d03035528cf4d1c96e2f688,4,3
component-final-3d03035528cf4d1c96e2f688,5,4
component-final-3d03035528cf4d1c96e2f688,6,5
component-final-3d03035528cf4d1c96e2f688,7,6
component-final-3d03035528cf4d1c96e2f688,8,6
component-final-3d03035528cf4d1c96e2f688,9,6
component-final-3d03035528cf4d1c96e2f688,10,6
component-final-f5130b9d1e96a3a3e587815c,0,0
component-final-f5130b9d1e96a3a3e587815c,1,1
component-final-f5130b9d1e96a3a3e587815c,2,1
component-final-f5130b9d1e96a3a3e587815c,3,2
component-final-f5130b9d1e96a3a3e587815c,4,2
component-final-f5130b9d1e96a3a3e587815c,5,2
component-final-f5130b9d1e96a3a3e587815c,6,3
component-final-f5130b9d1e96a3a3e587815c,7,4
component-final-f5130b9d1e96a3a3e587815c,8,4
component-final-f5130b9d1e96a3a3e587815c,9,5
component-final-f5130b9d1e96a3a3e587815c,10,6
component-final-6c30e36bb5b40e6b0e509b55,0,0
component-final-6c30e36bb5b40e6b0e509b55,1,0
component-final-6c30e36bb5b40e6b0e509b55,2,0
component-final-6c30e36bb5b40e6b0e509b55,3,0
component-final-6c30e36bb5b40e6b0e509b55,4,0
component-final-6c30e36bb5b40e6b0e509b55,5,0
component-final-6c30e36bb5b40e6b0e509b55,6,0
component-final-6c30e36bb5b40e6b0e509b55,7,0
component-final-6c30e36bb5b40e6b0e509b55,8,0
component-final-6c30e36bb5b40e6b0e509b55,9,0
component-final-6c30e36bb5b40e6b0e509b55,10,0
component-final-d162af62e35cb5b102460cac,0,0
component-final-d162af62e35cb5b102460cac,1,0
component-final-d162af62e35cb5b102460cac,2,0
component-final-d162af62e35cb5b102460cac,3,0
component-final-d162af62e35cb5b102460cac,4,0
component-final-d162af62e35cb5b102460cac,5,1
component-final-d162af62e35cb5b102460cac,6,1
component-final-d162af62e35cb5b102460cac,7,1
component-final-d162af62e35cb5b102460cac,8,1
component-final-d162af62e35cb5b102460cac,9,1
component-final-d162af62e35cb5b102460cac,10,1
component-final-e055a90cdea61f8b88b11b9d,0,0
component-final-e055a90cdea61f8b88b11b9d,1,0
component-final-e055a90cdea61f8b88b11b9d,2,0
component-final-e055a90cdea61f8b88b11b9d,3,0
component-final-e055a90cdea61f8b88b11b9d,4,0
component-final-e055a90cdea61f8b88b11b9d,5,0
component-final-e055a90cdea61f8b88b11b9d,6,0
component-final-e055a90cdea61f8b88b11b9d,7,0
component-final-e055a90cdea61f8b88b11b9d,8,0
component-final-e055a90cdea61f8b88b11b9d,9,0
component-final-e055a90cdea61f8b88b11b9d,10,0
component-final-dc0be1ae32cc4968091e77db,0,0
component-final-dc0be1ae32cc4968091e77db,1,0
component-final-dc0be1ae32cc4968091e77db,2,0
component-final-dc0be1ae32cc4968091e77db,3,0
component-final-dc0be1ae32cc4968091e77db,4,0
component-final-dc0be1ae32cc4968091e77db,5,0
component-final-dc0be1ae32cc4968091e77db,6,0
component-final-dc0be1ae32cc4968091e77db,7,0
component-final-dc0be1ae32cc4968091e77db,8,0
component-final-dc0be1ae32cc4968091e77db,9,0
component-final-dc0be1ae32cc4968091e77db,10,0
component-final-d0e5088457f94df5fb734d2f,0,0
component-final-d0e5088457f94df5fb734d2f,1,0
component-final-d0e5088457f94df5fb734d2f,2,0
component-final-d0e5088457f94df5fb734d2f,3,0
component-final-d0e5088457f94df5fb734d2f,4,0
component-final-d0e5088457f94df5fb734d2f,5,0
component-final-d0e5088457f94df5fb734d2f,6,0
component-final-d0e5088457f94df5fb734d2f,7,0
component-final-d0e5088457f94df5fb734d2f,8,0
component-final-d0e5088457f94df5fb734d2f,9,0
component-final-d0e5088457f94df5fb734d2f,10,0
component-final-f7815acc56142f0958252762,0,0
component-final-f7815acc56142f0958252762,1,0
component-final-f7815acc56142f0958252762,2,1
component-final-f7815acc56142f0958252762,3,1
component-final-f7815acc56142f0958252762,4,1
component-final-f7815acc56142f0958252762,5,1
component-final-f7815acc56142f0958252762,6,1
component-final-f7815acc56142f0958252762,7,2
component-final-f7815acc56142f0958252762,8,3
component-final-f7815acc56142f0958252762,9,3
component-final-f7815acc56142f0958252762,10,3
component-final-251fda107f2a15d6293fdf18,0,0
component-final-251fda107f2a15d6293fdf18,1,0
component-final-251fda107f2a15d6293fdf18,2,0
component-final-251fda107f2a15d6293fdf18,3,0
component-final-251fda107f2a15d6293fdf18,4,0
component-final-251fda107f2a15d6293fdf18,5,0
component-final-251fda107f2a15d6293fdf18,6,0
component-final-251fda107f2a15d6293fdf18,7,1
component-final-251fda107f2a15d6293fdf18,8,1
component-final-251fda107f2a15d6293fdf18,9,1
component-final-251fda107f2a15d6293fdf18,10,1
component-final-e1e2584451753c9a68515b9c,0,0
component-final-e1e2584451753c9a68515b9c,1,0
component-final-e1e2584451753c9a68515b9c,2,0
component-final-e1e2584451753c9a68515b9c,3,0
component-final-e1e2584451753c9a68515b9c,4,0
component-final-e1e2584451753c9a68515b9c,5,0
component-final-e1e2584451753c9a68515b9c,6,0
component-final-e1e2584451753c9a68515b9c,7,0
component-final-e1e2584451753c9a68515b9c,8,0
component-final-e1e2584451753c9a68515b9c,9,0
component-final-e1e2584451753c9a68515b9c,10,0
component-final-bc6d03adbbf9025116dc3880,0,0
component-final-bc6d03adbbf9025116dc3880,1,0
component-final-bc6d03adbbf9025116dc3880,2,0
component-final-bc6d03adbbf9025116dc3880,3,0
component-final-bc6d03adbbf9025116dc3880,4,0
component-final-bc6d03adbbf9025116dc3880,5,0
component-final-bc6d03adbbf9025116dc3880,6,0
component-final-bc6d03adbbf9025116dc3880,7,0
component-final-bc6d03adbbf9025116dc3880,8,0
component-final-bc6d03adbbf9025116dc3880,9,0
component-final-bc6d03adbbf9025116dc3880,10,0
component-final-6f752c4aa7ce2b59b8b786ac,0,0
component-final-6f752c4aa7ce2b59b8b786ac,1,0
component-final-6f752c4aa7ce2b59b8b786ac,2,0
component-final-6f752c4aa7ce2b59b8b786ac,3,0
component-final-6f752c4aa7ce2b59b8b786ac,4,0
component-final-6f752c4aa7ce2b59b8b786ac,5,0
component-final-6f752c4aa7ce2b59b8b786ac,6,0
component-final-6f752c4aa7ce2b59b8b786ac,7,0
component-final-6f752c4aa7ce2b59b8b786ac,8,0
component-final-6f752c4aa7ce2b59b8b786ac,9,0
component-final-6f752c4aa7ce2b59b8b786ac,10,0
component-final-6d5473721558c3870efb2bf0,0,0
component-final-6d5473721558c3870efb2bf0,1,1
component-final-6d5473721558c3870efb2bf0,2,1
component-final-6d5473721558c3870efb2bf0,3,1
component-final-6d5473721558c3870efb2bf0,4,1
component-final-6d5473721558c3870efb2bf0,5,1
component-final-6d5473721558c3870efb2bf0,6,1
component-final-6d5473721558c3870efb2bf0,7,1
component-final-6d5473721558c3870efb2bf0,8,1
component-final-6d5473721558c3870efb2bf0,9,1
component-final-6d5473721558c3870efb2bf0,10,1
component-final-65359526d44b738db68c8fa8,0,0
component-final-65359526d44b738db68c8fa8,1,1
component-final-65359526d44b738db68c8fa8,2,2
component-final-65359526d44b738db68c8fa8,3,2
component-final-65359526d44b738db68c8fa8,4,3
component-final-65359526d44b738db68c8fa8,5,4
component-final-65359526d44b738db68c8fa8,6,5
component-final-65359526d44b738db68c8fa8,7,5
component-final-65359526d44b738db68c8fa8,8,6
component-final-65359526d44b738db68c8fa8,9,7
component-final-65359526d44b738db68c8fa8,10,7
component-final-c17930ac49e496ac3296f57e,0,0
component-final-c17930ac49e496ac3296f57e,1,0
component-final-c17930ac49e496ac3296f57e,2,0
component-final-c17930ac49e496ac3296f57e,3,0
component-final-c17930ac49e496ac3296f57e,4,0
component-final-c17930ac49e496ac3296f57e,5,0
component-final-c17930ac49e496ac3296f57e,6,0
component-final-c17930ac49e496ac3296f57e,7,0
component-final-c17930ac49e496ac3296f57e,8,0
component-final-c17930ac49e496ac3296f57e,9,0
component-final-c17930ac49e496ac3296f57e,10,0
component-final-b28b5fc4a83fc07263b11366,0,0
component-final-b28b5fc4a83fc07263b11366,1,0
component-final-b28b5fc4a83fc07263b11366,2,0
component-final-b28b5fc4a83fc07263b11366,3,0
component-final-b28b5fc4a83fc07263b11366,4,0
component-final-b28b5fc4a83fc07263b11366,5,0
component-final-b28b5fc4a83fc07263b11366,6,0
component-final-b28b5fc4a83fc07263b11366,7,0
component-final-b28b5fc4a83fc07263b11366,8,0
component-final-b28b5fc4a83fc07263b11366,9,0
component-final-b28b5fc4a83fc07263b11366,10,0
component-final-ff1bf155652c3164bdcac333,0,0
component-final-ff1bf155652c3164bdcac333,1,0
component-final-ff1bf155652c3164bdcac333,2,0
component-final-ff1bf155652c3164bdcac333,3,0
component-final-ff1bf155652c3164bdcac333,4,0
component-final-ff1bf155652c3164bdcac333,5,0
component-final-ff1bf155652c3164bdcac333,6,0
component-final-ff1bf155652c3164bdcac333,7,0
component-final-ff1bf155652c3164bdcac333,8,0
component-final-ff1bf155652c3164bdcac333,9,0
component-final-ff1bf155652c3164bdcac333,10,0
component-final-a4458e0626fe8a328d9edd53,0,0
component-final-a4458e0626fe8a328d9edd53,1,0
component-final-a4458e0626fe8a328d9edd53,2,0
component-final-a4458e0626fe8a328d9edd53,3,0
component-final-a4458e0626fe8a328d9edd53,4,0
component-final-a4458e0626fe8a328d9edd53,5,0
component-final-a4458e0626fe8a328d9edd53,6,0
component-final-a4458e0626fe8a328d9edd53,7,0
component-final-a4458e0626fe8a328d9edd53,8,0
component-final-a4458e0626fe8a328d9edd53,9,0
component-final-a4458e0626fe8a328d9edd53,10,0
component-final-653fb02cf18ab896913d4264,0,0
component-final-653fb02cf18ab896913d4264,1,1
component-final-653fb02cf18ab896913d4264,2,1
component-final-653fb02cf18ab896913d4264,3,2
component-final-653fb02cf18ab896913d4264,4,2
component-final-653fb02cf18ab896913d4264,5,2
component-final-653fb02cf18ab896913d4264,6,2
component-final-653fb02cf18ab896913d4264,7,2
component-final-653fb02cf18ab896913d4264,8,2
component-final-653fb02cf18ab896913d4264,9,2
component-final-653fb02cf18ab896913d4264,10,2
component-final-a513710c85a55f372c5d8c88,0,0
component-final-a513710c85a55f372c5d8c88,1,0
component-final-a513710c85a55f372c5d8c88,2,0
component-final-a513710c85a55f372c5d8c88,3,0
component-final-a513710c85a55f372c5d8c88,4,0
component-final-a513710c85a55f372c5d8c88,5,0
component-final-a513710c85a55f372c5d8c88,6,0
component-final-a513710c85a55f372c5d8c88,7,0
component-final-a513710c85a55f372c5d8c88,8,0
component-final-a513710c85a55f372c5d8c88,9,0
component-final-a513710c85a55f372c5d8c88,10,0
component-final-9cf49217c4fb8cde38e7330c,0,0
component-final-9cf49217c4fb8cde38e7330c,1,1
component-final-9cf49217c4fb8cde38e7330c,2,1
component-final-9cf49217c4fb8cde38e7330c,3,1
component-final-9cf49217c4fb8cde38e7330c,4,1
component-final-9cf49217c4fb8cde38e7330c,5,2
component-final-9cf49217c4fb8cde38e7330c,6,2
component-final-9cf49217c4fb8cde38e7330c,7,2
component-final-9cf49217c4fb8cde38e7330c,8,2
component-final-9cf49217c4fb8cde38e7330c,9,3
component-final-9cf49217c4fb8cde38e7330c,10,4
component-final-6d5788088f572deb59826e4b,0,0
component-final-6d5788088f572deb59826e4b,1,0
component-final-6d5788088f572deb59826e4b,2,1
component-final-6d5788088f572deb59826e4b,3,1
component-final-6d5788088f572deb59826e4b,4,1
component-final-6d5788088f572deb59826e4b,5,1
component-final-6d5788088f572deb59826e4b,6,1
component-final-6d5788088f572deb59826e4b,7,1
component-final-6d5788088f572deb59826e4b,8,1
component-final-6d5788088f572deb59826e4b,9,1
component-final-6d5788088f572deb59826e4b,10,1
component-final-2e27f5563acb699daae1d131,0,0
component-final-2e27f5563acb699daae1d131,1,0
component-final-2e27f5563acb699daae1d131,2,0
component-final-2e27f5563acb699daae1d131,3,1
component-final-2e27f5563acb699daae1d131,4,1
component-final-2e27f5563acb699daae1d131,5,1
component-final-2e27f5563acb699daae1d131,6,1
component-final-2e27f5563acb699daae1d131,7,1
component-final-2e27f5563acb699daae1d131,8,1
component-final-2e27f5563acb699daae1d131,9,1
component-final-2e27f5563acb699daae1d131,10,1
component-final-b20a8fccedb10da7d5ed97a6,0,0
component-final-b20a8fccedb10da7d5ed97a6,1,1
component-final-b20a8fccedb10da7d5ed97a6,2,1
component-final-b20a8fccedb10da7d5ed97a6,3,2
component-final-b20a8fccedb10da7d5ed97a6,4,2
component-final-b20a8fccedb10da7d5ed97a6,5,2
component-final-b20a8fccedb10da7d5ed97a6,6,2
component-final-b20a8fccedb10da7d5ed97a6,7,3
component-final-b20a8fccedb10da7d5ed97a6,8,4
component-final-b20a8fccedb10da7d5ed97a6,9,4
component-final-b20a8fccedb10da7d5ed97a6,10,4
component-final-637e688029854bff551ffb68,0,0
component-final-637e688029854bff551ffb68,1,1
component-final-637e688029854bff551ffb68,2,1
component-final-637e688029854bff551ffb68,3,1
component-final-637e688029854bff551ffb68,4,1
component-final-637e688029854bff551ffb68,5,1
component-final-637e688029854bff551ffb68,6,1
component-final-637e688029854bff551ffb68,7,1
component-final-637e688029854bff551ffb68,8,1
component-final-637e688029854bff551ffb68,9,1
component-final-637e688029854bff551ffb68,10,1
component-final-309c3c6fb2c047a93c1f8575,0,0
component-final-309c3c6fb2c047a93c1f8575,1,0
component-final-309c3c6fb2c047a93c1f8575,2,0
component-final-309c3c6fb2c047a93c1f8575,3,0
component-final-309c3c6fb2c047a93c1f8575,4,0
component-final-309c3c6fb2c047a93c1f8575,5,0
component-final-309c3c6fb2c047a93c1f8575,6,0
component-final-309c3c6fb2c047a93c1f8575,7,0
component-final-309c3c6fb2c047a93c1f8575,8,0
component-final-309c3c6fb2c047a93c1f8575,9,0
component-final-309c3c6fb2c047a93c1f8575,10,0
component-final-7cc2c2335ff1e079999ecabb,0,0
component-final-7cc2c2335ff1e079999ecabb,1,0
component-final-7cc2c2335ff1e079999ecabb,2,0
component-final-7cc2c2335ff1e079999ecabb,3,0
component-final-7cc2c2335ff1e079999ecabb,4,0
component-final-7cc2c2335ff1e079999ecabb,5,0
component-final-7cc2c2335ff1e079999ecabb,6,0
component-final-7cc2c2335ff1e079999ecabb,7,0
component-final-7cc2c2335ff1e079999ecabb,8,0
component-final-7cc2c2335ff1e079999ecabb,9,0
component-final-7cc2c2335ff1e079999ecabb,10,0
component-final-e4bf3b453ceb5bc2b6058668,0,0
component-final-e4bf3b453ceb5bc2b6058668,1,0
component-final-e4bf3b453ceb5bc2b6058668,2,0
component-final-e4bf3b453ceb5bc2b6058668,3,0
component-final-e4bf3b453ceb5bc2b6058668,4,0
component-final-e4bf3b453ceb5bc2b6058668,5,0
component-final-e4bf3b453ceb5bc2b6058668,6,0
component-final-e4bf3b453ceb5bc2b6058668,7,0
component-final-e4bf3b453ceb5bc2b6058668,8,0
component-final-e4bf3b453ceb5bc2b6058668,9,0
component-final-e4bf3b453ceb5bc2b6058668,10,0
component-final-db8afb47c42b962ce65c01b6,0,0
component-final-db8afb47c42b962ce65c01b6,1,1
component-final-db8afb47c42b962ce65c01b6,2,2
component-final-db8afb47c42b962ce65c01b6,3,3
component-final-db8afb47c42b962ce65c01b6,4,3
component-final-db8afb47c42b962ce65c01b6,5,3
component-final-db8afb47c42b962ce65c01b6,6,3
component-final-db8afb47c42b962ce65c01b6,7,3
component-final-db8afb47c42b962ce65c01b6,8,3
component-final-db8afb47c42b962ce65c01b6,9,3
component-final-db8afb47c42b962ce65c01b6,10,3
component-final-ed99d1ea49499e63db797f3a,0,0
component-final-ed99d1ea49499e63db797f3a,1,0
component-final-ed99d1ea49499e63db797f3a,2,1
component-final-ed99d1ea49499e63db797f3a,3,2
component-final-ed99d1ea49499e63db797f3a,4,2
component-final-ed99d1ea49499e63db797f3a,5,2
component-final-ed99d1ea49499e63db797f3a,6,2
component-final-ed99d1ea49499e63db797f3a,7,2
component-final-ed99d1ea49499e63db797f3a,8,2
component-final-ed99d1ea49499e63db797f3a,9,2
component-final-ed99d1ea49499e63db797f3a,10,2
component-final-de5a461c2d13160643320341,0,0
component-final-de5a461c2d13160643320341,1,0
component-final-de5a461c2d13160643320341,2,0
component-final-de5a461c2d13160643320341,3,1
component-final-de5a461c2d13160643320341,4,2
component-final-de5a461c2d13160643320341,5,2
component-final-de5a461c2d13160643320341,6,3
component-final-de5a461c2d13160643320341,7,3
component-final-de5a461c2d13160643320341,8,3
component-final-de5a461c2d13160643320341,9,3
component-final-de5a461c2d13160643320341,10,3
component-final-b725b79eb1ed64155844d819,0,0
component-final-b725b79eb1ed64155844d819,1,1
component-final-b725b79eb1ed64155844d819,2,2
component-final-b725b79eb1ed64155844d819,3,3
component-final-b725b79eb1ed64155844d819,4,4
component-final-b725b79eb1ed64155844d819,5,4
component-final-b725b79eb1ed64155844d819,6,4
component-final-b725b79eb1ed64155844d819,7,4
component-final-b725b79eb1ed64155844d819,8,4
component-final-b725b79eb1ed64155844d819,9,4
component-final-b725b79eb1ed64155844d819,10,4
component-final-7e994fb8ab445a418e08e590,0,0
component-final-7e994fb8ab445a418e08e590,1,1
component-final-7e994fb8ab445a418e08e590,2,1
component-final-7e994fb8ab445a418e08e590,3,2
component-final-7e994fb8ab445a418e08e590,4,3
component-final-7e994fb8ab445a418e08e590,5,4
component-final-7e994fb8ab445a418e08e590,6,4
component-final-7e994fb8ab445a418e08e590,7,4
component-final-7e994fb8ab445a418e08e590,8,4
component-final-7e994fb8ab445a418e08e590,9,4
component-final-7e994fb8ab445a418e08e590,10,4
component-final-b08dc4996f12b404a474fe8a,0,0
component-final-b08dc4996f12b404a474fe8a,1,0
component-final-b08dc4996f12b404a474fe8a,2,0
component-final-b08dc4996f12b404a474fe8a,3,1
component-final-b08dc4996f12b404a474fe8a,4,1
component-final-b08dc4996f12b404a474fe8a,5,1
component-final-b08dc4996f12b404a474fe8a,6,1
component-final-b08dc4996f12b404a474fe8a,7,1
component-final-b08dc4996f12b404a474fe8a,8,1
component-final-b08dc4996f12b404a474fe8a,9,1
component-final-b08dc4996f12b404a474fe8a,10,1
component-final-894abe64cc709063a80a0651,0,0
component-final-894abe64cc709063a80a0651,1,0
component-final-894abe64cc709063a80a0651,2,0
component-final-894abe64cc709063a80a0651,3,0
component-final-894abe64cc709063a80a0651,4,0
component-final-894abe64cc709063a80a0651,5,0
component-final-894abe64cc709063a80a0651,6,0
component-final-894abe64cc709063a80a0651,7,0
component-final-894abe64cc709063a80a0651,8,0
component-final-894abe64cc709063a80a0651,9,0
component-final-894abe64cc709063a80a0651,10,0
component-final-5808a431e2c3d13d62027bd2,0,0
component-final-5808a431e2c3d13d62027bd2,1,0
component-final-5808a431e2c3d13d62027bd2,2,0
component-final-5808a431e2c3d13d62027bd2,3,0
component-final-5808a431e2c3d13d62027bd2,4,0
component-final-5808a431e2c3d13d62027bd2,5,0
component-final-5808a431e2c3d13d62027bd2,6,0
component-final-5808a431e2c3d13d62027bd2,7,0
component-final-5808a431e2c3d13d62027bd2,8,0
component-final-5808a431e2c3d13d62027bd2,9,0
component-final-5808a431e2c3d13d62027bd2,10,0
component-final-87c47cdf901aa65da9a4fd9d,0,0
component-final-87c47cdf901aa65da9a4fd9d,1,0
component-final-87c47cdf901aa65da9a4fd9d,2,0
component-final-87c47cdf901aa65da9a4fd9d,3,0
component-final-87c47cdf901aa65da9a4fd9d,4,0
component-final-87c47cdf901aa65da9a4fd9d,5,0
component-final-87c47cdf901aa65da9a4fd9d,6,0
component-final-87c47cdf901aa65da9a4fd9d,7,0
component-final-87c47cdf901aa65da9a4fd9d,8,0
component-final-87c47cdf901aa65da9a4fd9d,9,0
component-final-87c47cdf901aa65da9a4fd9d,10,0
component-final-fa513c699bfc955f9424e95e,0,0
component-final-fa513c699bfc955f9424e95e,1,1
component-final-fa513c699bfc955f9424e95e,2,1
component-final-fa513c699bfc955f9424e95e,3,1
component-final-fa513c699bfc955f9424e95e,4,1
component-final-fa513c699bfc955f9424e95e,5,1
component-final-fa513c699bfc955f9424e95e,6,1
component-final-fa513c699bfc955f9424e95e,7,1
component-final-fa513c699bfc955f9424e95e,8,1
component-final-fa513c699bfc955f9424e95e,9,1
component-final-fa513c699bfc955f9424e95e,10,1
component-final-c6bdb2034fb9c02596612ae6,0,0
component-final-c6bdb2034fb9c02596612ae6,1,0
component-final-c6bdb2034fb9c02596612ae6,2,0
component-final-c6bdb2034fb9c02596612ae6,3,0
component-final-c6bdb2034fb9c02596612ae6,4,0
component-final-c6bdb2034fb9c02596612ae6,5,0
component-final-c6bdb2034fb9c02596612ae6,6,0
component-final-c6bdb2034fb9c02596612ae6,7,0
component-final-c6bdb2034fb9c02596612ae6,8,0
component-final-c6bdb2034fb9c02596612ae6,9,0
component-final-c6bdb2034fb9c02596612ae6,10,0
component-final-1129dad1b84498cd97482d93,0,0
component-final-1129dad1b84498cd97482d93,1,0
component-final-1129dad1b84498cd97482d93,2,0
component-final-1129dad1b84498cd97482d93,3,0
component-final-1129dad1b84498cd97482d93,4,0
component-final-1129dad1b84498cd97482d93,5,0
component-final-1129dad1b84498cd97482d93,6,0
component-final-1129dad1b84498cd97482d93,7,0
component-final-1129dad1b84498cd97482d93,8,0
component-final-1129dad1b84498cd97482d93,9,0
component-final-1129dad1b84498cd97482d93,10,0
component-final-d4098dfa8cbe9dc8328be3ba,0,0
component-final-d4098dfa8cbe9dc8328be3ba,1,0
component-final-d4098dfa8cbe9dc8328be3ba,2,0
component-final-d4098dfa8cbe9dc8328be3ba,3,0
component-final-d4098dfa8cbe9dc8328be3ba,4,0
component-final-d4098dfa8cbe9dc8328be3ba,5,0
component-final-d4098dfa8cbe9dc8328be3ba,6,0
component-final-d4098dfa8cbe9dc8328be3ba,7,0
component-final-d4098dfa8cbe9dc8328be3ba,8,0
component-final-d4098dfa8cbe9dc8328be3ba,9,0
component-final-d4098dfa8cbe9dc8328be3ba,10,0
component-final-fafba8759d6f40907d40623e,0,0
component-final-fafba8759d6f40907d40623e,1,0
component-final-fafba8759d6f40907d40623e,2,0
component-final-fafba8759d6f40907d40623e,3,0
component-final-fafba8759d6f40907d40623e,4,0
component-final-fafba8759d6f40907d40623e,5,0
component-final-fafba8759d6f40907d40623e,6,0
component-final-fafba8759d6f40907d40623e,7,0
component-final-fafba8759d6f40907d40623e,8,0
component-final-fafba8759d6f40907d40623e,9,0
component-final-fafba8759d6f40907d40623e,10,0
component-final-658579de12b4954507ee6cad,0,0
component-final-658579de12b4954507ee6cad,1,1
component-final-658579de12b4954507ee6cad,2,1
component-final-658579de12b4954507ee6cad,3,1
component-final-658579de12b4954507ee6cad,4,1
component-final-658579de12b4954507ee6cad,5,1
component-final-658579de12b4954507ee6cad,6,1
component-final-658579de12b4954507ee6cad,7,1
component-final-658579de12b4954507ee6cad,8,1
component-final-658579de12b4954507ee6cad,9,2
component-final-658579de12b4954507ee6cad,10,2
component-final-303cf537a07827fa724d66ad,0,0
component-final-303cf537a07827fa724d66ad,1,0
component-final-303cf537a07827fa724d66ad,2,0
component-final-303cf537a07827fa724d66ad,3,0
component-final-303cf537a07827fa724d66ad,4,0
component-final-303cf537a07827fa724d66ad,5,0
component-final-303cf537a07827fa724d66ad,6,0
component-final-303cf537a07827fa724d66ad,7,0
component-final-303cf537a07827fa724d66ad,8,0
component-final-303cf537a07827fa724d66ad,9,0
component-final-303cf537a07827fa724d66ad,10,0
component-final-f3b046cbfbd52f15ff57e51a,0,0
component-final-f3b046cbfbd52f15ff57e51a,1,0
component-final-f3b046cbfbd52f15ff57e51a,2,0
component-final-f3b046cbfbd52f15ff57e51a,3,0
component-final-f3b046cbfbd52f15ff57e51a,4,0
component-final-f3b046cbfbd52f15ff57e51a,5,0
component-final-f3b046cbfbd52f15ff57e51a,6,0
component-final-f3b046cbfbd52f15ff57e51a,7,0
component-final-f3b046cbfbd52f15ff57e51a,8,0
component-final-f3b046cbfbd52f15ff57e51a,9,0
component-final-f3b046cbfbd52f15ff57e51a,10,0
component-final-e047ea72af3268498a98e7fb,0,0
component-final-e047ea72af3268498a98e7fb,1,0
component-final-e047ea72af3268498a98e7fb,2,0
component-final-e047ea72af3268498a98e7fb,3,0
component-final-e047ea72af3268498a98e7fb,4,0
component-final-e047ea72af3268498a98e7fb,5,0
component-final-e047ea72af3268498a98e7fb,6,0
component-final-e047ea72af3268498a98e7fb,7,0
component-final-e047ea72af3268498a98e7fb,8,0
component-final-e047ea72af3268498a98e7fb,9,0
component-final-e047ea72af3268498a98e7fb,10,0
component-final-b43730a305370e3e2d62885c,0,0
component-final-b43730a305370e3e2d62885c,1,0
component-final-b43730a305370e3e2d62885c,2,0
component-final-b43730a305370e3e2d62885c,3,0
component-final-b43730a305370e3e2d62885c,4,0
component-final-b43730a305370e3e2d62885c,5,0
component-final-b43730a305370e3e2d62885c,6,0
component-final-b43730a305370e3e2d62885c,7,0
component-final-b43730a305370e3e2d62885c,8,0
component-final-b43730a305370e3e2d62885c,9,0
component-final-b43730a305370e3e2d62885c,10,0
component-final-7d14130edc980b60d1b1aab1,0,0
component-final-7d14130edc980b60d1b1aab1,1,0
component-final-7d14130edc980b60d1b1aab1,2,0
component-final-7d14130edc980b60d1b1aab1,3,0
component-final-7d14130edc980b60d1b1aab1,4,0
component-final-7d14130edc980b60d1b1aab1,5,0
component-final-7d14130edc980b60d1b1aab1,6,0
component-final-7d14130edc980b60d1b1aab1,7,0
component-final-7d14130edc980b60d1b1aab1,8,0
component-final-7d14130edc980b60d1b1aab1,9,0
component-final-7d14130edc980b60d1b1aab1,10,0
component-final-657f4d096eb33983526ab044,0,0
component-final-657f4d096eb33983526ab044,1,0
component-final-657f4d096eb33983526ab044,2,0
component-final-657f4d096eb33983526ab044,3,0
component-final-657f4d096eb33983526ab044,4,0
component-final-657f4d096eb33983526ab044,5,0
component-final-657f4d096eb33983526ab044,6,0
component-final-657f4d096eb33983526ab044,7,0
component-final-657f4d096eb33983526ab044,8,1
component-final-657f4d096eb33983526ab044,9,2
component-final-657f4d096eb33983526ab044,10,2
component-final-26da98a78f5ba90b24b414c5,0,0
component-final-26da98a78f5ba90b24b414c5,1,0
component-final-26da98a78f5ba90b24b414c5,2,0
component-final-26da98a78f5ba90b24b414c5,3,0
component-final-26da98a78f5ba90b24b414c5,4,0
component-final-26da98a78f5ba90b24b414c5,5,0
component-final-26da98a78f5ba90b24b414c5,6,0
component-final-26da98a78f5ba90b24b414c5,7,0
component-final-26da98a78f5ba90b24b414c5,8,0
component-final-26da98a78f5ba90b24b414c5,9,0
component-final-26da98a78f5ba90b24b414c5,10,0
component-final-6a49e5d8318e607fb4e75108,0,0
component-final-6a49e5d8318e607fb4e75108,1,0
component-final-6a49e5d8318e607fb4e75108,2,0
component-final-6a49e5d8318e607fb4e75108,3,0
component-final-6a49e5d8318e607fb4e75108,4,0
component-final-6a49e5d8318e607fb4e75108,5,0
component-final-6a49e5d8318e607fb4e75108,6,0
component-final-6a49e5d8318e607fb4e75108,7,0
component-final-6a49e5d8318e607fb4e75108,8,0
component-final-6a49e5d8318e607fb4e75108,9,0
component-final-6a49e5d8318e607fb4e75108,10,0
component-final-fa38e3494fed768c959caf96,0,0
component-final-fa38e3494fed768c959caf96,1,0
component-final-fa38e3494fed768c959caf96,2,0
component-final-fa38e3494fed768c959caf96,3,0
component-final-fa38e3494fed768c959caf96,4,0
component-final-fa38e3494fed768c959caf96,5,0
component-final-fa38e3494fed768c959caf96,6,0
component-final-fa38e3494fed768c959caf96,7,0
component-final-fa38e3494fed768c959caf96,8,0
component-final-fa38e3494fed768c959caf96,9,0
component-final-fa38e3494fed768c959caf96,10,0
component-final-10ad51e80000935d29c71786,0,0
component-final-10ad51e80000935d29c71786,1,0
component-final-10ad51e80000935d29c71786,2,0
component-final-10ad51e80000935d29c71786,3,0
component-final-10ad51e80000935d29c71786,4,0
component-final-10ad51e80000935d29c71786,5,0
component-final-10ad51e80000935d29c71786,6,0
component-final-10ad51e80000935d29c71786,7,0
component-final-10ad51e80000935d29c71786,8,1
component-final-10ad51e80000935d29c71786,9,2
component-final-10ad51e80000935d29c71786,10,2
component-final-52aa59f42080e58cda2f64b0,0,0
component-final-52aa59f42080e58cda2f64b0,1,1
component-final-52aa59f42080e58cda2f64b0,2,2
component-final-52aa59f42080e58cda2f64b0,3,3
component-final-52aa59f42080e58cda2f64b0,4,3
component-final-52aa59f42080e58cda2f64b0,5,4
component-final-52aa59f42080e58cda2f64b0,6,4
component-final-52aa59f42080e58cda2f64b0,7,5
component-final-52aa59f42080e58cda2f64b0,8,5
component-final-52aa59f42080e58cda2f64b0,9,5
component-final-52aa59f42080e58cda2f64b0,10,5
component-final-57ec2ac8f1ba4127bcccc073,0,0
component-final-57ec2ac8f1ba4127bcccc073,1,0
component-final-57ec2ac8f1ba4127bcccc073,2,0
component-final-57ec2ac8f1ba4127bcccc073,3,0
component-final-57ec2ac8f1ba4127bcccc073,4,0
component-final-57ec2ac8f1ba4127bcccc073,5,0
component-final-57ec2ac8f1ba4127bcccc073,6,0
component-final-57ec2ac8f1ba4127bcccc073,7,0
component-final-57ec2ac8f1ba4127bcccc073,8,0
component-final-57ec2ac8f1ba4127bcccc073,9,0
component-final-57ec2ac8f1ba4127bcccc073,10,0
component-final-3a4b0c1cd037fc1028c65eb5,0,0
component-final-3a4b0c1cd037fc1028c65eb5,1,0
component-final-3a4b0c1cd037fc1028c65eb5,2,0
component-final-3a4b0c1cd037fc1028c65eb5,3,0
component-final-3a4b0c1cd037fc1028c65eb5,4,0
component-final-3a4b0c1cd037fc1028c65eb5,5,0
component-final-3a4b0c1cd037fc1028c65eb5,6,0
component-final-3a4b0c1cd037fc1028c65eb5,7,0
component-final-3a4b0c1cd037fc1028c65eb5,8,0
component-final-3a4b0c1cd037fc1028c65eb5,9,0
component-final-3a4b0c1cd037fc1028c65eb5,10,0
component-final-4b3d96d6b87ab535fb130a5e,0,0
component-final-4b3d96d6b87ab535fb130a5e,1,0
component-final-4b3d96d6b87ab535fb130a5e,2,0
component-final-4b3d96d6b87ab535fb130a5e,3,0
component-final-4b3d96d6b87ab535fb130a5e,4,0
component-final-4b3d96d6b87ab535fb130a5e,5,0
component-final-4b3d96d6b87ab535fb130a5e,6,0
component-final-4b3d96d6b87ab535fb130a5e,7,0
component-final-4b3d96d6b87ab535fb130a5e,8,0
component-final-4b3d96d6b87ab535fb130a5e,9,0
component-final-4b3d96d6b87ab535fb130a5e,10,0
component-final-89976b0b86ed30f4138895ae,0,0
component-final-89976b0b86ed30f4138895ae,1,0
component-final-89976b0b86ed30f4138895ae,2,0
component-final-89976b0b86ed30f4138895ae,3,0
component-final-89976b0b86ed30f4138895ae,4,0
component-final-89976b0b86ed30f4138895ae,5,0
component-final-89976b0b86ed30f4138895ae,6,0
component-final-89976b0b86ed30f4138895ae,7,0
component-final-89976b0b86ed30f4138895ae,8,0
component-final-89976b0b86ed30f4138895ae,9,0
component-final-89976b0b86ed30f4138895ae,10,0
component-final-0b794010d9d728a44ef9b580,0,0
component-final-0b794010d9d728a44ef9b580,1,0
component-final-0b794010d9d728a44ef9b580,2,0
component-final-0b794010d9d728a44ef9b580,3,1
component-final-0b794010d9d728a44ef9b580,4,1
component-final-0b794010d9d728a44ef9b580,5,1
component-final-0b794010d9d728a44ef9b580,6,2
component-final-0b794010d9d728a44ef9b580,7,2
component-final-0b794010d9d728a44ef9b580,8,3
component-final-0b794010d9d728a44ef9b580,9,4
component-final-0b794010d9d728a44ef9b580,10,5
component-final-73db923e88523fa0fa68dae5,0,0
component-final-73db923e88523fa0fa68dae5,1,1
component-final-73db923e88523fa0fa68dae5,2,2
component-final-73db923e88523fa0fa68dae5,3,2
component-final-73db923e88523fa0fa68dae5,4,2
component-final-73db923e88523fa0fa68dae5,5,2
component-final-73db923e88523fa0fa68dae5,6,2
component-final-73db923e88523fa0fa68dae5,7,2
component-final-73db923e88523fa0fa68dae5,8,2
component-final-73db923e88523fa0fa68dae5,9,2
component-final-73db923e88523fa0fa68dae5,10,2
component-final-3507a0495ad91ac725a68882,0,0
component-final-3507a0495ad91ac725a68882,1,1
component-final-3507a0495ad91ac725a68882,2,2
component-final-3507a0495ad91ac725a68882,3,3
component-final-3507a0495ad91ac725a68882,4,3
component-final-3507a0495ad91ac725a68882,5,4
component-final-3507a0495ad91ac725a68882,6,5
component-final-3507a0495ad91ac725a68882,7,6
component-final-3507a0495ad91ac725a68882,8,6
component-final-3507a0495ad91ac725a68882,9,7
component-final-3507a0495ad91ac725a68882,10,8
component-final-78d5574754ccf75b717ae914,0,0
component-final-78d5574754ccf75b717ae914,1,1
component-final-78d5574754ccf75b717ae914,2,2
component-final-78d5574754ccf75b717ae914,3,2
component-final-78d5574754ccf75b717ae914,4,3
component-final-78d5574754ccf75b717ae914,5,3
component-final-78d5574754ccf75b717ae914,6,4
component-final-78d5574754ccf75b717ae914,7,4
component-final-78d5574754ccf75b717ae914,8,4
component-final-78d5574754ccf75b717ae914,9,5
component-final-78d5574754ccf75b717ae914,10,6
component-final-bca488e9ac3e6e006d8af5e7,0,0
component-final-bca488e9ac3e6e006d8af5e7,1,0
component-final-bca488e9ac3e6e006d8af5e7,2,0
component-final-bca488e9ac3e6e006d8af5e7,3,0
component-final-bca488e9ac3e6e006d8af5e7,4,0
component-final-bca488e9ac3e6e006d8af5e7,5,0
component-final-bca488e9ac3e6e006d8af5e7,6,0
component-final-bca488e9ac3e6e006d8af5e7,7,0
component-final-bca488e9ac3e6e006d8af5e7,8,0
component-final-bca488e9ac3e6e006d8af5e7,9,0
component-final-bca488e9ac3e6e006d8af5e7,10,0
component-final-98ec36cd075666fe04f30595,0,0
component-final-98ec36cd075666fe04f30595,1,0
component-final-98ec36cd075666fe04f30595,2,0
component-final-98ec36cd075666fe04f30595,3,0
component-final-98ec36cd075666fe04f30595,4,0
component-final-98ec36cd075666fe04f30595,5,1
component-final-98ec36cd075666fe04f30595,6,1
component-final-98ec36cd075666fe04f30595,7,2
component-final-98ec36cd075666fe04f30595,8,2
component-final-98ec36cd075666fe04f30595,9,2
component-final-98ec36cd075666fe04f30595,10,2
component-final-d7f5fb390cd93ad4d344838f,0,0
component-final-d7f5fb390cd93ad4d344838f,1,0
component-final-d7f5fb390cd93ad4d344838f,2,0
component-final-d7f5fb390cd93ad4d344838f,3,0
component-final-d7f5fb390cd93ad4d344838f,4,0
component-final-d7f5fb390cd93ad4d344838f,5,0
component-final-d7f5fb390cd93ad4d344838f,6,0
component-final-d7f5fb390cd93ad4d344838f,7,0
component-final-d7f5fb390cd93ad4d344838f,8,0
component-final-d7f5fb390cd93ad4d344838f,9,0
component-final-d7f5fb390cd93ad4d344838f,10,0
component-final-91e9365ecc653ed9cb2dd65d,0,0
component-final-91e9365ecc653ed9cb2dd65d,1,0
component-final-91e9365ecc653ed9cb2dd65d,2,0
component-final-91e9365ecc653ed9cb2dd65d,3,0
component-final-91e9365ecc653ed9cb2dd65d,4,0
component-final-91e9365ecc653ed9cb2dd65d,5,0
component-final-91e9365ecc653ed9cb2dd65d,6,0
component-final-91e9365ecc653ed9cb2dd65d,7,0
component-final-91e9365ecc653ed9cb2dd65d,8,0
component-final-91e9365ecc653ed9cb2dd65d,9,0
component-final-91e9365ecc653ed9cb2dd65d,10,0
component-final-95b93277e45a70fc119a8fb7,0,0
component-final-95b93277e45a70fc119a8fb7,1,0
component-final-95b93277e45a70fc119a8fb7,2,0
component-final-95b93277e45a70fc119a8fb7,3,0
component-final-95b93277e45a70fc119a8fb7,4,0
component-final-95b93277e45a70fc119a8fb7,5,0
component-final-95b93277e45a70fc119a8fb7,6,0
component-final-95b93277e45a70fc119a8fb7,7,0
component-final-95b93277e45a70fc119a8fb7,8,0
component-final-95b93277e45a70fc119a8fb7,9,0
component-final-95b93277e45a70fc119a8fb7,10,0
component-final-b1fd5869414749ef1ea5da4b,0,0
component-final-b1fd5869414749ef1ea5da4b,1,1
component-final-b1fd5869414749ef1ea5da4b,2,1
component-final-b1fd5869414749ef1ea5da4b,3,1
component-final-b1fd5869414749ef1ea5da4b,4,1
component-final-b1fd5869414749ef1ea5da4b,5,1
component-final-b1fd5869414749ef1ea5da4b,6,1
component-final-b1fd5869414749ef1ea5da4b,7,1
component-final-b1fd5869414749ef1ea5da4b,8,1
component-final-b1fd5869414749ef1ea5da4b,9,1
component-final-b1fd5869414749ef1ea5da4b,10,1
component-final-6446602ec40cfb52bac4334d,0,0
component-final-6446602ec40cfb52bac4334d,1,0
component-final-6446602ec40cfb52bac4334d,2,0
component-final-6446602ec40cfb52bac4334d,3,0
component-final-6446602ec40cfb52bac4334d,4,0
component-final-6446602ec40cfb52bac4334d,5,1
component-final-6446602ec40cfb52bac4334d,6,1
component-final-6446602ec40cfb52bac4334d,7,1
component-final-6446602ec40cfb52bac4334d,8,1
component-final-6446602ec40cfb52bac4334d,9,1
component-final-6446602ec40cfb52bac4334d,10,1
component-final-18353fabceca3a7f51383b08,0,0
component-final-18353fabceca3a7f51383b08,1,0
component-final-18353fabceca3a7f51383b08,2,0
component-final-18353fabceca3a7f51383b08,3,0
component-final-18353fabceca3a7f51383b08,4,0
component-final-18353fabceca3a7f51383b08,5,0
component-final-18353fabceca3a7f51383b08,6,0
component-final-18353fabceca3a7f51383b08,7,0
component-final-18353fabceca3a7f51383b08,8,0
component-final-18353fabceca3a7f51383b08,9,0
component-final-18353fabceca3a7f51383b08,10,0
component-final-145b2a1f666f8571e635f9f0,0,0
component-final-145b2a1f666f8571e635f9f0,1,0
component-final-145b2a1f666f8571e635f9f0,2,0
component-final-145b2a1f666f8571e635f9f0,3,0
component-final-145b2a1f666f8571e635f9f0,4,0
component-final-145b2a1f666f8571e635f9f0,5,0
component-final-145b2a1f666f8571e635f9f0,6,0
component-final-145b2a1f666f8571e635f9f0,7,0
component-final-145b2a1f666f8571e635f9f0,8,0
component-final-145b2a1f666f8571e635f9f0,9,0
component-final-145b2a1f666f8571e635f9f0,10,0
component-final-5928474b7a9036a2bb1990fb,0,0
component-final-5928474b7a9036a2bb1990fb,1,0
component-final-5928474b7a9036a2bb1990fb,2,0
component-final-5928474b7a9036a2bb1990fb,3,0
component-final-5928474b7a9036a2bb1990fb,4,0
component-final-5928474b7a9036a2bb1990fb,5,0
component-final-5928474b7a9036a2bb1990fb,6,0
component-final-5928474b7a9036a2bb1990fb,7,0
component-final-5928474b7a9036a2bb1990fb,8,0
component-final-5928474b7a9036a2bb1990fb,9,0
component-final-5928474b7a9036a2bb1990fb,10,0
component-final-4477c900e2dd8e31a3b70f25,0,0
component-final-4477c900e2dd8e31a3b70f25,1,0
component-final-4477c900e2dd8e31a3b70f25,2,1
component-final-4477c900e2dd8e31a3b70f25,3,1
component-final-4477c900e2dd8e31a3b70f25,4,2
component-final-4477c900e2dd8e31a3b70f25,5,2
component-final-4477c900e2dd8e31a3b70f25,6,3
component-final-4477c900e2dd8e31a3b70f25,7,3
component-final-4477c900e2dd8e31a3b70f25,8,3
component-final-4477c900e2dd8e31a3b70f25,9,4
component-final-4477c900e2dd8e31a3b70f25,10,5
component-final-d006a0b67ef88cf1f691d6ec,0,0
component-final-d006a0b67ef88cf1f691d6ec,1,0
component-final-d006a0b67ef88cf1f691d6ec,2,0
component-final-d006a0b67ef88cf1f691d6ec,3,0
component-final-d006a0b67ef88cf1f691d6ec,4,0
component-final-d006a0b67ef88cf1f691d6ec,5,0
component-final-d006a0b67ef88cf1f691d6ec,6,0
component-final-d006a0b67ef88cf1f691d6ec,7,0
component-final-d006a0b67ef88cf1f691d6ec,8,0
component-final-d006a0b67ef88cf1f691d6ec,9,0
component-final-d006a0b67ef88cf1f691d6ec,10,0
component-final-4cc5602a266350a3ae17a310,0,0
component-final-4cc5602a266350a3ae17a310,1,0
component-final-4cc5602a266350a3ae17a310,2,0
component-final-4cc5602a266350a3ae17a310,3,0
component-final-4cc5602a266350a3ae17a310,4,0
component-final-4cc5602a266350a3ae17a310,5,1
component-final-4cc5602a266350a3ae17a310,6,1
component-final-4cc5602a266350a3ae17a310,7,2
component-final-4cc5602a266350a3ae17a310,8,3
component-final-4cc5602a266350a3ae17a310,9,3
component-final-4cc5602a266350a3ae17a310,10,3
component-final-6abc8e718c069a146b0c5e5b,0,0
component-final-6abc8e718c069a146b0c5e5b,1,0
component-final-6abc8e718c069a146b0c5e5b,2,0
component-final-6abc8e718c069a146b0c5e5b,3,0
component-final-6abc8e718c069a146b0c5e5b,4,0
component-final-6abc8e718c069a146b0c5e5b,5,0
component-final-6abc8e718c069a146b0c5e5b,6,0
component-final-6abc8e718c069a146b0c5e5b,7,0
component-final-6abc8e718c069a146b0c5e5b,8,0
component-final-6abc8e718c069a146b0c5e5b,9,0
component-final-6abc8e718c069a146b0c5e5b,10,0
component-final-bba307fd5d4c8f57b46934f9,0,0
component-final-bba307fd5d4c8f57b46934f9,1,0
component-final-bba307fd5d4c8f57b46934f9,2,0
component-final-bba307fd5d4c8f57b46934f9,3,0
component-final-bba307fd5d4c8f57b46934f9,4,0
component-final-bba307fd5d4c8f57b46934f9,5,0
component-final-bba307fd5d4c8f57b46934f9,6,0
component-final-bba307fd5d4c8f57b46934f9,7,0
component-final-bba307fd5d4c8f57b46934f9,8,0
component-final-bba307fd5d4c8f57b46934f9,9,0
component-final-bba307fd5d4c8f57b46934f9,10,0
component-final-63570a8d509cf967a6ed9110,0,0
component-final-63570a8d509cf967a6ed9110,1,0
component-final-63570a8d509cf967a6ed9110,2,0
component-final-63570a8d509cf967a6ed9110,3,0
component-final-63570a8d509cf967a6ed9110,4,0
component-final-63570a8d509cf967a6ed9110,5,0
component-final-63570a8d509cf967a6ed9110,6,0
component-final-63570a8d509cf967a6ed9110,7,0
component-final-63570a8d509cf967a6ed9110,8,0
component-final-63570a8d509cf967a6ed9110,9,0
component-final-63570a8d509cf967a6ed9110,10,0
component-final-b7acec26fae84b8b39d54de1,0,0
component-final-b7acec26fae84b8b39d54de1,1,0
component-final-b7acec26fae84b8b39d54de1,2,1
component-final-b7acec26fae84b8b39d54de1,3,1
component-final-b7acec26fae84b8b39d54de1,4,1
component-final-b7acec26fae84b8b39d54de1,5,1
component-final-b7acec26fae84b8b39d54de1,6,1
component-final-b7acec26fae84b8b39d54de1,7,1
component-final-b7acec26fae84b8b39d54de1,8,1
component-final-b7acec26fae84b8b39d54de1,9,1
component-final-b7acec26fae84b8b39d54de1,10,1
component-final-64e47eadb495964256adfe81,0,0
component-final-64e47eadb495964256adfe81,1,0
component-final-64e47eadb495964256adfe81,2,0
component-final-64e47eadb495964256adfe81,3,0
component-final-64e47eadb495964256adfe81,4,0
component-final-64e47eadb495964256adfe81,5,0
component-final-64e47eadb495964256adfe81,6,0
component-final-64e47eadb495964256adfe81,7,0
component-final-64e47eadb495964256adfe81,8,0
component-final-64e47eadb495964256adfe81,9,0
component-final-64e47eadb495964256adfe81,10,0
component-final-b9159a1f0378fcfcd0e1d667,0,0
component-final-b9159a1f0378fcfcd0e1d667,1,0
component-final-b9159a1f0378fcfcd0e1d667,2,0
component-final-b9159a1f0378fcfcd0e1d667,3,0
component-final-b9159a1f0378fcfcd0e1d667,4,0
component-final-b9159a1f0378fcfcd0e1d667,5,0
component-final-b9159a1f0378fcfcd0e1d667,6,0
component-final-b9159a1f0378fcfcd0e1d667,7,0
component-final-b9159a1f0378fcfcd0e1d667,8,0
component-final-b9159a1f0378fcfcd0e1d667,9,0
component-final-b9159a1f0378fcfcd0e1d667,10,0
component-final-b6bb705f33cda63a3a660cac,0,0
component-final-b6bb705f33cda63a3a660cac,1,0
component-final-b6bb705f33cda63a3a660cac,2,0
component-final-b6bb705f33cda63a3a660cac,3,0
component-final-b6bb705f33cda63a3a660cac,4,0
component-final-b6bb705f33cda63a3a660cac,5,0
component-final-b6bb705f33cda63a3a660cac,6,0
component-final-b6bb705f33cda63a3a660cac,7,1
component-final-b6bb705f33cda63a3a660cac,8,1
component-final-b6bb705f33cda63a3a660cac,9,1
component-final-b6bb705f33cda63a3a660cac,10,1
component-final-8e1fbdae4c717bead751ef3f,0,0
component-final-8e1fbdae4c717bead751ef3f,1,0
component-final-8e1fbdae4c717bead751ef3f,2,0
component-final-8e1fbdae4c717bead751ef3f,3,0
component-final-8e1fbdae4c717bead751ef3f,4,0
component-final-8e1fbdae4c717bead751ef3f,5,0
component-final-8e1fbdae4c717bead751ef3f,6,0
component-final-8e1fbdae4c717bead751ef3f,7,0
component-final-8e1fbdae4c717bead751ef3f,8,0
component-final-8e1fbdae4c717bead751ef3f,9,0
component-final-8e1fbdae4c717bead751ef3f,10,0
component-final-02fb34c6b01aed253ffa4730,0,0
component-final-02fb34c6b01aed253ffa4730,1,1
component-final-02fb34c6b01aed253ffa4730,2,1
component-final-02fb34c6b01aed253ffa4730,3,2
component-final-02fb34c6b01aed253ffa4730,4,3
component-final-02fb34c6b01aed253ffa4730,5,3
component-final-02fb34c6b01aed253ffa4730,6,4
component-final-02fb34c6b01aed253ffa4730,7,5
component-final-02fb34c6b01aed253ffa4730,8,5
component-final-02fb34c6b01aed253ffa4730,9,5
component-final-02fb34c6b01aed253ffa4730,10,5
component-final-f01350a0031f3cb06d45632e,0,0
component-final-f01350a0031f3cb06d45632e,1,0
component-final-f01350a0031f3cb06d45632e,2,1
component-final-f01350a0031f3cb06d45632e,3,1
component-final-f01350a0031f3cb06d45632e,4,1
component-final-f01350a0031f3cb06d45632e,5,1
component-final-f01350a0031f3cb06d45632e,6,1
component-final-f01350a0031f3cb06d45632e,7,1
component-final-f01350a0031f3cb06d45632e,8,1
component-final-f01350a0031f3cb06d45632e,9,1
component-final-f01350a0031f3cb06d45632e,10,1
component-final-ced0af809caafbfd44aa8165,0,0
component-final-ced0af809caafbfd44aa8165,1,0
component-final-ced0af809caafbfd44aa8165,2,0
component-final-ced0af809caafbfd44aa8165,3,0
component-final-ced0af809caafbfd44aa8165,4,0
component-final-ced0af809caafbfd44aa8165,5,0
component-final-ced0af809caafbfd44aa8165,6,0
component-final-ced0af809caafbfd44aa8165,7,0
component-final-ced0af809caafbfd44aa8165,8,0
component-final-ced0af809caafbfd44aa8165,9,0
component-final-ced0af809caafbfd44aa8165,10,0
component-final-827fb29e7d467a5c1448a2d5,0,0
component-final-827fb29e7d467a5c1448a2d5,1,0
component-final-827fb29e7d467a5c1448a2d5,2,0
component-final-827fb29e7d467a5c1448a2d5,3,0
component-final-827fb29e7d467a5c1448a2d5,4,0
component-final-827fb29e7d467a5c1448a2d5,5,0
component-final-827fb29e7d467a5c1448a2d5,6,0
component-final-827fb29e7d467a5c1448a2d5,7,0
component-final-827fb29e7d467a5c1448a2d5,8,0
component-final-827fb29e7d467a5c1448a2d5,9,0
component-final-827fb29e7d467a5c1448a2d5,10,0
component-final-438db475a0bdb477ce8df268,0,0
component-final-438db475a0bdb477ce8df268,1,0
component-final-438db475a0bdb477ce8df268,2,0
component-final-438db475a0bdb477ce8df268,3,0
component-final-438db475a0bdb477ce8df268,4,0
component-final-438db475a0bdb477ce8df268,5,0
component-final-438db475a0bdb477ce8df268,6,0
component-final-438db475a0bdb477ce8df268,7,0
component-final-438db475a0bdb477ce8df268,8,0
component-final-438db475a0bdb477ce8df268,9,0
component-final-438db475a0bdb477ce8df268,10,0
component-final-d8e2ace6c4e96aab950ba769,0,0
component-final-d8e2ace6c4e96aab950ba769,1,1
component-final-d8e2ace6c4e96aab950ba769,2,2
component-final-d8e2ace6c4e96aab950ba769,3,2
component-final-d8e2ace6c4e96aab950ba769,4,2
component-final-d8e2ace6c4e96aab950ba769,5,2
component-final-d8e2ace6c4e96aab950ba769,6,2
component-final-d8e2ace6c4e96aab950ba769,7,2
component-final-d8e2ace6c4e96aab950ba769,8,2
component-final-d8e2ace6c4e96aab950ba769,9,2
component-final-d8e2ace6c4e96aab950ba769,10,2
component-final-6cb50401ed7ce82b3f74f4ba,0,0
component-final-6cb50401ed7ce82b3f74f4ba,1,1
component-final-6cb50401ed7ce82b3f74f4ba,2,1
component-final-6cb50401ed7ce82b3f74f4ba,3,1
component-final-6cb50401ed7ce82b3f74f4ba,4,2
component-final-6cb50401ed7ce82b3f74f4ba,5,2
component-final-6cb50401ed7ce82b3f74f4ba,6,2
component-final-6cb50401ed7ce82b3f74f4ba,7,3
component-final-6cb50401ed7ce82b3f74f4ba,8,3
component-final-6cb50401ed7ce82b3f74f4ba,9,3
component-final-6cb50401ed7ce82b3f74f4ba,10,3
component-final-893d72f6fe312d708488048a,0,0
component-final-893d72f6fe312d708488048a,1,1
component-final-893d72f6fe312d708488048a,2,1
component-final-893d72f6fe312d708488048a,3,1
component-final-893d72f6fe312d708488048a,4,1
component-final-893d72f6fe312d708488048a,5,2
component-final-893d72f6fe312d708488048a,6,3
component-final-893d72f6fe312d708488048a,7,3
component-final-893d72f6fe312d708488048a,8,3
component-final-893d72f6fe312d708488048a,9,3
component-final-893d72f6fe312d708488048a,10,3
component-final-61030d73d1ecfa5e3c4198b2,0,0
component-final-61030d73d1ecfa5e3c4198b2,1,1
component-final-61030d73d1ecfa5e3c4198b2,2,2
component-final-61030d73d1ecfa5e3c4198b2,3,2
component-final-61030d73d1ecfa5e3c4198b2,4,2
component-final-61030d73d1ecfa5e3c4198b2,5,3
component-final-61030d73d1ecfa5e3c4198b2,6,4
component-final-61030d73d1ecfa5e3c4198b2,7,4
component-final-61030d73d1ecfa5e3c4198b2,8,5
component-final-61030d73d1ecfa5e3c4198b2,9,6
component-final-61030d73d1ecfa5e3c4198b2,10,7
component-final-fc048047e45b8d6dba041f90,0,0
component-final-fc048047e45b8d6dba041f90,1,0
component-final-fc048047e45b8d6dba041f90,2,0
component-final-fc048047e45b8d6dba041f90,3,0
component-final-fc048047e45b8d6dba041f90,4,0
component-final-fc048047e45b8d6dba041f90,5,0
component-final-fc048047e45b8d6dba041f90,6,0
component-final-fc048047e45b8d6dba041f90,7,0
component-final-fc048047e45b8d6dba041f90,8,0
component-final-fc048047e45b8d6dba041f90,9,0
component-final-fc048047e45b8d6dba041f90,10,0
component-final-8c4b38fea4d18535795f3f52,0,0
component-final-8c4b38fea4d18535795f3f52,1,0
component-final-8c4b38fea4d18535795f3f52,2,0
component-final-8c4b38fea4d18535795f3f52,3,0
component-final-8c4b38fea4d18535795f3f52,4,0
component-final-8c4b38fea4d18535795f3f52,5,0
component-final-8c4b38fea4d18535795f3f52,6,0
component-final-8c4b38fea4d18535795f3f52,7,0
component-final-8c4b38fea4d18535795f3f52,8,0
component-final-8c4b38fea4d18535795f3f52,9,0
component-final-8c4b38fea4d18535795f3f52,10,0
component-final-8dbb642bd821472e34a99402,0,0
component-final-8dbb642bd821472e34a99402,1,0
component-final-8dbb642bd821472e34a99402,2,0
component-final-8dbb642bd821472e34a99402,3,0
component-final-8dbb642bd821472e34a99402,4,0
component-final-8dbb642bd821472e34a99402,5,0
component-final-8dbb642bd821472e34a99402,6,0
component-final-8dbb642bd821472e34a99402,7,0
component-final-8dbb642bd821472e34a99402,8,0
component-final-8dbb642bd821472e34a99402,9,0
component-final-8dbb642bd821472e34a99402,10,0
component-final-5997b22ff20dd8997514cb4b,0,0
component-final-5997b22ff20dd8997514cb4b,1,0
component-final-5997b22ff20dd8997514cb4b,2,0
component-final-5997b22ff20dd8997514cb4b,3,0
component-final-5997b22ff20dd8997514cb4b,4,0
component-final-5997b22ff20dd8997514cb4b,5,0
component-final-5997b22ff20dd8997514cb4b,6,0
component-final-5997b22ff20dd8997514cb4b,7,0
component-final-5997b22ff20dd8997514cb4b,8,0
component-final-5997b22ff20dd8997514cb4b,9,0
component-final-5997b22ff20dd8997514cb4b,10,0
component-final-61174bb74d1f37007558ce1f,0,0
component-final-61174bb74d1f37007558ce1f,1,0
component-final-61174bb74d1f37007558ce1f,2,0
component-final-61174bb74d1f37007558ce1f,3,0
component-final-61174bb74d1f37007558ce1f,4,0
component-final-61174bb74d1f37007558ce1f,5,0
component-final-61174bb74d1f37007558ce1f,6,0
component-final-61174bb74d1f37007558ce1f,7,0
component-final-61174bb74d1f37007558ce1f,8,0
component-final-61174bb74d1f37007558ce1f,9,0
component-final-61174bb74d1f37007558ce1f,10,0
component-final-bab5676fb6b948fe5af57968,0,0
component-final-bab5676fb6b948fe5af57968,1,1
component-final-bab5676fb6b948fe5af57968,2,1
component-final-bab5676fb6b948fe5af57968,3,1
component-final-bab5676fb6b948fe5af57968,4,1
component-final-bab5676fb6b948fe5af57968,5,1
component-final-bab5676fb6b948fe5af57968,6,1
component-final-bab5676fb6b948fe5af57968,7,1
component-final-bab5676fb6b948fe5af57968,8,1
component-final-bab5676fb6b948fe5af57968,9,1
component-final-bab5676fb6b948fe5af57968,10,1
component-final-6384b7b9addad04fec76be49,0,0
component-final-6384b7b9addad04fec76be49,1,0
component-final-6384b7b9addad04fec76be49,2,0
component-final-6384b7b9addad04fec76be49,3,0
component-final-6384b7b9addad04fec76be49,4,0
component-final-6384b7b9addad04fec76be49,5,0
component-final-6384b7b9addad04fec76be49,6,0
component-final-6384b7b9addad04fec76be49,7,0
component-final-6384b7b9addad04fec76be49,8,0
component-final-6384b7b9addad04fec76be49,9,0
component-final-6384b7b9addad04fec76be49,10,0
component-final-98ab66c718e2c90aa5f5aa56,0,0
component-final-98ab66c718e2c90aa5f5aa56,1,0
component-final-98ab66c718e2c90aa5f5aa56,2,0
component-final-98ab66c718e2c90aa5f5aa56,3,0
component-final-98ab66c718e2c90aa5f5aa56,4,0
component-final-98ab66c718e2c90aa5f5aa56,5,0
component-final-98ab66c718e2c90aa5f5aa56,6,0
component-final-98ab66c718e2c90aa5f5aa56,7,0
component-final-98ab66c718e2c90aa5f5aa56,8,0
component-final-98ab66c718e2c90aa5f5aa56,9,0
component-final-98ab66c718e2c90aa5f5aa56,10,0
component-final-144d9b0222dbba7a420c0156,0,0
component-final-144d9b0222dbba7a420c0156,1,0
component-final-144d9b0222dbba7a420c0156,2,0
component-final-144d9b0222dbba7a420c0156,3,0
component-final-144d9b0222dbba7a420c0156,4,0
component-final-144d9b0222dbba7a420c0156,5,0
component-final-144d9b0222dbba7a420c0156,6,0
component-final-144d9b0222dbba7a420c0156,7,0
component-final-144d9b0222dbba7a420c0156,8,0
component-final-144d9b0222dbba7a420c0156,9,0
component-final-144d9b0222dbba7a420c0156,10,0
component-final-e95438499fb6b1c7c9e49934,0,0
component-final-e95438499fb6b1c7c9e49934,1,0
component-final-e95438499fb6b1c7c9e49934,2,0
component-final-e95438499fb6b1c7c9e49934,3,0
component-final-e95438499fb6b1c7c9e49934,4,0
component-final-e95438499fb6b1c7c9e49934,5,0
component-final-e95438499fb6b1c7c9e49934,6,0
component-final-e95438499fb6b1c7c9e49934,7,0
component-final-e95438499fb6b1c7c9e49934,8,0
component-final-e95438499fb6b1c7c9e49934,9,0
component-final-e95438499fb6b1c7c9e49934,10,0
component-final-4d966b1fc9fedd8efaa41bf2,0,0
component-final-4d966b1fc9fedd8efaa41bf2,1,1
component-final-4d966b1fc9fedd8efaa41bf2,2,1
component-final-4d966b1fc9fedd8efaa41bf2,3,1
component-final-4d966b1fc9fedd8efaa41bf2,4,2
component-final-4d966b1fc9fedd8efaa41bf2,5,3
component-final-4d966b1fc9fedd8efaa41bf2,6,4
component-final-4d966b1fc9fedd8efaa41bf2,7,5
component-final-4d966b1fc9fedd8efaa41bf2,8,6
component-final-4d966b1fc9fedd8efaa41bf2,9,6
component-final-4d966b1fc9fedd8efaa41bf2,10,7
component-final-54b96d595037aafd35c6f5b8,0,0
component-final-54b96d595037aafd35c6f5b8,1,0
component-final-54b96d595037aafd35c6f5b8,2,0
component-final-54b96d595037aafd35c6f5b8,3,0
component-final-54b96d595037aafd35c6f5b8,4,0
component-final-54b96d595037aafd35c6f5b8,5,0
component-final-54b96d595037aafd35c6f5b8,6,0
component-final-54b96d595037aafd35c6f5b8,7,0
component-final-54b96d595037aafd35c6f5b8,8,0
component-final-54b96d595037aafd35c6f5b8,9,0
component-final-54b96d595037aafd35c6f5b8,10,0
component-final-85ce10b659119a45a091746e,0,0
component-final-85ce10b659119a45a091746e,1,0
component-final-85ce10b659119a45a091746e,2,0
component-final-85ce10b659119a45a091746e,3,0
component-final-85ce10b659119a45a091746e,4,0
component-final-85ce10b659119a45a091746e,5,0
component-final-85ce10b659119a45a091746e,6,0
component-final-85ce10b659119a45a091746e,7,0
component-final-85ce10b659119a45a091746e,8,0
component-final-85ce10b659119a45a091746e,9,0
component-final-85ce10b659119a45a091746e,10,0
component-final-f185167e4d827e210206e759,0,0
component-final-f185167e4d827e210206e759,1,0
component-final-f185167e4d827e210206e759,2,0
component-final-f185167e4d827e210206e759,3,0
component-final-f185167e4d827e210206e759,4,0
component-final-f185167e4d827e210206e759,5,0
component-final-f185167e4d827e210206e759,6,0
component-final-f185167e4d827e210206e759,7,0
component-final-f185167e4d827e210206e759,8,1
component-final-f185167e4d827e210206e759,9,1
component-final-f185167e4d827e210206e759,10,1
component-final-f9c7b9a8f54a10df82964980,0,0
component-final-f9c7b9a8f54a10df82964980,1,0
component-final-f9c7b9a8f54a10df82964980,2,0
component-final-f9c7b9a8f54a10df82964980,3,0
component-final-f9c7b9a8f54a10df82964980,4,0
component-final-f9c7b9a8f54a10df82964980,5,0
component-final-f9c7b9a8f54a10df82964980,6,0
component-final-f9c7b9a8f54a10df82964980,7,0
component-final-f9c7b9a8f54a10df82964980,8,0
component-final-f9c7b9a8f54a10df82964980,9,0
component-final-f9c7b9a8f54a10df82964980,10,0
component-final-15ac29a2e97e6662ad02492f,0,0
component-final-15ac29a2e97e6662ad02492f,1,0
component-final-15ac29a2e97e6662ad02492f,2,0
component-final-15ac29a2e97e6662ad02492f,3,0
component-final-15ac29a2e97e6662ad02492f,4,0
component-final-15ac29a2e97e6662ad02492f,5,0
component-final-15ac29a2e97e6662ad02492f,6,0
component-final-15ac29a2e97e6662ad02492f,7,0
component-final-15ac29a2e97e6662ad02492f,8,0
component-final-15ac29a2e97e6662ad02492f,9,0
component-final-15ac29a2e97e6662ad02492f,10,0
component-final-8f115382fa4659ffa240e561,0,0
component-final-8f115382fa4659ffa240e561,1,0
component-final-8f115382fa4659ffa240e561,2,0
component-final-8f115382fa4659ffa240e561,3,0
component-final-8f115382fa4659ffa240e561,4,0
component-final-8f115382fa4659ffa240e561,5,0
component-final-8f115382fa4659ffa240e561,6,0
component-final-8f115382fa4659ffa240e561,7,0
component-final-8f115382fa4659ffa240e561,8,0
component-final-8f115382fa4659ffa240e561,9,0
component-final-8f115382fa4659ffa240e561,10,0
component-final-47e9853da825dd0ecdf395cb,0,0
component-final-47e9853da825dd0ecdf395cb,1,0
component-final-47e9853da825dd0ecdf395cb,2,0
component-final-47e9853da825dd0ecdf395cb,3,0
component-final-47e9853da825dd0ecdf395cb,4,0
component-final-47e9853da825dd0ecdf395cb,5,0
component-final-47e9853da825dd0ecdf395cb,6,0
component-final-47e9853da825dd0ecdf395cb,7,0
component-final-47e9853da825dd0ecdf395cb,8,0
component-final-47e9853da825dd0ecdf395cb,9,0
component-final-47e9853da825dd0ecdf395cb,10,0
component-final-109deab565db7e4bd87999bb,0,0
component-final-109deab565db7e4bd87999bb,1,0
component-final-109deab565db7e4bd87999bb,2,0
component-final-109deab565db7e4bd87999bb,3,0
component-final-109deab565db7e4bd87999bb,4,0
component-final-109deab565db7e4bd87999bb,5,0
component-final-109deab565db7e4bd87999bb,6,0
component-final-109deab565db7e4bd87999bb,7,0
component-final-109deab565db7e4bd87999bb,8,0
component-final-109deab565db7e4bd87999bb,9,0
component-final-109deab565db7e4bd87999bb,10,0
component-final-c9b4d144af64c2a06121d62b,0,0
component-final-c9b4d144af64c2a06121d62b,1,0
component-final-c9b4d144af64c2a06121d62b,2,0
component-final-c9b4d144af64c2a06121d62b,3,0
component-final-c9b4d144af64c2a06121d62b,4,0
component-final-c9b4d144af64c2a06121d62b,5,0
component-final-c9b4d144af64c2a06121d62b,6,0
component-final-c9b4d144af64c2a06121d62b,7,0
component-final-c9b4d144af64c2a06121d62b,8,0
component-final-c9b4d144af64c2a06121d62b,9,0
component-final-c9b4d144af64c2a06121d62b,10,0
component-final-a51d66c7e21ca9788f45a008,0,0
component-final-a51d66c7e21ca9788f45a008,1,0
component-final-a51d66c7e21ca9788f45a008,2,0
component-final-a51d66c7e21ca9788f45a008,3,1
component-final-a51d66c7e21ca9788f45a008,4,1
component-final-a51d66c7e21ca9788f45a008,5,1
component-final-a51d66c7e21ca9788f45a008,6,1
component-final-a51d66c7e21ca9788f45a008,7,1
component-final-a51d66c7e21ca9788f45a008,8,1
component-final-a51d66c7e21ca9788f45a008,9,1
component-final-a51d66c7e21ca9788f45a008,10,1
component-final-70adf56898316f73ea4720ab,0,0
component-final-70adf56898316f73ea4720ab,1,1
component-final-70adf56898316f73ea4720ab,2,2
component-final-70adf56898316f73ea4720ab,3,3
component-final-70adf56898316f73ea4720ab,4,3
component-final-70adf56898316f73ea4720ab,5,3
component-final-70adf56898316f73ea4720ab,6,3
component-final-70adf56898316f73ea4720ab,7,4
component-final-70adf56898316f73ea4720ab,8,5
component-final-70adf56898316f73ea4720ab,9,6
component-final-70adf56898316f73ea4720ab,10,6
component-final-b1999f2e9c20505d5a373485,0,0
component-final-b1999f2e9c20505d5a373485,1,0
component-final-b1999f2e9c20505d5a373485,2,0
component-final-b1999f2e9c20505d5a373485,3,0
component-final-b1999f2e9c20505d5a373485,4,0
component-final-b1999f2e9c20505d5a373485,5,0
component-final-b1999f2e9c20505d5a373485,6,0
component-final-b1999f2e9c20505d5a373485,7,0
component-final-b1999f2e9c20505d5a373485,8,0
component-final-b1999f2e9c20505d5a373485,9,0
component-final-b1999f2e9c20505d5a373485,10,0
component-final-a526e6a613189f807a458cb1,0,0
component-final-a526e6a613189f807a458cb1,1,0
component-final-a526e6a613189f807a458cb1,2,0
component-final-a526e6a613189f807a458cb1,3,0
component-final-a526e6a613189f807a458cb1,4,0
component-final-a526e6a613189f807a458cb1,5,0
component-final-a526e6a613189f807a458cb1,6,0
component-final-a526e6a613189f807a458cb1,7,0
component-final-a526e6a613189f807a458cb1,8,0
component-final-a526e6a613189f807a458cb1,9,0
component-final-a526e6a613189f807a458cb1,10,0
component-final-613da1e8bf281966bbdc66db,0,0
component-final-613da1e8bf281966bbdc66db,1,0
component-final-613da1e8bf281966bbdc66db,2,0
component-final-613da1e8bf281966bbdc66db,3,0
component-final-613da1e8bf281966bbdc66db,4,0
component-final-613da1e8bf281966bbdc66db,5,0
component-final-613da1e8bf281966bbdc66db,6,0
component-final-613da1e8bf281966bbdc66db,7,0
component-final-613da1e8bf281966bbdc66db,8,0
component-final-613da1e8bf281966bbdc66db,9,0
component-final-613da1e8bf281966bbdc66db,10,0
component-final-1620ce45018562d221e4194e,0,0
component-final-1620ce45018562d221e4194e,1,0
component-final-1620ce45018562d221e4194e,2,0
component-final-1620ce45018562d221e4194e,3,0
component-final-1620ce45018562d221e4194e,4,0
component-final-1620ce45018562d221e4194e,5,0
component-final-1620ce45018562d221e4194e,6,0
component-final-1620ce45018562d221e4194e,7,0
component-final-1620ce45018562d221e4194e,8,0
component-final-1620ce45018562d221e4194e,9,0
component-final-1620ce45018562d221e4194e,10,0
component-final-9c6d0e95f17bee2c910f2581,0,0
component-final-9c6d0e95f17bee2c910f2581,1,1
component-final-9c6d0e95f17bee2c910f2581,2,2
component-final-9c6d0e95f17bee2c910f2581,3,2
component-final-9c6d0e95f17bee2c910f2581,4,3
component-final-9c6d0e95f17bee2c910f2581,5,4
component-final-9c6d0e95f17bee2c910f2581,6,4
component-final-9c6d0e95f17bee2c910f2581,7,4
component-final-9c6d0e95f17bee2c910f2581,8,5
component-final-9c6d0e95f17bee2c910f2581,9,5
component-final-9c6d0e95f17bee2c910f2581,10,5
component-final-fc418323f51d699f8e0035cc,0,0
component-final-fc418323f51d699f8e0035cc,1,1
component-final-fc418323f51d699f8e0035cc,2,1
component-final-fc418323f51d699f8e0035cc,3,2
component-final-fc418323f51d699f8e0035cc,4,2
component-final-fc418323f51d699f8e0035cc,5,2
component-final-fc418323f51d699f8e0035cc,6,3
component-final-fc418323f51d699f8e0035cc,7,4
component-final-fc418323f51d699f8e0035cc,8,4
component-final-fc418323f51d699f8e0035cc,9,5
component-final-fc418323f51d699f8e0035cc,10,5
component-final-6940b1c4fd8e43fbb929381b,0,0
component-final-6940b1c4fd8e43fbb929381b,1,1
component-final-6940b1c4fd8e43fbb929381b,2,2
component-final-6940b1c4fd8e43fbb929381b,3,3
component-final-6940b1c4fd8e43fbb929381b,4,4
component-final-6940b1c4fd8e43fbb929381b,5,4
component-final-6940b1c4fd8e43fbb929381b,6,4
component-final-6940b1c4fd8e43fbb929381b,7,4
component-final-6940b1c4fd8e43fbb929381b,8,4
component-final-6940b1c4fd8e43fbb929381b,9,4
component-final-6940b1c4fd8e43fbb929381b,10,4
component-final-5437e8d24a83c0cf0eab590a,0,0
component-final-5437e8d24a83c0cf0eab590a,1,1
component-final-5437e8d24a83c0cf0eab590a,2,1
component-final-5437e8d24a83c0cf0eab590a,3,1
component-final-5437e8d24a83c0cf0eab590a,4,1
component-final-5437e8d24a83c0cf0eab590a,5,1
component-final-5437e8d24a83c0cf0eab590a,6,1
component-final-5437e8d24a83c0cf0eab590a,7,1
component-final-5437e8d24a83c0cf0eab590a,8,1
component-final-5437e8d24a83c0cf0eab590a,9,1
component-final-5437e8d24a83c0cf0eab590a,10,2
component-final-097cf70d695ce1077e80d968,0,0
component-final-097cf70d695ce1077e80d968,1,0
component-final-097cf70d695ce1077e80d968,2,0
component-final-097cf70d695ce1077e80d968,3,0
component-final-097cf70d695ce1077e80d968,4,0
component-final-097cf70d695ce1077e80d968,5,0
component-final-097cf70d695ce1077e80d968,6,0
component-final-097cf70d695ce1077e80d968,7,0
component-final-097cf70d695ce1077e80d968,8,0
component-final-097cf70d695ce1077e80d968,9,0
component-final-097cf70d695ce1077e80d968,10,0
component-final-67fc6276065678190cd1668f,0,0
component-final-67fc6276065678190cd1668f,1,0
component-final-67fc6276065678190cd1668f,2,0
component-final-67fc6276065678190cd1668f,3,0
component-final-67fc6276065678190cd1668f,4,0
component-final-67fc6276065678190cd1668f,5,0
component-final-67fc6276065678190cd1668f,6,0
component-final-67fc6276065678190cd1668f,7,0
component-final-67fc6276065678190cd1668f,8,0
component-final-67fc6276065678190cd1668f,9,0
component-final-67fc6276065678190cd1668f,10,0
component-final-22f3a1cd41836989deb32993,0,0
component-final-22f3a1cd41836989deb32993,1,0
component-final-22f3a1cd41836989deb32993,2,0
component-final-22f3a1cd41836989deb32993,3,0
component-final-22f3a1cd41836989deb32993,4,0
component-final-22f3a1cd41836989deb32993,5,0
component-final-22f3a1cd41836989deb32993,6,0
component-final-22f3a1cd41836989deb32993,7,0
component-final-22f3a1cd41836989deb32993,8,0
component-final-22f3a1cd41836989deb32993,9,0
component-final-22f3a1cd41836989deb32993,10,0
component-final-a744d1f002d5515ae862af23,0,0
component-final-a744d1f002d5515ae862af23,1,0
component-final-a744d1f002d5515ae862af23,2,0
component-final-a744d1f002d5515ae862af23,3,0
component-final-a744d1f002d5515ae862af23,4,0
component-final-a744d1f002d5515ae862af23,5,0
component-final-a744d1f002d5515ae862af23,6,0
component-final-a744d1f002d5515ae862af23,7,0
component-final-a744d1f002d5515ae862af23,8,0
component-final-a744d1f002d5515ae862af23,9,0
component-final-a744d1f002d5515ae862af23,10,0
component-final-bfc30e9cafe8bac91f5e5c0f,0,0
component-final-bfc30e9cafe8bac91f5e5c0f,1,0
component-final-bfc30e9cafe8bac91f5e5c0f,2,0
component-final-bfc30e9cafe8bac91f5e5c0f,3,0
component-final-bfc30e9cafe8bac91f5e5c0f,4,0
component-final-bfc30e9cafe8bac91f5e5c0f,5,0
component-final-bfc30e9cafe8bac91f5e5c0f,6,0
component-final-bfc30e9cafe8bac91f5e5c0f,7,0
component-final-bfc30e9cafe8bac91f5e5c0f,8,0
component-final-bfc30e9cafe8bac91f5e5c0f,9,0
component-final-bfc30e9cafe8bac91f5e5c0f,10,0
component-final-15d85bb3bf519495ccb4a7ce,0,0
component-final-15d85bb3bf519495ccb4a7ce,1,0
component-final-15d85bb3bf519495ccb4a7ce,2,0
component-final-15d85bb3bf519495ccb4a7ce,3,0
component-final-15d85bb3bf519495ccb4a7ce,4,0
component-final-15d85bb3bf519495ccb4a7ce,5,0
component-final-15d85bb3bf519495ccb4a7ce,6,1
component-final-15d85bb3bf519495ccb4a7ce,7,2
component-final-15d85bb3bf519495ccb4a7ce,8,3
component-final-15d85bb3bf519495ccb4a7ce,9,3
component-final-15d85bb3bf519495ccb4a7ce,10,4
component-final-d871efc4554e769daf1e3833,0,0
component-final-d871efc4554e769daf1e3833,1,0
component-final-d871efc4554e769daf1e3833,2,1
component-final-d871efc4554e769daf1e3833,3,1
component-final-d871efc4554e769daf1e3833,4,2
component-final-d871efc4554e769daf1e3833,5,3
component-final-d871efc4554e769daf1e3833,6,4
component-final-d871efc4554e769daf1e3833,7,4
component-final-d871efc4554e769daf1e3833,8,5
component-final-d871efc4554e769daf1e3833,9,5
component-final-d871efc4554e769daf1e3833,10,5
component-final-23fc0277f36cbc5173086457,0,0
component-final-23fc0277f36cbc5173086457,1,0
component-final-23fc0277f36cbc5173086457,2,0
component-final-23fc0277f36cbc5173086457,3,0
component-final-23fc0277f36cbc5173086457,4,0
component-final-23fc0277f36cbc5173086457,5,0
component-final-23fc0277f36cbc5173086457,6,1
component-final-23fc0277f36cbc5173086457,7,1
component-final-23fc0277f36cbc5173086457,8,1
component-final-23fc0277f36cbc5173086457,9,2
component-final-23fc0277f36cbc5173086457,10,2
component-final-d7d60c4523f7442bcc1e14f0,0,0
component-final-d7d60c4523f7442bcc1e14f0,1,0
component-final-d7d60c4523f7442bcc1e14f0,2,0
component-final-d7d60c4523f7442bcc1e14f0,3,0
component-final-d7d60c4523f7442bcc1e14f0,4,0
component-final-d7d60c4523f7442bcc1e14f0,5,0
component-final-d7d60c4523f7442bcc1e14f0,6,0
component-final-d7d60c4523f7442bcc1e14f0,7,0
component-final-d7d60c4523f7442bcc1e14f0,8,0
component-final-d7d60c4523f7442bcc1e14f0,9,0
component-final-d7d60c4523f7442bcc1e14f0,10,0
component-final-9687f2a9b14b25a12b50c7c7,0,0
component-final-9687f2a9b14b25a12b50c7c7,1,0
component-final-9687f2a9b14b25a12b50c7c7,2,0
component-final-9687f2a9b14b25a12b50c7c7,3,0
component-final-9687f2a9b14b25a12b50c7c7,4,0
component-final-9687f2a9b14b25a12b50c7c7,5,0
component-final-9687f2a9b14b25a12b50c7c7,6,0
component-final-9687f2a9b14b25a12b50c7c7,7,0
component-final-9687f2a9b14b25a12b50c7c7,8,0
component-final-9687f2a9b14b25a12b50c7c7,9,0
component-final-9687f2a9b14b25a12b50c7c7,10,0
component-final-8105dcb6063a8c1ee4d7a3df,0,0
component-final-8105dcb6063a8c1ee4d7a3df,1,1
component-final-8105dcb6063a8c1ee4d7a3df,2,2
component-final-8105dcb6063a8c1ee4d7a3df,3,3
component-final-8105dcb6063a8c1ee4d7a3df,4,3
component-final-8105dcb6063a8c1ee4d7a3df,5,3
component-final-8105dcb6063a8c1ee4d7a3df,6,3
component-final-8105dcb6063a8c1ee4d7a3df,7,3
component-final-8105dcb6063a8c1ee4d7a3df,8,3
component-final-8105dcb6063a8c1ee4d7a3df,9,3
component-final-8105dcb6063a8c1ee4d7a3df,10,3
component-final-1cf14bfc386a48587fb3d44f,0,0
component-final-1cf14bfc386a48587fb3d44f,1,0
component-final-1cf14bfc386a48587fb3d44f,2,0
component-final-1cf14bfc386a48587fb3d44f,3,0
component-final-1cf14bfc386a48587fb3d44f,4,0
component-final-1cf14bfc386a48587fb3d44f,5,0
component-final-1cf14bfc386a48587fb3d44f,6,0
component-final-1cf14bfc386a48587fb3d44f,7,0
component-final-1cf14bfc386a48587fb3d44f,8,0
component-final-1cf14bfc386a48587fb3d44f,9,0
component-final-1cf14bfc386a48587fb3d44f,10,0
component-final-ae7ed12937b3f100fde020f2,0,0
component-final-ae7ed12937b3f100fde020f2,1,0
component-final-ae7ed12937b3f100fde020f2,2,0
component-final-ae7ed12937b3f100fde020f2,3,0
component-final-ae7ed12937b3f100fde020f2,4,0
component-final-ae7ed12937b3f100fde020f2,5,0
component-final-ae7ed12937b3f100fde020f2,6,0
component-final-ae7ed12937b3f100fde020f2,7,1
component-final-ae7ed12937b3f100fde020f2,8,1
component-final-ae7ed12937b3f100fde020f2,9,1
component-final-ae7ed12937b3f100fde020f2,10,1
component-final-532a361b05032f301afc1699,0,0
component-final-532a361b05032f301afc1699,1,0
component-final-532a361b05032f301afc1699,2,0
component-final-532a361b05032f301afc1699,3,0
component-final-532a361b05032f301afc1699,4,0
component-final-532a361b05032f301afc1699,5,0
component-final-532a361b05032f301afc1699,6,0
component-final-532a361b05032f301afc1699,7,0
component-final-532a361b05032f301afc1699,8,0
component-final-532a361b05032f301afc1699,9,0
component-final-532a361b05032f301afc1699,10,0
component-final-a3732fa5b54a92b1311c1b58,0,0
component-final-a3732fa5b54a92b1311c1b58,1,0
component-final-a3732fa5b54a92b1311c1b58,2,0
component-final-a3732fa5b54a92b1311c1b58,3,0
component-final-a3732fa5b54a92b1311c1b58,4,0
component-final-a3732fa5b54a92b1311c1b58,5,0
component-final-a3732fa5b54a92b1311c1b58,6,0
component-final-a3732fa5b54a92b1311c1b58,7,0
component-final-a3732fa5b54a92b1311c1b58,8,0
component-final-a3732fa5b54a92b1311c1b58,9,0
component-final-a3732fa5b54a92b1311c1b58,10,0
component-final-d6320918599c58b8fdbc75b2,0,0
component-final-d6320918599c58b8fdbc75b2,1,1
component-final-d6320918599c58b8fdbc75b2,2,1
component-final-d6320918599c58b8fdbc75b2,3,2
component-final-d6320918599c58b8fdbc75b2,4,3
component-final-d6320918599c58b8fdbc75b2,5,4
component-final-d6320918599c58b8fdbc75b2,6,4
component-final-d6320918599c58b8fdbc75b2,7,5
component-final-d6320918599c58b8fdbc75b2,8,6
component-final-d6320918599c58b8fdbc75b2,9,7
component-final-d6320918599c58b8fdbc75b2,10,7
component-final-6e87c157b77b8a8b5478607f,0,0
component-final-6e87c157b77b8a8b5478607f,1,0
component-final-6e87c157b77b8a8b5478607f,2,1
component-final-6e87c157b77b8a8b5478607f,3,1
component-final-6e87c157b77b8a8b5478607f,4,2
component-final-6e87c157b77b8a8b5478607f,5,2
component-final-6e87c157b77b8a8b5478607f,6,2
component-final-6e87c157b77b8a8b5478607f,7,2
component-final-6e87c157b77b8a8b5478607f,8,3
component-final-6e87c157b77b8a8b5478607f,9,3
component-final-6e87c157b77b8a8b5478607f,10,3
component-final-224d04eaabe5456c3162051a,0,0
component-final-224d04eaabe5456c3162051a,1,0
component-final-224d04eaabe5456c3162051a,2,0
component-final-224d04eaabe5456c3162051a,3,0
component-final-224d04eaabe5456c3162051a,4,0
component-final-224d04eaabe5456c3162051a,5,0
component-final-224d04eaabe5456c3162051a,6,0
component-final-224d04eaabe5456c3162051a,7,0
component-final-224d04eaabe5456c3162051a,8,0
component-final-224d04eaabe5456c3162051a,9,0
component-final-224d04eaabe5456c3162051a,10,0
component-final-fcda402ce1a7c8e4ecf13096,0,0
component-final-fcda402ce1a7c8e4ecf13096,1,0
component-final-fcda402ce1a7c8e4ecf13096,2,0
component-final-fcda402ce1a7c8e4ecf13096,3,0
component-final-fcda402ce1a7c8e4ecf13096,4,0
component-final-fcda402ce1a7c8e4ecf13096,5,0
component-final-fcda402ce1a7c8e4ecf13096,6,0
component-final-fcda402ce1a7c8e4ecf13096,7,0
component-final-fcda402ce1a7c8e4ecf13096,8,0
component-final-fcda402ce1a7c8e4ecf13096,9,0
component-final-fcda402ce1a7c8e4ecf13096,10,0
component-final-c246d769152139fcab5c4e2b,0,0
component-final-c246d769152139fcab5c4e2b,1,0
component-final-c246d769152139fcab5c4e2b,2,0
component-final-c246d769152139fcab5c4e2b,3,0
component-final-c246d769152139fcab5c4e2b,4,0
component-final-c246d769152139fcab5c4e2b,5,0
component-final-c246d769152139fcab5c4e2b,6,0
component-final-c246d769152139fcab5c4e2b,7,0
component-final-c246d769152139fcab5c4e2b,8,0
component-final-c246d769152139fcab5c4e2b,9,0
component-final-c246d769152139fcab5c4e2b,10,0
component-final-d183e09d99cadf104f59d07e,0,0
component-final-d183e09d99cadf104f59d07e,1,0
component-final-d183e09d99cadf104f59d07e,2,0
component-final-d183e09d99cadf104f59d07e,3,0
component-final-d183e09d99cadf104f59d07e,4,0
component-final-d183e09d99cadf104f59d07e,5,0
component-final-d183e09d99cadf104f59d07e,6,0
component-final-d183e09d99cadf104f59d07e,7,0
component-final-d183e09d99cadf104f59d07e,8,0
component-final-d183e09d99cadf104f59d07e,9,0
component-final-d183e09d99cadf104f59d07e,10,0
component-final-2ba86fe5167c7c377083c728,0,0
component-final-2ba86fe5167c7c377083c728,1,1
component-final-2ba86fe5167c7c377083c728,2,1
component-final-2ba86fe5167c7c377083c728,3,1
component-final-2ba86fe5167c7c377083c728,4,1
component-final-2ba86fe5167c7c377083c728,5,1
component-final-2ba86fe5167c7c377083c728,6,2
component-final-2ba86fe5167c7c377083c728,7,3
component-final-2ba86fe5167c7c377083c728,8,3
component-final-2ba86fe5167c7c377083c728,9,3
component-final-2ba86fe5167c7c377083c728,10,3
component-final-fd363bc50f56142b92b62728,0,0
component-final-fd363bc50f56142b92b62728,1,0
component-final-fd363bc50f56142b92b62728,2,0
component-final-fd363bc50f56142b92b62728,3,0
component-final-fd363bc50f56142b92b62728,4,0
component-final-fd363bc50f56142b92b62728,5,0
component-final-fd363bc50f56142b92b62728,6,0
component-final-fd363bc50f56142b92b62728,7,0
component-final-fd363bc50f56142b92b62728,8,0
component-final-fd363bc50f56142b92b62728,9,0
component-final-fd363bc50f56142b92b62728,10,1
component-final-60a0f011651058cfacc89f7b,0,0
component-final-60a0f011651058cfacc89f7b,1,0
component-final-60a0f011651058cfacc89f7b,2,0
component-final-60a0f011651058cfacc89f7b,3,0
component-final-60a0f011651058cfacc89f7b,4,0
component-final-60a0f011651058cfacc89f7b,5,0
component-final-60a0f011651058cfacc89f7b,6,0
component-final-60a0f011651058cfacc89f7b,7,0
component-final-60a0f011651058cfacc89f7b,8,0
component-final-60a0f011651058cfacc89f7b,9,0
component-final-60a0f011651058cfacc89f7b,10,0
component-final-209f38eb700cca3d60e9efa7,0,0
component-final-209f38eb700cca3d60e9efa7,1,0
component-final-209f38eb700cca3d60e9efa7,2,0
component-final-209f38eb700cca3d60e9efa7,3,0
component-final-209f38eb700cca3d60e9efa7,4,0
component-final-209f38eb700cca3d60e9efa7,5,0
component-final-209f38eb700cca3d60e9efa7,6,0
component-final-209f38eb700cca3d60e9efa7,7,0
component-final-209f38eb700cca3d60e9efa7,8,0
component-final-209f38eb700cca3d60e9efa7,9,0
component-final-209f38eb700cca3d60e9efa7,10,1
component-final-4196966d5c53dfe11bcc143c,0,0
component-final-4196966d5c53dfe11bcc143c,1,0
component-final-4196966d5c53dfe11bcc143c,2,0
component-final-4196966d5c53dfe11bcc143c,3,0
component-final-4196966d5c53dfe11bcc143c,4,0
component-final-4196966d5c53dfe11bcc143c,5,0
component-final-4196966d5c53dfe11bcc143c,6,0
component-final-4196966d5c53dfe11bcc143c,7,0
component-final-4196966d5c53dfe11bcc143c,8,0
component-final-4196966d5c53dfe11bcc143c,9,0
component-final-4196966d5c53dfe11bcc143c,10,0
component-final-c45c02cfcfba22369cf3d67e,0,0
component-final-c45c02cfcfba22369cf3d67e,1,1
component-final-c45c02cfcfba22369cf3d67e,2,2
component-final-c45c02cfcfba22369cf3d67e,3,3
component-final-c45c02cfcfba22369cf3d67e,4,3
component-final-c45c02cfcfba22369cf3d67e,5,3
component-final-c45c02cfcfba22369cf3d67e,6,3
component-final-c45c02cfcfba22369cf3d67e,7,3
component-final-c45c02cfcfba22369cf3d67e,8,3
component-final-c45c02cfcfba22369cf3d67e,9,3
component-final-c45c02cfcfba22369cf3d67e,10,4
component-final-ed296383b5dd723eb7f3f420,0,0
component-final-ed296383b5dd723eb7f3f420,1,1
component-final-ed296383b5dd723eb7f3f420,2,1
component-final-ed296383b5dd723eb7f3f420,3,1
component-final-ed296383b5dd723eb7f3f420,4,2
component-final-ed296383b5dd723eb7f3f420,5,3
component-final-ed296383b5dd723eb7f3f420,6,4
component-final-ed296383b5dd723eb7f3f420,7,5
component-final-ed296383b5dd723eb7f3f420,8,6
component-final-ed296383b5dd723eb7f3f420,9,7
component-final-ed296383b5dd723eb7f3f420,10,7
component-final-07cc974a8eb647f7ef56f64b,0,0
component-final-07cc974a8eb647f7ef56f64b,1,1
component-final-07cc974a8eb647f7ef56f64b,2,2
component-final-07cc974a8eb647f7ef56f64b,3,2
component-final-07cc974a8eb647f7ef56f64b,4,3
component-final-07cc974a8eb647f7ef56f64b,5,3
component-final-07cc974a8eb647f7ef56f64b,6,3
component-final-07cc974a8eb647f7ef56f64b,7,3
component-final-07cc974a8eb647f7ef56f64b,8,3
component-final-07cc974a8eb647f7ef56f64b,9,4
component-final-07cc974a8eb647f7ef56f64b,10,4
component-final-2abb7ae3833df1de1f7bb48d,0,0
component-final-2abb7ae3833df1de1f7bb48d,1,1
component-final-2abb7ae3833df1de1f7bb48d,2,2
component-final-2abb7ae3833df1de1f7bb48d,3,3
component-final-2abb7ae3833df1de1f7bb48d,4,3
component-final-2abb7ae3833df1de1f7bb48d,5,4
component-final-2abb7ae3833df1de1f7bb48d,6,4
component-final-2abb7ae3833df1de1f7bb48d,7,5
component-final-2abb7ae3833df1de1f7bb48d,8,5
component-final-2abb7ae3833df1de1f7bb48d,9,6
component-final-2abb7ae3833df1de1f7bb48d,10,7
component-final-e8cccbc76dfc4ee5f37008ee,0,0
component-final-e8cccbc76dfc4ee5f37008ee,1,0
component-final-e8cccbc76dfc4ee5f37008ee,2,0
component-final-e8cccbc76dfc4ee5f37008ee,3,0
component-final-e8cccbc76dfc4ee5f37008ee,4,0
component-final-e8cccbc76dfc4ee5f37008ee,5,0
component-final-e8cccbc76dfc4ee5f37008ee,6,0
component-final-e8cccbc76dfc4ee5f37008ee,7,0
component-final-e8cccbc76dfc4ee5f37008ee,8,0
component-final-e8cccbc76dfc4ee5f37008ee,9,0
component-final-e8cccbc76dfc4ee5f37008ee,10,0
component-final-eb142902a7e581f439dc417d,0,0
component-final-eb142902a7e581f439dc417d,1,0
component-final-eb142902a7e581f439dc417d,2,0
component-final-eb142902a7e581f439dc417d,3,0
component-final-eb142902a7e581f439dc417d,4,0
component-final-eb142902a7e581f439dc417d,5,0
component-final-eb142902a7e581f439dc417d,6,0
component-final-eb142902a7e581f439dc417d,7,0
component-final-eb142902a7e581f439dc417d,8,0
component-final-eb142902a7e581f439dc417d,9,0
component-final-eb142902a7e581f439dc417d,10,0
component-final-dbbc4fe94ffda40129be777d,0,0
component-final-dbbc4fe94ffda40129be777d,1,0
component-final-dbbc4fe94ffda40129be777d,2,0
component-final-dbbc4fe94ffda40129be777d,3,0
component-final-dbbc4fe94ffda40129be777d,4,0
component-final-dbbc4fe94ffda40129be777d,5,0
component-final-dbbc4fe94ffda40129be777d,6,0
component-final-dbbc4fe94ffda40129be777d,7,0
component-final-dbbc4fe94ffda40129be777d,8,0
component-final-dbbc4fe94ffda40129be777d,9,0
component-final-dbbc4fe94ffda40129be777d,10,0
component-final-dc0bd62a8e84b04d2e2475c8,0,0
component-final-dc0bd62a8e84b04d2e2475c8,1,0
component-final-dc0bd62a8e84b04d2e2475c8,2,0
component-final-dc0bd62a8e84b04d2e2475c8,3,0
component-final-dc0bd62a8e84b04d2e2475c8,4,0
component-final-dc0bd62a8e84b04d2e2475c8,5,0
component-final-dc0bd62a8e84b04d2e2475c8,6,0
component-final-dc0bd62a8e84b04d2e2475c8,7,0
component-final-dc0bd62a8e84b04d2e2475c8,8,0
component-final-dc0bd62a8e84b04d2e2475c8,9,0
component-final-dc0bd62a8e84b04d2e2475c8,10,0
component-final-785f324071cce087ef721e99,0,0
component-final-785f324071cce087ef721e99,1,0
component-final-785f324071cce087ef721e99,2,0
component-final-785f324071cce087ef721e99,3,0
component-final-785f324071cce087ef721e99,4,0
component-final-785f324071cce087ef721e99,5,0
component-final-785f324071cce087ef721e99,6,0
component-final-785f324071cce087ef721e99,7,0
component-final-785f324071cce087ef721e99,8,0
component-final-785f324071cce087ef721e99,9,0
component-final-785f324071cce087ef721e99,10,0
component-final-1a1fc0bd50b270ee4bbebe63,0,0
component-final-1a1fc0bd50b270ee4bbebe63,1,1
component-final-1a1fc0bd50b270ee4bbebe63,2,1
component-final-1a1fc0bd50b270ee4bbebe63,3,1
component-final-1a1fc0bd50b270ee4bbebe63,4,1
component-final-1a1fc0bd50b270ee4bbebe63,5,1
component-final-1a1fc0bd50b270ee4bbebe63,6,1
component-final-1a1fc0bd50b270ee4bbebe63,7,1
component-final-1a1fc0bd50b270ee4bbebe63,8,1
component-final-1a1fc0bd50b270ee4bbebe63,9,1
component-final-1a1fc0bd50b270ee4bbebe63,10,1
component-final-9dc48fcc464bbc2886d4233f,0,0
component-final-9dc48fcc464bbc2886d4233f,1,0
component-final-9dc48fcc464bbc2886d4233f,2,0
component-final-9dc48fcc464bbc2886d4233f,3,0
component-final-9dc48fcc464bbc2886d4233f,4,0
component-final-9dc48fcc464bbc2886d4233f,5,0
component-final-9dc48fcc464bbc2886d4233f,6,0
component-final-9dc48fcc464bbc2886d4233f,7,0
component-final-9dc48fcc464bbc2886d4233f,8,0
component-final-9dc48fcc464bbc2886d4233f,9,0
component-final-9dc48fcc464bbc2886d4233f,10,0
component-final-ab2d4f5f04753d4ad0edeb98,0,0
component-final-ab2d4f5f04753d4ad0edeb98,1,0
component-final-ab2d4f5f04753d4ad0edeb98,2,0
component-final-ab2d4f5f04753d4ad0edeb98,3,0
component-final-ab2d4f5f04753d4ad0edeb98,4,0
component-final-ab2d4f5f04753d4ad0edeb98,5,0
component-final-ab2d4f5f04753d4ad0edeb98,6,1
component-final-ab2d4f5f04753d4ad0edeb98,7,1
component-final-ab2d4f5f04753d4ad0edeb98,8,1
component-final-ab2d4f5f04753d4ad0edeb98,9,1
component-final-ab2d4f5f04753d4ad0edeb98,10,1
component-final-d6921af470f89295bf351d84,0,0
component-final-d6921af470f89295bf351d84,1,0
component-final-d6921af470f89295bf351d84,2,0
component-final-d6921af470f89295bf351d84,3,0
component-final-d6921af470f89295bf351d84,4,0
component-final-d6921af470f89295bf351d84,5,0
component-final-d6921af470f89295bf351d84,6,0
component-final-d6921af470f89295bf351d84,7,0
component-final-d6921af470f89295bf351d84,8,0
component-final-d6921af470f89295bf351d84,9,0
component-final-d6921af470f89295bf351d84,10,0
component-final-f30eec5b5faf8a224f9b0572,0,0
component-final-f30eec5b5faf8a224f9b0572,1,0
component-final-f30eec5b5faf8a224f9b0572,2,0
component-final-f30eec5b5faf8a224f9b0572,3,0
component-final-f30eec5b5faf8a224f9b0572,4,0
component-final-f30eec5b5faf8a224f9b0572,5,0
component-final-f30eec5b5faf8a224f9b0572,6,0
component-final-f30eec5b5faf8a224f9b0572,7,0
component-final-f30eec5b5faf8a224f9b0572,8,0
component-final-f30eec5b5faf8a224f9b0572,9,0
component-final-f30eec5b5faf8a224f9b0572,10,0
component-final-3ab5cc76b3a2658304176baf,0,0
component-final-3ab5cc76b3a2658304176baf,1,1
component-final-3ab5cc76b3a2658304176baf,2,2
component-final-3ab5cc76b3a2658304176baf,3,2
component-final-3ab5cc76b3a2658304176baf,4,2
component-final-3ab5cc76b3a2658304176baf,5,3
component-final-3ab5cc76b3a2658304176baf,6,4
component-final-3ab5cc76b3a2658304176baf,7,4
component-final-3ab5cc76b3a2658304176baf,8,4
component-final-3ab5cc76b3a2658304176baf,9,4
component-final-3ab5cc76b3a2658304176baf,10,4
component-final-cfde02d4a33f370d0cd1003a,0,0
component-final-cfde02d4a33f370d0cd1003a,1,0
component-final-cfde02d4a33f370d0cd1003a,2,0
component-final-cfde02d4a33f370d0cd1003a,3,0
component-final-cfde02d4a33f370d0cd1003a,4,0
component-final-cfde02d4a33f370d0cd1003a,5,0
component-final-cfde02d4a33f370d0cd1003a,6,0
component-final-cfde02d4a33f370d0cd1003a,7,0
component-final-cfde02d4a33f370d0cd1003a,8,0
component-final-cfde02d4a33f370d0cd1003a,9,0
component-final-cfde02d4a33f370d0cd1003a,10,0
component-final-2793ab9b2838375d7bc98b36,0,0
component-final-2793ab9b2838375d7bc98b36,1,0
component-final-2793ab9b2838375d7bc98b36,2,0
component-final-2793ab9b2838375d7bc98b36,3,0
component-final-2793ab9b2838375d7bc98b36,4,0
component-final-2793ab9b2838375d7bc98b36,5,0
component-final-2793ab9b2838375d7bc98b36,6,0
component-final-2793ab9b2838375d7bc98b36,7,0
component-final-2793ab9b2838375d7bc98b36,8,0
component-final-2793ab9b2838375d7bc98b36,9,0
component-final-2793ab9b2838375d7bc98b36,10,0
component-final-c85ffa1e56259a2c725668bc,0,0
component-final-c85ffa1e56259a2c725668bc,1,0
component-final-c85ffa1e56259a2c725668bc,2,0
component-final-c85ffa1e56259a2c725668bc,3,0
component-final-c85ffa1e56259a2c725668bc,4,0
component-final-c85ffa1e56259a2c725668bc,5,0
component-final-c85ffa1e56259a2c725668bc,6,0
component-final-c85ffa1e56259a2c725668bc,7,0
component-final-c85ffa1e56259a2c725668bc,8,0
component-final-c85ffa1e56259a2c725668bc,9,0
component-final-c85ffa1e56259a2c725668bc,10,0
component-final-55ed40fcb7fa3a4f0cb4bc70,0,0
component-final-55ed40fcb7fa3a4f0cb4bc70,1,0
component-final-55ed40fcb7fa3a4f0cb4bc70,2,0
component-final-55ed40fcb7fa3a4f0cb4bc70,3,0
component-final-55ed40fcb7fa3a4f0cb4bc70,4,0
component-final-55ed40fcb7fa3a4f0cb4bc70,5,0
component-final-55ed40fcb7fa3a4f0cb4bc70,6,0
component-final-55ed40fcb7fa3a4f0cb4bc70,7,0
component-final-55ed40fcb7fa3a4f0cb4bc70,8,0
component-final-55ed40fcb7fa3a4f0cb4bc70,9,0
component-final-55ed40fcb7fa3a4f0cb4bc70,10,0
component-final-1eae929576d68dba87c12e0a,0,0
component-final-1eae929576d68dba87c12e0a,1,0
component-final-1eae929576d68dba87c12e0a,2,0
component-final-1eae929576d68dba87c12e0a,3,0
component-final-1eae929576d68dba87c12e0a,4,0
component-final-1eae929576d68dba87c12e0a,5,0
component-final-1eae929576d68dba87c12e0a,6,0
component-final-1eae929576d68dba87c12e0a,7,0
component-final-1eae929576d68dba87c12e0a,8,0
component-final-1eae929576d68dba87c12e0a,9,0
component-final-1eae929576d68dba87c12e0a,10,0
component-final-7dd11a6b381f133a04ee56b8,0,0
component-final-7dd11a6b381f133a04ee56b8,1,0
component-final-7dd11a6b381f133a04ee56b8,2,0
component-final-7dd11a6b381f133a04ee56b8,3,0
component-final-7dd11a6b381f133a04ee56b8,4,0
component-final-7dd11a6b381f133a04ee56b8,5,0
component-final-7dd11a6b381f133a04ee56b8,6,0
component-final-7dd11a6b381f133a04ee56b8,7,0
component-final-7dd11a6b381f133a04ee56b8,8,1
component-final-7dd11a6b381f133a04ee56b8,9,1
component-final-7dd11a6b381f133a04ee56b8,10,1
component-final-a375973d8c1846341bcde9f7,0,0
component-final-a375973d8c1846341bcde9f7,1,0
component-final-a375973d8c1846341bcde9f7,2,0
component-final-a375973d8c1846341bcde9f7,3,0
component-final-a375973d8c1846341bcde9f7,4,0
component-final-a375973d8c1846341bcde9f7,5,0
component-final-a375973d8c1846341bcde9f7,6,0
component-final-a375973d8c1846341bcde9f7,7,0
component-final-a375973d8c1846341bcde9f7,8,0
component-final-a375973d8c1846341bcde9f7,9,0
component-final-a375973d8c1846341bcde9f7,10,0
component-final-2be2f768e7f5eb049fd06746,0,0
component-final-2be2f768e7f5eb049fd06746,1,0
component-final-2be2f768e7f5eb049fd06746,2,0
component-final-2be2f768e7f5eb049fd06746,3,0
component-final-2be2f768e7f5eb049fd06746,4,0
component-final-2be2f768e7f5eb049fd06746,5,0
component-final-2be2f768e7f5eb049fd06746,6,0
component-final-2be2f768e7f5eb049fd06746,7,0
component-final-2be2f768e7f5eb049fd06746,8,0
component-final-2be2f768e7f5eb049fd06746,9,0
component-final-2be2f768e7f5eb049fd06746,10,0
component-final-8a19c13373fd3c674ccce939,0,0
component-final-8a19c13373fd3c674ccce939,1,0
component-final-8a19c13373fd3c674ccce939,2,0
component-final-8a19c13373fd3c674ccce939,3,0
component-final-8a19c13373fd3c674ccce939,4,0
component-final-8a19c13373fd3c674ccce939,5,0
component-final-8a19c13373fd3c674ccce939,6,0
component-final-8a19c13373fd3c674ccce939,7,0
component-final-8a19c13373fd3c674ccce939,8,0
component-final-8a19c13373fd3c674ccce939,9,0
component-final-8a19c13373fd3c674ccce939,10,1
component-final-f6214638a1db79afbf27a3fb,0,0
component-final-f6214638a1db79afbf27a3fb,1,0
component-final-f6214638a1db79afbf27a3fb,2,0
component-final-f6214638a1db79afbf27a3fb,3,0
component-final-f6214638a1db79afbf27a3fb,4,0
component-final-f6214638a1db79afbf27a3fb,5,0
component-final-f6214638a1db79afbf27a3fb,6,0
component-final-f6214638a1db79afbf27a3fb,7,0
component-final-f6214638a1db79afbf27a3fb,8,0
component-final-f6214638a1db79afbf27a3fb,9,0
component-final-f6214638a1db79afbf27a3fb,10,0
component-final-f6214638a1db79afbf27a3fb,11,0
component-final-f6214638a1db79afbf27a3fb,12,1
component-final-f6214638a1db79afbf27a3fb,13,2
component-final-f6214638a1db79afbf27a3fb,14,3
component-final-f6214638a1db79afbf27a3fb,15,3
component-final-f6214638a1db79afbf27a3fb,16,3
component-final-f6214638a1db79afbf27a3fb,17,3
component-final-f6214638a1db79afbf27a3fb,18,3
component-final-f6214638a1db79afbf27a3fb,19,3
component-final-f6214638a1db79afbf27a3fb,20,3
component-final-f6214638a1db79afbf27a3fb,21,3
component-final-f6214638a1db79afbf27a3fb,22,3
component-final-f6214638a1db79afbf27a3fb,23,3
component-final-f6214638a1db79afbf27a3fb,24,3
component-final-f6214638a1db79afbf27a3fb,25,3
component-final-f6214638a1db79afbf27a3fb,26,3
component-final-f6214638a1db79afbf27a3fb,27,3
component-final-f6214638a1db79afbf27a3fb,28,3
component-final-f6214638a1db79afbf27a3fb,29,3
component-final-f6214638a1db79afbf27a3fb,30,3
component-final-4392e4c7d19e6976b5ab21fd,0,0
component-final-4392e4c7d19e6976b5ab21fd,1,1
component-final-4392e4c7d19e6976b5ab21fd,2,1
component-final-4392e4c7d19e6976b5ab21fd,3,1
component-final-4392e4c7d19e6976b5ab21fd,4,1
component-final-4392e4c7d19e6976b5ab21fd,5,1
component-final-4392e4c7d19e6976b5ab21fd,6,1
component-final-4392e4c7d19e6976b5ab21fd,7,1
component-final-4392e4c7d19e6976b5ab21fd,8,2
component-final-4392e4c7d19e6976b5ab21fd,9,2
component-final-4392e4c7d19e6976b5ab21fd,10,2
component-final-4392e4c7d19e6976b5ab21fd,11,2
component-final-4392e4c7d19e6976b5ab21fd,12,3
component-final-4392e4c7d19e6976b5ab21fd,13,3
component-final-4392e4c7d19e6976b5ab21fd,14,3
component-final-4392e4c7d19e6976b5ab21fd,15,3
component-final-4392e4c7d19e6976b5ab21fd,16,3
component-final-4392e4c7d19e6976b5ab21fd,17,3
component-final-4392e4c7d19e6976b5ab21fd,18,3
component-final-4392e4c7d19e6976b5ab21fd,19,3
component-final-4392e4c7d19e6976b5ab21fd,20,4
component-final-4392e4c7d19e6976b5ab21fd,21,4
component-final-4392e4c7d19e6976b5ab21fd,22,4
component-final-4392e4c7d19e6976b5ab21fd,23,4
component-final-4392e4c7d19e6976b5ab21fd,24,4
component-final-4392e4c7d19e6976b5ab21fd,25,4
component-final-4392e4c7d19e6976b5ab21fd,26,5
component-final-4392e4c7d19e6976b5ab21fd,27,5
component-final-4392e4c7d19e6976b5ab21fd,28,6
component-final-4392e4c7d19e6976b5ab21fd,29,6
component-final-4392e4c7d19e6976b5ab21fd,30,6
component-final-1f8944d244c591a5133c83a5,0,0
component-final-1f8944d244c591a5133c83a5,1,0
component-final-1f8944d244c591a5133c83a5,2,0
component-final-1f8944d244c591a5133c83a5,3,1
component-final-1f8944d244c591a5133c83a5,4,1
component-final-1f8944d244c591a5133c83a5,5,1
component-final-1f8944d244c591a5133c83a5,6,1
component-final-1f8944d244c591a5133c83a5,7,1
component-final-1f8944d244c591a5133c83a5,8,1
component-final-1f8944d244c591a5133c83a5,9,1
component-final-1f8944d244c591a5133c83a5,10,1
component-final-1f8944d244c591a5133c83a5,11,1
component-final-1f8944d244c591a5133c83a5,12,1
component-final-1f8944d244c591a5133c83a5,13,1
component-final-1f8944d244c591a5133c83a5,14,1
component-final-1f8944d244c591a5133c83a5,15,1
component-final-1f8944d244c591a5133c83a5,16,1
component-final-1f8944d244c591a5133c83a5,17,1
component-final-1f8944d244c591a5133c83a5,18,1
component-final-1f8944d244c591a5133c83a5,19,1
component-final-1f8944d244c591a5133c83a5,20,1
component-final-1f8944d244c591a5133c83a5,21,2
component-final-1f8944d244c591a5133c83a5,22,3
component-final-1f8944d244c591a5133c83a5,23,4
component-final-1f8944d244c591a5133c83a5,24,5
component-final-1f8944d244c591a5133c83a5,25,5
component-final-1f8944d244c591a5133c83a5,26,5
component-final-1f8944d244c591a5133c83a5,27,5
component-final-1f8944d244c591a5133c83a5,28,5
component-final-1f8944d244c591a5133c83a5,29,6
component-final-1f8944d244c591a5133c83a5,30,6
component-final-34bf68933a7067cf956984ad,0,0
component-final-34bf68933a7067cf956984ad,1,0
component-final-34bf68933a7067cf956984ad,2,0
component-final-34bf68933a7067cf956984ad,3,0
component-final-34bf68933a7067cf956984ad,4,0
component-final-34bf68933a7067cf956984ad,5,0
component-final-34bf68933a7067cf956984ad,6,0
component-final-34bf68933a7067cf956984ad,7,0
component-final-34bf68933a7067cf956984ad,8,0
component-final-34bf68933a7067cf956984ad,9,0
component-final-34bf68933a7067cf956984ad,10,0
component-final-34bf68933a7067cf956984ad,11,0
component-final-34bf68933a7067cf956984ad,12,0
component-final-34bf68933a7067cf956984ad,13,0
component-final-34bf68933a7067cf956984ad,14,0
component-final-34bf68933a7067cf956984ad,15,0
component-final-34bf68933a7067cf956984ad,16,0
component-final-34bf68933a7067cf956984ad,17,0
component-final-34bf68933a7067cf956984ad,18,0
component-final-34bf68933a7067cf956984ad,19,0
component-final-34bf68933a7067cf956984ad,20,0
component-final-34bf68933a7067cf956984ad,21,0
component-final-34bf68933a7067cf956984ad,22,0
component-final-34bf68933a7067cf956984ad,23,0
component-final-34bf68933a7067cf956984ad,24,0
component-final-34bf68933a7067cf956984ad,25,0
component-final-34bf68933a7067cf956984ad,26,0
component-final-34bf68933a7067cf956984ad,27,1
component-final-34bf68933a7067cf956984ad,28,1
component-final-34bf68933a7067cf956984ad,29,1
component-final-34bf68933a7067cf956984ad,30,1
component-final-f37178b87de48778df92afc2,0,0
component-final-f37178b87de48778df92afc2,1,0
component-final-f37178b87de48778df92afc2,2,0
component-final-f37178b87de48778df92afc2,3,0
component-final-f37178b87de48778df92afc2,4,0
component-final-f37178b87de48778df92afc2,5,0
component-final-f37178b87de48778df92afc2,6,0
component-final-f37178b87de48778df92afc2,7,0
component-final-f37178b87de48778df92afc2,8,0
component-final-f37178b87de48778df92afc2,9,0
component-final-f37178b87de48778df92afc2,10,0
component-final-f37178b87de48778df92afc2,11,0
component-final-f37178b87de48778df92afc2,12,0
component-final-f37178b87de48778df92afc2,13,0
component-final-f37178b87de48778df92afc2,14,0
component-final-f37178b87de48778df92afc2,15,0
component-final-f37178b87de48778df92afc2,16,0
component-final-f37178b87de48778df92afc2,17,0
component-final-f37178b87de48778df92afc2,18,0
component-final-f37178b87de48778df92afc2,19,0
component-final-f37178b87de48778df92afc2,20,0
component-final-f37178b87de48778df92afc2,21,0
component-final-f37178b87de48778df92afc2,22,0
component-final-f37178b87de48778df92afc2,23,0
component-final-f37178b87de48778df92afc2,24,0
component-final-f37178b87de48778df92afc2,25,0
component-final-f37178b87de48778df92afc2,26,0
component-final-f37178b87de48778df92afc2,27,0
component-final-f37178b87de48778df92afc2,28,0
component-final-f37178b87de48778df92afc2,29,0
component-final-f37178b87de48778df92afc2,30,0
component-final-3a5edfb8dd0f377944af08c8,0,0
component-final-3a5edfb8dd0f377944af08c8,1,1
component-final-3a5edfb8dd0f377944af08c8,2,2
component-final-3a5edfb8dd0f377944af08c8,3,3
component-final-3a5edfb8dd0f377944af08c8,4,4
component-final-3a5edfb8dd0f377944af08c8,5,5
component-final-3a5edfb8dd0f377944af08c8,6,6
component-final-3a5edfb8dd0f377944af08c8,7,6
component-final-3a5edfb8dd0f377944af08c8,8,7
component-final-3a5edfb8dd0f377944af08c8,9,8
component-final-3a5edfb8dd0f377944af08c8,10,9
component-final-3a5edfb8dd0f377944af08c8,11,9
component-final-3a5edfb8dd0f377944af08c8,12,10
component-final-3a5edfb8dd0f377944af08c8,13,11
component-final-3a5edfb8dd0f377944af08c8,14,12
component-final-3a5edfb8dd0f377944af08c8,15,13
component-final-3a5edfb8dd0f377944af08c8,16,13
component-final-3a5edfb8dd0f377944af08c8,17,13
component-final-3a5edfb8dd0f377944af08c8,18,14
component-final-3a5edfb8dd0f377944af08c8,19,15
component-final-3a5edfb8dd0f377944af08c8,20,16
component-final-3a5edfb8dd0f377944af08c8,21,17
component-final-3a5edfb8dd0f377944af08c8,22,18
component-final-3a5edfb8dd0f377944af08c8,23,19
component-final-3a5edfb8dd0f377944af08c8,24,20
component-final-3a5edfb8dd0f377944af08c8,25,21
component-final-3a5edfb8dd0f377944af08c8,26,22
component-final-3a5edfb8dd0f377944af08c8,27,23
component-final-3a5edfb8dd0f377944af08c8,28,24
component-final-3a5edfb8dd0f377944af08c8,29,25
component-final-3a5edfb8dd0f377944af08c8,30,25
component-final-785055a92bad3f47441a8c31,0,0
component-final-785055a92bad3f47441a8c31,1,0
component-final-785055a92bad3f47441a8c31,2,0
component-final-785055a92bad3f47441a8c31,3,0
component-final-785055a92bad3f47441a8c31,4,0
component-final-785055a92bad3f47441a8c31,5,0
component-final-785055a92bad3f47441a8c31,6,0
component-final-785055a92bad3f47441a8c31,7,0
component-final-785055a92bad3f47441a8c31,8,0
component-final-785055a92bad3f47441a8c31,9,0
component-final-785055a92bad3f47441a8c31,10,0
component-final-785055a92bad3f47441a8c31,11,0
component-final-785055a92bad3f47441a8c31,12,0
component-final-785055a92bad3f47441a8c31,13,0
component-final-785055a92bad3f47441a8c31,14,0
component-final-785055a92bad3f47441a8c31,15,0
component-final-785055a92bad3f47441a8c31,16,0
component-final-785055a92bad3f47441a8c31,17,0
component-final-785055a92bad3f47441a8c31,18,0
component-final-785055a92bad3f47441a8c31,19,0
component-final-785055a92bad3f47441a8c31,20,0
component-final-785055a92bad3f47441a8c31,21,0
component-final-785055a92bad3f47441a8c31,22,0
component-final-785055a92bad3f47441a8c31,23,0
component-final-785055a92bad3f47441a8c31,24,0
component-final-785055a92bad3f47441a8c31,25,0
component-final-785055a92bad3f47441a8c31,26,0
component-final-785055a92bad3f47441a8c31,27,0
component-final-785055a92bad3f47441a8c31,28,0
component-final-785055a92bad3f47441a8c31,29,0
component-final-785055a92bad3f47441a8c31,30,0
component-final-9d16b922c51bad3cf1aa6459,0,0
component-final-9d16b922c51bad3cf1aa6459,1,0
component-final-9d16b922c51bad3cf1aa6459,2,0
component-final-9d16b922c51bad3cf1aa6459,3,0
component-final-9d16b922c51bad3cf1aa6459,4,0
component-final-9d16b922c51bad3cf1aa6459,5,0
component-final-9d16b922c51bad3cf1aa6459,6,0
component-final-9d16b922c51bad3cf1aa6459,7,0
component-final-9d16b922c51bad3cf1aa6459,8,0
component-final-9d16b922c51bad3cf1aa6459,9,0
component-final-9d16b922c51bad3cf1aa6459,10,0
component-final-9d16b922c51bad3cf1aa6459,11,0
component-final-9d16b922c51bad3cf1aa6459,12,0
component-final-9d16b922c51bad3cf1aa6459,13,0
component-final-9d16b922c51bad3cf1aa6459,14,0
component-final-9d16b922c51bad3cf1aa6459,15,0
component-final-9d16b922c51bad3cf1aa6459,16,0
component-final-9d16b922c51bad3cf1aa6459,17,0
component-final-9d16b922c51bad3cf1aa6459,18,0
component-final-9d16b922c51bad3cf1aa6459,19,0
component-final-9d16b922c51bad3cf1aa6459,20,0
component-final-9d16b922c51bad3cf1aa6459,21,0
component-final-9d16b922c51bad3cf1aa6459,22,0
component-final-9d16b922c51bad3cf1aa6459,23,0
component-final-9d16b922c51bad3cf1aa6459,24,0
component-final-9d16b922c51bad3cf1aa6459,25,0
component-final-9d16b922c51bad3cf1aa6459,26,0
component-final-9d16b922c51bad3cf1aa6459,27,0
component-final-9d16b922c51bad3cf1aa6459,28,0
component-final-9d16b922c51bad3cf1aa6459,29,0
component-final-9d16b922c51bad3cf1aa6459,30,0
component-final-f02e294652a6be2cb0c0e8df,0,0
component-final-f02e294652a6be2cb0c0e8df,1,0
component-final-f02e294652a6be2cb0c0e8df,2,0
component-final-f02e294652a6be2cb0c0e8df,3,0
component-final-f02e294652a6be2cb0c0e8df,4,0
component-final-f02e294652a6be2cb0c0e8df,5,0
component-final-f02e294652a6be2cb0c0e8df,6,0
component-final-f02e294652a6be2cb0c0e8df,7,0
component-final-f02e294652a6be2cb0c0e8df,8,0
component-final-f02e294652a6be2cb0c0e8df,9,0
component-final-f02e294652a6be2cb0c0e8df,10,0
component-final-f02e294652a6be2cb0c0e8df,11,0
component-final-f02e294652a6be2cb0c0e8df,12,0
component-final-f02e294652a6be2cb0c0e8df,13,0
component-final-f02e294652a6be2cb0c0e8df,14,0
component-final-f02e294652a6be2cb0c0e8df,15,0
component-final-f02e294652a6be2cb0c0e8df,16,0
component-final-f02e294652a6be2cb0c0e8df,17,0
component-final-f02e294652a6be2cb0c0e8df,18,0
component-final-f02e294652a6be2cb0c0e8df,19,0
component-final-f02e294652a6be2cb0c0e8df,20,0
component-final-f02e294652a6be2cb0c0e8df,21,0
component-final-f02e294652a6be2cb0c0e8df,22,0
component-final-f02e294652a6be2cb0c0e8df,23,0
component-final-f02e294652a6be2cb0c0e8df,24,0
component-final-f02e294652a6be2cb0c0e8df,25,0
component-final-f02e294652a6be2cb0c0e8df,26,0
component-final-f02e294652a6be2cb0c0e8df,27,0
component-final-f02e294652a6be2cb0c0e8df,28,0
component-final-f02e294652a6be2cb0c0e8df,29,0
component-final-f02e294652a6be2cb0c0e8df,30,0
component-final-9db23e4e0c3a832a8b7577f9,0,0
component-final-9db23e4e0c3a832a8b7577f9,1,0
component-final-9db23e4e0c3a832a8b7577f9,2,0
component-final-9db23e4e0c3a832a8b7577f9,3,0
component-final-9db23e4e0c3a832a8b7577f9,4,0
component-final-9db23e4e0c3a832a8b7577f9,5,0
component-final-9db23e4e0c3a832a8b7577f9,6,0
component-final-9db23e4e0c3a832a8b7577f9,7,0
component-final-9db23e4e0c3a832a8b7577f9,8,0
component-final-9db23e4e0c3a832a8b7577f9,9,0
component-final-9db23e4e0c3a832a8b7577f9,10,0
component-final-9db23e4e0c3a832a8b7577f9,11,0
component-final-9db23e4e0c3a832a8b7577f9,12,0
component-final-9db23e4e0c3a832a8b7577f9,13,0
component-final-9db23e4e0c3a832a8b7577f9,14,0
component-final-9db23e4e0c3a832a8b7577f9,15,0
component-final-9db23e4e0c3a832a8b7577f9,16,0
component-final-9db23e4e0c3a832a8b7577f9,17,0
component-final-9db23e4e0c3a832a8b7577f9,18,0
component-final-9db23e4e0c3a832a8b7577f9,19,0
component-final-9db23e4e0c3a832a8b7577f9,20,0
component-final-9db23e4e0c3a832a8b7577f9,21,0
component-final-9db23e4e0c3a832a8b7577f9,22,0
component-final-9db23e4e0c3a832a8b7577f9,23,0
component-final-9db23e4e0c3a832a8b7577f9,24,0
component-final-9db23e4e0c3a832a8b7577f9,25,0
component-final-9db23e4e0c3a832a8b7577f9,26,0
component-final-9db23e4e0c3a832a8b7577f9,27,0
component-final-9db23e4e0c3a832a8b7577f9,28,0
component-final-9db23e4e0c3a832a8b7577f9,29,0
component-final-9db23e4e0c3a832a8b7577f9,30,0
component-final-212b661316f3b94f1ea79fb3,0,0
component-final-212b661316f3b94f1ea79fb3,1,0
component-final-212b661316f3b94f1ea79fb3,2,0
component-final-212b661316f3b94f1ea79fb3,3,0
component-final-212b661316f3b94f1ea79fb3,4,0
component-final-212b661316f3b94f1ea79fb3,5,0
component-final-212b661316f3b94f1ea79fb3,6,0
component-final-212b661316f3b94f1ea79fb3,7,0
component-final-212b661316f3b94f1ea79fb3,8,0
component-final-212b661316f3b94f1ea79fb3,9,0
component-final-212b661316f3b94f1ea79fb3,10,0
component-final-212b661316f3b94f1ea79fb3,11,0
component-final-212b661316f3b94f1ea79fb3,12,0
component-final-212b661316f3b94f1ea79fb3,13,0
component-final-212b661316f3b94f1ea79fb3,14,0
component-final-212b661316f3b94f1ea79fb3,15,0
component-final-212b661316f3b94f1ea79fb3,16,0
component-final-212b661316f3b94f1ea79fb3,17,0
component-final-212b661316f3b94f1ea79fb3,18,0
component-final-212b661316f3b94f1ea79fb3,19,0
component-final-212b661316f3b94f1ea79fb3,20,0
component-final-212b661316f3b94f1ea79fb3,21,0
component-final-212b661316f3b94f1ea79fb3,22,0
component-final-212b661316f3b94f1ea79fb3,23,0
component-final-212b661316f3b94f1ea79fb3,24,0
component-final-212b661316f3b94f1ea79fb3,25,0
component-final-212b661316f3b94f1ea79fb3,26,0
component-final-212b661316f3b94f1ea79fb3,27,0
component-final-212b661316f3b94f1ea79fb3,28,0
component-final-212b661316f3b94f1ea79fb3,29,0
component-final-212b661316f3b94f1ea79fb3,30,0
component-final-241d2e8d2ad3419e51decc61,0,0
component-final-241d2e8d2ad3419e51decc61,1,1
component-final-241d2e8d2ad3419e51decc61,2,2
component-final-241d2e8d2ad3419e51decc61,3,2
component-final-241d2e8d2ad3419e51decc61,4,2
component-final-241d2e8d2ad3419e51decc61,5,2
component-final-241d2e8d2ad3419e51decc61,6,2
component-final-241d2e8d2ad3419e51decc61,7,3
component-final-241d2e8d2ad3419e51decc61,8,3
component-final-241d2e8d2ad3419e51decc61,9,4
component-final-241d2e8d2ad3419e51decc61,10,5
component-final-241d2e8d2ad3419e51decc61,11,6
component-final-241d2e8d2ad3419e51decc61,12,6
component-final-241d2e8d2ad3419e51decc61,13,7
component-final-241d2e8d2ad3419e51decc61,14,8
component-final-241d2e8d2ad3419e51decc61,15,8
component-final-241d2e8d2ad3419e51decc61,16,8
component-final-241d2e8d2ad3419e51decc61,17,8
component-final-241d2e8d2ad3419e51decc61,18,9
component-final-241d2e8d2ad3419e51decc61,19,9
component-final-241d2e8d2ad3419e51decc61,20,9
component-final-241d2e8d2ad3419e51decc61,21,10
component-final-241d2e8d2ad3419e51decc61,22,10
component-final-241d2e8d2ad3419e51decc61,23,10
component-final-241d2e8d2ad3419e51decc61,24,10
component-final-241d2e8d2ad3419e51decc61,25,10
component-final-241d2e8d2ad3419e51decc61,26,10
component-final-241d2e8d2ad3419e51decc61,27,10
component-final-241d2e8d2ad3419e51decc61,28,10
component-final-241d2e8d2ad3419e51decc61,29,10
component-final-241d2e8d2ad3419e51decc61,30,10
component-final-188627f6389b79761c47b5c2,0,0
component-final-188627f6389b79761c47b5c2,1,0
component-final-188627f6389b79761c47b5c2,2,0
component-final-188627f6389b79761c47b5c2,3,0
component-final-188627f6389b79761c47b5c2,4,0
component-final-188627f6389b79761c47b5c2,5,0
component-final-188627f6389b79761c47b5c2,6,0
component-final-188627f6389b79761c47b5c2,7,0
component-final-188627f6389b79761c47b5c2,8,0
component-final-188627f6389b79761c47b5c2,9,0
component-final-188627f6389b79761c47b5c2,10,0
component-final-188627f6389b79761c47b5c2,11,0
component-final-188627f6389b79761c47b5c2,12,0
component-final-188627f6389b79761c47b5c2,13,0
component-final-188627f6389b79761c47b5c2,14,0
component-final-188627f6389b79761c47b5c2,15,1
component-final-188627f6389b79761c47b5c2,16,2
component-final-188627f6389b79761c47b5c2,17,2
component-final-188627f6389b79761c47b5c2,18,3
component-final-188627f6389b79761c47b5c2,19,3
component-final-188627f6389b79761c47b5c2,20,4
component-final-188627f6389b79761c47b5c2,21,4
component-final-188627f6389b79761c47b5c2,22,4
component-final-188627f6389b79761c47b5c2,23,4
component-final-188627f6389b79761c47b5c2,24,4
component-final-188627f6389b79761c47b5c2,25,4
component-final-188627f6389b79761c47b5c2,26,4
component-final-188627f6389b79761c47b5c2,27,4
component-final-188627f6389b79761c47b5c2,28,4
component-final-188627f6389b79761c47b5c2,29,4
component-final-188627f6389b79761c47b5c2,30,4
component-final-7fce96d5579ac8f2f56a9aa0,0,0
component-final-7fce96d5579ac8f2f56a9aa0,1,0
component-final-7fce96d5579ac8f2f56a9aa0,2,0
component-final-7fce96d5579ac8f2f56a9aa0,3,0
component-final-7fce96d5579ac8f2f56a9aa0,4,0
component-final-7fce96d5579ac8f2f56a9aa0,5,0
component-final-7fce96d5579ac8f2f56a9aa0,6,0
component-final-7fce96d5579ac8f2f56a9aa0,7,0
component-final-7fce96d5579ac8f2f56a9aa0,8,0
component-final-7fce96d5579ac8f2f56a9aa0,9,0
component-final-7fce96d5579ac8f2f56a9aa0,10,0
component-final-7fce96d5579ac8f2f56a9aa0,11,0
component-final-7fce96d5579ac8f2f56a9aa0,12,0
component-final-7fce96d5579ac8f2f56a9aa0,13,0
component-final-7fce96d5579ac8f2f56a9aa0,14,0
component-final-7fce96d5579ac8f2f56a9aa0,15,0
component-final-7fce96d5579ac8f2f56a9aa0,16,0
component-final-7fce96d5579ac8f2f56a9aa0,17,0
component-final-7fce96d5579ac8f2f56a9aa0,18,0
component-final-7fce96d5579ac8f2f56a9aa0,19,0
component-final-7fce96d5579ac8f2f56a9aa0,20,0
component-final-7fce96d5579ac8f2f56a9aa0,21,0
component-final-7fce96d5579ac8f2f56a9aa0,22,0
component-final-7fce96d5579ac8f2f56a9aa0,23,0
component-final-7fce96d5579ac8f2f56a9aa0,24,0
component-final-7fce96d5579ac8f2f56a9aa0,25,0
component-final-7fce96d5579ac8f2f56a9aa0,26,0
component-final-7fce96d5579ac8f2f56a9aa0,27,0
component-final-7fce96d5579ac8f2f56a9aa0,28,0
component-final-7fce96d5579ac8f2f56a9aa0,29,0
component-final-7fce96d5579ac8f2f56a9aa0,30,0
component-final-732a6f3c09a73563adb52258,0,0
component-final-732a6f3c09a73563adb52258,1,0
component-final-732a6f3c09a73563adb52258,2,0
component-final-732a6f3c09a73563adb52258,3,0
component-final-732a6f3c09a73563adb52258,4,0
component-final-732a6f3c09a73563adb52258,5,0
component-final-732a6f3c09a73563adb52258,6,0
component-final-732a6f3c09a73563adb52258,7,0
component-final-732a6f3c09a73563adb52258,8,0
component-final-732a6f3c09a73563adb52258,9,0
component-final-732a6f3c09a73563adb52258,10,0
component-final-732a6f3c09a73563adb52258,11,0
component-final-732a6f3c09a73563adb52258,12,0
component-final-732a6f3c09a73563adb52258,13,0
component-final-732a6f3c09a73563adb52258,14,0
component-final-732a6f3c09a73563adb52258,15,0
component-final-732a6f3c09a73563adb52258,16,0
component-final-732a6f3c09a73563adb52258,17,0
component-final-732a6f3c09a73563adb52258,18,0
component-final-732a6f3c09a73563adb52258,19,0
component-final-732a6f3c09a73563adb52258,20,0
component-final-732a6f3c09a73563adb52258,21,0
component-final-732a6f3c09a73563adb52258,22,0
component-final-732a6f3c09a73563adb52258,23,0
component-final-732a6f3c09a73563adb52258,24,0
component-final-732a6f3c09a73563adb52258,25,0
component-final-732a6f3c09a73563adb52258,26,0
component-final-732a6f3c09a73563adb52258,27,0
component-final-732a6f3c09a73563adb52258,28,0
component-final-732a6f3c09a73563adb52258,29,0
component-final-732a6f3c09a73563adb52258,30,0
component-final-a49a4c282d5a170e433c0f2a,0,0
component-final-a49a4c282d5a170e433c0f2a,1,0
component-final-a49a4c282d5a170e433c0f2a,2,0
component-final-a49a4c282d5a170e433c0f2a,3,0
component-final-a49a4c282d5a170e433c0f2a,4,0
component-final-a49a4c282d5a170e433c0f2a,5,0
component-final-a49a4c282d5a170e433c0f2a,6,0
component-final-a49a4c282d5a170e433c0f2a,7,0
component-final-a49a4c282d5a170e433c0f2a,8,0
component-final-a49a4c282d5a170e433c0f2a,9,0
component-final-a49a4c282d5a170e433c0f2a,10,0
component-final-a49a4c282d5a170e433c0f2a,11,0
component-final-a49a4c282d5a170e433c0f2a,12,0
component-final-a49a4c282d5a170e433c0f2a,13,0
component-final-a49a4c282d5a170e433c0f2a,14,0
component-final-a49a4c282d5a170e433c0f2a,15,0
component-final-a49a4c282d5a170e433c0f2a,16,0
component-final-a49a4c282d5a170e433c0f2a,17,0
component-final-a49a4c282d5a170e433c0f2a,18,0
component-final-a49a4c282d5a170e433c0f2a,19,0
component-final-a49a4c282d5a170e433c0f2a,20,0
component-final-a49a4c282d5a170e433c0f2a,21,0
component-final-a49a4c282d5a170e433c0f2a,22,0
component-final-a49a4c282d5a170e433c0f2a,23,0
component-final-a49a4c282d5a170e433c0f2a,24,0
component-final-a49a4c282d5a170e433c0f2a,25,0
component-final-a49a4c282d5a170e433c0f2a,26,0
component-final-a49a4c282d5a170e433c0f2a,27,0
component-final-a49a4c282d5a170e433c0f2a,28,0
component-final-a49a4c282d5a170e433c0f2a,29,0
component-final-a49a4c282d5a170e433c0f2a,30,0
component-final-0a2ed609bd3208be3fe30e81,0,0
component-final-0a2ed609bd3208be3fe30e81,1,1
component-final-0a2ed609bd3208be3fe30e81,2,1
component-final-0a2ed609bd3208be3fe30e81,3,1
component-final-0a2ed609bd3208be3fe30e81,4,1
component-final-0a2ed609bd3208be3fe30e81,5,2
component-final-0a2ed609bd3208be3fe30e81,6,2
component-final-0a2ed609bd3208be3fe30e81,7,2
component-final-0a2ed609bd3208be3fe30e81,8,2
component-final-0a2ed609bd3208be3fe30e81,9,2
component-final-0a2ed609bd3208be3fe30e81,10,2
component-final-0a2ed609bd3208be3fe30e81,11,2
component-final-0a2ed609bd3208be3fe30e81,12,2
component-final-0a2ed609bd3208be3fe30e81,13,2
component-final-0a2ed609bd3208be3fe30e81,14,2
component-final-0a2ed609bd3208be3fe30e81,15,2
component-final-0a2ed609bd3208be3fe30e81,16,2
component-final-0a2ed609bd3208be3fe30e81,17,2
component-final-0a2ed609bd3208be3fe30e81,18,2
component-final-0a2ed609bd3208be3fe30e81,19,2
component-final-0a2ed609bd3208be3fe30e81,20,2
component-final-0a2ed609bd3208be3fe30e81,21,2
component-final-0a2ed609bd3208be3fe30e81,22,2
component-final-0a2ed609bd3208be3fe30e81,23,3
component-final-0a2ed609bd3208be3fe30e81,24,3
component-final-0a2ed609bd3208be3fe30e81,25,3
component-final-0a2ed609bd3208be3fe30e81,26,3
component-final-0a2ed609bd3208be3fe30e81,27,4
component-final-0a2ed609bd3208be3fe30e81,28,5
component-final-0a2ed609bd3208be3fe30e81,29,5
component-final-0a2ed609bd3208be3fe30e81,30,5
component-final-148b45c4868e959bc324e508,0,0
component-final-148b45c4868e959bc324e508,1,0
component-final-148b45c4868e959bc324e508,2,0
component-final-148b45c4868e959bc324e508,3,0
component-final-148b45c4868e959bc324e508,4,0
component-final-148b45c4868e959bc324e508,5,0
component-final-148b45c4868e959bc324e508,6,0
component-final-148b45c4868e959bc324e508,7,0
component-final-148b45c4868e959bc324e508,8,0
component-final-148b45c4868e959bc324e508,9,0
component-final-148b45c4868e959bc324e508,10,0
component-final-148b45c4868e959bc324e508,11,0
component-final-148b45c4868e959bc324e508,12,0
component-final-148b45c4868e959bc324e508,13,0
component-final-148b45c4868e959bc324e508,14,0
component-final-148b45c4868e959bc324e508,15,0
component-final-148b45c4868e959bc324e508,16,0
component-final-148b45c4868e959bc324e508,17,0
component-final-148b45c4868e959bc324e508,18,0
component-final-148b45c4868e959bc324e508,19,0
component-final-148b45c4868e959bc324e508,20,0
component-final-148b45c4868e959bc324e508,21,0
component-final-148b45c4868e959bc324e508,22,0
component-final-148b45c4868e959bc324e508,23,0
component-final-148b45c4868e959bc324e508,24,0
component-final-148b45c4868e959bc324e508,25,0
component-final-148b45c4868e959bc324e508,26,0
component-final-148b45c4868e959bc324e508,27,0
component-final-148b45c4868e959bc324e508,28,0
component-final-148b45c4868e959bc324e508,29,0
component-final-148b45c4868e959bc324e508,30,0
component-final-e6f722247860dd36941f8ccd,0,0
component-final-e6f722247860dd36941f8ccd,1,0
component-final-e6f722247860dd36941f8ccd,2,0
component-final-e6f722247860dd36941f8ccd,3,0
component-final-e6f722247860dd36941f8ccd,4,0
component-final-e6f722247860dd36941f8ccd,5,0
component-final-e6f722247860dd36941f8ccd,6,0
component-final-e6f722247860dd36941f8ccd,7,0
component-final-e6f722247860dd36941f8ccd,8,0
component-final-e6f722247860dd36941f8ccd,9,0
component-final-e6f722247860dd36941f8ccd,10,0
component-final-e6f722247860dd36941f8ccd,11,0
component-final-e6f722247860dd36941f8ccd,12,0
component-final-e6f722247860dd36941f8ccd,13,0
component-final-e6f722247860dd36941f8ccd,14,0
component-final-e6f722247860dd36941f8ccd,15,0
component-final-e6f722247860dd36941f8ccd,16,0
component-final-e6f722247860dd36941f8ccd,17,0
component-final-e6f722247860dd36941f8ccd,18,0
component-final-e6f722247860dd36941f8ccd,19,0
component-final-e6f722247860dd36941f8ccd,20,0
component-final-e6f722247860dd36941f8ccd,21,0
component-final-e6f722247860dd36941f8ccd,22,0
component-final-e6f722247860dd36941f8ccd,23,0
component-final-e6f722247860dd36941f8ccd,24,0
component-final-e6f722247860dd36941f8ccd,25,0
component-final-e6f722247860dd36941f8ccd,26,0
component-final-e6f722247860dd36941f8ccd,27,0
component-final-e6f722247860dd36941f8ccd,28,0
component-final-e6f722247860dd36941f8ccd,29,0
component-final-e6f722247860dd36941f8ccd,30,0
component-final-71f25137f3d6834e32b6c514,0,0
component-final-71f25137f3d6834e32b6c514,1,0
component-final-71f25137f3d6834e32b6c514,2,0
component-final-71f25137f3d6834e32b6c514,3,0
component-final-71f25137f3d6834e32b6c514,4,0
component-final-71f25137f3d6834e32b6c514,5,0
component-final-71f25137f3d6834e32b6c514,6,0
component-final-71f25137f3d6834e32b6c514,7,0
component-final-71f25137f3d6834e32b6c514,8,0
component-final-71f25137f3d6834e32b6c514,9,0
component-final-71f25137f3d6834e32b6c514,10,0
component-final-71f25137f3d6834e32b6c514,11,0
component-final-71f25137f3d6834e32b6c514,12,0
component-final-71f25137f3d6834e32b6c514,13,0
component-final-71f25137f3d6834e32b6c514,14,0
component-final-71f25137f3d6834e32b6c514,15,0
component-final-71f25137f3d6834e32b6c514,16,0
component-final-71f25137f3d6834e32b6c514,17,0
component-final-71f25137f3d6834e32b6c514,18,0
component-final-71f25137f3d6834e32b6c514,19,0
component-final-71f25137f3d6834e32b6c514,20,0
component-final-71f25137f3d6834e32b6c514,21,0
component-final-71f25137f3d6834e32b6c514,22,0
component-final-71f25137f3d6834e32b6c514,23,0
component-final-71f25137f3d6834e32b6c514,24,0
component-final-71f25137f3d6834e32b6c514,25,0
component-final-71f25137f3d6834e32b6c514,26,0
component-final-71f25137f3d6834e32b6c514,27,0
component-final-71f25137f3d6834e32b6c514,28,0
component-final-71f25137f3d6834e32b6c514,29,0
component-final-71f25137f3d6834e32b6c514,30,0
component-final-dd3ca14faf19b05e4ead7e54,0,0
component-final-dd3ca14faf19b05e4ead7e54,1,0
component-final-dd3ca14faf19b05e4ead7e54,2,0
component-final-dd3ca14faf19b05e4ead7e54,3,0
component-final-dd3ca14faf19b05e4ead7e54,4,0
component-final-dd3ca14faf19b05e4ead7e54,5,0
component-final-dd3ca14faf19b05e4ead7e54,6,0
component-final-dd3ca14faf19b05e4ead7e54,7,0
component-final-dd3ca14faf19b05e4ead7e54,8,0
component-final-dd3ca14faf19b05e4ead7e54,9,0
component-final-dd3ca14faf19b05e4ead7e54,10,0
component-final-dd3ca14faf19b05e4ead7e54,11,0
component-final-dd3ca14faf19b05e4ead7e54,12,0
component-final-dd3ca14faf19b05e4ead7e54,13,0
component-final-dd3ca14faf19b05e4ead7e54,14,0
component-final-dd3ca14faf19b05e4ead7e54,15,0
component-final-dd3ca14faf19b05e4ead7e54,16,0
component-final-dd3ca14faf19b05e4ead7e54,17,0
component-final-dd3ca14faf19b05e4ead7e54,18,0
component-final-dd3ca14faf19b05e4ead7e54,19,0
component-final-dd3ca14faf19b05e4ead7e54,20,0
component-final-dd3ca14faf19b05e4ead7e54,21,0
component-final-dd3ca14faf19b05e4ead7e54,22,0
component-final-dd3ca14faf19b05e4ead7e54,23,0
component-final-dd3ca14faf19b05e4ead7e54,24,0
component-final-dd3ca14faf19b05e4ead7e54,25,0
component-final-dd3ca14faf19b05e4ead7e54,26,0
component-final-dd3ca14faf19b05e4ead7e54,27,0
component-final-dd3ca14faf19b05e4ead7e54,28,0
component-final-dd3ca14faf19b05e4ead7e54,29,0
component-final-dd3ca14faf19b05e4ead7e54,30,0
component-final-84831dd73b9e9aa088fcd87a,0,0
component-final-84831dd73b9e9aa088fcd87a,1,0
component-final-84831dd73b9e9aa088fcd87a,2,0
component-final-84831dd73b9e9aa088fcd87a,3,0
component-final-84831dd73b9e9aa088fcd87a,4,0
component-final-84831dd73b9e9aa088fcd87a,5,0
component-final-84831dd73b9e9aa088fcd87a,6,0
component-final-84831dd73b9e9aa088fcd87a,7,0
component-final-84831dd73b9e9aa088fcd87a,8,0
component-final-84831dd73b9e9aa088fcd87a,9,0
component-final-84831dd73b9e9aa088fcd87a,10,0
component-final-84831dd73b9e9aa088fcd87a,11,0
component-final-84831dd73b9e9aa088fcd87a,12,0
component-final-84831dd73b9e9aa088fcd87a,13,0
component-final-84831dd73b9e9aa088fcd87a,14,0
component-final-84831dd73b9e9aa088fcd87a,15,0
component-final-84831dd73b9e9aa088fcd87a,16,0
component-final-84831dd73b9e9aa088fcd87a,17,0
component-final-84831dd73b9e9aa088fcd87a,18,0
component-final-84831dd73b9e9aa088fcd87a,19,0
component-final-84831dd73b9e9aa088fcd87a,20,0
component-final-84831dd73b9e9aa088fcd87a,21,0
component-final-84831dd73b9e9aa088fcd87a,22,0
component-final-84831dd73b9e9aa088fcd87a,23,0
component-final-84831dd73b9e9aa088fcd87a,24,0
component-final-84831dd73b9e9aa088fcd87a,25,0
component-final-84831dd73b9e9aa088fcd87a,26,0
component-final-84831dd73b9e9aa088fcd87a,27,0
component-final-84831dd73b9e9aa088fcd87a,28,0
component-final-84831dd73b9e9aa088fcd87a,29,0
component-final-84831dd73b9e9aa088fcd87a,30,0
component-final-eaf7a6da4b091c961515d212,0,0
component-final-eaf7a6da4b091c961515d212,1,1
component-final-eaf7a6da4b091c961515d212,2,1
component-final-eaf7a6da4b091c961515d212,3,1
component-final-eaf7a6da4b091c961515d212,4,2
component-final-eaf7a6da4b091c961515d212,5,2
component-final-eaf7a6da4b091c961515d212,6,2
component-final-eaf7a6da4b091c961515d212,7,2
component-final-eaf7a6da4b091c961515d212,8,3
component-final-eaf7a6da4b091c961515d212,9,3
component-final-eaf7a6da4b091c961515d212,10,3
component-final-eaf7a6da4b091c961515d212,11,3
component-final-eaf7a6da4b091c961515d212,12,3
component-final-eaf7a6da4b091c961515d212,13,3
component-final-eaf7a6da4b091c961515d212,14,3
component-final-eaf7a6da4b091c961515d212,15,4
component-final-eaf7a6da4b091c961515d212,16,4
component-final-eaf7a6da4b091c961515d212,17,4
component-final-eaf7a6da4b091c961515d212,18,4
component-final-eaf7a6da4b091c961515d212,19,4
component-final-eaf7a6da4b091c961515d212,20,4
component-final-eaf7a6da4b091c961515d212,21,4
component-final-eaf7a6da4b091c961515d212,22,4
component-final-eaf7a6da4b091c961515d212,23,4
component-final-eaf7a6da4b091c961515d212,24,4
component-final-eaf7a6da4b091c961515d212,25,4
component-final-eaf7a6da4b091c961515d212,26,4
component-final-eaf7a6da4b091c961515d212,27,4
component-final-eaf7a6da4b091c961515d212,28,4
component-final-eaf7a6da4b091c961515d212,29,4
component-final-eaf7a6da4b091c961515d212,30,4
component-final-dfed5360380bcff918cb5dfd,0,0
component-final-dfed5360380bcff918cb5dfd,1,0
component-final-dfed5360380bcff918cb5dfd,2,0
component-final-dfed5360380bcff918cb5dfd,3,0
component-final-dfed5360380bcff918cb5dfd,4,0
component-final-dfed5360380bcff918cb5dfd,5,0
component-final-dfed5360380bcff918cb5dfd,6,0
component-final-dfed5360380bcff918cb5dfd,7,0
component-final-dfed5360380bcff918cb5dfd,8,0
component-final-dfed5360380bcff918cb5dfd,9,0
component-final-dfed5360380bcff918cb5dfd,10,0
component-final-dfed5360380bcff918cb5dfd,11,0
component-final-dfed5360380bcff918cb5dfd,12,0
component-final-dfed5360380bcff918cb5dfd,13,0
component-final-dfed5360380bcff918cb5dfd,14,0
component-final-dfed5360380bcff918cb5dfd,15,0
component-final-dfed5360380bcff918cb5dfd,16,0
component-final-dfed5360380bcff918cb5dfd,17,0
component-final-dfed5360380bcff918cb5dfd,18,0
component-final-dfed5360380bcff918cb5dfd,19,0
component-final-dfed5360380bcff918cb5dfd,20,0
component-final-dfed5360380bcff918cb5dfd,21,0
component-final-dfed5360380bcff918cb5dfd,22,0
component-final-dfed5360380bcff918cb5dfd,23,0
component-final-dfed5360380bcff918cb5dfd,24,0
component-final-dfed5360380bcff918cb5dfd,25,0
component-final-dfed5360380bcff918cb5dfd,26,0
component-final-dfed5360380bcff918cb5dfd,27,0
component-final-dfed5360380bcff918cb5dfd,28,0
component-final-dfed5360380bcff918cb5dfd,29,0
component-final-dfed5360380bcff918cb5dfd,30,0
component-final-c3b122ab58d33959f296e363,0,0
component-final-c3b122ab58d33959f296e363,1,0
component-final-c3b122ab58d33959f296e363,2,0
component-final-c3b122ab58d33959f296e363,3,0
component-final-c3b122ab58d33959f296e363,4,0
component-final-c3b122ab58d33959f296e363,5,0
component-final-c3b122ab58d33959f296e363,6,0
component-final-c3b122ab58d33959f296e363,7,0
component-final-c3b122ab58d33959f296e363,8,0
component-final-c3b122ab58d33959f296e363,9,0
component-final-c3b122ab58d33959f296e363,10,0
component-final-c3b122ab58d33959f296e363,11,0
component-final-c3b122ab58d33959f296e363,12,0
component-final-c3b122ab58d33959f296e363,13,0
component-final-c3b122ab58d33959f296e363,14,0
component-final-c3b122ab58d33959f296e363,15,0
component-final-c3b122ab58d33959f296e363,16,0
component-final-c3b122ab58d33959f296e363,17,0
component-final-c3b122ab58d33959f296e363,18,0
component-final-c3b122ab58d33959f296e363,19,0
component-final-c3b122ab58d33959f296e363,20,0
component-final-c3b122ab58d33959f296e363,21,0
component-final-c3b122ab58d33959f296e363,22,0
component-final-c3b122ab58d33959f296e363,23,0
component-final-c3b122ab58d33959f296e363,24,0
component-final-c3b122ab58d33959f296e363,25,0
component-final-c3b122ab58d33959f296e363,26,0
component-final-c3b122ab58d33959f296e363,27,0
component-final-c3b122ab58d33959f296e363,28,0
component-final-c3b122ab58d33959f296e363,29,0
component-final-c3b122ab58d33959f296e363,30,0
component-final-7686c38cd7072771d09294ce,0,0
component-final-7686c38cd7072771d09294ce,1,0
component-final-7686c38cd7072771d09294ce,2,1
component-final-7686c38cd7072771d09294ce,3,1
component-final-7686c38cd7072771d09294ce,4,1
component-final-7686c38cd7072771d09294ce,5,1
component-final-7686c38cd7072771d09294ce,6,1
component-final-7686c38cd7072771d09294ce,7,1
component-final-7686c38cd7072771d09294ce,8,1
component-final-7686c38cd7072771d09294ce,9,1
component-final-7686c38cd7072771d09294ce,10,1
component-final-7686c38cd7072771d09294ce,11,1
component-final-7686c38cd7072771d09294ce,12,1
component-final-7686c38cd7072771d09294ce,13,1
component-final-7686c38cd7072771d09294ce,14,1
component-final-7686c38cd7072771d09294ce,15,1
component-final-7686c38cd7072771d09294ce,16,1
component-final-7686c38cd7072771d09294ce,17,1
component-final-7686c38cd7072771d09294ce,18,1
component-final-7686c38cd7072771d09294ce,19,1
component-final-7686c38cd7072771d09294ce,20,1
component-final-7686c38cd7072771d09294ce,21,1
component-final-7686c38cd7072771d09294ce,22,2
component-final-7686c38cd7072771d09294ce,23,2
component-final-7686c38cd7072771d09294ce,24,2
component-final-7686c38cd7072771d09294ce,25,2
component-final-7686c38cd7072771d09294ce,26,3
component-final-7686c38cd7072771d09294ce,27,3
component-final-7686c38cd7072771d09294ce,28,3
component-final-7686c38cd7072771d09294ce,29,3
component-final-7686c38cd7072771d09294ce,30,3
component-final-df7cf57acdcd570fc0508301,0,0
component-final-df7cf57acdcd570fc0508301,1,0
component-final-df7cf57acdcd570fc0508301,2,0
component-final-df7cf57acdcd570fc0508301,3,1
component-final-df7cf57acdcd570fc0508301,4,1
component-final-df7cf57acdcd570fc0508301,5,1
component-final-df7cf57acdcd570fc0508301,6,2
component-final-df7cf57acdcd570fc0508301,7,2
component-final-df7cf57acdcd570fc0508301,8,2
component-final-df7cf57acdcd570fc0508301,9,2
component-final-df7cf57acdcd570fc0508301,10,2
component-final-df7cf57acdcd570fc0508301,11,2
component-final-df7cf57acdcd570fc0508301,12,2
component-final-df7cf57acdcd570fc0508301,13,2
component-final-df7cf57acdcd570fc0508301,14,2
component-final-df7cf57acdcd570fc0508301,15,2
component-final-df7cf57acdcd570fc0508301,16,2
component-final-df7cf57acdcd570fc0508301,17,2
component-final-df7cf57acdcd570fc0508301,18,2
component-final-df7cf57acdcd570fc0508301,19,2
component-final-df7cf57acdcd570fc0508301,20,3
component-final-df7cf57acdcd570fc0508301,21,3
component-final-df7cf57acdcd570fc0508301,22,3
component-final-df7cf57acdcd570fc0508301,23,3
component-final-df7cf57acdcd570fc0508301,24,3
component-final-df7cf57acdcd570fc0508301,25,3
component-final-df7cf57acdcd570fc0508301,26,3
component-final-df7cf57acdcd570fc0508301,27,4
component-final-df7cf57acdcd570fc0508301,28,4
component-final-df7cf57acdcd570fc0508301,29,4
component-final-df7cf57acdcd570fc0508301,30,5
component-final-8874f137852209bfcd37fe44,0,0
component-final-8874f137852209bfcd37fe44,1,1
component-final-8874f137852209bfcd37fe44,2,1
component-final-8874f137852209bfcd37fe44,3,1
component-final-8874f137852209bfcd37fe44,4,2
component-final-8874f137852209bfcd37fe44,5,2
component-final-8874f137852209bfcd37fe44,6,2
component-final-8874f137852209bfcd37fe44,7,2
component-final-8874f137852209bfcd37fe44,8,2
component-final-8874f137852209bfcd37fe44,9,2
component-final-8874f137852209bfcd37fe44,10,2
component-final-8874f137852209bfcd37fe44,11,2
component-final-8874f137852209bfcd37fe44,12,2
component-final-8874f137852209bfcd37fe44,13,2
component-final-8874f137852209bfcd37fe44,14,2
component-final-8874f137852209bfcd37fe44,15,2
component-final-8874f137852209bfcd37fe44,16,2
component-final-8874f137852209bfcd37fe44,17,2
component-final-8874f137852209bfcd37fe44,18,2
component-final-8874f137852209bfcd37fe44,19,3
component-final-8874f137852209bfcd37fe44,20,3
component-final-8874f137852209bfcd37fe44,21,3
component-final-8874f137852209bfcd37fe44,22,3
component-final-8874f137852209bfcd37fe44,23,3
component-final-8874f137852209bfcd37fe44,24,3
component-final-8874f137852209bfcd37fe44,25,3
component-final-8874f137852209bfcd37fe44,26,3
component-final-8874f137852209bfcd37fe44,27,3
component-final-8874f137852209bfcd37fe44,28,3
component-final-8874f137852209bfcd37fe44,29,4
component-final-8874f137852209bfcd37fe44,30,4
component-final-ad8ca5c5d760ec7d9a460f8d,0,0
component-final-ad8ca5c5d760ec7d9a460f8d,1,0
component-final-ad8ca5c5d760ec7d9a460f8d,2,1
component-final-ad8ca5c5d760ec7d9a460f8d,3,1
component-final-ad8ca5c5d760ec7d9a460f8d,4,1
component-final-ad8ca5c5d760ec7d9a460f8d,5,1
component-final-ad8ca5c5d760ec7d9a460f8d,6,1
component-final-ad8ca5c5d760ec7d9a460f8d,7,1
component-final-ad8ca5c5d760ec7d9a460f8d,8,1
component-final-ad8ca5c5d760ec7d9a460f8d,9,1
component-final-ad8ca5c5d760ec7d9a460f8d,10,1
component-final-ad8ca5c5d760ec7d9a460f8d,11,1
component-final-ad8ca5c5d760ec7d9a460f8d,12,1
component-final-ad8ca5c5d760ec7d9a460f8d,13,1
component-final-ad8ca5c5d760ec7d9a460f8d,14,1
component-final-ad8ca5c5d760ec7d9a460f8d,15,1
component-final-ad8ca5c5d760ec7d9a460f8d,16,1
component-final-ad8ca5c5d760ec7d9a460f8d,17,1
component-final-ad8ca5c5d760ec7d9a460f8d,18,1
component-final-ad8ca5c5d760ec7d9a460f8d,19,1
component-final-ad8ca5c5d760ec7d9a460f8d,20,1
component-final-ad8ca5c5d760ec7d9a460f8d,21,1
component-final-ad8ca5c5d760ec7d9a460f8d,22,1
component-final-ad8ca5c5d760ec7d9a460f8d,23,1
component-final-ad8ca5c5d760ec7d9a460f8d,24,1
component-final-ad8ca5c5d760ec7d9a460f8d,25,1
component-final-ad8ca5c5d760ec7d9a460f8d,26,1
component-final-ad8ca5c5d760ec7d9a460f8d,27,1
component-final-ad8ca5c5d760ec7d9a460f8d,28,2
component-final-ad8ca5c5d760ec7d9a460f8d,29,2
component-final-ad8ca5c5d760ec7d9a460f8d,30,2
component-final-d1d7ac8e00a77426956b541c,0,0
component-final-d1d7ac8e00a77426956b541c,1,0
component-final-d1d7ac8e00a77426956b541c,2,0
component-final-d1d7ac8e00a77426956b541c,3,0
component-final-d1d7ac8e00a77426956b541c,4,0
component-final-d1d7ac8e00a77426956b541c,5,0
component-final-d1d7ac8e00a77426956b541c,6,0
component-final-d1d7ac8e00a77426956b541c,7,0
component-final-d1d7ac8e00a77426956b541c,8,0
component-final-d1d7ac8e00a77426956b541c,9,0
component-final-d1d7ac8e00a77426956b541c,10,0
component-final-d1d7ac8e00a77426956b541c,11,0
component-final-d1d7ac8e00a77426956b541c,12,0
component-final-d1d7ac8e00a77426956b541c,13,0
component-final-d1d7ac8e00a77426956b541c,14,0
component-final-d1d7ac8e00a77426956b541c,15,0
component-final-d1d7ac8e00a77426956b541c,16,0
component-final-d1d7ac8e00a77426956b541c,17,0
component-final-d1d7ac8e00a77426956b541c,18,0
component-final-d1d7ac8e00a77426956b541c,19,0
component-final-d1d7ac8e00a77426956b541c,20,0
component-final-d1d7ac8e00a77426956b541c,21,0
component-final-d1d7ac8e00a77426956b541c,22,0
component-final-d1d7ac8e00a77426956b541c,23,0
component-final-d1d7ac8e00a77426956b541c,24,0
component-final-d1d7ac8e00a77426956b541c,25,0
component-final-d1d7ac8e00a77426956b541c,26,0
component-final-d1d7ac8e00a77426956b541c,27,0
component-final-d1d7ac8e00a77426956b541c,28,0
component-final-d1d7ac8e00a77426956b541c,29,0
component-final-d1d7ac8e00a77426956b541c,30,0
component-final-80124dcba1ab56c7a729e83a,0,0
component-final-80124dcba1ab56c7a729e83a,1,0
component-final-80124dcba1ab56c7a729e83a,2,0
component-final-80124dcba1ab56c7a729e83a,3,0
component-final-80124dcba1ab56c7a729e83a,4,0
component-final-80124dcba1ab56c7a729e83a,5,0
component-final-80124dcba1ab56c7a729e83a,6,0
component-final-80124dcba1ab56c7a729e83a,7,0
component-final-80124dcba1ab56c7a729e83a,8,0
component-final-80124dcba1ab56c7a729e83a,9,0
component-final-80124dcba1ab56c7a729e83a,10,0
component-final-80124dcba1ab56c7a729e83a,11,0
component-final-80124dcba1ab56c7a729e83a,12,0
component-final-80124dcba1ab56c7a729e83a,13,0
component-final-80124dcba1ab56c7a729e83a,14,0
component-final-80124dcba1ab56c7a729e83a,15,0
component-final-80124dcba1ab56c7a729e83a,16,0
component-final-80124dcba1ab56c7a729e83a,17,0
component-final-80124dcba1ab56c7a729e83a,18,0
component-final-80124dcba1ab56c7a729e83a,19,0
component-final-80124dcba1ab56c7a729e83a,20,0
component-final-80124dcba1ab56c7a729e83a,21,0
component-final-80124dcba1ab56c7a729e83a,22,0
component-final-80124dcba1ab56c7a729e83a,23,0
component-final-80124dcba1ab56c7a729e83a,24,0
component-final-80124dcba1ab56c7a729e83a,25,0
component-final-80124dcba1ab56c7a729e83a,26,0
component-final-80124dcba1ab56c7a729e83a,27,0
component-final-80124dcba1ab56c7a729e83a,28,0
component-final-80124dcba1ab56c7a729e83a,29,0
component-final-80124dcba1ab56c7a729e83a,30,0
component-final-557bfb42e23b3bc5b47f831e,0,0
component-final-557bfb42e23b3bc5b47f831e,1,0
component-final-557bfb42e23b3bc5b47f831e,2,0
component-final-557bfb42e23b3bc5b47f831e,3,0
component-final-557bfb42e23b3bc5b47f831e,4,0
component-final-557bfb42e23b3bc5b47f831e,5,0
component-final-557bfb42e23b3bc5b47f831e,6,0
component-final-557bfb42e23b3bc5b47f831e,7,0
component-final-557bfb42e23b3bc5b47f831e,8,0
component-final-557bfb42e23b3bc5b47f831e,9,0
component-final-557bfb42e23b3bc5b47f831e,10,0
component-final-557bfb42e23b3bc5b47f831e,11,0
component-final-557bfb42e23b3bc5b47f831e,12,0
component-final-557bfb42e23b3bc5b47f831e,13,0
component-final-557bfb42e23b3bc5b47f831e,14,0
component-final-557bfb42e23b3bc5b47f831e,15,0
component-final-557bfb42e23b3bc5b47f831e,16,0
component-final-557bfb42e23b3bc5b47f831e,17,0
component-final-557bfb42e23b3bc5b47f831e,18,0
component-final-557bfb42e23b3bc5b47f831e,19,0
component-final-557bfb42e23b3bc5b47f831e,20,0
component-final-557bfb42e23b3bc5b47f831e,21,0
component-final-557bfb42e23b3bc5b47f831e,22,0
component-final-557bfb42e23b3bc5b47f831e,23,0
component-final-557bfb42e23b3bc5b47f831e,24,0
component-final-557bfb42e23b3bc5b47f831e,25,0
component-final-557bfb42e23b3bc5b47f831e,26,0
component-final-557bfb42e23b3bc5b47f831e,27,0
component-final-557bfb42e23b3bc5b47f831e,28,0
component-final-557bfb42e23b3bc5b47f831e,29,0
component-final-557bfb42e23b3bc5b47f831e,30,0
component-final-73bed6e410117ef9f0c2e847,0,0
component-final-73bed6e410117ef9f0c2e847,1,1
component-final-73bed6e410117ef9f0c2e847,2,1
component-final-73bed6e410117ef9f0c2e847,3,2
component-final-73bed6e410117ef9f0c2e847,4,3
component-final-73bed6e410117ef9f0c2e847,5,4
component-final-73bed6e410117ef9f0c2e847,6,5
component-final-73bed6e410117ef9f0c2e847,7,5
component-final-73bed6e410117ef9f0c2e847,8,5
component-final-73bed6e410117ef9f0c2e847,9,5
component-final-73bed6e410117ef9f0c2e847,10,5
component-final-73bed6e410117ef9f0c2e847,11,5
component-final-73bed6e410117ef9f0c2e847,12,5
component-final-73bed6e410117ef9f0c2e847,13,5
component-final-73bed6e410117ef9f0c2e847,14,5
component-final-73bed6e410117ef9f0c2e847,15,5
component-final-73bed6e410117ef9f0c2e847,16,6
component-final-73bed6e410117ef9f0c2e847,17,6
component-final-73bed6e410117ef9f0c2e847,18,6
component-final-73bed6e410117ef9f0c2e847,19,7
component-final-73bed6e410117ef9f0c2e847,20,7
component-final-73bed6e410117ef9f0c2e847,21,7
component-final-73bed6e410117ef9f0c2e847,22,7
component-final-73bed6e410117ef9f0c2e847,23,7
component-final-73bed6e410117ef9f0c2e847,24,7
component-final-73bed6e410117ef9f0c2e847,25,7
component-final-73bed6e410117ef9f0c2e847,26,8
component-final-73bed6e410117ef9f0c2e847,27,9
component-final-73bed6e410117ef9f0c2e847,28,9
component-final-73bed6e410117ef9f0c2e847,29,9
component-final-73bed6e410117ef9f0c2e847,30,9
component-final-372be738f4dd33b2e53977d6,0,0
component-final-372be738f4dd33b2e53977d6,1,0
component-final-372be738f4dd33b2e53977d6,2,0
component-final-372be738f4dd33b2e53977d6,3,1
component-final-372be738f4dd33b2e53977d6,4,2
component-final-372be738f4dd33b2e53977d6,5,2
component-final-372be738f4dd33b2e53977d6,6,2
component-final-372be738f4dd33b2e53977d6,7,3
component-final-372be738f4dd33b2e53977d6,8,4
component-final-372be738f4dd33b2e53977d6,9,4
component-final-372be738f4dd33b2e53977d6,10,4
component-final-372be738f4dd33b2e53977d6,11,4
component-final-372be738f4dd33b2e53977d6,12,4
component-final-372be738f4dd33b2e53977d6,13,4
component-final-372be738f4dd33b2e53977d6,14,4
component-final-372be738f4dd33b2e53977d6,15,4
component-final-372be738f4dd33b2e53977d6,16,4
component-final-372be738f4dd33b2e53977d6,17,4
component-final-372be738f4dd33b2e53977d6,18,4
component-final-372be738f4dd33b2e53977d6,19,4
component-final-372be738f4dd33b2e53977d6,20,4
component-final-372be738f4dd33b2e53977d6,21,4
component-final-372be738f4dd33b2e53977d6,22,4
component-final-372be738f4dd33b2e53977d6,23,4
component-final-372be738f4dd33b2e53977d6,24,5
component-final-372be738f4dd33b2e53977d6,25,5
component-final-372be738f4dd33b2e53977d6,26,5
component-final-372be738f4dd33b2e53977d6,27,5
component-final-372be738f4dd33b2e53977d6,28,6
component-final-372be738f4dd33b2e53977d6,29,7
component-final-372be738f4dd33b2e53977d6,30,7
component-final-efa1b1fe91f5b5e16b1fe929,0,0
component-final-efa1b1fe91f5b5e16b1fe929,1,0
component-final-efa1b1fe91f5b5e16b1fe929,2,0
component-final-efa1b1fe91f5b5e16b1fe929,3,0
component-final-efa1b1fe91f5b5e16b1fe929,4,0
component-final-efa1b1fe91f5b5e16b1fe929,5,0
component-final-efa1b1fe91f5b5e16b1fe929,6,0
component-final-efa1b1fe91f5b5e16b1fe929,7,0
component-final-efa1b1fe91f5b5e16b1fe929,8,0
component-final-efa1b1fe91f5b5e16b1fe929,9,0
component-final-efa1b1fe91f5b5e16b1fe929,10,0
component-final-efa1b1fe91f5b5e16b1fe929,11,0
component-final-efa1b1fe91f5b5e16b1fe929,12,0
component-final-efa1b1fe91f5b5e16b1fe929,13,0
component-final-efa1b1fe91f5b5e16b1fe929,14,0
component-final-efa1b1fe91f5b5e16b1fe929,15,0
component-final-efa1b1fe91f5b5e16b1fe929,16,0
component-final-efa1b1fe91f5b5e16b1fe929,17,0
component-final-efa1b1fe91f5b5e16b1fe929,18,0
component-final-efa1b1fe91f5b5e16b1fe929,19,0
component-final-efa1b1fe91f5b5e16b1fe929,20,0
component-final-efa1b1fe91f5b5e16b1fe929,21,0
component-final-efa1b1fe91f5b5e16b1fe929,22,0
component-final-efa1b1fe91f5b5e16b1fe929,23,0
component-final-efa1b1fe91f5b5e16b1fe929,24,0
component-final-efa1b1fe91f5b5e16b1fe929,25,0
component-final-efa1b1fe91f5b5e16b1fe929,26,0
component-final-efa1b1fe91f5b5e16b1fe929,27,0
component-final-efa1b1fe91f5b5e16b1fe929,28,0
component-final-efa1b1fe91f5b5e16b1fe929,29,0
component-final-efa1b1fe91f5b5e16b1fe929,30,0
component-final-aef2b53ba0639b7541b64ed2,0,0
component-final-aef2b53ba0639b7541b64ed2,1,0
component-final-aef2b53ba0639b7541b64ed2,2,0
component-final-aef2b53ba0639b7541b64ed2,3,0
component-final-aef2b53ba0639b7541b64ed2,4,0
component-final-aef2b53ba0639b7541b64ed2,5,0
component-final-aef2b53ba0639b7541b64ed2,6,0
component-final-aef2b53ba0639b7541b64ed2,7,0
component-final-aef2b53ba0639b7541b64ed2,8,0
component-final-aef2b53ba0639b7541b64ed2,9,0
component-final-aef2b53ba0639b7541b64ed2,10,0
component-final-aef2b53ba0639b7541b64ed2,11,0
component-final-aef2b53ba0639b7541b64ed2,12,0
component-final-aef2b53ba0639b7541b64ed2,13,0
component-final-aef2b53ba0639b7541b64ed2,14,0
component-final-aef2b53ba0639b7541b64ed2,15,0
component-final-aef2b53ba0639b7541b64ed2,16,0
component-final-aef2b53ba0639b7541b64ed2,17,0
component-final-aef2b53ba0639b7541b64ed2,18,0
component-final-aef2b53ba0639b7541b64ed2,19,0
component-final-aef2b53ba0639b7541b64ed2,20,0
component-final-aef2b53ba0639b7541b64ed2,21,0
component-final-aef2b53ba0639b7541b64ed2,22,0
component-final-aef2b53ba0639b7541b64ed2,23,0
component-final-aef2b53ba0639b7541b64ed2,24,0
component-final-aef2b53ba0639b7541b64ed2,25,0
component-final-aef2b53ba0639b7541b64ed2,26,0
component-final-aef2b53ba0639b7541b64ed2,27,0
component-final-aef2b53ba0639b7541b64ed2,28,0
component-final-aef2b53ba0639b7541b64ed2,29,0
component-final-aef2b53ba0639b7541b64ed2,30,0
component-final-68401460dd6e5f419d63fe88,0,0
component-final-68401460dd6e5f419d63fe88,1,1
component-final-68401460dd6e5f419d63fe88,2,1
component-final-68401460dd6e5f419d63fe88,3,1
component-final-68401460dd6e5f419d63fe88,4,1
component-final-68401460dd6e5f419d63fe88,5,1
component-final-68401460dd6e5f419d63fe88,6,2
component-final-68401460dd6e5f419d63fe88,7,2
component-final-68401460dd6e5f419d63fe88,8,2
component-final-68401460dd6e5f419d63fe88,9,2
component-final-68401460dd6e5f419d63fe88,10,2
component-final-68401460dd6e5f419d63fe88,11,2
component-final-68401460dd6e5f419d63fe88,12,2
component-final-68401460dd6e5f419d63fe88,13,2
component-final-68401460dd6e5f419d63fe88,14,2
component-final-68401460dd6e5f419d63fe88,15,2
component-final-68401460dd6e5f419d63fe88,16,2
component-final-68401460dd6e5f419d63fe88,17,2
component-final-68401460dd6e5f419d63fe88,18,2
component-final-68401460dd6e5f419d63fe88,19,2
component-final-68401460dd6e5f419d63fe88,20,2
component-final-68401460dd6e5f419d63fe88,21,2
component-final-68401460dd6e5f419d63fe88,22,3
component-final-68401460dd6e5f419d63fe88,23,3
component-final-68401460dd6e5f419d63fe88,24,3
component-final-68401460dd6e5f419d63fe88,25,3
component-final-68401460dd6e5f419d63fe88,26,4
component-final-68401460dd6e5f419d63fe88,27,4
component-final-68401460dd6e5f419d63fe88,28,4
component-final-68401460dd6e5f419d63fe88,29,4
component-final-68401460dd6e5f419d63fe88,30,4
component-final-a45a4bd5eb11128378c38332,0,0
component-final-a45a4bd5eb11128378c38332,1,0
component-final-a45a4bd5eb11128378c38332,2,0
component-final-a45a4bd5eb11128378c38332,3,0
component-final-a45a4bd5eb11128378c38332,4,0
component-final-a45a4bd5eb11128378c38332,5,0
component-final-a45a4bd5eb11128378c38332,6,0
component-final-a45a4bd5eb11128378c38332,7,0
component-final-a45a4bd5eb11128378c38332,8,0
component-final-a45a4bd5eb11128378c38332,9,0
component-final-a45a4bd5eb11128378c38332,10,0
component-final-a45a4bd5eb11128378c38332,11,0
component-final-a45a4bd5eb11128378c38332,12,0
component-final-a45a4bd5eb11128378c38332,13,0
component-final-a45a4bd5eb11128378c38332,14,0
component-final-a45a4bd5eb11128378c38332,15,0
component-final-a45a4bd5eb11128378c38332,16,0
component-final-a45a4bd5eb11128378c38332,17,0
component-final-a45a4bd5eb11128378c38332,18,0
component-final-a45a4bd5eb11128378c38332,19,0
component-final-a45a4bd5eb11128378c38332,20,0
component-final-a45a4bd5eb11128378c38332,21,0
component-final-a45a4bd5eb11128378c38332,22,0
component-final-a45a4bd5eb11128378c38332,23,0
component-final-a45a4bd5eb11128378c38332,24,0
component-final-a45a4bd5eb11128378c38332,25,0
component-final-a45a4bd5eb11128378c38332,26,0
component-final-a45a4bd5eb11128378c38332,27,0
component-final-a45a4bd5eb11128378c38332,28,0
component-final-a45a4bd5eb11128378c38332,29,0
component-final-a45a4bd5eb11128378c38332,30,0
component-final-803f2f839d36223abbed9b07,0,0
component-final-803f2f839d36223abbed9b07,1,0
component-final-803f2f839d36223abbed9b07,2,0
component-final-803f2f839d36223abbed9b07,3,0
component-final-803f2f839d36223abbed9b07,4,0
component-final-803f2f839d36223abbed9b07,5,0
component-final-803f2f839d36223abbed9b07,6,0
component-final-803f2f839d36223abbed9b07,7,0
component-final-803f2f839d36223abbed9b07,8,0
component-final-803f2f839d36223abbed9b07,9,0
component-final-803f2f839d36223abbed9b07,10,0
component-final-803f2f839d36223abbed9b07,11,0
component-final-803f2f839d36223abbed9b07,12,0
component-final-803f2f839d36223abbed9b07,13,0
component-final-803f2f839d36223abbed9b07,14,1
component-final-803f2f839d36223abbed9b07,15,1
component-final-803f2f839d36223abbed9b07,16,1
component-final-803f2f839d36223abbed9b07,17,1
component-final-803f2f839d36223abbed9b07,18,1
component-final-803f2f839d36223abbed9b07,19,1
component-final-803f2f839d36223abbed9b07,20,1
component-final-803f2f839d36223abbed9b07,21,1
component-final-803f2f839d36223abbed9b07,22,1
component-final-803f2f839d36223abbed9b07,23,2
component-final-803f2f839d36223abbed9b07,24,3
component-final-803f2f839d36223abbed9b07,25,3
component-final-803f2f839d36223abbed9b07,26,3
component-final-803f2f839d36223abbed9b07,27,3
component-final-803f2f839d36223abbed9b07,28,3
component-final-803f2f839d36223abbed9b07,29,3
component-final-803f2f839d36223abbed9b07,30,3
component-final-667a1d715e89e7c6e99984d4,0,0
component-final-667a1d715e89e7c6e99984d4,1,0
component-final-667a1d715e89e7c6e99984d4,2,0
component-final-667a1d715e89e7c6e99984d4,3,0
component-final-667a1d715e89e7c6e99984d4,4,0
component-final-667a1d715e89e7c6e99984d4,5,0
component-final-667a1d715e89e7c6e99984d4,6,0
component-final-667a1d715e89e7c6e99984d4,7,0
component-final-667a1d715e89e7c6e99984d4,8,0
component-final-667a1d715e89e7c6e99984d4,9,0
component-final-667a1d715e89e7c6e99984d4,10,0
component-final-667a1d715e89e7c6e99984d4,11,0
component-final-667a1d715e89e7c6e99984d4,12,0
component-final-667a1d715e89e7c6e99984d4,13,0
component-final-667a1d715e89e7c6e99984d4,14,0
component-final-667a1d715e89e7c6e99984d4,15,0
component-final-667a1d715e89e7c6e99984d4,16,0
component-final-667a1d715e89e7c6e99984d4,17,0
component-final-667a1d715e89e7c6e99984d4,18,0
component-final-667a1d715e89e7c6e99984d4,19,0
component-final-667a1d715e89e7c6e99984d4,20,0
component-final-667a1d715e89e7c6e99984d4,21,0
component-final-667a1d715e89e7c6e99984d4,22,0
component-final-667a1d715e89e7c6e99984d4,23,0
component-final-667a1d715e89e7c6e99984d4,24,0
component-final-667a1d715e89e7c6e99984d4,25,0
component-final-667a1d715e89e7c6e99984d4,26,0
component-final-667a1d715e89e7c6e99984d4,27,0
component-final-667a1d715e89e7c6e99984d4,28,0
component-final-667a1d715e89e7c6e99984d4,29,0
component-final-667a1d715e89e7c6e99984d4,30,0
component-final-f36344dc7cbf03e3c2fdc0e5,0,0
component-final-f36344dc7cbf03e3c2fdc0e5,1,0
component-final-f36344dc7cbf03e3c2fdc0e5,2,0
component-final-f36344dc7cbf03e3c2fdc0e5,3,0
component-final-f36344dc7cbf03e3c2fdc0e5,4,0
component-final-f36344dc7cbf03e3c2fdc0e5,5,0
component-final-f36344dc7cbf03e3c2fdc0e5,6,0
component-final-f36344dc7cbf03e3c2fdc0e5,7,0
component-final-f36344dc7cbf03e3c2fdc0e5,8,0
component-final-f36344dc7cbf03e3c2fdc0e5,9,0
component-final-f36344dc7cbf03e3c2fdc0e5,10,0
component-final-f36344dc7cbf03e3c2fdc0e5,11,0
component-final-f36344dc7cbf03e3c2fdc0e5,12,0
component-final-f36344dc7cbf03e3c2fdc0e5,13,0
component-final-f36344dc7cbf03e3c2fdc0e5,14,0
component-final-f36344dc7cbf03e3c2fdc0e5,15,0
component-final-f36344dc7cbf03e3c2fdc0e5,16,0
component-final-f36344dc7cbf03e3c2fdc0e5,17,0
component-final-f36344dc7cbf03e3c2fdc0e5,18,0
component-final-f36344dc7cbf03e3c2fdc0e5,19,0
component-final-f36344dc7cbf03e3c2fdc0e5,20,0
component-final-f36344dc7cbf03e3c2fdc0e5,21,0
component-final-f36344dc7cbf03e3c2fdc0e5,22,0
component-final-f36344dc7cbf03e3c2fdc0e5,23,0
component-final-f36344dc7cbf03e3c2fdc0e5,24,0
component-final-f36344dc7cbf03e3c2fdc0e5,25,0
component-final-f36344dc7cbf03e3c2fdc0e5,26,0
component-final-f36344dc7cbf03e3c2fdc0e5,27,0
component-final-f36344dc7cbf03e3c2fdc0e5,28,0
component-final-f36344dc7cbf03e3c2fdc0e5,29,0
component-final-f36344dc7cbf03e3c2fdc0e5,30,0
component-final-1002463de2d3e27ef7813c08,0,0
component-final-1002463de2d3e27ef7813c08,1,1
component-final-1002463de2d3e27ef7813c08,2,1
component-final-1002463de2d3e27ef7813c08,3,1
component-final-1002463de2d3e27ef7813c08,4,1
component-final-1002463de2d3e27ef7813c08,5,1
component-final-1002463de2d3e27ef7813c08,6,1
component-final-1002463de2d3e27ef7813c08,7,1
component-final-1002463de2d3e27ef7813c08,8,1
component-final-1002463de2d3e27ef7813c08,9,1
component-final-1002463de2d3e27ef7813c08,10,1
component-final-1002463de2d3e27ef7813c08,11,1
component-final-1002463de2d3e27ef7813c08,12,1
component-final-1002463de2d3e27ef7813c08,13,1
component-final-1002463de2d3e27ef7813c08,14,1
component-final-1002463de2d3e27ef7813c08,15,1
component-final-1002463de2d3e27ef7813c08,16,1
component-final-1002463de2d3e27ef7813c08,17,1
component-final-1002463de2d3e27ef7813c08,18,1
component-final-1002463de2d3e27ef7813c08,19,1
component-final-1002463de2d3e27ef7813c08,20,1
component-final-1002463de2d3e27ef7813c08,21,1
component-final-1002463de2d3e27ef7813c08,22,1
component-final-1002463de2d3e27ef7813c08,23,1
component-final-1002463de2d3e27ef7813c08,24,1
component-final-1002463de2d3e27ef7813c08,25,1
component-final-1002463de2d3e27ef7813c08,26,1
component-final-1002463de2d3e27ef7813c08,27,1
component-final-1002463de2d3e27ef7813c08,28,1
component-final-1002463de2d3e27ef7813c08,29,1
component-final-1002463de2d3e27ef7813c08,30,1
component-final-9974e7800ac453b1339924fe,0,0
component-final-9974e7800ac453b1339924fe,1,0
component-final-9974e7800ac453b1339924fe,2,0
component-final-9974e7800ac453b1339924fe,3,0
component-final-9974e7800ac453b1339924fe,4,0
component-final-9974e7800ac453b1339924fe,5,0
component-final-9974e7800ac453b1339924fe,6,0
component-final-9974e7800ac453b1339924fe,7,0
component-final-9974e7800ac453b1339924fe,8,0
component-final-9974e7800ac453b1339924fe,9,0
component-final-9974e7800ac453b1339924fe,10,0
component-final-9974e7800ac453b1339924fe,11,0
component-final-9974e7800ac453b1339924fe,12,0
component-final-9974e7800ac453b1339924fe,13,0
component-final-9974e7800ac453b1339924fe,14,0
component-final-9974e7800ac453b1339924fe,15,0
component-final-9974e7800ac453b1339924fe,16,0
component-final-9974e7800ac453b1339924fe,17,0
component-final-9974e7800ac453b1339924fe,18,0
component-final-9974e7800ac453b1339924fe,19,0
component-final-9974e7800ac453b1339924fe,20,0
component-final-9974e7800ac453b1339924fe,21,0
component-final-9974e7800ac453b1339924fe,22,0
component-final-9974e7800ac453b1339924fe,23,0
component-final-9974e7800ac453b1339924fe,24,0
component-final-9974e7800ac453b1339924fe,25,0
component-final-9974e7800ac453b1339924fe,26,0
component-final-9974e7800ac453b1339924fe,27,0
component-final-9974e7800ac453b1339924fe,28,0
component-final-9974e7800ac453b1339924fe,29,0
component-final-9974e7800ac453b1339924fe,30,0
component-final-e3becbd6b20693d4b0422a05,0,0
component-final-e3becbd6b20693d4b0422a05,1,0
component-final-e3becbd6b20693d4b0422a05,2,0
component-final-e3becbd6b20693d4b0422a05,3,0
component-final-e3becbd6b20693d4b0422a05,4,0
component-final-e3becbd6b20693d4b0422a05,5,0
component-final-e3becbd6b20693d4b0422a05,6,0
component-final-e3becbd6b20693d4b0422a05,7,0
component-final-e3becbd6b20693d4b0422a05,8,0
component-final-e3becbd6b20693d4b0422a05,9,0
component-final-e3becbd6b20693d4b0422a05,10,0
component-final-e3becbd6b20693d4b0422a05,11,0
component-final-e3becbd6b20693d4b0422a05,12,0
component-final-e3becbd6b20693d4b0422a05,13,0
component-final-e3becbd6b20693d4b0422a05,14,0
component-final-e3becbd6b20693d4b0422a05,15,0
component-final-e3becbd6b20693d4b0422a05,16,0
component-final-e3becbd6b20693d4b0422a05,17,0
component-final-e3becbd6b20693d4b0422a05,18,0
component-final-e3becbd6b20693d4b0422a05,19,0
component-final-e3becbd6b20693d4b0422a05,20,0
component-final-e3becbd6b20693d4b0422a05,21,0
component-final-e3becbd6b20693d4b0422a05,22,0
component-final-e3becbd6b20693d4b0422a05,23,0
component-final-e3becbd6b20693d4b0422a05,24,0
component-final-e3becbd6b20693d4b0422a05,25,0
component-final-e3becbd6b20693d4b0422a05,26,0
component-final-e3becbd6b20693d4b0422a05,27,0
component-final-e3becbd6b20693d4b0422a05,28,0
component-final-e3becbd6b20693d4b0422a05,29,0
component-final-e3becbd6b20693d4b0422a05,30,0
component-final-fe9df120e7ab6474425e5b15,0,0
component-final-fe9df120e7ab6474425e5b15,1,0
component-final-fe9df120e7ab6474425e5b15,2,0
component-final-fe9df120e7ab6474425e5b15,3,0
component-final-fe9df120e7ab6474425e5b15,4,0
component-final-fe9df120e7ab6474425e5b15,5,0
component-final-fe9df120e7ab6474425e5b15,6,0
component-final-fe9df120e7ab6474425e5b15,7,0
component-final-fe9df120e7ab6474425e5b15,8,0
component-final-fe9df120e7ab6474425e5b15,9,0
component-final-fe9df120e7ab6474425e5b15,10,0
component-final-fe9df120e7ab6474425e5b15,11,0
component-final-fe9df120e7ab6474425e5b15,12,0
component-final-fe9df120e7ab6474425e5b15,13,0
component-final-fe9df120e7ab6474425e5b15,14,0
component-final-fe9df120e7ab6474425e5b15,15,0
component-final-fe9df120e7ab6474425e5b15,16,0
component-final-fe9df120e7ab6474425e5b15,17,0
component-final-fe9df120e7ab6474425e5b15,18,0
component-final-fe9df120e7ab6474425e5b15,19,0
component-final-fe9df120e7ab6474425e5b15,20,0
component-final-fe9df120e7ab6474425e5b15,21,0
component-final-fe9df120e7ab6474425e5b15,22,0
component-final-fe9df120e7ab6474425e5b15,23,0
component-final-fe9df120e7ab6474425e5b15,24,0
component-final-fe9df120e7ab6474425e5b15,25,0
component-final-fe9df120e7ab6474425e5b15,26,0
component-final-fe9df120e7ab6474425e5b15,27,0
component-final-fe9df120e7ab6474425e5b15,28,0
component-final-fe9df120e7ab6474425e5b15,29,0
component-final-fe9df120e7ab6474425e5b15,30,0
component-final-e639a9cf3e2f93db1d9112f6,0,0
component-final-e639a9cf3e2f93db1d9112f6,1,0
component-final-e639a9cf3e2f93db1d9112f6,2,0
component-final-e639a9cf3e2f93db1d9112f6,3,0
component-final-e639a9cf3e2f93db1d9112f6,4,0
component-final-e639a9cf3e2f93db1d9112f6,5,0
component-final-e639a9cf3e2f93db1d9112f6,6,0
component-final-e639a9cf3e2f93db1d9112f6,7,0
component-final-e639a9cf3e2f93db1d9112f6,8,0
component-final-e639a9cf3e2f93db1d9112f6,9,0
component-final-e639a9cf3e2f93db1d9112f6,10,0
component-final-e639a9cf3e2f93db1d9112f6,11,0
component-final-e639a9cf3e2f93db1d9112f6,12,0
component-final-e639a9cf3e2f93db1d9112f6,13,0
component-final-e639a9cf3e2f93db1d9112f6,14,0
component-final-e639a9cf3e2f93db1d9112f6,15,0
component-final-e639a9cf3e2f93db1d9112f6,16,0
component-final-e639a9cf3e2f93db1d9112f6,17,0
component-final-e639a9cf3e2f93db1d9112f6,18,0
component-final-e639a9cf3e2f93db1d9112f6,19,0
component-final-e639a9cf3e2f93db1d9112f6,20,0
component-final-e639a9cf3e2f93db1d9112f6,21,0
component-final-e639a9cf3e2f93db1d9112f6,22,0
component-final-e639a9cf3e2f93db1d9112f6,23,0
component-final-e639a9cf3e2f93db1d9112f6,24,0
component-final-e639a9cf3e2f93db1d9112f6,25,0
component-final-e639a9cf3e2f93db1d9112f6,26,0
component-final-e639a9cf3e2f93db1d9112f6,27,0
component-final-e639a9cf3e2f93db1d9112f6,28,0
component-final-e639a9cf3e2f93db1d9112f6,29,0
component-final-e639a9cf3e2f93db1d9112f6,30,0
component-final-2353d6b97e1b459c7001e956,0,0
component-final-2353d6b97e1b459c7001e956,1,0
component-final-2353d6b97e1b459c7001e956,2,0
component-final-2353d6b97e1b459c7001e956,3,0
component-final-2353d6b97e1b459c7001e956,4,0
component-final-2353d6b97e1b459c7001e956,5,0
component-final-2353d6b97e1b459c7001e956,6,0
component-final-2353d6b97e1b459c7001e956,7,0
component-final-2353d6b97e1b459c7001e956,8,0
component-final-2353d6b97e1b459c7001e956,9,0
component-final-2353d6b97e1b459c7001e956,10,0
component-final-2353d6b97e1b459c7001e956,11,0
component-final-2353d6b97e1b459c7001e956,12,0
component-final-2353d6b97e1b459c7001e956,13,0
component-final-2353d6b97e1b459c7001e956,14,0
component-final-2353d6b97e1b459c7001e956,15,0
component-final-2353d6b97e1b459c7001e956,16,0
component-final-2353d6b97e1b459c7001e956,17,0
component-final-2353d6b97e1b459c7001e956,18,0
component-final-2353d6b97e1b459c7001e956,19,0
component-final-2353d6b97e1b459c7001e956,20,0
component-final-2353d6b97e1b459c7001e956,21,0
component-final-2353d6b97e1b459c7001e956,22,0
component-final-2353d6b97e1b459c7001e956,23,0
component-final-2353d6b97e1b459c7001e956,24,0
component-final-2353d6b97e1b459c7001e956,25,0
component-final-2353d6b97e1b459c7001e956,26,0
component-final-2353d6b97e1b459c7001e956,27,0
component-final-2353d6b97e1b459c7001e956,28,0
component-final-2353d6b97e1b459c7001e956,29,0
component-final-2353d6b97e1b459c7001e956,30,0
component-final-feee17d66a1cecd69e494712,0,0
component-final-feee17d66a1cecd69e494712,1,0
component-final-feee17d66a1cecd69e494712,2,0
component-final-feee17d66a1cecd69e494712,3,0
component-final-feee17d66a1cecd69e494712,4,0
component-final-feee17d66a1cecd69e494712,5,0
component-final-feee17d66a1cecd69e494712,6,1
component-final-feee17d66a1cecd69e494712,7,1
component-final-feee17d66a1cecd69e494712,8,1
component-final-feee17d66a1cecd69e494712,9,1
component-final-feee17d66a1cecd69e494712,10,1
component-final-feee17d66a1cecd69e494712,11,1
component-final-feee17d66a1cecd69e494712,12,1
component-final-feee17d66a1cecd69e494712,13,1
component-final-feee17d66a1cecd69e494712,14,1
component-final-feee17d66a1cecd69e494712,15,1
component-final-feee17d66a1cecd69e494712,16,1
component-final-feee17d66a1cecd69e494712,17,1
component-final-feee17d66a1cecd69e494712,18,1
component-final-feee17d66a1cecd69e494712,19,1
component-final-feee17d66a1cecd69e494712,20,1
component-final-feee17d66a1cecd69e494712,21,1
component-final-feee17d66a1cecd69e494712,22,1
component-final-feee17d66a1cecd69e494712,23,1
component-final-feee17d66a1cecd69e494712,24,1
component-final-feee17d66a1cecd69e494712,25,1
component-final-feee17d66a1cecd69e494712,26,1
component-final-feee17d66a1cecd69e494712,27,1
component-final-feee17d66a1cecd69e494712,28,1
component-final-feee17d66a1cecd69e494712,29,1
component-final-feee17d66a1cecd69e494712,30,1
component-final-ab38facce5e6ceff15abed56,0,0
component-final-ab38facce5e6ceff15abed56,1,0
component-final-ab38facce5e6ceff15abed56,2,0
component-final-ab38facce5e6ceff15abed56,3,0
component-final-ab38facce5e6ceff15abed56,4,0
component-final-ab38facce5e6ceff15abed56,5,0
component-final-ab38facce5e6ceff15abed56,6,0
component-final-ab38facce5e6ceff15abed56,7,0
component-final-ab38facce5e6ceff15abed56,8,0
component-final-ab38facce5e6ceff15abed56,9,0
component-final-ab38facce5e6ceff15abed56,10,0
component-final-ab38facce5e6ceff15abed56,11,0
component-final-ab38facce5e6ceff15abed56,12,0
component-final-ab38facce5e6ceff15abed56,13,0
component-final-ab38facce5e6ceff15abed56,14,0
component-final-ab38facce5e6ceff15abed56,15,0
component-final-ab38facce5e6ceff15abed56,16,0
component-final-ab38facce5e6ceff15abed56,17,0
component-final-ab38facce5e6ceff15abed56,18,0
component-final-ab38facce5e6ceff15abed56,19,0
component-final-ab38facce5e6ceff15abed56,20,0
component-final-ab38facce5e6ceff15abed56,21,0
component-final-ab38facce5e6ceff15abed56,22,0
component-final-ab38facce5e6ceff15abed56,23,0
component-final-ab38facce5e6ceff15abed56,24,0
component-final-ab38facce5e6ceff15abed56,25,0
component-final-ab38facce5e6ceff15abed56,26,0
component-final-ab38facce5e6ceff15abed56,27,0
component-final-ab38facce5e6ceff15abed56,28,0
component-final-ab38facce5e6ceff15abed56,29,0
component-final-ab38facce5e6ceff15abed56,30,0
component-final-00b47dc6e25c4b16037e5ac5,0,0
component-final-00b47dc6e25c4b16037e5ac5,1,0
component-final-00b47dc6e25c4b16037e5ac5,2,0
component-final-00b47dc6e25c4b16037e5ac5,3,0
component-final-00b47dc6e25c4b16037e5ac5,4,0
component-final-00b47dc6e25c4b16037e5ac5,5,0
component-final-00b47dc6e25c4b16037e5ac5,6,0
component-final-00b47dc6e25c4b16037e5ac5,7,0
component-final-00b47dc6e25c4b16037e5ac5,8,0
component-final-00b47dc6e25c4b16037e5ac5,9,0
component-final-00b47dc6e25c4b16037e5ac5,10,0
component-final-00b47dc6e25c4b16037e5ac5,11,0
component-final-00b47dc6e25c4b16037e5ac5,12,0
component-final-00b47dc6e25c4b16037e5ac5,13,0
component-final-00b47dc6e25c4b16037e5ac5,14,0
component-final-00b47dc6e25c4b16037e5ac5,15,0
component-final-00b47dc6e25c4b16037e5ac5,16,0
component-final-00b47dc6e25c4b16037e5ac5,17,0
component-final-00b47dc6e25c4b16037e5ac5,18,0
component-final-00b47dc6e25c4b16037e5ac5,19,0
component-final-00b47dc6e25c4b16037e5ac5,20,0
component-final-00b47dc6e25c4b16037e5ac5,21,0
component-final-00b47dc6e25c4b16037e5ac5,22,0
component-final-00b47dc6e25c4b16037e5ac5,23,0
component-final-00b47dc6e25c4b16037e5ac5,24,0
component-final-00b47dc6e25c4b16037e5ac5,25,0
component-final-00b47dc6e25c4b16037e5ac5,26,0
component-final-00b47dc6e25c4b16037e5ac5,27,0
component-final-00b47dc6e25c4b16037e5ac5,28,0
component-final-00b47dc6e25c4b16037e5ac5,29,0
component-final-00b47dc6e25c4b16037e5ac5,30,0
component-final-0591d271496a29335d1d4471,0,0
component-final-0591d271496a29335d1d4471,1,0
component-final-0591d271496a29335d1d4471,2,0
component-final-0591d271496a29335d1d4471,3,0
component-final-0591d271496a29335d1d4471,4,1
component-final-0591d271496a29335d1d4471,5,1
component-final-0591d271496a29335d1d4471,6,1
component-final-0591d271496a29335d1d4471,7,1
component-final-0591d271496a29335d1d4471,8,1
component-final-0591d271496a29335d1d4471,9,1
component-final-0591d271496a29335d1d4471,10,1
component-final-0591d271496a29335d1d4471,11,1
component-final-0591d271496a29335d1d4471,12,1
component-final-0591d271496a29335d1d4471,13,1
component-final-0591d271496a29335d1d4471,14,1
component-final-0591d271496a29335d1d4471,15,1
component-final-0591d271496a29335d1d4471,16,1
component-final-0591d271496a29335d1d4471,17,1
component-final-0591d271496a29335d1d4471,18,1
component-final-0591d271496a29335d1d4471,19,1
component-final-0591d271496a29335d1d4471,20,1
component-final-0591d271496a29335d1d4471,21,1
component-final-0591d271496a29335d1d4471,22,1
component-final-0591d271496a29335d1d4471,23,1
component-final-0591d271496a29335d1d4471,24,1
component-final-0591d271496a29335d1d4471,25,1
component-final-0591d271496a29335d1d4471,26,1
component-final-0591d271496a29335d1d4471,27,1
component-final-0591d271496a29335d1d4471,28,1
component-final-0591d271496a29335d1d4471,29,1
component-final-0591d271496a29335d1d4471,30,1
component-final-cbc6ff396738a400e4349dec,0,0
component-final-cbc6ff396738a400e4349dec,1,0
component-final-cbc6ff396738a400e4349dec,2,0
component-final-cbc6ff396738a400e4349dec,3,0
component-final-cbc6ff396738a400e4349dec,4,0
component-final-cbc6ff396738a400e4349dec,5,0
component-final-cbc6ff396738a400e4349dec,6,0
component-final-cbc6ff396738a400e4349dec,7,0
component-final-cbc6ff396738a400e4349dec,8,0
component-final-cbc6ff396738a400e4349dec,9,0
component-final-cbc6ff396738a400e4349dec,10,0
component-final-cbc6ff396738a400e4349dec,11,0
component-final-cbc6ff396738a400e4349dec,12,0
component-final-cbc6ff396738a400e4349dec,13,0
component-final-cbc6ff396738a400e4349dec,14,0
component-final-cbc6ff396738a400e4349dec,15,0
component-final-cbc6ff396738a400e4349dec,16,0
component-final-cbc6ff396738a400e4349dec,17,1
component-final-cbc6ff396738a400e4349dec,18,2
component-final-cbc6ff396738a400e4349dec,19,3
component-final-cbc6ff396738a400e4349dec,20,3
component-final-cbc6ff396738a400e4349dec,21,4
component-final-cbc6ff396738a400e4349dec,22,4
component-final-cbc6ff396738a400e4349dec,23,5
component-final-cbc6ff396738a400e4349dec,24,6
component-final-cbc6ff396738a400e4349dec,25,6
component-final-cbc6ff396738a400e4349dec,26,6
component-final-cbc6ff396738a400e4349dec,27,6
component-final-cbc6ff396738a400e4349dec,28,6
component-final-cbc6ff396738a400e4349dec,29,6
component-final-cbc6ff396738a400e4349dec,30,7
component-final-3a4d4b55f2a3f754633dc96d,0,0
component-final-3a4d4b55f2a3f754633dc96d,1,1
component-final-3a4d4b55f2a3f754633dc96d,2,1
component-final-3a4d4b55f2a3f754633dc96d,3,2
component-final-3a4d4b55f2a3f754633dc96d,4,2
component-final-3a4d4b55f2a3f754633dc96d,5,3
component-final-3a4d4b55f2a3f754633dc96d,6,4
component-final-3a4d4b55f2a3f754633dc96d,7,4
component-final-3a4d4b55f2a3f754633dc96d,8,4
component-final-3a4d4b55f2a3f754633dc96d,9,5
component-final-3a4d4b55f2a3f754633dc96d,10,5
component-final-3a4d4b55f2a3f754633dc96d,11,5
component-final-3a4d4b55f2a3f754633dc96d,12,6
component-final-3a4d4b55f2a3f754633dc96d,13,7
component-final-3a4d4b55f2a3f754633dc96d,14,7
component-final-3a4d4b55f2a3f754633dc96d,15,7
component-final-3a4d4b55f2a3f754633dc96d,16,7
component-final-3a4d4b55f2a3f754633dc96d,17,8
component-final-3a4d4b55f2a3f754633dc96d,18,8
component-final-3a4d4b55f2a3f754633dc96d,19,8
component-final-3a4d4b55f2a3f754633dc96d,20,8
component-final-3a4d4b55f2a3f754633dc96d,21,8
component-final-3a4d4b55f2a3f754633dc96d,22,8
component-final-3a4d4b55f2a3f754633dc96d,23,9
component-final-3a4d4b55f2a3f754633dc96d,24,9
component-final-3a4d4b55f2a3f754633dc96d,25,10
component-final-3a4d4b55f2a3f754633dc96d,26,10
component-final-3a4d4b55f2a3f754633dc96d,27,11
component-final-3a4d4b55f2a3f754633dc96d,28,12
component-final-3a4d4b55f2a3f754633dc96d,29,12
component-final-3a4d4b55f2a3f754633dc96d,30,12
component-final-4d25de6f929b883924b65229,0,0
component-final-4d25de6f929b883924b65229,1,0
component-final-4d25de6f929b883924b65229,2,1
component-final-4d25de6f929b883924b65229,3,1
component-final-4d25de6f929b883924b65229,4,2
component-final-4d25de6f929b883924b65229,5,3
component-final-4d25de6f929b883924b65229,6,3
component-final-4d25de6f929b883924b65229,7,4
component-final-4d25de6f929b883924b65229,8,5
component-final-4d25de6f929b883924b65229,9,5
component-final-4d25de6f929b883924b65229,10,5
component-final-4d25de6f929b883924b65229,11,5
component-final-4d25de6f929b883924b65229,12,6
component-final-4d25de6f929b883924b65229,13,7
component-final-4d25de6f929b883924b65229,14,7
component-final-4d25de6f929b883924b65229,15,8
component-final-4d25de6f929b883924b65229,16,9
component-final-4d25de6f929b883924b65229,17,10
component-final-4d25de6f929b883924b65229,18,11
component-final-4d25de6f929b883924b65229,19,12
component-final-4d25de6f929b883924b65229,20,12
component-final-4d25de6f929b883924b65229,21,13
component-final-4d25de6f929b883924b65229,22,14
component-final-4d25de6f929b883924b65229,23,15
component-final-4d25de6f929b883924b65229,24,16
component-final-4d25de6f929b883924b65229,25,17
component-final-4d25de6f929b883924b65229,26,18
component-final-4d25de6f929b883924b65229,27,18
component-final-4d25de6f929b883924b65229,28,18
component-final-4d25de6f929b883924b65229,29,19
component-final-4d25de6f929b883924b65229,30,20
component-final-1c4d61ebe1301c61dc8020ec,0,0
component-final-1c4d61ebe1301c61dc8020ec,1,0
component-final-1c4d61ebe1301c61dc8020ec,2,0
component-final-1c4d61ebe1301c61dc8020ec,3,0
component-final-1c4d61ebe1301c61dc8020ec,4,0
component-final-1c4d61ebe1301c61dc8020ec,5,0
component-final-1c4d61ebe1301c61dc8020ec,6,0
component-final-1c4d61ebe1301c61dc8020ec,7,0
component-final-1c4d61ebe1301c61dc8020ec,8,0
component-final-1c4d61ebe1301c61dc8020ec,9,0
component-final-1c4d61ebe1301c61dc8020ec,10,0
component-final-1c4d61ebe1301c61dc8020ec,11,0
component-final-1c4d61ebe1301c61dc8020ec,12,0
component-final-1c4d61ebe1301c61dc8020ec,13,0
component-final-1c4d61ebe1301c61dc8020ec,14,0
component-final-1c4d61ebe1301c61dc8020ec,15,0
component-final-1c4d61ebe1301c61dc8020ec,16,0
component-final-1c4d61ebe1301c61dc8020ec,17,0
component-final-1c4d61ebe1301c61dc8020ec,18,0
component-final-1c4d61ebe1301c61dc8020ec,19,0
component-final-1c4d61ebe1301c61dc8020ec,20,0
component-final-1c4d61ebe1301c61dc8020ec,21,0
component-final-1c4d61ebe1301c61dc8020ec,22,0
component-final-1c4d61ebe1301c61dc8020ec,23,0
component-final-1c4d61ebe1301c61dc8020ec,24,0
component-final-1c4d61ebe1301c61dc8020ec,25,0
component-final-1c4d61ebe1301c61dc8020ec,26,0
component-final-1c4d61ebe1301c61dc8020ec,27,0
component-final-1c4d61ebe1301c61dc8020ec,28,0
component-final-1c4d61ebe1301c61dc8020ec,29,0
component-final-1c4d61ebe1301c61dc8020ec,30,0
component-final-45ff576df7080b449aad1f92,0,0
component-final-45ff576df7080b449aad1f92,1,0
component-final-45ff576df7080b449aad1f92,2,0
component-final-45ff576df7080b449aad1f92,3,0
component-final-45ff576df7080b449aad1f92,4,0
component-final-45ff576df7080b449aad1f92,5,0
component-final-45ff576df7080b449aad1f92,6,0
component-final-45ff576df7080b449aad1f92,7,0
component-final-45ff576df7080b449aad1f92,8,0
component-final-45ff576df7080b449aad1f92,9,0
component-final-45ff576df7080b449aad1f92,10,0
component-final-45ff576df7080b449aad1f92,11,0
component-final-45ff576df7080b449aad1f92,12,0
component-final-45ff576df7080b449aad1f92,13,0
component-final-45ff576df7080b449aad1f92,14,0
component-final-45ff576df7080b449aad1f92,15,0
component-final-45ff576df7080b449aad1f92,16,0
component-final-45ff576df7080b449aad1f92,17,0
component-final-45ff576df7080b449aad1f92,18,0
component-final-45ff576df7080b449aad1f92,19,0
component-final-45ff576df7080b449aad1f92,20,0
component-final-45ff576df7080b449aad1f92,21,0
component-final-45ff576df7080b449aad1f92,22,0
component-final-45ff576df7080b449aad1f92,23,0
component-final-45ff576df7080b449aad1f92,24,0
component-final-45ff576df7080b449aad1f92,25,0
component-final-45ff576df7080b449aad1f92,26,0
component-final-45ff576df7080b449aad1f92,27,0
component-final-45ff576df7080b449aad1f92,28,0
component-final-45ff576df7080b449aad1f92,29,0
component-final-45ff576df7080b449aad1f92,30,0
component-final-938bd181bae0be1b9cf1b3a2,0,0
component-final-938bd181bae0be1b9cf1b3a2,1,0
component-final-938bd181bae0be1b9cf1b3a2,2,0
component-final-938bd181bae0be1b9cf1b3a2,3,0
component-final-938bd181bae0be1b9cf1b3a2,4,0
component-final-938bd181bae0be1b9cf1b3a2,5,0
component-final-938bd181bae0be1b9cf1b3a2,6,0
component-final-938bd181bae0be1b9cf1b3a2,7,0
component-final-938bd181bae0be1b9cf1b3a2,8,0
component-final-938bd181bae0be1b9cf1b3a2,9,0
component-final-938bd181bae0be1b9cf1b3a2,10,0
component-final-938bd181bae0be1b9cf1b3a2,11,0
component-final-938bd181bae0be1b9cf1b3a2,12,0
component-final-938bd181bae0be1b9cf1b3a2,13,0
component-final-938bd181bae0be1b9cf1b3a2,14,0
component-final-938bd181bae0be1b9cf1b3a2,15,0
component-final-938bd181bae0be1b9cf1b3a2,16,0
component-final-938bd181bae0be1b9cf1b3a2,17,0
component-final-938bd181bae0be1b9cf1b3a2,18,0
component-final-938bd181bae0be1b9cf1b3a2,19,0
component-final-938bd181bae0be1b9cf1b3a2,20,0
component-final-938bd181bae0be1b9cf1b3a2,21,0
component-final-938bd181bae0be1b9cf1b3a2,22,0
component-final-938bd181bae0be1b9cf1b3a2,23,0
component-final-938bd181bae0be1b9cf1b3a2,24,0
component-final-938bd181bae0be1b9cf1b3a2,25,0
component-final-938bd181bae0be1b9cf1b3a2,26,0
component-final-938bd181bae0be1b9cf1b3a2,27,0
component-final-938bd181bae0be1b9cf1b3a2,28,0
component-final-938bd181bae0be1b9cf1b3a2,29,0
component-final-938bd181bae0be1b9cf1b3a2,30,0
component-final-78a69f53c52da7048f53409c,0,0
component-final-78a69f53c52da7048f53409c,1,0
component-final-78a69f53c52da7048f53409c,2,1
component-final-78a69f53c52da7048f53409c,3,1
component-final-78a69f53c52da7048f53409c,4,1
component-final-78a69f53c52da7048f53409c,5,1
component-final-78a69f53c52da7048f53409c,6,1
component-final-78a69f53c52da7048f53409c,7,1
component-final-78a69f53c52da7048f53409c,8,1
component-final-78a69f53c52da7048f53409c,9,1
component-final-78a69f53c52da7048f53409c,10,1
component-final-78a69f53c52da7048f53409c,11,1
component-final-78a69f53c52da7048f53409c,12,1
component-final-78a69f53c52da7048f53409c,13,1
component-final-78a69f53c52da7048f53409c,14,2
component-final-78a69f53c52da7048f53409c,15,3
component-final-78a69f53c52da7048f53409c,16,3
component-final-78a69f53c52da7048f53409c,17,4
component-final-78a69f53c52da7048f53409c,18,4
component-final-78a69f53c52da7048f53409c,19,5
component-final-78a69f53c52da7048f53409c,20,6
component-final-78a69f53c52da7048f53409c,21,6
component-final-78a69f53c52da7048f53409c,22,6
component-final-78a69f53c52da7048f53409c,23,6
component-final-78a69f53c52da7048f53409c,24,6
component-final-78a69f53c52da7048f53409c,25,7
component-final-78a69f53c52da7048f53409c,26,8
component-final-78a69f53c52da7048f53409c,27,9
component-final-78a69f53c52da7048f53409c,28,9
component-final-78a69f53c52da7048f53409c,29,9
component-final-78a69f53c52da7048f53409c,30,9
component-final-d4c3a91e71ecc76f3b9b4194,0,0
component-final-d4c3a91e71ecc76f3b9b4194,1,1
component-final-d4c3a91e71ecc76f3b9b4194,2,2
component-final-d4c3a91e71ecc76f3b9b4194,3,2
component-final-d4c3a91e71ecc76f3b9b4194,4,3
component-final-d4c3a91e71ecc76f3b9b4194,5,3
component-final-d4c3a91e71ecc76f3b9b4194,6,4
component-final-d4c3a91e71ecc76f3b9b4194,7,4
component-final-d4c3a91e71ecc76f3b9b4194,8,4
component-final-d4c3a91e71ecc76f3b9b4194,9,5
component-final-d4c3a91e71ecc76f3b9b4194,10,6
component-final-d4c3a91e71ecc76f3b9b4194,11,6
component-final-d4c3a91e71ecc76f3b9b4194,12,7
component-final-d4c3a91e71ecc76f3b9b4194,13,7
component-final-d4c3a91e71ecc76f3b9b4194,14,7
component-final-d4c3a91e71ecc76f3b9b4194,15,7
component-final-d4c3a91e71ecc76f3b9b4194,16,8
component-final-d4c3a91e71ecc76f3b9b4194,17,8
component-final-d4c3a91e71ecc76f3b9b4194,18,8
component-final-d4c3a91e71ecc76f3b9b4194,19,9
component-final-d4c3a91e71ecc76f3b9b4194,20,10
component-final-d4c3a91e71ecc76f3b9b4194,21,10
component-final-d4c3a91e71ecc76f3b9b4194,22,11
component-final-d4c3a91e71ecc76f3b9b4194,23,12
component-final-d4c3a91e71ecc76f3b9b4194,24,12
component-final-d4c3a91e71ecc76f3b9b4194,25,12
component-final-d4c3a91e71ecc76f3b9b4194,26,12
component-final-d4c3a91e71ecc76f3b9b4194,27,12
component-final-d4c3a91e71ecc76f3b9b4194,28,12
component-final-d4c3a91e71ecc76f3b9b4194,29,12
component-final-d4c3a91e71ecc76f3b9b4194,30,12
component-final-aaa87edabd36fb39bbcc66a5,0,0
component-final-aaa87edabd36fb39bbcc66a5,1,1
component-final-aaa87edabd36fb39bbcc66a5,2,2
component-final-aaa87edabd36fb39bbcc66a5,3,2
component-final-aaa87edabd36fb39bbcc66a5,4,2
component-final-aaa87edabd36fb39bbcc66a5,5,2
component-final-aaa87edabd36fb39bbcc66a5,6,3
component-final-aaa87edabd36fb39bbcc66a5,7,4
component-final-aaa87edabd36fb39bbcc66a5,8,4
component-final-aaa87edabd36fb39bbcc66a5,9,5
component-final-aaa87edabd36fb39bbcc66a5,10,5
component-final-aaa87edabd36fb39bbcc66a5,11,5
component-final-aaa87edabd36fb39bbcc66a5,12,6
component-final-aaa87edabd36fb39bbcc66a5,13,6
component-final-aaa87edabd36fb39bbcc66a5,14,7
component-final-aaa87edabd36fb39bbcc66a5,15,7
component-final-aaa87edabd36fb39bbcc66a5,16,7
component-final-aaa87edabd36fb39bbcc66a5,17,7
component-final-aaa87edabd36fb39bbcc66a5,18,7
component-final-aaa87edabd36fb39bbcc66a5,19,8
component-final-aaa87edabd36fb39bbcc66a5,20,8
component-final-aaa87edabd36fb39bbcc66a5,21,9
component-final-aaa87edabd36fb39bbcc66a5,22,9
component-final-aaa87edabd36fb39bbcc66a5,23,9
component-final-aaa87edabd36fb39bbcc66a5,24,9
component-final-aaa87edabd36fb39bbcc66a5,25,9
component-final-aaa87edabd36fb39bbcc66a5,26,9
component-final-aaa87edabd36fb39bbcc66a5,27,9
component-final-aaa87edabd36fb39bbcc66a5,28,9
component-final-aaa87edabd36fb39bbcc66a5,29,9
component-final-aaa87edabd36fb39bbcc66a5,30,9
component-final-58be177d40a369fa21b46467,0,0
component-final-58be177d40a369fa21b46467,1,0
component-final-58be177d40a369fa21b46467,2,0
component-final-58be177d40a369fa21b46467,3,0
component-final-58be177d40a369fa21b46467,4,0
component-final-58be177d40a369fa21b46467,5,0
component-final-58be177d40a369fa21b46467,6,0
component-final-58be177d40a369fa21b46467,7,0
component-final-58be177d40a369fa21b46467,8,0
component-final-58be177d40a369fa21b46467,9,0
component-final-58be177d40a369fa21b46467,10,1
component-final-58be177d40a369fa21b46467,11,2
component-final-58be177d40a369fa21b46467,12,2
component-final-58be177d40a369fa21b46467,13,2
component-final-58be177d40a369fa21b46467,14,2
component-final-58be177d40a369fa21b46467,15,2
component-final-58be177d40a369fa21b46467,16,2
component-final-58be177d40a369fa21b46467,17,2
component-final-58be177d40a369fa21b46467,18,2
component-final-58be177d40a369fa21b46467,19,2
component-final-58be177d40a369fa21b46467,20,2
component-final-58be177d40a369fa21b46467,21,2
component-final-58be177d40a369fa21b46467,22,2
component-final-58be177d40a369fa21b46467,23,2
component-final-58be177d40a369fa21b46467,24,2
component-final-58be177d40a369fa21b46467,25,3
component-final-58be177d40a369fa21b46467,26,4
component-final-58be177d40a369fa21b46467,27,4
component-final-58be177d40a369fa21b46467,28,4
component-final-58be177d40a369fa21b46467,29,4
component-final-58be177d40a369fa21b46467,30,4
component-final-a7c299031f86283f4d78cdbc,0,0
component-final-a7c299031f86283f4d78cdbc,1,1
component-final-a7c299031f86283f4d78cdbc,2,1
component-final-a7c299031f86283f4d78cdbc,3,2
component-final-a7c299031f86283f4d78cdbc,4,3
component-final-a7c299031f86283f4d78cdbc,5,3
component-final-a7c299031f86283f4d78cdbc,6,3
component-final-a7c299031f86283f4d78cdbc,7,3
component-final-a7c299031f86283f4d78cdbc,8,3
component-final-a7c299031f86283f4d78cdbc,9,3
component-final-a7c299031f86283f4d78cdbc,10,3
component-final-a7c299031f86283f4d78cdbc,11,3
component-final-a7c299031f86283f4d78cdbc,12,4
component-final-a7c299031f86283f4d78cdbc,13,5
component-final-a7c299031f86283f4d78cdbc,14,5
component-final-a7c299031f86283f4d78cdbc,15,5
component-final-a7c299031f86283f4d78cdbc,16,5
component-final-a7c299031f86283f4d78cdbc,17,5
component-final-a7c299031f86283f4d78cdbc,18,6
component-final-a7c299031f86283f4d78cdbc,19,6
component-final-a7c299031f86283f4d78cdbc,20,6
component-final-a7c299031f86283f4d78cdbc,21,6
component-final-a7c299031f86283f4d78cdbc,22,6
component-final-a7c299031f86283f4d78cdbc,23,6
component-final-a7c299031f86283f4d78cdbc,24,6
component-final-a7c299031f86283f4d78cdbc,25,6
component-final-a7c299031f86283f4d78cdbc,26,6
component-final-a7c299031f86283f4d78cdbc,27,6
component-final-a7c299031f86283f4d78cdbc,28,6
component-final-a7c299031f86283f4d78cdbc,29,6
component-final-a7c299031f86283f4d78cdbc,30,6
component-final-ccf83cfe979a68596b520894,0,0
component-final-ccf83cfe979a68596b520894,1,1
component-final-ccf83cfe979a68596b520894,2,2
component-final-ccf83cfe979a68596b520894,3,2
component-final-ccf83cfe979a68596b520894,4,2
component-final-ccf83cfe979a68596b520894,5,2
component-final-ccf83cfe979a68596b520894,6,2
component-final-ccf83cfe979a68596b520894,7,2
component-final-ccf83cfe979a68596b520894,8,2
component-final-ccf83cfe979a68596b520894,9,3
component-final-ccf83cfe979a68596b520894,10,4
component-final-ccf83cfe979a68596b520894,11,4
component-final-ccf83cfe979a68596b520894,12,5
component-final-ccf83cfe979a68596b520894,13,6
component-final-ccf83cfe979a68596b520894,14,6
component-final-ccf83cfe979a68596b520894,15,6
component-final-ccf83cfe979a68596b520894,16,6
component-final-ccf83cfe979a68596b520894,17,6
component-final-ccf83cfe979a68596b520894,18,7
component-final-ccf83cfe979a68596b520894,19,8
component-final-ccf83cfe979a68596b520894,20,8
component-final-ccf83cfe979a68596b520894,21,9
component-final-ccf83cfe979a68596b520894,22,10
component-final-ccf83cfe979a68596b520894,23,11
component-final-ccf83cfe979a68596b520894,24,12
component-final-ccf83cfe979a68596b520894,25,13
component-final-ccf83cfe979a68596b520894,26,13
component-final-ccf83cfe979a68596b520894,27,14
component-final-ccf83cfe979a68596b520894,28,14
component-final-ccf83cfe979a68596b520894,29,14
component-final-ccf83cfe979a68596b520894,30,14
component-final-5ca584f4906535e61af90799,0,0
component-final-5ca584f4906535e61af90799,1,0
component-final-5ca584f4906535e61af90799,2,0
component-final-5ca584f4906535e61af90799,3,0
component-final-5ca584f4906535e61af90799,4,1
component-final-5ca584f4906535e61af90799,5,1
component-final-5ca584f4906535e61af90799,6,1
component-final-5ca584f4906535e61af90799,7,1
component-final-5ca584f4906535e61af90799,8,1
component-final-5ca584f4906535e61af90799,9,1
component-final-5ca584f4906535e61af90799,10,1
component-final-5ca584f4906535e61af90799,11,1
component-final-5ca584f4906535e61af90799,12,1
component-final-5ca584f4906535e61af90799,13,1
component-final-5ca584f4906535e61af90799,14,1
component-final-5ca584f4906535e61af90799,15,1
component-final-5ca584f4906535e61af90799,16,1
component-final-5ca584f4906535e61af90799,17,1
component-final-5ca584f4906535e61af90799,18,1
component-final-5ca584f4906535e61af90799,19,1
component-final-5ca584f4906535e61af90799,20,1
component-final-5ca584f4906535e61af90799,21,1
component-final-5ca584f4906535e61af90799,22,1
component-final-5ca584f4906535e61af90799,23,1
component-final-5ca584f4906535e61af90799,24,1
component-final-5ca584f4906535e61af90799,25,1
component-final-5ca584f4906535e61af90799,26,1
component-final-5ca584f4906535e61af90799,27,1
component-final-5ca584f4906535e61af90799,28,1
component-final-5ca584f4906535e61af90799,29,1
component-final-5ca584f4906535e61af90799,30,1
component-final-d3b11a1f0b24e0e57b3207ef,0,0
component-final-d3b11a1f0b24e0e57b3207ef,1,0
component-final-d3b11a1f0b24e0e57b3207ef,2,0
component-final-d3b11a1f0b24e0e57b3207ef,3,0
component-final-d3b11a1f0b24e0e57b3207ef,4,0
component-final-d3b11a1f0b24e0e57b3207ef,5,0
component-final-d3b11a1f0b24e0e57b3207ef,6,0
component-final-d3b11a1f0b24e0e57b3207ef,7,0
component-final-d3b11a1f0b24e0e57b3207ef,8,0
component-final-d3b11a1f0b24e0e57b3207ef,9,0
component-final-d3b11a1f0b24e0e57b3207ef,10,0
component-final-d3b11a1f0b24e0e57b3207ef,11,0
component-final-d3b11a1f0b24e0e57b3207ef,12,0
component-final-d3b11a1f0b24e0e57b3207ef,13,0
component-final-d3b11a1f0b24e0e57b3207ef,14,0
component-final-d3b11a1f0b24e0e57b3207ef,15,0
component-final-d3b11a1f0b24e0e57b3207ef,16,0
component-final-d3b11a1f0b24e0e57b3207ef,17,0
component-final-d3b11a1f0b24e0e57b3207ef,18,0
component-final-d3b11a1f0b24e0e57b3207ef,19,0
component-final-d3b11a1f0b24e0e57b3207ef,20,0
component-final-d3b11a1f0b24e0e57b3207ef,21,0
component-final-d3b11a1f0b24e0e57b3207ef,22,0
component-final-d3b11a1f0b24e0e57b3207ef,23,0
component-final-d3b11a1f0b24e0e57b3207ef,24,0
component-final-d3b11a1f0b24e0e57b3207ef,25,0
component-final-d3b11a1f0b24e0e57b3207ef,26,0
component-final-d3b11a1f0b24e0e57b3207ef,27,0
component-final-d3b11a1f0b24e0e57b3207ef,28,0
component-final-d3b11a1f0b24e0e57b3207ef,29,0
component-final-d3b11a1f0b24e0e57b3207ef,30,0
component-final-c24aac4d6cf6090ca0a21ba2,0,0
component-final-c24aac4d6cf6090ca0a21ba2,1,0
component-final-c24aac4d6cf6090ca0a21ba2,2,0
component-final-c24aac4d6cf6090ca0a21ba2,3,0
component-final-c24aac4d6cf6090ca0a21ba2,4,0
component-final-c24aac4d6cf6090ca0a21ba2,5,0
component-final-c24aac4d6cf6090ca0a21ba2,6,0
component-final-c24aac4d6cf6090ca0a21ba2,7,0
component-final-c24aac4d6cf6090ca0a21ba2,8,0
component-final-c24aac4d6cf6090ca0a21ba2,9,0
component-final-c24aac4d6cf6090ca0a21ba2,10,0
component-final-c24aac4d6cf6090ca0a21ba2,11,0
component-final-c24aac4d6cf6090ca0a21ba2,12,0
component-final-c24aac4d6cf6090ca0a21ba2,13,0
component-final-c24aac4d6cf6090ca0a21ba2,14,0
component-final-c24aac4d6cf6090ca0a21ba2,15,0
component-final-c24aac4d6cf6090ca0a21ba2,16,0
component-final-c24aac4d6cf6090ca0a21ba2,17,0
component-final-c24aac4d6cf6090ca0a21ba2,18,0
component-final-c24aac4d6cf6090ca0a21ba2,19,0
component-final-c24aac4d6cf6090ca0a21ba2,20,0
component-final-c24aac4d6cf6090ca0a21ba2,21,0
component-final-c24aac4d6cf6090ca0a21ba2,22,0
component-final-c24aac4d6cf6090ca0a21ba2,23,0
component-final-c24aac4d6cf6090ca0a21ba2,24,0
component-final-c24aac4d6cf6090ca0a21ba2,25,0
component-final-c24aac4d6cf6090ca0a21ba2,26,0
component-final-c24aac4d6cf6090ca0a21ba2,27,0
component-final-c24aac4d6cf6090ca0a21ba2,28,0
component-final-c24aac4d6cf6090ca0a21ba2,29,0
component-final-c24aac4d6cf6090ca0a21ba2,30,0
component-final-7c9b36d1e7a1d8379e4034ff,0,0
component-final-7c9b36d1e7a1d8379e4034ff,1,1
component-final-7c9b36d1e7a1d8379e4034ff,2,1
component-final-7c9b36d1e7a1d8379e4034ff,3,2
component-final-7c9b36d1e7a1d8379e4034ff,4,2
component-final-7c9b36d1e7a1d8379e4034ff,5,2
component-final-7c9b36d1e7a1d8379e4034ff,6,2
component-final-7c9b36d1e7a1d8379e4034ff,7,2
component-final-7c9b36d1e7a1d8379e4034ff,8,2
component-final-7c9b36d1e7a1d8379e4034ff,9,2
component-final-7c9b36d1e7a1d8379e4034ff,10,2
component-final-7c9b36d1e7a1d8379e4034ff,11,2
component-final-7c9b36d1e7a1d8379e4034ff,12,2
component-final-7c9b36d1e7a1d8379e4034ff,13,3
component-final-7c9b36d1e7a1d8379e4034ff,14,3
component-final-7c9b36d1e7a1d8379e4034ff,15,4
component-final-7c9b36d1e7a1d8379e4034ff,16,4
component-final-7c9b36d1e7a1d8379e4034ff,17,4
component-final-7c9b36d1e7a1d8379e4034ff,18,4
component-final-7c9b36d1e7a1d8379e4034ff,19,4
component-final-7c9b36d1e7a1d8379e4034ff,20,4
component-final-7c9b36d1e7a1d8379e4034ff,21,5
component-final-7c9b36d1e7a1d8379e4034ff,22,5
component-final-7c9b36d1e7a1d8379e4034ff,23,6
component-final-7c9b36d1e7a1d8379e4034ff,24,6
component-final-7c9b36d1e7a1d8379e4034ff,25,6
component-final-7c9b36d1e7a1d8379e4034ff,26,7
component-final-7c9b36d1e7a1d8379e4034ff,27,7
component-final-7c9b36d1e7a1d8379e4034ff,28,7
component-final-7c9b36d1e7a1d8379e4034ff,29,7
component-final-7c9b36d1e7a1d8379e4034ff,30,7
component-final-36ebde28e20c058d0e240e7b,0,0
component-final-36ebde28e20c058d0e240e7b,1,1
component-final-36ebde28e20c058d0e240e7b,2,2
component-final-36ebde28e20c058d0e240e7b,3,2
component-final-36ebde28e20c058d0e240e7b,4,3
component-final-36ebde28e20c058d0e240e7b,5,4
component-final-36ebde28e20c058d0e240e7b,6,4
component-final-36ebde28e20c058d0e240e7b,7,5
component-final-36ebde28e20c058d0e240e7b,8,5
component-final-36ebde28e20c058d0e240e7b,9,5
component-final-36ebde28e20c058d0e240e7b,10,5
component-final-36ebde28e20c058d0e240e7b,11,5
component-final-36ebde28e20c058d0e240e7b,12,6
component-final-36ebde28e20c058d0e240e7b,13,6
component-final-36ebde28e20c058d0e240e7b,14,6
component-final-36ebde28e20c058d0e240e7b,15,7
component-final-36ebde28e20c058d0e240e7b,16,8
component-final-36ebde28e20c058d0e240e7b,17,8
component-final-36ebde28e20c058d0e240e7b,18,9
component-final-36ebde28e20c058d0e240e7b,19,10
component-final-36ebde28e20c058d0e240e7b,20,11
component-final-36ebde28e20c058d0e240e7b,21,12
component-final-36ebde28e20c058d0e240e7b,22,12
component-final-36ebde28e20c058d0e240e7b,23,12
component-final-36ebde28e20c058d0e240e7b,24,12
component-final-36ebde28e20c058d0e240e7b,25,13
component-final-36ebde28e20c058d0e240e7b,26,14
component-final-36ebde28e20c058d0e240e7b,27,14
component-final-36ebde28e20c058d0e240e7b,28,15
component-final-36ebde28e20c058d0e240e7b,29,16
component-final-36ebde28e20c058d0e240e7b,30,16
component-final-cafd8381cabe456b8c63f99d,0,0
component-final-cafd8381cabe456b8c63f99d,1,0
component-final-cafd8381cabe456b8c63f99d,2,1
component-final-cafd8381cabe456b8c63f99d,3,1
component-final-cafd8381cabe456b8c63f99d,4,2
component-final-cafd8381cabe456b8c63f99d,5,2
component-final-cafd8381cabe456b8c63f99d,6,2
component-final-cafd8381cabe456b8c63f99d,7,2
component-final-cafd8381cabe456b8c63f99d,8,3
component-final-cafd8381cabe456b8c63f99d,9,3
component-final-cafd8381cabe456b8c63f99d,10,3
component-final-cafd8381cabe456b8c63f99d,11,3
component-final-cafd8381cabe456b8c63f99d,12,3
component-final-cafd8381cabe456b8c63f99d,13,4
component-final-cafd8381cabe456b8c63f99d,14,4
component-final-cafd8381cabe456b8c63f99d,15,4
component-final-cafd8381cabe456b8c63f99d,16,5
component-final-cafd8381cabe456b8c63f99d,17,5
component-final-cafd8381cabe456b8c63f99d,18,5
component-final-cafd8381cabe456b8c63f99d,19,5
component-final-cafd8381cabe456b8c63f99d,20,5
component-final-cafd8381cabe456b8c63f99d,21,5
component-final-cafd8381cabe456b8c63f99d,22,6
component-final-cafd8381cabe456b8c63f99d,23,6
component-final-cafd8381cabe456b8c63f99d,24,6
component-final-cafd8381cabe456b8c63f99d,25,6
component-final-cafd8381cabe456b8c63f99d,26,6
component-final-cafd8381cabe456b8c63f99d,27,6
component-final-cafd8381cabe456b8c63f99d,28,6
component-final-cafd8381cabe456b8c63f99d,29,6
component-final-cafd8381cabe456b8c63f99d,30,6
component-final-f932806bc1f23ced20e23329,0,0
component-final-f932806bc1f23ced20e23329,1,1
component-final-f932806bc1f23ced20e23329,2,2
component-final-f932806bc1f23ced20e23329,3,3
component-final-f932806bc1f23ced20e23329,4,4
component-final-f932806bc1f23ced20e23329,5,5
component-final-f932806bc1f23ced20e23329,6,6
component-final-f932806bc1f23ced20e23329,7,6
component-final-f932806bc1f23ced20e23329,8,7
component-final-f932806bc1f23ced20e23329,9,7
component-final-f932806bc1f23ced20e23329,10,8
component-final-f932806bc1f23ced20e23329,11,9
component-final-f932806bc1f23ced20e23329,12,10
component-final-f932806bc1f23ced20e23329,13,11
component-final-f932806bc1f23ced20e23329,14,12
component-final-f932806bc1f23ced20e23329,15,12
component-final-f932806bc1f23ced20e23329,16,12
component-final-f932806bc1f23ced20e23329,17,13
component-final-f932806bc1f23ced20e23329,18,14
component-final-f932806bc1f23ced20e23329,19,15
component-final-f932806bc1f23ced20e23329,20,15
component-final-f932806bc1f23ced20e23329,21,16
component-final-f932806bc1f23ced20e23329,22,17
component-final-f932806bc1f23ced20e23329,23,17
component-final-f932806bc1f23ced20e23329,24,18
component-final-f932806bc1f23ced20e23329,25,18
component-final-f932806bc1f23ced20e23329,26,18
component-final-f932806bc1f23ced20e23329,27,19
component-final-f932806bc1f23ced20e23329,28,19
component-final-f932806bc1f23ced20e23329,29,20
component-final-f932806bc1f23ced20e23329,30,21
component-final-6b594c7590a07c4785333527,0,0
component-final-6b594c7590a07c4785333527,1,0
component-final-6b594c7590a07c4785333527,2,0
component-final-6b594c7590a07c4785333527,3,0
component-final-6b594c7590a07c4785333527,4,0
component-final-6b594c7590a07c4785333527,5,0
component-final-6b594c7590a07c4785333527,6,0
component-final-6b594c7590a07c4785333527,7,0
component-final-6b594c7590a07c4785333527,8,0
component-final-6b594c7590a07c4785333527,9,0
component-final-6b594c7590a07c4785333527,10,0
component-final-6b594c7590a07c4785333527,11,0
component-final-6b594c7590a07c4785333527,12,0
component-final-6b594c7590a07c4785333527,13,0
component-final-6b594c7590a07c4785333527,14,0
component-final-6b594c7590a07c4785333527,15,0
component-final-6b594c7590a07c4785333527,16,0
component-final-6b594c7590a07c4785333527,17,0
component-final-6b594c7590a07c4785333527,18,0
component-final-6b594c7590a07c4785333527,19,0
component-final-6b594c7590a07c4785333527,20,0
component-final-6b594c7590a07c4785333527,21,0
component-final-6b594c7590a07c4785333527,22,0
component-final-6b594c7590a07c4785333527,23,0
component-final-6b594c7590a07c4785333527,24,0
component-final-6b594c7590a07c4785333527,25,0
component-final-6b594c7590a07c4785333527,26,0
component-final-6b594c7590a07c4785333527,27,0
component-final-6b594c7590a07c4785333527,28,0
component-final-6b594c7590a07c4785333527,29,0
component-final-6b594c7590a07c4785333527,30,0
component-final-d21c0b3a1bbacccb096910d2,0,0
component-final-d21c0b3a1bbacccb096910d2,1,0
component-final-d21c0b3a1bbacccb096910d2,2,0
component-final-d21c0b3a1bbacccb096910d2,3,0
component-final-d21c0b3a1bbacccb096910d2,4,0
component-final-d21c0b3a1bbacccb096910d2,5,0
component-final-d21c0b3a1bbacccb096910d2,6,0
component-final-d21c0b3a1bbacccb096910d2,7,0
component-final-d21c0b3a1bbacccb096910d2,8,0
component-final-d21c0b3a1bbacccb096910d2,9,0
component-final-d21c0b3a1bbacccb096910d2,10,0
component-final-d21c0b3a1bbacccb096910d2,11,0
component-final-d21c0b3a1bbacccb096910d2,12,0
component-final-d21c0b3a1bbacccb096910d2,13,0
component-final-d21c0b3a1bbacccb096910d2,14,0
component-final-d21c0b3a1bbacccb096910d2,15,0
component-final-d21c0b3a1bbacccb096910d2,16,0
component-final-d21c0b3a1bbacccb096910d2,17,0
component-final-d21c0b3a1bbacccb096910d2,18,0
component-final-d21c0b3a1bbacccb096910d2,19,0
component-final-d21c0b3a1bbacccb096910d2,20,0
component-final-d21c0b3a1bbacccb096910d2,21,0
component-final-d21c0b3a1bbacccb096910d2,22,0
component-final-d21c0b3a1bbacccb096910d2,23,0
component-final-d21c0b3a1bbacccb096910d2,24,0
component-final-d21c0b3a1bbacccb096910d2,25,0
component-final-d21c0b3a1bbacccb096910d2,26,0
component-final-d21c0b3a1bbacccb096910d2,27,0
component-final-d21c0b3a1bbacccb096910d2,28,0
component-final-d21c0b3a1bbacccb096910d2,29,0
component-final-d21c0b3a1bbacccb096910d2,30,0
component-final-8a953376222e7c80674c9363,0,0
component-final-8a953376222e7c80674c9363,1,0
component-final-8a953376222e7c80674c9363,2,0
component-final-8a953376222e7c80674c9363,3,0
component-final-8a953376222e7c80674c9363,4,0
component-final-8a953376222e7c80674c9363,5,0
component-final-8a953376222e7c80674c9363,6,0
component-final-8a953376222e7c80674c9363,7,0
component-final-8a953376222e7c80674c9363,8,0
component-final-8a953376222e7c80674c9363,9,0
component-final-8a953376222e7c80674c9363,10,0
component-final-8a953376222e7c80674c9363,11,0
component-final-8a953376222e7c80674c9363,12,0
component-final-8a953376222e7c80674c9363,13,0
component-final-8a953376222e7c80674c9363,14,0
component-final-8a953376222e7c80674c9363,15,0
component-final-8a953376222e7c80674c9363,16,0
component-final-8a953376222e7c80674c9363,17,0
component-final-8a953376222e7c80674c9363,18,0
component-final-8a953376222e7c80674c9363,19,0
component-final-8a953376222e7c80674c9363,20,0
component-final-8a953376222e7c80674c9363,21,0
component-final-8a953376222e7c80674c9363,22,0
component-final-8a953376222e7c80674c9363,23,0
component-final-8a953376222e7c80674c9363,24,0
component-final-8a953376222e7c80674c9363,25,0
component-final-8a953376222e7c80674c9363,26,0
component-final-8a953376222e7c80674c9363,27,0
component-final-8a953376222e7c80674c9363,28,0
component-final-8a953376222e7c80674c9363,29,0
component-final-8a953376222e7c80674c9363,30,0
component-final-a1d6f8768d32c08eae8ef859,0,0
component-final-a1d6f8768d32c08eae8ef859,1,0
component-final-a1d6f8768d32c08eae8ef859,2,0
component-final-a1d6f8768d32c08eae8ef859,3,0
component-final-a1d6f8768d32c08eae8ef859,4,0
component-final-a1d6f8768d32c08eae8ef859,5,0
component-final-a1d6f8768d32c08eae8ef859,6,0
component-final-a1d6f8768d32c08eae8ef859,7,0
component-final-a1d6f8768d32c08eae8ef859,8,0
component-final-a1d6f8768d32c08eae8ef859,9,0
component-final-a1d6f8768d32c08eae8ef859,10,0
component-final-a1d6f8768d32c08eae8ef859,11,0
component-final-a1d6f8768d32c08eae8ef859,12,0
component-final-a1d6f8768d32c08eae8ef859,13,0
component-final-a1d6f8768d32c08eae8ef859,14,0
component-final-a1d6f8768d32c08eae8ef859,15,0
component-final-a1d6f8768d32c08eae8ef859,16,0
component-final-a1d6f8768d32c08eae8ef859,17,0
component-final-a1d6f8768d32c08eae8ef859,18,0
component-final-a1d6f8768d32c08eae8ef859,19,0
component-final-a1d6f8768d32c08eae8ef859,20,0
component-final-a1d6f8768d32c08eae8ef859,21,0
component-final-a1d6f8768d32c08eae8ef859,22,0
component-final-a1d6f8768d32c08eae8ef859,23,0
component-final-a1d6f8768d32c08eae8ef859,24,0
component-final-a1d6f8768d32c08eae8ef859,25,0
component-final-a1d6f8768d32c08eae8ef859,26,0
component-final-a1d6f8768d32c08eae8ef859,27,0
component-final-a1d6f8768d32c08eae8ef859,28,0
component-final-a1d6f8768d32c08eae8ef859,29,0
component-final-a1d6f8768d32c08eae8ef859,30,0
component-final-2c9f3dc1268ade034f5f985b,0,0
component-final-2c9f3dc1268ade034f5f985b,1,0
component-final-2c9f3dc1268ade034f5f985b,2,0
component-final-2c9f3dc1268ade034f5f985b,3,0
component-final-2c9f3dc1268ade034f5f985b,4,0
component-final-2c9f3dc1268ade034f5f985b,5,0
component-final-2c9f3dc1268ade034f5f985b,6,0
component-final-2c9f3dc1268ade034f5f985b,7,0
component-final-2c9f3dc1268ade034f5f985b,8,0
component-final-2c9f3dc1268ade034f5f985b,9,0
component-final-2c9f3dc1268ade034f5f985b,10,0
component-final-2c9f3dc1268ade034f5f985b,11,0
component-final-2c9f3dc1268ade034f5f985b,12,0
component-final-2c9f3dc1268ade034f5f985b,13,0
component-final-2c9f3dc1268ade034f5f985b,14,0
component-final-2c9f3dc1268ade034f5f985b,15,0
component-final-2c9f3dc1268ade034f5f985b,16,0
component-final-2c9f3dc1268ade034f5f985b,17,0
component-final-2c9f3dc1268ade034f5f985b,18,0
component-final-2c9f3dc1268ade034f5f985b,19,0
component-final-2c9f3dc1268ade034f5f985b,20,0
component-final-2c9f3dc1268ade034f5f985b,21,0
component-final-2c9f3dc1268ade034f5f985b,22,0
component-final-2c9f3dc1268ade034f5f985b,23,0
component-final-2c9f3dc1268ade034f5f985b,24,0
component-final-2c9f3dc1268ade034f5f985b,25,0
component-final-2c9f3dc1268ade034f5f985b,26,0
component-final-2c9f3dc1268ade034f5f985b,27,0
component-final-2c9f3dc1268ade034f5f985b,28,0
component-final-2c9f3dc1268ade034f5f985b,29,0
component-final-2c9f3dc1268ade034f5f985b,30,0
component-final-018a931d7f831eec534bbf47,0,0
component-final-018a931d7f831eec534bbf47,1,1
component-final-018a931d7f831eec534bbf47,2,1
component-final-018a931d7f831eec534bbf47,3,1
component-final-018a931d7f831eec534bbf47,4,2
component-final-018a931d7f831eec534bbf47,5,2
component-final-018a931d7f831eec534bbf47,6,2
component-final-018a931d7f831eec534bbf47,7,2
component-final-018a931d7f831eec534bbf47,8,2
component-final-018a931d7f831eec534bbf47,9,2
component-final-018a931d7f831eec534bbf47,10,2
component-final-018a931d7f831eec534bbf47,11,2
component-final-018a931d7f831eec534bbf47,12,2
component-final-018a931d7f831eec534bbf47,13,2
component-final-018a931d7f831eec534bbf47,14,2
component-final-018a931d7f831eec534bbf47,15,2
component-final-018a931d7f831eec534bbf47,16,2
component-final-018a931d7f831eec534bbf47,17,2
component-final-018a931d7f831eec534bbf47,18,3
component-final-018a931d7f831eec534bbf47,19,3
component-final-018a931d7f831eec534bbf47,20,3
component-final-018a931d7f831eec534bbf47,21,3
component-final-018a931d7f831eec534bbf47,22,3
component-final-018a931d7f831eec534bbf47,23,3
component-final-018a931d7f831eec534bbf47,24,3
component-final-018a931d7f831eec534bbf47,25,3
component-final-018a931d7f831eec534bbf47,26,3
component-final-018a931d7f831eec534bbf47,27,3
component-final-018a931d7f831eec534bbf47,28,3
component-final-018a931d7f831eec534bbf47,29,3
component-final-018a931d7f831eec534bbf47,30,3
component-final-cc7a1a07f16f8dff6fddf52d,0,0
component-final-cc7a1a07f16f8dff6fddf52d,1,0
component-final-cc7a1a07f16f8dff6fddf52d,2,0
component-final-cc7a1a07f16f8dff6fddf52d,3,0
component-final-cc7a1a07f16f8dff6fddf52d,4,0
component-final-cc7a1a07f16f8dff6fddf52d,5,0
component-final-cc7a1a07f16f8dff6fddf52d,6,0
component-final-cc7a1a07f16f8dff6fddf52d,7,0
component-final-cc7a1a07f16f8dff6fddf52d,8,0
component-final-cc7a1a07f16f8dff6fddf52d,9,0
component-final-cc7a1a07f16f8dff6fddf52d,10,0
component-final-cc7a1a07f16f8dff6fddf52d,11,0
component-final-cc7a1a07f16f8dff6fddf52d,12,0
component-final-cc7a1a07f16f8dff6fddf52d,13,0
component-final-cc7a1a07f16f8dff6fddf52d,14,0
component-final-cc7a1a07f16f8dff6fddf52d,15,0
component-final-cc7a1a07f16f8dff6fddf52d,16,0
component-final-cc7a1a07f16f8dff6fddf52d,17,0
component-final-cc7a1a07f16f8dff6fddf52d,18,0
component-final-cc7a1a07f16f8dff6fddf52d,19,0
component-final-cc7a1a07f16f8dff6fddf52d,20,0
component-final-cc7a1a07f16f8dff6fddf52d,21,0
component-final-cc7a1a07f16f8dff6fddf52d,22,0
component-final-cc7a1a07f16f8dff6fddf52d,23,0
component-final-cc7a1a07f16f8dff6fddf52d,24,0
component-final-cc7a1a07f16f8dff6fddf52d,25,0
component-final-cc7a1a07f16f8dff6fddf52d,26,0
component-final-cc7a1a07f16f8dff6fddf52d,27,0
component-final-cc7a1a07f16f8dff6fddf52d,28,0
component-final-cc7a1a07f16f8dff6fddf52d,29,0
component-final-cc7a1a07f16f8dff6fddf52d,30,0
component-final-4e451d0bdff51d82f963c7bf,0,0
component-final-4e451d0bdff51d82f963c7bf,1,0
component-final-4e451d0bdff51d82f963c7bf,2,0
component-final-4e451d0bdff51d82f963c7bf,3,0
component-final-4e451d0bdff51d82f963c7bf,4,0
component-final-4e451d0bdff51d82f963c7bf,5,0
component-final-4e451d0bdff51d82f963c7bf,6,0
component-final-4e451d0bdff51d82f963c7bf,7,0
component-final-4e451d0bdff51d82f963c7bf,8,0
component-final-4e451d0bdff51d82f963c7bf,9,0
component-final-4e451d0bdff51d82f963c7bf,10,0
component-final-4e451d0bdff51d82f963c7bf,11,0
component-final-4e451d0bdff51d82f963c7bf,12,0
component-final-4e451d0bdff51d82f963c7bf,13,0
component-final-4e451d0bdff51d82f963c7bf,14,0
component-final-4e451d0bdff51d82f963c7bf,15,1
component-final-4e451d0bdff51d82f963c7bf,16,1
component-final-4e451d0bdff51d82f963c7bf,17,1
component-final-4e451d0bdff51d82f963c7bf,18,1
component-final-4e451d0bdff51d82f963c7bf,19,1
component-final-4e451d0bdff51d82f963c7bf,20,1
component-final-4e451d0bdff51d82f963c7bf,21,1
component-final-4e451d0bdff51d82f963c7bf,22,1
component-final-4e451d0bdff51d82f963c7bf,23,2
component-final-4e451d0bdff51d82f963c7bf,24,2
component-final-4e451d0bdff51d82f963c7bf,25,2
component-final-4e451d0bdff51d82f963c7bf,26,2
component-final-4e451d0bdff51d82f963c7bf,27,2
component-final-4e451d0bdff51d82f963c7bf,28,2
component-final-4e451d0bdff51d82f963c7bf,29,2
component-final-4e451d0bdff51d82f963c7bf,30,2
component-final-66fdff51bad1a3515d80d696,0,0
component-final-66fdff51bad1a3515d80d696,1,0
component-final-66fdff51bad1a3515d80d696,2,0
component-final-66fdff51bad1a3515d80d696,3,0
component-final-66fdff51bad1a3515d80d696,4,0
component-final-66fdff51bad1a3515d80d696,5,0
component-final-66fdff51bad1a3515d80d696,6,0
component-final-66fdff51bad1a3515d80d696,7,0
component-final-66fdff51bad1a3515d80d696,8,0
component-final-66fdff51bad1a3515d80d696,9,0
component-final-66fdff51bad1a3515d80d696,10,0
component-final-66fdff51bad1a3515d80d696,11,0
component-final-66fdff51bad1a3515d80d696,12,0
component-final-66fdff51bad1a3515d80d696,13,0
component-final-66fdff51bad1a3515d80d696,14,0
component-final-66fdff51bad1a3515d80d696,15,0
component-final-66fdff51bad1a3515d80d696,16,0
component-final-66fdff51bad1a3515d80d696,17,0
component-final-66fdff51bad1a3515d80d696,18,0
component-final-66fdff51bad1a3515d80d696,19,0
component-final-66fdff51bad1a3515d80d696,20,0
component-final-66fdff51bad1a3515d80d696,21,0
component-final-66fdff51bad1a3515d80d696,22,0
component-final-66fdff51bad1a3515d80d696,23,0
component-final-66fdff51bad1a3515d80d696,24,0
component-final-66fdff51bad1a3515d80d696,25,0
component-final-66fdff51bad1a3515d80d696,26,0
component-final-66fdff51bad1a3515d80d696,27,0
component-final-66fdff51bad1a3515d80d696,28,0
component-final-66fdff51bad1a3515d80d696,29,0
component-final-66fdff51bad1a3515d80d696,30,0
component-final-ae89c3d99fb34f9a361fe0c0,0,0
component-final-ae89c3d99fb34f9a361fe0c0,1,0
component-final-ae89c3d99fb34f9a361fe0c0,2,0
component-final-ae89c3d99fb34f9a361fe0c0,3,0
component-final-ae89c3d99fb34f9a361fe0c0,4,0
component-final-ae89c3d99fb34f9a361fe0c0,5,0
component-final-ae89c3d99fb34f9a361fe0c0,6,0
component-final-ae89c3d99fb34f9a361fe0c0,7,0
component-final-ae89c3d99fb34f9a361fe0c0,8,0
component-final-ae89c3d99fb34f9a361fe0c0,9,0
component-final-ae89c3d99fb34f9a361fe0c0,10,0
component-final-ae89c3d99fb34f9a361fe0c0,11,0
component-final-ae89c3d99fb34f9a361fe0c0,12,0
component-final-ae89c3d99fb34f9a361fe0c0,13,0
component-final-ae89c3d99fb34f9a361fe0c0,14,0
component-final-ae89c3d99fb34f9a361fe0c0,15,0
component-final-ae89c3d99fb34f9a361fe0c0,16,0
component-final-ae89c3d99fb34f9a361fe0c0,17,0
component-final-ae89c3d99fb34f9a361fe0c0,18,0
component-final-ae89c3d99fb34f9a361fe0c0,19,0
component-final-ae89c3d99fb34f9a361fe0c0,20,0
component-final-ae89c3d99fb34f9a361fe0c0,21,0
component-final-ae89c3d99fb34f9a361fe0c0,22,0
component-final-ae89c3d99fb34f9a361fe0c0,23,0
component-final-ae89c3d99fb34f9a361fe0c0,24,0
component-final-ae89c3d99fb34f9a361fe0c0,25,0
component-final-ae89c3d99fb34f9a361fe0c0,26,0
component-final-ae89c3d99fb34f9a361fe0c0,27,0
component-final-ae89c3d99fb34f9a361fe0c0,28,0
component-final-ae89c3d99fb34f9a361fe0c0,29,0
component-final-ae89c3d99fb34f9a361fe0c0,30,0
component-final-b8ed82b44f6dd3dc956b12d3,0,0
component-final-b8ed82b44f6dd3dc956b12d3,1,1
component-final-b8ed82b44f6dd3dc956b12d3,2,2
component-final-b8ed82b44f6dd3dc956b12d3,3,2
component-final-b8ed82b44f6dd3dc956b12d3,4,3
component-final-b8ed82b44f6dd3dc956b12d3,5,3
component-final-b8ed82b44f6dd3dc956b12d3,6,4
component-final-b8ed82b44f6dd3dc956b12d3,7,5
component-final-b8ed82b44f6dd3dc956b12d3,8,6
component-final-b8ed82b44f6dd3dc956b12d3,9,6
component-final-b8ed82b44f6dd3dc956b12d3,10,7
component-final-b8ed82b44f6dd3dc956b12d3,11,8
component-final-b8ed82b44f6dd3dc956b12d3,12,8
component-final-b8ed82b44f6dd3dc956b12d3,13,8
component-final-b8ed82b44f6dd3dc956b12d3,14,9
component-final-b8ed82b44f6dd3dc956b12d3,15,9
component-final-b8ed82b44f6dd3dc956b12d3,16,9
component-final-b8ed82b44f6dd3dc956b12d3,17,10
component-final-b8ed82b44f6dd3dc956b12d3,18,11
component-final-b8ed82b44f6dd3dc956b12d3,19,11
component-final-b8ed82b44f6dd3dc956b12d3,20,11
component-final-b8ed82b44f6dd3dc956b12d3,21,12
component-final-b8ed82b44f6dd3dc956b12d3,22,13
component-final-b8ed82b44f6dd3dc956b12d3,23,14
component-final-b8ed82b44f6dd3dc956b12d3,24,14
component-final-b8ed82b44f6dd3dc956b12d3,25,15
component-final-b8ed82b44f6dd3dc956b12d3,26,15
component-final-b8ed82b44f6dd3dc956b12d3,27,16
component-final-b8ed82b44f6dd3dc956b12d3,28,16
component-final-b8ed82b44f6dd3dc956b12d3,29,16
component-final-b8ed82b44f6dd3dc956b12d3,30,16
component-final-7a5964a0e117dcd07a206cc3,0,0
component-final-7a5964a0e117dcd07a206cc3,1,0
component-final-7a5964a0e117dcd07a206cc3,2,0
component-final-7a5964a0e117dcd07a206cc3,3,0
component-final-7a5964a0e117dcd07a206cc3,4,0
component-final-7a5964a0e117dcd07a206cc3,5,0
component-final-7a5964a0e117dcd07a206cc3,6,0
component-final-7a5964a0e117dcd07a206cc3,7,0
component-final-7a5964a0e117dcd07a206cc3,8,0
component-final-7a5964a0e117dcd07a206cc3,9,0
component-final-7a5964a0e117dcd07a206cc3,10,0
component-final-7a5964a0e117dcd07a206cc3,11,0
component-final-7a5964a0e117dcd07a206cc3,12,1
component-final-7a5964a0e117dcd07a206cc3,13,1
component-final-7a5964a0e117dcd07a206cc3,14,2
component-final-7a5964a0e117dcd07a206cc3,15,3
component-final-7a5964a0e117dcd07a206cc3,16,4
component-final-7a5964a0e117dcd07a206cc3,17,4
component-final-7a5964a0e117dcd07a206cc3,18,4
component-final-7a5964a0e117dcd07a206cc3,19,4
component-final-7a5964a0e117dcd07a206cc3,20,4
component-final-7a5964a0e117dcd07a206cc3,21,4
component-final-7a5964a0e117dcd07a206cc3,22,4
component-final-7a5964a0e117dcd07a206cc3,23,4
component-final-7a5964a0e117dcd07a206cc3,24,4
component-final-7a5964a0e117dcd07a206cc3,25,4
component-final-7a5964a0e117dcd07a206cc3,26,4
component-final-7a5964a0e117dcd07a206cc3,27,4
component-final-7a5964a0e117dcd07a206cc3,28,4
component-final-7a5964a0e117dcd07a206cc3,29,4
component-final-7a5964a0e117dcd07a206cc3,30,4
component-final-7a5964a0e117dcd07a206cc3,31,4
component-final-7a5964a0e117dcd07a206cc3,32,4
component-final-7a5964a0e117dcd07a206cc3,33,4
component-final-7a5964a0e117dcd07a206cc3,34,4
component-final-7a5964a0e117dcd07a206cc3,35,4
component-final-7a5964a0e117dcd07a206cc3,36,4
component-final-7a5964a0e117dcd07a206cc3,37,4
component-final-7a5964a0e117dcd07a206cc3,38,4
component-final-7a5964a0e117dcd07a206cc3,39,4
component-final-7a5964a0e117dcd07a206cc3,40,4
component-final-7a5964a0e117dcd07a206cc3,41,4
component-final-7a5964a0e117dcd07a206cc3,42,4
component-final-7a5964a0e117dcd07a206cc3,43,4
component-final-7a5964a0e117dcd07a206cc3,44,4
component-final-7a5964a0e117dcd07a206cc3,45,4
component-final-7a5964a0e117dcd07a206cc3,46,4
component-final-7a5964a0e117dcd07a206cc3,47,4
component-final-7a5964a0e117dcd07a206cc3,48,4
component-final-7a5964a0e117dcd07a206cc3,49,4
component-final-7a5964a0e117dcd07a206cc3,50,4
component-final-028f03ed00428701be3d4a68,0,0
component-final-028f03ed00428701be3d4a68,1,1
component-final-028f03ed00428701be3d4a68,2,1
component-final-028f03ed00428701be3d4a68,3,1
component-final-028f03ed00428701be3d4a68,4,1
component-final-028f03ed00428701be3d4a68,5,1
component-final-028f03ed00428701be3d4a68,6,1
component-final-028f03ed00428701be3d4a68,7,1
component-final-028f03ed00428701be3d4a68,8,1
component-final-028f03ed00428701be3d4a68,9,2
component-final-028f03ed00428701be3d4a68,10,2
component-final-028f03ed00428701be3d4a68,11,3
component-final-028f03ed00428701be3d4a68,12,3
component-final-028f03ed00428701be3d4a68,13,4
component-final-028f03ed00428701be3d4a68,14,4
component-final-028f03ed00428701be3d4a68,15,4
component-final-028f03ed00428701be3d4a68,16,4
component-final-028f03ed00428701be3d4a68,17,4
component-final-028f03ed00428701be3d4a68,18,4
component-final-028f03ed00428701be3d4a68,19,4
component-final-028f03ed00428701be3d4a68,20,4
component-final-028f03ed00428701be3d4a68,21,5
component-final-028f03ed00428701be3d4a68,22,5
component-final-028f03ed00428701be3d4a68,23,5
component-final-028f03ed00428701be3d4a68,24,5
component-final-028f03ed00428701be3d4a68,25,5
component-final-028f03ed00428701be3d4a68,26,5
component-final-028f03ed00428701be3d4a68,27,5
component-final-028f03ed00428701be3d4a68,28,6
component-final-028f03ed00428701be3d4a68,29,7
component-final-028f03ed00428701be3d4a68,30,8
component-final-028f03ed00428701be3d4a68,31,8
component-final-028f03ed00428701be3d4a68,32,9
component-final-028f03ed00428701be3d4a68,33,9
component-final-028f03ed00428701be3d4a68,34,10
component-final-028f03ed00428701be3d4a68,35,10
component-final-028f03ed00428701be3d4a68,36,10
component-final-028f03ed00428701be3d4a68,37,11
component-final-028f03ed00428701be3d4a68,38,11
component-final-028f03ed00428701be3d4a68,39,12
component-final-028f03ed00428701be3d4a68,40,12
component-final-028f03ed00428701be3d4a68,41,12
component-final-028f03ed00428701be3d4a68,42,12
component-final-028f03ed00428701be3d4a68,43,13
component-final-028f03ed00428701be3d4a68,44,13
component-final-028f03ed00428701be3d4a68,45,13
component-final-028f03ed00428701be3d4a68,46,13
component-final-028f03ed00428701be3d4a68,47,14
component-final-028f03ed00428701be3d4a68,48,14
component-final-028f03ed00428701be3d4a68,49,14
component-final-028f03ed00428701be3d4a68,50,14
component-final-ec9651407c85e64a00380e59,0,0
component-final-ec9651407c85e64a00380e59,1,0
component-final-ec9651407c85e64a00380e59,2,0
component-final-ec9651407c85e64a00380e59,3,0
component-final-ec9651407c85e64a00380e59,4,1
component-final-ec9651407c85e64a00380e59,5,1
component-final-ec9651407c85e64a00380e59,6,1
component-final-ec9651407c85e64a00380e59,7,1
component-final-ec9651407c85e64a00380e59,8,1
component-final-ec9651407c85e64a00380e59,9,1
component-final-ec9651407c85e64a00380e59,10,1
component-final-ec9651407c85e64a00380e59,11,1
component-final-ec9651407c85e64a00380e59,12,1
component-final-ec9651407c85e64a00380e59,13,1
component-final-ec9651407c85e64a00380e59,14,1
component-final-ec9651407c85e64a00380e59,15,1
component-final-ec9651407c85e64a00380e59,16,1
component-final-ec9651407c85e64a00380e59,17,1
component-final-ec9651407c85e64a00380e59,18,1
component-final-ec9651407c85e64a00380e59,19,2
component-final-ec9651407c85e64a00380e59,20,2
component-final-ec9651407c85e64a00380e59,21,2
component-final-ec9651407c85e64a00380e59,22,2
component-final-ec9651407c85e64a00380e59,23,2
component-final-ec9651407c85e64a00380e59,24,3
component-final-ec9651407c85e64a00380e59,25,3
component-final-ec9651407c85e64a00380e59,26,4
component-final-ec9651407c85e64a00380e59,27,4
component-final-ec9651407c85e64a00380e59,28,5
component-final-ec9651407c85e64a00380e59,29,5
component-final-ec9651407c85e64a00380e59,30,5
component-final-ec9651407c85e64a00380e59,31,5
component-final-ec9651407c85e64a00380e59,32,5
component-final-ec9651407c85e64a00380e59,33,5
component-final-ec9651407c85e64a00380e59,34,6
component-final-ec9651407c85e64a00380e59,35,6
component-final-ec9651407c85e64a00380e59,36,7
component-final-ec9651407c85e64a00380e59,37,7
component-final-ec9651407c85e64a00380e59,38,7
component-final-ec9651407c85e64a00380e59,39,7
component-final-ec9651407c85e64a00380e59,40,7
component-final-ec9651407c85e64a00380e59,41,8
component-final-ec9651407c85e64a00380e59,42,8
component-final-ec9651407c85e64a00380e59,43,8
component-final-ec9651407c85e64a00380e59,44,8
component-final-ec9651407c85e64a00380e59,45,8
component-final-ec9651407c85e64a00380e59,46,8
component-final-ec9651407c85e64a00380e59,47,8
component-final-ec9651407c85e64a00380e59,48,8
component-final-ec9651407c85e64a00380e59,49,8
component-final-ec9651407c85e64a00380e59,50,9
component-final-7e2cfea812e288b279fd40df,0,0
component-final-7e2cfea812e288b279fd40df,1,0
component-final-7e2cfea812e288b279fd40df,2,0
component-final-7e2cfea812e288b279fd40df,3,0
component-final-7e2cfea812e288b279fd40df,4,0
component-final-7e2cfea812e288b279fd40df,5,0
component-final-7e2cfea812e288b279fd40df,6,0
component-final-7e2cfea812e288b279fd40df,7,0
component-final-7e2cfea812e288b279fd40df,8,0
component-final-7e2cfea812e288b279fd40df,9,0
component-final-7e2cfea812e288b279fd40df,10,0
component-final-7e2cfea812e288b279fd40df,11,0
component-final-7e2cfea812e288b279fd40df,12,0
component-final-7e2cfea812e288b279fd40df,13,0
component-final-7e2cfea812e288b279fd40df,14,0
component-final-7e2cfea812e288b279fd40df,15,0
component-final-7e2cfea812e288b279fd40df,16,0
component-final-7e2cfea812e288b279fd40df,17,0
component-final-7e2cfea812e288b279fd40df,18,0
component-final-7e2cfea812e288b279fd40df,19,0
component-final-7e2cfea812e288b279fd40df,20,0
component-final-7e2cfea812e288b279fd40df,21,0
component-final-7e2cfea812e288b279fd40df,22,0
component-final-7e2cfea812e288b279fd40df,23,0
component-final-7e2cfea812e288b279fd40df,24,1
component-final-7e2cfea812e288b279fd40df,25,1
component-final-7e2cfea812e288b279fd40df,26,1
component-final-7e2cfea812e288b279fd40df,27,1
component-final-7e2cfea812e288b279fd40df,28,1
component-final-7e2cfea812e288b279fd40df,29,1
component-final-7e2cfea812e288b279fd40df,30,1
component-final-7e2cfea812e288b279fd40df,31,1
component-final-7e2cfea812e288b279fd40df,32,1
component-final-7e2cfea812e288b279fd40df,33,1
component-final-7e2cfea812e288b279fd40df,34,1
component-final-7e2cfea812e288b279fd40df,35,1
component-final-7e2cfea812e288b279fd40df,36,1
component-final-7e2cfea812e288b279fd40df,37,1
component-final-7e2cfea812e288b279fd40df,38,1
component-final-7e2cfea812e288b279fd40df,39,1
component-final-7e2cfea812e288b279fd40df,40,1
component-final-7e2cfea812e288b279fd40df,41,1
component-final-7e2cfea812e288b279fd40df,42,1
component-final-7e2cfea812e288b279fd40df,43,1
component-final-7e2cfea812e288b279fd40df,44,1
component-final-7e2cfea812e288b279fd40df,45,1
component-final-7e2cfea812e288b279fd40df,46,1
component-final-7e2cfea812e288b279fd40df,47,1
component-final-7e2cfea812e288b279fd40df,48,1
component-final-7e2cfea812e288b279fd40df,49,1
component-final-7e2cfea812e288b279fd40df,50,1
component-final-26903ccc619bcc62933c486d,0,0
component-final-26903ccc619bcc62933c486d,1,0
component-final-26903ccc619bcc62933c486d,2,0
component-final-26903ccc619bcc62933c486d,3,1
component-final-26903ccc619bcc62933c486d,4,1
component-final-26903ccc619bcc62933c486d,5,1
component-final-26903ccc619bcc62933c486d,6,1
component-final-26903ccc619bcc62933c486d,7,1
component-final-26903ccc619bcc62933c486d,8,1
component-final-26903ccc619bcc62933c486d,9,1
component-final-26903ccc619bcc62933c486d,10,1
component-final-26903ccc619bcc62933c486d,11,1
component-final-26903ccc619bcc62933c486d,12,1
component-final-26903ccc619bcc62933c486d,13,1
component-final-26903ccc619bcc62933c486d,14,1
component-final-26903ccc619bcc62933c486d,15,1
component-final-26903ccc619bcc62933c486d,16,1
component-final-26903ccc619bcc62933c486d,17,1
component-final-26903ccc619bcc62933c486d,18,1
component-final-26903ccc619bcc62933c486d,19,1
component-final-26903ccc619bcc62933c486d,20,1
component-final-26903ccc619bcc62933c486d,21,1
component-final-26903ccc619bcc62933c486d,22,2
component-final-26903ccc619bcc62933c486d,23,2
component-final-26903ccc619bcc62933c486d,24,2
component-final-26903ccc619bcc62933c486d,25,2
component-final-26903ccc619bcc62933c486d,26,2
component-final-26903ccc619bcc62933c486d,27,2
component-final-26903ccc619bcc62933c486d,28,2
component-final-26903ccc619bcc62933c486d,29,2
component-final-26903ccc619bcc62933c486d,30,2
component-final-26903ccc619bcc62933c486d,31,2
component-final-26903ccc619bcc62933c486d,32,3
component-final-26903ccc619bcc62933c486d,33,3
component-final-26903ccc619bcc62933c486d,34,3
component-final-26903ccc619bcc62933c486d,35,3
component-final-26903ccc619bcc62933c486d,36,3
component-final-26903ccc619bcc62933c486d,37,3
component-final-26903ccc619bcc62933c486d,38,3
component-final-26903ccc619bcc62933c486d,39,3
component-final-26903ccc619bcc62933c486d,40,3
component-final-26903ccc619bcc62933c486d,41,3
component-final-26903ccc619bcc62933c486d,42,3
component-final-26903ccc619bcc62933c486d,43,3
component-final-26903ccc619bcc62933c486d,44,3
component-final-26903ccc619bcc62933c486d,45,3
component-final-26903ccc619bcc62933c486d,46,3
component-final-26903ccc619bcc62933c486d,47,3
component-final-26903ccc619bcc62933c486d,48,3
component-final-26903ccc619bcc62933c486d,49,3
component-final-26903ccc619bcc62933c486d,50,3
component-final-9140cd69af9759f2b30ef340,0,0
component-final-9140cd69af9759f2b30ef340,1,1
component-final-9140cd69af9759f2b30ef340,2,1
component-final-9140cd69af9759f2b30ef340,3,2
component-final-9140cd69af9759f2b30ef340,4,2
component-final-9140cd69af9759f2b30ef340,5,2
component-final-9140cd69af9759f2b30ef340,6,2
component-final-9140cd69af9759f2b30ef340,7,3
component-final-9140cd69af9759f2b30ef340,8,3
component-final-9140cd69af9759f2b30ef340,9,4
component-final-9140cd69af9759f2b30ef340,10,4
component-final-9140cd69af9759f2b30ef340,11,4
component-final-9140cd69af9759f2b30ef340,12,5
component-final-9140cd69af9759f2b30ef340,13,5
component-final-9140cd69af9759f2b30ef340,14,5
component-final-9140cd69af9759f2b30ef340,15,5
component-final-9140cd69af9759f2b30ef340,16,6
component-final-9140cd69af9759f2b30ef340,17,6
component-final-9140cd69af9759f2b30ef340,18,6
component-final-9140cd69af9759f2b30ef340,19,6
component-final-9140cd69af9759f2b30ef340,20,6
component-final-9140cd69af9759f2b30ef340,21,6
component-final-9140cd69af9759f2b30ef340,22,6
component-final-9140cd69af9759f2b30ef340,23,6
component-final-9140cd69af9759f2b30ef340,24,7
component-final-9140cd69af9759f2b30ef340,25,8
component-final-9140cd69af9759f2b30ef340,26,8
component-final-9140cd69af9759f2b30ef340,27,8
component-final-9140cd69af9759f2b30ef340,28,9
component-final-9140cd69af9759f2b30ef340,29,9
component-final-9140cd69af9759f2b30ef340,30,9
component-final-9140cd69af9759f2b30ef340,31,10
component-final-9140cd69af9759f2b30ef340,32,10
component-final-9140cd69af9759f2b30ef340,33,10
component-final-9140cd69af9759f2b30ef340,34,10
component-final-9140cd69af9759f2b30ef340,35,10
component-final-9140cd69af9759f2b30ef340,36,10
component-final-9140cd69af9759f2b30ef340,37,11
component-final-9140cd69af9759f2b30ef340,38,12
component-final-9140cd69af9759f2b30ef340,39,12
component-final-9140cd69af9759f2b30ef340,40,12
component-final-9140cd69af9759f2b30ef340,41,12
component-final-9140cd69af9759f2b30ef340,42,13
component-final-9140cd69af9759f2b30ef340,43,13
component-final-9140cd69af9759f2b30ef340,44,13
component-final-9140cd69af9759f2b30ef340,45,13
component-final-9140cd69af9759f2b30ef340,46,13
component-final-9140cd69af9759f2b30ef340,47,13
component-final-9140cd69af9759f2b30ef340,48,14
component-final-9140cd69af9759f2b30ef340,49,14
component-final-9140cd69af9759f2b30ef340,50,15
component-final-e10d952bb47ed91dc60671d8,0,0
component-final-e10d952bb47ed91dc60671d8,1,0
component-final-e10d952bb47ed91dc60671d8,2,1
component-final-e10d952bb47ed91dc60671d8,3,1
component-final-e10d952bb47ed91dc60671d8,4,1
component-final-e10d952bb47ed91dc60671d8,5,2
component-final-e10d952bb47ed91dc60671d8,6,2
component-final-e10d952bb47ed91dc60671d8,7,3
component-final-e10d952bb47ed91dc60671d8,8,3
component-final-e10d952bb47ed91dc60671d8,9,3
component-final-e10d952bb47ed91dc60671d8,10,4
component-final-e10d952bb47ed91dc60671d8,11,4
component-final-e10d952bb47ed91dc60671d8,12,4
component-final-e10d952bb47ed91dc60671d8,13,4
component-final-e10d952bb47ed91dc60671d8,14,4
component-final-e10d952bb47ed91dc60671d8,15,4
component-final-e10d952bb47ed91dc60671d8,16,4
component-final-e10d952bb47ed91dc60671d8,17,4
component-final-e10d952bb47ed91dc60671d8,18,4
component-final-e10d952bb47ed91dc60671d8,19,4
component-final-e10d952bb47ed91dc60671d8,20,4
component-final-e10d952bb47ed91dc60671d8,21,5
component-final-e10d952bb47ed91dc60671d8,22,5
component-final-e10d952bb47ed91dc60671d8,23,5
component-final-e10d952bb47ed91dc60671d8,24,5
component-final-e10d952bb47ed91dc60671d8,25,5
component-final-e10d952bb47ed91dc60671d8,26,6
component-final-e10d952bb47ed91dc60671d8,27,6
component-final-e10d952bb47ed91dc60671d8,28,6
component-final-e10d952bb47ed91dc60671d8,29,6
component-final-e10d952bb47ed91dc60671d8,30,6
component-final-e10d952bb47ed91dc60671d8,31,6
component-final-e10d952bb47ed91dc60671d8,32,6
component-final-e10d952bb47ed91dc60671d8,33,6
component-final-e10d952bb47ed91dc60671d8,34,6
component-final-e10d952bb47ed91dc60671d8,35,6
component-final-e10d952bb47ed91dc60671d8,36,6
component-final-e10d952bb47ed91dc60671d8,37,6
component-final-e10d952bb47ed91dc60671d8,38,6
component-final-e10d952bb47ed91dc60671d8,39,6
component-final-e10d952bb47ed91dc60671d8,40,6
component-final-e10d952bb47ed91dc60671d8,41,7
component-final-e10d952bb47ed91dc60671d8,42,7
component-final-e10d952bb47ed91dc60671d8,43,7
component-final-e10d952bb47ed91dc60671d8,44,7
component-final-e10d952bb47ed91dc60671d8,45,7
component-final-e10d952bb47ed91dc60671d8,46,7
component-final-e10d952bb47ed91dc60671d8,47,7
component-final-e10d952bb47ed91dc60671d8,48,7
component-final-e10d952bb47ed91dc60671d8,49,7
component-final-e10d952bb47ed91dc60671d8,50,8
component-final-0cbbef73aa240f0562db64f3,0,0
component-final-0cbbef73aa240f0562db64f3,1,1
component-final-0cbbef73aa240f0562db64f3,2,1
component-final-0cbbef73aa240f0562db64f3,3,2
component-final-0cbbef73aa240f0562db64f3,4,3
component-final-0cbbef73aa240f0562db64f3,5,4
component-final-0cbbef73aa240f0562db64f3,6,4
component-final-0cbbef73aa240f0562db64f3,7,4
component-final-0cbbef73aa240f0562db64f3,8,4
component-final-0cbbef73aa240f0562db64f3,9,4
component-final-0cbbef73aa240f0562db64f3,10,4
component-final-0cbbef73aa240f0562db64f3,11,4
component-final-0cbbef73aa240f0562db64f3,12,4
component-final-0cbbef73aa240f0562db64f3,13,4
component-final-0cbbef73aa240f0562db64f3,14,4
component-final-0cbbef73aa240f0562db64f3,15,4
component-final-0cbbef73aa240f0562db64f3,16,5
component-final-0cbbef73aa240f0562db64f3,17,5
component-final-0cbbef73aa240f0562db64f3,18,5
component-final-0cbbef73aa240f0562db64f3,19,5
component-final-0cbbef73aa240f0562db64f3,20,5
component-final-0cbbef73aa240f0562db64f3,21,5
component-final-0cbbef73aa240f0562db64f3,22,5
component-final-0cbbef73aa240f0562db64f3,23,5
component-final-0cbbef73aa240f0562db64f3,24,5
component-final-0cbbef73aa240f0562db64f3,25,5
component-final-0cbbef73aa240f0562db64f3,26,5
component-final-0cbbef73aa240f0562db64f3,27,6
component-final-0cbbef73aa240f0562db64f3,28,6
component-final-0cbbef73aa240f0562db64f3,29,6
component-final-0cbbef73aa240f0562db64f3,30,6
component-final-0cbbef73aa240f0562db64f3,31,7
component-final-0cbbef73aa240f0562db64f3,32,7
component-final-0cbbef73aa240f0562db64f3,33,7
component-final-0cbbef73aa240f0562db64f3,34,7
component-final-0cbbef73aa240f0562db64f3,35,7
component-final-0cbbef73aa240f0562db64f3,36,7
component-final-0cbbef73aa240f0562db64f3,37,7
component-final-0cbbef73aa240f0562db64f3,38,7
component-final-0cbbef73aa240f0562db64f3,39,8
component-final-0cbbef73aa240f0562db64f3,40,8
component-final-0cbbef73aa240f0562db64f3,41,9
component-final-0cbbef73aa240f0562db64f3,42,10
component-final-0cbbef73aa240f0562db64f3,43,10
component-final-0cbbef73aa240f0562db64f3,44,10
component-final-0cbbef73aa240f0562db64f3,45,10
component-final-0cbbef73aa240f0562db64f3,46,10
component-final-0cbbef73aa240f0562db64f3,47,10
component-final-0cbbef73aa240f0562db64f3,48,10
component-final-0cbbef73aa240f0562db64f3,49,10
component-final-0cbbef73aa240f0562db64f3,50,11
component-final-48580ce0c5131f07d6c4fed3,0,0
component-final-48580ce0c5131f07d6c4fed3,1,0
component-final-48580ce0c5131f07d6c4fed3,2,0
component-final-48580ce0c5131f07d6c4fed3,3,1
component-final-48580ce0c5131f07d6c4fed3,4,2
component-final-48580ce0c5131f07d6c4fed3,5,2
component-final-48580ce0c5131f07d6c4fed3,6,2
component-final-48580ce0c5131f07d6c4fed3,7,2
component-final-48580ce0c5131f07d6c4fed3,8,2
component-final-48580ce0c5131f07d6c4fed3,9,2
component-final-48580ce0c5131f07d6c4fed3,10,2
component-final-48580ce0c5131f07d6c4fed3,11,2
component-final-48580ce0c5131f07d6c4fed3,12,2
component-final-48580ce0c5131f07d6c4fed3,13,2
component-final-48580ce0c5131f07d6c4fed3,14,3
component-final-48580ce0c5131f07d6c4fed3,15,3
component-final-48580ce0c5131f07d6c4fed3,16,3
component-final-48580ce0c5131f07d6c4fed3,17,4
component-final-48580ce0c5131f07d6c4fed3,18,5
component-final-48580ce0c5131f07d6c4fed3,19,5
component-final-48580ce0c5131f07d6c4fed3,20,5
component-final-48580ce0c5131f07d6c4fed3,21,5
component-final-48580ce0c5131f07d6c4fed3,22,6
component-final-48580ce0c5131f07d6c4fed3,23,7
component-final-48580ce0c5131f07d6c4fed3,24,8
component-final-48580ce0c5131f07d6c4fed3,25,8
component-final-48580ce0c5131f07d6c4fed3,26,9
component-final-48580ce0c5131f07d6c4fed3,27,9
component-final-48580ce0c5131f07d6c4fed3,28,10
component-final-48580ce0c5131f07d6c4fed3,29,10
component-final-48580ce0c5131f07d6c4fed3,30,10
component-final-48580ce0c5131f07d6c4fed3,31,10
component-final-48580ce0c5131f07d6c4fed3,32,10
component-final-48580ce0c5131f07d6c4fed3,33,11
component-final-48580ce0c5131f07d6c4fed3,34,11
component-final-48580ce0c5131f07d6c4fed3,35,11
component-final-48580ce0c5131f07d6c4fed3,36,11
component-final-48580ce0c5131f07d6c4fed3,37,11
component-final-48580ce0c5131f07d6c4fed3,38,11
component-final-48580ce0c5131f07d6c4fed3,39,11
component-final-48580ce0c5131f07d6c4fed3,40,12
component-final-48580ce0c5131f07d6c4fed3,41,12
component-final-48580ce0c5131f07d6c4fed3,42,12
component-final-48580ce0c5131f07d6c4fed3,43,13
component-final-48580ce0c5131f07d6c4fed3,44,13
component-final-48580ce0c5131f07d6c4fed3,45,13
component-final-48580ce0c5131f07d6c4fed3,46,13
component-final-48580ce0c5131f07d6c4fed3,47,13
component-final-48580ce0c5131f07d6c4fed3,48,13
component-final-48580ce0c5131f07d6c4fed3,49,13
component-final-48580ce0c5131f07d6c4fed3,50,13
component-final-a72d161952afe4619ff8d7c6,0,0
component-final-a72d161952afe4619ff8d7c6,1,0
component-final-a72d161952afe4619ff8d7c6,2,0
component-final-a72d161952afe4619ff8d7c6,3,0
component-final-a72d161952afe4619ff8d7c6,4,0
component-final-a72d161952afe4619ff8d7c6,5,0
component-final-a72d161952afe4619ff8d7c6,6,0
component-final-a72d161952afe4619ff8d7c6,7,0
component-final-a72d161952afe4619ff8d7c6,8,0
component-final-a72d161952afe4619ff8d7c6,9,0
component-final-a72d161952afe4619ff8d7c6,10,0
component-final-a72d161952afe4619ff8d7c6,11,0
component-final-a72d161952afe4619ff8d7c6,12,0
component-final-a72d161952afe4619ff8d7c6,13,0
component-final-a72d161952afe4619ff8d7c6,14,0
component-final-a72d161952afe4619ff8d7c6,15,0
component-final-a72d161952afe4619ff8d7c6,16,0
component-final-a72d161952afe4619ff8d7c6,17,0
component-final-a72d161952afe4619ff8d7c6,18,0
component-final-a72d161952afe4619ff8d7c6,19,0
component-final-a72d161952afe4619ff8d7c6,20,0
component-final-a72d161952afe4619ff8d7c6,21,0
component-final-a72d161952afe4619ff8d7c6,22,0
component-final-a72d161952afe4619ff8d7c6,23,0
component-final-a72d161952afe4619ff8d7c6,24,0
component-final-a72d161952afe4619ff8d7c6,25,0
component-final-a72d161952afe4619ff8d7c6,26,0
component-final-a72d161952afe4619ff8d7c6,27,0
component-final-a72d161952afe4619ff8d7c6,28,0
component-final-a72d161952afe4619ff8d7c6,29,0
component-final-a72d161952afe4619ff8d7c6,30,0
component-final-a72d161952afe4619ff8d7c6,31,0
component-final-a72d161952afe4619ff8d7c6,32,0
component-final-a72d161952afe4619ff8d7c6,33,0
component-final-a72d161952afe4619ff8d7c6,34,0
component-final-a72d161952afe4619ff8d7c6,35,0
component-final-a72d161952afe4619ff8d7c6,36,0
component-final-a72d161952afe4619ff8d7c6,37,0
component-final-a72d161952afe4619ff8d7c6,38,0
component-final-a72d161952afe4619ff8d7c6,39,0
component-final-a72d161952afe4619ff8d7c6,40,0
component-final-a72d161952afe4619ff8d7c6,41,0
component-final-a72d161952afe4619ff8d7c6,42,0
component-final-a72d161952afe4619ff8d7c6,43,0
component-final-a72d161952afe4619ff8d7c6,44,0
component-final-a72d161952afe4619ff8d7c6,45,0
component-final-a72d161952afe4619ff8d7c6,46,0
component-final-a72d161952afe4619ff8d7c6,47,0
component-final-a72d161952afe4619ff8d7c6,48,0
component-final-a72d161952afe4619ff8d7c6,49,0
component-final-a72d161952afe4619ff8d7c6,50,0
component-final-7a010b9f384cc6031216a1e9,0,0
component-final-7a010b9f384cc6031216a1e9,1,0
component-final-7a010b9f384cc6031216a1e9,2,0
component-final-7a010b9f384cc6031216a1e9,3,0
component-final-7a010b9f384cc6031216a1e9,4,0
component-final-7a010b9f384cc6031216a1e9,5,0
component-final-7a010b9f384cc6031216a1e9,6,0
component-final-7a010b9f384cc6031216a1e9,7,0
component-final-7a010b9f384cc6031216a1e9,8,0
component-final-7a010b9f384cc6031216a1e9,9,0
component-final-7a010b9f384cc6031216a1e9,10,1
component-final-7a010b9f384cc6031216a1e9,11,1
component-final-7a010b9f384cc6031216a1e9,12,2
component-final-7a010b9f384cc6031216a1e9,13,3
component-final-7a010b9f384cc6031216a1e9,14,3
component-final-7a010b9f384cc6031216a1e9,15,3
component-final-7a010b9f384cc6031216a1e9,16,4
component-final-7a010b9f384cc6031216a1e9,17,4
component-final-7a010b9f384cc6031216a1e9,18,4
component-final-7a010b9f384cc6031216a1e9,19,4
component-final-7a010b9f384cc6031216a1e9,20,4
component-final-7a010b9f384cc6031216a1e9,21,4
component-final-7a010b9f384cc6031216a1e9,22,5
component-final-7a010b9f384cc6031216a1e9,23,5
component-final-7a010b9f384cc6031216a1e9,24,5
component-final-7a010b9f384cc6031216a1e9,25,5
component-final-7a010b9f384cc6031216a1e9,26,5
component-final-7a010b9f384cc6031216a1e9,27,5
component-final-7a010b9f384cc6031216a1e9,28,6
component-final-7a010b9f384cc6031216a1e9,29,6
component-final-7a010b9f384cc6031216a1e9,30,6
component-final-7a010b9f384cc6031216a1e9,31,6
component-final-7a010b9f384cc6031216a1e9,32,6
component-final-7a010b9f384cc6031216a1e9,33,6
component-final-7a010b9f384cc6031216a1e9,34,6
component-final-7a010b9f384cc6031216a1e9,35,6
component-final-7a010b9f384cc6031216a1e9,36,6
component-final-7a010b9f384cc6031216a1e9,37,6
component-final-7a010b9f384cc6031216a1e9,38,6
component-final-7a010b9f384cc6031216a1e9,39,7
component-final-7a010b9f384cc6031216a1e9,40,8
component-final-7a010b9f384cc6031216a1e9,41,9
component-final-7a010b9f384cc6031216a1e9,42,9
component-final-7a010b9f384cc6031216a1e9,43,9
component-final-7a010b9f384cc6031216a1e9,44,9
component-final-7a010b9f384cc6031216a1e9,45,9
component-final-7a010b9f384cc6031216a1e9,46,9
component-final-7a010b9f384cc6031216a1e9,47,9
component-final-7a010b9f384cc6031216a1e9,48,9
component-final-7a010b9f384cc6031216a1e9,49,9
component-final-7a010b9f384cc6031216a1e9,50,9
component-final-67d58f1f815fbbf7542d639e,0,0
component-final-67d58f1f815fbbf7542d639e,1,1
component-final-67d58f1f815fbbf7542d639e,2,1
component-final-67d58f1f815fbbf7542d639e,3,1
component-final-67d58f1f815fbbf7542d639e,4,1
component-final-67d58f1f815fbbf7542d639e,5,1
component-final-67d58f1f815fbbf7542d639e,6,2
component-final-67d58f1f815fbbf7542d639e,7,2
component-final-67d58f1f815fbbf7542d639e,8,2
component-final-67d58f1f815fbbf7542d639e,9,3
component-final-67d58f1f815fbbf7542d639e,10,3
component-final-67d58f1f815fbbf7542d639e,11,4
component-final-67d58f1f815fbbf7542d639e,12,4
component-final-67d58f1f815fbbf7542d639e,13,4
component-final-67d58f1f815fbbf7542d639e,14,4
component-final-67d58f1f815fbbf7542d639e,15,4
component-final-67d58f1f815fbbf7542d639e,16,5
component-final-67d58f1f815fbbf7542d639e,17,6
component-final-67d58f1f815fbbf7542d639e,18,7
component-final-67d58f1f815fbbf7542d639e,19,7
component-final-67d58f1f815fbbf7542d639e,20,7
component-final-67d58f1f815fbbf7542d639e,21,8
component-final-67d58f1f815fbbf7542d639e,22,8
component-final-67d58f1f815fbbf7542d639e,23,8
component-final-67d58f1f815fbbf7542d639e,24,8
component-final-67d58f1f815fbbf7542d639e,25,8
component-final-67d58f1f815fbbf7542d639e,26,8
component-final-67d58f1f815fbbf7542d639e,27,9
component-final-67d58f1f815fbbf7542d639e,28,9
component-final-67d58f1f815fbbf7542d639e,29,10
component-final-67d58f1f815fbbf7542d639e,30,11
component-final-67d58f1f815fbbf7542d639e,31,11
component-final-67d58f1f815fbbf7542d639e,32,11
component-final-67d58f1f815fbbf7542d639e,33,11
component-final-67d58f1f815fbbf7542d639e,34,12
component-final-67d58f1f815fbbf7542d639e,35,13
component-final-67d58f1f815fbbf7542d639e,36,13
component-final-67d58f1f815fbbf7542d639e,37,14
component-final-67d58f1f815fbbf7542d639e,38,14
component-final-67d58f1f815fbbf7542d639e,39,14
component-final-67d58f1f815fbbf7542d639e,40,14
component-final-67d58f1f815fbbf7542d639e,41,15
component-final-67d58f1f815fbbf7542d639e,42,15
component-final-67d58f1f815fbbf7542d639e,43,15
component-final-67d58f1f815fbbf7542d639e,44,15
component-final-67d58f1f815fbbf7542d639e,45,15
component-final-67d58f1f815fbbf7542d639e,46,15
component-final-67d58f1f815fbbf7542d639e,47,15
component-final-67d58f1f815fbbf7542d639e,48,15
component-final-67d58f1f815fbbf7542d639e,49,15
component-final-67d58f1f815fbbf7542d639e,50,15
component-final-79d2ce94fc4a4c527b67e447,0,0
component-final-79d2ce94fc4a4c527b67e447,1,0
component-final-79d2ce94fc4a4c527b67e447,2,1
component-final-79d2ce94fc4a4c527b67e447,3,2
component-final-79d2ce94fc4a4c527b67e447,4,3
component-final-79d2ce94fc4a4c527b67e447,5,3
component-final-79d2ce94fc4a4c527b67e447,6,4
component-final-79d2ce94fc4a4c527b67e447,7,4
component-final-79d2ce94fc4a4c527b67e447,8,4
component-final-79d2ce94fc4a4c527b67e447,9,4
component-final-79d2ce94fc4a4c527b67e447,10,4
component-final-79d2ce94fc4a4c527b67e447,11,5
component-final-79d2ce94fc4a4c527b67e447,12,5
component-final-79d2ce94fc4a4c527b67e447,13,6
component-final-79d2ce94fc4a4c527b67e447,14,7
component-final-79d2ce94fc4a4c527b67e447,15,8
component-final-79d2ce94fc4a4c527b67e447,16,9
component-final-79d2ce94fc4a4c527b67e447,17,10
component-final-79d2ce94fc4a4c527b67e447,18,11
component-final-79d2ce94fc4a4c527b67e447,19,11
component-final-79d2ce94fc4a4c527b67e447,20,11
component-final-79d2ce94fc4a4c527b67e447,21,11
component-final-79d2ce94fc4a4c527b67e447,22,11
component-final-79d2ce94fc4a4c527b67e447,23,11
component-final-79d2ce94fc4a4c527b67e447,24,11
component-final-79d2ce94fc4a4c527b67e447,25,11
component-final-79d2ce94fc4a4c527b67e447,26,11
component-final-79d2ce94fc4a4c527b67e447,27,11
component-final-79d2ce94fc4a4c527b67e447,28,11
component-final-79d2ce94fc4a4c527b67e447,29,11
component-final-79d2ce94fc4a4c527b67e447,30,11
component-final-79d2ce94fc4a4c527b67e447,31,11
component-final-79d2ce94fc4a4c527b67e447,32,11
component-final-79d2ce94fc4a4c527b67e447,33,11
component-final-79d2ce94fc4a4c527b67e447,34,11
component-final-79d2ce94fc4a4c527b67e447,35,11
component-final-79d2ce94fc4a4c527b67e447,36,12
component-final-79d2ce94fc4a4c527b67e447,37,12
component-final-79d2ce94fc4a4c527b67e447,38,12
component-final-79d2ce94fc4a4c527b67e447,39,13
component-final-79d2ce94fc4a4c527b67e447,40,13
component-final-79d2ce94fc4a4c527b67e447,41,13
component-final-79d2ce94fc4a4c527b67e447,42,13
component-final-79d2ce94fc4a4c527b67e447,43,13
component-final-79d2ce94fc4a4c527b67e447,44,13
component-final-79d2ce94fc4a4c527b67e447,45,14
component-final-79d2ce94fc4a4c527b67e447,46,15
component-final-79d2ce94fc4a4c527b67e447,47,15
component-final-79d2ce94fc4a4c527b67e447,48,15
component-final-79d2ce94fc4a4c527b67e447,49,15
component-final-79d2ce94fc4a4c527b67e447,50,15
component-final-8a45a832a0d929abb182fd2e,0,0
component-final-8a45a832a0d929abb182fd2e,1,1
component-final-8a45a832a0d929abb182fd2e,2,2
component-final-8a45a832a0d929abb182fd2e,3,2
component-final-8a45a832a0d929abb182fd2e,4,2
component-final-8a45a832a0d929abb182fd2e,5,2
component-final-8a45a832a0d929abb182fd2e,6,2
component-final-8a45a832a0d929abb182fd2e,7,2
component-final-8a45a832a0d929abb182fd2e,8,2
component-final-8a45a832a0d929abb182fd2e,9,2
component-final-8a45a832a0d929abb182fd2e,10,2
component-final-8a45a832a0d929abb182fd2e,11,2
component-final-8a45a832a0d929abb182fd2e,12,2
component-final-8a45a832a0d929abb182fd2e,13,3
component-final-8a45a832a0d929abb182fd2e,14,4
component-final-8a45a832a0d929abb182fd2e,15,4
component-final-8a45a832a0d929abb182fd2e,16,4
component-final-8a45a832a0d929abb182fd2e,17,4
component-final-8a45a832a0d929abb182fd2e,18,4
component-final-8a45a832a0d929abb182fd2e,19,4
component-final-8a45a832a0d929abb182fd2e,20,4
component-final-8a45a832a0d929abb182fd2e,21,4
component-final-8a45a832a0d929abb182fd2e,22,4
component-final-8a45a832a0d929abb182fd2e,23,4
component-final-8a45a832a0d929abb182fd2e,24,4
component-final-8a45a832a0d929abb182fd2e,25,4
component-final-8a45a832a0d929abb182fd2e,26,5
component-final-8a45a832a0d929abb182fd2e,27,5
component-final-8a45a832a0d929abb182fd2e,28,5
component-final-8a45a832a0d929abb182fd2e,29,5
component-final-8a45a832a0d929abb182fd2e,30,6
component-final-8a45a832a0d929abb182fd2e,31,6
component-final-8a45a832a0d929abb182fd2e,32,6
component-final-8a45a832a0d929abb182fd2e,33,6
component-final-8a45a832a0d929abb182fd2e,34,6
component-final-8a45a832a0d929abb182fd2e,35,6
component-final-8a45a832a0d929abb182fd2e,36,6
component-final-8a45a832a0d929abb182fd2e,37,6
component-final-8a45a832a0d929abb182fd2e,38,6
component-final-8a45a832a0d929abb182fd2e,39,6
component-final-8a45a832a0d929abb182fd2e,40,6
component-final-8a45a832a0d929abb182fd2e,41,6
component-final-8a45a832a0d929abb182fd2e,42,6
component-final-8a45a832a0d929abb182fd2e,43,6
component-final-8a45a832a0d929abb182fd2e,44,6
component-final-8a45a832a0d929abb182fd2e,45,6
component-final-8a45a832a0d929abb182fd2e,46,6
component-final-8a45a832a0d929abb182fd2e,47,6
component-final-8a45a832a0d929abb182fd2e,48,6
component-final-8a45a832a0d929abb182fd2e,49,6
component-final-8a45a832a0d929abb182fd2e,50,6
component-final-822fd69dba5f9714158961ae,0,0
component-final-822fd69dba5f9714158961ae,1,0
component-final-822fd69dba5f9714158961ae,2,0
component-final-822fd69dba5f9714158961ae,3,1
component-final-822fd69dba5f9714158961ae,4,1
component-final-822fd69dba5f9714158961ae,5,1
component-final-822fd69dba5f9714158961ae,6,1
component-final-822fd69dba5f9714158961ae,7,1
component-final-822fd69dba5f9714158961ae,8,1
component-final-822fd69dba5f9714158961ae,9,1
component-final-822fd69dba5f9714158961ae,10,1
component-final-822fd69dba5f9714158961ae,11,1
component-final-822fd69dba5f9714158961ae,12,2
component-final-822fd69dba5f9714158961ae,13,2
component-final-822fd69dba5f9714158961ae,14,2
component-final-822fd69dba5f9714158961ae,15,3
component-final-822fd69dba5f9714158961ae,16,4
component-final-822fd69dba5f9714158961ae,17,5
component-final-822fd69dba5f9714158961ae,18,5
component-final-822fd69dba5f9714158961ae,19,5
component-final-822fd69dba5f9714158961ae,20,5
component-final-822fd69dba5f9714158961ae,21,5
component-final-822fd69dba5f9714158961ae,22,5
component-final-822fd69dba5f9714158961ae,23,5
component-final-822fd69dba5f9714158961ae,24,5
component-final-822fd69dba5f9714158961ae,25,5
component-final-822fd69dba5f9714158961ae,26,5
component-final-822fd69dba5f9714158961ae,27,5
component-final-822fd69dba5f9714158961ae,28,5
component-final-822fd69dba5f9714158961ae,29,5
component-final-822fd69dba5f9714158961ae,30,6
component-final-822fd69dba5f9714158961ae,31,6
component-final-822fd69dba5f9714158961ae,32,6
component-final-822fd69dba5f9714158961ae,33,7
component-final-822fd69dba5f9714158961ae,34,7
component-final-822fd69dba5f9714158961ae,35,7
component-final-822fd69dba5f9714158961ae,36,7
component-final-822fd69dba5f9714158961ae,37,8
component-final-822fd69dba5f9714158961ae,38,8
component-final-822fd69dba5f9714158961ae,39,8
component-final-822fd69dba5f9714158961ae,40,9
component-final-822fd69dba5f9714158961ae,41,10
component-final-822fd69dba5f9714158961ae,42,10
component-final-822fd69dba5f9714158961ae,43,11
component-final-822fd69dba5f9714158961ae,44,12
component-final-822fd69dba5f9714158961ae,45,13
component-final-822fd69dba5f9714158961ae,46,13
component-final-822fd69dba5f9714158961ae,47,14
component-final-822fd69dba5f9714158961ae,48,15
component-final-822fd69dba5f9714158961ae,49,16
component-final-822fd69dba5f9714158961ae,50,16
component-final-2ffbe6a0f85f1d88bfaf3726,0,0
component-final-2ffbe6a0f85f1d88bfaf3726,1,0
component-final-2ffbe6a0f85f1d88bfaf3726,2,0
component-final-2ffbe6a0f85f1d88bfaf3726,3,0
component-final-2ffbe6a0f85f1d88bfaf3726,4,0
component-final-2ffbe6a0f85f1d88bfaf3726,5,0
component-final-2ffbe6a0f85f1d88bfaf3726,6,0
component-final-2ffbe6a0f85f1d88bfaf3726,7,0
component-final-2ffbe6a0f85f1d88bfaf3726,8,0
component-final-2ffbe6a0f85f1d88bfaf3726,9,0
component-final-2ffbe6a0f85f1d88bfaf3726,10,0
component-final-2ffbe6a0f85f1d88bfaf3726,11,0
component-final-2ffbe6a0f85f1d88bfaf3726,12,1
component-final-2ffbe6a0f85f1d88bfaf3726,13,1
component-final-2ffbe6a0f85f1d88bfaf3726,14,2
component-final-2ffbe6a0f85f1d88bfaf3726,15,2
component-final-2ffbe6a0f85f1d88bfaf3726,16,2
component-final-2ffbe6a0f85f1d88bfaf3726,17,2
component-final-2ffbe6a0f85f1d88bfaf3726,18,2
component-final-2ffbe6a0f85f1d88bfaf3726,19,2
component-final-2ffbe6a0f85f1d88bfaf3726,20,2
component-final-2ffbe6a0f85f1d88bfaf3726,21,2
component-final-2ffbe6a0f85f1d88bfaf3726,22,2
component-final-2ffbe6a0f85f1d88bfaf3726,23,2
component-final-2ffbe6a0f85f1d88bfaf3726,24,2
component-final-2ffbe6a0f85f1d88bfaf3726,25,2
component-final-2ffbe6a0f85f1d88bfaf3726,26,2
component-final-2ffbe6a0f85f1d88bfaf3726,27,2
component-final-2ffbe6a0f85f1d88bfaf3726,28,2
component-final-2ffbe6a0f85f1d88bfaf3726,29,2
component-final-2ffbe6a0f85f1d88bfaf3726,30,2
component-final-2ffbe6a0f85f1d88bfaf3726,31,2
component-final-2ffbe6a0f85f1d88bfaf3726,32,2
component-final-2ffbe6a0f85f1d88bfaf3726,33,2
component-final-2ffbe6a0f85f1d88bfaf3726,34,2
component-final-2ffbe6a0f85f1d88bfaf3726,35,2
component-final-2ffbe6a0f85f1d88bfaf3726,36,2
component-final-2ffbe6a0f85f1d88bfaf3726,37,2
component-final-2ffbe6a0f85f1d88bfaf3726,38,2
component-final-2ffbe6a0f85f1d88bfaf3726,39,2
component-final-2ffbe6a0f85f1d88bfaf3726,40,2
component-final-2ffbe6a0f85f1d88bfaf3726,41,2
component-final-2ffbe6a0f85f1d88bfaf3726,42,2
component-final-2ffbe6a0f85f1d88bfaf3726,43,2
component-final-2ffbe6a0f85f1d88bfaf3726,44,2
component-final-2ffbe6a0f85f1d88bfaf3726,45,2
component-final-2ffbe6a0f85f1d88bfaf3726,46,2
component-final-2ffbe6a0f85f1d88bfaf3726,47,2
component-final-2ffbe6a0f85f1d88bfaf3726,48,2
component-final-2ffbe6a0f85f1d88bfaf3726,49,2
component-final-2ffbe6a0f85f1d88bfaf3726,50,2
component-final-64b7972c5a3bad6756957673,0,0
component-final-64b7972c5a3bad6756957673,1,0
component-final-64b7972c5a3bad6756957673,2,0
component-final-64b7972c5a3bad6756957673,3,0
component-final-64b7972c5a3bad6756957673,4,0
component-final-64b7972c5a3bad6756957673,5,1
component-final-64b7972c5a3bad6756957673,6,2
component-final-64b7972c5a3bad6756957673,7,3
component-final-64b7972c5a3bad6756957673,8,3
component-final-64b7972c5a3bad6756957673,9,3
component-final-64b7972c5a3bad6756957673,10,3
component-final-64b7972c5a3bad6756957673,11,3
component-final-64b7972c5a3bad6756957673,12,3
component-final-64b7972c5a3bad6756957673,13,3
component-final-64b7972c5a3bad6756957673,14,3
component-final-64b7972c5a3bad6756957673,15,3
component-final-64b7972c5a3bad6756957673,16,4
component-final-64b7972c5a3bad6756957673,17,5
component-final-64b7972c5a3bad6756957673,18,5
component-final-64b7972c5a3bad6756957673,19,5
component-final-64b7972c5a3bad6756957673,20,5
component-final-64b7972c5a3bad6756957673,21,5
component-final-64b7972c5a3bad6756957673,22,5
component-final-64b7972c5a3bad6756957673,23,5
component-final-64b7972c5a3bad6756957673,24,5
component-final-64b7972c5a3bad6756957673,25,5
component-final-64b7972c5a3bad6756957673,26,6
component-final-64b7972c5a3bad6756957673,27,6
component-final-64b7972c5a3bad6756957673,28,6
component-final-64b7972c5a3bad6756957673,29,7
component-final-64b7972c5a3bad6756957673,30,7
component-final-64b7972c5a3bad6756957673,31,8
component-final-64b7972c5a3bad6756957673,32,8
component-final-64b7972c5a3bad6756957673,33,8
component-final-64b7972c5a3bad6756957673,34,8
component-final-64b7972c5a3bad6756957673,35,8
component-final-64b7972c5a3bad6756957673,36,8
component-final-64b7972c5a3bad6756957673,37,8
component-final-64b7972c5a3bad6756957673,38,8
component-final-64b7972c5a3bad6756957673,39,8
component-final-64b7972c5a3bad6756957673,40,8
component-final-64b7972c5a3bad6756957673,41,8
component-final-64b7972c5a3bad6756957673,42,8
component-final-64b7972c5a3bad6756957673,43,9
component-final-64b7972c5a3bad6756957673,44,10
component-final-64b7972c5a3bad6756957673,45,10
component-final-64b7972c5a3bad6756957673,46,11
component-final-64b7972c5a3bad6756957673,47,12
component-final-64b7972c5a3bad6756957673,48,12
component-final-64b7972c5a3bad6756957673,49,12
component-final-64b7972c5a3bad6756957673,50,12
component-final-3e693245dcbb3ff21bf3c1ed,0,0
component-final-3e693245dcbb3ff21bf3c1ed,1,1
component-final-3e693245dcbb3ff21bf3c1ed,2,1
component-final-3e693245dcbb3ff21bf3c1ed,3,1
component-final-3e693245dcbb3ff21bf3c1ed,4,1
component-final-3e693245dcbb3ff21bf3c1ed,5,1
component-final-3e693245dcbb3ff21bf3c1ed,6,2
component-final-3e693245dcbb3ff21bf3c1ed,7,3
component-final-3e693245dcbb3ff21bf3c1ed,8,3
component-final-3e693245dcbb3ff21bf3c1ed,9,3
component-final-3e693245dcbb3ff21bf3c1ed,10,3
component-final-3e693245dcbb3ff21bf3c1ed,11,3
component-final-3e693245dcbb3ff21bf3c1ed,12,3
component-final-3e693245dcbb3ff21bf3c1ed,13,3
component-final-3e693245dcbb3ff21bf3c1ed,14,3
component-final-3e693245dcbb3ff21bf3c1ed,15,3
component-final-3e693245dcbb3ff21bf3c1ed,16,3
component-final-3e693245dcbb3ff21bf3c1ed,17,3
component-final-3e693245dcbb3ff21bf3c1ed,18,3
component-final-3e693245dcbb3ff21bf3c1ed,19,3
component-final-3e693245dcbb3ff21bf3c1ed,20,3
component-final-3e693245dcbb3ff21bf3c1ed,21,4
component-final-3e693245dcbb3ff21bf3c1ed,22,4
component-final-3e693245dcbb3ff21bf3c1ed,23,4
component-final-3e693245dcbb3ff21bf3c1ed,24,4
component-final-3e693245dcbb3ff21bf3c1ed,25,4
component-final-3e693245dcbb3ff21bf3c1ed,26,4
component-final-3e693245dcbb3ff21bf3c1ed,27,4
component-final-3e693245dcbb3ff21bf3c1ed,28,5
component-final-3e693245dcbb3ff21bf3c1ed,29,6
component-final-3e693245dcbb3ff21bf3c1ed,30,7
component-final-3e693245dcbb3ff21bf3c1ed,31,7
component-final-3e693245dcbb3ff21bf3c1ed,32,7
component-final-3e693245dcbb3ff21bf3c1ed,33,7
component-final-3e693245dcbb3ff21bf3c1ed,34,7
component-final-3e693245dcbb3ff21bf3c1ed,35,7
component-final-3e693245dcbb3ff21bf3c1ed,36,7
component-final-3e693245dcbb3ff21bf3c1ed,37,7
component-final-3e693245dcbb3ff21bf3c1ed,38,7
component-final-3e693245dcbb3ff21bf3c1ed,39,7
component-final-3e693245dcbb3ff21bf3c1ed,40,7
component-final-3e693245dcbb3ff21bf3c1ed,41,7
component-final-3e693245dcbb3ff21bf3c1ed,42,7
component-final-3e693245dcbb3ff21bf3c1ed,43,7
component-final-3e693245dcbb3ff21bf3c1ed,44,7
component-final-3e693245dcbb3ff21bf3c1ed,45,7
component-final-3e693245dcbb3ff21bf3c1ed,46,8
component-final-3e693245dcbb3ff21bf3c1ed,47,8
component-final-3e693245dcbb3ff21bf3c1ed,48,8
component-final-3e693245dcbb3ff21bf3c1ed,49,8
component-final-3e693245dcbb3ff21bf3c1ed,50,8
support-final-ccd9a242b4945d6cfcdb68dc,0,0
support-final-ccd9a242b4945d6cfcdb68dc,1,0
support-final-ccd9a242b4945d6cfcdb68dc,2,0
support-final-ccd9a242b4945d6cfcdb68dc,3,0
support-final-ccd9a242b4945d6cfcdb68dc,4,0
support-final-ccd9a242b4945d6cfcdb68dc,5,0
support-final-ccd9a242b4945d6cfcdb68dc,6,0
support-final-ccd9a242b4945d6cfcdb68dc,7,0
support-final-ccd9a242b4945d6cfcdb68dc,8,0
support-final-ccd9a242b4945d6cfcdb68dc,9,0
support-final-ccd9a242b4945d6cfcdb68dc,10,0
support-final-50481d7de104501120b84fb5,0,0
support-final-50481d7de104501120b84fb5,1,1
support-final-50481d7de104501120b84fb5,2,2
support-final-50481d7de104501120b84fb5,3,3
support-final-50481d7de104501120b84fb5,4,3
support-final-50481d7de104501120b84fb5,5,4
support-final-50481d7de104501120b84fb5,6,5
support-final-50481d7de104501120b84fb5,7,5
support-final-50481d7de104501120b84fb5,8,5
support-final-50481d7de104501120b84fb5,9,5
support-final-50481d7de104501120b84fb5,10,5
support-final-38ae55456a55c01858bdaca6,0,0
support-final-38ae55456a55c01858bdaca6,1,0
support-final-38ae55456a55c01858bdaca6,2,0
support-final-38ae55456a55c01858bdaca6,3,0
support-final-38ae55456a55c01858bdaca6,4,0
support-final-38ae55456a55c01858bdaca6,5,1
support-final-38ae55456a55c01858bdaca6,6,2
support-final-38ae55456a55c01858bdaca6,7,2
support-final-38ae55456a55c01858bdaca6,8,3
support-final-38ae55456a55c01858bdaca6,9,3
support-final-38ae55456a55c01858bdaca6,10,3
support-final-5eccea7f5a24da2f5b31b4ab,0,0
support-final-5eccea7f5a24da2f5b31b4ab,1,0
support-final-5eccea7f5a24da2f5b31b4ab,2,0
support-final-5eccea7f5a24da2f5b31b4ab,3,1
support-final-5eccea7f5a24da2f5b31b4ab,4,1
support-final-5eccea7f5a24da2f5b31b4ab,5,1
support-final-5eccea7f5a24da2f5b31b4ab,6,1
support-final-5eccea7f5a24da2f5b31b4ab,7,1
support-final-5eccea7f5a24da2f5b31b4ab,8,1
support-final-5eccea7f5a24da2f5b31b4ab,9,1
support-final-5eccea7f5a24da2f5b31b4ab,10,2
support-final-fbf58f289d7058d1b56ff33f,0,0
support-final-fbf58f289d7058d1b56ff33f,1,0
support-final-fbf58f289d7058d1b56ff33f,2,0
support-final-fbf58f289d7058d1b56ff33f,3,0
support-final-fbf58f289d7058d1b56ff33f,4,0
support-final-fbf58f289d7058d1b56ff33f,5,0
support-final-fbf58f289d7058d1b56ff33f,6,0
support-final-fbf58f289d7058d1b56ff33f,7,0
support-final-fbf58f289d7058d1b56ff33f,8,0
support-final-fbf58f289d7058d1b56ff33f,9,0
support-final-fbf58f289d7058d1b56ff33f,10,0
support-final-5afa3ed6bdf12d1fd1bdd1d2,0,0
support-final-5afa3ed6bdf12d1fd1bdd1d2,1,0
support-final-5afa3ed6bdf12d1fd1bdd1d2,2,0
support-final-5afa3ed6bdf12d1fd1bdd1d2,3,0
support-final-5afa3ed6bdf12d1fd1bdd1d2,4,0
support-final-5afa3ed6bdf12d1fd1bdd1d2,5,0
support-final-5afa3ed6bdf12d1fd1bdd1d2,6,0
support-final-5afa3ed6bdf12d1fd1bdd1d2,7,0
support-final-5afa3ed6bdf12d1fd1bdd1d2,8,0
support-final-5afa3ed6bdf12d1fd1bdd1d2,9,0
support-final-5afa3ed6bdf12d1fd1bdd1d2,10,0
support-final-734638a13232cf33fc56501c,0,0
support-final-734638a13232cf33fc56501c,1,1
support-final-734638a13232cf33fc56501c,2,2
support-final-734638a13232cf33fc56501c,3,3
support-final-734638a13232cf33fc56501c,4,3
support-final-734638a13232cf33fc56501c,5,3
support-final-734638a13232cf33fc56501c,6,4
support-final-734638a13232cf33fc56501c,7,5
support-final-734638a13232cf33fc56501c,8,6
support-final-734638a13232cf33fc56501c,9,6
support-final-734638a13232cf33fc56501c,10,6
support-final-65994611b3b615e30901469d,0,0
support-final-65994611b3b615e30901469d,1,1
support-final-65994611b3b615e30901469d,2,1
support-final-65994611b3b615e30901469d,3,1
support-final-65994611b3b615e30901469d,4,2
support-final-65994611b3b615e30901469d,5,3
support-final-65994611b3b615e30901469d,6,3
support-final-65994611b3b615e30901469d,7,3
support-final-65994611b3b615e30901469d,8,3
support-final-65994611b3b615e30901469d,9,3
support-final-65994611b3b615e30901469d,10,3
support-final-8f64ca7a761847f2f585eaf7,0,0
support-final-8f64ca7a761847f2f585eaf7,1,1
support-final-8f64ca7a761847f2f585eaf7,2,1
support-final-8f64ca7a761847f2f585eaf7,3,2
support-final-8f64ca7a761847f2f585eaf7,4,3
support-final-8f64ca7a761847f2f585eaf7,5,3
support-final-8f64ca7a761847f2f585eaf7,6,3
support-final-8f64ca7a761847f2f585eaf7,7,4
support-final-8f64ca7a761847f2f585eaf7,8,4
support-final-8f64ca7a761847f2f585eaf7,9,5
support-final-8f64ca7a761847f2f585eaf7,10,5
support-final-690f157b17e644365b568a77,0,0
support-final-690f157b17e644365b568a77,1,1
support-final-690f157b17e644365b568a77,2,2
support-final-690f157b17e644365b568a77,3,3
support-final-690f157b17e644365b568a77,4,4
support-final-690f157b17e644365b568a77,5,5
support-final-690f157b17e644365b568a77,6,6
support-final-690f157b17e644365b568a77,7,7
support-final-690f157b17e644365b568a77,8,8
support-final-690f157b17e644365b568a77,9,9
support-final-690f157b17e644365b568a77,10,10
support-final-c421d416e4380380b8401e1a,0,0
support-final-c421d416e4380380b8401e1a,1,0
support-final-c421d416e4380380b8401e1a,2,0
support-final-c421d416e4380380b8401e1a,3,0
support-final-c421d416e4380380b8401e1a,4,0
support-final-c421d416e4380380b8401e1a,5,0
support-final-c421d416e4380380b8401e1a,6,0
support-final-c421d416e4380380b8401e1a,7,0
support-final-c421d416e4380380b8401e1a,8,0
support-final-c421d416e4380380b8401e1a,9,0
support-final-c421d416e4380380b8401e1a,10,0
support-final-f4fb0bc5660e5cbea5ab19fe,0,0
support-final-f4fb0bc5660e5cbea5ab19fe,1,0
support-final-f4fb0bc5660e5cbea5ab19fe,2,0
support-final-f4fb0bc5660e5cbea5ab19fe,3,0
support-final-f4fb0bc5660e5cbea5ab19fe,4,0
support-final-f4fb0bc5660e5cbea5ab19fe,5,1
support-final-f4fb0bc5660e5cbea5ab19fe,6,1
support-final-f4fb0bc5660e5cbea5ab19fe,7,1
support-final-f4fb0bc5660e5cbea5ab19fe,8,1
support-final-f4fb0bc5660e5cbea5ab19fe,9,1
support-final-f4fb0bc5660e5cbea5ab19fe,10,1
support-final-3d33302d79a3e5a49db8a089,0,0
support-final-3d33302d79a3e5a49db8a089,1,0
support-final-3d33302d79a3e5a49db8a089,2,0
support-final-3d33302d79a3e5a49db8a089,3,0
support-final-3d33302d79a3e5a49db8a089,4,0
support-final-3d33302d79a3e5a49db8a089,5,0
support-final-3d33302d79a3e5a49db8a089,6,0
support-final-3d33302d79a3e5a49db8a089,7,0
support-final-3d33302d79a3e5a49db8a089,8,0
support-final-3d33302d79a3e5a49db8a089,9,0
support-final-3d33302d79a3e5a49db8a089,10,0
support-final-5b7a01d4f004bb2a3b984360,0,0
support-final-5b7a01d4f004bb2a3b984360,1,0
support-final-5b7a01d4f004bb2a3b984360,2,0
support-final-5b7a01d4f004bb2a3b984360,3,0
support-final-5b7a01d4f004bb2a3b984360,4,0
support-final-5b7a01d4f004bb2a3b984360,5,0
support-final-5b7a01d4f004bb2a3b984360,6,0
support-final-5b7a01d4f004bb2a3b984360,7,0
support-final-5b7a01d4f004bb2a3b984360,8,0
support-final-5b7a01d4f004bb2a3b984360,9,0
support-final-5b7a01d4f004bb2a3b984360,10,0
support-final-373029d9b12c74627cb8e1e9,0,0
support-final-373029d9b12c74627cb8e1e9,1,0
support-final-373029d9b12c74627cb8e1e9,2,0
support-final-373029d9b12c74627cb8e1e9,3,0
support-final-373029d9b12c74627cb8e1e9,4,0
support-final-373029d9b12c74627cb8e1e9,5,0
support-final-373029d9b12c74627cb8e1e9,6,0
support-final-373029d9b12c74627cb8e1e9,7,0
support-final-373029d9b12c74627cb8e1e9,8,0
support-final-373029d9b12c74627cb8e1e9,9,0
support-final-373029d9b12c74627cb8e1e9,10,0
support-final-6f32364178f6566ce2b61257,0,0
support-final-6f32364178f6566ce2b61257,1,1
support-final-6f32364178f6566ce2b61257,2,1
support-final-6f32364178f6566ce2b61257,3,1
support-final-6f32364178f6566ce2b61257,4,1
support-final-6f32364178f6566ce2b61257,5,1
support-final-6f32364178f6566ce2b61257,6,1
support-final-6f32364178f6566ce2b61257,7,1
support-final-6f32364178f6566ce2b61257,8,1
support-final-6f32364178f6566ce2b61257,9,1
support-final-6f32364178f6566ce2b61257,10,1
support-final-2d0885c75e15e5c1c573f70c,0,0
support-final-2d0885c75e15e5c1c573f70c,1,0
support-final-2d0885c75e15e5c1c573f70c,2,0
support-final-2d0885c75e15e5c1c573f70c,3,0
support-final-2d0885c75e15e5c1c573f70c,4,0
support-final-2d0885c75e15e5c1c573f70c,5,0
support-final-2d0885c75e15e5c1c573f70c,6,0
support-final-2d0885c75e15e5c1c573f70c,7,1
support-final-2d0885c75e15e5c1c573f70c,8,2
support-final-2d0885c75e15e5c1c573f70c,9,3
support-final-2d0885c75e15e5c1c573f70c,10,4
support-final-349b99fdb4b8588d02c5f2ae,0,0
support-final-349b99fdb4b8588d02c5f2ae,1,0
support-final-349b99fdb4b8588d02c5f2ae,2,0
support-final-349b99fdb4b8588d02c5f2ae,3,0
support-final-349b99fdb4b8588d02c5f2ae,4,0
support-final-349b99fdb4b8588d02c5f2ae,5,0
support-final-349b99fdb4b8588d02c5f2ae,6,0
support-final-349b99fdb4b8588d02c5f2ae,7,0
support-final-349b99fdb4b8588d02c5f2ae,8,0
support-final-349b99fdb4b8588d02c5f2ae,9,0
support-final-349b99fdb4b8588d02c5f2ae,10,0
support-final-47c6f8bbe11d4113160062d7,0,0
support-final-47c6f8bbe11d4113160062d7,1,0
support-final-47c6f8bbe11d4113160062d7,2,0
support-final-47c6f8bbe11d4113160062d7,3,0
support-final-47c6f8bbe11d4113160062d7,4,0
support-final-47c6f8bbe11d4113160062d7,5,0
support-final-47c6f8bbe11d4113160062d7,6,0
support-final-47c6f8bbe11d4113160062d7,7,0
support-final-47c6f8bbe11d4113160062d7,8,0
support-final-47c6f8bbe11d4113160062d7,9,0
support-final-47c6f8bbe11d4113160062d7,10,0
support-final-e8889b22eaf49d12012a1c9a,0,0
support-final-e8889b22eaf49d12012a1c9a,1,0
support-final-e8889b22eaf49d12012a1c9a,2,0
support-final-e8889b22eaf49d12012a1c9a,3,0
support-final-e8889b22eaf49d12012a1c9a,4,0
support-final-e8889b22eaf49d12012a1c9a,5,0
support-final-e8889b22eaf49d12012a1c9a,6,0
support-final-e8889b22eaf49d12012a1c9a,7,0
support-final-e8889b22eaf49d12012a1c9a,8,0
support-final-e8889b22eaf49d12012a1c9a,9,0
support-final-e8889b22eaf49d12012a1c9a,10,0
support-final-30aebf8adbd08b45cc3864e7,0,0
support-final-30aebf8adbd08b45cc3864e7,1,1
support-final-30aebf8adbd08b45cc3864e7,2,1
support-final-30aebf8adbd08b45cc3864e7,3,1
support-final-30aebf8adbd08b45cc3864e7,4,1
support-final-30aebf8adbd08b45cc3864e7,5,1
support-final-30aebf8adbd08b45cc3864e7,6,1
support-final-30aebf8adbd08b45cc3864e7,7,1
support-final-30aebf8adbd08b45cc3864e7,8,1
support-final-30aebf8adbd08b45cc3864e7,9,1
support-final-30aebf8adbd08b45cc3864e7,10,1
support-final-4652432618bc44a593bc6aeb,0,0
support-final-4652432618bc44a593bc6aeb,1,0
support-final-4652432618bc44a593bc6aeb,2,1
support-final-4652432618bc44a593bc6aeb,3,1
support-final-4652432618bc44a593bc6aeb,4,1
support-final-4652432618bc44a593bc6aeb,5,1
support-final-4652432618bc44a593bc6aeb,6,1
support-final-4652432618bc44a593bc6aeb,7,2
support-final-4652432618bc44a593bc6aeb,8,3
support-final-4652432618bc44a593bc6aeb,9,3
support-final-4652432618bc44a593bc6aeb,10,3
support-final-48aa8582fb12f751085565ea,0,0
support-final-48aa8582fb12f751085565ea,1,0
support-final-48aa8582fb12f751085565ea,2,0
support-final-48aa8582fb12f751085565ea,3,0
support-final-48aa8582fb12f751085565ea,4,0
support-final-48aa8582fb12f751085565ea,5,0
support-final-48aa8582fb12f751085565ea,6,0
support-final-48aa8582fb12f751085565ea,7,0
support-final-48aa8582fb12f751085565ea,8,0
support-final-48aa8582fb12f751085565ea,9,0
support-final-48aa8582fb12f751085565ea,10,0
support-final-afee12d5b9bc56ad9bd995d6,0,0
support-final-afee12d5b9bc56ad9bd995d6,1,0
support-final-afee12d5b9bc56ad9bd995d6,2,0
support-final-afee12d5b9bc56ad9bd995d6,3,0
support-final-afee12d5b9bc56ad9bd995d6,4,0
support-final-afee12d5b9bc56ad9bd995d6,5,0
support-final-afee12d5b9bc56ad9bd995d6,6,0
support-final-afee12d5b9bc56ad9bd995d6,7,0
support-final-afee12d5b9bc56ad9bd995d6,8,0
support-final-afee12d5b9bc56ad9bd995d6,9,0
support-final-afee12d5b9bc56ad9bd995d6,10,0
support-final-cd4e3ec5a544d15c38d03906,0,0
support-final-cd4e3ec5a544d15c38d03906,1,0
support-final-cd4e3ec5a544d15c38d03906,2,0
support-final-cd4e3ec5a544d15c38d03906,3,0
support-final-cd4e3ec5a544d15c38d03906,4,0
support-final-cd4e3ec5a544d15c38d03906,5,0
support-final-cd4e3ec5a544d15c38d03906,6,0
support-final-cd4e3ec5a544d15c38d03906,7,0
support-final-cd4e3ec5a544d15c38d03906,8,0
support-final-cd4e3ec5a544d15c38d03906,9,0
support-final-cd4e3ec5a544d15c38d03906,10,0
support-final-2e12c1bb545919201634d389,0,0
support-final-2e12c1bb545919201634d389,1,0
support-final-2e12c1bb545919201634d389,2,0
support-final-2e12c1bb545919201634d389,3,0
support-final-2e12c1bb545919201634d389,4,0
support-final-2e12c1bb545919201634d389,5,0
support-final-2e12c1bb545919201634d389,6,0
support-final-2e12c1bb545919201634d389,7,0
support-final-2e12c1bb545919201634d389,8,0
support-final-2e12c1bb545919201634d389,9,0
support-final-2e12c1bb545919201634d389,10,0
support-final-bc0231b9387cc761fd09fc47,0,0
support-final-bc0231b9387cc761fd09fc47,1,1
support-final-bc0231b9387cc761fd09fc47,2,1
support-final-bc0231b9387cc761fd09fc47,3,2
support-final-bc0231b9387cc761fd09fc47,4,2
support-final-bc0231b9387cc761fd09fc47,5,2
support-final-bc0231b9387cc761fd09fc47,6,2
support-final-bc0231b9387cc761fd09fc47,7,2
support-final-bc0231b9387cc761fd09fc47,8,3
support-final-bc0231b9387cc761fd09fc47,9,3
support-final-bc0231b9387cc761fd09fc47,10,3
support-final-6473d278b47c7754253c4b75,0,0
support-final-6473d278b47c7754253c4b75,1,0
support-final-6473d278b47c7754253c4b75,2,0
support-final-6473d278b47c7754253c4b75,3,0
support-final-6473d278b47c7754253c4b75,4,0
support-final-6473d278b47c7754253c4b75,5,0
support-final-6473d278b47c7754253c4b75,6,0
support-final-6473d278b47c7754253c4b75,7,0
support-final-6473d278b47c7754253c4b75,8,0
support-final-6473d278b47c7754253c4b75,9,0
support-final-6473d278b47c7754253c4b75,10,0
support-final-5a419d52cf8942602d057190,0,0
support-final-5a419d52cf8942602d057190,1,0
support-final-5a419d52cf8942602d057190,2,0
support-final-5a419d52cf8942602d057190,3,0
support-final-5a419d52cf8942602d057190,4,0
support-final-5a419d52cf8942602d057190,5,0
support-final-5a419d52cf8942602d057190,6,0
support-final-5a419d52cf8942602d057190,7,0
support-final-5a419d52cf8942602d057190,8,0
support-final-5a419d52cf8942602d057190,9,0
support-final-5a419d52cf8942602d057190,10,0
support-final-0eafc204d9a6d97866ece27f,0,0
support-final-0eafc204d9a6d97866ece27f,1,0
support-final-0eafc204d9a6d97866ece27f,2,1
support-final-0eafc204d9a6d97866ece27f,3,2
support-final-0eafc204d9a6d97866ece27f,4,2
support-final-0eafc204d9a6d97866ece27f,5,2
support-final-0eafc204d9a6d97866ece27f,6,2
support-final-0eafc204d9a6d97866ece27f,7,3
support-final-0eafc204d9a6d97866ece27f,8,4
support-final-0eafc204d9a6d97866ece27f,9,4
support-final-0eafc204d9a6d97866ece27f,10,5
support-final-bceab85ac67db411774a2563,0,0
support-final-bceab85ac67db411774a2563,1,0
support-final-bceab85ac67db411774a2563,2,0
support-final-bceab85ac67db411774a2563,3,0
support-final-bceab85ac67db411774a2563,4,0
support-final-bceab85ac67db411774a2563,5,0
support-final-bceab85ac67db411774a2563,6,0
support-final-bceab85ac67db411774a2563,7,0
support-final-bceab85ac67db411774a2563,8,0
support-final-bceab85ac67db411774a2563,9,0
support-final-bceab85ac67db411774a2563,10,0
support-final-ca740c106b65301c3c20f121,0,0
support-final-ca740c106b65301c3c20f121,1,1
support-final-ca740c106b65301c3c20f121,2,1
support-final-ca740c106b65301c3c20f121,3,1
support-final-ca740c106b65301c3c20f121,4,1
support-final-ca740c106b65301c3c20f121,5,2
support-final-ca740c106b65301c3c20f121,6,2
support-final-ca740c106b65301c3c20f121,7,3
support-final-ca740c106b65301c3c20f121,8,4
support-final-ca740c106b65301c3c20f121,9,4
support-final-ca740c106b65301c3c20f121,10,4
support-final-68807310bf257b755381e67b,0,0
support-final-68807310bf257b755381e67b,1,0
support-final-68807310bf257b755381e67b,2,0
support-final-68807310bf257b755381e67b,3,0
support-final-68807310bf257b755381e67b,4,0
support-final-68807310bf257b755381e67b,5,0
support-final-68807310bf257b755381e67b,6,0
support-final-68807310bf257b755381e67b,7,0
support-final-68807310bf257b755381e67b,8,0
support-final-68807310bf257b755381e67b,9,0
support-final-68807310bf257b755381e67b,10,0
support-final-fdb8c5628b1505159c52f7cc,0,0
support-final-fdb8c5628b1505159c52f7cc,1,0
support-final-fdb8c5628b1505159c52f7cc,2,0
support-final-fdb8c5628b1505159c52f7cc,3,0
support-final-fdb8c5628b1505159c52f7cc,4,0
support-final-fdb8c5628b1505159c52f7cc,5,0
support-final-fdb8c5628b1505159c52f7cc,6,0
support-final-fdb8c5628b1505159c52f7cc,7,0
support-final-fdb8c5628b1505159c52f7cc,8,0
support-final-fdb8c5628b1505159c52f7cc,9,0
support-final-fdb8c5628b1505159c52f7cc,10,0
support-final-03a88c2191e750bc3ef7d49f,0,0
support-final-03a88c2191e750bc3ef7d49f,1,0
support-final-03a88c2191e750bc3ef7d49f,2,0
support-final-03a88c2191e750bc3ef7d49f,3,0
support-final-03a88c2191e750bc3ef7d49f,4,0
support-final-03a88c2191e750bc3ef7d49f,5,0
support-final-03a88c2191e750bc3ef7d49f,6,0
support-final-03a88c2191e750bc3ef7d49f,7,1
support-final-03a88c2191e750bc3ef7d49f,8,1
support-final-03a88c2191e750bc3ef7d49f,9,1
support-final-03a88c2191e750bc3ef7d49f,10,2
support-final-3c7a01fbc23fb606dce7a9d6,0,0
support-final-3c7a01fbc23fb606dce7a9d6,1,0
support-final-3c7a01fbc23fb606dce7a9d6,2,0
support-final-3c7a01fbc23fb606dce7a9d6,3,0
support-final-3c7a01fbc23fb606dce7a9d6,4,0
support-final-3c7a01fbc23fb606dce7a9d6,5,0
support-final-3c7a01fbc23fb606dce7a9d6,6,0
support-final-3c7a01fbc23fb606dce7a9d6,7,0
support-final-3c7a01fbc23fb606dce7a9d6,8,0
support-final-3c7a01fbc23fb606dce7a9d6,9,0
support-final-3c7a01fbc23fb606dce7a9d6,10,0
support-final-fc0043a22db53c8ad31ef9fd,0,0
support-final-fc0043a22db53c8ad31ef9fd,1,1
support-final-fc0043a22db53c8ad31ef9fd,2,1
support-final-fc0043a22db53c8ad31ef9fd,3,2
support-final-fc0043a22db53c8ad31ef9fd,4,2
support-final-fc0043a22db53c8ad31ef9fd,5,3
support-final-fc0043a22db53c8ad31ef9fd,6,3
support-final-fc0043a22db53c8ad31ef9fd,7,3
support-final-fc0043a22db53c8ad31ef9fd,8,3
support-final-fc0043a22db53c8ad31ef9fd,9,3
support-final-fc0043a22db53c8ad31ef9fd,10,3
support-final-b97c118de29096b29157a22f,0,0
support-final-b97c118de29096b29157a22f,1,1
support-final-b97c118de29096b29157a22f,2,1
support-final-b97c118de29096b29157a22f,3,2
support-final-b97c118de29096b29157a22f,4,2
support-final-b97c118de29096b29157a22f,5,2
support-final-b97c118de29096b29157a22f,6,3
support-final-b97c118de29096b29157a22f,7,3
support-final-b97c118de29096b29157a22f,8,4
support-final-b97c118de29096b29157a22f,9,5
support-final-b97c118de29096b29157a22f,10,5
support-final-02f2c471bf623c421c1d4e0e,0,0
support-final-02f2c471bf623c421c1d4e0e,1,0
support-final-02f2c471bf623c421c1d4e0e,2,1
support-final-02f2c471bf623c421c1d4e0e,3,2
support-final-02f2c471bf623c421c1d4e0e,4,3
support-final-02f2c471bf623c421c1d4e0e,5,4
support-final-02f2c471bf623c421c1d4e0e,6,5
support-final-02f2c471bf623c421c1d4e0e,7,5
support-final-02f2c471bf623c421c1d4e0e,8,5
support-final-02f2c471bf623c421c1d4e0e,9,5
support-final-02f2c471bf623c421c1d4e0e,10,6
support-final-908dd599770160e96ff4569c,0,0
support-final-908dd599770160e96ff4569c,1,1
support-final-908dd599770160e96ff4569c,2,2
support-final-908dd599770160e96ff4569c,3,3
support-final-908dd599770160e96ff4569c,4,4
support-final-908dd599770160e96ff4569c,5,4
support-final-908dd599770160e96ff4569c,6,4
support-final-908dd599770160e96ff4569c,7,4
support-final-908dd599770160e96ff4569c,8,4
support-final-908dd599770160e96ff4569c,9,4
support-final-908dd599770160e96ff4569c,10,4
support-final-1a6965c14309d0ed9c706be0,0,0
support-final-1a6965c14309d0ed9c706be0,1,0
support-final-1a6965c14309d0ed9c706be0,2,0
support-final-1a6965c14309d0ed9c706be0,3,0
support-final-1a6965c14309d0ed9c706be0,4,0
support-final-1a6965c14309d0ed9c706be0,5,0
support-final-1a6965c14309d0ed9c706be0,6,0
support-final-1a6965c14309d0ed9c706be0,7,0
support-final-1a6965c14309d0ed9c706be0,8,0
support-final-1a6965c14309d0ed9c706be0,9,0
support-final-1a6965c14309d0ed9c706be0,10,0
support-final-8ddd13950a3b79b7029e9ad3,0,0
support-final-8ddd13950a3b79b7029e9ad3,1,0
support-final-8ddd13950a3b79b7029e9ad3,2,0
support-final-8ddd13950a3b79b7029e9ad3,3,0
support-final-8ddd13950a3b79b7029e9ad3,4,0
support-final-8ddd13950a3b79b7029e9ad3,5,0
support-final-8ddd13950a3b79b7029e9ad3,6,0
support-final-8ddd13950a3b79b7029e9ad3,7,0
support-final-8ddd13950a3b79b7029e9ad3,8,0
support-final-8ddd13950a3b79b7029e9ad3,9,0
support-final-8ddd13950a3b79b7029e9ad3,10,0
support-final-162b641b9c795ec8cbbca2cd,0,0
support-final-162b641b9c795ec8cbbca2cd,1,0
support-final-162b641b9c795ec8cbbca2cd,2,0
support-final-162b641b9c795ec8cbbca2cd,3,0
support-final-162b641b9c795ec8cbbca2cd,4,0
support-final-162b641b9c795ec8cbbca2cd,5,0
support-final-162b641b9c795ec8cbbca2cd,6,0
support-final-162b641b9c795ec8cbbca2cd,7,0
support-final-162b641b9c795ec8cbbca2cd,8,0
support-final-162b641b9c795ec8cbbca2cd,9,0
support-final-162b641b9c795ec8cbbca2cd,10,0
support-final-f09b3e784a0ddc04b0a7317a,0,0
support-final-f09b3e784a0ddc04b0a7317a,1,0
support-final-f09b3e784a0ddc04b0a7317a,2,0
support-final-f09b3e784a0ddc04b0a7317a,3,0
support-final-f09b3e784a0ddc04b0a7317a,4,0
support-final-f09b3e784a0ddc04b0a7317a,5,0
support-final-f09b3e784a0ddc04b0a7317a,6,0
support-final-f09b3e784a0ddc04b0a7317a,7,0
support-final-f09b3e784a0ddc04b0a7317a,8,0
support-final-f09b3e784a0ddc04b0a7317a,9,0
support-final-f09b3e784a0ddc04b0a7317a,10,0
support-final-dc0639b5ff8be613f1c8c6f0,0,0
support-final-dc0639b5ff8be613f1c8c6f0,1,0
support-final-dc0639b5ff8be613f1c8c6f0,2,0
support-final-dc0639b5ff8be613f1c8c6f0,3,0
support-final-dc0639b5ff8be613f1c8c6f0,4,0
support-final-dc0639b5ff8be613f1c8c6f0,5,0
support-final-dc0639b5ff8be613f1c8c6f0,6,0
support-final-dc0639b5ff8be613f1c8c6f0,7,0
support-final-dc0639b5ff8be613f1c8c6f0,8,0
support-final-dc0639b5ff8be613f1c8c6f0,9,0
support-final-dc0639b5ff8be613f1c8c6f0,10,0
support-final-45ccef9bb58094559ca4578d,0,0
support-final-45ccef9bb58094559ca4578d,1,0
support-final-45ccef9bb58094559ca4578d,2,0
support-final-45ccef9bb58094559ca4578d,3,0
support-final-45ccef9bb58094559ca4578d,4,1
support-final-45ccef9bb58094559ca4578d,5,1
support-final-45ccef9bb58094559ca4578d,6,1
support-final-45ccef9bb58094559ca4578d,7,1
support-final-45ccef9bb58094559ca4578d,8,2
support-final-45ccef9bb58094559ca4578d,9,3
support-final-45ccef9bb58094559ca4578d,10,3
support-final-f4faf6133fc3e50f03662f80,0,0
support-final-f4faf6133fc3e50f03662f80,1,0
support-final-f4faf6133fc3e50f03662f80,2,0
support-final-f4faf6133fc3e50f03662f80,3,0
support-final-f4faf6133fc3e50f03662f80,4,0
support-final-f4faf6133fc3e50f03662f80,5,0
support-final-f4faf6133fc3e50f03662f80,6,0
support-final-f4faf6133fc3e50f03662f80,7,0
support-final-f4faf6133fc3e50f03662f80,8,0
support-final-f4faf6133fc3e50f03662f80,9,0
support-final-f4faf6133fc3e50f03662f80,10,0
support-final-7a5ae0a82032daf2b8670e82,0,0
support-final-7a5ae0a82032daf2b8670e82,1,0
support-final-7a5ae0a82032daf2b8670e82,2,0
support-final-7a5ae0a82032daf2b8670e82,3,0
support-final-7a5ae0a82032daf2b8670e82,4,0
support-final-7a5ae0a82032daf2b8670e82,5,0
support-final-7a5ae0a82032daf2b8670e82,6,0
support-final-7a5ae0a82032daf2b8670e82,7,0
support-final-7a5ae0a82032daf2b8670e82,8,0
support-final-7a5ae0a82032daf2b8670e82,9,0
support-final-7a5ae0a82032daf2b8670e82,10,0
support-final-ae70b098ac34ffb7a212b8bc,0,0
support-final-ae70b098ac34ffb7a212b8bc,1,0
support-final-ae70b098ac34ffb7a212b8bc,2,0
support-final-ae70b098ac34ffb7a212b8bc,3,0
support-final-ae70b098ac34ffb7a212b8bc,4,0
support-final-ae70b098ac34ffb7a212b8bc,5,0
support-final-ae70b098ac34ffb7a212b8bc,6,0
support-final-ae70b098ac34ffb7a212b8bc,7,0
support-final-ae70b098ac34ffb7a212b8bc,8,0
support-final-ae70b098ac34ffb7a212b8bc,9,0
support-final-ae70b098ac34ffb7a212b8bc,10,0
support-final-0f1e8770273e505e68224b59,0,0
support-final-0f1e8770273e505e68224b59,1,0
support-final-0f1e8770273e505e68224b59,2,0
support-final-0f1e8770273e505e68224b59,3,0
support-final-0f1e8770273e505e68224b59,4,0
support-final-0f1e8770273e505e68224b59,5,0
support-final-0f1e8770273e505e68224b59,6,0
support-final-0f1e8770273e505e68224b59,7,0
support-final-0f1e8770273e505e68224b59,8,0
support-final-0f1e8770273e505e68224b59,9,0
support-final-0f1e8770273e505e68224b59,10,0
support-final-6c28174809966ea018c63137,0,0
support-final-6c28174809966ea018c63137,1,1
support-final-6c28174809966ea018c63137,2,1
support-final-6c28174809966ea018c63137,3,2
support-final-6c28174809966ea018c63137,4,2
support-final-6c28174809966ea018c63137,5,3
support-final-6c28174809966ea018c63137,6,3
support-final-6c28174809966ea018c63137,7,3
support-final-6c28174809966ea018c63137,8,3
support-final-6c28174809966ea018c63137,9,3
support-final-6c28174809966ea018c63137,10,4
support-final-c3dbabc87b2a3c1267811fc6,0,0
support-final-c3dbabc87b2a3c1267811fc6,1,0
support-final-c3dbabc87b2a3c1267811fc6,2,0
support-final-c3dbabc87b2a3c1267811fc6,3,0
support-final-c3dbabc87b2a3c1267811fc6,4,0
support-final-c3dbabc87b2a3c1267811fc6,5,0
support-final-c3dbabc87b2a3c1267811fc6,6,0
support-final-c3dbabc87b2a3c1267811fc6,7,0
support-final-c3dbabc87b2a3c1267811fc6,8,0
support-final-c3dbabc87b2a3c1267811fc6,9,0
support-final-c3dbabc87b2a3c1267811fc6,10,0
support-final-5a61a9345b4783b8f063d9a7,0,0
support-final-5a61a9345b4783b8f063d9a7,1,1
support-final-5a61a9345b4783b8f063d9a7,2,1
support-final-5a61a9345b4783b8f063d9a7,3,1
support-final-5a61a9345b4783b8f063d9a7,4,1
support-final-5a61a9345b4783b8f063d9a7,5,1
support-final-5a61a9345b4783b8f063d9a7,6,1
support-final-5a61a9345b4783b8f063d9a7,7,1
support-final-5a61a9345b4783b8f063d9a7,8,1
support-final-5a61a9345b4783b8f063d9a7,9,1
support-final-5a61a9345b4783b8f063d9a7,10,1
support-final-2bdf4f4539b5b6ae72a60fac,0,0
support-final-2bdf4f4539b5b6ae72a60fac,1,0
support-final-2bdf4f4539b5b6ae72a60fac,2,0
support-final-2bdf4f4539b5b6ae72a60fac,3,0
support-final-2bdf4f4539b5b6ae72a60fac,4,0
support-final-2bdf4f4539b5b6ae72a60fac,5,0
support-final-2bdf4f4539b5b6ae72a60fac,6,0
support-final-2bdf4f4539b5b6ae72a60fac,7,0
support-final-2bdf4f4539b5b6ae72a60fac,8,0
support-final-2bdf4f4539b5b6ae72a60fac,9,0
support-final-2bdf4f4539b5b6ae72a60fac,10,0
support-final-31f044258c9790e0ed34ad4c,0,0
support-final-31f044258c9790e0ed34ad4c,1,0
support-final-31f044258c9790e0ed34ad4c,2,0
support-final-31f044258c9790e0ed34ad4c,3,0
support-final-31f044258c9790e0ed34ad4c,4,0
support-final-31f044258c9790e0ed34ad4c,5,0
support-final-31f044258c9790e0ed34ad4c,6,0
support-final-31f044258c9790e0ed34ad4c,7,0
support-final-31f044258c9790e0ed34ad4c,8,0
support-final-31f044258c9790e0ed34ad4c,9,0
support-final-31f044258c9790e0ed34ad4c,10,0
support-final-38376b8955a4da1e4a0d6f65,0,0
support-final-38376b8955a4da1e4a0d6f65,1,0
support-final-38376b8955a4da1e4a0d6f65,2,0
support-final-38376b8955a4da1e4a0d6f65,3,0
support-final-38376b8955a4da1e4a0d6f65,4,0
support-final-38376b8955a4da1e4a0d6f65,5,0
support-final-38376b8955a4da1e4a0d6f65,6,0
support-final-38376b8955a4da1e4a0d6f65,7,0
support-final-38376b8955a4da1e4a0d6f65,8,0
support-final-38376b8955a4da1e4a0d6f65,9,0
support-final-38376b8955a4da1e4a0d6f65,10,0
support-final-3938bc8f2c24ff0251e1679a,0,0
support-final-3938bc8f2c24ff0251e1679a,1,1
support-final-3938bc8f2c24ff0251e1679a,2,2
support-final-3938bc8f2c24ff0251e1679a,3,2
support-final-3938bc8f2c24ff0251e1679a,4,2
support-final-3938bc8f2c24ff0251e1679a,5,2
support-final-3938bc8f2c24ff0251e1679a,6,2
support-final-3938bc8f2c24ff0251e1679a,7,2
support-final-3938bc8f2c24ff0251e1679a,8,2
support-final-3938bc8f2c24ff0251e1679a,9,2
support-final-3938bc8f2c24ff0251e1679a,10,2
support-final-3a3a869a8793e7c692b548cd,0,0
support-final-3a3a869a8793e7c692b548cd,1,0
support-final-3a3a869a8793e7c692b548cd,2,0
support-final-3a3a869a8793e7c692b548cd,3,0
support-final-3a3a869a8793e7c692b548cd,4,0
support-final-3a3a869a8793e7c692b548cd,5,0
support-final-3a3a869a8793e7c692b548cd,6,0
support-final-3a3a869a8793e7c692b548cd,7,0
support-final-3a3a869a8793e7c692b548cd,8,0
support-final-3a3a869a8793e7c692b548cd,9,0
support-final-3a3a869a8793e7c692b548cd,10,0
support-final-9e8cef5805e83a07574eb99f,0,0
support-final-9e8cef5805e83a07574eb99f,1,0
support-final-9e8cef5805e83a07574eb99f,2,0
support-final-9e8cef5805e83a07574eb99f,3,0
support-final-9e8cef5805e83a07574eb99f,4,0
support-final-9e8cef5805e83a07574eb99f,5,0
support-final-9e8cef5805e83a07574eb99f,6,0
support-final-9e8cef5805e83a07574eb99f,7,0
support-final-9e8cef5805e83a07574eb99f,8,0
support-final-9e8cef5805e83a07574eb99f,9,0
support-final-9e8cef5805e83a07574eb99f,10,0
support-final-9389374cf75d2e5afbad8e5b,0,0
support-final-9389374cf75d2e5afbad8e5b,1,1
support-final-9389374cf75d2e5afbad8e5b,2,1
support-final-9389374cf75d2e5afbad8e5b,3,2
support-final-9389374cf75d2e5afbad8e5b,4,2
support-final-9389374cf75d2e5afbad8e5b,5,2
support-final-9389374cf75d2e5afbad8e5b,6,2
support-final-9389374cf75d2e5afbad8e5b,7,2
support-final-9389374cf75d2e5afbad8e5b,8,3
support-final-9389374cf75d2e5afbad8e5b,9,4
support-final-9389374cf75d2e5afbad8e5b,10,4
support-final-2cd11ff827dc56a49263e71d,0,0
support-final-2cd11ff827dc56a49263e71d,1,0
support-final-2cd11ff827dc56a49263e71d,2,0
support-final-2cd11ff827dc56a49263e71d,3,0
support-final-2cd11ff827dc56a49263e71d,4,0
support-final-2cd11ff827dc56a49263e71d,5,0
support-final-2cd11ff827dc56a49263e71d,6,1
support-final-2cd11ff827dc56a49263e71d,7,1
support-final-2cd11ff827dc56a49263e71d,8,1
support-final-2cd11ff827dc56a49263e71d,9,1
support-final-2cd11ff827dc56a49263e71d,10,1
support-final-5d1cc6924d5efee9cbf9f4a0,0,0
support-final-5d1cc6924d5efee9cbf9f4a0,1,1
support-final-5d1cc6924d5efee9cbf9f4a0,2,2
support-final-5d1cc6924d5efee9cbf9f4a0,3,2
support-final-5d1cc6924d5efee9cbf9f4a0,4,3
support-final-5d1cc6924d5efee9cbf9f4a0,5,3
support-final-5d1cc6924d5efee9cbf9f4a0,6,4
support-final-5d1cc6924d5efee9cbf9f4a0,7,5
support-final-5d1cc6924d5efee9cbf9f4a0,8,6
support-final-5d1cc6924d5efee9cbf9f4a0,9,7
support-final-5d1cc6924d5efee9cbf9f4a0,10,7
support-final-2b6cfd7c97c158c305971c45,0,0
support-final-2b6cfd7c97c158c305971c45,1,1
support-final-2b6cfd7c97c158c305971c45,2,2
support-final-2b6cfd7c97c158c305971c45,3,2
support-final-2b6cfd7c97c158c305971c45,4,2
support-final-2b6cfd7c97c158c305971c45,5,2
support-final-2b6cfd7c97c158c305971c45,6,2
support-final-2b6cfd7c97c158c305971c45,7,2
support-final-2b6cfd7c97c158c305971c45,8,2
support-final-2b6cfd7c97c158c305971c45,9,2
support-final-2b6cfd7c97c158c305971c45,10,3
support-final-97076161f2eb1dff20b02ffe,0,0
support-final-97076161f2eb1dff20b02ffe,1,0
support-final-97076161f2eb1dff20b02ffe,2,0
support-final-97076161f2eb1dff20b02ffe,3,0
support-final-97076161f2eb1dff20b02ffe,4,0
support-final-97076161f2eb1dff20b02ffe,5,0
support-final-97076161f2eb1dff20b02ffe,6,0
support-final-97076161f2eb1dff20b02ffe,7,0
support-final-97076161f2eb1dff20b02ffe,8,0
support-final-97076161f2eb1dff20b02ffe,9,0
support-final-97076161f2eb1dff20b02ffe,10,0
support-final-8f46b298f45606301f129592,0,0
support-final-8f46b298f45606301f129592,1,0
support-final-8f46b298f45606301f129592,2,0
support-final-8f46b298f45606301f129592,3,0
support-final-8f46b298f45606301f129592,4,0
support-final-8f46b298f45606301f129592,5,0
support-final-8f46b298f45606301f129592,6,0
support-final-8f46b298f45606301f129592,7,0
support-final-8f46b298f45606301f129592,8,0
support-final-8f46b298f45606301f129592,9,0
support-final-8f46b298f45606301f129592,10,0
support-final-05feaed2ad61a92cb190b3e5,0,0
support-final-05feaed2ad61a92cb190b3e5,1,0
support-final-05feaed2ad61a92cb190b3e5,2,0
support-final-05feaed2ad61a92cb190b3e5,3,0
support-final-05feaed2ad61a92cb190b3e5,4,0
support-final-05feaed2ad61a92cb190b3e5,5,0
support-final-05feaed2ad61a92cb190b3e5,6,0
support-final-05feaed2ad61a92cb190b3e5,7,0
support-final-05feaed2ad61a92cb190b3e5,8,0
support-final-05feaed2ad61a92cb190b3e5,9,0
support-final-05feaed2ad61a92cb190b3e5,10,0
support-final-457a10ecbf532b6fd06f39e4,0,0
support-final-457a10ecbf532b6fd06f39e4,1,1
support-final-457a10ecbf532b6fd06f39e4,2,1
support-final-457a10ecbf532b6fd06f39e4,3,1
support-final-457a10ecbf532b6fd06f39e4,4,1
support-final-457a10ecbf532b6fd06f39e4,5,2
support-final-457a10ecbf532b6fd06f39e4,6,2
support-final-457a10ecbf532b6fd06f39e4,7,2
support-final-457a10ecbf532b6fd06f39e4,8,3
support-final-457a10ecbf532b6fd06f39e4,9,3
support-final-457a10ecbf532b6fd06f39e4,10,3
support-final-72aa86a5713ed896e3b40dbb,0,0
support-final-72aa86a5713ed896e3b40dbb,1,1
support-final-72aa86a5713ed896e3b40dbb,2,1
support-final-72aa86a5713ed896e3b40dbb,3,1
support-final-72aa86a5713ed896e3b40dbb,4,2
support-final-72aa86a5713ed896e3b40dbb,5,2
support-final-72aa86a5713ed896e3b40dbb,6,2
support-final-72aa86a5713ed896e3b40dbb,7,2
support-final-72aa86a5713ed896e3b40dbb,8,2
support-final-72aa86a5713ed896e3b40dbb,9,3
support-final-72aa86a5713ed896e3b40dbb,10,3
support-final-08b058c2dd9afd5e0f0a30e3,0,0
support-final-08b058c2dd9afd5e0f0a30e3,1,1
support-final-08b058c2dd9afd5e0f0a30e3,2,2
support-final-08b058c2dd9afd5e0f0a30e3,3,2
support-final-08b058c2dd9afd5e0f0a30e3,4,3
support-final-08b058c2dd9afd5e0f0a30e3,5,4
support-final-08b058c2dd9afd5e0f0a30e3,6,4
support-final-08b058c2dd9afd5e0f0a30e3,7,4
support-final-08b058c2dd9afd5e0f0a30e3,8,4
support-final-08b058c2dd9afd5e0f0a30e3,9,4
support-final-08b058c2dd9afd5e0f0a30e3,10,4
support-final-ea39d560b53398573d647942,0,0
support-final-ea39d560b53398573d647942,1,1
support-final-ea39d560b53398573d647942,2,2
support-final-ea39d560b53398573d647942,3,3
support-final-ea39d560b53398573d647942,4,3
support-final-ea39d560b53398573d647942,5,4
support-final-ea39d560b53398573d647942,6,5
support-final-ea39d560b53398573d647942,7,6
support-final-ea39d560b53398573d647942,8,7
support-final-ea39d560b53398573d647942,9,8
support-final-ea39d560b53398573d647942,10,9
support-final-59e54738f552a29a0365ee6c,0,0
support-final-59e54738f552a29a0365ee6c,1,0
support-final-59e54738f552a29a0365ee6c,2,0
support-final-59e54738f552a29a0365ee6c,3,0
support-final-59e54738f552a29a0365ee6c,4,0
support-final-59e54738f552a29a0365ee6c,5,0
support-final-59e54738f552a29a0365ee6c,6,0
support-final-59e54738f552a29a0365ee6c,7,0
support-final-59e54738f552a29a0365ee6c,8,0
support-final-59e54738f552a29a0365ee6c,9,0
support-final-59e54738f552a29a0365ee6c,10,0
support-final-edb4223557993b86de341be4,0,0
support-final-edb4223557993b86de341be4,1,0
support-final-edb4223557993b86de341be4,2,0
support-final-edb4223557993b86de341be4,3,0
support-final-edb4223557993b86de341be4,4,1
support-final-edb4223557993b86de341be4,5,1
support-final-edb4223557993b86de341be4,6,1
support-final-edb4223557993b86de341be4,7,1
support-final-edb4223557993b86de341be4,8,1
support-final-edb4223557993b86de341be4,9,1
support-final-edb4223557993b86de341be4,10,1
support-final-4df937dd122841de63e2173a,0,0
support-final-4df937dd122841de63e2173a,1,0
support-final-4df937dd122841de63e2173a,2,0
support-final-4df937dd122841de63e2173a,3,0
support-final-4df937dd122841de63e2173a,4,0
support-final-4df937dd122841de63e2173a,5,0
support-final-4df937dd122841de63e2173a,6,0
support-final-4df937dd122841de63e2173a,7,0
support-final-4df937dd122841de63e2173a,8,0
support-final-4df937dd122841de63e2173a,9,0
support-final-4df937dd122841de63e2173a,10,0
support-final-aaef0ac2ab97032d31445893,0,0
support-final-aaef0ac2ab97032d31445893,1,0
support-final-aaef0ac2ab97032d31445893,2,0
support-final-aaef0ac2ab97032d31445893,3,0
support-final-aaef0ac2ab97032d31445893,4,0
support-final-aaef0ac2ab97032d31445893,5,0
support-final-aaef0ac2ab97032d31445893,6,0
support-final-aaef0ac2ab97032d31445893,7,0
support-final-aaef0ac2ab97032d31445893,8,0
support-final-aaef0ac2ab97032d31445893,9,0
support-final-aaef0ac2ab97032d31445893,10,0
support-final-614f75717580ae25345e380d,0,0
support-final-614f75717580ae25345e380d,1,0
support-final-614f75717580ae25345e380d,2,0
support-final-614f75717580ae25345e380d,3,0
support-final-614f75717580ae25345e380d,4,0
support-final-614f75717580ae25345e380d,5,0
support-final-614f75717580ae25345e380d,6,0
support-final-614f75717580ae25345e380d,7,0
support-final-614f75717580ae25345e380d,8,0
support-final-614f75717580ae25345e380d,9,0
support-final-614f75717580ae25345e380d,10,0
support-final-9e45216dc2acfb5b023b2912,0,0
support-final-9e45216dc2acfb5b023b2912,1,1
support-final-9e45216dc2acfb5b023b2912,2,1
support-final-9e45216dc2acfb5b023b2912,3,1
support-final-9e45216dc2acfb5b023b2912,4,1
support-final-9e45216dc2acfb5b023b2912,5,1
support-final-9e45216dc2acfb5b023b2912,6,1
support-final-9e45216dc2acfb5b023b2912,7,1
support-final-9e45216dc2acfb5b023b2912,8,1
support-final-9e45216dc2acfb5b023b2912,9,1
support-final-9e45216dc2acfb5b023b2912,10,1
support-final-44208b2cc04dd2e72c28c5b6,0,0
support-final-44208b2cc04dd2e72c28c5b6,1,0
support-final-44208b2cc04dd2e72c28c5b6,2,0
support-final-44208b2cc04dd2e72c28c5b6,3,0
support-final-44208b2cc04dd2e72c28c5b6,4,0
support-final-44208b2cc04dd2e72c28c5b6,5,0
support-final-44208b2cc04dd2e72c28c5b6,6,0
support-final-44208b2cc04dd2e72c28c5b6,7,0
support-final-44208b2cc04dd2e72c28c5b6,8,0
support-final-44208b2cc04dd2e72c28c5b6,9,0
support-final-44208b2cc04dd2e72c28c5b6,10,0
support-final-3ca7f63e1d21bfa750249da1,0,0
support-final-3ca7f63e1d21bfa750249da1,1,0
support-final-3ca7f63e1d21bfa750249da1,2,0
support-final-3ca7f63e1d21bfa750249da1,3,0
support-final-3ca7f63e1d21bfa750249da1,4,0
support-final-3ca7f63e1d21bfa750249da1,5,0
support-final-3ca7f63e1d21bfa750249da1,6,0
support-final-3ca7f63e1d21bfa750249da1,7,0
support-final-3ca7f63e1d21bfa750249da1,8,0
support-final-3ca7f63e1d21bfa750249da1,9,0
support-final-3ca7f63e1d21bfa750249da1,10,0
support-final-842e278411984af06e4ada1e,0,0
support-final-842e278411984af06e4ada1e,1,0
support-final-842e278411984af06e4ada1e,2,0
support-final-842e278411984af06e4ada1e,3,0
support-final-842e278411984af06e4ada1e,4,0
support-final-842e278411984af06e4ada1e,5,0
support-final-842e278411984af06e4ada1e,6,0
support-final-842e278411984af06e4ada1e,7,0
support-final-842e278411984af06e4ada1e,8,0
support-final-842e278411984af06e4ada1e,9,0
support-final-842e278411984af06e4ada1e,10,0
support-final-8a754d5f3ab62a69c08e01a7,0,0
support-final-8a754d5f3ab62a69c08e01a7,1,0
support-final-8a754d5f3ab62a69c08e01a7,2,0
support-final-8a754d5f3ab62a69c08e01a7,3,0
support-final-8a754d5f3ab62a69c08e01a7,4,0
support-final-8a754d5f3ab62a69c08e01a7,5,0
support-final-8a754d5f3ab62a69c08e01a7,6,0
support-final-8a754d5f3ab62a69c08e01a7,7,0
support-final-8a754d5f3ab62a69c08e01a7,8,0
support-final-8a754d5f3ab62a69c08e01a7,9,0
support-final-8a754d5f3ab62a69c08e01a7,10,0
support-final-d14ea66e10fcb117d0b7c732,0,0
support-final-d14ea66e10fcb117d0b7c732,1,0
support-final-d14ea66e10fcb117d0b7c732,2,0
support-final-d14ea66e10fcb117d0b7c732,3,1
support-final-d14ea66e10fcb117d0b7c732,4,1
support-final-d14ea66e10fcb117d0b7c732,5,2
support-final-d14ea66e10fcb117d0b7c732,6,3
support-final-d14ea66e10fcb117d0b7c732,7,4
support-final-d14ea66e10fcb117d0b7c732,8,5
support-final-d14ea66e10fcb117d0b7c732,9,5
support-final-d14ea66e10fcb117d0b7c732,10,5
support-final-275e675bf71e7914132b00be,0,0
support-final-275e675bf71e7914132b00be,1,0
support-final-275e675bf71e7914132b00be,2,0
support-final-275e675bf71e7914132b00be,3,0
support-final-275e675bf71e7914132b00be,4,0
support-final-275e675bf71e7914132b00be,5,0
support-final-275e675bf71e7914132b00be,6,0
support-final-275e675bf71e7914132b00be,7,0
support-final-275e675bf71e7914132b00be,8,0
support-final-275e675bf71e7914132b00be,9,0
support-final-275e675bf71e7914132b00be,10,0
support-final-5b612c001aea630b27251493,0,0
support-final-5b612c001aea630b27251493,1,0
support-final-5b612c001aea630b27251493,2,0
support-final-5b612c001aea630b27251493,3,0
support-final-5b612c001aea630b27251493,4,0
support-final-5b612c001aea630b27251493,5,0
support-final-5b612c001aea630b27251493,6,0
support-final-5b612c001aea630b27251493,7,0
support-final-5b612c001aea630b27251493,8,0
support-final-5b612c001aea630b27251493,9,0
support-final-5b612c001aea630b27251493,10,0
support-final-c0a81be74c7f44a8edb7deff,0,0
support-final-c0a81be74c7f44a8edb7deff,1,0
support-final-c0a81be74c7f44a8edb7deff,2,0
support-final-c0a81be74c7f44a8edb7deff,3,0
support-final-c0a81be74c7f44a8edb7deff,4,0
support-final-c0a81be74c7f44a8edb7deff,5,0
support-final-c0a81be74c7f44a8edb7deff,6,0
support-final-c0a81be74c7f44a8edb7deff,7,0
support-final-c0a81be74c7f44a8edb7deff,8,0
support-final-c0a81be74c7f44a8edb7deff,9,0
support-final-c0a81be74c7f44a8edb7deff,10,0
support-final-e0ec7faa860b1c40847022ea,0,0
support-final-e0ec7faa860b1c40847022ea,1,0
support-final-e0ec7faa860b1c40847022ea,2,0
support-final-e0ec7faa860b1c40847022ea,3,0
support-final-e0ec7faa860b1c40847022ea,4,0
support-final-e0ec7faa860b1c40847022ea,5,0
support-final-e0ec7faa860b1c40847022ea,6,0
support-final-e0ec7faa860b1c40847022ea,7,0
support-final-e0ec7faa860b1c40847022ea,8,0
support-final-e0ec7faa860b1c40847022ea,9,0
support-final-e0ec7faa860b1c40847022ea,10,0
support-final-e9c57599b97fae01128db4d0,0,0
support-final-e9c57599b97fae01128db4d0,1,0
support-final-e9c57599b97fae01128db4d0,2,0
support-final-e9c57599b97fae01128db4d0,3,0
support-final-e9c57599b97fae01128db4d0,4,0
support-final-e9c57599b97fae01128db4d0,5,0
support-final-e9c57599b97fae01128db4d0,6,0
support-final-e9c57599b97fae01128db4d0,7,0
support-final-e9c57599b97fae01128db4d0,8,0
support-final-e9c57599b97fae01128db4d0,9,0
support-final-e9c57599b97fae01128db4d0,10,0
support-final-de5608127bc6f520ab38ee6d,0,0
support-final-de5608127bc6f520ab38ee6d,1,0
support-final-de5608127bc6f520ab38ee6d,2,0
support-final-de5608127bc6f520ab38ee6d,3,0
support-final-de5608127bc6f520ab38ee6d,4,0
support-final-de5608127bc6f520ab38ee6d,5,0
support-final-de5608127bc6f520ab38ee6d,6,0
support-final-de5608127bc6f520ab38ee6d,7,0
support-final-de5608127bc6f520ab38ee6d,8,0
support-final-de5608127bc6f520ab38ee6d,9,0
support-final-de5608127bc6f520ab38ee6d,10,0
support-final-980c55fd17db01b0c1f99e2c,0,0
support-final-980c55fd17db01b0c1f99e2c,1,0
support-final-980c55fd17db01b0c1f99e2c,2,0
support-final-980c55fd17db01b0c1f99e2c,3,0
support-final-980c55fd17db01b0c1f99e2c,4,0
support-final-980c55fd17db01b0c1f99e2c,5,0
support-final-980c55fd17db01b0c1f99e2c,6,0
support-final-980c55fd17db01b0c1f99e2c,7,0
support-final-980c55fd17db01b0c1f99e2c,8,0
support-final-980c55fd17db01b0c1f99e2c,9,0
support-final-980c55fd17db01b0c1f99e2c,10,0
support-final-4e4721bd01b1b612f21d59c7,0,0
support-final-4e4721bd01b1b612f21d59c7,1,0
support-final-4e4721bd01b1b612f21d59c7,2,0
support-final-4e4721bd01b1b612f21d59c7,3,0
support-final-4e4721bd01b1b612f21d59c7,4,0
support-final-4e4721bd01b1b612f21d59c7,5,0
support-final-4e4721bd01b1b612f21d59c7,6,0
support-final-4e4721bd01b1b612f21d59c7,7,0
support-final-4e4721bd01b1b612f21d59c7,8,0
support-final-4e4721bd01b1b612f21d59c7,9,0
support-final-4e4721bd01b1b612f21d59c7,10,0
support-final-5353e0b207810d061b292692,0,0
support-final-5353e0b207810d061b292692,1,0
support-final-5353e0b207810d061b292692,2,0
support-final-5353e0b207810d061b292692,3,0
support-final-5353e0b207810d061b292692,4,0
support-final-5353e0b207810d061b292692,5,0
support-final-5353e0b207810d061b292692,6,1
support-final-5353e0b207810d061b292692,7,1
support-final-5353e0b207810d061b292692,8,1
support-final-5353e0b207810d061b292692,9,1
support-final-5353e0b207810d061b292692,10,1
support-final-2b96c9fd2ded8ff4d3c9fa7b,0,0
support-final-2b96c9fd2ded8ff4d3c9fa7b,1,0
support-final-2b96c9fd2ded8ff4d3c9fa7b,2,0
support-final-2b96c9fd2ded8ff4d3c9fa7b,3,0
support-final-2b96c9fd2ded8ff4d3c9fa7b,4,0
support-final-2b96c9fd2ded8ff4d3c9fa7b,5,0
support-final-2b96c9fd2ded8ff4d3c9fa7b,6,0
support-final-2b96c9fd2ded8ff4d3c9fa7b,7,0
support-final-2b96c9fd2ded8ff4d3c9fa7b,8,0
support-final-2b96c9fd2ded8ff4d3c9fa7b,9,0
support-final-2b96c9fd2ded8ff4d3c9fa7b,10,0
support-final-c3b9e4053e380cd376460042,0,0
support-final-c3b9e4053e380cd376460042,1,1
support-final-c3b9e4053e380cd376460042,2,1
support-final-c3b9e4053e380cd376460042,3,2
support-final-c3b9e4053e380cd376460042,4,3
support-final-c3b9e4053e380cd376460042,5,3
support-final-c3b9e4053e380cd376460042,6,3
support-final-c3b9e4053e380cd376460042,7,3
support-final-c3b9e4053e380cd376460042,8,3
support-final-c3b9e4053e380cd376460042,9,3
support-final-c3b9e4053e380cd376460042,10,3
support-final-5b6d1b84cc2ee0f52bb1c366,0,0
support-final-5b6d1b84cc2ee0f52bb1c366,1,0
support-final-5b6d1b84cc2ee0f52bb1c366,2,1
support-final-5b6d1b84cc2ee0f52bb1c366,3,1
support-final-5b6d1b84cc2ee0f52bb1c366,4,1
support-final-5b6d1b84cc2ee0f52bb1c366,5,2
support-final-5b6d1b84cc2ee0f52bb1c366,6,3
support-final-5b6d1b84cc2ee0f52bb1c366,7,3
support-final-5b6d1b84cc2ee0f52bb1c366,8,3
support-final-5b6d1b84cc2ee0f52bb1c366,9,3
support-final-5b6d1b84cc2ee0f52bb1c366,10,3
support-final-756405aa341c84c08489f23c,0,0
support-final-756405aa341c84c08489f23c,1,0
support-final-756405aa341c84c08489f23c,2,0
support-final-756405aa341c84c08489f23c,3,0
support-final-756405aa341c84c08489f23c,4,1
support-final-756405aa341c84c08489f23c,5,1
support-final-756405aa341c84c08489f23c,6,1
support-final-756405aa341c84c08489f23c,7,1
support-final-756405aa341c84c08489f23c,8,1
support-final-756405aa341c84c08489f23c,9,1
support-final-756405aa341c84c08489f23c,10,1
support-final-c2968e57d9e2851ad1f9774e,0,0
support-final-c2968e57d9e2851ad1f9774e,1,0
support-final-c2968e57d9e2851ad1f9774e,2,0
support-final-c2968e57d9e2851ad1f9774e,3,0
support-final-c2968e57d9e2851ad1f9774e,4,0
support-final-c2968e57d9e2851ad1f9774e,5,0
support-final-c2968e57d9e2851ad1f9774e,6,0
support-final-c2968e57d9e2851ad1f9774e,7,0
support-final-c2968e57d9e2851ad1f9774e,8,0
support-final-c2968e57d9e2851ad1f9774e,9,0
support-final-c2968e57d9e2851ad1f9774e,10,0
support-final-3053f402dfffb1c0c29e14c7,0,0
support-final-3053f402dfffb1c0c29e14c7,1,0
support-final-3053f402dfffb1c0c29e14c7,2,0
support-final-3053f402dfffb1c0c29e14c7,3,0
support-final-3053f402dfffb1c0c29e14c7,4,0
support-final-3053f402dfffb1c0c29e14c7,5,0
support-final-3053f402dfffb1c0c29e14c7,6,0
support-final-3053f402dfffb1c0c29e14c7,7,0
support-final-3053f402dfffb1c0c29e14c7,8,0
support-final-3053f402dfffb1c0c29e14c7,9,0
support-final-3053f402dfffb1c0c29e14c7,10,0
support-final-7c6cdc8a97236fef8f4b3ad1,0,0
support-final-7c6cdc8a97236fef8f4b3ad1,1,1
support-final-7c6cdc8a97236fef8f4b3ad1,2,1
support-final-7c6cdc8a97236fef8f4b3ad1,3,2
support-final-7c6cdc8a97236fef8f4b3ad1,4,2
support-final-7c6cdc8a97236fef8f4b3ad1,5,2
support-final-7c6cdc8a97236fef8f4b3ad1,6,2
support-final-7c6cdc8a97236fef8f4b3ad1,7,2
support-final-7c6cdc8a97236fef8f4b3ad1,8,2
support-final-7c6cdc8a97236fef8f4b3ad1,9,2
support-final-7c6cdc8a97236fef8f4b3ad1,10,2
support-final-74fa15dc86babde87cd0cf0f,0,0
support-final-74fa15dc86babde87cd0cf0f,1,1
support-final-74fa15dc86babde87cd0cf0f,2,2
support-final-74fa15dc86babde87cd0cf0f,3,2
support-final-74fa15dc86babde87cd0cf0f,4,2
support-final-74fa15dc86babde87cd0cf0f,5,3
support-final-74fa15dc86babde87cd0cf0f,6,3
support-final-74fa15dc86babde87cd0cf0f,7,4
support-final-74fa15dc86babde87cd0cf0f,8,5
support-final-74fa15dc86babde87cd0cf0f,9,5
support-final-74fa15dc86babde87cd0cf0f,10,5
support-final-a0c9a6f4b1eec241747a6666,0,0
support-final-a0c9a6f4b1eec241747a6666,1,1
support-final-a0c9a6f4b1eec241747a6666,2,2
support-final-a0c9a6f4b1eec241747a6666,3,2
support-final-a0c9a6f4b1eec241747a6666,4,3
support-final-a0c9a6f4b1eec241747a6666,5,4
support-final-a0c9a6f4b1eec241747a6666,6,4
support-final-a0c9a6f4b1eec241747a6666,7,4
support-final-a0c9a6f4b1eec241747a6666,8,4
support-final-a0c9a6f4b1eec241747a6666,9,4
support-final-a0c9a6f4b1eec241747a6666,10,4
support-final-603d93a5e35b5c329bde3929,0,0
support-final-603d93a5e35b5c329bde3929,1,1
support-final-603d93a5e35b5c329bde3929,2,2
support-final-603d93a5e35b5c329bde3929,3,3
support-final-603d93a5e35b5c329bde3929,4,4
support-final-603d93a5e35b5c329bde3929,5,5
support-final-603d93a5e35b5c329bde3929,6,5
support-final-603d93a5e35b5c329bde3929,7,6
support-final-603d93a5e35b5c329bde3929,8,7
support-final-603d93a5e35b5c329bde3929,9,7
support-final-603d93a5e35b5c329bde3929,10,8
support-final-179fb1443eef703a0e7c9ccc,0,0
support-final-179fb1443eef703a0e7c9ccc,1,0
support-final-179fb1443eef703a0e7c9ccc,2,0
support-final-179fb1443eef703a0e7c9ccc,3,0
support-final-179fb1443eef703a0e7c9ccc,4,0
support-final-179fb1443eef703a0e7c9ccc,5,0
support-final-179fb1443eef703a0e7c9ccc,6,0
support-final-179fb1443eef703a0e7c9ccc,7,0
support-final-179fb1443eef703a0e7c9ccc,8,0
support-final-179fb1443eef703a0e7c9ccc,9,0
support-final-179fb1443eef703a0e7c9ccc,10,0
support-final-a691d7b00562ab02ca35448b,0,0
support-final-a691d7b00562ab02ca35448b,1,0
support-final-a691d7b00562ab02ca35448b,2,0
support-final-a691d7b00562ab02ca35448b,3,0
support-final-a691d7b00562ab02ca35448b,4,0
support-final-a691d7b00562ab02ca35448b,5,0
support-final-a691d7b00562ab02ca35448b,6,0
support-final-a691d7b00562ab02ca35448b,7,0
support-final-a691d7b00562ab02ca35448b,8,0
support-final-a691d7b00562ab02ca35448b,9,0
support-final-a691d7b00562ab02ca35448b,10,0
support-final-996fd07eaaf7cb2907789b15,0,0
support-final-996fd07eaaf7cb2907789b15,1,0
support-final-996fd07eaaf7cb2907789b15,2,0
support-final-996fd07eaaf7cb2907789b15,3,0
support-final-996fd07eaaf7cb2907789b15,4,0
support-final-996fd07eaaf7cb2907789b15,5,0
support-final-996fd07eaaf7cb2907789b15,6,0
support-final-996fd07eaaf7cb2907789b15,7,0
support-final-996fd07eaaf7cb2907789b15,8,0
support-final-996fd07eaaf7cb2907789b15,9,0
support-final-996fd07eaaf7cb2907789b15,10,0
support-final-f758821e9368aab76c064a86,0,0
support-final-f758821e9368aab76c064a86,1,0
support-final-f758821e9368aab76c064a86,2,0
support-final-f758821e9368aab76c064a86,3,0
support-final-f758821e9368aab76c064a86,4,0
support-final-f758821e9368aab76c064a86,5,0
support-final-f758821e9368aab76c064a86,6,0
support-final-f758821e9368aab76c064a86,7,0
support-final-f758821e9368aab76c064a86,8,0
support-final-f758821e9368aab76c064a86,9,0
support-final-f758821e9368aab76c064a86,10,0
support-final-01498c2ddb77faa27a1deb42,0,0
support-final-01498c2ddb77faa27a1deb42,1,0
support-final-01498c2ddb77faa27a1deb42,2,0
support-final-01498c2ddb77faa27a1deb42,3,0
support-final-01498c2ddb77faa27a1deb42,4,0
support-final-01498c2ddb77faa27a1deb42,5,0
support-final-01498c2ddb77faa27a1deb42,6,0
support-final-01498c2ddb77faa27a1deb42,7,0
support-final-01498c2ddb77faa27a1deb42,8,0
support-final-01498c2ddb77faa27a1deb42,9,0
support-final-01498c2ddb77faa27a1deb42,10,0
support-final-094f6fdded7b1754500bec8a,0,0
support-final-094f6fdded7b1754500bec8a,1,1
support-final-094f6fdded7b1754500bec8a,2,1
support-final-094f6fdded7b1754500bec8a,3,1
support-final-094f6fdded7b1754500bec8a,4,1
support-final-094f6fdded7b1754500bec8a,5,1
support-final-094f6fdded7b1754500bec8a,6,1
support-final-094f6fdded7b1754500bec8a,7,2
support-final-094f6fdded7b1754500bec8a,8,2
support-final-094f6fdded7b1754500bec8a,9,2
support-final-094f6fdded7b1754500bec8a,10,2
support-final-f93aa971ea63b91e0dc892b3,0,0
support-final-f93aa971ea63b91e0dc892b3,1,0
support-final-f93aa971ea63b91e0dc892b3,2,0
support-final-f93aa971ea63b91e0dc892b3,3,0
support-final-f93aa971ea63b91e0dc892b3,4,0
support-final-f93aa971ea63b91e0dc892b3,5,0
support-final-f93aa971ea63b91e0dc892b3,6,0
support-final-f93aa971ea63b91e0dc892b3,7,0
support-final-f93aa971ea63b91e0dc892b3,8,0
support-final-f93aa971ea63b91e0dc892b3,9,0
support-final-f93aa971ea63b91e0dc892b3,10,0
support-final-bcf7b2f58a7d35a63c9622c1,0,0
support-final-bcf7b2f58a7d35a63c9622c1,1,0
support-final-bcf7b2f58a7d35a63c9622c1,2,0
support-final-bcf7b2f58a7d35a63c9622c1,3,0
support-final-bcf7b2f58a7d35a63c9622c1,4,0
support-final-bcf7b2f58a7d35a63c9622c1,5,0
support-final-bcf7b2f58a7d35a63c9622c1,6,0
support-final-bcf7b2f58a7d35a63c9622c1,7,0
support-final-bcf7b2f58a7d35a63c9622c1,8,0
support-final-bcf7b2f58a7d35a63c9622c1,9,0
support-final-bcf7b2f58a7d35a63c9622c1,10,0
support-final-1a4204701592b08309618c74,0,0
support-final-1a4204701592b08309618c74,1,0
support-final-1a4204701592b08309618c74,2,0
support-final-1a4204701592b08309618c74,3,0
support-final-1a4204701592b08309618c74,4,0
support-final-1a4204701592b08309618c74,5,0
support-final-1a4204701592b08309618c74,6,0
support-final-1a4204701592b08309618c74,7,0
support-final-1a4204701592b08309618c74,8,0
support-final-1a4204701592b08309618c74,9,0
support-final-1a4204701592b08309618c74,10,0
support-final-b3d4545a74174065634e7517,0,0
support-final-b3d4545a74174065634e7517,1,0
support-final-b3d4545a74174065634e7517,2,0
support-final-b3d4545a74174065634e7517,3,0
support-final-b3d4545a74174065634e7517,4,0
support-final-b3d4545a74174065634e7517,5,0
support-final-b3d4545a74174065634e7517,6,0
support-final-b3d4545a74174065634e7517,7,0
support-final-b3d4545a74174065634e7517,8,0
support-final-b3d4545a74174065634e7517,9,0
support-final-b3d4545a74174065634e7517,10,0
support-final-d3ad42e7f0dde4d4ca7c4597,0,0
support-final-d3ad42e7f0dde4d4ca7c4597,1,1
support-final-d3ad42e7f0dde4d4ca7c4597,2,2
support-final-d3ad42e7f0dde4d4ca7c4597,3,2
support-final-d3ad42e7f0dde4d4ca7c4597,4,3
support-final-d3ad42e7f0dde4d4ca7c4597,5,3
support-final-d3ad42e7f0dde4d4ca7c4597,6,3
support-final-d3ad42e7f0dde4d4ca7c4597,7,4
support-final-d3ad42e7f0dde4d4ca7c4597,8,4
support-final-d3ad42e7f0dde4d4ca7c4597,9,5
support-final-d3ad42e7f0dde4d4ca7c4597,10,6
support-final-2c0f949340478ff86b9f81d9,0,0
support-final-2c0f949340478ff86b9f81d9,1,0
support-final-2c0f949340478ff86b9f81d9,2,0
support-final-2c0f949340478ff86b9f81d9,3,0
support-final-2c0f949340478ff86b9f81d9,4,0
support-final-2c0f949340478ff86b9f81d9,5,0
support-final-2c0f949340478ff86b9f81d9,6,0
support-final-2c0f949340478ff86b9f81d9,7,0
support-final-2c0f949340478ff86b9f81d9,8,0
support-final-2c0f949340478ff86b9f81d9,9,0
support-final-2c0f949340478ff86b9f81d9,10,0
support-final-b502ccb4f8782f2d8b1c3e47,0,0
support-final-b502ccb4f8782f2d8b1c3e47,1,0
support-final-b502ccb4f8782f2d8b1c3e47,2,0
support-final-b502ccb4f8782f2d8b1c3e47,3,0
support-final-b502ccb4f8782f2d8b1c3e47,4,0
support-final-b502ccb4f8782f2d8b1c3e47,5,0
support-final-b502ccb4f8782f2d8b1c3e47,6,0
support-final-b502ccb4f8782f2d8b1c3e47,7,0
support-final-b502ccb4f8782f2d8b1c3e47,8,0
support-final-b502ccb4f8782f2d8b1c3e47,9,0
support-final-b502ccb4f8782f2d8b1c3e47,10,0
support-final-acda679def71028b23706c2f,0,0
support-final-acda679def71028b23706c2f,1,0
support-final-acda679def71028b23706c2f,2,0
support-final-acda679def71028b23706c2f,3,0
support-final-acda679def71028b23706c2f,4,0
support-final-acda679def71028b23706c2f,5,0
support-final-acda679def71028b23706c2f,6,0
support-final-acda679def71028b23706c2f,7,0
support-final-acda679def71028b23706c2f,8,0
support-final-acda679def71028b23706c2f,9,0
support-final-acda679def71028b23706c2f,10,0
support-final-139ee2f3d70a9cf198c61482,0,0
support-final-139ee2f3d70a9cf198c61482,1,0
support-final-139ee2f3d70a9cf198c61482,2,0
support-final-139ee2f3d70a9cf198c61482,3,0
support-final-139ee2f3d70a9cf198c61482,4,0
support-final-139ee2f3d70a9cf198c61482,5,0
support-final-139ee2f3d70a9cf198c61482,6,0
support-final-139ee2f3d70a9cf198c61482,7,0
support-final-139ee2f3d70a9cf198c61482,8,0
support-final-139ee2f3d70a9cf198c61482,9,0
support-final-139ee2f3d70a9cf198c61482,10,0
support-final-a70e5a6dc09125ba1a1680b0,0,0
support-final-a70e5a6dc09125ba1a1680b0,1,0
support-final-a70e5a6dc09125ba1a1680b0,2,0
support-final-a70e5a6dc09125ba1a1680b0,3,0
support-final-a70e5a6dc09125ba1a1680b0,4,0
support-final-a70e5a6dc09125ba1a1680b0,5,0
support-final-a70e5a6dc09125ba1a1680b0,6,0
support-final-a70e5a6dc09125ba1a1680b0,7,0
support-final-a70e5a6dc09125ba1a1680b0,8,0
support-final-a70e5a6dc09125ba1a1680b0,9,0
support-final-a70e5a6dc09125ba1a1680b0,10,0
support-final-3cb8b37d578c7d91a04fef82,0,0
support-final-3cb8b37d578c7d91a04fef82,1,0
support-final-3cb8b37d578c7d91a04fef82,2,0
support-final-3cb8b37d578c7d91a04fef82,3,0
support-final-3cb8b37d578c7d91a04fef82,4,0
support-final-3cb8b37d578c7d91a04fef82,5,0
support-final-3cb8b37d578c7d91a04fef82,6,1
support-final-3cb8b37d578c7d91a04fef82,7,1
support-final-3cb8b37d578c7d91a04fef82,8,1
support-final-3cb8b37d578c7d91a04fef82,9,1
support-final-3cb8b37d578c7d91a04fef82,10,1
support-final-f9c14019936954a64d23b95b,0,0
support-final-f9c14019936954a64d23b95b,1,0
support-final-f9c14019936954a64d23b95b,2,0
support-final-f9c14019936954a64d23b95b,3,0
support-final-f9c14019936954a64d23b95b,4,0
support-final-f9c14019936954a64d23b95b,5,0
support-final-f9c14019936954a64d23b95b,6,0
support-final-f9c14019936954a64d23b95b,7,0
support-final-f9c14019936954a64d23b95b,8,0
support-final-f9c14019936954a64d23b95b,9,0
support-final-f9c14019936954a64d23b95b,10,0
support-final-c34e04be300f0c5f430c387c,0,0
support-final-c34e04be300f0c5f430c387c,1,0
support-final-c34e04be300f0c5f430c387c,2,0
support-final-c34e04be300f0c5f430c387c,3,0
support-final-c34e04be300f0c5f430c387c,4,0
support-final-c34e04be300f0c5f430c387c,5,0
support-final-c34e04be300f0c5f430c387c,6,0
support-final-c34e04be300f0c5f430c387c,7,0
support-final-c34e04be300f0c5f430c387c,8,0
support-final-c34e04be300f0c5f430c387c,9,0
support-final-c34e04be300f0c5f430c387c,10,0
support-final-6035442f1876211a63d2cc4e,0,0
support-final-6035442f1876211a63d2cc4e,1,0
support-final-6035442f1876211a63d2cc4e,2,0
support-final-6035442f1876211a63d2cc4e,3,0
support-final-6035442f1876211a63d2cc4e,4,0
support-final-6035442f1876211a63d2cc4e,5,0
support-final-6035442f1876211a63d2cc4e,6,0
support-final-6035442f1876211a63d2cc4e,7,0
support-final-6035442f1876211a63d2cc4e,8,0
support-final-6035442f1876211a63d2cc4e,9,0
support-final-6035442f1876211a63d2cc4e,10,0
support-final-4a84dce05fdc57c5272bb199,0,0
support-final-4a84dce05fdc57c5272bb199,1,0
support-final-4a84dce05fdc57c5272bb199,2,0
support-final-4a84dce05fdc57c5272bb199,3,0
support-final-4a84dce05fdc57c5272bb199,4,0
support-final-4a84dce05fdc57c5272bb199,5,0
support-final-4a84dce05fdc57c5272bb199,6,0
support-final-4a84dce05fdc57c5272bb199,7,0
support-final-4a84dce05fdc57c5272bb199,8,0
support-final-4a84dce05fdc57c5272bb199,9,0
support-final-4a84dce05fdc57c5272bb199,10,0
support-final-b8ea68c4cba1f93c238e3acd,0,0
support-final-b8ea68c4cba1f93c238e3acd,1,1
support-final-b8ea68c4cba1f93c238e3acd,2,2
support-final-b8ea68c4cba1f93c238e3acd,3,2
support-final-b8ea68c4cba1f93c238e3acd,4,2
support-final-b8ea68c4cba1f93c238e3acd,5,2
support-final-b8ea68c4cba1f93c238e3acd,6,2
support-final-b8ea68c4cba1f93c238e3acd,7,2
support-final-b8ea68c4cba1f93c238e3acd,8,3
support-final-b8ea68c4cba1f93c238e3acd,9,3
support-final-b8ea68c4cba1f93c238e3acd,10,3
support-final-3e91e70d18721910fb699c2a,0,0
support-final-3e91e70d18721910fb699c2a,1,0
support-final-3e91e70d18721910fb699c2a,2,0
support-final-3e91e70d18721910fb699c2a,3,0
support-final-3e91e70d18721910fb699c2a,4,0
support-final-3e91e70d18721910fb699c2a,5,0
support-final-3e91e70d18721910fb699c2a,6,0
support-final-3e91e70d18721910fb699c2a,7,0
support-final-3e91e70d18721910fb699c2a,8,0
support-final-3e91e70d18721910fb699c2a,9,0
support-final-3e91e70d18721910fb699c2a,10,0
support-final-c16688941b047acff551e984,0,0
support-final-c16688941b047acff551e984,1,0
support-final-c16688941b047acff551e984,2,1
support-final-c16688941b047acff551e984,3,1
support-final-c16688941b047acff551e984,4,1
support-final-c16688941b047acff551e984,5,1
support-final-c16688941b047acff551e984,6,1
support-final-c16688941b047acff551e984,7,1
support-final-c16688941b047acff551e984,8,1
support-final-c16688941b047acff551e984,9,1
support-final-c16688941b047acff551e984,10,1
support-final-d5b33bead70e71d6523996b6,0,0
support-final-d5b33bead70e71d6523996b6,1,0
support-final-d5b33bead70e71d6523996b6,2,0
support-final-d5b33bead70e71d6523996b6,3,0
support-final-d5b33bead70e71d6523996b6,4,0
support-final-d5b33bead70e71d6523996b6,5,0
support-final-d5b33bead70e71d6523996b6,6,0
support-final-d5b33bead70e71d6523996b6,7,0
support-final-d5b33bead70e71d6523996b6,8,0
support-final-d5b33bead70e71d6523996b6,9,0
support-final-d5b33bead70e71d6523996b6,10,0
support-final-22d6791bd1302b7ebe8b67c5,0,0
support-final-22d6791bd1302b7ebe8b67c5,1,0
support-final-22d6791bd1302b7ebe8b67c5,2,0
support-final-22d6791bd1302b7ebe8b67c5,3,0
support-final-22d6791bd1302b7ebe8b67c5,4,0
support-final-22d6791bd1302b7ebe8b67c5,5,0
support-final-22d6791bd1302b7ebe8b67c5,6,0
support-final-22d6791bd1302b7ebe8b67c5,7,0
support-final-22d6791bd1302b7ebe8b67c5,8,0
support-final-22d6791bd1302b7ebe8b67c5,9,0
support-final-22d6791bd1302b7ebe8b67c5,10,0
support-final-cb634779e3160937aaa14737,0,0
support-final-cb634779e3160937aaa14737,1,1
support-final-cb634779e3160937aaa14737,2,2
support-final-cb634779e3160937aaa14737,3,3
support-final-cb634779e3160937aaa14737,4,3
support-final-cb634779e3160937aaa14737,5,4
support-final-cb634779e3160937aaa14737,6,4
support-final-cb634779e3160937aaa14737,7,5
support-final-cb634779e3160937aaa14737,8,5
support-final-cb634779e3160937aaa14737,9,5
support-final-cb634779e3160937aaa14737,10,5
support-final-8a5008d6aedf9c3bb6698dd8,0,0
support-final-8a5008d6aedf9c3bb6698dd8,1,1
support-final-8a5008d6aedf9c3bb6698dd8,2,2
support-final-8a5008d6aedf9c3bb6698dd8,3,3
support-final-8a5008d6aedf9c3bb6698dd8,4,4
support-final-8a5008d6aedf9c3bb6698dd8,5,5
support-final-8a5008d6aedf9c3bb6698dd8,6,5
support-final-8a5008d6aedf9c3bb6698dd8,7,5
support-final-8a5008d6aedf9c3bb6698dd8,8,5
support-final-8a5008d6aedf9c3bb6698dd8,9,6
support-final-8a5008d6aedf9c3bb6698dd8,10,6
support-final-05b770bfb201ae399962b668,0,0
support-final-05b770bfb201ae399962b668,1,1
support-final-05b770bfb201ae399962b668,2,2
support-final-05b770bfb201ae399962b668,3,2
support-final-05b770bfb201ae399962b668,4,3
support-final-05b770bfb201ae399962b668,5,4
support-final-05b770bfb201ae399962b668,6,4
support-final-05b770bfb201ae399962b668,7,4
support-final-05b770bfb201ae399962b668,8,4
support-final-05b770bfb201ae399962b668,9,4
support-final-05b770bfb201ae399962b668,10,4
support-final-1230faa38294eb39582567a2,0,0
support-final-1230faa38294eb39582567a2,1,1
support-final-1230faa38294eb39582567a2,2,1
support-final-1230faa38294eb39582567a2,3,1
support-final-1230faa38294eb39582567a2,4,1
support-final-1230faa38294eb39582567a2,5,1
support-final-1230faa38294eb39582567a2,6,1
support-final-1230faa38294eb39582567a2,7,1
support-final-1230faa38294eb39582567a2,8,1
support-final-1230faa38294eb39582567a2,9,1
support-final-1230faa38294eb39582567a2,10,2
support-final-5a522916dc53b9344eb306e0,0,0
support-final-5a522916dc53b9344eb306e0,1,1
support-final-5a522916dc53b9344eb306e0,2,1
support-final-5a522916dc53b9344eb306e0,3,1
support-final-5a522916dc53b9344eb306e0,4,1
support-final-5a522916dc53b9344eb306e0,5,1
support-final-5a522916dc53b9344eb306e0,6,1
support-final-5a522916dc53b9344eb306e0,7,1
support-final-5a522916dc53b9344eb306e0,8,1
support-final-5a522916dc53b9344eb306e0,9,1
support-final-5a522916dc53b9344eb306e0,10,1
support-final-38ea190aea01208b504b7e67,0,0
support-final-38ea190aea01208b504b7e67,1,0
support-final-38ea190aea01208b504b7e67,2,0
support-final-38ea190aea01208b504b7e67,3,0
support-final-38ea190aea01208b504b7e67,4,0
support-final-38ea190aea01208b504b7e67,5,0
support-final-38ea190aea01208b504b7e67,6,0
support-final-38ea190aea01208b504b7e67,7,0
support-final-38ea190aea01208b504b7e67,8,0
support-final-38ea190aea01208b504b7e67,9,0
support-final-38ea190aea01208b504b7e67,10,0
support-final-143014aa4f55d18a31a946a7,0,0
support-final-143014aa4f55d18a31a946a7,1,0
support-final-143014aa4f55d18a31a946a7,2,0
support-final-143014aa4f55d18a31a946a7,3,0
support-final-143014aa4f55d18a31a946a7,4,0
support-final-143014aa4f55d18a31a946a7,5,0
support-final-143014aa4f55d18a31a946a7,6,0
support-final-143014aa4f55d18a31a946a7,7,0
support-final-143014aa4f55d18a31a946a7,8,0
support-final-143014aa4f55d18a31a946a7,9,0
support-final-143014aa4f55d18a31a946a7,10,0
support-final-9b536245bba7311a9eb330b9,0,0
support-final-9b536245bba7311a9eb330b9,1,0
support-final-9b536245bba7311a9eb330b9,2,0
support-final-9b536245bba7311a9eb330b9,3,0
support-final-9b536245bba7311a9eb330b9,4,0
support-final-9b536245bba7311a9eb330b9,5,0
support-final-9b536245bba7311a9eb330b9,6,0
support-final-9b536245bba7311a9eb330b9,7,0
support-final-9b536245bba7311a9eb330b9,8,0
support-final-9b536245bba7311a9eb330b9,9,0
support-final-9b536245bba7311a9eb330b9,10,0
support-final-0eeeebcbcb513163711bf78f,0,0
support-final-0eeeebcbcb513163711bf78f,1,0
support-final-0eeeebcbcb513163711bf78f,2,0
support-final-0eeeebcbcb513163711bf78f,3,0
support-final-0eeeebcbcb513163711bf78f,4,0
support-final-0eeeebcbcb513163711bf78f,5,0
support-final-0eeeebcbcb513163711bf78f,6,0
support-final-0eeeebcbcb513163711bf78f,7,0
support-final-0eeeebcbcb513163711bf78f,8,0
support-final-0eeeebcbcb513163711bf78f,9,0
support-final-0eeeebcbcb513163711bf78f,10,0
support-final-6bb0a076b6232bec5ff96921,0,0
support-final-6bb0a076b6232bec5ff96921,1,0
support-final-6bb0a076b6232bec5ff96921,2,1
support-final-6bb0a076b6232bec5ff96921,3,1
support-final-6bb0a076b6232bec5ff96921,4,2
support-final-6bb0a076b6232bec5ff96921,5,2
support-final-6bb0a076b6232bec5ff96921,6,2
support-final-6bb0a076b6232bec5ff96921,7,3
support-final-6bb0a076b6232bec5ff96921,8,3
support-final-6bb0a076b6232bec5ff96921,9,3
support-final-6bb0a076b6232bec5ff96921,10,3
support-final-2d4014c7978846e91f3dab05,0,0
support-final-2d4014c7978846e91f3dab05,1,0
support-final-2d4014c7978846e91f3dab05,2,0
support-final-2d4014c7978846e91f3dab05,3,0
support-final-2d4014c7978846e91f3dab05,4,1
support-final-2d4014c7978846e91f3dab05,5,1
support-final-2d4014c7978846e91f3dab05,6,1
support-final-2d4014c7978846e91f3dab05,7,1
support-final-2d4014c7978846e91f3dab05,8,1
support-final-2d4014c7978846e91f3dab05,9,1
support-final-2d4014c7978846e91f3dab05,10,1
support-final-4021a88126221d812fe08a76,0,0
support-final-4021a88126221d812fe08a76,1,0
support-final-4021a88126221d812fe08a76,2,0
support-final-4021a88126221d812fe08a76,3,0
support-final-4021a88126221d812fe08a76,4,0
support-final-4021a88126221d812fe08a76,5,0
support-final-4021a88126221d812fe08a76,6,0
support-final-4021a88126221d812fe08a76,7,0
support-final-4021a88126221d812fe08a76,8,0
support-final-4021a88126221d812fe08a76,9,0
support-final-4021a88126221d812fe08a76,10,0
support-final-932660a6fa441f99904de71b,0,0
support-final-932660a6fa441f99904de71b,1,0
support-final-932660a6fa441f99904de71b,2,0
support-final-932660a6fa441f99904de71b,3,0
support-final-932660a6fa441f99904de71b,4,0
support-final-932660a6fa441f99904de71b,5,0
support-final-932660a6fa441f99904de71b,6,0
support-final-932660a6fa441f99904de71b,7,0
support-final-932660a6fa441f99904de71b,8,0
support-final-932660a6fa441f99904de71b,9,0
support-final-932660a6fa441f99904de71b,10,0
support-final-66250ae605b9e37e542b9cd2,0,0
support-final-66250ae605b9e37e542b9cd2,1,0
support-final-66250ae605b9e37e542b9cd2,2,0
support-final-66250ae605b9e37e542b9cd2,3,1
support-final-66250ae605b9e37e542b9cd2,4,1
support-final-66250ae605b9e37e542b9cd2,5,1
support-final-66250ae605b9e37e542b9cd2,6,1
support-final-66250ae605b9e37e542b9cd2,7,1
support-final-66250ae605b9e37e542b9cd2,8,1
support-final-66250ae605b9e37e542b9cd2,9,1
support-final-66250ae605b9e37e542b9cd2,10,1
support-final-a84ecfe190c5f666f86c7897,0,0
support-final-a84ecfe190c5f666f86c7897,1,0
support-final-a84ecfe190c5f666f86c7897,2,0
support-final-a84ecfe190c5f666f86c7897,3,0
support-final-a84ecfe190c5f666f86c7897,4,0
support-final-a84ecfe190c5f666f86c7897,5,0
support-final-a84ecfe190c5f666f86c7897,6,0
support-final-a84ecfe190c5f666f86c7897,7,0
support-final-a84ecfe190c5f666f86c7897,8,0
support-final-a84ecfe190c5f666f86c7897,9,0
support-final-a84ecfe190c5f666f86c7897,10,0
support-final-304d099c8b2785f3801bd5d8,0,0
support-final-304d099c8b2785f3801bd5d8,1,0
support-final-304d099c8b2785f3801bd5d8,2,0
support-final-304d099c8b2785f3801bd5d8,3,0
support-final-304d099c8b2785f3801bd5d8,4,0
support-final-304d099c8b2785f3801bd5d8,5,0
support-final-304d099c8b2785f3801bd5d8,6,0
support-final-304d099c8b2785f3801bd5d8,7,0
support-final-304d099c8b2785f3801bd5d8,8,0
support-final-304d099c8b2785f3801bd5d8,9,0
support-final-304d099c8b2785f3801bd5d8,10,0
support-final-7c4947c7a9c0166118eab8e5,0,0
support-final-7c4947c7a9c0166118eab8e5,1,0
support-final-7c4947c7a9c0166118eab8e5,2,0
support-final-7c4947c7a9c0166118eab8e5,3,0
support-final-7c4947c7a9c0166118eab8e5,4,0
support-final-7c4947c7a9c0166118eab8e5,5,1
support-final-7c4947c7a9c0166118eab8e5,6,1
support-final-7c4947c7a9c0166118eab8e5,7,1
support-final-7c4947c7a9c0166118eab8e5,8,1
support-final-7c4947c7a9c0166118eab8e5,9,1
support-final-7c4947c7a9c0166118eab8e5,10,1
support-final-cda0e2a385af0e786df7d24a,0,0
support-final-cda0e2a385af0e786df7d24a,1,0
support-final-cda0e2a385af0e786df7d24a,2,0
support-final-cda0e2a385af0e786df7d24a,3,1
support-final-cda0e2a385af0e786df7d24a,4,2
support-final-cda0e2a385af0e786df7d24a,5,2
support-final-cda0e2a385af0e786df7d24a,6,2
support-final-cda0e2a385af0e786df7d24a,7,2
support-final-cda0e2a385af0e786df7d24a,8,2
support-final-cda0e2a385af0e786df7d24a,9,2
support-final-cda0e2a385af0e786df7d24a,10,2
support-final-8d9484c7a3dc0a3085dccdab,0,0
support-final-8d9484c7a3dc0a3085dccdab,1,1
support-final-8d9484c7a3dc0a3085dccdab,2,1
support-final-8d9484c7a3dc0a3085dccdab,3,1
support-final-8d9484c7a3dc0a3085dccdab,4,1
support-final-8d9484c7a3dc0a3085dccdab,5,1
support-final-8d9484c7a3dc0a3085dccdab,6,1
support-final-8d9484c7a3dc0a3085dccdab,7,2
support-final-8d9484c7a3dc0a3085dccdab,8,3
support-final-8d9484c7a3dc0a3085dccdab,9,4
support-final-8d9484c7a3dc0a3085dccdab,10,4
support-final-17ba56fb5d378648ebbbe7c8,0,0
support-final-17ba56fb5d378648ebbbe7c8,1,0
support-final-17ba56fb5d378648ebbbe7c8,2,0
support-final-17ba56fb5d378648ebbbe7c8,3,0
support-final-17ba56fb5d378648ebbbe7c8,4,0
support-final-17ba56fb5d378648ebbbe7c8,5,0
support-final-17ba56fb5d378648ebbbe7c8,6,0
support-final-17ba56fb5d378648ebbbe7c8,7,1
support-final-17ba56fb5d378648ebbbe7c8,8,1
support-final-17ba56fb5d378648ebbbe7c8,9,1
support-final-17ba56fb5d378648ebbbe7c8,10,1
support-final-f6823e6cdf872a727ba2d1e8,0,0
support-final-f6823e6cdf872a727ba2d1e8,1,0
support-final-f6823e6cdf872a727ba2d1e8,2,0
support-final-f6823e6cdf872a727ba2d1e8,3,0
support-final-f6823e6cdf872a727ba2d1e8,4,0
support-final-f6823e6cdf872a727ba2d1e8,5,0
support-final-f6823e6cdf872a727ba2d1e8,6,0
support-final-f6823e6cdf872a727ba2d1e8,7,0
support-final-f6823e6cdf872a727ba2d1e8,8,0
support-final-f6823e6cdf872a727ba2d1e8,9,0
support-final-f6823e6cdf872a727ba2d1e8,10,0
support-final-32b9c75a950dc72b690b9f75,0,0
support-final-32b9c75a950dc72b690b9f75,1,0
support-final-32b9c75a950dc72b690b9f75,2,0
support-final-32b9c75a950dc72b690b9f75,3,0
support-final-32b9c75a950dc72b690b9f75,4,0
support-final-32b9c75a950dc72b690b9f75,5,0
support-final-32b9c75a950dc72b690b9f75,6,0
support-final-32b9c75a950dc72b690b9f75,7,0
support-final-32b9c75a950dc72b690b9f75,8,0
support-final-32b9c75a950dc72b690b9f75,9,0
support-final-32b9c75a950dc72b690b9f75,10,0
support-final-fb69e77b7aee89ccf4423be0,0,0
support-final-fb69e77b7aee89ccf4423be0,1,0
support-final-fb69e77b7aee89ccf4423be0,2,0
support-final-fb69e77b7aee89ccf4423be0,3,0
support-final-fb69e77b7aee89ccf4423be0,4,0
support-final-fb69e77b7aee89ccf4423be0,5,0
support-final-fb69e77b7aee89ccf4423be0,6,0
support-final-fb69e77b7aee89ccf4423be0,7,0
support-final-fb69e77b7aee89ccf4423be0,8,0
support-final-fb69e77b7aee89ccf4423be0,9,0
support-final-fb69e77b7aee89ccf4423be0,10,0
support-final-af51ed342d33b26f2bb379d1,0,0
support-final-af51ed342d33b26f2bb379d1,1,1
support-final-af51ed342d33b26f2bb379d1,2,2
support-final-af51ed342d33b26f2bb379d1,3,2
support-final-af51ed342d33b26f2bb379d1,4,3
support-final-af51ed342d33b26f2bb379d1,5,3
support-final-af51ed342d33b26f2bb379d1,6,3
support-final-af51ed342d33b26f2bb379d1,7,3
support-final-af51ed342d33b26f2bb379d1,8,3
support-final-af51ed342d33b26f2bb379d1,9,3
support-final-af51ed342d33b26f2bb379d1,10,3
support-final-88231a22354b2636e4c97fea,0,0
support-final-88231a22354b2636e4c97fea,1,1
support-final-88231a22354b2636e4c97fea,2,1
support-final-88231a22354b2636e4c97fea,3,1
support-final-88231a22354b2636e4c97fea,4,2
support-final-88231a22354b2636e4c97fea,5,2
support-final-88231a22354b2636e4c97fea,6,2
support-final-88231a22354b2636e4c97fea,7,2
support-final-88231a22354b2636e4c97fea,8,2
support-final-88231a22354b2636e4c97fea,9,2
support-final-88231a22354b2636e4c97fea,10,3
support-final-616b831cc331015b008f716c,0,0
support-final-616b831cc331015b008f716c,1,1
support-final-616b831cc331015b008f716c,2,2
support-final-616b831cc331015b008f716c,3,2
support-final-616b831cc331015b008f716c,4,3
support-final-616b831cc331015b008f716c,5,3
support-final-616b831cc331015b008f716c,6,3
support-final-616b831cc331015b008f716c,7,3
support-final-616b831cc331015b008f716c,8,3
support-final-616b831cc331015b008f716c,9,4
support-final-616b831cc331015b008f716c,10,5
support-final-38f9461dae82598c89d645ea,0,0
support-final-38f9461dae82598c89d645ea,1,0
support-final-38f9461dae82598c89d645ea,2,0
support-final-38f9461dae82598c89d645ea,3,0
support-final-38f9461dae82598c89d645ea,4,0
support-final-38f9461dae82598c89d645ea,5,0
support-final-38f9461dae82598c89d645ea,6,0
support-final-38f9461dae82598c89d645ea,7,0
support-final-38f9461dae82598c89d645ea,8,1
support-final-38f9461dae82598c89d645ea,9,2
support-final-38f9461dae82598c89d645ea,10,3
support-final-94123f30d5f5618c1f669b29,0,0
support-final-94123f30d5f5618c1f669b29,1,0
support-final-94123f30d5f5618c1f669b29,2,0
support-final-94123f30d5f5618c1f669b29,3,0
support-final-94123f30d5f5618c1f669b29,4,0
support-final-94123f30d5f5618c1f669b29,5,0
support-final-94123f30d5f5618c1f669b29,6,0
support-final-94123f30d5f5618c1f669b29,7,0
support-final-94123f30d5f5618c1f669b29,8,0
support-final-94123f30d5f5618c1f669b29,9,0
support-final-94123f30d5f5618c1f669b29,10,0
support-final-78dcf45418fea8678fe997fa,0,0
support-final-78dcf45418fea8678fe997fa,1,0
support-final-78dcf45418fea8678fe997fa,2,0
support-final-78dcf45418fea8678fe997fa,3,0
support-final-78dcf45418fea8678fe997fa,4,0
support-final-78dcf45418fea8678fe997fa,5,0
support-final-78dcf45418fea8678fe997fa,6,0
support-final-78dcf45418fea8678fe997fa,7,0
support-final-78dcf45418fea8678fe997fa,8,0
support-final-78dcf45418fea8678fe997fa,9,0
support-final-78dcf45418fea8678fe997fa,10,0
support-final-11d1fb0da6efb51372274b75,0,0
support-final-11d1fb0da6efb51372274b75,1,0
support-final-11d1fb0da6efb51372274b75,2,0
support-final-11d1fb0da6efb51372274b75,3,0
support-final-11d1fb0da6efb51372274b75,4,0
support-final-11d1fb0da6efb51372274b75,5,0
support-final-11d1fb0da6efb51372274b75,6,0
support-final-11d1fb0da6efb51372274b75,7,0
support-final-11d1fb0da6efb51372274b75,8,0
support-final-11d1fb0da6efb51372274b75,9,0
support-final-11d1fb0da6efb51372274b75,10,0
support-final-d77834ef35b45ec89bc441bf,0,0
support-final-d77834ef35b45ec89bc441bf,1,0
support-final-d77834ef35b45ec89bc441bf,2,0
support-final-d77834ef35b45ec89bc441bf,3,0
support-final-d77834ef35b45ec89bc441bf,4,0
support-final-d77834ef35b45ec89bc441bf,5,0
support-final-d77834ef35b45ec89bc441bf,6,0
support-final-d77834ef35b45ec89bc441bf,7,0
support-final-d77834ef35b45ec89bc441bf,8,0
support-final-d77834ef35b45ec89bc441bf,9,0
support-final-d77834ef35b45ec89bc441bf,10,0
support-final-c8368ecb79793f58c6fb9e1d,0,0
support-final-c8368ecb79793f58c6fb9e1d,1,0
support-final-c8368ecb79793f58c6fb9e1d,2,0
support-final-c8368ecb79793f58c6fb9e1d,3,0
support-final-c8368ecb79793f58c6fb9e1d,4,0
support-final-c8368ecb79793f58c6fb9e1d,5,0
support-final-c8368ecb79793f58c6fb9e1d,6,0
support-final-c8368ecb79793f58c6fb9e1d,7,0
support-final-c8368ecb79793f58c6fb9e1d,8,0
support-final-c8368ecb79793f58c6fb9e1d,9,0
support-final-c8368ecb79793f58c6fb9e1d,10,0
support-final-c09bab44c8ff79feca6fce50,0,0
support-final-c09bab44c8ff79feca6fce50,1,0
support-final-c09bab44c8ff79feca6fce50,2,0
support-final-c09bab44c8ff79feca6fce50,3,0
support-final-c09bab44c8ff79feca6fce50,4,0
support-final-c09bab44c8ff79feca6fce50,5,0
support-final-c09bab44c8ff79feca6fce50,6,0
support-final-c09bab44c8ff79feca6fce50,7,0
support-final-c09bab44c8ff79feca6fce50,8,0
support-final-c09bab44c8ff79feca6fce50,9,0
support-final-c09bab44c8ff79feca6fce50,10,0
support-final-68c4bdcc7cbe6c5417bc18b6,0,0
support-final-68c4bdcc7cbe6c5417bc18b6,1,0
support-final-68c4bdcc7cbe6c5417bc18b6,2,0
support-final-68c4bdcc7cbe6c5417bc18b6,3,0
support-final-68c4bdcc7cbe6c5417bc18b6,4,0
support-final-68c4bdcc7cbe6c5417bc18b6,5,0
support-final-68c4bdcc7cbe6c5417bc18b6,6,0
support-final-68c4bdcc7cbe6c5417bc18b6,7,0
support-final-68c4bdcc7cbe6c5417bc18b6,8,0
support-final-68c4bdcc7cbe6c5417bc18b6,9,0
support-final-68c4bdcc7cbe6c5417bc18b6,10,0
support-final-30f1e953c1dbaef67ba1cbfd,0,0
support-final-30f1e953c1dbaef67ba1cbfd,1,1
support-final-30f1e953c1dbaef67ba1cbfd,2,2
support-final-30f1e953c1dbaef67ba1cbfd,3,3
support-final-30f1e953c1dbaef67ba1cbfd,4,3
support-final-30f1e953c1dbaef67ba1cbfd,5,3
support-final-30f1e953c1dbaef67ba1cbfd,6,3
support-final-30f1e953c1dbaef67ba1cbfd,7,3
support-final-30f1e953c1dbaef67ba1cbfd,8,3
support-final-30f1e953c1dbaef67ba1cbfd,9,3
support-final-30f1e953c1dbaef67ba1cbfd,10,3
support-final-142035217f6f1e4225b00a40,0,0
support-final-142035217f6f1e4225b00a40,1,0
support-final-142035217f6f1e4225b00a40,2,0
support-final-142035217f6f1e4225b00a40,3,0
support-final-142035217f6f1e4225b00a40,4,0
support-final-142035217f6f1e4225b00a40,5,0
support-final-142035217f6f1e4225b00a40,6,0
support-final-142035217f6f1e4225b00a40,7,0
support-final-142035217f6f1e4225b00a40,8,0
support-final-142035217f6f1e4225b00a40,9,0
support-final-142035217f6f1e4225b00a40,10,0
support-final-9bb7926ba1d6632718ebbc3a,0,0
support-final-9bb7926ba1d6632718ebbc3a,1,1
support-final-9bb7926ba1d6632718ebbc3a,2,1
support-final-9bb7926ba1d6632718ebbc3a,3,2
support-final-9bb7926ba1d6632718ebbc3a,4,2
support-final-9bb7926ba1d6632718ebbc3a,5,2
support-final-9bb7926ba1d6632718ebbc3a,6,3
support-final-9bb7926ba1d6632718ebbc3a,7,3
support-final-9bb7926ba1d6632718ebbc3a,8,3
support-final-9bb7926ba1d6632718ebbc3a,9,3
support-final-9bb7926ba1d6632718ebbc3a,10,3
support-final-28b4fd45d1819442599e5943,0,0
support-final-28b4fd45d1819442599e5943,1,0
support-final-28b4fd45d1819442599e5943,2,0
support-final-28b4fd45d1819442599e5943,3,0
support-final-28b4fd45d1819442599e5943,4,0
support-final-28b4fd45d1819442599e5943,5,0
support-final-28b4fd45d1819442599e5943,6,0
support-final-28b4fd45d1819442599e5943,7,0
support-final-28b4fd45d1819442599e5943,8,0
support-final-28b4fd45d1819442599e5943,9,0
support-final-28b4fd45d1819442599e5943,10,0
support-final-2102d03048df4cb242e0ff09,0,0
support-final-2102d03048df4cb242e0ff09,1,0
support-final-2102d03048df4cb242e0ff09,2,0
support-final-2102d03048df4cb242e0ff09,3,0
support-final-2102d03048df4cb242e0ff09,4,0
support-final-2102d03048df4cb242e0ff09,5,0
support-final-2102d03048df4cb242e0ff09,6,0
support-final-2102d03048df4cb242e0ff09,7,0
support-final-2102d03048df4cb242e0ff09,8,0
support-final-2102d03048df4cb242e0ff09,9,0
support-final-2102d03048df4cb242e0ff09,10,0
support-final-1674c98146b1c7b360ca7907,0,0
support-final-1674c98146b1c7b360ca7907,1,0
support-final-1674c98146b1c7b360ca7907,2,0
support-final-1674c98146b1c7b360ca7907,3,0
support-final-1674c98146b1c7b360ca7907,4,0
support-final-1674c98146b1c7b360ca7907,5,0
support-final-1674c98146b1c7b360ca7907,6,0
support-final-1674c98146b1c7b360ca7907,7,0
support-final-1674c98146b1c7b360ca7907,8,0
support-final-1674c98146b1c7b360ca7907,9,0
support-final-1674c98146b1c7b360ca7907,10,0
support-final-d1780b8b95311989d6038d2c,0,0
support-final-d1780b8b95311989d6038d2c,1,0
support-final-d1780b8b95311989d6038d2c,2,0
support-final-d1780b8b95311989d6038d2c,3,0
support-final-d1780b8b95311989d6038d2c,4,0
support-final-d1780b8b95311989d6038d2c,5,0
support-final-d1780b8b95311989d6038d2c,6,0
support-final-d1780b8b95311989d6038d2c,7,0
support-final-d1780b8b95311989d6038d2c,8,0
support-final-d1780b8b95311989d6038d2c,9,0
support-final-d1780b8b95311989d6038d2c,10,0
support-final-c6f577d63646c4bc2db00dc6,0,0
support-final-c6f577d63646c4bc2db00dc6,1,1
support-final-c6f577d63646c4bc2db00dc6,2,2
support-final-c6f577d63646c4bc2db00dc6,3,2
support-final-c6f577d63646c4bc2db00dc6,4,3
support-final-c6f577d63646c4bc2db00dc6,5,3
support-final-c6f577d63646c4bc2db00dc6,6,3
support-final-c6f577d63646c4bc2db00dc6,7,3
support-final-c6f577d63646c4bc2db00dc6,8,3
support-final-c6f577d63646c4bc2db00dc6,9,3
support-final-c6f577d63646c4bc2db00dc6,10,3
support-final-c6f577d63646c4bc2db00dc6,11,4
support-final-c6f577d63646c4bc2db00dc6,12,4
support-final-c6f577d63646c4bc2db00dc6,13,5
support-final-c6f577d63646c4bc2db00dc6,14,5
support-final-c6f577d63646c4bc2db00dc6,15,5
support-final-c6f577d63646c4bc2db00dc6,16,6
support-final-c6f577d63646c4bc2db00dc6,17,7
support-final-c6f577d63646c4bc2db00dc6,18,8
support-final-c6f577d63646c4bc2db00dc6,19,9
support-final-c6f577d63646c4bc2db00dc6,20,9
support-final-c6f577d63646c4bc2db00dc6,21,9
support-final-c6f577d63646c4bc2db00dc6,22,9
support-final-c6f577d63646c4bc2db00dc6,23,9
support-final-c6f577d63646c4bc2db00dc6,24,9
support-final-c6f577d63646c4bc2db00dc6,25,9
support-final-c6f577d63646c4bc2db00dc6,26,9
support-final-c6f577d63646c4bc2db00dc6,27,9
support-final-c6f577d63646c4bc2db00dc6,28,9
support-final-c6f577d63646c4bc2db00dc6,29,9
support-final-c6f577d63646c4bc2db00dc6,30,9
support-final-3058a99cf2840809d1e0fbf0,0,0
support-final-3058a99cf2840809d1e0fbf0,1,1
support-final-3058a99cf2840809d1e0fbf0,2,2
support-final-3058a99cf2840809d1e0fbf0,3,2
support-final-3058a99cf2840809d1e0fbf0,4,2
support-final-3058a99cf2840809d1e0fbf0,5,3
support-final-3058a99cf2840809d1e0fbf0,6,3
support-final-3058a99cf2840809d1e0fbf0,7,3
support-final-3058a99cf2840809d1e0fbf0,8,3
support-final-3058a99cf2840809d1e0fbf0,9,3
support-final-3058a99cf2840809d1e0fbf0,10,3
support-final-3058a99cf2840809d1e0fbf0,11,4
support-final-3058a99cf2840809d1e0fbf0,12,4
support-final-3058a99cf2840809d1e0fbf0,13,4
support-final-3058a99cf2840809d1e0fbf0,14,4
support-final-3058a99cf2840809d1e0fbf0,15,4
support-final-3058a99cf2840809d1e0fbf0,16,4
support-final-3058a99cf2840809d1e0fbf0,17,4
support-final-3058a99cf2840809d1e0fbf0,18,4
support-final-3058a99cf2840809d1e0fbf0,19,5
support-final-3058a99cf2840809d1e0fbf0,20,5
support-final-3058a99cf2840809d1e0fbf0,21,5
support-final-3058a99cf2840809d1e0fbf0,22,6
support-final-3058a99cf2840809d1e0fbf0,23,7
support-final-3058a99cf2840809d1e0fbf0,24,8
support-final-3058a99cf2840809d1e0fbf0,25,8
support-final-3058a99cf2840809d1e0fbf0,26,9
support-final-3058a99cf2840809d1e0fbf0,27,10
support-final-3058a99cf2840809d1e0fbf0,28,10
support-final-3058a99cf2840809d1e0fbf0,29,11
support-final-3058a99cf2840809d1e0fbf0,30,11
support-final-e1c1fc48a22361d609add9fb,0,0
support-final-e1c1fc48a22361d609add9fb,1,1
support-final-e1c1fc48a22361d609add9fb,2,1
support-final-e1c1fc48a22361d609add9fb,3,1
support-final-e1c1fc48a22361d609add9fb,4,1
support-final-e1c1fc48a22361d609add9fb,5,1
support-final-e1c1fc48a22361d609add9fb,6,1
support-final-e1c1fc48a22361d609add9fb,7,1
support-final-e1c1fc48a22361d609add9fb,8,1
support-final-e1c1fc48a22361d609add9fb,9,1
support-final-e1c1fc48a22361d609add9fb,10,1
support-final-e1c1fc48a22361d609add9fb,11,1
support-final-e1c1fc48a22361d609add9fb,12,1
support-final-e1c1fc48a22361d609add9fb,13,1
support-final-e1c1fc48a22361d609add9fb,14,1
support-final-e1c1fc48a22361d609add9fb,15,1
support-final-e1c1fc48a22361d609add9fb,16,1
support-final-e1c1fc48a22361d609add9fb,17,1
support-final-e1c1fc48a22361d609add9fb,18,1
support-final-e1c1fc48a22361d609add9fb,19,1
support-final-e1c1fc48a22361d609add9fb,20,1
support-final-e1c1fc48a22361d609add9fb,21,1
support-final-e1c1fc48a22361d609add9fb,22,1
support-final-e1c1fc48a22361d609add9fb,23,1
support-final-e1c1fc48a22361d609add9fb,24,1
support-final-e1c1fc48a22361d609add9fb,25,1
support-final-e1c1fc48a22361d609add9fb,26,1
support-final-e1c1fc48a22361d609add9fb,27,1
support-final-e1c1fc48a22361d609add9fb,28,1
support-final-e1c1fc48a22361d609add9fb,29,1
support-final-e1c1fc48a22361d609add9fb,30,1
support-final-15934dd7929043487aa17d1d,0,0
support-final-15934dd7929043487aa17d1d,1,0
support-final-15934dd7929043487aa17d1d,2,0
support-final-15934dd7929043487aa17d1d,3,0
support-final-15934dd7929043487aa17d1d,4,0
support-final-15934dd7929043487aa17d1d,5,0
support-final-15934dd7929043487aa17d1d,6,0
support-final-15934dd7929043487aa17d1d,7,0
support-final-15934dd7929043487aa17d1d,8,0
support-final-15934dd7929043487aa17d1d,9,0
support-final-15934dd7929043487aa17d1d,10,0
support-final-15934dd7929043487aa17d1d,11,0
support-final-15934dd7929043487aa17d1d,12,0
support-final-15934dd7929043487aa17d1d,13,0
support-final-15934dd7929043487aa17d1d,14,0
support-final-15934dd7929043487aa17d1d,15,0
support-final-15934dd7929043487aa17d1d,16,0
support-final-15934dd7929043487aa17d1d,17,0
support-final-15934dd7929043487aa17d1d,18,0
support-final-15934dd7929043487aa17d1d,19,0
support-final-15934dd7929043487aa17d1d,20,0
support-final-15934dd7929043487aa17d1d,21,0
support-final-15934dd7929043487aa17d1d,22,0
support-final-15934dd7929043487aa17d1d,23,0
support-final-15934dd7929043487aa17d1d,24,0
support-final-15934dd7929043487aa17d1d,25,0
support-final-15934dd7929043487aa17d1d,26,0
support-final-15934dd7929043487aa17d1d,27,0
support-final-15934dd7929043487aa17d1d,28,0
support-final-15934dd7929043487aa17d1d,29,0
support-final-15934dd7929043487aa17d1d,30,0
support-final-eec9c94c2ef6ef7a237bd4a4,0,0
support-final-eec9c94c2ef6ef7a237bd4a4,1,0
support-final-eec9c94c2ef6ef7a237bd4a4,2,0
support-final-eec9c94c2ef6ef7a237bd4a4,3,0
support-final-eec9c94c2ef6ef7a237bd4a4,4,0
support-final-eec9c94c2ef6ef7a237bd4a4,5,0
support-final-eec9c94c2ef6ef7a237bd4a4,6,0
support-final-eec9c94c2ef6ef7a237bd4a4,7,0
support-final-eec9c94c2ef6ef7a237bd4a4,8,0
support-final-eec9c94c2ef6ef7a237bd4a4,9,0
support-final-eec9c94c2ef6ef7a237bd4a4,10,0
support-final-eec9c94c2ef6ef7a237bd4a4,11,0
support-final-eec9c94c2ef6ef7a237bd4a4,12,0
support-final-eec9c94c2ef6ef7a237bd4a4,13,0
support-final-eec9c94c2ef6ef7a237bd4a4,14,0
support-final-eec9c94c2ef6ef7a237bd4a4,15,0
support-final-eec9c94c2ef6ef7a237bd4a4,16,0
support-final-eec9c94c2ef6ef7a237bd4a4,17,0
support-final-eec9c94c2ef6ef7a237bd4a4,18,0
support-final-eec9c94c2ef6ef7a237bd4a4,19,0
support-final-eec9c94c2ef6ef7a237bd4a4,20,0
support-final-eec9c94c2ef6ef7a237bd4a4,21,0
support-final-eec9c94c2ef6ef7a237bd4a4,22,0
support-final-eec9c94c2ef6ef7a237bd4a4,23,0
support-final-eec9c94c2ef6ef7a237bd4a4,24,0
support-final-eec9c94c2ef6ef7a237bd4a4,25,0
support-final-eec9c94c2ef6ef7a237bd4a4,26,0
support-final-eec9c94c2ef6ef7a237bd4a4,27,0
support-final-eec9c94c2ef6ef7a237bd4a4,28,0
support-final-eec9c94c2ef6ef7a237bd4a4,29,0
support-final-eec9c94c2ef6ef7a237bd4a4,30,0
support-final-6959c45a49762c12f83c92b7,0,0
support-final-6959c45a49762c12f83c92b7,1,1
support-final-6959c45a49762c12f83c92b7,2,1
support-final-6959c45a49762c12f83c92b7,3,2
support-final-6959c45a49762c12f83c92b7,4,3
support-final-6959c45a49762c12f83c92b7,5,4
support-final-6959c45a49762c12f83c92b7,6,4
support-final-6959c45a49762c12f83c92b7,7,4
support-final-6959c45a49762c12f83c92b7,8,4
support-final-6959c45a49762c12f83c92b7,9,4
support-final-6959c45a49762c12f83c92b7,10,4
support-final-6959c45a49762c12f83c92b7,11,4
support-final-6959c45a49762c12f83c92b7,12,4
support-final-6959c45a49762c12f83c92b7,13,5
support-final-6959c45a49762c12f83c92b7,14,5
support-final-6959c45a49762c12f83c92b7,15,5
support-final-6959c45a49762c12f83c92b7,16,6
support-final-6959c45a49762c12f83c92b7,17,7
support-final-6959c45a49762c12f83c92b7,18,7
support-final-6959c45a49762c12f83c92b7,19,8
support-final-6959c45a49762c12f83c92b7,20,9
support-final-6959c45a49762c12f83c92b7,21,9
support-final-6959c45a49762c12f83c92b7,22,9
support-final-6959c45a49762c12f83c92b7,23,10
support-final-6959c45a49762c12f83c92b7,24,11
support-final-6959c45a49762c12f83c92b7,25,11
support-final-6959c45a49762c12f83c92b7,26,12
support-final-6959c45a49762c12f83c92b7,27,12
support-final-6959c45a49762c12f83c92b7,28,12
support-final-6959c45a49762c12f83c92b7,29,12
support-final-6959c45a49762c12f83c92b7,30,13
support-final-354557b43243094cfb7dbee5,0,0
support-final-354557b43243094cfb7dbee5,1,1
support-final-354557b43243094cfb7dbee5,2,1
support-final-354557b43243094cfb7dbee5,3,2
support-final-354557b43243094cfb7dbee5,4,2
support-final-354557b43243094cfb7dbee5,5,3
support-final-354557b43243094cfb7dbee5,6,3
support-final-354557b43243094cfb7dbee5,7,3
support-final-354557b43243094cfb7dbee5,8,4
support-final-354557b43243094cfb7dbee5,9,4
support-final-354557b43243094cfb7dbee5,10,4
support-final-354557b43243094cfb7dbee5,11,4
support-final-354557b43243094cfb7dbee5,12,5
support-final-354557b43243094cfb7dbee5,13,5
support-final-354557b43243094cfb7dbee5,14,5
support-final-354557b43243094cfb7dbee5,15,6
support-final-354557b43243094cfb7dbee5,16,7
support-final-354557b43243094cfb7dbee5,17,8
support-final-354557b43243094cfb7dbee5,18,9
support-final-354557b43243094cfb7dbee5,19,9
support-final-354557b43243094cfb7dbee5,20,10
support-final-354557b43243094cfb7dbee5,21,10
support-final-354557b43243094cfb7dbee5,22,10
support-final-354557b43243094cfb7dbee5,23,10
support-final-354557b43243094cfb7dbee5,24,11
support-final-354557b43243094cfb7dbee5,25,12
support-final-354557b43243094cfb7dbee5,26,13
support-final-354557b43243094cfb7dbee5,27,14
support-final-354557b43243094cfb7dbee5,28,15
support-final-354557b43243094cfb7dbee5,29,16
support-final-354557b43243094cfb7dbee5,30,17
support-final-26bb0630fdcc79670512c21b,0,0
support-final-26bb0630fdcc79670512c21b,1,0
support-final-26bb0630fdcc79670512c21b,2,1
support-final-26bb0630fdcc79670512c21b,3,2
support-final-26bb0630fdcc79670512c21b,4,3
support-final-26bb0630fdcc79670512c21b,5,3
support-final-26bb0630fdcc79670512c21b,6,3
support-final-26bb0630fdcc79670512c21b,7,3
support-final-26bb0630fdcc79670512c21b,8,3
support-final-26bb0630fdcc79670512c21b,9,3
support-final-26bb0630fdcc79670512c21b,10,3
support-final-26bb0630fdcc79670512c21b,11,3
support-final-26bb0630fdcc79670512c21b,12,3
support-final-26bb0630fdcc79670512c21b,13,4
support-final-26bb0630fdcc79670512c21b,14,5
support-final-26bb0630fdcc79670512c21b,15,6
support-final-26bb0630fdcc79670512c21b,16,6
support-final-26bb0630fdcc79670512c21b,17,6
support-final-26bb0630fdcc79670512c21b,18,6
support-final-26bb0630fdcc79670512c21b,19,6
support-final-26bb0630fdcc79670512c21b,20,6
support-final-26bb0630fdcc79670512c21b,21,6
support-final-26bb0630fdcc79670512c21b,22,6
support-final-26bb0630fdcc79670512c21b,23,6
support-final-26bb0630fdcc79670512c21b,24,6
support-final-26bb0630fdcc79670512c21b,25,6
support-final-26bb0630fdcc79670512c21b,26,6
support-final-26bb0630fdcc79670512c21b,27,6
support-final-26bb0630fdcc79670512c21b,28,6
support-final-26bb0630fdcc79670512c21b,29,6
support-final-26bb0630fdcc79670512c21b,30,7
support-final-24ac87ca3625d7b88c6448e9,0,0
support-final-24ac87ca3625d7b88c6448e9,1,1
support-final-24ac87ca3625d7b88c6448e9,2,2
support-final-24ac87ca3625d7b88c6448e9,3,3
support-final-24ac87ca3625d7b88c6448e9,4,4
support-final-24ac87ca3625d7b88c6448e9,5,4
support-final-24ac87ca3625d7b88c6448e9,6,5
support-final-24ac87ca3625d7b88c6448e9,7,6
support-final-24ac87ca3625d7b88c6448e9,8,7
support-final-24ac87ca3625d7b88c6448e9,9,7
support-final-24ac87ca3625d7b88c6448e9,10,8
support-final-24ac87ca3625d7b88c6448e9,11,8
support-final-24ac87ca3625d7b88c6448e9,12,9
support-final-24ac87ca3625d7b88c6448e9,13,9
support-final-24ac87ca3625d7b88c6448e9,14,9
support-final-24ac87ca3625d7b88c6448e9,15,9
support-final-24ac87ca3625d7b88c6448e9,16,10
support-final-24ac87ca3625d7b88c6448e9,17,11
support-final-24ac87ca3625d7b88c6448e9,18,11
support-final-24ac87ca3625d7b88c6448e9,19,11
support-final-24ac87ca3625d7b88c6448e9,20,11
support-final-24ac87ca3625d7b88c6448e9,21,11
support-final-24ac87ca3625d7b88c6448e9,22,11
support-final-24ac87ca3625d7b88c6448e9,23,11
support-final-24ac87ca3625d7b88c6448e9,24,11
support-final-24ac87ca3625d7b88c6448e9,25,11
support-final-24ac87ca3625d7b88c6448e9,26,11
support-final-24ac87ca3625d7b88c6448e9,27,11
support-final-24ac87ca3625d7b88c6448e9,28,11
support-final-24ac87ca3625d7b88c6448e9,29,11
support-final-24ac87ca3625d7b88c6448e9,30,11
support-final-3e21f9a97f1bb5325d95a785,0,0
support-final-3e21f9a97f1bb5325d95a785,1,0
support-final-3e21f9a97f1bb5325d95a785,2,0
support-final-3e21f9a97f1bb5325d95a785,3,0
support-final-3e21f9a97f1bb5325d95a785,4,0
support-final-3e21f9a97f1bb5325d95a785,5,0
support-final-3e21f9a97f1bb5325d95a785,6,1
support-final-3e21f9a97f1bb5325d95a785,7,1
support-final-3e21f9a97f1bb5325d95a785,8,1
support-final-3e21f9a97f1bb5325d95a785,9,1
support-final-3e21f9a97f1bb5325d95a785,10,1
support-final-3e21f9a97f1bb5325d95a785,11,1
support-final-3e21f9a97f1bb5325d95a785,12,1
support-final-3e21f9a97f1bb5325d95a785,13,1
support-final-3e21f9a97f1bb5325d95a785,14,1
support-final-3e21f9a97f1bb5325d95a785,15,1
support-final-3e21f9a97f1bb5325d95a785,16,1
support-final-3e21f9a97f1bb5325d95a785,17,1
support-final-3e21f9a97f1bb5325d95a785,18,1
support-final-3e21f9a97f1bb5325d95a785,19,1
support-final-3e21f9a97f1bb5325d95a785,20,1
support-final-3e21f9a97f1bb5325d95a785,21,1
support-final-3e21f9a97f1bb5325d95a785,22,1
support-final-3e21f9a97f1bb5325d95a785,23,1
support-final-3e21f9a97f1bb5325d95a785,24,1
support-final-3e21f9a97f1bb5325d95a785,25,1
support-final-3e21f9a97f1bb5325d95a785,26,1
support-final-3e21f9a97f1bb5325d95a785,27,1
support-final-3e21f9a97f1bb5325d95a785,28,1
support-final-3e21f9a97f1bb5325d95a785,29,1
support-final-3e21f9a97f1bb5325d95a785,30,1
support-final-d5fc38e933306712582ff36d,0,0
support-final-d5fc38e933306712582ff36d,1,0
support-final-d5fc38e933306712582ff36d,2,0
support-final-d5fc38e933306712582ff36d,3,0
support-final-d5fc38e933306712582ff36d,4,0
support-final-d5fc38e933306712582ff36d,5,0
support-final-d5fc38e933306712582ff36d,6,0
support-final-d5fc38e933306712582ff36d,7,0
support-final-d5fc38e933306712582ff36d,8,0
support-final-d5fc38e933306712582ff36d,9,0
support-final-d5fc38e933306712582ff36d,10,0
support-final-d5fc38e933306712582ff36d,11,0
support-final-d5fc38e933306712582ff36d,12,0
support-final-d5fc38e933306712582ff36d,13,0
support-final-d5fc38e933306712582ff36d,14,0
support-final-d5fc38e933306712582ff36d,15,0
support-final-d5fc38e933306712582ff36d,16,0
support-final-d5fc38e933306712582ff36d,17,0
support-final-d5fc38e933306712582ff36d,18,0
support-final-d5fc38e933306712582ff36d,19,0
support-final-d5fc38e933306712582ff36d,20,0
support-final-d5fc38e933306712582ff36d,21,0
support-final-d5fc38e933306712582ff36d,22,0
support-final-d5fc38e933306712582ff36d,23,0
support-final-d5fc38e933306712582ff36d,24,0
support-final-d5fc38e933306712582ff36d,25,0
support-final-d5fc38e933306712582ff36d,26,0
support-final-d5fc38e933306712582ff36d,27,0
support-final-d5fc38e933306712582ff36d,28,0
support-final-d5fc38e933306712582ff36d,29,0
support-final-d5fc38e933306712582ff36d,30,0
support-final-89df55c222f01953ec35bf59,0,0
support-final-89df55c222f01953ec35bf59,1,0
support-final-89df55c222f01953ec35bf59,2,0
support-final-89df55c222f01953ec35bf59,3,0
support-final-89df55c222f01953ec35bf59,4,0
support-final-89df55c222f01953ec35bf59,5,0
support-final-89df55c222f01953ec35bf59,6,0
support-final-89df55c222f01953ec35bf59,7,0
support-final-89df55c222f01953ec35bf59,8,0
support-final-89df55c222f01953ec35bf59,9,0
support-final-89df55c222f01953ec35bf59,10,0
support-final-89df55c222f01953ec35bf59,11,0
support-final-89df55c222f01953ec35bf59,12,0
support-final-89df55c222f01953ec35bf59,13,0
support-final-89df55c222f01953ec35bf59,14,0
support-final-89df55c222f01953ec35bf59,15,0
support-final-89df55c222f01953ec35bf59,16,0
support-final-89df55c222f01953ec35bf59,17,0
support-final-89df55c222f01953ec35bf59,18,0
support-final-89df55c222f01953ec35bf59,19,0
support-final-89df55c222f01953ec35bf59,20,0
support-final-89df55c222f01953ec35bf59,21,0
support-final-89df55c222f01953ec35bf59,22,0
support-final-89df55c222f01953ec35bf59,23,0
support-final-89df55c222f01953ec35bf59,24,0
support-final-89df55c222f01953ec35bf59,25,0
support-final-89df55c222f01953ec35bf59,26,0
support-final-89df55c222f01953ec35bf59,27,0
support-final-89df55c222f01953ec35bf59,28,0
support-final-89df55c222f01953ec35bf59,29,0
support-final-89df55c222f01953ec35bf59,30,0
support-final-b711d1567b3f956b581ad8cd,0,0
support-final-b711d1567b3f956b581ad8cd,1,0
support-final-b711d1567b3f956b581ad8cd,2,0
support-final-b711d1567b3f956b581ad8cd,3,0
support-final-b711d1567b3f956b581ad8cd,4,0
support-final-b711d1567b3f956b581ad8cd,5,0
support-final-b711d1567b3f956b581ad8cd,6,0
support-final-b711d1567b3f956b581ad8cd,7,0
support-final-b711d1567b3f956b581ad8cd,8,0
support-final-b711d1567b3f956b581ad8cd,9,0
support-final-b711d1567b3f956b581ad8cd,10,0
support-final-b711d1567b3f956b581ad8cd,11,0
support-final-b711d1567b3f956b581ad8cd,12,0
support-final-b711d1567b3f956b581ad8cd,13,0
support-final-b711d1567b3f956b581ad8cd,14,0
support-final-b711d1567b3f956b581ad8cd,15,0
support-final-b711d1567b3f956b581ad8cd,16,0
support-final-b711d1567b3f956b581ad8cd,17,0
support-final-b711d1567b3f956b581ad8cd,18,0
support-final-b711d1567b3f956b581ad8cd,19,0
support-final-b711d1567b3f956b581ad8cd,20,0
support-final-b711d1567b3f956b581ad8cd,21,0
support-final-b711d1567b3f956b581ad8cd,22,0
support-final-b711d1567b3f956b581ad8cd,23,0
support-final-b711d1567b3f956b581ad8cd,24,0
support-final-b711d1567b3f956b581ad8cd,25,0
support-final-b711d1567b3f956b581ad8cd,26,0
support-final-b711d1567b3f956b581ad8cd,27,0
support-final-b711d1567b3f956b581ad8cd,28,0
support-final-b711d1567b3f956b581ad8cd,29,0
support-final-b711d1567b3f956b581ad8cd,30,0
support-final-ac81f6cb9c3e95de56316ebe,0,0
support-final-ac81f6cb9c3e95de56316ebe,1,0
support-final-ac81f6cb9c3e95de56316ebe,2,0
support-final-ac81f6cb9c3e95de56316ebe,3,0
support-final-ac81f6cb9c3e95de56316ebe,4,0
support-final-ac81f6cb9c3e95de56316ebe,5,0
support-final-ac81f6cb9c3e95de56316ebe,6,0
support-final-ac81f6cb9c3e95de56316ebe,7,0
support-final-ac81f6cb9c3e95de56316ebe,8,0
support-final-ac81f6cb9c3e95de56316ebe,9,0
support-final-ac81f6cb9c3e95de56316ebe,10,0
support-final-ac81f6cb9c3e95de56316ebe,11,0
support-final-ac81f6cb9c3e95de56316ebe,12,0
support-final-ac81f6cb9c3e95de56316ebe,13,0
support-final-ac81f6cb9c3e95de56316ebe,14,0
support-final-ac81f6cb9c3e95de56316ebe,15,0
support-final-ac81f6cb9c3e95de56316ebe,16,0
support-final-ac81f6cb9c3e95de56316ebe,17,0
support-final-ac81f6cb9c3e95de56316ebe,18,0
support-final-ac81f6cb9c3e95de56316ebe,19,0
support-final-ac81f6cb9c3e95de56316ebe,20,0
support-final-ac81f6cb9c3e95de56316ebe,21,0
support-final-ac81f6cb9c3e95de56316ebe,22,0
support-final-ac81f6cb9c3e95de56316ebe,23,0
support-final-ac81f6cb9c3e95de56316ebe,24,0
support-final-ac81f6cb9c3e95de56316ebe,25,0
support-final-ac81f6cb9c3e95de56316ebe,26,0
support-final-ac81f6cb9c3e95de56316ebe,27,0
support-final-ac81f6cb9c3e95de56316ebe,28,0
support-final-ac81f6cb9c3e95de56316ebe,29,0
support-final-ac81f6cb9c3e95de56316ebe,30,0
support-final-cc6bc85ff034c89bdf638178,0,0
support-final-cc6bc85ff034c89bdf638178,1,1
support-final-cc6bc85ff034c89bdf638178,2,1
support-final-cc6bc85ff034c89bdf638178,3,1
support-final-cc6bc85ff034c89bdf638178,4,2
support-final-cc6bc85ff034c89bdf638178,5,2
support-final-cc6bc85ff034c89bdf638178,6,2
support-final-cc6bc85ff034c89bdf638178,7,2
support-final-cc6bc85ff034c89bdf638178,8,2
support-final-cc6bc85ff034c89bdf638178,9,2
support-final-cc6bc85ff034c89bdf638178,10,2
support-final-cc6bc85ff034c89bdf638178,11,3
support-final-cc6bc85ff034c89bdf638178,12,3
support-final-cc6bc85ff034c89bdf638178,13,4
support-final-cc6bc85ff034c89bdf638178,14,4
support-final-cc6bc85ff034c89bdf638178,15,4
support-final-cc6bc85ff034c89bdf638178,16,4
support-final-cc6bc85ff034c89bdf638178,17,5
support-final-cc6bc85ff034c89bdf638178,18,5
support-final-cc6bc85ff034c89bdf638178,19,5
support-final-cc6bc85ff034c89bdf638178,20,5
support-final-cc6bc85ff034c89bdf638178,21,5
support-final-cc6bc85ff034c89bdf638178,22,5
support-final-cc6bc85ff034c89bdf638178,23,5
support-final-cc6bc85ff034c89bdf638178,24,5
support-final-cc6bc85ff034c89bdf638178,25,5
support-final-cc6bc85ff034c89bdf638178,26,5
support-final-cc6bc85ff034c89bdf638178,27,5
support-final-cc6bc85ff034c89bdf638178,28,5
support-final-cc6bc85ff034c89bdf638178,29,5
support-final-cc6bc85ff034c89bdf638178,30,5
support-final-3108fe72955a17f6190bba85,0,0
support-final-3108fe72955a17f6190bba85,1,0
support-final-3108fe72955a17f6190bba85,2,0
support-final-3108fe72955a17f6190bba85,3,0
support-final-3108fe72955a17f6190bba85,4,1
support-final-3108fe72955a17f6190bba85,5,1
support-final-3108fe72955a17f6190bba85,6,1
support-final-3108fe72955a17f6190bba85,7,1
support-final-3108fe72955a17f6190bba85,8,1
support-final-3108fe72955a17f6190bba85,9,1
support-final-3108fe72955a17f6190bba85,10,1
support-final-3108fe72955a17f6190bba85,11,1
support-final-3108fe72955a17f6190bba85,12,2
support-final-3108fe72955a17f6190bba85,13,2
support-final-3108fe72955a17f6190bba85,14,3
support-final-3108fe72955a17f6190bba85,15,3
support-final-3108fe72955a17f6190bba85,16,3
support-final-3108fe72955a17f6190bba85,17,3
support-final-3108fe72955a17f6190bba85,18,3
support-final-3108fe72955a17f6190bba85,19,3
support-final-3108fe72955a17f6190bba85,20,3
support-final-3108fe72955a17f6190bba85,21,3
support-final-3108fe72955a17f6190bba85,22,4
support-final-3108fe72955a17f6190bba85,23,4
support-final-3108fe72955a17f6190bba85,24,4
support-final-3108fe72955a17f6190bba85,25,4
support-final-3108fe72955a17f6190bba85,26,4
support-final-3108fe72955a17f6190bba85,27,4
support-final-3108fe72955a17f6190bba85,28,4
support-final-3108fe72955a17f6190bba85,29,4
support-final-3108fe72955a17f6190bba85,30,4
support-final-16295d8348dccaafd54c5e48,0,0
support-final-16295d8348dccaafd54c5e48,1,0
support-final-16295d8348dccaafd54c5e48,2,0
support-final-16295d8348dccaafd54c5e48,3,0
support-final-16295d8348dccaafd54c5e48,4,0
support-final-16295d8348dccaafd54c5e48,5,0
support-final-16295d8348dccaafd54c5e48,6,0
support-final-16295d8348dccaafd54c5e48,7,0
support-final-16295d8348dccaafd54c5e48,8,0
support-final-16295d8348dccaafd54c5e48,9,0
support-final-16295d8348dccaafd54c5e48,10,0
support-final-16295d8348dccaafd54c5e48,11,1
support-final-16295d8348dccaafd54c5e48,12,1
support-final-16295d8348dccaafd54c5e48,13,1
support-final-16295d8348dccaafd54c5e48,14,1
support-final-16295d8348dccaafd54c5e48,15,1
support-final-16295d8348dccaafd54c5e48,16,1
support-final-16295d8348dccaafd54c5e48,17,1
support-final-16295d8348dccaafd54c5e48,18,1
support-final-16295d8348dccaafd54c5e48,19,1
support-final-16295d8348dccaafd54c5e48,20,1
support-final-16295d8348dccaafd54c5e48,21,1
support-final-16295d8348dccaafd54c5e48,22,1
support-final-16295d8348dccaafd54c5e48,23,1
support-final-16295d8348dccaafd54c5e48,24,1
support-final-16295d8348dccaafd54c5e48,25,1
support-final-16295d8348dccaafd54c5e48,26,1
support-final-16295d8348dccaafd54c5e48,27,1
support-final-16295d8348dccaafd54c5e48,28,1
support-final-16295d8348dccaafd54c5e48,29,1
support-final-16295d8348dccaafd54c5e48,30,1
support-final-1d26aaf9a98a02b1f4fbd6e0,0,0
support-final-1d26aaf9a98a02b1f4fbd6e0,1,0
support-final-1d26aaf9a98a02b1f4fbd6e0,2,0
support-final-1d26aaf9a98a02b1f4fbd6e0,3,0
support-final-1d26aaf9a98a02b1f4fbd6e0,4,0
support-final-1d26aaf9a98a02b1f4fbd6e0,5,0
support-final-1d26aaf9a98a02b1f4fbd6e0,6,0
support-final-1d26aaf9a98a02b1f4fbd6e0,7,0
support-final-1d26aaf9a98a02b1f4fbd6e0,8,0
support-final-1d26aaf9a98a02b1f4fbd6e0,9,0
support-final-1d26aaf9a98a02b1f4fbd6e0,10,0
support-final-1d26aaf9a98a02b1f4fbd6e0,11,0
support-final-1d26aaf9a98a02b1f4fbd6e0,12,0
support-final-1d26aaf9a98a02b1f4fbd6e0,13,0
support-final-1d26aaf9a98a02b1f4fbd6e0,14,0
support-final-1d26aaf9a98a02b1f4fbd6e0,15,0
support-final-1d26aaf9a98a02b1f4fbd6e0,16,0
support-final-1d26aaf9a98a02b1f4fbd6e0,17,0
support-final-1d26aaf9a98a02b1f4fbd6e0,18,0
support-final-1d26aaf9a98a02b1f4fbd6e0,19,0
support-final-1d26aaf9a98a02b1f4fbd6e0,20,0
support-final-1d26aaf9a98a02b1f4fbd6e0,21,0
support-final-1d26aaf9a98a02b1f4fbd6e0,22,0
support-final-1d26aaf9a98a02b1f4fbd6e0,23,0
support-final-1d26aaf9a98a02b1f4fbd6e0,24,0
support-final-1d26aaf9a98a02b1f4fbd6e0,25,0
support-final-1d26aaf9a98a02b1f4fbd6e0,26,0
support-final-1d26aaf9a98a02b1f4fbd6e0,27,0
support-final-1d26aaf9a98a02b1f4fbd6e0,28,0
support-final-1d26aaf9a98a02b1f4fbd6e0,29,0
support-final-1d26aaf9a98a02b1f4fbd6e0,30,0
support-final-ed4ca2df5ad9ff0a98734540,0,0
support-final-ed4ca2df5ad9ff0a98734540,1,0
support-final-ed4ca2df5ad9ff0a98734540,2,0
support-final-ed4ca2df5ad9ff0a98734540,3,0
support-final-ed4ca2df5ad9ff0a98734540,4,0
support-final-ed4ca2df5ad9ff0a98734540,5,0
support-final-ed4ca2df5ad9ff0a98734540,6,0
support-final-ed4ca2df5ad9ff0a98734540,7,0
support-final-ed4ca2df5ad9ff0a98734540,8,0
support-final-ed4ca2df5ad9ff0a98734540,9,0
support-final-ed4ca2df5ad9ff0a98734540,10,0
support-final-ed4ca2df5ad9ff0a98734540,11,0
support-final-ed4ca2df5ad9ff0a98734540,12,0
support-final-ed4ca2df5ad9ff0a98734540,13,0
support-final-ed4ca2df5ad9ff0a98734540,14,0
support-final-ed4ca2df5ad9ff0a98734540,15,0
support-final-ed4ca2df5ad9ff0a98734540,16,0
support-final-ed4ca2df5ad9ff0a98734540,17,0
support-final-ed4ca2df5ad9ff0a98734540,18,0
support-final-ed4ca2df5ad9ff0a98734540,19,0
support-final-ed4ca2df5ad9ff0a98734540,20,0
support-final-ed4ca2df5ad9ff0a98734540,21,0
support-final-ed4ca2df5ad9ff0a98734540,22,0
support-final-ed4ca2df5ad9ff0a98734540,23,0
support-final-ed4ca2df5ad9ff0a98734540,24,0
support-final-ed4ca2df5ad9ff0a98734540,25,0
support-final-ed4ca2df5ad9ff0a98734540,26,0
support-final-ed4ca2df5ad9ff0a98734540,27,0
support-final-ed4ca2df5ad9ff0a98734540,28,0
support-final-ed4ca2df5ad9ff0a98734540,29,0
support-final-ed4ca2df5ad9ff0a98734540,30,0
support-final-07f198204c60263313d29cc3,0,0
support-final-07f198204c60263313d29cc3,1,1
support-final-07f198204c60263313d29cc3,2,1
support-final-07f198204c60263313d29cc3,3,1
support-final-07f198204c60263313d29cc3,4,1
support-final-07f198204c60263313d29cc3,5,1
support-final-07f198204c60263313d29cc3,6,1
support-final-07f198204c60263313d29cc3,7,1
support-final-07f198204c60263313d29cc3,8,2
support-final-07f198204c60263313d29cc3,9,2
support-final-07f198204c60263313d29cc3,10,2
support-final-07f198204c60263313d29cc3,11,3
support-final-07f198204c60263313d29cc3,12,3
support-final-07f198204c60263313d29cc3,13,4
support-final-07f198204c60263313d29cc3,14,4
support-final-07f198204c60263313d29cc3,15,4
support-final-07f198204c60263313d29cc3,16,4
support-final-07f198204c60263313d29cc3,17,5
support-final-07f198204c60263313d29cc3,18,5
support-final-07f198204c60263313d29cc3,19,5
support-final-07f198204c60263313d29cc3,20,5
support-final-07f198204c60263313d29cc3,21,5
support-final-07f198204c60263313d29cc3,22,6
support-final-07f198204c60263313d29cc3,23,6
support-final-07f198204c60263313d29cc3,24,7
support-final-07f198204c60263313d29cc3,25,8
support-final-07f198204c60263313d29cc3,26,9
support-final-07f198204c60263313d29cc3,27,10
support-final-07f198204c60263313d29cc3,28,10
support-final-07f198204c60263313d29cc3,29,11
support-final-07f198204c60263313d29cc3,30,12
support-final-d70efa7c8db60e613da44214,0,0
support-final-d70efa7c8db60e613da44214,1,0
support-final-d70efa7c8db60e613da44214,2,0
support-final-d70efa7c8db60e613da44214,3,0
support-final-d70efa7c8db60e613da44214,4,0
support-final-d70efa7c8db60e613da44214,5,0
support-final-d70efa7c8db60e613da44214,6,0
support-final-d70efa7c8db60e613da44214,7,0
support-final-d70efa7c8db60e613da44214,8,0
support-final-d70efa7c8db60e613da44214,9,0
support-final-d70efa7c8db60e613da44214,10,0
support-final-d70efa7c8db60e613da44214,11,0
support-final-d70efa7c8db60e613da44214,12,0
support-final-d70efa7c8db60e613da44214,13,0
support-final-d70efa7c8db60e613da44214,14,0
support-final-d70efa7c8db60e613da44214,15,0
support-final-d70efa7c8db60e613da44214,16,0
support-final-d70efa7c8db60e613da44214,17,0
support-final-d70efa7c8db60e613da44214,18,0
support-final-d70efa7c8db60e613da44214,19,0
support-final-d70efa7c8db60e613da44214,20,0
support-final-d70efa7c8db60e613da44214,21,0
support-final-d70efa7c8db60e613da44214,22,0
support-final-d70efa7c8db60e613da44214,23,0
support-final-d70efa7c8db60e613da44214,24,0
support-final-d70efa7c8db60e613da44214,25,0
support-final-d70efa7c8db60e613da44214,26,0
support-final-d70efa7c8db60e613da44214,27,0
support-final-d70efa7c8db60e613da44214,28,0
support-final-d70efa7c8db60e613da44214,29,0
support-final-d70efa7c8db60e613da44214,30,0
support-final-fa9c1ade02d415d33a9e4dde,0,0
support-final-fa9c1ade02d415d33a9e4dde,1,0
support-final-fa9c1ade02d415d33a9e4dde,2,0
support-final-fa9c1ade02d415d33a9e4dde,3,0
support-final-fa9c1ade02d415d33a9e4dde,4,0
support-final-fa9c1ade02d415d33a9e4dde,5,0
support-final-fa9c1ade02d415d33a9e4dde,6,0
support-final-fa9c1ade02d415d33a9e4dde,7,0
support-final-fa9c1ade02d415d33a9e4dde,8,0
support-final-fa9c1ade02d415d33a9e4dde,9,0
support-final-fa9c1ade02d415d33a9e4dde,10,0
support-final-fa9c1ade02d415d33a9e4dde,11,0
support-final-fa9c1ade02d415d33a9e4dde,12,0
support-final-fa9c1ade02d415d33a9e4dde,13,0
support-final-fa9c1ade02d415d33a9e4dde,14,0
support-final-fa9c1ade02d415d33a9e4dde,15,0
support-final-fa9c1ade02d415d33a9e4dde,16,0
support-final-fa9c1ade02d415d33a9e4dde,17,0
support-final-fa9c1ade02d415d33a9e4dde,18,0
support-final-fa9c1ade02d415d33a9e4dde,19,0
support-final-fa9c1ade02d415d33a9e4dde,20,0
support-final-fa9c1ade02d415d33a9e4dde,21,0
support-final-fa9c1ade02d415d33a9e4dde,22,0
support-final-fa9c1ade02d415d33a9e4dde,23,0
support-final-fa9c1ade02d415d33a9e4dde,24,0
support-final-fa9c1ade02d415d33a9e4dde,25,0
support-final-fa9c1ade02d415d33a9e4dde,26,0
support-final-fa9c1ade02d415d33a9e4dde,27,0
support-final-fa9c1ade02d415d33a9e4dde,28,0
support-final-fa9c1ade02d415d33a9e4dde,29,0
support-final-fa9c1ade02d415d33a9e4dde,30,0
support-final-c569e62b5a6e86bb2b7c73bb,0,0
support-final-c569e62b5a6e86bb2b7c73bb,1,0
support-final-c569e62b5a6e86bb2b7c73bb,2,0
support-final-c569e62b5a6e86bb2b7c73bb,3,0
support-final-c569e62b5a6e86bb2b7c73bb,4,0
support-final-c569e62b5a6e86bb2b7c73bb,5,0
support-final-c569e62b5a6e86bb2b7c73bb,6,0
support-final-c569e62b5a6e86bb2b7c73bb,7,0
support-final-c569e62b5a6e86bb2b7c73bb,8,0
support-final-c569e62b5a6e86bb2b7c73bb,9,0
support-final-c569e62b5a6e86bb2b7c73bb,10,0
support-final-c569e62b5a6e86bb2b7c73bb,11,0
support-final-c569e62b5a6e86bb2b7c73bb,12,0
support-final-c569e62b5a6e86bb2b7c73bb,13,0
support-final-c569e62b5a6e86bb2b7c73bb,14,0
support-final-c569e62b5a6e86bb2b7c73bb,15,0
support-final-c569e62b5a6e86bb2b7c73bb,16,0
support-final-c569e62b5a6e86bb2b7c73bb,17,0
support-final-c569e62b5a6e86bb2b7c73bb,18,0
support-final-c569e62b5a6e86bb2b7c73bb,19,0
support-final-c569e62b5a6e86bb2b7c73bb,20,0
support-final-c569e62b5a6e86bb2b7c73bb,21,0
support-final-c569e62b5a6e86bb2b7c73bb,22,0
support-final-c569e62b5a6e86bb2b7c73bb,23,0
support-final-c569e62b5a6e86bb2b7c73bb,24,0
support-final-c569e62b5a6e86bb2b7c73bb,25,0
support-final-c569e62b5a6e86bb2b7c73bb,26,0
support-final-c569e62b5a6e86bb2b7c73bb,27,0
support-final-c569e62b5a6e86bb2b7c73bb,28,0
support-final-c569e62b5a6e86bb2b7c73bb,29,0
support-final-c569e62b5a6e86bb2b7c73bb,30,0
support-final-fff00ba37d47f7f831b9063f,0,0
support-final-fff00ba37d47f7f831b9063f,1,0
support-final-fff00ba37d47f7f831b9063f,2,0
support-final-fff00ba37d47f7f831b9063f,3,0
support-final-fff00ba37d47f7f831b9063f,4,0
support-final-fff00ba37d47f7f831b9063f,5,0
support-final-fff00ba37d47f7f831b9063f,6,0
support-final-fff00ba37d47f7f831b9063f,7,0
support-final-fff00ba37d47f7f831b9063f,8,0
support-final-fff00ba37d47f7f831b9063f,9,0
support-final-fff00ba37d47f7f831b9063f,10,0
support-final-fff00ba37d47f7f831b9063f,11,0
support-final-fff00ba37d47f7f831b9063f,12,0
support-final-fff00ba37d47f7f831b9063f,13,0
support-final-fff00ba37d47f7f831b9063f,14,0
support-final-fff00ba37d47f7f831b9063f,15,0
support-final-fff00ba37d47f7f831b9063f,16,0
support-final-fff00ba37d47f7f831b9063f,17,0
support-final-fff00ba37d47f7f831b9063f,18,0
support-final-fff00ba37d47f7f831b9063f,19,0
support-final-fff00ba37d47f7f831b9063f,20,0
support-final-fff00ba37d47f7f831b9063f,21,0
support-final-fff00ba37d47f7f831b9063f,22,0
support-final-fff00ba37d47f7f831b9063f,23,0
support-final-fff00ba37d47f7f831b9063f,24,0
support-final-fff00ba37d47f7f831b9063f,25,0
support-final-fff00ba37d47f7f831b9063f,26,0
support-final-fff00ba37d47f7f831b9063f,27,0
support-final-fff00ba37d47f7f831b9063f,28,0
support-final-fff00ba37d47f7f831b9063f,29,0
support-final-fff00ba37d47f7f831b9063f,30,0
support-final-ddc5b47d7501187795cfd362,0,0
support-final-ddc5b47d7501187795cfd362,1,0
support-final-ddc5b47d7501187795cfd362,2,0
support-final-ddc5b47d7501187795cfd362,3,0
support-final-ddc5b47d7501187795cfd362,4,0
support-final-ddc5b47d7501187795cfd362,5,0
support-final-ddc5b47d7501187795cfd362,6,0
support-final-ddc5b47d7501187795cfd362,7,0
support-final-ddc5b47d7501187795cfd362,8,0
support-final-ddc5b47d7501187795cfd362,9,0
support-final-ddc5b47d7501187795cfd362,10,0
support-final-ddc5b47d7501187795cfd362,11,0
support-final-ddc5b47d7501187795cfd362,12,0
support-final-ddc5b47d7501187795cfd362,13,0
support-final-ddc5b47d7501187795cfd362,14,0
support-final-ddc5b47d7501187795cfd362,15,0
support-final-ddc5b47d7501187795cfd362,16,0
support-final-ddc5b47d7501187795cfd362,17,0
support-final-ddc5b47d7501187795cfd362,18,0
support-final-ddc5b47d7501187795cfd362,19,0
support-final-ddc5b47d7501187795cfd362,20,0
support-final-ddc5b47d7501187795cfd362,21,0
support-final-ddc5b47d7501187795cfd362,22,0
support-final-ddc5b47d7501187795cfd362,23,0
support-final-ddc5b47d7501187795cfd362,24,0
support-final-ddc5b47d7501187795cfd362,25,0
support-final-ddc5b47d7501187795cfd362,26,0
support-final-ddc5b47d7501187795cfd362,27,0
support-final-ddc5b47d7501187795cfd362,28,0
support-final-ddc5b47d7501187795cfd362,29,0
support-final-ddc5b47d7501187795cfd362,30,0
support-final-46a4710a68771860ae27cd3f,0,0
support-final-46a4710a68771860ae27cd3f,1,1
support-final-46a4710a68771860ae27cd3f,2,1
support-final-46a4710a68771860ae27cd3f,3,2
support-final-46a4710a68771860ae27cd3f,4,3
support-final-46a4710a68771860ae27cd3f,5,3
support-final-46a4710a68771860ae27cd3f,6,3
support-final-46a4710a68771860ae27cd3f,7,3
support-final-46a4710a68771860ae27cd3f,8,3
support-final-46a4710a68771860ae27cd3f,9,3
support-final-46a4710a68771860ae27cd3f,10,3
support-final-46a4710a68771860ae27cd3f,11,3
support-final-46a4710a68771860ae27cd3f,12,3
support-final-46a4710a68771860ae27cd3f,13,3
support-final-46a4710a68771860ae27cd3f,14,3
support-final-46a4710a68771860ae27cd3f,15,3
support-final-46a4710a68771860ae27cd3f,16,3
support-final-46a4710a68771860ae27cd3f,17,3
support-final-46a4710a68771860ae27cd3f,18,3
support-final-46a4710a68771860ae27cd3f,19,3
support-final-46a4710a68771860ae27cd3f,20,3
support-final-46a4710a68771860ae27cd3f,21,3
support-final-46a4710a68771860ae27cd3f,22,3
support-final-46a4710a68771860ae27cd3f,23,3
support-final-46a4710a68771860ae27cd3f,24,3
support-final-46a4710a68771860ae27cd3f,25,3
support-final-46a4710a68771860ae27cd3f,26,3
support-final-46a4710a68771860ae27cd3f,27,3
support-final-46a4710a68771860ae27cd3f,28,3
support-final-46a4710a68771860ae27cd3f,29,3
support-final-46a4710a68771860ae27cd3f,30,3
support-final-ddce04b04a09a65c37822260,0,0
support-final-ddce04b04a09a65c37822260,1,0
support-final-ddce04b04a09a65c37822260,2,0
support-final-ddce04b04a09a65c37822260,3,0
support-final-ddce04b04a09a65c37822260,4,0
support-final-ddce04b04a09a65c37822260,5,0
support-final-ddce04b04a09a65c37822260,6,0
support-final-ddce04b04a09a65c37822260,7,0
support-final-ddce04b04a09a65c37822260,8,0
support-final-ddce04b04a09a65c37822260,9,0
support-final-ddce04b04a09a65c37822260,10,0
support-final-ddce04b04a09a65c37822260,11,0
support-final-ddce04b04a09a65c37822260,12,0
support-final-ddce04b04a09a65c37822260,13,0
support-final-ddce04b04a09a65c37822260,14,0
support-final-ddce04b04a09a65c37822260,15,0
support-final-ddce04b04a09a65c37822260,16,0
support-final-ddce04b04a09a65c37822260,17,0
support-final-ddce04b04a09a65c37822260,18,0
support-final-ddce04b04a09a65c37822260,19,0
support-final-ddce04b04a09a65c37822260,20,0
support-final-ddce04b04a09a65c37822260,21,0
support-final-ddce04b04a09a65c37822260,22,0
support-final-ddce04b04a09a65c37822260,23,0
support-final-ddce04b04a09a65c37822260,24,0
support-final-ddce04b04a09a65c37822260,25,0
support-final-ddce04b04a09a65c37822260,26,0
support-final-ddce04b04a09a65c37822260,27,0
support-final-ddce04b04a09a65c37822260,28,0
support-final-ddce04b04a09a65c37822260,29,0
support-final-ddce04b04a09a65c37822260,30,0
support-final-3881f8f06305e38f73d7ab5c,0,0
support-final-3881f8f06305e38f73d7ab5c,1,0
support-final-3881f8f06305e38f73d7ab5c,2,0
support-final-3881f8f06305e38f73d7ab5c,3,0
support-final-3881f8f06305e38f73d7ab5c,4,0
support-final-3881f8f06305e38f73d7ab5c,5,0
support-final-3881f8f06305e38f73d7ab5c,6,0
support-final-3881f8f06305e38f73d7ab5c,7,0
support-final-3881f8f06305e38f73d7ab5c,8,0
support-final-3881f8f06305e38f73d7ab5c,9,0
support-final-3881f8f06305e38f73d7ab5c,10,0
support-final-3881f8f06305e38f73d7ab5c,11,0
support-final-3881f8f06305e38f73d7ab5c,12,0
support-final-3881f8f06305e38f73d7ab5c,13,0
support-final-3881f8f06305e38f73d7ab5c,14,0
support-final-3881f8f06305e38f73d7ab5c,15,0
support-final-3881f8f06305e38f73d7ab5c,16,0
support-final-3881f8f06305e38f73d7ab5c,17,0
support-final-3881f8f06305e38f73d7ab5c,18,0
support-final-3881f8f06305e38f73d7ab5c,19,0
support-final-3881f8f06305e38f73d7ab5c,20,0
support-final-3881f8f06305e38f73d7ab5c,21,0
support-final-3881f8f06305e38f73d7ab5c,22,0
support-final-3881f8f06305e38f73d7ab5c,23,0
support-final-3881f8f06305e38f73d7ab5c,24,0
support-final-3881f8f06305e38f73d7ab5c,25,0
support-final-3881f8f06305e38f73d7ab5c,26,0
support-final-3881f8f06305e38f73d7ab5c,27,0
support-final-3881f8f06305e38f73d7ab5c,28,0
support-final-3881f8f06305e38f73d7ab5c,29,0
support-final-3881f8f06305e38f73d7ab5c,30,0
support-final-edd6246915d09bdcd9989408,0,0
support-final-edd6246915d09bdcd9989408,1,0
support-final-edd6246915d09bdcd9989408,2,1
support-final-edd6246915d09bdcd9989408,3,1
support-final-edd6246915d09bdcd9989408,4,1
support-final-edd6246915d09bdcd9989408,5,1
support-final-edd6246915d09bdcd9989408,6,1
support-final-edd6246915d09bdcd9989408,7,1
support-final-edd6246915d09bdcd9989408,8,1
support-final-edd6246915d09bdcd9989408,9,1
support-final-edd6246915d09bdcd9989408,10,1
support-final-edd6246915d09bdcd9989408,11,1
support-final-edd6246915d09bdcd9989408,12,1
support-final-edd6246915d09bdcd9989408,13,1
support-final-edd6246915d09bdcd9989408,14,1
support-final-edd6246915d09bdcd9989408,15,1
support-final-edd6246915d09bdcd9989408,16,1
support-final-edd6246915d09bdcd9989408,17,1
support-final-edd6246915d09bdcd9989408,18,1
support-final-edd6246915d09bdcd9989408,19,1
support-final-edd6246915d09bdcd9989408,20,1
support-final-edd6246915d09bdcd9989408,21,1
support-final-edd6246915d09bdcd9989408,22,1
support-final-edd6246915d09bdcd9989408,23,1
support-final-edd6246915d09bdcd9989408,24,1
support-final-edd6246915d09bdcd9989408,25,1
support-final-edd6246915d09bdcd9989408,26,2
support-final-edd6246915d09bdcd9989408,27,2
support-final-edd6246915d09bdcd9989408,28,2
support-final-edd6246915d09bdcd9989408,29,2
support-final-edd6246915d09bdcd9989408,30,2
support-final-76e22bd5cfc3ac0755bed75c,0,0
support-final-76e22bd5cfc3ac0755bed75c,1,0
support-final-76e22bd5cfc3ac0755bed75c,2,0
support-final-76e22bd5cfc3ac0755bed75c,3,0
support-final-76e22bd5cfc3ac0755bed75c,4,0
support-final-76e22bd5cfc3ac0755bed75c,5,0
support-final-76e22bd5cfc3ac0755bed75c,6,0
support-final-76e22bd5cfc3ac0755bed75c,7,0
support-final-76e22bd5cfc3ac0755bed75c,8,0
support-final-76e22bd5cfc3ac0755bed75c,9,0
support-final-76e22bd5cfc3ac0755bed75c,10,1
support-final-76e22bd5cfc3ac0755bed75c,11,1
support-final-76e22bd5cfc3ac0755bed75c,12,1
support-final-76e22bd5cfc3ac0755bed75c,13,1
support-final-76e22bd5cfc3ac0755bed75c,14,1
support-final-76e22bd5cfc3ac0755bed75c,15,1
support-final-76e22bd5cfc3ac0755bed75c,16,1
support-final-76e22bd5cfc3ac0755bed75c,17,1
support-final-76e22bd5cfc3ac0755bed75c,18,1
support-final-76e22bd5cfc3ac0755bed75c,19,1
support-final-76e22bd5cfc3ac0755bed75c,20,1
support-final-76e22bd5cfc3ac0755bed75c,21,1
support-final-76e22bd5cfc3ac0755bed75c,22,1
support-final-76e22bd5cfc3ac0755bed75c,23,1
support-final-76e22bd5cfc3ac0755bed75c,24,1
support-final-76e22bd5cfc3ac0755bed75c,25,1
support-final-76e22bd5cfc3ac0755bed75c,26,1
support-final-76e22bd5cfc3ac0755bed75c,27,1
support-final-76e22bd5cfc3ac0755bed75c,28,1
support-final-76e22bd5cfc3ac0755bed75c,29,1
support-final-76e22bd5cfc3ac0755bed75c,30,1
support-final-efc9a202a2c570cfa2316939,0,0
support-final-efc9a202a2c570cfa2316939,1,1
support-final-efc9a202a2c570cfa2316939,2,1
support-final-efc9a202a2c570cfa2316939,3,1
support-final-efc9a202a2c570cfa2316939,4,1
support-final-efc9a202a2c570cfa2316939,5,1
support-final-efc9a202a2c570cfa2316939,6,2
support-final-efc9a202a2c570cfa2316939,7,3
support-final-efc9a202a2c570cfa2316939,8,3
support-final-efc9a202a2c570cfa2316939,9,3
support-final-efc9a202a2c570cfa2316939,10,3
support-final-efc9a202a2c570cfa2316939,11,3
support-final-efc9a202a2c570cfa2316939,12,4
support-final-efc9a202a2c570cfa2316939,13,4
support-final-efc9a202a2c570cfa2316939,14,4
support-final-efc9a202a2c570cfa2316939,15,5
support-final-efc9a202a2c570cfa2316939,16,5
support-final-efc9a202a2c570cfa2316939,17,5
support-final-efc9a202a2c570cfa2316939,18,6
support-final-efc9a202a2c570cfa2316939,19,6
support-final-efc9a202a2c570cfa2316939,20,7
support-final-efc9a202a2c570cfa2316939,21,7
support-final-efc9a202a2c570cfa2316939,22,7
support-final-efc9a202a2c570cfa2316939,23,7
support-final-efc9a202a2c570cfa2316939,24,8
support-final-efc9a202a2c570cfa2316939,25,8
support-final-efc9a202a2c570cfa2316939,26,8
support-final-efc9a202a2c570cfa2316939,27,8
support-final-efc9a202a2c570cfa2316939,28,8
support-final-efc9a202a2c570cfa2316939,29,8
support-final-efc9a202a2c570cfa2316939,30,8
support-final-67a727484d05070227dbdeaa,0,0
support-final-67a727484d05070227dbdeaa,1,0
support-final-67a727484d05070227dbdeaa,2,0
support-final-67a727484d05070227dbdeaa,3,0
support-final-67a727484d05070227dbdeaa,4,0
support-final-67a727484d05070227dbdeaa,5,0
support-final-67a727484d05070227dbdeaa,6,0
support-final-67a727484d05070227dbdeaa,7,0
support-final-67a727484d05070227dbdeaa,8,0
support-final-67a727484d05070227dbdeaa,9,0
support-final-67a727484d05070227dbdeaa,10,0
support-final-67a727484d05070227dbdeaa,11,0
support-final-67a727484d05070227dbdeaa,12,0
support-final-67a727484d05070227dbdeaa,13,0
support-final-67a727484d05070227dbdeaa,14,0
support-final-67a727484d05070227dbdeaa,15,0
support-final-67a727484d05070227dbdeaa,16,0
support-final-67a727484d05070227dbdeaa,17,1
support-final-67a727484d05070227dbdeaa,18,1
support-final-67a727484d05070227dbdeaa,19,2
support-final-67a727484d05070227dbdeaa,20,2
support-final-67a727484d05070227dbdeaa,21,2
support-final-67a727484d05070227dbdeaa,22,2
support-final-67a727484d05070227dbdeaa,23,2
support-final-67a727484d05070227dbdeaa,24,2
support-final-67a727484d05070227dbdeaa,25,2
support-final-67a727484d05070227dbdeaa,26,2
support-final-67a727484d05070227dbdeaa,27,2
support-final-67a727484d05070227dbdeaa,28,2
support-final-67a727484d05070227dbdeaa,29,2
support-final-67a727484d05070227dbdeaa,30,2
support-final-6fcfd498ff17ce334d0cb06c,0,0
support-final-6fcfd498ff17ce334d0cb06c,1,0
support-final-6fcfd498ff17ce334d0cb06c,2,0
support-final-6fcfd498ff17ce334d0cb06c,3,0
support-final-6fcfd498ff17ce334d0cb06c,4,0
support-final-6fcfd498ff17ce334d0cb06c,5,0
support-final-6fcfd498ff17ce334d0cb06c,6,0
support-final-6fcfd498ff17ce334d0cb06c,7,0
support-final-6fcfd498ff17ce334d0cb06c,8,0
support-final-6fcfd498ff17ce334d0cb06c,9,0
support-final-6fcfd498ff17ce334d0cb06c,10,0
support-final-6fcfd498ff17ce334d0cb06c,11,0
support-final-6fcfd498ff17ce334d0cb06c,12,0
support-final-6fcfd498ff17ce334d0cb06c,13,0
support-final-6fcfd498ff17ce334d0cb06c,14,0
support-final-6fcfd498ff17ce334d0cb06c,15,0
support-final-6fcfd498ff17ce334d0cb06c,16,0
support-final-6fcfd498ff17ce334d0cb06c,17,0
support-final-6fcfd498ff17ce334d0cb06c,18,0
support-final-6fcfd498ff17ce334d0cb06c,19,0
support-final-6fcfd498ff17ce334d0cb06c,20,0
support-final-6fcfd498ff17ce334d0cb06c,21,0
support-final-6fcfd498ff17ce334d0cb06c,22,0
support-final-6fcfd498ff17ce334d0cb06c,23,0
support-final-6fcfd498ff17ce334d0cb06c,24,0
support-final-6fcfd498ff17ce334d0cb06c,25,0
support-final-6fcfd498ff17ce334d0cb06c,26,0
support-final-6fcfd498ff17ce334d0cb06c,27,0
support-final-6fcfd498ff17ce334d0cb06c,28,0
support-final-6fcfd498ff17ce334d0cb06c,29,0
support-final-6fcfd498ff17ce334d0cb06c,30,0
support-final-1eca5687358459892837526c,0,0
support-final-1eca5687358459892837526c,1,0
support-final-1eca5687358459892837526c,2,0
support-final-1eca5687358459892837526c,3,1
support-final-1eca5687358459892837526c,4,1
support-final-1eca5687358459892837526c,5,1
support-final-1eca5687358459892837526c,6,1
support-final-1eca5687358459892837526c,7,1
support-final-1eca5687358459892837526c,8,1
support-final-1eca5687358459892837526c,9,1
support-final-1eca5687358459892837526c,10,1
support-final-1eca5687358459892837526c,11,1
support-final-1eca5687358459892837526c,12,1
support-final-1eca5687358459892837526c,13,1
support-final-1eca5687358459892837526c,14,1
support-final-1eca5687358459892837526c,15,1
support-final-1eca5687358459892837526c,16,1
support-final-1eca5687358459892837526c,17,1
support-final-1eca5687358459892837526c,18,1
support-final-1eca5687358459892837526c,19,1
support-final-1eca5687358459892837526c,20,1
support-final-1eca5687358459892837526c,21,1
support-final-1eca5687358459892837526c,22,1
support-final-1eca5687358459892837526c,23,1
support-final-1eca5687358459892837526c,24,1
support-final-1eca5687358459892837526c,25,1
support-final-1eca5687358459892837526c,26,2
support-final-1eca5687358459892837526c,27,2
support-final-1eca5687358459892837526c,28,2
support-final-1eca5687358459892837526c,29,2
support-final-1eca5687358459892837526c,30,2
support-final-8176b8bcd164acb52a555810,0,0
support-final-8176b8bcd164acb52a555810,1,0
support-final-8176b8bcd164acb52a555810,2,0
support-final-8176b8bcd164acb52a555810,3,0
support-final-8176b8bcd164acb52a555810,4,0
support-final-8176b8bcd164acb52a555810,5,0
support-final-8176b8bcd164acb52a555810,6,0
support-final-8176b8bcd164acb52a555810,7,0
support-final-8176b8bcd164acb52a555810,8,0
support-final-8176b8bcd164acb52a555810,9,0
support-final-8176b8bcd164acb52a555810,10,0
support-final-8176b8bcd164acb52a555810,11,0
support-final-8176b8bcd164acb52a555810,12,0
support-final-8176b8bcd164acb52a555810,13,0
support-final-8176b8bcd164acb52a555810,14,0
support-final-8176b8bcd164acb52a555810,15,0
support-final-8176b8bcd164acb52a555810,16,0
support-final-8176b8bcd164acb52a555810,17,0
support-final-8176b8bcd164acb52a555810,18,0
support-final-8176b8bcd164acb52a555810,19,0
support-final-8176b8bcd164acb52a555810,20,0
support-final-8176b8bcd164acb52a555810,21,0
support-final-8176b8bcd164acb52a555810,22,0
support-final-8176b8bcd164acb52a555810,23,0
support-final-8176b8bcd164acb52a555810,24,0
support-final-8176b8bcd164acb52a555810,25,0
support-final-8176b8bcd164acb52a555810,26,0
support-final-8176b8bcd164acb52a555810,27,0
support-final-8176b8bcd164acb52a555810,28,0
support-final-8176b8bcd164acb52a555810,29,0
support-final-8176b8bcd164acb52a555810,30,0
support-final-8d05f59982a2d68e6ff58d3d,0,0
support-final-8d05f59982a2d68e6ff58d3d,1,1
support-final-8d05f59982a2d68e6ff58d3d,2,1
support-final-8d05f59982a2d68e6ff58d3d,3,2
support-final-8d05f59982a2d68e6ff58d3d,4,2
support-final-8d05f59982a2d68e6ff58d3d,5,2
support-final-8d05f59982a2d68e6ff58d3d,6,3
support-final-8d05f59982a2d68e6ff58d3d,7,4
support-final-8d05f59982a2d68e6ff58d3d,8,5
support-final-8d05f59982a2d68e6ff58d3d,9,5
support-final-8d05f59982a2d68e6ff58d3d,10,5
support-final-8d05f59982a2d68e6ff58d3d,11,6
support-final-8d05f59982a2d68e6ff58d3d,12,6
support-final-8d05f59982a2d68e6ff58d3d,13,7
support-final-8d05f59982a2d68e6ff58d3d,14,7
support-final-8d05f59982a2d68e6ff58d3d,15,7
support-final-8d05f59982a2d68e6ff58d3d,16,7
support-final-8d05f59982a2d68e6ff58d3d,17,7
support-final-8d05f59982a2d68e6ff58d3d,18,7
support-final-8d05f59982a2d68e6ff58d3d,19,7
support-final-8d05f59982a2d68e6ff58d3d,20,7
support-final-8d05f59982a2d68e6ff58d3d,21,7
support-final-8d05f59982a2d68e6ff58d3d,22,7
support-final-8d05f59982a2d68e6ff58d3d,23,7
support-final-8d05f59982a2d68e6ff58d3d,24,7
support-final-8d05f59982a2d68e6ff58d3d,25,7
support-final-8d05f59982a2d68e6ff58d3d,26,7
support-final-8d05f59982a2d68e6ff58d3d,27,7
support-final-8d05f59982a2d68e6ff58d3d,28,7
support-final-8d05f59982a2d68e6ff58d3d,29,7
support-final-8d05f59982a2d68e6ff58d3d,30,7
support-final-538b5b5a938af4e4a1c66d25,0,0
support-final-538b5b5a938af4e4a1c66d25,1,1
support-final-538b5b5a938af4e4a1c66d25,2,1
support-final-538b5b5a938af4e4a1c66d25,3,2
support-final-538b5b5a938af4e4a1c66d25,4,2
support-final-538b5b5a938af4e4a1c66d25,5,2
support-final-538b5b5a938af4e4a1c66d25,6,3
support-final-538b5b5a938af4e4a1c66d25,7,3
support-final-538b5b5a938af4e4a1c66d25,8,3
support-final-538b5b5a938af4e4a1c66d25,9,4
support-final-538b5b5a938af4e4a1c66d25,10,4
support-final-538b5b5a938af4e4a1c66d25,11,4
support-final-538b5b5a938af4e4a1c66d25,12,5
support-final-538b5b5a938af4e4a1c66d25,13,5
support-final-538b5b5a938af4e4a1c66d25,14,5
support-final-538b5b5a938af4e4a1c66d25,15,5
support-final-538b5b5a938af4e4a1c66d25,16,6
support-final-538b5b5a938af4e4a1c66d25,17,7
support-final-538b5b5a938af4e4a1c66d25,18,8
support-final-538b5b5a938af4e4a1c66d25,19,9
support-final-538b5b5a938af4e4a1c66d25,20,9
support-final-538b5b5a938af4e4a1c66d25,21,9
support-final-538b5b5a938af4e4a1c66d25,22,9
support-final-538b5b5a938af4e4a1c66d25,23,9
support-final-538b5b5a938af4e4a1c66d25,24,9
support-final-538b5b5a938af4e4a1c66d25,25,9
support-final-538b5b5a938af4e4a1c66d25,26,9
support-final-538b5b5a938af4e4a1c66d25,27,10
support-final-538b5b5a938af4e4a1c66d25,28,10
support-final-538b5b5a938af4e4a1c66d25,29,10
support-final-538b5b5a938af4e4a1c66d25,30,10
support-final-743234ef297f4d82c1691ae5,0,0
support-final-743234ef297f4d82c1691ae5,1,0
support-final-743234ef297f4d82c1691ae5,2,0
support-final-743234ef297f4d82c1691ae5,3,0
support-final-743234ef297f4d82c1691ae5,4,0
support-final-743234ef297f4d82c1691ae5,5,1
support-final-743234ef297f4d82c1691ae5,6,1
support-final-743234ef297f4d82c1691ae5,7,2
support-final-743234ef297f4d82c1691ae5,8,3
support-final-743234ef297f4d82c1691ae5,9,4
support-final-743234ef297f4d82c1691ae5,10,5
support-final-743234ef297f4d82c1691ae5,11,6
support-final-743234ef297f4d82c1691ae5,12,6
support-final-743234ef297f4d82c1691ae5,13,6
support-final-743234ef297f4d82c1691ae5,14,6
support-final-743234ef297f4d82c1691ae5,15,6
support-final-743234ef297f4d82c1691ae5,16,6
support-final-743234ef297f4d82c1691ae5,17,6
support-final-743234ef297f4d82c1691ae5,18,7
support-final-743234ef297f4d82c1691ae5,19,7
support-final-743234ef297f4d82c1691ae5,20,7
support-final-743234ef297f4d82c1691ae5,21,7
support-final-743234ef297f4d82c1691ae5,22,7
support-final-743234ef297f4d82c1691ae5,23,7
support-final-743234ef297f4d82c1691ae5,24,7
support-final-743234ef297f4d82c1691ae5,25,7
support-final-743234ef297f4d82c1691ae5,26,8
support-final-743234ef297f4d82c1691ae5,27,8
support-final-743234ef297f4d82c1691ae5,28,8
support-final-743234ef297f4d82c1691ae5,29,9
support-final-743234ef297f4d82c1691ae5,30,10
support-final-e9cffbb95ff9bc735600657f,0,0
support-final-e9cffbb95ff9bc735600657f,1,1
support-final-e9cffbb95ff9bc735600657f,2,1
support-final-e9cffbb95ff9bc735600657f,3,2
support-final-e9cffbb95ff9bc735600657f,4,3
support-final-e9cffbb95ff9bc735600657f,5,4
support-final-e9cffbb95ff9bc735600657f,6,4
support-final-e9cffbb95ff9bc735600657f,7,4
support-final-e9cffbb95ff9bc735600657f,8,4
support-final-e9cffbb95ff9bc735600657f,9,5
support-final-e9cffbb95ff9bc735600657f,10,5
support-final-e9cffbb95ff9bc735600657f,11,5
support-final-e9cffbb95ff9bc735600657f,12,5
support-final-e9cffbb95ff9bc735600657f,13,5
support-final-e9cffbb95ff9bc735600657f,14,5
support-final-e9cffbb95ff9bc735600657f,15,5
support-final-e9cffbb95ff9bc735600657f,16,6
support-final-e9cffbb95ff9bc735600657f,17,6
support-final-e9cffbb95ff9bc735600657f,18,6
support-final-e9cffbb95ff9bc735600657f,19,6
support-final-e9cffbb95ff9bc735600657f,20,7
support-final-e9cffbb95ff9bc735600657f,21,8
support-final-e9cffbb95ff9bc735600657f,22,9
support-final-e9cffbb95ff9bc735600657f,23,10
support-final-e9cffbb95ff9bc735600657f,24,10
support-final-e9cffbb95ff9bc735600657f,25,10
support-final-e9cffbb95ff9bc735600657f,26,10
support-final-e9cffbb95ff9bc735600657f,27,10
support-final-e9cffbb95ff9bc735600657f,28,11
support-final-e9cffbb95ff9bc735600657f,29,11
support-final-e9cffbb95ff9bc735600657f,30,12
support-final-35a1eec695d283dc9e07dcdb,0,0
support-final-35a1eec695d283dc9e07dcdb,1,0
support-final-35a1eec695d283dc9e07dcdb,2,0
support-final-35a1eec695d283dc9e07dcdb,3,0
support-final-35a1eec695d283dc9e07dcdb,4,0
support-final-35a1eec695d283dc9e07dcdb,5,0
support-final-35a1eec695d283dc9e07dcdb,6,0
support-final-35a1eec695d283dc9e07dcdb,7,0
support-final-35a1eec695d283dc9e07dcdb,8,0
support-final-35a1eec695d283dc9e07dcdb,9,0
support-final-35a1eec695d283dc9e07dcdb,10,0
support-final-35a1eec695d283dc9e07dcdb,11,0
support-final-35a1eec695d283dc9e07dcdb,12,0
support-final-35a1eec695d283dc9e07dcdb,13,0
support-final-35a1eec695d283dc9e07dcdb,14,0
support-final-35a1eec695d283dc9e07dcdb,15,0
support-final-35a1eec695d283dc9e07dcdb,16,0
support-final-35a1eec695d283dc9e07dcdb,17,0
support-final-35a1eec695d283dc9e07dcdb,18,0
support-final-35a1eec695d283dc9e07dcdb,19,0
support-final-35a1eec695d283dc9e07dcdb,20,0
support-final-35a1eec695d283dc9e07dcdb,21,0
support-final-35a1eec695d283dc9e07dcdb,22,0
support-final-35a1eec695d283dc9e07dcdb,23,0
support-final-35a1eec695d283dc9e07dcdb,24,0
support-final-35a1eec695d283dc9e07dcdb,25,0
support-final-35a1eec695d283dc9e07dcdb,26,0
support-final-35a1eec695d283dc9e07dcdb,27,0
support-final-35a1eec695d283dc9e07dcdb,28,0
support-final-35a1eec695d283dc9e07dcdb,29,0
support-final-35a1eec695d283dc9e07dcdb,30,0
support-final-5f4e2fb9196dd2650871fb54,0,0
support-final-5f4e2fb9196dd2650871fb54,1,0
support-final-5f4e2fb9196dd2650871fb54,2,0
support-final-5f4e2fb9196dd2650871fb54,3,0
support-final-5f4e2fb9196dd2650871fb54,4,0
support-final-5f4e2fb9196dd2650871fb54,5,0
support-final-5f4e2fb9196dd2650871fb54,6,0
support-final-5f4e2fb9196dd2650871fb54,7,0
support-final-5f4e2fb9196dd2650871fb54,8,0
support-final-5f4e2fb9196dd2650871fb54,9,0
support-final-5f4e2fb9196dd2650871fb54,10,0
support-final-5f4e2fb9196dd2650871fb54,11,0
support-final-5f4e2fb9196dd2650871fb54,12,0
support-final-5f4e2fb9196dd2650871fb54,13,0
support-final-5f4e2fb9196dd2650871fb54,14,0
support-final-5f4e2fb9196dd2650871fb54,15,0
support-final-5f4e2fb9196dd2650871fb54,16,0
support-final-5f4e2fb9196dd2650871fb54,17,0
support-final-5f4e2fb9196dd2650871fb54,18,0
support-final-5f4e2fb9196dd2650871fb54,19,0
support-final-5f4e2fb9196dd2650871fb54,20,0
support-final-5f4e2fb9196dd2650871fb54,21,0
support-final-5f4e2fb9196dd2650871fb54,22,0
support-final-5f4e2fb9196dd2650871fb54,23,0
support-final-5f4e2fb9196dd2650871fb54,24,0
support-final-5f4e2fb9196dd2650871fb54,25,0
support-final-5f4e2fb9196dd2650871fb54,26,0
support-final-5f4e2fb9196dd2650871fb54,27,0
support-final-5f4e2fb9196dd2650871fb54,28,0
support-final-5f4e2fb9196dd2650871fb54,29,0
support-final-5f4e2fb9196dd2650871fb54,30,0
support-final-446882441bc9d484b4de7af9,0,0
support-final-446882441bc9d484b4de7af9,1,0
support-final-446882441bc9d484b4de7af9,2,0
support-final-446882441bc9d484b4de7af9,3,0
support-final-446882441bc9d484b4de7af9,4,0
support-final-446882441bc9d484b4de7af9,5,0
support-final-446882441bc9d484b4de7af9,6,0
support-final-446882441bc9d484b4de7af9,7,0
support-final-446882441bc9d484b4de7af9,8,0
support-final-446882441bc9d484b4de7af9,9,0
support-final-446882441bc9d484b4de7af9,10,0
support-final-446882441bc9d484b4de7af9,11,0
support-final-446882441bc9d484b4de7af9,12,0
support-final-446882441bc9d484b4de7af9,13,0
support-final-446882441bc9d484b4de7af9,14,0
support-final-446882441bc9d484b4de7af9,15,0
support-final-446882441bc9d484b4de7af9,16,0
support-final-446882441bc9d484b4de7af9,17,0
support-final-446882441bc9d484b4de7af9,18,0
support-final-446882441bc9d484b4de7af9,19,0
support-final-446882441bc9d484b4de7af9,20,0
support-final-446882441bc9d484b4de7af9,21,0
support-final-446882441bc9d484b4de7af9,22,0
support-final-446882441bc9d484b4de7af9,23,0
support-final-446882441bc9d484b4de7af9,24,0
support-final-446882441bc9d484b4de7af9,25,0
support-final-446882441bc9d484b4de7af9,26,0
support-final-446882441bc9d484b4de7af9,27,0
support-final-446882441bc9d484b4de7af9,28,0
support-final-446882441bc9d484b4de7af9,29,0
support-final-446882441bc9d484b4de7af9,30,0
support-final-5c5580308c1610c03e3bee38,0,0
support-final-5c5580308c1610c03e3bee38,1,0
support-final-5c5580308c1610c03e3bee38,2,0
support-final-5c5580308c1610c03e3bee38,3,0
support-final-5c5580308c1610c03e3bee38,4,0
support-final-5c5580308c1610c03e3bee38,5,0
support-final-5c5580308c1610c03e3bee38,6,0
support-final-5c5580308c1610c03e3bee38,7,0
support-final-5c5580308c1610c03e3bee38,8,0
support-final-5c5580308c1610c03e3bee38,9,0
support-final-5c5580308c1610c03e3bee38,10,0
support-final-5c5580308c1610c03e3bee38,11,0
support-final-5c5580308c1610c03e3bee38,12,0
support-final-5c5580308c1610c03e3bee38,13,0
support-final-5c5580308c1610c03e3bee38,14,0
support-final-5c5580308c1610c03e3bee38,15,0
support-final-5c5580308c1610c03e3bee38,16,0
support-final-5c5580308c1610c03e3bee38,17,0
support-final-5c5580308c1610c03e3bee38,18,0
support-final-5c5580308c1610c03e3bee38,19,0
support-final-5c5580308c1610c03e3bee38,20,0
support-final-5c5580308c1610c03e3bee38,21,0
support-final-5c5580308c1610c03e3bee38,22,0
support-final-5c5580308c1610c03e3bee38,23,0
support-final-5c5580308c1610c03e3bee38,24,0
support-final-5c5580308c1610c03e3bee38,25,0
support-final-5c5580308c1610c03e3bee38,26,0
support-final-5c5580308c1610c03e3bee38,27,0
support-final-5c5580308c1610c03e3bee38,28,0
support-final-5c5580308c1610c03e3bee38,29,0
support-final-5c5580308c1610c03e3bee38,30,0
support-final-bd4c521ce43e5090a9b1a8db,0,0
support-final-bd4c521ce43e5090a9b1a8db,1,0
support-final-bd4c521ce43e5090a9b1a8db,2,0
support-final-bd4c521ce43e5090a9b1a8db,3,0
support-final-bd4c521ce43e5090a9b1a8db,4,0
support-final-bd4c521ce43e5090a9b1a8db,5,0
support-final-bd4c521ce43e5090a9b1a8db,6,0
support-final-bd4c521ce43e5090a9b1a8db,7,0
support-final-bd4c521ce43e5090a9b1a8db,8,0
support-final-bd4c521ce43e5090a9b1a8db,9,0
support-final-bd4c521ce43e5090a9b1a8db,10,0
support-final-bd4c521ce43e5090a9b1a8db,11,0
support-final-bd4c521ce43e5090a9b1a8db,12,0
support-final-bd4c521ce43e5090a9b1a8db,13,0
support-final-bd4c521ce43e5090a9b1a8db,14,0
support-final-bd4c521ce43e5090a9b1a8db,15,0
support-final-bd4c521ce43e5090a9b1a8db,16,0
support-final-bd4c521ce43e5090a9b1a8db,17,0
support-final-bd4c521ce43e5090a9b1a8db,18,0
support-final-bd4c521ce43e5090a9b1a8db,19,0
support-final-bd4c521ce43e5090a9b1a8db,20,0
support-final-bd4c521ce43e5090a9b1a8db,21,0
support-final-bd4c521ce43e5090a9b1a8db,22,0
support-final-bd4c521ce43e5090a9b1a8db,23,0
support-final-bd4c521ce43e5090a9b1a8db,24,0
support-final-bd4c521ce43e5090a9b1a8db,25,0
support-final-bd4c521ce43e5090a9b1a8db,26,0
support-final-bd4c521ce43e5090a9b1a8db,27,0
support-final-bd4c521ce43e5090a9b1a8db,28,0
support-final-bd4c521ce43e5090a9b1a8db,29,0
support-final-bd4c521ce43e5090a9b1a8db,30,0
support-final-9c02391744d541b8bebb15d1,0,0
support-final-9c02391744d541b8bebb15d1,1,0
support-final-9c02391744d541b8bebb15d1,2,0
support-final-9c02391744d541b8bebb15d1,3,0
support-final-9c02391744d541b8bebb15d1,4,0
support-final-9c02391744d541b8bebb15d1,5,0
support-final-9c02391744d541b8bebb15d1,6,0
support-final-9c02391744d541b8bebb15d1,7,0
support-final-9c02391744d541b8bebb15d1,8,0
support-final-9c02391744d541b8bebb15d1,9,0
support-final-9c02391744d541b8bebb15d1,10,0
support-final-9c02391744d541b8bebb15d1,11,1
support-final-9c02391744d541b8bebb15d1,12,1
support-final-9c02391744d541b8bebb15d1,13,2
support-final-9c02391744d541b8bebb15d1,14,2
support-final-9c02391744d541b8bebb15d1,15,3
support-final-9c02391744d541b8bebb15d1,16,4
support-final-9c02391744d541b8bebb15d1,17,4
support-final-9c02391744d541b8bebb15d1,18,4
support-final-9c02391744d541b8bebb15d1,19,4
support-final-9c02391744d541b8bebb15d1,20,5
support-final-9c02391744d541b8bebb15d1,21,5
support-final-9c02391744d541b8bebb15d1,22,5
support-final-9c02391744d541b8bebb15d1,23,6
support-final-9c02391744d541b8bebb15d1,24,7
support-final-9c02391744d541b8bebb15d1,25,8
support-final-9c02391744d541b8bebb15d1,26,8
support-final-9c02391744d541b8bebb15d1,27,9
support-final-9c02391744d541b8bebb15d1,28,10
support-final-9c02391744d541b8bebb15d1,29,11
support-final-9c02391744d541b8bebb15d1,30,11
support-final-dd4a075de95ff40054d250b9,0,0
support-final-dd4a075de95ff40054d250b9,1,0
support-final-dd4a075de95ff40054d250b9,2,0
support-final-dd4a075de95ff40054d250b9,3,0
support-final-dd4a075de95ff40054d250b9,4,0
support-final-dd4a075de95ff40054d250b9,5,0
support-final-dd4a075de95ff40054d250b9,6,0
support-final-dd4a075de95ff40054d250b9,7,0
support-final-dd4a075de95ff40054d250b9,8,0
support-final-dd4a075de95ff40054d250b9,9,0
support-final-dd4a075de95ff40054d250b9,10,0
support-final-dd4a075de95ff40054d250b9,11,0
support-final-dd4a075de95ff40054d250b9,12,0
support-final-dd4a075de95ff40054d250b9,13,0
support-final-dd4a075de95ff40054d250b9,14,0
support-final-dd4a075de95ff40054d250b9,15,0
support-final-dd4a075de95ff40054d250b9,16,0
support-final-dd4a075de95ff40054d250b9,17,0
support-final-dd4a075de95ff40054d250b9,18,0
support-final-dd4a075de95ff40054d250b9,19,0
support-final-dd4a075de95ff40054d250b9,20,0
support-final-dd4a075de95ff40054d250b9,21,0
support-final-dd4a075de95ff40054d250b9,22,0
support-final-dd4a075de95ff40054d250b9,23,0
support-final-dd4a075de95ff40054d250b9,24,0
support-final-dd4a075de95ff40054d250b9,25,0
support-final-dd4a075de95ff40054d250b9,26,0
support-final-dd4a075de95ff40054d250b9,27,0
support-final-dd4a075de95ff40054d250b9,28,0
support-final-dd4a075de95ff40054d250b9,29,0
support-final-dd4a075de95ff40054d250b9,30,0
support-final-0e5a03b8e3ffa78fe8da15bb,0,0
support-final-0e5a03b8e3ffa78fe8da15bb,1,1
support-final-0e5a03b8e3ffa78fe8da15bb,2,2
support-final-0e5a03b8e3ffa78fe8da15bb,3,2
support-final-0e5a03b8e3ffa78fe8da15bb,4,2
support-final-0e5a03b8e3ffa78fe8da15bb,5,2
support-final-0e5a03b8e3ffa78fe8da15bb,6,3
support-final-0e5a03b8e3ffa78fe8da15bb,7,3
support-final-0e5a03b8e3ffa78fe8da15bb,8,4
support-final-0e5a03b8e3ffa78fe8da15bb,9,5
support-final-0e5a03b8e3ffa78fe8da15bb,10,6
support-final-0e5a03b8e3ffa78fe8da15bb,11,7
support-final-0e5a03b8e3ffa78fe8da15bb,12,7
support-final-0e5a03b8e3ffa78fe8da15bb,13,8
support-final-0e5a03b8e3ffa78fe8da15bb,14,8
support-final-0e5a03b8e3ffa78fe8da15bb,15,8
support-final-0e5a03b8e3ffa78fe8da15bb,16,9
support-final-0e5a03b8e3ffa78fe8da15bb,17,10
support-final-0e5a03b8e3ffa78fe8da15bb,18,11
support-final-0e5a03b8e3ffa78fe8da15bb,19,11
support-final-0e5a03b8e3ffa78fe8da15bb,20,12
support-final-0e5a03b8e3ffa78fe8da15bb,21,13
support-final-0e5a03b8e3ffa78fe8da15bb,22,13
support-final-0e5a03b8e3ffa78fe8da15bb,23,13
support-final-0e5a03b8e3ffa78fe8da15bb,24,13
support-final-0e5a03b8e3ffa78fe8da15bb,25,13
support-final-0e5a03b8e3ffa78fe8da15bb,26,13
support-final-0e5a03b8e3ffa78fe8da15bb,27,13
support-final-0e5a03b8e3ffa78fe8da15bb,28,14
support-final-0e5a03b8e3ffa78fe8da15bb,29,14
support-final-0e5a03b8e3ffa78fe8da15bb,30,14
support-final-aa9d47c6c7bb03ffdbdc876a,0,0
support-final-aa9d47c6c7bb03ffdbdc876a,1,0
support-final-aa9d47c6c7bb03ffdbdc876a,2,0
support-final-aa9d47c6c7bb03ffdbdc876a,3,0
support-final-aa9d47c6c7bb03ffdbdc876a,4,0
support-final-aa9d47c6c7bb03ffdbdc876a,5,0
support-final-aa9d47c6c7bb03ffdbdc876a,6,0
support-final-aa9d47c6c7bb03ffdbdc876a,7,0
support-final-aa9d47c6c7bb03ffdbdc876a,8,0
support-final-aa9d47c6c7bb03ffdbdc876a,9,0
support-final-aa9d47c6c7bb03ffdbdc876a,10,0
support-final-aa9d47c6c7bb03ffdbdc876a,11,0
support-final-aa9d47c6c7bb03ffdbdc876a,12,0
support-final-aa9d47c6c7bb03ffdbdc876a,13,0
support-final-aa9d47c6c7bb03ffdbdc876a,14,0
support-final-aa9d47c6c7bb03ffdbdc876a,15,0
support-final-aa9d47c6c7bb03ffdbdc876a,16,0
support-final-aa9d47c6c7bb03ffdbdc876a,17,0
support-final-aa9d47c6c7bb03ffdbdc876a,18,0
support-final-aa9d47c6c7bb03ffdbdc876a,19,0
support-final-aa9d47c6c7bb03ffdbdc876a,20,0
support-final-aa9d47c6c7bb03ffdbdc876a,21,0
support-final-aa9d47c6c7bb03ffdbdc876a,22,0
support-final-aa9d47c6c7bb03ffdbdc876a,23,0
support-final-aa9d47c6c7bb03ffdbdc876a,24,0
support-final-aa9d47c6c7bb03ffdbdc876a,25,0
support-final-aa9d47c6c7bb03ffdbdc876a,26,0
support-final-aa9d47c6c7bb03ffdbdc876a,27,0
support-final-aa9d47c6c7bb03ffdbdc876a,28,0
support-final-aa9d47c6c7bb03ffdbdc876a,29,0
support-final-aa9d47c6c7bb03ffdbdc876a,30,0
support-final-2bc8f23b6a52969293e190c5,0,0
support-final-2bc8f23b6a52969293e190c5,1,0
support-final-2bc8f23b6a52969293e190c5,2,0
support-final-2bc8f23b6a52969293e190c5,3,0
support-final-2bc8f23b6a52969293e190c5,4,0
support-final-2bc8f23b6a52969293e190c5,5,0
support-final-2bc8f23b6a52969293e190c5,6,0
support-final-2bc8f23b6a52969293e190c5,7,0
support-final-2bc8f23b6a52969293e190c5,8,0
support-final-2bc8f23b6a52969293e190c5,9,0
support-final-2bc8f23b6a52969293e190c5,10,0
support-final-2bc8f23b6a52969293e190c5,11,0
support-final-2bc8f23b6a52969293e190c5,12,0
support-final-2bc8f23b6a52969293e190c5,13,0
support-final-2bc8f23b6a52969293e190c5,14,0
support-final-2bc8f23b6a52969293e190c5,15,0
support-final-2bc8f23b6a52969293e190c5,16,0
support-final-2bc8f23b6a52969293e190c5,17,0
support-final-2bc8f23b6a52969293e190c5,18,0
support-final-2bc8f23b6a52969293e190c5,19,0
support-final-2bc8f23b6a52969293e190c5,20,0
support-final-2bc8f23b6a52969293e190c5,21,0
support-final-2bc8f23b6a52969293e190c5,22,0
support-final-2bc8f23b6a52969293e190c5,23,0
support-final-2bc8f23b6a52969293e190c5,24,0
support-final-2bc8f23b6a52969293e190c5,25,0
support-final-2bc8f23b6a52969293e190c5,26,0
support-final-2bc8f23b6a52969293e190c5,27,0
support-final-2bc8f23b6a52969293e190c5,28,0
support-final-2bc8f23b6a52969293e190c5,29,0
support-final-2bc8f23b6a52969293e190c5,30,0
support-final-698ebdd09e0561d123b55b00,0,0
support-final-698ebdd09e0561d123b55b00,1,1
support-final-698ebdd09e0561d123b55b00,2,1
support-final-698ebdd09e0561d123b55b00,3,1
support-final-698ebdd09e0561d123b55b00,4,1
support-final-698ebdd09e0561d123b55b00,5,1
support-final-698ebdd09e0561d123b55b00,6,1
support-final-698ebdd09e0561d123b55b00,7,1
support-final-698ebdd09e0561d123b55b00,8,1
support-final-698ebdd09e0561d123b55b00,9,1
support-final-698ebdd09e0561d123b55b00,10,1
support-final-698ebdd09e0561d123b55b00,11,1
support-final-698ebdd09e0561d123b55b00,12,1
support-final-698ebdd09e0561d123b55b00,13,2
support-final-698ebdd09e0561d123b55b00,14,3
support-final-698ebdd09e0561d123b55b00,15,3
support-final-698ebdd09e0561d123b55b00,16,3
support-final-698ebdd09e0561d123b55b00,17,3
support-final-698ebdd09e0561d123b55b00,18,3
support-final-698ebdd09e0561d123b55b00,19,3
support-final-698ebdd09e0561d123b55b00,20,3
support-final-698ebdd09e0561d123b55b00,21,3
support-final-698ebdd09e0561d123b55b00,22,3
support-final-698ebdd09e0561d123b55b00,23,3
support-final-698ebdd09e0561d123b55b00,24,3
support-final-698ebdd09e0561d123b55b00,25,3
support-final-698ebdd09e0561d123b55b00,26,4
support-final-698ebdd09e0561d123b55b00,27,4
support-final-698ebdd09e0561d123b55b00,28,5
support-final-698ebdd09e0561d123b55b00,29,6
support-final-698ebdd09e0561d123b55b00,30,6
support-final-f75378727b2725201d5c5f4f,0,0
support-final-f75378727b2725201d5c5f4f,1,0
support-final-f75378727b2725201d5c5f4f,2,0
support-final-f75378727b2725201d5c5f4f,3,0
support-final-f75378727b2725201d5c5f4f,4,0
support-final-f75378727b2725201d5c5f4f,5,0
support-final-f75378727b2725201d5c5f4f,6,0
support-final-f75378727b2725201d5c5f4f,7,0
support-final-f75378727b2725201d5c5f4f,8,0
support-final-f75378727b2725201d5c5f4f,9,0
support-final-f75378727b2725201d5c5f4f,10,0
support-final-f75378727b2725201d5c5f4f,11,0
support-final-f75378727b2725201d5c5f4f,12,0
support-final-f75378727b2725201d5c5f4f,13,0
support-final-f75378727b2725201d5c5f4f,14,0
support-final-f75378727b2725201d5c5f4f,15,0
support-final-f75378727b2725201d5c5f4f,16,0
support-final-f75378727b2725201d5c5f4f,17,0
support-final-f75378727b2725201d5c5f4f,18,0
support-final-f75378727b2725201d5c5f4f,19,0
support-final-f75378727b2725201d5c5f4f,20,0
support-final-f75378727b2725201d5c5f4f,21,0
support-final-f75378727b2725201d5c5f4f,22,0
support-final-f75378727b2725201d5c5f4f,23,0
support-final-f75378727b2725201d5c5f4f,24,0
support-final-f75378727b2725201d5c5f4f,25,0
support-final-f75378727b2725201d5c5f4f,26,0
support-final-f75378727b2725201d5c5f4f,27,0
support-final-f75378727b2725201d5c5f4f,28,0
support-final-f75378727b2725201d5c5f4f,29,0
support-final-f75378727b2725201d5c5f4f,30,0
support-final-daed1cd8016b69fbed7963e5,0,0
support-final-daed1cd8016b69fbed7963e5,1,0
support-final-daed1cd8016b69fbed7963e5,2,0
support-final-daed1cd8016b69fbed7963e5,3,0
support-final-daed1cd8016b69fbed7963e5,4,0
support-final-daed1cd8016b69fbed7963e5,5,0
support-final-daed1cd8016b69fbed7963e5,6,0
support-final-daed1cd8016b69fbed7963e5,7,0
support-final-daed1cd8016b69fbed7963e5,8,0
support-final-daed1cd8016b69fbed7963e5,9,0
support-final-daed1cd8016b69fbed7963e5,10,0
support-final-daed1cd8016b69fbed7963e5,11,0
support-final-daed1cd8016b69fbed7963e5,12,0
support-final-daed1cd8016b69fbed7963e5,13,0
support-final-daed1cd8016b69fbed7963e5,14,0
support-final-daed1cd8016b69fbed7963e5,15,0
support-final-daed1cd8016b69fbed7963e5,16,0
support-final-daed1cd8016b69fbed7963e5,17,0
support-final-daed1cd8016b69fbed7963e5,18,0
support-final-daed1cd8016b69fbed7963e5,19,0
support-final-daed1cd8016b69fbed7963e5,20,0
support-final-daed1cd8016b69fbed7963e5,21,0
support-final-daed1cd8016b69fbed7963e5,22,0
support-final-daed1cd8016b69fbed7963e5,23,0
support-final-daed1cd8016b69fbed7963e5,24,0
support-final-daed1cd8016b69fbed7963e5,25,0
support-final-daed1cd8016b69fbed7963e5,26,0
support-final-daed1cd8016b69fbed7963e5,27,0
support-final-daed1cd8016b69fbed7963e5,28,0
support-final-daed1cd8016b69fbed7963e5,29,0
support-final-daed1cd8016b69fbed7963e5,30,0
support-final-63cd1169649d0010bf69991a,0,0
support-final-63cd1169649d0010bf69991a,1,0
support-final-63cd1169649d0010bf69991a,2,0
support-final-63cd1169649d0010bf69991a,3,0
support-final-63cd1169649d0010bf69991a,4,0
support-final-63cd1169649d0010bf69991a,5,0
support-final-63cd1169649d0010bf69991a,6,0
support-final-63cd1169649d0010bf69991a,7,0
support-final-63cd1169649d0010bf69991a,8,0
support-final-63cd1169649d0010bf69991a,9,0
support-final-63cd1169649d0010bf69991a,10,0
support-final-63cd1169649d0010bf69991a,11,0
support-final-63cd1169649d0010bf69991a,12,0
support-final-63cd1169649d0010bf69991a,13,0
support-final-63cd1169649d0010bf69991a,14,0
support-final-63cd1169649d0010bf69991a,15,0
support-final-63cd1169649d0010bf69991a,16,0
support-final-63cd1169649d0010bf69991a,17,0
support-final-63cd1169649d0010bf69991a,18,0
support-final-63cd1169649d0010bf69991a,19,0
support-final-63cd1169649d0010bf69991a,20,0
support-final-63cd1169649d0010bf69991a,21,0
support-final-63cd1169649d0010bf69991a,22,0
support-final-63cd1169649d0010bf69991a,23,0
support-final-63cd1169649d0010bf69991a,24,0
support-final-63cd1169649d0010bf69991a,25,0
support-final-63cd1169649d0010bf69991a,26,0
support-final-63cd1169649d0010bf69991a,27,0
support-final-63cd1169649d0010bf69991a,28,0
support-final-63cd1169649d0010bf69991a,29,0
support-final-63cd1169649d0010bf69991a,30,0
support-final-6bcd1e2a23af4eabeb1d98ec,0,0
support-final-6bcd1e2a23af4eabeb1d98ec,1,0
support-final-6bcd1e2a23af4eabeb1d98ec,2,0
support-final-6bcd1e2a23af4eabeb1d98ec,3,0
support-final-6bcd1e2a23af4eabeb1d98ec,4,0
support-final-6bcd1e2a23af4eabeb1d98ec,5,0
support-final-6bcd1e2a23af4eabeb1d98ec,6,0
support-final-6bcd1e2a23af4eabeb1d98ec,7,0
support-final-6bcd1e2a23af4eabeb1d98ec,8,0
support-final-6bcd1e2a23af4eabeb1d98ec,9,0
support-final-6bcd1e2a23af4eabeb1d98ec,10,0
support-final-6bcd1e2a23af4eabeb1d98ec,11,0
support-final-6bcd1e2a23af4eabeb1d98ec,12,0
support-final-6bcd1e2a23af4eabeb1d98ec,13,0
support-final-6bcd1e2a23af4eabeb1d98ec,14,0
support-final-6bcd1e2a23af4eabeb1d98ec,15,0
support-final-6bcd1e2a23af4eabeb1d98ec,16,0
support-final-6bcd1e2a23af4eabeb1d98ec,17,0
support-final-6bcd1e2a23af4eabeb1d98ec,18,0
support-final-6bcd1e2a23af4eabeb1d98ec,19,0
support-final-6bcd1e2a23af4eabeb1d98ec,20,0
support-final-6bcd1e2a23af4eabeb1d98ec,21,0
support-final-6bcd1e2a23af4eabeb1d98ec,22,0
support-final-6bcd1e2a23af4eabeb1d98ec,23,0
support-final-6bcd1e2a23af4eabeb1d98ec,24,0
support-final-6bcd1e2a23af4eabeb1d98ec,25,0
support-final-6bcd1e2a23af4eabeb1d98ec,26,0
support-final-6bcd1e2a23af4eabeb1d98ec,27,0
support-final-6bcd1e2a23af4eabeb1d98ec,28,0
support-final-6bcd1e2a23af4eabeb1d98ec,29,0
support-final-6bcd1e2a23af4eabeb1d98ec,30,0
support-final-45e29c6ef67e8a5856c55d63,0,0
support-final-45e29c6ef67e8a5856c55d63,1,0
support-final-45e29c6ef67e8a5856c55d63,2,0
support-final-45e29c6ef67e8a5856c55d63,3,0
support-final-45e29c6ef67e8a5856c55d63,4,0
support-final-45e29c6ef67e8a5856c55d63,5,0
support-final-45e29c6ef67e8a5856c55d63,6,0
support-final-45e29c6ef67e8a5856c55d63,7,0
support-final-45e29c6ef67e8a5856c55d63,8,0
support-final-45e29c6ef67e8a5856c55d63,9,0
support-final-45e29c6ef67e8a5856c55d63,10,0
support-final-45e29c6ef67e8a5856c55d63,11,0
support-final-45e29c6ef67e8a5856c55d63,12,0
support-final-45e29c6ef67e8a5856c55d63,13,0
support-final-45e29c6ef67e8a5856c55d63,14,0
support-final-45e29c6ef67e8a5856c55d63,15,0
support-final-45e29c6ef67e8a5856c55d63,16,0
support-final-45e29c6ef67e8a5856c55d63,17,0
support-final-45e29c6ef67e8a5856c55d63,18,0
support-final-45e29c6ef67e8a5856c55d63,19,0
support-final-45e29c6ef67e8a5856c55d63,20,0
support-final-45e29c6ef67e8a5856c55d63,21,0
support-final-45e29c6ef67e8a5856c55d63,22,0
support-final-45e29c6ef67e8a5856c55d63,23,0
support-final-45e29c6ef67e8a5856c55d63,24,0
support-final-45e29c6ef67e8a5856c55d63,25,0
support-final-45e29c6ef67e8a5856c55d63,26,0
support-final-45e29c6ef67e8a5856c55d63,27,0
support-final-45e29c6ef67e8a5856c55d63,28,0
support-final-45e29c6ef67e8a5856c55d63,29,0
support-final-45e29c6ef67e8a5856c55d63,30,0
support-final-04d73e6cb85601508f8b0ad9,0,0
support-final-04d73e6cb85601508f8b0ad9,1,1
support-final-04d73e6cb85601508f8b0ad9,2,1
support-final-04d73e6cb85601508f8b0ad9,3,2
support-final-04d73e6cb85601508f8b0ad9,4,2
support-final-04d73e6cb85601508f8b0ad9,5,2
support-final-04d73e6cb85601508f8b0ad9,6,2
support-final-04d73e6cb85601508f8b0ad9,7,2
support-final-04d73e6cb85601508f8b0ad9,8,2
support-final-04d73e6cb85601508f8b0ad9,9,2
support-final-04d73e6cb85601508f8b0ad9,10,2
support-final-04d73e6cb85601508f8b0ad9,11,2
support-final-04d73e6cb85601508f8b0ad9,12,2
support-final-04d73e6cb85601508f8b0ad9,13,2
support-final-04d73e6cb85601508f8b0ad9,14,2
support-final-04d73e6cb85601508f8b0ad9,15,2
support-final-04d73e6cb85601508f8b0ad9,16,2
support-final-04d73e6cb85601508f8b0ad9,17,2
support-final-04d73e6cb85601508f8b0ad9,18,2
support-final-04d73e6cb85601508f8b0ad9,19,2
support-final-04d73e6cb85601508f8b0ad9,20,2
support-final-04d73e6cb85601508f8b0ad9,21,2
support-final-04d73e6cb85601508f8b0ad9,22,2
support-final-04d73e6cb85601508f8b0ad9,23,2
support-final-04d73e6cb85601508f8b0ad9,24,2
support-final-04d73e6cb85601508f8b0ad9,25,2
support-final-04d73e6cb85601508f8b0ad9,26,2
support-final-04d73e6cb85601508f8b0ad9,27,2
support-final-04d73e6cb85601508f8b0ad9,28,2
support-final-04d73e6cb85601508f8b0ad9,29,2
support-final-04d73e6cb85601508f8b0ad9,30,2
support-final-203222134ea44133a26e59ef,0,0
support-final-203222134ea44133a26e59ef,1,0
support-final-203222134ea44133a26e59ef,2,0
support-final-203222134ea44133a26e59ef,3,0
support-final-203222134ea44133a26e59ef,4,0
support-final-203222134ea44133a26e59ef,5,0
support-final-203222134ea44133a26e59ef,6,0
support-final-203222134ea44133a26e59ef,7,0
support-final-203222134ea44133a26e59ef,8,0
support-final-203222134ea44133a26e59ef,9,0
support-final-203222134ea44133a26e59ef,10,0
support-final-203222134ea44133a26e59ef,11,0
support-final-203222134ea44133a26e59ef,12,0
support-final-203222134ea44133a26e59ef,13,0
support-final-203222134ea44133a26e59ef,14,0
support-final-203222134ea44133a26e59ef,15,0
support-final-203222134ea44133a26e59ef,16,0
support-final-203222134ea44133a26e59ef,17,0
support-final-203222134ea44133a26e59ef,18,0
support-final-203222134ea44133a26e59ef,19,0
support-final-203222134ea44133a26e59ef,20,0
support-final-203222134ea44133a26e59ef,21,0
support-final-203222134ea44133a26e59ef,22,0
support-final-203222134ea44133a26e59ef,23,0
support-final-203222134ea44133a26e59ef,24,0
support-final-203222134ea44133a26e59ef,25,0
support-final-203222134ea44133a26e59ef,26,0
support-final-203222134ea44133a26e59ef,27,0
support-final-203222134ea44133a26e59ef,28,0
support-final-203222134ea44133a26e59ef,29,0
support-final-203222134ea44133a26e59ef,30,0
support-final-57d411fd51adb88f9f0dd65d,0,0
support-final-57d411fd51adb88f9f0dd65d,1,0
support-final-57d411fd51adb88f9f0dd65d,2,0
support-final-57d411fd51adb88f9f0dd65d,3,0
support-final-57d411fd51adb88f9f0dd65d,4,0
support-final-57d411fd51adb88f9f0dd65d,5,0
support-final-57d411fd51adb88f9f0dd65d,6,0
support-final-57d411fd51adb88f9f0dd65d,7,0
support-final-57d411fd51adb88f9f0dd65d,8,0
support-final-57d411fd51adb88f9f0dd65d,9,0
support-final-57d411fd51adb88f9f0dd65d,10,0
support-final-57d411fd51adb88f9f0dd65d,11,0
support-final-57d411fd51adb88f9f0dd65d,12,0
support-final-57d411fd51adb88f9f0dd65d,13,0
support-final-57d411fd51adb88f9f0dd65d,14,0
support-final-57d411fd51adb88f9f0dd65d,15,0
support-final-57d411fd51adb88f9f0dd65d,16,0
support-final-57d411fd51adb88f9f0dd65d,17,0
support-final-57d411fd51adb88f9f0dd65d,18,0
support-final-57d411fd51adb88f9f0dd65d,19,0
support-final-57d411fd51adb88f9f0dd65d,20,0
support-final-57d411fd51adb88f9f0dd65d,21,0
support-final-57d411fd51adb88f9f0dd65d,22,0
support-final-57d411fd51adb88f9f0dd65d,23,0
support-final-57d411fd51adb88f9f0dd65d,24,0
support-final-57d411fd51adb88f9f0dd65d,25,0
support-final-57d411fd51adb88f9f0dd65d,26,0
support-final-57d411fd51adb88f9f0dd65d,27,0
support-final-57d411fd51adb88f9f0dd65d,28,0
support-final-57d411fd51adb88f9f0dd65d,29,0
support-final-57d411fd51adb88f9f0dd65d,30,0
support-final-c604a8259562f0aedf38d550,0,0
support-final-c604a8259562f0aedf38d550,1,0
support-final-c604a8259562f0aedf38d550,2,0
support-final-c604a8259562f0aedf38d550,3,0
support-final-c604a8259562f0aedf38d550,4,0
support-final-c604a8259562f0aedf38d550,5,0
support-final-c604a8259562f0aedf38d550,6,0
support-final-c604a8259562f0aedf38d550,7,1
support-final-c604a8259562f0aedf38d550,8,1
support-final-c604a8259562f0aedf38d550,9,1
support-final-c604a8259562f0aedf38d550,10,2
support-final-c604a8259562f0aedf38d550,11,2
support-final-c604a8259562f0aedf38d550,12,2
support-final-c604a8259562f0aedf38d550,13,2
support-final-c604a8259562f0aedf38d550,14,2
support-final-c604a8259562f0aedf38d550,15,2
support-final-c604a8259562f0aedf38d550,16,2
support-final-c604a8259562f0aedf38d550,17,3
support-final-c604a8259562f0aedf38d550,18,3
support-final-c604a8259562f0aedf38d550,19,4
support-final-c604a8259562f0aedf38d550,20,4
support-final-c604a8259562f0aedf38d550,21,4
support-final-c604a8259562f0aedf38d550,22,5
support-final-c604a8259562f0aedf38d550,23,5
support-final-c604a8259562f0aedf38d550,24,6
support-final-c604a8259562f0aedf38d550,25,6
support-final-c604a8259562f0aedf38d550,26,6
support-final-c604a8259562f0aedf38d550,27,6
support-final-c604a8259562f0aedf38d550,28,6
support-final-c604a8259562f0aedf38d550,29,7
support-final-c604a8259562f0aedf38d550,30,7
support-final-6dbce495984cdf756db1e538,0,0
support-final-6dbce495984cdf756db1e538,1,0
support-final-6dbce495984cdf756db1e538,2,0
support-final-6dbce495984cdf756db1e538,3,0
support-final-6dbce495984cdf756db1e538,4,0
support-final-6dbce495984cdf756db1e538,5,0
support-final-6dbce495984cdf756db1e538,6,0
support-final-6dbce495984cdf756db1e538,7,0
support-final-6dbce495984cdf756db1e538,8,0
support-final-6dbce495984cdf756db1e538,9,0
support-final-6dbce495984cdf756db1e538,10,0
support-final-6dbce495984cdf756db1e538,11,0
support-final-6dbce495984cdf756db1e538,12,0
support-final-6dbce495984cdf756db1e538,13,0
support-final-6dbce495984cdf756db1e538,14,0
support-final-6dbce495984cdf756db1e538,15,1
support-final-6dbce495984cdf756db1e538,16,1
support-final-6dbce495984cdf756db1e538,17,1
support-final-6dbce495984cdf756db1e538,18,1
support-final-6dbce495984cdf756db1e538,19,1
support-final-6dbce495984cdf756db1e538,20,1
support-final-6dbce495984cdf756db1e538,21,1
support-final-6dbce495984cdf756db1e538,22,1
support-final-6dbce495984cdf756db1e538,23,2
support-final-6dbce495984cdf756db1e538,24,2
support-final-6dbce495984cdf756db1e538,25,3
support-final-6dbce495984cdf756db1e538,26,4
support-final-6dbce495984cdf756db1e538,27,4
support-final-6dbce495984cdf756db1e538,28,5
support-final-6dbce495984cdf756db1e538,29,5
support-final-6dbce495984cdf756db1e538,30,5
support-final-ee8fa76145aed29056a079db,0,0
support-final-ee8fa76145aed29056a079db,1,1
support-final-ee8fa76145aed29056a079db,2,1
support-final-ee8fa76145aed29056a079db,3,2
support-final-ee8fa76145aed29056a079db,4,3
support-final-ee8fa76145aed29056a079db,5,3
support-final-ee8fa76145aed29056a079db,6,3
support-final-ee8fa76145aed29056a079db,7,3
support-final-ee8fa76145aed29056a079db,8,4
support-final-ee8fa76145aed29056a079db,9,4
support-final-ee8fa76145aed29056a079db,10,4
support-final-ee8fa76145aed29056a079db,11,4
support-final-ee8fa76145aed29056a079db,12,5
support-final-ee8fa76145aed29056a079db,13,5
support-final-ee8fa76145aed29056a079db,14,5
support-final-ee8fa76145aed29056a079db,15,6
support-final-ee8fa76145aed29056a079db,16,6
support-final-ee8fa76145aed29056a079db,17,6
support-final-ee8fa76145aed29056a079db,18,6
support-final-ee8fa76145aed29056a079db,19,6
support-final-ee8fa76145aed29056a079db,20,6
support-final-ee8fa76145aed29056a079db,21,6
support-final-ee8fa76145aed29056a079db,22,7
support-final-ee8fa76145aed29056a079db,23,8
support-final-ee8fa76145aed29056a079db,24,8
support-final-ee8fa76145aed29056a079db,25,8
support-final-ee8fa76145aed29056a079db,26,8
support-final-ee8fa76145aed29056a079db,27,8
support-final-ee8fa76145aed29056a079db,28,8
support-final-ee8fa76145aed29056a079db,29,8
support-final-ee8fa76145aed29056a079db,30,8
support-final-35c15c2812a5df94fd674a74,0,0
support-final-35c15c2812a5df94fd674a74,1,0
support-final-35c15c2812a5df94fd674a74,2,0
support-final-35c15c2812a5df94fd674a74,3,1
support-final-35c15c2812a5df94fd674a74,4,2
support-final-35c15c2812a5df94fd674a74,5,2
support-final-35c15c2812a5df94fd674a74,6,2
support-final-35c15c2812a5df94fd674a74,7,2
support-final-35c15c2812a5df94fd674a74,8,3
support-final-35c15c2812a5df94fd674a74,9,3
support-final-35c15c2812a5df94fd674a74,10,4
support-final-35c15c2812a5df94fd674a74,11,4
support-final-35c15c2812a5df94fd674a74,12,4
support-final-35c15c2812a5df94fd674a74,13,5
support-final-35c15c2812a5df94fd674a74,14,5
support-final-35c15c2812a5df94fd674a74,15,5
support-final-35c15c2812a5df94fd674a74,16,5
support-final-35c15c2812a5df94fd674a74,17,5
support-final-35c15c2812a5df94fd674a74,18,5
support-final-35c15c2812a5df94fd674a74,19,6
support-final-35c15c2812a5df94fd674a74,20,7
support-final-35c15c2812a5df94fd674a74,21,8
support-final-35c15c2812a5df94fd674a74,22,9
support-final-35c15c2812a5df94fd674a74,23,10
support-final-35c15c2812a5df94fd674a74,24,11
support-final-35c15c2812a5df94fd674a74,25,12
support-final-35c15c2812a5df94fd674a74,26,12
support-final-35c15c2812a5df94fd674a74,27,13
support-final-35c15c2812a5df94fd674a74,28,14
support-final-35c15c2812a5df94fd674a74,29,14
support-final-35c15c2812a5df94fd674a74,30,14
support-final-d22f94599a6293c1d2c94c68,0,0
support-final-d22f94599a6293c1d2c94c68,1,0
support-final-d22f94599a6293c1d2c94c68,2,0
support-final-d22f94599a6293c1d2c94c68,3,0
support-final-d22f94599a6293c1d2c94c68,4,0
support-final-d22f94599a6293c1d2c94c68,5,0
support-final-d22f94599a6293c1d2c94c68,6,0
support-final-d22f94599a6293c1d2c94c68,7,0
support-final-d22f94599a6293c1d2c94c68,8,0
support-final-d22f94599a6293c1d2c94c68,9,0
support-final-d22f94599a6293c1d2c94c68,10,0
support-final-d22f94599a6293c1d2c94c68,11,0
support-final-d22f94599a6293c1d2c94c68,12,0
support-final-d22f94599a6293c1d2c94c68,13,0
support-final-d22f94599a6293c1d2c94c68,14,0
support-final-d22f94599a6293c1d2c94c68,15,0
support-final-d22f94599a6293c1d2c94c68,16,0
support-final-d22f94599a6293c1d2c94c68,17,0
support-final-d22f94599a6293c1d2c94c68,18,0
support-final-d22f94599a6293c1d2c94c68,19,0
support-final-d22f94599a6293c1d2c94c68,20,0
support-final-d22f94599a6293c1d2c94c68,21,0
support-final-d22f94599a6293c1d2c94c68,22,0
support-final-d22f94599a6293c1d2c94c68,23,0
support-final-d22f94599a6293c1d2c94c68,24,0
support-final-d22f94599a6293c1d2c94c68,25,0
support-final-d22f94599a6293c1d2c94c68,26,0
support-final-d22f94599a6293c1d2c94c68,27,0
support-final-d22f94599a6293c1d2c94c68,28,0
support-final-d22f94599a6293c1d2c94c68,29,0
support-final-d22f94599a6293c1d2c94c68,30,0
support-final-244a815512e261d6f298d8a8,0,0
support-final-244a815512e261d6f298d8a8,1,0
support-final-244a815512e261d6f298d8a8,2,0
support-final-244a815512e261d6f298d8a8,3,0
support-final-244a815512e261d6f298d8a8,4,0
support-final-244a815512e261d6f298d8a8,5,0
support-final-244a815512e261d6f298d8a8,6,0
support-final-244a815512e261d6f298d8a8,7,0
support-final-244a815512e261d6f298d8a8,8,0
support-final-244a815512e261d6f298d8a8,9,0
support-final-244a815512e261d6f298d8a8,10,0
support-final-244a815512e261d6f298d8a8,11,0
support-final-244a815512e261d6f298d8a8,12,0
support-final-244a815512e261d6f298d8a8,13,0
support-final-244a815512e261d6f298d8a8,14,0
support-final-244a815512e261d6f298d8a8,15,0
support-final-244a815512e261d6f298d8a8,16,0
support-final-244a815512e261d6f298d8a8,17,0
support-final-244a815512e261d6f298d8a8,18,0
support-final-244a815512e261d6f298d8a8,19,0
support-final-244a815512e261d6f298d8a8,20,0
support-final-244a815512e261d6f298d8a8,21,0
support-final-244a815512e261d6f298d8a8,22,0
support-final-244a815512e261d6f298d8a8,23,0
support-final-244a815512e261d6f298d8a8,24,0
support-final-244a815512e261d6f298d8a8,25,0
support-final-244a815512e261d6f298d8a8,26,0
support-final-244a815512e261d6f298d8a8,27,0
support-final-244a815512e261d6f298d8a8,28,0
support-final-244a815512e261d6f298d8a8,29,0
support-final-244a815512e261d6f298d8a8,30,0
support-final-5d66ae1e9afcad283d73bab2,0,0
support-final-5d66ae1e9afcad283d73bab2,1,0
support-final-5d66ae1e9afcad283d73bab2,2,0
support-final-5d66ae1e9afcad283d73bab2,3,0
support-final-5d66ae1e9afcad283d73bab2,4,0
support-final-5d66ae1e9afcad283d73bab2,5,0
support-final-5d66ae1e9afcad283d73bab2,6,0
support-final-5d66ae1e9afcad283d73bab2,7,0
support-final-5d66ae1e9afcad283d73bab2,8,0
support-final-5d66ae1e9afcad283d73bab2,9,0
support-final-5d66ae1e9afcad283d73bab2,10,0
support-final-5d66ae1e9afcad283d73bab2,11,0
support-final-5d66ae1e9afcad283d73bab2,12,0
support-final-5d66ae1e9afcad283d73bab2,13,0
support-final-5d66ae1e9afcad283d73bab2,14,0
support-final-5d66ae1e9afcad283d73bab2,15,0
support-final-5d66ae1e9afcad283d73bab2,16,0
support-final-5d66ae1e9afcad283d73bab2,17,0
support-final-5d66ae1e9afcad283d73bab2,18,0
support-final-5d66ae1e9afcad283d73bab2,19,0
support-final-5d66ae1e9afcad283d73bab2,20,0
support-final-5d66ae1e9afcad283d73bab2,21,0
support-final-5d66ae1e9afcad283d73bab2,22,0
support-final-5d66ae1e9afcad283d73bab2,23,0
support-final-5d66ae1e9afcad283d73bab2,24,0
support-final-5d66ae1e9afcad283d73bab2,25,0
support-final-5d66ae1e9afcad283d73bab2,26,0
support-final-5d66ae1e9afcad283d73bab2,27,0
support-final-5d66ae1e9afcad283d73bab2,28,0
support-final-5d66ae1e9afcad283d73bab2,29,0
support-final-5d66ae1e9afcad283d73bab2,30,0
support-final-7222b86d67c190b62eecc44a,0,0
support-final-7222b86d67c190b62eecc44a,1,0
support-final-7222b86d67c190b62eecc44a,2,1
support-final-7222b86d67c190b62eecc44a,3,2
support-final-7222b86d67c190b62eecc44a,4,2
support-final-7222b86d67c190b62eecc44a,5,2
support-final-7222b86d67c190b62eecc44a,6,2
support-final-7222b86d67c190b62eecc44a,7,3
support-final-7222b86d67c190b62eecc44a,8,3
support-final-7222b86d67c190b62eecc44a,9,3
support-final-7222b86d67c190b62eecc44a,10,3
support-final-7222b86d67c190b62eecc44a,11,4
support-final-7222b86d67c190b62eecc44a,12,5
support-final-7222b86d67c190b62eecc44a,13,5
support-final-7222b86d67c190b62eecc44a,14,5
support-final-7222b86d67c190b62eecc44a,15,6
support-final-7222b86d67c190b62eecc44a,16,6
support-final-7222b86d67c190b62eecc44a,17,6
support-final-7222b86d67c190b62eecc44a,18,6
support-final-7222b86d67c190b62eecc44a,19,7
support-final-7222b86d67c190b62eecc44a,20,8
support-final-7222b86d67c190b62eecc44a,21,9
support-final-7222b86d67c190b62eecc44a,22,10
support-final-7222b86d67c190b62eecc44a,23,11
support-final-7222b86d67c190b62eecc44a,24,12
support-final-7222b86d67c190b62eecc44a,25,13
support-final-7222b86d67c190b62eecc44a,26,14
support-final-7222b86d67c190b62eecc44a,27,15
support-final-7222b86d67c190b62eecc44a,28,16
support-final-7222b86d67c190b62eecc44a,29,16
support-final-7222b86d67c190b62eecc44a,30,16
support-final-8cd6d71d4444d2910003e69f,0,0
support-final-8cd6d71d4444d2910003e69f,1,1
support-final-8cd6d71d4444d2910003e69f,2,2
support-final-8cd6d71d4444d2910003e69f,3,2
support-final-8cd6d71d4444d2910003e69f,4,2
support-final-8cd6d71d4444d2910003e69f,5,2
support-final-8cd6d71d4444d2910003e69f,6,3
support-final-8cd6d71d4444d2910003e69f,7,3
support-final-8cd6d71d4444d2910003e69f,8,3
support-final-8cd6d71d4444d2910003e69f,9,3
support-final-8cd6d71d4444d2910003e69f,10,4
support-final-8cd6d71d4444d2910003e69f,11,4
support-final-8cd6d71d4444d2910003e69f,12,4
support-final-8cd6d71d4444d2910003e69f,13,4
support-final-8cd6d71d4444d2910003e69f,14,4
support-final-8cd6d71d4444d2910003e69f,15,5
support-final-8cd6d71d4444d2910003e69f,16,5
support-final-8cd6d71d4444d2910003e69f,17,6
support-final-8cd6d71d4444d2910003e69f,18,6
support-final-8cd6d71d4444d2910003e69f,19,6
support-final-8cd6d71d4444d2910003e69f,20,6
support-final-8cd6d71d4444d2910003e69f,21,6
support-final-8cd6d71d4444d2910003e69f,22,7
support-final-8cd6d71d4444d2910003e69f,23,7
support-final-8cd6d71d4444d2910003e69f,24,7
support-final-8cd6d71d4444d2910003e69f,25,7
support-final-8cd6d71d4444d2910003e69f,26,7
support-final-8cd6d71d4444d2910003e69f,27,7
support-final-8cd6d71d4444d2910003e69f,28,7
support-final-8cd6d71d4444d2910003e69f,29,8
support-final-8cd6d71d4444d2910003e69f,30,9
support-final-24c858830db9eb52859e6a9b,0,0
support-final-24c858830db9eb52859e6a9b,1,1
support-final-24c858830db9eb52859e6a9b,2,1
support-final-24c858830db9eb52859e6a9b,3,2
support-final-24c858830db9eb52859e6a9b,4,2
support-final-24c858830db9eb52859e6a9b,5,2
support-final-24c858830db9eb52859e6a9b,6,2
support-final-24c858830db9eb52859e6a9b,7,3
support-final-24c858830db9eb52859e6a9b,8,3
support-final-24c858830db9eb52859e6a9b,9,3
support-final-24c858830db9eb52859e6a9b,10,3
support-final-24c858830db9eb52859e6a9b,11,3
support-final-24c858830db9eb52859e6a9b,12,4
support-final-24c858830db9eb52859e6a9b,13,4
support-final-24c858830db9eb52859e6a9b,14,4
support-final-24c858830db9eb52859e6a9b,15,4
support-final-24c858830db9eb52859e6a9b,16,5
support-final-24c858830db9eb52859e6a9b,17,6
support-final-24c858830db9eb52859e6a9b,18,6
support-final-24c858830db9eb52859e6a9b,19,6
support-final-24c858830db9eb52859e6a9b,20,6
support-final-24c858830db9eb52859e6a9b,21,6
support-final-24c858830db9eb52859e6a9b,22,6
support-final-24c858830db9eb52859e6a9b,23,6
support-final-24c858830db9eb52859e6a9b,24,6
support-final-24c858830db9eb52859e6a9b,25,6
support-final-24c858830db9eb52859e6a9b,26,7
support-final-24c858830db9eb52859e6a9b,27,8
support-final-24c858830db9eb52859e6a9b,28,8
support-final-24c858830db9eb52859e6a9b,29,8
support-final-24c858830db9eb52859e6a9b,30,9
support-final-26e8bc75652e0943b1a81906,0,0
support-final-26e8bc75652e0943b1a81906,1,1
support-final-26e8bc75652e0943b1a81906,2,2
support-final-26e8bc75652e0943b1a81906,3,2
support-final-26e8bc75652e0943b1a81906,4,3
support-final-26e8bc75652e0943b1a81906,5,4
support-final-26e8bc75652e0943b1a81906,6,4
support-final-26e8bc75652e0943b1a81906,7,4
support-final-26e8bc75652e0943b1a81906,8,4
support-final-26e8bc75652e0943b1a81906,9,4
support-final-26e8bc75652e0943b1a81906,10,4
support-final-26e8bc75652e0943b1a81906,11,4
support-final-26e8bc75652e0943b1a81906,12,4
support-final-26e8bc75652e0943b1a81906,13,4
support-final-26e8bc75652e0943b1a81906,14,4
support-final-26e8bc75652e0943b1a81906,15,4
support-final-26e8bc75652e0943b1a81906,16,4
support-final-26e8bc75652e0943b1a81906,17,5
support-final-26e8bc75652e0943b1a81906,18,5
support-final-26e8bc75652e0943b1a81906,19,5
support-final-26e8bc75652e0943b1a81906,20,5
support-final-26e8bc75652e0943b1a81906,21,5
support-final-26e8bc75652e0943b1a81906,22,6
support-final-26e8bc75652e0943b1a81906,23,7
support-final-26e8bc75652e0943b1a81906,24,7
support-final-26e8bc75652e0943b1a81906,25,8
support-final-26e8bc75652e0943b1a81906,26,8
support-final-26e8bc75652e0943b1a81906,27,8
support-final-26e8bc75652e0943b1a81906,28,9
support-final-26e8bc75652e0943b1a81906,29,9
support-final-26e8bc75652e0943b1a81906,30,9
support-final-b89b5d1651372f64e77b6625,0,0
support-final-b89b5d1651372f64e77b6625,1,0
support-final-b89b5d1651372f64e77b6625,2,0
support-final-b89b5d1651372f64e77b6625,3,0
support-final-b89b5d1651372f64e77b6625,4,0
support-final-b89b5d1651372f64e77b6625,5,0
support-final-b89b5d1651372f64e77b6625,6,0
support-final-b89b5d1651372f64e77b6625,7,1
support-final-b89b5d1651372f64e77b6625,8,1
support-final-b89b5d1651372f64e77b6625,9,1
support-final-b89b5d1651372f64e77b6625,10,1
support-final-b89b5d1651372f64e77b6625,11,1
support-final-b89b5d1651372f64e77b6625,12,1
support-final-b89b5d1651372f64e77b6625,13,1
support-final-b89b5d1651372f64e77b6625,14,1
support-final-b89b5d1651372f64e77b6625,15,1
support-final-b89b5d1651372f64e77b6625,16,1
support-final-b89b5d1651372f64e77b6625,17,1
support-final-b89b5d1651372f64e77b6625,18,1
support-final-b89b5d1651372f64e77b6625,19,1
support-final-b89b5d1651372f64e77b6625,20,1
support-final-b89b5d1651372f64e77b6625,21,1
support-final-b89b5d1651372f64e77b6625,22,1
support-final-b89b5d1651372f64e77b6625,23,1
support-final-b89b5d1651372f64e77b6625,24,1
support-final-b89b5d1651372f64e77b6625,25,1
support-final-b89b5d1651372f64e77b6625,26,1
support-final-b89b5d1651372f64e77b6625,27,1
support-final-b89b5d1651372f64e77b6625,28,1
support-final-b89b5d1651372f64e77b6625,29,1
support-final-b89b5d1651372f64e77b6625,30,1
support-final-70c8e0574663879369aca7bb,0,0
support-final-70c8e0574663879369aca7bb,1,0
support-final-70c8e0574663879369aca7bb,2,0
support-final-70c8e0574663879369aca7bb,3,0
support-final-70c8e0574663879369aca7bb,4,0
support-final-70c8e0574663879369aca7bb,5,0
support-final-70c8e0574663879369aca7bb,6,0
support-final-70c8e0574663879369aca7bb,7,0
support-final-70c8e0574663879369aca7bb,8,0
support-final-70c8e0574663879369aca7bb,9,0
support-final-70c8e0574663879369aca7bb,10,0
support-final-70c8e0574663879369aca7bb,11,0
support-final-70c8e0574663879369aca7bb,12,0
support-final-70c8e0574663879369aca7bb,13,0
support-final-70c8e0574663879369aca7bb,14,0
support-final-70c8e0574663879369aca7bb,15,0
support-final-70c8e0574663879369aca7bb,16,0
support-final-70c8e0574663879369aca7bb,17,0
support-final-70c8e0574663879369aca7bb,18,0
support-final-70c8e0574663879369aca7bb,19,0
support-final-70c8e0574663879369aca7bb,20,0
support-final-70c8e0574663879369aca7bb,21,0
support-final-70c8e0574663879369aca7bb,22,0
support-final-70c8e0574663879369aca7bb,23,0
support-final-70c8e0574663879369aca7bb,24,0
support-final-70c8e0574663879369aca7bb,25,0
support-final-70c8e0574663879369aca7bb,26,0
support-final-70c8e0574663879369aca7bb,27,0
support-final-70c8e0574663879369aca7bb,28,0
support-final-70c8e0574663879369aca7bb,29,0
support-final-70c8e0574663879369aca7bb,30,0
support-final-9dd79d6eb276041f7b3c0aeb,0,0
support-final-9dd79d6eb276041f7b3c0aeb,1,0
support-final-9dd79d6eb276041f7b3c0aeb,2,0
support-final-9dd79d6eb276041f7b3c0aeb,3,0
support-final-9dd79d6eb276041f7b3c0aeb,4,0
support-final-9dd79d6eb276041f7b3c0aeb,5,0
support-final-9dd79d6eb276041f7b3c0aeb,6,0
support-final-9dd79d6eb276041f7b3c0aeb,7,0
support-final-9dd79d6eb276041f7b3c0aeb,8,0
support-final-9dd79d6eb276041f7b3c0aeb,9,0
support-final-9dd79d6eb276041f7b3c0aeb,10,0
support-final-9dd79d6eb276041f7b3c0aeb,11,0
support-final-9dd79d6eb276041f7b3c0aeb,12,0
support-final-9dd79d6eb276041f7b3c0aeb,13,0
support-final-9dd79d6eb276041f7b3c0aeb,14,0
support-final-9dd79d6eb276041f7b3c0aeb,15,0
support-final-9dd79d6eb276041f7b3c0aeb,16,0
support-final-9dd79d6eb276041f7b3c0aeb,17,0
support-final-9dd79d6eb276041f7b3c0aeb,18,0
support-final-9dd79d6eb276041f7b3c0aeb,19,0
support-final-9dd79d6eb276041f7b3c0aeb,20,0
support-final-9dd79d6eb276041f7b3c0aeb,21,0
support-final-9dd79d6eb276041f7b3c0aeb,22,0
support-final-9dd79d6eb276041f7b3c0aeb,23,0
support-final-9dd79d6eb276041f7b3c0aeb,24,0
support-final-9dd79d6eb276041f7b3c0aeb,25,0
support-final-9dd79d6eb276041f7b3c0aeb,26,0
support-final-9dd79d6eb276041f7b3c0aeb,27,0
support-final-9dd79d6eb276041f7b3c0aeb,28,0
support-final-9dd79d6eb276041f7b3c0aeb,29,0
support-final-9dd79d6eb276041f7b3c0aeb,30,0
support-final-80397382a67765a876715135,0,0
support-final-80397382a67765a876715135,1,0
support-final-80397382a67765a876715135,2,0
support-final-80397382a67765a876715135,3,0
support-final-80397382a67765a876715135,4,0
support-final-80397382a67765a876715135,5,0
support-final-80397382a67765a876715135,6,0
support-final-80397382a67765a876715135,7,0
support-final-80397382a67765a876715135,8,0
support-final-80397382a67765a876715135,9,0
support-final-80397382a67765a876715135,10,0
support-final-80397382a67765a876715135,11,0
support-final-80397382a67765a876715135,12,0
support-final-80397382a67765a876715135,13,0
support-final-80397382a67765a876715135,14,0
support-final-80397382a67765a876715135,15,0
support-final-80397382a67765a876715135,16,0
support-final-80397382a67765a876715135,17,0
support-final-80397382a67765a876715135,18,0
support-final-80397382a67765a876715135,19,0
support-final-80397382a67765a876715135,20,0
support-final-80397382a67765a876715135,21,0
support-final-80397382a67765a876715135,22,0
support-final-80397382a67765a876715135,23,0
support-final-80397382a67765a876715135,24,0
support-final-80397382a67765a876715135,25,0
support-final-80397382a67765a876715135,26,0
support-final-80397382a67765a876715135,27,0
support-final-80397382a67765a876715135,28,0
support-final-80397382a67765a876715135,29,0
support-final-80397382a67765a876715135,30,0
support-final-c15c2e0799dc4671d5de9f32,0,0
support-final-c15c2e0799dc4671d5de9f32,1,0
support-final-c15c2e0799dc4671d5de9f32,2,0
support-final-c15c2e0799dc4671d5de9f32,3,0
support-final-c15c2e0799dc4671d5de9f32,4,0
support-final-c15c2e0799dc4671d5de9f32,5,0
support-final-c15c2e0799dc4671d5de9f32,6,0
support-final-c15c2e0799dc4671d5de9f32,7,0
support-final-c15c2e0799dc4671d5de9f32,8,0
support-final-c15c2e0799dc4671d5de9f32,9,0
support-final-c15c2e0799dc4671d5de9f32,10,0
support-final-c15c2e0799dc4671d5de9f32,11,0
support-final-c15c2e0799dc4671d5de9f32,12,0
support-final-c15c2e0799dc4671d5de9f32,13,0
support-final-c15c2e0799dc4671d5de9f32,14,0
support-final-c15c2e0799dc4671d5de9f32,15,0
support-final-c15c2e0799dc4671d5de9f32,16,0
support-final-c15c2e0799dc4671d5de9f32,17,0
support-final-c15c2e0799dc4671d5de9f32,18,0
support-final-c15c2e0799dc4671d5de9f32,19,0
support-final-c15c2e0799dc4671d5de9f32,20,0
support-final-c15c2e0799dc4671d5de9f32,21,0
support-final-c15c2e0799dc4671d5de9f32,22,0
support-final-c15c2e0799dc4671d5de9f32,23,0
support-final-c15c2e0799dc4671d5de9f32,24,0
support-final-c15c2e0799dc4671d5de9f32,25,0
support-final-c15c2e0799dc4671d5de9f32,26,0
support-final-c15c2e0799dc4671d5de9f32,27,0
support-final-c15c2e0799dc4671d5de9f32,28,0
support-final-c15c2e0799dc4671d5de9f32,29,0
support-final-c15c2e0799dc4671d5de9f32,30,0
support-final-bc41c474235a5ce0c4ba5688,0,0
support-final-bc41c474235a5ce0c4ba5688,1,1
support-final-bc41c474235a5ce0c4ba5688,2,1
support-final-bc41c474235a5ce0c4ba5688,3,1
support-final-bc41c474235a5ce0c4ba5688,4,2
support-final-bc41c474235a5ce0c4ba5688,5,2
support-final-bc41c474235a5ce0c4ba5688,6,2
support-final-bc41c474235a5ce0c4ba5688,7,2
support-final-bc41c474235a5ce0c4ba5688,8,3
support-final-bc41c474235a5ce0c4ba5688,9,3
support-final-bc41c474235a5ce0c4ba5688,10,3
support-final-bc41c474235a5ce0c4ba5688,11,3
support-final-bc41c474235a5ce0c4ba5688,12,3
support-final-bc41c474235a5ce0c4ba5688,13,3
support-final-bc41c474235a5ce0c4ba5688,14,3
support-final-bc41c474235a5ce0c4ba5688,15,3
support-final-bc41c474235a5ce0c4ba5688,16,3
support-final-bc41c474235a5ce0c4ba5688,17,3
support-final-bc41c474235a5ce0c4ba5688,18,3
support-final-bc41c474235a5ce0c4ba5688,19,4
support-final-bc41c474235a5ce0c4ba5688,20,4
support-final-bc41c474235a5ce0c4ba5688,21,4
support-final-bc41c474235a5ce0c4ba5688,22,5
support-final-bc41c474235a5ce0c4ba5688,23,6
support-final-bc41c474235a5ce0c4ba5688,24,6
support-final-bc41c474235a5ce0c4ba5688,25,7
support-final-bc41c474235a5ce0c4ba5688,26,7
support-final-bc41c474235a5ce0c4ba5688,27,7
support-final-bc41c474235a5ce0c4ba5688,28,7
support-final-bc41c474235a5ce0c4ba5688,29,7
support-final-bc41c474235a5ce0c4ba5688,30,8
support-final-645c23401491615aa5e7946f,0,0
support-final-645c23401491615aa5e7946f,1,0
support-final-645c23401491615aa5e7946f,2,1
support-final-645c23401491615aa5e7946f,3,1
support-final-645c23401491615aa5e7946f,4,1
support-final-645c23401491615aa5e7946f,5,1
support-final-645c23401491615aa5e7946f,6,1
support-final-645c23401491615aa5e7946f,7,1
support-final-645c23401491615aa5e7946f,8,1
support-final-645c23401491615aa5e7946f,9,1
support-final-645c23401491615aa5e7946f,10,1
support-final-645c23401491615aa5e7946f,11,1
support-final-645c23401491615aa5e7946f,12,1
support-final-645c23401491615aa5e7946f,13,1
support-final-645c23401491615aa5e7946f,14,1
support-final-645c23401491615aa5e7946f,15,1
support-final-645c23401491615aa5e7946f,16,1
support-final-645c23401491615aa5e7946f,17,1
support-final-645c23401491615aa5e7946f,18,1
support-final-645c23401491615aa5e7946f,19,1
support-final-645c23401491615aa5e7946f,20,1
support-final-645c23401491615aa5e7946f,21,1
support-final-645c23401491615aa5e7946f,22,1
support-final-645c23401491615aa5e7946f,23,1
support-final-645c23401491615aa5e7946f,24,1
support-final-645c23401491615aa5e7946f,25,1
support-final-645c23401491615aa5e7946f,26,1
support-final-645c23401491615aa5e7946f,27,1
support-final-645c23401491615aa5e7946f,28,1
support-final-645c23401491615aa5e7946f,29,1
support-final-645c23401491615aa5e7946f,30,1
support-final-768c8b633dc24b114c08dfba,0,0
support-final-768c8b633dc24b114c08dfba,1,0
support-final-768c8b633dc24b114c08dfba,2,0
support-final-768c8b633dc24b114c08dfba,3,0
support-final-768c8b633dc24b114c08dfba,4,0
support-final-768c8b633dc24b114c08dfba,5,0
support-final-768c8b633dc24b114c08dfba,6,0
support-final-768c8b633dc24b114c08dfba,7,0
support-final-768c8b633dc24b114c08dfba,8,0
support-final-768c8b633dc24b114c08dfba,9,0
support-final-768c8b633dc24b114c08dfba,10,0
support-final-768c8b633dc24b114c08dfba,11,0
support-final-768c8b633dc24b114c08dfba,12,0
support-final-768c8b633dc24b114c08dfba,13,0
support-final-768c8b633dc24b114c08dfba,14,0
support-final-768c8b633dc24b114c08dfba,15,0
support-final-768c8b633dc24b114c08dfba,16,0
support-final-768c8b633dc24b114c08dfba,17,0
support-final-768c8b633dc24b114c08dfba,18,1
support-final-768c8b633dc24b114c08dfba,19,1
support-final-768c8b633dc24b114c08dfba,20,1
support-final-768c8b633dc24b114c08dfba,21,1
support-final-768c8b633dc24b114c08dfba,22,1
support-final-768c8b633dc24b114c08dfba,23,1
support-final-768c8b633dc24b114c08dfba,24,1
support-final-768c8b633dc24b114c08dfba,25,1
support-final-768c8b633dc24b114c08dfba,26,1
support-final-768c8b633dc24b114c08dfba,27,1
support-final-768c8b633dc24b114c08dfba,28,1
support-final-768c8b633dc24b114c08dfba,29,1
support-final-768c8b633dc24b114c08dfba,30,1
support-final-08ca556a1739f319926e20d0,0,0
support-final-08ca556a1739f319926e20d0,1,0
support-final-08ca556a1739f319926e20d0,2,0
support-final-08ca556a1739f319926e20d0,3,0
support-final-08ca556a1739f319926e20d0,4,0
support-final-08ca556a1739f319926e20d0,5,0
support-final-08ca556a1739f319926e20d0,6,0
support-final-08ca556a1739f319926e20d0,7,0
support-final-08ca556a1739f319926e20d0,8,0
support-final-08ca556a1739f319926e20d0,9,0
support-final-08ca556a1739f319926e20d0,10,0
support-final-08ca556a1739f319926e20d0,11,0
support-final-08ca556a1739f319926e20d0,12,0
support-final-08ca556a1739f319926e20d0,13,0
support-final-08ca556a1739f319926e20d0,14,0
support-final-08ca556a1739f319926e20d0,15,0
support-final-08ca556a1739f319926e20d0,16,0
support-final-08ca556a1739f319926e20d0,17,0
support-final-08ca556a1739f319926e20d0,18,0
support-final-08ca556a1739f319926e20d0,19,0
support-final-08ca556a1739f319926e20d0,20,0
support-final-08ca556a1739f319926e20d0,21,0
support-final-08ca556a1739f319926e20d0,22,0
support-final-08ca556a1739f319926e20d0,23,0
support-final-08ca556a1739f319926e20d0,24,0
support-final-08ca556a1739f319926e20d0,25,0
support-final-08ca556a1739f319926e20d0,26,0
support-final-08ca556a1739f319926e20d0,27,0
support-final-08ca556a1739f319926e20d0,28,0
support-final-08ca556a1739f319926e20d0,29,0
support-final-08ca556a1739f319926e20d0,30,0
support-final-683472b4c0c25cfd93d529e3,0,0
support-final-683472b4c0c25cfd93d529e3,1,0
support-final-683472b4c0c25cfd93d529e3,2,0
support-final-683472b4c0c25cfd93d529e3,3,0
support-final-683472b4c0c25cfd93d529e3,4,0
support-final-683472b4c0c25cfd93d529e3,5,0
support-final-683472b4c0c25cfd93d529e3,6,0
support-final-683472b4c0c25cfd93d529e3,7,0
support-final-683472b4c0c25cfd93d529e3,8,0
support-final-683472b4c0c25cfd93d529e3,9,0
support-final-683472b4c0c25cfd93d529e3,10,0
support-final-683472b4c0c25cfd93d529e3,11,0
support-final-683472b4c0c25cfd93d529e3,12,0
support-final-683472b4c0c25cfd93d529e3,13,0
support-final-683472b4c0c25cfd93d529e3,14,0
support-final-683472b4c0c25cfd93d529e3,15,0
support-final-683472b4c0c25cfd93d529e3,16,0
support-final-683472b4c0c25cfd93d529e3,17,0
support-final-683472b4c0c25cfd93d529e3,18,0
support-final-683472b4c0c25cfd93d529e3,19,0
support-final-683472b4c0c25cfd93d529e3,20,0
support-final-683472b4c0c25cfd93d529e3,21,0
support-final-683472b4c0c25cfd93d529e3,22,0
support-final-683472b4c0c25cfd93d529e3,23,0
support-final-683472b4c0c25cfd93d529e3,24,0
support-final-683472b4c0c25cfd93d529e3,25,0
support-final-683472b4c0c25cfd93d529e3,26,0
support-final-683472b4c0c25cfd93d529e3,27,0
support-final-683472b4c0c25cfd93d529e3,28,0
support-final-683472b4c0c25cfd93d529e3,29,0
support-final-683472b4c0c25cfd93d529e3,30,0
support-final-5cc6151b76d5a0f9451e2b6d,0,0
support-final-5cc6151b76d5a0f9451e2b6d,1,0
support-final-5cc6151b76d5a0f9451e2b6d,2,0
support-final-5cc6151b76d5a0f9451e2b6d,3,1
support-final-5cc6151b76d5a0f9451e2b6d,4,1
support-final-5cc6151b76d5a0f9451e2b6d,5,2
support-final-5cc6151b76d5a0f9451e2b6d,6,2
support-final-5cc6151b76d5a0f9451e2b6d,7,3
support-final-5cc6151b76d5a0f9451e2b6d,8,3
support-final-5cc6151b76d5a0f9451e2b6d,9,4
support-final-5cc6151b76d5a0f9451e2b6d,10,4
support-final-5cc6151b76d5a0f9451e2b6d,11,4
support-final-5cc6151b76d5a0f9451e2b6d,12,5
support-final-5cc6151b76d5a0f9451e2b6d,13,5
support-final-5cc6151b76d5a0f9451e2b6d,14,5
support-final-5cc6151b76d5a0f9451e2b6d,15,6
support-final-5cc6151b76d5a0f9451e2b6d,16,6
support-final-5cc6151b76d5a0f9451e2b6d,17,7
support-final-5cc6151b76d5a0f9451e2b6d,18,7
support-final-5cc6151b76d5a0f9451e2b6d,19,8
support-final-5cc6151b76d5a0f9451e2b6d,20,9
support-final-5cc6151b76d5a0f9451e2b6d,21,10
support-final-5cc6151b76d5a0f9451e2b6d,22,11
support-final-5cc6151b76d5a0f9451e2b6d,23,12
support-final-5cc6151b76d5a0f9451e2b6d,24,12
support-final-5cc6151b76d5a0f9451e2b6d,25,13
support-final-5cc6151b76d5a0f9451e2b6d,26,13
support-final-5cc6151b76d5a0f9451e2b6d,27,13
support-final-5cc6151b76d5a0f9451e2b6d,28,13
support-final-5cc6151b76d5a0f9451e2b6d,29,13
support-final-5cc6151b76d5a0f9451e2b6d,30,13
support-final-f32680364e0901ec01ebac92,0,0
support-final-f32680364e0901ec01ebac92,1,0
support-final-f32680364e0901ec01ebac92,2,0
support-final-f32680364e0901ec01ebac92,3,0
support-final-f32680364e0901ec01ebac92,4,0
support-final-f32680364e0901ec01ebac92,5,0
support-final-f32680364e0901ec01ebac92,6,0
support-final-f32680364e0901ec01ebac92,7,0
support-final-f32680364e0901ec01ebac92,8,0
support-final-f32680364e0901ec01ebac92,9,0
support-final-f32680364e0901ec01ebac92,10,0
support-final-f32680364e0901ec01ebac92,11,0
support-final-f32680364e0901ec01ebac92,12,0
support-final-f32680364e0901ec01ebac92,13,0
support-final-f32680364e0901ec01ebac92,14,0
support-final-f32680364e0901ec01ebac92,15,0
support-final-f32680364e0901ec01ebac92,16,0
support-final-f32680364e0901ec01ebac92,17,0
support-final-f32680364e0901ec01ebac92,18,0
support-final-f32680364e0901ec01ebac92,19,0
support-final-f32680364e0901ec01ebac92,20,0
support-final-f32680364e0901ec01ebac92,21,0
support-final-f32680364e0901ec01ebac92,22,0
support-final-f32680364e0901ec01ebac92,23,0
support-final-f32680364e0901ec01ebac92,24,0
support-final-f32680364e0901ec01ebac92,25,0
support-final-f32680364e0901ec01ebac92,26,0
support-final-f32680364e0901ec01ebac92,27,0
support-final-f32680364e0901ec01ebac92,28,0
support-final-f32680364e0901ec01ebac92,29,0
support-final-f32680364e0901ec01ebac92,30,0
support-final-de681059a02fa43eeb25509f,0,0
support-final-de681059a02fa43eeb25509f,1,0
support-final-de681059a02fa43eeb25509f,2,0
support-final-de681059a02fa43eeb25509f,3,0
support-final-de681059a02fa43eeb25509f,4,0
support-final-de681059a02fa43eeb25509f,5,0
support-final-de681059a02fa43eeb25509f,6,0
support-final-de681059a02fa43eeb25509f,7,0
support-final-de681059a02fa43eeb25509f,8,0
support-final-de681059a02fa43eeb25509f,9,0
support-final-de681059a02fa43eeb25509f,10,0
support-final-de681059a02fa43eeb25509f,11,0
support-final-de681059a02fa43eeb25509f,12,0
support-final-de681059a02fa43eeb25509f,13,0
support-final-de681059a02fa43eeb25509f,14,0
support-final-de681059a02fa43eeb25509f,15,0
support-final-de681059a02fa43eeb25509f,16,0
support-final-de681059a02fa43eeb25509f,17,0
support-final-de681059a02fa43eeb25509f,18,0
support-final-de681059a02fa43eeb25509f,19,0
support-final-de681059a02fa43eeb25509f,20,0
support-final-de681059a02fa43eeb25509f,21,0
support-final-de681059a02fa43eeb25509f,22,0
support-final-de681059a02fa43eeb25509f,23,0
support-final-de681059a02fa43eeb25509f,24,0
support-final-de681059a02fa43eeb25509f,25,0
support-final-de681059a02fa43eeb25509f,26,0
support-final-de681059a02fa43eeb25509f,27,0
support-final-de681059a02fa43eeb25509f,28,0
support-final-de681059a02fa43eeb25509f,29,0
support-final-de681059a02fa43eeb25509f,30,0
support-final-0d3a57a7a15aa1ce1edb194a,0,0
support-final-0d3a57a7a15aa1ce1edb194a,1,0
support-final-0d3a57a7a15aa1ce1edb194a,2,0
support-final-0d3a57a7a15aa1ce1edb194a,3,0
support-final-0d3a57a7a15aa1ce1edb194a,4,0
support-final-0d3a57a7a15aa1ce1edb194a,5,0
support-final-0d3a57a7a15aa1ce1edb194a,6,0
support-final-0d3a57a7a15aa1ce1edb194a,7,0
support-final-0d3a57a7a15aa1ce1edb194a,8,0
support-final-0d3a57a7a15aa1ce1edb194a,9,0
support-final-0d3a57a7a15aa1ce1edb194a,10,0
support-final-0d3a57a7a15aa1ce1edb194a,11,0
support-final-0d3a57a7a15aa1ce1edb194a,12,0
support-final-0d3a57a7a15aa1ce1edb194a,13,0
support-final-0d3a57a7a15aa1ce1edb194a,14,0
support-final-0d3a57a7a15aa1ce1edb194a,15,0
support-final-0d3a57a7a15aa1ce1edb194a,16,0
support-final-0d3a57a7a15aa1ce1edb194a,17,0
support-final-0d3a57a7a15aa1ce1edb194a,18,0
support-final-0d3a57a7a15aa1ce1edb194a,19,0
support-final-0d3a57a7a15aa1ce1edb194a,20,0
support-final-0d3a57a7a15aa1ce1edb194a,21,0
support-final-0d3a57a7a15aa1ce1edb194a,22,0
support-final-0d3a57a7a15aa1ce1edb194a,23,0
support-final-0d3a57a7a15aa1ce1edb194a,24,0
support-final-0d3a57a7a15aa1ce1edb194a,25,0
support-final-0d3a57a7a15aa1ce1edb194a,26,1
support-final-0d3a57a7a15aa1ce1edb194a,27,1
support-final-0d3a57a7a15aa1ce1edb194a,28,2
support-final-0d3a57a7a15aa1ce1edb194a,29,3
support-final-0d3a57a7a15aa1ce1edb194a,30,4
support-final-c74cf17f3ac7ca988c05f1b5,0,0
support-final-c74cf17f3ac7ca988c05f1b5,1,0
support-final-c74cf17f3ac7ca988c05f1b5,2,0
support-final-c74cf17f3ac7ca988c05f1b5,3,0
support-final-c74cf17f3ac7ca988c05f1b5,4,0
support-final-c74cf17f3ac7ca988c05f1b5,5,0
support-final-c74cf17f3ac7ca988c05f1b5,6,0
support-final-c74cf17f3ac7ca988c05f1b5,7,0
support-final-c74cf17f3ac7ca988c05f1b5,8,0
support-final-c74cf17f3ac7ca988c05f1b5,9,0
support-final-c74cf17f3ac7ca988c05f1b5,10,0
support-final-c74cf17f3ac7ca988c05f1b5,11,0
support-final-c74cf17f3ac7ca988c05f1b5,12,0
support-final-c74cf17f3ac7ca988c05f1b5,13,0
support-final-c74cf17f3ac7ca988c05f1b5,14,0
support-final-c74cf17f3ac7ca988c05f1b5,15,0
support-final-c74cf17f3ac7ca988c05f1b5,16,0
support-final-c74cf17f3ac7ca988c05f1b5,17,0
support-final-c74cf17f3ac7ca988c05f1b5,18,0
support-final-c74cf17f3ac7ca988c05f1b5,19,0
support-final-c74cf17f3ac7ca988c05f1b5,20,0
support-final-c74cf17f3ac7ca988c05f1b5,21,0
support-final-c74cf17f3ac7ca988c05f1b5,22,0
support-final-c74cf17f3ac7ca988c05f1b5,23,0
support-final-c74cf17f3ac7ca988c05f1b5,24,0
support-final-c74cf17f3ac7ca988c05f1b5,25,0
support-final-c74cf17f3ac7ca988c05f1b5,26,0
support-final-c74cf17f3ac7ca988c05f1b5,27,0
support-final-c74cf17f3ac7ca988c05f1b5,28,0
support-final-c74cf17f3ac7ca988c05f1b5,29,0
support-final-c74cf17f3ac7ca988c05f1b5,30,0
support-final-b1d7c026be957029d49f94e1,0,0
support-final-b1d7c026be957029d49f94e1,1,0
support-final-b1d7c026be957029d49f94e1,2,0
support-final-b1d7c026be957029d49f94e1,3,0
support-final-b1d7c026be957029d49f94e1,4,0
support-final-b1d7c026be957029d49f94e1,5,0
support-final-b1d7c026be957029d49f94e1,6,0
support-final-b1d7c026be957029d49f94e1,7,0
support-final-b1d7c026be957029d49f94e1,8,0
support-final-b1d7c026be957029d49f94e1,9,0
support-final-b1d7c026be957029d49f94e1,10,0
support-final-b1d7c026be957029d49f94e1,11,0
support-final-b1d7c026be957029d49f94e1,12,0
support-final-b1d7c026be957029d49f94e1,13,0
support-final-b1d7c026be957029d49f94e1,14,0
support-final-b1d7c026be957029d49f94e1,15,0
support-final-b1d7c026be957029d49f94e1,16,0
support-final-b1d7c026be957029d49f94e1,17,0
support-final-b1d7c026be957029d49f94e1,18,0
support-final-b1d7c026be957029d49f94e1,19,0
support-final-b1d7c026be957029d49f94e1,20,0
support-final-b1d7c026be957029d49f94e1,21,0
support-final-b1d7c026be957029d49f94e1,22,0
support-final-b1d7c026be957029d49f94e1,23,0
support-final-b1d7c026be957029d49f94e1,24,0
support-final-b1d7c026be957029d49f94e1,25,0
support-final-b1d7c026be957029d49f94e1,26,0
support-final-b1d7c026be957029d49f94e1,27,0
support-final-b1d7c026be957029d49f94e1,28,0
support-final-b1d7c026be957029d49f94e1,29,0
support-final-b1d7c026be957029d49f94e1,30,0
support-final-86c3994001c2e39b9f688bf5,0,0
support-final-86c3994001c2e39b9f688bf5,1,0
support-final-86c3994001c2e39b9f688bf5,2,0
support-final-86c3994001c2e39b9f688bf5,3,0
support-final-86c3994001c2e39b9f688bf5,4,0
support-final-86c3994001c2e39b9f688bf5,5,0
support-final-86c3994001c2e39b9f688bf5,6,0
support-final-86c3994001c2e39b9f688bf5,7,0
support-final-86c3994001c2e39b9f688bf5,8,0
support-final-86c3994001c2e39b9f688bf5,9,0
support-final-86c3994001c2e39b9f688bf5,10,0
support-final-86c3994001c2e39b9f688bf5,11,0
support-final-86c3994001c2e39b9f688bf5,12,0
support-final-86c3994001c2e39b9f688bf5,13,0
support-final-86c3994001c2e39b9f688bf5,14,0
support-final-86c3994001c2e39b9f688bf5,15,0
support-final-86c3994001c2e39b9f688bf5,16,0
support-final-86c3994001c2e39b9f688bf5,17,0
support-final-86c3994001c2e39b9f688bf5,18,0
support-final-86c3994001c2e39b9f688bf5,19,0
support-final-86c3994001c2e39b9f688bf5,20,0
support-final-86c3994001c2e39b9f688bf5,21,0
support-final-86c3994001c2e39b9f688bf5,22,0
support-final-86c3994001c2e39b9f688bf5,23,0
support-final-86c3994001c2e39b9f688bf5,24,0
support-final-86c3994001c2e39b9f688bf5,25,0
support-final-86c3994001c2e39b9f688bf5,26,0
support-final-86c3994001c2e39b9f688bf5,27,0
support-final-86c3994001c2e39b9f688bf5,28,0
support-final-86c3994001c2e39b9f688bf5,29,0
support-final-86c3994001c2e39b9f688bf5,30,0
support-final-601070817d9d65d193b86948,0,0
support-final-601070817d9d65d193b86948,1,0
support-final-601070817d9d65d193b86948,2,0
support-final-601070817d9d65d193b86948,3,0
support-final-601070817d9d65d193b86948,4,0
support-final-601070817d9d65d193b86948,5,0
support-final-601070817d9d65d193b86948,6,0
support-final-601070817d9d65d193b86948,7,0
support-final-601070817d9d65d193b86948,8,0
support-final-601070817d9d65d193b86948,9,0
support-final-601070817d9d65d193b86948,10,0
support-final-601070817d9d65d193b86948,11,0
support-final-601070817d9d65d193b86948,12,0
support-final-601070817d9d65d193b86948,13,0
support-final-601070817d9d65d193b86948,14,0
support-final-601070817d9d65d193b86948,15,0
support-final-601070817d9d65d193b86948,16,0
support-final-601070817d9d65d193b86948,17,0
support-final-601070817d9d65d193b86948,18,0
support-final-601070817d9d65d193b86948,19,0
support-final-601070817d9d65d193b86948,20,0
support-final-601070817d9d65d193b86948,21,0
support-final-601070817d9d65d193b86948,22,0
support-final-601070817d9d65d193b86948,23,0
support-final-601070817d9d65d193b86948,24,0
support-final-601070817d9d65d193b86948,25,0
support-final-601070817d9d65d193b86948,26,0
support-final-601070817d9d65d193b86948,27,0
support-final-601070817d9d65d193b86948,28,0
support-final-601070817d9d65d193b86948,29,0
support-final-601070817d9d65d193b86948,30,0
support-final-7d367e72bb34d6164eab460e,0,0
support-final-7d367e72bb34d6164eab460e,1,0
support-final-7d367e72bb34d6164eab460e,2,0
support-final-7d367e72bb34d6164eab460e,3,0
support-final-7d367e72bb34d6164eab460e,4,0
support-final-7d367e72bb34d6164eab460e,5,0
support-final-7d367e72bb34d6164eab460e,6,0
support-final-7d367e72bb34d6164eab460e,7,0
support-final-7d367e72bb34d6164eab460e,8,0
support-final-7d367e72bb34d6164eab460e,9,0
support-final-7d367e72bb34d6164eab460e,10,0
support-final-7d367e72bb34d6164eab460e,11,0
support-final-7d367e72bb34d6164eab460e,12,0
support-final-7d367e72bb34d6164eab460e,13,0
support-final-7d367e72bb34d6164eab460e,14,0
support-final-7d367e72bb34d6164eab460e,15,0
support-final-7d367e72bb34d6164eab460e,16,0
support-final-7d367e72bb34d6164eab460e,17,0
support-final-7d367e72bb34d6164eab460e,18,0
support-final-7d367e72bb34d6164eab460e,19,0
support-final-7d367e72bb34d6164eab460e,20,0
support-final-7d367e72bb34d6164eab460e,21,0
support-final-7d367e72bb34d6164eab460e,22,0
support-final-7d367e72bb34d6164eab460e,23,0
support-final-7d367e72bb34d6164eab460e,24,0
support-final-7d367e72bb34d6164eab460e,25,0
support-final-7d367e72bb34d6164eab460e,26,0
support-final-7d367e72bb34d6164eab460e,27,0
support-final-7d367e72bb34d6164eab460e,28,0
support-final-7d367e72bb34d6164eab460e,29,0
support-final-7d367e72bb34d6164eab460e,30,0
support-final-c390e5312c488932b152e173,0,0
support-final-c390e5312c488932b152e173,1,1
support-final-c390e5312c488932b152e173,2,1
support-final-c390e5312c488932b152e173,3,1
support-final-c390e5312c488932b152e173,4,2
support-final-c390e5312c488932b152e173,5,3
support-final-c390e5312c488932b152e173,6,4
support-final-c390e5312c488932b152e173,7,4
support-final-c390e5312c488932b152e173,8,4
support-final-c390e5312c488932b152e173,9,4
support-final-c390e5312c488932b152e173,10,4
support-final-c390e5312c488932b152e173,11,4
support-final-c390e5312c488932b152e173,12,4
support-final-c390e5312c488932b152e173,13,4
support-final-c390e5312c488932b152e173,14,4
support-final-c390e5312c488932b152e173,15,4
support-final-c390e5312c488932b152e173,16,4
support-final-c390e5312c488932b152e173,17,4
support-final-c390e5312c488932b152e173,18,4
support-final-c390e5312c488932b152e173,19,4
support-final-c390e5312c488932b152e173,20,4
support-final-c390e5312c488932b152e173,21,4
support-final-c390e5312c488932b152e173,22,4
support-final-c390e5312c488932b152e173,23,4
support-final-c390e5312c488932b152e173,24,4
support-final-c390e5312c488932b152e173,25,4
support-final-c390e5312c488932b152e173,26,4
support-final-c390e5312c488932b152e173,27,4
support-final-c390e5312c488932b152e173,28,4
support-final-c390e5312c488932b152e173,29,4
support-final-c390e5312c488932b152e173,30,4
support-final-4720ac6ea99fab3d8dabaab1,0,0
support-final-4720ac6ea99fab3d8dabaab1,1,0
support-final-4720ac6ea99fab3d8dabaab1,2,0
support-final-4720ac6ea99fab3d8dabaab1,3,0
support-final-4720ac6ea99fab3d8dabaab1,4,0
support-final-4720ac6ea99fab3d8dabaab1,5,0
support-final-4720ac6ea99fab3d8dabaab1,6,0
support-final-4720ac6ea99fab3d8dabaab1,7,0
support-final-4720ac6ea99fab3d8dabaab1,8,0
support-final-4720ac6ea99fab3d8dabaab1,9,0
support-final-4720ac6ea99fab3d8dabaab1,10,0
support-final-4720ac6ea99fab3d8dabaab1,11,1
support-final-4720ac6ea99fab3d8dabaab1,12,1
support-final-4720ac6ea99fab3d8dabaab1,13,1
support-final-4720ac6ea99fab3d8dabaab1,14,1
support-final-4720ac6ea99fab3d8dabaab1,15,1
support-final-4720ac6ea99fab3d8dabaab1,16,1
support-final-4720ac6ea99fab3d8dabaab1,17,1
support-final-4720ac6ea99fab3d8dabaab1,18,1
support-final-4720ac6ea99fab3d8dabaab1,19,1
support-final-4720ac6ea99fab3d8dabaab1,20,1
support-final-4720ac6ea99fab3d8dabaab1,21,1
support-final-4720ac6ea99fab3d8dabaab1,22,1
support-final-4720ac6ea99fab3d8dabaab1,23,1
support-final-4720ac6ea99fab3d8dabaab1,24,1
support-final-4720ac6ea99fab3d8dabaab1,25,1
support-final-4720ac6ea99fab3d8dabaab1,26,1
support-final-4720ac6ea99fab3d8dabaab1,27,1
support-final-4720ac6ea99fab3d8dabaab1,28,1
support-final-4720ac6ea99fab3d8dabaab1,29,1
support-final-4720ac6ea99fab3d8dabaab1,30,1
support-final-27525d309aac8bbb85945efd,0,0
support-final-27525d309aac8bbb85945efd,1,1
support-final-27525d309aac8bbb85945efd,2,1
support-final-27525d309aac8bbb85945efd,3,1
support-final-27525d309aac8bbb85945efd,4,2
support-final-27525d309aac8bbb85945efd,5,3
support-final-27525d309aac8bbb85945efd,6,3
support-final-27525d309aac8bbb85945efd,7,4
support-final-27525d309aac8bbb85945efd,8,4
support-final-27525d309aac8bbb85945efd,9,4
support-final-27525d309aac8bbb85945efd,10,5
support-final-27525d309aac8bbb85945efd,11,5
support-final-27525d309aac8bbb85945efd,12,5
support-final-27525d309aac8bbb85945efd,13,6
support-final-27525d309aac8bbb85945efd,14,7
support-final-27525d309aac8bbb85945efd,15,8
support-final-27525d309aac8bbb85945efd,16,9
support-final-27525d309aac8bbb85945efd,17,10
support-final-27525d309aac8bbb85945efd,18,11
support-final-27525d309aac8bbb85945efd,19,11
support-final-27525d309aac8bbb85945efd,20,11
support-final-27525d309aac8bbb85945efd,21,12
support-final-27525d309aac8bbb85945efd,22,12
support-final-27525d309aac8bbb85945efd,23,12
support-final-27525d309aac8bbb85945efd,24,12
support-final-27525d309aac8bbb85945efd,25,12
support-final-27525d309aac8bbb85945efd,26,12
support-final-27525d309aac8bbb85945efd,27,12
support-final-27525d309aac8bbb85945efd,28,13
support-final-27525d309aac8bbb85945efd,29,13
support-final-27525d309aac8bbb85945efd,30,13
support-final-4c2eafcae448cee16779f49b,0,0
support-final-4c2eafcae448cee16779f49b,1,0
support-final-4c2eafcae448cee16779f49b,2,0
support-final-4c2eafcae448cee16779f49b,3,0
support-final-4c2eafcae448cee16779f49b,4,0
support-final-4c2eafcae448cee16779f49b,5,0
support-final-4c2eafcae448cee16779f49b,6,0
support-final-4c2eafcae448cee16779f49b,7,0
support-final-4c2eafcae448cee16779f49b,8,0
support-final-4c2eafcae448cee16779f49b,9,0
support-final-4c2eafcae448cee16779f49b,10,0
support-final-4c2eafcae448cee16779f49b,11,0
support-final-4c2eafcae448cee16779f49b,12,0
support-final-4c2eafcae448cee16779f49b,13,0
support-final-4c2eafcae448cee16779f49b,14,0
support-final-4c2eafcae448cee16779f49b,15,0
support-final-4c2eafcae448cee16779f49b,16,0
support-final-4c2eafcae448cee16779f49b,17,1
support-final-4c2eafcae448cee16779f49b,18,1
support-final-4c2eafcae448cee16779f49b,19,1
support-final-4c2eafcae448cee16779f49b,20,1
support-final-4c2eafcae448cee16779f49b,21,1
support-final-4c2eafcae448cee16779f49b,22,1
support-final-4c2eafcae448cee16779f49b,23,1
support-final-4c2eafcae448cee16779f49b,24,1
support-final-4c2eafcae448cee16779f49b,25,1
support-final-4c2eafcae448cee16779f49b,26,1
support-final-4c2eafcae448cee16779f49b,27,1
support-final-4c2eafcae448cee16779f49b,28,1
support-final-4c2eafcae448cee16779f49b,29,1
support-final-4c2eafcae448cee16779f49b,30,1
support-final-16a696d3f30a2fe30a590158,0,0
support-final-16a696d3f30a2fe30a590158,1,0
support-final-16a696d3f30a2fe30a590158,2,0
support-final-16a696d3f30a2fe30a590158,3,1
support-final-16a696d3f30a2fe30a590158,4,1
support-final-16a696d3f30a2fe30a590158,5,1
support-final-16a696d3f30a2fe30a590158,6,1
support-final-16a696d3f30a2fe30a590158,7,1
support-final-16a696d3f30a2fe30a590158,8,1
support-final-16a696d3f30a2fe30a590158,9,1
support-final-16a696d3f30a2fe30a590158,10,1
support-final-16a696d3f30a2fe30a590158,11,1
support-final-16a696d3f30a2fe30a590158,12,1
support-final-16a696d3f30a2fe30a590158,13,1
support-final-16a696d3f30a2fe30a590158,14,1
support-final-16a696d3f30a2fe30a590158,15,1
support-final-16a696d3f30a2fe30a590158,16,1
support-final-16a696d3f30a2fe30a590158,17,1
support-final-16a696d3f30a2fe30a590158,18,1
support-final-16a696d3f30a2fe30a590158,19,1
support-final-16a696d3f30a2fe30a590158,20,1
support-final-16a696d3f30a2fe30a590158,21,1
support-final-16a696d3f30a2fe30a590158,22,1
support-final-16a696d3f30a2fe30a590158,23,1
support-final-16a696d3f30a2fe30a590158,24,1
support-final-16a696d3f30a2fe30a590158,25,1
support-final-16a696d3f30a2fe30a590158,26,1
support-final-16a696d3f30a2fe30a590158,27,1
support-final-16a696d3f30a2fe30a590158,28,1
support-final-16a696d3f30a2fe30a590158,29,1
support-final-16a696d3f30a2fe30a590158,30,1
support-final-9ee3ad0db31745e31f067e4b,0,0
support-final-9ee3ad0db31745e31f067e4b,1,0
support-final-9ee3ad0db31745e31f067e4b,2,0
support-final-9ee3ad0db31745e31f067e4b,3,0
support-final-9ee3ad0db31745e31f067e4b,4,0
support-final-9ee3ad0db31745e31f067e4b,5,0
support-final-9ee3ad0db31745e31f067e4b,6,0
support-final-9ee3ad0db31745e31f067e4b,7,0
support-final-9ee3ad0db31745e31f067e4b,8,0
support-final-9ee3ad0db31745e31f067e4b,9,0
support-final-9ee3ad0db31745e31f067e4b,10,0
support-final-9ee3ad0db31745e31f067e4b,11,0
support-final-9ee3ad0db31745e31f067e4b,12,0
support-final-9ee3ad0db31745e31f067e4b,13,0
support-final-9ee3ad0db31745e31f067e4b,14,0
support-final-9ee3ad0db31745e31f067e4b,15,0
support-final-9ee3ad0db31745e31f067e4b,16,0
support-final-9ee3ad0db31745e31f067e4b,17,0
support-final-9ee3ad0db31745e31f067e4b,18,0
support-final-9ee3ad0db31745e31f067e4b,19,0
support-final-9ee3ad0db31745e31f067e4b,20,0
support-final-9ee3ad0db31745e31f067e4b,21,0
support-final-9ee3ad0db31745e31f067e4b,22,0
support-final-9ee3ad0db31745e31f067e4b,23,0
support-final-9ee3ad0db31745e31f067e4b,24,0
support-final-9ee3ad0db31745e31f067e4b,25,0
support-final-9ee3ad0db31745e31f067e4b,26,0
support-final-9ee3ad0db31745e31f067e4b,27,0
support-final-9ee3ad0db31745e31f067e4b,28,0
support-final-9ee3ad0db31745e31f067e4b,29,0
support-final-9ee3ad0db31745e31f067e4b,30,0
support-final-231737af43d5d42aeb960ca4,0,0
support-final-231737af43d5d42aeb960ca4,1,0
support-final-231737af43d5d42aeb960ca4,2,0
support-final-231737af43d5d42aeb960ca4,3,0
support-final-231737af43d5d42aeb960ca4,4,0
support-final-231737af43d5d42aeb960ca4,5,0
support-final-231737af43d5d42aeb960ca4,6,0
support-final-231737af43d5d42aeb960ca4,7,0
support-final-231737af43d5d42aeb960ca4,8,0
support-final-231737af43d5d42aeb960ca4,9,0
support-final-231737af43d5d42aeb960ca4,10,0
support-final-231737af43d5d42aeb960ca4,11,0
support-final-231737af43d5d42aeb960ca4,12,0
support-final-231737af43d5d42aeb960ca4,13,0
support-final-231737af43d5d42aeb960ca4,14,0
support-final-231737af43d5d42aeb960ca4,15,0
support-final-231737af43d5d42aeb960ca4,16,0
support-final-231737af43d5d42aeb960ca4,17,0
support-final-231737af43d5d42aeb960ca4,18,0
support-final-231737af43d5d42aeb960ca4,19,0
support-final-231737af43d5d42aeb960ca4,20,0
support-final-231737af43d5d42aeb960ca4,21,0
support-final-231737af43d5d42aeb960ca4,22,0
support-final-231737af43d5d42aeb960ca4,23,0
support-final-231737af43d5d42aeb960ca4,24,0
support-final-231737af43d5d42aeb960ca4,25,0
support-final-231737af43d5d42aeb960ca4,26,0
support-final-231737af43d5d42aeb960ca4,27,0
support-final-231737af43d5d42aeb960ca4,28,0
support-final-231737af43d5d42aeb960ca4,29,0
support-final-231737af43d5d42aeb960ca4,30,0
support-final-b98b812b7fa21d94b9a2465a,0,0
support-final-b98b812b7fa21d94b9a2465a,1,1
support-final-b98b812b7fa21d94b9a2465a,2,1
support-final-b98b812b7fa21d94b9a2465a,3,2
support-final-b98b812b7fa21d94b9a2465a,4,2
support-final-b98b812b7fa21d94b9a2465a,5,3
support-final-b98b812b7fa21d94b9a2465a,6,3
support-final-b98b812b7fa21d94b9a2465a,7,3
support-final-b98b812b7fa21d94b9a2465a,8,3
support-final-b98b812b7fa21d94b9a2465a,9,3
support-final-b98b812b7fa21d94b9a2465a,10,4
support-final-b98b812b7fa21d94b9a2465a,11,5
support-final-b98b812b7fa21d94b9a2465a,12,5
support-final-b98b812b7fa21d94b9a2465a,13,5
support-final-b98b812b7fa21d94b9a2465a,14,5
support-final-b98b812b7fa21d94b9a2465a,15,5
support-final-b98b812b7fa21d94b9a2465a,16,5
support-final-b98b812b7fa21d94b9a2465a,17,5
support-final-b98b812b7fa21d94b9a2465a,18,5
support-final-b98b812b7fa21d94b9a2465a,19,5
support-final-b98b812b7fa21d94b9a2465a,20,5
support-final-b98b812b7fa21d94b9a2465a,21,5
support-final-b98b812b7fa21d94b9a2465a,22,5
support-final-b98b812b7fa21d94b9a2465a,23,5
support-final-b98b812b7fa21d94b9a2465a,24,6
support-final-b98b812b7fa21d94b9a2465a,25,6
support-final-b98b812b7fa21d94b9a2465a,26,7
support-final-b98b812b7fa21d94b9a2465a,27,7
support-final-b98b812b7fa21d94b9a2465a,28,8
support-final-b98b812b7fa21d94b9a2465a,29,8
support-final-b98b812b7fa21d94b9a2465a,30,8
support-final-4b86ec1d0d2bafe62a79e172,0,0
support-final-4b86ec1d0d2bafe62a79e172,1,1
support-final-4b86ec1d0d2bafe62a79e172,2,1
support-final-4b86ec1d0d2bafe62a79e172,3,1
support-final-4b86ec1d0d2bafe62a79e172,4,2
support-final-4b86ec1d0d2bafe62a79e172,5,2
support-final-4b86ec1d0d2bafe62a79e172,6,2
support-final-4b86ec1d0d2bafe62a79e172,7,2
support-final-4b86ec1d0d2bafe62a79e172,8,2
support-final-4b86ec1d0d2bafe62a79e172,9,3
support-final-4b86ec1d0d2bafe62a79e172,10,3
support-final-4b86ec1d0d2bafe62a79e172,11,4
support-final-4b86ec1d0d2bafe62a79e172,12,4
support-final-4b86ec1d0d2bafe62a79e172,13,4
support-final-4b86ec1d0d2bafe62a79e172,14,4
support-final-4b86ec1d0d2bafe62a79e172,15,4
support-final-4b86ec1d0d2bafe62a79e172,16,4
support-final-4b86ec1d0d2bafe62a79e172,17,5
support-final-4b86ec1d0d2bafe62a79e172,18,5
support-final-4b86ec1d0d2bafe62a79e172,19,5
support-final-4b86ec1d0d2bafe62a79e172,20,5
support-final-4b86ec1d0d2bafe62a79e172,21,5
support-final-4b86ec1d0d2bafe62a79e172,22,6
support-final-4b86ec1d0d2bafe62a79e172,23,7
support-final-4b86ec1d0d2bafe62a79e172,24,7
support-final-4b86ec1d0d2bafe62a79e172,25,7
support-final-4b86ec1d0d2bafe62a79e172,26,8
support-final-4b86ec1d0d2bafe62a79e172,27,8
support-final-4b86ec1d0d2bafe62a79e172,28,9
support-final-4b86ec1d0d2bafe62a79e172,29,9
support-final-4b86ec1d0d2bafe62a79e172,30,9
support-final-4c72f7dca819430b483b9ff2,0,0
support-final-4c72f7dca819430b483b9ff2,1,1
support-final-4c72f7dca819430b483b9ff2,2,2
support-final-4c72f7dca819430b483b9ff2,3,2
support-final-4c72f7dca819430b483b9ff2,4,2
support-final-4c72f7dca819430b483b9ff2,5,3
support-final-4c72f7dca819430b483b9ff2,6,3
support-final-4c72f7dca819430b483b9ff2,7,3
support-final-4c72f7dca819430b483b9ff2,8,3
support-final-4c72f7dca819430b483b9ff2,9,3
support-final-4c72f7dca819430b483b9ff2,10,3
support-final-4c72f7dca819430b483b9ff2,11,3
support-final-4c72f7dca819430b483b9ff2,12,3
support-final-4c72f7dca819430b483b9ff2,13,4
support-final-4c72f7dca819430b483b9ff2,14,4
support-final-4c72f7dca819430b483b9ff2,15,4
support-final-4c72f7dca819430b483b9ff2,16,5
support-final-4c72f7dca819430b483b9ff2,17,5
support-final-4c72f7dca819430b483b9ff2,18,6
support-final-4c72f7dca819430b483b9ff2,19,6
support-final-4c72f7dca819430b483b9ff2,20,6
support-final-4c72f7dca819430b483b9ff2,21,6
support-final-4c72f7dca819430b483b9ff2,22,6
support-final-4c72f7dca819430b483b9ff2,23,6
support-final-4c72f7dca819430b483b9ff2,24,6
support-final-4c72f7dca819430b483b9ff2,25,6
support-final-4c72f7dca819430b483b9ff2,26,6
support-final-4c72f7dca819430b483b9ff2,27,6
support-final-4c72f7dca819430b483b9ff2,28,6
support-final-4c72f7dca819430b483b9ff2,29,6
support-final-4c72f7dca819430b483b9ff2,30,6
support-final-616f439a808dcfa78392fe05,0,0
support-final-616f439a808dcfa78392fe05,1,1
support-final-616f439a808dcfa78392fe05,2,2
support-final-616f439a808dcfa78392fe05,3,3
support-final-616f439a808dcfa78392fe05,4,3
support-final-616f439a808dcfa78392fe05,5,3
support-final-616f439a808dcfa78392fe05,6,3
support-final-616f439a808dcfa78392fe05,7,4
support-final-616f439a808dcfa78392fe05,8,5
support-final-616f439a808dcfa78392fe05,9,5
support-final-616f439a808dcfa78392fe05,10,6
support-final-616f439a808dcfa78392fe05,11,7
support-final-616f439a808dcfa78392fe05,12,8
support-final-616f439a808dcfa78392fe05,13,9
support-final-616f439a808dcfa78392fe05,14,10
support-final-616f439a808dcfa78392fe05,15,11
support-final-616f439a808dcfa78392fe05,16,12
support-final-616f439a808dcfa78392fe05,17,13
support-final-616f439a808dcfa78392fe05,18,14
support-final-616f439a808dcfa78392fe05,19,15
support-final-616f439a808dcfa78392fe05,20,16
support-final-616f439a808dcfa78392fe05,21,16
support-final-616f439a808dcfa78392fe05,22,17
support-final-616f439a808dcfa78392fe05,23,17
support-final-616f439a808dcfa78392fe05,24,17
support-final-616f439a808dcfa78392fe05,25,18
support-final-616f439a808dcfa78392fe05,26,19
support-final-616f439a808dcfa78392fe05,27,20
support-final-616f439a808dcfa78392fe05,28,21
support-final-616f439a808dcfa78392fe05,29,22
support-final-616f439a808dcfa78392fe05,30,23
support-final-1272dfbc7ad4f1b2eb0451c1,0,0
support-final-1272dfbc7ad4f1b2eb0451c1,1,0
support-final-1272dfbc7ad4f1b2eb0451c1,2,0
support-final-1272dfbc7ad4f1b2eb0451c1,3,0
support-final-1272dfbc7ad4f1b2eb0451c1,4,0
support-final-1272dfbc7ad4f1b2eb0451c1,5,0
support-final-1272dfbc7ad4f1b2eb0451c1,6,0
support-final-1272dfbc7ad4f1b2eb0451c1,7,0
support-final-1272dfbc7ad4f1b2eb0451c1,8,0
support-final-1272dfbc7ad4f1b2eb0451c1,9,0
support-final-1272dfbc7ad4f1b2eb0451c1,10,0
support-final-1272dfbc7ad4f1b2eb0451c1,11,0
support-final-1272dfbc7ad4f1b2eb0451c1,12,0
support-final-1272dfbc7ad4f1b2eb0451c1,13,0
support-final-1272dfbc7ad4f1b2eb0451c1,14,0
support-final-1272dfbc7ad4f1b2eb0451c1,15,0
support-final-1272dfbc7ad4f1b2eb0451c1,16,0
support-final-1272dfbc7ad4f1b2eb0451c1,17,0
support-final-1272dfbc7ad4f1b2eb0451c1,18,0
support-final-1272dfbc7ad4f1b2eb0451c1,19,0
support-final-1272dfbc7ad4f1b2eb0451c1,20,0
support-final-1272dfbc7ad4f1b2eb0451c1,21,0
support-final-1272dfbc7ad4f1b2eb0451c1,22,0
support-final-1272dfbc7ad4f1b2eb0451c1,23,0
support-final-1272dfbc7ad4f1b2eb0451c1,24,0
support-final-1272dfbc7ad4f1b2eb0451c1,25,0
support-final-1272dfbc7ad4f1b2eb0451c1,26,0
support-final-1272dfbc7ad4f1b2eb0451c1,27,0
support-final-1272dfbc7ad4f1b2eb0451c1,28,0
support-final-1272dfbc7ad4f1b2eb0451c1,29,0
support-final-1272dfbc7ad4f1b2eb0451c1,30,0
support-final-cdedd2b0707c2baa788b7e84,0,0
support-final-cdedd2b0707c2baa788b7e84,1,0
support-final-cdedd2b0707c2baa788b7e84,2,0
support-final-cdedd2b0707c2baa788b7e84,3,0
support-final-cdedd2b0707c2baa788b7e84,4,0
support-final-cdedd2b0707c2baa788b7e84,5,0
support-final-cdedd2b0707c2baa788b7e84,6,0
support-final-cdedd2b0707c2baa788b7e84,7,0
support-final-cdedd2b0707c2baa788b7e84,8,0
support-final-cdedd2b0707c2baa788b7e84,9,0
support-final-cdedd2b0707c2baa788b7e84,10,0
support-final-cdedd2b0707c2baa788b7e84,11,0
support-final-cdedd2b0707c2baa788b7e84,12,1
support-final-cdedd2b0707c2baa788b7e84,13,1
support-final-cdedd2b0707c2baa788b7e84,14,1
support-final-cdedd2b0707c2baa788b7e84,15,1
support-final-cdedd2b0707c2baa788b7e84,16,1
support-final-cdedd2b0707c2baa788b7e84,17,1
support-final-cdedd2b0707c2baa788b7e84,18,1
support-final-cdedd2b0707c2baa788b7e84,19,1
support-final-cdedd2b0707c2baa788b7e84,20,1
support-final-cdedd2b0707c2baa788b7e84,21,1
support-final-cdedd2b0707c2baa788b7e84,22,1
support-final-cdedd2b0707c2baa788b7e84,23,1
support-final-cdedd2b0707c2baa788b7e84,24,1
support-final-cdedd2b0707c2baa788b7e84,25,1
support-final-cdedd2b0707c2baa788b7e84,26,1
support-final-cdedd2b0707c2baa788b7e84,27,1
support-final-cdedd2b0707c2baa788b7e84,28,1
support-final-cdedd2b0707c2baa788b7e84,29,1
support-final-cdedd2b0707c2baa788b7e84,30,1
support-final-87d2cd2917205aeb0935a295,0,0
support-final-87d2cd2917205aeb0935a295,1,0
support-final-87d2cd2917205aeb0935a295,2,0
support-final-87d2cd2917205aeb0935a295,3,0
support-final-87d2cd2917205aeb0935a295,4,0
support-final-87d2cd2917205aeb0935a295,5,0
support-final-87d2cd2917205aeb0935a295,6,0
support-final-87d2cd2917205aeb0935a295,7,0
support-final-87d2cd2917205aeb0935a295,8,0
support-final-87d2cd2917205aeb0935a295,9,0
support-final-87d2cd2917205aeb0935a295,10,0
support-final-87d2cd2917205aeb0935a295,11,0
support-final-87d2cd2917205aeb0935a295,12,0
support-final-87d2cd2917205aeb0935a295,13,0
support-final-87d2cd2917205aeb0935a295,14,0
support-final-87d2cd2917205aeb0935a295,15,0
support-final-87d2cd2917205aeb0935a295,16,0
support-final-87d2cd2917205aeb0935a295,17,0
support-final-87d2cd2917205aeb0935a295,18,0
support-final-87d2cd2917205aeb0935a295,19,0
support-final-87d2cd2917205aeb0935a295,20,0
support-final-87d2cd2917205aeb0935a295,21,0
support-final-87d2cd2917205aeb0935a295,22,0
support-final-87d2cd2917205aeb0935a295,23,0
support-final-87d2cd2917205aeb0935a295,24,0
support-final-87d2cd2917205aeb0935a295,25,0
support-final-87d2cd2917205aeb0935a295,26,0
support-final-87d2cd2917205aeb0935a295,27,0
support-final-87d2cd2917205aeb0935a295,28,0
support-final-87d2cd2917205aeb0935a295,29,0
support-final-87d2cd2917205aeb0935a295,30,0
support-final-e39cc6941c11837053fdb7e8,0,0
support-final-e39cc6941c11837053fdb7e8,1,0
support-final-e39cc6941c11837053fdb7e8,2,0
support-final-e39cc6941c11837053fdb7e8,3,0
support-final-e39cc6941c11837053fdb7e8,4,0
support-final-e39cc6941c11837053fdb7e8,5,0
support-final-e39cc6941c11837053fdb7e8,6,0
support-final-e39cc6941c11837053fdb7e8,7,0
support-final-e39cc6941c11837053fdb7e8,8,0
support-final-e39cc6941c11837053fdb7e8,9,0
support-final-e39cc6941c11837053fdb7e8,10,0
support-final-e39cc6941c11837053fdb7e8,11,0
support-final-e39cc6941c11837053fdb7e8,12,0
support-final-e39cc6941c11837053fdb7e8,13,0
support-final-e39cc6941c11837053fdb7e8,14,0
support-final-e39cc6941c11837053fdb7e8,15,0
support-final-e39cc6941c11837053fdb7e8,16,0
support-final-e39cc6941c11837053fdb7e8,17,0
support-final-e39cc6941c11837053fdb7e8,18,0
support-final-e39cc6941c11837053fdb7e8,19,0
support-final-e39cc6941c11837053fdb7e8,20,0
support-final-e39cc6941c11837053fdb7e8,21,0
support-final-e39cc6941c11837053fdb7e8,22,0
support-final-e39cc6941c11837053fdb7e8,23,0
support-final-e39cc6941c11837053fdb7e8,24,0
support-final-e39cc6941c11837053fdb7e8,25,0
support-final-e39cc6941c11837053fdb7e8,26,0
support-final-e39cc6941c11837053fdb7e8,27,0
support-final-e39cc6941c11837053fdb7e8,28,0
support-final-e39cc6941c11837053fdb7e8,29,0
support-final-e39cc6941c11837053fdb7e8,30,0
support-final-ee0b3e736bb64173f84e3b21,0,0
support-final-ee0b3e736bb64173f84e3b21,1,0
support-final-ee0b3e736bb64173f84e3b21,2,0
support-final-ee0b3e736bb64173f84e3b21,3,0
support-final-ee0b3e736bb64173f84e3b21,4,0
support-final-ee0b3e736bb64173f84e3b21,5,0
support-final-ee0b3e736bb64173f84e3b21,6,0
support-final-ee0b3e736bb64173f84e3b21,7,0
support-final-ee0b3e736bb64173f84e3b21,8,0
support-final-ee0b3e736bb64173f84e3b21,9,0
support-final-ee0b3e736bb64173f84e3b21,10,0
support-final-ee0b3e736bb64173f84e3b21,11,0
support-final-ee0b3e736bb64173f84e3b21,12,0
support-final-ee0b3e736bb64173f84e3b21,13,0
support-final-ee0b3e736bb64173f84e3b21,14,0
support-final-ee0b3e736bb64173f84e3b21,15,0
support-final-ee0b3e736bb64173f84e3b21,16,0
support-final-ee0b3e736bb64173f84e3b21,17,0
support-final-ee0b3e736bb64173f84e3b21,18,0
support-final-ee0b3e736bb64173f84e3b21,19,0
support-final-ee0b3e736bb64173f84e3b21,20,0
support-final-ee0b3e736bb64173f84e3b21,21,0
support-final-ee0b3e736bb64173f84e3b21,22,0
support-final-ee0b3e736bb64173f84e3b21,23,0
support-final-ee0b3e736bb64173f84e3b21,24,0
support-final-ee0b3e736bb64173f84e3b21,25,0
support-final-ee0b3e736bb64173f84e3b21,26,0
support-final-ee0b3e736bb64173f84e3b21,27,0
support-final-ee0b3e736bb64173f84e3b21,28,0
support-final-ee0b3e736bb64173f84e3b21,29,0
support-final-ee0b3e736bb64173f84e3b21,30,0
support-final-3f14eda0cc3511ded2b29bee,0,0
support-final-3f14eda0cc3511ded2b29bee,1,1
support-final-3f14eda0cc3511ded2b29bee,2,2
support-final-3f14eda0cc3511ded2b29bee,3,2
support-final-3f14eda0cc3511ded2b29bee,4,2
support-final-3f14eda0cc3511ded2b29bee,5,2
support-final-3f14eda0cc3511ded2b29bee,6,2
support-final-3f14eda0cc3511ded2b29bee,7,2
support-final-3f14eda0cc3511ded2b29bee,8,2
support-final-3f14eda0cc3511ded2b29bee,9,2
support-final-3f14eda0cc3511ded2b29bee,10,2
support-final-3f14eda0cc3511ded2b29bee,11,2
support-final-3f14eda0cc3511ded2b29bee,12,2
support-final-3f14eda0cc3511ded2b29bee,13,2
support-final-3f14eda0cc3511ded2b29bee,14,2
support-final-3f14eda0cc3511ded2b29bee,15,2
support-final-3f14eda0cc3511ded2b29bee,16,2
support-final-3f14eda0cc3511ded2b29bee,17,2
support-final-3f14eda0cc3511ded2b29bee,18,2
support-final-3f14eda0cc3511ded2b29bee,19,2
support-final-3f14eda0cc3511ded2b29bee,20,3
support-final-3f14eda0cc3511ded2b29bee,21,4
support-final-3f14eda0cc3511ded2b29bee,22,5
support-final-3f14eda0cc3511ded2b29bee,23,6
support-final-3f14eda0cc3511ded2b29bee,24,6
support-final-3f14eda0cc3511ded2b29bee,25,6
support-final-3f14eda0cc3511ded2b29bee,26,6
support-final-3f14eda0cc3511ded2b29bee,27,6
support-final-3f14eda0cc3511ded2b29bee,28,6
support-final-3f14eda0cc3511ded2b29bee,29,7
support-final-3f14eda0cc3511ded2b29bee,30,7
support-final-e3a8eecf632170fad74fa565,0,0
support-final-e3a8eecf632170fad74fa565,1,0
support-final-e3a8eecf632170fad74fa565,2,0
support-final-e3a8eecf632170fad74fa565,3,0
support-final-e3a8eecf632170fad74fa565,4,1
support-final-e3a8eecf632170fad74fa565,5,1
support-final-e3a8eecf632170fad74fa565,6,1
support-final-e3a8eecf632170fad74fa565,7,1
support-final-e3a8eecf632170fad74fa565,8,1
support-final-e3a8eecf632170fad74fa565,9,1
support-final-e3a8eecf632170fad74fa565,10,1
support-final-e3a8eecf632170fad74fa565,11,2
support-final-e3a8eecf632170fad74fa565,12,2
support-final-e3a8eecf632170fad74fa565,13,2
support-final-e3a8eecf632170fad74fa565,14,2
support-final-e3a8eecf632170fad74fa565,15,2
support-final-e3a8eecf632170fad74fa565,16,2
support-final-e3a8eecf632170fad74fa565,17,2
support-final-e3a8eecf632170fad74fa565,18,2
support-final-e3a8eecf632170fad74fa565,19,2
support-final-e3a8eecf632170fad74fa565,20,2
support-final-e3a8eecf632170fad74fa565,21,2
support-final-e3a8eecf632170fad74fa565,22,2
support-final-e3a8eecf632170fad74fa565,23,2
support-final-e3a8eecf632170fad74fa565,24,2
support-final-e3a8eecf632170fad74fa565,25,2
support-final-e3a8eecf632170fad74fa565,26,2
support-final-e3a8eecf632170fad74fa565,27,2
support-final-e3a8eecf632170fad74fa565,28,2
support-final-e3a8eecf632170fad74fa565,29,2
support-final-e3a8eecf632170fad74fa565,30,2
support-final-6f6fc6f2a537eaf6dee74855,0,0
support-final-6f6fc6f2a537eaf6dee74855,1,0
support-final-6f6fc6f2a537eaf6dee74855,2,0
support-final-6f6fc6f2a537eaf6dee74855,3,0
support-final-6f6fc6f2a537eaf6dee74855,4,0
support-final-6f6fc6f2a537eaf6dee74855,5,0
support-final-6f6fc6f2a537eaf6dee74855,6,0
support-final-6f6fc6f2a537eaf6dee74855,7,0
support-final-6f6fc6f2a537eaf6dee74855,8,0
support-final-6f6fc6f2a537eaf6dee74855,9,0
support-final-6f6fc6f2a537eaf6dee74855,10,0
support-final-6f6fc6f2a537eaf6dee74855,11,0
support-final-6f6fc6f2a537eaf6dee74855,12,0
support-final-6f6fc6f2a537eaf6dee74855,13,0
support-final-6f6fc6f2a537eaf6dee74855,14,0
support-final-6f6fc6f2a537eaf6dee74855,15,0
support-final-6f6fc6f2a537eaf6dee74855,16,0
support-final-6f6fc6f2a537eaf6dee74855,17,0
support-final-6f6fc6f2a537eaf6dee74855,18,0
support-final-6f6fc6f2a537eaf6dee74855,19,0
support-final-6f6fc6f2a537eaf6dee74855,20,0
support-final-6f6fc6f2a537eaf6dee74855,21,0
support-final-6f6fc6f2a537eaf6dee74855,22,0
support-final-6f6fc6f2a537eaf6dee74855,23,1
support-final-6f6fc6f2a537eaf6dee74855,24,1
support-final-6f6fc6f2a537eaf6dee74855,25,1
support-final-6f6fc6f2a537eaf6dee74855,26,2
support-final-6f6fc6f2a537eaf6dee74855,27,2
support-final-6f6fc6f2a537eaf6dee74855,28,3
support-final-6f6fc6f2a537eaf6dee74855,29,3
support-final-6f6fc6f2a537eaf6dee74855,30,3
support-final-ebb2d5c5ea683452e2364fd7,0,0
support-final-ebb2d5c5ea683452e2364fd7,1,0
support-final-ebb2d5c5ea683452e2364fd7,2,0
support-final-ebb2d5c5ea683452e2364fd7,3,0
support-final-ebb2d5c5ea683452e2364fd7,4,0
support-final-ebb2d5c5ea683452e2364fd7,5,0
support-final-ebb2d5c5ea683452e2364fd7,6,0
support-final-ebb2d5c5ea683452e2364fd7,7,0
support-final-ebb2d5c5ea683452e2364fd7,8,0
support-final-ebb2d5c5ea683452e2364fd7,9,0
support-final-ebb2d5c5ea683452e2364fd7,10,0
support-final-ebb2d5c5ea683452e2364fd7,11,0
support-final-ebb2d5c5ea683452e2364fd7,12,0
support-final-ebb2d5c5ea683452e2364fd7,13,0
support-final-ebb2d5c5ea683452e2364fd7,14,0
support-final-ebb2d5c5ea683452e2364fd7,15,0
support-final-ebb2d5c5ea683452e2364fd7,16,0
support-final-ebb2d5c5ea683452e2364fd7,17,0
support-final-ebb2d5c5ea683452e2364fd7,18,0
support-final-ebb2d5c5ea683452e2364fd7,19,0
support-final-ebb2d5c5ea683452e2364fd7,20,0
support-final-ebb2d5c5ea683452e2364fd7,21,0
support-final-ebb2d5c5ea683452e2364fd7,22,0
support-final-ebb2d5c5ea683452e2364fd7,23,0
support-final-ebb2d5c5ea683452e2364fd7,24,0
support-final-ebb2d5c5ea683452e2364fd7,25,0
support-final-ebb2d5c5ea683452e2364fd7,26,0
support-final-ebb2d5c5ea683452e2364fd7,27,0
support-final-ebb2d5c5ea683452e2364fd7,28,0
support-final-ebb2d5c5ea683452e2364fd7,29,0
support-final-ebb2d5c5ea683452e2364fd7,30,0
support-final-80149f77b727a797ae143b50,0,0
support-final-80149f77b727a797ae143b50,1,0
support-final-80149f77b727a797ae143b50,2,0
support-final-80149f77b727a797ae143b50,3,0
support-final-80149f77b727a797ae143b50,4,0
support-final-80149f77b727a797ae143b50,5,0
support-final-80149f77b727a797ae143b50,6,0
support-final-80149f77b727a797ae143b50,7,0
support-final-80149f77b727a797ae143b50,8,0
support-final-80149f77b727a797ae143b50,9,0
support-final-80149f77b727a797ae143b50,10,0
support-final-80149f77b727a797ae143b50,11,0
support-final-80149f77b727a797ae143b50,12,0
support-final-80149f77b727a797ae143b50,13,0
support-final-80149f77b727a797ae143b50,14,0
support-final-80149f77b727a797ae143b50,15,0
support-final-80149f77b727a797ae143b50,16,0
support-final-80149f77b727a797ae143b50,17,0
support-final-80149f77b727a797ae143b50,18,0
support-final-80149f77b727a797ae143b50,19,0
support-final-80149f77b727a797ae143b50,20,0
support-final-80149f77b727a797ae143b50,21,0
support-final-80149f77b727a797ae143b50,22,0
support-final-80149f77b727a797ae143b50,23,0
support-final-80149f77b727a797ae143b50,24,0
support-final-80149f77b727a797ae143b50,25,0
support-final-80149f77b727a797ae143b50,26,0
support-final-80149f77b727a797ae143b50,27,0
support-final-80149f77b727a797ae143b50,28,0
support-final-80149f77b727a797ae143b50,29,0
support-final-80149f77b727a797ae143b50,30,0
support-final-4bdec4d162beaf925bd23f9b,0,0
support-final-4bdec4d162beaf925bd23f9b,1,1
support-final-4bdec4d162beaf925bd23f9b,2,2
support-final-4bdec4d162beaf925bd23f9b,3,2
support-final-4bdec4d162beaf925bd23f9b,4,3
support-final-4bdec4d162beaf925bd23f9b,5,4
support-final-4bdec4d162beaf925bd23f9b,6,5
support-final-4bdec4d162beaf925bd23f9b,7,5
support-final-4bdec4d162beaf925bd23f9b,8,5
support-final-4bdec4d162beaf925bd23f9b,9,6
support-final-4bdec4d162beaf925bd23f9b,10,6
support-final-4bdec4d162beaf925bd23f9b,11,6
support-final-4bdec4d162beaf925bd23f9b,12,6
support-final-4bdec4d162beaf925bd23f9b,13,7
support-final-4bdec4d162beaf925bd23f9b,14,7
support-final-4bdec4d162beaf925bd23f9b,15,7
support-final-4bdec4d162beaf925bd23f9b,16,7
support-final-4bdec4d162beaf925bd23f9b,17,7
support-final-4bdec4d162beaf925bd23f9b,18,8
support-final-4bdec4d162beaf925bd23f9b,19,8
support-final-4bdec4d162beaf925bd23f9b,20,9
support-final-4bdec4d162beaf925bd23f9b,21,9
support-final-4bdec4d162beaf925bd23f9b,22,9
support-final-4bdec4d162beaf925bd23f9b,23,10
support-final-4bdec4d162beaf925bd23f9b,24,10
support-final-4bdec4d162beaf925bd23f9b,25,10
support-final-4bdec4d162beaf925bd23f9b,26,10
support-final-4bdec4d162beaf925bd23f9b,27,10
support-final-4bdec4d162beaf925bd23f9b,28,10
support-final-4bdec4d162beaf925bd23f9b,29,11
support-final-4bdec4d162beaf925bd23f9b,30,11
support-final-67b556953068e22d605ecb13,0,0
support-final-67b556953068e22d605ecb13,1,0
support-final-67b556953068e22d605ecb13,2,0
support-final-67b556953068e22d605ecb13,3,0
support-final-67b556953068e22d605ecb13,4,0
support-final-67b556953068e22d605ecb13,5,0
support-final-67b556953068e22d605ecb13,6,0
support-final-67b556953068e22d605ecb13,7,0
support-final-67b556953068e22d605ecb13,8,0
support-final-67b556953068e22d605ecb13,9,0
support-final-67b556953068e22d605ecb13,10,0
support-final-67b556953068e22d605ecb13,11,0
support-final-67b556953068e22d605ecb13,12,0
support-final-67b556953068e22d605ecb13,13,0
support-final-67b556953068e22d605ecb13,14,0
support-final-67b556953068e22d605ecb13,15,0
support-final-67b556953068e22d605ecb13,16,0
support-final-67b556953068e22d605ecb13,17,0
support-final-67b556953068e22d605ecb13,18,0
support-final-67b556953068e22d605ecb13,19,0
support-final-67b556953068e22d605ecb13,20,0
support-final-67b556953068e22d605ecb13,21,0
support-final-67b556953068e22d605ecb13,22,0
support-final-67b556953068e22d605ecb13,23,0
support-final-67b556953068e22d605ecb13,24,0
support-final-67b556953068e22d605ecb13,25,0
support-final-67b556953068e22d605ecb13,26,0
support-final-67b556953068e22d605ecb13,27,0
support-final-67b556953068e22d605ecb13,28,0
support-final-67b556953068e22d605ecb13,29,0
support-final-67b556953068e22d605ecb13,30,0
support-final-713b2e2c7f342db617def8a5,0,0
support-final-713b2e2c7f342db617def8a5,1,0
support-final-713b2e2c7f342db617def8a5,2,0
support-final-713b2e2c7f342db617def8a5,3,0
support-final-713b2e2c7f342db617def8a5,4,0
support-final-713b2e2c7f342db617def8a5,5,0
support-final-713b2e2c7f342db617def8a5,6,0
support-final-713b2e2c7f342db617def8a5,7,0
support-final-713b2e2c7f342db617def8a5,8,0
support-final-713b2e2c7f342db617def8a5,9,0
support-final-713b2e2c7f342db617def8a5,10,0
support-final-713b2e2c7f342db617def8a5,11,0
support-final-713b2e2c7f342db617def8a5,12,0
support-final-713b2e2c7f342db617def8a5,13,0
support-final-713b2e2c7f342db617def8a5,14,0
support-final-713b2e2c7f342db617def8a5,15,0
support-final-713b2e2c7f342db617def8a5,16,0
support-final-713b2e2c7f342db617def8a5,17,0
support-final-713b2e2c7f342db617def8a5,18,0
support-final-713b2e2c7f342db617def8a5,19,0
support-final-713b2e2c7f342db617def8a5,20,0
support-final-713b2e2c7f342db617def8a5,21,0
support-final-713b2e2c7f342db617def8a5,22,0
support-final-713b2e2c7f342db617def8a5,23,0
support-final-713b2e2c7f342db617def8a5,24,0
support-final-713b2e2c7f342db617def8a5,25,0
support-final-713b2e2c7f342db617def8a5,26,0
support-final-713b2e2c7f342db617def8a5,27,0
support-final-713b2e2c7f342db617def8a5,28,0
support-final-713b2e2c7f342db617def8a5,29,0
support-final-713b2e2c7f342db617def8a5,30,0
support-final-f59ce724cbd4822b7ee8d254,0,0
support-final-f59ce724cbd4822b7ee8d254,1,0
support-final-f59ce724cbd4822b7ee8d254,2,0
support-final-f59ce724cbd4822b7ee8d254,3,0
support-final-f59ce724cbd4822b7ee8d254,4,0
support-final-f59ce724cbd4822b7ee8d254,5,0
support-final-f59ce724cbd4822b7ee8d254,6,0
support-final-f59ce724cbd4822b7ee8d254,7,0
support-final-f59ce724cbd4822b7ee8d254,8,0
support-final-f59ce724cbd4822b7ee8d254,9,1
support-final-f59ce724cbd4822b7ee8d254,10,1
support-final-f59ce724cbd4822b7ee8d254,11,1
support-final-f59ce724cbd4822b7ee8d254,12,1
support-final-f59ce724cbd4822b7ee8d254,13,1
support-final-f59ce724cbd4822b7ee8d254,14,1
support-final-f59ce724cbd4822b7ee8d254,15,1
support-final-f59ce724cbd4822b7ee8d254,16,1
support-final-f59ce724cbd4822b7ee8d254,17,1
support-final-f59ce724cbd4822b7ee8d254,18,1
support-final-f59ce724cbd4822b7ee8d254,19,1
support-final-f59ce724cbd4822b7ee8d254,20,1
support-final-f59ce724cbd4822b7ee8d254,21,1
support-final-f59ce724cbd4822b7ee8d254,22,1
support-final-f59ce724cbd4822b7ee8d254,23,1
support-final-f59ce724cbd4822b7ee8d254,24,1
support-final-f59ce724cbd4822b7ee8d254,25,1
support-final-f59ce724cbd4822b7ee8d254,26,1
support-final-f59ce724cbd4822b7ee8d254,27,1
support-final-f59ce724cbd4822b7ee8d254,28,1
support-final-f59ce724cbd4822b7ee8d254,29,1
support-final-f59ce724cbd4822b7ee8d254,30,1
support-final-80a219dfbcef7c70ba5881f8,0,0
support-final-80a219dfbcef7c70ba5881f8,1,0
support-final-80a219dfbcef7c70ba5881f8,2,0
support-final-80a219dfbcef7c70ba5881f8,3,0
support-final-80a219dfbcef7c70ba5881f8,4,0
support-final-80a219dfbcef7c70ba5881f8,5,0
support-final-80a219dfbcef7c70ba5881f8,6,0
support-final-80a219dfbcef7c70ba5881f8,7,0
support-final-80a219dfbcef7c70ba5881f8,8,0
support-final-80a219dfbcef7c70ba5881f8,9,0
support-final-80a219dfbcef7c70ba5881f8,10,0
support-final-80a219dfbcef7c70ba5881f8,11,0
support-final-80a219dfbcef7c70ba5881f8,12,0
support-final-80a219dfbcef7c70ba5881f8,13,0
support-final-80a219dfbcef7c70ba5881f8,14,0
support-final-80a219dfbcef7c70ba5881f8,15,0
support-final-80a219dfbcef7c70ba5881f8,16,0
support-final-80a219dfbcef7c70ba5881f8,17,0
support-final-80a219dfbcef7c70ba5881f8,18,0
support-final-80a219dfbcef7c70ba5881f8,19,0
support-final-80a219dfbcef7c70ba5881f8,20,0
support-final-80a219dfbcef7c70ba5881f8,21,0
support-final-80a219dfbcef7c70ba5881f8,22,0
support-final-80a219dfbcef7c70ba5881f8,23,0
support-final-80a219dfbcef7c70ba5881f8,24,0
support-final-80a219dfbcef7c70ba5881f8,25,0
support-final-80a219dfbcef7c70ba5881f8,26,0
support-final-80a219dfbcef7c70ba5881f8,27,0
support-final-80a219dfbcef7c70ba5881f8,28,0
support-final-80a219dfbcef7c70ba5881f8,29,0
support-final-80a219dfbcef7c70ba5881f8,30,0
support-final-04e8a9f11bc5f3c7888a9b6f,0,0
support-final-04e8a9f11bc5f3c7888a9b6f,1,0
support-final-04e8a9f11bc5f3c7888a9b6f,2,0
support-final-04e8a9f11bc5f3c7888a9b6f,3,0
support-final-04e8a9f11bc5f3c7888a9b6f,4,1
support-final-04e8a9f11bc5f3c7888a9b6f,5,2
support-final-04e8a9f11bc5f3c7888a9b6f,6,2
support-final-04e8a9f11bc5f3c7888a9b6f,7,2
support-final-04e8a9f11bc5f3c7888a9b6f,8,2
support-final-04e8a9f11bc5f3c7888a9b6f,9,3
support-final-04e8a9f11bc5f3c7888a9b6f,10,3
support-final-04e8a9f11bc5f3c7888a9b6f,11,3
support-final-04e8a9f11bc5f3c7888a9b6f,12,3
support-final-04e8a9f11bc5f3c7888a9b6f,13,3
support-final-04e8a9f11bc5f3c7888a9b6f,14,3
support-final-04e8a9f11bc5f3c7888a9b6f,15,3
support-final-04e8a9f11bc5f3c7888a9b6f,16,3
support-final-04e8a9f11bc5f3c7888a9b6f,17,3
support-final-04e8a9f11bc5f3c7888a9b6f,18,3
support-final-04e8a9f11bc5f3c7888a9b6f,19,3
support-final-04e8a9f11bc5f3c7888a9b6f,20,3
support-final-04e8a9f11bc5f3c7888a9b6f,21,3
support-final-04e8a9f11bc5f3c7888a9b6f,22,3
support-final-04e8a9f11bc5f3c7888a9b6f,23,3
support-final-04e8a9f11bc5f3c7888a9b6f,24,3
support-final-04e8a9f11bc5f3c7888a9b6f,25,3
support-final-04e8a9f11bc5f3c7888a9b6f,26,3
support-final-04e8a9f11bc5f3c7888a9b6f,27,3
support-final-04e8a9f11bc5f3c7888a9b6f,28,3
support-final-04e8a9f11bc5f3c7888a9b6f,29,3
support-final-04e8a9f11bc5f3c7888a9b6f,30,3
support-final-ebf9047d2d7e43b09fc348d8,0,0
support-final-ebf9047d2d7e43b09fc348d8,1,0
support-final-ebf9047d2d7e43b09fc348d8,2,0
support-final-ebf9047d2d7e43b09fc348d8,3,0
support-final-ebf9047d2d7e43b09fc348d8,4,0
support-final-ebf9047d2d7e43b09fc348d8,5,0
support-final-ebf9047d2d7e43b09fc348d8,6,0
support-final-ebf9047d2d7e43b09fc348d8,7,0
support-final-ebf9047d2d7e43b09fc348d8,8,0
support-final-ebf9047d2d7e43b09fc348d8,9,0
support-final-ebf9047d2d7e43b09fc348d8,10,0
support-final-ebf9047d2d7e43b09fc348d8,11,0
support-final-ebf9047d2d7e43b09fc348d8,12,0
support-final-ebf9047d2d7e43b09fc348d8,13,0
support-final-ebf9047d2d7e43b09fc348d8,14,0
support-final-ebf9047d2d7e43b09fc348d8,15,0
support-final-ebf9047d2d7e43b09fc348d8,16,0
support-final-ebf9047d2d7e43b09fc348d8,17,0
support-final-ebf9047d2d7e43b09fc348d8,18,0
support-final-ebf9047d2d7e43b09fc348d8,19,0
support-final-ebf9047d2d7e43b09fc348d8,20,0
support-final-ebf9047d2d7e43b09fc348d8,21,0
support-final-ebf9047d2d7e43b09fc348d8,22,0
support-final-ebf9047d2d7e43b09fc348d8,23,0
support-final-ebf9047d2d7e43b09fc348d8,24,0
support-final-ebf9047d2d7e43b09fc348d8,25,0
support-final-ebf9047d2d7e43b09fc348d8,26,0
support-final-ebf9047d2d7e43b09fc348d8,27,0
support-final-ebf9047d2d7e43b09fc348d8,28,0
support-final-ebf9047d2d7e43b09fc348d8,29,0
support-final-ebf9047d2d7e43b09fc348d8,30,0
support-final-0a7867fdb171f474ba7b25b9,0,0
support-final-0a7867fdb171f474ba7b25b9,1,0
support-final-0a7867fdb171f474ba7b25b9,2,0
support-final-0a7867fdb171f474ba7b25b9,3,0
support-final-0a7867fdb171f474ba7b25b9,4,0
support-final-0a7867fdb171f474ba7b25b9,5,0
support-final-0a7867fdb171f474ba7b25b9,6,0
support-final-0a7867fdb171f474ba7b25b9,7,0
support-final-0a7867fdb171f474ba7b25b9,8,0
support-final-0a7867fdb171f474ba7b25b9,9,0
support-final-0a7867fdb171f474ba7b25b9,10,0
support-final-0a7867fdb171f474ba7b25b9,11,0
support-final-0a7867fdb171f474ba7b25b9,12,0
support-final-0a7867fdb171f474ba7b25b9,13,0
support-final-0a7867fdb171f474ba7b25b9,14,0
support-final-0a7867fdb171f474ba7b25b9,15,0
support-final-0a7867fdb171f474ba7b25b9,16,0
support-final-0a7867fdb171f474ba7b25b9,17,0
support-final-0a7867fdb171f474ba7b25b9,18,0
support-final-0a7867fdb171f474ba7b25b9,19,0
support-final-0a7867fdb171f474ba7b25b9,20,0
support-final-0a7867fdb171f474ba7b25b9,21,0
support-final-0a7867fdb171f474ba7b25b9,22,0
support-final-0a7867fdb171f474ba7b25b9,23,0
support-final-0a7867fdb171f474ba7b25b9,24,0
support-final-0a7867fdb171f474ba7b25b9,25,0
support-final-0a7867fdb171f474ba7b25b9,26,0
support-final-0a7867fdb171f474ba7b25b9,27,0
support-final-0a7867fdb171f474ba7b25b9,28,0
support-final-0a7867fdb171f474ba7b25b9,29,0
support-final-0a7867fdb171f474ba7b25b9,30,0
support-final-1b249707a5ba00ec6441334a,0,0
support-final-1b249707a5ba00ec6441334a,1,0
support-final-1b249707a5ba00ec6441334a,2,0
support-final-1b249707a5ba00ec6441334a,3,0
support-final-1b249707a5ba00ec6441334a,4,0
support-final-1b249707a5ba00ec6441334a,5,0
support-final-1b249707a5ba00ec6441334a,6,0
support-final-1b249707a5ba00ec6441334a,7,0
support-final-1b249707a5ba00ec6441334a,8,0
support-final-1b249707a5ba00ec6441334a,9,0
support-final-1b249707a5ba00ec6441334a,10,0
support-final-1b249707a5ba00ec6441334a,11,0
support-final-1b249707a5ba00ec6441334a,12,0
support-final-1b249707a5ba00ec6441334a,13,0
support-final-1b249707a5ba00ec6441334a,14,0
support-final-1b249707a5ba00ec6441334a,15,0
support-final-1b249707a5ba00ec6441334a,16,0
support-final-1b249707a5ba00ec6441334a,17,0
support-final-1b249707a5ba00ec6441334a,18,0
support-final-1b249707a5ba00ec6441334a,19,0
support-final-1b249707a5ba00ec6441334a,20,0
support-final-1b249707a5ba00ec6441334a,21,0
support-final-1b249707a5ba00ec6441334a,22,0
support-final-1b249707a5ba00ec6441334a,23,0
support-final-1b249707a5ba00ec6441334a,24,0
support-final-1b249707a5ba00ec6441334a,25,0
support-final-1b249707a5ba00ec6441334a,26,0
support-final-1b249707a5ba00ec6441334a,27,0
support-final-1b249707a5ba00ec6441334a,28,0
support-final-1b249707a5ba00ec6441334a,29,0
support-final-1b249707a5ba00ec6441334a,30,0
support-final-b80b58df840a3e0ef7a67d11,0,0
support-final-b80b58df840a3e0ef7a67d11,1,0
support-final-b80b58df840a3e0ef7a67d11,2,0
support-final-b80b58df840a3e0ef7a67d11,3,0
support-final-b80b58df840a3e0ef7a67d11,4,0
support-final-b80b58df840a3e0ef7a67d11,5,0
support-final-b80b58df840a3e0ef7a67d11,6,0
support-final-b80b58df840a3e0ef7a67d11,7,0
support-final-b80b58df840a3e0ef7a67d11,8,0
support-final-b80b58df840a3e0ef7a67d11,9,1
support-final-b80b58df840a3e0ef7a67d11,10,1
support-final-b80b58df840a3e0ef7a67d11,11,1
support-final-b80b58df840a3e0ef7a67d11,12,1
support-final-b80b58df840a3e0ef7a67d11,13,1
support-final-b80b58df840a3e0ef7a67d11,14,2
support-final-b80b58df840a3e0ef7a67d11,15,2
support-final-b80b58df840a3e0ef7a67d11,16,3
support-final-b80b58df840a3e0ef7a67d11,17,3
support-final-b80b58df840a3e0ef7a67d11,18,4
support-final-b80b58df840a3e0ef7a67d11,19,4
support-final-b80b58df840a3e0ef7a67d11,20,4
support-final-b80b58df840a3e0ef7a67d11,21,4
support-final-b80b58df840a3e0ef7a67d11,22,4
support-final-b80b58df840a3e0ef7a67d11,23,5
support-final-b80b58df840a3e0ef7a67d11,24,5
support-final-b80b58df840a3e0ef7a67d11,25,5
support-final-b80b58df840a3e0ef7a67d11,26,5
support-final-b80b58df840a3e0ef7a67d11,27,5
support-final-b80b58df840a3e0ef7a67d11,28,5
support-final-b80b58df840a3e0ef7a67d11,29,5
support-final-b80b58df840a3e0ef7a67d11,30,5
support-final-e01ae115e21fb1b46bad650a,0,0
support-final-e01ae115e21fb1b46bad650a,1,1
support-final-e01ae115e21fb1b46bad650a,2,1
support-final-e01ae115e21fb1b46bad650a,3,1
support-final-e01ae115e21fb1b46bad650a,4,1
support-final-e01ae115e21fb1b46bad650a,5,1
support-final-e01ae115e21fb1b46bad650a,6,1
support-final-e01ae115e21fb1b46bad650a,7,1
support-final-e01ae115e21fb1b46bad650a,8,1
support-final-e01ae115e21fb1b46bad650a,9,1
support-final-e01ae115e21fb1b46bad650a,10,1
support-final-e01ae115e21fb1b46bad650a,11,1
support-final-e01ae115e21fb1b46bad650a,12,1
support-final-e01ae115e21fb1b46bad650a,13,1
support-final-e01ae115e21fb1b46bad650a,14,2
support-final-e01ae115e21fb1b46bad650a,15,2
support-final-e01ae115e21fb1b46bad650a,16,3
support-final-e01ae115e21fb1b46bad650a,17,3
support-final-e01ae115e21fb1b46bad650a,18,3
support-final-e01ae115e21fb1b46bad650a,19,3
support-final-e01ae115e21fb1b46bad650a,20,4
support-final-e01ae115e21fb1b46bad650a,21,4
support-final-e01ae115e21fb1b46bad650a,22,4
support-final-e01ae115e21fb1b46bad650a,23,4
support-final-e01ae115e21fb1b46bad650a,24,4
support-final-e01ae115e21fb1b46bad650a,25,4
support-final-e01ae115e21fb1b46bad650a,26,4
support-final-e01ae115e21fb1b46bad650a,27,4
support-final-e01ae115e21fb1b46bad650a,28,4
support-final-e01ae115e21fb1b46bad650a,29,4
support-final-e01ae115e21fb1b46bad650a,30,4
support-final-e721abfe90ea8cea48ccfb5c,0,0
support-final-e721abfe90ea8cea48ccfb5c,1,1
support-final-e721abfe90ea8cea48ccfb5c,2,2
support-final-e721abfe90ea8cea48ccfb5c,3,3
support-final-e721abfe90ea8cea48ccfb5c,4,3
support-final-e721abfe90ea8cea48ccfb5c,5,4
support-final-e721abfe90ea8cea48ccfb5c,6,4
support-final-e721abfe90ea8cea48ccfb5c,7,4
support-final-e721abfe90ea8cea48ccfb5c,8,4
support-final-e721abfe90ea8cea48ccfb5c,9,4
support-final-e721abfe90ea8cea48ccfb5c,10,5
support-final-e721abfe90ea8cea48ccfb5c,11,6
support-final-e721abfe90ea8cea48ccfb5c,12,6
support-final-e721abfe90ea8cea48ccfb5c,13,6
support-final-e721abfe90ea8cea48ccfb5c,14,6
support-final-e721abfe90ea8cea48ccfb5c,15,7
support-final-e721abfe90ea8cea48ccfb5c,16,8
support-final-e721abfe90ea8cea48ccfb5c,17,8
support-final-e721abfe90ea8cea48ccfb5c,18,8
support-final-e721abfe90ea8cea48ccfb5c,19,8
support-final-e721abfe90ea8cea48ccfb5c,20,9
support-final-e721abfe90ea8cea48ccfb5c,21,9
support-final-e721abfe90ea8cea48ccfb5c,22,9
support-final-e721abfe90ea8cea48ccfb5c,23,10
support-final-e721abfe90ea8cea48ccfb5c,24,10
support-final-e721abfe90ea8cea48ccfb5c,25,10
support-final-e721abfe90ea8cea48ccfb5c,26,11
support-final-e721abfe90ea8cea48ccfb5c,27,11
support-final-e721abfe90ea8cea48ccfb5c,28,11
support-final-e721abfe90ea8cea48ccfb5c,29,11
support-final-e721abfe90ea8cea48ccfb5c,30,11
support-final-da97f4a0c3b01aaf2fecf906,0,0
support-final-da97f4a0c3b01aaf2fecf906,1,0
support-final-da97f4a0c3b01aaf2fecf906,2,0
support-final-da97f4a0c3b01aaf2fecf906,3,0
support-final-da97f4a0c3b01aaf2fecf906,4,0
support-final-da97f4a0c3b01aaf2fecf906,5,0
support-final-da97f4a0c3b01aaf2fecf906,6,0
support-final-da97f4a0c3b01aaf2fecf906,7,0
support-final-da97f4a0c3b01aaf2fecf906,8,0
support-final-da97f4a0c3b01aaf2fecf906,9,0
support-final-da97f4a0c3b01aaf2fecf906,10,0
support-final-da97f4a0c3b01aaf2fecf906,11,0
support-final-da97f4a0c3b01aaf2fecf906,12,0
support-final-da97f4a0c3b01aaf2fecf906,13,0
support-final-da97f4a0c3b01aaf2fecf906,14,0
support-final-da97f4a0c3b01aaf2fecf906,15,1
support-final-da97f4a0c3b01aaf2fecf906,16,2
support-final-da97f4a0c3b01aaf2fecf906,17,2
support-final-da97f4a0c3b01aaf2fecf906,18,2
support-final-da97f4a0c3b01aaf2fecf906,19,3
support-final-da97f4a0c3b01aaf2fecf906,20,4
support-final-da97f4a0c3b01aaf2fecf906,21,5
support-final-da97f4a0c3b01aaf2fecf906,22,5
support-final-da97f4a0c3b01aaf2fecf906,23,5
support-final-da97f4a0c3b01aaf2fecf906,24,5
support-final-da97f4a0c3b01aaf2fecf906,25,6
support-final-da97f4a0c3b01aaf2fecf906,26,7
support-final-da97f4a0c3b01aaf2fecf906,27,7
support-final-da97f4a0c3b01aaf2fecf906,28,7
support-final-da97f4a0c3b01aaf2fecf906,29,8
support-final-da97f4a0c3b01aaf2fecf906,30,8
support-final-b961d74ce42f4612bc9816b9,0,0
support-final-b961d74ce42f4612bc9816b9,1,0
support-final-b961d74ce42f4612bc9816b9,2,1
support-final-b961d74ce42f4612bc9816b9,3,1
support-final-b961d74ce42f4612bc9816b9,4,1
support-final-b961d74ce42f4612bc9816b9,5,1
support-final-b961d74ce42f4612bc9816b9,6,1
support-final-b961d74ce42f4612bc9816b9,7,1
support-final-b961d74ce42f4612bc9816b9,8,1
support-final-b961d74ce42f4612bc9816b9,9,1
support-final-b961d74ce42f4612bc9816b9,10,1
support-final-b961d74ce42f4612bc9816b9,11,1
support-final-b961d74ce42f4612bc9816b9,12,1
support-final-b961d74ce42f4612bc9816b9,13,1
support-final-b961d74ce42f4612bc9816b9,14,1
support-final-b961d74ce42f4612bc9816b9,15,1
support-final-b961d74ce42f4612bc9816b9,16,1
support-final-b961d74ce42f4612bc9816b9,17,1
support-final-b961d74ce42f4612bc9816b9,18,1
support-final-b961d74ce42f4612bc9816b9,19,1
support-final-b961d74ce42f4612bc9816b9,20,1
support-final-b961d74ce42f4612bc9816b9,21,1
support-final-b961d74ce42f4612bc9816b9,22,1
support-final-b961d74ce42f4612bc9816b9,23,1
support-final-b961d74ce42f4612bc9816b9,24,1
support-final-b961d74ce42f4612bc9816b9,25,1
support-final-b961d74ce42f4612bc9816b9,26,1
support-final-b961d74ce42f4612bc9816b9,27,1
support-final-b961d74ce42f4612bc9816b9,28,1
support-final-b961d74ce42f4612bc9816b9,29,1
support-final-b961d74ce42f4612bc9816b9,30,1
support-final-0d6f6c3f1b1b8371c7bc718e,0,0
support-final-0d6f6c3f1b1b8371c7bc718e,1,0
support-final-0d6f6c3f1b1b8371c7bc718e,2,0
support-final-0d6f6c3f1b1b8371c7bc718e,3,0
support-final-0d6f6c3f1b1b8371c7bc718e,4,0
support-final-0d6f6c3f1b1b8371c7bc718e,5,0
support-final-0d6f6c3f1b1b8371c7bc718e,6,0
support-final-0d6f6c3f1b1b8371c7bc718e,7,0
support-final-0d6f6c3f1b1b8371c7bc718e,8,0
support-final-0d6f6c3f1b1b8371c7bc718e,9,0
support-final-0d6f6c3f1b1b8371c7bc718e,10,0
support-final-0d6f6c3f1b1b8371c7bc718e,11,0
support-final-0d6f6c3f1b1b8371c7bc718e,12,0
support-final-0d6f6c3f1b1b8371c7bc718e,13,0
support-final-0d6f6c3f1b1b8371c7bc718e,14,0
support-final-0d6f6c3f1b1b8371c7bc718e,15,0
support-final-0d6f6c3f1b1b8371c7bc718e,16,0
support-final-0d6f6c3f1b1b8371c7bc718e,17,0
support-final-0d6f6c3f1b1b8371c7bc718e,18,0
support-final-0d6f6c3f1b1b8371c7bc718e,19,0
support-final-0d6f6c3f1b1b8371c7bc718e,20,0
support-final-0d6f6c3f1b1b8371c7bc718e,21,0
support-final-0d6f6c3f1b1b8371c7bc718e,22,0
support-final-0d6f6c3f1b1b8371c7bc718e,23,0
support-final-0d6f6c3f1b1b8371c7bc718e,24,0
support-final-0d6f6c3f1b1b8371c7bc718e,25,0
support-final-0d6f6c3f1b1b8371c7bc718e,26,0
support-final-0d6f6c3f1b1b8371c7bc718e,27,0
support-final-0d6f6c3f1b1b8371c7bc718e,28,0
support-final-0d6f6c3f1b1b8371c7bc718e,29,0
support-final-0d6f6c3f1b1b8371c7bc718e,30,0
support-final-2f82f8b05b2d65ac9c6f27da,0,0
support-final-2f82f8b05b2d65ac9c6f27da,1,0
support-final-2f82f8b05b2d65ac9c6f27da,2,0
support-final-2f82f8b05b2d65ac9c6f27da,3,0
support-final-2f82f8b05b2d65ac9c6f27da,4,0
support-final-2f82f8b05b2d65ac9c6f27da,5,0
support-final-2f82f8b05b2d65ac9c6f27da,6,0
support-final-2f82f8b05b2d65ac9c6f27da,7,0
support-final-2f82f8b05b2d65ac9c6f27da,8,0
support-final-2f82f8b05b2d65ac9c6f27da,9,0
support-final-2f82f8b05b2d65ac9c6f27da,10,0
support-final-2f82f8b05b2d65ac9c6f27da,11,0
support-final-2f82f8b05b2d65ac9c6f27da,12,0
support-final-2f82f8b05b2d65ac9c6f27da,13,0
support-final-2f82f8b05b2d65ac9c6f27da,14,0
support-final-2f82f8b05b2d65ac9c6f27da,15,0
support-final-2f82f8b05b2d65ac9c6f27da,16,0
support-final-2f82f8b05b2d65ac9c6f27da,17,0
support-final-2f82f8b05b2d65ac9c6f27da,18,0
support-final-2f82f8b05b2d65ac9c6f27da,19,0
support-final-2f82f8b05b2d65ac9c6f27da,20,0
support-final-2f82f8b05b2d65ac9c6f27da,21,0
support-final-2f82f8b05b2d65ac9c6f27da,22,0
support-final-2f82f8b05b2d65ac9c6f27da,23,0
support-final-2f82f8b05b2d65ac9c6f27da,24,0
support-final-2f82f8b05b2d65ac9c6f27da,25,0
support-final-2f82f8b05b2d65ac9c6f27da,26,0
support-final-2f82f8b05b2d65ac9c6f27da,27,0
support-final-2f82f8b05b2d65ac9c6f27da,28,0
support-final-2f82f8b05b2d65ac9c6f27da,29,0
support-final-2f82f8b05b2d65ac9c6f27da,30,0
support-final-566f04144f931203a0c82421,0,0
support-final-566f04144f931203a0c82421,1,0
support-final-566f04144f931203a0c82421,2,1
support-final-566f04144f931203a0c82421,3,2
support-final-566f04144f931203a0c82421,4,2
support-final-566f04144f931203a0c82421,5,3
support-final-566f04144f931203a0c82421,6,3
support-final-566f04144f931203a0c82421,7,4
support-final-566f04144f931203a0c82421,8,5
support-final-566f04144f931203a0c82421,9,5
support-final-566f04144f931203a0c82421,10,6
support-final-566f04144f931203a0c82421,11,6
support-final-566f04144f931203a0c82421,12,6
support-final-566f04144f931203a0c82421,13,6
support-final-566f04144f931203a0c82421,14,6
support-final-566f04144f931203a0c82421,15,6
support-final-566f04144f931203a0c82421,16,6
support-final-566f04144f931203a0c82421,17,7
support-final-566f04144f931203a0c82421,18,7
support-final-566f04144f931203a0c82421,19,7
support-final-566f04144f931203a0c82421,20,7
support-final-566f04144f931203a0c82421,21,7
support-final-566f04144f931203a0c82421,22,7
support-final-566f04144f931203a0c82421,23,7
support-final-566f04144f931203a0c82421,24,7
support-final-566f04144f931203a0c82421,25,8
support-final-566f04144f931203a0c82421,26,8
support-final-566f04144f931203a0c82421,27,8
support-final-566f04144f931203a0c82421,28,9
support-final-566f04144f931203a0c82421,29,10
support-final-566f04144f931203a0c82421,30,11
support-final-05cfa98701d2fcbe5e68d958,0,0
support-final-05cfa98701d2fcbe5e68d958,1,1
support-final-05cfa98701d2fcbe5e68d958,2,2
support-final-05cfa98701d2fcbe5e68d958,3,3
support-final-05cfa98701d2fcbe5e68d958,4,3
support-final-05cfa98701d2fcbe5e68d958,5,4
support-final-05cfa98701d2fcbe5e68d958,6,4
support-final-05cfa98701d2fcbe5e68d958,7,4
support-final-05cfa98701d2fcbe5e68d958,8,4
support-final-05cfa98701d2fcbe5e68d958,9,5
support-final-05cfa98701d2fcbe5e68d958,10,5
support-final-05cfa98701d2fcbe5e68d958,11,5
support-final-05cfa98701d2fcbe5e68d958,12,6
support-final-05cfa98701d2fcbe5e68d958,13,6
support-final-05cfa98701d2fcbe5e68d958,14,6
support-final-05cfa98701d2fcbe5e68d958,15,6
support-final-05cfa98701d2fcbe5e68d958,16,7
support-final-05cfa98701d2fcbe5e68d958,17,8
support-final-05cfa98701d2fcbe5e68d958,18,8
support-final-05cfa98701d2fcbe5e68d958,19,8
support-final-05cfa98701d2fcbe5e68d958,20,8
support-final-05cfa98701d2fcbe5e68d958,21,8
support-final-05cfa98701d2fcbe5e68d958,22,8
support-final-05cfa98701d2fcbe5e68d958,23,8
support-final-05cfa98701d2fcbe5e68d958,24,9
support-final-05cfa98701d2fcbe5e68d958,25,9
support-final-05cfa98701d2fcbe5e68d958,26,10
support-final-05cfa98701d2fcbe5e68d958,27,10
support-final-05cfa98701d2fcbe5e68d958,28,10
support-final-05cfa98701d2fcbe5e68d958,29,11
support-final-05cfa98701d2fcbe5e68d958,30,11
support-final-4dd82f5179571f45a5688853,0,0
support-final-4dd82f5179571f45a5688853,1,1
support-final-4dd82f5179571f45a5688853,2,2
support-final-4dd82f5179571f45a5688853,3,3
support-final-4dd82f5179571f45a5688853,4,3
support-final-4dd82f5179571f45a5688853,5,3
support-final-4dd82f5179571f45a5688853,6,3
support-final-4dd82f5179571f45a5688853,7,3
support-final-4dd82f5179571f45a5688853,8,3
support-final-4dd82f5179571f45a5688853,9,3
support-final-4dd82f5179571f45a5688853,10,3
support-final-4dd82f5179571f45a5688853,11,4
support-final-4dd82f5179571f45a5688853,12,4
support-final-4dd82f5179571f45a5688853,13,4
support-final-4dd82f5179571f45a5688853,14,4
support-final-4dd82f5179571f45a5688853,15,4
support-final-4dd82f5179571f45a5688853,16,4
support-final-4dd82f5179571f45a5688853,17,4
support-final-4dd82f5179571f45a5688853,18,4
support-final-4dd82f5179571f45a5688853,19,4
support-final-4dd82f5179571f45a5688853,20,4
support-final-4dd82f5179571f45a5688853,21,4
support-final-4dd82f5179571f45a5688853,22,4
support-final-4dd82f5179571f45a5688853,23,4
support-final-4dd82f5179571f45a5688853,24,4
support-final-4dd82f5179571f45a5688853,25,4
support-final-4dd82f5179571f45a5688853,26,5
support-final-4dd82f5179571f45a5688853,27,5
support-final-4dd82f5179571f45a5688853,28,6
support-final-4dd82f5179571f45a5688853,29,7
support-final-4dd82f5179571f45a5688853,30,7
support-final-8b874c965de5452d77bb299c,0,0
support-final-8b874c965de5452d77bb299c,1,1
support-final-8b874c965de5452d77bb299c,2,2
support-final-8b874c965de5452d77bb299c,3,3
support-final-8b874c965de5452d77bb299c,4,4
support-final-8b874c965de5452d77bb299c,5,4
support-final-8b874c965de5452d77bb299c,6,4
support-final-8b874c965de5452d77bb299c,7,5
support-final-8b874c965de5452d77bb299c,8,5
support-final-8b874c965de5452d77bb299c,9,5
support-final-8b874c965de5452d77bb299c,10,5
support-final-8b874c965de5452d77bb299c,11,6
support-final-8b874c965de5452d77bb299c,12,6
support-final-8b874c965de5452d77bb299c,13,6
support-final-8b874c965de5452d77bb299c,14,6
support-final-8b874c965de5452d77bb299c,15,6
support-final-8b874c965de5452d77bb299c,16,7
support-final-8b874c965de5452d77bb299c,17,8
support-final-8b874c965de5452d77bb299c,18,8
support-final-8b874c965de5452d77bb299c,19,8
support-final-8b874c965de5452d77bb299c,20,8
support-final-8b874c965de5452d77bb299c,21,8
support-final-8b874c965de5452d77bb299c,22,8
support-final-8b874c965de5452d77bb299c,23,8
support-final-8b874c965de5452d77bb299c,24,8
support-final-8b874c965de5452d77bb299c,25,9
support-final-8b874c965de5452d77bb299c,26,10
support-final-8b874c965de5452d77bb299c,27,11
support-final-8b874c965de5452d77bb299c,28,12
support-final-8b874c965de5452d77bb299c,29,13
support-final-8b874c965de5452d77bb299c,30,13
support-final-21d6ade45aee31af2a38cb50,0,0
support-final-21d6ade45aee31af2a38cb50,1,0
support-final-21d6ade45aee31af2a38cb50,2,0
support-final-21d6ade45aee31af2a38cb50,3,0
support-final-21d6ade45aee31af2a38cb50,4,0
support-final-21d6ade45aee31af2a38cb50,5,0
support-final-21d6ade45aee31af2a38cb50,6,0
support-final-21d6ade45aee31af2a38cb50,7,0
support-final-21d6ade45aee31af2a38cb50,8,0
support-final-21d6ade45aee31af2a38cb50,9,0
support-final-21d6ade45aee31af2a38cb50,10,0
support-final-21d6ade45aee31af2a38cb50,11,0
support-final-21d6ade45aee31af2a38cb50,12,0
support-final-21d6ade45aee31af2a38cb50,13,0
support-final-21d6ade45aee31af2a38cb50,14,0
support-final-21d6ade45aee31af2a38cb50,15,0
support-final-21d6ade45aee31af2a38cb50,16,0
support-final-21d6ade45aee31af2a38cb50,17,0
support-final-21d6ade45aee31af2a38cb50,18,0
support-final-21d6ade45aee31af2a38cb50,19,0
support-final-21d6ade45aee31af2a38cb50,20,0
support-final-21d6ade45aee31af2a38cb50,21,0
support-final-21d6ade45aee31af2a38cb50,22,0
support-final-21d6ade45aee31af2a38cb50,23,0
support-final-21d6ade45aee31af2a38cb50,24,0
support-final-21d6ade45aee31af2a38cb50,25,0
support-final-21d6ade45aee31af2a38cb50,26,0
support-final-21d6ade45aee31af2a38cb50,27,0
support-final-21d6ade45aee31af2a38cb50,28,0
support-final-21d6ade45aee31af2a38cb50,29,0
support-final-21d6ade45aee31af2a38cb50,30,0
support-final-34494a0d5ea136f6e2102e6c,0,0
support-final-34494a0d5ea136f6e2102e6c,1,0
support-final-34494a0d5ea136f6e2102e6c,2,0
support-final-34494a0d5ea136f6e2102e6c,3,1
support-final-34494a0d5ea136f6e2102e6c,4,1
support-final-34494a0d5ea136f6e2102e6c,5,1
support-final-34494a0d5ea136f6e2102e6c,6,1
support-final-34494a0d5ea136f6e2102e6c,7,1
support-final-34494a0d5ea136f6e2102e6c,8,1
support-final-34494a0d5ea136f6e2102e6c,9,1
support-final-34494a0d5ea136f6e2102e6c,10,1
support-final-34494a0d5ea136f6e2102e6c,11,1
support-final-34494a0d5ea136f6e2102e6c,12,1
support-final-34494a0d5ea136f6e2102e6c,13,1
support-final-34494a0d5ea136f6e2102e6c,14,1
support-final-34494a0d5ea136f6e2102e6c,15,1
support-final-34494a0d5ea136f6e2102e6c,16,1
support-final-34494a0d5ea136f6e2102e6c,17,1
support-final-34494a0d5ea136f6e2102e6c,18,1
support-final-34494a0d5ea136f6e2102e6c,19,1
support-final-34494a0d5ea136f6e2102e6c,20,1
support-final-34494a0d5ea136f6e2102e6c,21,1
support-final-34494a0d5ea136f6e2102e6c,22,1
support-final-34494a0d5ea136f6e2102e6c,23,1
support-final-34494a0d5ea136f6e2102e6c,24,1
support-final-34494a0d5ea136f6e2102e6c,25,1
support-final-34494a0d5ea136f6e2102e6c,26,1
support-final-34494a0d5ea136f6e2102e6c,27,1
support-final-34494a0d5ea136f6e2102e6c,28,1
support-final-34494a0d5ea136f6e2102e6c,29,1
support-final-34494a0d5ea136f6e2102e6c,30,1
support-final-18424d30c7d88506d137b5f5,0,0
support-final-18424d30c7d88506d137b5f5,1,0
support-final-18424d30c7d88506d137b5f5,2,0
support-final-18424d30c7d88506d137b5f5,3,0
support-final-18424d30c7d88506d137b5f5,4,0
support-final-18424d30c7d88506d137b5f5,5,0
support-final-18424d30c7d88506d137b5f5,6,0
support-final-18424d30c7d88506d137b5f5,7,0
support-final-18424d30c7d88506d137b5f5,8,0
support-final-18424d30c7d88506d137b5f5,9,0
support-final-18424d30c7d88506d137b5f5,10,0
support-final-18424d30c7d88506d137b5f5,11,0
support-final-18424d30c7d88506d137b5f5,12,0
support-final-18424d30c7d88506d137b5f5,13,0
support-final-18424d30c7d88506d137b5f5,14,0
support-final-18424d30c7d88506d137b5f5,15,0
support-final-18424d30c7d88506d137b5f5,16,0
support-final-18424d30c7d88506d137b5f5,17,0
support-final-18424d30c7d88506d137b5f5,18,0
support-final-18424d30c7d88506d137b5f5,19,0
support-final-18424d30c7d88506d137b5f5,20,0
support-final-18424d30c7d88506d137b5f5,21,0
support-final-18424d30c7d88506d137b5f5,22,0
support-final-18424d30c7d88506d137b5f5,23,0
support-final-18424d30c7d88506d137b5f5,24,0
support-final-18424d30c7d88506d137b5f5,25,0
support-final-18424d30c7d88506d137b5f5,26,0
support-final-18424d30c7d88506d137b5f5,27,0
support-final-18424d30c7d88506d137b5f5,28,0
support-final-18424d30c7d88506d137b5f5,29,0
support-final-18424d30c7d88506d137b5f5,30,0
support-final-e8d03eb0dabf57731c59a732,0,0
support-final-e8d03eb0dabf57731c59a732,1,0
support-final-e8d03eb0dabf57731c59a732,2,0
support-final-e8d03eb0dabf57731c59a732,3,0
support-final-e8d03eb0dabf57731c59a732,4,0
support-final-e8d03eb0dabf57731c59a732,5,0
support-final-e8d03eb0dabf57731c59a732,6,0
support-final-e8d03eb0dabf57731c59a732,7,0
support-final-e8d03eb0dabf57731c59a732,8,0
support-final-e8d03eb0dabf57731c59a732,9,0
support-final-e8d03eb0dabf57731c59a732,10,0
support-final-e8d03eb0dabf57731c59a732,11,0
support-final-e8d03eb0dabf57731c59a732,12,0
support-final-e8d03eb0dabf57731c59a732,13,0
support-final-e8d03eb0dabf57731c59a732,14,0
support-final-e8d03eb0dabf57731c59a732,15,0
support-final-e8d03eb0dabf57731c59a732,16,0
support-final-e8d03eb0dabf57731c59a732,17,0
support-final-e8d03eb0dabf57731c59a732,18,0
support-final-e8d03eb0dabf57731c59a732,19,0
support-final-e8d03eb0dabf57731c59a732,20,0
support-final-e8d03eb0dabf57731c59a732,21,0
support-final-e8d03eb0dabf57731c59a732,22,0
support-final-e8d03eb0dabf57731c59a732,23,0
support-final-e8d03eb0dabf57731c59a732,24,0
support-final-e8d03eb0dabf57731c59a732,25,0
support-final-e8d03eb0dabf57731c59a732,26,0
support-final-e8d03eb0dabf57731c59a732,27,0
support-final-e8d03eb0dabf57731c59a732,28,0
support-final-e8d03eb0dabf57731c59a732,29,0
support-final-e8d03eb0dabf57731c59a732,30,0
support-final-3d3237d25edcb15baa1d20a4,0,0
support-final-3d3237d25edcb15baa1d20a4,1,0
support-final-3d3237d25edcb15baa1d20a4,2,0
support-final-3d3237d25edcb15baa1d20a4,3,0
support-final-3d3237d25edcb15baa1d20a4,4,0
support-final-3d3237d25edcb15baa1d20a4,5,0
support-final-3d3237d25edcb15baa1d20a4,6,0
support-final-3d3237d25edcb15baa1d20a4,7,0
support-final-3d3237d25edcb15baa1d20a4,8,0
support-final-3d3237d25edcb15baa1d20a4,9,0
support-final-3d3237d25edcb15baa1d20a4,10,0
support-final-3d3237d25edcb15baa1d20a4,11,0
support-final-3d3237d25edcb15baa1d20a4,12,0
support-final-3d3237d25edcb15baa1d20a4,13,0
support-final-3d3237d25edcb15baa1d20a4,14,0
support-final-3d3237d25edcb15baa1d20a4,15,0
support-final-3d3237d25edcb15baa1d20a4,16,0
support-final-3d3237d25edcb15baa1d20a4,17,0
support-final-3d3237d25edcb15baa1d20a4,18,0
support-final-3d3237d25edcb15baa1d20a4,19,0
support-final-3d3237d25edcb15baa1d20a4,20,0
support-final-3d3237d25edcb15baa1d20a4,21,0
support-final-3d3237d25edcb15baa1d20a4,22,0
support-final-3d3237d25edcb15baa1d20a4,23,0
support-final-3d3237d25edcb15baa1d20a4,24,0
support-final-3d3237d25edcb15baa1d20a4,25,0
support-final-3d3237d25edcb15baa1d20a4,26,0
support-final-3d3237d25edcb15baa1d20a4,27,0
support-final-3d3237d25edcb15baa1d20a4,28,0
support-final-3d3237d25edcb15baa1d20a4,29,0
support-final-3d3237d25edcb15baa1d20a4,30,0
support-final-86fb778d1877cc33442aedc4,0,0
support-final-86fb778d1877cc33442aedc4,1,0
support-final-86fb778d1877cc33442aedc4,2,0
support-final-86fb778d1877cc33442aedc4,3,0
support-final-86fb778d1877cc33442aedc4,4,0
support-final-86fb778d1877cc33442aedc4,5,0
support-final-86fb778d1877cc33442aedc4,6,0
support-final-86fb778d1877cc33442aedc4,7,0
support-final-86fb778d1877cc33442aedc4,8,0
support-final-86fb778d1877cc33442aedc4,9,0
support-final-86fb778d1877cc33442aedc4,10,0
support-final-86fb778d1877cc33442aedc4,11,0
support-final-86fb778d1877cc33442aedc4,12,0
support-final-86fb778d1877cc33442aedc4,13,0
support-final-86fb778d1877cc33442aedc4,14,0
support-final-86fb778d1877cc33442aedc4,15,1
support-final-86fb778d1877cc33442aedc4,16,2
support-final-86fb778d1877cc33442aedc4,17,3
support-final-86fb778d1877cc33442aedc4,18,4
support-final-86fb778d1877cc33442aedc4,19,5
support-final-86fb778d1877cc33442aedc4,20,5
support-final-86fb778d1877cc33442aedc4,21,5
support-final-86fb778d1877cc33442aedc4,22,6
support-final-86fb778d1877cc33442aedc4,23,6
support-final-86fb778d1877cc33442aedc4,24,7
support-final-86fb778d1877cc33442aedc4,25,8
support-final-86fb778d1877cc33442aedc4,26,9
support-final-86fb778d1877cc33442aedc4,27,9
support-final-86fb778d1877cc33442aedc4,28,9
support-final-86fb778d1877cc33442aedc4,29,10
support-final-86fb778d1877cc33442aedc4,30,11
support-final-8e81069a46eead189f505b5f,0,0
support-final-8e81069a46eead189f505b5f,1,0
support-final-8e81069a46eead189f505b5f,2,1
support-final-8e81069a46eead189f505b5f,3,1
support-final-8e81069a46eead189f505b5f,4,1
support-final-8e81069a46eead189f505b5f,5,1
support-final-8e81069a46eead189f505b5f,6,2
support-final-8e81069a46eead189f505b5f,7,3
support-final-8e81069a46eead189f505b5f,8,4
support-final-8e81069a46eead189f505b5f,9,5
support-final-8e81069a46eead189f505b5f,10,5
support-final-8e81069a46eead189f505b5f,11,5
support-final-8e81069a46eead189f505b5f,12,5
support-final-8e81069a46eead189f505b5f,13,5
support-final-8e81069a46eead189f505b5f,14,5
support-final-8e81069a46eead189f505b5f,15,5
support-final-8e81069a46eead189f505b5f,16,5
support-final-8e81069a46eead189f505b5f,17,5
support-final-8e81069a46eead189f505b5f,18,5
support-final-8e81069a46eead189f505b5f,19,5
support-final-8e81069a46eead189f505b5f,20,5
support-final-8e81069a46eead189f505b5f,21,5
support-final-8e81069a46eead189f505b5f,22,5
support-final-8e81069a46eead189f505b5f,23,5
support-final-8e81069a46eead189f505b5f,24,5
support-final-8e81069a46eead189f505b5f,25,5
support-final-8e81069a46eead189f505b5f,26,5
support-final-8e81069a46eead189f505b5f,27,5
support-final-8e81069a46eead189f505b5f,28,5
support-final-8e81069a46eead189f505b5f,29,5
support-final-8e81069a46eead189f505b5f,30,5
support-final-60a62866bf59ae33871642c5,0,0
support-final-60a62866bf59ae33871642c5,1,0
support-final-60a62866bf59ae33871642c5,2,0
support-final-60a62866bf59ae33871642c5,3,0
support-final-60a62866bf59ae33871642c5,4,0
support-final-60a62866bf59ae33871642c5,5,0
support-final-60a62866bf59ae33871642c5,6,0
support-final-60a62866bf59ae33871642c5,7,0
support-final-60a62866bf59ae33871642c5,8,0
support-final-60a62866bf59ae33871642c5,9,0
support-final-60a62866bf59ae33871642c5,10,0
support-final-60a62866bf59ae33871642c5,11,0
support-final-60a62866bf59ae33871642c5,12,0
support-final-60a62866bf59ae33871642c5,13,0
support-final-60a62866bf59ae33871642c5,14,0
support-final-60a62866bf59ae33871642c5,15,0
support-final-60a62866bf59ae33871642c5,16,0
support-final-60a62866bf59ae33871642c5,17,0
support-final-60a62866bf59ae33871642c5,18,0
support-final-60a62866bf59ae33871642c5,19,0
support-final-60a62866bf59ae33871642c5,20,0
support-final-60a62866bf59ae33871642c5,21,0
support-final-60a62866bf59ae33871642c5,22,0
support-final-60a62866bf59ae33871642c5,23,0
support-final-60a62866bf59ae33871642c5,24,0
support-final-60a62866bf59ae33871642c5,25,0
support-final-60a62866bf59ae33871642c5,26,1
support-final-60a62866bf59ae33871642c5,27,1
support-final-60a62866bf59ae33871642c5,28,1
support-final-60a62866bf59ae33871642c5,29,1
support-final-60a62866bf59ae33871642c5,30,1
support-final-42f85d834d7d5530e3c03062,0,0
support-final-42f85d834d7d5530e3c03062,1,0
support-final-42f85d834d7d5530e3c03062,2,0
support-final-42f85d834d7d5530e3c03062,3,0
support-final-42f85d834d7d5530e3c03062,4,0
support-final-42f85d834d7d5530e3c03062,5,0
support-final-42f85d834d7d5530e3c03062,6,0
support-final-42f85d834d7d5530e3c03062,7,0
support-final-42f85d834d7d5530e3c03062,8,0
support-final-42f85d834d7d5530e3c03062,9,0
support-final-42f85d834d7d5530e3c03062,10,0
support-final-42f85d834d7d5530e3c03062,11,0
support-final-42f85d834d7d5530e3c03062,12,0
support-final-42f85d834d7d5530e3c03062,13,0
support-final-42f85d834d7d5530e3c03062,14,0
support-final-42f85d834d7d5530e3c03062,15,0
support-final-42f85d834d7d5530e3c03062,16,0
support-final-42f85d834d7d5530e3c03062,17,0
support-final-42f85d834d7d5530e3c03062,18,0
support-final-42f85d834d7d5530e3c03062,19,0
support-final-42f85d834d7d5530e3c03062,20,0
support-final-42f85d834d7d5530e3c03062,21,0
support-final-42f85d834d7d5530e3c03062,22,0
support-final-42f85d834d7d5530e3c03062,23,0
support-final-42f85d834d7d5530e3c03062,24,0
support-final-42f85d834d7d5530e3c03062,25,0
support-final-42f85d834d7d5530e3c03062,26,0
support-final-42f85d834d7d5530e3c03062,27,0
support-final-42f85d834d7d5530e3c03062,28,0
support-final-42f85d834d7d5530e3c03062,29,0
support-final-42f85d834d7d5530e3c03062,30,0
support-final-053f7134c1e5819130fb6fbe,0,0
support-final-053f7134c1e5819130fb6fbe,1,0
support-final-053f7134c1e5819130fb6fbe,2,0
support-final-053f7134c1e5819130fb6fbe,3,0
support-final-053f7134c1e5819130fb6fbe,4,0
support-final-053f7134c1e5819130fb6fbe,5,0
support-final-053f7134c1e5819130fb6fbe,6,0
support-final-053f7134c1e5819130fb6fbe,7,0
support-final-053f7134c1e5819130fb6fbe,8,0
support-final-053f7134c1e5819130fb6fbe,9,0
support-final-053f7134c1e5819130fb6fbe,10,0
support-final-053f7134c1e5819130fb6fbe,11,0
support-final-053f7134c1e5819130fb6fbe,12,0
support-final-053f7134c1e5819130fb6fbe,13,0
support-final-053f7134c1e5819130fb6fbe,14,0
support-final-053f7134c1e5819130fb6fbe,15,0
support-final-053f7134c1e5819130fb6fbe,16,0
support-final-053f7134c1e5819130fb6fbe,17,0
support-final-053f7134c1e5819130fb6fbe,18,0
support-final-053f7134c1e5819130fb6fbe,19,0
support-final-053f7134c1e5819130fb6fbe,20,0
support-final-053f7134c1e5819130fb6fbe,21,0
support-final-053f7134c1e5819130fb6fbe,22,0
support-final-053f7134c1e5819130fb6fbe,23,0
support-final-053f7134c1e5819130fb6fbe,24,0
support-final-053f7134c1e5819130fb6fbe,25,0
support-final-053f7134c1e5819130fb6fbe,26,0
support-final-053f7134c1e5819130fb6fbe,27,0
support-final-053f7134c1e5819130fb6fbe,28,0
support-final-053f7134c1e5819130fb6fbe,29,0
support-final-053f7134c1e5819130fb6fbe,30,0
support-final-582f7fd131ebe23015e46b03,0,0
support-final-582f7fd131ebe23015e46b03,1,0
support-final-582f7fd131ebe23015e46b03,2,0
support-final-582f7fd131ebe23015e46b03,3,0
support-final-582f7fd131ebe23015e46b03,4,1
support-final-582f7fd131ebe23015e46b03,5,1
support-final-582f7fd131ebe23015e46b03,6,1
support-final-582f7fd131ebe23015e46b03,7,1
support-final-582f7fd131ebe23015e46b03,8,2
support-final-582f7fd131ebe23015e46b03,9,2
support-final-582f7fd131ebe23015e46b03,10,2
support-final-582f7fd131ebe23015e46b03,11,2
support-final-582f7fd131ebe23015e46b03,12,3
support-final-582f7fd131ebe23015e46b03,13,4
support-final-582f7fd131ebe23015e46b03,14,5
support-final-582f7fd131ebe23015e46b03,15,6
support-final-582f7fd131ebe23015e46b03,16,7
support-final-582f7fd131ebe23015e46b03,17,8
support-final-582f7fd131ebe23015e46b03,18,9
support-final-582f7fd131ebe23015e46b03,19,9
support-final-582f7fd131ebe23015e46b03,20,9
support-final-582f7fd131ebe23015e46b03,21,10
support-final-582f7fd131ebe23015e46b03,22,11
support-final-582f7fd131ebe23015e46b03,23,11
support-final-582f7fd131ebe23015e46b03,24,12
support-final-582f7fd131ebe23015e46b03,25,13
support-final-582f7fd131ebe23015e46b03,26,13
support-final-582f7fd131ebe23015e46b03,27,13
support-final-582f7fd131ebe23015e46b03,28,13
support-final-582f7fd131ebe23015e46b03,29,13
support-final-582f7fd131ebe23015e46b03,30,14
support-final-ffcf280bd9e40991c5ac88ce,0,0
support-final-ffcf280bd9e40991c5ac88ce,1,0
support-final-ffcf280bd9e40991c5ac88ce,2,0
support-final-ffcf280bd9e40991c5ac88ce,3,0
support-final-ffcf280bd9e40991c5ac88ce,4,0
support-final-ffcf280bd9e40991c5ac88ce,5,0
support-final-ffcf280bd9e40991c5ac88ce,6,0
support-final-ffcf280bd9e40991c5ac88ce,7,0
support-final-ffcf280bd9e40991c5ac88ce,8,0
support-final-ffcf280bd9e40991c5ac88ce,9,0
support-final-ffcf280bd9e40991c5ac88ce,10,0
support-final-ffcf280bd9e40991c5ac88ce,11,0
support-final-ffcf280bd9e40991c5ac88ce,12,0
support-final-ffcf280bd9e40991c5ac88ce,13,0
support-final-ffcf280bd9e40991c5ac88ce,14,0
support-final-ffcf280bd9e40991c5ac88ce,15,0
support-final-ffcf280bd9e40991c5ac88ce,16,0
support-final-ffcf280bd9e40991c5ac88ce,17,0
support-final-ffcf280bd9e40991c5ac88ce,18,0
support-final-ffcf280bd9e40991c5ac88ce,19,0
support-final-ffcf280bd9e40991c5ac88ce,20,0
support-final-ffcf280bd9e40991c5ac88ce,21,0
support-final-ffcf280bd9e40991c5ac88ce,22,0
support-final-ffcf280bd9e40991c5ac88ce,23,0
support-final-ffcf280bd9e40991c5ac88ce,24,1
support-final-ffcf280bd9e40991c5ac88ce,25,1
support-final-ffcf280bd9e40991c5ac88ce,26,1
support-final-ffcf280bd9e40991c5ac88ce,27,1
support-final-ffcf280bd9e40991c5ac88ce,28,1
support-final-ffcf280bd9e40991c5ac88ce,29,1
support-final-ffcf280bd9e40991c5ac88ce,30,1
support-final-0edc5a7222ac5d4060ac63a6,0,0
support-final-0edc5a7222ac5d4060ac63a6,1,0
support-final-0edc5a7222ac5d4060ac63a6,2,0
support-final-0edc5a7222ac5d4060ac63a6,3,0
support-final-0edc5a7222ac5d4060ac63a6,4,0
support-final-0edc5a7222ac5d4060ac63a6,5,0
support-final-0edc5a7222ac5d4060ac63a6,6,0
support-final-0edc5a7222ac5d4060ac63a6,7,0
support-final-0edc5a7222ac5d4060ac63a6,8,0
support-final-0edc5a7222ac5d4060ac63a6,9,0
support-final-0edc5a7222ac5d4060ac63a6,10,0
support-final-0edc5a7222ac5d4060ac63a6,11,0
support-final-0edc5a7222ac5d4060ac63a6,12,0
support-final-0edc5a7222ac5d4060ac63a6,13,0
support-final-0edc5a7222ac5d4060ac63a6,14,0
support-final-0edc5a7222ac5d4060ac63a6,15,0
support-final-0edc5a7222ac5d4060ac63a6,16,0
support-final-0edc5a7222ac5d4060ac63a6,17,0
support-final-0edc5a7222ac5d4060ac63a6,18,0
support-final-0edc5a7222ac5d4060ac63a6,19,0
support-final-0edc5a7222ac5d4060ac63a6,20,0
support-final-0edc5a7222ac5d4060ac63a6,21,0
support-final-0edc5a7222ac5d4060ac63a6,22,0
support-final-0edc5a7222ac5d4060ac63a6,23,0
support-final-0edc5a7222ac5d4060ac63a6,24,0
support-final-0edc5a7222ac5d4060ac63a6,25,0
support-final-0edc5a7222ac5d4060ac63a6,26,0
support-final-0edc5a7222ac5d4060ac63a6,27,0
support-final-0edc5a7222ac5d4060ac63a6,28,0
support-final-0edc5a7222ac5d4060ac63a6,29,0
support-final-0edc5a7222ac5d4060ac63a6,30,0
support-final-c1f73c3fc46ff359a340898e,0,0
support-final-c1f73c3fc46ff359a340898e,1,0
support-final-c1f73c3fc46ff359a340898e,2,0
support-final-c1f73c3fc46ff359a340898e,3,0
support-final-c1f73c3fc46ff359a340898e,4,0
support-final-c1f73c3fc46ff359a340898e,5,0
support-final-c1f73c3fc46ff359a340898e,6,0
support-final-c1f73c3fc46ff359a340898e,7,0
support-final-c1f73c3fc46ff359a340898e,8,0
support-final-c1f73c3fc46ff359a340898e,9,0
support-final-c1f73c3fc46ff359a340898e,10,0
support-final-c1f73c3fc46ff359a340898e,11,0
support-final-c1f73c3fc46ff359a340898e,12,0
support-final-c1f73c3fc46ff359a340898e,13,0
support-final-c1f73c3fc46ff359a340898e,14,0
support-final-c1f73c3fc46ff359a340898e,15,0
support-final-c1f73c3fc46ff359a340898e,16,0
support-final-c1f73c3fc46ff359a340898e,17,0
support-final-c1f73c3fc46ff359a340898e,18,0
support-final-c1f73c3fc46ff359a340898e,19,0
support-final-c1f73c3fc46ff359a340898e,20,0
support-final-c1f73c3fc46ff359a340898e,21,0
support-final-c1f73c3fc46ff359a340898e,22,0
support-final-c1f73c3fc46ff359a340898e,23,0
support-final-c1f73c3fc46ff359a340898e,24,1
support-final-c1f73c3fc46ff359a340898e,25,1
support-final-c1f73c3fc46ff359a340898e,26,1
support-final-c1f73c3fc46ff359a340898e,27,1
support-final-c1f73c3fc46ff359a340898e,28,1
support-final-c1f73c3fc46ff359a340898e,29,1
support-final-c1f73c3fc46ff359a340898e,30,1
support-final-3372ea942fab24b652d97438,0,0
support-final-3372ea942fab24b652d97438,1,0
support-final-3372ea942fab24b652d97438,2,0
support-final-3372ea942fab24b652d97438,3,0
support-final-3372ea942fab24b652d97438,4,0
support-final-3372ea942fab24b652d97438,5,0
support-final-3372ea942fab24b652d97438,6,0
support-final-3372ea942fab24b652d97438,7,0
support-final-3372ea942fab24b652d97438,8,0
support-final-3372ea942fab24b652d97438,9,0
support-final-3372ea942fab24b652d97438,10,0
support-final-3372ea942fab24b652d97438,11,0
support-final-3372ea942fab24b652d97438,12,0
support-final-3372ea942fab24b652d97438,13,0
support-final-3372ea942fab24b652d97438,14,0
support-final-3372ea942fab24b652d97438,15,0
support-final-3372ea942fab24b652d97438,16,0
support-final-3372ea942fab24b652d97438,17,0
support-final-3372ea942fab24b652d97438,18,0
support-final-3372ea942fab24b652d97438,19,0
support-final-3372ea942fab24b652d97438,20,0
support-final-3372ea942fab24b652d97438,21,0
support-final-3372ea942fab24b652d97438,22,0
support-final-3372ea942fab24b652d97438,23,0
support-final-3372ea942fab24b652d97438,24,0
support-final-3372ea942fab24b652d97438,25,0
support-final-3372ea942fab24b652d97438,26,0
support-final-3372ea942fab24b652d97438,27,0
support-final-3372ea942fab24b652d97438,28,0
support-final-3372ea942fab24b652d97438,29,0
support-final-3372ea942fab24b652d97438,30,0
support-final-6f6bf43102950e6113df5465,0,0
support-final-6f6bf43102950e6113df5465,1,1
support-final-6f6bf43102950e6113df5465,2,2
support-final-6f6bf43102950e6113df5465,3,2
support-final-6f6bf43102950e6113df5465,4,2
support-final-6f6bf43102950e6113df5465,5,2
support-final-6f6bf43102950e6113df5465,6,2
support-final-6f6bf43102950e6113df5465,7,2
support-final-6f6bf43102950e6113df5465,8,2
support-final-6f6bf43102950e6113df5465,9,2
support-final-6f6bf43102950e6113df5465,10,2
support-final-6f6bf43102950e6113df5465,11,2
support-final-6f6bf43102950e6113df5465,12,2
support-final-6f6bf43102950e6113df5465,13,2
support-final-6f6bf43102950e6113df5465,14,2
support-final-6f6bf43102950e6113df5465,15,2
support-final-6f6bf43102950e6113df5465,16,2
support-final-6f6bf43102950e6113df5465,17,2
support-final-6f6bf43102950e6113df5465,18,2
support-final-6f6bf43102950e6113df5465,19,2
support-final-6f6bf43102950e6113df5465,20,2
support-final-6f6bf43102950e6113df5465,21,2
support-final-6f6bf43102950e6113df5465,22,2
support-final-6f6bf43102950e6113df5465,23,2
support-final-6f6bf43102950e6113df5465,24,2
support-final-6f6bf43102950e6113df5465,25,2
support-final-6f6bf43102950e6113df5465,26,2
support-final-6f6bf43102950e6113df5465,27,2
support-final-6f6bf43102950e6113df5465,28,2
support-final-6f6bf43102950e6113df5465,29,2
support-final-6f6bf43102950e6113df5465,30,2
support-final-093c5625c3e87043b72119e6,0,0
support-final-093c5625c3e87043b72119e6,1,0
support-final-093c5625c3e87043b72119e6,2,1
support-final-093c5625c3e87043b72119e6,3,1
support-final-093c5625c3e87043b72119e6,4,2
support-final-093c5625c3e87043b72119e6,5,2
support-final-093c5625c3e87043b72119e6,6,2
support-final-093c5625c3e87043b72119e6,7,2
support-final-093c5625c3e87043b72119e6,8,2
support-final-093c5625c3e87043b72119e6,9,3
support-final-093c5625c3e87043b72119e6,10,3
support-final-093c5625c3e87043b72119e6,11,3
support-final-093c5625c3e87043b72119e6,12,3
support-final-093c5625c3e87043b72119e6,13,4
support-final-093c5625c3e87043b72119e6,14,5
support-final-093c5625c3e87043b72119e6,15,5
support-final-093c5625c3e87043b72119e6,16,5
support-final-093c5625c3e87043b72119e6,17,5
support-final-093c5625c3e87043b72119e6,18,5
support-final-093c5625c3e87043b72119e6,19,5
support-final-093c5625c3e87043b72119e6,20,6
support-final-093c5625c3e87043b72119e6,21,6
support-final-093c5625c3e87043b72119e6,22,6
support-final-093c5625c3e87043b72119e6,23,6
support-final-093c5625c3e87043b72119e6,24,6
support-final-093c5625c3e87043b72119e6,25,6
support-final-093c5625c3e87043b72119e6,26,7
support-final-093c5625c3e87043b72119e6,27,7
support-final-093c5625c3e87043b72119e6,28,7
support-final-093c5625c3e87043b72119e6,29,7
support-final-093c5625c3e87043b72119e6,30,7
support-final-e5c75e46faac16efec0d9603,0,0
support-final-e5c75e46faac16efec0d9603,1,0
support-final-e5c75e46faac16efec0d9603,2,0
support-final-e5c75e46faac16efec0d9603,3,0
support-final-e5c75e46faac16efec0d9603,4,0
support-final-e5c75e46faac16efec0d9603,5,0
support-final-e5c75e46faac16efec0d9603,6,0
support-final-e5c75e46faac16efec0d9603,7,0
support-final-e5c75e46faac16efec0d9603,8,0
support-final-e5c75e46faac16efec0d9603,9,0
support-final-e5c75e46faac16efec0d9603,10,0
support-final-e5c75e46faac16efec0d9603,11,0
support-final-e5c75e46faac16efec0d9603,12,0
support-final-e5c75e46faac16efec0d9603,13,0
support-final-e5c75e46faac16efec0d9603,14,0
support-final-e5c75e46faac16efec0d9603,15,0
support-final-e5c75e46faac16efec0d9603,16,0
support-final-e5c75e46faac16efec0d9603,17,0
support-final-e5c75e46faac16efec0d9603,18,0
support-final-e5c75e46faac16efec0d9603,19,0
support-final-e5c75e46faac16efec0d9603,20,0
support-final-e5c75e46faac16efec0d9603,21,0
support-final-e5c75e46faac16efec0d9603,22,0
support-final-e5c75e46faac16efec0d9603,23,0
support-final-e5c75e46faac16efec0d9603,24,0
support-final-e5c75e46faac16efec0d9603,25,0
support-final-e5c75e46faac16efec0d9603,26,0
support-final-e5c75e46faac16efec0d9603,27,0
support-final-e5c75e46faac16efec0d9603,28,0
support-final-e5c75e46faac16efec0d9603,29,0
support-final-e5c75e46faac16efec0d9603,30,0
support-final-8130cbca1eeb3a047425f03a,0,0
support-final-8130cbca1eeb3a047425f03a,1,0
support-final-8130cbca1eeb3a047425f03a,2,0
support-final-8130cbca1eeb3a047425f03a,3,0
support-final-8130cbca1eeb3a047425f03a,4,0
support-final-8130cbca1eeb3a047425f03a,5,0
support-final-8130cbca1eeb3a047425f03a,6,0
support-final-8130cbca1eeb3a047425f03a,7,0
support-final-8130cbca1eeb3a047425f03a,8,0
support-final-8130cbca1eeb3a047425f03a,9,0
support-final-8130cbca1eeb3a047425f03a,10,0
support-final-8130cbca1eeb3a047425f03a,11,0
support-final-8130cbca1eeb3a047425f03a,12,0
support-final-8130cbca1eeb3a047425f03a,13,0
support-final-8130cbca1eeb3a047425f03a,14,0
support-final-8130cbca1eeb3a047425f03a,15,0
support-final-8130cbca1eeb3a047425f03a,16,0
support-final-8130cbca1eeb3a047425f03a,17,0
support-final-8130cbca1eeb3a047425f03a,18,0
support-final-8130cbca1eeb3a047425f03a,19,0
support-final-8130cbca1eeb3a047425f03a,20,0
support-final-8130cbca1eeb3a047425f03a,21,0
support-final-8130cbca1eeb3a047425f03a,22,0
support-final-8130cbca1eeb3a047425f03a,23,0
support-final-8130cbca1eeb3a047425f03a,24,0
support-final-8130cbca1eeb3a047425f03a,25,0
support-final-8130cbca1eeb3a047425f03a,26,0
support-final-8130cbca1eeb3a047425f03a,27,0
support-final-8130cbca1eeb3a047425f03a,28,0
support-final-8130cbca1eeb3a047425f03a,29,0
support-final-8130cbca1eeb3a047425f03a,30,0
support-final-e64c291842cf6be6d5e58866,0,0
support-final-e64c291842cf6be6d5e58866,1,0
support-final-e64c291842cf6be6d5e58866,2,0
support-final-e64c291842cf6be6d5e58866,3,0
support-final-e64c291842cf6be6d5e58866,4,0
support-final-e64c291842cf6be6d5e58866,5,0
support-final-e64c291842cf6be6d5e58866,6,0
support-final-e64c291842cf6be6d5e58866,7,0
support-final-e64c291842cf6be6d5e58866,8,0
support-final-e64c291842cf6be6d5e58866,9,0
support-final-e64c291842cf6be6d5e58866,10,0
support-final-e64c291842cf6be6d5e58866,11,0
support-final-e64c291842cf6be6d5e58866,12,0
support-final-e64c291842cf6be6d5e58866,13,0
support-final-e64c291842cf6be6d5e58866,14,0
support-final-e64c291842cf6be6d5e58866,15,0
support-final-e64c291842cf6be6d5e58866,16,0
support-final-e64c291842cf6be6d5e58866,17,0
support-final-e64c291842cf6be6d5e58866,18,0
support-final-e64c291842cf6be6d5e58866,19,0
support-final-e64c291842cf6be6d5e58866,20,0
support-final-e64c291842cf6be6d5e58866,21,0
support-final-e64c291842cf6be6d5e58866,22,0
support-final-e64c291842cf6be6d5e58866,23,0
support-final-e64c291842cf6be6d5e58866,24,0
support-final-e64c291842cf6be6d5e58866,25,0
support-final-e64c291842cf6be6d5e58866,26,0
support-final-e64c291842cf6be6d5e58866,27,0
support-final-e64c291842cf6be6d5e58866,28,0
support-final-e64c291842cf6be6d5e58866,29,0
support-final-e64c291842cf6be6d5e58866,30,0
support-final-0d3a594e05926e684a74be3f,0,0
support-final-0d3a594e05926e684a74be3f,1,1
support-final-0d3a594e05926e684a74be3f,2,1
support-final-0d3a594e05926e684a74be3f,3,2
support-final-0d3a594e05926e684a74be3f,4,3
support-final-0d3a594e05926e684a74be3f,5,3
support-final-0d3a594e05926e684a74be3f,6,3
support-final-0d3a594e05926e684a74be3f,7,3
support-final-0d3a594e05926e684a74be3f,8,4
support-final-0d3a594e05926e684a74be3f,9,4
support-final-0d3a594e05926e684a74be3f,10,4
support-final-0d3a594e05926e684a74be3f,11,4
support-final-0d3a594e05926e684a74be3f,12,4
support-final-0d3a594e05926e684a74be3f,13,4
support-final-0d3a594e05926e684a74be3f,14,4
support-final-0d3a594e05926e684a74be3f,15,4
support-final-0d3a594e05926e684a74be3f,16,4
support-final-0d3a594e05926e684a74be3f,17,5
support-final-0d3a594e05926e684a74be3f,18,5
support-final-0d3a594e05926e684a74be3f,19,6
support-final-0d3a594e05926e684a74be3f,20,7
support-final-0d3a594e05926e684a74be3f,21,7
support-final-0d3a594e05926e684a74be3f,22,7
support-final-0d3a594e05926e684a74be3f,23,8
support-final-0d3a594e05926e684a74be3f,24,9
support-final-0d3a594e05926e684a74be3f,25,10
support-final-0d3a594e05926e684a74be3f,26,11
support-final-0d3a594e05926e684a74be3f,27,11
support-final-0d3a594e05926e684a74be3f,28,12
support-final-0d3a594e05926e684a74be3f,29,13
support-final-0d3a594e05926e684a74be3f,30,13
support-final-97b0306affc3f96d6e361515,0,0
support-final-97b0306affc3f96d6e361515,1,0
support-final-97b0306affc3f96d6e361515,2,0
support-final-97b0306affc3f96d6e361515,3,0
support-final-97b0306affc3f96d6e361515,4,1
support-final-97b0306affc3f96d6e361515,5,1
support-final-97b0306affc3f96d6e361515,6,1
support-final-97b0306affc3f96d6e361515,7,1
support-final-97b0306affc3f96d6e361515,8,1
support-final-97b0306affc3f96d6e361515,9,1
support-final-97b0306affc3f96d6e361515,10,1
support-final-97b0306affc3f96d6e361515,11,1
support-final-97b0306affc3f96d6e361515,12,1
support-final-97b0306affc3f96d6e361515,13,1
support-final-97b0306affc3f96d6e361515,14,1
support-final-97b0306affc3f96d6e361515,15,1
support-final-97b0306affc3f96d6e361515,16,1
support-final-97b0306affc3f96d6e361515,17,2
support-final-97b0306affc3f96d6e361515,18,2
support-final-97b0306affc3f96d6e361515,19,2
support-final-97b0306affc3f96d6e361515,20,2
support-final-97b0306affc3f96d6e361515,21,2
support-final-97b0306affc3f96d6e361515,22,2
support-final-97b0306affc3f96d6e361515,23,2
support-final-97b0306affc3f96d6e361515,24,2
support-final-97b0306affc3f96d6e361515,25,3
support-final-97b0306affc3f96d6e361515,26,3
support-final-97b0306affc3f96d6e361515,27,3
support-final-97b0306affc3f96d6e361515,28,3
support-final-97b0306affc3f96d6e361515,29,3
support-final-97b0306affc3f96d6e361515,30,3
support-final-6504232ab79f73adf70cd5e7,0,0
support-final-6504232ab79f73adf70cd5e7,1,0
support-final-6504232ab79f73adf70cd5e7,2,0
support-final-6504232ab79f73adf70cd5e7,3,0
support-final-6504232ab79f73adf70cd5e7,4,0
support-final-6504232ab79f73adf70cd5e7,5,0
support-final-6504232ab79f73adf70cd5e7,6,0
support-final-6504232ab79f73adf70cd5e7,7,0
support-final-6504232ab79f73adf70cd5e7,8,0
support-final-6504232ab79f73adf70cd5e7,9,0
support-final-6504232ab79f73adf70cd5e7,10,0
support-final-6504232ab79f73adf70cd5e7,11,0
support-final-6504232ab79f73adf70cd5e7,12,0
support-final-6504232ab79f73adf70cd5e7,13,0
support-final-6504232ab79f73adf70cd5e7,14,0
support-final-6504232ab79f73adf70cd5e7,15,0
support-final-6504232ab79f73adf70cd5e7,16,0
support-final-6504232ab79f73adf70cd5e7,17,0
support-final-6504232ab79f73adf70cd5e7,18,0
support-final-6504232ab79f73adf70cd5e7,19,0
support-final-6504232ab79f73adf70cd5e7,20,0
support-final-6504232ab79f73adf70cd5e7,21,0
support-final-6504232ab79f73adf70cd5e7,22,0
support-final-6504232ab79f73adf70cd5e7,23,0
support-final-6504232ab79f73adf70cd5e7,24,0
support-final-6504232ab79f73adf70cd5e7,25,0
support-final-6504232ab79f73adf70cd5e7,26,0
support-final-6504232ab79f73adf70cd5e7,27,0
support-final-6504232ab79f73adf70cd5e7,28,0
support-final-6504232ab79f73adf70cd5e7,29,0
support-final-6504232ab79f73adf70cd5e7,30,0
support-final-a2cb4510fc2fe225242290df,0,0
support-final-a2cb4510fc2fe225242290df,1,0
support-final-a2cb4510fc2fe225242290df,2,0
support-final-a2cb4510fc2fe225242290df,3,0
support-final-a2cb4510fc2fe225242290df,4,0
support-final-a2cb4510fc2fe225242290df,5,0
support-final-a2cb4510fc2fe225242290df,6,0
support-final-a2cb4510fc2fe225242290df,7,0
support-final-a2cb4510fc2fe225242290df,8,0
support-final-a2cb4510fc2fe225242290df,9,0
support-final-a2cb4510fc2fe225242290df,10,0
support-final-a2cb4510fc2fe225242290df,11,0
support-final-a2cb4510fc2fe225242290df,12,0
support-final-a2cb4510fc2fe225242290df,13,0
support-final-a2cb4510fc2fe225242290df,14,0
support-final-a2cb4510fc2fe225242290df,15,0
support-final-a2cb4510fc2fe225242290df,16,0
support-final-a2cb4510fc2fe225242290df,17,0
support-final-a2cb4510fc2fe225242290df,18,0
support-final-a2cb4510fc2fe225242290df,19,0
support-final-a2cb4510fc2fe225242290df,20,0
support-final-a2cb4510fc2fe225242290df,21,0
support-final-a2cb4510fc2fe225242290df,22,0
support-final-a2cb4510fc2fe225242290df,23,0
support-final-a2cb4510fc2fe225242290df,24,0
support-final-a2cb4510fc2fe225242290df,25,0
support-final-a2cb4510fc2fe225242290df,26,0
support-final-a2cb4510fc2fe225242290df,27,0
support-final-a2cb4510fc2fe225242290df,28,0
support-final-a2cb4510fc2fe225242290df,29,0
support-final-a2cb4510fc2fe225242290df,30,0
support-final-f141e73e67a40febcf79bb7c,0,0
support-final-f141e73e67a40febcf79bb7c,1,0
support-final-f141e73e67a40febcf79bb7c,2,0
support-final-f141e73e67a40febcf79bb7c,3,0
support-final-f141e73e67a40febcf79bb7c,4,0
support-final-f141e73e67a40febcf79bb7c,5,0
support-final-f141e73e67a40febcf79bb7c,6,0
support-final-f141e73e67a40febcf79bb7c,7,0
support-final-f141e73e67a40febcf79bb7c,8,0
support-final-f141e73e67a40febcf79bb7c,9,0
support-final-f141e73e67a40febcf79bb7c,10,0
support-final-f141e73e67a40febcf79bb7c,11,0
support-final-f141e73e67a40febcf79bb7c,12,0
support-final-f141e73e67a40febcf79bb7c,13,0
support-final-f141e73e67a40febcf79bb7c,14,0
support-final-f141e73e67a40febcf79bb7c,15,0
support-final-f141e73e67a40febcf79bb7c,16,0
support-final-f141e73e67a40febcf79bb7c,17,0
support-final-f141e73e67a40febcf79bb7c,18,0
support-final-f141e73e67a40febcf79bb7c,19,0
support-final-f141e73e67a40febcf79bb7c,20,0
support-final-f141e73e67a40febcf79bb7c,21,0
support-final-f141e73e67a40febcf79bb7c,22,0
support-final-f141e73e67a40febcf79bb7c,23,0
support-final-f141e73e67a40febcf79bb7c,24,0
support-final-f141e73e67a40febcf79bb7c,25,0
support-final-f141e73e67a40febcf79bb7c,26,0
support-final-f141e73e67a40febcf79bb7c,27,0
support-final-f141e73e67a40febcf79bb7c,28,0
support-final-f141e73e67a40febcf79bb7c,29,0
support-final-f141e73e67a40febcf79bb7c,30,0
support-final-2ac3f3b9a4de4ad509bd0cc5,0,0
support-final-2ac3f3b9a4de4ad509bd0cc5,1,1
support-final-2ac3f3b9a4de4ad509bd0cc5,2,1
support-final-2ac3f3b9a4de4ad509bd0cc5,3,1
support-final-2ac3f3b9a4de4ad509bd0cc5,4,2
support-final-2ac3f3b9a4de4ad509bd0cc5,5,2
support-final-2ac3f3b9a4de4ad509bd0cc5,6,3
support-final-2ac3f3b9a4de4ad509bd0cc5,7,3
support-final-2ac3f3b9a4de4ad509bd0cc5,8,3
support-final-2ac3f3b9a4de4ad509bd0cc5,9,3
support-final-2ac3f3b9a4de4ad509bd0cc5,10,4
support-final-2ac3f3b9a4de4ad509bd0cc5,11,4
support-final-2ac3f3b9a4de4ad509bd0cc5,12,5
support-final-2ac3f3b9a4de4ad509bd0cc5,13,5
support-final-2ac3f3b9a4de4ad509bd0cc5,14,5
support-final-2ac3f3b9a4de4ad509bd0cc5,15,5
support-final-2ac3f3b9a4de4ad509bd0cc5,16,6
support-final-2ac3f3b9a4de4ad509bd0cc5,17,7
support-final-2ac3f3b9a4de4ad509bd0cc5,18,7
support-final-2ac3f3b9a4de4ad509bd0cc5,19,7
support-final-2ac3f3b9a4de4ad509bd0cc5,20,7
support-final-2ac3f3b9a4de4ad509bd0cc5,21,7
support-final-2ac3f3b9a4de4ad509bd0cc5,22,7
support-final-2ac3f3b9a4de4ad509bd0cc5,23,7
support-final-2ac3f3b9a4de4ad509bd0cc5,24,7
support-final-2ac3f3b9a4de4ad509bd0cc5,25,7
support-final-2ac3f3b9a4de4ad509bd0cc5,26,8
support-final-2ac3f3b9a4de4ad509bd0cc5,27,8
support-final-2ac3f3b9a4de4ad509bd0cc5,28,8
support-final-2ac3f3b9a4de4ad509bd0cc5,29,8
support-final-2ac3f3b9a4de4ad509bd0cc5,30,8
support-final-a46da5765411a4d19ba5a555,0,0
support-final-a46da5765411a4d19ba5a555,1,1
support-final-a46da5765411a4d19ba5a555,2,1
support-final-a46da5765411a4d19ba5a555,3,1
support-final-a46da5765411a4d19ba5a555,4,2
support-final-a46da5765411a4d19ba5a555,5,2
support-final-a46da5765411a4d19ba5a555,6,2
support-final-a46da5765411a4d19ba5a555,7,2
support-final-a46da5765411a4d19ba5a555,8,2
support-final-a46da5765411a4d19ba5a555,9,2
support-final-a46da5765411a4d19ba5a555,10,3
support-final-a46da5765411a4d19ba5a555,11,4
support-final-a46da5765411a4d19ba5a555,12,4
support-final-a46da5765411a4d19ba5a555,13,4
support-final-a46da5765411a4d19ba5a555,14,5
support-final-a46da5765411a4d19ba5a555,15,6
support-final-a46da5765411a4d19ba5a555,16,6
support-final-a46da5765411a4d19ba5a555,17,7
support-final-a46da5765411a4d19ba5a555,18,7
support-final-a46da5765411a4d19ba5a555,19,8
support-final-a46da5765411a4d19ba5a555,20,8
support-final-a46da5765411a4d19ba5a555,21,9
support-final-a46da5765411a4d19ba5a555,22,9
support-final-a46da5765411a4d19ba5a555,23,10
support-final-a46da5765411a4d19ba5a555,24,11
support-final-a46da5765411a4d19ba5a555,25,11
support-final-a46da5765411a4d19ba5a555,26,11
support-final-a46da5765411a4d19ba5a555,27,11
support-final-a46da5765411a4d19ba5a555,28,11
support-final-a46da5765411a4d19ba5a555,29,12
support-final-a46da5765411a4d19ba5a555,30,12
support-final-fb154e311e2083e0e11bc0fb,0,0
support-final-fb154e311e2083e0e11bc0fb,1,1
support-final-fb154e311e2083e0e11bc0fb,2,2
support-final-fb154e311e2083e0e11bc0fb,3,2
support-final-fb154e311e2083e0e11bc0fb,4,3
support-final-fb154e311e2083e0e11bc0fb,5,3
support-final-fb154e311e2083e0e11bc0fb,6,3
support-final-fb154e311e2083e0e11bc0fb,7,3
support-final-fb154e311e2083e0e11bc0fb,8,4
support-final-fb154e311e2083e0e11bc0fb,9,4
support-final-fb154e311e2083e0e11bc0fb,10,4
support-final-fb154e311e2083e0e11bc0fb,11,5
support-final-fb154e311e2083e0e11bc0fb,12,5
support-final-fb154e311e2083e0e11bc0fb,13,5
support-final-fb154e311e2083e0e11bc0fb,14,5
support-final-fb154e311e2083e0e11bc0fb,15,6
support-final-fb154e311e2083e0e11bc0fb,16,7
support-final-fb154e311e2083e0e11bc0fb,17,7
support-final-fb154e311e2083e0e11bc0fb,18,7
support-final-fb154e311e2083e0e11bc0fb,19,7
support-final-fb154e311e2083e0e11bc0fb,20,7
support-final-fb154e311e2083e0e11bc0fb,21,7
support-final-fb154e311e2083e0e11bc0fb,22,8
support-final-fb154e311e2083e0e11bc0fb,23,9
support-final-fb154e311e2083e0e11bc0fb,24,9
support-final-fb154e311e2083e0e11bc0fb,25,9
support-final-fb154e311e2083e0e11bc0fb,26,9
support-final-fb154e311e2083e0e11bc0fb,27,10
support-final-fb154e311e2083e0e11bc0fb,28,11
support-final-fb154e311e2083e0e11bc0fb,29,12
support-final-fb154e311e2083e0e11bc0fb,30,12
support-final-d5dfb3515e493c945b2bf924,0,0
support-final-d5dfb3515e493c945b2bf924,1,0
support-final-d5dfb3515e493c945b2bf924,2,0
support-final-d5dfb3515e493c945b2bf924,3,0
support-final-d5dfb3515e493c945b2bf924,4,0
support-final-d5dfb3515e493c945b2bf924,5,0
support-final-d5dfb3515e493c945b2bf924,6,0
support-final-d5dfb3515e493c945b2bf924,7,1
support-final-d5dfb3515e493c945b2bf924,8,2
support-final-d5dfb3515e493c945b2bf924,9,2
support-final-d5dfb3515e493c945b2bf924,10,2
support-final-d5dfb3515e493c945b2bf924,11,2
support-final-d5dfb3515e493c945b2bf924,12,2
support-final-d5dfb3515e493c945b2bf924,13,2
support-final-d5dfb3515e493c945b2bf924,14,3
support-final-d5dfb3515e493c945b2bf924,15,4
support-final-d5dfb3515e493c945b2bf924,16,4
support-final-d5dfb3515e493c945b2bf924,17,5
support-final-d5dfb3515e493c945b2bf924,18,6
support-final-d5dfb3515e493c945b2bf924,19,7
support-final-d5dfb3515e493c945b2bf924,20,8
support-final-d5dfb3515e493c945b2bf924,21,8
support-final-d5dfb3515e493c945b2bf924,22,8
support-final-d5dfb3515e493c945b2bf924,23,8
support-final-d5dfb3515e493c945b2bf924,24,9
support-final-d5dfb3515e493c945b2bf924,25,10
support-final-d5dfb3515e493c945b2bf924,26,10
support-final-d5dfb3515e493c945b2bf924,27,10
support-final-d5dfb3515e493c945b2bf924,28,10
support-final-d5dfb3515e493c945b2bf924,29,10
support-final-d5dfb3515e493c945b2bf924,30,11
support-final-0056cf0dfbaf13e0efbfea17,0,0
support-final-0056cf0dfbaf13e0efbfea17,1,0
support-final-0056cf0dfbaf13e0efbfea17,2,0
support-final-0056cf0dfbaf13e0efbfea17,3,0
support-final-0056cf0dfbaf13e0efbfea17,4,0
support-final-0056cf0dfbaf13e0efbfea17,5,0
support-final-0056cf0dfbaf13e0efbfea17,6,0
support-final-0056cf0dfbaf13e0efbfea17,7,0
support-final-0056cf0dfbaf13e0efbfea17,8,0
support-final-0056cf0dfbaf13e0efbfea17,9,0
support-final-0056cf0dfbaf13e0efbfea17,10,0
support-final-0056cf0dfbaf13e0efbfea17,11,0
support-final-0056cf0dfbaf13e0efbfea17,12,0
support-final-0056cf0dfbaf13e0efbfea17,13,0
support-final-0056cf0dfbaf13e0efbfea17,14,0
support-final-0056cf0dfbaf13e0efbfea17,15,0
support-final-0056cf0dfbaf13e0efbfea17,16,0
support-final-0056cf0dfbaf13e0efbfea17,17,0
support-final-0056cf0dfbaf13e0efbfea17,18,0
support-final-0056cf0dfbaf13e0efbfea17,19,0
support-final-0056cf0dfbaf13e0efbfea17,20,0
support-final-0056cf0dfbaf13e0efbfea17,21,0
support-final-0056cf0dfbaf13e0efbfea17,22,0
support-final-0056cf0dfbaf13e0efbfea17,23,0
support-final-0056cf0dfbaf13e0efbfea17,24,0
support-final-0056cf0dfbaf13e0efbfea17,25,0
support-final-0056cf0dfbaf13e0efbfea17,26,0
support-final-0056cf0dfbaf13e0efbfea17,27,0
support-final-0056cf0dfbaf13e0efbfea17,28,0
support-final-0056cf0dfbaf13e0efbfea17,29,0
support-final-0056cf0dfbaf13e0efbfea17,30,0
support-final-11681e928f7d1f4fad1d4cbd,0,0
support-final-11681e928f7d1f4fad1d4cbd,1,0
support-final-11681e928f7d1f4fad1d4cbd,2,0
support-final-11681e928f7d1f4fad1d4cbd,3,0
support-final-11681e928f7d1f4fad1d4cbd,4,0
support-final-11681e928f7d1f4fad1d4cbd,5,0
support-final-11681e928f7d1f4fad1d4cbd,6,0
support-final-11681e928f7d1f4fad1d4cbd,7,0
support-final-11681e928f7d1f4fad1d4cbd,8,0
support-final-11681e928f7d1f4fad1d4cbd,9,0
support-final-11681e928f7d1f4fad1d4cbd,10,0
support-final-11681e928f7d1f4fad1d4cbd,11,0
support-final-11681e928f7d1f4fad1d4cbd,12,0
support-final-11681e928f7d1f4fad1d4cbd,13,0
support-final-11681e928f7d1f4fad1d4cbd,14,0
support-final-11681e928f7d1f4fad1d4cbd,15,0
support-final-11681e928f7d1f4fad1d4cbd,16,0
support-final-11681e928f7d1f4fad1d4cbd,17,0
support-final-11681e928f7d1f4fad1d4cbd,18,0
support-final-11681e928f7d1f4fad1d4cbd,19,0
support-final-11681e928f7d1f4fad1d4cbd,20,0
support-final-11681e928f7d1f4fad1d4cbd,21,0
support-final-11681e928f7d1f4fad1d4cbd,22,0
support-final-11681e928f7d1f4fad1d4cbd,23,0
support-final-11681e928f7d1f4fad1d4cbd,24,0
support-final-11681e928f7d1f4fad1d4cbd,25,0
support-final-11681e928f7d1f4fad1d4cbd,26,0
support-final-11681e928f7d1f4fad1d4cbd,27,0
support-final-11681e928f7d1f4fad1d4cbd,28,0
support-final-11681e928f7d1f4fad1d4cbd,29,0
support-final-11681e928f7d1f4fad1d4cbd,30,0
support-final-3cf3c9683d13e5d95b4dbeb0,0,0
support-final-3cf3c9683d13e5d95b4dbeb0,1,0
support-final-3cf3c9683d13e5d95b4dbeb0,2,0
support-final-3cf3c9683d13e5d95b4dbeb0,3,0
support-final-3cf3c9683d13e5d95b4dbeb0,4,0
support-final-3cf3c9683d13e5d95b4dbeb0,5,0
support-final-3cf3c9683d13e5d95b4dbeb0,6,0
support-final-3cf3c9683d13e5d95b4dbeb0,7,0
support-final-3cf3c9683d13e5d95b4dbeb0,8,0
support-final-3cf3c9683d13e5d95b4dbeb0,9,0
support-final-3cf3c9683d13e5d95b4dbeb0,10,0
support-final-3cf3c9683d13e5d95b4dbeb0,11,0
support-final-3cf3c9683d13e5d95b4dbeb0,12,0
support-final-3cf3c9683d13e5d95b4dbeb0,13,0
support-final-3cf3c9683d13e5d95b4dbeb0,14,0
support-final-3cf3c9683d13e5d95b4dbeb0,15,0
support-final-3cf3c9683d13e5d95b4dbeb0,16,0
support-final-3cf3c9683d13e5d95b4dbeb0,17,0
support-final-3cf3c9683d13e5d95b4dbeb0,18,0
support-final-3cf3c9683d13e5d95b4dbeb0,19,0
support-final-3cf3c9683d13e5d95b4dbeb0,20,0
support-final-3cf3c9683d13e5d95b4dbeb0,21,0
support-final-3cf3c9683d13e5d95b4dbeb0,22,0
support-final-3cf3c9683d13e5d95b4dbeb0,23,0
support-final-3cf3c9683d13e5d95b4dbeb0,24,0
support-final-3cf3c9683d13e5d95b4dbeb0,25,0
support-final-3cf3c9683d13e5d95b4dbeb0,26,0
support-final-3cf3c9683d13e5d95b4dbeb0,27,0
support-final-3cf3c9683d13e5d95b4dbeb0,28,0
support-final-3cf3c9683d13e5d95b4dbeb0,29,0
support-final-3cf3c9683d13e5d95b4dbeb0,30,0
support-final-99dc81cc2dd73dbdd4ded35c,0,0
support-final-99dc81cc2dd73dbdd4ded35c,1,0
support-final-99dc81cc2dd73dbdd4ded35c,2,0
support-final-99dc81cc2dd73dbdd4ded35c,3,0
support-final-99dc81cc2dd73dbdd4ded35c,4,0
support-final-99dc81cc2dd73dbdd4ded35c,5,0
support-final-99dc81cc2dd73dbdd4ded35c,6,0
support-final-99dc81cc2dd73dbdd4ded35c,7,0
support-final-99dc81cc2dd73dbdd4ded35c,8,0
support-final-99dc81cc2dd73dbdd4ded35c,9,0
support-final-99dc81cc2dd73dbdd4ded35c,10,0
support-final-99dc81cc2dd73dbdd4ded35c,11,0
support-final-99dc81cc2dd73dbdd4ded35c,12,0
support-final-99dc81cc2dd73dbdd4ded35c,13,0
support-final-99dc81cc2dd73dbdd4ded35c,14,0
support-final-99dc81cc2dd73dbdd4ded35c,15,0
support-final-99dc81cc2dd73dbdd4ded35c,16,0
support-final-99dc81cc2dd73dbdd4ded35c,17,0
support-final-99dc81cc2dd73dbdd4ded35c,18,0
support-final-99dc81cc2dd73dbdd4ded35c,19,0
support-final-99dc81cc2dd73dbdd4ded35c,20,0
support-final-99dc81cc2dd73dbdd4ded35c,21,0
support-final-99dc81cc2dd73dbdd4ded35c,22,0
support-final-99dc81cc2dd73dbdd4ded35c,23,0
support-final-99dc81cc2dd73dbdd4ded35c,24,0
support-final-99dc81cc2dd73dbdd4ded35c,25,0
support-final-99dc81cc2dd73dbdd4ded35c,26,0
support-final-99dc81cc2dd73dbdd4ded35c,27,0
support-final-99dc81cc2dd73dbdd4ded35c,28,0
support-final-99dc81cc2dd73dbdd4ded35c,29,0
support-final-99dc81cc2dd73dbdd4ded35c,30,0
support-final-0840c6d432e1cc92ea772a83,0,0
support-final-0840c6d432e1cc92ea772a83,1,0
support-final-0840c6d432e1cc92ea772a83,2,0
support-final-0840c6d432e1cc92ea772a83,3,0
support-final-0840c6d432e1cc92ea772a83,4,0
support-final-0840c6d432e1cc92ea772a83,5,0
support-final-0840c6d432e1cc92ea772a83,6,0
support-final-0840c6d432e1cc92ea772a83,7,0
support-final-0840c6d432e1cc92ea772a83,8,0
support-final-0840c6d432e1cc92ea772a83,9,0
support-final-0840c6d432e1cc92ea772a83,10,0
support-final-0840c6d432e1cc92ea772a83,11,0
support-final-0840c6d432e1cc92ea772a83,12,0
support-final-0840c6d432e1cc92ea772a83,13,0
support-final-0840c6d432e1cc92ea772a83,14,0
support-final-0840c6d432e1cc92ea772a83,15,0
support-final-0840c6d432e1cc92ea772a83,16,0
support-final-0840c6d432e1cc92ea772a83,17,0
support-final-0840c6d432e1cc92ea772a83,18,0
support-final-0840c6d432e1cc92ea772a83,19,0
support-final-0840c6d432e1cc92ea772a83,20,0
support-final-0840c6d432e1cc92ea772a83,21,0
support-final-0840c6d432e1cc92ea772a83,22,0
support-final-0840c6d432e1cc92ea772a83,23,0
support-final-0840c6d432e1cc92ea772a83,24,0
support-final-0840c6d432e1cc92ea772a83,25,0
support-final-0840c6d432e1cc92ea772a83,26,0
support-final-0840c6d432e1cc92ea772a83,27,0
support-final-0840c6d432e1cc92ea772a83,28,0
support-final-0840c6d432e1cc92ea772a83,29,0
support-final-0840c6d432e1cc92ea772a83,30,0
support-final-1c2349b15f6478268b037b7c,0,0
support-final-1c2349b15f6478268b037b7c,1,0
support-final-1c2349b15f6478268b037b7c,2,1
support-final-1c2349b15f6478268b037b7c,3,1
support-final-1c2349b15f6478268b037b7c,4,1
support-final-1c2349b15f6478268b037b7c,5,1
support-final-1c2349b15f6478268b037b7c,6,1
support-final-1c2349b15f6478268b037b7c,7,1
support-final-1c2349b15f6478268b037b7c,8,1
support-final-1c2349b15f6478268b037b7c,9,1
support-final-1c2349b15f6478268b037b7c,10,1
support-final-1c2349b15f6478268b037b7c,11,2
support-final-1c2349b15f6478268b037b7c,12,3
support-final-1c2349b15f6478268b037b7c,13,3
support-final-1c2349b15f6478268b037b7c,14,3
support-final-1c2349b15f6478268b037b7c,15,3
support-final-1c2349b15f6478268b037b7c,16,3
support-final-1c2349b15f6478268b037b7c,17,3
support-final-1c2349b15f6478268b037b7c,18,3
support-final-1c2349b15f6478268b037b7c,19,3
support-final-1c2349b15f6478268b037b7c,20,3
support-final-1c2349b15f6478268b037b7c,21,3
support-final-1c2349b15f6478268b037b7c,22,3
support-final-1c2349b15f6478268b037b7c,23,3
support-final-1c2349b15f6478268b037b7c,24,3
support-final-1c2349b15f6478268b037b7c,25,3
support-final-1c2349b15f6478268b037b7c,26,3
support-final-1c2349b15f6478268b037b7c,27,3
support-final-1c2349b15f6478268b037b7c,28,4
support-final-1c2349b15f6478268b037b7c,29,4
support-final-1c2349b15f6478268b037b7c,30,4
support-final-13f03277e7328cce14fa3462,0,0
support-final-13f03277e7328cce14fa3462,1,0
support-final-13f03277e7328cce14fa3462,2,0
support-final-13f03277e7328cce14fa3462,3,1
support-final-13f03277e7328cce14fa3462,4,2
support-final-13f03277e7328cce14fa3462,5,3
support-final-13f03277e7328cce14fa3462,6,3
support-final-13f03277e7328cce14fa3462,7,4
support-final-13f03277e7328cce14fa3462,8,4
support-final-13f03277e7328cce14fa3462,9,5
support-final-13f03277e7328cce14fa3462,10,5
support-final-13f03277e7328cce14fa3462,11,5
support-final-13f03277e7328cce14fa3462,12,5
support-final-13f03277e7328cce14fa3462,13,5
support-final-13f03277e7328cce14fa3462,14,5
support-final-13f03277e7328cce14fa3462,15,6
support-final-13f03277e7328cce14fa3462,16,6
support-final-13f03277e7328cce14fa3462,17,6
support-final-13f03277e7328cce14fa3462,18,6
support-final-13f03277e7328cce14fa3462,19,7
support-final-13f03277e7328cce14fa3462,20,7
support-final-13f03277e7328cce14fa3462,21,7
support-final-13f03277e7328cce14fa3462,22,7
support-final-13f03277e7328cce14fa3462,23,7
support-final-13f03277e7328cce14fa3462,24,7
support-final-13f03277e7328cce14fa3462,25,8
support-final-13f03277e7328cce14fa3462,26,9
support-final-13f03277e7328cce14fa3462,27,9
support-final-13f03277e7328cce14fa3462,28,9
support-final-13f03277e7328cce14fa3462,29,9
support-final-13f03277e7328cce14fa3462,30,9
support-final-742e9f67f3ff076318222c4a,0,0
support-final-742e9f67f3ff076318222c4a,1,1
support-final-742e9f67f3ff076318222c4a,2,2
support-final-742e9f67f3ff076318222c4a,3,3
support-final-742e9f67f3ff076318222c4a,4,4
support-final-742e9f67f3ff076318222c4a,5,4
support-final-742e9f67f3ff076318222c4a,6,5
support-final-742e9f67f3ff076318222c4a,7,6
support-final-742e9f67f3ff076318222c4a,8,6
support-final-742e9f67f3ff076318222c4a,9,6
support-final-742e9f67f3ff076318222c4a,10,6
support-final-742e9f67f3ff076318222c4a,11,6
support-final-742e9f67f3ff076318222c4a,12,6
support-final-742e9f67f3ff076318222c4a,13,6
support-final-742e9f67f3ff076318222c4a,14,7
support-final-742e9f67f3ff076318222c4a,15,8
support-final-742e9f67f3ff076318222c4a,16,8
support-final-742e9f67f3ff076318222c4a,17,8
support-final-742e9f67f3ff076318222c4a,18,8
support-final-742e9f67f3ff076318222c4a,19,8
support-final-742e9f67f3ff076318222c4a,20,8
support-final-742e9f67f3ff076318222c4a,21,8
support-final-742e9f67f3ff076318222c4a,22,8
support-final-742e9f67f3ff076318222c4a,23,8
support-final-742e9f67f3ff076318222c4a,24,8
support-final-742e9f67f3ff076318222c4a,25,8
support-final-742e9f67f3ff076318222c4a,26,8
support-final-742e9f67f3ff076318222c4a,27,8
support-final-742e9f67f3ff076318222c4a,28,8
support-final-742e9f67f3ff076318222c4a,29,8
support-final-742e9f67f3ff076318222c4a,30,8
support-final-3cca2899597d5aaa5e876675,0,0
support-final-3cca2899597d5aaa5e876675,1,0
support-final-3cca2899597d5aaa5e876675,2,0
support-final-3cca2899597d5aaa5e876675,3,0
support-final-3cca2899597d5aaa5e876675,4,0
support-final-3cca2899597d5aaa5e876675,5,0
support-final-3cca2899597d5aaa5e876675,6,0
support-final-3cca2899597d5aaa5e876675,7,0
support-final-3cca2899597d5aaa5e876675,8,0
support-final-3cca2899597d5aaa5e876675,9,0
support-final-3cca2899597d5aaa5e876675,10,0
support-final-3cca2899597d5aaa5e876675,11,0
support-final-3cca2899597d5aaa5e876675,12,0
support-final-3cca2899597d5aaa5e876675,13,0
support-final-3cca2899597d5aaa5e876675,14,0
support-final-3cca2899597d5aaa5e876675,15,0
support-final-3cca2899597d5aaa5e876675,16,0
support-final-3cca2899597d5aaa5e876675,17,0
support-final-3cca2899597d5aaa5e876675,18,0
support-final-3cca2899597d5aaa5e876675,19,0
support-final-3cca2899597d5aaa5e876675,20,0
support-final-3cca2899597d5aaa5e876675,21,0
support-final-3cca2899597d5aaa5e876675,22,0
support-final-3cca2899597d5aaa5e876675,23,0
support-final-3cca2899597d5aaa5e876675,24,0
support-final-3cca2899597d5aaa5e876675,25,0
support-final-3cca2899597d5aaa5e876675,26,0
support-final-3cca2899597d5aaa5e876675,27,0
support-final-3cca2899597d5aaa5e876675,28,0
support-final-3cca2899597d5aaa5e876675,29,0
support-final-3cca2899597d5aaa5e876675,30,0
support-final-456c817652ba41206c734cc8,0,0
support-final-456c817652ba41206c734cc8,1,0
support-final-456c817652ba41206c734cc8,2,0
support-final-456c817652ba41206c734cc8,3,0
support-final-456c817652ba41206c734cc8,4,0
support-final-456c817652ba41206c734cc8,5,0
support-final-456c817652ba41206c734cc8,6,0
support-final-456c817652ba41206c734cc8,7,0
support-final-456c817652ba41206c734cc8,8,0
support-final-456c817652ba41206c734cc8,9,0
support-final-456c817652ba41206c734cc8,10,0
support-final-456c817652ba41206c734cc8,11,0
support-final-456c817652ba41206c734cc8,12,0
support-final-456c817652ba41206c734cc8,13,0
support-final-456c817652ba41206c734cc8,14,0
support-final-456c817652ba41206c734cc8,15,0
support-final-456c817652ba41206c734cc8,16,0
support-final-456c817652ba41206c734cc8,17,0
support-final-456c817652ba41206c734cc8,18,0
support-final-456c817652ba41206c734cc8,19,0
support-final-456c817652ba41206c734cc8,20,0
support-final-456c817652ba41206c734cc8,21,0
support-final-456c817652ba41206c734cc8,22,0
support-final-456c817652ba41206c734cc8,23,0
support-final-456c817652ba41206c734cc8,24,0
support-final-456c817652ba41206c734cc8,25,0
support-final-456c817652ba41206c734cc8,26,0
support-final-456c817652ba41206c734cc8,27,0
support-final-456c817652ba41206c734cc8,28,0
support-final-456c817652ba41206c734cc8,29,0
support-final-456c817652ba41206c734cc8,30,0
support-final-80843611413e7b615ef166ee,0,0
support-final-80843611413e7b615ef166ee,1,1
support-final-80843611413e7b615ef166ee,2,2
support-final-80843611413e7b615ef166ee,3,3
support-final-80843611413e7b615ef166ee,4,4
support-final-80843611413e7b615ef166ee,5,4
support-final-80843611413e7b615ef166ee,6,4
support-final-80843611413e7b615ef166ee,7,5
support-final-80843611413e7b615ef166ee,8,6
support-final-80843611413e7b615ef166ee,9,6
support-final-80843611413e7b615ef166ee,10,6
support-final-80843611413e7b615ef166ee,11,7
support-final-80843611413e7b615ef166ee,12,8
support-final-80843611413e7b615ef166ee,13,8
support-final-80843611413e7b615ef166ee,14,8
support-final-80843611413e7b615ef166ee,15,9
support-final-80843611413e7b615ef166ee,16,10
support-final-80843611413e7b615ef166ee,17,10
support-final-80843611413e7b615ef166ee,18,10
support-final-80843611413e7b615ef166ee,19,11
support-final-80843611413e7b615ef166ee,20,11
support-final-80843611413e7b615ef166ee,21,11
support-final-80843611413e7b615ef166ee,22,11
support-final-80843611413e7b615ef166ee,23,11
support-final-80843611413e7b615ef166ee,24,12
support-final-80843611413e7b615ef166ee,25,12
support-final-80843611413e7b615ef166ee,26,12
support-final-80843611413e7b615ef166ee,27,12
support-final-80843611413e7b615ef166ee,28,12
support-final-80843611413e7b615ef166ee,29,12
support-final-80843611413e7b615ef166ee,30,13
support-final-f14dc2730952b55aff1d8b12,0,0
support-final-f14dc2730952b55aff1d8b12,1,0
support-final-f14dc2730952b55aff1d8b12,2,0
support-final-f14dc2730952b55aff1d8b12,3,0
support-final-f14dc2730952b55aff1d8b12,4,0
support-final-f14dc2730952b55aff1d8b12,5,0
support-final-f14dc2730952b55aff1d8b12,6,0
support-final-f14dc2730952b55aff1d8b12,7,0
support-final-f14dc2730952b55aff1d8b12,8,0
support-final-f14dc2730952b55aff1d8b12,9,0
support-final-f14dc2730952b55aff1d8b12,10,0
support-final-f14dc2730952b55aff1d8b12,11,0
support-final-f14dc2730952b55aff1d8b12,12,0
support-final-f14dc2730952b55aff1d8b12,13,0
support-final-f14dc2730952b55aff1d8b12,14,0
support-final-f14dc2730952b55aff1d8b12,15,0
support-final-f14dc2730952b55aff1d8b12,16,0
support-final-f14dc2730952b55aff1d8b12,17,0
support-final-f14dc2730952b55aff1d8b12,18,0
support-final-f14dc2730952b55aff1d8b12,19,0
support-final-f14dc2730952b55aff1d8b12,20,0
support-final-f14dc2730952b55aff1d8b12,21,0
support-final-f14dc2730952b55aff1d8b12,22,0
support-final-f14dc2730952b55aff1d8b12,23,0
support-final-f14dc2730952b55aff1d8b12,24,0
support-final-f14dc2730952b55aff1d8b12,25,0
support-final-f14dc2730952b55aff1d8b12,26,0
support-final-f14dc2730952b55aff1d8b12,27,0
support-final-f14dc2730952b55aff1d8b12,28,0
support-final-f14dc2730952b55aff1d8b12,29,0
support-final-f14dc2730952b55aff1d8b12,30,0
support-final-74d81fbe3435e51c29899b0b,0,0
support-final-74d81fbe3435e51c29899b0b,1,1
support-final-74d81fbe3435e51c29899b0b,2,1
support-final-74d81fbe3435e51c29899b0b,3,2
support-final-74d81fbe3435e51c29899b0b,4,2
support-final-74d81fbe3435e51c29899b0b,5,2
support-final-74d81fbe3435e51c29899b0b,6,2
support-final-74d81fbe3435e51c29899b0b,7,2
support-final-74d81fbe3435e51c29899b0b,8,2
support-final-74d81fbe3435e51c29899b0b,9,2
support-final-74d81fbe3435e51c29899b0b,10,2
support-final-74d81fbe3435e51c29899b0b,11,2
support-final-74d81fbe3435e51c29899b0b,12,2
support-final-74d81fbe3435e51c29899b0b,13,2
support-final-74d81fbe3435e51c29899b0b,14,2
support-final-74d81fbe3435e51c29899b0b,15,2
support-final-74d81fbe3435e51c29899b0b,16,2
support-final-74d81fbe3435e51c29899b0b,17,2
support-final-74d81fbe3435e51c29899b0b,18,3
support-final-74d81fbe3435e51c29899b0b,19,3
support-final-74d81fbe3435e51c29899b0b,20,3
support-final-74d81fbe3435e51c29899b0b,21,3
support-final-74d81fbe3435e51c29899b0b,22,3
support-final-74d81fbe3435e51c29899b0b,23,3
support-final-74d81fbe3435e51c29899b0b,24,3
support-final-74d81fbe3435e51c29899b0b,25,3
support-final-74d81fbe3435e51c29899b0b,26,3
support-final-74d81fbe3435e51c29899b0b,27,3
support-final-74d81fbe3435e51c29899b0b,28,3
support-final-74d81fbe3435e51c29899b0b,29,3
support-final-74d81fbe3435e51c29899b0b,30,4
support-final-f953ea859747d7caecd5b045,0,0
support-final-f953ea859747d7caecd5b045,1,0
support-final-f953ea859747d7caecd5b045,2,0
support-final-f953ea859747d7caecd5b045,3,0
support-final-f953ea859747d7caecd5b045,4,0
support-final-f953ea859747d7caecd5b045,5,0
support-final-f953ea859747d7caecd5b045,6,0
support-final-f953ea859747d7caecd5b045,7,0
support-final-f953ea859747d7caecd5b045,8,0
support-final-f953ea859747d7caecd5b045,9,0
support-final-f953ea859747d7caecd5b045,10,0
support-final-f953ea859747d7caecd5b045,11,0
support-final-f953ea859747d7caecd5b045,12,0
support-final-f953ea859747d7caecd5b045,13,0
support-final-f953ea859747d7caecd5b045,14,0
support-final-f953ea859747d7caecd5b045,15,0
support-final-f953ea859747d7caecd5b045,16,0
support-final-f953ea859747d7caecd5b045,17,0
support-final-f953ea859747d7caecd5b045,18,0
support-final-f953ea859747d7caecd5b045,19,0
support-final-f953ea859747d7caecd5b045,20,0
support-final-f953ea859747d7caecd5b045,21,0
support-final-f953ea859747d7caecd5b045,22,0
support-final-f953ea859747d7caecd5b045,23,0
support-final-f953ea859747d7caecd5b045,24,0
support-final-f953ea859747d7caecd5b045,25,0
support-final-f953ea859747d7caecd5b045,26,0
support-final-f953ea859747d7caecd5b045,27,0
support-final-f953ea859747d7caecd5b045,28,0
support-final-f953ea859747d7caecd5b045,29,0
support-final-f953ea859747d7caecd5b045,30,0
support-final-52b7aac5276ed0ac7a71c214,0,0
support-final-52b7aac5276ed0ac7a71c214,1,0
support-final-52b7aac5276ed0ac7a71c214,2,0
support-final-52b7aac5276ed0ac7a71c214,3,0
support-final-52b7aac5276ed0ac7a71c214,4,0
support-final-52b7aac5276ed0ac7a71c214,5,0
support-final-52b7aac5276ed0ac7a71c214,6,0
support-final-52b7aac5276ed0ac7a71c214,7,0
support-final-52b7aac5276ed0ac7a71c214,8,0
support-final-52b7aac5276ed0ac7a71c214,9,0
support-final-52b7aac5276ed0ac7a71c214,10,0
support-final-52b7aac5276ed0ac7a71c214,11,0
support-final-52b7aac5276ed0ac7a71c214,12,0
support-final-52b7aac5276ed0ac7a71c214,13,0
support-final-52b7aac5276ed0ac7a71c214,14,0
support-final-52b7aac5276ed0ac7a71c214,15,0
support-final-52b7aac5276ed0ac7a71c214,16,0
support-final-52b7aac5276ed0ac7a71c214,17,0
support-final-52b7aac5276ed0ac7a71c214,18,0
support-final-52b7aac5276ed0ac7a71c214,19,0
support-final-52b7aac5276ed0ac7a71c214,20,0
support-final-52b7aac5276ed0ac7a71c214,21,0
support-final-52b7aac5276ed0ac7a71c214,22,0
support-final-52b7aac5276ed0ac7a71c214,23,0
support-final-52b7aac5276ed0ac7a71c214,24,0
support-final-52b7aac5276ed0ac7a71c214,25,0
support-final-52b7aac5276ed0ac7a71c214,26,0
support-final-52b7aac5276ed0ac7a71c214,27,0
support-final-52b7aac5276ed0ac7a71c214,28,0
support-final-52b7aac5276ed0ac7a71c214,29,0
support-final-52b7aac5276ed0ac7a71c214,30,0
support-final-010bf18d32903ff675b4fa75,0,0
support-final-010bf18d32903ff675b4fa75,1,0
support-final-010bf18d32903ff675b4fa75,2,0
support-final-010bf18d32903ff675b4fa75,3,0
support-final-010bf18d32903ff675b4fa75,4,0
support-final-010bf18d32903ff675b4fa75,5,0
support-final-010bf18d32903ff675b4fa75,6,0
support-final-010bf18d32903ff675b4fa75,7,0
support-final-010bf18d32903ff675b4fa75,8,0
support-final-010bf18d32903ff675b4fa75,9,0
support-final-010bf18d32903ff675b4fa75,10,0
support-final-010bf18d32903ff675b4fa75,11,0
support-final-010bf18d32903ff675b4fa75,12,0
support-final-010bf18d32903ff675b4fa75,13,0
support-final-010bf18d32903ff675b4fa75,14,0
support-final-010bf18d32903ff675b4fa75,15,0
support-final-010bf18d32903ff675b4fa75,16,0
support-final-010bf18d32903ff675b4fa75,17,0
support-final-010bf18d32903ff675b4fa75,18,0
support-final-010bf18d32903ff675b4fa75,19,0
support-final-010bf18d32903ff675b4fa75,20,0
support-final-010bf18d32903ff675b4fa75,21,0
support-final-010bf18d32903ff675b4fa75,22,0
support-final-010bf18d32903ff675b4fa75,23,0
support-final-010bf18d32903ff675b4fa75,24,0
support-final-010bf18d32903ff675b4fa75,25,0
support-final-010bf18d32903ff675b4fa75,26,0
support-final-010bf18d32903ff675b4fa75,27,0
support-final-010bf18d32903ff675b4fa75,28,0
support-final-010bf18d32903ff675b4fa75,29,0
support-final-010bf18d32903ff675b4fa75,30,0
support-final-b10382725fe9da04cd7410c2,0,0
support-final-b10382725fe9da04cd7410c2,1,0
support-final-b10382725fe9da04cd7410c2,2,0
support-final-b10382725fe9da04cd7410c2,3,0
support-final-b10382725fe9da04cd7410c2,4,0
support-final-b10382725fe9da04cd7410c2,5,0
support-final-b10382725fe9da04cd7410c2,6,0
support-final-b10382725fe9da04cd7410c2,7,0
support-final-b10382725fe9da04cd7410c2,8,0
support-final-b10382725fe9da04cd7410c2,9,0
support-final-b10382725fe9da04cd7410c2,10,0
support-final-b10382725fe9da04cd7410c2,11,0
support-final-b10382725fe9da04cd7410c2,12,0
support-final-b10382725fe9da04cd7410c2,13,0
support-final-b10382725fe9da04cd7410c2,14,0
support-final-b10382725fe9da04cd7410c2,15,0
support-final-b10382725fe9da04cd7410c2,16,0
support-final-b10382725fe9da04cd7410c2,17,0
support-final-b10382725fe9da04cd7410c2,18,0
support-final-b10382725fe9da04cd7410c2,19,0
support-final-b10382725fe9da04cd7410c2,20,0
support-final-b10382725fe9da04cd7410c2,21,0
support-final-b10382725fe9da04cd7410c2,22,0
support-final-b10382725fe9da04cd7410c2,23,0
support-final-b10382725fe9da04cd7410c2,24,0
support-final-b10382725fe9da04cd7410c2,25,0
support-final-b10382725fe9da04cd7410c2,26,0
support-final-b10382725fe9da04cd7410c2,27,0
support-final-b10382725fe9da04cd7410c2,28,0
support-final-b10382725fe9da04cd7410c2,29,0
support-final-b10382725fe9da04cd7410c2,30,0
support-final-46f1b626b612ed9d19547e34,0,0
support-final-46f1b626b612ed9d19547e34,1,0
support-final-46f1b626b612ed9d19547e34,2,0
support-final-46f1b626b612ed9d19547e34,3,0
support-final-46f1b626b612ed9d19547e34,4,0
support-final-46f1b626b612ed9d19547e34,5,0
support-final-46f1b626b612ed9d19547e34,6,0
support-final-46f1b626b612ed9d19547e34,7,0
support-final-46f1b626b612ed9d19547e34,8,0
support-final-46f1b626b612ed9d19547e34,9,0
support-final-46f1b626b612ed9d19547e34,10,0
support-final-46f1b626b612ed9d19547e34,11,0
support-final-46f1b626b612ed9d19547e34,12,0
support-final-46f1b626b612ed9d19547e34,13,0
support-final-46f1b626b612ed9d19547e34,14,0
support-final-46f1b626b612ed9d19547e34,15,0
support-final-46f1b626b612ed9d19547e34,16,0
support-final-46f1b626b612ed9d19547e34,17,0
support-final-46f1b626b612ed9d19547e34,18,0
support-final-46f1b626b612ed9d19547e34,19,0
support-final-46f1b626b612ed9d19547e34,20,0
support-final-46f1b626b612ed9d19547e34,21,0
support-final-46f1b626b612ed9d19547e34,22,0
support-final-46f1b626b612ed9d19547e34,23,0
support-final-46f1b626b612ed9d19547e34,24,0
support-final-46f1b626b612ed9d19547e34,25,0
support-final-46f1b626b612ed9d19547e34,26,0
support-final-46f1b626b612ed9d19547e34,27,0
support-final-46f1b626b612ed9d19547e34,28,0
support-final-46f1b626b612ed9d19547e34,29,0
support-final-46f1b626b612ed9d19547e34,30,0
support-final-8446b3eb2b5fe6271901eb07,0,0
support-final-8446b3eb2b5fe6271901eb07,1,0
support-final-8446b3eb2b5fe6271901eb07,2,0
support-final-8446b3eb2b5fe6271901eb07,3,0
support-final-8446b3eb2b5fe6271901eb07,4,0
support-final-8446b3eb2b5fe6271901eb07,5,0
support-final-8446b3eb2b5fe6271901eb07,6,0
support-final-8446b3eb2b5fe6271901eb07,7,0
support-final-8446b3eb2b5fe6271901eb07,8,0
support-final-8446b3eb2b5fe6271901eb07,9,0
support-final-8446b3eb2b5fe6271901eb07,10,0
support-final-8446b3eb2b5fe6271901eb07,11,0
support-final-8446b3eb2b5fe6271901eb07,12,0
support-final-8446b3eb2b5fe6271901eb07,13,0
support-final-8446b3eb2b5fe6271901eb07,14,0
support-final-8446b3eb2b5fe6271901eb07,15,0
support-final-8446b3eb2b5fe6271901eb07,16,0
support-final-8446b3eb2b5fe6271901eb07,17,0
support-final-8446b3eb2b5fe6271901eb07,18,0
support-final-8446b3eb2b5fe6271901eb07,19,0
support-final-8446b3eb2b5fe6271901eb07,20,0
support-final-8446b3eb2b5fe6271901eb07,21,0
support-final-8446b3eb2b5fe6271901eb07,22,0
support-final-8446b3eb2b5fe6271901eb07,23,0
support-final-8446b3eb2b5fe6271901eb07,24,0
support-final-8446b3eb2b5fe6271901eb07,25,0
support-final-8446b3eb2b5fe6271901eb07,26,0
support-final-8446b3eb2b5fe6271901eb07,27,0
support-final-8446b3eb2b5fe6271901eb07,28,0
support-final-8446b3eb2b5fe6271901eb07,29,0
support-final-8446b3eb2b5fe6271901eb07,30,0
support-final-f7c128b9a9af9c03df452855,0,0
support-final-f7c128b9a9af9c03df452855,1,0
support-final-f7c128b9a9af9c03df452855,2,0
support-final-f7c128b9a9af9c03df452855,3,0
support-final-f7c128b9a9af9c03df452855,4,0
support-final-f7c128b9a9af9c03df452855,5,0
support-final-f7c128b9a9af9c03df452855,6,0
support-final-f7c128b9a9af9c03df452855,7,0
support-final-f7c128b9a9af9c03df452855,8,0
support-final-f7c128b9a9af9c03df452855,9,1
support-final-f7c128b9a9af9c03df452855,10,1
support-final-f7c128b9a9af9c03df452855,11,1
support-final-f7c128b9a9af9c03df452855,12,1
support-final-f7c128b9a9af9c03df452855,13,1
support-final-f7c128b9a9af9c03df452855,14,1
support-final-f7c128b9a9af9c03df452855,15,1
support-final-f7c128b9a9af9c03df452855,16,1
support-final-f7c128b9a9af9c03df452855,17,1
support-final-f7c128b9a9af9c03df452855,18,1
support-final-f7c128b9a9af9c03df452855,19,1
support-final-f7c128b9a9af9c03df452855,20,1
support-final-f7c128b9a9af9c03df452855,21,1
support-final-f7c128b9a9af9c03df452855,22,1
support-final-f7c128b9a9af9c03df452855,23,1
support-final-f7c128b9a9af9c03df452855,24,1
support-final-f7c128b9a9af9c03df452855,25,1
support-final-f7c128b9a9af9c03df452855,26,1
support-final-f7c128b9a9af9c03df452855,27,1
support-final-f7c128b9a9af9c03df452855,28,1
support-final-f7c128b9a9af9c03df452855,29,1
support-final-f7c128b9a9af9c03df452855,30,1
support-final-8fdcfffca4ddbcf9a6837bb4,0,0
support-final-8fdcfffca4ddbcf9a6837bb4,1,0
support-final-8fdcfffca4ddbcf9a6837bb4,2,0
support-final-8fdcfffca4ddbcf9a6837bb4,3,0
support-final-8fdcfffca4ddbcf9a6837bb4,4,0
support-final-8fdcfffca4ddbcf9a6837bb4,5,0
support-final-8fdcfffca4ddbcf9a6837bb4,6,0
support-final-8fdcfffca4ddbcf9a6837bb4,7,0
support-final-8fdcfffca4ddbcf9a6837bb4,8,0
support-final-8fdcfffca4ddbcf9a6837bb4,9,0
support-final-8fdcfffca4ddbcf9a6837bb4,10,0
support-final-8fdcfffca4ddbcf9a6837bb4,11,0
support-final-8fdcfffca4ddbcf9a6837bb4,12,0
support-final-8fdcfffca4ddbcf9a6837bb4,13,0
support-final-8fdcfffca4ddbcf9a6837bb4,14,0
support-final-8fdcfffca4ddbcf9a6837bb4,15,0
support-final-8fdcfffca4ddbcf9a6837bb4,16,0
support-final-8fdcfffca4ddbcf9a6837bb4,17,0
support-final-8fdcfffca4ddbcf9a6837bb4,18,0
support-final-8fdcfffca4ddbcf9a6837bb4,19,0
support-final-8fdcfffca4ddbcf9a6837bb4,20,0
support-final-8fdcfffca4ddbcf9a6837bb4,21,0
support-final-8fdcfffca4ddbcf9a6837bb4,22,0
support-final-8fdcfffca4ddbcf9a6837bb4,23,1
support-final-8fdcfffca4ddbcf9a6837bb4,24,1
support-final-8fdcfffca4ddbcf9a6837bb4,25,1
support-final-8fdcfffca4ddbcf9a6837bb4,26,1
support-final-8fdcfffca4ddbcf9a6837bb4,27,1
support-final-8fdcfffca4ddbcf9a6837bb4,28,1
support-final-8fdcfffca4ddbcf9a6837bb4,29,1
support-final-8fdcfffca4ddbcf9a6837bb4,30,2
support-final-8fdcfffca4ddbcf9a6837bb4,31,2
support-final-8fdcfffca4ddbcf9a6837bb4,32,2
support-final-8fdcfffca4ddbcf9a6837bb4,33,2
support-final-8fdcfffca4ddbcf9a6837bb4,34,2
support-final-8fdcfffca4ddbcf9a6837bb4,35,2
support-final-8fdcfffca4ddbcf9a6837bb4,36,2
support-final-8fdcfffca4ddbcf9a6837bb4,37,2
support-final-8fdcfffca4ddbcf9a6837bb4,38,2
support-final-8fdcfffca4ddbcf9a6837bb4,39,2
support-final-8fdcfffca4ddbcf9a6837bb4,40,2
support-final-8fdcfffca4ddbcf9a6837bb4,41,2
support-final-8fdcfffca4ddbcf9a6837bb4,42,2
support-final-8fdcfffca4ddbcf9a6837bb4,43,2
support-final-8fdcfffca4ddbcf9a6837bb4,44,2
support-final-8fdcfffca4ddbcf9a6837bb4,45,2
support-final-8fdcfffca4ddbcf9a6837bb4,46,2
support-final-8fdcfffca4ddbcf9a6837bb4,47,2
support-final-8fdcfffca4ddbcf9a6837bb4,48,2
support-final-8fdcfffca4ddbcf9a6837bb4,49,2
support-final-8fdcfffca4ddbcf9a6837bb4,50,2
support-final-e90defc1c87006ab4f99429b,0,0
support-final-e90defc1c87006ab4f99429b,1,0
support-final-e90defc1c87006ab4f99429b,2,1
support-final-e90defc1c87006ab4f99429b,3,1
support-final-e90defc1c87006ab4f99429b,4,2
support-final-e90defc1c87006ab4f99429b,5,3
support-final-e90defc1c87006ab4f99429b,6,3
support-final-e90defc1c87006ab4f99429b,7,3
support-final-e90defc1c87006ab4f99429b,8,4
support-final-e90defc1c87006ab4f99429b,9,4
support-final-e90defc1c87006ab4f99429b,10,5
support-final-e90defc1c87006ab4f99429b,11,5
support-final-e90defc1c87006ab4f99429b,12,5
support-final-e90defc1c87006ab4f99429b,13,5
support-final-e90defc1c87006ab4f99429b,14,5
support-final-e90defc1c87006ab4f99429b,15,5
support-final-e90defc1c87006ab4f99429b,16,6
support-final-e90defc1c87006ab4f99429b,17,6
support-final-e90defc1c87006ab4f99429b,18,6
support-final-e90defc1c87006ab4f99429b,19,6
support-final-e90defc1c87006ab4f99429b,20,6
support-final-e90defc1c87006ab4f99429b,21,6
support-final-e90defc1c87006ab4f99429b,22,6
support-final-e90defc1c87006ab4f99429b,23,6
support-final-e90defc1c87006ab4f99429b,24,6
support-final-e90defc1c87006ab4f99429b,25,6
support-final-e90defc1c87006ab4f99429b,26,6
support-final-e90defc1c87006ab4f99429b,27,6
support-final-e90defc1c87006ab4f99429b,28,6
support-final-e90defc1c87006ab4f99429b,29,6
support-final-e90defc1c87006ab4f99429b,30,7
support-final-e90defc1c87006ab4f99429b,31,7
support-final-e90defc1c87006ab4f99429b,32,7
support-final-e90defc1c87006ab4f99429b,33,7
support-final-e90defc1c87006ab4f99429b,34,7
support-final-e90defc1c87006ab4f99429b,35,7
support-final-e90defc1c87006ab4f99429b,36,8
support-final-e90defc1c87006ab4f99429b,37,9
support-final-e90defc1c87006ab4f99429b,38,9
support-final-e90defc1c87006ab4f99429b,39,10
support-final-e90defc1c87006ab4f99429b,40,10
support-final-e90defc1c87006ab4f99429b,41,10
support-final-e90defc1c87006ab4f99429b,42,10
support-final-e90defc1c87006ab4f99429b,43,11
support-final-e90defc1c87006ab4f99429b,44,11
support-final-e90defc1c87006ab4f99429b,45,11
support-final-e90defc1c87006ab4f99429b,46,12
support-final-e90defc1c87006ab4f99429b,47,12
support-final-e90defc1c87006ab4f99429b,48,12
support-final-e90defc1c87006ab4f99429b,49,12
support-final-e90defc1c87006ab4f99429b,50,12
support-final-9cf432477ebd1dd10792a0d4,0,0
support-final-9cf432477ebd1dd10792a0d4,1,0
support-final-9cf432477ebd1dd10792a0d4,2,1
support-final-9cf432477ebd1dd10792a0d4,3,1
support-final-9cf432477ebd1dd10792a0d4,4,1
support-final-9cf432477ebd1dd10792a0d4,5,1
support-final-9cf432477ebd1dd10792a0d4,6,1
support-final-9cf432477ebd1dd10792a0d4,7,1
support-final-9cf432477ebd1dd10792a0d4,8,1
support-final-9cf432477ebd1dd10792a0d4,9,1
support-final-9cf432477ebd1dd10792a0d4,10,1
support-final-9cf432477ebd1dd10792a0d4,11,1
support-final-9cf432477ebd1dd10792a0d4,12,1
support-final-9cf432477ebd1dd10792a0d4,13,1
support-final-9cf432477ebd1dd10792a0d4,14,1
support-final-9cf432477ebd1dd10792a0d4,15,1
support-final-9cf432477ebd1dd10792a0d4,16,1
support-final-9cf432477ebd1dd10792a0d4,17,1
support-final-9cf432477ebd1dd10792a0d4,18,1
support-final-9cf432477ebd1dd10792a0d4,19,1
support-final-9cf432477ebd1dd10792a0d4,20,1
support-final-9cf432477ebd1dd10792a0d4,21,1
support-final-9cf432477ebd1dd10792a0d4,22,1
support-final-9cf432477ebd1dd10792a0d4,23,1
support-final-9cf432477ebd1dd10792a0d4,24,1
support-final-9cf432477ebd1dd10792a0d4,25,1
support-final-9cf432477ebd1dd10792a0d4,26,1
support-final-9cf432477ebd1dd10792a0d4,27,1
support-final-9cf432477ebd1dd10792a0d4,28,1
support-final-9cf432477ebd1dd10792a0d4,29,1
support-final-9cf432477ebd1dd10792a0d4,30,1
support-final-9cf432477ebd1dd10792a0d4,31,1
support-final-9cf432477ebd1dd10792a0d4,32,1
support-final-9cf432477ebd1dd10792a0d4,33,1
support-final-9cf432477ebd1dd10792a0d4,34,1
support-final-9cf432477ebd1dd10792a0d4,35,1
support-final-9cf432477ebd1dd10792a0d4,36,1
support-final-9cf432477ebd1dd10792a0d4,37,1
support-final-9cf432477ebd1dd10792a0d4,38,2
support-final-9cf432477ebd1dd10792a0d4,39,2
support-final-9cf432477ebd1dd10792a0d4,40,2
support-final-9cf432477ebd1dd10792a0d4,41,3
support-final-9cf432477ebd1dd10792a0d4,42,3
support-final-9cf432477ebd1dd10792a0d4,43,3
support-final-9cf432477ebd1dd10792a0d4,44,3
support-final-9cf432477ebd1dd10792a0d4,45,3
support-final-9cf432477ebd1dd10792a0d4,46,3
support-final-9cf432477ebd1dd10792a0d4,47,3
support-final-9cf432477ebd1dd10792a0d4,48,3
support-final-9cf432477ebd1dd10792a0d4,49,3
support-final-9cf432477ebd1dd10792a0d4,50,3
support-final-a4c83dc53edcca47b7552632,0,0
support-final-a4c83dc53edcca47b7552632,1,0
support-final-a4c83dc53edcca47b7552632,2,0
support-final-a4c83dc53edcca47b7552632,3,0
support-final-a4c83dc53edcca47b7552632,4,0
support-final-a4c83dc53edcca47b7552632,5,0
support-final-a4c83dc53edcca47b7552632,6,1
support-final-a4c83dc53edcca47b7552632,7,1
support-final-a4c83dc53edcca47b7552632,8,1
support-final-a4c83dc53edcca47b7552632,9,1
support-final-a4c83dc53edcca47b7552632,10,1
support-final-a4c83dc53edcca47b7552632,11,1
support-final-a4c83dc53edcca47b7552632,12,1
support-final-a4c83dc53edcca47b7552632,13,1
support-final-a4c83dc53edcca47b7552632,14,1
support-final-a4c83dc53edcca47b7552632,15,1
support-final-a4c83dc53edcca47b7552632,16,1
support-final-a4c83dc53edcca47b7552632,17,1
support-final-a4c83dc53edcca47b7552632,18,1
support-final-a4c83dc53edcca47b7552632,19,1
support-final-a4c83dc53edcca47b7552632,20,1
support-final-a4c83dc53edcca47b7552632,21,1
support-final-a4c83dc53edcca47b7552632,22,1
support-final-a4c83dc53edcca47b7552632,23,1
support-final-a4c83dc53edcca47b7552632,24,1
support-final-a4c83dc53edcca47b7552632,25,1
support-final-a4c83dc53edcca47b7552632,26,1
support-final-a4c83dc53edcca47b7552632,27,1
support-final-a4c83dc53edcca47b7552632,28,1
support-final-a4c83dc53edcca47b7552632,29,1
support-final-a4c83dc53edcca47b7552632,30,1
support-final-a4c83dc53edcca47b7552632,31,1
support-final-a4c83dc53edcca47b7552632,32,1
support-final-a4c83dc53edcca47b7552632,33,1
support-final-a4c83dc53edcca47b7552632,34,1
support-final-a4c83dc53edcca47b7552632,35,1
support-final-a4c83dc53edcca47b7552632,36,1
support-final-a4c83dc53edcca47b7552632,37,1
support-final-a4c83dc53edcca47b7552632,38,1
support-final-a4c83dc53edcca47b7552632,39,1
support-final-a4c83dc53edcca47b7552632,40,1
support-final-a4c83dc53edcca47b7552632,41,1
support-final-a4c83dc53edcca47b7552632,42,1
support-final-a4c83dc53edcca47b7552632,43,1
support-final-a4c83dc53edcca47b7552632,44,1
support-final-a4c83dc53edcca47b7552632,45,1
support-final-a4c83dc53edcca47b7552632,46,1
support-final-a4c83dc53edcca47b7552632,47,1
support-final-a4c83dc53edcca47b7552632,48,2
support-final-a4c83dc53edcca47b7552632,49,2
support-final-a4c83dc53edcca47b7552632,50,2
support-final-7a7311b44817c4936eae38f9,0,0
support-final-7a7311b44817c4936eae38f9,1,0
support-final-7a7311b44817c4936eae38f9,2,0
support-final-7a7311b44817c4936eae38f9,3,0
support-final-7a7311b44817c4936eae38f9,4,0
support-final-7a7311b44817c4936eae38f9,5,0
support-final-7a7311b44817c4936eae38f9,6,0
support-final-7a7311b44817c4936eae38f9,7,1
support-final-7a7311b44817c4936eae38f9,8,1
support-final-7a7311b44817c4936eae38f9,9,1
support-final-7a7311b44817c4936eae38f9,10,1
support-final-7a7311b44817c4936eae38f9,11,1
support-final-7a7311b44817c4936eae38f9,12,1
support-final-7a7311b44817c4936eae38f9,13,1
support-final-7a7311b44817c4936eae38f9,14,2
support-final-7a7311b44817c4936eae38f9,15,2
support-final-7a7311b44817c4936eae38f9,16,2
support-final-7a7311b44817c4936eae38f9,17,2
support-final-7a7311b44817c4936eae38f9,18,2
support-final-7a7311b44817c4936eae38f9,19,2
support-final-7a7311b44817c4936eae38f9,20,2
support-final-7a7311b44817c4936eae38f9,21,2
support-final-7a7311b44817c4936eae38f9,22,2
support-final-7a7311b44817c4936eae38f9,23,2
support-final-7a7311b44817c4936eae38f9,24,2
support-final-7a7311b44817c4936eae38f9,25,2
support-final-7a7311b44817c4936eae38f9,26,2
support-final-7a7311b44817c4936eae38f9,27,2
support-final-7a7311b44817c4936eae38f9,28,2
support-final-7a7311b44817c4936eae38f9,29,2
support-final-7a7311b44817c4936eae38f9,30,2
support-final-7a7311b44817c4936eae38f9,31,2
support-final-7a7311b44817c4936eae38f9,32,2
support-final-7a7311b44817c4936eae38f9,33,2
support-final-7a7311b44817c4936eae38f9,34,2
support-final-7a7311b44817c4936eae38f9,35,2
support-final-7a7311b44817c4936eae38f9,36,2
support-final-7a7311b44817c4936eae38f9,37,2
support-final-7a7311b44817c4936eae38f9,38,2
support-final-7a7311b44817c4936eae38f9,39,2
support-final-7a7311b44817c4936eae38f9,40,2
support-final-7a7311b44817c4936eae38f9,41,2
support-final-7a7311b44817c4936eae38f9,42,2
support-final-7a7311b44817c4936eae38f9,43,2
support-final-7a7311b44817c4936eae38f9,44,2
support-final-7a7311b44817c4936eae38f9,45,2
support-final-7a7311b44817c4936eae38f9,46,2
support-final-7a7311b44817c4936eae38f9,47,2
support-final-7a7311b44817c4936eae38f9,48,2
support-final-7a7311b44817c4936eae38f9,49,2
support-final-7a7311b44817c4936eae38f9,50,2
support-final-5edec7e0ba79160bd02b2a32,0,0
support-final-5edec7e0ba79160bd02b2a32,1,0
support-final-5edec7e0ba79160bd02b2a32,2,0
support-final-5edec7e0ba79160bd02b2a32,3,0
support-final-5edec7e0ba79160bd02b2a32,4,0
support-final-5edec7e0ba79160bd02b2a32,5,0
support-final-5edec7e0ba79160bd02b2a32,6,0
support-final-5edec7e0ba79160bd02b2a32,7,0
support-final-5edec7e0ba79160bd02b2a32,8,0
support-final-5edec7e0ba79160bd02b2a32,9,0
support-final-5edec7e0ba79160bd02b2a32,10,0
support-final-5edec7e0ba79160bd02b2a32,11,0
support-final-5edec7e0ba79160bd02b2a32,12,0
support-final-5edec7e0ba79160bd02b2a32,13,0
support-final-5edec7e0ba79160bd02b2a32,14,0
support-final-5edec7e0ba79160bd02b2a32,15,0
support-final-5edec7e0ba79160bd02b2a32,16,0
support-final-5edec7e0ba79160bd02b2a32,17,0
support-final-5edec7e0ba79160bd02b2a32,18,0
support-final-5edec7e0ba79160bd02b2a32,19,0
support-final-5edec7e0ba79160bd02b2a32,20,0
support-final-5edec7e0ba79160bd02b2a32,21,0
support-final-5edec7e0ba79160bd02b2a32,22,0
support-final-5edec7e0ba79160bd02b2a32,23,0
support-final-5edec7e0ba79160bd02b2a32,24,0
support-final-5edec7e0ba79160bd02b2a32,25,0
support-final-5edec7e0ba79160bd02b2a32,26,0
support-final-5edec7e0ba79160bd02b2a32,27,0
support-final-5edec7e0ba79160bd02b2a32,28,0
support-final-5edec7e0ba79160bd02b2a32,29,0
support-final-5edec7e0ba79160bd02b2a32,30,0
support-final-5edec7e0ba79160bd02b2a32,31,0
support-final-5edec7e0ba79160bd02b2a32,32,0
support-final-5edec7e0ba79160bd02b2a32,33,0
support-final-5edec7e0ba79160bd02b2a32,34,0
support-final-5edec7e0ba79160bd02b2a32,35,0
support-final-5edec7e0ba79160bd02b2a32,36,0
support-final-5edec7e0ba79160bd02b2a32,37,0
support-final-5edec7e0ba79160bd02b2a32,38,0
support-final-5edec7e0ba79160bd02b2a32,39,0
support-final-5edec7e0ba79160bd02b2a32,40,0
support-final-5edec7e0ba79160bd02b2a32,41,0
support-final-5edec7e0ba79160bd02b2a32,42,0
support-final-5edec7e0ba79160bd02b2a32,43,0
support-final-5edec7e0ba79160bd02b2a32,44,0
support-final-5edec7e0ba79160bd02b2a32,45,0
support-final-5edec7e0ba79160bd02b2a32,46,0
support-final-5edec7e0ba79160bd02b2a32,47,0
support-final-5edec7e0ba79160bd02b2a32,48,0
support-final-5edec7e0ba79160bd02b2a32,49,0
support-final-5edec7e0ba79160bd02b2a32,50,0
support-final-82a4c0f7c960bace5d095f89,0,0
support-final-82a4c0f7c960bace5d095f89,1,1
support-final-82a4c0f7c960bace5d095f89,2,2
support-final-82a4c0f7c960bace5d095f89,3,2
support-final-82a4c0f7c960bace5d095f89,4,3
support-final-82a4c0f7c960bace5d095f89,5,3
support-final-82a4c0f7c960bace5d095f89,6,4
support-final-82a4c0f7c960bace5d095f89,7,4
support-final-82a4c0f7c960bace5d095f89,8,4
support-final-82a4c0f7c960bace5d095f89,9,4
support-final-82a4c0f7c960bace5d095f89,10,4
support-final-82a4c0f7c960bace5d095f89,11,4
support-final-82a4c0f7c960bace5d095f89,12,5
support-final-82a4c0f7c960bace5d095f89,13,5
support-final-82a4c0f7c960bace5d095f89,14,6
support-final-82a4c0f7c960bace5d095f89,15,6
support-final-82a4c0f7c960bace5d095f89,16,7
support-final-82a4c0f7c960bace5d095f89,17,7
support-final-82a4c0f7c960bace5d095f89,18,8
support-final-82a4c0f7c960bace5d095f89,19,9
support-final-82a4c0f7c960bace5d095f89,20,10
support-final-82a4c0f7c960bace5d095f89,21,10
support-final-82a4c0f7c960bace5d095f89,22,10
support-final-82a4c0f7c960bace5d095f89,23,10
support-final-82a4c0f7c960bace5d095f89,24,10
support-final-82a4c0f7c960bace5d095f89,25,10
support-final-82a4c0f7c960bace5d095f89,26,10
support-final-82a4c0f7c960bace5d095f89,27,10
support-final-82a4c0f7c960bace5d095f89,28,11
support-final-82a4c0f7c960bace5d095f89,29,11
support-final-82a4c0f7c960bace5d095f89,30,11
support-final-82a4c0f7c960bace5d095f89,31,11
support-final-82a4c0f7c960bace5d095f89,32,11
support-final-82a4c0f7c960bace5d095f89,33,11
support-final-82a4c0f7c960bace5d095f89,34,11
support-final-82a4c0f7c960bace5d095f89,35,11
support-final-82a4c0f7c960bace5d095f89,36,12
support-final-82a4c0f7c960bace5d095f89,37,12
support-final-82a4c0f7c960bace5d095f89,38,12
support-final-82a4c0f7c960bace5d095f89,39,13
support-final-82a4c0f7c960bace5d095f89,40,13
support-final-82a4c0f7c960bace5d095f89,41,14
support-final-82a4c0f7c960bace5d095f89,42,15
support-final-82a4c0f7c960bace5d095f89,43,15
support-final-82a4c0f7c960bace5d095f89,44,15
support-final-82a4c0f7c960bace5d095f89,45,15
support-final-82a4c0f7c960bace5d095f89,46,15
support-final-82a4c0f7c960bace5d095f89,47,15
support-final-82a4c0f7c960bace5d095f89,48,15
support-final-82a4c0f7c960bace5d095f89,49,15
support-final-82a4c0f7c960bace5d095f89,50,15
support-final-304bf4f1576c5ad0594773ac,0,0
support-final-304bf4f1576c5ad0594773ac,1,1
support-final-304bf4f1576c5ad0594773ac,2,1
support-final-304bf4f1576c5ad0594773ac,3,2
support-final-304bf4f1576c5ad0594773ac,4,3
support-final-304bf4f1576c5ad0594773ac,5,3
support-final-304bf4f1576c5ad0594773ac,6,3
support-final-304bf4f1576c5ad0594773ac,7,3
support-final-304bf4f1576c5ad0594773ac,8,3
support-final-304bf4f1576c5ad0594773ac,9,3
support-final-304bf4f1576c5ad0594773ac,10,4
support-final-304bf4f1576c5ad0594773ac,11,5
support-final-304bf4f1576c5ad0594773ac,12,6
support-final-304bf4f1576c5ad0594773ac,13,6
support-final-304bf4f1576c5ad0594773ac,14,7
support-final-304bf4f1576c5ad0594773ac,15,7
support-final-304bf4f1576c5ad0594773ac,16,7
support-final-304bf4f1576c5ad0594773ac,17,7
support-final-304bf4f1576c5ad0594773ac,18,7
support-final-304bf4f1576c5ad0594773ac,19,8
support-final-304bf4f1576c5ad0594773ac,20,9
support-final-304bf4f1576c5ad0594773ac,21,10
support-final-304bf4f1576c5ad0594773ac,22,10
support-final-304bf4f1576c5ad0594773ac,23,10
support-final-304bf4f1576c5ad0594773ac,24,11
support-final-304bf4f1576c5ad0594773ac,25,12
support-final-304bf4f1576c5ad0594773ac,26,13
support-final-304bf4f1576c5ad0594773ac,27,13
support-final-304bf4f1576c5ad0594773ac,28,13
support-final-304bf4f1576c5ad0594773ac,29,13
support-final-304bf4f1576c5ad0594773ac,30,13
support-final-304bf4f1576c5ad0594773ac,31,13
support-final-304bf4f1576c5ad0594773ac,32,13
support-final-304bf4f1576c5ad0594773ac,33,13
support-final-304bf4f1576c5ad0594773ac,34,13
support-final-304bf4f1576c5ad0594773ac,35,13
support-final-304bf4f1576c5ad0594773ac,36,13
support-final-304bf4f1576c5ad0594773ac,37,13
support-final-304bf4f1576c5ad0594773ac,38,13
support-final-304bf4f1576c5ad0594773ac,39,13
support-final-304bf4f1576c5ad0594773ac,40,13
support-final-304bf4f1576c5ad0594773ac,41,13
support-final-304bf4f1576c5ad0594773ac,42,13
support-final-304bf4f1576c5ad0594773ac,43,13
support-final-304bf4f1576c5ad0594773ac,44,13
support-final-304bf4f1576c5ad0594773ac,45,13
support-final-304bf4f1576c5ad0594773ac,46,13
support-final-304bf4f1576c5ad0594773ac,47,13
support-final-304bf4f1576c5ad0594773ac,48,13
support-final-304bf4f1576c5ad0594773ac,49,13
support-final-304bf4f1576c5ad0594773ac,50,13
support-final-eadc2879ba17c8c35ff8dadf,0,0
support-final-eadc2879ba17c8c35ff8dadf,1,1
support-final-eadc2879ba17c8c35ff8dadf,2,1
support-final-eadc2879ba17c8c35ff8dadf,3,2
support-final-eadc2879ba17c8c35ff8dadf,4,3
support-final-eadc2879ba17c8c35ff8dadf,5,4
support-final-eadc2879ba17c8c35ff8dadf,6,4
support-final-eadc2879ba17c8c35ff8dadf,7,5
support-final-eadc2879ba17c8c35ff8dadf,8,5
support-final-eadc2879ba17c8c35ff8dadf,9,5
support-final-eadc2879ba17c8c35ff8dadf,10,5
support-final-eadc2879ba17c8c35ff8dadf,11,5
support-final-eadc2879ba17c8c35ff8dadf,12,5
support-final-eadc2879ba17c8c35ff8dadf,13,6
support-final-eadc2879ba17c8c35ff8dadf,14,7
support-final-eadc2879ba17c8c35ff8dadf,15,8
support-final-eadc2879ba17c8c35ff8dadf,16,8
support-final-eadc2879ba17c8c35ff8dadf,17,8
support-final-eadc2879ba17c8c35ff8dadf,18,9
support-final-eadc2879ba17c8c35ff8dadf,19,9
support-final-eadc2879ba17c8c35ff8dadf,20,9
support-final-eadc2879ba17c8c35ff8dadf,21,10
support-final-eadc2879ba17c8c35ff8dadf,22,11
support-final-eadc2879ba17c8c35ff8dadf,23,11
support-final-eadc2879ba17c8c35ff8dadf,24,12
support-final-eadc2879ba17c8c35ff8dadf,25,12
support-final-eadc2879ba17c8c35ff8dadf,26,13
support-final-eadc2879ba17c8c35ff8dadf,27,13
support-final-eadc2879ba17c8c35ff8dadf,28,13
support-final-eadc2879ba17c8c35ff8dadf,29,14
support-final-eadc2879ba17c8c35ff8dadf,30,15
support-final-eadc2879ba17c8c35ff8dadf,31,15
support-final-eadc2879ba17c8c35ff8dadf,32,15
support-final-eadc2879ba17c8c35ff8dadf,33,15
support-final-eadc2879ba17c8c35ff8dadf,34,15
support-final-eadc2879ba17c8c35ff8dadf,35,15
support-final-eadc2879ba17c8c35ff8dadf,36,16
support-final-eadc2879ba17c8c35ff8dadf,37,17
support-final-eadc2879ba17c8c35ff8dadf,38,17
support-final-eadc2879ba17c8c35ff8dadf,39,17
support-final-eadc2879ba17c8c35ff8dadf,40,17
support-final-eadc2879ba17c8c35ff8dadf,41,17
support-final-eadc2879ba17c8c35ff8dadf,42,17
support-final-eadc2879ba17c8c35ff8dadf,43,17
support-final-eadc2879ba17c8c35ff8dadf,44,17
support-final-eadc2879ba17c8c35ff8dadf,45,17
support-final-eadc2879ba17c8c35ff8dadf,46,17
support-final-eadc2879ba17c8c35ff8dadf,47,17
support-final-eadc2879ba17c8c35ff8dadf,48,17
support-final-eadc2879ba17c8c35ff8dadf,49,17
support-final-eadc2879ba17c8c35ff8dadf,50,17
support-final-caad02c9c562fbf760e18716,0,0
support-final-caad02c9c562fbf760e18716,1,1
support-final-caad02c9c562fbf760e18716,2,2
support-final-caad02c9c562fbf760e18716,3,3
support-final-caad02c9c562fbf760e18716,4,3
support-final-caad02c9c562fbf760e18716,5,4
support-final-caad02c9c562fbf760e18716,6,5
support-final-caad02c9c562fbf760e18716,7,5
support-final-caad02c9c562fbf760e18716,8,5
support-final-caad02c9c562fbf760e18716,9,5
support-final-caad02c9c562fbf760e18716,10,5
support-final-caad02c9c562fbf760e18716,11,5
support-final-caad02c9c562fbf760e18716,12,5
support-final-caad02c9c562fbf760e18716,13,5
support-final-caad02c9c562fbf760e18716,14,5
support-final-caad02c9c562fbf760e18716,15,5
support-final-caad02c9c562fbf760e18716,16,6
support-final-caad02c9c562fbf760e18716,17,6
support-final-caad02c9c562fbf760e18716,18,7
support-final-caad02c9c562fbf760e18716,19,8
support-final-caad02c9c562fbf760e18716,20,9
support-final-caad02c9c562fbf760e18716,21,9
support-final-caad02c9c562fbf760e18716,22,9
support-final-caad02c9c562fbf760e18716,23,9
support-final-caad02c9c562fbf760e18716,24,10
support-final-caad02c9c562fbf760e18716,25,10
support-final-caad02c9c562fbf760e18716,26,10
support-final-caad02c9c562fbf760e18716,27,10
support-final-caad02c9c562fbf760e18716,28,10
support-final-caad02c9c562fbf760e18716,29,10
support-final-caad02c9c562fbf760e18716,30,10
support-final-caad02c9c562fbf760e18716,31,11
support-final-caad02c9c562fbf760e18716,32,11
support-final-caad02c9c562fbf760e18716,33,11
support-final-caad02c9c562fbf760e18716,34,11
support-final-caad02c9c562fbf760e18716,35,12
support-final-caad02c9c562fbf760e18716,36,13
support-final-caad02c9c562fbf760e18716,37,13
support-final-caad02c9c562fbf760e18716,38,13
support-final-caad02c9c562fbf760e18716,39,13
support-final-caad02c9c562fbf760e18716,40,13
support-final-caad02c9c562fbf760e18716,41,13
support-final-caad02c9c562fbf760e18716,42,14
support-final-caad02c9c562fbf760e18716,43,14
support-final-caad02c9c562fbf760e18716,44,15
support-final-caad02c9c562fbf760e18716,45,16
support-final-caad02c9c562fbf760e18716,46,17
support-final-caad02c9c562fbf760e18716,47,18
support-final-caad02c9c562fbf760e18716,48,18
support-final-caad02c9c562fbf760e18716,49,19
support-final-caad02c9c562fbf760e18716,50,19
support-final-355088ee4aaa4c76b7aa4818,0,0
support-final-355088ee4aaa4c76b7aa4818,1,0
support-final-355088ee4aaa4c76b7aa4818,2,0
support-final-355088ee4aaa4c76b7aa4818,3,0
support-final-355088ee4aaa4c76b7aa4818,4,0
support-final-355088ee4aaa4c76b7aa4818,5,0
support-final-355088ee4aaa4c76b7aa4818,6,0
support-final-355088ee4aaa4c76b7aa4818,7,0
support-final-355088ee4aaa4c76b7aa4818,8,0
support-final-355088ee4aaa4c76b7aa4818,9,0
support-final-355088ee4aaa4c76b7aa4818,10,0
support-final-355088ee4aaa4c76b7aa4818,11,0
support-final-355088ee4aaa4c76b7aa4818,12,0
support-final-355088ee4aaa4c76b7aa4818,13,0
support-final-355088ee4aaa4c76b7aa4818,14,0
support-final-355088ee4aaa4c76b7aa4818,15,0
support-final-355088ee4aaa4c76b7aa4818,16,0
support-final-355088ee4aaa4c76b7aa4818,17,0
support-final-355088ee4aaa4c76b7aa4818,18,0
support-final-355088ee4aaa4c76b7aa4818,19,0
support-final-355088ee4aaa4c76b7aa4818,20,0
support-final-355088ee4aaa4c76b7aa4818,21,0
support-final-355088ee4aaa4c76b7aa4818,22,0
support-final-355088ee4aaa4c76b7aa4818,23,0
support-final-355088ee4aaa4c76b7aa4818,24,0
support-final-355088ee4aaa4c76b7aa4818,25,0
support-final-355088ee4aaa4c76b7aa4818,26,0
support-final-355088ee4aaa4c76b7aa4818,27,0
support-final-355088ee4aaa4c76b7aa4818,28,0
support-final-355088ee4aaa4c76b7aa4818,29,0
support-final-355088ee4aaa4c76b7aa4818,30,0
support-final-355088ee4aaa4c76b7aa4818,31,0
support-final-355088ee4aaa4c76b7aa4818,32,0
support-final-355088ee4aaa4c76b7aa4818,33,0
support-final-355088ee4aaa4c76b7aa4818,34,0
support-final-355088ee4aaa4c76b7aa4818,35,0
support-final-355088ee4aaa4c76b7aa4818,36,0
support-final-355088ee4aaa4c76b7aa4818,37,0
support-final-355088ee4aaa4c76b7aa4818,38,0
support-final-355088ee4aaa4c76b7aa4818,39,0
support-final-355088ee4aaa4c76b7aa4818,40,0
support-final-355088ee4aaa4c76b7aa4818,41,0
support-final-355088ee4aaa4c76b7aa4818,42,0
support-final-355088ee4aaa4c76b7aa4818,43,0
support-final-355088ee4aaa4c76b7aa4818,44,0
support-final-355088ee4aaa4c76b7aa4818,45,0
support-final-355088ee4aaa4c76b7aa4818,46,0
support-final-355088ee4aaa4c76b7aa4818,47,0
support-final-355088ee4aaa4c76b7aa4818,48,0
support-final-355088ee4aaa4c76b7aa4818,49,0
support-final-355088ee4aaa4c76b7aa4818,50,0
support-final-fbf839f62b1a7d31555f6f0f,0,0
support-final-fbf839f62b1a7d31555f6f0f,1,0
support-final-fbf839f62b1a7d31555f6f0f,2,0
support-final-fbf839f62b1a7d31555f6f0f,3,0
support-final-fbf839f62b1a7d31555f6f0f,4,0
support-final-fbf839f62b1a7d31555f6f0f,5,0
support-final-fbf839f62b1a7d31555f6f0f,6,0
support-final-fbf839f62b1a7d31555f6f0f,7,0
support-final-fbf839f62b1a7d31555f6f0f,8,1
support-final-fbf839f62b1a7d31555f6f0f,9,1
support-final-fbf839f62b1a7d31555f6f0f,10,1
support-final-fbf839f62b1a7d31555f6f0f,11,1
support-final-fbf839f62b1a7d31555f6f0f,12,1
support-final-fbf839f62b1a7d31555f6f0f,13,1
support-final-fbf839f62b1a7d31555f6f0f,14,1
support-final-fbf839f62b1a7d31555f6f0f,15,1
support-final-fbf839f62b1a7d31555f6f0f,16,1
support-final-fbf839f62b1a7d31555f6f0f,17,1
support-final-fbf839f62b1a7d31555f6f0f,18,1
support-final-fbf839f62b1a7d31555f6f0f,19,1
support-final-fbf839f62b1a7d31555f6f0f,20,1
support-final-fbf839f62b1a7d31555f6f0f,21,1
support-final-fbf839f62b1a7d31555f6f0f,22,1
support-final-fbf839f62b1a7d31555f6f0f,23,1
support-final-fbf839f62b1a7d31555f6f0f,24,1
support-final-fbf839f62b1a7d31555f6f0f,25,1
support-final-fbf839f62b1a7d31555f6f0f,26,1
support-final-fbf839f62b1a7d31555f6f0f,27,1
support-final-fbf839f62b1a7d31555f6f0f,28,1
support-final-fbf839f62b1a7d31555f6f0f,29,1
support-final-fbf839f62b1a7d31555f6f0f,30,1
support-final-fbf839f62b1a7d31555f6f0f,31,1
support-final-fbf839f62b1a7d31555f6f0f,32,1
support-final-fbf839f62b1a7d31555f6f0f,33,1
support-final-fbf839f62b1a7d31555f6f0f,34,1
support-final-fbf839f62b1a7d31555f6f0f,35,1
support-final-fbf839f62b1a7d31555f6f0f,36,1
support-final-fbf839f62b1a7d31555f6f0f,37,1
support-final-fbf839f62b1a7d31555f6f0f,38,1
support-final-fbf839f62b1a7d31555f6f0f,39,1
support-final-fbf839f62b1a7d31555f6f0f,40,1
support-final-fbf839f62b1a7d31555f6f0f,41,1
support-final-fbf839f62b1a7d31555f6f0f,42,1
support-final-fbf839f62b1a7d31555f6f0f,43,1
support-final-fbf839f62b1a7d31555f6f0f,44,1
support-final-fbf839f62b1a7d31555f6f0f,45,1
support-final-fbf839f62b1a7d31555f6f0f,46,1
support-final-fbf839f62b1a7d31555f6f0f,47,1
support-final-fbf839f62b1a7d31555f6f0f,48,1
support-final-fbf839f62b1a7d31555f6f0f,49,1
support-final-fbf839f62b1a7d31555f6f0f,50,1
support-final-d12b12061ed79b9f1295bc88,0,0
support-final-d12b12061ed79b9f1295bc88,1,0
support-final-d12b12061ed79b9f1295bc88,2,0
support-final-d12b12061ed79b9f1295bc88,3,0
support-final-d12b12061ed79b9f1295bc88,4,0
support-final-d12b12061ed79b9f1295bc88,5,0
support-final-d12b12061ed79b9f1295bc88,6,0
support-final-d12b12061ed79b9f1295bc88,7,0
support-final-d12b12061ed79b9f1295bc88,8,0
support-final-d12b12061ed79b9f1295bc88,9,0
support-final-d12b12061ed79b9f1295bc88,10,0
support-final-d12b12061ed79b9f1295bc88,11,0
support-final-d12b12061ed79b9f1295bc88,12,0
support-final-d12b12061ed79b9f1295bc88,13,0
support-final-d12b12061ed79b9f1295bc88,14,0
support-final-d12b12061ed79b9f1295bc88,15,0
support-final-d12b12061ed79b9f1295bc88,16,0
support-final-d12b12061ed79b9f1295bc88,17,0
support-final-d12b12061ed79b9f1295bc88,18,0
support-final-d12b12061ed79b9f1295bc88,19,0
support-final-d12b12061ed79b9f1295bc88,20,0
support-final-d12b12061ed79b9f1295bc88,21,0
support-final-d12b12061ed79b9f1295bc88,22,0
support-final-d12b12061ed79b9f1295bc88,23,0
support-final-d12b12061ed79b9f1295bc88,24,0
support-final-d12b12061ed79b9f1295bc88,25,0
support-final-d12b12061ed79b9f1295bc88,26,0
support-final-d12b12061ed79b9f1295bc88,27,0
support-final-d12b12061ed79b9f1295bc88,28,0
support-final-d12b12061ed79b9f1295bc88,29,0
support-final-d12b12061ed79b9f1295bc88,30,0
support-final-d12b12061ed79b9f1295bc88,31,0
support-final-d12b12061ed79b9f1295bc88,32,0
support-final-d12b12061ed79b9f1295bc88,33,0
support-final-d12b12061ed79b9f1295bc88,34,0
support-final-d12b12061ed79b9f1295bc88,35,0
support-final-d12b12061ed79b9f1295bc88,36,0
support-final-d12b12061ed79b9f1295bc88,37,0
support-final-d12b12061ed79b9f1295bc88,38,0
support-final-d12b12061ed79b9f1295bc88,39,0
support-final-d12b12061ed79b9f1295bc88,40,0
support-final-d12b12061ed79b9f1295bc88,41,0
support-final-d12b12061ed79b9f1295bc88,42,0
support-final-d12b12061ed79b9f1295bc88,43,0
support-final-d12b12061ed79b9f1295bc88,44,0
support-final-d12b12061ed79b9f1295bc88,45,0
support-final-d12b12061ed79b9f1295bc88,46,0
support-final-d12b12061ed79b9f1295bc88,47,0
support-final-d12b12061ed79b9f1295bc88,48,0
support-final-d12b12061ed79b9f1295bc88,49,0
support-final-d12b12061ed79b9f1295bc88,50,0
support-final-2216e8ad58242b7172bcaea1,0,0
support-final-2216e8ad58242b7172bcaea1,1,0
support-final-2216e8ad58242b7172bcaea1,2,0
support-final-2216e8ad58242b7172bcaea1,3,0
support-final-2216e8ad58242b7172bcaea1,4,0
support-final-2216e8ad58242b7172bcaea1,5,0
support-final-2216e8ad58242b7172bcaea1,6,0
support-final-2216e8ad58242b7172bcaea1,7,0
support-final-2216e8ad58242b7172bcaea1,8,0
support-final-2216e8ad58242b7172bcaea1,9,0
support-final-2216e8ad58242b7172bcaea1,10,0
support-final-2216e8ad58242b7172bcaea1,11,0
support-final-2216e8ad58242b7172bcaea1,12,0
support-final-2216e8ad58242b7172bcaea1,13,0
support-final-2216e8ad58242b7172bcaea1,14,0
support-final-2216e8ad58242b7172bcaea1,15,0
support-final-2216e8ad58242b7172bcaea1,16,0
support-final-2216e8ad58242b7172bcaea1,17,0
support-final-2216e8ad58242b7172bcaea1,18,0
support-final-2216e8ad58242b7172bcaea1,19,0
support-final-2216e8ad58242b7172bcaea1,20,0
support-final-2216e8ad58242b7172bcaea1,21,0
support-final-2216e8ad58242b7172bcaea1,22,0
support-final-2216e8ad58242b7172bcaea1,23,0
support-final-2216e8ad58242b7172bcaea1,24,0
support-final-2216e8ad58242b7172bcaea1,25,0
support-final-2216e8ad58242b7172bcaea1,26,0
support-final-2216e8ad58242b7172bcaea1,27,0
support-final-2216e8ad58242b7172bcaea1,28,0
support-final-2216e8ad58242b7172bcaea1,29,0
support-final-2216e8ad58242b7172bcaea1,30,0
support-final-2216e8ad58242b7172bcaea1,31,0
support-final-2216e8ad58242b7172bcaea1,32,0
support-final-2216e8ad58242b7172bcaea1,33,0
support-final-2216e8ad58242b7172bcaea1,34,0
support-final-2216e8ad58242b7172bcaea1,35,0
support-final-2216e8ad58242b7172bcaea1,36,0
support-final-2216e8ad58242b7172bcaea1,37,0
support-final-2216e8ad58242b7172bcaea1,38,0
support-final-2216e8ad58242b7172bcaea1,39,0
support-final-2216e8ad58242b7172bcaea1,40,0
support-final-2216e8ad58242b7172bcaea1,41,0
support-final-2216e8ad58242b7172bcaea1,42,0
support-final-2216e8ad58242b7172bcaea1,43,0
support-final-2216e8ad58242b7172bcaea1,44,0
support-final-2216e8ad58242b7172bcaea1,45,0
support-final-2216e8ad58242b7172bcaea1,46,0
support-final-2216e8ad58242b7172bcaea1,47,0
support-final-2216e8ad58242b7172bcaea1,48,0
support-final-2216e8ad58242b7172bcaea1,49,0
support-final-2216e8ad58242b7172bcaea1,50,0
support-final-f9d9782fc72844a257e76ca2,0,0
support-final-f9d9782fc72844a257e76ca2,1,0
support-final-f9d9782fc72844a257e76ca2,2,0
support-final-f9d9782fc72844a257e76ca2,3,0
support-final-f9d9782fc72844a257e76ca2,4,0
support-final-f9d9782fc72844a257e76ca2,5,0
support-final-f9d9782fc72844a257e76ca2,6,0
support-final-f9d9782fc72844a257e76ca2,7,0
support-final-f9d9782fc72844a257e76ca2,8,0
support-final-f9d9782fc72844a257e76ca2,9,0
support-final-f9d9782fc72844a257e76ca2,10,0
support-final-f9d9782fc72844a257e76ca2,11,0
support-final-f9d9782fc72844a257e76ca2,12,0
support-final-f9d9782fc72844a257e76ca2,13,0
support-final-f9d9782fc72844a257e76ca2,14,0
support-final-f9d9782fc72844a257e76ca2,15,0
support-final-f9d9782fc72844a257e76ca2,16,0
support-final-f9d9782fc72844a257e76ca2,17,0
support-final-f9d9782fc72844a257e76ca2,18,0
support-final-f9d9782fc72844a257e76ca2,19,0
support-final-f9d9782fc72844a257e76ca2,20,0
support-final-f9d9782fc72844a257e76ca2,21,0
support-final-f9d9782fc72844a257e76ca2,22,0
support-final-f9d9782fc72844a257e76ca2,23,0
support-final-f9d9782fc72844a257e76ca2,24,0
support-final-f9d9782fc72844a257e76ca2,25,0
support-final-f9d9782fc72844a257e76ca2,26,0
support-final-f9d9782fc72844a257e76ca2,27,0
support-final-f9d9782fc72844a257e76ca2,28,0
support-final-f9d9782fc72844a257e76ca2,29,0
support-final-f9d9782fc72844a257e76ca2,30,0
support-final-f9d9782fc72844a257e76ca2,31,0
support-final-f9d9782fc72844a257e76ca2,32,0
support-final-f9d9782fc72844a257e76ca2,33,0
support-final-f9d9782fc72844a257e76ca2,34,0
support-final-f9d9782fc72844a257e76ca2,35,0
support-final-f9d9782fc72844a257e76ca2,36,0
support-final-f9d9782fc72844a257e76ca2,37,0
support-final-f9d9782fc72844a257e76ca2,38,0
support-final-f9d9782fc72844a257e76ca2,39,0
support-final-f9d9782fc72844a257e76ca2,40,0
support-final-f9d9782fc72844a257e76ca2,41,0
support-final-f9d9782fc72844a257e76ca2,42,0
support-final-f9d9782fc72844a257e76ca2,43,0
support-final-f9d9782fc72844a257e76ca2,44,0
support-final-f9d9782fc72844a257e76ca2,45,0
support-final-f9d9782fc72844a257e76ca2,46,0
support-final-f9d9782fc72844a257e76ca2,47,0
support-final-f9d9782fc72844a257e76ca2,48,0
support-final-f9d9782fc72844a257e76ca2,49,0
support-final-f9d9782fc72844a257e76ca2,50,0
support-final-58ff1df092f23eda9a198af9,0,0
support-final-58ff1df092f23eda9a198af9,1,0
support-final-58ff1df092f23eda9a198af9,2,0
support-final-58ff1df092f23eda9a198af9,3,0
support-final-58ff1df092f23eda9a198af9,4,0
support-final-58ff1df092f23eda9a198af9,5,0
support-final-58ff1df092f23eda9a198af9,6,0
support-final-58ff1df092f23eda9a198af9,7,0
support-final-58ff1df092f23eda9a198af9,8,0
support-final-58ff1df092f23eda9a198af9,9,1
support-final-58ff1df092f23eda9a198af9,10,2
support-final-58ff1df092f23eda9a198af9,11,2
support-final-58ff1df092f23eda9a198af9,12,2
support-final-58ff1df092f23eda9a198af9,13,2
support-final-58ff1df092f23eda9a198af9,14,2
support-final-58ff1df092f23eda9a198af9,15,2
support-final-58ff1df092f23eda9a198af9,16,3
support-final-58ff1df092f23eda9a198af9,17,3
support-final-58ff1df092f23eda9a198af9,18,4
support-final-58ff1df092f23eda9a198af9,19,5
support-final-58ff1df092f23eda9a198af9,20,5
support-final-58ff1df092f23eda9a198af9,21,6
support-final-58ff1df092f23eda9a198af9,22,6
support-final-58ff1df092f23eda9a198af9,23,7
support-final-58ff1df092f23eda9a198af9,24,8
support-final-58ff1df092f23eda9a198af9,25,9
support-final-58ff1df092f23eda9a198af9,26,10
support-final-58ff1df092f23eda9a198af9,27,11
support-final-58ff1df092f23eda9a198af9,28,11
support-final-58ff1df092f23eda9a198af9,29,11
support-final-58ff1df092f23eda9a198af9,30,11
support-final-58ff1df092f23eda9a198af9,31,11
support-final-58ff1df092f23eda9a198af9,32,12
support-final-58ff1df092f23eda9a198af9,33,13
support-final-58ff1df092f23eda9a198af9,34,14
support-final-58ff1df092f23eda9a198af9,35,15
support-final-58ff1df092f23eda9a198af9,36,16
support-final-58ff1df092f23eda9a198af9,37,16
support-final-58ff1df092f23eda9a198af9,38,16
support-final-58ff1df092f23eda9a198af9,39,17
support-final-58ff1df092f23eda9a198af9,40,17
support-final-58ff1df092f23eda9a198af9,41,17
support-final-58ff1df092f23eda9a198af9,42,18
support-final-58ff1df092f23eda9a198af9,43,18
support-final-58ff1df092f23eda9a198af9,44,18
support-final-58ff1df092f23eda9a198af9,45,19
support-final-58ff1df092f23eda9a198af9,46,19
support-final-58ff1df092f23eda9a198af9,47,19
support-final-58ff1df092f23eda9a198af9,48,20
support-final-58ff1df092f23eda9a198af9,49,20
support-final-58ff1df092f23eda9a198af9,50,21
support-final-3367d65a0a0d30e1fa7fd4a9,0,0
support-final-3367d65a0a0d30e1fa7fd4a9,1,0
support-final-3367d65a0a0d30e1fa7fd4a9,2,0
support-final-3367d65a0a0d30e1fa7fd4a9,3,0
support-final-3367d65a0a0d30e1fa7fd4a9,4,0
support-final-3367d65a0a0d30e1fa7fd4a9,5,0
support-final-3367d65a0a0d30e1fa7fd4a9,6,0
support-final-3367d65a0a0d30e1fa7fd4a9,7,0
support-final-3367d65a0a0d30e1fa7fd4a9,8,0
support-final-3367d65a0a0d30e1fa7fd4a9,9,0
support-final-3367d65a0a0d30e1fa7fd4a9,10,0
support-final-3367d65a0a0d30e1fa7fd4a9,11,1
support-final-3367d65a0a0d30e1fa7fd4a9,12,1
support-final-3367d65a0a0d30e1fa7fd4a9,13,2
support-final-3367d65a0a0d30e1fa7fd4a9,14,2
support-final-3367d65a0a0d30e1fa7fd4a9,15,2
support-final-3367d65a0a0d30e1fa7fd4a9,16,2
support-final-3367d65a0a0d30e1fa7fd4a9,17,2
support-final-3367d65a0a0d30e1fa7fd4a9,18,3
support-final-3367d65a0a0d30e1fa7fd4a9,19,4
support-final-3367d65a0a0d30e1fa7fd4a9,20,4
support-final-3367d65a0a0d30e1fa7fd4a9,21,4
support-final-3367d65a0a0d30e1fa7fd4a9,22,4
support-final-3367d65a0a0d30e1fa7fd4a9,23,4
support-final-3367d65a0a0d30e1fa7fd4a9,24,4
support-final-3367d65a0a0d30e1fa7fd4a9,25,4
support-final-3367d65a0a0d30e1fa7fd4a9,26,4
support-final-3367d65a0a0d30e1fa7fd4a9,27,4
support-final-3367d65a0a0d30e1fa7fd4a9,28,4
support-final-3367d65a0a0d30e1fa7fd4a9,29,4
support-final-3367d65a0a0d30e1fa7fd4a9,30,5
support-final-3367d65a0a0d30e1fa7fd4a9,31,5
support-final-3367d65a0a0d30e1fa7fd4a9,32,5
support-final-3367d65a0a0d30e1fa7fd4a9,33,5
support-final-3367d65a0a0d30e1fa7fd4a9,34,5
support-final-3367d65a0a0d30e1fa7fd4a9,35,5
support-final-3367d65a0a0d30e1fa7fd4a9,36,6
support-final-3367d65a0a0d30e1fa7fd4a9,37,6
support-final-3367d65a0a0d30e1fa7fd4a9,38,6
support-final-3367d65a0a0d30e1fa7fd4a9,39,6
support-final-3367d65a0a0d30e1fa7fd4a9,40,7
support-final-3367d65a0a0d30e1fa7fd4a9,41,7
support-final-3367d65a0a0d30e1fa7fd4a9,42,7
support-final-3367d65a0a0d30e1fa7fd4a9,43,7
support-final-3367d65a0a0d30e1fa7fd4a9,44,7
support-final-3367d65a0a0d30e1fa7fd4a9,45,7
support-final-3367d65a0a0d30e1fa7fd4a9,46,7
support-final-3367d65a0a0d30e1fa7fd4a9,47,8
support-final-3367d65a0a0d30e1fa7fd4a9,48,9
support-final-3367d65a0a0d30e1fa7fd4a9,49,9
support-final-3367d65a0a0d30e1fa7fd4a9,50,9
support-final-c4a87524130172e8fdaac83a,0,0
support-final-c4a87524130172e8fdaac83a,1,0
support-final-c4a87524130172e8fdaac83a,2,0
support-final-c4a87524130172e8fdaac83a,3,0
support-final-c4a87524130172e8fdaac83a,4,0
support-final-c4a87524130172e8fdaac83a,5,0
support-final-c4a87524130172e8fdaac83a,6,0
support-final-c4a87524130172e8fdaac83a,7,0
support-final-c4a87524130172e8fdaac83a,8,0
support-final-c4a87524130172e8fdaac83a,9,0
support-final-c4a87524130172e8fdaac83a,10,1
support-final-c4a87524130172e8fdaac83a,11,2
support-final-c4a87524130172e8fdaac83a,12,2
support-final-c4a87524130172e8fdaac83a,13,2
support-final-c4a87524130172e8fdaac83a,14,2
support-final-c4a87524130172e8fdaac83a,15,3
support-final-c4a87524130172e8fdaac83a,16,3
support-final-c4a87524130172e8fdaac83a,17,3
support-final-c4a87524130172e8fdaac83a,18,3
support-final-c4a87524130172e8fdaac83a,19,3
support-final-c4a87524130172e8fdaac83a,20,3
support-final-c4a87524130172e8fdaac83a,21,3
support-final-c4a87524130172e8fdaac83a,22,3
support-final-c4a87524130172e8fdaac83a,23,4
support-final-c4a87524130172e8fdaac83a,24,4
support-final-c4a87524130172e8fdaac83a,25,4
support-final-c4a87524130172e8fdaac83a,26,4
support-final-c4a87524130172e8fdaac83a,27,4
support-final-c4a87524130172e8fdaac83a,28,4
support-final-c4a87524130172e8fdaac83a,29,5
support-final-c4a87524130172e8fdaac83a,30,5
support-final-c4a87524130172e8fdaac83a,31,5
support-final-c4a87524130172e8fdaac83a,32,5
support-final-c4a87524130172e8fdaac83a,33,5
support-final-c4a87524130172e8fdaac83a,34,5
support-final-c4a87524130172e8fdaac83a,35,5
support-final-c4a87524130172e8fdaac83a,36,6
support-final-c4a87524130172e8fdaac83a,37,6
support-final-c4a87524130172e8fdaac83a,38,6
support-final-c4a87524130172e8fdaac83a,39,6
support-final-c4a87524130172e8fdaac83a,40,6
support-final-c4a87524130172e8fdaac83a,41,6
support-final-c4a87524130172e8fdaac83a,42,6
support-final-c4a87524130172e8fdaac83a,43,6
support-final-c4a87524130172e8fdaac83a,44,6
support-final-c4a87524130172e8fdaac83a,45,6
support-final-c4a87524130172e8fdaac83a,46,6
support-final-c4a87524130172e8fdaac83a,47,6
support-final-c4a87524130172e8fdaac83a,48,7
support-final-c4a87524130172e8fdaac83a,49,7
support-final-c4a87524130172e8fdaac83a,50,8
support-final-9b4743b935071033306b5ef2,0,0
support-final-9b4743b935071033306b5ef2,1,0
support-final-9b4743b935071033306b5ef2,2,0
support-final-9b4743b935071033306b5ef2,3,0
support-final-9b4743b935071033306b5ef2,4,0
support-final-9b4743b935071033306b5ef2,5,0
support-final-9b4743b935071033306b5ef2,6,0
support-final-9b4743b935071033306b5ef2,7,0
support-final-9b4743b935071033306b5ef2,8,0
support-final-9b4743b935071033306b5ef2,9,0
support-final-9b4743b935071033306b5ef2,10,0
support-final-9b4743b935071033306b5ef2,11,0
support-final-9b4743b935071033306b5ef2,12,0
support-final-9b4743b935071033306b5ef2,13,0
support-final-9b4743b935071033306b5ef2,14,0
support-final-9b4743b935071033306b5ef2,15,0
support-final-9b4743b935071033306b5ef2,16,0
support-final-9b4743b935071033306b5ef2,17,0
support-final-9b4743b935071033306b5ef2,18,0
support-final-9b4743b935071033306b5ef2,19,0
support-final-9b4743b935071033306b5ef2,20,0
support-final-9b4743b935071033306b5ef2,21,0
support-final-9b4743b935071033306b5ef2,22,0
support-final-9b4743b935071033306b5ef2,23,0
support-final-9b4743b935071033306b5ef2,24,0
support-final-9b4743b935071033306b5ef2,25,0
support-final-9b4743b935071033306b5ef2,26,0
support-final-9b4743b935071033306b5ef2,27,0
support-final-9b4743b935071033306b5ef2,28,0
support-final-9b4743b935071033306b5ef2,29,0
support-final-9b4743b935071033306b5ef2,30,0
support-final-9b4743b935071033306b5ef2,31,0
support-final-9b4743b935071033306b5ef2,32,0
support-final-9b4743b935071033306b5ef2,33,0
support-final-9b4743b935071033306b5ef2,34,0
support-final-9b4743b935071033306b5ef2,35,0
support-final-9b4743b935071033306b5ef2,36,0
support-final-9b4743b935071033306b5ef2,37,0
support-final-9b4743b935071033306b5ef2,38,0
support-final-9b4743b935071033306b5ef2,39,0
support-final-9b4743b935071033306b5ef2,40,0
support-final-9b4743b935071033306b5ef2,41,0
support-final-9b4743b935071033306b5ef2,42,0
support-final-9b4743b935071033306b5ef2,43,0
support-final-9b4743b935071033306b5ef2,44,0
support-final-9b4743b935071033306b5ef2,45,0
support-final-9b4743b935071033306b5ef2,46,0
support-final-9b4743b935071033306b5ef2,47,0
support-final-9b4743b935071033306b5ef2,48,0
support-final-9b4743b935071033306b5ef2,49,0
support-final-9b4743b935071033306b5ef2,50,0
support-final-8fa0beeb7e3b185a8792cc7d,0,0
support-final-8fa0beeb7e3b185a8792cc7d,1,0
support-final-8fa0beeb7e3b185a8792cc7d,2,0
support-final-8fa0beeb7e3b185a8792cc7d,3,0
support-final-8fa0beeb7e3b185a8792cc7d,4,0
support-final-8fa0beeb7e3b185a8792cc7d,5,0
support-final-8fa0beeb7e3b185a8792cc7d,6,0
support-final-8fa0beeb7e3b185a8792cc7d,7,0
support-final-8fa0beeb7e3b185a8792cc7d,8,0
support-final-8fa0beeb7e3b185a8792cc7d,9,0
support-final-8fa0beeb7e3b185a8792cc7d,10,0
support-final-8fa0beeb7e3b185a8792cc7d,11,0
support-final-8fa0beeb7e3b185a8792cc7d,12,0
support-final-8fa0beeb7e3b185a8792cc7d,13,0
support-final-8fa0beeb7e3b185a8792cc7d,14,0
support-final-8fa0beeb7e3b185a8792cc7d,15,0
support-final-8fa0beeb7e3b185a8792cc7d,16,0
support-final-8fa0beeb7e3b185a8792cc7d,17,0
support-final-8fa0beeb7e3b185a8792cc7d,18,0
support-final-8fa0beeb7e3b185a8792cc7d,19,0
support-final-8fa0beeb7e3b185a8792cc7d,20,0
support-final-8fa0beeb7e3b185a8792cc7d,21,0
support-final-8fa0beeb7e3b185a8792cc7d,22,0
support-final-8fa0beeb7e3b185a8792cc7d,23,0
support-final-8fa0beeb7e3b185a8792cc7d,24,0
support-final-8fa0beeb7e3b185a8792cc7d,25,0
support-final-8fa0beeb7e3b185a8792cc7d,26,0
support-final-8fa0beeb7e3b185a8792cc7d,27,0
support-final-8fa0beeb7e3b185a8792cc7d,28,0
support-final-8fa0beeb7e3b185a8792cc7d,29,0
support-final-8fa0beeb7e3b185a8792cc7d,30,0
support-final-8fa0beeb7e3b185a8792cc7d,31,0
support-final-8fa0beeb7e3b185a8792cc7d,32,0
support-final-8fa0beeb7e3b185a8792cc7d,33,0
support-final-8fa0beeb7e3b185a8792cc7d,34,0
support-final-8fa0beeb7e3b185a8792cc7d,35,0
support-final-8fa0beeb7e3b185a8792cc7d,36,0
support-final-8fa0beeb7e3b185a8792cc7d,37,0
support-final-8fa0beeb7e3b185a8792cc7d,38,0
support-final-8fa0beeb7e3b185a8792cc7d,39,0
support-final-8fa0beeb7e3b185a8792cc7d,40,0
support-final-8fa0beeb7e3b185a8792cc7d,41,0
support-final-8fa0beeb7e3b185a8792cc7d,42,0
support-final-8fa0beeb7e3b185a8792cc7d,43,0
support-final-8fa0beeb7e3b185a8792cc7d,44,0
support-final-8fa0beeb7e3b185a8792cc7d,45,0
support-final-8fa0beeb7e3b185a8792cc7d,46,0
support-final-8fa0beeb7e3b185a8792cc7d,47,0
support-final-8fa0beeb7e3b185a8792cc7d,48,0
support-final-8fa0beeb7e3b185a8792cc7d,49,0
support-final-8fa0beeb7e3b185a8792cc7d,50,0
support-final-7a5d0de50c27c92df563cd85,0,0
support-final-7a5d0de50c27c92df563cd85,1,1
support-final-7a5d0de50c27c92df563cd85,2,1
support-final-7a5d0de50c27c92df563cd85,3,1
support-final-7a5d0de50c27c92df563cd85,4,1
support-final-7a5d0de50c27c92df563cd85,5,1
support-final-7a5d0de50c27c92df563cd85,6,1
support-final-7a5d0de50c27c92df563cd85,7,1
support-final-7a5d0de50c27c92df563cd85,8,1
support-final-7a5d0de50c27c92df563cd85,9,1
support-final-7a5d0de50c27c92df563cd85,10,1
support-final-7a5d0de50c27c92df563cd85,11,1
support-final-7a5d0de50c27c92df563cd85,12,1
support-final-7a5d0de50c27c92df563cd85,13,1
support-final-7a5d0de50c27c92df563cd85,14,1
support-final-7a5d0de50c27c92df563cd85,15,1
support-final-7a5d0de50c27c92df563cd85,16,1
support-final-7a5d0de50c27c92df563cd85,17,1
support-final-7a5d0de50c27c92df563cd85,18,1
support-final-7a5d0de50c27c92df563cd85,19,1
support-final-7a5d0de50c27c92df563cd85,20,2
support-final-7a5d0de50c27c92df563cd85,21,2
support-final-7a5d0de50c27c92df563cd85,22,2
support-final-7a5d0de50c27c92df563cd85,23,2
support-final-7a5d0de50c27c92df563cd85,24,2
support-final-7a5d0de50c27c92df563cd85,25,2
support-final-7a5d0de50c27c92df563cd85,26,2
support-final-7a5d0de50c27c92df563cd85,27,2
support-final-7a5d0de50c27c92df563cd85,28,2
support-final-7a5d0de50c27c92df563cd85,29,2
support-final-7a5d0de50c27c92df563cd85,30,2
support-final-7a5d0de50c27c92df563cd85,31,2
support-final-7a5d0de50c27c92df563cd85,32,2
support-final-7a5d0de50c27c92df563cd85,33,2
support-final-7a5d0de50c27c92df563cd85,34,2
support-final-7a5d0de50c27c92df563cd85,35,2
support-final-7a5d0de50c27c92df563cd85,36,2
support-final-7a5d0de50c27c92df563cd85,37,2
support-final-7a5d0de50c27c92df563cd85,38,2
support-final-7a5d0de50c27c92df563cd85,39,2
support-final-7a5d0de50c27c92df563cd85,40,2
support-final-7a5d0de50c27c92df563cd85,41,2
support-final-7a5d0de50c27c92df563cd85,42,3
support-final-7a5d0de50c27c92df563cd85,43,3
support-final-7a5d0de50c27c92df563cd85,44,3
support-final-7a5d0de50c27c92df563cd85,45,3
support-final-7a5d0de50c27c92df563cd85,46,3
support-final-7a5d0de50c27c92df563cd85,47,3
support-final-7a5d0de50c27c92df563cd85,48,3
support-final-7a5d0de50c27c92df563cd85,49,3
support-final-7a5d0de50c27c92df563cd85,50,3
support-final-33f870ae4800c41f96d95e25,0,0
support-final-33f870ae4800c41f96d95e25,1,0
support-final-33f870ae4800c41f96d95e25,2,0
support-final-33f870ae4800c41f96d95e25,3,0
support-final-33f870ae4800c41f96d95e25,4,0
support-final-33f870ae4800c41f96d95e25,5,0
support-final-33f870ae4800c41f96d95e25,6,0
support-final-33f870ae4800c41f96d95e25,7,0
support-final-33f870ae4800c41f96d95e25,8,0
support-final-33f870ae4800c41f96d95e25,9,0
support-final-33f870ae4800c41f96d95e25,10,0
support-final-33f870ae4800c41f96d95e25,11,0
support-final-33f870ae4800c41f96d95e25,12,0
support-final-33f870ae4800c41f96d95e25,13,0
support-final-33f870ae4800c41f96d95e25,14,0
support-final-33f870ae4800c41f96d95e25,15,0
support-final-33f870ae4800c41f96d95e25,16,0
support-final-33f870ae4800c41f96d95e25,17,0
support-final-33f870ae4800c41f96d95e25,18,0
support-final-33f870ae4800c41f96d95e25,19,0
support-final-33f870ae4800c41f96d95e25,20,0
support-final-33f870ae4800c41f96d95e25,21,0
support-final-33f870ae4800c41f96d95e25,22,0
support-final-33f870ae4800c41f96d95e25,23,0
support-final-33f870ae4800c41f96d95e25,24,0
support-final-33f870ae4800c41f96d95e25,25,0
support-final-33f870ae4800c41f96d95e25,26,0
support-final-33f870ae4800c41f96d95e25,27,0
support-final-33f870ae4800c41f96d95e25,28,0
support-final-33f870ae4800c41f96d95e25,29,0
support-final-33f870ae4800c41f96d95e25,30,0
support-final-33f870ae4800c41f96d95e25,31,0
support-final-33f870ae4800c41f96d95e25,32,0
support-final-33f870ae4800c41f96d95e25,33,0
support-final-33f870ae4800c41f96d95e25,34,0
support-final-33f870ae4800c41f96d95e25,35,0
support-final-33f870ae4800c41f96d95e25,36,0
support-final-33f870ae4800c41f96d95e25,37,0
support-final-33f870ae4800c41f96d95e25,38,0
support-final-33f870ae4800c41f96d95e25,39,0
support-final-33f870ae4800c41f96d95e25,40,0
support-final-33f870ae4800c41f96d95e25,41,0
support-final-33f870ae4800c41f96d95e25,42,0
support-final-33f870ae4800c41f96d95e25,43,0
support-final-33f870ae4800c41f96d95e25,44,0
support-final-33f870ae4800c41f96d95e25,45,0
support-final-33f870ae4800c41f96d95e25,46,0
support-final-33f870ae4800c41f96d95e25,47,0
support-final-33f870ae4800c41f96d95e25,48,0
support-final-33f870ae4800c41f96d95e25,49,0
support-final-33f870ae4800c41f96d95e25,50,0
support-final-ae4e5912d7ef6d21f78c081d,0,0
support-final-ae4e5912d7ef6d21f78c081d,1,1
support-final-ae4e5912d7ef6d21f78c081d,2,1
support-final-ae4e5912d7ef6d21f78c081d,3,1
support-final-ae4e5912d7ef6d21f78c081d,4,1
support-final-ae4e5912d7ef6d21f78c081d,5,1
support-final-ae4e5912d7ef6d21f78c081d,6,2
support-final-ae4e5912d7ef6d21f78c081d,7,3
support-final-ae4e5912d7ef6d21f78c081d,8,3
support-final-ae4e5912d7ef6d21f78c081d,9,3
support-final-ae4e5912d7ef6d21f78c081d,10,3
support-final-ae4e5912d7ef6d21f78c081d,11,3
support-final-ae4e5912d7ef6d21f78c081d,12,3
support-final-ae4e5912d7ef6d21f78c081d,13,3
support-final-ae4e5912d7ef6d21f78c081d,14,3
support-final-ae4e5912d7ef6d21f78c081d,15,3
support-final-ae4e5912d7ef6d21f78c081d,16,3
support-final-ae4e5912d7ef6d21f78c081d,17,3
support-final-ae4e5912d7ef6d21f78c081d,18,3
support-final-ae4e5912d7ef6d21f78c081d,19,3
support-final-ae4e5912d7ef6d21f78c081d,20,3
support-final-ae4e5912d7ef6d21f78c081d,21,3
support-final-ae4e5912d7ef6d21f78c081d,22,3
support-final-ae4e5912d7ef6d21f78c081d,23,3
support-final-ae4e5912d7ef6d21f78c081d,24,3
support-final-ae4e5912d7ef6d21f78c081d,25,3
support-final-ae4e5912d7ef6d21f78c081d,26,3
support-final-ae4e5912d7ef6d21f78c081d,27,3
support-final-ae4e5912d7ef6d21f78c081d,28,3
support-final-ae4e5912d7ef6d21f78c081d,29,3
support-final-ae4e5912d7ef6d21f78c081d,30,3
support-final-ae4e5912d7ef6d21f78c081d,31,3
support-final-ae4e5912d7ef6d21f78c081d,32,3
support-final-ae4e5912d7ef6d21f78c081d,33,3
support-final-ae4e5912d7ef6d21f78c081d,34,3
support-final-ae4e5912d7ef6d21f78c081d,35,3
support-final-ae4e5912d7ef6d21f78c081d,36,3
support-final-ae4e5912d7ef6d21f78c081d,37,3
support-final-ae4e5912d7ef6d21f78c081d,38,3
support-final-ae4e5912d7ef6d21f78c081d,39,3
support-final-ae4e5912d7ef6d21f78c081d,40,3
support-final-ae4e5912d7ef6d21f78c081d,41,3
support-final-ae4e5912d7ef6d21f78c081d,42,3
support-final-ae4e5912d7ef6d21f78c081d,43,3
support-final-ae4e5912d7ef6d21f78c081d,44,3
support-final-ae4e5912d7ef6d21f78c081d,45,3
support-final-ae4e5912d7ef6d21f78c081d,46,3
support-final-ae4e5912d7ef6d21f78c081d,47,3
support-final-ae4e5912d7ef6d21f78c081d,48,3
support-final-ae4e5912d7ef6d21f78c081d,49,3
support-final-ae4e5912d7ef6d21f78c081d,50,3
support-final-d4cbac9258b29f36d1bec892,0,0
support-final-d4cbac9258b29f36d1bec892,1,0
support-final-d4cbac9258b29f36d1bec892,2,0
support-final-d4cbac9258b29f36d1bec892,3,0
support-final-d4cbac9258b29f36d1bec892,4,0
support-final-d4cbac9258b29f36d1bec892,5,0
support-final-d4cbac9258b29f36d1bec892,6,0
support-final-d4cbac9258b29f36d1bec892,7,0
support-final-d4cbac9258b29f36d1bec892,8,0
support-final-d4cbac9258b29f36d1bec892,9,0
support-final-d4cbac9258b29f36d1bec892,10,0
support-final-d4cbac9258b29f36d1bec892,11,0
support-final-d4cbac9258b29f36d1bec892,12,0
support-final-d4cbac9258b29f36d1bec892,13,0
support-final-d4cbac9258b29f36d1bec892,14,0
support-final-d4cbac9258b29f36d1bec892,15,0
support-final-d4cbac9258b29f36d1bec892,16,0
support-final-d4cbac9258b29f36d1bec892,17,0
support-final-d4cbac9258b29f36d1bec892,18,0
support-final-d4cbac9258b29f36d1bec892,19,0
support-final-d4cbac9258b29f36d1bec892,20,0
support-final-d4cbac9258b29f36d1bec892,21,0
support-final-d4cbac9258b29f36d1bec892,22,0
support-final-d4cbac9258b29f36d1bec892,23,0
support-final-d4cbac9258b29f36d1bec892,24,0
support-final-d4cbac9258b29f36d1bec892,25,0
support-final-d4cbac9258b29f36d1bec892,26,0
support-final-d4cbac9258b29f36d1bec892,27,0
support-final-d4cbac9258b29f36d1bec892,28,0
support-final-d4cbac9258b29f36d1bec892,29,0
support-final-d4cbac9258b29f36d1bec892,30,0
support-final-d4cbac9258b29f36d1bec892,31,0
support-final-d4cbac9258b29f36d1bec892,32,0
support-final-d4cbac9258b29f36d1bec892,33,0
support-final-d4cbac9258b29f36d1bec892,34,0
support-final-d4cbac9258b29f36d1bec892,35,0
support-final-d4cbac9258b29f36d1bec892,36,0
support-final-d4cbac9258b29f36d1bec892,37,0
support-final-d4cbac9258b29f36d1bec892,38,0
support-final-d4cbac9258b29f36d1bec892,39,0
support-final-d4cbac9258b29f36d1bec892,40,0
support-final-d4cbac9258b29f36d1bec892,41,0
support-final-d4cbac9258b29f36d1bec892,42,0
support-final-d4cbac9258b29f36d1bec892,43,0
support-final-d4cbac9258b29f36d1bec892,44,0
support-final-d4cbac9258b29f36d1bec892,45,0
support-final-d4cbac9258b29f36d1bec892,46,0
support-final-d4cbac9258b29f36d1bec892,47,0
support-final-d4cbac9258b29f36d1bec892,48,0
support-final-d4cbac9258b29f36d1bec892,49,0
support-final-d4cbac9258b29f36d1bec892,50,0
support-final-85d457a0a90d8174444a5a1a,0,0
support-final-85d457a0a90d8174444a5a1a,1,0
support-final-85d457a0a90d8174444a5a1a,2,0
support-final-85d457a0a90d8174444a5a1a,3,0
support-final-85d457a0a90d8174444a5a1a,4,0
support-final-85d457a0a90d8174444a5a1a,5,0
support-final-85d457a0a90d8174444a5a1a,6,0
support-final-85d457a0a90d8174444a5a1a,7,0
support-final-85d457a0a90d8174444a5a1a,8,0
support-final-85d457a0a90d8174444a5a1a,9,0
support-final-85d457a0a90d8174444a5a1a,10,0
support-final-85d457a0a90d8174444a5a1a,11,0
support-final-85d457a0a90d8174444a5a1a,12,0
support-final-85d457a0a90d8174444a5a1a,13,0
support-final-85d457a0a90d8174444a5a1a,14,0
support-final-85d457a0a90d8174444a5a1a,15,0
support-final-85d457a0a90d8174444a5a1a,16,0
support-final-85d457a0a90d8174444a5a1a,17,0
support-final-85d457a0a90d8174444a5a1a,18,0
support-final-85d457a0a90d8174444a5a1a,19,0
support-final-85d457a0a90d8174444a5a1a,20,0
support-final-85d457a0a90d8174444a5a1a,21,0
support-final-85d457a0a90d8174444a5a1a,22,0
support-final-85d457a0a90d8174444a5a1a,23,0
support-final-85d457a0a90d8174444a5a1a,24,0
support-final-85d457a0a90d8174444a5a1a,25,0
support-final-85d457a0a90d8174444a5a1a,26,0
support-final-85d457a0a90d8174444a5a1a,27,0
support-final-85d457a0a90d8174444a5a1a,28,0
support-final-85d457a0a90d8174444a5a1a,29,0
support-final-85d457a0a90d8174444a5a1a,30,0
support-final-85d457a0a90d8174444a5a1a,31,0
support-final-85d457a0a90d8174444a5a1a,32,0
support-final-85d457a0a90d8174444a5a1a,33,0
support-final-85d457a0a90d8174444a5a1a,34,0
support-final-85d457a0a90d8174444a5a1a,35,0
support-final-85d457a0a90d8174444a5a1a,36,0
support-final-85d457a0a90d8174444a5a1a,37,0
support-final-85d457a0a90d8174444a5a1a,38,0
support-final-85d457a0a90d8174444a5a1a,39,0
support-final-85d457a0a90d8174444a5a1a,40,0
support-final-85d457a0a90d8174444a5a1a,41,0
support-final-85d457a0a90d8174444a5a1a,42,0
support-final-85d457a0a90d8174444a5a1a,43,0
support-final-85d457a0a90d8174444a5a1a,44,0
support-final-85d457a0a90d8174444a5a1a,45,0
support-final-85d457a0a90d8174444a5a1a,46,0
support-final-85d457a0a90d8174444a5a1a,47,0
support-final-85d457a0a90d8174444a5a1a,48,0
support-final-85d457a0a90d8174444a5a1a,49,0
support-final-85d457a0a90d8174444a5a1a,50,0
support-final-b577f51311d9371b5f8382f2,0,0
support-final-b577f51311d9371b5f8382f2,1,0
support-final-b577f51311d9371b5f8382f2,2,0
support-final-b577f51311d9371b5f8382f2,3,0
support-final-b577f51311d9371b5f8382f2,4,0
support-final-b577f51311d9371b5f8382f2,5,0
support-final-b577f51311d9371b5f8382f2,6,0
support-final-b577f51311d9371b5f8382f2,7,0
support-final-b577f51311d9371b5f8382f2,8,0
support-final-b577f51311d9371b5f8382f2,9,0
support-final-b577f51311d9371b5f8382f2,10,0
support-final-b577f51311d9371b5f8382f2,11,0
support-final-b577f51311d9371b5f8382f2,12,0
support-final-b577f51311d9371b5f8382f2,13,0
support-final-b577f51311d9371b5f8382f2,14,0
support-final-b577f51311d9371b5f8382f2,15,0
support-final-b577f51311d9371b5f8382f2,16,0
support-final-b577f51311d9371b5f8382f2,17,0
support-final-b577f51311d9371b5f8382f2,18,0
support-final-b577f51311d9371b5f8382f2,19,0
support-final-b577f51311d9371b5f8382f2,20,0
support-final-b577f51311d9371b5f8382f2,21,0
support-final-b577f51311d9371b5f8382f2,22,0
support-final-b577f51311d9371b5f8382f2,23,0
support-final-b577f51311d9371b5f8382f2,24,0
support-final-b577f51311d9371b5f8382f2,25,0
support-final-b577f51311d9371b5f8382f2,26,0
support-final-b577f51311d9371b5f8382f2,27,0
support-final-b577f51311d9371b5f8382f2,28,0
support-final-b577f51311d9371b5f8382f2,29,0
support-final-b577f51311d9371b5f8382f2,30,0
support-final-b577f51311d9371b5f8382f2,31,0
support-final-b577f51311d9371b5f8382f2,32,0
support-final-b577f51311d9371b5f8382f2,33,0
support-final-b577f51311d9371b5f8382f2,34,0
support-final-b577f51311d9371b5f8382f2,35,0
support-final-b577f51311d9371b5f8382f2,36,0
support-final-b577f51311d9371b5f8382f2,37,0
support-final-b577f51311d9371b5f8382f2,38,0
support-final-b577f51311d9371b5f8382f2,39,0
support-final-b577f51311d9371b5f8382f2,40,0
support-final-b577f51311d9371b5f8382f2,41,0
support-final-b577f51311d9371b5f8382f2,42,0
support-final-b577f51311d9371b5f8382f2,43,0
support-final-b577f51311d9371b5f8382f2,44,0
support-final-b577f51311d9371b5f8382f2,45,0
support-final-b577f51311d9371b5f8382f2,46,0
support-final-b577f51311d9371b5f8382f2,47,0
support-final-b577f51311d9371b5f8382f2,48,0
support-final-b577f51311d9371b5f8382f2,49,0
support-final-b577f51311d9371b5f8382f2,50,0
support-final-27a93604933f9623c4e40fd7,0,0
support-final-27a93604933f9623c4e40fd7,1,0
support-final-27a93604933f9623c4e40fd7,2,0
support-final-27a93604933f9623c4e40fd7,3,0
support-final-27a93604933f9623c4e40fd7,4,0
support-final-27a93604933f9623c4e40fd7,5,0
support-final-27a93604933f9623c4e40fd7,6,0
support-final-27a93604933f9623c4e40fd7,7,0
support-final-27a93604933f9623c4e40fd7,8,0
support-final-27a93604933f9623c4e40fd7,9,0
support-final-27a93604933f9623c4e40fd7,10,0
support-final-27a93604933f9623c4e40fd7,11,0
support-final-27a93604933f9623c4e40fd7,12,0
support-final-27a93604933f9623c4e40fd7,13,0
support-final-27a93604933f9623c4e40fd7,14,0
support-final-27a93604933f9623c4e40fd7,15,0
support-final-27a93604933f9623c4e40fd7,16,0
support-final-27a93604933f9623c4e40fd7,17,0
support-final-27a93604933f9623c4e40fd7,18,0
support-final-27a93604933f9623c4e40fd7,19,0
support-final-27a93604933f9623c4e40fd7,20,0
support-final-27a93604933f9623c4e40fd7,21,0
support-final-27a93604933f9623c4e40fd7,22,0
support-final-27a93604933f9623c4e40fd7,23,0
support-final-27a93604933f9623c4e40fd7,24,0
support-final-27a93604933f9623c4e40fd7,25,0
support-final-27a93604933f9623c4e40fd7,26,0
support-final-27a93604933f9623c4e40fd7,27,0
support-final-27a93604933f9623c4e40fd7,28,0
support-final-27a93604933f9623c4e40fd7,29,0
support-final-27a93604933f9623c4e40fd7,30,0
support-final-27a93604933f9623c4e40fd7,31,0
support-final-27a93604933f9623c4e40fd7,32,0
support-final-27a93604933f9623c4e40fd7,33,0
support-final-27a93604933f9623c4e40fd7,34,0
support-final-27a93604933f9623c4e40fd7,35,0
support-final-27a93604933f9623c4e40fd7,36,0
support-final-27a93604933f9623c4e40fd7,37,0
support-final-27a93604933f9623c4e40fd7,38,0
support-final-27a93604933f9623c4e40fd7,39,0
support-final-27a93604933f9623c4e40fd7,40,0
support-final-27a93604933f9623c4e40fd7,41,0
support-final-27a93604933f9623c4e40fd7,42,0
support-final-27a93604933f9623c4e40fd7,43,0
support-final-27a93604933f9623c4e40fd7,44,0
support-final-27a93604933f9623c4e40fd7,45,0
support-final-27a93604933f9623c4e40fd7,46,0
support-final-27a93604933f9623c4e40fd7,47,0
support-final-27a93604933f9623c4e40fd7,48,0
support-final-27a93604933f9623c4e40fd7,49,0
support-final-27a93604933f9623c4e40fd7,50,0
support-final-6c169bf3b5fdd25fe42cccd6,0,0
support-final-6c169bf3b5fdd25fe42cccd6,1,0
support-final-6c169bf3b5fdd25fe42cccd6,2,0
support-final-6c169bf3b5fdd25fe42cccd6,3,0
support-final-6c169bf3b5fdd25fe42cccd6,4,0
support-final-6c169bf3b5fdd25fe42cccd6,5,0
support-final-6c169bf3b5fdd25fe42cccd6,6,0
support-final-6c169bf3b5fdd25fe42cccd6,7,0
support-final-6c169bf3b5fdd25fe42cccd6,8,0
support-final-6c169bf3b5fdd25fe42cccd6,9,0
support-final-6c169bf3b5fdd25fe42cccd6,10,0
support-final-6c169bf3b5fdd25fe42cccd6,11,0
support-final-6c169bf3b5fdd25fe42cccd6,12,0
support-final-6c169bf3b5fdd25fe42cccd6,13,0
support-final-6c169bf3b5fdd25fe42cccd6,14,0
support-final-6c169bf3b5fdd25fe42cccd6,15,0
support-final-6c169bf3b5fdd25fe42cccd6,16,0
support-final-6c169bf3b5fdd25fe42cccd6,17,0
support-final-6c169bf3b5fdd25fe42cccd6,18,0
support-final-6c169bf3b5fdd25fe42cccd6,19,0
support-final-6c169bf3b5fdd25fe42cccd6,20,0
support-final-6c169bf3b5fdd25fe42cccd6,21,0
support-final-6c169bf3b5fdd25fe42cccd6,22,0
support-final-6c169bf3b5fdd25fe42cccd6,23,0
support-final-6c169bf3b5fdd25fe42cccd6,24,0
support-final-6c169bf3b5fdd25fe42cccd6,25,0
support-final-6c169bf3b5fdd25fe42cccd6,26,0
support-final-6c169bf3b5fdd25fe42cccd6,27,0
support-final-6c169bf3b5fdd25fe42cccd6,28,0
support-final-6c169bf3b5fdd25fe42cccd6,29,0
support-final-6c169bf3b5fdd25fe42cccd6,30,0
support-final-6c169bf3b5fdd25fe42cccd6,31,0
support-final-6c169bf3b5fdd25fe42cccd6,32,0
support-final-6c169bf3b5fdd25fe42cccd6,33,0
support-final-6c169bf3b5fdd25fe42cccd6,34,0
support-final-6c169bf3b5fdd25fe42cccd6,35,0
support-final-6c169bf3b5fdd25fe42cccd6,36,0
support-final-6c169bf3b5fdd25fe42cccd6,37,0
support-final-6c169bf3b5fdd25fe42cccd6,38,0
support-final-6c169bf3b5fdd25fe42cccd6,39,0
support-final-6c169bf3b5fdd25fe42cccd6,40,0
support-final-6c169bf3b5fdd25fe42cccd6,41,0
support-final-6c169bf3b5fdd25fe42cccd6,42,0
support-final-6c169bf3b5fdd25fe42cccd6,43,0
support-final-6c169bf3b5fdd25fe42cccd6,44,0
support-final-6c169bf3b5fdd25fe42cccd6,45,0
support-final-6c169bf3b5fdd25fe42cccd6,46,0
support-final-6c169bf3b5fdd25fe42cccd6,47,0
support-final-6c169bf3b5fdd25fe42cccd6,48,0
support-final-6c169bf3b5fdd25fe42cccd6,49,0
support-final-6c169bf3b5fdd25fe42cccd6,50,0
support-final-c542da8175e8f027b499b071,0,0
support-final-c542da8175e8f027b499b071,1,0
support-final-c542da8175e8f027b499b071,2,0
support-final-c542da8175e8f027b499b071,3,0
support-final-c542da8175e8f027b499b071,4,1
support-final-c542da8175e8f027b499b071,5,1
support-final-c542da8175e8f027b499b071,6,2
support-final-c542da8175e8f027b499b071,7,2
support-final-c542da8175e8f027b499b071,8,2
support-final-c542da8175e8f027b499b071,9,2
support-final-c542da8175e8f027b499b071,10,3
support-final-c542da8175e8f027b499b071,11,3
support-final-c542da8175e8f027b499b071,12,4
support-final-c542da8175e8f027b499b071,13,4
support-final-c542da8175e8f027b499b071,14,4
support-final-c542da8175e8f027b499b071,15,5
support-final-c542da8175e8f027b499b071,16,6
support-final-c542da8175e8f027b499b071,17,6
support-final-c542da8175e8f027b499b071,18,7
support-final-c542da8175e8f027b499b071,19,7
support-final-c542da8175e8f027b499b071,20,7
support-final-c542da8175e8f027b499b071,21,7
support-final-c542da8175e8f027b499b071,22,7
support-final-c542da8175e8f027b499b071,23,7
support-final-c542da8175e8f027b499b071,24,7
support-final-c542da8175e8f027b499b071,25,7
support-final-c542da8175e8f027b499b071,26,7
support-final-c542da8175e8f027b499b071,27,7
support-final-c542da8175e8f027b499b071,28,7
support-final-c542da8175e8f027b499b071,29,7
support-final-c542da8175e8f027b499b071,30,7
support-final-c542da8175e8f027b499b071,31,7
support-final-c542da8175e8f027b499b071,32,7
support-final-c542da8175e8f027b499b071,33,7
support-final-c542da8175e8f027b499b071,34,7
support-final-c542da8175e8f027b499b071,35,7
support-final-c542da8175e8f027b499b071,36,7
support-final-c542da8175e8f027b499b071,37,7
support-final-c542da8175e8f027b499b071,38,7
support-final-c542da8175e8f027b499b071,39,7
support-final-c542da8175e8f027b499b071,40,7
support-final-c542da8175e8f027b499b071,41,7
support-final-c542da8175e8f027b499b071,42,7
support-final-c542da8175e8f027b499b071,43,7
support-final-c542da8175e8f027b499b071,44,7
support-final-c542da8175e8f027b499b071,45,7
support-final-c542da8175e8f027b499b071,46,7
support-final-c542da8175e8f027b499b071,47,7
support-final-c542da8175e8f027b499b071,48,7
support-final-c542da8175e8f027b499b071,49,7
support-final-c542da8175e8f027b499b071,50,7
support-final-a424fc404bd8ca9c65da3162,0,0
support-final-a424fc404bd8ca9c65da3162,1,1
support-final-a424fc404bd8ca9c65da3162,2,1
support-final-a424fc404bd8ca9c65da3162,3,2
support-final-a424fc404bd8ca9c65da3162,4,2
support-final-a424fc404bd8ca9c65da3162,5,2
support-final-a424fc404bd8ca9c65da3162,6,2
support-final-a424fc404bd8ca9c65da3162,7,2
support-final-a424fc404bd8ca9c65da3162,8,2
support-final-a424fc404bd8ca9c65da3162,9,2
support-final-a424fc404bd8ca9c65da3162,10,3
support-final-a424fc404bd8ca9c65da3162,11,3
support-final-a424fc404bd8ca9c65da3162,12,3
support-final-a424fc404bd8ca9c65da3162,13,3
support-final-a424fc404bd8ca9c65da3162,14,3
support-final-a424fc404bd8ca9c65da3162,15,3
support-final-a424fc404bd8ca9c65da3162,16,4
support-final-a424fc404bd8ca9c65da3162,17,4
support-final-a424fc404bd8ca9c65da3162,18,4
support-final-a424fc404bd8ca9c65da3162,19,4
support-final-a424fc404bd8ca9c65da3162,20,5
support-final-a424fc404bd8ca9c65da3162,21,6
support-final-a424fc404bd8ca9c65da3162,22,6
support-final-a424fc404bd8ca9c65da3162,23,7
support-final-a424fc404bd8ca9c65da3162,24,8
support-final-a424fc404bd8ca9c65da3162,25,9
support-final-a424fc404bd8ca9c65da3162,26,9
support-final-a424fc404bd8ca9c65da3162,27,10
support-final-a424fc404bd8ca9c65da3162,28,11
support-final-a424fc404bd8ca9c65da3162,29,11
support-final-a424fc404bd8ca9c65da3162,30,11
support-final-a424fc404bd8ca9c65da3162,31,11
support-final-a424fc404bd8ca9c65da3162,32,12
support-final-a424fc404bd8ca9c65da3162,33,13
support-final-a424fc404bd8ca9c65da3162,34,14
support-final-a424fc404bd8ca9c65da3162,35,14
support-final-a424fc404bd8ca9c65da3162,36,14
support-final-a424fc404bd8ca9c65da3162,37,14
support-final-a424fc404bd8ca9c65da3162,38,15
support-final-a424fc404bd8ca9c65da3162,39,15
support-final-a424fc404bd8ca9c65da3162,40,15
support-final-a424fc404bd8ca9c65da3162,41,15
support-final-a424fc404bd8ca9c65da3162,42,15
support-final-a424fc404bd8ca9c65da3162,43,15
support-final-a424fc404bd8ca9c65da3162,44,15
support-final-a424fc404bd8ca9c65da3162,45,16
support-final-a424fc404bd8ca9c65da3162,46,16
support-final-a424fc404bd8ca9c65da3162,47,17
support-final-a424fc404bd8ca9c65da3162,48,17
support-final-a424fc404bd8ca9c65da3162,49,18
support-final-a424fc404bd8ca9c65da3162,50,18
support-final-e524cebf4c94e6ddaf4b2b7e,0,0
support-final-e524cebf4c94e6ddaf4b2b7e,1,0
support-final-e524cebf4c94e6ddaf4b2b7e,2,1
support-final-e524cebf4c94e6ddaf4b2b7e,3,1
support-final-e524cebf4c94e6ddaf4b2b7e,4,2
support-final-e524cebf4c94e6ddaf4b2b7e,5,2
support-final-e524cebf4c94e6ddaf4b2b7e,6,2
support-final-e524cebf4c94e6ddaf4b2b7e,7,2
support-final-e524cebf4c94e6ddaf4b2b7e,8,2
support-final-e524cebf4c94e6ddaf4b2b7e,9,2
support-final-e524cebf4c94e6ddaf4b2b7e,10,2
support-final-e524cebf4c94e6ddaf4b2b7e,11,2
support-final-e524cebf4c94e6ddaf4b2b7e,12,2
support-final-e524cebf4c94e6ddaf4b2b7e,13,2
support-final-e524cebf4c94e6ddaf4b2b7e,14,3
support-final-e524cebf4c94e6ddaf4b2b7e,15,3
support-final-e524cebf4c94e6ddaf4b2b7e,16,3
support-final-e524cebf4c94e6ddaf4b2b7e,17,3
support-final-e524cebf4c94e6ddaf4b2b7e,18,3
support-final-e524cebf4c94e6ddaf4b2b7e,19,3
support-final-e524cebf4c94e6ddaf4b2b7e,20,4
support-final-e524cebf4c94e6ddaf4b2b7e,21,4
support-final-e524cebf4c94e6ddaf4b2b7e,22,5
support-final-e524cebf4c94e6ddaf4b2b7e,23,5
support-final-e524cebf4c94e6ddaf4b2b7e,24,6
support-final-e524cebf4c94e6ddaf4b2b7e,25,6
support-final-e524cebf4c94e6ddaf4b2b7e,26,7
support-final-e524cebf4c94e6ddaf4b2b7e,27,8
support-final-e524cebf4c94e6ddaf4b2b7e,28,9
support-final-e524cebf4c94e6ddaf4b2b7e,29,10
support-final-e524cebf4c94e6ddaf4b2b7e,30,11
support-final-e524cebf4c94e6ddaf4b2b7e,31,12
support-final-e524cebf4c94e6ddaf4b2b7e,32,13
support-final-e524cebf4c94e6ddaf4b2b7e,33,14
support-final-e524cebf4c94e6ddaf4b2b7e,34,14
support-final-e524cebf4c94e6ddaf4b2b7e,35,14
support-final-e524cebf4c94e6ddaf4b2b7e,36,14
support-final-e524cebf4c94e6ddaf4b2b7e,37,14
support-final-e524cebf4c94e6ddaf4b2b7e,38,14
support-final-e524cebf4c94e6ddaf4b2b7e,39,14
support-final-e524cebf4c94e6ddaf4b2b7e,40,14
support-final-e524cebf4c94e6ddaf4b2b7e,41,14
support-final-e524cebf4c94e6ddaf4b2b7e,42,14
support-final-e524cebf4c94e6ddaf4b2b7e,43,14
support-final-e524cebf4c94e6ddaf4b2b7e,44,14
support-final-e524cebf4c94e6ddaf4b2b7e,45,14
support-final-e524cebf4c94e6ddaf4b2b7e,46,14
support-final-e524cebf4c94e6ddaf4b2b7e,47,14
support-final-e524cebf4c94e6ddaf4b2b7e,48,14
support-final-e524cebf4c94e6ddaf4b2b7e,49,14
support-final-e524cebf4c94e6ddaf4b2b7e,50,14
support-final-6bb79a4e1f357f3d9bb8d1dd,0,0
support-final-6bb79a4e1f357f3d9bb8d1dd,1,0
support-final-6bb79a4e1f357f3d9bb8d1dd,2,0
support-final-6bb79a4e1f357f3d9bb8d1dd,3,0
support-final-6bb79a4e1f357f3d9bb8d1dd,4,0
support-final-6bb79a4e1f357f3d9bb8d1dd,5,0
support-final-6bb79a4e1f357f3d9bb8d1dd,6,0
support-final-6bb79a4e1f357f3d9bb8d1dd,7,0
support-final-6bb79a4e1f357f3d9bb8d1dd,8,0
support-final-6bb79a4e1f357f3d9bb8d1dd,9,0
support-final-6bb79a4e1f357f3d9bb8d1dd,10,0
support-final-6bb79a4e1f357f3d9bb8d1dd,11,0
support-final-6bb79a4e1f357f3d9bb8d1dd,12,0
support-final-6bb79a4e1f357f3d9bb8d1dd,13,0
support-final-6bb79a4e1f357f3d9bb8d1dd,14,0
support-final-6bb79a4e1f357f3d9bb8d1dd,15,0
support-final-6bb79a4e1f357f3d9bb8d1dd,16,0
support-final-6bb79a4e1f357f3d9bb8d1dd,17,0
support-final-6bb79a4e1f357f3d9bb8d1dd,18,0
support-final-6bb79a4e1f357f3d9bb8d1dd,19,0
support-final-6bb79a4e1f357f3d9bb8d1dd,20,0
support-final-6bb79a4e1f357f3d9bb8d1dd,21,0
support-final-6bb79a4e1f357f3d9bb8d1dd,22,0
support-final-6bb79a4e1f357f3d9bb8d1dd,23,0
support-final-6bb79a4e1f357f3d9bb8d1dd,24,0
support-final-6bb79a4e1f357f3d9bb8d1dd,25,0
support-final-6bb79a4e1f357f3d9bb8d1dd,26,0
support-final-6bb79a4e1f357f3d9bb8d1dd,27,0
support-final-6bb79a4e1f357f3d9bb8d1dd,28,0
support-final-6bb79a4e1f357f3d9bb8d1dd,29,0
support-final-6bb79a4e1f357f3d9bb8d1dd,30,0
support-final-6bb79a4e1f357f3d9bb8d1dd,31,0
support-final-6bb79a4e1f357f3d9bb8d1dd,32,0
support-final-6bb79a4e1f357f3d9bb8d1dd,33,0
support-final-6bb79a4e1f357f3d9bb8d1dd,34,0
support-final-6bb79a4e1f357f3d9bb8d1dd,35,0
support-final-6bb79a4e1f357f3d9bb8d1dd,36,0
support-final-6bb79a4e1f357f3d9bb8d1dd,37,0
support-final-6bb79a4e1f357f3d9bb8d1dd,38,0
support-final-6bb79a4e1f357f3d9bb8d1dd,39,0
support-final-6bb79a4e1f357f3d9bb8d1dd,40,0
support-final-6bb79a4e1f357f3d9bb8d1dd,41,0
support-final-6bb79a4e1f357f3d9bb8d1dd,42,0
support-final-6bb79a4e1f357f3d9bb8d1dd,43,0
support-final-6bb79a4e1f357f3d9bb8d1dd,44,0
support-final-6bb79a4e1f357f3d9bb8d1dd,45,0
support-final-6bb79a4e1f357f3d9bb8d1dd,46,0
support-final-6bb79a4e1f357f3d9bb8d1dd,47,0
support-final-6bb79a4e1f357f3d9bb8d1dd,48,0
support-final-6bb79a4e1f357f3d9bb8d1dd,49,0
support-final-6bb79a4e1f357f3d9bb8d1dd,50,0
